[OHLCV] 배치 다운로드 1/4 (150개 종목, period=5y)...
[OHLCV] 배치 다운로드 2/4 (150개 종목, period=5y)...
[OHLCV] 배치 다운로드 3/4 (150개 종목, period=5y)...
[OHLCV] 배치 다운로드 4/4 (68개 종목, period=5y)...
[DataValidator] 14건의 데이터 품질 경고 발생
Warning:  CTRA: Close NaN 비율 100.0% (기준: 30%)
Warning:  GEV: Close NaN 비율 52.0% (기준: 30%)
Warning:  HOLX: Close NaN 비율 100.0% (기준: 30%)
Warning:  SOLV: Close NaN 비율 51.9% (기준: 30%)
Warning:  DAY: Close NaN 비율 100.0% (기준: 30%)
Warning:  MNST: 비정상 가격 변동 95.6% (2026-07-23) — 스플릿/데이터 오류 가능
Warning:  PDD: 비정상 가격 변동 56.1% (2022-03-16) — 스플릿/데이터 오류 가능
Warning:  VLTO: Close NaN 비율 42.4% (기준: 30%)
Warning:  BK: Close NaN 비율 100.0% (기준: 30%)
Warning:  EA: Close NaN 비율 99.5% (기준: 30%)
Warning:  GL: 비정상 가격 변동 53.1% (2024-04-11) — 스플릿/데이터 오류 가능
Warning:  KVUE: Close NaN 비율 34.0% (기준: 30%)
Warning:  MRNA: 비정상 가격 변동 177.0% (2026-08-19) — 스플릿/데이터 오류 가능
Warning:  AVB: 거래량 0 연속 5일 (기준: 5일) — 상장폐지/거래정지 가능
[[SP500 분석]] 강한 섹터: {'Energy', 'Materials', 'Consumer Discretionary', 'Health Care', 'Information Technology', 'Communication Services'}
[DataValidator] 1건의 데이터 품질 경고 발생
Warning:  MRNA: 비정상 가격 변동 177.0% (2026-08-19) — 스플릿/데이터 오류 가능
[[SP500 분석]] Extreme model 'label_low' walk-forward ROC 0.65, AP 0.41
[[SP500 분석]] Extreme model 'label_high' walk-forward ROC 0.61, AP 0.32
[[SP500 분석]] Google Sheets 업데이트 완료
[Email] 바닥반등 14개 + 모멘텀 71개 = 총 85개 종목 리스트를 chunghwan14@gmail.com, roykim0311@gmail.com, ssamjungtan@naver.com로 발송 완료
[[SP500 분석]] Signals 결과 기반 차트분석 종목 리스트 생성 중...
[Dynamic Portfolio] 생성된 차트분석 종목 리스트(88개): ['NBM.V', 'ARWR', 'CVS', 'WYFI', 'SYK', 'SPY', 'PFE', 'UNP', 'MRVL', 'HOOD', 'MA', 'LLY', 'MCK', 'FTNT', 'NEM', 'SCHW', 'DE', 'APH', 'UBER', 'MSFT', 'DHR', 'MRNA', 'SBUX', 'JPM', 'AVGO', 'ABT', 'ETN', 'RTX', 'MRK', 'DDOG', 'CSCO', 'LRCX', 'V', 'BMY', 'PANW', 'WFC', 'GE', 'COF', 'AMZN', 'PLTR', 'KO', 'TER', 'MS', 'AXP', 'IWM', 'GS', 'BKNG', 'NEE', 'DIS', 'AMD', 'C', 'STX', 'CVX', 'ON', 'CDNS', 'BAC', 'MPC', 'WDAY', 'ASML', 'ANET', 'TMO', 'JNJ', 'ABBV', 'FCX', 'VLO', 'VZ', 'TEAM', 'AAPL', 'PM', 'NVDA', 'QQQ', 'COP', 'UNH', 'GILD', 'XOM', 'SMCI', 'BRK-B', 'AMGN', 'HD', 'CRWD', 'DASH', 'PG', 'ABNB', 'MU', 'DELL', 'MELI', 'META', 'HPE']
[[SP500 차트분석]] [SP500 분석] 결과 기반 [SP500 차트분석] 시트 생성 중 (88개 종목)...
[[SP500 차트분석]] [SP500 분석]에 없는 종목은 별도 분석: ['NBM.V', 'ARWR', 'WYFI']
[DataValidator] 2건의 데이터 품질 경고 발생
Warning:  NBM.V: 비정상 가격 변동 56.3% (2024-09-25) — 스플릿/데이터 오류 가능
Warning:  WYFI: Close NaN 비율 79.6% (기준: 30%)
[[SP500 차트분석]] 강한 섹터: {'Energy', 'Materials', 'Consumer Discretionary', 'Health Care', 'Information Technology', 'Communication Services'}
[[SP500 차트분석]] Extreme model 'global' skipped: insufficient_tickers
[[SP500 차트분석]] 기존 차트 파일 삭제 중...
[[SP500 차트분석]] 차트 저장 디렉토리 준비 완료: charts/screenshots
[[SP500 차트분석]] TradingView 차트 캡처 시작...
[[SP500 차트분석]] 88개 종목 차트 캡처 중...
[TradingView] COP 브라우저 세션 시작  (로그인 세션)...
[TradingView] 1H 캡처 완료 (60)
[TradingView] 4H 캡처 완료 (240)
[TradingView] Daily 캡처 완료 (D)
[TradingView] Weekly 캡처 완료 (W)
[TradingView] Monthly 캡처 완료 (M)
[[SP500 차트분석]] COP 차트 5개 처리 완료
[TradingView] BAC 브라우저 세션 시작  (로그인 세션)...
[TradingView] 1H 캡처 완료 (60)
[TradingView] 4H 캡처 완료 (240)
[TradingView] Daily 캡처 완료 (D)
[TradingView] Weekly 캡처 완료 (W)
[TradingView] Monthly 캡처 완료 (M)
[[SP500 차트분석]] BAC 차트 5개 처리 완료
[TradingView] FTNT 브라우저 세션 시작  (로그인 세션)...
[TradingView] 1H 캡처 완료 (60)
[TradingView] 4H 캡처 완료 (240)
[TradingView] Daily 캡처 완료 (D)
[TradingView] Weekly 캡처 완료 (W)
[TradingView] Monthly 캡처 완료 (M)
[[SP500 차트분석]] FTNT 차트 5개 처리 완료
[TradingView] CRWD 브라우저 세션 시작  (로그인 세션)...
[TradingView] 1H 캡처 완료 (60)
[TradingView] 4H 캡처 완료 (240)
[TradingView] Daily 캡처 완료 (D)
[TradingView] Weekly 캡처 완료 (W)
[TradingView] Monthly 캡처 완료 (M)
[[SP500 차트분석]] CRWD 차트 5개 처리 완료
[TradingView] RTX 브라우저 세션 시작  (로그인 세션)...
[TradingView] 1H 캡처 완료 (60)
[TradingView] 4H 캡처 완료 (240)
[TradingView] Daily 캡처 완료 (D)
[TradingView] Weekly 캡처 완료 (W)
[TradingView] Monthly 캡처 완료 (M)
[[SP500 차트분석]] RTX 차트 5개 처리 완료
[TradingView] CVX 브라우저 세션 시작  (로그인 세션)...
[TradingView] 1H 캡처 완료 (60)
[TradingView] 4H 캡처 완료 (240)
[TradingView] Daily 캡처 완료 (D)
[TradingView] Weekly 캡처 완료 (W)
[TradingView] Monthly 캡처 완료 (M)
[[SP500 차트분석]] CVX 차트 5개 처리 완료
[TradingView] MPC 브라우저 세션 시작  (로그인 세션)...
[TradingView] 1H 캡처 완료 (60)
[TradingView] 4H 캡처 완료 (240)
[TradingView] Daily 캡처 완료 (D)
[TradingView] Weekly 캡처 완료 (W)
[TradingView] Monthly 캡처 완료 (M)
[[SP500 차트분석]] MPC 차트 5개 처리 완료
[TradingView] VLO 브라우저 세션 시작  (로그인 세션)...
[TradingView] 1H 캡처 완료 (60)
[TradingView] 4H 캡처 완료 (240)
[TradingView] Daily 캡처 완료 (D)
[TradingView] Weekly 캡처 완료 (W)
[TradingView] Monthly 캡처 완료 (M)
[[SP500 차트분석]] VLO 차트 5개 처리 완료
[TradingView] XOM 브라우저 세션 시작  (로그인 세션)...
[TradingView] 1H 캡처 완료 (60)
[TradingView] 4H 캡처 완료 (240)
[TradingView] Daily 캡처 완료 (D)
[TradingView] Weekly 캡처 완료 (W)
[TradingView] Monthly 캡처 완료 (M)
[[SP500 차트분석]] XOM 차트 5개 처리 완료
[TradingView] DASH 브라우저 세션 시작  (로그인 세션)...
[TradingView] 1H 캡처 완료 (60)
[TradingView] 4H 캡처 완료 (240)
[TradingView] Daily 캡처 완료 (D)
[TradingView] Weekly 캡처 완료 (W)
[TradingView] Monthly 캡처 완료 (M)
[[SP500 차트분석]] DASH 차트 5개 처리 완료
[TradingView] JPM 브라우저 세션 시작  (로그인 세션)...
[TradingView] 1H 캡처 완료 (60)
[TradingView] 4H 캡처 완료 (240)
[TradingView] Daily 캡처 완료 (D)
[TradingView] Weekly 캡처 완료 (W)
[TradingView] Monthly 캡처 완료 (M)
[[SP500 차트분석]] JPM 차트 5개 처리 완료
[TradingView] C 브라우저 세션 시작  (로그인 세션)...
[TradingView] 1H 캡처 완료 (60)
[TradingView] 4H 캡처 완료 (240)
[TradingView] Daily 캡처 완료 (D)
[TradingView] Weekly 캡처 완료 (W)
[TradingView] Monthly 캡처 완료 (M)
[[SP500 차트분석]] C 차트 5개 처리 완료
[TradingView] AMZN 브라우저 세션 시작  (로그인 세션)...
[TradingView] 1H 캡처 완료 (60)
[TradingView] 4H 캡처 완료 (240)
[TradingView] Daily 캡처 완료 (D)
[TradingView] Weekly 캡처 완료 (W)
[TradingView] Monthly 캡처 완료 (M)
[[SP500 차트분석]] AMZN 차트 5개 처리 완료
[TradingView] WDAY 브라우저 세션 시작  (로그인 세션)...
[TradingView] 1H 캡처 완료 (60)
[TradingView] 4H 캡처 완료 (240)
[TradingView] Daily 캡처 완료 (D)
[TradingView] Weekly 캡처 완료 (W)
[TradingView] Monthly 캡처 완료 (M)
[[SP500 차트분석]] WDAY 차트 5개 처리 완료
[TradingView] BKNG 브라우저 세션 시작  (로그인 세션)...
[TradingView] 1H 캡처 완료 (60)
[TradingView] 4H 캡처 완료 (240)
[TradingView] Daily 캡처 완료 (D)
[TradingView] Weekly 캡처 완료 (W)
[TradingView] Monthly 캡처 완료 (M)
[[SP500 차트분석]] BKNG 차트 5개 처리 완료
[TradingView] ETN 브라우저 세션 시작  (로그인 세션)...
[TradingView] 1H 캡처 완료 (60)
[TradingView] 4H 캡처 완료 (240)
[TradingView] Daily 캡처 완료 (D)
[TradingView] Weekly 캡처 완료 (W)
[TradingView] Monthly 캡처 완료 (M)
[[SP500 차트분석]] ETN 차트 5개 처리 완료
[TradingView] MA 브라우저 세션 시작  (로그인 세션)...
[TradingView] 1H 캡처 완료 (60)
[TradingView] 4H 캡처 완료 (240)
[TradingView] Daily 캡처 완료 (D)
[TradingView] Weekly 캡처 완료 (W)
[TradingView] Monthly 캡처 완료 (M)
[[SP500 차트분석]] MA 차트 5개 처리 완료
[TradingView] PLTR 브라우저 세션 시작  (로그인 세션)...
[TradingView] 1H 캡처 완료 (60)
[TradingView] 4H 캡처 완료 (240)
[TradingView] Daily 캡처 완료 (D)
[TradingView] Weekly 캡처 완료 (W)
[TradingView] Monthly 캡처 완료 (M)
[[SP500 차트분석]] PLTR 차트 5개 처리 완료
[TradingView] SCHW 브라우저 세션 시작  (로그인 세션)...
[TradingView] 1H 캡처 완료 (60)
[TradingView] 4H 캡처 완료 (240)
[TradingView] Daily 캡처 완료 (D)
[TradingView] Weekly 캡처 완료 (W)
[TradingView] Monthly 캡처 완료 (M)
[[SP500 차트분석]] SCHW 차트 5개 처리 완료
[TradingView] MSFT 브라우저 세션 시작  (로그인 세션)...
[TradingView] 1H 캡처 완료 (60)
[TradingView] 4H 캡처 완료 (240)
[TradingView] Daily 캡처 완료 (D)
[TradingView] Weekly 캡처 완료 (W)
[TradingView] Monthly 캡처 완료 (M)
[[SP500 차트분석]] MSFT 차트 5개 처리 완료
[TradingView] STX 브라우저 세션 시작  (로그인 세션)...
[TradingView] 1H 캡처 완료 (60)
[TradingView] 4H 캡처 완료 (240)
[TradingView] Daily 캡처 완료 (D)
[TradingView] Weekly 캡처 완료 (W)
[TradingView] Monthly 캡처 완료 (M)
[[SP500 차트분석]] STX 차트 5개 처리 완료
[TradingView] ABNB 브라우저 세션 시작  (로그인 세션)...
[TradingView] 1H 캡처 완료 (60)
[TradingView] 4H 캡처 완료 (240)
[TradingView] Daily 캡처 완료 (D)
[TradingView] Weekly 캡처 완료 (W)
[TradingView] Monthly 캡처 완료 (M)
[[SP500 차트분석]] ABNB 차트 5개 처리 완료
[TradingView] AMGN 브라우저 세션 시작  (로그인 세션)...
[TradingView] 1H 캡처 완료 (60)
[TradingView] 4H 캡처 완료 (240)
[TradingView] Daily 캡처 완료 (D)
[TradingView] Weekly 캡처 완료 (W)
[TradingView] Monthly 캡처 완료 (M)
[[SP500 차트분석]] AMGN 차트 5개 처리 완료
[TradingView] PFE 브라우저 세션 시작  (로그인 세션)...
[TradingView] 1H 캡처 완료 (60)
[TradingView] 4H 캡처 완료 (240)
[TradingView] Daily 캡처 완료 (D)
[TradingView] Weekly 캡처 완료 (W)
[TradingView] Monthly 캡처 완료 (M)
[[SP500 차트분석]] PFE 차트 5개 처리 완료
[TradingView] APH 브라우저 세션 시작  (로그인 세션)...
[TradingView] 1H 캡처 완료 (60)
[TradingView] 4H 캡처 완료 (240)
[TradingView] Daily 캡처 완료 (D)
[TradingView] Weekly 캡처 완료 (W)
[TradingView] Monthly 캡처 완료 (M)
[[SP500 차트분석]] APH 차트 5개 처리 완료
[TradingView] QQQ 브라우저 세션 시작  (로그인 세션)...
[TradingView] 1H 캡처 완료 (60)
[TradingView] 4H 캡처 완료 (240)
[TradingView] Daily 캡처 완료 (D)
[TradingView] Weekly 캡처 완료 (W)
[TradingView] Monthly 캡처 완료 (M)
[[SP500 차트분석]] QQQ 차트 5개 처리 완료
[TradingView] TER 브라우저 세션 시작  (로그인 세션)...
[TradingView] 1H 캡처 완료 (60)
[TradingView] 4H 캡처 완료 (240)
[TradingView] Daily 캡처 완료 (D)
[TradingView] Weekly 캡처 완료 (W)
[TradingView] Monthly 캡처 완료 (M)
[[SP500 차트분석]] TER 차트 5개 처리 완료
[TradingView] MRVL 브라우저 세션 시작  (로그인 세션)...
[TradingView] 1H 캡처 완료 (60)
[TradingView] 4H 캡처 완료 (240)
[TradingView] Daily 캡처 완료 (D)
[TradingView] Weekly 캡처 완료 (W)
[TradingView] Monthly 캡처 완료 (M)
[[SP500 차트분석]] MRVL 차트 5개 처리 완료
[TradingView] DE 브라우저 세션 시작  (로그인 세션)...
[TradingView] 1H 캡처 완료 (60)
[TradingView] 4H 캡처 완료 (240)
[TradingView] Daily 캡처 완료 (D)
[TradingView] Weekly 캡처 완료 (W)
[TradingView] Monthly 캡처 완료 (M)
[[SP500 차트분석]] DE 차트 5개 처리 완료
[TradingView] AXP 브라우저 세션 시작  (로그인 세션)...
[TradingView] AXP 1H 처리 중 에러: Page.goto: Timeout 30000ms exceeded.
Call log:
  - navigating to "https://www.tradingview.com/chart/gr1tsHcA/?symbol=AXP&interval=60&theme=light", waiting until "domcontentloaded"

[TradingView] 4H 캡처 완료 (240)
[TradingView] Daily 캡처 완료 (D)
[TradingView] Weekly 캡처 완료 (W)
[TradingView] Monthly 캡처 완료 (M)
[[SP500 차트분석]] AXP 차트 4개 처리 완료
[TradingView] SMCI 브라우저 세션 시작  (로그인 세션)...
[TradingView] 1H 캡처 완료 (60)
[TradingView] 4H 캡처 완료 (240)
[TradingView] Daily 캡처 완료 (D)
[TradingView] Weekly 캡처 완료 (W)
[TradingView] Monthly 캡처 완료 (M)
[[SP500 차트분석]] SMCI 차트 5개 처리 완료
[TradingView] ABBV 브라우저 세션 시작  (로그인 세션)...
[TradingView] 1H 캡처 완료 (60)
[TradingView] 4H 캡처 완료 (240)
[TradingView] Daily 캡처 완료 (D)
[TradingView] Weekly 캡처 완료 (W)
[TradingView] Monthly 캡처 완료 (M)
[[SP500 차트분석]] ABBV 차트 5개 처리 완료
[TradingView] ASML 브라우저 세션 시작  (로그인 세션)...
[TradingView] 1H 캡처 완료 (60)
[TradingView] 4H 캡처 완료 (240)
[TradingView] Daily 캡처 완료 (D)
[TradingView] Weekly 캡처 완료 (W)
[TradingView] Monthly 캡처 완료 (M)
[[SP500 차트분석]] ASML 차트 5개 처리 완료
[TradingView] JNJ 브라우저 세션 시작  (로그인 세션)...
[TradingView] 1H 캡처 완료 (60)
[TradingView] 4H 캡처 완료 (240)
[TradingView] Daily 캡처 완료 (D)
[TradingView] Weekly 캡처 완료 (W)
[TradingView] Monthly 캡처 완료 (M)
[[SP500 차트분석]] JNJ 차트 5개 처리 완료
[TradingView] LLY 브라우저 세션 시작  (로그인 세션)...
[TradingView] 1H 캡처 완료 (60)
[TradingView] 4H 캡처 완료 (240)
[TradingView] Daily 캡처 완료 (D)
[TradingView] Weekly 캡처 완료 (W)
[TradingView] Monthly 캡처 완료 (M)
[[SP500 차트분석]] LLY 차트 5개 처리 완료
[TradingView] MCK 브라우저 세션 시작  (로그인 세션)...
[TradingView] 1H 캡처 완료 (60)
[TradingView] 4H 캡처 완료 (240)
[TradingView] Daily 캡처 완료 (D)
[TradingView] Weekly 캡처 완료 (W)
[TradingView] Monthly 캡처 완료 (M)
[[SP500 차트분석]] MCK 차트 5개 처리 완료
[TradingView] MU 브라우저 세션 시작  (로그인 세션)...
[TradingView] 1H 캡처 완료 (60)
[TradingView] 4H 캡처 완료 (240)
[TradingView] Daily 캡처 완료 (D)
[TradingView] Weekly 캡처 완료 (W)
[TradingView] Monthly 캡처 완료 (M)
[[SP500 차트분석]] MU 차트 5개 처리 완료
[TradingView] PANW 브라우저 세션 시작  (로그인 세션)...
[TradingView] 1H 캡처 완료 (60)
[TradingView] 4H 캡처 완료 (240)
[TradingView] Daily 캡처 완료 (D)
[TradingView] Weekly 캡처 완료 (W)
[TradingView] Monthly 캡처 완료 (M)
[[SP500 차트분석]] PANW 차트 5개 처리 완료
[TradingView] BMY 브라우저 세션 시작  (로그인 세션)...
[TradingView] 1H 캡처 완료 (60)
[TradingView] 4H 캡처 완료 (240)
[TradingView] Daily 캡처 완료 (D)
[TradingView] Weekly 캡처 완료 (W)
[TradingView] Monthly 캡처 완료 (M)
[[SP500 차트분석]] BMY 차트 5개 처리 완료
[TradingView] FCX 브라우저 세션 시작  (로그인 세션)...
[TradingView] 1H 캡처 완료 (60)
[TradingView] 4H 캡처 완료 (240)
[TradingView] Daily 캡처 완료 (D)
[TradingView] Weekly 캡처 완료 (W)
[TradingView] Monthly 캡처 완료 (M)
[[SP500 차트분석]] FCX 차트 5개 처리 완료
[TradingView] GILD 브라우저 세션 시작  (로그인 세션)...
[TradingView] 1H 캡처 완료 (60)
[TradingView] 4H 캡처 완료 (240)
[TradingView] Daily 캡처 완료 (D)
[TradingView] Weekly 캡처 완료 (W)
[TradingView] Monthly 캡처 완료 (M)
[[SP500 차트분석]] GILD 차트 5개 처리 완료
[TradingView] KO 브라우저 세션 시작  (로그인 세션)...
[TradingView] 1H 캡처 완료 (60)
[TradingView] 4H 캡처 완료 (240)
[TradingView] Daily 캡처 완료 (D)
[TradingView] Weekly 캡처 완료 (W)
[TradingView] Monthly 캡처 완료 (M)
[[SP500 차트분석]] KO 차트 5개 처리 완료
[TradingView] TMO 브라우저 세션 시작  (로그인 세션)...
[TradingView] 1H 캡처 완료 (60)
[TradingView] 4H 캡처 완료 (240)
[TradingView] Daily 캡처 완료 (D)
[TradingView] Weekly 캡처 완료 (W)
[TradingView] Monthly 캡처 완료 (M)
[[SP500 차트분석]] TMO 차트 5개 처리 완료
[TradingView] MRNA 브라우저 세션 시작  (로그인 세션)...
[TradingView] 1H 캡처 완료 (60)
[TradingView] 4H 캡처 완료 (240)
[TradingView] Daily 캡처 완료 (D)
[TradingView] Weekly 캡처 완료 (W)
[TradingView] Monthly 캡처 완료 (M)
[[SP500 차트분석]] MRNA 차트 5개 처리 완료
[TradingView] SYK 브라우저 세션 시작  (로그인 세션)...
[TradingView] 1H 캡처 완료 (60)
[TradingView] 4H 캡처 완료 (240)
[TradingView] Daily 캡처 완료 (D)
[TradingView] Weekly 캡처 완료 (W)
[TradingView] Monthly 캡처 완료 (M)
[[SP500 차트분석]] SYK 차트 5개 처리 완료
[TradingView] DDOG 브라우저 세션 시작  (로그인 세션)...
[TradingView] 1H 캡처 완료 (60)
[TradingView] 4H 캡처 완료 (240)
[TradingView] Daily 캡처 완료 (D)
[TradingView] Weekly 캡처 완료 (W)
[TradingView] Monthly 캡처 완료 (M)
[[SP500 차트분석]] DDOG 차트 5개 처리 완료
[TradingView] GE 브라우저 세션 시작  (로그인 세션)...
[TradingView] 1H 캡처 완료 (60)
[TradingView] 4H 캡처 완료 (240)
[TradingView] Daily 캡처 완료 (D)
[TradingView] Weekly 캡처 완료 (W)
[TradingView] Monthly 캡처 완료 (M)
[[SP500 차트분석]] GE 차트 5개 처리 완료
[TradingView] BRK-B 브라우저 세션 시작  (로그인 세션)...
[TradingView] 1H 캡처 완료 (60)
[TradingView] 4H 캡처 완료 (240)
[TradingView] Daily 캡처 완료 (D)
[TradingView] Weekly 캡처 완료 (W)
[TradingView] Monthly 캡처 완료 (M)
[[SP500 차트분석]] BRK-B 차트 5개 처리 완료
[TradingView] PM 브라우저 세션 시작  (로그인 세션)...
[TradingView] 1H 캡처 완료 (60)
[TradingView] 4H 캡처 완료 (240)
[TradingView] Daily 캡처 완료 (D)
[TradingView] Weekly 캡처 완료 (W)
[TradingView] Monthly 캡처 완료 (M)
[[SP500 차트분석]] PM 차트 5개 처리 완료
[TradingView] TEAM 브라우저 세션 시작  (로그인 세션)...
[TradingView] 1H 캡처 완료 (60)
[TradingView] 4H 캡처 완료 (240)
[TradingView] Daily 캡처 완료 (D)
[TradingView] Weekly 캡처 완료 (W)
[TradingView] Monthly 캡처 완료 (M)
[[SP500 차트분석]] TEAM 차트 5개 처리 완료
[TradingView] WFC 브라우저 세션 시작  (로그인 세션)...
[TradingView] 1H 캡처 완료 (60)
[TradingView] 4H 캡처 완료 (240)
[TradingView] Daily 캡처 완료 (D)
[TradingView] Weekly 캡처 완료 (W)
[TradingView] Monthly 캡처 완료 (M)
[[SP500 차트분석]] WFC 차트 5개 처리 완료
[TradingView] HD 브라우저 세션 시작  (로그인 세션)...
[TradingView] 1H 캡처 완료 (60)
[TradingView] 4H 캡처 완료 (240)
[TradingView] Daily 캡처 완료 (D)
[TradingView] Weekly 캡처 완료 (W)
[TradingView] Monthly 캡처 완료 (M)
[[SP500 차트분석]] HD 차트 5개 처리 완료
[TradingView] IWM 브라우저 세션 시작  (로그인 세션)...
[TradingView] 1H 캡처 완료 (60)
[TradingView] 4H 캡처 완료 (240)
[TradingView] Daily 캡처 완료 (D)
[TradingView] Weekly 캡처 완료 (W)
[TradingView] Monthly 캡처 완료 (M)
[[SP500 차트분석]] IWM 차트 5개 처리 완료
[TradingView] AAPL 브라우저 세션 시작  (로그인 세션)...
[TradingView] 1H 캡처 완료 (60)
[TradingView] 4H 캡처 완료 (240)
[TradingView] Daily 캡처 완료 (D)
[TradingView] Weekly 캡처 완료 (W)
[TradingView] Monthly 캡처 완료 (M)
[[SP500 차트분석]] AAPL 차트 5개 처리 완료
[TradingView] NEM 브라우저 세션 시작  (로그인 세션)...
[TradingView] 1H 캡처 완료 (60)
[TradingView] 4H 캡처 완료 (240)
[TradingView] Daily 캡처 완료 (D)
[TradingView] Weekly 캡처 완료 (W)
[TradingView] Monthly 캡처 완료 (M)
[[SP500 차트분석]] NEM 차트 5개 처리 완료
[TradingView] DIS 브라우저 세션 시작  (로그인 세션)...
[TradingView] 1H 캡처 완료 (60)
[TradingView] 4H 캡처 완료 (240)
[TradingView] Daily 캡처 완료 (D)
[TradingView] Weekly 캡처 완료 (W)
[TradingView] Monthly 캡처 완료 (M)
[[SP500 차트분석]] DIS 차트 5개 처리 완료
[TradingView] MELI 브라우저 세션 시작  (로그인 세션)...
[TradingView] 1H 캡처 완료 (60)
[TradingView] 4H 캡처 완료 (240)
[TradingView] Daily 캡처 완료 (D)
[TradingView] Weekly 캡처 완료 (W)
[TradingView] Monthly 캡처 완료 (M)
[[SP500 차트분석]] MELI 차트 5개 처리 완료
[TradingView] CSCO 브라우저 세션 시작  (로그인 세션)...
[TradingView] 1H 캡처 완료 (60)
[TradingView] 4H 캡처 완료 (240)
[TradingView] Daily 캡처 완료 (D)
[TradingView] Weekly 캡처 완료 (W)
[TradingView] Monthly 캡처 완료 (M)
[[SP500 차트분석]] CSCO 차트 5개 처리 완료
[TradingView] HOOD 브라우저 세션 시작  (로그인 세션)...
[TradingView] 1H 캡처 완료 (60)
[TradingView] 4H 캡처 완료 (240)
[TradingView] Daily 캡처 완료 (D)
[TradingView] Weekly 캡처 완료 (W)
[TradingView] Monthly 캡처 완료 (M)
[[SP500 차트분석]] HOOD 차트 5개 처리 완료
[TradingView] ANET 브라우저 세션 시작  (로그인 세션)...
[TradingView] 1H 캡처 완료 (60)
[TradingView] 4H 캡처 완료 (240)
[TradingView] Daily 캡처 완료 (D)
[TradingView] Weekly 캡처 완료 (W)
[TradingView] Monthly 캡처 완료 (M)
[[SP500 차트분석]] ANET 차트 5개 처리 완료
[TradingView] COF 브라우저 세션 시작  (로그인 세션)...
[TradingView] 1H 캡처 완료 (60)
[TradingView] 4H 캡처 완료 (240)
[TradingView] Daily 캡처 완료 (D)
[TradingView] Weekly 캡처 완료 (W)
[TradingView] Monthly 캡처 완료 (M)
[[SP500 차트분석]] COF 차트 5개 처리 완료
[TradingView] DELL 브라우저 세션 시작  (로그인 세션)...
[TradingView] 1H 캡처 완료 (60)
[TradingView] 4H 캡처 완료 (240)
[TradingView] Daily 캡처 완료 (D)
[TradingView] Weekly 캡처 완료 (W)
[TradingView] Monthly 캡처 완료 (M)
[[SP500 차트분석]] DELL 차트 5개 처리 완료
[TradingView] HPE 브라우저 세션 시작  (로그인 세션)...
[TradingView] 1H 캡처 완료 (60)
[TradingView] 4H 캡처 완료 (240)
[TradingView] Daily 캡처 완료 (D)
[TradingView] Weekly 캡처 완료 (W)
[TradingView] Monthly 캡처 완료 (M)
[[SP500 차트분석]] HPE 차트 5개 처리 완료
[TradingView] UBER 브라우저 세션 시작  (로그인 세션)...
[TradingView] 1H 캡처 완료 (60)
[TradingView] 4H 캡처 완료 (240)
[TradingView] Daily 캡처 완료 (D)
[TradingView] Weekly 캡처 완료 (W)
[TradingView] Monthly 캡처 완료 (M)
[[SP500 차트분석]] UBER 차트 5개 처리 완료
[TradingView] AMD 브라우저 세션 시작  (로그인 세션)...
[TradingView] 1H 캡처 완료 (60)
[TradingView] 4H 캡처 완료 (240)
[TradingView] Daily 캡처 완료 (D)
[TradingView] Weekly 캡처 완료 (W)
[TradingView] Monthly 캡처 완료 (M)
[[SP500 차트분석]] AMD 차트 5개 처리 완료
[TradingView] SBUX 브라우저 세션 시작  (로그인 세션)...
[TradingView] 1H 캡처 완료 (60)
[TradingView] 4H 캡처 완료 (240)
[TradingView] Daily 캡처 완료 (D)
[TradingView] Weekly 캡처 완료 (W)
[TradingView] Monthly 캡처 완료 (M)
[[SP500 차트분석]] SBUX 차트 5개 처리 완료
[TradingView] UNP 브라우저 세션 시작  (로그인 세션)...
[TradingView] 1H 캡처 완료 (60)
[TradingView] 4H 캡처 완료 (240)
[TradingView] Daily 캡처 완료 (D)
[TradingView] Weekly 캡처 완료 (W)
[TradingView] Monthly 캡처 완료 (M)
[[SP500 차트분석]] UNP 차트 5개 처리 완료
[TradingView] UNH 브라우저 세션 시작  (로그인 세션)...
[TradingView] 1H 캡처 완료 (60)
[TradingView] 4H 캡처 완료 (240)
[TradingView] Daily 캡처 완료 (D)
[TradingView] Weekly 캡처 완료 (W)
[TradingView] Monthly 캡처 완료 (M)
[[SP500 차트분석]] UNH 차트 5개 처리 완료
[TradingView] GS 브라우저 세션 시작  (로그인 세션)...
[TradingView] 1H 캡처 완료 (60)
[TradingView] 4H 캡처 완료 (240)
[TradingView] Daily 캡처 완료 (D)
[TradingView] Weekly 캡처 완료 (W)
[TradingView] Monthly 캡처 완료 (M)
[[SP500 차트분석]] GS 차트 5개 처리 완료
[TradingView] CVS 브라우저 세션 시작  (로그인 세션)...
[TradingView] 1H 캡처 완료 (60)
[TradingView] 4H 캡처 완료 (240)
[TradingView] Daily 캡처 완료 (D)
[TradingView] Weekly 캡처 완료 (W)
[TradingView] Monthly 캡처 완료 (M)
[[SP500 차트분석]] CVS 차트 5개 처리 완료
[TradingView] SPY 브라우저 세션 시작  (로그인 세션)...
[TradingView] 1H 캡처 완료 (60)
[TradingView] 4H 캡처 완료 (240)
[TradingView] Daily 캡처 완료 (D)
[TradingView] Weekly 캡처 완료 (W)
[TradingView] Monthly 캡처 완료 (M)
[[SP500 차트분석]] SPY 차트 5개 처리 완료
[TradingView] VZ 브라우저 세션 시작  (로그인 세션)...
[TradingView] 1H 캡처 완료 (60)
[TradingView] 4H 캡처 완료 (240)
[TradingView] Daily 캡처 완료 (D)
[TradingView] Weekly 캡처 완료 (W)
[TradingView] Monthly 캡처 완료 (M)
[[SP500 차트분석]] VZ 차트 5개 처리 완료
[TradingView] ABT 브라우저 세션 시작  (로그인 세션)...
[TradingView] 1H 캡처 완료 (60)
[TradingView] 4H 캡처 완료 (240)
[TradingView] Daily 캡처 완료 (D)
[TradingView] Weekly 캡처 완료 (W)
[TradingView] Monthly 캡처 완료 (M)
[[SP500 차트분석]] ABT 차트 5개 처리 완료
[TradingView] MRK 브라우저 세션 시작  (로그인 세션)...
[TradingView] 1H 캡처 완료 (60)
[TradingView] 4H 캡처 완료 (240)
[TradingView] Daily 캡처 완료 (D)
[TradingView] Weekly 캡처 완료 (W)
[TradingView] Monthly 캡처 완료 (M)
[[SP500 차트분석]] MRK 차트 5개 처리 완료
[TradingView] PG 브라우저 세션 시작  (로그인 세션)...
[TradingView] 1H 캡처 완료 (60)
[TradingView] 4H 캡처 완료 (240)
[TradingView] Daily 캡처 완료 (D)
[TradingView] Weekly 캡처 완료 (W)
[TradingView] Monthly 캡처 완료 (M)
[[SP500 차트분석]] PG 차트 5개 처리 완료
[TradingView] MS 브라우저 세션 시작  (로그인 세션)...
[TradingView] 1H 캡처 완료 (60)
[TradingView] 4H 캡처 완료 (240)
[TradingView] Daily 캡처 완료 (D)
[TradingView] Weekly 캡처 완료 (W)
[TradingView] Monthly 캡처 완료 (M)
[[SP500 차트분석]] MS 차트 5개 처리 완료
[TradingView] NVDA 브라우저 세션 시작  (로그인 세션)...
[TradingView] 1H 캡처 완료 (60)
[TradingView] 4H 캡처 완료 (240)
[TradingView] Daily 캡처 완료 (D)
[TradingView] Weekly 캡처 완료 (W)
[TradingView] Monthly 캡처 완료 (M)
[[SP500 차트분석]] NVDA 차트 5개 처리 완료
[TradingView] V 브라우저 세션 시작  (로그인 세션)...
[TradingView] 1H 캡처 완료 (60)
[TradingView] 4H 캡처 완료 (240)
[TradingView] Daily 캡처 완료 (D)
[TradingView] Weekly 캡처 완료 (W)
[TradingView] Monthly 캡처 완료 (M)
[[SP500 차트분석]] V 차트 5개 처리 완료
[TradingView] DHR 브라우저 세션 시작  (로그인 세션)...
[TradingView] 1H 캡처 완료 (60)
[TradingView] 4H 캡처 완료 (240)
[TradingView] Daily 캡처 완료 (D)
[TradingView] Weekly 캡처 완료 (W)
[TradingView] Monthly 캡처 완료 (M)
[[SP500 차트분석]] DHR 차트 5개 처리 완료
[TradingView] LRCX 브라우저 세션 시작  (로그인 세션)...
[TradingView] 1H 캡처 완료 (60)
[TradingView] 4H 캡처 완료 (240)
[TradingView] Daily 캡처 완료 (D)
[TradingView] Weekly 캡처 완료 (W)
[TradingView] Monthly 캡처 완료 (M)
[[SP500 차트분석]] LRCX 차트 5개 처리 완료
[TradingView] ON 브라우저 세션 시작  (로그인 세션)...
[TradingView] 1H 캡처 완료 (60)
[TradingView] 4H 캡처 완료 (240)
[TradingView] Daily 캡처 완료 (D)
[TradingView] Weekly 캡처 완료 (W)
[TradingView] Monthly 캡처 완료 (M)
[[SP500 차트분석]] ON 차트 5개 처리 완료
[TradingView] META 브라우저 세션 시작  (로그인 세션)...
[TradingView] 1H 캡처 완료 (60)
[TradingView] 4H 캡처 완료 (240)
[TradingView] Daily 캡처 완료 (D)
[TradingView] Weekly 캡처 완료 (W)
[TradingView] Monthly 캡처 완료 (M)
[[SP500 차트분석]] META 차트 5개 처리 완료
[TradingView] NEE 브라우저 세션 시작  (로그인 세션)...
[TradingView] 1H 캡처 완료 (60)
[TradingView] 4H 캡처 완료 (240)
[TradingView] Daily 캡처 완료 (D)
[TradingView] Weekly 캡처 완료 (W)
[TradingView] Monthly 캡처 완료 (M)
[[SP500 차트분석]] NEE 차트 5개 처리 완료
[TradingView] AVGO 브라우저 세션 시작  (로그인 세션)...
[TradingView] 1H 캡처 완료 (60)
[TradingView] 4H 캡처 완료 (240)
[TradingView] Daily 캡처 완료 (D)
[TradingView] Weekly 캡처 완료 (W)
[TradingView] Monthly 캡처 완료 (M)
[[SP500 차트분석]] AVGO 차트 5개 처리 완료
[TradingView] CDNS 브라우저 세션 시작  (로그인 세션)...
[TradingView] 1H 캡처 완료 (60)
[TradingView] 4H 캡처 완료 (240)
[TradingView] Daily 캡처 완료 (D)
[TradingView] Weekly 캡처 완료 (W)
[TradingView] Monthly 캡처 완료 (M)
[[SP500 차트분석]] CDNS 차트 5개 처리 완료
[TradingView] ARWR 브라우저 세션 시작  (로그인 세션)...
[TradingView] 1H 캡처 완료 (60)
[TradingView] 4H 캡처 완료 (240)
[TradingView] Daily 캡처 완료 (D)
[TradingView] Weekly 캡처 완료 (W)
[TradingView] Monthly 캡처 완료 (M)
[[SP500 차트분석]] ARWR 차트 5개 처리 완료
[TradingView] WYFI 브라우저 세션 시작  (로그인 세션)...
[TradingView] 1H 캡처 완료 (60)
[TradingView] 4H 캡처 완료 (240)
[TradingView] Daily 캡처 완료 (D)
[TradingView] Weekly 캡처 완료 (W)
[TradingView] Monthly 캡처 완료 (M)
[[SP500 차트분석]] WYFI 차트 5개 처리 완료
[TradingView] 티커 매핑 적용: NBM.V -> NBM
[TradingView] NBM.V 브라우저 세션 시작  (로그인 세션)...
[TradingView] 1H 캡처 완료 (60)
[TradingView] 4H 캡처 완료 (240)
[TradingView] Daily 캡처 완료 (D)
[TradingView] Weekly 캡처 완료 (W)
[TradingView] Monthly 캡처 완료 (M)
[[SP500 차트분석]] NBM.V 차트 5개 처리 완료
[[SP500 차트분석]] 차트 캡처 완료
[[SP500 차트분석]] GitHub에 차트 이미지 푸시 중...
rm 'charts/screenshots/AAPL/AAPL_1H_20260821_025938.png'
rm 'charts/screenshots/AAPL/AAPL_4H_20260821_025938.png'
rm 'charts/screenshots/AAPL/AAPL_Daily_20260821_025938.png'
rm 'charts/screenshots/AAPL/AAPL_Monthly_20260821_025938.png'
rm 'charts/screenshots/AAPL/AAPL_Weekly_20260821_025938.png'
rm 'charts/screenshots/ABBV/ABBV_1H_20260821_024331.png'
rm 'charts/screenshots/ABBV/ABBV_4H_20260821_024331.png'
rm 'charts/screenshots/ABBV/ABBV_Daily_20260821_024331.png'
rm 'charts/screenshots/ABBV/ABBV_Monthly_20260821_024331.png'
rm 'charts/screenshots/ABBV/ABBV_Weekly_20260821_024331.png'
rm 'charts/screenshots/ABNB/ABNB_1H_20260821_023416.png'
rm 'charts/screenshots/ABNB/ABNB_4H_20260821_023416.png'
rm 'charts/screenshots/ABNB/ABNB_Daily_20260821_023416.png'
rm 'charts/screenshots/ABNB/ABNB_Monthly_20260821_023416.png'
rm 'charts/screenshots/ABNB/ABNB_Weekly_20260821_023416.png'
rm 'charts/screenshots/ABT/ABT_1H_20260821_023452.png'
rm 'charts/screenshots/ABT/ABT_4H_20260821_023452.png'
rm 'charts/screenshots/ABT/ABT_Daily_20260821_023452.png'
rm 'charts/screenshots/ABT/ABT_Monthly_20260821_023452.png'
rm 'charts/screenshots/ABT/ABT_Weekly_20260821_023452.png'
rm 'charts/screenshots/AMGN/AMGN_1H_20260821_023832.png'
rm 'charts/screenshots/AMGN/AMGN_4H_20260821_023832.png'
rm 'charts/screenshots/AMGN/AMGN_Daily_20260821_023832.png'
rm 'charts/screenshots/AMGN/AMGN_Monthly_20260821_023832.png'
rm 'charts/screenshots/AMGN/AMGN_Weekly_20260821_023832.png'
rm 'charts/screenshots/AMZN/AMZN_1H_20260821_030209.png'
rm 'charts/screenshots/AMZN/AMZN_4H_20260821_030209.png'
rm 'charts/screenshots/AMZN/AMZN_Daily_20260821_030209.png'
rm 'charts/screenshots/AMZN/AMZN_Monthly_20260821_030209.png'
rm 'charts/screenshots/AMZN/AMZN_Weekly_20260821_030209.png'
rm 'charts/screenshots/ANET/ANET_1H_20260821_024941.png'
rm 'charts/screenshots/ANET/ANET_4H_20260821_024941.png'
rm 'charts/screenshots/ANET/ANET_Daily_20260821_024941.png'
rm 'charts/screenshots/ANET/ANET_Monthly_20260821_024941.png'
rm 'charts/screenshots/ANET/ANET_Weekly_20260821_024941.png'
rm 'charts/screenshots/ARWR/ARWR_1H_20260821_032157.png'
rm 'charts/screenshots/ARWR/ARWR_4H_20260821_032157.png'
rm 'charts/screenshots/ARWR/ARWR_Daily_20260821_032157.png'
rm 'charts/screenshots/ARWR/ARWR_Monthly_20260821_032157.png'
rm 'charts/screenshots/ARWR/ARWR_Weekly_20260821_032157.png'
rm 'charts/screenshots/ASML/ASML_1H_20260821_030324.png'
rm 'charts/screenshots/ASML/ASML_4H_20260821_030324.png'
rm 'charts/screenshots/ASML/ASML_Daily_20260821_030324.png'
rm 'charts/screenshots/ASML/ASML_Monthly_20260821_030324.png'
rm 'charts/screenshots/ASML/ASML_Weekly_20260821_030324.png'
rm 'charts/screenshots/AVGO/AVGO_1H_20260821_031851.png'
rm 'charts/screenshots/AVGO/AVGO_4H_20260821_031851.png'
rm 'charts/screenshots/AVGO/AVGO_Daily_20260821_031851.png'
rm 'charts/screenshots/AVGO/AVGO_Monthly_20260821_031851.png'
rm 'charts/screenshots/AVGO/AVGO_Weekly_20260821_031851.png'
rm 'charts/screenshots/AXP/AXP_1H_20260821_025247.png'
rm 'charts/screenshots/AXP/AXP_4H_20260821_025247.png'
rm 'charts/screenshots/AXP/AXP_Daily_20260821_025247.png'
rm 'charts/screenshots/AXP/AXP_Monthly_20260821_025247.png'
rm 'charts/screenshots/AXP/AXP_Weekly_20260821_025247.png'
rm 'charts/screenshots/BAC/BAC_1H_20260821_023149.png'
rm 'charts/screenshots/BAC/BAC_4H_20260821_023149.png'
rm 'charts/screenshots/BAC/BAC_Daily_20260821_023149.png'
rm 'charts/screenshots/BAC/BAC_Monthly_20260821_023149.png'
rm 'charts/screenshots/BAC/BAC_Weekly_20260821_023149.png'
rm 'charts/screenshots/BKNG/BKNG_1H_20260821_023605.png'
rm 'charts/screenshots/BKNG/BKNG_4H_20260821_023605.png'
rm 'charts/screenshots/BKNG/BKNG_Daily_20260821_023605.png'
rm 'charts/screenshots/BKNG/BKNG_Monthly_20260821_023605.png'
rm 'charts/screenshots/BKNG/BKNG_Weekly_20260821_023605.png'
rm 'charts/screenshots/BMY/BMY_1H_20260821_023909.png'
rm 'charts/screenshots/BMY/BMY_4H_20260821_023909.png'
rm 'charts/screenshots/BMY/BMY_Daily_20260821_023909.png'
rm 'charts/screenshots/BMY/BMY_Monthly_20260821_023909.png'
rm 'charts/screenshots/BMY/BMY_Weekly_20260821_023909.png'
rm 'charts/screenshots/BRK-B/BRK-B_1H_20260821_031241.png'
rm 'charts/screenshots/BRK-B/BRK-B_4H_20260821_031241.png'
rm 'charts/screenshots/BRK-B/BRK-B_Daily_20260821_031241.png'
rm 'charts/screenshots/BRK-B/BRK-B_Monthly_20260821_031241.png'
rm 'charts/screenshots/BRK-B/BRK-B_Weekly_20260821_031241.png'
rm 'charts/screenshots/C/C_1H_20260821_030707.png'
rm 'charts/screenshots/C/C_4H_20260821_030707.png'
rm 'charts/screenshots/C/C_Daily_20260821_030707.png'
rm 'charts/screenshots/C/C_Monthly_20260821_030707.png'
rm 'charts/screenshots/C/C_Weekly_20260821_030707.png'
rm 'charts/screenshots/COF/COF_1H_20260821_024522.png'
rm 'charts/screenshots/COF/COF_4H_20260821_024522.png'
rm 'charts/screenshots/COF/COF_Daily_20260821_024522.png'
rm 'charts/screenshots/COF/COF_Monthly_20260821_024522.png'
rm 'charts/screenshots/COF/COF_Weekly_20260821_024522.png'
rm 'charts/screenshots/COP/COP_1H_20260821_023034.png'
rm 'charts/screenshots/COP/COP_4H_20260821_023034.png'
rm 'charts/screenshots/COP/COP_Daily_20260821_023034.png'
rm 'charts/screenshots/COP/COP_Monthly_20260821_023034.png'
rm 'charts/screenshots/COP/COP_Weekly_20260821_023034.png'
rm 'charts/screenshots/CRM/CRM_1H_20260821_031014.png'
rm 'charts/screenshots/CRM/CRM_4H_20260821_031014.png'
rm 'charts/screenshots/CRM/CRM_Daily_20260821_031014.png'
rm 'charts/screenshots/CRM/CRM_Monthly_20260821_031014.png'
rm 'charts/screenshots/CRM/CRM_Weekly_20260821_031014.png'
rm 'charts/screenshots/CRWD/CRWD_1H_20260821_024408.png'
rm 'charts/screenshots/CRWD/CRWD_4H_20260821_024408.png'
rm 'charts/screenshots/CRWD/CRWD_Daily_20260821_024408.png'
rm 'charts/screenshots/CRWD/CRWD_Monthly_20260821_024408.png'
rm 'charts/screenshots/CRWD/CRWD_Weekly_20260821_024408.png'
rm 'charts/screenshots/CVS/CVS_1H_20260821_030744.png'
rm 'charts/screenshots/CVS/CVS_4H_20260821_030744.png'
rm 'charts/screenshots/CVS/CVS_Daily_20260821_030744.png'
rm 'charts/screenshots/CVS/CVS_Monthly_20260821_030744.png'
rm 'charts/screenshots/CVS/CVS_Weekly_20260821_030744.png'
rm 'charts/screenshots/CVX/CVX_1H_20260821_024215.png'
rm 'charts/screenshots/CVX/CVX_4H_20260821_024215.png'
rm 'charts/screenshots/CVX/CVX_Daily_20260821_024215.png'
rm 'charts/screenshots/CVX/CVX_Monthly_20260821_024215.png'
rm 'charts/screenshots/CVX/CVX_Weekly_20260821_024215.png'
rm 'charts/screenshots/DASH/DASH_1H_20260821_023111.png'
rm 'charts/screenshots/DASH/DASH_4H_20260821_023111.png'
rm 'charts/screenshots/DASH/DASH_Daily_20260821_023111.png'
rm 'charts/screenshots/DASH/DASH_Monthly_20260821_023111.png'
rm 'charts/screenshots/DASH/DASH_Weekly_20260821_023111.png'
rm 'charts/screenshots/DDOG/DDOG_1H_20260821_031659.png'
rm 'charts/screenshots/DDOG/DDOG_4H_20260821_031659.png'
rm 'charts/screenshots/DDOG/DDOG_Daily_20260821_031659.png'
rm 'charts/screenshots/DDOG/DDOG_Monthly_20260821_031659.png'
rm 'charts/screenshots/DDOG/DDOG_Weekly_20260821_031659.png'
rm 'charts/screenshots/DELL/DELL_1H_20260821_030246.png'
rm 'charts/screenshots/DELL/DELL_4H_20260821_030246.png'
rm 'charts/screenshots/DELL/DELL_Daily_20260821_030246.png'
rm 'charts/screenshots/DELL/DELL_Monthly_20260821_030246.png'
rm 'charts/screenshots/DELL/DELL_Weekly_20260821_030246.png'
rm 'charts/screenshots/DHR/DHR_1H_20260821_030439.png'
rm 'charts/screenshots/DHR/DHR_4H_20260821_030439.png'
rm 'charts/screenshots/DHR/DHR_Daily_20260821_030439.png'
rm 'charts/screenshots/DHR/DHR_Monthly_20260821_030439.png'
rm 'charts/screenshots/DHR/DHR_Weekly_20260821_030439.png'
rm 'charts/screenshots/DIS/DIS_1H_20260821_025210.png'
rm 'charts/screenshots/DIS/DIS_4H_20260821_025210.png'
rm 'charts/screenshots/DIS/DIS_Daily_20260821_025210.png'
rm 'charts/screenshots/DIS/DIS_Monthly_20260821_025210.png'
rm 'charts/screenshots/DIS/DIS_Weekly_20260821_025210.png'
rm 'charts/screenshots/ETN/ETN_1H_20260821_031319.png'
rm 'charts/screenshots/ETN/ETN_4H_20260821_031319.png'
rm 'charts/screenshots/ETN/ETN_Daily_20260821_031319.png'
rm 'charts/screenshots/ETN/ETN_Monthly_20260821_031319.png'
rm 'charts/screenshots/ETN/ETN_Weekly_20260821_031319.png'
rm 'charts/screenshots/FCX/FCX_1H_20260821_024636.png'
rm 'charts/screenshots/FCX/FCX_4H_20260821_024636.png'
rm 'charts/screenshots/FCX/FCX_Daily_20260821_024636.png'
rm 'charts/screenshots/FCX/FCX_Monthly_20260821_024636.png'
rm 'charts/screenshots/FCX/FCX_Weekly_20260821_024636.png'
rm 'charts/screenshots/FTNT/FTNT_1H_20260821_024445.png'
rm 'charts/screenshots/FTNT/FTNT_4H_20260821_024445.png'
rm 'charts/screenshots/FTNT/FTNT_Daily_20260821_024445.png'
rm 'charts/screenshots/FTNT/FTNT_Monthly_20260821_024445.png'
rm 'charts/screenshots/FTNT/FTNT_Weekly_20260821_024445.png'
rm 'charts/screenshots/GE/GE_1H_20260821_025324.png'
rm 'charts/screenshots/GE/GE_4H_20260821_025324.png'
rm 'charts/screenshots/GE/GE_Daily_20260821_025324.png'
rm 'charts/screenshots/GE/GE_Monthly_20260821_025324.png'
rm 'charts/screenshots/GE/GE_Weekly_20260821_025324.png'
rm 'charts/screenshots/GILD/GILD_1H_20260821_023945.png'
rm 'charts/screenshots/GILD/GILD_4H_20260821_023945.png'
rm 'charts/screenshots/GILD/GILD_Daily_20260821_023945.png'
rm 'charts/screenshots/GILD/GILD_Monthly_20260821_023945.png'
rm 'charts/screenshots/GILD/GILD_Weekly_20260821_023945.png'
rm 'charts/screenshots/GS/GS_1H_20260821_031622.png'
rm 'charts/screenshots/GS/GS_4H_20260821_031622.png'
rm 'charts/screenshots/GS/GS_Daily_20260821_031622.png'
rm 'charts/screenshots/GS/GS_Monthly_20260821_031622.png'
rm 'charts/screenshots/GS/GS_Weekly_20260821_031622.png'
rm 'charts/screenshots/HD/HD_1H_20260821_031355.png'
rm 'charts/screenshots/HD/HD_4H_20260821_031355.png'
rm 'charts/screenshots/HD/HD_Daily_20260821_031355.png'
rm 'charts/screenshots/HD/HD_Monthly_20260821_031355.png'
rm 'charts/screenshots/HD/HD_Weekly_20260821_031355.png'
rm 'charts/screenshots/HPE/HPE_1H_20260821_025133.png'
rm 'charts/screenshots/HPE/HPE_4H_20260821_025133.png'
rm 'charts/screenshots/HPE/HPE_Daily_20260821_025133.png'
rm 'charts/screenshots/HPE/HPE_Monthly_20260821_025133.png'
rm 'charts/screenshots/HPE/HPE_Weekly_20260821_025133.png'
rm 'charts/screenshots/INTU/INTU_1H_20260821_030554.png'
rm 'charts/screenshots/INTU/INTU_4H_20260821_030554.png'
rm 'charts/screenshots/INTU/INTU_Daily_20260821_030554.png'
rm 'charts/screenshots/INTU/INTU_Monthly_20260821_030554.png'
rm 'charts/screenshots/INTU/INTU_Weekly_20260821_030554.png'
rm 'charts/screenshots/IWM/IWM_1H_20260821_025401.png'
rm 'charts/screenshots/IWM/IWM_4H_20260821_025401.png'
rm 'charts/screenshots/IWM/IWM_Daily_20260821_025401.png'
rm 'charts/screenshots/IWM/IWM_Monthly_20260821_025401.png'
rm 'charts/screenshots/IWM/IWM_Weekly_20260821_025401.png'
rm 'charts/screenshots/JNJ/JNJ_1H_20260821_025553.png'
rm 'charts/screenshots/JNJ/JNJ_4H_20260821_025553.png'
rm 'charts/screenshots/JNJ/JNJ_Daily_20260821_025553.png'
rm 'charts/screenshots/JNJ/JNJ_Monthly_20260821_025553.png'
rm 'charts/screenshots/JNJ/JNJ_Weekly_20260821_025553.png'
rm 'charts/screenshots/JPM/JPM_1H_20260821_025018.png'
rm 'charts/screenshots/JPM/JPM_4H_20260821_025018.png'
rm 'charts/screenshots/JPM/JPM_Daily_20260821_025018.png'
rm 'charts/screenshots/JPM/JPM_Monthly_20260821_025018.png'
rm 'charts/screenshots/JPM/JPM_Weekly_20260821_025018.png'
rm 'charts/screenshots/KLAC/KLAC_1H_20260821_032121.png'
rm 'charts/screenshots/KLAC/KLAC_4H_20260821_032121.png'
rm 'charts/screenshots/KLAC/KLAC_Daily_20260821_032121.png'
rm 'charts/screenshots/KLAC/KLAC_Monthly_20260821_032121.png'
rm 'charts/screenshots/KLAC/KLAC_Weekly_20260821_032121.png'
rm 'charts/screenshots/KO/KO_1H_20260821_024023.png'
rm 'charts/screenshots/KO/KO_4H_20260821_024023.png'
rm 'charts/screenshots/KO/KO_Daily_20260821_024023.png'
rm 'charts/screenshots/KO/KO_Monthly_20260821_024023.png'
rm 'charts/screenshots/KO/KO_Weekly_20260821_024023.png'
rm 'charts/screenshots/LLY/LLY_1H_20260821_025630.png'
rm 'charts/screenshots/LLY/LLY_4H_20260821_025630.png'
rm 'charts/screenshots/LLY/LLY_Daily_20260821_025630.png'
rm 'charts/screenshots/LLY/LLY_Monthly_20260821_025630.png'
rm 'charts/screenshots/LLY/LLY_Weekly_20260821_025630.png'
rm 'charts/screenshots/MA/MA_1H_20260821_024713.png'
rm 'charts/screenshots/MA/MA_4H_20260821_024713.png'
rm 'charts/screenshots/MA/MA_Daily_20260821_024713.png'
rm 'charts/screenshots/MA/MA_Monthly_20260821_024713.png'
rm 'charts/screenshots/MA/MA_Weekly_20260821_024713.png'
rm 'charts/screenshots/MCK/MCK_1H_20260821_031431.png'
rm 'charts/screenshots/MCK/MCK_4H_20260821_031431.png'
rm 'charts/screenshots/MCK/MCK_Daily_20260821_031431.png'
rm 'charts/screenshots/MCK/MCK_Monthly_20260821_031431.png'
rm 'charts/screenshots/MCK/MCK_Weekly_20260821_031431.png'
rm 'charts/screenshots/MELI/MELI_1H_20260821_030054.png'
rm 'charts/screenshots/MELI/MELI_4H_20260821_030054.png'
rm 'charts/screenshots/MELI/MELI_Daily_20260821_030054.png'
rm 'charts/screenshots/MELI/MELI_Monthly_20260821_030054.png'
rm 'charts/screenshots/MELI/MELI_Weekly_20260821_030054.png'
rm 'charts/screenshots/META/META_1H_20260821_032044.png'
rm 'charts/screenshots/META/META_4H_20260821_032044.png'
rm 'charts/screenshots/META/META_Daily_20260821_032044.png'
rm 'charts/screenshots/META/META_Monthly_20260821_032044.png'
rm 'charts/screenshots/META/META_Weekly_20260821_032044.png'
rm 'charts/screenshots/MPC/MPC_1H_20260821_022958.png'
rm 'charts/screenshots/MPC/MPC_4H_20260821_022958.png'
rm 'charts/screenshots/MPC/MPC_Daily_20260821_022958.png'
rm 'charts/screenshots/MPC/MPC_Monthly_20260821_022958.png'
rm 'charts/screenshots/MPC/MPC_Weekly_20260821_022958.png'
rm 'charts/screenshots/MRK/MRK_1H_20260821_024905.png'
rm 'charts/screenshots/MRK/MRK_4H_20260821_024905.png'
rm 'charts/screenshots/MRK/MRK_Daily_20260821_024905.png'
rm 'charts/screenshots/MRK/MRK_Monthly_20260821_024905.png'
rm 'charts/screenshots/MRK/MRK_Weekly_20260821_024905.png'
rm 'charts/screenshots/MRNA/MRNA_1H_20260821_024750.png'
rm 'charts/screenshots/MRNA/MRNA_4H_20260821_024750.png'
rm 'charts/screenshots/MRNA/MRNA_Daily_20260821_024750.png'
rm 'charts/screenshots/MRNA/MRNA_Monthly_20260821_024750.png'
rm 'charts/screenshots/MRNA/MRNA_Weekly_20260821_024750.png'
rm 'charts/screenshots/MRVL/MRVL_1H_20260821_024253.png'
rm 'charts/screenshots/MRVL/MRVL_4H_20260821_024253.png'
rm 'charts/screenshots/MRVL/MRVL_Daily_20260821_024253.png'
rm 'charts/screenshots/MRVL/MRVL_Monthly_20260821_024253.png'
rm 'charts/screenshots/MRVL/MRVL_Weekly_20260821_024253.png'
rm 'charts/screenshots/MS/MS_1H_20260821_025901.png'
rm 'charts/screenshots/MS/MS_4H_20260821_025901.png'
rm 'charts/screenshots/MS/MS_Daily_20260821_025901.png'
rm 'charts/screenshots/MS/MS_Monthly_20260821_025901.png'
rm 'charts/screenshots/MS/MS_Weekly_20260821_025901.png'
rm 'charts/screenshots/MSFT/MSFT_1H_20260821_023756.png'
rm 'charts/screenshots/MSFT/MSFT_4H_20260821_023756.png'
rm 'charts/screenshots/MSFT/MSFT_Daily_20260821_023756.png'
rm 'charts/screenshots/MSFT/MSFT_Monthly_20260821_023756.png'
rm 'charts/screenshots/MSFT/MSFT_Weekly_20260821_023756.png'
rm 'charts/screenshots/MU/MU_1H_20260821_025516.png'
rm 'charts/screenshots/MU/MU_4H_20260821_025516.png'
rm 'charts/screenshots/MU/MU_Daily_20260821_025516.png'
rm 'charts/screenshots/MU/MU_Monthly_20260821_025516.png'
rm 'charts/screenshots/MU/MU_Weekly_20260821_025516.png'
rm 'charts/screenshots/NBM.V/NBM.V_1H_20260821_032313.png'
rm 'charts/screenshots/NBM.V/NBM.V_4H_20260821_032313.png'
rm 'charts/screenshots/NBM.V/NBM.V_Daily_20260821_032313.png'
rm 'charts/screenshots/NBM.V/NBM.V_Monthly_20260821_032313.png'
rm 'charts/screenshots/NBM.V/NBM.V_Weekly_20260821_032313.png'
rm 'charts/screenshots/NEM/NEM_1H_20260821_023226.png'
rm 'charts/screenshots/NEM/NEM_4H_20260821_023226.png'
rm 'charts/screenshots/NEM/NEM_Daily_20260821_023226.png'
rm 'charts/screenshots/NEM/NEM_Monthly_20260821_023226.png'
rm 'charts/screenshots/NEM/NEM_Weekly_20260821_023226.png'
rm 'charts/screenshots/NKE/NKE_1H_20260821_032006.png'
rm 'charts/screenshots/NKE/NKE_4H_20260821_032006.png'
rm 'charts/screenshots/NKE/NKE_Daily_20260821_032006.png'
rm 'charts/screenshots/NKE/NKE_Monthly_20260821_032006.png'
rm 'charts/screenshots/NKE/NKE_Weekly_20260821_032006.png'
rm 'charts/screenshots/NOW/NOW_1H_20260821_030016.png'
rm 'charts/screenshots/NOW/NOW_4H_20260821_030016.png'
rm 'charts/screenshots/NOW/NOW_Daily_20260821_030016.png'
rm 'charts/screenshots/NOW/NOW_Monthly_20260821_030016.png'
rm 'charts/screenshots/NOW/NOW_Weekly_20260821_030016.png'
rm 'charts/screenshots/NVDA/NVDA_1H_20260821_031508.png'
rm 'charts/screenshots/NVDA/NVDA_4H_20260821_031508.png'
rm 'charts/screenshots/NVDA/NVDA_Daily_20260821_031508.png'
rm 'charts/screenshots/NVDA/NVDA_Monthly_20260821_031508.png'
rm 'charts/screenshots/NVDA/NVDA_Weekly_20260821_031508.png'
rm 'charts/screenshots/ON/ON_1H_20260821_031929.png'
rm 'charts/screenshots/ON/ON_4H_20260821_031929.png'
rm 'charts/screenshots/ON/ON_Daily_20260821_031929.png'
rm 'charts/screenshots/ON/ON_Monthly_20260821_031929.png'
rm 'charts/screenshots/ON/ON_Weekly_20260821_031929.png'
rm 'charts/screenshots/PANW/PANW_1H_20260821_024559.png'
rm 'charts/screenshots/PANW/PANW_4H_20260821_024559.png'
rm 'charts/screenshots/PANW/PANW_Daily_20260821_024559.png'
rm 'charts/screenshots/PANW/PANW_Monthly_20260821_024559.png'
rm 'charts/screenshots/PANW/PANW_Weekly_20260821_024559.png'
rm 'charts/screenshots/PFE/PFE_1H_20260821_024100.png'
rm 'charts/screenshots/PFE/PFE_4H_20260821_024100.png'
rm 'charts/screenshots/PFE/PFE_Daily_20260821_024100.png'
rm 'charts/screenshots/PFE/PFE_Monthly_20260821_024100.png'
rm 'charts/screenshots/PFE/PFE_Weekly_20260821_024100.png'
rm 'charts/screenshots/PG/PG_1H_20260821_031204.png'
rm 'charts/screenshots/PG/PG_4H_20260821_031204.png'
rm 'charts/screenshots/PG/PG_Daily_20260821_031204.png'
rm 'charts/screenshots/PG/PG_Monthly_20260821_031204.png'
rm 'charts/screenshots/PG/PG_Weekly_20260821_031204.png'
rm 'charts/screenshots/PLTR/PLTR_1H_20260821_023642.png'
rm 'charts/screenshots/PLTR/PLTR_4H_20260821_023642.png'
rm 'charts/screenshots/PLTR/PLTR_Daily_20260821_023642.png'
rm 'charts/screenshots/PLTR/PLTR_Monthly_20260821_023642.png'
rm 'charts/screenshots/PLTR/PLTR_Weekly_20260821_023642.png'
rm 'charts/screenshots/PWR/PWR_1H_20260821_030936.png'
rm 'charts/screenshots/PWR/PWR_4H_20260821_030936.png'
rm 'charts/screenshots/PWR/PWR_Daily_20260821_030936.png'
rm 'charts/screenshots/PWR/PWR_Monthly_20260821_030936.png'
rm 'charts/screenshots/PWR/PWR_Weekly_20260821_030936.png'
rm 'charts/screenshots/QQQ/QQQ_1H_20260821_030858.png'
rm 'charts/screenshots/QQQ/QQQ_4H_20260821_030858.png'
rm 'charts/screenshots/QQQ/QQQ_Daily_20260821_030858.png'
rm 'charts/screenshots/QQQ/QQQ_Monthly_20260821_030858.png'
rm 'charts/screenshots/QQQ/QQQ_Weekly_20260821_030858.png'
rm 'charts/screenshots/RTX/RTX_1H_20260821_023339.png'
rm 'charts/screenshots/RTX/RTX_4H_20260821_023339.png'
rm 'charts/screenshots/RTX/RTX_Daily_20260821_023339.png'
rm 'charts/screenshots/RTX/RTX_Monthly_20260821_023339.png'
rm 'charts/screenshots/RTX/RTX_Weekly_20260821_023339.png'
rm 'charts/screenshots/SCHW/SCHW_1H_20260821_023719.png'
rm 'charts/screenshots/SCHW/SCHW_4H_20260821_023719.png'
rm 'charts/screenshots/SCHW/SCHW_Daily_20260821_023719.png'
rm 'charts/screenshots/SCHW/SCHW_Monthly_20260821_023719.png'
rm 'charts/screenshots/SCHW/SCHW_Weekly_20260821_023719.png'
rm 'charts/screenshots/SMCI/SMCI_1H_20260821_031050.png'
rm 'charts/screenshots/SMCI/SMCI_4H_20260821_031050.png'
rm 'charts/screenshots/SMCI/SMCI_Daily_20260821_031050.png'
rm 'charts/screenshots/SMCI/SMCI_Monthly_20260821_031050.png'
rm 'charts/screenshots/SMCI/SMCI_Weekly_20260821_031050.png'
rm 'charts/screenshots/SPGI/SPGI_1H_20260821_031544.png'
rm 'charts/screenshots/SPGI/SPGI_4H_20260821_031544.png'
rm 'charts/screenshots/SPGI/SPGI_Daily_20260821_031544.png'
rm 'charts/screenshots/SPGI/SPGI_Monthly_20260821_031544.png'
rm 'charts/screenshots/SPGI/SPGI_Weekly_20260821_031544.png'
rm 'charts/screenshots/SPY/SPY_1H_20260821_030821.png'
rm 'charts/screenshots/SPY/SPY_4H_20260821_030821.png'
rm 'charts/screenshots/SPY/SPY_Daily_20260821_030821.png'
rm 'charts/screenshots/SPY/SPY_Monthly_20260821_030821.png'
rm 'charts/screenshots/SPY/SPY_Weekly_20260821_030821.png'
rm 'charts/screenshots/STX/STX_1H_20260821_030516.png'
rm 'charts/screenshots/STX/STX_4H_20260821_030516.png'
rm 'charts/screenshots/STX/STX_Daily_20260821_030516.png'
rm 'charts/screenshots/STX/STX_Monthly_20260821_030516.png'
rm 'charts/screenshots/STX/STX_Weekly_20260821_030516.png'
rm 'charts/screenshots/SYK/SYK_1H_20260821_031737.png'
rm 'charts/screenshots/SYK/SYK_4H_20260821_031737.png'
rm 'charts/screenshots/SYK/SYK_Daily_20260821_031737.png'
rm 'charts/screenshots/SYK/SYK_Monthly_20260821_031737.png'
rm 'charts/screenshots/SYK/SYK_Weekly_20260821_031737.png'
rm 'charts/screenshots/T/T_1H_20260821_030630.png'
rm 'charts/screenshots/T/T_4H_20260821_030630.png'
rm 'charts/screenshots/T/T_Daily_20260821_030630.png'
rm 'charts/screenshots/T/T_Monthly_20260821_030630.png'
rm 'charts/screenshots/T/T_Weekly_20260821_030630.png'
rm 'charts/screenshots/TEAM/TEAM_1H_20260821_024828.png'
rm 'charts/screenshots/TEAM/TEAM_4H_20260821_024828.png'
rm 'charts/screenshots/TEAM/TEAM_Daily_20260821_024828.png'
rm 'charts/screenshots/TEAM/TEAM_Monthly_20260821_024828.png'
rm 'charts/screenshots/TEAM/TEAM_Weekly_20260821_024828.png'
rm 'charts/screenshots/TER/TER_1H_20260821_025707.png'
rm 'charts/screenshots/TER/TER_4H_20260821_025707.png'
rm 'charts/screenshots/TER/TER_Daily_20260821_025707.png'
rm 'charts/screenshots/TER/TER_Monthly_20260821_025707.png'
rm 'charts/screenshots/TER/TER_Weekly_20260821_025707.png'
rm 'charts/screenshots/TMO/TMO_1H_20260821_024137.png'
rm 'charts/screenshots/TMO/TMO_4H_20260821_024137.png'
rm 'charts/screenshots/TMO/TMO_Daily_20260821_024137.png'
rm 'charts/screenshots/TMO/TMO_Monthly_20260821_024137.png'
rm 'charts/screenshots/TMO/TMO_Weekly_20260821_024137.png'
rm 'charts/screenshots/TRV/TRV_1H_20260821_031127.png'
rm 'charts/screenshots/TRV/TRV_4H_20260821_031127.png'
rm 'charts/screenshots/TRV/TRV_Daily_20260821_031127.png'
rm 'charts/screenshots/TRV/TRV_Monthly_20260821_031127.png'
rm 'charts/screenshots/TRV/TRV_Weekly_20260821_031127.png'
rm 'charts/screenshots/UBER/UBER_1H_20260821_030401.png'
rm 'charts/screenshots/UBER/UBER_4H_20260821_030401.png'
rm 'charts/screenshots/UBER/UBER_Daily_20260821_030401.png'
rm 'charts/screenshots/UBER/UBER_Monthly_20260821_030401.png'
rm 'charts/screenshots/UBER/UBER_Weekly_20260821_030401.png'
rm 'charts/screenshots/UNH/UNH_1H_20260821_031814.png'
rm 'charts/screenshots/UNH/UNH_4H_20260821_031814.png'
rm 'charts/screenshots/UNH/UNH_Daily_20260821_031814.png'
rm 'charts/screenshots/UNH/UNH_Monthly_20260821_031814.png'
rm 'charts/screenshots/UNH/UNH_Weekly_20260821_031814.png'
rm 'charts/screenshots/UNP/UNP_1H_20260821_025055.png'
rm 'charts/screenshots/UNP/UNP_4H_20260821_025055.png'
rm 'charts/screenshots/UNP/UNP_Daily_20260821_025055.png'
rm 'charts/screenshots/UNP/UNP_Monthly_20260821_025055.png'
rm 'charts/screenshots/UNP/UNP_Weekly_20260821_025055.png'
rm 'charts/screenshots/V/V_1H_20260821_030132.png'
rm 'charts/screenshots/V/V_4H_20260821_030132.png'
rm 'charts/screenshots/V/V_Daily_20260821_030132.png'
rm 'charts/screenshots/V/V_Monthly_20260821_030132.png'
rm 'charts/screenshots/V/V_Weekly_20260821_030132.png'
rm 'charts/screenshots/VLO/VLO_1H_20260821_023303.png'
rm 'charts/screenshots/VLO/VLO_4H_20260821_023303.png'
rm 'charts/screenshots/VLO/VLO_Daily_20260821_023303.png'
rm 'charts/screenshots/VLO/VLO_Monthly_20260821_023303.png'
rm 'charts/screenshots/VLO/VLO_Weekly_20260821_023303.png'
rm 'charts/screenshots/VZ/VZ_1H_20260821_025745.png'
rm 'charts/screenshots/VZ/VZ_4H_20260821_025745.png'
rm 'charts/screenshots/VZ/VZ_Daily_20260821_025745.png'
rm 'charts/screenshots/VZ/VZ_Monthly_20260821_025745.png'
rm 'charts/screenshots/VZ/VZ_Weekly_20260821_025745.png'
rm 'charts/screenshots/WDAY/WDAY_1H_20260821_023529.png'
rm 'charts/screenshots/WDAY/WDAY_4H_20260821_023529.png'
rm 'charts/screenshots/WDAY/WDAY_Daily_20260821_023529.png'
rm 'charts/screenshots/WDAY/WDAY_Monthly_20260821_023529.png'
rm 'charts/screenshots/WDAY/WDAY_Weekly_20260821_023529.png'
rm 'charts/screenshots/WFC/WFC_1H_20260821_025823.png'
rm 'charts/screenshots/WFC/WFC_4H_20260821_025823.png'
rm 'charts/screenshots/WFC/WFC_Daily_20260821_025823.png'
rm 'charts/screenshots/WFC/WFC_Monthly_20260821_025823.png'
rm 'charts/screenshots/WFC/WFC_Weekly_20260821_025823.png'
rm 'charts/screenshots/WYFI/WYFI_1H_20260821_032235.png'
rm 'charts/screenshots/WYFI/WYFI_4H_20260821_032235.png'
rm 'charts/screenshots/WYFI/WYFI_Daily_20260821_032235.png'
rm 'charts/screenshots/WYFI/WYFI_Monthly_20260821_032235.png'
rm 'charts/screenshots/WYFI/WYFI_Weekly_20260821_032235.png'
rm 'charts/screenshots/XOM/XOM_1H_20260821_025438.png'
rm 'charts/screenshots/XOM/XOM_4H_20260821_025438.png'
rm 'charts/screenshots/XOM/XOM_Daily_20260821_025438.png'
rm 'charts/screenshots/XOM/XOM_Monthly_20260821_025438.png'
rm 'charts/screenshots/XOM/XOM_Weekly_20260821_025438.png'
[main 8b0c217] Update chart screenshots 1787368474
 874 files changed, 0 insertions(+), 0 deletions(-)
 delete mode 100644 charts/screenshots/AAPL/AAPL_1H_20260821_025938.png
 create mode 100644 charts/screenshots/AAPL/AAPL_1H_20260822_025336.png
 delete mode 100644 charts/screenshots/AAPL/AAPL_4H_20260821_025938.png
 create mode 100644 charts/screenshots/AAPL/AAPL_4H_20260822_025336.png
 delete mode 100644 charts/screenshots/AAPL/AAPL_Daily_20260821_025938.png
 create mode 100644 charts/screenshots/AAPL/AAPL_Daily_20260822_025336.png
 delete mode 100644 charts/screenshots/AAPL/AAPL_Monthly_20260821_025938.png
 create mode 100644 charts/screenshots/AAPL/AAPL_Monthly_20260822_025336.png
 delete mode 100644 charts/screenshots/AAPL/AAPL_Weekly_20260821_025938.png
 create mode 100644 charts/screenshots/AAPL/AAPL_Weekly_20260822_025336.png
 delete mode 100644 charts/screenshots/ABBV/ABBV_1H_20260821_024331.png
 create mode 100644 charts/screenshots/ABBV/ABBV_1H_20260822_024027.png
 delete mode 100644 charts/screenshots/ABBV/ABBV_4H_20260821_024331.png
 create mode 100644 charts/screenshots/ABBV/ABBV_4H_20260822_024027.png
 delete mode 100644 charts/screenshots/ABBV/ABBV_Daily_20260821_024331.png
 create mode 100644 charts/screenshots/ABBV/ABBV_Daily_20260822_024027.png
 delete mode 100644 charts/screenshots/ABBV/ABBV_Monthly_20260821_024331.png
 create mode 100644 charts/screenshots/ABBV/ABBV_Monthly_20260822_024027.png
 delete mode 100644 charts/screenshots/ABBV/ABBV_Weekly_20260821_024331.png
 create mode 100644 charts/screenshots/ABBV/ABBV_Weekly_20260822_024027.png
 delete mode 100644 charts/screenshots/ABNB/ABNB_1H_20260821_023416.png
 create mode 100644 charts/screenshots/ABNB/ABNB_1H_20260822_023404.png
 delete mode 100644 charts/screenshots/ABNB/ABNB_4H_20260821_023416.png
 create mode 100644 charts/screenshots/ABNB/ABNB_4H_20260822_023404.png
 delete mode 100644 charts/screenshots/ABNB/ABNB_Daily_20260821_023416.png
 create mode 100644 charts/screenshots/ABNB/ABNB_Daily_20260822_023404.png
 delete mode 100644 charts/screenshots/ABNB/ABNB_Monthly_20260821_023416.png
 create mode 100644 charts/screenshots/ABNB/ABNB_Monthly_20260822_023404.png
 delete mode 100644 charts/screenshots/ABNB/ABNB_Weekly_20260821_023416.png
 create mode 100644 charts/screenshots/ABNB/ABNB_Weekly_20260822_023404.png
 delete mode 100644 charts/screenshots/ABT/ABT_1H_20260821_023452.png
 create mode 100644 charts/screenshots/ABT/ABT_1H_20260822_030455.png
 delete mode 100644 charts/screenshots/ABT/ABT_4H_20260821_023452.png
 create mode 100644 charts/screenshots/ABT/ABT_4H_20260822_030455.png
 delete mode 100644 charts/screenshots/ABT/ABT_Daily_20260821_023452.png
 create mode 100644 charts/screenshots/ABT/ABT_Daily_20260822_030455.png
 delete mode 100644 charts/screenshots/ABT/ABT_Monthly_20260821_023452.png
 create mode 100644 charts/screenshots/ABT/ABT_Monthly_20260822_030455.png
 delete mode 100644 charts/screenshots/ABT/ABT_Weekly_20260821_023452.png
 create mode 100644 charts/screenshots/ABT/ABT_Weekly_20260822_030455.png
 create mode 100644 charts/screenshots/AMD/AMD_1H_20260822_030012.png
 create mode 100644 charts/screenshots/AMD/AMD_4H_20260822_030012.png
 create mode 100644 charts/screenshots/AMD/AMD_Daily_20260822_030012.png
 create mode 100644 charts/screenshots/AMD/AMD_Monthly_20260822_030012.png
 create mode 100644 charts/screenshots/AMD/AMD_Weekly_20260822_030012.png
 delete mode 100644 charts/screenshots/AMGN/AMGN_1H_20260821_023832.png
 create mode 100644 charts/screenshots/AMGN/AMGN_1H_20260822_023440.png
 delete mode 100644 charts/screenshots/AMGN/AMGN_4H_20260821_023832.png
 create mode 100644 charts/screenshots/AMGN/AMGN_4H_20260822_023440.png
 delete mode 100644 charts/screenshots/AMGN/AMGN_Daily_20260821_023832.png
 create mode 100644 charts/screenshots/AMGN/AMGN_Daily_20260822_023440.png
 delete mode 100644 charts/screenshots/AMGN/AMGN_Monthly_20260821_023832.png
 create mode 100644 charts/screenshots/AMGN/AMGN_Monthly_20260822_023440.png
 delete mode 100644 charts/screenshots/AMGN/AMGN_Weekly_20260821_023832.png
 create mode 100644 charts/screenshots/AMGN/AMGN_Weekly_20260822_023440.png
 delete mode 100644 charts/screenshots/AMZN/AMZN_1H_20260821_030209.png
 create mode 100644 charts/screenshots/AMZN/AMZN_1H_20260822_022841.png
 delete mode 100644 charts/screenshots/AMZN/AMZN_4H_20260821_030209.png
 create mode 100644 charts/screenshots/AMZN/AMZN_4H_20260822_022841.png
 delete mode 100644 charts/screenshots/AMZN/AMZN_Daily_20260821_030209.png
 create mode 100644 charts/screenshots/AMZN/AMZN_Daily_20260822_022841.png
 delete mode 100644 charts/screenshots/AMZN/AMZN_Monthly_20260821_030209.png
 create mode 100644 charts/screenshots/AMZN/AMZN_Monthly_20260822_022841.png
 delete mode 100644 charts/screenshots/AMZN/AMZN_Weekly_20260821_030209.png
 create mode 100644 charts/screenshots/AMZN/AMZN_Weekly_20260822_022841.png
 delete mode 100644 charts/screenshots/ANET/ANET_1H_20260821_024941.png
 create mode 100644 charts/screenshots/ANET/ANET_1H_20260822_025711.png
 delete mode 100644 charts/screenshots/ANET/ANET_4H_20260821_024941.png
 create mode 100644 charts/screenshots/ANET/ANET_4H_20260822_025711.png
 delete mode 100644 charts/screenshots/ANET/ANET_Daily_20260821_024941.png
 create mode 100644 charts/screenshots/ANET/ANET_Daily_20260822_025711.png
 delete mode 100644 charts/screenshots/ANET/ANET_Monthly_20260821_024941.png
 create mode 100644 charts/screenshots/ANET/ANET_Monthly_20260822_025711.png
 delete mode 100644 charts/screenshots/ANET/ANET_Weekly_20260821_024941.png
 create mode 100644 charts/screenshots/ANET/ANET_Weekly_20260822_025711.png
 create mode 100644 charts/screenshots/APH/APH_1H_20260822_023552.png
 create mode 100644 charts/screenshots/APH/APH_4H_20260822_023552.png
 create mode 100644 charts/screenshots/APH/APH_Daily_20260822_023552.png
 create mode 100644 charts/screenshots/APH/APH_Monthly_20260822_023552.png
 create mode 100644 charts/screenshots/APH/APH_Weekly_20260822_023552.png
 delete mode 100644 charts/screenshots/ARWR/ARWR_1H_20260821_032157.png
 create mode 100644 charts/screenshots/ARWR/ARWR_1H_20260822_031245.png
 delete mode 100644 charts/screenshots/ARWR/ARWR_4H_20260821_032157.png
 create mode 100644 charts/screenshots/ARWR/ARWR_4H_20260822_031245.png
 delete mode 100644 charts/screenshots/ARWR/ARWR_Daily_20260821_032157.png
 create mode 100644 charts/screenshots/ARWR/ARWR_Daily_20260822_031245.png
 delete mode 100644 charts/screenshots/ARWR/ARWR_Monthly_20260821_032157.png
 create mode 100644 charts/screenshots/ARWR/ARWR_Monthly_20260822_031245.png
 delete mode 100644 charts/screenshots/ARWR/ARWR_Weekly_20260821_032157.png
 create mode 100644 charts/screenshots/ARWR/ARWR_Weekly_20260822_031245.png
 delete mode 100644 charts/screenshots/ASML/ASML_1H_20260821_030324.png
 create mode 100644 charts/screenshots/ASML/ASML_1H_20260822_024103.png
 delete mode 100644 charts/screenshots/ASML/ASML_4H_20260821_030324.png
 create mode 100644 charts/screenshots/ASML/ASML_4H_20260822_024103.png
 delete mode 100644 charts/screenshots/ASML/ASML_Daily_20260821_030324.png
 create mode 100644 charts/screenshots/ASML/ASML_Daily_20260822_024103.png
 delete mode 100644 charts/screenshots/ASML/ASML_Monthly_20260821_030324.png
 create mode 100644 charts/screenshots/ASML/ASML_Monthly_20260822_024103.png
 delete mode 100644 charts/screenshots/ASML/ASML_Weekly_20260821_030324.png
 create mode 100644 charts/screenshots/ASML/ASML_Weekly_20260822_024103.png
 delete mode 100644 charts/screenshots/AVGO/AVGO_1H_20260821_031851.png
 create mode 100644 charts/screenshots/AVGO/AVGO_1H_20260822_031131.png
 delete mode 100644 charts/screenshots/AVGO/AVGO_4H_20260821_031851.png
 create mode 100644 charts/screenshots/AVGO/AVGO_4H_20260822_031131.png
 delete mode 100644 charts/screenshots/AVGO/AVGO_Daily_20260821_031851.png
 create mode 100644 charts/screenshots/AVGO/AVGO_Daily_20260822_031131.png
 delete mode 100644 charts/screenshots/AVGO/AVGO_Monthly_20260821_031851.png
 create mode 100644 charts/screenshots/AVGO/AVGO_Monthly_20260822_031131.png
 delete mode 100644 charts/screenshots/AVGO/AVGO_Weekly_20260821_031851.png
 create mode 100644 charts/screenshots/AVGO/AVGO_Weekly_20260822_031131.png
 delete mode 100644 charts/screenshots/AXP/AXP_1H_20260821_025247.png
 delete mode 100644 charts/screenshots/AXP/AXP_4H_20260821_025247.png
 create mode 100644 charts/screenshots/AXP/AXP_4H_20260822_023852.png
 delete mode 100644 charts/screenshots/AXP/AXP_Daily_20260821_025247.png
 create mode 100644 charts/screenshots/AXP/AXP_Daily_20260822_023852.png
 delete mode 100644 charts/screenshots/AXP/AXP_Monthly_20260821_025247.png
 create mode 100644 charts/screenshots/AXP/AXP_Monthly_20260822_023852.png
 delete mode 100644 charts/screenshots/AXP/AXP_Weekly_20260821_025247.png
 create mode 100644 charts/screenshots/AXP/AXP_Weekly_20260822_023852.png
 delete mode 100644 charts/screenshots/BAC/BAC_1H_20260821_023149.png
 create mode 100644 charts/screenshots/BAC/BAC_1H_20260822_022211.png
 delete mode 100644 charts/screenshots/BAC/BAC_4H_20260821_023149.png
 create mode 100644 charts/screenshots/BAC/BAC_4H_20260822_022211.png
 delete mode 100644 charts/screenshots/BAC/BAC_Daily_20260821_023149.png
 create mode 100644 charts/screenshots/BAC/BAC_Daily_20260822_022211.png
 delete mode 100644 charts/screenshots/BAC/BAC_Monthly_20260821_023149.png
 create mode 100644 charts/screenshots/BAC/BAC_Monthly_20260822_022211.png
 delete mode 100644 charts/screenshots/BAC/BAC_Weekly_20260821_023149.png
 create mode 100644 charts/screenshots/BAC/BAC_Weekly_20260822_022211.png
 delete mode 100644 charts/screenshots/BKNG/BKNG_1H_20260821_023605.png
 create mode 100644 charts/screenshots/BKNG/BKNG_1H_20260822_022952.png
 delete mode 100644 charts/screenshots/BKNG/BKNG_4H_20260821_023605.png
 create mode 100644 charts/screenshots/BKNG/BKNG_4H_20260822_022952.png
 delete mode 100644 charts/screenshots/BKNG/BKNG_Daily_20260821_023605.png
 create mode 100644 charts/screenshots/BKNG/BKNG_Daily_20260822_022952.png
 delete mode 100644 charts/screenshots/BKNG/BKNG_Monthly_20260821_023605.png
 create mode 100644 charts/screenshots/BKNG/BKNG_Monthly_20260822_022952.png
 delete mode 100644 charts/screenshots/BKNG/BKNG_Weekly_20260821_023605.png
 create mode 100644 charts/screenshots/BKNG/BKNG_Weekly_20260822_022952.png
 delete mode 100644 charts/screenshots/BMY/BMY_1H_20260821_023909.png
 create mode 100644 charts/screenshots/BMY/BMY_1H_20260822_024438.png
 delete mode 100644 charts/screenshots/BMY/BMY_4H_20260821_023909.png
 create mode 100644 charts/screenshots/BMY/BMY_4H_20260822_024438.png
 delete mode 100644 charts/screenshots/BMY/BMY_Daily_20260821_023909.png
 create mode 100644 charts/screenshots/BMY/BMY_Daily_20260822_024438.png
 delete mode 100644 charts/screenshots/BMY/BMY_Monthly_20260821_023909.png
 create mode 100644 charts/screenshots/BMY/BMY_Monthly_20260822_024438.png
 delete mode 100644 charts/screenshots/BMY/BMY_Weekly_20260821_023909.png
 create mode 100644 charts/screenshots/BMY/BMY_Weekly_20260822_024438.png
 delete mode 100644 charts/screenshots/BRK-B/BRK-B_1H_20260821_031241.png
 create mode 100644 charts/screenshots/BRK-B/BRK-B_1H_20260822_024959.png
 delete mode 100644 charts/screenshots/BRK-B/BRK-B_4H_20260821_031241.png
 create mode 100644 charts/screenshots/BRK-B/BRK-B_4H_20260822_024959.png
 delete mode 100644 charts/screenshots/BRK-B/BRK-B_Daily_20260821_031241.png
 create mode 100644 charts/screenshots/BRK-B/BRK-B_Daily_20260822_024959.png
 delete mode 100644 charts/screenshots/BRK-B/BRK-B_Monthly_20260821_031241.png
 create mode 100644 charts/screenshots/BRK-B/BRK-B_Monthly_20260822_024959.png
 delete mode 100644 charts/screenshots/BRK-B/BRK-B_Weekly_20260821_031241.png
 create mode 100644 charts/screenshots/BRK-B/BRK-B_Weekly_20260822_024959.png
 delete mode 100644 charts/screenshots/C/C_1H_20260821_030707.png
 create mode 100644 charts/screenshots/C/C_1H_20260822_022807.png
 delete mode 100644 charts/screenshots/C/C_4H_20260821_030707.png
 create mode 100644 charts/screenshots/C/C_4H_20260822_022807.png
 delete mode 100644 charts/screenshots/C/C_Daily_20260821_030707.png
 create mode 100644 charts/screenshots/C/C_Daily_20260822_022807.png
 delete mode 100644 charts/screenshots/C/C_Monthly_20260821_030707.png
 create mode 100644 charts/screenshots/C/C_Monthly_20260822_022807.png
 delete mode 100644 charts/screenshots/C/C_Weekly_20260821_030707.png
 create mode 100644 charts/screenshots/C/C_Weekly_20260822_022807.png
 create mode 100644 charts/screenshots/CDNS/CDNS_1H_20260822_031207.png
 create mode 100644 charts/screenshots/CDNS/CDNS_4H_20260822_031207.png
 create mode 100644 charts/screenshots/CDNS/CDNS_Daily_20260822_031207.png
 create mode 100644 charts/screenshots/CDNS/CDNS_Monthly_20260822_031207.png
 create mode 100644 charts/screenshots/CDNS/CDNS_Weekly_20260822_031207.png
 delete mode 100644 charts/screenshots/COF/COF_1H_20260821_024522.png
 create mode 100644 charts/screenshots/COF/COF_1H_20260822_025747.png
 delete mode 100644 charts/screenshots/COF/COF_4H_20260821_024522.png
 create mode 100644 charts/screenshots/COF/COF_4H_20260822_025747.png
 delete mode 100644 charts/screenshots/COF/COF_Daily_20260821_024522.png
 create mode 100644 charts/screenshots/COF/COF_Daily_20260822_025747.png
 delete mode 100644 charts/screenshots/COF/COF_Monthly_20260821_024522.png
 create mode 100644 charts/screenshots/COF/COF_Monthly_20260822_025747.png
 delete mode 100644 charts/screenshots/COF/COF_Weekly_20260821_024522.png
 create mode 100644 charts/screenshots/COF/COF_Weekly_20260822_025747.png
 delete mode 100644 charts/screenshots/COP/COP_1H_20260821_023034.png
 create mode 100644 charts/screenshots/COP/COP_1H_20260822_022136.png
 delete mode 100644 charts/screenshots/COP/COP_4H_20260821_023034.png
 create mode 100644 charts/screenshots/COP/COP_4H_20260822_022136.png
 delete mode 100644 charts/screenshots/COP/COP_Daily_20260821_023034.png
 create mode 100644 charts/screenshots/COP/COP_Daily_20260822_022136.png
 delete mode 100644 charts/screenshots/COP/COP_Monthly_20260821_023034.png
 create mode 100644 charts/screenshots/COP/COP_Monthly_20260822_022136.png
 delete mode 100644 charts/screenshots/COP/COP_Weekly_20260821_023034.png
 create mode 100644 charts/screenshots/COP/COP_Weekly_20260822_022136.png
 delete mode 100644 charts/screenshots/CRM/CRM_1H_20260821_031014.png
 delete mode 100644 charts/screenshots/CRM/CRM_4H_20260821_031014.png
 delete mode 100644 charts/screenshots/CRM/CRM_Daily_20260821_031014.png
 delete mode 100644 charts/screenshots/CRM/CRM_Monthly_20260821_031014.png
 delete mode 100644 charts/screenshots/CRM/CRM_Weekly_20260821_031014.png
 delete mode 100644 charts/screenshots/CRWD/CRWD_1H_20260821_024408.png
 create mode 100644 charts/screenshots/CRWD/CRWD_1H_20260822_022323.png
 delete mode 100644 charts/screenshots/CRWD/CRWD_4H_20260821_024408.png
 create mode 100644 charts/screenshots/CRWD/CRWD_4H_20260822_022323.png
 delete mode 100644 charts/screenshots/CRWD/CRWD_Daily_20260821_024408.png
 create mode 100644 charts/screenshots/CRWD/CRWD_Daily_20260822_022323.png
 delete mode 100644 charts/screenshots/CRWD/CRWD_Monthly_20260821_024408.png
 create mode 100644 charts/screenshots/CRWD/CRWD_Monthly_20260822_022323.png
 delete mode 100644 charts/screenshots/CRWD/CRWD_Weekly_20260821_024408.png
 create mode 100644 charts/screenshots/CRWD/CRWD_Weekly_20260822_022323.png
 create mode 100644 charts/screenshots/CSCO/CSCO_1H_20260822_025558.png
 create mode 100644 charts/screenshots/CSCO/CSCO_4H_20260822_025558.png
 create mode 100644 charts/screenshots/CSCO/CSCO_Daily_20260822_025558.png
 create mode 100644 charts/screenshots/CSCO/CSCO_Monthly_20260822_025558.png
 create mode 100644 charts/screenshots/CSCO/CSCO_Weekly_20260822_025558.png
 delete mode 100644 charts/screenshots/CVS/CVS_1H_20260821_030744.png
 create mode 100644 charts/screenshots/CVS/CVS_1H_20260822_030308.png
 delete mode 100644 charts/screenshots/CVS/CVS_4H_20260821_030744.png
 create mode 100644 charts/screenshots/CVS/CVS_4H_20260822_030308.png
 delete mode 100644 charts/screenshots/CVS/CVS_Daily_20260821_030744.png
 create mode 100644 charts/screenshots/CVS/CVS_Daily_20260822_030308.png
 delete mode 100644 charts/screenshots/CVS/CVS_Monthly_20260821_030744.png
 create mode 100644 charts/screenshots/CVS/CVS_Monthly_20260822_030308.png
 delete mode 100644 charts/screenshots/CVS/CVS_Weekly_20260821_030744.png
 create mode 100644 charts/screenshots/CVS/CVS_Weekly_20260822_030308.png
 delete mode 100644 charts/screenshots/CVX/CVX_1H_20260821_024215.png
 create mode 100644 charts/screenshots/CVX/CVX_1H_20260822_022435.png
 delete mode 100644 charts/screenshots/CVX/CVX_4H_20260821_024215.png
 create mode 100644 charts/screenshots/CVX/CVX_4H_20260822_022435.png
 delete mode 100644 charts/screenshots/CVX/CVX_Daily_20260821_024215.png
 create mode 100644 charts/screenshots/CVX/CVX_Daily_20260822_022435.png
 delete mode 100644 charts/screenshots/CVX/CVX_Monthly_20260821_024215.png
 create mode 100644 charts/screenshots/CVX/CVX_Monthly_20260822_022435.png
 delete mode 100644 charts/screenshots/CVX/CVX_Weekly_20260821_024215.png
 create mode 100644 charts/screenshots/CVX/CVX_Weekly_20260822_022435.png
 delete mode 100644 charts/screenshots/DASH/DASH_1H_20260821_023111.png
 create mode 100644 charts/screenshots/DASH/DASH_1H_20260822_022658.png
 delete mode 100644 charts/screenshots/DASH/DASH_4H_20260821_023111.png
 create mode 100644 charts/screenshots/DASH/DASH_4H_20260822_022658.png
 delete mode 100644 charts/screenshots/DASH/DASH_Daily_20260821_023111.png
 create mode 100644 charts/screenshots/DASH/DASH_Daily_20260822_022658.png
 delete mode 100644 charts/screenshots/DASH/DASH_Monthly_20260821_023111.png
 create mode 100644 charts/screenshots/DASH/DASH_Monthly_20260822_022658.png
 delete mode 100644 charts/screenshots/DASH/DASH_Weekly_20260821_023111.png
 create mode 100644 charts/screenshots/DASH/DASH_Weekly_20260822_022658.png
 delete mode 100644 charts/screenshots/DDOG/DDOG_1H_20260821_031659.png
 create mode 100644 charts/screenshots/DDOG/DDOG_1H_20260822_024846.png
 delete mode 100644 charts/screenshots/DDOG/DDOG_4H_20260821_031659.png
 create mode 100644 charts/screenshots/DDOG/DDOG_4H_20260822_024846.png
 delete mode 100644 charts/screenshots/DDOG/DDOG_Daily_20260821_031659.png
 create mode 100644 charts/screenshots/DDOG/DDOG_Daily_20260822_024846.png
 delete mode 100644 charts/screenshots/DDOG/DDOG_Monthly_20260821_031659.png
 create mode 100644 charts/screenshots/DDOG/DDOG_Monthly_20260822_024846.png
 delete mode 100644 charts/screenshots/DDOG/DDOG_Weekly_20260821_031659.png
 create mode 100644 charts/screenshots/DDOG/DDOG_Weekly_20260822_024846.png
 create mode 100644 charts/screenshots/DE/DE_1H_20260822_023816.png
 create mode 100644 charts/screenshots/DE/DE_4H_20260822_023816.png
 create mode 100644 charts/screenshots/DE/DE_Daily_20260822_023816.png
 create mode 100644 charts/screenshots/DE/DE_Monthly_20260822_023816.png
 create mode 100644 charts/screenshots/DE/DE_Weekly_20260822_023816.png
 delete mode 100644 charts/screenshots/DELL/DELL_1H_20260821_030246.png
 create mode 100644 charts/screenshots/DELL/DELL_1H_20260822_025823.png
 delete mode 100644 charts/screenshots/DELL/DELL_4H_20260821_030246.png
 create mode 100644 charts/screenshots/DELL/DELL_4H_20260822_025823.png
 delete mode 100644 charts/screenshots/DELL/DELL_Daily_20260821_030246.png
 create mode 100644 charts/screenshots/DELL/DELL_Daily_20260822_025823.png
 delete mode 100644 charts/screenshots/DELL/DELL_Monthly_20260821_030246.png
 create mode 100644 charts/screenshots/DELL/DELL_Monthly_20260822_025823.png
 delete mode 100644 charts/screenshots/DELL/DELL_Weekly_20260821_030246.png
 create mode 100644 charts/screenshots/DELL/DELL_Weekly_20260822_025823.png
 delete mode 100644 charts/screenshots/DHR/DHR_1H_20260821_030439.png
 create mode 100644 charts/screenshots/DHR/DHR_1H_20260822_030830.png
 delete mode 100644 charts/screenshots/DHR/DHR_4H_20260821_030439.png
 create mode 100644 charts/screenshots/DHR/DHR_4H_20260822_030830.png
 delete mode 100644 charts/screenshots/DHR/DHR_Daily_20260821_030439.png
 create mode 100644 charts/screenshots/DHR/DHR_Daily_20260822_030830.png
 delete mode 100644 charts/screenshots/DHR/DHR_Monthly_20260821_030439.png
 create mode 100644 charts/screenshots/DHR/DHR_Monthly_20260822_030830.png
 delete mode 100644 charts/screenshots/DHR/DHR_Weekly_20260821_030439.png
 create mode 100644 charts/screenshots/DHR/DHR_Weekly_20260822_030830.png
 delete mode 100644 charts/screenshots/DIS/DIS_1H_20260821_025210.png
 create mode 100644 charts/screenshots/DIS/DIS_1H_20260822_025447.png
 delete mode 100644 charts/screenshots/DIS/DIS_4H_20260821_025210.png
 create mode 100644 charts/screenshots/DIS/DIS_4H_20260822_025447.png
 delete mode 100644 charts/screenshots/DIS/DIS_Daily_20260821_025210.png
 create mode 100644 charts/screenshots/DIS/DIS_Daily_20260822_025447.png
 delete mode 100644 charts/screenshots/DIS/DIS_Monthly_20260821_025210.png
 create mode 100644 charts/screenshots/DIS/DIS_Monthly_20260822_025447.png
 delete mode 100644 charts/screenshots/DIS/DIS_Weekly_20260821_025210.png
 create mode 100644 charts/screenshots/DIS/DIS_Weekly_20260822_025447.png
 delete mode 100644 charts/screenshots/ETN/ETN_1H_20260821_031319.png
 create mode 100644 charts/screenshots/ETN/ETN_1H_20260822_023028.png
 delete mode 100644 charts/screenshots/ETN/ETN_4H_20260821_031319.png
 create mode 100644 charts/screenshots/ETN/ETN_4H_20260822_023028.png
 delete mode 100644 charts/screenshots/ETN/ETN_Daily_20260821_031319.png
 create mode 100644 charts/screenshots/ETN/ETN_Daily_20260822_023028.png
 delete mode 100644 charts/screenshots/ETN/ETN_Monthly_20260821_031319.png
 create mode 100644 charts/screenshots/ETN/ETN_Monthly_20260822_023028.png
 delete mode 100644 charts/screenshots/ETN/ETN_Weekly_20260821_031319.png
 create mode 100644 charts/screenshots/ETN/ETN_Weekly_20260822_023028.png
 delete mode 100644 charts/screenshots/FCX/FCX_1H_20260821_024636.png
 create mode 100644 charts/screenshots/FCX/FCX_1H_20260822_024514.png
 delete mode 100644 charts/screenshots/FCX/FCX_4H_20260821_024636.png
 create mode 100644 charts/screenshots/FCX/FCX_4H_20260822_024514.png
 delete mode 100644 charts/screenshots/FCX/FCX_Daily_20260821_024636.png
 create mode 100644 charts/screenshots/FCX/FCX_Daily_20260822_024514.png
 delete mode 100644 charts/screenshots/FCX/FCX_Monthly_20260821_024636.png
 create mode 100644 charts/screenshots/FCX/FCX_Monthly_20260822_024514.png
 delete mode 100644 charts/screenshots/FCX/FCX_Weekly_20260821_024636.png
 create mode 100644 charts/screenshots/FCX/FCX_Weekly_20260822_024514.png
 delete mode 100644 charts/screenshots/FTNT/FTNT_1H_20260821_024445.png
 create mode 100644 charts/screenshots/FTNT/FTNT_1H_20260822_022247.png
 delete mode 100644 charts/screenshots/FTNT/FTNT_4H_20260821_024445.png
 create mode 100644 charts/screenshots/FTNT/FTNT_4H_20260822_022247.png
 delete mode 100644 charts/screenshots/FTNT/FTNT_Daily_20260821_024445.png
 create mode 100644 charts/screenshots/FTNT/FTNT_Daily_20260822_022247.png
 delete mode 100644 charts/screenshots/FTNT/FTNT_Monthly_20260821_024445.png
 create mode 100644 charts/screenshots/FTNT/FTNT_Monthly_20260822_022247.png
 delete mode 100644 charts/screenshots/FTNT/FTNT_Weekly_20260821_024445.png
 create mode 100644 charts/screenshots/FTNT/FTNT_Weekly_20260822_022247.png
 delete mode 100644 charts/screenshots/GE/GE_1H_20260821_025324.png
 create mode 100644 charts/screenshots/GE/GE_1H_20260822_024923.png
 delete mode 100644 charts/screenshots/GE/GE_4H_20260821_025324.png
 create mode 100644 charts/screenshots/GE/GE_4H_20260822_024923.png
 delete mode 100644 charts/screenshots/GE/GE_Daily_20260821_025324.png
 create mode 100644 charts/screenshots/GE/GE_Daily_20260822_024923.png
 delete mode 100644 charts/screenshots/GE/GE_Monthly_20260821_025324.png
 create mode 100644 charts/screenshots/GE/GE_Monthly_20260822_024923.png
 delete mode 100644 charts/screenshots/GE/GE_Weekly_20260821_025324.png
 create mode 100644 charts/screenshots/GE/GE_Weekly_20260822_024923.png
 delete mode 100644 charts/screenshots/GILD/GILD_1H_20260821_023945.png
 create mode 100644 charts/screenshots/GILD/GILD_1H_20260822_024550.png
 delete mode 100644 charts/screenshots/GILD/GILD_4H_20260821_023945.png
 create mode 100644 charts/screenshots/GILD/GILD_4H_20260822_024550.png
 delete mode 100644 charts/screenshots/GILD/GILD_Daily_20260821_023945.png
 create mode 100644 charts/screenshots/GILD/GILD_Daily_20260822_024550.png
 delete mode 100644 charts/screenshots/GILD/GILD_Monthly_20260821_023945.png
 create mode 100644 charts/screenshots/GILD/GILD_Monthly_20260822_024550.png
 delete mode 100644 charts/screenshots/GILD/GILD_Weekly_20260821_023945.png
 create mode 100644 charts/screenshots/GILD/GILD_Weekly_20260822_024550.png
 delete mode 100644 charts/screenshots/GS/GS_1H_20260821_031622.png
 create mode 100644 charts/screenshots/GS/GS_1H_20260822_030232.png
 delete mode 100644 charts/screenshots/GS/GS_4H_20260821_031622.png
 create mode 100644 charts/screenshots/GS/GS_4H_20260822_030232.png
 delete mode 100644 charts/screenshots/GS/GS_Daily_20260821_031622.png
 create mode 100644 charts/screenshots/GS/GS_Daily_20260822_030232.png
 delete mode 100644 charts/screenshots/GS/GS_Monthly_20260821_031622.png
 create mode 100644 charts/screenshots/GS/GS_Monthly_20260822_030232.png
 delete mode 100644 charts/screenshots/GS/GS_Weekly_20260821_031622.png
 create mode 100644 charts/screenshots/GS/GS_Weekly_20260822_030232.png
 delete mode 100644 charts/screenshots/HD/HD_1H_20260821_031355.png
 create mode 100644 charts/screenshots/HD/HD_1H_20260822_025225.png
 delete mode 100644 charts/screenshots/HD/HD_4H_20260821_031355.png
 create mode 100644 charts/screenshots/HD/HD_4H_20260822_025225.png
 delete mode 100644 charts/screenshots/HD/HD_Daily_20260821_031355.png
 create mode 100644 charts/screenshots/HD/HD_Daily_20260822_025225.png
 delete mode 100644 charts/screenshots/HD/HD_Monthly_20260821_031355.png
 create mode 100644 charts/screenshots/HD/HD_Monthly_20260822_025225.png
 delete mode 100644 charts/screenshots/HD/HD_Weekly_20260821_031355.png
 create mode 100644 charts/screenshots/HD/HD_Weekly_20260822_025225.png
 create mode 100644 charts/screenshots/HOOD/HOOD_1H_20260822_025634.png
 create mode 100644 charts/screenshots/HOOD/HOOD_4H_20260822_025634.png
 create mode 100644 charts/screenshots/HOOD/HOOD_Daily_20260822_025634.png
 create mode 100644 charts/screenshots/HOOD/HOOD_Monthly_20260822_025634.png
 create mode 100644 charts/screenshots/HOOD/HOOD_Weekly_20260822_025634.png
 delete mode 100644 charts/screenshots/HPE/HPE_1H_20260821_025133.png
 create mode 100644 charts/screenshots/HPE/HPE_1H_20260822_025859.png
 delete mode 100644 charts/screenshots/HPE/HPE_4H_20260821_025133.png
 create mode 100644 charts/screenshots/HPE/HPE_4H_20260822_025859.png
 delete mode 100644 charts/screenshots/HPE/HPE_Daily_20260821_025133.png
 create mode 100644 charts/screenshots/HPE/HPE_Daily_20260822_025859.png
 delete mode 100644 charts/screenshots/HPE/HPE_Monthly_20260821_025133.png
 create mode 100644 charts/screenshots/HPE/HPE_Monthly_20260822_025859.png
 delete mode 100644 charts/screenshots/HPE/HPE_Weekly_20260821_025133.png
 create mode 100644 charts/screenshots/HPE/HPE_Weekly_20260822_025859.png
 delete mode 100644 charts/screenshots/INTU/INTU_1H_20260821_030554.png
 delete mode 100644 charts/screenshots/INTU/INTU_4H_20260821_030554.png
 delete mode 100644 charts/screenshots/INTU/INTU_Daily_20260821_030554.png
 delete mode 100644 charts/screenshots/INTU/INTU_Monthly_20260821_030554.png
 delete mode 100644 charts/screenshots/INTU/INTU_Weekly_20260821_030554.png
 delete mode 100644 charts/screenshots/IWM/IWM_1H_20260821_025401.png
 create mode 100644 charts/screenshots/IWM/IWM_1H_20260822_025301.png
 delete mode 100644 charts/screenshots/IWM/IWM_4H_20260821_025401.png
 create mode 100644 charts/screenshots/IWM/IWM_4H_20260822_025301.png
 delete mode 100644 charts/screenshots/IWM/IWM_Daily_20260821_025401.png
 create mode 100644 charts/screenshots/IWM/IWM_Daily_20260822_025301.png
 delete mode 100644 charts/screenshots/IWM/IWM_Monthly_20260821_025401.png
 create mode 100644 charts/screenshots/IWM/IWM_Monthly_20260822_025301.png
 delete mode 100644 charts/screenshots/IWM/IWM_Weekly_20260821_025401.png
 create mode 100644 charts/screenshots/IWM/IWM_Weekly_20260822_025301.png
 delete mode 100644 charts/screenshots/JNJ/JNJ_1H_20260821_025553.png
 create mode 100644 charts/screenshots/JNJ/JNJ_1H_20260822_024139.png
 delete mode 100644 charts/screenshots/JNJ/JNJ_4H_20260821_025553.png
 create mode 100644 charts/screenshots/JNJ/JNJ_4H_20260822_024139.png
 delete mode 100644 charts/screenshots/JNJ/JNJ_Daily_20260821_025553.png
 create mode 100644 charts/screenshots/JNJ/JNJ_Daily_20260822_024139.png
 delete mode 100644 charts/screenshots/JNJ/JNJ_Monthly_20260821_025553.png
 create mode 100644 charts/screenshots/JNJ/JNJ_Monthly_20260822_024139.png
 delete mode 100644 charts/screenshots/JNJ/JNJ_Weekly_20260821_025553.png
 create mode 100644 charts/screenshots/JNJ/JNJ_Weekly_20260822_024139.png
 delete mode 100644 charts/screenshots/JPM/JPM_1H_20260821_025018.png
 create mode 100644 charts/screenshots/JPM/JPM_1H_20260822_022733.png
 delete mode 100644 charts/screenshots/JPM/JPM_4H_20260821_025018.png
 create mode 100644 charts/screenshots/JPM/JPM_4H_20260822_022733.png
 delete mode 100644 charts/screenshots/JPM/JPM_Daily_20260821_025018.png
 create mode 100644 charts/screenshots/JPM/JPM_Daily_20260822_022733.png
 delete mode 100644 charts/screenshots/JPM/JPM_Monthly_20260821_025018.png
 create mode 100644 charts/screenshots/JPM/JPM_Monthly_20260822_022733.png
 delete mode 100644 charts/screenshots/JPM/JPM_Weekly_20260821_025018.png
 create mode 100644 charts/screenshots/JPM/JPM_Weekly_20260822_022733.png
 delete mode 100644 charts/screenshots/KLAC/KLAC_1H_20260821_032121.png
 delete mode 100644 charts/screenshots/KLAC/KLAC_4H_20260821_032121.png
 delete mode 100644 charts/screenshots/KLAC/KLAC_Daily_20260821_032121.png
 delete mode 100644 charts/screenshots/KLAC/KLAC_Monthly_20260821_032121.png
 delete mode 100644 charts/screenshots/KLAC/KLAC_Weekly_20260821_032121.png
 delete mode 100644 charts/screenshots/KO/KO_1H_20260821_024023.png
 create mode 100644 charts/screenshots/KO/KO_1H_20260822_024626.png
 delete mode 100644 charts/screenshots/KO/KO_4H_20260821_024023.png
 create mode 100644 charts/screenshots/KO/KO_4H_20260822_024626.png
 delete mode 100644 charts/screenshots/KO/KO_Daily_20260821_024023.png
 create mode 100644 charts/screenshots/KO/KO_Daily_20260822_024626.png
 delete mode 100644 charts/screenshots/KO/KO_Monthly_20260821_024023.png
 create mode 100644 charts/screenshots/KO/KO_Monthly_20260822_024626.png
 delete mode 100644 charts/screenshots/KO/KO_Weekly_20260821_024023.png
 create mode 100644 charts/screenshots/KO/KO_Weekly_20260822_024626.png
 delete mode 100644 charts/screenshots/LLY/LLY_1H_20260821_025630.png
 create mode 100644 charts/screenshots/LLY/LLY_1H_20260822_024215.png
 delete mode 100644 charts/screenshots/LLY/LLY_4H_20260821_025630.png
 create mode 100644 charts/screenshots/LLY/LLY_4H_20260822_024215.png
 delete mode 100644 charts/screenshots/LLY/LLY_Daily_20260821_025630.png
 create mode 100644 charts/screenshots/LLY/LLY_Daily_20260822_024215.png
 delete mode 100644 charts/screenshots/LLY/LLY_Monthly_20260821_025630.png
 create mode 100644 charts/screenshots/LLY/LLY_Monthly_20260822_024215.png
 delete mode 100644 charts/screenshots/LLY/LLY_Weekly_20260821_025630.png
 create mode 100644 charts/screenshots/LLY/LLY_Weekly_20260822_024215.png
 create mode 100644 charts/screenshots/LRCX/LRCX_1H_20260822_030906.png
 create mode 100644 charts/screenshots/LRCX/LRCX_4H_20260822_030906.png
 create mode 100644 charts/screenshots/LRCX/LRCX_Daily_20260822_030906.png
 create mode 100644 charts/screenshots/LRCX/LRCX_Monthly_20260822_030906.png
 create mode 100644 charts/screenshots/LRCX/LRCX_Weekly_20260822_030906.png
 delete mode 100644 charts/screenshots/MA/MA_1H_20260821_024713.png
 create mode 100644 charts/screenshots/MA/MA_1H_20260822_023104.png
 delete mode 100644 charts/screenshots/MA/MA_4H_20260821_024713.png
 create mode 100644 charts/screenshots/MA/MA_4H_20260822_023104.png
 delete mode 100644 charts/screenshots/MA/MA_Daily_20260821_024713.png
 create mode 100644 charts/screenshots/MA/MA_Daily_20260822_023104.png
 delete mode 100644 charts/screenshots/MA/MA_Monthly_20260821_024713.png
 create mode 100644 charts/screenshots/MA/MA_Monthly_20260822_023104.png
 delete mode 100644 charts/screenshots/MA/MA_Weekly_20260821_024713.png
 create mode 100644 charts/screenshots/MA/MA_Weekly_20260822_023104.png
 delete mode 100644 charts/screenshots/MCK/MCK_1H_20260821_031431.png
 create mode 100644 charts/screenshots/MCK/MCK_1H_20260822_024251.png
 delete mode 100644 charts/screenshots/MCK/MCK_4H_20260821_031431.png
 create mode 100644 charts/screenshots/MCK/MCK_4H_20260822_024251.png
 delete mode 100644 charts/screenshots/MCK/MCK_Daily_20260821_031431.png
 create mode 100644 charts/screenshots/MCK/MCK_Daily_20260822_024251.png
 delete mode 100644 charts/screenshots/MCK/MCK_Monthly_20260821_031431.png
 create mode 100644 charts/screenshots/MCK/MCK_Monthly_20260822_024251.png
 delete mode 100644 charts/screenshots/MCK/MCK_Weekly_20260821_031431.png
 create mode 100644 charts/screenshots/MCK/MCK_Weekly_20260822_024251.png
 delete mode 100644 charts/screenshots/MELI/MELI_1H_20260821_030054.png
 create mode 100644 charts/screenshots/MELI/MELI_1H_20260822_025523.png
 delete mode 100644 charts/screenshots/MELI/MELI_4H_20260821_030054.png
 create mode 100644 charts/screenshots/MELI/MELI_4H_20260822_025523.png
 delete mode 100644 charts/screenshots/MELI/MELI_Daily_20260821_030054.png
 create mode 100644 charts/screenshots/MELI/MELI_Daily_20260822_025523.png
 delete mode 100644 charts/screenshots/MELI/MELI_Monthly_20260821_030054.png
 create mode 100644 charts/screenshots/MELI/MELI_Monthly_20260822_025523.png
 delete mode 100644 charts/screenshots/MELI/MELI_Weekly_20260821_030054.png
 create mode 100644 charts/screenshots/MELI/MELI_Weekly_20260822_025523.png
 delete mode 100644 charts/screenshots/META/META_1H_20260821_032044.png
 create mode 100644 charts/screenshots/META/META_1H_20260822_031019.png
 delete mode 100644 charts/screenshots/META/META_4H_20260821_032044.png
 create mode 100644 charts/screenshots/META/META_4H_20260822_031019.png
 delete mode 100644 charts/screenshots/META/META_Daily_20260821_032044.png
 create mode 100644 charts/screenshots/META/META_Daily_20260822_031019.png
 delete mode 100644 charts/screenshots/META/META_Monthly_20260821_032044.png
 create mode 100644 charts/screenshots/META/META_Monthly_20260822_031019.png
 delete mode 100644 charts/screenshots/META/META_Weekly_20260821_032044.png
 create mode 100644 charts/screenshots/META/META_Weekly_20260822_031019.png
 delete mode 100644 charts/screenshots/MPC/MPC_1H_20260821_022958.png
 create mode 100644 charts/screenshots/MPC/MPC_1H_20260822_022511.png
 delete mode 100644 charts/screenshots/MPC/MPC_4H_20260821_022958.png
 create mode 100644 charts/screenshots/MPC/MPC_4H_20260822_022511.png
 delete mode 100644 charts/screenshots/MPC/MPC_Daily_20260821_022958.png
 create mode 100644 charts/screenshots/MPC/MPC_Daily_20260822_022511.png
 delete mode 100644 charts/screenshots/MPC/MPC_Monthly_20260821_022958.png
 create mode 100644 charts/screenshots/MPC/MPC_Monthly_20260822_022511.png
 delete mode 100644 charts/screenshots/MPC/MPC_Weekly_20260821_022958.png
 create mode 100644 charts/screenshots/MPC/MPC_Weekly_20260822_022511.png
 delete mode 100644 charts/screenshots/MRK/MRK_1H_20260821_024905.png
 create mode 100644 charts/screenshots/MRK/MRK_1H_20260822_030531.png
 delete mode 100644 charts/screenshots/MRK/MRK_4H_20260821_024905.png
 create mode 100644 charts/screenshots/MRK/MRK_4H_20260822_030531.png
 delete mode 100644 charts/screenshots/MRK/MRK_Daily_20260821_024905.png
 create mode 100644 charts/screenshots/MRK/MRK_Daily_20260822_030531.png
 delete mode 100644 charts/screenshots/MRK/MRK_Monthly_20260821_024905.png
 create mode 100644 charts/screenshots/MRK/MRK_Monthly_20260822_030531.png
 delete mode 100644 charts/screenshots/MRK/MRK_Weekly_20260821_024905.png
 create mode 100644 charts/screenshots/MRK/MRK_Weekly_20260822_030531.png
 delete mode 100644 charts/screenshots/MRNA/MRNA_1H_20260821_024750.png
 create mode 100644 charts/screenshots/MRNA/MRNA_1H_20260822_024735.png
 delete mode 100644 charts/screenshots/MRNA/MRNA_4H_20260821_024750.png
 create mode 100644 charts/screenshots/MRNA/MRNA_4H_20260822_024735.png
 delete mode 100644 charts/screenshots/MRNA/MRNA_Daily_20260821_024750.png
 create mode 100644 charts/screenshots/MRNA/MRNA_Daily_20260822_024735.png
 delete mode 100644 charts/screenshots/MRNA/MRNA_Monthly_20260821_024750.png
 create mode 100644 charts/screenshots/MRNA/MRNA_Monthly_20260822_024735.png
 delete mode 100644 charts/screenshots/MRNA/MRNA_Weekly_20260821_024750.png
 create mode 100644 charts/screenshots/MRNA/MRNA_Weekly_20260822_024735.png
 delete mode 100644 charts/screenshots/MRVL/MRVL_1H_20260821_024253.png
 create mode 100644 charts/screenshots/MRVL/MRVL_1H_20260822_023740.png
 delete mode 100644 charts/screenshots/MRVL/MRVL_4H_20260821_024253.png
 create mode 100644 charts/screenshots/MRVL/MRVL_4H_20260822_023740.png
 delete mode 100644 charts/screenshots/MRVL/MRVL_Daily_20260821_024253.png
 create mode 100644 charts/screenshots/MRVL/MRVL_Daily_20260822_023740.png
 delete mode 100644 charts/screenshots/MRVL/MRVL_Monthly_20260821_024253.png
 create mode 100644 charts/screenshots/MRVL/MRVL_Monthly_20260822_023740.png
 delete mode 100644 charts/screenshots/MRVL/MRVL_Weekly_20260821_024253.png
 create mode 100644 charts/screenshots/MRVL/MRVL_Weekly_20260822_023740.png
 delete mode 100644 charts/screenshots/MS/MS_1H_20260821_025901.png
 create mode 100644 charts/screenshots/MS/MS_1H_20260822_030642.png
 delete mode 100644 charts/screenshots/MS/MS_4H_20260821_025901.png
 create mode 100644 charts/screenshots/MS/MS_4H_20260822_030642.png
 delete mode 100644 charts/screenshots/MS/MS_Daily_20260821_025901.png
 create mode 100644 charts/screenshots/MS/MS_Daily_20260822_030642.png
 delete mode 100644 charts/screenshots/MS/MS_Monthly_20260821_025901.png
 create mode 100644 charts/screenshots/MS/MS_Monthly_20260822_030642.png
 delete mode 100644 charts/screenshots/MS/MS_Weekly_20260821_025901.png
 create mode 100644 charts/screenshots/MS/MS_Weekly_20260822_030642.png
 delete mode 100644 charts/screenshots/MSFT/MSFT_1H_20260821_023756.png
 create mode 100644 charts/screenshots/MSFT/MSFT_1H_20260822_023252.png
 delete mode 100644 charts/screenshots/MSFT/MSFT_4H_20260821_023756.png
 create mode 100644 charts/screenshots/MSFT/MSFT_4H_20260822_023252.png
 delete mode 100644 charts/screenshots/MSFT/MSFT_Daily_20260821_023756.png
 create mode 100644 charts/screenshots/MSFT/MSFT_Daily_20260822_023252.png
 delete mode 100644 charts/screenshots/MSFT/MSFT_Monthly_20260821_023756.png
 create mode 100644 charts/screenshots/MSFT/MSFT_Monthly_20260822_023252.png
 delete mode 100644 charts/screenshots/MSFT/MSFT_Weekly_20260821_023756.png
 create mode 100644 charts/screenshots/MSFT/MSFT_Weekly_20260822_023252.png
 delete mode 100644 charts/screenshots/MU/MU_1H_20260821_025516.png
 create mode 100644 charts/screenshots/MU/MU_1H_20260822_024326.png
 delete mode 100644 charts/screenshots/MU/MU_4H_20260821_025516.png
 create mode 100644 charts/screenshots/MU/MU_4H_20260822_024326.png
 delete mode 100644 charts/screenshots/MU/MU_Daily_20260821_025516.png
 create mode 100644 charts/screenshots/MU/MU_Daily_20260822_024326.png
 delete mode 100644 charts/screenshots/MU/MU_Monthly_20260821_025516.png
 create mode 100644 charts/screenshots/MU/MU_Monthly_20260822_024326.png
 delete mode 100644 charts/screenshots/MU/MU_Weekly_20260821_025516.png
 create mode 100644 charts/screenshots/MU/MU_Weekly_20260822_024326.png
 delete mode 100644 charts/screenshots/NBM.V/NBM.V_1H_20260821_032313.png
 create mode 100644 charts/screenshots/NBM.V/NBM.V_1H_20260822_031357.png
 delete mode 100644 charts/screenshots/NBM.V/NBM.V_4H_20260821_032313.png
 create mode 100644 charts/screenshots/NBM.V/NBM.V_4H_20260822_031357.png
 delete mode 100644 charts/screenshots/NBM.V/NBM.V_Daily_20260821_032313.png
 create mode 100644 charts/screenshots/NBM.V/NBM.V_Daily_20260822_031357.png
 delete mode 100644 charts/screenshots/NBM.V/NBM.V_Monthly_20260821_032313.png
 create mode 100644 charts/screenshots/NBM.V/NBM.V_Monthly_20260822_031357.png
 delete mode 100644 charts/screenshots/NBM.V/NBM.V_Weekly_20260821_032313.png
 create mode 100644 charts/screenshots/NBM.V/NBM.V_Weekly_20260822_031357.png
 create mode 100644 charts/screenshots/NEE/NEE_1H_20260822_031055.png
 create mode 100644 charts/screenshots/NEE/NEE_4H_20260822_031055.png
 create mode 100644 charts/screenshots/NEE/NEE_Daily_20260822_031055.png
 create mode 100644 charts/screenshots/NEE/NEE_Monthly_20260822_031055.png
 create mode 100644 charts/screenshots/NEE/NEE_Weekly_20260822_031055.png
 delete mode 100644 charts/screenshots/NEM/NEM_1H_20260821_023226.png
 create mode 100644 charts/screenshots/NEM/NEM_1H_20260822_025411.png
 delete mode 100644 charts/screenshots/NEM/NEM_4H_20260821_023226.png
 create mode 100644 charts/screenshots/NEM/NEM_4H_20260822_025411.png
 delete mode 100644 charts/screenshots/NEM/NEM_Daily_20260821_023226.png
 create mode 100644 charts/screenshots/NEM/NEM_Daily_20260822_025411.png
 delete mode 100644 charts/screenshots/NEM/NEM_Monthly_20260821_023226.png
 create mode 100644 charts/screenshots/NEM/NEM_Monthly_20260822_025411.png
 delete mode 100644 charts/screenshots/NEM/NEM_Weekly_20260821_023226.png
 create mode 100644 charts/screenshots/NEM/NEM_Weekly_20260822_025411.png
 delete mode 100644 charts/screenshots/NKE/NKE_1H_20260821_032006.png
 delete mode 100644 charts/screenshots/NKE/NKE_4H_20260821_032006.png
 delete mode 100644 charts/screenshots/NKE/NKE_Daily_20260821_032006.png
 delete mode 100644 charts/screenshots/NKE/NKE_Monthly_20260821_032006.png
 delete mode 100644 charts/screenshots/NKE/NKE_Weekly_20260821_032006.png
 delete mode 100644 charts/screenshots/NOW/NOW_1H_20260821_030016.png
 delete mode 100644 charts/screenshots/NOW/NOW_4H_20260821_030016.png
 delete mode 100644 charts/screenshots/NOW/NOW_Daily_20260821_030016.png
 delete mode 100644 charts/screenshots/NOW/NOW_Monthly_20260821_030016.png
 delete mode 100644 charts/screenshots/NOW/NOW_Weekly_20260821_030016.png
 delete mode 100644 charts/screenshots/NVDA/NVDA_1H_20260821_031508.png
 create mode 100644 charts/screenshots/NVDA/NVDA_1H_20260822_030718.png
 delete mode 100644 charts/screenshots/NVDA/NVDA_4H_20260821_031508.png
 create mode 100644 charts/screenshots/NVDA/NVDA_4H_20260822_030718.png
 delete mode 100644 charts/screenshots/NVDA/NVDA_Daily_20260821_031508.png
 create mode 100644 charts/screenshots/NVDA/NVDA_Daily_20260822_030718.png
 delete mode 100644 charts/screenshots/NVDA/NVDA_Monthly_20260821_031508.png
 create mode 100644 charts/screenshots/NVDA/NVDA_Monthly_20260822_030718.png
 delete mode 100644 charts/screenshots/NVDA/NVDA_Weekly_20260821_031508.png
 create mode 100644 charts/screenshots/NVDA/NVDA_Weekly_20260822_030718.png
 delete mode 100644 charts/screenshots/ON/ON_1H_20260821_031929.png
 create mode 100644 charts/screenshots/ON/ON_1H_20260822_030942.png
 delete mode 100644 charts/screenshots/ON/ON_4H_20260821_031929.png
 create mode 100644 charts/screenshots/ON/ON_4H_20260822_030942.png
 delete mode 100644 charts/screenshots/ON/ON_Daily_20260821_031929.png
 create mode 100644 charts/screenshots/ON/ON_Daily_20260822_030942.png
 delete mode 100644 charts/screenshots/ON/ON_Monthly_20260821_031929.png
 create mode 100644 charts/screenshots/ON/ON_Monthly_20260822_030942.png
 delete mode 100644 charts/screenshots/ON/ON_Weekly_20260821_031929.png
 create mode 100644 charts/screenshots/ON/ON_Weekly_20260822_030942.png
 delete mode 100644 charts/screenshots/PANW/PANW_1H_20260821_024559.png
 create mode 100644 charts/screenshots/PANW/PANW_1H_20260822_024403.png
 delete mode 100644 charts/screenshots/PANW/PANW_4H_20260821_024559.png
 create mode 100644 charts/screenshots/PANW/PANW_4H_20260822_024403.png
 delete mode 100644 charts/screenshots/PANW/PANW_Daily_20260821_024559.png
 create mode 100644 charts/screenshots/PANW/PANW_Daily_20260822_024403.png
 delete mode 100644 charts/screenshots/PANW/PANW_Monthly_20260821_024559.png
 create mode 100644 charts/screenshots/PANW/PANW_Monthly_20260822_024403.png
 delete mode 100644 charts/screenshots/PANW/PANW_Weekly_20260821_024559.png
 create mode 100644 charts/screenshots/PANW/PANW_Weekly_20260822_024403.png
 delete mode 100644 charts/screenshots/PFE/PFE_1H_20260821_024100.png
 create mode 100644 charts/screenshots/PFE/PFE_1H_20260822_023516.png
 delete mode 100644 charts/screenshots/PFE/PFE_4H_20260821_024100.png
 create mode 100644 charts/screenshots/PFE/PFE_4H_20260822_023516.png
 delete mode 100644 charts/screenshots/PFE/PFE_Daily_20260821_024100.png
 create mode 100644 charts/screenshots/PFE/PFE_Daily_20260822_023516.png
 delete mode 100644 charts/screenshots/PFE/PFE_Monthly_20260821_024100.png
 create mode 100644 charts/screenshots/PFE/PFE_Monthly_20260822_023516.png
 delete mode 100644 charts/screenshots/PFE/PFE_Weekly_20260821_024100.png
 create mode 100644 charts/screenshots/PFE/PFE_Weekly_20260822_023516.png
 delete mode 100644 charts/screenshots/PG/PG_1H_20260821_031204.png
 create mode 100644 charts/screenshots/PG/PG_1H_20260822_030606.png
 delete mode 100644 charts/screenshots/PG/PG_4H_20260821_031204.png
 create mode 100644 charts/screenshots/PG/PG_4H_20260822_030606.png
 delete mode 100644 charts/screenshots/PG/PG_Daily_20260821_031204.png
 create mode 100644 charts/screenshots/PG/PG_Daily_20260822_030606.png
 delete mode 100644 charts/screenshots/PG/PG_Monthly_20260821_031204.png
 create mode 100644 charts/screenshots/PG/PG_Monthly_20260822_030606.png
 delete mode 100644 charts/screenshots/PG/PG_Weekly_20260821_031204.png
 create mode 100644 charts/screenshots/PG/PG_Weekly_20260822_030606.png
 delete mode 100644 charts/screenshots/PLTR/PLTR_1H_20260821_023642.png
 create mode 100644 charts/screenshots/PLTR/PLTR_1H_20260822_023139.png
 delete mode 100644 charts/screenshots/PLTR/PLTR_4H_20260821_023642.png
 create mode 100644 charts/screenshots/PLTR/PLTR_4H_20260822_023139.png
 delete mode 100644 charts/screenshots/PLTR/PLTR_Daily_20260821_023642.png
 create mode 100644 charts/screenshots/PLTR/PLTR_Daily_20260822_023139.png
 delete mode 100644 charts/screenshots/PLTR/PLTR_Monthly_20260821_023642.png
 create mode 100644 charts/screenshots/PLTR/PLTR_Monthly_20260822_023139.png
 delete mode 100644 charts/screenshots/PLTR/PLTR_Weekly_20260821_023642.png
 create mode 100644 charts/screenshots/PLTR/PLTR_Weekly_20260822_023139.png
 create mode 100644 charts/screenshots/PM/PM_1H_20260822_025036.png
 create mode 100644 charts/screenshots/PM/PM_4H_20260822_025036.png
 create mode 100644 charts/screenshots/PM/PM_Daily_20260822_025036.png
 create mode 100644 charts/screenshots/PM/PM_Monthly_20260822_025036.png
 create mode 100644 charts/screenshots/PM/PM_Weekly_20260822_025036.png
 delete mode 100644 charts/screenshots/PWR/PWR_1H_20260821_030936.png
 delete mode 100644 charts/screenshots/PWR/PWR_4H_20260821_030936.png
 delete mode 100644 charts/screenshots/PWR/PWR_Daily_20260821_030936.png
 delete mode 100644 charts/screenshots/PWR/PWR_Monthly_20260821_030936.png
 delete mode 100644 charts/screenshots/PWR/PWR_Weekly_20260821_030936.png
 delete mode 100644 charts/screenshots/QQQ/QQQ_1H_20260821_030858.png
 create mode 100644 charts/screenshots/QQQ/QQQ_1H_20260822_023628.png
 delete mode 100644 charts/screenshots/QQQ/QQQ_4H_20260821_030858.png
 create mode 100644 charts/screenshots/QQQ/QQQ_4H_20260822_023628.png
 delete mode 100644 charts/screenshots/QQQ/QQQ_Daily_20260821_030858.png
 create mode 100644 charts/screenshots/QQQ/QQQ_Daily_20260822_023628.png
 delete mode 100644 charts/screenshots/QQQ/QQQ_Monthly_20260821_030858.png
 create mode 100644 charts/screenshots/QQQ/QQQ_Monthly_20260822_023628.png
 delete mode 100644 charts/screenshots/QQQ/QQQ_Weekly_20260821_030858.png
 create mode 100644 charts/screenshots/QQQ/QQQ_Weekly_20260822_023628.png
 delete mode 100644 charts/screenshots/RTX/RTX_1H_20260821_023339.png
 create mode 100644 charts/screenshots/RTX/RTX_1H_20260822_022359.png
 delete mode 100644 charts/screenshots/RTX/RTX_4H_20260821_023339.png
 create mode 100644 charts/screenshots/RTX/RTX_4H_20260822_022359.png
 delete mode 100644 charts/screenshots/RTX/RTX_Daily_20260821_023339.png
 create mode 100644 charts/screenshots/RTX/RTX_Daily_20260822_022359.png
 delete mode 100644 charts/screenshots/RTX/RTX_Monthly_20260821_023339.png
 create mode 100644 charts/screenshots/RTX/RTX_Monthly_20260822_022359.png
 delete mode 100644 charts/screenshots/RTX/RTX_Weekly_20260821_023339.png
 create mode 100644 charts/screenshots/RTX/RTX_Weekly_20260822_022359.png
 create mode 100644 charts/screenshots/SBUX/SBUX_1H_20260822_030047.png
 create mode 100644 charts/screenshots/SBUX/SBUX_4H_20260822_030047.png
 create mode 100644 charts/screenshots/SBUX/SBUX_Daily_20260822_030047.png
 create mode 100644 charts/screenshots/SBUX/SBUX_Monthly_20260822_030047.png
 create mode 100644 charts/screenshots/SBUX/SBUX_Weekly_20260822_030047.png
 delete mode 100644 charts/screenshots/SCHW/SCHW_1H_20260821_023719.png
 create mode 100644 charts/screenshots/SCHW/SCHW_1H_20260822_023215.png
 delete mode 100644 charts/screenshots/SCHW/SCHW_4H_20260821_023719.png
 create mode 100644 charts/screenshots/SCHW/SCHW_4H_20260822_023215.png
 delete mode 100644 charts/screenshots/SCHW/SCHW_Daily_20260821_023719.png
 create mode 100644 charts/screenshots/SCHW/SCHW_Daily_20260822_023215.png
 delete mode 100644 charts/screenshots/SCHW/SCHW_Monthly_20260821_023719.png
 create mode 100644 charts/screenshots/SCHW/SCHW_Monthly_20260822_023215.png
 delete mode 100644 charts/screenshots/SCHW/SCHW_Weekly_20260821_023719.png
 create mode 100644 charts/screenshots/SCHW/SCHW_Weekly_20260822_023215.png
 delete mode 100644 charts/screenshots/SMCI/SMCI_1H_20260821_031050.png
 create mode 100644 charts/screenshots/SMCI/SMCI_1H_20260822_023952.png
 delete mode 100644 charts/screenshots/SMCI/SMCI_4H_20260821_031050.png
 create mode 100644 charts/screenshots/SMCI/SMCI_4H_20260822_023952.png
 delete mode 100644 charts/screenshots/SMCI/SMCI_Daily_20260821_031050.png
 create mode 100644 charts/screenshots/SMCI/SMCI_Daily_20260822_023952.png
 delete mode 100644 charts/screenshots/SMCI/SMCI_Monthly_20260821_031050.png
 create mode 100644 charts/screenshots/SMCI/SMCI_Monthly_20260822_023952.png
 delete mode 100644 charts/screenshots/SMCI/SMCI_Weekly_20260821_031050.png
 create mode 100644 charts/screenshots/SMCI/SMCI_Weekly_20260822_023952.png
 delete mode 100644 charts/screenshots/SPGI/SPGI_1H_20260821_031544.png
 delete mode 100644 charts/screenshots/SPGI/SPGI_4H_20260821_031544.png
 delete mode 100644 charts/screenshots/SPGI/SPGI_Daily_20260821_031544.png
 delete mode 100644 charts/screenshots/SPGI/SPGI_Monthly_20260821_031544.png
 delete mode 100644 charts/screenshots/SPGI/SPGI_Weekly_20260821_031544.png
 delete mode 100644 charts/screenshots/SPY/SPY_1H_20260821_030821.png
 create mode 100644 charts/screenshots/SPY/SPY_1H_20260822_030344.png
 delete mode 100644 charts/screenshots/SPY/SPY_4H_20260821_030821.png
 create mode 100644 charts/screenshots/SPY/SPY_4H_20260822_030344.png
 delete mode 100644 charts/screenshots/SPY/SPY_Daily_20260821_030821.png
 create mode 100644 charts/screenshots/SPY/SPY_Daily_20260822_030344.png
 delete mode 100644 charts/screenshots/SPY/SPY_Monthly_20260821_030821.png
 create mode 100644 charts/screenshots/SPY/SPY_Monthly_20260822_030344.png
 delete mode 100644 charts/screenshots/SPY/SPY_Weekly_20260821_030821.png
 create mode 100644 charts/screenshots/SPY/SPY_Weekly_20260822_030344.png
 delete mode 100644 charts/screenshots/STX/STX_1H_20260821_030516.png
 create mode 100644 charts/screenshots/STX/STX_1H_20260822_023327.png
 delete mode 100644 charts/screenshots/STX/STX_4H_20260821_030516.png
 create mode 100644 charts/screenshots/STX/STX_4H_20260822_023327.png
 delete mode 100644 charts/screenshots/STX/STX_Daily_20260821_030516.png
 create mode 100644 charts/screenshots/STX/STX_Daily_20260822_023327.png
 delete mode 100644 charts/screenshots/STX/STX_Monthly_20260821_030516.png
 create mode 100644 charts/screenshots/STX/STX_Monthly_20260822_023327.png
 delete mode 100644 charts/screenshots/STX/STX_Weekly_20260821_030516.png
 create mode 100644 charts/screenshots/STX/STX_Weekly_20260822_023327.png
 delete mode 100644 charts/screenshots/SYK/SYK_1H_20260821_031737.png
 create mode 100644 charts/screenshots/SYK/SYK_1H_20260822_024810.png
 delete mode 100644 charts/screenshots/SYK/SYK_4H_20260821_031737.png
 create mode 100644 charts/screenshots/SYK/SYK_4H_20260822_024810.png
 delete mode 100644 charts/screenshots/SYK/SYK_Daily_20260821_031737.png
 create mode 100644 charts/screenshots/SYK/SYK_Daily_20260822_024810.png
 delete mode 100644 charts/screenshots/SYK/SYK_Monthly_20260821_031737.png
 create mode 100644 charts/screenshots/SYK/SYK_Monthly_20260822_024810.png
 delete mode 100644 charts/screenshots/SYK/SYK_Weekly_20260821_031737.png
 create mode 100644 charts/screenshots/SYK/SYK_Weekly_20260822_024810.png
 delete mode 100644 charts/screenshots/T/T_1H_20260821_030630.png
 delete mode 100644 charts/screenshots/T/T_4H_20260821_030630.png
 delete mode 100644 charts/screenshots/T/T_Daily_20260821_030630.png
 delete mode 100644 charts/screenshots/T/T_Monthly_20260821_030630.png
 delete mode 100644 charts/screenshots/T/T_Weekly_20260821_030630.png
 delete mode 100644 charts/screenshots/TEAM/TEAM_1H_20260821_024828.png
 create mode 100644 charts/screenshots/TEAM/TEAM_1H_20260822_025113.png
 delete mode 100644 charts/screenshots/TEAM/TEAM_4H_20260821_024828.png
 create mode 100644 charts/screenshots/TEAM/TEAM_4H_20260822_025113.png
 delete mode 100644 charts/screenshots/TEAM/TEAM_Daily_20260821_024828.png
 create mode 100644 charts/screenshots/TEAM/TEAM_Daily_20260822_025113.png
 delete mode 100644 charts/screenshots/TEAM/TEAM_Monthly_20260821_024828.png
 create mode 100644 charts/screenshots/TEAM/TEAM_Monthly_20260822_025113.png
 delete mode 100644 charts/screenshots/TEAM/TEAM_Weekly_20260821_024828.png
 create mode 100644 charts/screenshots/TEAM/TEAM_Weekly_20260822_025113.png
 delete mode 100644 charts/screenshots/TER/TER_1H_20260821_025707.png
 create mode 100644 charts/screenshots/TER/TER_1H_20260822_023704.png
 delete mode 100644 charts/screenshots/TER/TER_4H_20260821_025707.png
 create mode 100644 charts/screenshots/TER/TER_4H_20260822_023704.png
 delete mode 100644 charts/screenshots/TER/TER_Daily_20260821_025707.png
 create mode 100644 charts/screenshots/TER/TER_Daily_20260822_023704.png
 delete mode 100644 charts/screenshots/TER/TER_Monthly_20260821_025707.png
 create mode 100644 charts/screenshots/TER/TER_Monthly_20260822_023704.png
 delete mode 100644 charts/screenshots/TER/TER_Weekly_20260821_025707.png
 create mode 100644 charts/screenshots/TER/TER_Weekly_20260822_023704.png
 delete mode 100644 charts/screenshots/TMO/TMO_1H_20260821_024137.png
 create mode 100644 charts/screenshots/TMO/TMO_1H_20260822_024702.png
 delete mode 100644 charts/screenshots/TMO/TMO_4H_20260821_024137.png
 create mode 100644 charts/screenshots/TMO/TMO_4H_20260822_024702.png
 delete mode 100644 charts/screenshots/TMO/TMO_Daily_20260821_024137.png
 create mode 100644 charts/screenshots/TMO/TMO_Daily_20260822_024702.png
 delete mode 100644 charts/screenshots/TMO/TMO_Monthly_20260821_024137.png
 create mode 100644 charts/screenshots/TMO/TMO_Monthly_20260822_024702.png
 delete mode 100644 charts/screenshots/TMO/TMO_Weekly_20260821_024137.png
 create mode 100644 charts/screenshots/TMO/TMO_Weekly_20260822_024702.png
 delete mode 100644 charts/screenshots/TRV/TRV_1H_20260821_031127.png
 delete mode 100644 charts/screenshots/TRV/TRV_4H_20260821_031127.png
 delete mode 100644 charts/screenshots/TRV/TRV_Daily_20260821_031127.png
 delete mode 100644 charts/screenshots/TRV/TRV_Monthly_20260821_031127.png
 delete mode 100644 charts/screenshots/TRV/TRV_Weekly_20260821_031127.png
 delete mode 100644 charts/screenshots/UBER/UBER_1H_20260821_030401.png
 create mode 100644 charts/screenshots/UBER/UBER_1H_20260822_025936.png
 delete mode 100644 charts/screenshots/UBER/UBER_4H_20260821_030401.png
 create mode 100644 charts/screenshots/UBER/UBER_4H_20260822_025936.png
 delete mode 100644 charts/screenshots/UBER/UBER_Daily_20260821_030401.png
 create mode 100644 charts/screenshots/UBER/UBER_Daily_20260822_025936.png
 delete mode 100644 charts/screenshots/UBER/UBER_Monthly_20260821_030401.png
 create mode 100644 charts/screenshots/UBER/UBER_Monthly_20260822_025936.png
 delete mode 100644 charts/screenshots/UBER/UBER_Weekly_20260821_030401.png
 create mode 100644 charts/screenshots/UBER/UBER_Weekly_20260822_025936.png
 delete mode 100644 charts/screenshots/UNH/UNH_1H_20260821_031814.png
 create mode 100644 charts/screenshots/UNH/UNH_1H_20260822_030157.png
 delete mode 100644 charts/screenshots/UNH/UNH_4H_20260821_031814.png
 create mode 100644 charts/screenshots/UNH/UNH_4H_20260822_030157.png
 delete mode 100644 charts/screenshots/UNH/UNH_Daily_20260821_031814.png
 create mode 100644 charts/screenshots/UNH/UNH_Daily_20260822_030157.png
 delete mode 100644 charts/screenshots/UNH/UNH_Monthly_20260821_031814.png
 create mode 100644 charts/screenshots/UNH/UNH_Monthly_20260822_030157.png
 delete mode 100644 charts/screenshots/UNH/UNH_Weekly_20260821_031814.png
 create mode 100644 charts/screenshots/UNH/UNH_Weekly_20260822_030157.png
 delete mode 100644 charts/screenshots/UNP/UNP_1H_20260821_025055.png
 create mode 100644 charts/screenshots/UNP/UNP_1H_20260822_030121.png
 delete mode 100644 charts/screenshots/UNP/UNP_4H_20260821_025055.png
 create mode 100644 charts/screenshots/UNP/UNP_4H_20260822_030121.png
 delete mode 100644 charts/screenshots/UNP/UNP_Daily_20260821_025055.png
 create mode 100644 charts/screenshots/UNP/UNP_Daily_20260822_030121.png
 delete mode 100644 charts/screenshots/UNP/UNP_Monthly_20260821_025055.png
 create mode 100644 charts/screenshots/UNP/UNP_Monthly_20260822_030121.png
 delete mode 100644 charts/screenshots/UNP/UNP_Weekly_20260821_025055.png
 create mode 100644 charts/screenshots/UNP/UNP_Weekly_20260822_030121.png
 delete mode 100644 charts/screenshots/V/V_1H_20260821_030132.png
 create mode 100644 charts/screenshots/V/V_1H_20260822_030754.png
 delete mode 100644 charts/screenshots/V/V_4H_20260821_030132.png
 create mode 100644 charts/screenshots/V/V_4H_20260822_030754.png
 delete mode 100644 charts/screenshots/V/V_Daily_20260821_030132.png
 create mode 100644 charts/screenshots/V/V_Daily_20260822_030754.png
 delete mode 100644 charts/screenshots/V/V_Monthly_20260821_030132.png
 create mode 100644 charts/screenshots/V/V_Monthly_20260822_030754.png
 delete mode 100644 charts/screenshots/V/V_Weekly_20260821_030132.png
 create mode 100644 charts/screenshots/V/V_Weekly_20260822_030754.png
 delete mode 100644 charts/screenshots/VLO/VLO_1H_20260821_023303.png
 create mode 100644 charts/screenshots/VLO/VLO_1H_20260822_022547.png
 delete mode 100644 charts/screenshots/VLO/VLO_4H_20260821_023303.png
 create mode 100644 charts/screenshots/VLO/VLO_4H_20260822_022547.png
 delete mode 100644 charts/screenshots/VLO/VLO_Daily_20260821_023303.png
 create mode 100644 charts/screenshots/VLO/VLO_Daily_20260822_022547.png
 delete mode 100644 charts/screenshots/VLO/VLO_Monthly_20260821_023303.png
 create mode 100644 charts/screenshots/VLO/VLO_Monthly_20260822_022547.png
 delete mode 100644 charts/screenshots/VLO/VLO_Weekly_20260821_023303.png
 create mode 100644 charts/screenshots/VLO/VLO_Weekly_20260822_022547.png
 delete mode 100644 charts/screenshots/VZ/VZ_1H_20260821_025745.png
 create mode 100644 charts/screenshots/VZ/VZ_1H_20260822_030419.png
 delete mode 100644 charts/screenshots/VZ/VZ_4H_20260821_025745.png
 create mode 100644 charts/screenshots/VZ/VZ_4H_20260822_030419.png
 delete mode 100644 charts/screenshots/VZ/VZ_Daily_20260821_025745.png
 create mode 100644 charts/screenshots/VZ/VZ_Daily_20260822_030419.png
 delete mode 100644 charts/screenshots/VZ/VZ_Monthly_20260821_025745.png
 create mode 100644 charts/screenshots/VZ/VZ_Monthly_20260822_030419.png
 delete mode 100644 charts/screenshots/VZ/VZ_Weekly_20260821_025745.png
 create mode 100644 charts/screenshots/VZ/VZ_Weekly_20260822_030419.png
 delete mode 100644 charts/screenshots/WDAY/WDAY_1H_20260821_023529.png
 create mode 100644 charts/screenshots/WDAY/WDAY_1H_20260822_022916.png
 delete mode 100644 charts/screenshots/WDAY/WDAY_4H_20260821_023529.png
 create mode 100644 charts/screenshots/WDAY/WDAY_4H_20260822_022916.png
 delete mode 100644 charts/screenshots/WDAY/WDAY_Daily_20260821_023529.png
 create mode 100644 charts/screenshots/WDAY/WDAY_Daily_20260822_022916.png
 delete mode 100644 charts/screenshots/WDAY/WDAY_Monthly_20260821_023529.png
 create mode 100644 charts/screenshots/WDAY/WDAY_Monthly_20260822_022916.png
 delete mode 100644 charts/screenshots/WDAY/WDAY_Weekly_20260821_023529.png
 create mode 100644 charts/screenshots/WDAY/WDAY_Weekly_20260822_022916.png
 delete mode 100644 charts/screenshots/WFC/WFC_1H_20260821_025823.png
 create mode 100644 charts/screenshots/WFC/WFC_1H_20260822_025149.png
 delete mode 100644 charts/screenshots/WFC/WFC_4H_20260821_025823.png
 create mode 100644 charts/screenshots/WFC/WFC_4H_20260822_025149.png
 delete mode 100644 charts/screenshots/WFC/WFC_Daily_20260821_025823.png
 create mode 100644 charts/screenshots/WFC/WFC_Daily_20260822_025149.png
 delete mode 100644 charts/screenshots/WFC/WFC_Monthly_20260821_025823.png
 create mode 100644 charts/screenshots/WFC/WFC_Monthly_20260822_025149.png
 delete mode 100644 charts/screenshots/WFC/WFC_Weekly_20260821_025823.png
 create mode 100644 charts/screenshots/WFC/WFC_Weekly_20260822_025149.png
 delete mode 100644 charts/screenshots/WYFI/WYFI_1H_20260821_032235.png
 create mode 100644 charts/screenshots/WYFI/WYFI_1H_20260822_031322.png
 delete mode 100644 charts/screenshots/WYFI/WYFI_4H_20260821_032235.png
 create mode 100644 charts/screenshots/WYFI/WYFI_4H_20260822_031322.png
 delete mode 100644 charts/screenshots/WYFI/WYFI_Daily_20260821_032235.png
 create mode 100644 charts/screenshots/WYFI/WYFI_Daily_20260822_031322.png
 delete mode 100644 charts/screenshots/WYFI/WYFI_Monthly_20260821_032235.png
 create mode 100644 charts/screenshots/WYFI/WYFI_Monthly_20260822_031322.png
 delete mode 100644 charts/screenshots/WYFI/WYFI_Weekly_20260821_032235.png
 create mode 100644 charts/screenshots/WYFI/WYFI_Weekly_20260822_031322.png
 delete mode 100644 charts/screenshots/XOM/XOM_1H_20260821_025438.png
 create mode 100644 charts/screenshots/XOM/XOM_1H_20260822_022622.png
 delete mode 100644 charts/screenshots/XOM/XOM_4H_20260821_025438.png
 create mode 100644 charts/screenshots/XOM/XOM_4H_20260822_022622.png
 delete mode 100644 charts/screenshots/XOM/XOM_Daily_20260821_025438.png
 create mode 100644 charts/screenshots/XOM/XOM_Daily_20260822_022622.png
 delete mode 100644 charts/screenshots/XOM/XOM_Monthly_20260821_025438.png
 create mode 100644 charts/screenshots/XOM/XOM_Monthly_20260822_022622.png
 delete mode 100644 charts/screenshots/XOM/XOM_Weekly_20260821_025438.png
 create mode 100644 charts/screenshots/XOM/XOM_Weekly_20260822_022622.png
[[SP500 차트분석]] GitHub 푸시 완료
[[SP500 차트분석]] Google Sheets 업데이트 완료
[Paper Trading] SP500 ranked_df 스냅샷 저장 완료 (129개 종목)

[요약] 파이프라인 완료 – 총 4147.7초 (69.13분) 소요
