[OHLCV] 배치 다운로드 1/4 (150개 종목, period=5y)...
[OHLCV] 배치 다운로드 2/4 (150개 종목, period=5y)...
[OHLCV] 배치 다운로드 3/4 (150개 종목, period=5y)...
[OHLCV] 배치 다운로드 4/4 (68개 종목, period=5y)...
[DataValidator] 10건의 데이터 품질 경고 발생
Warning:  CTRA: Close NaN 비율 100.0% (기준: 30%)
Warning:  GL: 비정상 가격 변동 53.1% (2024-04-11) — 스플릿/데이터 오류 가능
Warning:  HOLX: Close NaN 비율 100.0% (기준: 30%)
Warning:  PDD: 비정상 가격 변동 56.1% (2022-03-16) — 스플릿/데이터 오류 가능
Warning:  SOLV: Close NaN 비율 52.7% (기준: 30%)
Warning:  VLTO: Close NaN 비율 43.2% (기준: 30%)
Warning:  BK: Close NaN 비율 100.0% (기준: 30%)
Warning:  DAY: Close NaN 비율 100.0% (기준: 30%)
Warning:  GEV: Close NaN 비율 52.7% (기준: 30%)
Warning:  KVUE: Close NaN 비율 34.8% (기준: 30%)
[[SP500 분석]] 강한 섹터: {'Financials', 'Energy', 'Materials', 'Health Care'}
[[SP500 분석]] Extreme model 'label_low' walk-forward ROC 0.67, AP 0.41
[[SP500 분석]] Extreme model 'label_high' walk-forward ROC 0.57, AP 0.26
[[SP500 분석]] Google Sheets 업데이트 완료
[Insider] VLO 조회 실패 (무시): timed out
[Email] 바닥반등 20개 + 모멘텀 70개 = 총 90개 종목 리스트를 chunghwan14@gmail.com, roykim0311@gmail.com, ssamjungtan@naver.com로 발송 완료
[[SP500 분석]] Signals 결과 기반 차트분석 종목 리스트 생성 중...
[Dynamic Portfolio] 생성된 차트분석 종목 리스트(93개): ['NBM.V', 'CDNS', 'META', 'ARWR', 'AMAT', 'COF', 'PG', 'TMUS', 'PFE', 'C', 'WDC', 'STX', 'AVGO', 'HOOD', 'ASML', 'TER', 'FTNT', 'MRK', 'AMZN', 'PANW', 'ANET', 'GEV', 'HPE', 'WELL', 'MSFT', 'MA', 'EA', 'UNH', 'F', 'AMGN', 'COIN', 'GS', 'AXP', 'PYPL', 'BAC', 'GE', 'BKNG', 'DASH', 'BLK', 'TMO', 'BMY', 'MU', 'BRK-B', 'JNJ', 'BA', 'APH', 'AAPL', 'PM', 'MCHP', 'ETN', 'CVX', 'MPWR', 'LRCX', 'APP', 'DHR', 'AMD', 'COP', 'ABT', 'NXPI', 'CVS', 'IWM', 'DELL', 'SYK', 'VZ', 'CSCO', 'TSLA', 'TJX', 'CRWD', 'UNP', 'CAT', 'MELI', 'HON', 'LLY', 'SPGI', 'JPM', 'KO', 'QQQ', 'ABBV', 'MCK', 'MS', 'DDOG', 'VLO', 'V', 'RTX', 'LIN', 'WFC', 'SCHW', 'NVDA', 'FCX', 'XOM', 'SPY', 'TRV', 'PLD']
[[SP500 차트분석]] [SP500 분석] 결과 기반 [SP500 차트분석] 시트 생성 중 (93개 종목)...
[[SP500 차트분석]] [SP500 분석]에 없는 종목은 별도 분석: ['NBM.V', 'ARWR']
[DataValidator] 1건의 데이터 품질 경고 발생
Warning:  NBM.V: 비정상 가격 변동 56.3% (2024-09-25) — 스플릿/데이터 오류 가능
[[SP500 차트분석]] 강한 섹터: {'Financials', 'Energy', 'Materials', 'Health Care'}
[[SP500 차트분석]] Extreme model 'global' skipped: insufficient_tickers
[[SP500 차트분석]] 기존 차트 파일 삭제 중...
[[SP500 차트분석]] 차트 저장 디렉토리 준비 완료: charts/screenshots
[[SP500 차트분석]] TradingView 차트 캡처 시작...
[[SP500 차트분석]] 93개 종목 차트 캡처 중...
[TradingView] VLO 브라우저 세션 시작  (로그인 세션)...
[TradingView] 1H 캡처 완료 (60)
[TradingView] 4H 캡처 완료 (240)
[TradingView] Daily 캡처 완료 (D)
[TradingView] Weekly 캡처 완료 (W)
[TradingView] Monthly 캡처 완료 (M)
[[SP500 차트분석]] VLO 차트 5개 처리 완료
[TradingView] QQQ 브라우저 세션 시작  (로그인 세션)...
[TradingView] 1H 캡처 완료 (60)
[TradingView] 4H 캡처 완료 (240)
[TradingView] Daily 캡처 완료 (D)
[TradingView] Weekly 캡처 완료 (W)
[TradingView] Monthly 캡처 완료 (M)
[[SP500 차트분석]] QQQ 차트 5개 처리 완료
[TradingView] ABBV 브라우저 세션 시작  (로그인 세션)...
[TradingView] 1H 캡처 완료 (60)
[TradingView] 4H 캡처 완료 (240)
[TradingView] Daily 캡처 완료 (D)
[TradingView] Weekly 캡처 완료 (W)
[TradingView] Monthly 캡처 완료 (M)
[[SP500 차트분석]] ABBV 차트 5개 처리 완료
[TradingView] UNP 브라우저 세션 시작  (로그인 세션)...
[TradingView] 1H 캡처 완료 (60)
[TradingView] 4H 캡처 완료 (240)
[TradingView] Daily 캡처 완료 (D)
[TradingView] Weekly 캡처 완료 (W)
[TradingView] Monthly 캡처 완료 (M)
[[SP500 차트분석]] UNP 차트 5개 처리 완료
[TradingView] AMZN 브라우저 세션 시작  (로그인 세션)...
[TradingView] 1H 캡처 완료 (60)
[TradingView] 4H 캡처 완료 (240)
[TradingView] Daily 캡처 완료 (D)
[TradingView] Weekly 캡처 완료 (W)
[TradingView] Monthly 캡처 완료 (M)
[[SP500 차트분석]] AMZN 차트 5개 처리 완료
[TradingView] CVX 브라우저 세션 시작  (로그인 세션)...
[TradingView] 1H 캡처 완료 (60)
[TradingView] 4H 캡처 완료 (240)
[TradingView] Daily 캡처 완료 (D)
[TradingView] Weekly 캡처 완료 (W)
[TradingView] Monthly 캡처 완료 (M)
[[SP500 차트분석]] CVX 차트 5개 처리 완료
[TradingView] WELL 브라우저 세션 시작  (로그인 세션)...
[TradingView] 1H 캡처 완료 (60)
[TradingView] 4H 캡처 완료 (240)
[TradingView] Daily 캡처 완료 (D)
[TradingView] Weekly 캡처 완료 (W)
[TradingView] Monthly 캡처 완료 (M)
[[SP500 차트분석]] WELL 차트 5개 처리 완료
[TradingView] MU 브라우저 세션 시작  (로그인 세션)...
[TradingView] 1H 캡처 완료 (60)
[TradingView] 4H 캡처 완료 (240)
[TradingView] Daily 캡처 완료 (D)
[TradingView] Weekly 캡처 완료 (W)
[TradingView] Monthly 캡처 완료 (M)
[[SP500 차트분석]] MU 차트 5개 처리 완료
[TradingView] CVS 브라우저 세션 시작  (로그인 세션)...
[TradingView] 1H 캡처 완료 (60)
[TradingView] 4H 캡처 완료 (240)
[TradingView] Daily 캡처 완료 (D)
[TradingView] Weekly 캡처 완료 (W)
[TradingView] Monthly 캡처 완료 (M)
[[SP500 차트분석]] CVS 차트 5개 처리 완료
[TradingView] FTNT 브라우저 세션 시작  (로그인 세션)...
[TradingView] 1H 캡처 완료 (60)
[TradingView] 4H 캡처 완료 (240)
[TradingView] Daily 캡처 완료 (D)
[TradingView] Weekly 캡처 완료 (W)
[TradingView] Monthly 캡처 완료 (M)
[[SP500 차트분석]] FTNT 차트 5개 처리 완료
[TradingView] PYPL 브라우저 세션 시작  (로그인 세션)...
[TradingView] 1H 캡처 완료 (60)
[TradingView] 4H 캡처 완료 (240)
[TradingView] Daily 캡처 완료 (D)
[TradingView] Weekly 캡처 완료 (W)
[TradingView] Monthly 캡처 완료 (M)
[[SP500 차트분석]] PYPL 차트 5개 처리 완료
[TradingView] UNH 브라우저 세션 시작  (로그인 세션)...
[TradingView] 1H 캡처 완료 (60)
[TradingView] 4H 캡처 완료 (240)
[TradingView] Daily 캡처 완료 (D)
[TradingView] Weekly 캡처 완료 (W)
[TradingView] Monthly 캡처 완료 (M)
[[SP500 차트분석]] UNH 차트 5개 처리 완료
[TradingView] BRK-B 브라우저 세션 시작  (로그인 세션)...
[TradingView] 1H 캡처 완료 (60)
[TradingView] 4H 캡처 완료 (240)
[TradingView] Daily 캡처 완료 (D)
[TradingView] Weekly 캡처 완료 (W)
[TradingView] Monthly 캡처 완료 (M)
[[SP500 차트분석]] BRK-B 차트 5개 처리 완료
[TradingView] BAC 브라우저 세션 시작  (로그인 세션)...
[TradingView] 1H 캡처 완료 (60)
[TradingView] 4H 캡처 완료 (240)
[TradingView] Daily 캡처 완료 (D)
[TradingView] Weekly 캡처 완료 (W)
[TradingView] Monthly 캡처 완료 (M)
[[SP500 차트분석]] BAC 차트 5개 처리 완료
[TradingView] MA 브라우저 세션 시작  (로그인 세션)...
[TradingView] 1H 캡처 완료 (60)
[TradingView] 4H 캡처 완료 (240)
[TradingView] Daily 캡처 완료 (D)
[TradingView] Weekly 캡처 완료 (W)
[TradingView] Monthly 캡처 완료 (M)
[[SP500 차트분석]] MA 차트 5개 처리 완료
[TradingView] XOM 브라우저 세션 시작  (로그인 세션)...
[TradingView] 1H 캡처 완료 (60)
[TradingView] 4H 캡처 완료 (240)
[TradingView] Daily 캡처 완료 (D)
[TradingView] Weekly 캡처 완료 (W)
[TradingView] Monthly 캡처 완료 (M)
[[SP500 차트분석]] XOM 차트 5개 처리 완료
[TradingView] AMAT 브라우저 세션 시작  (로그인 세션)...
[TradingView] 1H 캡처 완료 (60)
[TradingView] 4H 캡처 완료 (240)
[TradingView] Daily 캡처 완료 (D)
[TradingView] Weekly 캡처 완료 (W)
[TradingView] Monthly 캡처 완료 (M)
[[SP500 차트분석]] AMAT 차트 5개 처리 완료
[TradingView] BLK 브라우저 세션 시작  (로그인 세션)...
[TradingView] 1H 캡처 완료 (60)
[TradingView] 4H 캡처 완료 (240)
[TradingView] Daily 캡처 완료 (D)
[TradingView] Weekly 캡처 완료 (W)
[TradingView] Monthly 캡처 완료 (M)
[[SP500 차트분석]] BLK 차트 5개 처리 완료
[TradingView] BMY 브라우저 세션 시작  (로그인 세션)...
[TradingView] 1H 캡처 완료 (60)
[TradingView] 4H 캡처 완료 (240)
[TradingView] Daily 캡처 완료 (D)
[TradingView] Weekly 캡처 완료 (W)
[TradingView] Monthly 캡처 완료 (M)
[[SP500 차트분석]] BMY 차트 5개 처리 완료
[TradingView] CRWD 브라우저 세션 시작  (로그인 세션)...
[TradingView] 1H 캡처 완료 (60)
[TradingView] 4H 캡처 완료 (240)
[TradingView] Daily 캡처 완료 (D)
[TradingView] Weekly 캡처 완료 (W)
[TradingView] Monthly 캡처 완료 (M)
[[SP500 차트분석]] CRWD 차트 5개 처리 완료
[TradingView] PANW 브라우저 세션 시작  (로그인 세션)...
[TradingView] 1H 캡처 완료 (60)
[TradingView] 4H 캡처 완료 (240)
[TradingView] Daily 캡처 완료 (D)
[TradingView] Weekly 캡처 완료 (W)
[TradingView] Monthly 캡처 완료 (M)
[[SP500 차트분석]] PANW 차트 5개 처리 완료
[TradingView] SCHW 브라우저 세션 시작  (로그인 세션)...
[TradingView] 1H 캡처 완료 (60)
[TradingView] 4H 캡처 완료 (240)
[TradingView] Daily 캡처 완료 (D)
[TradingView] Weekly 캡처 완료 (W)
[TradingView] Monthly 캡처 완료 (M)
[[SP500 차트분석]] SCHW 차트 5개 처리 완료
[TradingView] TMO 브라우저 세션 시작  (로그인 세션)...
[TradingView] 1H 캡처 완료 (60)
[TradingView] 4H 캡처 완료 (240)
[TradingView] Daily 캡처 완료 (D)
[TradingView] Weekly 캡처 완료 (W)
[TradingView] Monthly 캡처 완료 (M)
[[SP500 차트분석]] TMO 차트 5개 처리 완료
[TradingView] TRV 브라우저 세션 시작  (로그인 세션)...
[TradingView] 1H 캡처 완료 (60)
[TradingView] 4H 캡처 완료 (240)
[TradingView] Daily 캡처 완료 (D)
[TradingView] Weekly 캡처 완료 (W)
[TradingView] Monthly 캡처 완료 (M)
[[SP500 차트분석]] TRV 차트 5개 처리 완료
[TradingView] DDOG 브라우저 세션 시작  (로그인 세션)...
[TradingView] 1H 캡처 완료 (60)
[TradingView] 4H 캡처 완료 (240)
[TradingView] Daily 캡처 완료 (D)
[TradingView] Weekly 캡처 완료 (W)
[TradingView] Monthly 캡처 완료 (M)
[[SP500 차트분석]] DDOG 차트 5개 처리 완료
[TradingView] ETN 브라우저 세션 시작  (로그인 세션)...
[TradingView] 1H 캡처 완료 (60)
[TradingView] 4H 캡처 완료 (240)
[TradingView] Daily 캡처 완료 (D)
[TradingView] Weekly 캡처 완료 (W)
[TradingView] Monthly 캡처 완료 (M)
[[SP500 차트분석]] ETN 차트 5개 처리 완료
[TradingView] COP 브라우저 세션 시작  (로그인 세션)...
[TradingView] 1H 캡처 완료 (60)
[TradingView] 4H 캡처 완료 (240)
[TradingView] Daily 캡처 완료 (D)
[TradingView] Weekly 캡처 완료 (W)
[TradingView] Monthly 캡처 완료 (M)
[[SP500 차트분석]] COP 차트 5개 처리 완료
[TradingView] TJX 브라우저 세션 시작  (로그인 세션)...
[TradingView] 1H 캡처 완료 (60)
[TradingView] 4H 캡처 완료 (240)
[TradingView] Daily 캡처 완료 (D)
[TradingView] Weekly 캡처 완료 (W)
[TradingView] Monthly 캡처 완료 (M)
[[SP500 차트분석]] TJX 차트 5개 처리 완료
[TradingView] AAPL 브라우저 세션 시작  (로그인 세션)...
[TradingView] 1H 캡처 완료 (60)
[TradingView] 4H 캡처 완료 (240)
[TradingView] Daily 캡처 완료 (D)
[TradingView] Weekly 캡처 완료 (W)
[TradingView] Monthly 캡처 완료 (M)
[[SP500 차트분석]] AAPL 차트 5개 처리 완료
[TradingView] ANET 브라우저 세션 시작  (로그인 세션)...
[TradingView] 1H 캡처 완료 (60)
[TradingView] 4H 캡처 완료 (240)
[TradingView] Daily 캡처 완료 (D)
[TradingView] Weekly 캡처 완료 (W)
[TradingView] Monthly 캡처 완료 (M)
[[SP500 차트분석]] ANET 차트 5개 처리 완료
[TradingView] STX 브라우저 세션 시작  (로그인 세션)...
[TradingView] 1H 캡처 완료 (60)
[TradingView] 4H 캡처 완료 (240)
[TradingView] Daily 캡처 완료 (D)
[TradingView] Weekly 캡처 완료 (W)
[TradingView] Monthly 캡처 완료 (M)
[[SP500 차트분석]] STX 차트 5개 처리 완료
[TradingView] GS 브라우저 세션 시작  (로그인 세션)...
[TradingView] 1H 캡처 완료 (60)
[TradingView] 4H 캡처 완료 (240)
[TradingView] Daily 캡처 완료 (D)
[TradingView] Weekly 캡처 완료 (W)
[TradingView] Monthly 캡처 완료 (M)
[[SP500 차트분석]] GS 차트 5개 처리 완료
[TradingView] DELL 브라우저 세션 시작  (로그인 세션)...
[TradingView] 1H 캡처 완료 (60)
[TradingView] 4H 캡처 완료 (240)
[TradingView] Daily 캡처 완료 (D)
[TradingView] Weekly 캡처 완료 (W)
[TradingView] Monthly 캡처 완료 (M)
[[SP500 차트분석]] DELL 차트 5개 처리 완료
[TradingView] HON 브라우저 세션 시작  (로그인 세션)...
[TradingView] 1H 캡처 완료 (60)
[TradingView] 4H 캡처 완료 (240)
[TradingView] Daily 캡처 완료 (D)
[TradingView] Weekly 캡처 완료 (W)
[TradingView] Monthly 캡처 완료 (M)
[[SP500 차트분석]] HON 차트 5개 처리 완료
[TradingView] MCK 브라우저 세션 시작  (로그인 세션)...
[TradingView] 1H 캡처 완료 (60)
[TradingView] 4H 캡처 완료 (240)
[TradingView] Daily 캡처 완료 (D)
[TradingView] Weekly 캡처 완료 (W)
[TradingView] Monthly 캡처 완료 (M)
[[SP500 차트분석]] MCK 차트 5개 처리 완료
[TradingView] DASH 브라우저 세션 시작  (로그인 세션)...
[TradingView] 1H 캡처 완료 (60)
[TradingView] 4H 캡처 완료 (240)
[TradingView] Daily 캡처 완료 (D)
[TradingView] Weekly 캡처 완료 (W)
[TradingView] Monthly 캡처 완료 (M)
[[SP500 차트분석]] DASH 차트 5개 처리 완료
[TradingView] ABT 브라우저 세션 시작  (로그인 세션)...
[TradingView] 1H 캡처 완료 (60)
[TradingView] 4H 캡처 완료 (240)
[TradingView] Daily 캡처 완료 (D)
[TradingView] Weekly 캡처 완료 (W)
[TradingView] Monthly 캡처 완료 (M)
[[SP500 차트분석]] ABT 차트 5개 처리 완료
[TradingView] APH 브라우저 세션 시작  (로그인 세션)...
[TradingView] 1H 캡처 완료 (60)
[TradingView] 4H 캡처 완료 (240)
[TradingView] Daily 캡처 완료 (D)
[TradingView] Weekly 캡처 완료 (W)
[TradingView] Monthly 캡처 완료 (M)
[[SP500 차트분석]] APH 차트 5개 처리 완료
[TradingView] COF 브라우저 세션 시작  (로그인 세션)...
[TradingView] 1H 캡처 완료 (60)
[TradingView] 4H 캡처 완료 (240)
[TradingView] Daily 캡처 완료 (D)
[TradingView] Weekly 캡처 완료 (W)
[TradingView] Monthly 캡처 완료 (M)
[[SP500 차트분석]] COF 차트 5개 처리 완료
[TradingView] CSCO 브라우저 세션 시작  (로그인 세션)...
[TradingView] 1H 캡처 완료 (60)
[TradingView] 4H 캡처 완료 (240)
[TradingView] Daily 캡처 완료 (D)
[TradingView] Weekly 캡처 완료 (W)
[TradingView] Monthly 캡처 완료 (M)
[[SP500 차트분석]] CSCO 차트 5개 처리 완료
[TradingView] GE 브라우저 세션 시작  (로그인 세션)...
[TradingView] 1H 캡처 완료 (60)
[TradingView] 4H 캡처 완료 (240)
[TradingView] Daily 캡처 완료 (D)
[TradingView] Weekly 캡처 완료 (W)
[TradingView] Monthly 캡처 완료 (M)
[[SP500 차트분석]] GE 차트 5개 처리 완료
[TradingView] KO 브라우저 세션 시작  (로그인 세션)...
[TradingView] 1H 캡처 완료 (60)
[TradingView] 4H 캡처 완료 (240)
[TradingView] Daily 캡처 완료 (D)
[TradingView] Weekly 캡처 완료 (W)
[TradingView] Monthly 캡처 완료 (M)
[[SP500 차트분석]] KO 차트 5개 처리 완료
[TradingView] V 브라우저 세션 시작  (로그인 세션)...
[TradingView] 1H 캡처 완료 (60)
[TradingView] 4H 캡처 완료 (240)
[TradingView] Daily 캡처 완료 (D)
[TradingView] Weekly 캡처 완료 (W)
[TradingView] Monthly 캡처 완료 (M)
[[SP500 차트분석]] V 차트 5개 처리 완료
[TradingView] BKNG 브라우저 세션 시작  (로그인 세션)...
[TradingView] 1H 캡처 완료 (60)
[TradingView] 4H 캡처 완료 (240)
[TradingView] Daily 캡처 완료 (D)
[TradingView] Weekly 캡처 완료 (W)
[TradingView] Monthly 캡처 완료 (M)
[[SP500 차트분석]] BKNG 차트 5개 처리 완료
[TradingView] AMGN 브라우저 세션 시작  (로그인 세션)...
[TradingView] 1H 캡처 완료 (60)
[TradingView] 4H 캡처 완료 (240)
[TradingView] Daily 캡처 완료 (D)
[TradingView] Weekly 캡처 완료 (W)
[TradingView] Monthly 캡처 완료 (M)
[[SP500 차트분석]] AMGN 차트 5개 처리 완료
[TradingView] PG 브라우저 세션 시작  (로그인 세션)...
[TradingView] 1H 캡처 완료 (60)
[TradingView] 4H 캡처 완료 (240)
[TradingView] Daily 캡처 완료 (D)
[TradingView] Weekly 캡처 완료 (W)
[TradingView] Monthly 캡처 완료 (M)
[[SP500 차트분석]] PG 차트 5개 처리 완료
[TradingView] HOOD 브라우저 세션 시작  (로그인 세션)...
[TradingView] 1H 캡처 완료 (60)
[TradingView] 4H 캡처 완료 (240)
[TradingView] Daily 캡처 완료 (D)
[TradingView] Weekly 캡처 완료 (W)
[TradingView] Monthly 캡처 완료 (M)
[[SP500 차트분석]] HOOD 차트 5개 처리 완료
[TradingView] IWM 브라우저 세션 시작  (로그인 세션)...
[TradingView] 1H 캡처 완료 (60)
[TradingView] 4H 캡처 완료 (240)
[TradingView] Daily 캡처 완료 (D)
[TradingView] Weekly 캡처 완료 (W)
[TradingView] Monthly 캡처 완료 (M)
[[SP500 차트분석]] IWM 차트 5개 처리 완료
[TradingView] NVDA 브라우저 세션 시작  (로그인 세션)...
[TradingView] 1H 캡처 완료 (60)
[TradingView] 4H 캡처 완료 (240)
[TradingView] Daily 캡처 완료 (D)
[TradingView] Weekly 캡처 완료 (W)
[TradingView] Monthly 캡처 완료 (M)
[[SP500 차트분석]] NVDA 차트 5개 처리 완료
[TradingView] MELI 브라우저 세션 시작  (로그인 세션)...
[TradingView] 1H 캡처 완료 (60)
[TradingView] 4H 캡처 완료 (240)
[TradingView] Daily 캡처 완료 (D)
[TradingView] Weekly 캡처 완료 (W)
[TradingView] Monthly 캡처 완료 (M)
[[SP500 차트분석]] MELI 차트 5개 처리 완료
[TradingView] AMD 브라우저 세션 시작  (로그인 세션)...
[TradingView] 1H 캡처 완료 (60)
[TradingView] 4H 캡처 완료 (240)
[TradingView] Daily 캡처 완료 (D)
[TradingView] Weekly 캡처 완료 (W)
[TradingView] Monthly 캡처 완료 (M)
[[SP500 차트분석]] AMD 차트 5개 처리 완료
[TradingView] AXP 브라우저 세션 시작  (로그인 세션)...
[TradingView] 1H 캡처 완료 (60)
[TradingView] 4H 캡처 완료 (240)
[TradingView] Daily 캡처 완료 (D)
[TradingView] Weekly 캡처 완료 (W)
[TradingView] Monthly 캡처 완료 (M)
[[SP500 차트분석]] AXP 차트 5개 처리 완료
[TradingView] AVGO 브라우저 세션 시작  (로그인 세션)...
[TradingView] 1H 캡처 완료 (60)
[TradingView] 4H 캡처 완료 (240)
[TradingView] Daily 캡처 완료 (D)
[TradingView] Weekly 캡처 완료 (W)
[TradingView] Monthly 캡처 완료 (M)
[[SP500 차트분석]] AVGO 차트 5개 처리 완료
[TradingView] FCX 브라우저 세션 시작  (로그인 세션)...
[TradingView] 1H 캡처 완료 (60)
[TradingView] 4H 캡처 완료 (240)
[TradingView] Daily 캡처 완료 (D)
[TradingView] Weekly 캡처 완료 (W)
[TradingView] Monthly 캡처 완료 (M)
[[SP500 차트분석]] FCX 차트 5개 처리 완료
[TradingView] MSFT 브라우저 세션 시작  (로그인 세션)...
[TradingView] 1H 캡처 완료 (60)
[TradingView] 4H 캡처 완료 (240)
[TradingView] Daily 캡처 완료 (D)
[TradingView] Weekly 캡처 완료 (W)
[TradingView] Monthly 캡처 완료 (M)
[[SP500 차트분석]] MSFT 차트 5개 처리 완료
[TradingView] RTX 브라우저 세션 시작  (로그인 세션)...
[TradingView] 1H 캡처 완료 (60)
[TradingView] 4H 캡처 완료 (240)
[TradingView] Daily 캡처 완료 (D)
[TradingView] Weekly 캡처 완료 (W)
[TradingView] Monthly 캡처 완료 (M)
[[SP500 차트분석]] RTX 차트 5개 처리 완료
[TradingView] ASML 브라우저 세션 시작  (로그인 세션)...
[TradingView] 1H 캡처 완료 (60)
[TradingView] 4H 캡처 완료 (240)
[TradingView] Daily 캡처 완료 (D)
[TradingView] Weekly 캡처 완료 (W)
[TradingView] Monthly 캡처 완료 (M)
[[SP500 차트분석]] ASML 차트 5개 처리 완료
[TradingView] LLY 브라우저 세션 시작  (로그인 세션)...
[TradingView] 1H 캡처 완료 (60)
[TradingView] 4H 캡처 완료 (240)
[TradingView] Daily 캡처 완료 (D)
[TradingView] Weekly 캡처 완료 (W)
[TradingView] Monthly 캡처 완료 (M)
[[SP500 차트분석]] LLY 차트 5개 처리 완료
[TradingView] SYK 브라우저 세션 시작  (로그인 세션)...
[TradingView] 1H 캡처 완료 (60)
[TradingView] 4H 캡처 완료 (240)
[TradingView] Daily 캡처 완료 (D)
[TradingView] Weekly 캡처 완료 (W)
[TradingView] Monthly 캡처 완료 (M)
[[SP500 차트분석]] SYK 차트 5개 처리 완료
[TradingView] DHR 브라우저 세션 시작  (로그인 세션)...
[TradingView] 1H 캡처 완료 (60)
[TradingView] 4H 캡처 완료 (240)
[TradingView] Daily 캡처 완료 (D)
[TradingView] Weekly 캡처 완료 (W)
[TradingView] Monthly 캡처 완료 (M)
[[SP500 차트분석]] DHR 차트 5개 처리 완료
[TradingView] JNJ 브라우저 세션 시작  (로그인 세션)...
[TradingView] 1H 캡처 완료 (60)
[TradingView] 4H 캡처 완료 (240)
[TradingView] Daily 캡처 완료 (D)
[TradingView] Weekly 캡처 완료 (W)
[TradingView] Monthly 캡처 완료 (M)
[[SP500 차트분석]] JNJ 차트 5개 처리 완료
[TradingView] JPM 브라우저 세션 시작  (로그인 세션)...
[TradingView] 1H 캡처 완료 (60)
[TradingView] 4H 캡처 완료 (240)
[TradingView] Daily 캡처 완료 (D)
[TradingView] Weekly 캡처 완료 (W)
[TradingView] Monthly 캡처 완료 (M)
[[SP500 차트분석]] JPM 차트 5개 처리 완료
[TradingView] MRK 브라우저 세션 시작  (로그인 세션)...
[TradingView] 1H 캡처 완료 (60)
[TradingView] 4H 캡처 완료 (240)
[TradingView] Daily 캡처 완료 (D)
[TradingView] Weekly 캡처 완료 (W)
[TradingView] Monthly 캡처 완료 (M)
[[SP500 차트분석]] MRK 차트 5개 처리 완료
[TradingView] PM 브라우저 세션 시작  (로그인 세션)...
[TradingView] 1H 캡처 완료 (60)
[TradingView] 4H 캡처 완료 (240)
[TradingView] Daily 캡처 완료 (D)
[TradingView] Weekly 캡처 완료 (W)
[TradingView] Monthly 캡처 완료 (M)
[[SP500 차트분석]] PM 차트 5개 처리 완료
[TradingView] VZ 브라우저 세션 시작  (로그인 세션)...
[TradingView] 1H 캡처 완료 (60)
[TradingView] 4H 캡처 완료 (240)
[TradingView] Daily 캡처 완료 (D)
[TradingView] Weekly 캡처 완료 (W)
[TradingView] Monthly 캡처 완료 (M)
[[SP500 차트분석]] VZ 차트 5개 처리 완료
[TradingView] HPE 브라우저 세션 시작  (로그인 세션)...
[TradingView] 1H 캡처 완료 (60)
[TradingView] 4H 캡처 완료 (240)
[TradingView] Daily 캡처 완료 (D)
[TradingView] Weekly 캡처 완료 (W)
[TradingView] Monthly 캡처 완료 (M)
[[SP500 차트분석]] HPE 차트 5개 처리 완료
[TradingView] C 브라우저 세션 시작  (로그인 세션)...
[TradingView] 1H 캡처 완료 (60)
[TradingView] 4H 캡처 완료 (240)
[TradingView] Daily 캡처 완료 (D)
[TradingView] Weekly 캡처 완료 (W)
[TradingView] Monthly 캡처 완료 (M)
[[SP500 차트분석]] C 차트 5개 처리 완료
[TradingView] TER 브라우저 세션 시작  (로그인 세션)...
[TradingView] 1H 캡처 완료 (60)
[TradingView] 4H 캡처 완료 (240)
[TradingView] Daily 캡처 완료 (D)
[TradingView] Weekly 캡처 완료 (W)
[TradingView] Monthly 캡처 완료 (M)
[[SP500 차트분석]] TER 차트 5개 처리 완료
[TradingView] SPY 브라우저 세션 시작  (로그인 세션)...
[TradingView] 1H 캡처 완료 (60)
[TradingView] 4H 캡처 완료 (240)
[TradingView] Daily 캡처 완료 (D)
[TradingView] Weekly 캡처 완료 (W)
[TradingView] Monthly 캡처 완료 (M)
[[SP500 차트분석]] SPY 차트 5개 처리 완료
[TradingView] BA 브라우저 세션 시작  (로그인 세션)...
[TradingView] 1H 캡처 완료 (60)
[TradingView] 4H 캡처 완료 (240)
[TradingView] Daily 캡처 완료 (D)
[TradingView] Weekly 캡처 완료 (W)
[TradingView] Monthly 캡처 완료 (M)
[[SP500 차트분석]] BA 차트 5개 처리 완료
[TradingView] LRCX 브라우저 세션 시작  (로그인 세션)...
[TradingView] 1H 캡처 완료 (60)
[TradingView] 4H 캡처 완료 (240)
[TradingView] Daily 캡처 완료 (D)
[TradingView] Weekly 캡처 완료 (W)
[TradingView] Monthly 캡처 완료 (M)
[[SP500 차트분석]] LRCX 차트 5개 처리 완료
[TradingView] EA 브라우저 세션 시작  (로그인 세션)...
[TradingView] 1H 캡처 완료 (60)
[TradingView] 4H 캡처 완료 (240)
[TradingView] Daily 캡처 완료 (D)
[TradingView] Weekly 캡처 완료 (W)
[TradingView] Monthly 캡처 완료 (M)
[[SP500 차트분석]] EA 차트 5개 처리 완료
[TradingView] PFE 브라우저 세션 시작  (로그인 세션)...
[TradingView] 1H 캡처 완료 (60)
[TradingView] 4H 캡처 완료 (240)
[TradingView] Daily 캡처 완료 (D)
[TradingView] Weekly 캡처 완료 (W)
[TradingView] Monthly 캡처 완료 (M)
[[SP500 차트분석]] PFE 차트 5개 처리 완료
[TradingView] SPGI 브라우저 세션 시작  (로그인 세션)...
[TradingView] 1H 캡처 완료 (60)
[TradingView] 4H 캡처 완료 (240)
[TradingView] Daily 캡처 완료 (D)
[TradingView] Weekly 캡처 완료 (W)
[TradingView] Monthly 캡처 완료 (M)
[[SP500 차트분석]] SPGI 차트 5개 처리 완료
[TradingView] PLD 브라우저 세션 시작  (로그인 세션)...
[TradingView] 1H 캡처 완료 (60)
[TradingView] 4H 캡처 완료 (240)
[TradingView] Daily 캡처 완료 (D)
[TradingView] Weekly 캡처 완료 (W)
[TradingView] Monthly 캡처 완료 (M)
[[SP500 차트분석]] PLD 차트 5개 처리 완료
[TradingView] MCHP 브라우저 세션 시작  (로그인 세션)...
[TradingView] 1H 캡처 완료 (60)
[TradingView] 4H 캡처 완료 (240)
[TradingView] Daily 캡처 완료 (D)
[TradingView] Weekly 캡처 완료 (W)
[TradingView] Monthly 캡처 완료 (M)
[[SP500 차트분석]] MCHP 차트 5개 처리 완료
[TradingView] MS 브라우저 세션 시작  (로그인 세션)...
[TradingView] 1H 캡처 완료 (60)
[TradingView] 4H 캡처 완료 (240)
[TradingView] Daily 캡처 완료 (D)
[TradingView] Weekly 캡처 완료 (W)
[TradingView] Monthly 캡처 완료 (M)
[[SP500 차트분석]] MS 차트 5개 처리 완료
[TradingView] WFC 브라우저 세션 시작  (로그인 세션)...
[TradingView] 1H 캡처 완료 (60)
[TradingView] 4H 캡처 완료 (240)
[TradingView] Daily 캡처 완료 (D)
[TradingView] Weekly 캡처 완료 (W)
[TradingView] Monthly 캡처 완료 (M)
[[SP500 차트분석]] WFC 차트 5개 처리 완료
[TradingView] MPWR 브라우저 세션 시작  (로그인 세션)...
[TradingView] 1H 캡처 완료 (60)
[TradingView] 4H 캡처 완료 (240)
[TradingView] Daily 캡처 완료 (D)
[TradingView] Weekly 캡처 완료 (W)
[TradingView] Monthly 캡처 완료 (M)
[[SP500 차트분석]] MPWR 차트 5개 처리 완료
[TradingView] F 브라우저 세션 시작  (로그인 세션)...
[TradingView] 1H 캡처 완료 (60)
[TradingView] 4H 캡처 완료 (240)
[TradingView] Daily 캡처 완료 (D)
[TradingView] Weekly 캡처 완료 (W)
[TradingView] Monthly 캡처 완료 (M)
[[SP500 차트분석]] F 차트 5개 처리 완료
[TradingView] CAT 브라우저 세션 시작  (로그인 세션)...
[TradingView] 1H 캡처 완료 (60)
[TradingView] 4H 캡처 완료 (240)
[TradingView] Daily 캡처 완료 (D)
[TradingView] Weekly 캡처 완료 (W)
[TradingView] Monthly 캡처 완료 (M)
[[SP500 차트분석]] CAT 차트 5개 처리 완료
[TradingView] GEV 브라우저 세션 시작  (로그인 세션)...
[TradingView] 1H 캡처 완료 (60)
[TradingView] 4H 캡처 완료 (240)
[TradingView] Daily 캡처 완료 (D)
[TradingView] Weekly 캡처 완료 (W)
[TradingView] Monthly 캡처 완료 (M)
[[SP500 차트분석]] GEV 차트 5개 처리 완료
[TradingView] LIN 브라우저 세션 시작  (로그인 세션)...
[TradingView] 1H 캡처 완료 (60)
[TradingView] 4H 캡처 완료 (240)
[TradingView] Daily 캡처 완료 (D)
[TradingView] Weekly 캡처 완료 (W)
[TradingView] Monthly 캡처 완료 (M)
[[SP500 차트분석]] LIN 차트 5개 처리 완료
[TradingView] TSLA 브라우저 세션 시작  (로그인 세션)...
[TradingView] 1H 캡처 완료 (60)
[TradingView] 4H 캡처 완료 (240)
[TradingView] Daily 캡처 완료 (D)
[TradingView] Weekly 캡처 완료 (W)
[TradingView] Monthly 캡처 완료 (M)
[[SP500 차트분석]] TSLA 차트 5개 처리 완료
[TradingView] META 브라우저 세션 시작  (로그인 세션)...
[TradingView] 1H 캡처 완료 (60)
[TradingView] 4H 캡처 완료 (240)
[TradingView] Daily 캡처 완료 (D)
[TradingView] Weekly 캡처 완료 (W)
[TradingView] Monthly 캡처 완료 (M)
[[SP500 차트분석]] META 차트 5개 처리 완료
[TradingView] APP 브라우저 세션 시작  (로그인 세션)...
[TradingView] 1H 캡처 완료 (60)
[TradingView] 4H 캡처 완료 (240)
[TradingView] Daily 캡처 완료 (D)
[TradingView] Weekly 캡처 완료 (W)
[TradingView] Monthly 캡처 완료 (M)
[[SP500 차트분석]] APP 차트 5개 처리 완료
[TradingView] WDC 브라우저 세션 시작  (로그인 세션)...
[TradingView] 1H 캡처 완료 (60)
[TradingView] 4H 캡처 완료 (240)
[TradingView] Daily 캡처 완료 (D)
[TradingView] Weekly 캡처 완료 (W)
[TradingView] Monthly 캡처 완료 (M)
[[SP500 차트분석]] WDC 차트 5개 처리 완료
[TradingView] NXPI 브라우저 세션 시작  (로그인 세션)...
[TradingView] 1H 캡처 완료 (60)
[TradingView] 4H 캡처 완료 (240)
[TradingView] Daily 캡처 완료 (D)
[TradingView] Weekly 캡처 완료 (W)
[TradingView] Monthly 캡처 완료 (M)
[[SP500 차트분석]] NXPI 차트 5개 처리 완료
[TradingView] COIN 브라우저 세션 시작  (로그인 세션)...
[TradingView] 1H 캡처 완료 (60)
[TradingView] 4H 캡처 완료 (240)
[TradingView] Daily 캡처 완료 (D)
[TradingView] Weekly 캡처 완료 (W)
[TradingView] Monthly 캡처 완료 (M)
[[SP500 차트분석]] COIN 차트 5개 처리 완료
[TradingView] TMUS 브라우저 세션 시작  (로그인 세션)...
[TradingView] 1H 캡처 완료 (60)
[TradingView] 4H 캡처 완료 (240)
[TradingView] Daily 캡처 완료 (D)
[TradingView] Weekly 캡처 완료 (W)
[TradingView] Monthly 캡처 완료 (M)
[[SP500 차트분석]] TMUS 차트 5개 처리 완료
[TradingView] CDNS 브라우저 세션 시작  (로그인 세션)...
[TradingView] 1H 캡처 완료 (60)
[TradingView] 4H 캡처 완료 (240)
[TradingView] Daily 캡처 완료 (D)
[TradingView] Weekly 캡처 완료 (W)
[TradingView] Monthly 캡처 완료 (M)
[[SP500 차트분석]] CDNS 차트 5개 처리 완료
[TradingView] ARWR 브라우저 세션 시작  (로그인 세션)...
[TradingView] 1H 캡처 완료 (60)
[TradingView] 4H 캡처 완료 (240)
[TradingView] Daily 캡처 완료 (D)
[TradingView] Weekly 캡처 완료 (W)
[TradingView] Monthly 캡처 완료 (M)
[[SP500 차트분석]] ARWR 차트 5개 처리 완료
[TradingView] 티커 매핑 적용: NBM.V -> NBM
[TradingView] NBM.V 브라우저 세션 시작  (로그인 세션)...
[TradingView] 1H 캡처 완료 (60)
[TradingView] 4H 캡처 완료 (240)
[TradingView] Daily 캡처 완료 (D)
[TradingView] Weekly 캡처 완료 (W)
[TradingView] Monthly 캡처 완료 (M)
[[SP500 차트분석]] NBM.V 차트 5개 처리 완료
[[SP500 차트분석]] 차트 캡처 완료
[[SP500 차트분석]] GitHub에 차트 이미지 푸시 중...
rm 'charts/screenshots/AAPL/AAPL_1H_20260808_031315.png'
rm 'charts/screenshots/AAPL/AAPL_4H_20260808_031315.png'
rm 'charts/screenshots/AAPL/AAPL_Daily_20260808_031315.png'
rm 'charts/screenshots/AAPL/AAPL_Monthly_20260808_031315.png'
rm 'charts/screenshots/AAPL/AAPL_Weekly_20260808_031315.png'
rm 'charts/screenshots/ABBV/ABBV_1H_20260808_025649.png'
rm 'charts/screenshots/ABBV/ABBV_4H_20260808_025649.png'
rm 'charts/screenshots/ABBV/ABBV_Daily_20260808_025649.png'
rm 'charts/screenshots/ABBV/ABBV_Monthly_20260808_025649.png'
rm 'charts/screenshots/ABBV/ABBV_Weekly_20260808_025649.png'
rm 'charts/screenshots/ABT/ABT_1H_20260808_031909.png'
rm 'charts/screenshots/ABT/ABT_4H_20260808_031909.png'
rm 'charts/screenshots/ABT/ABT_Daily_20260808_031909.png'
rm 'charts/screenshots/ABT/ABT_Monthly_20260808_031909.png'
rm 'charts/screenshots/ABT/ABT_Weekly_20260808_031909.png'
rm 'charts/screenshots/AMAT/AMAT_1H_20260808_030601.png'
rm 'charts/screenshots/AMAT/AMAT_4H_20260808_030601.png'
rm 'charts/screenshots/AMAT/AMAT_Daily_20260808_030601.png'
rm 'charts/screenshots/AMAT/AMAT_Monthly_20260808_030601.png'
rm 'charts/screenshots/AMAT/AMAT_Weekly_20260808_030601.png'
rm 'charts/screenshots/AMD/AMD_1H_20260808_032827.png'
rm 'charts/screenshots/AMD/AMD_4H_20260808_032827.png'
rm 'charts/screenshots/AMD/AMD_Daily_20260808_032827.png'
rm 'charts/screenshots/AMD/AMD_Monthly_20260808_032827.png'
rm 'charts/screenshots/AMD/AMD_Weekly_20260808_032827.png'
rm 'charts/screenshots/AMGN/AMGN_1H_20260808_032427.png'
rm 'charts/screenshots/AMGN/AMGN_4H_20260808_032427.png'
rm 'charts/screenshots/AMGN/AMGN_Daily_20260808_032427.png'
rm 'charts/screenshots/AMGN/AMGN_Monthly_20260808_032427.png'
rm 'charts/screenshots/AMGN/AMGN_Weekly_20260808_032427.png'
rm 'charts/screenshots/AMZN/AMZN_1H_20260808_025809.png'
rm 'charts/screenshots/AMZN/AMZN_4H_20260808_025809.png'
rm 'charts/screenshots/AMZN/AMZN_Daily_20260808_025809.png'
rm 'charts/screenshots/AMZN/AMZN_Monthly_20260808_025809.png'
rm 'charts/screenshots/AMZN/AMZN_Weekly_20260808_025809.png'
rm 'charts/screenshots/ANET/ANET_1H_20260808_031354.png'
rm 'charts/screenshots/ANET/ANET_4H_20260808_031354.png'
rm 'charts/screenshots/ANET/ANET_Daily_20260808_031354.png'
rm 'charts/screenshots/ANET/ANET_Monthly_20260808_031354.png'
rm 'charts/screenshots/ANET/ANET_Weekly_20260808_031354.png'
rm 'charts/screenshots/APH/APH_1H_20260808_031949.png'
rm 'charts/screenshots/APH/APH_4H_20260808_031949.png'
rm 'charts/screenshots/APH/APH_Daily_20260808_031949.png'
rm 'charts/screenshots/APH/APH_Monthly_20260808_031949.png'
rm 'charts/screenshots/APH/APH_Weekly_20260808_031949.png'
rm 'charts/screenshots/APP/APP_1H_20260808_035057.png'
rm 'charts/screenshots/APP/APP_4H_20260808_035057.png'
rm 'charts/screenshots/APP/APP_Daily_20260808_035057.png'
rm 'charts/screenshots/APP/APP_Monthly_20260808_035057.png'
rm 'charts/screenshots/APP/APP_Weekly_20260808_035057.png'
rm 'charts/screenshots/ASML/ASML_1H_20260808_033222.png'
rm 'charts/screenshots/ASML/ASML_4H_20260808_033222.png'
rm 'charts/screenshots/ASML/ASML_Daily_20260808_033222.png'
rm 'charts/screenshots/ASML/ASML_Monthly_20260808_033222.png'
rm 'charts/screenshots/ASML/ASML_Weekly_20260808_033222.png'
rm 'charts/screenshots/AVGO/AVGO_1H_20260808_032945.png'
rm 'charts/screenshots/AVGO/AVGO_4H_20260808_032945.png'
rm 'charts/screenshots/AVGO/AVGO_Daily_20260808_032945.png'
rm 'charts/screenshots/AVGO/AVGO_Monthly_20260808_032945.png'
rm 'charts/screenshots/AVGO/AVGO_Weekly_20260808_032945.png'
rm 'charts/screenshots/AXP/AXP_1H_20260808_032906.png'
rm 'charts/screenshots/AXP/AXP_4H_20260808_032906.png'
rm 'charts/screenshots/AXP/AXP_Daily_20260808_032906.png'
rm 'charts/screenshots/AXP/AXP_Monthly_20260808_032906.png'
rm 'charts/screenshots/AXP/AXP_Weekly_20260808_032906.png'
rm 'charts/screenshots/BA/BA_1H_20260808_034100.png'
rm 'charts/screenshots/BA/BA_4H_20260808_034100.png'
rm 'charts/screenshots/BA/BA_Daily_20260808_034100.png'
rm 'charts/screenshots/BA/BA_Monthly_20260808_034100.png'
rm 'charts/screenshots/BA/BA_Weekly_20260808_034100.png'
rm 'charts/screenshots/BAC/BAC_1H_20260808_030444.png'
rm 'charts/screenshots/BAC/BAC_4H_20260808_030444.png'
rm 'charts/screenshots/BAC/BAC_Daily_20260808_030444.png'
rm 'charts/screenshots/BAC/BAC_Monthly_20260808_030444.png'
rm 'charts/screenshots/BAC/BAC_Weekly_20260808_030444.png'
rm 'charts/screenshots/BKNG/BKNG_1H_20260808_032348.png'
rm 'charts/screenshots/BKNG/BKNG_4H_20260808_032348.png'
rm 'charts/screenshots/BKNG/BKNG_Daily_20260808_032348.png'
rm 'charts/screenshots/BKNG/BKNG_Monthly_20260808_032348.png'
rm 'charts/screenshots/BKNG/BKNG_Weekly_20260808_032348.png'
rm 'charts/screenshots/BLK/BLK_1H_20260808_030640.png'
rm 'charts/screenshots/BLK/BLK_4H_20260808_030640.png'
rm 'charts/screenshots/BLK/BLK_Daily_20260808_030640.png'
rm 'charts/screenshots/BLK/BLK_Monthly_20260808_030640.png'
rm 'charts/screenshots/BLK/BLK_Weekly_20260808_030640.png'
rm 'charts/screenshots/BMY/BMY_1H_20260808_030720.png'
rm 'charts/screenshots/BMY/BMY_4H_20260808_030720.png'
rm 'charts/screenshots/BMY/BMY_Daily_20260808_030720.png'
rm 'charts/screenshots/BMY/BMY_Monthly_20260808_030720.png'
rm 'charts/screenshots/BMY/BMY_Weekly_20260808_030720.png'
rm 'charts/screenshots/BRK-B/BRK-B_1H_20260808_030404.png'
rm 'charts/screenshots/BRK-B/BRK-B_4H_20260808_030404.png'
rm 'charts/screenshots/BRK-B/BRK-B_Daily_20260808_030404.png'
rm 'charts/screenshots/BRK-B/BRK-B_Monthly_20260808_030404.png'
rm 'charts/screenshots/BRK-B/BRK-B_Weekly_20260808_030404.png'
rm 'charts/screenshots/C/C_1H_20260808_033901.png'
rm 'charts/screenshots/C/C_4H_20260808_033901.png'
rm 'charts/screenshots/C/C_Daily_20260808_033901.png'
rm 'charts/screenshots/C/C_Monthly_20260808_033901.png'
rm 'charts/screenshots/C/C_Weekly_20260808_033901.png'
rm 'charts/screenshots/CAT/CAT_1H_20260808_034737.png'
rm 'charts/screenshots/CAT/CAT_4H_20260808_034737.png'
rm 'charts/screenshots/CAT/CAT_Daily_20260808_034737.png'
rm 'charts/screenshots/CAT/CAT_Monthly_20260808_034737.png'
rm 'charts/screenshots/CAT/CAT_Weekly_20260808_034737.png'
rm 'charts/screenshots/CDNS/CDNS_1H_20260808_035417.png'
rm 'charts/screenshots/CDNS/CDNS_4H_20260808_035417.png'
rm 'charts/screenshots/CDNS/CDNS_Daily_20260808_035417.png'
rm 'charts/screenshots/CDNS/CDNS_Monthly_20260808_035417.png'
rm 'charts/screenshots/CDNS/CDNS_Weekly_20260808_035417.png'
rm 'charts/screenshots/COF/COF_1H_20260808_032029.png'
rm 'charts/screenshots/COF/COF_4H_20260808_032029.png'
rm 'charts/screenshots/COF/COF_Daily_20260808_032029.png'
rm 'charts/screenshots/COF/COF_Monthly_20260808_032029.png'
rm 'charts/screenshots/COF/COF_Weekly_20260808_032029.png'
rm 'charts/screenshots/COIN/COIN_1H_20260808_035258.png'
rm 'charts/screenshots/COIN/COIN_4H_20260808_035258.png'
rm 'charts/screenshots/COIN/COIN_Daily_20260808_035258.png'
rm 'charts/screenshots/COIN/COIN_Monthly_20260808_035258.png'
rm 'charts/screenshots/COIN/COIN_Weekly_20260808_035258.png'
rm 'charts/screenshots/CRWD/CRWD_1H_20260808_030800.png'
rm 'charts/screenshots/CRWD/CRWD_4H_20260808_030800.png'
rm 'charts/screenshots/CRWD/CRWD_Daily_20260808_030800.png'
rm 'charts/screenshots/CRWD/CRWD_Monthly_20260808_030800.png'
rm 'charts/screenshots/CRWD/CRWD_Weekly_20260808_030800.png'
rm 'charts/screenshots/CSCO/CSCO_1H_20260808_032109.png'
rm 'charts/screenshots/CSCO/CSCO_4H_20260808_032109.png'
rm 'charts/screenshots/CSCO/CSCO_Daily_20260808_032109.png'
rm 'charts/screenshots/CSCO/CSCO_Monthly_20260808_032109.png'
rm 'charts/screenshots/CSCO/CSCO_Weekly_20260808_032109.png'
rm 'charts/screenshots/CVS/CVS_1H_20260808_030125.png'
rm 'charts/screenshots/CVS/CVS_4H_20260808_030125.png'
rm 'charts/screenshots/CVS/CVS_Daily_20260808_030125.png'
rm 'charts/screenshots/CVS/CVS_Monthly_20260808_030125.png'
rm 'charts/screenshots/CVS/CVS_Weekly_20260808_030125.png'
rm 'charts/screenshots/CVX/CVX_1H_20260808_025928.png'
rm 'charts/screenshots/CVX/CVX_4H_20260808_025928.png'
rm 'charts/screenshots/CVX/CVX_Daily_20260808_025928.png'
rm 'charts/screenshots/CVX/CVX_Monthly_20260808_025928.png'
rm 'charts/screenshots/CVX/CVX_Weekly_20260808_025928.png'
rm 'charts/screenshots/DASH/DASH_1H_20260808_031750.png'
rm 'charts/screenshots/DASH/DASH_4H_20260808_031750.png'
rm 'charts/screenshots/DASH/DASH_Daily_20260808_031750.png'
rm 'charts/screenshots/DASH/DASH_Monthly_20260808_031750.png'
rm 'charts/screenshots/DASH/DASH_Weekly_20260808_031750.png'
rm 'charts/screenshots/DDOG/DDOG_1H_20260808_031118.png'
rm 'charts/screenshots/DDOG/DDOG_4H_20260808_031118.png'
rm 'charts/screenshots/DDOG/DDOG_Daily_20260808_031118.png'
rm 'charts/screenshots/DDOG/DDOG_Monthly_20260808_031118.png'
rm 'charts/screenshots/DDOG/DDOG_Weekly_20260808_031118.png'
rm 'charts/screenshots/DELL/DELL_1H_20260808_031552.png'
rm 'charts/screenshots/DELL/DELL_4H_20260808_031552.png'
rm 'charts/screenshots/DELL/DELL_Daily_20260808_031552.png'
rm 'charts/screenshots/DELL/DELL_Monthly_20260808_031552.png'
rm 'charts/screenshots/DELL/DELL_Weekly_20260808_031552.png'
rm 'charts/screenshots/DHR/DHR_1H_20260808_033422.png'
rm 'charts/screenshots/DHR/DHR_4H_20260808_033422.png'
rm 'charts/screenshots/DHR/DHR_Daily_20260808_033422.png'
rm 'charts/screenshots/DHR/DHR_Monthly_20260808_033422.png'
rm 'charts/screenshots/DHR/DHR_Weekly_20260808_033422.png'
rm 'charts/screenshots/ETN/ETN_1H_20260808_031157.png'
rm 'charts/screenshots/ETN/ETN_4H_20260808_031157.png'
rm 'charts/screenshots/ETN/ETN_Daily_20260808_031157.png'
rm 'charts/screenshots/ETN/ETN_Monthly_20260808_031157.png'
rm 'charts/screenshots/ETN/ETN_Weekly_20260808_031157.png'
rm 'charts/screenshots/F/F_1H_20260808_034657.png'
rm 'charts/screenshots/F/F_4H_20260808_034657.png'
rm 'charts/screenshots/F/F_Daily_20260808_034657.png'
rm 'charts/screenshots/F/F_Monthly_20260808_034657.png'
rm 'charts/screenshots/F/F_Weekly_20260808_034657.png'
rm 'charts/screenshots/FCX/FCX_1H_20260808_033024.png'
rm 'charts/screenshots/FCX/FCX_4H_20260808_033024.png'
rm 'charts/screenshots/FCX/FCX_Daily_20260808_033024.png'
rm 'charts/screenshots/FCX/FCX_Monthly_20260808_033024.png'
rm 'charts/screenshots/FCX/FCX_Weekly_20260808_033024.png'
rm 'charts/screenshots/FTNT/FTNT_1H_20260808_030205.png'
rm 'charts/screenshots/FTNT/FTNT_4H_20260808_030205.png'
rm 'charts/screenshots/FTNT/FTNT_Daily_20260808_030205.png'
rm 'charts/screenshots/FTNT/FTNT_Monthly_20260808_030205.png'
rm 'charts/screenshots/FTNT/FTNT_Weekly_20260808_030205.png'
rm 'charts/screenshots/GE/GE_1H_20260808_032149.png'
rm 'charts/screenshots/GE/GE_4H_20260808_032149.png'
rm 'charts/screenshots/GE/GE_Daily_20260808_032149.png'
rm 'charts/screenshots/GE/GE_Monthly_20260808_032149.png'
rm 'charts/screenshots/GE/GE_Weekly_20260808_032149.png'
rm 'charts/screenshots/GEV/GEV_1H_20260808_034818.png'
rm 'charts/screenshots/GEV/GEV_4H_20260808_034818.png'
rm 'charts/screenshots/GEV/GEV_Daily_20260808_034818.png'
rm 'charts/screenshots/GEV/GEV_Monthly_20260808_034818.png'
rm 'charts/screenshots/GEV/GEV_Weekly_20260808_034818.png'
rm 'charts/screenshots/GS/GS_1H_20260808_031512.png'
rm 'charts/screenshots/GS/GS_4H_20260808_031512.png'
rm 'charts/screenshots/GS/GS_Daily_20260808_031512.png'
rm 'charts/screenshots/GS/GS_Monthly_20260808_031512.png'
rm 'charts/screenshots/GS/GS_Weekly_20260808_031512.png'
rm 'charts/screenshots/HON/HON_1H_20260808_031632.png'
rm 'charts/screenshots/HON/HON_4H_20260808_031632.png'
rm 'charts/screenshots/HON/HON_Daily_20260808_031632.png'
rm 'charts/screenshots/HON/HON_Monthly_20260808_031632.png'
rm 'charts/screenshots/HON/HON_Weekly_20260808_031632.png'
rm 'charts/screenshots/HOOD/HOOD_1H_20260808_032547.png'
rm 'charts/screenshots/HOOD/HOOD_4H_20260808_032547.png'
rm 'charts/screenshots/HOOD/HOOD_Daily_20260808_032547.png'
rm 'charts/screenshots/HOOD/HOOD_Monthly_20260808_032547.png'
rm 'charts/screenshots/HOOD/HOOD_Weekly_20260808_032547.png'
rm 'charts/screenshots/HPE/HPE_1H_20260808_033821.png'
rm 'charts/screenshots/HPE/HPE_4H_20260808_033821.png'
rm 'charts/screenshots/HPE/HPE_Daily_20260808_033821.png'
rm 'charts/screenshots/HPE/HPE_Monthly_20260808_033821.png'
rm 'charts/screenshots/HPE/HPE_Weekly_20260808_033821.png'
rm 'charts/screenshots/HTZ/HTZ_1H_20260808_035456.png'
rm 'charts/screenshots/HTZ/HTZ_4H_20260808_035456.png'
rm 'charts/screenshots/HTZ/HTZ_Daily_20260808_035456.png'
rm 'charts/screenshots/HTZ/HTZ_Monthly_20260808_035456.png'
rm 'charts/screenshots/HTZ/HTZ_Weekly_20260808_035456.png'
rm 'charts/screenshots/IWM/IWM_1H_20260808_032628.png'
rm 'charts/screenshots/IWM/IWM_4H_20260808_032628.png'
rm 'charts/screenshots/IWM/IWM_Daily_20260808_032628.png'
rm 'charts/screenshots/IWM/IWM_Monthly_20260808_032628.png'
rm 'charts/screenshots/IWM/IWM_Weekly_20260808_032628.png'
rm 'charts/screenshots/JNJ/JNJ_1H_20260808_033502.png'
rm 'charts/screenshots/JNJ/JNJ_4H_20260808_033502.png'
rm 'charts/screenshots/JNJ/JNJ_Daily_20260808_033502.png'
rm 'charts/screenshots/JNJ/JNJ_Monthly_20260808_033502.png'
rm 'charts/screenshots/JNJ/JNJ_Weekly_20260808_033502.png'
rm 'charts/screenshots/JPM/JPM_1H_20260808_033541.png'
rm 'charts/screenshots/JPM/JPM_4H_20260808_033541.png'
rm 'charts/screenshots/JPM/JPM_Daily_20260808_033541.png'
rm 'charts/screenshots/JPM/JPM_Monthly_20260808_033541.png'
rm 'charts/screenshots/JPM/JPM_Weekly_20260808_033541.png'
rm 'charts/screenshots/KO/KO_1H_20260808_032229.png'
rm 'charts/screenshots/KO/KO_4H_20260808_032229.png'
rm 'charts/screenshots/KO/KO_Daily_20260808_032229.png'
rm 'charts/screenshots/KO/KO_Monthly_20260808_032229.png'
rm 'charts/screenshots/KO/KO_Weekly_20260808_032229.png'
rm 'charts/screenshots/LIN/LIN_1H_20260808_034858.png'
rm 'charts/screenshots/LIN/LIN_4H_20260808_034858.png'
rm 'charts/screenshots/LIN/LIN_Daily_20260808_034858.png'
rm 'charts/screenshots/LIN/LIN_Monthly_20260808_034858.png'
rm 'charts/screenshots/LIN/LIN_Weekly_20260808_034858.png'
rm 'charts/screenshots/LLY/LLY_1H_20260808_033301.png'
rm 'charts/screenshots/LLY/LLY_4H_20260808_033301.png'
rm 'charts/screenshots/LLY/LLY_Daily_20260808_033301.png'
rm 'charts/screenshots/LLY/LLY_Monthly_20260808_033301.png'
rm 'charts/screenshots/LLY/LLY_Weekly_20260808_033301.png'
rm 'charts/screenshots/LRCX/LRCX_1H_20260808_034140.png'
rm 'charts/screenshots/LRCX/LRCX_4H_20260808_034140.png'
rm 'charts/screenshots/LRCX/LRCX_Daily_20260808_034140.png'
rm 'charts/screenshots/LRCX/LRCX_Monthly_20260808_034140.png'
rm 'charts/screenshots/LRCX/LRCX_Weekly_20260808_034140.png'
rm 'charts/screenshots/MA/MA_1H_20260808_030523.png'
rm 'charts/screenshots/MA/MA_4H_20260808_030523.png'
rm 'charts/screenshots/MA/MA_Daily_20260808_030523.png'
rm 'charts/screenshots/MA/MA_Monthly_20260808_030523.png'
rm 'charts/screenshots/MA/MA_Weekly_20260808_030523.png'
rm 'charts/screenshots/MCHP/MCHP_1H_20260808_034419.png'
rm 'charts/screenshots/MCHP/MCHP_4H_20260808_034419.png'
rm 'charts/screenshots/MCHP/MCHP_Daily_20260808_034419.png'
rm 'charts/screenshots/MCHP/MCHP_Monthly_20260808_034419.png'
rm 'charts/screenshots/MCHP/MCHP_Weekly_20260808_034419.png'
rm 'charts/screenshots/MCK/MCK_1H_20260808_031711.png'
rm 'charts/screenshots/MCK/MCK_4H_20260808_031711.png'
rm 'charts/screenshots/MCK/MCK_Daily_20260808_031711.png'
rm 'charts/screenshots/MCK/MCK_Monthly_20260808_031711.png'
rm 'charts/screenshots/MCK/MCK_Weekly_20260808_031711.png'
rm 'charts/screenshots/MELI/MELI_1H_20260808_032747.png'
rm 'charts/screenshots/MELI/MELI_4H_20260808_032747.png'
rm 'charts/screenshots/MELI/MELI_Daily_20260808_032747.png'
rm 'charts/screenshots/MELI/MELI_Monthly_20260808_032747.png'
rm 'charts/screenshots/MELI/MELI_Weekly_20260808_032747.png'
rm 'charts/screenshots/META/META_1H_20260808_035017.png'
rm 'charts/screenshots/META/META_4H_20260808_035017.png'
rm 'charts/screenshots/META/META_Daily_20260808_035017.png'
rm 'charts/screenshots/META/META_Monthly_20260808_035017.png'
rm 'charts/screenshots/META/META_Weekly_20260808_035017.png'
rm 'charts/screenshots/MPWR/MPWR_1H_20260808_034617.png'
rm 'charts/screenshots/MPWR/MPWR_4H_20260808_034617.png'
rm 'charts/screenshots/MPWR/MPWR_Daily_20260808_034617.png'
rm 'charts/screenshots/MPWR/MPWR_Monthly_20260808_034617.png'
rm 'charts/screenshots/MPWR/MPWR_Weekly_20260808_034617.png'
rm 'charts/screenshots/MRK/MRK_1H_20260808_033621.png'
rm 'charts/screenshots/MRK/MRK_4H_20260808_033621.png'
rm 'charts/screenshots/MRK/MRK_Daily_20260808_033621.png'
rm 'charts/screenshots/MRK/MRK_Monthly_20260808_033621.png'
rm 'charts/screenshots/MRK/MRK_Weekly_20260808_033621.png'
rm 'charts/screenshots/MS/MS_1H_20260808_034459.png'
rm 'charts/screenshots/MS/MS_4H_20260808_034459.png'
rm 'charts/screenshots/MS/MS_Daily_20260808_034459.png'
rm 'charts/screenshots/MS/MS_Monthly_20260808_034459.png'
rm 'charts/screenshots/MS/MS_Weekly_20260808_034459.png'
rm 'charts/screenshots/MSFT/MSFT_1H_20260808_033103.png'
rm 'charts/screenshots/MSFT/MSFT_4H_20260808_033103.png'
rm 'charts/screenshots/MSFT/MSFT_Daily_20260808_033103.png'
rm 'charts/screenshots/MSFT/MSFT_Monthly_20260808_033103.png'
rm 'charts/screenshots/MSFT/MSFT_Weekly_20260808_033103.png'
rm 'charts/screenshots/MU/MU_1H_20260808_030046.png'
rm 'charts/screenshots/MU/MU_4H_20260808_030046.png'
rm 'charts/screenshots/MU/MU_Daily_20260808_030046.png'
rm 'charts/screenshots/MU/MU_Monthly_20260808_030046.png'
rm 'charts/screenshots/MU/MU_Weekly_20260808_030046.png'
rm 'charts/screenshots/NBM.V/NBM.V_1H_20260808_035536.png'
rm 'charts/screenshots/NBM.V/NBM.V_4H_20260808_035536.png'
rm 'charts/screenshots/NBM.V/NBM.V_Daily_20260808_035536.png'
rm 'charts/screenshots/NBM.V/NBM.V_Monthly_20260808_035536.png'
rm 'charts/screenshots/NBM.V/NBM.V_Weekly_20260808_035536.png'
rm 'charts/screenshots/NVDA/NVDA_1H_20260808_032708.png'
rm 'charts/screenshots/NVDA/NVDA_4H_20260808_032708.png'
rm 'charts/screenshots/NVDA/NVDA_Daily_20260808_032708.png'
rm 'charts/screenshots/NVDA/NVDA_Monthly_20260808_032708.png'
rm 'charts/screenshots/NVDA/NVDA_Weekly_20260808_032708.png'
rm 'charts/screenshots/NXPI/NXPI_1H_20260808_035218.png'
rm 'charts/screenshots/NXPI/NXPI_4H_20260808_035218.png'
rm 'charts/screenshots/NXPI/NXPI_Daily_20260808_035218.png'
rm 'charts/screenshots/NXPI/NXPI_Monthly_20260808_035218.png'
rm 'charts/screenshots/NXPI/NXPI_Weekly_20260808_035218.png'
rm 'charts/screenshots/PANW/PANW_1H_20260808_030839.png'
rm 'charts/screenshots/PANW/PANW_4H_20260808_030839.png'
rm 'charts/screenshots/PANW/PANW_Daily_20260808_030839.png'
rm 'charts/screenshots/PANW/PANW_Monthly_20260808_030839.png'
rm 'charts/screenshots/PANW/PANW_Weekly_20260808_030839.png'
rm 'charts/screenshots/PFE/PFE_1H_20260808_034220.png'
rm 'charts/screenshots/PFE/PFE_4H_20260808_034220.png'
rm 'charts/screenshots/PFE/PFE_Daily_20260808_034220.png'
rm 'charts/screenshots/PFE/PFE_Monthly_20260808_034220.png'
rm 'charts/screenshots/PFE/PFE_Weekly_20260808_034220.png'
rm 'charts/screenshots/PG/PG_1H_20260808_032507.png'
rm 'charts/screenshots/PG/PG_4H_20260808_032507.png'
rm 'charts/screenshots/PG/PG_Daily_20260808_032507.png'
rm 'charts/screenshots/PG/PG_Monthly_20260808_032507.png'
rm 'charts/screenshots/PG/PG_Weekly_20260808_032507.png'
rm 'charts/screenshots/PLD/PLD_1H_20260808_034339.png'
rm 'charts/screenshots/PLD/PLD_4H_20260808_034339.png'
rm 'charts/screenshots/PLD/PLD_Daily_20260808_034339.png'
rm 'charts/screenshots/PLD/PLD_Monthly_20260808_034339.png'
rm 'charts/screenshots/PLD/PLD_Weekly_20260808_034339.png'
rm 'charts/screenshots/PM/PM_1H_20260808_033702.png'
rm 'charts/screenshots/PM/PM_4H_20260808_033702.png'
rm 'charts/screenshots/PM/PM_Daily_20260808_033702.png'
rm 'charts/screenshots/PM/PM_Monthly_20260808_033702.png'
rm 'charts/screenshots/PM/PM_Weekly_20260808_033702.png'
rm 'charts/screenshots/PYPL/PYPL_1H_20260808_030245.png'
rm 'charts/screenshots/PYPL/PYPL_4H_20260808_030245.png'
rm 'charts/screenshots/PYPL/PYPL_Daily_20260808_030245.png'
rm 'charts/screenshots/PYPL/PYPL_Monthly_20260808_030245.png'
rm 'charts/screenshots/PYPL/PYPL_Weekly_20260808_030245.png'
rm 'charts/screenshots/QQQ/QQQ_1H_20260808_025609.png'
rm 'charts/screenshots/QQQ/QQQ_4H_20260808_025609.png'
rm 'charts/screenshots/QQQ/QQQ_Daily_20260808_025609.png'
rm 'charts/screenshots/QQQ/QQQ_Monthly_20260808_025609.png'
rm 'charts/screenshots/QQQ/QQQ_Weekly_20260808_025609.png'
rm 'charts/screenshots/RTX/RTX_1H_20260808_033143.png'
rm 'charts/screenshots/RTX/RTX_4H_20260808_033143.png'
rm 'charts/screenshots/RTX/RTX_Daily_20260808_033143.png'
rm 'charts/screenshots/RTX/RTX_Monthly_20260808_033143.png'
rm 'charts/screenshots/RTX/RTX_Weekly_20260808_033143.png'
rm 'charts/screenshots/SCHW/SCHW_1H_20260808_030918.png'
rm 'charts/screenshots/SCHW/SCHW_4H_20260808_030918.png'
rm 'charts/screenshots/SCHW/SCHW_Daily_20260808_030918.png'
rm 'charts/screenshots/SCHW/SCHW_Monthly_20260808_030918.png'
rm 'charts/screenshots/SCHW/SCHW_Weekly_20260808_030918.png'
rm 'charts/screenshots/SPGI/SPGI_1H_20260808_034259.png'
rm 'charts/screenshots/SPGI/SPGI_4H_20260808_034259.png'
rm 'charts/screenshots/SPGI/SPGI_Daily_20260808_034259.png'
rm 'charts/screenshots/SPGI/SPGI_Monthly_20260808_034259.png'
rm 'charts/screenshots/SPGI/SPGI_Weekly_20260808_034259.png'
rm 'charts/screenshots/SPY/SPY_1H_20260808_034020.png'
rm 'charts/screenshots/SPY/SPY_4H_20260808_034020.png'
rm 'charts/screenshots/SPY/SPY_Daily_20260808_034020.png'
rm 'charts/screenshots/SPY/SPY_Monthly_20260808_034020.png'
rm 'charts/screenshots/SPY/SPY_Weekly_20260808_034020.png'
rm 'charts/screenshots/STX/STX_1H_20260808_031433.png'
rm 'charts/screenshots/STX/STX_4H_20260808_031433.png'
rm 'charts/screenshots/STX/STX_Daily_20260808_031433.png'
rm 'charts/screenshots/STX/STX_Monthly_20260808_031433.png'
rm 'charts/screenshots/STX/STX_Weekly_20260808_031433.png'
rm 'charts/screenshots/SYK/SYK_1H_20260808_033341.png'
rm 'charts/screenshots/SYK/SYK_4H_20260808_033341.png'
rm 'charts/screenshots/SYK/SYK_Daily_20260808_033341.png'
rm 'charts/screenshots/SYK/SYK_Monthly_20260808_033341.png'
rm 'charts/screenshots/SYK/SYK_Weekly_20260808_033341.png'
rm 'charts/screenshots/TER/TER_1H_20260808_033940.png'
rm 'charts/screenshots/TER/TER_4H_20260808_033940.png'
rm 'charts/screenshots/TER/TER_Daily_20260808_033940.png'
rm 'charts/screenshots/TER/TER_Monthly_20260808_033940.png'
rm 'charts/screenshots/TER/TER_Weekly_20260808_033940.png'
rm 'charts/screenshots/TJX/TJX_1H_20260808_031236.png'
rm 'charts/screenshots/TJX/TJX_4H_20260808_031236.png'
rm 'charts/screenshots/TJX/TJX_Daily_20260808_031236.png'
rm 'charts/screenshots/TJX/TJX_Monthly_20260808_031236.png'
rm 'charts/screenshots/TJX/TJX_Weekly_20260808_031236.png'
rm 'charts/screenshots/TMO/TMO_1H_20260808_030959.png'
rm 'charts/screenshots/TMO/TMO_4H_20260808_030959.png'
rm 'charts/screenshots/TMO/TMO_Daily_20260808_030959.png'
rm 'charts/screenshots/TMO/TMO_Monthly_20260808_030959.png'
rm 'charts/screenshots/TMO/TMO_Weekly_20260808_030959.png'
rm 'charts/screenshots/TMUS/TMUS_1H_20260808_035337.png'
rm 'charts/screenshots/TMUS/TMUS_4H_20260808_035337.png'
rm 'charts/screenshots/TMUS/TMUS_Daily_20260808_035337.png'
rm 'charts/screenshots/TMUS/TMUS_Monthly_20260808_035337.png'
rm 'charts/screenshots/TMUS/TMUS_Weekly_20260808_035337.png'
rm 'charts/screenshots/TRV/TRV_1H_20260808_031039.png'
rm 'charts/screenshots/TRV/TRV_4H_20260808_031039.png'
rm 'charts/screenshots/TRV/TRV_Daily_20260808_031039.png'
rm 'charts/screenshots/TRV/TRV_Monthly_20260808_031039.png'
rm 'charts/screenshots/TRV/TRV_Weekly_20260808_031039.png'
rm 'charts/screenshots/TSLA/TSLA_1H_20260808_034937.png'
rm 'charts/screenshots/TSLA/TSLA_4H_20260808_034937.png'
rm 'charts/screenshots/TSLA/TSLA_Daily_20260808_034937.png'
rm 'charts/screenshots/TSLA/TSLA_Monthly_20260808_034937.png'
rm 'charts/screenshots/TSLA/TSLA_Weekly_20260808_034937.png'
rm 'charts/screenshots/UNH/UNH_1H_20260808_030324.png'
rm 'charts/screenshots/UNH/UNH_4H_20260808_030324.png'
rm 'charts/screenshots/UNH/UNH_Daily_20260808_030324.png'
rm 'charts/screenshots/UNH/UNH_Monthly_20260808_030324.png'
rm 'charts/screenshots/UNH/UNH_Weekly_20260808_030324.png'
rm 'charts/screenshots/UNP/UNP_1H_20260808_025730.png'
rm 'charts/screenshots/UNP/UNP_4H_20260808_025730.png'
rm 'charts/screenshots/UNP/UNP_Daily_20260808_025730.png'
rm 'charts/screenshots/UNP/UNP_Monthly_20260808_025730.png'
rm 'charts/screenshots/UNP/UNP_Weekly_20260808_025730.png'
rm 'charts/screenshots/V/V_1H_20260808_032308.png'
rm 'charts/screenshots/V/V_4H_20260808_032308.png'
rm 'charts/screenshots/V/V_Daily_20260808_032308.png'
rm 'charts/screenshots/V/V_Monthly_20260808_032308.png'
rm 'charts/screenshots/V/V_Weekly_20260808_032308.png'
rm 'charts/screenshots/VLO/VLO_1H_20260808_025848.png'
rm 'charts/screenshots/VLO/VLO_4H_20260808_025848.png'
rm 'charts/screenshots/VLO/VLO_Daily_20260808_025848.png'
rm 'charts/screenshots/VLO/VLO_Monthly_20260808_025848.png'
rm 'charts/screenshots/VLO/VLO_Weekly_20260808_025848.png'
rm 'charts/screenshots/VZ/VZ_1H_20260808_033742.png'
rm 'charts/screenshots/VZ/VZ_4H_20260808_033742.png'
rm 'charts/screenshots/VZ/VZ_Daily_20260808_033742.png'
rm 'charts/screenshots/VZ/VZ_Monthly_20260808_033742.png'
rm 'charts/screenshots/VZ/VZ_Weekly_20260808_033742.png'
rm 'charts/screenshots/WDC/WDC_1H_20260808_035137.png'
rm 'charts/screenshots/WDC/WDC_4H_20260808_035137.png'
rm 'charts/screenshots/WDC/WDC_Daily_20260808_035137.png'
rm 'charts/screenshots/WDC/WDC_Monthly_20260808_035137.png'
rm 'charts/screenshots/WDC/WDC_Weekly_20260808_035137.png'
rm 'charts/screenshots/WELL/WELL_1H_20260808_030006.png'
rm 'charts/screenshots/WELL/WELL_4H_20260808_030006.png'
rm 'charts/screenshots/WELL/WELL_Daily_20260808_030006.png'
rm 'charts/screenshots/WELL/WELL_Monthly_20260808_030006.png'
rm 'charts/screenshots/WELL/WELL_Weekly_20260808_030006.png'
rm 'charts/screenshots/WFC/WFC_1H_20260808_034538.png'
rm 'charts/screenshots/WFC/WFC_4H_20260808_034538.png'
rm 'charts/screenshots/WFC/WFC_Daily_20260808_034538.png'
rm 'charts/screenshots/WFC/WFC_Monthly_20260808_034538.png'
rm 'charts/screenshots/WFC/WFC_Weekly_20260808_034538.png'
rm 'charts/screenshots/XOM/XOM_1H_20260808_031830.png'
rm 'charts/screenshots/XOM/XOM_4H_20260808_031830.png'
rm 'charts/screenshots/XOM/XOM_Daily_20260808_031830.png'
rm 'charts/screenshots/XOM/XOM_Monthly_20260808_031830.png'
rm 'charts/screenshots/XOM/XOM_Weekly_20260808_031830.png'
[main 0e00071] Update chart screenshots 1786248971
 893 files changed, 0 insertions(+), 0 deletions(-)
 delete mode 100644 charts/screenshots/AAPL/AAPL_1H_20260808_031315.png
 create mode 100644 charts/screenshots/AAPL/AAPL_1H_20260809_033257.png
 delete mode 100644 charts/screenshots/AAPL/AAPL_4H_20260808_031315.png
 create mode 100644 charts/screenshots/AAPL/AAPL_4H_20260809_033257.png
 delete mode 100644 charts/screenshots/AAPL/AAPL_Daily_20260808_031315.png
 create mode 100644 charts/screenshots/AAPL/AAPL_Daily_20260809_033257.png
 delete mode 100644 charts/screenshots/AAPL/AAPL_Monthly_20260808_031315.png
 create mode 100644 charts/screenshots/AAPL/AAPL_Monthly_20260809_033257.png
 delete mode 100644 charts/screenshots/AAPL/AAPL_Weekly_20260808_031315.png
 create mode 100644 charts/screenshots/AAPL/AAPL_Weekly_20260809_033257.png
 delete mode 100644 charts/screenshots/ABBV/ABBV_1H_20260808_025649.png
 create mode 100644 charts/screenshots/ABBV/ABBV_1H_20260809_031536.png
 delete mode 100644 charts/screenshots/ABBV/ABBV_4H_20260808_025649.png
 create mode 100644 charts/screenshots/ABBV/ABBV_4H_20260809_031536.png
 delete mode 100644 charts/screenshots/ABBV/ABBV_Daily_20260808_025649.png
 create mode 100644 charts/screenshots/ABBV/ABBV_Daily_20260809_031536.png
 delete mode 100644 charts/screenshots/ABBV/ABBV_Monthly_20260808_025649.png
 create mode 100644 charts/screenshots/ABBV/ABBV_Monthly_20260809_031536.png
 delete mode 100644 charts/screenshots/ABBV/ABBV_Weekly_20260808_025649.png
 create mode 100644 charts/screenshots/ABBV/ABBV_Weekly_20260809_031536.png
 delete mode 100644 charts/screenshots/ABT/ABT_1H_20260808_031909.png
 create mode 100644 charts/screenshots/ABT/ABT_1H_20260809_033816.png
 delete mode 100644 charts/screenshots/ABT/ABT_4H_20260808_031909.png
 create mode 100644 charts/screenshots/ABT/ABT_4H_20260809_033816.png
 delete mode 100644 charts/screenshots/ABT/ABT_Daily_20260808_031909.png
 create mode 100644 charts/screenshots/ABT/ABT_Daily_20260809_033816.png
 delete mode 100644 charts/screenshots/ABT/ABT_Monthly_20260808_031909.png
 create mode 100644 charts/screenshots/ABT/ABT_Monthly_20260809_033816.png
 delete mode 100644 charts/screenshots/ABT/ABT_Weekly_20260808_031909.png
 create mode 100644 charts/screenshots/ABT/ABT_Weekly_20260809_033816.png
 delete mode 100644 charts/screenshots/AMAT/AMAT_1H_20260808_030601.png
 create mode 100644 charts/screenshots/AMAT/AMAT_1H_20260809_032456.png
 delete mode 100644 charts/screenshots/AMAT/AMAT_4H_20260808_030601.png
 create mode 100644 charts/screenshots/AMAT/AMAT_4H_20260809_032456.png
 delete mode 100644 charts/screenshots/AMAT/AMAT_Daily_20260808_030601.png
 create mode 100644 charts/screenshots/AMAT/AMAT_Daily_20260809_032456.png
 delete mode 100644 charts/screenshots/AMAT/AMAT_Monthly_20260808_030601.png
 create mode 100644 charts/screenshots/AMAT/AMAT_Monthly_20260809_032456.png
 delete mode 100644 charts/screenshots/AMAT/AMAT_Weekly_20260808_030601.png
 create mode 100644 charts/screenshots/AMAT/AMAT_Weekly_20260809_032456.png
 delete mode 100644 charts/screenshots/AMD/AMD_1H_20260808_032827.png
 create mode 100644 charts/screenshots/AMD/AMD_1H_20260809_034731.png
 delete mode 100644 charts/screenshots/AMD/AMD_4H_20260808_032827.png
 create mode 100644 charts/screenshots/AMD/AMD_4H_20260809_034731.png
 delete mode 100644 charts/screenshots/AMD/AMD_Daily_20260808_032827.png
 create mode 100644 charts/screenshots/AMD/AMD_Daily_20260809_034731.png
 delete mode 100644 charts/screenshots/AMD/AMD_Monthly_20260808_032827.png
 create mode 100644 charts/screenshots/AMD/AMD_Monthly_20260809_034731.png
 delete mode 100644 charts/screenshots/AMD/AMD_Weekly_20260808_032827.png
 create mode 100644 charts/screenshots/AMD/AMD_Weekly_20260809_034731.png
 delete mode 100644 charts/screenshots/AMGN/AMGN_1H_20260808_032427.png
 create mode 100644 charts/screenshots/AMGN/AMGN_1H_20260809_034332.png
 delete mode 100644 charts/screenshots/AMGN/AMGN_4H_20260808_032427.png
 create mode 100644 charts/screenshots/AMGN/AMGN_4H_20260809_034332.png
 delete mode 100644 charts/screenshots/AMGN/AMGN_Daily_20260808_032427.png
 create mode 100644 charts/screenshots/AMGN/AMGN_Daily_20260809_034332.png
 delete mode 100644 charts/screenshots/AMGN/AMGN_Monthly_20260808_032427.png
 create mode 100644 charts/screenshots/AMGN/AMGN_Monthly_20260809_034332.png
 delete mode 100644 charts/screenshots/AMGN/AMGN_Weekly_20260808_032427.png
 create mode 100644 charts/screenshots/AMGN/AMGN_Weekly_20260809_034332.png
 delete mode 100644 charts/screenshots/AMZN/AMZN_1H_20260808_025809.png
 create mode 100644 charts/screenshots/AMZN/AMZN_1H_20260809_031657.png
 delete mode 100644 charts/screenshots/AMZN/AMZN_4H_20260808_025809.png
 create mode 100644 charts/screenshots/AMZN/AMZN_4H_20260809_031657.png
 delete mode 100644 charts/screenshots/AMZN/AMZN_Daily_20260808_025809.png
 create mode 100644 charts/screenshots/AMZN/AMZN_Daily_20260809_031657.png
 delete mode 100644 charts/screenshots/AMZN/AMZN_Monthly_20260808_025809.png
 create mode 100644 charts/screenshots/AMZN/AMZN_Monthly_20260809_031657.png
 delete mode 100644 charts/screenshots/AMZN/AMZN_Weekly_20260808_025809.png
 create mode 100644 charts/screenshots/AMZN/AMZN_Weekly_20260809_031657.png
 rename charts/screenshots/ANET/{ANET_1H_20260808_031354.png => ANET_1H_20260809_033336.png} (96%)
 delete mode 100644 charts/screenshots/ANET/ANET_4H_20260808_031354.png
 create mode 100644 charts/screenshots/ANET/ANET_4H_20260809_033336.png
 delete mode 100644 charts/screenshots/ANET/ANET_Daily_20260808_031354.png
 create mode 100644 charts/screenshots/ANET/ANET_Daily_20260809_033336.png
 delete mode 100644 charts/screenshots/ANET/ANET_Monthly_20260808_031354.png
 create mode 100644 charts/screenshots/ANET/ANET_Monthly_20260809_033336.png
 delete mode 100644 charts/screenshots/ANET/ANET_Weekly_20260808_031354.png
 create mode 100644 charts/screenshots/ANET/ANET_Weekly_20260809_033336.png
 delete mode 100644 charts/screenshots/APH/APH_1H_20260808_031949.png
 create mode 100644 charts/screenshots/APH/APH_1H_20260809_033856.png
 delete mode 100644 charts/screenshots/APH/APH_4H_20260808_031949.png
 create mode 100644 charts/screenshots/APH/APH_4H_20260809_033856.png
 delete mode 100644 charts/screenshots/APH/APH_Daily_20260808_031949.png
 create mode 100644 charts/screenshots/APH/APH_Daily_20260809_033856.png
 delete mode 100644 charts/screenshots/APH/APH_Monthly_20260808_031949.png
 create mode 100644 charts/screenshots/APH/APH_Monthly_20260809_033856.png
 delete mode 100644 charts/screenshots/APH/APH_Weekly_20260808_031949.png
 create mode 100644 charts/screenshots/APH/APH_Weekly_20260809_033856.png
 rename charts/screenshots/APP/{APP_1H_20260808_035057.png => APP_1H_20260809_041041.png} (56%)
 delete mode 100644 charts/screenshots/APP/APP_4H_20260808_035057.png
 create mode 100644 charts/screenshots/APP/APP_4H_20260809_041041.png
 delete mode 100644 charts/screenshots/APP/APP_Daily_20260808_035057.png
 create mode 100644 charts/screenshots/APP/APP_Daily_20260809_041041.png
 delete mode 100644 charts/screenshots/APP/APP_Monthly_20260808_035057.png
 create mode 100644 charts/screenshots/APP/APP_Monthly_20260809_041041.png
 delete mode 100644 charts/screenshots/APP/APP_Weekly_20260808_035057.png
 create mode 100644 charts/screenshots/APP/APP_Weekly_20260809_041041.png
 create mode 100644 charts/screenshots/ARWR/ARWR_1H_20260809_041441.png
 create mode 100644 charts/screenshots/ARWR/ARWR_4H_20260809_041441.png
 create mode 100644 charts/screenshots/ARWR/ARWR_Daily_20260809_041441.png
 create mode 100644 charts/screenshots/ARWR/ARWR_Monthly_20260809_041441.png
 create mode 100644 charts/screenshots/ARWR/ARWR_Weekly_20260809_041441.png
 delete mode 100644 charts/screenshots/ASML/ASML_1H_20260808_033222.png
 create mode 100644 charts/screenshots/ASML/ASML_1H_20260809_035129.png
 delete mode 100644 charts/screenshots/ASML/ASML_4H_20260808_033222.png
 create mode 100644 charts/screenshots/ASML/ASML_4H_20260809_035129.png
 delete mode 100644 charts/screenshots/ASML/ASML_Daily_20260808_033222.png
 create mode 100644 charts/screenshots/ASML/ASML_Daily_20260809_035129.png
 delete mode 100644 charts/screenshots/ASML/ASML_Monthly_20260808_033222.png
 create mode 100644 charts/screenshots/ASML/ASML_Monthly_20260809_035129.png
 delete mode 100644 charts/screenshots/ASML/ASML_Weekly_20260808_033222.png
 create mode 100644 charts/screenshots/ASML/ASML_Weekly_20260809_035129.png
 delete mode 100644 charts/screenshots/AVGO/AVGO_1H_20260808_032945.png
 create mode 100644 charts/screenshots/AVGO/AVGO_1H_20260809_034850.png
 delete mode 100644 charts/screenshots/AVGO/AVGO_4H_20260808_032945.png
 create mode 100644 charts/screenshots/AVGO/AVGO_4H_20260809_034850.png
 delete mode 100644 charts/screenshots/AVGO/AVGO_Daily_20260808_032945.png
 create mode 100644 charts/screenshots/AVGO/AVGO_Daily_20260809_034850.png
 delete mode 100644 charts/screenshots/AVGO/AVGO_Monthly_20260808_032945.png
 create mode 100644 charts/screenshots/AVGO/AVGO_Monthly_20260809_034850.png
 delete mode 100644 charts/screenshots/AVGO/AVGO_Weekly_20260808_032945.png
 create mode 100644 charts/screenshots/AVGO/AVGO_Weekly_20260809_034850.png
 rename charts/screenshots/AXP/{AXP_1H_20260808_032906.png => AXP_1H_20260809_034810.png} (75%)
 delete mode 100644 charts/screenshots/AXP/AXP_4H_20260808_032906.png
 create mode 100644 charts/screenshots/AXP/AXP_4H_20260809_034810.png
 delete mode 100644 charts/screenshots/AXP/AXP_Daily_20260808_032906.png
 create mode 100644 charts/screenshots/AXP/AXP_Daily_20260809_034810.png
 delete mode 100644 charts/screenshots/AXP/AXP_Monthly_20260808_032906.png
 create mode 100644 charts/screenshots/AXP/AXP_Monthly_20260809_034810.png
 delete mode 100644 charts/screenshots/AXP/AXP_Weekly_20260808_032906.png
 create mode 100644 charts/screenshots/AXP/AXP_Weekly_20260809_034810.png
 rename charts/screenshots/BA/{BA_1H_20260808_034100.png => BA_1H_20260809_040006.png} (71%)
 delete mode 100644 charts/screenshots/BA/BA_4H_20260808_034100.png
 create mode 100644 charts/screenshots/BA/BA_4H_20260809_040006.png
 delete mode 100644 charts/screenshots/BA/BA_Daily_20260808_034100.png
 create mode 100644 charts/screenshots/BA/BA_Daily_20260809_040006.png
 delete mode 100644 charts/screenshots/BA/BA_Monthly_20260808_034100.png
 create mode 100644 charts/screenshots/BA/BA_Monthly_20260809_040006.png
 delete mode 100644 charts/screenshots/BA/BA_Weekly_20260808_034100.png
 create mode 100644 charts/screenshots/BA/BA_Weekly_20260809_040006.png
 delete mode 100644 charts/screenshots/BAC/BAC_1H_20260808_030444.png
 create mode 100644 charts/screenshots/BAC/BAC_1H_20260809_032257.png
 delete mode 100644 charts/screenshots/BAC/BAC_4H_20260808_030444.png
 create mode 100644 charts/screenshots/BAC/BAC_4H_20260809_032257.png
 delete mode 100644 charts/screenshots/BAC/BAC_Daily_20260808_030444.png
 create mode 100644 charts/screenshots/BAC/BAC_Daily_20260809_032257.png
 delete mode 100644 charts/screenshots/BAC/BAC_Monthly_20260808_030444.png
 create mode 100644 charts/screenshots/BAC/BAC_Monthly_20260809_032257.png
 delete mode 100644 charts/screenshots/BAC/BAC_Weekly_20260808_030444.png
 create mode 100644 charts/screenshots/BAC/BAC_Weekly_20260809_032257.png
 delete mode 100644 charts/screenshots/BKNG/BKNG_1H_20260808_032348.png
 create mode 100644 charts/screenshots/BKNG/BKNG_1H_20260809_034253.png
 rename charts/screenshots/BKNG/{BKNG_4H_20260808_032348.png => BKNG_4H_20260809_034253.png} (95%)
 delete mode 100644 charts/screenshots/BKNG/BKNG_Daily_20260808_032348.png
 create mode 100644 charts/screenshots/BKNG/BKNG_Daily_20260809_034253.png
 delete mode 100644 charts/screenshots/BKNG/BKNG_Monthly_20260808_032348.png
 create mode 100644 charts/screenshots/BKNG/BKNG_Monthly_20260809_034253.png
 delete mode 100644 charts/screenshots/BKNG/BKNG_Weekly_20260808_032348.png
 create mode 100644 charts/screenshots/BKNG/BKNG_Weekly_20260809_034253.png
 delete mode 100644 charts/screenshots/BLK/BLK_1H_20260808_030640.png
 create mode 100644 charts/screenshots/BLK/BLK_1H_20260809_032536.png
 delete mode 100644 charts/screenshots/BLK/BLK_4H_20260808_030640.png
 create mode 100644 charts/screenshots/BLK/BLK_4H_20260809_032536.png
 delete mode 100644 charts/screenshots/BLK/BLK_Daily_20260808_030640.png
 create mode 100644 charts/screenshots/BLK/BLK_Daily_20260809_032536.png
 delete mode 100644 charts/screenshots/BLK/BLK_Monthly_20260808_030640.png
 create mode 100644 charts/screenshots/BLK/BLK_Monthly_20260809_032536.png
 delete mode 100644 charts/screenshots/BLK/BLK_Weekly_20260808_030640.png
 create mode 100644 charts/screenshots/BLK/BLK_Weekly_20260809_032536.png
 delete mode 100644 charts/screenshots/BMY/BMY_1H_20260808_030720.png
 create mode 100644 charts/screenshots/BMY/BMY_1H_20260809_032616.png
 rename charts/screenshots/BMY/{BMY_4H_20260808_030720.png => BMY_4H_20260809_032616.png} (73%)
 delete mode 100644 charts/screenshots/BMY/BMY_Daily_20260808_030720.png
 create mode 100644 charts/screenshots/BMY/BMY_Daily_20260809_032616.png
 delete mode 100644 charts/screenshots/BMY/BMY_Monthly_20260808_030720.png
 create mode 100644 charts/screenshots/BMY/BMY_Monthly_20260809_032616.png
 delete mode 100644 charts/screenshots/BMY/BMY_Weekly_20260808_030720.png
 create mode 100644 charts/screenshots/BMY/BMY_Weekly_20260809_032616.png
 delete mode 100644 charts/screenshots/BRK-B/BRK-B_1H_20260808_030404.png
 create mode 100644 charts/screenshots/BRK-B/BRK-B_1H_20260809_032217.png
 delete mode 100644 charts/screenshots/BRK-B/BRK-B_4H_20260808_030404.png
 create mode 100644 charts/screenshots/BRK-B/BRK-B_4H_20260809_032217.png
 delete mode 100644 charts/screenshots/BRK-B/BRK-B_Daily_20260808_030404.png
 create mode 100644 charts/screenshots/BRK-B/BRK-B_Daily_20260809_032217.png
 delete mode 100644 charts/screenshots/BRK-B/BRK-B_Monthly_20260808_030404.png
 create mode 100644 charts/screenshots/BRK-B/BRK-B_Monthly_20260809_032217.png
 delete mode 100644 charts/screenshots/BRK-B/BRK-B_Weekly_20260808_030404.png
 create mode 100644 charts/screenshots/BRK-B/BRK-B_Weekly_20260809_032217.png
 delete mode 100644 charts/screenshots/C/C_1H_20260808_033901.png
 create mode 100644 charts/screenshots/C/C_1H_20260809_035807.png
 delete mode 100644 charts/screenshots/C/C_4H_20260808_033901.png
 create mode 100644 charts/screenshots/C/C_4H_20260809_035807.png
 delete mode 100644 charts/screenshots/C/C_Daily_20260808_033901.png
 create mode 100644 charts/screenshots/C/C_Daily_20260809_035807.png
 delete mode 100644 charts/screenshots/C/C_Monthly_20260808_033901.png
 create mode 100644 charts/screenshots/C/C_Monthly_20260809_035807.png
 delete mode 100644 charts/screenshots/C/C_Weekly_20260808_033901.png
 create mode 100644 charts/screenshots/C/C_Weekly_20260809_035807.png
 delete mode 100644 charts/screenshots/CAT/CAT_1H_20260808_034737.png
 create mode 100644 charts/screenshots/CAT/CAT_1H_20260809_040723.png
 rename charts/screenshots/CAT/{CAT_4H_20260808_034737.png => CAT_4H_20260809_040723.png} (98%)
 delete mode 100644 charts/screenshots/CAT/CAT_Daily_20260808_034737.png
 create mode 100644 charts/screenshots/CAT/CAT_Daily_20260809_040723.png
 delete mode 100644 charts/screenshots/CAT/CAT_Monthly_20260808_034737.png
 create mode 100644 charts/screenshots/CAT/CAT_Monthly_20260809_040723.png
 delete mode 100644 charts/screenshots/CAT/CAT_Weekly_20260808_034737.png
 create mode 100644 charts/screenshots/CAT/CAT_Weekly_20260809_040723.png
 delete mode 100644 charts/screenshots/CDNS/CDNS_1H_20260808_035417.png
 create mode 100644 charts/screenshots/CDNS/CDNS_1H_20260809_041401.png
 delete mode 100644 charts/screenshots/CDNS/CDNS_4H_20260808_035417.png
 create mode 100644 charts/screenshots/CDNS/CDNS_4H_20260809_041401.png
 delete mode 100644 charts/screenshots/CDNS/CDNS_Daily_20260808_035417.png
 create mode 100644 charts/screenshots/CDNS/CDNS_Daily_20260809_041401.png
 delete mode 100644 charts/screenshots/CDNS/CDNS_Monthly_20260808_035417.png
 create mode 100644 charts/screenshots/CDNS/CDNS_Monthly_20260809_041401.png
 rename charts/screenshots/CDNS/{CDNS_Weekly_20260808_035417.png => CDNS_Weekly_20260809_041401.png} (98%)
 delete mode 100644 charts/screenshots/COF/COF_1H_20260808_032029.png
 create mode 100644 charts/screenshots/COF/COF_1H_20260809_033935.png
 delete mode 100644 charts/screenshots/COF/COF_4H_20260808_032029.png
 create mode 100644 charts/screenshots/COF/COF_4H_20260809_033935.png
 delete mode 100644 charts/screenshots/COF/COF_Daily_20260808_032029.png
 create mode 100644 charts/screenshots/COF/COF_Daily_20260809_033935.png
 delete mode 100644 charts/screenshots/COF/COF_Monthly_20260808_032029.png
 create mode 100644 charts/screenshots/COF/COF_Monthly_20260809_033935.png
 delete mode 100644 charts/screenshots/COF/COF_Weekly_20260808_032029.png
 create mode 100644 charts/screenshots/COF/COF_Weekly_20260809_033935.png
 delete mode 100644 charts/screenshots/COIN/COIN_1H_20260808_035258.png
 create mode 100644 charts/screenshots/COIN/COIN_1H_20260809_041241.png
 delete mode 100644 charts/screenshots/COIN/COIN_4H_20260808_035258.png
 create mode 100644 charts/screenshots/COIN/COIN_4H_20260809_041241.png
 delete mode 100644 charts/screenshots/COIN/COIN_Daily_20260808_035258.png
 create mode 100644 charts/screenshots/COIN/COIN_Daily_20260809_041241.png
 delete mode 100644 charts/screenshots/COIN/COIN_Monthly_20260808_035258.png
 create mode 100644 charts/screenshots/COIN/COIN_Monthly_20260809_041241.png
 delete mode 100644 charts/screenshots/COIN/COIN_Weekly_20260808_035258.png
 create mode 100644 charts/screenshots/COIN/COIN_Weekly_20260809_041241.png
 create mode 100644 charts/screenshots/COP/COP_1H_20260809_033137.png
 create mode 100644 charts/screenshots/COP/COP_4H_20260809_033137.png
 create mode 100644 charts/screenshots/COP/COP_Daily_20260809_033137.png
 create mode 100644 charts/screenshots/COP/COP_Monthly_20260809_033137.png
 create mode 100644 charts/screenshots/COP/COP_Weekly_20260809_033137.png
 delete mode 100644 charts/screenshots/CRWD/CRWD_1H_20260808_030800.png
 create mode 100644 charts/screenshots/CRWD/CRWD_1H_20260809_032656.png
 delete mode 100644 charts/screenshots/CRWD/CRWD_4H_20260808_030800.png
 create mode 100644 charts/screenshots/CRWD/CRWD_4H_20260809_032656.png
 delete mode 100644 charts/screenshots/CRWD/CRWD_Daily_20260808_030800.png
 create mode 100644 charts/screenshots/CRWD/CRWD_Daily_20260809_032656.png
 delete mode 100644 charts/screenshots/CRWD/CRWD_Monthly_20260808_030800.png
 create mode 100644 charts/screenshots/CRWD/CRWD_Monthly_20260809_032656.png
 delete mode 100644 charts/screenshots/CRWD/CRWD_Weekly_20260808_030800.png
 create mode 100644 charts/screenshots/CRWD/CRWD_Weekly_20260809_032656.png
 delete mode 100644 charts/screenshots/CSCO/CSCO_1H_20260808_032109.png
 create mode 100644 charts/screenshots/CSCO/CSCO_1H_20260809_034015.png
 delete mode 100644 charts/screenshots/CSCO/CSCO_4H_20260808_032109.png
 create mode 100644 charts/screenshots/CSCO/CSCO_4H_20260809_034015.png
 delete mode 100644 charts/screenshots/CSCO/CSCO_Daily_20260808_032109.png
 create mode 100644 charts/screenshots/CSCO/CSCO_Daily_20260809_034015.png
 delete mode 100644 charts/screenshots/CSCO/CSCO_Monthly_20260808_032109.png
 create mode 100644 charts/screenshots/CSCO/CSCO_Monthly_20260809_034015.png
 delete mode 100644 charts/screenshots/CSCO/CSCO_Weekly_20260808_032109.png
 create mode 100644 charts/screenshots/CSCO/CSCO_Weekly_20260809_034015.png
 delete mode 100644 charts/screenshots/CVS/CVS_1H_20260808_030125.png
 create mode 100644 charts/screenshots/CVS/CVS_1H_20260809_031936.png
 delete mode 100644 charts/screenshots/CVS/CVS_4H_20260808_030125.png
 create mode 100644 charts/screenshots/CVS/CVS_4H_20260809_031936.png
 delete mode 100644 charts/screenshots/CVS/CVS_Daily_20260808_030125.png
 create mode 100644 charts/screenshots/CVS/CVS_Daily_20260809_031936.png
 delete mode 100644 charts/screenshots/CVS/CVS_Monthly_20260808_030125.png
 create mode 100644 charts/screenshots/CVS/CVS_Monthly_20260809_031936.png
 delete mode 100644 charts/screenshots/CVS/CVS_Weekly_20260808_030125.png
 create mode 100644 charts/screenshots/CVS/CVS_Weekly_20260809_031936.png
 delete mode 100644 charts/screenshots/CVX/CVX_1H_20260808_025928.png
 create mode 100644 charts/screenshots/CVX/CVX_1H_20260809_031737.png
 delete mode 100644 charts/screenshots/CVX/CVX_4H_20260808_025928.png
 create mode 100644 charts/screenshots/CVX/CVX_4H_20260809_031737.png
 delete mode 100644 charts/screenshots/CVX/CVX_Daily_20260808_025928.png
 create mode 100644 charts/screenshots/CVX/CVX_Daily_20260809_031737.png
 delete mode 100644 charts/screenshots/CVX/CVX_Monthly_20260808_025928.png
 create mode 100644 charts/screenshots/CVX/CVX_Monthly_20260809_031737.png
 delete mode 100644 charts/screenshots/CVX/CVX_Weekly_20260808_025928.png
 create mode 100644 charts/screenshots/CVX/CVX_Weekly_20260809_031737.png
 delete mode 100644 charts/screenshots/DASH/DASH_1H_20260808_031750.png
 create mode 100644 charts/screenshots/DASH/DASH_1H_20260809_033736.png
 delete mode 100644 charts/screenshots/DASH/DASH_4H_20260808_031750.png
 create mode 100644 charts/screenshots/DASH/DASH_4H_20260809_033736.png
 delete mode 100644 charts/screenshots/DASH/DASH_Daily_20260808_031750.png
 create mode 100644 charts/screenshots/DASH/DASH_Daily_20260809_033736.png
 delete mode 100644 charts/screenshots/DASH/DASH_Monthly_20260808_031750.png
 create mode 100644 charts/screenshots/DASH/DASH_Monthly_20260809_033736.png
 delete mode 100644 charts/screenshots/DASH/DASH_Weekly_20260808_031750.png
 create mode 100644 charts/screenshots/DASH/DASH_Weekly_20260809_033736.png
 delete mode 100644 charts/screenshots/DDOG/DDOG_1H_20260808_031118.png
 create mode 100644 charts/screenshots/DDOG/DDOG_1H_20260809_033016.png
 delete mode 100644 charts/screenshots/DDOG/DDOG_4H_20260808_031118.png
 create mode 100644 charts/screenshots/DDOG/DDOG_4H_20260809_033016.png
 delete mode 100644 charts/screenshots/DDOG/DDOG_Daily_20260808_031118.png
 create mode 100644 charts/screenshots/DDOG/DDOG_Daily_20260809_033016.png
 delete mode 100644 charts/screenshots/DDOG/DDOG_Monthly_20260808_031118.png
 create mode 100644 charts/screenshots/DDOG/DDOG_Monthly_20260809_033016.png
 delete mode 100644 charts/screenshots/DDOG/DDOG_Weekly_20260808_031118.png
 create mode 100644 charts/screenshots/DDOG/DDOG_Weekly_20260809_033016.png
 delete mode 100644 charts/screenshots/DELL/DELL_1H_20260808_031552.png
 create mode 100644 charts/screenshots/DELL/DELL_1H_20260809_033535.png
 delete mode 100644 charts/screenshots/DELL/DELL_4H_20260808_031552.png
 create mode 100644 charts/screenshots/DELL/DELL_4H_20260809_033535.png
 delete mode 100644 charts/screenshots/DELL/DELL_Daily_20260808_031552.png
 create mode 100644 charts/screenshots/DELL/DELL_Daily_20260809_033535.png
 delete mode 100644 charts/screenshots/DELL/DELL_Monthly_20260808_031552.png
 create mode 100644 charts/screenshots/DELL/DELL_Monthly_20260809_033535.png
 delete mode 100644 charts/screenshots/DELL/DELL_Weekly_20260808_031552.png
 create mode 100644 charts/screenshots/DELL/DELL_Weekly_20260809_033535.png
 delete mode 100644 charts/screenshots/DHR/DHR_1H_20260808_033422.png
 create mode 100644 charts/screenshots/DHR/DHR_1H_20260809_035328.png
 delete mode 100644 charts/screenshots/DHR/DHR_4H_20260808_033422.png
 create mode 100644 charts/screenshots/DHR/DHR_4H_20260809_035328.png
 delete mode 100644 charts/screenshots/DHR/DHR_Daily_20260808_033422.png
 create mode 100644 charts/screenshots/DHR/DHR_Daily_20260809_035328.png
 delete mode 100644 charts/screenshots/DHR/DHR_Monthly_20260808_033422.png
 create mode 100644 charts/screenshots/DHR/DHR_Monthly_20260809_035328.png
 delete mode 100644 charts/screenshots/DHR/DHR_Weekly_20260808_033422.png
 create mode 100644 charts/screenshots/DHR/DHR_Weekly_20260809_035328.png
 create mode 100644 charts/screenshots/EA/EA_1H_20260809_040125.png
 create mode 100644 charts/screenshots/EA/EA_4H_20260809_040125.png
 create mode 100644 charts/screenshots/EA/EA_Daily_20260809_040125.png
 create mode 100644 charts/screenshots/EA/EA_Monthly_20260809_040125.png
 create mode 100644 charts/screenshots/EA/EA_Weekly_20260809_040125.png
 rename charts/screenshots/ETN/{ETN_1H_20260808_031157.png => ETN_1H_20260809_033057.png} (94%)
 delete mode 100644 charts/screenshots/ETN/ETN_4H_20260808_031157.png
 create mode 100644 charts/screenshots/ETN/ETN_4H_20260809_033057.png
 delete mode 100644 charts/screenshots/ETN/ETN_Daily_20260808_031157.png
 create mode 100644 charts/screenshots/ETN/ETN_Daily_20260809_033057.png
 delete mode 100644 charts/screenshots/ETN/ETN_Monthly_20260808_031157.png
 create mode 100644 charts/screenshots/ETN/ETN_Monthly_20260809_033057.png
 delete mode 100644 charts/screenshots/ETN/ETN_Weekly_20260808_031157.png
 create mode 100644 charts/screenshots/ETN/ETN_Weekly_20260809_033057.png
 delete mode 100644 charts/screenshots/F/F_1H_20260808_034657.png
 create mode 100644 charts/screenshots/F/F_1H_20260809_040643.png
 delete mode 100644 charts/screenshots/F/F_4H_20260808_034657.png
 create mode 100644 charts/screenshots/F/F_4H_20260809_040643.png
 delete mode 100644 charts/screenshots/F/F_Daily_20260808_034657.png
 create mode 100644 charts/screenshots/F/F_Daily_20260809_040643.png
 delete mode 100644 charts/screenshots/F/F_Monthly_20260808_034657.png
 create mode 100644 charts/screenshots/F/F_Monthly_20260809_040643.png
 delete mode 100644 charts/screenshots/F/F_Weekly_20260808_034657.png
 create mode 100644 charts/screenshots/F/F_Weekly_20260809_040643.png
 delete mode 100644 charts/screenshots/FCX/FCX_1H_20260808_033024.png
 create mode 100644 charts/screenshots/FCX/FCX_1H_20260809_034930.png
 rename charts/screenshots/FCX/{FCX_4H_20260808_033024.png => FCX_4H_20260809_034930.png} (74%)
 delete mode 100644 charts/screenshots/FCX/FCX_Daily_20260808_033024.png
 create mode 100644 charts/screenshots/FCX/FCX_Daily_20260809_034930.png
 delete mode 100644 charts/screenshots/FCX/FCX_Monthly_20260808_033024.png
 create mode 100644 charts/screenshots/FCX/FCX_Monthly_20260809_034930.png
 delete mode 100644 charts/screenshots/FCX/FCX_Weekly_20260808_033024.png
 create mode 100644 charts/screenshots/FCX/FCX_Weekly_20260809_034930.png
 delete mode 100644 charts/screenshots/FTNT/FTNT_1H_20260808_030205.png
 create mode 100644 charts/screenshots/FTNT/FTNT_1H_20260809_032016.png
 delete mode 100644 charts/screenshots/FTNT/FTNT_4H_20260808_030205.png
 create mode 100644 charts/screenshots/FTNT/FTNT_4H_20260809_032016.png
 delete mode 100644 charts/screenshots/FTNT/FTNT_Daily_20260808_030205.png
 create mode 100644 charts/screenshots/FTNT/FTNT_Daily_20260809_032016.png
 delete mode 100644 charts/screenshots/FTNT/FTNT_Monthly_20260808_030205.png
 create mode 100644 charts/screenshots/FTNT/FTNT_Monthly_20260809_032016.png
 delete mode 100644 charts/screenshots/FTNT/FTNT_Weekly_20260808_030205.png
 create mode 100644 charts/screenshots/FTNT/FTNT_Weekly_20260809_032016.png
 delete mode 100644 charts/screenshots/GE/GE_1H_20260808_032149.png
 create mode 100644 charts/screenshots/GE/GE_1H_20260809_034054.png
 delete mode 100644 charts/screenshots/GE/GE_4H_20260808_032149.png
 create mode 100644 charts/screenshots/GE/GE_4H_20260809_034054.png
 delete mode 100644 charts/screenshots/GE/GE_Daily_20260808_032149.png
 create mode 100644 charts/screenshots/GE/GE_Daily_20260809_034054.png
 delete mode 100644 charts/screenshots/GE/GE_Monthly_20260808_032149.png
 create mode 100644 charts/screenshots/GE/GE_Monthly_20260809_034054.png
 delete mode 100644 charts/screenshots/GE/GE_Weekly_20260808_032149.png
 create mode 100644 charts/screenshots/GE/GE_Weekly_20260809_034054.png
 delete mode 100644 charts/screenshots/GEV/GEV_1H_20260808_034818.png
 create mode 100644 charts/screenshots/GEV/GEV_1H_20260809_040802.png
 delete mode 100644 charts/screenshots/GEV/GEV_4H_20260808_034818.png
 create mode 100644 charts/screenshots/GEV/GEV_4H_20260809_040802.png
 delete mode 100644 charts/screenshots/GEV/GEV_Daily_20260808_034818.png
 create mode 100644 charts/screenshots/GEV/GEV_Daily_20260809_040802.png
 delete mode 100644 charts/screenshots/GEV/GEV_Monthly_20260808_034818.png
 create mode 100644 charts/screenshots/GEV/GEV_Monthly_20260809_040802.png
 delete mode 100644 charts/screenshots/GEV/GEV_Weekly_20260808_034818.png
 create mode 100644 charts/screenshots/GEV/GEV_Weekly_20260809_040802.png
 delete mode 100644 charts/screenshots/GS/GS_1H_20260808_031512.png
 create mode 100644 charts/screenshots/GS/GS_1H_20260809_033455.png
 delete mode 100644 charts/screenshots/GS/GS_4H_20260808_031512.png
 create mode 100644 charts/screenshots/GS/GS_4H_20260809_033455.png
 delete mode 100644 charts/screenshots/GS/GS_Daily_20260808_031512.png
 create mode 100644 charts/screenshots/GS/GS_Daily_20260809_033455.png
 delete mode 100644 charts/screenshots/GS/GS_Monthly_20260808_031512.png
 create mode 100644 charts/screenshots/GS/GS_Monthly_20260809_033455.png
 delete mode 100644 charts/screenshots/GS/GS_Weekly_20260808_031512.png
 create mode 100644 charts/screenshots/GS/GS_Weekly_20260809_033455.png
 delete mode 100644 charts/screenshots/HON/HON_1H_20260808_031632.png
 create mode 100644 charts/screenshots/HON/HON_1H_20260809_033615.png
 delete mode 100644 charts/screenshots/HON/HON_4H_20260808_031632.png
 create mode 100644 charts/screenshots/HON/HON_4H_20260809_033615.png
 delete mode 100644 charts/screenshots/HON/HON_Daily_20260808_031632.png
 create mode 100644 charts/screenshots/HON/HON_Daily_20260809_033615.png
 delete mode 100644 charts/screenshots/HON/HON_Monthly_20260808_031632.png
 create mode 100644 charts/screenshots/HON/HON_Monthly_20260809_033615.png
 delete mode 100644 charts/screenshots/HON/HON_Weekly_20260808_031632.png
 create mode 100644 charts/screenshots/HON/HON_Weekly_20260809_033615.png
 delete mode 100644 charts/screenshots/HOOD/HOOD_1H_20260808_032547.png
 create mode 100644 charts/screenshots/HOOD/HOOD_1H_20260809_034451.png
 delete mode 100644 charts/screenshots/HOOD/HOOD_4H_20260808_032547.png
 create mode 100644 charts/screenshots/HOOD/HOOD_4H_20260809_034451.png
 delete mode 100644 charts/screenshots/HOOD/HOOD_Daily_20260808_032547.png
 create mode 100644 charts/screenshots/HOOD/HOOD_Daily_20260809_034451.png
 delete mode 100644 charts/screenshots/HOOD/HOOD_Monthly_20260808_032547.png
 create mode 100644 charts/screenshots/HOOD/HOOD_Monthly_20260809_034451.png
 delete mode 100644 charts/screenshots/HOOD/HOOD_Weekly_20260808_032547.png
 create mode 100644 charts/screenshots/HOOD/HOOD_Weekly_20260809_034451.png
 delete mode 100644 charts/screenshots/HPE/HPE_1H_20260808_033821.png
 create mode 100644 charts/screenshots/HPE/HPE_1H_20260809_035727.png
 delete mode 100644 charts/screenshots/HPE/HPE_4H_20260808_033821.png
 create mode 100644 charts/screenshots/HPE/HPE_4H_20260809_035727.png
 rename charts/screenshots/HPE/{HPE_Daily_20260808_033821.png => HPE_Daily_20260809_035727.png} (95%)
 delete mode 100644 charts/screenshots/HPE/HPE_Monthly_20260808_033821.png
 create mode 100644 charts/screenshots/HPE/HPE_Monthly_20260809_035727.png
 delete mode 100644 charts/screenshots/HPE/HPE_Weekly_20260808_033821.png
 create mode 100644 charts/screenshots/HPE/HPE_Weekly_20260809_035727.png
 delete mode 100644 charts/screenshots/HTZ/HTZ_1H_20260808_035456.png
 delete mode 100644 charts/screenshots/HTZ/HTZ_4H_20260808_035456.png
 delete mode 100644 charts/screenshots/HTZ/HTZ_Daily_20260808_035456.png
 delete mode 100644 charts/screenshots/HTZ/HTZ_Monthly_20260808_035456.png
 delete mode 100644 charts/screenshots/HTZ/HTZ_Weekly_20260808_035456.png
 delete mode 100644 charts/screenshots/IWM/IWM_1H_20260808_032628.png
 create mode 100644 charts/screenshots/IWM/IWM_1H_20260809_034531.png
 delete mode 100644 charts/screenshots/IWM/IWM_4H_20260808_032628.png
 create mode 100644 charts/screenshots/IWM/IWM_4H_20260809_034531.png
 rename charts/screenshots/IWM/{IWM_Daily_20260808_032628.png => IWM_Daily_20260809_034531.png} (76%)
 delete mode 100644 charts/screenshots/IWM/IWM_Monthly_20260808_032628.png
 create mode 100644 charts/screenshots/IWM/IWM_Monthly_20260809_034531.png
 delete mode 100644 charts/screenshots/IWM/IWM_Weekly_20260808_032628.png
 create mode 100644 charts/screenshots/IWM/IWM_Weekly_20260809_034531.png
 delete mode 100644 charts/screenshots/JNJ/JNJ_1H_20260808_033502.png
 create mode 100644 charts/screenshots/JNJ/JNJ_1H_20260809_035408.png
 delete mode 100644 charts/screenshots/JNJ/JNJ_4H_20260808_033502.png
 create mode 100644 charts/screenshots/JNJ/JNJ_4H_20260809_035408.png
 delete mode 100644 charts/screenshots/JNJ/JNJ_Daily_20260808_033502.png
 create mode 100644 charts/screenshots/JNJ/JNJ_Daily_20260809_035408.png
 delete mode 100644 charts/screenshots/JNJ/JNJ_Monthly_20260808_033502.png
 create mode 100644 charts/screenshots/JNJ/JNJ_Monthly_20260809_035408.png
 delete mode 100644 charts/screenshots/JNJ/JNJ_Weekly_20260808_033502.png
 create mode 100644 charts/screenshots/JNJ/JNJ_Weekly_20260809_035408.png
 delete mode 100644 charts/screenshots/JPM/JPM_1H_20260808_033541.png
 create mode 100644 charts/screenshots/JPM/JPM_1H_20260809_035448.png
 delete mode 100644 charts/screenshots/JPM/JPM_4H_20260808_033541.png
 create mode 100644 charts/screenshots/JPM/JPM_4H_20260809_035448.png
 delete mode 100644 charts/screenshots/JPM/JPM_Daily_20260808_033541.png
 create mode 100644 charts/screenshots/JPM/JPM_Daily_20260809_035448.png
 delete mode 100644 charts/screenshots/JPM/JPM_Monthly_20260808_033541.png
 create mode 100644 charts/screenshots/JPM/JPM_Monthly_20260809_035448.png
 delete mode 100644 charts/screenshots/JPM/JPM_Weekly_20260808_033541.png
 create mode 100644 charts/screenshots/JPM/JPM_Weekly_20260809_035448.png
 delete mode 100644 charts/screenshots/KO/KO_1H_20260808_032229.png
 create mode 100644 charts/screenshots/KO/KO_1H_20260809_034134.png
 delete mode 100644 charts/screenshots/KO/KO_4H_20260808_032229.png
 create mode 100644 charts/screenshots/KO/KO_4H_20260809_034134.png
 delete mode 100644 charts/screenshots/KO/KO_Daily_20260808_032229.png
 create mode 100644 charts/screenshots/KO/KO_Daily_20260809_034134.png
 delete mode 100644 charts/screenshots/KO/KO_Monthly_20260808_032229.png
 create mode 100644 charts/screenshots/KO/KO_Monthly_20260809_034134.png
 delete mode 100644 charts/screenshots/KO/KO_Weekly_20260808_032229.png
 create mode 100644 charts/screenshots/KO/KO_Weekly_20260809_034134.png
 delete mode 100644 charts/screenshots/LIN/LIN_1H_20260808_034858.png
 create mode 100644 charts/screenshots/LIN/LIN_1H_20260809_040842.png
 delete mode 100644 charts/screenshots/LIN/LIN_4H_20260808_034858.png
 create mode 100644 charts/screenshots/LIN/LIN_4H_20260809_040842.png
 delete mode 100644 charts/screenshots/LIN/LIN_Daily_20260808_034858.png
 create mode 100644 charts/screenshots/LIN/LIN_Daily_20260809_040842.png
 delete mode 100644 charts/screenshots/LIN/LIN_Monthly_20260808_034858.png
 create mode 100644 charts/screenshots/LIN/LIN_Monthly_20260809_040842.png
 delete mode 100644 charts/screenshots/LIN/LIN_Weekly_20260808_034858.png
 create mode 100644 charts/screenshots/LIN/LIN_Weekly_20260809_040842.png
 delete mode 100644 charts/screenshots/LLY/LLY_1H_20260808_033301.png
 create mode 100644 charts/screenshots/LLY/LLY_1H_20260809_035209.png
 rename charts/screenshots/LLY/{LLY_4H_20260808_033301.png => LLY_4H_20260809_035209.png} (71%)
 delete mode 100644 charts/screenshots/LLY/LLY_Daily_20260808_033301.png
 create mode 100644 charts/screenshots/LLY/LLY_Daily_20260809_035209.png
 delete mode 100644 charts/screenshots/LLY/LLY_Monthly_20260808_033301.png
 create mode 100644 charts/screenshots/LLY/LLY_Monthly_20260809_035209.png
 delete mode 100644 charts/screenshots/LLY/LLY_Weekly_20260808_033301.png
 create mode 100644 charts/screenshots/LLY/LLY_Weekly_20260809_035209.png
 delete mode 100644 charts/screenshots/LRCX/LRCX_1H_20260808_034140.png
 create mode 100644 charts/screenshots/LRCX/LRCX_1H_20260809_040046.png
 delete mode 100644 charts/screenshots/LRCX/LRCX_4H_20260808_034140.png
 create mode 100644 charts/screenshots/LRCX/LRCX_4H_20260809_040046.png
 delete mode 100644 charts/screenshots/LRCX/LRCX_Daily_20260808_034140.png
 create mode 100644 charts/screenshots/LRCX/LRCX_Daily_20260809_040046.png
 delete mode 100644 charts/screenshots/LRCX/LRCX_Monthly_20260808_034140.png
 create mode 100644 charts/screenshots/LRCX/LRCX_Monthly_20260809_040046.png
 delete mode 100644 charts/screenshots/LRCX/LRCX_Weekly_20260808_034140.png
 create mode 100644 charts/screenshots/LRCX/LRCX_Weekly_20260809_040046.png
 delete mode 100644 charts/screenshots/MA/MA_1H_20260808_030523.png
 create mode 100644 charts/screenshots/MA/MA_1H_20260809_032336.png
 delete mode 100644 charts/screenshots/MA/MA_4H_20260808_030523.png
 create mode 100644 charts/screenshots/MA/MA_4H_20260809_032336.png
 delete mode 100644 charts/screenshots/MA/MA_Daily_20260808_030523.png
 create mode 100644 charts/screenshots/MA/MA_Daily_20260809_032336.png
 delete mode 100644 charts/screenshots/MA/MA_Monthly_20260808_030523.png
 create mode 100644 charts/screenshots/MA/MA_Monthly_20260809_032336.png
 delete mode 100644 charts/screenshots/MA/MA_Weekly_20260808_030523.png
 create mode 100644 charts/screenshots/MA/MA_Weekly_20260809_032336.png
 delete mode 100644 charts/screenshots/MCHP/MCHP_1H_20260808_034419.png
 create mode 100644 charts/screenshots/MCHP/MCHP_1H_20260809_040404.png
 delete mode 100644 charts/screenshots/MCHP/MCHP_4H_20260808_034419.png
 create mode 100644 charts/screenshots/MCHP/MCHP_4H_20260809_040404.png
 delete mode 100644 charts/screenshots/MCHP/MCHP_Daily_20260808_034419.png
 create mode 100644 charts/screenshots/MCHP/MCHP_Daily_20260809_040404.png
 delete mode 100644 charts/screenshots/MCHP/MCHP_Monthly_20260808_034419.png
 create mode 100644 charts/screenshots/MCHP/MCHP_Monthly_20260809_040404.png
 delete mode 100644 charts/screenshots/MCHP/MCHP_Weekly_20260808_034419.png
 create mode 100644 charts/screenshots/MCHP/MCHP_Weekly_20260809_040404.png
 delete mode 100644 charts/screenshots/MCK/MCK_1H_20260808_031711.png
 create mode 100644 charts/screenshots/MCK/MCK_1H_20260809_033655.png
 delete mode 100644 charts/screenshots/MCK/MCK_4H_20260808_031711.png
 create mode 100644 charts/screenshots/MCK/MCK_4H_20260809_033655.png
 delete mode 100644 charts/screenshots/MCK/MCK_Daily_20260808_031711.png
 create mode 100644 charts/screenshots/MCK/MCK_Daily_20260809_033655.png
 delete mode 100644 charts/screenshots/MCK/MCK_Monthly_20260808_031711.png
 create mode 100644 charts/screenshots/MCK/MCK_Monthly_20260809_033655.png
 delete mode 100644 charts/screenshots/MCK/MCK_Weekly_20260808_031711.png
 create mode 100644 charts/screenshots/MCK/MCK_Weekly_20260809_033655.png
 delete mode 100644 charts/screenshots/MELI/MELI_1H_20260808_032747.png
 create mode 100644 charts/screenshots/MELI/MELI_1H_20260809_034651.png
 delete mode 100644 charts/screenshots/MELI/MELI_4H_20260808_032747.png
 create mode 100644 charts/screenshots/MELI/MELI_4H_20260809_034651.png
 delete mode 100644 charts/screenshots/MELI/MELI_Daily_20260808_032747.png
 create mode 100644 charts/screenshots/MELI/MELI_Daily_20260809_034651.png
 delete mode 100644 charts/screenshots/MELI/MELI_Monthly_20260808_032747.png
 create mode 100644 charts/screenshots/MELI/MELI_Monthly_20260809_034651.png
 rename charts/screenshots/MELI/{MELI_Weekly_20260808_032747.png => MELI_Weekly_20260809_034651.png} (67%)
 delete mode 100644 charts/screenshots/META/META_1H_20260808_035017.png
 create mode 100644 charts/screenshots/META/META_1H_20260809_041002.png
 rename charts/screenshots/META/{META_4H_20260808_035017.png => META_4H_20260809_041002.png} (95%)
 rename charts/screenshots/META/{META_Daily_20260808_035017.png => META_Daily_20260809_041002.png} (94%)
 delete mode 100644 charts/screenshots/META/META_Monthly_20260808_035017.png
 create mode 100644 charts/screenshots/META/META_Monthly_20260809_041002.png
 delete mode 100644 charts/screenshots/META/META_Weekly_20260808_035017.png
 create mode 100644 charts/screenshots/META/META_Weekly_20260809_041002.png
 delete mode 100644 charts/screenshots/MPWR/MPWR_1H_20260808_034617.png
 create mode 100644 charts/screenshots/MPWR/MPWR_1H_20260809_040604.png
 delete mode 100644 charts/screenshots/MPWR/MPWR_4H_20260808_034617.png
 create mode 100644 charts/screenshots/MPWR/MPWR_4H_20260809_040604.png
 delete mode 100644 charts/screenshots/MPWR/MPWR_Daily_20260808_034617.png
 create mode 100644 charts/screenshots/MPWR/MPWR_Daily_20260809_040604.png
 delete mode 100644 charts/screenshots/MPWR/MPWR_Monthly_20260808_034617.png
 create mode 100644 charts/screenshots/MPWR/MPWR_Monthly_20260809_040604.png
 delete mode 100644 charts/screenshots/MPWR/MPWR_Weekly_20260808_034617.png
 create mode 100644 charts/screenshots/MPWR/MPWR_Weekly_20260809_040604.png
 delete mode 100644 charts/screenshots/MRK/MRK_1H_20260808_033621.png
 create mode 100644 charts/screenshots/MRK/MRK_1H_20260809_035527.png
 delete mode 100644 charts/screenshots/MRK/MRK_4H_20260808_033621.png
 create mode 100644 charts/screenshots/MRK/MRK_4H_20260809_035527.png
 delete mode 100644 charts/screenshots/MRK/MRK_Daily_20260808_033621.png
 create mode 100644 charts/screenshots/MRK/MRK_Daily_20260809_035527.png
 delete mode 100644 charts/screenshots/MRK/MRK_Monthly_20260808_033621.png
 create mode 100644 charts/screenshots/MRK/MRK_Monthly_20260809_035527.png
 delete mode 100644 charts/screenshots/MRK/MRK_Weekly_20260808_033621.png
 create mode 100644 charts/screenshots/MRK/MRK_Weekly_20260809_035527.png
 delete mode 100644 charts/screenshots/MS/MS_1H_20260808_034459.png
 create mode 100644 charts/screenshots/MS/MS_1H_20260809_040444.png
 rename charts/screenshots/MS/{MS_4H_20260808_034459.png => MS_4H_20260809_040444.png} (69%)
 delete mode 100644 charts/screenshots/MS/MS_Daily_20260808_034459.png
 create mode 100644 charts/screenshots/MS/MS_Daily_20260809_040444.png
 delete mode 100644 charts/screenshots/MS/MS_Monthly_20260808_034459.png
 create mode 100644 charts/screenshots/MS/MS_Monthly_20260809_040444.png
 delete mode 100644 charts/screenshots/MS/MS_Weekly_20260808_034459.png
 create mode 100644 charts/screenshots/MS/MS_Weekly_20260809_040444.png
 delete mode 100644 charts/screenshots/MSFT/MSFT_1H_20260808_033103.png
 create mode 100644 charts/screenshots/MSFT/MSFT_1H_20260809_035009.png
 rename charts/screenshots/MSFT/{MSFT_4H_20260808_033103.png => MSFT_4H_20260809_035009.png} (95%)
 delete mode 100644 charts/screenshots/MSFT/MSFT_Daily_20260808_033103.png
 create mode 100644 charts/screenshots/MSFT/MSFT_Daily_20260809_035009.png
 delete mode 100644 charts/screenshots/MSFT/MSFT_Monthly_20260808_033103.png
 create mode 100644 charts/screenshots/MSFT/MSFT_Monthly_20260809_035009.png
 rename charts/screenshots/MSFT/{MSFT_Weekly_20260808_033103.png => MSFT_Weekly_20260809_035009.png} (98%)
 delete mode 100644 charts/screenshots/MU/MU_1H_20260808_030046.png
 create mode 100644 charts/screenshots/MU/MU_1H_20260809_031857.png
 rename charts/screenshots/MU/{MU_4H_20260808_030046.png => MU_4H_20260809_031857.png} (97%)
 delete mode 100644 charts/screenshots/MU/MU_Daily_20260808_030046.png
 create mode 100644 charts/screenshots/MU/MU_Daily_20260809_031857.png
 delete mode 100644 charts/screenshots/MU/MU_Monthly_20260808_030046.png
 create mode 100644 charts/screenshots/MU/MU_Monthly_20260809_031857.png
 delete mode 100644 charts/screenshots/MU/MU_Weekly_20260808_030046.png
 create mode 100644 charts/screenshots/MU/MU_Weekly_20260809_031857.png
 delete mode 100644 charts/screenshots/NBM.V/NBM.V_1H_20260808_035536.png
 create mode 100644 charts/screenshots/NBM.V/NBM.V_1H_20260809_041521.png
 delete mode 100644 charts/screenshots/NBM.V/NBM.V_4H_20260808_035536.png
 create mode 100644 charts/screenshots/NBM.V/NBM.V_4H_20260809_041521.png
 delete mode 100644 charts/screenshots/NBM.V/NBM.V_Daily_20260808_035536.png
 create mode 100644 charts/screenshots/NBM.V/NBM.V_Daily_20260809_041521.png
 delete mode 100644 charts/screenshots/NBM.V/NBM.V_Monthly_20260808_035536.png
 create mode 100644 charts/screenshots/NBM.V/NBM.V_Monthly_20260809_041521.png
 delete mode 100644 charts/screenshots/NBM.V/NBM.V_Weekly_20260808_035536.png
 create mode 100644 charts/screenshots/NBM.V/NBM.V_Weekly_20260809_041521.png
 rename charts/screenshots/NVDA/{NVDA_1H_20260808_032708.png => NVDA_1H_20260809_034611.png} (53%)
 delete mode 100644 charts/screenshots/NVDA/NVDA_4H_20260808_032708.png
 create mode 100644 charts/screenshots/NVDA/NVDA_4H_20260809_034611.png
 delete mode 100644 charts/screenshots/NVDA/NVDA_Daily_20260808_032708.png
 create mode 100644 charts/screenshots/NVDA/NVDA_Daily_20260809_034611.png
 delete mode 100644 charts/screenshots/NVDA/NVDA_Monthly_20260808_032708.png
 create mode 100644 charts/screenshots/NVDA/NVDA_Monthly_20260809_034611.png
 rename charts/screenshots/NVDA/{NVDA_Weekly_20260808_032708.png => NVDA_Weekly_20260809_034611.png} (95%)
 delete mode 100644 charts/screenshots/NXPI/NXPI_1H_20260808_035218.png
 create mode 100644 charts/screenshots/NXPI/NXPI_1H_20260809_041202.png
 delete mode 100644 charts/screenshots/NXPI/NXPI_4H_20260808_035218.png
 create mode 100644 charts/screenshots/NXPI/NXPI_4H_20260809_041202.png
 delete mode 100644 charts/screenshots/NXPI/NXPI_Daily_20260808_035218.png
 create mode 100644 charts/screenshots/NXPI/NXPI_Daily_20260809_041202.png
 delete mode 100644 charts/screenshots/NXPI/NXPI_Monthly_20260808_035218.png
 create mode 100644 charts/screenshots/NXPI/NXPI_Monthly_20260809_041202.png
 rename charts/screenshots/NXPI/{NXPI_Weekly_20260808_035218.png => NXPI_Weekly_20260809_041202.png} (98%)
 delete mode 100644 charts/screenshots/PANW/PANW_1H_20260808_030839.png
 create mode 100644 charts/screenshots/PANW/PANW_1H_20260809_032736.png
 delete mode 100644 charts/screenshots/PANW/PANW_4H_20260808_030839.png
 create mode 100644 charts/screenshots/PANW/PANW_4H_20260809_032736.png
 delete mode 100644 charts/screenshots/PANW/PANW_Daily_20260808_030839.png
 create mode 100644 charts/screenshots/PANW/PANW_Daily_20260809_032736.png
 delete mode 100644 charts/screenshots/PANW/PANW_Monthly_20260808_030839.png
 create mode 100644 charts/screenshots/PANW/PANW_Monthly_20260809_032736.png
 delete mode 100644 charts/screenshots/PANW/PANW_Weekly_20260808_030839.png
 create mode 100644 charts/screenshots/PANW/PANW_Weekly_20260809_032736.png
 delete mode 100644 charts/screenshots/PFE/PFE_1H_20260808_034220.png
 create mode 100644 charts/screenshots/PFE/PFE_1H_20260809_040204.png
 delete mode 100644 charts/screenshots/PFE/PFE_4H_20260808_034220.png
 create mode 100644 charts/screenshots/PFE/PFE_4H_20260809_040204.png
 delete mode 100644 charts/screenshots/PFE/PFE_Daily_20260808_034220.png
 create mode 100644 charts/screenshots/PFE/PFE_Daily_20260809_040204.png
 delete mode 100644 charts/screenshots/PFE/PFE_Monthly_20260808_034220.png
 create mode 100644 charts/screenshots/PFE/PFE_Monthly_20260809_040204.png
 rename charts/screenshots/PFE/{PFE_Weekly_20260808_034220.png => PFE_Weekly_20260809_040204.png} (68%)
 delete mode 100644 charts/screenshots/PG/PG_1H_20260808_032507.png
 create mode 100644 charts/screenshots/PG/PG_1H_20260809_034412.png
 delete mode 100644 charts/screenshots/PG/PG_4H_20260808_032507.png
 create mode 100644 charts/screenshots/PG/PG_4H_20260809_034412.png
 delete mode 100644 charts/screenshots/PG/PG_Daily_20260808_032507.png
 create mode 100644 charts/screenshots/PG/PG_Daily_20260809_034412.png
 delete mode 100644 charts/screenshots/PG/PG_Monthly_20260808_032507.png
 create mode 100644 charts/screenshots/PG/PG_Monthly_20260809_034412.png
 delete mode 100644 charts/screenshots/PG/PG_Weekly_20260808_032507.png
 create mode 100644 charts/screenshots/PG/PG_Weekly_20260809_034412.png
 delete mode 100644 charts/screenshots/PLD/PLD_1H_20260808_034339.png
 create mode 100644 charts/screenshots/PLD/PLD_1H_20260809_040324.png
 delete mode 100644 charts/screenshots/PLD/PLD_4H_20260808_034339.png
 create mode 100644 charts/screenshots/PLD/PLD_4H_20260809_040324.png
 delete mode 100644 charts/screenshots/PLD/PLD_Daily_20260808_034339.png
 create mode 100644 charts/screenshots/PLD/PLD_Daily_20260809_040324.png
 delete mode 100644 charts/screenshots/PLD/PLD_Monthly_20260808_034339.png
 create mode 100644 charts/screenshots/PLD/PLD_Monthly_20260809_040324.png
 delete mode 100644 charts/screenshots/PLD/PLD_Weekly_20260808_034339.png
 create mode 100644 charts/screenshots/PLD/PLD_Weekly_20260809_040324.png
 delete mode 100644 charts/screenshots/PM/PM_1H_20260808_033702.png
 create mode 100644 charts/screenshots/PM/PM_1H_20260809_035607.png
 delete mode 100644 charts/screenshots/PM/PM_4H_20260808_033702.png
 create mode 100644 charts/screenshots/PM/PM_4H_20260809_035607.png
 delete mode 100644 charts/screenshots/PM/PM_Daily_20260808_033702.png
 create mode 100644 charts/screenshots/PM/PM_Daily_20260809_035607.png
 delete mode 100644 charts/screenshots/PM/PM_Monthly_20260808_033702.png
 create mode 100644 charts/screenshots/PM/PM_Monthly_20260809_035607.png
 delete mode 100644 charts/screenshots/PM/PM_Weekly_20260808_033702.png
 create mode 100644 charts/screenshots/PM/PM_Weekly_20260809_035607.png
 delete mode 100644 charts/screenshots/PYPL/PYPL_1H_20260808_030245.png
 create mode 100644 charts/screenshots/PYPL/PYPL_1H_20260809_032057.png
 delete mode 100644 charts/screenshots/PYPL/PYPL_4H_20260808_030245.png
 create mode 100644 charts/screenshots/PYPL/PYPL_4H_20260809_032057.png
 delete mode 100644 charts/screenshots/PYPL/PYPL_Daily_20260808_030245.png
 create mode 100644 charts/screenshots/PYPL/PYPL_Daily_20260809_032057.png
 delete mode 100644 charts/screenshots/PYPL/PYPL_Monthly_20260808_030245.png
 create mode 100644 charts/screenshots/PYPL/PYPL_Monthly_20260809_032057.png
 rename charts/screenshots/PYPL/{PYPL_Weekly_20260808_030245.png => PYPL_Weekly_20260809_032057.png} (68%)
 delete mode 100644 charts/screenshots/QQQ/QQQ_1H_20260808_025609.png
 create mode 100644 charts/screenshots/QQQ/QQQ_1H_20260809_031455.png
 delete mode 100644 charts/screenshots/QQQ/QQQ_4H_20260808_025609.png
 create mode 100644 charts/screenshots/QQQ/QQQ_4H_20260809_031455.png
 delete mode 100644 charts/screenshots/QQQ/QQQ_Daily_20260808_025609.png
 create mode 100644 charts/screenshots/QQQ/QQQ_Daily_20260809_031455.png
 delete mode 100644 charts/screenshots/QQQ/QQQ_Monthly_20260808_025609.png
 create mode 100644 charts/screenshots/QQQ/QQQ_Monthly_20260809_031455.png
 delete mode 100644 charts/screenshots/QQQ/QQQ_Weekly_20260808_025609.png
 create mode 100644 charts/screenshots/QQQ/QQQ_Weekly_20260809_031455.png
 delete mode 100644 charts/screenshots/RTX/RTX_1H_20260808_033143.png
 create mode 100644 charts/screenshots/RTX/RTX_1H_20260809_035049.png
 delete mode 100644 charts/screenshots/RTX/RTX_4H_20260808_033143.png
 create mode 100644 charts/screenshots/RTX/RTX_4H_20260809_035049.png
 delete mode 100644 charts/screenshots/RTX/RTX_Daily_20260808_033143.png
 create mode 100644 charts/screenshots/RTX/RTX_Daily_20260809_035049.png
 delete mode 100644 charts/screenshots/RTX/RTX_Monthly_20260808_033143.png
 create mode 100644 charts/screenshots/RTX/RTX_Monthly_20260809_035049.png
 delete mode 100644 charts/screenshots/RTX/RTX_Weekly_20260808_033143.png
 create mode 100644 charts/screenshots/RTX/RTX_Weekly_20260809_035049.png
 delete mode 100644 charts/screenshots/SCHW/SCHW_1H_20260808_030918.png
 create mode 100644 charts/screenshots/SCHW/SCHW_1H_20260809_032817.png
 delete mode 100644 charts/screenshots/SCHW/SCHW_4H_20260808_030918.png
 create mode 100644 charts/screenshots/SCHW/SCHW_4H_20260809_032817.png
 delete mode 100644 charts/screenshots/SCHW/SCHW_Daily_20260808_030918.png
 create mode 100644 charts/screenshots/SCHW/SCHW_Daily_20260809_032817.png
 delete mode 100644 charts/screenshots/SCHW/SCHW_Monthly_20260808_030918.png
 create mode 100644 charts/screenshots/SCHW/SCHW_Monthly_20260809_032817.png
 delete mode 100644 charts/screenshots/SCHW/SCHW_Weekly_20260808_030918.png
 create mode 100644 charts/screenshots/SCHW/SCHW_Weekly_20260809_032817.png
 delete mode 100644 charts/screenshots/SPGI/SPGI_1H_20260808_034259.png
 create mode 100644 charts/screenshots/SPGI/SPGI_1H_20260809_040244.png
 delete mode 100644 charts/screenshots/SPGI/SPGI_4H_20260808_034259.png
 create mode 100644 charts/screenshots/SPGI/SPGI_4H_20260809_040244.png
 delete mode 100644 charts/screenshots/SPGI/SPGI_Daily_20260808_034259.png
 create mode 100644 charts/screenshots/SPGI/SPGI_Daily_20260809_040244.png
 delete mode 100644 charts/screenshots/SPGI/SPGI_Monthly_20260808_034259.png
 create mode 100644 charts/screenshots/SPGI/SPGI_Monthly_20260809_040244.png
 delete mode 100644 charts/screenshots/SPGI/SPGI_Weekly_20260808_034259.png
 create mode 100644 charts/screenshots/SPGI/SPGI_Weekly_20260809_040244.png
 delete mode 100644 charts/screenshots/SPY/SPY_1H_20260808_034020.png
 create mode 100644 charts/screenshots/SPY/SPY_1H_20260809_035926.png
 delete mode 100644 charts/screenshots/SPY/SPY_4H_20260808_034020.png
 create mode 100644 charts/screenshots/SPY/SPY_4H_20260809_035926.png
 delete mode 100644 charts/screenshots/SPY/SPY_Daily_20260808_034020.png
 create mode 100644 charts/screenshots/SPY/SPY_Daily_20260809_035926.png
 delete mode 100644 charts/screenshots/SPY/SPY_Monthly_20260808_034020.png
 create mode 100644 charts/screenshots/SPY/SPY_Monthly_20260809_035926.png
 delete mode 100644 charts/screenshots/SPY/SPY_Weekly_20260808_034020.png
 create mode 100644 charts/screenshots/SPY/SPY_Weekly_20260809_035926.png
 delete mode 100644 charts/screenshots/STX/STX_1H_20260808_031433.png
 create mode 100644 charts/screenshots/STX/STX_1H_20260809_033416.png
 delete mode 100644 charts/screenshots/STX/STX_4H_20260808_031433.png
 create mode 100644 charts/screenshots/STX/STX_4H_20260809_033416.png
 delete mode 100644 charts/screenshots/STX/STX_Daily_20260808_031433.png
 create mode 100644 charts/screenshots/STX/STX_Daily_20260809_033416.png
 delete mode 100644 charts/screenshots/STX/STX_Monthly_20260808_031433.png
 create mode 100644 charts/screenshots/STX/STX_Monthly_20260809_033416.png
 delete mode 100644 charts/screenshots/STX/STX_Weekly_20260808_031433.png
 create mode 100644 charts/screenshots/STX/STX_Weekly_20260809_033416.png
 delete mode 100644 charts/screenshots/SYK/SYK_1H_20260808_033341.png
 create mode 100644 charts/screenshots/SYK/SYK_1H_20260809_035249.png
 delete mode 100644 charts/screenshots/SYK/SYK_4H_20260808_033341.png
 create mode 100644 charts/screenshots/SYK/SYK_4H_20260809_035249.png
 delete mode 100644 charts/screenshots/SYK/SYK_Daily_20260808_033341.png
 create mode 100644 charts/screenshots/SYK/SYK_Daily_20260809_035249.png
 delete mode 100644 charts/screenshots/SYK/SYK_Monthly_20260808_033341.png
 create mode 100644 charts/screenshots/SYK/SYK_Monthly_20260809_035249.png
 delete mode 100644 charts/screenshots/SYK/SYK_Weekly_20260808_033341.png
 create mode 100644 charts/screenshots/SYK/SYK_Weekly_20260809_035249.png
 delete mode 100644 charts/screenshots/TER/TER_1H_20260808_033940.png
 create mode 100644 charts/screenshots/TER/TER_1H_20260809_035846.png
 delete mode 100644 charts/screenshots/TER/TER_4H_20260808_033940.png
 create mode 100644 charts/screenshots/TER/TER_4H_20260809_035846.png
 delete mode 100644 charts/screenshots/TER/TER_Daily_20260808_033940.png
 create mode 100644 charts/screenshots/TER/TER_Daily_20260809_035846.png
 delete mode 100644 charts/screenshots/TER/TER_Monthly_20260808_033940.png
 create mode 100644 charts/screenshots/TER/TER_Monthly_20260809_035846.png
 delete mode 100644 charts/screenshots/TER/TER_Weekly_20260808_033940.png
 create mode 100644 charts/screenshots/TER/TER_Weekly_20260809_035846.png
 delete mode 100644 charts/screenshots/TJX/TJX_1H_20260808_031236.png
 create mode 100644 charts/screenshots/TJX/TJX_1H_20260809_033217.png
 delete mode 100644 charts/screenshots/TJX/TJX_4H_20260808_031236.png
 create mode 100644 charts/screenshots/TJX/TJX_4H_20260809_033217.png
 delete mode 100644 charts/screenshots/TJX/TJX_Daily_20260808_031236.png
 create mode 100644 charts/screenshots/TJX/TJX_Daily_20260809_033217.png
 delete mode 100644 charts/screenshots/TJX/TJX_Monthly_20260808_031236.png
 create mode 100644 charts/screenshots/TJX/TJX_Monthly_20260809_033217.png
 delete mode 100644 charts/screenshots/TJX/TJX_Weekly_20260808_031236.png
 create mode 100644 charts/screenshots/TJX/TJX_Weekly_20260809_033217.png
 delete mode 100644 charts/screenshots/TMO/TMO_1H_20260808_030959.png
 create mode 100644 charts/screenshots/TMO/TMO_1H_20260809_032857.png
 delete mode 100644 charts/screenshots/TMO/TMO_4H_20260808_030959.png
 create mode 100644 charts/screenshots/TMO/TMO_4H_20260809_032857.png
 delete mode 100644 charts/screenshots/TMO/TMO_Daily_20260808_030959.png
 create mode 100644 charts/screenshots/TMO/TMO_Daily_20260809_032857.png
 delete mode 100644 charts/screenshots/TMO/TMO_Monthly_20260808_030959.png
 create mode 100644 charts/screenshots/TMO/TMO_Monthly_20260809_032857.png
 delete mode 100644 charts/screenshots/TMO/TMO_Weekly_20260808_030959.png
 create mode 100644 charts/screenshots/TMO/TMO_Weekly_20260809_032857.png
 delete mode 100644 charts/screenshots/TMUS/TMUS_1H_20260808_035337.png
 create mode 100644 charts/screenshots/TMUS/TMUS_1H_20260809_041322.png
 delete mode 100644 charts/screenshots/TMUS/TMUS_4H_20260808_035337.png
 create mode 100644 charts/screenshots/TMUS/TMUS_4H_20260809_041322.png
 delete mode 100644 charts/screenshots/TMUS/TMUS_Daily_20260808_035337.png
 create mode 100644 charts/screenshots/TMUS/TMUS_Daily_20260809_041322.png
 delete mode 100644 charts/screenshots/TMUS/TMUS_Monthly_20260808_035337.png
 create mode 100644 charts/screenshots/TMUS/TMUS_Monthly_20260809_041322.png
 delete mode 100644 charts/screenshots/TMUS/TMUS_Weekly_20260808_035337.png
 create mode 100644 charts/screenshots/TMUS/TMUS_Weekly_20260809_041322.png
 delete mode 100644 charts/screenshots/TRV/TRV_1H_20260808_031039.png
 create mode 100644 charts/screenshots/TRV/TRV_1H_20260809_032936.png
 delete mode 100644 charts/screenshots/TRV/TRV_4H_20260808_031039.png
 create mode 100644 charts/screenshots/TRV/TRV_4H_20260809_032936.png
 delete mode 100644 charts/screenshots/TRV/TRV_Daily_20260808_031039.png
 create mode 100644 charts/screenshots/TRV/TRV_Daily_20260809_032936.png
 delete mode 100644 charts/screenshots/TRV/TRV_Monthly_20260808_031039.png
 create mode 100644 charts/screenshots/TRV/TRV_Monthly_20260809_032936.png
 delete mode 100644 charts/screenshots/TRV/TRV_Weekly_20260808_031039.png
 create mode 100644 charts/screenshots/TRV/TRV_Weekly_20260809_032936.png
 delete mode 100644 charts/screenshots/TSLA/TSLA_1H_20260808_034937.png
 create mode 100644 charts/screenshots/TSLA/TSLA_1H_20260809_040922.png
 delete mode 100644 charts/screenshots/TSLA/TSLA_4H_20260808_034937.png
 create mode 100644 charts/screenshots/TSLA/TSLA_4H_20260809_040922.png
 delete mode 100644 charts/screenshots/TSLA/TSLA_Daily_20260808_034937.png
 create mode 100644 charts/screenshots/TSLA/TSLA_Daily_20260809_040922.png
 delete mode 100644 charts/screenshots/TSLA/TSLA_Monthly_20260808_034937.png
 create mode 100644 charts/screenshots/TSLA/TSLA_Monthly_20260809_040922.png
 delete mode 100644 charts/screenshots/TSLA/TSLA_Weekly_20260808_034937.png
 create mode 100644 charts/screenshots/TSLA/TSLA_Weekly_20260809_040922.png
 delete mode 100644 charts/screenshots/UNH/UNH_1H_20260808_030324.png
 create mode 100644 charts/screenshots/UNH/UNH_1H_20260809_032137.png
 delete mode 100644 charts/screenshots/UNH/UNH_4H_20260808_030324.png
 create mode 100644 charts/screenshots/UNH/UNH_4H_20260809_032137.png
 delete mode 100644 charts/screenshots/UNH/UNH_Daily_20260808_030324.png
 create mode 100644 charts/screenshots/UNH/UNH_Daily_20260809_032137.png
 delete mode 100644 charts/screenshots/UNH/UNH_Monthly_20260808_030324.png
 create mode 100644 charts/screenshots/UNH/UNH_Monthly_20260809_032137.png
 delete mode 100644 charts/screenshots/UNH/UNH_Weekly_20260808_030324.png
 create mode 100644 charts/screenshots/UNH/UNH_Weekly_20260809_032137.png
 delete mode 100644 charts/screenshots/UNP/UNP_1H_20260808_025730.png
 create mode 100644 charts/screenshots/UNP/UNP_1H_20260809_031616.png
 delete mode 100644 charts/screenshots/UNP/UNP_4H_20260808_025730.png
 create mode 100644 charts/screenshots/UNP/UNP_4H_20260809_031616.png
 rename charts/screenshots/UNP/{UNP_Daily_20260808_025730.png => UNP_Daily_20260809_031616.png} (68%)
 delete mode 100644 charts/screenshots/UNP/UNP_Monthly_20260808_025730.png
 create mode 100644 charts/screenshots/UNP/UNP_Monthly_20260809_031616.png
 delete mode 100644 charts/screenshots/UNP/UNP_Weekly_20260808_025730.png
 create mode 100644 charts/screenshots/UNP/UNP_Weekly_20260809_031616.png
 delete mode 100644 charts/screenshots/V/V_1H_20260808_032308.png
 create mode 100644 charts/screenshots/V/V_1H_20260809_034214.png
 delete mode 100644 charts/screenshots/V/V_4H_20260808_032308.png
 create mode 100644 charts/screenshots/V/V_4H_20260809_034214.png
 delete mode 100644 charts/screenshots/V/V_Daily_20260808_032308.png
 create mode 100644 charts/screenshots/V/V_Daily_20260809_034214.png
 delete mode 100644 charts/screenshots/V/V_Monthly_20260808_032308.png
 create mode 100644 charts/screenshots/V/V_Monthly_20260809_034214.png
 delete mode 100644 charts/screenshots/V/V_Weekly_20260808_032308.png
 create mode 100644 charts/screenshots/V/V_Weekly_20260809_034214.png
 delete mode 100644 charts/screenshots/VLO/VLO_1H_20260808_025848.png
 create mode 100644 charts/screenshots/VLO/VLO_1H_20260809_031415.png
 delete mode 100644 charts/screenshots/VLO/VLO_4H_20260808_025848.png
 create mode 100644 charts/screenshots/VLO/VLO_4H_20260809_031415.png
 delete mode 100644 charts/screenshots/VLO/VLO_Daily_20260808_025848.png
 create mode 100644 charts/screenshots/VLO/VLO_Daily_20260809_031415.png
 delete mode 100644 charts/screenshots/VLO/VLO_Monthly_20260808_025848.png
 create mode 100644 charts/screenshots/VLO/VLO_Monthly_20260809_031415.png
 delete mode 100644 charts/screenshots/VLO/VLO_Weekly_20260808_025848.png
 create mode 100644 charts/screenshots/VLO/VLO_Weekly_20260809_031415.png
 delete mode 100644 charts/screenshots/VZ/VZ_1H_20260808_033742.png
 create mode 100644 charts/screenshots/VZ/VZ_1H_20260809_035647.png
 delete mode 100644 charts/screenshots/VZ/VZ_4H_20260808_033742.png
 create mode 100644 charts/screenshots/VZ/VZ_4H_20260809_035647.png
 delete mode 100644 charts/screenshots/VZ/VZ_Daily_20260808_033742.png
 create mode 100644 charts/screenshots/VZ/VZ_Daily_20260809_035647.png
 delete mode 100644 charts/screenshots/VZ/VZ_Monthly_20260808_033742.png
 create mode 100644 charts/screenshots/VZ/VZ_Monthly_20260809_035647.png
 delete mode 100644 charts/screenshots/VZ/VZ_Weekly_20260808_033742.png
 create mode 100644 charts/screenshots/VZ/VZ_Weekly_20260809_035647.png
 delete mode 100644 charts/screenshots/WDC/WDC_1H_20260808_035137.png
 create mode 100644 charts/screenshots/WDC/WDC_1H_20260809_041121.png
 delete mode 100644 charts/screenshots/WDC/WDC_4H_20260808_035137.png
 create mode 100644 charts/screenshots/WDC/WDC_4H_20260809_041121.png
 delete mode 100644 charts/screenshots/WDC/WDC_Daily_20260808_035137.png
 create mode 100644 charts/screenshots/WDC/WDC_Daily_20260809_041121.png
 delete mode 100644 charts/screenshots/WDC/WDC_Monthly_20260808_035137.png
 create mode 100644 charts/screenshots/WDC/WDC_Monthly_20260809_041121.png
 delete mode 100644 charts/screenshots/WDC/WDC_Weekly_20260808_035137.png
 create mode 100644 charts/screenshots/WDC/WDC_Weekly_20260809_041121.png
 delete mode 100644 charts/screenshots/WELL/WELL_1H_20260808_030006.png
 create mode 100644 charts/screenshots/WELL/WELL_1H_20260809_031816.png
 delete mode 100644 charts/screenshots/WELL/WELL_4H_20260808_030006.png
 create mode 100644 charts/screenshots/WELL/WELL_4H_20260809_031816.png
 delete mode 100644 charts/screenshots/WELL/WELL_Daily_20260808_030006.png
 create mode 100644 charts/screenshots/WELL/WELL_Daily_20260809_031816.png
 delete mode 100644 charts/screenshots/WELL/WELL_Monthly_20260808_030006.png
 create mode 100644 charts/screenshots/WELL/WELL_Monthly_20260809_031816.png
 delete mode 100644 charts/screenshots/WELL/WELL_Weekly_20260808_030006.png
 create mode 100644 charts/screenshots/WELL/WELL_Weekly_20260809_031816.png
 delete mode 100644 charts/screenshots/WFC/WFC_1H_20260808_034538.png
 create mode 100644 charts/screenshots/WFC/WFC_1H_20260809_040524.png
 delete mode 100644 charts/screenshots/WFC/WFC_4H_20260808_034538.png
 create mode 100644 charts/screenshots/WFC/WFC_4H_20260809_040524.png
 delete mode 100644 charts/screenshots/WFC/WFC_Daily_20260808_034538.png
 create mode 100644 charts/screenshots/WFC/WFC_Daily_20260809_040524.png
 delete mode 100644 charts/screenshots/WFC/WFC_Monthly_20260808_034538.png
 create mode 100644 charts/screenshots/WFC/WFC_Monthly_20260809_040524.png
 rename charts/screenshots/WFC/{WFC_Weekly_20260808_034538.png => WFC_Weekly_20260809_040524.png} (67%)
 delete mode 100644 charts/screenshots/XOM/XOM_1H_20260808_031830.png
 create mode 100644 charts/screenshots/XOM/XOM_1H_20260809_032417.png
 delete mode 100644 charts/screenshots/XOM/XOM_4H_20260808_031830.png
 create mode 100644 charts/screenshots/XOM/XOM_4H_20260809_032417.png
 delete mode 100644 charts/screenshots/XOM/XOM_Daily_20260808_031830.png
 create mode 100644 charts/screenshots/XOM/XOM_Daily_20260809_032417.png
 delete mode 100644 charts/screenshots/XOM/XOM_Monthly_20260808_031830.png
 create mode 100644 charts/screenshots/XOM/XOM_Monthly_20260809_032417.png
 delete mode 100644 charts/screenshots/XOM/XOM_Weekly_20260808_031830.png
 create mode 100644 charts/screenshots/XOM/XOM_Weekly_20260809_032417.png
[[SP500 차트분석]] GitHub 푸시 완료
[[SP500 차트분석]] Google Sheets 업데이트 완료
[Paper Trading] SP500 ranked_df 스냅샷 저장 완료 (129개 종목)

[요약] 파이프라인 완료 – 총 5073.0초 (84.55분) 소요
