============================================================
[1단계] 전 종목 리스트 수집 및 기본 필터링
============================================================
[ticker_fetcher] 나스닥 FTP 서버에서 종목 리스트 다운로드 중...
[ticker_fetcher] 총 7440개 종목 로드 → 비표준 심볼 1222개 제거 → 6218개 보통주
[ticker_fetcher] 1단계 필터링 배치 1/42 (150개 종목)...
[ticker_fetcher] 1단계 필터링 배치 2/42 (150개 종목)...
[ticker_fetcher] 1단계 필터링 배치 3/42 (150개 종목)...
[ticker_fetcher] 1단계 필터링 배치 4/42 (150개 종목)...
[ticker_fetcher] 1단계 필터링 배치 5/42 (150개 종목)...
[ticker_fetcher] 1단계 필터링 배치 6/42 (150개 종목)...
[ticker_fetcher] 1단계 필터링 배치 7/42 (150개 종목)...
[ticker_fetcher] 1단계 필터링 배치 8/42 (150개 종목)...
[ticker_fetcher] 1단계 필터링 배치 9/42 (150개 종목)...
[ticker_fetcher] 1단계 필터링 배치 10/42 (150개 종목)...
[ticker_fetcher] 1단계 필터링 배치 11/42 (150개 종목)...
[ticker_fetcher] 1단계 필터링 배치 12/42 (150개 종목)...
[ticker_fetcher] 1단계 필터링 배치 13/42 (150개 종목)...
[ticker_fetcher] 1단계 필터링 배치 14/42 (150개 종목)...
[ticker_fetcher] 1단계 필터링 배치 15/42 (150개 종목)...
[ticker_fetcher] 1단계 필터링 배치 16/42 (150개 종목)...
[ticker_fetcher] 1단계 필터링 배치 17/42 (150개 종목)...
[ticker_fetcher] 1단계 필터링 배치 18/42 (150개 종목)...
[ticker_fetcher] 1단계 필터링 배치 19/42 (150개 종목)...
[ticker_fetcher] 1단계 필터링 배치 20/42 (150개 종목)...
[ticker_fetcher] 1단계 필터링 배치 21/42 (150개 종목)...
[ticker_fetcher] 1단계 필터링 배치 22/42 (150개 종목)...
[ticker_fetcher] 1단계 필터링 배치 23/42 (150개 종목)...
[ticker_fetcher] 1단계 필터링 배치 24/42 (150개 종목)...
[ticker_fetcher] 1단계 필터링 배치 25/42 (150개 종목)...
[ticker_fetcher] 1단계 필터링 배치 26/42 (150개 종목)...
[ticker_fetcher] 1단계 필터링 배치 27/42 (150개 종목)...
[ticker_fetcher] 1단계 필터링 배치 28/42 (150개 종목)...
[ticker_fetcher] 1단계 필터링 배치 29/42 (150개 종목)...
[ticker_fetcher] 1단계 필터링 배치 30/42 (150개 종목)...
[ticker_fetcher] 1단계 필터링 배치 31/42 (150개 종목)...
[ticker_fetcher] 1단계 필터링 배치 32/42 (150개 종목)...
[ticker_fetcher] 1단계 필터링 배치 33/42 (150개 종목)...
[ticker_fetcher] 1단계 필터링 배치 34/42 (150개 종목)...
[ticker_fetcher] 1단계 필터링 배치 35/42 (150개 종목)...
[ticker_fetcher] 1단계 필터링 배치 36/42 (150개 종목)...
[ticker_fetcher] 1단계 필터링 배치 37/42 (150개 종목)...
[ticker_fetcher] 1단계 필터링 배치 38/42 (150개 종목)...
[ticker_fetcher] 1단계 필터링 배치 39/42 (150개 종목)...
[ticker_fetcher] 1단계 필터링 배치 40/42 (150개 종목)...
[ticker_fetcher] 1단계 필터링 배치 41/42 (150개 종목)...
[ticker_fetcher] 1단계 필터링 배치 42/42 (68개 종목)...
[ticker_fetcher] 1단계 필터링 완료: 6218개 → 4159개 (가격 ≥ $1.0, 평균 거래량 ≥ 100,000)

============================================================
[2단계] 바닥 탈출 / 강세 돌파 후보 선별
============================================================
[2단계] 배치 1/28 (150개 종목 분석 중)...
[2단계] 배치 2/28 (150개 종목 분석 중)...
[2단계] 배치 3/28 (150개 종목 분석 중)...
[2단계] 배치 4/28 (150개 종목 분석 중)...
[2단계] 배치 5/28 (150개 종목 분석 중)...
[2단계] 배치 6/28 (150개 종목 분석 중)...
[2단계] 배치 7/28 (150개 종목 분석 중)...
[2단계] 배치 8/28 (150개 종목 분석 중)...
[2단계] 배치 9/28 (150개 종목 분석 중)...
[2단계] 배치 10/28 (150개 종목 분석 중)...
[2단계] 배치 11/28 (150개 종목 분석 중)...
[2단계] 배치 12/28 (150개 종목 분석 중)...
[2단계] 배치 13/28 (150개 종목 분석 중)...
[2단계] 배치 14/28 (150개 종목 분석 중)...
[2단계] 배치 15/28 (150개 종목 분석 중)...
[2단계] 배치 16/28 (150개 종목 분석 중)...
[2단계] 배치 17/28 (150개 종목 분석 중)...
[2단계] 배치 18/28 (150개 종목 분석 중)...
[2단계] 배치 19/28 (150개 종목 분석 중)...
[2단계] 배치 20/28 (150개 종목 분석 중)...
[2단계] 배치 21/28 (150개 종목 분석 중)...
[2단계] 배치 22/28 (150개 종목 분석 중)...
[2단계] 배치 23/28 (150개 종목 분석 중)...
[2단계] 배치 24/28 (150개 종목 분석 중)...
[2단계] 배치 25/28 (150개 종목 분석 중)...
[2단계] 배치 26/28 (150개 종목 분석 중)...
[2단계] 배치 27/28 (150개 종목 분석 중)...
[2단계] 배치 28/28 (109개 종목 분석 중)...
[2단계] 필터링 완료: 4159개 → 808개 후보 선별

============================================================
[3단계] 808개 후보 종목 정밀 분석
============================================================
[OHLCV] 배치 다운로드 1/6 (150개 종목, period=5y)...
[OHLCV] 배치 다운로드 2/6 (150개 종목, period=5y)...
[OHLCV] 배치 다운로드 3/6 (150개 종목, period=5y)...
[OHLCV] 배치 다운로드 4/6 (150개 종목, period=5y)...
[OHLCV] 배치 다운로드 5/6 (150개 종목, period=5y)...
[OHLCV] 배치 다운로드 6/6 (58개 종목, period=5y)...
[DataValidator] 616건의 데이터 품질 경고 발생
Warning:  AARD: Close NaN 비율 73.7% (기준: 30%)
Warning:  AARD: 비정상 가격 변동 56.2% (2026-03-02) — 스플릿/데이터 오류 가능
Warning:  ABAT: 비정상 가격 변동 60.4% (2024-12-23) — 스플릿/데이터 오류 가능
Warning:  ABTS: 비정상 가격 변동 1381.0% (2025-03-10) — 스플릿/데이터 오류 가능
Warning:  ABVC: 비정상 가격 변동 137.4% (2021-11-01) — 스플릿/데이터 오류 가능
Warning:  ACCL: Close NaN 비율 87.3% (기준: 30%)
Warning:  ACET: 비정상 가격 변동 54.3% (2023-06-27) — 스플릿/데이터 오류 가능
Warning:  ACRV: 비정상 가격 변동 62.8% (2024-04-09) — 스플릿/데이터 오류 가능
Warning:  ACTU: Close NaN 비율 63.7% (기준: 30%)
Warning:  ACXP: 비정상 가격 변동 167.4% (2025-06-17) — 스플릿/데이터 오류 가능
Warning:  ADIL: 비정상 가격 변동 106.2% (2024-04-10) — 스플릿/데이터 오류 가능
Warning:  AEHL: 비정상 가격 변동 135.3% (2026-05-08) — 스플릿/데이터 오류 가능
Warning:  AEMD: 비정상 가격 변동 97.3% (2025-08-21) — 스플릿/데이터 오류 가능
Warning:  AGEN: 비정상 가격 변동 58.8% (2024-07-18) — 스플릿/데이터 오류 가능
Warning:  AGIG: 비정상 가격 변동 494.7% (2022-03-07) — 스플릿/데이터 오류 가능
Warning:  AGL: 비정상 가격 변동 117.8% (2026-05-07) — 스플릿/데이터 오류 가능
Warning:  AGMH: 비정상 가격 변동 363.7% (2025-09-19) — 스플릿/데이터 오류 가능
Warning:  AGPU: 비정상 가격 변동 119.8% (2026-04-01) — 스플릿/데이터 오류 가능
Warning:  AHMA: Close NaN 비율 87.4% (기준: 30%)
Warning:  AHMA: 비정상 가격 변동 198.1% (2025-12-01) — 스플릿/데이터 오류 가능
Warning:  AIFF: 비정상 가격 변동 171.0% (2025-02-11) — 스플릿/데이터 오류 가능
Warning:  AIIO: 비정상 가격 변동 116.1% (2026-05-14) — 스플릿/데이터 오류 가능
Warning:  AIIR: Close NaN 비율 81.0% (기준: 30%)
Warning:  AIMD: 비정상 가격 변동 184.3% (2022-06-30) — 스플릿/데이터 오류 가능
Warning:  AIRE: Close NaN 비율 47.6% (기준: 30%)
Warning:  AIRE: 비정상 가격 변동 347.4% (2025-07-21) — 스플릿/데이터 오류 가능
Warning:  AIRO: Close NaN 비율 80.3% (기준: 30%)
Warning:  AIRS: 비정상 가격 변동 51.6% (2026-03-16) — 스플릿/데이터 오류 가능
Warning:  AISP: 비정상 가격 변동 200.0% (2024-03-05) — 스플릿/데이터 오류 가능
Warning:  AKAN: 비정상 가격 변동 214.2% (2026-04-22) — 스플릿/데이터 오류 가능
Warning:  AKTX: 비정상 가격 변동 255.4% (2026-05-22) — 스플릿/데이터 오류 가능
Warning:  ALDX: 비정상 가격 변동 73.3% (2025-04-03) — 스플릿/데이터 오류 가능
Warning:  ALEC: 비정상 가격 변동 57.1% (2021-07-02) — 스플릿/데이터 오류 가능
Warning:  ALGS: 비정상 가격 변동 56.7% (2022-01-06) — 스플릿/데이터 오류 가능
Warning:  ALT: 비정상 가격 변동 54.7% (2023-03-21) — 스플릿/데이터 오류 가능
Warning:  AMBO: 비정상 가격 변동 226.8% (2024-10-07) — 스플릿/데이터 오류 가능
Warning:  AMPG: 비정상 가격 변동 94.6% (2024-12-11) — 스플릿/데이터 오류 가능
Warning:  AMST: 비정상 가격 변동 120.1% (2026-05-19) — 스플릿/데이터 오류 가능
Warning:  ANGX: Close NaN 비율 85.2% (기준: 30%)
Warning:  ANNA: 비정상 가격 변동 86.5% (2026-03-20) — 스플릿/데이터 오류 가능
Warning:  ANVS: 비정상 가격 변동 76.1% (2024-07-02) — 스플릿/데이터 오류 가능
Warning:  ANY: 비정상 가격 변동 111.6% (2026-06-01) — 스플릿/데이터 오류 가능
Warning:  APM: 비정상 가격 변동 554.5% (2024-03-06) — 스플릿/데이터 오류 가능
Warning:  APPS: 비정상 가격 변동 96.5% (2025-02-06) — 스플릿/데이터 오류 가능
Warning:  APYX: 비정상 가격 변동 60.5% (2022-11-10) — 스플릿/데이터 오류 가능
Warning:  ARCT: 비정상 가격 변동 68.1% (2021-08-03) — 스플릿/데이터 오류 가능
Warning:  AREC: 비정상 가격 변동 83.5% (2025-04-16) — 스플릿/데이터 오류 가능
Warning:  AREN: 비정상 가격 변동 207.0% (2024-11-15) — 스플릿/데이터 오류 가능
Warning:  ARQQ: 비정상 가격 변동 56.9% (2025-03-17) — 스플릿/데이터 오류 가능
Warning:  ARTL: 비정상 가격 변동 230.4% (2026-03-27) — 스플릿/데이터 오류 가능
Warning:  ARX: Close NaN 비율 82.5% (기준: 30%)
Warning:  ASBP: 비정상 가격 변동 2883.8% (2026-05-11) — 스플릿/데이터 오류 가능
Warning:  ASST: Close NaN 비율 33.3% (기준: 30%)
Warning:  ASST: 비정상 가격 변동 455.7% (2025-05-07) — 스플릿/데이터 오류 가능
Warning:  ATLX: 비정상 가격 변동 60.5% (2023-02-23) — 스플릿/데이터 오류 가능
Warning:  ATPC: Close NaN 비율 45.2% (기준: 30%)
Warning:  ATPC: 비정상 가격 변동 164.7% (2025-12-11) — 스플릿/데이터 오류 가능
Warning:  AUID: 비정상 가격 변동 72.2% (2026-01-15) — 스플릿/데이터 오류 가능
Warning:  AUUD: 비정상 가격 변동 181.8% (2023-06-12) — 스플릿/데이터 오류 가능
Warning:  AVR: Close NaN 비율 70.5% (기준: 30%)
Warning:  AZI: Close NaN 비율 64.6% (기준: 30%)
Warning:  AZI: 비정상 가격 변동 146.2% (2026-03-09) — 스플릿/데이터 오류 가능
Warning:  BATL: 비정상 가격 변동 211.7% (2026-01-26) — 스플릿/데이터 오류 가능
Warning:  BBAI: 비정상 가격 변동 260.5% (2023-01-12) — 스플릿/데이터 오류 가능
Warning:  BBNX: Close NaN 비율 72.9% (기준: 30%)
Warning:  BCTX: 비정상 가격 변동 1494.6% (2025-01-29) — 스플릿/데이터 오류 가능
Warning:  BDMD: 비정상 가격 변동 623.8% (2024-12-31) — 스플릿/데이터 오류 가능
Warning:  BDTX: 비정상 가격 변동 235.9% (2023-06-27) — 스플릿/데이터 오류 가능
Warning:  BESS: 비정상 가격 변동 7042.9% (2025-02-10) — 스플릿/데이터 오류 가능
Warning:  BESS: 거래량 0 연속 6일 (기준: 5일) — 상장폐지/거래정지 가능
Warning:  BETA: Close NaN 비율 88.2% (기준: 30%)
Warning:  BETR: 비정상 가격 변동 223.0% (2023-07-25) — 스플릿/데이터 오류 가능
Warning:  BGDE: 비정상 가격 변동 94.1% (2024-12-05) — 스플릿/데이터 오류 가능
Warning:  BGMS: 비정상 가격 변동 272.5% (2025-07-15) — 스플릿/데이터 오류 가능
Warning:  BIAF: 비정상 가격 변동 319.2% (2025-04-01) — 스플릿/데이터 오류 가능
Warning:  BIRD: 비정상 가격 변동 582.3% (2026-04-15) — 스플릿/데이터 오류 가능
Warning:  BIVI: 비정상 가격 변동 109.8% (2024-10-18) — 스플릿/데이터 오류 가능
Warning:  BJDX: 비정상 가격 변동 112.5% (2025-04-07) — 스플릿/데이터 오류 가능
Warning:  BKKT: 비정상 가격 변동 234.4% (2021-10-25) — 스플릿/데이터 오류 가능
Warning:  BLNE: 비정상 가격 변동 89.5% (2024-09-05) — 스플릿/데이터 오류 가능
Warning:  BLSH: Close NaN 비율 83.6% (기준: 30%)
Warning:  BMEA: 비정상 가격 변동 99.0% (2023-03-28) — 스플릿/데이터 오류 가능
Warning:  BMNR: Close NaN 비율 79.9% (기준: 30%)
Warning:  BMNR: 비정상 가격 변동 694.8% (2025-06-30) — 스플릿/데이터 오류 가능
Warning:  BMR: Close NaN 비율 34.6% (기준: 30%)
Warning:  BMR: 비정상 가격 변동 371.6% (2024-02-12) — 스플릿/데이터 오류 가능
Warning:  BNAI: 비정상 가격 변동 276.7% (2026-01-26) — 스플릿/데이터 오류 가능
Warning:  BNC: 비정상 가격 변동 548.8% (2025-07-28) — 스플릿/데이터 오류 가능
Warning:  BNKK: 비정상 가격 변동 51.1% (2025-08-11) — 스플릿/데이터 오류 가능
Warning:  BNRG: 비정상 가격 변동 140.3% (2024-08-30) — 스플릿/데이터 오류 가능
Warning:  BNZI: 비정상 가격 변동 97.6% (2024-09-20) — 스플릿/데이터 오류 가능
Warning:  BRCB: Close NaN 비율 85.3% (기준: 30%)
Warning:  BRR: Close NaN 비율 80.0% (기준: 30%)
Warning:  BTAI: 비정상 가격 변동 85.4% (2025-08-04) — 스플릿/데이터 오류 가능
Warning:  BTBT: 비정상 가격 변동 109.7% (2021-07-26) — 스플릿/데이터 오류 가능
Warning:  BTCS: 비정상 가격 변동 111.1% (2025-07-08) — 스플릿/데이터 오류 가능
Warning:  BTCT: 비정상 가격 변동 316.7% (2024-11-12) — 스플릿/데이터 오류 가능
Warning:  BTOG: 비정상 가격 변동 121.4% (2025-03-07) — 스플릿/데이터 오류 가능
Warning:  BTQ: Close NaN 비율 86.1% (기준: 30%)
Warning:  BTQ: 비정상 가격 변동 51.5% (2025-10-07) — 스플릿/데이터 오류 가능
Warning:  BULL: 비정상 가격 변동 374.7% (2025-04-14) — 스플릿/데이터 오류 가능
Warning:  BUR: 비정상 가격 변동 53.2% (2023-03-31) — 스플릿/데이터 오류 가능
Warning:  BYAH: Close NaN 비율 71.3% (기준: 30%)
Warning:  BYAH: 비정상 가격 변동 150.0% (2026-06-08) — 스플릿/데이터 오류 가능
Warning:  BZAI: 비정상 가격 변동 58.7% (2025-07-18) — 스플릿/데이터 오류 가능
Warning:  CAI: Close NaN 비율 80.6% (기준: 30%)
Warning:  CAR: 비정상 가격 변동 108.3% (2021-11-02) — 스플릿/데이터 오류 가능
Warning:  CBUS: 비정상 가격 변동 89.8% (2023-01-17) — 스플릿/데이터 오류 가능
Warning:  CD: 비정상 가격 변동 81.4% (2024-11-11) — 스플릿/데이터 오류 가능
Warning:  CDTG: Close NaN 비율 57.4% (기준: 30%)
Warning:  CDTG: 비정상 가격 변동 88.4% (2025-09-09) — 스플릿/데이터 오류 가능
Warning:  CGTX: 비정상 가격 변동 62.2% (2022-08-04) — 스플릿/데이터 오류 가능
Warning:  CHA: Close NaN 비율 77.2% (기준: 30%)
Warning:  CHR: 비정상 가격 변동 70.6% (2025-10-01) — 스플릿/데이터 오류 가능
Warning:  CHSN: Close NaN 비율 36.3% (기준: 30%)
Warning:  CHSN: 비정상 가격 변동 387.2% (2024-10-04) — 스플릿/데이터 오류 가능
Warning:  CHYM: Close NaN 비율 80.3% (기준: 30%)
Warning:  CING: 비정상 가격 변동 268.5% (2024-08-16) — 스플릿/데이터 오류 가능
Warning:  CISS: Close NaN 비율 40.4% (기준: 30%)
Warning:  CISS: 비정상 가격 변동 84.2% (2025-10-07) — 스플릿/데이터 오류 가능
Warning:  CLIK: Close NaN 비율 66.9% (기준: 30%)
Warning:  CLIK: 비정상 가격 변동 153.6% (2025-05-15) — 스플릿/데이터 오류 가능
Warning:  CLNN: 비정상 가격 변동 53.6% (2025-06-02) — 스플릿/데이터 오류 가능
Warning:  CLPT: 비정상 가격 변동 58.6% (2025-09-24) — 스플릿/데이터 오류 가능
Warning:  CLRB: 비정상 가격 변동 75.8% (2024-12-11) — 스플릿/데이터 오류 가능
Warning:  CMND: 비정상 가격 변동 62.2% (2023-04-04) — 스플릿/데이터 오류 가능
Warning:  CMPX: 비정상 가격 변동 64.4% (2026-04-27) — 스플릿/데이터 오류 가능
Warning:  CNCK: 비정상 가격 변동 143.2% (2025-12-01) — 스플릿/데이터 오류 가능
Warning:  CNTN: 비정상 가격 변동 206.8% (2025-08-20) — 스플릿/데이터 오류 가능
Warning:  CODX: 비정상 가격 변동 259.0% (2025-10-27) — 스플릿/데이터 오류 가능
Warning:  CRBP: 비정상 가격 변동 249.4% (2024-01-26) — 스플릿/데이터 오류 가능
Warning:  CRCL: Close NaN 비율 79.9% (기준: 30%)
Warning:  CRDF: 비정상 가격 변동 64.4% (2024-03-01) — 스플릿/데이터 오류 가능
Warning:  CRE: Close NaN 비율 82.4% (기준: 30%)
Warning:  CRE: 비정상 가격 변동 78.6% (2025-08-13) — 스플릿/데이터 오류 가능
Warning:  CRML: 비정상 가격 변동 120.6% (2024-02-27) — 스플릿/데이터 오류 가능
Warning:  CRVS: 비정상 가격 변동 166.0% (2026-01-20) — 스플릿/데이터 오류 가능
Warning:  CSTL: 비정상 가격 변동 52.9% (2023-07-07) — 스플릿/데이터 오류 가능
Warning:  CTEV: 비정상 가격 변동 94.9% (2024-12-24) — 스플릿/데이터 오류 가능
Warning:  CTMX: 비정상 가격 변동 214.7% (2024-05-01) — 스플릿/데이터 오류 가능
Warning:  CTNT: Close NaN 비율 43.0% (기준: 30%)
Warning:  CTNT: 비정상 가격 변동 437.8% (2024-05-14) — 스플릿/데이터 오류 가능
Warning:  CUPR: Close NaN 비율 76.8% (기준: 30%)
Warning:  CUPR: 비정상 가격 변동 130.8% (2025-09-10) — 스플릿/데이터 오류 가능
Warning:  CV: Close NaN 비율 81.3% (기준: 30%)
Warning:  CVRX: 비정상 가격 변동 58.8% (2023-02-21) — 스플릿/데이터 오류 가능
Warning:  CYN: 비정상 가격 변동 208.3% (2025-02-10) — 스플릿/데이터 오류 가능
Warning:  DAIC: Close NaN 비율 80.7% (기준: 30%)
Warning:  DAIC: 비정상 가격 변동 77.7% (2025-07-02) — 스플릿/데이터 오류 가능
Warning:  DFDV: Close NaN 비율 42.6% (기준: 30%)
Warning:  DFDV: 비정상 가격 변동 842.5% (2025-04-07) — 스플릿/데이터 오류 가능
Warning:  DFLI: 비정상 가격 변동 102.6% (2022-10-05) — 스플릿/데이터 오류 가능
Warning:  DJT: 비정상 가격 변동 356.8% (2021-10-21) — 스플릿/데이터 오류 가능
Warning:  DKI: Close NaN 비율 83.4% (기준: 30%)
Warning:  DKI: 비정상 가격 변동 1569.6% (2026-05-11) — 스플릿/데이터 오류 가능
Warning:  DLTH: 비정상 가격 변동 52.1% (2025-09-04) — 스플릿/데이터 오류 가능
Warning:  DPRO: 비정상 가격 변동 52.8% (2024-02-22) — 스플릿/데이터 오류 가능
Warning:  DTCX: 비정상 가격 변동 69.3% (2023-05-12) — 스플릿/데이터 오류 가능
Warning:  DXST: Close NaN 비율 72.5% (기준: 30%)
Warning:  DXST: 비정상 가격 변동 209.4% (2026-06-02) — 스플릿/데이터 오류 가능
Warning:  ECX: 비정상 가격 변동 95.9% (2023-02-22) — 스플릿/데이터 오류 가능
Warning:  EDHL: Close NaN 비율 77.2% (기준: 30%)
Warning:  EDHL: 비정상 가격 변동 114.4% (2025-10-14) — 스플릿/데이터 오류 가능
Warning:  EDSA: 비정상 가격 변동 102.7% (2021-09-20) — 스플릿/데이터 오류 가능
Warning:  EEIQ: 비정상 가격 변동 209.2% (2026-03-26) — 스플릿/데이터 오류 가능
Warning:  EFOR: 비정상 가격 변동 51.7% (2026-04-23) — 스플릿/데이터 오류 가능
Warning:  ELAB: Close NaN 비율 49.3% (기준: 30%)
Warning:  ELAB: 비정상 가격 변동 133.7% (2026-04-01) — 스플릿/데이터 오류 가능
Warning:  ELOG: Close NaN 비율 84.5% (기준: 30%)
Warning:  EMBC: 비정상 가격 변동 57.8% (2026-05-05) — 스플릿/데이터 오류 가능
Warning:  EMPD: 비정상 가격 변동 134.3% (2025-07-17) — 스플릿/데이터 오류 가능
Warning:  ENGN: 비정상 가격 변동 116.5% (2024-02-14) — 스플릿/데이터 오류 가능
Warning:  ENGS: Close NaN 비율 76.3% (기준: 30%)
Warning:  ENGS: 비정상 가격 변동 67.6% (2025-11-06) — 스플릿/데이터 오류 가능
Warning:  ENVB: 비정상 가격 변동 136.2% (2023-05-18) — 스플릿/데이터 오류 가능
Warning:  EPSM: Close NaN 비율 76.0% (기준: 30%)
Warning:  EPSM: 비정상 가격 변동 411.5% (2025-09-09) — 스플릿/데이터 오류 가능
Warning:  ERNA: 비정상 가격 변동 66.6% (2026-05-12) — 스플릿/데이터 오류 가능
Warning:  EVGO: 비정상 가격 변동 60.8% (2024-10-03) — 스플릿/데이터 오류 가능
Warning:  EVTL: 비정상 가격 변동 72.4% (2022-07-15) — 스플릿/데이터 오류 가능
Warning:  EVTV: 비정상 가격 변동 442.1% (2026-01-12) — 스플릿/데이터 오류 가능
Warning:  EZGO: 비정상 가격 변동 91.6% (2026-05-06) — 스플릿/데이터 오류 가능
Warning:  EZRA: 비정상 가격 변동 159.2% (2024-12-23) — 스플릿/데이터 오류 가능
Warning:  FBLG: Close NaN 비율 53.0% (기준: 30%)
Warning:  FBLG: 비정상 가격 변동 88.4% (2024-02-13) — 스플릿/데이터 오류 가능
Warning:  FBRX: 비정상 가격 변동 128.7% (2024-11-20) — 스플릿/데이터 오류 가능
Warning:  FCHL: Close NaN 비율 84.8% (기준: 30%)
Warning:  FCHL: 비정상 가격 변동 107.6% (2026-03-26) — 스플릿/데이터 오류 가능
Warning:  FEAM: 비정상 가격 변동 51.5% (2024-12-30) — 스플릿/데이터 오류 가능
Warning:  FEMY: 비정상 가격 변동 345.8% (2023-09-26) — 스플릿/데이터 오류 가능
Warning:  FGL: Close NaN 비율 67.7% (기준: 30%)
Warning:  FGL: 비정상 가격 변동 56.0% (2026-02-10) — 스플릿/데이터 오류 가능
Warning:  FGNX: 비정상 가격 변동 84.2% (2025-08-01) — 스플릿/데이터 오류 가능
Warning:  FIG: Close NaN 비율 82.9% (기준: 30%)
Warning:  FIGR: Close NaN 비율 85.2% (기준: 30%)
Warning:  FLNA: 비정상 가격 변동 83.8% (2024-11-25) — 스플릿/데이터 오류 가능
Warning:  FLUX: 비정상 가격 변동 52.2% (2025-09-16) — 스플릿/데이터 오류 가능
Warning:  FLYX: Close NaN 비율 51.4% (기준: 30%)
Warning:  FLYX: 비정상 가격 변동 130.3% (2026-01-08) — 스플릿/데이터 오류 가능
Warning:  FMST: Close NaN 비율 41.5% (기준: 30%)
Warning:  FMST: 비정상 가격 변동 51.1% (2025-05-12) — 스플릿/데이터 오류 가능
Warning:  FNUC: 비정상 가격 변동 348.1% (2024-12-18) — 스플릿/데이터 오류 가능
Warning:  FOFO: Close NaN 비율 85.3% (기준: 30%)
Warning:  FOFO: 비정상 가격 변동 64.3% (2026-06-03) — 스플릿/데이터 오류 가능
Warning:  FRGT: 비정상 가격 변동 114.3% (2023-12-14) — 스플릿/데이터 오류 가능
Warning:  FRMI: Close NaN 비율 86.3% (기준: 30%)
Warning:  FRMM: 비정상 가격 변동 325.7% (2024-10-16) — 스플릿/데이터 오류 가능
Warning:  FTCI: 비정상 가격 변동 104.0% (2024-09-11) — 스플릿/데이터 오류 가능
Warning:  FUBO: 비정상 가격 변동 251.4% (2025-01-06) — 스플릿/데이터 오류 가능
Warning:  FUFU: 비정상 가격 변동 105.8% (2024-03-04) — 스플릿/데이터 오류 가능
Warning:  FULC: 비정상 가격 변동 125.3% (2021-08-10) — 스플릿/데이터 오류 가능
Warning:  FUSE: 비정상 가격 변동 117.0% (2025-08-19) — 스플릿/데이터 오류 가능
Warning:  FUSE: 거래량 0 연속 37일 (기준: 5일) — 상장폐지/거래정지 가능
Warning:  FWDI: 비정상 가격 변동 58.7% (2025-09-08) — 스플릿/데이터 오류 가능
Warning:  GALT: 비정상 가격 변동 60.4% (2025-06-17) — 스플릿/데이터 오류 가능
Warning:  GAMB: 비정상 가격 변동 66.9% (2021-08-27) — 스플릿/데이터 오류 가능
Warning:  GEMI: Close NaN 비율 85.3% (기준: 30%)
Warning:  GEOS: 비정상 가격 변동 60.1% (2025-06-23) — 스플릿/데이터 오류 가능
Warning:  GITS: Close NaN 비율 43.0% (기준: 30%)
Warning:  GITS: 비정상 가격 변동 3044.3% (2025-01-27) — 스플릿/데이터 오류 가능
Warning:  GLXG: Close NaN 비율 65.4% (기준: 30%)
Warning:  GLXG: 비정상 가격 변동 56.4% (2024-11-13) — 스플릿/데이터 오류 가능
Warning:  GNLX: Close NaN 비율 32.8% (기준: 30%)
Warning:  GNLX: 비정상 가격 변동 60.4% (2023-03-06) — 스플릿/데이터 오류 가능
Warning:  GNTA: 비정상 가격 변동 92.0% (2025-10-24) — 스플릿/데이터 오류 가능
Warning:  GOTU: 비정상 가격 변동 63.3% (2021-07-23) — 스플릿/데이터 오류 가능
Warning:  GOVX: 비정상 가격 변동 150.4% (2022-07-25) — 스플릿/데이터 오류 가능
Warning:  GP: 비정상 가격 변동 51.0% (2026-01-09) — 스플릿/데이터 오류 가능
Warning:  GPCR: Close NaN 비율 33.3% (기준: 30%)
Warning:  GPCR: 비정상 가격 변동 102.5% (2025-12-08) — 스플릿/데이터 오류 가능
Warning:  GRAN: Close NaN 비율 81.2% (기준: 30%)
Warning:  GRCE: 비정상 가격 변동 52.3% (2021-12-22) — 스플릿/데이터 오류 가능
Warning:  GRND: 비정상 가격 변동 213.8% (2022-11-18) — 스플릿/데이터 오류 가능
Warning:  GXAI: Close NaN 비율 33.9% (기준: 30%)
Warning:  GXAI: 비정상 가격 변동 177.3% (2024-02-16) — 스플릿/데이터 오류 가능
Warning:  HCAI: Close NaN 비율 73.2% (기준: 30%)
Warning:  HCAI: 비정상 가격 변동 142.2% (2026-04-07) — 스플릿/데이터 오류 가능
Warning:  HCTI: 비정상 가격 변동 233.3% (2025-06-12) — 스플릿/데이터 오류 가능
Warning:  HCWB: 비정상 가격 변동 320.3% (2024-11-18) — 스플릿/데이터 오류 가능
Warning:  HDRN: Close NaN 비율 65.3% (기준: 30%)
Warning:  HDRN: 거래량 0 연속 6일 (기준: 5일) — 상장폐지/거래정지 가능
Warning:  HERE: Close NaN 비율 32.7% (기준: 30%)
Warning:  HERE: 비정상 가격 변동 130.3% (2023-05-24) — 스플릿/데이터 오류 가능
Warning:  HIT: Close NaN 비율 71.0% (기준: 30%)
Warning:  HIT: 비정상 가격 변동 82.3% (2025-03-12) — 스플릿/데이터 오류 가능
Warning:  HOLO: 비정상 가격 변동 1092.1% (2024-02-07) — 스플릿/데이터 오류 가능
Warning:  HSDT: 비정상 가격 변동 145.3% (2022-08-03) — 스플릿/데이터 오류 가능
Warning:  HTCO: 비정상 가격 변동 239.7% (2026-04-27) — 스플릿/데이터 오류 가능
Warning:  HTCR: 비정상 가격 변동 114.7% (2022-06-08) — 스플릿/데이터 오류 가능
Warning:  HUBC: 비정상 가격 변동 186.8% (2023-10-09) — 스플릿/데이터 오류 가능
Warning:  HYFT: 비정상 가격 변동 136.5% (2021-07-22) — 스플릿/데이터 오류 가능
Warning:  HYMC: 비정상 가격 변동 203.0% (2022-03-08) — 스플릿/데이터 오류 가능
Warning:  HYPD: 비정상 가격 변동 134.7% (2025-06-17) — 스플릿/데이터 오류 가능
Warning:  IBG: Close NaN 비율 66.2% (기준: 30%)
Warning:  IBG: 비정상 가격 변동 153.5% (2025-04-02) — 스플릿/데이터 오류 가능
Warning:  ICON: Close NaN 비율 61.9% (기준: 30%)
Warning:  ICON: 비정상 가격 변동 63.1% (2025-06-13) — 스플릿/데이터 오류 가능
Warning:  IDN: 비정상 가격 변동 74.9% (2024-03-22) — 스플릿/데이터 오류 가능
Warning:  IMRX: 비정상 가격 변동 52.2% (2025-06-18) — 스플릿/데이터 오류 가능
Warning:  IMSR: Close NaN 비율 67.0% (기준: 30%)
Warning:  INBS: 비정상 가격 변동 293.1% (2023-01-23) — 스플릿/데이터 오류 가능
Warning:  INDO: 비정상 가격 변동 110.4% (2022-01-27) — 스플릿/데이터 오류 가능
Warning:  INDP: 비정상 가격 변동 114.9% (2026-06-04) — 스플릿/데이터 오류 가능
Warning:  INHD: Close NaN 비율 50.6% (기준: 30%)
Warning:  INHD: 비정상 가격 변동 3661.0% (2026-06-08) — 스플릿/데이터 오류 가능
Warning:  INM: 비정상 가격 변동 191.2% (2024-08-20) — 스플릿/데이터 오류 가능
Warning:  INMB: 비정상 가격 변동 56.7% (2025-06-30) — 스플릿/데이터 오류 가능
Warning:  INSM: 비정상 가격 변동 118.5% (2024-05-28) — 스플릿/데이터 오류 가능
Warning:  IPST: Close NaN 비율 69.4% (기준: 30%)
Warning:  IPST: 비정상 가격 변동 66.7% (2025-09-22) — 스플릿/데이터 오류 가능
Warning:  IPW: 비정상 가격 변동 97.9% (2024-05-17) — 스플릿/데이터 오류 가능
Warning:  IQST: 비정상 가격 변동 65.2% (2023-07-05) — 스플릿/데이터 오류 가능
Warning:  ISPC: 비정상 가격 변동 159.7% (2025-09-09) — 스플릿/데이터 오류 가능
Warning:  ISPR: Close NaN 비율 36.5% (기준: 30%)
Warning:  ISPR: 비정상 가격 변동 50.9% (2023-11-14) — 스플릿/데이터 오류 가능
Warning:  IVF: 비정상 가격 변동 292.6% (2023-10-23) — 스플릿/데이터 오류 가능
Warning:  IVVD: 비정상 가격 변동 196.1% (2025-02-03) — 스플릿/데이터 오류 가능
Warning:  IXHL: 비정상 가격 변동 723.5% (2025-05-14) — 스플릿/데이터 오류 가능
Warning:  JAGX: 비정상 가격 변동 86.9% (2026-01-16) — 스플릿/데이터 오류 가능
Warning:  JANX: 비정상 가격 변동 229.5% (2024-02-27) — 스플릿/데이터 오류 가능
Warning:  JDZG: Close NaN 비율 58.8% (기준: 30%)
Warning:  JDZG: 비정상 가격 변동 136.1% (2024-10-17) — 스플릿/데이터 오류 가능
Warning:  JEM: Close NaN 비율 80.0% (기준: 30%)
Warning:  JEM: 비정상 가격 변동 130.5% (2025-09-09) — 스플릿/데이터 오류 가능
Warning:  JFB: Close NaN 비율 74.8% (기준: 30%)
Warning:  JFB: 비정상 가격 변동 85.4% (2025-09-29) — 스플릿/데이터 오류 가능
Warning:  JMIA: 비정상 가격 변동 53.8% (2024-08-06) — 스플릿/데이터 오류 가능
Warning:  JTAI: 비정상 가격 변동 150.0% (2025-02-19) — 스플릿/데이터 오류 가능
Warning:  JZXN: 비정상 가격 변동 89.7% (2026-02-10) — 스플릿/데이터 오류 가능
Warning:  KD: 비정상 가격 변동 54.9% (2026-02-09) — 스플릿/데이터 오류 가능
Warning:  KIDZ: Close NaN 비율 76.6% (기준: 30%)
Warning:  KIDZ: 비정상 가격 변동 366.1% (2025-05-01) — 스플릿/데이터 오류 가능
Warning:  KITT: 비정상 가격 변동 139.0% (2025-01-03) — 스플릿/데이터 오류 가능
Warning:  KLAR: Close NaN 비율 85.2% (기준: 30%)
Warning:  KLC: Close NaN 비율 66.9% (기준: 30%)
Warning:  KRMN: Close NaN 비율 73.7% (기준: 30%)
Warning:  KROS: 비정상 가격 변동 73.2% (2024-12-12) — 스플릿/데이터 오류 가능
Warning:  KRRO: 비정상 가격 변동 93.7% (2024-10-16) — 스플릿/데이터 오류 가능
Warning:  KSCP: 비정상 가격 변동 175.6% (2022-01-28) — 스플릿/데이터 오류 가능
Warning:  KULR: 비정상 가격 변동 75.6% (2024-11-25) — 스플릿/데이터 오류 가능
Warning:  KUST: 비정상 가격 변동 91.7% (2025-05-07) — 스플릿/데이터 오류 가능
Warning:  KVYO: Close NaN 비율 45.8% (기준: 30%)
Warning:  KXIN: 비정상 가격 변동 171.4% (2024-10-02) — 스플릿/데이터 오류 가능
Warning:  LAC: Close NaN 비율 46.4% (기준: 30%)
Warning:  LAC: 비정상 가격 변동 95.8% (2025-09-24) — 스플릿/데이터 오류 가능
Warning:  LAES: Close NaN 비율 39.3% (기준: 30%)
Warning:  LAES: 비정상 가격 변동 102.3% (2023-05-24) — 스플릿/데이터 오류 가능
Warning:  LAW: 비정상 가격 변동 53.6% (2022-08-12) — 스플릿/데이터 오류 가능
Warning:  LBGJ: Close NaN 비율 67.7% (기준: 30%)
Warning:  LBGJ: 비정상 가격 변동 83.8% (2026-02-27) — 스플릿/데이터 오류 가능
Warning:  LESL: 비정상 가격 변동 144.8% (2026-05-14) — 스플릿/데이터 오류 가능
Warning:  LFS: Close NaN 비율 86.8% (기준: 30%)
Warning:  LFS: 비정상 가격 변동 576.8% (2025-11-11) — 스플릿/데이터 오류 가능
Warning:  LICN: Close NaN 비율 33.4% (기준: 30%)
Warning:  LICN: 비정상 가격 변동 15163.2% (2025-03-03) — 스플릿/데이터 오류 가능
Warning:  LIDR: 비정상 가격 변동 158.4% (2025-07-24) — 스플릿/데이터 오류 가능
Warning:  LIF: Close NaN 비율 60.0% (기준: 30%)
Warning:  LMRI: Close NaN 비율 90.3% (기준: 30%)
Warning:  LNAI: 비정상 가격 변동 162.7% (2026-03-17) — 스플릿/데이터 오류 가능
Warning:  LNKS: Close NaN 비율 70.1% (기준: 30%)
Warning:  LNKS: 비정상 가격 변동 86.1% (2026-03-23) — 스플릿/데이터 오류 가능
Warning:  LNZA: 비정상 가격 변동 52.5% (2026-04-07) — 스플릿/데이터 오류 가능
Warning:  LPSN: 비정상 가격 변동 57.7% (2023-03-16) — 스플릿/데이터 오류 가능
Warning:  LRHC: Close NaN 비율 46.8% (기준: 30%)
Warning:  LRHC: 비정상 가격 변동 130.6% (2024-10-23) — 스플릿/데이터 오류 가능
Warning:  LTBR: 비정상 가격 변동 57.5% (2024-10-18) — 스플릿/데이터 오류 가능
Warning:  LUD: Close NaN 비율 74.4% (기준: 30%)
Warning:  LUD: 비정상 가격 변동 62.6% (2025-09-02) — 스플릿/데이터 오류 가능
Warning:  LUNG: 비정상 가격 변동 60.9% (2022-11-04) — 스플릿/데이터 오류 가능
Warning:  LVWR: 비정상 가격 변동 153.5% (2025-05-27) — 스플릿/데이터 오류 가능
Warning:  LXEH: 비정상 가격 변동 85.7% (2024-03-21) — 스플릿/데이터 오류 가능
Warning:  LXEO: Close NaN 비율 48.3% (기준: 30%)
Warning:  LXEO: 비정상 가격 변동 50.9% (2025-03-24) — 스플릿/데이터 오류 가능
Warning:  LYEL: 비정상 가격 변동 68.6% (2025-06-04) — 스플릿/데이터 오류 가능
Warning:  LZMH: Close NaN 비율 74.4% (기준: 30%)
Warning:  LZMH: 비정상 가격 변동 84.0% (2026-04-17) — 스플릿/데이터 오류 가능
Warning:  MASK: Close NaN 비율 71.8% (기준: 30%)
Warning:  MASK: 비정상 가격 변동 199.3% (2026-05-28) — 스플릿/데이터 오류 가능
Warning:  MAZE: Close NaN 비율 73.0% (기준: 30%)
Warning:  MAZE: 비정상 가격 변동 54.8% (2025-09-11) — 스플릿/데이터 오류 가능
Warning:  MBAI: 비정상 가격 변동 281.4% (2024-12-23) — 스플릿/데이터 오류 가능
Warning:  MBOT: 비정상 가격 변동 159.3% (2023-05-22) — 스플릿/데이터 오류 가능
Warning:  MBRX: 비정상 가격 변동 202.4% (2025-02-13) — 스플릿/데이터 오류 가능
Warning:  MCRP: Close NaN 비율 74.9% (기준: 30%)
Warning:  MCRP: 비정상 가격 변동 66.7% (2025-03-13) — 스플릿/데이터 오류 가능
Warning:  MDXG: 비정상 가격 변동 59.6% (2021-09-13) — 스플릿/데이터 오류 가능
Warning:  MGX: Close NaN 비율 53.6% (기준: 30%)
Warning:  MGX: 비정상 가격 변동 125.4% (2024-12-09) — 스플릿/데이터 오류 가능
Warning:  MIMI: Close NaN 비율 71.9% (기준: 30%)
Warning:  MIMI: 비정상 가격 변동 104.2% (2026-04-14) — 스플릿/데이터 오류 가능
Warning:  MIRA: Close NaN 비율 43.2% (기준: 30%)
Warning:  MIRA: 비정상 가격 변동 627.1% (2024-07-22) — 스플릿/데이터 오류 가능
Warning:  MIST: 비정상 가격 변동 60.9% (2025-03-28) — 스플릿/데이터 오류 가능
Warning:  MLGO: 비정상 가격 변동 669.9% (2024-06-04) — 스플릿/데이터 오류 가능
Warning:  MLTX: 비정상 가격 변동 89.9% (2025-09-29) — 스플릿/데이터 오류 가능
Warning:  MLYS: Close NaN 비율 33.7% (기준: 30%)
Warning:  MLYS: 비정상 가격 변동 86.4% (2025-09-02) — 스플릿/데이터 오류 가능
Warning:  MNTN: Close NaN 비율 79.1% (기준: 30%)
Warning:  MNTS: 비정상 가격 변동 155.4% (2024-10-09) — 스플릿/데이터 오류 가능
Warning:  MOBX: 비정상 가격 변동 532.8% (2026-03-03) — 스플릿/데이터 오류 가능
Warning:  MRLN: Close NaN 비율 69.8% (기준: 30%)
Warning:  MRM: 비정상 가격 변동 135.9% (2024-08-26) — 스플릿/데이터 오류 가능
Warning:  MSAI: 비정상 가격 변동 101.8% (2025-10-23) — 스플릿/데이터 오류 가능
Warning:  MSW: Close NaN 비율 69.4% (기준: 30%)
Warning:  MTC: 비정상 가격 변동 627.0% (2025-11-05) — 스플릿/데이터 오류 가능
Warning:  MTEK: 비정상 가격 변동 50.6% (2025-09-29) — 스플릿/데이터 오류 가능
Warning:  MTEN: Close NaN 비율 57.4% (기준: 30%)
Warning:  MTEN: 비정상 가격 변동 81.3% (2026-06-08) — 스플릿/데이터 오류 가능
Warning:  MTVA: 비정상 가격 변동 115.5% (2025-09-15) — 스플릿/데이터 오류 가능
Warning:  MVST: 비정상 가격 변동 339.2% (2024-11-13) — 스플릿/데이터 오류 가능
Warning:  MWG: Close NaN 비율 36.5% (기준: 30%)
Warning:  MWG: 비정상 가격 변동 74.4% (2023-04-28) — 스플릿/데이터 오류 가능
Warning:  MYSE: 비정상 가격 변동 355.6% (2025-01-07) — 스플릿/데이터 오류 가능
Warning:  NAGE: 비정상 가격 변동 67.9% (2024-11-01) — 스플릿/데이터 오류 가능
Warning:  NAKA: Close NaN 비율 59.7% (기준: 30%)
Warning:  NAKA: 비정상 가격 변동 251.0% (2025-05-12) — 스플릿/데이터 오류 가능
Warning:  NAMM: Close NaN 비율 79.9% (기준: 30%)
Warning:  NAMM: 비정상 가격 변동 130.6% (2026-01-21) — 스플릿/데이터 오류 가능
Warning:  NB: Close NaN 비율 35.7% (기준: 30%)
Warning:  NCI: Close NaN 비율 57.6% (기준: 30%)
Warning:  NCI: 비정상 가격 변동 238.5% (2026-02-11) — 스플릿/데이터 오류 가능
Warning:  NCT: Close NaN 비율 76.1% (기준: 30%)
Warning:  NCT: 비정상 가격 변동 58.4% (2026-05-28) — 스플릿/데이터 오류 가능
Warning:  NEGG: 비정상 가격 변동 148.4% (2021-07-07) — 스플릿/데이터 오류 가능
Warning:  NEON: 비정상 가격 변동 71.4% (2025-09-04) — 스플릿/데이터 오류 가능
Warning:  NIQ: Close NaN 비율 82.4% (기준: 30%)
Warning:  NKLR: Close NaN 비율 86.5% (기준: 30%)
Warning:  NMG: 비정상 가격 변동 51.8% (2025-10-13) — 스플릿/데이터 오류 가능
Warning:  NMRA: Close NaN 비율 45.5% (기준: 30%)
Warning:  NMRA: 비정상 가격 변동 81.4% (2025-01-02) — 스플릿/데이터 오류 가능
Warning:  NNE: Close NaN 비율 58.4% (기준: 30%)
Warning:  NNOX: 비정상 가격 변동 68.4% (2023-05-01) — 스플릿/데이터 오류 가능
Warning:  NPT: Close NaN 비율 87.5% (기준: 30%)
Warning:  NPT: 비정상 가격 변동 283.7% (2026-06-08) — 스플릿/데이터 오류 가능
Warning:  NTCL: Close NaN 비율 70.5% (기준: 30%)
Warning:  NTCL: 비정상 가격 변동 162.5% (2025-05-06) — 스플릿/데이터 오류 가능
Warning:  NTLA: 비정상 가격 변동 50.2% (2021-06-28) — 스플릿/데이터 오류 가능
Warning:  NTSK: Close NaN 비율 85.6% (기준: 30%)
Warning:  NVNI: 비정상 가격 변동 317.2% (2024-12-19) — 스플릿/데이터 오류 가능
Warning:  NXTT: 비정상 가격 변동 661.3% (2025-05-09) — 스플릿/데이터 오류 가능
Warning:  OCC: 비정상 가격 변동 58.1% (2024-12-23) — 스플릿/데이터 오류 가능
Warning:  OCG: 비정상 가격 변동 292.0% (2025-12-09) — 스플릿/데이터 오류 가능
Warning:  ODD: Close NaN 비율 42.3% (기준: 30%)
Warning:  OKLO: 비정상 가격 변동 53.6% (2024-05-10) — 스플릿/데이터 오류 가능
Warning:  OLMA: 비정상 가격 변동 136.4% (2025-11-18) — 스플릿/데이터 오류 가능
Warning:  OLOX: 비정상 가격 변동 124.2% (2025-05-28) — 스플릿/데이터 오류 가능
Warning:  OM: 비정상 가격 변동 68.5% (2024-08-08) — 스플릿/데이터 오류 가능
Warning:  ONCO: 비정상 가격 변동 199.6% (2022-08-17) — 스플릿/데이터 오류 가능
Warning:  OPEN: 비정상 가격 변동 79.5% (2025-09-11) — 스플릿/데이터 오류 가능
Warning:  OPRX: 비정상 가격 변동 51.7% (2025-03-12) — 스플릿/데이터 오류 가능
Warning:  OPTU: 비정상 가격 변동 76.3% (2026-06-01) — 스플릿/데이터 오류 가능
Warning:  ORGN: 비정상 가격 변동 66.4% (2023-08-10) — 스플릿/데이터 오류 가능
Warning:  ORGO: 비정상 가격 변동 102.3% (2025-02-28) — 스플릿/데이터 오류 가능
Warning:  ORKT: Close NaN 비율 62.7% (기준: 30%)
Warning:  ORKT: 비정상 가격 변동 147.6% (2025-12-08) — 스플릿/데이터 오류 가능
Warning:  OSCR: 비정상 가격 변동 56.3% (2023-03-28) — 스플릿/데이터 오류 가능
Warning:  PAPL: Close NaN 비율 48.2% (기준: 30%)
Warning:  PAPL: 비정상 가격 변동 73.8% (2025-08-08) — 스플릿/데이터 오류 가능
Warning:  PBM: 비정상 가격 변동 103.8% (2026-04-16) — 스플릿/데이터 오류 가능
Warning:  PCLA: Close NaN 비율 72.2% (기준: 30%)
Warning:  PCLA: 비정상 가격 변동 194.2% (2026-05-22) — 스플릿/데이터 오류 가능
Warning:  PEPG: 비정상 가격 변동 121.1% (2025-09-25) — 스플릿/데이터 오류 가능
Warning:  PETS: 비정상 가격 변동 68.4% (2025-12-11) — 스플릿/데이터 오류 가능
Warning:  PEW: Close NaN 비율 52.0% (기준: 30%)
Warning:  PGY: 비정상 가격 변동 129.6% (2022-07-20) — 스플릿/데이터 오류 가능
Warning:  PHIO: 비정상 가격 변동 290.5% (2025-01-13) — 스플릿/데이터 오류 가능
Warning:  PLCE: 비정상 가격 변동 85.7% (2024-09-11) — 스플릿/데이터 오류 가능
Warning:  PMAX: Close NaN 비율 65.0% (기준: 30%)
Warning:  PMAX: 비정상 가격 변동 95.3% (2026-05-06) — 스플릿/데이터 오류 가능
Warning:  PN: Close NaN 비율 74.7% (기준: 30%)
Warning:  PN: 비정상 가격 변동 89.2% (2026-05-04) — 스플릿/데이터 오류 가능
Warning:  PONY: Close NaN 비율 69.7% (기준: 30%)
Warning:  PPBT: 비정상 가격 변동 150.4% (2024-12-02) — 스플릿/데이터 오류 가능
Warning:  PRFX: 비정상 가격 변동 414.3% (2024-12-19) — 스플릿/데이터 오류 가능
Warning:  PROK: 비정상 가격 변동 514.5% (2025-07-08) — 스플릿/데이터 오류 가능
Warning:  PSIG: Close NaN 비율 62.3% (기준: 30%)
Warning:  PSIG: 비정상 가격 변동 127.7% (2024-08-12) — 스플릿/데이터 오류 가능
Warning:  PSIX: 비정상 가격 변동 68.6% (2022-11-15) — 스플릿/데이터 오류 가능
Warning:  PSTV: 비정상 가격 변동 311.4% (2025-03-06) — 스플릿/데이터 오류 가능
Warning:  QH: 비정상 가격 변동 2400.0% (2026-04-27) — 스플릿/데이터 오류 가능
Warning:  QNCX: 비정상 가격 변동 306.2% (2026-02-10) — 스플릿/데이터 오류 가능
Warning:  QNTM: 비정상 가격 변동 119.8% (2024-08-09) — 스플릿/데이터 오류 가능
Warning:  QSI: 비정상 가격 변동 119.6% (2024-11-20) — 스플릿/데이터 오류 가능
Warning:  QTEX: 비정상 가격 변동 308.1% (2021-10-26) — 스플릿/데이터 오류 가능
Warning:  QTRX: 비정상 가격 변동 54.8% (2022-08-09) — 스플릿/데이터 오류 가능
Warning:  QUBT: 비정상 가격 변동 92.8% (2024-11-13) — 스플릿/데이터 오류 가능
Warning:  QURE: 비정상 가격 변동 247.7% (2025-09-24) — 스플릿/데이터 오류 가능
Warning:  RBNE: Close NaN 비율 76.9% (기준: 30%)
Warning:  RBNE: 비정상 가격 변동 317.9% (2025-06-13) — 스플릿/데이터 오류 가능
Warning:  RDGT: 비정상 가격 변동 114.8% (2022-12-12) — 스플릿/데이터 오류 가능
Warning:  RDHL: 비정상 가격 변동 216.5% (2023-11-27) — 스플릿/데이터 오류 가능
Warning:  RENT: 비정상 가격 변동 161.9% (2024-04-11) — 스플릿/데이터 오류 가능
Warning:  RENX: Close NaN 비율 45.7% (기준: 30%)
Warning:  RENX: 비정상 가격 변동 531.3% (2023-11-16) — 스플릿/데이터 오류 가능
Warning:  RGNT: Close NaN 비율 89.9% (기준: 30%)
Warning:  RGTI: 비정상 가격 변동 58.0% (2024-11-25) — 스플릿/데이터 오류 가능
Warning:  RNAZ: 비정상 가격 변동 284.0% (2023-09-25) — 스플릿/데이터 오류 가능
Warning:  ROLR: Close NaN 비율 67.7% (기준: 30%)
Warning:  ROLR: 비정상 가격 변동 436.6% (2026-01-14) — 스플릿/데이터 오류 가능
Warning:  ROOT: 비정상 가격 변동 68.9% (2024-10-31) — 스플릿/데이터 오류 가능
Warning:  RPGL: Close NaN 비율 87.0% (기준: 30%)
Warning:  RPGL: 비정상 가격 변동 173.9% (2026-01-29) — 스플릿/데이터 오류 가능
Warning:  RR: Close NaN 비율 49.1% (기준: 30%)
Warning:  RR: 비정상 가격 변동 73.9% (2024-08-06) — 스플릿/데이터 오류 가능
Warning:  RXRX: 비정상 가격 변동 78.2% (2023-07-12) — 스플릿/데이터 오류 가능
Warning:  RYOJ: Close NaN 비율 83.7% (기준: 30%)
Warning:  RYOJ: 비정상 가격 변동 148.8% (2026-05-22) — 스플릿/데이터 오류 가능
Warning:  RZLT: 비정상 가격 변동 87.2% (2025-12-11) — 스플릿/데이터 오류 가능
Warning:  RZLV: 비정상 가격 변동 54.5% (2024-12-17) — 스플릿/데이터 오류 가능
Warning:  SAGT: Close NaN 비율 74.9% (기준: 30%)
Warning:  SANA: 비정상 가격 변동 160.6% (2025-01-08) — 스플릿/데이터 오류 가능
Warning:  SBET: 비정상 가격 변동 433.2% (2025-05-27) — 스플릿/데이터 오류 가능
Warning:  SBFM: 비정상 가격 변동 150.0% (2022-03-09) — 스플릿/데이터 오류 가능
Warning:  SDA: 비정상 가격 변동 120.9% (2023-05-31) — 스플릿/데이터 오류 가능
Warning:  SDEV: 비정상 가격 변동 102.5% (2026-01-09) — 스플릿/데이터 오류 가능
Warning:  SDOT: 비정상 가격 변동 105.8% (2026-06-03) — 스플릿/데이터 오류 가능
Warning:  SDST: 비정상 가격 변동 144.7% (2024-07-17) — 스플릿/데이터 오류 가능
Warning:  SEGG: Close NaN 비율 40.5% (기준: 30%)
Warning:  SEGG: 비정상 가격 변동 187.8% (2025-02-06) — 스플릿/데이터 오류 가능
Warning:  SEPN: Close NaN 비율 67.8% (기준: 30%)
Warning:  SEPN: 비정상 가격 변동 51.0% (2025-05-14) — 스플릿/데이터 오류 가능
Warning:  SERV: Close NaN 비율 55.1% (기준: 30%)
Warning:  SERV: 비정상 가격 변동 187.1% (2024-07-19) — 스플릿/데이터 오류 가능
Warning:  SES: 비정상 가격 변동 100.0% (2024-12-26) — 스플릿/데이터 오류 가능
Warning:  SEV: Close NaN 비율 87.2% (기준: 30%)
Warning:  SEV: 비정상 가격 변동 57.8% (2025-10-23) — 스플릿/데이터 오류 가능
Warning:  SKBL: Close NaN 비율 74.0% (기준: 30%)
Warning:  SKBL: 비정상 가격 변동 87.6% (2025-07-07) — 스플릿/데이터 오류 가능
Warning:  SKK: Close NaN 비율 66.8% (기준: 30%)
Warning:  SKK: 비정상 가격 변동 596.6% (2026-05-04) — 스플릿/데이터 오류 가능
Warning:  SKYA: 비정상 가격 변동 141.6% (2024-05-28) — 스플릿/데이터 오류 가능
Warning:  SKYQ: Close NaN 비율 67.0% (기준: 30%)
Warning:  SKYQ: 비정상 가격 변동 101.6% (2026-04-02) — 스플릿/데이터 오류 가능
Warning:  SKYX: 비정상 가격 변동 68.6% (2022-07-28) — 스플릿/데이터 오류 가능
Warning:  SLDP: 비정상 가격 변동 51.6% (2025-11-05) — 스플릿/데이터 오류 가능
Warning:  SLE: 비정상 가격 변동 159.5% (2025-09-23) — 스플릿/데이터 오류 가능
Warning:  SLMT: Close NaN 비율 32.9% (기준: 30%)
Warning:  SLMT: 비정상 가격 변동 225.5% (2025-09-18) — 스플릿/데이터 오류 가능
Warning:  SLNH: 비정상 가격 변동 94.4% (2025-09-22) — 스플릿/데이터 오류 가능
Warning:  SLXN: 비정상 가격 변동 878.9% (2024-11-29) — 스플릿/데이터 오류 가능
Warning:  SMJF: Close NaN 비율 89.9% (기준: 30%)
Warning:  SMJF: 비정상 가격 변동 61.4% (2026-02-17) — 스플릿/데이터 오류 가능
Warning:  SMMT: 비정상 가격 변동 272.1% (2024-05-30) — 스플릿/데이터 오류 가능
Warning:  SMX: 비정상 가격 변동 1205.4% (2026-05-11) — 스플릿/데이터 오류 가능
Warning:  SNOA: 비정상 가격 변동 72.8% (2025-08-14) — 스플릿/데이터 오류 가능
Warning:  SOC: 비정상 가격 변동 56.2% (2025-12-18) — 스플릿/데이터 오류 가능
Warning:  SOUN: 비정상 가격 변동 71.8% (2022-12-30) — 스플릿/데이터 오류 가능
Warning:  SOWG: 비정상 가격 변동 56.8% (2024-11-14) — 스플릿/데이터 오류 가능
Warning:  SPHL: Close NaN 비율 67.4% (기준: 30%)
Warning:  SPHL: 비정상 가격 변동 673.8% (2026-01-15) — 스플릿/데이터 오류 가능
Warning:  SPRC: 비정상 가격 변동 142.9% (2025-09-17) — 스플릿/데이터 오류 가능
Warning:  SPRY: 비정상 가격 변동 77.9% (2023-05-12) — 스플릿/데이터 오류 가능
Warning:  SPWH: 비정상 가격 변동 97.9% (2025-04-02) — 스플릿/데이터 오류 가능
Warning:  SQNS: 비정상 가격 변동 113.0% (2024-08-23) — 스플릿/데이터 오류 가능
Warning:  SRFM: Close NaN 비율 42.8% (기준: 30%)
Warning:  SRFM: 비정상 가격 변동 88.5% (2025-06-24) — 스플릿/데이터 오류 가능
Warning:  SST: 비정상 가격 변동 142.3% (2026-03-27) — 스플릿/데이터 오류 가능
Warning:  STAK: Close NaN 비율 74.4% (기준: 30%)
Warning:  STAK: 비정상 가격 변동 149.4% (2026-03-02) — 스플릿/데이터 오류 가능
Warning:  STEM: 비정상 가격 변동 57.2% (2025-01-03) — 스플릿/데이터 오류 가능
Warning:  STFS: Close NaN 비율 67.0% (기준: 30%)
Warning:  STFS: 비정상 가격 변동 96.5% (2026-05-06) — 스플릿/데이터 오류 가능
Warning:  STG: 비정상 가격 변동 125.7% (2026-05-29) — 스플릿/데이터 오류 가능
Warning:  STIM: 비정상 가격 변동 58.1% (2024-08-12) — 스플릿/데이터 오류 가능
Warning:  STKE: 비정상 가격 변동 131.4% (2024-10-14) — 스플릿/데이터 오류 가능
Warning:  STKH: 비정상 가격 변동 71.4% (2025-07-10) — 스플릿/데이터 오류 가능
Warning:  STTK: 비정상 가격 변동 130.3% (2023-12-13) — 스플릿/데이터 오류 가능
Warning:  STUB: Close NaN 비율 85.5% (기준: 30%)
Warning:  SUIG: 비정상 가격 변동 218.9% (2025-07-25) — 스플릿/데이터 오류 가능
Warning:  SUNE: 비정상 가격 변동 420.4% (2026-06-08) — 스플릿/데이터 오류 가능
Warning:  SUPX: Close NaN 비율 57.2% (기준: 30%)
Warning:  TAOX: 비정상 가격 변동 74.6% (2022-12-16) — 스플릿/데이터 오류 가능
Warning:  TBH: Close NaN 비율 74.8% (기준: 30%)
Warning:  TBH: 비정상 가격 변동 80.8% (2025-04-01) — 스플릿/데이터 오류 가능
Warning:  TDTH: Close NaN 비율 65.2% (기준: 30%)
Warning:  TDTH: 비정상 가격 변동 61.5% (2025-01-30) — 스플릿/데이터 오류 가능
Warning:  TDUP: 비정상 가격 변동 62.7% (2024-08-06) — 스플릿/데이터 오류 가능
Warning:  TEM: Close NaN 비율 60.5% (기준: 30%)
Warning:  TII: 비정상 가격 변동 409.8% (2022-03-23) — 스플릿/데이터 오류 가능
Warning:  TJGC: Close NaN 비율 72.5% (기준: 30%)
Warning:  TJGC: 비정상 가격 변동 571.4% (2025-06-03) — 스플릿/데이터 오류 가능
Warning:  TJGC: 거래량 0 연속 11일 (기준: 5일) — 상장폐지/거래정지 가능
Warning:  TKLF: 비정상 가격 변동 103.6% (2024-07-16) — 스플릿/데이터 오류 가능
Warning:  TLRY: 비정상 가격 변동 60.9% (2025-09-29) — 스플릿/데이터 오류 가능
Warning:  TMCI: 비정상 가격 변동 62.5% (2024-05-08) — 스플릿/데이터 오류 가능
Warning:  TMDX: 비정상 가격 변동 51.2% (2023-11-07) — 스플릿/데이터 오류 가능
Warning:  TMQ: 비정상 가격 변동 211.0% (2025-10-07) — 스플릿/데이터 오류 가능
Warning:  TNGX: 비정상 가격 변동 103.9% (2023-08-09) — 스플릿/데이터 오류 가능
Warning:  TNXP: 비정상 가격 변동 120.8% (2024-12-16) — 스플릿/데이터 오류 가능
Warning:  TONX: 비정상 가격 변동 346.9% (2023-09-05) — 스플릿/데이터 오류 가능
Warning:  TPST: 비정상 가격 변동 3970.8% (2023-10-11) — 스플릿/데이터 오류 가능
Warning:  TRAW: 비정상 가격 변동 150.4% (2024-12-23) — 스플릿/데이터 오류 가능
Warning:  TRDA: 비정상 가격 변동 57.3% (2026-05-07) — 스플릿/데이터 오류 가능
Warning:  TRON: Close NaN 비율 43.8% (기준: 30%)
Warning:  TRON: 비정상 가격 변동 533.8% (2025-06-16) — 스플릿/데이터 오류 가능
Warning:  TROO: 비정상 가격 변동 279.5% (2021-07-09) — 스플릿/데이터 오류 가능
Warning:  TRUG: 비정상 가격 변동 64.7% (2024-01-31) — 스플릿/데이터 오류 가능
Warning:  TSSI: 비정상 가격 변동 74.1% (2025-05-16) — 스플릿/데이터 오류 가능
Warning:  TTEC: 비정상 가격 변동 52.6% (2025-04-02) — 스플릿/데이터 오류 가능
Warning:  TURB: Close NaN 비율 45.9% (기준: 30%)
Warning:  TURB: 비정상 가격 변동 359.3% (2025-09-16) — 스플릿/데이터 오류 가능
Warning:  TWAV: 비정상 가격 변동 166.7% (2022-10-03) — 스플릿/데이터 오류 가능
Warning:  UBXG: Close NaN 비율 56.2% (기준: 30%)
Warning:  UBXG: 비정상 가격 변동 1316.7% (2024-11-27) — 스플릿/데이터 오류 가능
Warning:  UCAR: Close NaN 비율 37.4% (기준: 30%)
Warning:  UCAR: 비정상 가격 변동 331.9% (2026-04-08) — 스플릿/데이터 오류 가능
Warning:  UK: 비정상 가격 변동 72.5% (2023-12-28) — 스플릿/데이터 오류 가능
Warning:  UP: 비정상 가격 변동 60.4% (2023-06-22) — 스플릿/데이터 오류 가능
Warning:  UPB: Close NaN 비율 67.0% (기준: 30%)
Warning:  UPST: 비정상 가격 변동 56.4% (2022-05-10) — 스플릿/데이터 오류 가능
Warning:  UXIN: 비정상 가격 변동 83.7% (2024-09-27) — 스플릿/데이터 오류 가능
Warning:  VCIG: Close NaN 비율 37.0% (기준: 30%)
Warning:  VCIG: 비정상 가격 변동 546.8% (2023-05-02) — 스플릿/데이터 오류 가능
Warning:  VEEE: 비정상 가격 변동 192.2% (2025-05-08) — 스플릿/데이터 오류 가능
Warning:  VENU: Close NaN 비율 69.7% (기준: 30%)
Warning:  VERI: 비정상 가격 변동 53.7% (2025-10-15) — 스플릿/데이터 오류 가능
Warning:  VERU: 비정상 가격 변동 182.3% (2022-04-11) — 스플릿/데이터 오류 가능
Warning:  VIA: Close NaN 비율 85.3% (기준: 30%)
Warning:  VOR: 비정상 가격 변동 74.2% (2025-06-25) — 스플릿/데이터 오류 가능
Warning:  VRRM: 비정상 가격 변동 70.6% (2026-05-27) — 스플릿/데이터 오류 가능
Warning:  VSA: 비정상 가격 변동 329.8% (2025-01-31) — 스플릿/데이터 오류 가능
Warning:  VSTM: 비정상 가격 변동 124.4% (2023-05-26) — 스플릿/데이터 오류 가능
Warning:  VWAV: Close NaN 비율 81.9% (기준: 30%)
Warning:  VWAV: 비정상 가격 변동 368.1% (2025-07-28) — 스플릿/데이터 오류 가능
Warning:  WAY: Close NaN 비율 60.1% (기준: 30%)
Warning:  WCT: Close NaN 비율 66.5% (기준: 30%)
Warning:  WCT: 비정상 가격 변동 179.3% (2026-06-03) — 스플릿/데이터 오류 가능
Warning:  WETH: Close NaN 비율 54.1% (기준: 30%)
Warning:  WETO: Close NaN 비율 74.4% (기준: 30%)
Warning:  WETO: 비정상 가격 변동 68.9% (2025-05-29) — 스플릿/데이터 오류 가능
Warning:  WGRX: Close NaN 비율 74.1% (기준: 30%)
Warning:  WGRX: 비정상 가격 변동 185.4% (2025-10-24) — 스플릿/데이터 오류 가능
Warning:  WGS: 비정상 가격 변동 55.2% (2024-04-30) — 스플릿/데이터 오류 가능
Warning:  WIMI: 비정상 가격 변동 77.5% (2024-12-27) — 스플릿/데이터 오류 가능
Warning:  WKEY: 비정상 가격 변동 139.0% (2024-12-13) — 스플릿/데이터 오류 가능
Warning:  WKHS: 비정상 가격 변동 54.9% (2025-07-08) — 스플릿/데이터 오류 가능
Warning:  WNW: 비정상 가격 변동 97.6% (2025-04-22) — 스플릿/데이터 오류 가능
Warning:  WTF: Close NaN 비율 76.3% (기준: 30%)
Warning:  WTF: 비정상 가격 변동 64.6% (2025-04-02) — 스플릿/데이터 오류 가능
Warning:  WVE: 비정상 가격 변동 147.3% (2025-12-08) — 스플릿/데이터 오류 가능
Warning:  WW: Close NaN 비율 81.1% (기준: 30%)
Warning:  XTIA: 비정상 가격 변동 128.6% (2023-04-13) — 스플릿/데이터 오류 가능
Warning:  XXI: Close NaN 비율 63.7% (기준: 30%)
Warning:  XXI: 비정상 가격 변동 55.4% (2025-04-23) — 스플릿/데이터 오류 가능
Warning:  YRD: 비정상 가격 변동 54.6% (2022-08-31) — 스플릿/데이터 오류 가능
Warning:  ZBIO: Close NaN 비율 65.4% (기준: 30%)
Warning:  ZBIO: 비정상 가격 변동 51.9% (2026-01-05) — 스플릿/데이터 오류 가능
Warning:  ZDAI: Close NaN 비율 62.5% (기준: 30%)
Warning:  ZDAI: 비정상 가격 변동 918.6% (2024-11-26) — 스플릿/데이터 오류 가능
Warning:  ZENA: Close NaN 비율 66.4% (기준: 30%)
Warning:  ZENA: 비정상 가격 변동 258.7% (2024-11-25) — 스플릿/데이터 오류 가능
Warning:  ZEPP: 비정상 가격 변동 69.5% (2025-07-11) — 스플릿/데이터 오류 가능
Warning:  ZJYL: Close NaN 비율 36.1% (기준: 30%)
Warning:  ZJYL: 비정상 가격 변동 263.7% (2023-12-18) — 스플릿/데이터 오류 가능
Warning:  ZNB: 비정상 가격 변동 104.8% (2025-10-07) — 스플릿/데이터 오류 가능
Warning:  ZVIA: 비정상 가격 변동 51.7% (2025-05-08) — 스플릿/데이터 오류 가능
[[NASDAQ/NYSE 분석]] 강한 섹터: {'Health Care', 'Energy', 'Industrials', 'Information Technology', 'Financials'}
[OHLCV] 배치 다운로드 1/2 (150개 종목, period=2y)...
[OHLCV] 배치 다운로드 2/2 (52개 종목, period=2y)...
[DataValidator] 55건의 데이터 품질 경고 발생
Warning:  ABAT: 비정상 가격 변동 60.4% (2024-12-23) — 스플릿/데이터 오류 가능
Warning:  AEHL: 비정상 가격 변동 135.3% (2026-05-08) — 스플릿/데이터 오류 가능
Warning:  AIIO: 비정상 가격 변동 116.1% (2026-05-14) — 스플릿/데이터 오류 가능
Warning:  AKTX: 비정상 가격 변동 255.4% (2026-05-22) — 스플릿/데이터 오류 가능
Warning:  AMPG: 비정상 가격 변동 94.6% (2024-12-11) — 스플릿/데이터 오류 가능
Warning:  ANY: 비정상 가격 변동 111.6% (2026-06-01) — 스플릿/데이터 오류 가능
Warning:  APPS: 비정상 가격 변동 96.5% (2025-02-06) — 스플릿/데이터 오류 가능
Warning:  ASST: 비정상 가격 변동 455.7% (2025-05-07) — 스플릿/데이터 오류 가능
Warning:  BETA: Close NaN 비율 70.5% (기준: 30%)
Warning:  BLSH: Close NaN 비율 58.9% (기준: 30%)
Warning:  BMNR: Close NaN 비율 49.5% (기준: 30%)
Warning:  BMNR: 비정상 가격 변동 694.8% (2025-06-30) — 스플릿/데이터 오류 가능
Warning:  BULL: 비정상 가격 변동 374.7% (2025-04-14) — 스플릿/데이터 오류 가능
Warning:  CAI: Close NaN 비율 51.3% (기준: 30%)
Warning:  CHYM: Close NaN 비율 50.5% (기준: 30%)
Warning:  CODX: 비정상 가격 변동 259.0% (2025-10-27) — 스플릿/데이터 오류 가능
Warning:  CRCL: Close NaN 비율 49.5% (기준: 30%)
Warning:  CRML: 비정상 가격 변동 55.4% (2025-10-13) — 스플릿/데이터 오류 가능
Warning:  FIG: Close NaN 비율 57.1% (기준: 30%)
Warning:  FIGR: Close NaN 비율 62.9% (기준: 30%)
Warning:  FRMI: Close NaN 비율 65.7% (기준: 30%)
Warning:  GOVX: 비정상 가격 변동 110.7% (2024-08-16) — 스플릿/데이터 오류 가능
Warning:  HCWB: 비정상 가격 변동 320.3% (2024-11-18) — 스플릿/데이터 오류 가능
Warning:  HUBC: 비정상 가격 변동 137.3% (2026-05-29) — 스플릿/데이터 오류 가능
Warning:  INHD: 비정상 가격 변동 3661.0% (2026-06-08) — 스플릿/데이터 오류 가능
Warning:  KD: 비정상 가격 변동 54.9% (2026-02-09) — 스플릿/데이터 오류 가능
Warning:  KLAR: Close NaN 비율 62.9% (기준: 30%)
Warning:  KRMN: Close NaN 비율 34.1% (기준: 30%)
Warning:  LAC: 비정상 가격 변동 95.8% (2025-09-24) — 스플릿/데이터 오류 가능
Warning:  LAES: 비정상 가격 변동 101.4% (2024-12-11) — 스플릿/데이터 오류 가능
Warning:  MASK: 비정상 가격 변동 199.3% (2026-05-28) — 스플릿/데이터 오류 가능
Warning:  MLYS: 비정상 가격 변동 86.4% (2025-09-02) — 스플릿/데이터 오류 가능
Warning:  MNTS: 비정상 가격 변동 155.4% (2024-10-09) — 스플릿/데이터 오류 가능
Warning:  MOBX: 비정상 가격 변동 532.8% (2026-03-03) — 스플릿/데이터 오류 가능
Warning:  MTVA: 비정상 가격 변동 115.5% (2025-09-15) — 스플릿/데이터 오류 가능
Warning:  NPT: Close NaN 비율 68.7% (기준: 30%)
Warning:  NPT: 비정상 가격 변동 283.7% (2026-06-08) — 스플릿/데이터 오류 가능
Warning:  NTSK: Close NaN 비율 63.9% (기준: 30%)
Warning:  OPEN: 비정상 가격 변동 79.5% (2025-09-11) — 스플릿/데이터 오류 가능
Warning:  QTEX: 비정상 가격 변동 139.9% (2026-05-22) — 스플릿/데이터 오류 가능
Warning:  QUBT: 비정상 가격 변동 92.8% (2024-11-13) — 스플릿/데이터 오류 가능
Warning:  QURE: 비정상 가격 변동 247.7% (2025-09-24) — 스플릿/데이터 오류 가능
Warning:  RGTI: 비정상 가격 변동 58.0% (2024-11-25) — 스플릿/데이터 오류 가능
Warning:  RR: 비정상 가격 변동 73.9% (2024-08-06) — 스플릿/데이터 오류 가능
Warning:  RZLV: 비정상 가격 변동 54.5% (2024-12-17) — 스플릿/데이터 오류 가능
Warning:  SBET: 비정상 가격 변동 433.2% (2025-05-27) — 스플릿/데이터 오류 가능
Warning:  SDOT: 비정상 가격 변동 105.8% (2026-06-03) — 스플릿/데이터 오류 가능
Warning:  SERV: 비정상 가격 변동 187.1% (2024-07-19) — 스플릿/데이터 오류 가능
Warning:  SLNH: 비정상 가격 변동 94.4% (2025-09-22) — 스플릿/데이터 오류 가능
Warning:  SMMT: 비정상 가격 변동 56.0% (2024-09-09) — 스플릿/데이터 오류 가능
Warning:  SOC: 비정상 가격 변동 56.2% (2025-12-18) — 스플릿/데이터 오류 가능
Warning:  STUB: Close NaN 비율 63.7% (기준: 30%)
Warning:  SUNE: 비정상 가격 변동 420.4% (2026-06-08) — 스플릿/데이터 오류 가능
Warning:  TNGX: 비정상 가격 변동 53.0% (2026-06-08) — 스플릿/데이터 오류 가능
Warning:  VRRM: 비정상 가격 변동 70.6% (2026-05-27) — 스플릿/데이터 오류 가능
[[NASDAQ/NYSE 분석]] Extreme model 'label_low' ROC 0.59, AP 0.44
[[NASDAQ/NYSE 분석]] Extreme model 'label_high' ROC 0.60, AP 0.57
[[NASDAQ/NYSE 분석]] Google Sheets 업데이트 완료 (202개 종목)
[Email] 바닥반등 4개 + 모멘텀 47개 = 총 51개 종목 리스트를 chunghwan14@gmail.com, roykim0311@gmail.com, ssamjungtan@naver.com로 발송 완료

============================================================
[[NASDAQ/NYSE 차트분석]] 이메일 대상 종목 차트 분석 시작
============================================================
[[NASDAQ/NYSE 차트분석]] 차트분석 대상 51개 종목: ['CBRL', 'NTLA', 'SHOO', 'OSCR', 'CAR', 'EXTR', 'TKR', 'LEU', 'ENVX', 'FROG', 'PK', 'URI', 'QURE', 'LQDA', 'LSTR', 'MNTS', 'RXO', 'SOC', 'HLIO', 'CRS', 'TNGX', 'WERN', 'CNC', 'H', 'ABAT', 'JBHT', 'VAC', 'GRPN', 'BRBR', 'ASPI', 'KNX', 'ODFL', 'LAC', 'AMPG', 'VXX', 'LLY', 'RGTI', 'QTEX', 'ARCB', 'SNDR', 'GEO', 'VVX', 'HUM', 'TMHC', 'SLNH', 'BMNR', 'CROX', 'BWA', 'APPS', 'TFII', 'R']
[[NASDAQ/NYSE 차트분석]] 기존 NASDAQ 차트 파일 삭제 중...
[[NASDAQ/NYSE 차트분석]] TradingView 차트 캡처 시작...
[TradingView] ABAT 브라우저 세션 시작  (로그인 세션)...
[TradingView] 1H 캡처 완료 (60)
[TradingView] 4H 캡처 완료 (240)
[TradingView] Daily 캡처 완료 (D)
[TradingView] Weekly 캡처 완료 (W)
[TradingView] Monthly 캡처 완료 (M)
[[NASDAQ/NYSE 차트분석]] ABAT 차트 5개 처리 완료
[TradingView] CRS 브라우저 세션 시작  (로그인 세션)...
[TradingView] 1H 캡처 완료 (60)
[TradingView] 4H 캡처 완료 (240)
[TradingView] Daily 캡처 완료 (D)
[TradingView] Weekly 캡처 완료 (W)
[TradingView] Monthly 캡처 완료 (M)
[[NASDAQ/NYSE 차트분석]] CRS 차트 5개 처리 완료
[TradingView] TKR 브라우저 세션 시작  (로그인 세션)...
[TradingView] 1H 캡처 완료 (60)
[TradingView] 4H 캡처 완료 (240)
[TradingView] Daily 캡처 완료 (D)
[TradingView] Weekly 캡처 완료 (W)
[TradingView] Monthly 캡처 완료 (M)
[[NASDAQ/NYSE 차트분석]] TKR 차트 5개 처리 완료
[TradingView] AMPG 브라우저 세션 시작  (로그인 세션)...
[TradingView] 1H 캡처 완료 (60)
[TradingView] 4H 캡처 완료 (240)
[TradingView] Daily 캡처 완료 (D)
[TradingView] Weekly 캡처 완료 (W)
[TradingView] Monthly 캡처 완료 (M)
[[NASDAQ/NYSE 차트분석]] AMPG 차트 5개 처리 완료
[TradingView] CROX 브라우저 세션 시작  (로그인 세션)...
[TradingView] 1H 캡처 완료 (60)
[TradingView] 4H 캡처 완료 (240)
[TradingView] Daily 캡처 완료 (D)
[TradingView] Weekly 캡처 완료 (W)
[TradingView] Monthly 캡처 완료 (M)
[[NASDAQ/NYSE 차트분석]] CROX 차트 5개 처리 완료
[TradingView] TNGX 브라우저 세션 시작  (로그인 세션)...
[TradingView] 1H 캡처 완료 (60)
[TradingView] 4H 캡처 완료 (240)
[TradingView] Daily 캡처 완료 (D)
[TradingView] Weekly 캡처 완료 (W)
[TradingView] Monthly 캡처 완료 (M)
[[NASDAQ/NYSE 차트분석]] TNGX 차트 5개 처리 완료
[TradingView] HLIO 브라우저 세션 시작  (로그인 세션)...
[TradingView] 1H 캡처 완료 (60)
[TradingView] 4H 캡처 완료 (240)
[TradingView] Daily 캡처 완료 (D)
[TradingView] Weekly 캡처 완료 (W)
[TradingView] Monthly 캡처 완료 (M)
[[NASDAQ/NYSE 차트분석]] HLIO 차트 5개 처리 완료
[TradingView] JBHT 브라우저 세션 시작  (로그인 세션)...
[TradingView] 1H 캡처 완료 (60)
[TradingView] 4H 캡처 완료 (240)
[TradingView] Daily 캡처 완료 (D)
[TradingView] Weekly 캡처 완료 (W)
[TradingView] Monthly 캡처 완료 (M)
[[NASDAQ/NYSE 차트분석]] JBHT 차트 5개 처리 완료
[TradingView] RXO 브라우저 세션 시작  (로그인 세션)...
[TradingView] 1H 캡처 완료 (60)
[TradingView] 4H 캡처 완료 (240)
[TradingView] Daily 캡처 완료 (D)
[TradingView] Weekly 캡처 완료 (W)
[TradingView] Monthly 캡처 완료 (M)
[[NASDAQ/NYSE 차트분석]] RXO 차트 5개 처리 완료
[TradingView] URI 브라우저 세션 시작  (로그인 세션)...
[TradingView] 1H 캡처 완료 (60)
[TradingView] 4H 캡처 완료 (240)
[TradingView] Daily 캡처 완료 (D)
[TradingView] Weekly 캡처 완료 (W)
[TradingView] Monthly 캡처 완료 (M)
[[NASDAQ/NYSE 차트분석]] URI 차트 5개 처리 완료
[TradingView] VVX 브라우저 세션 시작  (로그인 세션)...
[TradingView] 1H 캡처 완료 (60)
[TradingView] 4H 캡처 완료 (240)
[TradingView] Daily 캡처 완료 (D)
[TradingView] Weekly 캡처 완료 (W)
[TradingView] Monthly 캡처 완료 (M)
[[NASDAQ/NYSE 차트분석]] VVX 차트 5개 처리 완료
[TradingView] CBRL 브라우저 세션 시작  (로그인 세션)...
[TradingView] 1H 캡처 완료 (60)
[TradingView] 4H 캡처 완료 (240)
[TradingView] Daily 캡처 완료 (D)
[TradingView] Weekly 캡처 완료 (W)
[TradingView] Monthly 캡처 완료 (M)
[[NASDAQ/NYSE 차트분석]] CBRL 차트 5개 처리 완료
[TradingView] H 브라우저 세션 시작  (로그인 세션)...
[TradingView] 1H 캡처 완료 (60)
[TradingView] 4H 캡처 완료 (240)
[TradingView] Daily 캡처 완료 (D)
[TradingView] Weekly 캡처 완료 (W)
[TradingView] Monthly 캡처 완료 (M)
[[NASDAQ/NYSE 차트분석]] H 차트 5개 처리 완료
[TradingView] BWA 브라우저 세션 시작  (로그인 세션)...
[TradingView] 1H 캡처 완료 (60)
[TradingView] 4H 캡처 완료 (240)
[TradingView] Daily 캡처 완료 (D)
[TradingView] Weekly 캡처 완료 (W)
[TradingView] Monthly 캡처 완료 (M)
[[NASDAQ/NYSE 차트분석]] BWA 차트 5개 처리 완료
[TradingView] CNC 브라우저 세션 시작  (로그인 세션)...
[TradingView] 1H 캡처 완료 (60)
[TradingView] 4H 캡처 완료 (240)
[TradingView] Daily 캡처 완료 (D)
[TradingView] Weekly 캡처 완료 (W)
[TradingView] Monthly 캡처 완료 (M)
[[NASDAQ/NYSE 차트분석]] CNC 차트 5개 처리 완료
[TradingView] EXTR 브라우저 세션 시작  (로그인 세션)...
[TradingView] 1H 캡처 완료 (60)
[TradingView] 4H 캡처 완료 (240)
[TradingView] Daily 캡처 완료 (D)
[TradingView] Weekly 캡처 완료 (W)
[TradingView] Monthly 캡처 완료 (M)
[[NASDAQ/NYSE 차트분석]] EXTR 차트 5개 처리 완료
[TradingView] FROG 브라우저 세션 시작  (로그인 세션)...
[TradingView] 1H 캡처 완료 (60)
[TradingView] 4H 캡처 완료 (240)
[TradingView] Daily 캡처 완료 (D)
[TradingView] Weekly 캡처 완료 (W)
[TradingView] Monthly 캡처 완료 (M)
[[NASDAQ/NYSE 차트분석]] FROG 차트 5개 처리 완료
[TradingView] LLY 브라우저 세션 시작  (로그인 세션)...
[TradingView] 1H 캡처 완료 (60)
[TradingView] 4H 캡처 완료 (240)
[TradingView] Daily 캡처 완료 (D)
[TradingView] Weekly 캡처 완료 (W)
[TradingView] Monthly 캡처 완료 (M)
[[NASDAQ/NYSE 차트분석]] LLY 차트 5개 처리 완료
[TradingView] LQDA 브라우저 세션 시작  (로그인 세션)...
[TradingView] 1H 캡처 완료 (60)
[TradingView] 4H 캡처 완료 (240)
[TradingView] Daily 캡처 완료 (D)
[TradingView] Weekly 캡처 완료 (W)
[TradingView] Monthly 캡처 완료 (M)
[[NASDAQ/NYSE 차트분석]] LQDA 차트 5개 처리 완료
[TradingView] OSCR 브라우저 세션 시작  (로그인 세션)...
[TradingView] 1H 캡처 완료 (60)
[TradingView] 4H 캡처 완료 (240)
[TradingView] Daily 캡처 완료 (D)
[TradingView] Weekly 캡처 완료 (W)
[TradingView] Monthly 캡처 완료 (M)
[[NASDAQ/NYSE 차트분석]] OSCR 차트 5개 처리 완료
[TradingView] RGTI 브라우저 세션 시작  (로그인 세션)...
[TradingView] 1H 캡처 완료 (60)
[TradingView] 4H 캡처 완료 (240)
[TradingView] Daily 캡처 완료 (D)
[TradingView] Weekly 캡처 완료 (W)
[TradingView] Monthly 캡처 완료 (M)
[[NASDAQ/NYSE 차트분석]] RGTI 차트 5개 처리 완료
[TradingView] SHOO 브라우저 세션 시작  (로그인 세션)...
[TradingView] 1H 캡처 완료 (60)
[TradingView] 4H 캡처 완료 (240)
[TradingView] Daily 캡처 완료 (D)
[TradingView] Weekly 캡처 완료 (W)
[TradingView] Monthly 캡처 완료 (M)
[[NASDAQ/NYSE 차트분석]] SHOO 차트 5개 처리 완료
[TradingView] VAC 브라우저 세션 시작  (로그인 세션)...
[TradingView] 1H 캡처 완료 (60)
[TradingView] 4H 캡처 완료 (240)
[TradingView] Daily 캡처 완료 (D)
[TradingView] Weekly 캡처 완료 (W)
[TradingView] Monthly 캡처 완료 (M)
[[NASDAQ/NYSE 차트분석]] VAC 차트 5개 처리 완료
[TradingView] QTEX 브라우저 세션 시작  (로그인 세션)...
[TradingView] 1H 캡처 완료 (60)
[TradingView] 4H 캡처 완료 (240)
[TradingView] Daily 캡처 완료 (D)
[TradingView] Weekly 캡처 완료 (W)
[TradingView] Monthly 캡처 완료 (M)
[[NASDAQ/NYSE 차트분석]] QTEX 차트 5개 처리 완료
[TradingView] GEO 브라우저 세션 시작  (로그인 세션)...
[TradingView] 1H 캡처 완료 (60)
[TradingView] 4H 캡처 완료 (240)
[TradingView] Daily 캡처 완료 (D)
[TradingView] Weekly 캡처 완료 (W)
[TradingView] Monthly 캡처 완료 (M)
[[NASDAQ/NYSE 차트분석]] GEO 차트 5개 처리 완료
[TradingView] TFII 브라우저 세션 시작  (로그인 세션)...
[TradingView] 1H 캡처 완료 (60)
[TradingView] 4H 캡처 완료 (240)
[TradingView] Daily 캡처 완료 (D)
[TradingView] Weekly 캡처 완료 (W)
[TradingView] Monthly 캡처 완료 (M)
[[NASDAQ/NYSE 차트분석]] TFII 차트 5개 처리 완료
[TradingView] ARCB 브라우저 세션 시작  (로그인 세션)...
[TradingView] 1H 캡처 완료 (60)
[TradingView] 4H 캡처 완료 (240)
[TradingView] Daily 캡처 완료 (D)
[TradingView] Weekly 캡처 완료 (W)
[TradingView] Monthly 캡처 완료 (M)
[[NASDAQ/NYSE 차트분석]] ARCB 차트 5개 처리 완료
[TradingView] ENVX 브라우저 세션 시작  (로그인 세션)...
[TradingView] 1H 캡처 완료 (60)
[TradingView] 4H 캡처 완료 (240)
[TradingView] Daily 캡처 완료 (D)
[TradingView] Weekly 캡처 완료 (W)
[TradingView] Monthly 캡처 완료 (M)
[[NASDAQ/NYSE 차트분석]] ENVX 차트 5개 처리 완료
[TradingView] NTLA 브라우저 세션 시작  (로그인 세션)...
[TradingView] 1H 캡처 완료 (60)
[TradingView] 4H 캡처 완료 (240)
[TradingView] Daily 캡처 완료 (D)
[TradingView] Weekly 캡처 완료 (W)
[TradingView] Monthly 캡처 완료 (M)
[[NASDAQ/NYSE 차트분석]] NTLA 차트 5개 처리 완료
[TradingView] ASPI 브라우저 세션 시작  (로그인 세션)...
[TradingView] 1H 캡처 완료 (60)
[TradingView] 4H 캡처 완료 (240)
[TradingView] Daily 캡처 완료 (D)
[TradingView] Weekly 캡처 완료 (W)
[TradingView] Monthly 캡처 완료 (M)
[[NASDAQ/NYSE 차트분석]] ASPI 차트 5개 처리 완료
[TradingView] PK 브라우저 세션 시작  (로그인 세션)...
[TradingView] 1H 캡처 완료 (60)
[TradingView] 4H 캡처 완료 (240)
[TradingView] Daily 캡처 완료 (D)
[TradingView] Weekly 캡처 완료 (W)
[TradingView] Monthly 캡처 완료 (M)
[[NASDAQ/NYSE 차트분석]] PK 차트 5개 처리 완료
[TradingView] GRPN 브라우저 세션 시작  (로그인 세션)...
[TradingView] 1H 캡처 완료 (60)
[TradingView] 4H 캡처 완료 (240)
[TradingView] Daily 캡처 완료 (D)
[TradingView] Weekly 캡처 완료 (W)
[TradingView] Monthly 캡처 완료 (M)
[[NASDAQ/NYSE 차트분석]] GRPN 차트 5개 처리 완료
[TradingView] CAR 브라우저 세션 시작  (로그인 세션)...
[TradingView] 1H 캡처 완료 (60)
[TradingView] 4H 캡처 완료 (240)
[TradingView] Daily 캡처 완료 (D)
[TradingView] Weekly 캡처 완료 (W)
[TradingView] Monthly 캡처 완료 (M)
[[NASDAQ/NYSE 차트분석]] CAR 차트 5개 처리 완료
[TradingView] SLNH 브라우저 세션 시작  (로그인 세션)...
[TradingView] 1H 캡처 완료 (60)
[TradingView] 4H 캡처 완료 (240)
[TradingView] Daily 캡처 완료 (D)
[TradingView] Weekly 캡처 완료 (W)
[TradingView] Monthly 캡처 완료 (M)
[[NASDAQ/NYSE 차트분석]] SLNH 차트 5개 처리 완료
[TradingView] KNX 브라우저 세션 시작  (로그인 세션)...
[TradingView] 1H 캡처 완료 (60)
[TradingView] 4H 캡처 완료 (240)
[TradingView] Daily 캡처 완료 (D)
[TradingView] Weekly 캡처 완료 (W)
[TradingView] Monthly 캡처 완료 (M)
[[NASDAQ/NYSE 차트분석]] KNX 차트 5개 처리 완료
[TradingView] ODFL 브라우저 세션 시작  (로그인 세션)...
[TradingView] 1H 캡처 완료 (60)
[TradingView] 4H 캡처 완료 (240)
[TradingView] Daily 캡처 완료 (D)
[TradingView] Weekly 캡처 완료 (W)
[TradingView] Monthly 캡처 완료 (M)
[[NASDAQ/NYSE 차트분석]] ODFL 차트 5개 처리 완료
[TradingView] R 브라우저 세션 시작  (로그인 세션)...
[TradingView] 1H 캡처 완료 (60)
[TradingView] 4H 캡처 완료 (240)
[TradingView] Daily 캡처 완료 (D)
[TradingView] Weekly 캡처 완료 (W)
[TradingView] Monthly 캡처 완료 (M)
[[NASDAQ/NYSE 차트분석]] R 차트 5개 처리 완료
[TradingView] LSTR 브라우저 세션 시작  (로그인 세션)...
[TradingView] 1H 캡처 완료 (60)
[TradingView] 4H 캡처 완료 (240)
[TradingView] Daily 캡처 완료 (D)
[TradingView] Weekly 캡처 완료 (W)
[TradingView] Monthly 캡처 완료 (M)
[[NASDAQ/NYSE 차트분석]] LSTR 차트 5개 처리 완료
[TradingView] SNDR 브라우저 세션 시작  (로그인 세션)...
[TradingView] 1H 캡처 완료 (60)
[TradingView] 4H 캡처 완료 (240)
[TradingView] Daily 캡처 완료 (D)
[TradingView] Weekly 캡처 완료 (W)
[TradingView] Monthly 캡처 완료 (M)
[[NASDAQ/NYSE 차트분석]] SNDR 차트 5개 처리 완료
[TradingView] WERN 브라우저 세션 시작  (로그인 세션)...
[TradingView] 1H 캡처 완료 (60)
[TradingView] 4H 캡처 완료 (240)
[TradingView] Daily 캡처 완료 (D)
[TradingView] Weekly 캡처 완료 (W)
[TradingView] Monthly 캡처 완료 (M)
[[NASDAQ/NYSE 차트분석]] WERN 차트 5개 처리 완료
[TradingView] SOC 브라우저 세션 시작  (로그인 세션)...
[TradingView] 1H 캡처 완료 (60)
[TradingView] 4H 캡처 완료 (240)
[TradingView] Daily 캡처 완료 (D)
[TradingView] Weekly 캡처 완료 (W)
[TradingView] Monthly 캡처 완료 (M)
[[NASDAQ/NYSE 차트분석]] SOC 차트 5개 처리 완료
[TradingView] LAC 브라우저 세션 시작  (로그인 세션)...
[TradingView] 1H 캡처 완료 (60)
[TradingView] 4H 캡처 완료 (240)
[TradingView] Daily 캡처 완료 (D)
[TradingView] Weekly 캡처 완료 (W)
[TradingView] Monthly 캡처 완료 (M)
[[NASDAQ/NYSE 차트분석]] LAC 차트 5개 처리 완료
[TradingView] APPS 브라우저 세션 시작  (로그인 세션)...
[TradingView] 1H 캡처 완료 (60)
[TradingView] 4H 캡처 완료 (240)
[TradingView] Daily 캡처 완료 (D)
[TradingView] Weekly 캡처 완료 (W)
[TradingView] Monthly 캡처 완료 (M)
[[NASDAQ/NYSE 차트분석]] APPS 차트 5개 처리 완료
[TradingView] HUM 브라우저 세션 시작  (로그인 세션)...
[TradingView] 1H 캡처 완료 (60)
[TradingView] 4H 캡처 완료 (240)
[TradingView] Daily 캡처 완료 (D)
[TradingView] Weekly 캡처 완료 (W)
[TradingView] Monthly 캡처 완료 (M)
[[NASDAQ/NYSE 차트분석]] HUM 차트 5개 처리 완료
[TradingView] QURE 브라우저 세션 시작  (로그인 세션)...
[TradingView] 1H 캡처 완료 (60)
[TradingView] 4H 캡처 완료 (240)
[TradingView] Daily 캡처 완료 (D)
[TradingView] Weekly 캡처 완료 (W)
[TradingView] Monthly 캡처 완료 (M)
[[NASDAQ/NYSE 차트분석]] QURE 차트 5개 처리 완료
[TradingView] MNTS 브라우저 세션 시작  (로그인 세션)...
[TradingView] 1H 캡처 완료 (60)
[TradingView] 4H 캡처 완료 (240)
[TradingView] Daily 캡처 완료 (D)
[TradingView] Weekly 캡처 완료 (W)
[TradingView] Monthly 캡처 완료 (M)
[[NASDAQ/NYSE 차트분석]] MNTS 차트 5개 처리 완료
[TradingView] TMHC 브라우저 세션 시작  (로그인 세션)...
[TradingView] 1H 캡처 완료 (60)
[TradingView] 4H 캡처 완료 (240)
[TradingView] Daily 캡처 완료 (D)
[TradingView] Weekly 캡처 완료 (W)
[TradingView] Monthly 캡처 완료 (M)
[[NASDAQ/NYSE 차트분석]] TMHC 차트 5개 처리 완료
[TradingView] LEU 브라우저 세션 시작  (로그인 세션)...
[TradingView] 1H 캡처 완료 (60)
[TradingView] 4H 캡처 완료 (240)
[TradingView] Daily 캡처 완료 (D)
[TradingView] Weekly 캡처 완료 (W)
[TradingView] Monthly 캡처 완료 (M)
[[NASDAQ/NYSE 차트분석]] LEU 차트 5개 처리 완료
[TradingView] VXX 브라우저 세션 시작  (로그인 세션)...
[TradingView] 1H 캡처 완료 (60)
[TradingView] 4H 캡처 완료 (240)
[TradingView] Daily 캡처 완료 (D)
[TradingView] Weekly 캡처 완료 (W)
[TradingView] Monthly 캡처 완료 (M)
[[NASDAQ/NYSE 차트분석]] VXX 차트 5개 처리 완료
[TradingView] BRBR 브라우저 세션 시작  (로그인 세션)...
[TradingView] 1H 캡처 완료 (60)
[TradingView] 4H 캡처 완료 (240)
[TradingView] Daily 캡처 완료 (D)
[TradingView] Weekly 캡처 완료 (W)
[TradingView] Monthly 캡처 완료 (M)
[[NASDAQ/NYSE 차트분석]] BRBR 차트 5개 처리 완료
[TradingView] BMNR 브라우저 세션 시작  (로그인 세션)...
[TradingView] 1H 캡처 완료 (60)
[TradingView] 4H 캡처 완료 (240)
[TradingView] Daily 캡처 완료 (D)
[TradingView] Weekly 캡처 완료 (W)
[TradingView] Monthly 캡처 완료 (M)
[[NASDAQ/NYSE 차트분석]] BMNR 차트 5개 처리 완료
[[NASDAQ/NYSE 차트분석]] 차트 캡처 완료
[[NASDAQ/NYSE 차트분석]] GitHub에 차트 이미지 푸시 중...
[main 5ba2351] Update NASDAQ/NYSE chart screenshots 1781075984
 820 files changed, 0 insertions(+), 0 deletions(-)
 delete mode 100644 charts/screenshots_nasdaq/ABAT/ABAT_1H_20260609_064450.png
 create mode 100644 charts/screenshots_nasdaq/ABAT/ABAT_1H_20260610_064553.png
 delete mode 100644 charts/screenshots_nasdaq/ABAT/ABAT_4H_20260609_064450.png
 create mode 100644 charts/screenshots_nasdaq/ABAT/ABAT_4H_20260610_064553.png
 delete mode 100644 charts/screenshots_nasdaq/ABAT/ABAT_Daily_20260609_064450.png
 create mode 100644 charts/screenshots_nasdaq/ABAT/ABAT_Daily_20260610_064553.png
 delete mode 100644 charts/screenshots_nasdaq/ABAT/ABAT_Monthly_20260609_064450.png
 create mode 100644 charts/screenshots_nasdaq/ABAT/ABAT_Monthly_20260610_064553.png
 delete mode 100644 charts/screenshots_nasdaq/ABAT/ABAT_Weekly_20260609_064450.png
 create mode 100644 charts/screenshots_nasdaq/ABAT/ABAT_Weekly_20260610_064553.png
 delete mode 100644 charts/screenshots_nasdaq/ACHR/ACHR_1H_20260609_072704.png
 delete mode 100644 charts/screenshots_nasdaq/ACHR/ACHR_4H_20260609_072704.png
 delete mode 100644 charts/screenshots_nasdaq/ACHR/ACHR_Daily_20260609_072704.png
 delete mode 100644 charts/screenshots_nasdaq/ACHR/ACHR_Monthly_20260609_072704.png
 delete mode 100644 charts/screenshots_nasdaq/ACHR/ACHR_Weekly_20260609_072704.png
 delete mode 100644 charts/screenshots_nasdaq/AKTX/AKTX_1H_20260609_070948.png
 delete mode 100644 charts/screenshots_nasdaq/AKTX/AKTX_4H_20260609_070948.png
 delete mode 100644 charts/screenshots_nasdaq/AKTX/AKTX_Daily_20260609_070948.png
 delete mode 100644 charts/screenshots_nasdaq/AKTX/AKTX_Monthly_20260609_070948.png
 delete mode 100644 charts/screenshots_nasdaq/AKTX/AKTX_Weekly_20260609_070948.png
 delete mode 100644 charts/screenshots_nasdaq/AMPG/AMPG_1H_20260609_064648.png
 create mode 100644 charts/screenshots_nasdaq/AMPG/AMPG_1H_20260610_064753.png
 delete mode 100644 charts/screenshots_nasdaq/AMPG/AMPG_4H_20260609_064648.png
 create mode 100644 charts/screenshots_nasdaq/AMPG/AMPG_4H_20260610_064753.png
 delete mode 100644 charts/screenshots_nasdaq/AMPG/AMPG_Daily_20260609_064648.png
 create mode 100644 charts/screenshots_nasdaq/AMPG/AMPG_Daily_20260610_064753.png
 delete mode 100644 charts/screenshots_nasdaq/AMPG/AMPG_Monthly_20260609_064648.png
 create mode 100644 charts/screenshots_nasdaq/AMPG/AMPG_Monthly_20260610_064753.png
 delete mode 100644 charts/screenshots_nasdaq/AMPG/AMPG_Weekly_20260609_064648.png
 create mode 100644 charts/screenshots_nasdaq/AMPG/AMPG_Weekly_20260610_064753.png
 delete mode 100644 charts/screenshots_nasdaq/ANY/ANY_1H_20260609_070232.png
 delete mode 100644 charts/screenshots_nasdaq/ANY/ANY_4H_20260609_070232.png
 delete mode 100644 charts/screenshots_nasdaq/ANY/ANY_Daily_20260609_070232.png
 delete mode 100644 charts/screenshots_nasdaq/ANY/ANY_Monthly_20260609_070232.png
 delete mode 100644 charts/screenshots_nasdaq/ANY/ANY_Weekly_20260609_070232.png
 delete mode 100644 charts/screenshots_nasdaq/APPS/APPS_1H_20260609_070113.png
 create mode 100644 charts/screenshots_nasdaq/APPS/APPS_1H_20260610_071345.png
 delete mode 100644 charts/screenshots_nasdaq/APPS/APPS_4H_20260609_070113.png
 create mode 100644 charts/screenshots_nasdaq/APPS/APPS_4H_20260610_071345.png
 delete mode 100644 charts/screenshots_nasdaq/APPS/APPS_Daily_20260609_070113.png
 create mode 100644 charts/screenshots_nasdaq/APPS/APPS_Daily_20260610_071345.png
 delete mode 100644 charts/screenshots_nasdaq/APPS/APPS_Monthly_20260609_070113.png
 create mode 100644 charts/screenshots_nasdaq/APPS/APPS_Monthly_20260610_071345.png
 delete mode 100644 charts/screenshots_nasdaq/APPS/APPS_Weekly_20260609_070113.png
 create mode 100644 charts/screenshots_nasdaq/APPS/APPS_Weekly_20260610_071345.png
 delete mode 100644 charts/screenshots_nasdaq/ARCB/ARCB_1H_20260609_064847.png
 create mode 100644 charts/screenshots_nasdaq/ARCB/ARCB_1H_20260610_070311.png
 delete mode 100644 charts/screenshots_nasdaq/ARCB/ARCB_4H_20260609_064847.png
 create mode 100644 charts/screenshots_nasdaq/ARCB/ARCB_4H_20260610_070311.png
 delete mode 100644 charts/screenshots_nasdaq/ARCB/ARCB_Daily_20260609_064847.png
 create mode 100644 charts/screenshots_nasdaq/ARCB/ARCB_Daily_20260610_070311.png
 delete mode 100644 charts/screenshots_nasdaq/ARCB/ARCB_Monthly_20260609_064847.png
 create mode 100644 charts/screenshots_nasdaq/ARCB/ARCB_Monthly_20260610_070311.png
 delete mode 100644 charts/screenshots_nasdaq/ARCB/ARCB_Weekly_20260609_064847.png
 create mode 100644 charts/screenshots_nasdaq/ARCB/ARCB_Weekly_20260610_070311.png
 delete mode 100644 charts/screenshots_nasdaq/ASPI/ASPI_1H_20260609_064134.png
 create mode 100644 charts/screenshots_nasdaq/ASPI/ASPI_1H_20260610_070509.png
 delete mode 100644 charts/screenshots_nasdaq/ASPI/ASPI_4H_20260609_064134.png
 create mode 100644 charts/screenshots_nasdaq/ASPI/ASPI_4H_20260610_070509.png
 delete mode 100644 charts/screenshots_nasdaq/ASPI/ASPI_Daily_20260609_064134.png
 create mode 100644 charts/screenshots_nasdaq/ASPI/ASPI_Daily_20260610_070509.png
 delete mode 100644 charts/screenshots_nasdaq/ASPI/ASPI_Monthly_20260609_064134.png
 create mode 100644 charts/screenshots_nasdaq/ASPI/ASPI_Monthly_20260610_070509.png
 delete mode 100644 charts/screenshots_nasdaq/ASPI/ASPI_Weekly_20260609_064134.png
 create mode 100644 charts/screenshots_nasdaq/ASPI/ASPI_Weekly_20260610_070509.png
 delete mode 100644 charts/screenshots_nasdaq/BBAI/BBAI_1H_20260609_071944.png
 delete mode 100644 charts/screenshots_nasdaq/BBAI/BBAI_4H_20260609_071944.png
 delete mode 100644 charts/screenshots_nasdaq/BBAI/BBAI_Daily_20260609_071944.png
 delete mode 100644 charts/screenshots_nasdaq/BBAI/BBAI_Monthly_20260609_071944.png
 delete mode 100644 charts/screenshots_nasdaq/BBAI/BBAI_Weekly_20260609_071944.png
 delete mode 100644 charts/screenshots_nasdaq/BFAM/BFAM_1H_20260609_073222.png
 delete mode 100644 charts/screenshots_nasdaq/BFAM/BFAM_4H_20260609_073222.png
 delete mode 100644 charts/screenshots_nasdaq/BFAM/BFAM_Daily_20260609_073222.png
 delete mode 100644 charts/screenshots_nasdaq/BFAM/BFAM_Monthly_20260609_073222.png
 delete mode 100644 charts/screenshots_nasdaq/BFAM/BFAM_Weekly_20260609_073222.png
 delete mode 100644 charts/screenshots_nasdaq/BILI/BILI_1H_20260609_074538.png
 delete mode 100644 charts/screenshots_nasdaq/BILI/BILI_4H_20260609_074538.png
 delete mode 100644 charts/screenshots_nasdaq/BILI/BILI_Daily_20260609_074538.png
 delete mode 100644 charts/screenshots_nasdaq/BILI/BILI_Monthly_20260609_074538.png
 delete mode 100644 charts/screenshots_nasdaq/BILI/BILI_Weekly_20260609_074538.png
 delete mode 100644 charts/screenshots_nasdaq/BLDR/BLDR_1H_20260609_075016.png
 delete mode 100644 charts/screenshots_nasdaq/BLDR/BLDR_4H_20260609_075016.png
 delete mode 100644 charts/screenshots_nasdaq/BLDR/BLDR_Daily_20260609_075016.png
 delete mode 100644 charts/screenshots_nasdaq/BLDR/BLDR_Monthly_20260609_075016.png
 delete mode 100644 charts/screenshots_nasdaq/BLDR/BLDR_Weekly_20260609_075016.png
 delete mode 100644 charts/screenshots_nasdaq/BLSH/BLSH_1H_20260609_074021.png
 delete mode 100644 charts/screenshots_nasdaq/BLSH/BLSH_4H_20260609_074021.png
 delete mode 100644 charts/screenshots_nasdaq/BLSH/BLSH_Daily_20260609_074021.png
 delete mode 100644 charts/screenshots_nasdaq/BLSH/BLSH_Monthly_20260609_074021.png
 delete mode 100644 charts/screenshots_nasdaq/BLSH/BLSH_Weekly_20260609_074021.png
 delete mode 100644 charts/screenshots_nasdaq/BMNR/BMNR_1H_20260609_073902.png
 create mode 100644 charts/screenshots_nasdaq/BMNR/BMNR_1H_20260610_071901.png
 delete mode 100644 charts/screenshots_nasdaq/BMNR/BMNR_4H_20260609_073902.png
 create mode 100644 charts/screenshots_nasdaq/BMNR/BMNR_4H_20260610_071901.png
 delete mode 100644 charts/screenshots_nasdaq/BMNR/BMNR_Daily_20260609_073902.png
 create mode 100644 charts/screenshots_nasdaq/BMNR/BMNR_Daily_20260610_071901.png
 delete mode 100644 charts/screenshots_nasdaq/BMNR/BMNR_Monthly_20260609_073902.png
 create mode 100644 charts/screenshots_nasdaq/BMNR/BMNR_Monthly_20260610_071901.png
 delete mode 100644 charts/screenshots_nasdaq/BMNR/BMNR_Weekly_20260609_073902.png
 create mode 100644 charts/screenshots_nasdaq/BMNR/BMNR_Weekly_20260610_071901.png
 delete mode 100644 charts/screenshots_nasdaq/BRBR/BRBR_1H_20260609_072424.png
 create mode 100644 charts/screenshots_nasdaq/BRBR/BRBR_1H_20260610_071821.png
 delete mode 100644 charts/screenshots_nasdaq/BRBR/BRBR_4H_20260609_072424.png
 create mode 100644 charts/screenshots_nasdaq/BRBR/BRBR_4H_20260610_071821.png
 delete mode 100644 charts/screenshots_nasdaq/BRBR/BRBR_Daily_20260609_072424.png
 create mode 100644 charts/screenshots_nasdaq/BRBR/BRBR_Daily_20260610_071821.png
 delete mode 100644 charts/screenshots_nasdaq/BRBR/BRBR_Monthly_20260609_072424.png
 create mode 100644 charts/screenshots_nasdaq/BRBR/BRBR_Monthly_20260610_071821.png
 delete mode 100644 charts/screenshots_nasdaq/BRBR/BRBR_Weekly_20260609_072424.png
 create mode 100644 charts/screenshots_nasdaq/BRBR/BRBR_Weekly_20260610_071821.png
 delete mode 100644 charts/screenshots_nasdaq/BSX/BSX_1H_20260609_073422.png
 delete mode 100644 charts/screenshots_nasdaq/BSX/BSX_4H_20260609_073422.png
 delete mode 100644 charts/screenshots_nasdaq/BSX/BSX_Daily_20260609_073422.png
 delete mode 100644 charts/screenshots_nasdaq/BSX/BSX_Monthly_20260609_073422.png
 delete mode 100644 charts/screenshots_nasdaq/BSX/BSX_Weekly_20260609_073422.png
 delete mode 100644 charts/screenshots_nasdaq/BTBT/BTBT_1H_20260609_071745.png
 delete mode 100644 charts/screenshots_nasdaq/BTBT/BTBT_4H_20260609_071745.png
 delete mode 100644 charts/screenshots_nasdaq/BTBT/BTBT_Daily_20260609_071745.png
 delete mode 100644 charts/screenshots_nasdaq/BTBT/BTBT_Monthly_20260609_071745.png
 delete mode 100644 charts/screenshots_nasdaq/BTBT/BTBT_Weekly_20260609_071745.png
 delete mode 100644 charts/screenshots_nasdaq/BULL/BULL_1H_20260609_074100.png
 delete mode 100644 charts/screenshots_nasdaq/BULL/BULL_4H_20260609_074100.png
 delete mode 100644 charts/screenshots_nasdaq/BULL/BULL_Daily_20260609_074100.png
 delete mode 100644 charts/screenshots_nasdaq/BULL/BULL_Monthly_20260609_074100.png
 delete mode 100644 charts/screenshots_nasdaq/BULL/BULL_Weekly_20260609_074100.png
 delete mode 100644 charts/screenshots_nasdaq/BWA/BWA_1H_20260609_065241.png
 create mode 100644 charts/screenshots_nasdaq/BWA/BWA_1H_20260610_065434.png
 delete mode 100644 charts/screenshots_nasdaq/BWA/BWA_4H_20260609_065241.png
 create mode 100644 charts/screenshots_nasdaq/BWA/BWA_4H_20260610_065434.png
 delete mode 100644 charts/screenshots_nasdaq/BWA/BWA_Daily_20260609_065241.png
 create mode 100644 charts/screenshots_nasdaq/BWA/BWA_Daily_20260610_065434.png
 delete mode 100644 charts/screenshots_nasdaq/BWA/BWA_Monthly_20260609_065241.png
 create mode 100644 charts/screenshots_nasdaq/BWA/BWA_Monthly_20260610_065434.png
 delete mode 100644 charts/screenshots_nasdaq/BWA/BWA_Weekly_20260609_065241.png
 create mode 100644 charts/screenshots_nasdaq/BWA/BWA_Weekly_20260610_065434.png
 delete mode 100644 charts/screenshots_nasdaq/CAR/CAR_1H_20260609_070709.png
 create mode 100644 charts/screenshots_nasdaq/CAR/CAR_1H_20260610_070709.png
 delete mode 100644 charts/screenshots_nasdaq/CAR/CAR_4H_20260609_070709.png
 create mode 100644 charts/screenshots_nasdaq/CAR/CAR_4H_20260610_070709.png
 delete mode 100644 charts/screenshots_nasdaq/CAR/CAR_Daily_20260609_070709.png
 create mode 100644 charts/screenshots_nasdaq/CAR/CAR_Daily_20260610_070709.png
 delete mode 100644 charts/screenshots_nasdaq/CAR/CAR_Monthly_20260609_070709.png
 create mode 100644 charts/screenshots_nasdaq/CAR/CAR_Monthly_20260610_070709.png
 delete mode 100644 charts/screenshots_nasdaq/CAR/CAR_Weekly_20260609_070709.png
 create mode 100644 charts/screenshots_nasdaq/CAR/CAR_Weekly_20260610_070709.png
 delete mode 100644 charts/screenshots_nasdaq/CBRL/CBRL_1H_20260609_065755.png
 create mode 100644 charts/screenshots_nasdaq/CBRL/CBRL_1H_20260610_065314.png
 delete mode 100644 charts/screenshots_nasdaq/CBRL/CBRL_4H_20260609_065755.png
 create mode 100644 charts/screenshots_nasdaq/CBRL/CBRL_4H_20260610_065314.png
 delete mode 100644 charts/screenshots_nasdaq/CBRL/CBRL_Daily_20260609_065755.png
 create mode 100644 charts/screenshots_nasdaq/CBRL/CBRL_Daily_20260610_065314.png
 delete mode 100644 charts/screenshots_nasdaq/CBRL/CBRL_Monthly_20260609_065755.png
 create mode 100644 charts/screenshots_nasdaq/CBRL/CBRL_Monthly_20260610_065314.png
 delete mode 100644 charts/screenshots_nasdaq/CBRL/CBRL_Weekly_20260609_065755.png
 create mode 100644 charts/screenshots_nasdaq/CBRL/CBRL_Weekly_20260610_065314.png
 delete mode 100644 charts/screenshots_nasdaq/CHTR/CHTR_1H_20260609_073502.png
 delete mode 100644 charts/screenshots_nasdaq/CHTR/CHTR_4H_20260609_073502.png
 delete mode 100644 charts/screenshots_nasdaq/CHTR/CHTR_Daily_20260609_073502.png
 delete mode 100644 charts/screenshots_nasdaq/CHTR/CHTR_Monthly_20260609_073502.png
 delete mode 100644 charts/screenshots_nasdaq/CHTR/CHTR_Weekly_20260609_073502.png
 delete mode 100644 charts/screenshots_nasdaq/CHWY/CHWY_1H_20260609_073301.png
 delete mode 100644 charts/screenshots_nasdaq/CHWY/CHWY_4H_20260609_073301.png
 delete mode 100644 charts/screenshots_nasdaq/CHWY/CHWY_Daily_20260609_073301.png
 delete mode 100644 charts/screenshots_nasdaq/CHWY/CHWY_Monthly_20260609_073301.png
 delete mode 100644 charts/screenshots_nasdaq/CHWY/CHWY_Weekly_20260609_073301.png
 delete mode 100644 charts/screenshots_nasdaq/CHYM/CHYM_1H_20260609_072624.png
 delete mode 100644 charts/screenshots_nasdaq/CHYM/CHYM_4H_20260609_072624.png
 delete mode 100644 charts/screenshots_nasdaq/CHYM/CHYM_Daily_20260609_072624.png
 delete mode 100644 charts/screenshots_nasdaq/CHYM/CHYM_Monthly_20260609_072624.png
 delete mode 100644 charts/screenshots_nasdaq/CHYM/CHYM_Weekly_20260609_072624.png
 delete mode 100644 charts/screenshots_nasdaq/CNC/CNC_1H_20260609_065637.png
 create mode 100644 charts/screenshots_nasdaq/CNC/CNC_1H_20260610_065513.png
 delete mode 100644 charts/screenshots_nasdaq/CNC/CNC_4H_20260609_065637.png
 create mode 100644 charts/screenshots_nasdaq/CNC/CNC_4H_20260610_065513.png
 delete mode 100644 charts/screenshots_nasdaq/CNC/CNC_Daily_20260609_065637.png
 create mode 100644 charts/screenshots_nasdaq/CNC/CNC_Daily_20260610_065513.png
 delete mode 100644 charts/screenshots_nasdaq/CNC/CNC_Monthly_20260609_065637.png
 create mode 100644 charts/screenshots_nasdaq/CNC/CNC_Monthly_20260610_065513.png
 delete mode 100644 charts/screenshots_nasdaq/CNC/CNC_Weekly_20260609_065637.png
 create mode 100644 charts/screenshots_nasdaq/CNC/CNC_Weekly_20260610_065513.png
 delete mode 100644 charts/screenshots_nasdaq/CODX/CODX_1H_20260609_072024.png
 delete mode 100644 charts/screenshots_nasdaq/CODX/CODX_4H_20260609_072024.png
 delete mode 100644 charts/screenshots_nasdaq/CODX/CODX_Daily_20260609_072024.png
 delete mode 100644 charts/screenshots_nasdaq/CODX/CODX_Monthly_20260609_072024.png
 delete mode 100644 charts/screenshots_nasdaq/CODX/CODX_Weekly_20260609_072024.png
 delete mode 100644 charts/screenshots_nasdaq/COIN/COIN_1H_20260609_074140.png
 delete mode 100644 charts/screenshots_nasdaq/COIN/COIN_4H_20260609_074140.png
 delete mode 100644 charts/screenshots_nasdaq/COIN/COIN_Daily_20260609_074140.png
 delete mode 100644 charts/screenshots_nasdaq/COIN/COIN_Monthly_20260609_074140.png
 delete mode 100644 charts/screenshots_nasdaq/COIN/COIN_Weekly_20260609_074140.png
 delete mode 100644 charts/screenshots_nasdaq/CPNG/CPNG_1H_20260609_072504.png
 delete mode 100644 charts/screenshots_nasdaq/CPNG/CPNG_4H_20260609_072504.png
 delete mode 100644 charts/screenshots_nasdaq/CPNG/CPNG_Daily_20260609_072504.png
 delete mode 100644 charts/screenshots_nasdaq/CPNG/CPNG_Monthly_20260609_072504.png
 delete mode 100644 charts/screenshots_nasdaq/CPNG/CPNG_Weekly_20260609_072504.png
 delete mode 100644 charts/screenshots_nasdaq/CRCL/CRCL_1H_20260609_072304.png
 delete mode 100644 charts/screenshots_nasdaq/CRCL/CRCL_4H_20260609_072304.png
 delete mode 100644 charts/screenshots_nasdaq/CRCL/CRCL_Daily_20260609_072304.png
 delete mode 100644 charts/screenshots_nasdaq/CRCL/CRCL_Monthly_20260609_072304.png
 delete mode 100644 charts/screenshots_nasdaq/CRCL/CRCL_Weekly_20260609_072304.png
 delete mode 100644 charts/screenshots_nasdaq/CRML/CRML_1H_20260609_071146.png
 delete mode 100644 charts/screenshots_nasdaq/CRML/CRML_4H_20260609_071146.png
 delete mode 100644 charts/screenshots_nasdaq/CRML/CRML_Daily_20260609_071146.png
 delete mode 100644 charts/screenshots_nasdaq/CRML/CRML_Monthly_20260609_071146.png
 delete mode 100644 charts/screenshots_nasdaq/CRML/CRML_Weekly_20260609_071146.png
 delete mode 100644 charts/screenshots_nasdaq/CROX/CROX_1H_20260609_065004.png
 create mode 100644 charts/screenshots_nasdaq/CROX/CROX_1H_20260610_064833.png
 delete mode 100644 charts/screenshots_nasdaq/CROX/CROX_4H_20260609_065004.png
 create mode 100644 charts/screenshots_nasdaq/CROX/CROX_4H_20260610_064833.png
 delete mode 100644 charts/screenshots_nasdaq/CROX/CROX_Daily_20260609_065004.png
 create mode 100644 charts/screenshots_nasdaq/CROX/CROX_Daily_20260610_064833.png
 delete mode 100644 charts/screenshots_nasdaq/CROX/CROX_Monthly_20260609_065004.png
 create mode 100644 charts/screenshots_nasdaq/CROX/CROX_Monthly_20260610_064833.png
 delete mode 100644 charts/screenshots_nasdaq/CROX/CROX_Weekly_20260609_065004.png
 create mode 100644 charts/screenshots_nasdaq/CROX/CROX_Weekly_20260610_064833.png
 delete mode 100644 charts/screenshots_nasdaq/CRS/CRS_1H_20260609_065835.png
 create mode 100644 charts/screenshots_nasdaq/CRS/CRS_1H_20260610_064633.png
 delete mode 100644 charts/screenshots_nasdaq/CRS/CRS_4H_20260609_065835.png
 create mode 100644 charts/screenshots_nasdaq/CRS/CRS_4H_20260610_064633.png
 delete mode 100644 charts/screenshots_nasdaq/CRS/CRS_Daily_20260609_065835.png
 create mode 100644 charts/screenshots_nasdaq/CRS/CRS_Daily_20260610_064633.png
 delete mode 100644 charts/screenshots_nasdaq/CRS/CRS_Monthly_20260609_065835.png
 create mode 100644 charts/screenshots_nasdaq/CRS/CRS_Monthly_20260610_064633.png
 delete mode 100644 charts/screenshots_nasdaq/CRS/CRS_Weekly_20260609_065835.png
 create mode 100644 charts/screenshots_nasdaq/CRS/CRS_Weekly_20260610_064633.png
 delete mode 100644 charts/screenshots_nasdaq/DUOL/DUOL_1H_20260609_071106.png
 delete mode 100644 charts/screenshots_nasdaq/DUOL/DUOL_4H_20260609_071106.png
 delete mode 100644 charts/screenshots_nasdaq/DUOL/DUOL_Daily_20260609_071106.png
 delete mode 100644 charts/screenshots_nasdaq/DUOL/DUOL_Monthly_20260609_071106.png
 delete mode 100644 charts/screenshots_nasdaq/DUOL/DUOL_Weekly_20260609_071106.png
 delete mode 100644 charts/screenshots_nasdaq/ELF/ELF_1H_20260609_075056.png
 delete mode 100644 charts/screenshots_nasdaq/ELF/ELF_4H_20260609_075056.png
 delete mode 100644 charts/screenshots_nasdaq/ELF/ELF_Daily_20260609_075056.png
 delete mode 100644 charts/screenshots_nasdaq/ELF/ELF_Monthly_20260609_075056.png
 delete mode 100644 charts/screenshots_nasdaq/ELF/ELF_Weekly_20260609_075056.png
 delete mode 100644 charts/screenshots_nasdaq/ENVX/ENVX_1H_20260609_064608.png
 create mode 100644 charts/screenshots_nasdaq/ENVX/ENVX_1H_20260610_070350.png
 delete mode 100644 charts/screenshots_nasdaq/ENVX/ENVX_4H_20260609_064608.png
 create mode 100644 charts/screenshots_nasdaq/ENVX/ENVX_4H_20260610_070350.png
 delete mode 100644 charts/screenshots_nasdaq/ENVX/ENVX_Daily_20260609_064608.png
 create mode 100644 charts/screenshots_nasdaq/ENVX/ENVX_Daily_20260610_070350.png
 delete mode 100644 charts/screenshots_nasdaq/ENVX/ENVX_Monthly_20260609_064608.png
 create mode 100644 charts/screenshots_nasdaq/ENVX/ENVX_Monthly_20260610_070350.png
 delete mode 100644 charts/screenshots_nasdaq/ENVX/ENVX_Weekly_20260609_064608.png
 create mode 100644 charts/screenshots_nasdaq/ENVX/ENVX_Weekly_20260610_070350.png
 delete mode 100644 charts/screenshots_nasdaq/EOSE/EOSE_1H_20260609_072344.png
 delete mode 100644 charts/screenshots_nasdaq/EOSE/EOSE_4H_20260609_072344.png
 delete mode 100644 charts/screenshots_nasdaq/EOSE/EOSE_Daily_20260609_072344.png
 delete mode 100644 charts/screenshots_nasdaq/EOSE/EOSE_Monthly_20260609_072344.png
 delete mode 100644 charts/screenshots_nasdaq/EOSE/EOSE_Weekly_20260609_072344.png
 delete mode 100644 charts/screenshots_nasdaq/EXTR/EXTR_1H_20260609_065320.png
 create mode 100644 charts/screenshots_nasdaq/EXTR/EXTR_1H_20260610_065553.png
 delete mode 100644 charts/screenshots_nasdaq/EXTR/EXTR_4H_20260609_065320.png
 create mode 100644 charts/screenshots_nasdaq/EXTR/EXTR_4H_20260610_065553.png
 delete mode 100644 charts/screenshots_nasdaq/EXTR/EXTR_Daily_20260609_065320.png
 create mode 100644 charts/screenshots_nasdaq/EXTR/EXTR_Daily_20260610_065553.png
 delete mode 100644 charts/screenshots_nasdaq/EXTR/EXTR_Monthly_20260609_065320.png
 create mode 100644 charts/screenshots_nasdaq/EXTR/EXTR_Monthly_20260610_065553.png
 delete mode 100644 charts/screenshots_nasdaq/EXTR/EXTR_Weekly_20260609_065320.png
 create mode 100644 charts/screenshots_nasdaq/EXTR/EXTR_Weekly_20260610_065553.png
 delete mode 100644 charts/screenshots_nasdaq/FROG/FROG_1H_20260609_065400.png
 create mode 100644 charts/screenshots_nasdaq/FROG/FROG_1H_20260610_065633.png
 delete mode 100644 charts/screenshots_nasdaq/FROG/FROG_4H_20260609_065400.png
 create mode 100644 charts/screenshots_nasdaq/FROG/FROG_4H_20260610_065633.png
 delete mode 100644 charts/screenshots_nasdaq/FROG/FROG_Daily_20260609_065400.png
 create mode 100644 charts/screenshots_nasdaq/FROG/FROG_Daily_20260610_065633.png
 delete mode 100644 charts/screenshots_nasdaq/FROG/FROG_Monthly_20260609_065400.png
 create mode 100644 charts/screenshots_nasdaq/FROG/FROG_Monthly_20260610_065633.png
 delete mode 100644 charts/screenshots_nasdaq/FROG/FROG_Weekly_20260609_065400.png
 create mode 100644 charts/screenshots_nasdaq/FROG/FROG_Weekly_20260610_065633.png
 delete mode 100644 charts/screenshots_nasdaq/GENI/GENI_1H_20260609_070629.png
 delete mode 100644 charts/screenshots_nasdaq/GENI/GENI_4H_20260609_070629.png
 delete mode 100644 charts/screenshots_nasdaq/GENI/GENI_Daily_20260609_070629.png
 delete mode 100644 charts/screenshots_nasdaq/GENI/GENI_Monthly_20260609_070629.png
 delete mode 100644 charts/screenshots_nasdaq/GENI/GENI_Weekly_20260609_070629.png
 delete mode 100644 charts/screenshots_nasdaq/GEO/GEO_1H_20260609_064807.png
 create mode 100644 charts/screenshots_nasdaq/GEO/GEO_1H_20260610_070152.png
 delete mode 100644 charts/screenshots_nasdaq/GEO/GEO_4H_20260609_064807.png
 create mode 100644 charts/screenshots_nasdaq/GEO/GEO_4H_20260610_070152.png
 delete mode 100644 charts/screenshots_nasdaq/GEO/GEO_Daily_20260609_064807.png
 create mode 100644 charts/screenshots_nasdaq/GEO/GEO_Daily_20260610_070152.png
 delete mode 100644 charts/screenshots_nasdaq/GEO/GEO_Monthly_20260609_064807.png
 create mode 100644 charts/screenshots_nasdaq/GEO/GEO_Monthly_20260610_070152.png
 delete mode 100644 charts/screenshots_nasdaq/GEO/GEO_Weekly_20260609_064807.png
 create mode 100644 charts/screenshots_nasdaq/GEO/GEO_Weekly_20260610_070152.png
 delete mode 100644 charts/screenshots_nasdaq/GRPN/GRPN_1H_20260609_070033.png
 create mode 100644 charts/screenshots_nasdaq/GRPN/GRPN_1H_20260610_070628.png
 delete mode 100644 charts/screenshots_nasdaq/GRPN/GRPN_4H_20260609_070033.png
 create mode 100644 charts/screenshots_nasdaq/GRPN/GRPN_4H_20260610_070628.png
 delete mode 100644 charts/screenshots_nasdaq/GRPN/GRPN_Daily_20260609_070033.png
 create mode 100644 charts/screenshots_nasdaq/GRPN/GRPN_Daily_20260610_070628.png
 delete mode 100644 charts/screenshots_nasdaq/GRPN/GRPN_Monthly_20260609_070033.png
 create mode 100644 charts/screenshots_nasdaq/GRPN/GRPN_Monthly_20260610_070628.png
 delete mode 100644 charts/screenshots_nasdaq/GRPN/GRPN_Weekly_20260609_070033.png
 create mode 100644 charts/screenshots_nasdaq/GRPN/GRPN_Weekly_20260610_070628.png
 delete mode 100644 charts/screenshots_nasdaq/GT/GT_1H_20260609_074618.png
 delete mode 100644 charts/screenshots_nasdaq/GT/GT_4H_20260609_074618.png
 delete mode 100644 charts/screenshots_nasdaq/GT/GT_Daily_20260609_074618.png
 delete mode 100644 charts/screenshots_nasdaq/GT/GT_Monthly_20260609_074618.png
 delete mode 100644 charts/screenshots_nasdaq/GT/GT_Weekly_20260609_074618.png
 delete mode 100644 charts/screenshots_nasdaq/H/H_1H_20260609_063656.png
 create mode 100644 charts/screenshots_nasdaq/H/H_1H_20260610_065354.png
 delete mode 100644 charts/screenshots_nasdaq/H/H_4H_20260609_063656.png
 create mode 100644 charts/screenshots_nasdaq/H/H_4H_20260610_065354.png
 delete mode 100644 charts/screenshots_nasdaq/H/H_Daily_20260609_063656.png
 create mode 100644 charts/screenshots_nasdaq/H/H_Daily_20260610_065354.png
 delete mode 100644 charts/screenshots_nasdaq/H/H_Monthly_20260609_063656.png
 create mode 100644 charts/screenshots_nasdaq/H/H_Monthly_20260610_065354.png
 delete mode 100644 charts/screenshots_nasdaq/H/H_Weekly_20260609_063656.png
 create mode 100644 charts/screenshots_nasdaq/H/H_Weekly_20260610_065354.png
 delete mode 100644 charts/screenshots_nasdaq/HCWB/HCWB_1H_20260609_072104.png
 delete mode 100644 charts/screenshots_nasdaq/HCWB/HCWB_4H_20260609_072104.png
 delete mode 100644 charts/screenshots_nasdaq/HCWB/HCWB_Daily_20260609_072104.png
 delete mode 100644 charts/screenshots_nasdaq/HCWB/HCWB_Monthly_20260609_072104.png
 delete mode 100644 charts/screenshots_nasdaq/HCWB/HCWB_Weekly_20260609_072104.png
 delete mode 100644 charts/screenshots_nasdaq/HIMS/HIMS_1H_20260609_071625.png
 delete mode 100644 charts/screenshots_nasdaq/HIMS/HIMS_4H_20260609_071625.png
 delete mode 100644 charts/screenshots_nasdaq/HIMS/HIMS_Daily_20260609_071625.png
 delete mode 100644 charts/screenshots_nasdaq/HIMS/HIMS_Monthly_20260609_071625.png
 delete mode 100644 charts/screenshots_nasdaq/HIMS/HIMS_Weekly_20260609_071625.png
 delete mode 100644 charts/screenshots_nasdaq/HL/HL_1H_20260609_073342.png
 delete mode 100644 charts/screenshots_nasdaq/HL/HL_4H_20260609_073342.png
 delete mode 100644 charts/screenshots_nasdaq/HL/HL_Daily_20260609_073342.png
 delete mode 100644 charts/screenshots_nasdaq/HL/HL_Monthly_20260609_073342.png
 delete mode 100644 charts/screenshots_nasdaq/HL/HL_Weekly_20260609_073342.png
 delete mode 100644 charts/screenshots_nasdaq/HLIO/HLIO_1H_20260609_065439.png
 create mode 100644 charts/screenshots_nasdaq/HLIO/HLIO_1H_20260610_064954.png
 delete mode 100644 charts/screenshots_nasdaq/HLIO/HLIO_4H_20260609_065439.png
 create mode 100644 charts/screenshots_nasdaq/HLIO/HLIO_4H_20260610_064954.png
 delete mode 100644 charts/screenshots_nasdaq/HLIO/HLIO_Daily_20260609_065439.png
 create mode 100644 charts/screenshots_nasdaq/HLIO/HLIO_Daily_20260610_064954.png
 delete mode 100644 charts/screenshots_nasdaq/HLIO/HLIO_Monthly_20260609_065439.png
 create mode 100644 charts/screenshots_nasdaq/HLIO/HLIO_Monthly_20260610_064954.png
 delete mode 100644 charts/screenshots_nasdaq/HLIO/HLIO_Weekly_20260609_065439.png
 create mode 100644 charts/screenshots_nasdaq/HLIO/HLIO_Weekly_20260610_064954.png
 delete mode 100644 charts/screenshots_nasdaq/HUM/HUM_1H_20260609_070748.png
 create mode 100644 charts/screenshots_nasdaq/HUM/HUM_1H_20260610_071424.png
 delete mode 100644 charts/screenshots_nasdaq/HUM/HUM_4H_20260609_070748.png
 create mode 100644 charts/screenshots_nasdaq/HUM/HUM_4H_20260610_071424.png
 delete mode 100644 charts/screenshots_nasdaq/HUM/HUM_Daily_20260609_070748.png
 create mode 100644 charts/screenshots_nasdaq/HUM/HUM_Daily_20260610_071424.png
 delete mode 100644 charts/screenshots_nasdaq/HUM/HUM_Monthly_20260609_070748.png
 create mode 100644 charts/screenshots_nasdaq/HUM/HUM_Monthly_20260610_071424.png
 delete mode 100644 charts/screenshots_nasdaq/HUM/HUM_Weekly_20260609_070748.png
 create mode 100644 charts/screenshots_nasdaq/HUM/HUM_Weekly_20260610_071424.png
 delete mode 100644 charts/screenshots_nasdaq/INSP/INSP_1H_20260609_072902.png
 delete mode 100644 charts/screenshots_nasdaq/INSP/INSP_4H_20260609_072902.png
 delete mode 100644 charts/screenshots_nasdaq/INSP/INSP_Daily_20260609_072902.png
 delete mode 100644 charts/screenshots_nasdaq/INSP/INSP_Monthly_20260609_072902.png
 delete mode 100644 charts/screenshots_nasdaq/INSP/INSP_Weekly_20260609_072902.png
 delete mode 100644 charts/screenshots_nasdaq/INTU/INTU_1H_20260609_073821.png
 delete mode 100644 charts/screenshots_nasdaq/INTU/INTU_4H_20260609_073821.png
 delete mode 100644 charts/screenshots_nasdaq/INTU/INTU_Daily_20260609_073821.png
 delete mode 100644 charts/screenshots_nasdaq/INTU/INTU_Monthly_20260609_073821.png
 delete mode 100644 charts/screenshots_nasdaq/INTU/INTU_Weekly_20260609_073821.png
 delete mode 100644 charts/screenshots_nasdaq/IT/IT_1H_20260609_072143.png
 delete mode 100644 charts/screenshots_nasdaq/IT/IT_4H_20260609_072143.png
 delete mode 100644 charts/screenshots_nasdaq/IT/IT_Daily_20260609_072143.png
 delete mode 100644 charts/screenshots_nasdaq/IT/IT_Monthly_20260609_072143.png
 delete mode 100644 charts/screenshots_nasdaq/IT/IT_Weekly_20260609_072143.png
 delete mode 100644 charts/screenshots_nasdaq/JBHT/JBHT_1H_20260609_063816.png
 create mode 100644 charts/screenshots_nasdaq/JBHT/JBHT_1H_20260610_065034.png
 delete mode 100644 charts/screenshots_nasdaq/JBHT/JBHT_4H_20260609_063816.png
 create mode 100644 charts/screenshots_nasdaq/JBHT/JBHT_4H_20260610_065034.png
 delete mode 100644 charts/screenshots_nasdaq/JBHT/JBHT_Daily_20260609_063816.png
 create mode 100644 charts/screenshots_nasdaq/JBHT/JBHT_Daily_20260610_065034.png
 delete mode 100644 charts/screenshots_nasdaq/JBHT/JBHT_Monthly_20260609_063816.png
 create mode 100644 charts/screenshots_nasdaq/JBHT/JBHT_Monthly_20260610_065034.png
 delete mode 100644 charts/screenshots_nasdaq/JBHT/JBHT_Weekly_20260609_063816.png
 create mode 100644 charts/screenshots_nasdaq/JBHT/JBHT_Weekly_20260610_065034.png
 delete mode 100644 charts/screenshots_nasdaq/KD/KD_1H_20260609_074657.png
 delete mode 100644 charts/screenshots_nasdaq/KD/KD_4H_20260609_074657.png
 delete mode 100644 charts/screenshots_nasdaq/KD/KD_Daily_20260609_074657.png
 delete mode 100644 charts/screenshots_nasdaq/KD/KD_Monthly_20260609_074657.png
 delete mode 100644 charts/screenshots_nasdaq/KD/KD_Weekly_20260609_074657.png
 delete mode 100644 charts/screenshots_nasdaq/KLAR/KLAR_1H_20260609_071027.png
 delete mode 100644 charts/screenshots_nasdaq/KLAR/KLAR_4H_20260609_071027.png
 delete mode 100644 charts/screenshots_nasdaq/KLAR/KLAR_Daily_20260609_071027.png
 delete mode 100644 charts/screenshots_nasdaq/KLAR/KLAR_Monthly_20260609_071027.png
 delete mode 100644 charts/screenshots_nasdaq/KLAR/KLAR_Weekly_20260609_071027.png
 delete mode 100644 charts/screenshots_nasdaq/KMPR/KMPR_1H_20260609_073542.png
 delete mode 100644 charts/screenshots_nasdaq/KMPR/KMPR_4H_20260609_073542.png
 delete mode 100644 charts/screenshots_nasdaq/KMPR/KMPR_Daily_20260609_073542.png
 delete mode 100644 charts/screenshots_nasdaq/KMPR/KMPR_Monthly_20260609_073542.png
 delete mode 100644 charts/screenshots_nasdaq/KMPR/KMPR_Weekly_20260609_073542.png
 delete mode 100644 charts/screenshots_nasdaq/KNX/KNX_1H_20260609_064331.png
 create mode 100644 charts/screenshots_nasdaq/KNX/KNX_1H_20260610_070828.png
 delete mode 100644 charts/screenshots_nasdaq/KNX/KNX_4H_20260609_064331.png
 create mode 100644 charts/screenshots_nasdaq/KNX/KNX_4H_20260610_070828.png
 delete mode 100644 charts/screenshots_nasdaq/KNX/KNX_Daily_20260609_064331.png
 create mode 100644 charts/screenshots_nasdaq/KNX/KNX_Daily_20260610_070828.png
 delete mode 100644 charts/screenshots_nasdaq/KNX/KNX_Monthly_20260609_064331.png
 create mode 100644 charts/screenshots_nasdaq/KNX/KNX_Monthly_20260610_070828.png
 delete mode 100644 charts/screenshots_nasdaq/KNX/KNX_Weekly_20260609_064331.png
 create mode 100644 charts/screenshots_nasdaq/KNX/KNX_Weekly_20260610_070828.png
 delete mode 100644 charts/screenshots_nasdaq/LAC/LAC_1H_20260609_072223.png
 create mode 100644 charts/screenshots_nasdaq/LAC/LAC_1H_20260610_071305.png
 delete mode 100644 charts/screenshots_nasdaq/LAC/LAC_4H_20260609_072223.png
 create mode 100644 charts/screenshots_nasdaq/LAC/LAC_4H_20260610_071305.png
 delete mode 100644 charts/screenshots_nasdaq/LAC/LAC_Daily_20260609_072223.png
 create mode 100644 charts/screenshots_nasdaq/LAC/LAC_Daily_20260610_071305.png
 delete mode 100644 charts/screenshots_nasdaq/LAC/LAC_Monthly_20260609_072223.png
 create mode 100644 charts/screenshots_nasdaq/LAC/LAC_Monthly_20260610_071305.png
 delete mode 100644 charts/screenshots_nasdaq/LAC/LAC_Weekly_20260609_072223.png
 create mode 100644 charts/screenshots_nasdaq/LAC/LAC_Weekly_20260610_071305.png
 delete mode 100644 charts/screenshots_nasdaq/LBRDK/LBRDK_1H_20260609_073622.png
 delete mode 100644 charts/screenshots_nasdaq/LBRDK/LBRDK_4H_20260609_073622.png
 delete mode 100644 charts/screenshots_nasdaq/LBRDK/LBRDK_Daily_20260609_073622.png
 delete mode 100644 charts/screenshots_nasdaq/LBRDK/LBRDK_Monthly_20260609_073622.png
 delete mode 100644 charts/screenshots_nasdaq/LBRDK/LBRDK_Weekly_20260609_073622.png
 delete mode 100644 charts/screenshots_nasdaq/LEU/LEU_1H_20260609_074220.png
 create mode 100644 charts/screenshots_nasdaq/LEU/LEU_1H_20260610_071703.png
 delete mode 100644 charts/screenshots_nasdaq/LEU/LEU_4H_20260609_074220.png
 create mode 100644 charts/screenshots_nasdaq/LEU/LEU_4H_20260610_071703.png
 delete mode 100644 charts/screenshots_nasdaq/LEU/LEU_Daily_20260609_074220.png
 create mode 100644 charts/screenshots_nasdaq/LEU/LEU_Daily_20260610_071703.png
 delete mode 100644 charts/screenshots_nasdaq/LEU/LEU_Monthly_20260609_074220.png
 create mode 100644 charts/screenshots_nasdaq/LEU/LEU_Monthly_20260610_071703.png
 delete mode 100644 charts/screenshots_nasdaq/LEU/LEU_Weekly_20260609_074220.png
 create mode 100644 charts/screenshots_nasdaq/LEU/LEU_Weekly_20260610_071703.png
 delete mode 100644 charts/screenshots_nasdaq/LLY/LLY_1H_20260609_063856.png
 create mode 100644 charts/screenshots_nasdaq/LLY/LLY_1H_20260610_065713.png
 delete mode 100644 charts/screenshots_nasdaq/LLY/LLY_4H_20260609_063856.png
 create mode 100644 charts/screenshots_nasdaq/LLY/LLY_4H_20260610_065713.png
 delete mode 100644 charts/screenshots_nasdaq/LLY/LLY_Daily_20260609_063856.png
 create mode 100644 charts/screenshots_nasdaq/LLY/LLY_Daily_20260610_065713.png
 delete mode 100644 charts/screenshots_nasdaq/LLY/LLY_Monthly_20260609_063856.png
 create mode 100644 charts/screenshots_nasdaq/LLY/LLY_Monthly_20260610_065713.png
 delete mode 100644 charts/screenshots_nasdaq/LLY/LLY_Weekly_20260609_063856.png
 create mode 100644 charts/screenshots_nasdaq/LLY/LLY_Weekly_20260610_065713.png
 delete mode 100644 charts/screenshots_nasdaq/LQDA/LQDA_1H_20260609_064728.png
 create mode 100644 charts/screenshots_nasdaq/LQDA/LQDA_1H_20260610_065753.png
 delete mode 100644 charts/screenshots_nasdaq/LQDA/LQDA_4H_20260609_064728.png
 create mode 100644 charts/screenshots_nasdaq/LQDA/LQDA_4H_20260610_065753.png
 delete mode 100644 charts/screenshots_nasdaq/LQDA/LQDA_Daily_20260609_064728.png
 create mode 100644 charts/screenshots_nasdaq/LQDA/LQDA_Daily_20260610_065753.png
 delete mode 100644 charts/screenshots_nasdaq/LQDA/LQDA_Monthly_20260609_064728.png
 create mode 100644 charts/screenshots_nasdaq/LQDA/LQDA_Monthly_20260610_065753.png
 delete mode 100644 charts/screenshots_nasdaq/LQDA/LQDA_Weekly_20260609_064728.png
 create mode 100644 charts/screenshots_nasdaq/LQDA/LQDA_Weekly_20260610_065753.png
 delete mode 100644 charts/screenshots_nasdaq/LSTR/LSTR_1H_20260609_070430.png
 create mode 100644 charts/screenshots_nasdaq/LSTR/LSTR_1H_20260610_071027.png
 delete mode 100644 charts/screenshots_nasdaq/LSTR/LSTR_4H_20260609_070430.png
 create mode 100644 charts/screenshots_nasdaq/LSTR/LSTR_4H_20260610_071027.png
 delete mode 100644 charts/screenshots_nasdaq/LSTR/LSTR_Daily_20260609_070430.png
 create mode 100644 charts/screenshots_nasdaq/LSTR/LSTR_Daily_20260610_071027.png
 delete mode 100644 charts/screenshots_nasdaq/LSTR/LSTR_Monthly_20260609_070430.png
 create mode 100644 charts/screenshots_nasdaq/LSTR/LSTR_Monthly_20260610_071027.png
 delete mode 100644 charts/screenshots_nasdaq/LSTR/LSTR_Weekly_20260609_070430.png
 create mode 100644 charts/screenshots_nasdaq/LSTR/LSTR_Weekly_20260610_071027.png
 delete mode 100644 charts/screenshots_nasdaq/LULU/LULU_1H_20260609_072543.png
 delete mode 100644 charts/screenshots_nasdaq/LULU/LULU_4H_20260609_072543.png
 delete mode 100644 charts/screenshots_nasdaq/LULU/LULU_Daily_20260609_072543.png
 delete mode 100644 charts/screenshots_nasdaq/LULU/LULU_Monthly_20260609_072543.png
 delete mode 100644 charts/screenshots_nasdaq/LULU/LULU_Weekly_20260609_072543.png
 delete mode 100644 charts/screenshots_nasdaq/MASK/MASK_1H_20260609_071225.png
 delete mode 100644 charts/screenshots_nasdaq/MASK/MASK_4H_20260609_071225.png
 delete mode 100644 charts/screenshots_nasdaq/MASK/MASK_Daily_20260609_071225.png
 delete mode 100644 charts/screenshots_nasdaq/MASK/MASK_Monthly_20260609_071225.png
 delete mode 100644 charts/screenshots_nasdaq/MASK/MASK_Weekly_20260609_071225.png
 delete mode 100644 charts/screenshots_nasdaq/MNDY/MNDY_1H_20260609_071305.png
 delete mode 100644 charts/screenshots_nasdaq/MNDY/MNDY_4H_20260609_071305.png
 delete mode 100644 charts/screenshots_nasdaq/MNDY/MNDY_Daily_20260609_071305.png
 delete mode 100644 charts/screenshots_nasdaq/MNDY/MNDY_Monthly_20260609_071305.png
 delete mode 100644 charts/screenshots_nasdaq/MNDY/MNDY_Weekly_20260609_071305.png
 delete mode 100644 charts/screenshots_nasdaq/MNTS/MNTS_1H_20260609_064529.png
 create mode 100644 charts/screenshots_nasdaq/MNTS/MNTS_1H_20260610_071544.png
 delete mode 100644 charts/screenshots_nasdaq/MNTS/MNTS_4H_20260609_064529.png
 create mode 100644 charts/screenshots_nasdaq/MNTS/MNTS_4H_20260610_071544.png
 delete mode 100644 charts/screenshots_nasdaq/MNTS/MNTS_Daily_20260609_064529.png
 create mode 100644 charts/screenshots_nasdaq/MNTS/MNTS_Daily_20260610_071544.png
 delete mode 100644 charts/screenshots_nasdaq/MNTS/MNTS_Monthly_20260609_064529.png
 create mode 100644 charts/screenshots_nasdaq/MNTS/MNTS_Monthly_20260610_071544.png
 delete mode 100644 charts/screenshots_nasdaq/MNTS/MNTS_Weekly_20260609_064529.png
 create mode 100644 charts/screenshots_nasdaq/MNTS/MNTS_Weekly_20260610_071544.png
 delete mode 100644 charts/screenshots_nasdaq/MSTR/MSTR_1H_20260609_074259.png
 delete mode 100644 charts/screenshots_nasdaq/MSTR/MSTR_4H_20260609_074259.png
 delete mode 100644 charts/screenshots_nasdaq/MSTR/MSTR_Daily_20260609_074259.png
 delete mode 100644 charts/screenshots_nasdaq/MSTR/MSTR_Monthly_20260609_074259.png
 delete mode 100644 charts/screenshots_nasdaq/MSTR/MSTR_Weekly_20260609_074259.png
 delete mode 100644 charts/screenshots_nasdaq/NCNO/NCNO_1H_20260609_074737.png
 delete mode 100644 charts/screenshots_nasdaq/NCNO/NCNO_4H_20260609_074737.png
 delete mode 100644 charts/screenshots_nasdaq/NCNO/NCNO_Daily_20260609_074737.png
 delete mode 100644 charts/screenshots_nasdaq/NCNO/NCNO_Monthly_20260609_074737.png
 delete mode 100644 charts/screenshots_nasdaq/NCNO/NCNO_Weekly_20260609_074737.png
 delete mode 100644 charts/screenshots_nasdaq/NTLA/NTLA_1H_20260609_071705.png
 create mode 100644 charts/screenshots_nasdaq/NTLA/NTLA_1H_20260610_070430.png
 delete mode 100644 charts/screenshots_nasdaq/NTLA/NTLA_4H_20260609_071705.png
 create mode 100644 charts/screenshots_nasdaq/NTLA/NTLA_4H_20260610_070430.png
 delete mode 100644 charts/screenshots_nasdaq/NTLA/NTLA_Daily_20260609_071705.png
 create mode 100644 charts/screenshots_nasdaq/NTLA/NTLA_Daily_20260610_070430.png
 delete mode 100644 charts/screenshots_nasdaq/NTLA/NTLA_Monthly_20260609_071705.png
 create mode 100644 charts/screenshots_nasdaq/NTLA/NTLA_Monthly_20260610_070430.png
 delete mode 100644 charts/screenshots_nasdaq/NTLA/NTLA_Weekly_20260609_071705.png
 create mode 100644 charts/screenshots_nasdaq/NTLA/NTLA_Weekly_20260610_070430.png
 delete mode 100644 charts/screenshots_nasdaq/ODFL/ODFL_1H_20260609_070311.png
 create mode 100644 charts/screenshots_nasdaq/ODFL/ODFL_1H_20260610_070909.png
 delete mode 100644 charts/screenshots_nasdaq/ODFL/ODFL_4H_20260609_070311.png
 create mode 100644 charts/screenshots_nasdaq/ODFL/ODFL_4H_20260610_070909.png
 delete mode 100644 charts/screenshots_nasdaq/ODFL/ODFL_Daily_20260609_070311.png
 create mode 100644 charts/screenshots_nasdaq/ODFL/ODFL_Daily_20260610_070909.png
 delete mode 100644 charts/screenshots_nasdaq/ODFL/ODFL_Monthly_20260609_070311.png
 create mode 100644 charts/screenshots_nasdaq/ODFL/ODFL_Monthly_20260610_070909.png
 delete mode 100644 charts/screenshots_nasdaq/ODFL/ODFL_Weekly_20260609_070311.png
 create mode 100644 charts/screenshots_nasdaq/ODFL/ODFL_Weekly_20260610_070909.png
 delete mode 100644 charts/screenshots_nasdaq/OPEN/OPEN_1H_20260609_074339.png
 delete mode 100644 charts/screenshots_nasdaq/OPEN/OPEN_4H_20260609_074339.png
 delete mode 100644 charts/screenshots_nasdaq/OPEN/OPEN_Daily_20260609_074339.png
 delete mode 100644 charts/screenshots_nasdaq/OPEN/OPEN_Monthly_20260609_074339.png
 delete mode 100644 charts/screenshots_nasdaq/OPEN/OPEN_Weekly_20260609_074339.png
 delete mode 100644 charts/screenshots_nasdaq/OSCR/OSCR_1H_20260609_064014.png
 create mode 100644 charts/screenshots_nasdaq/OSCR/OSCR_1H_20260610_065833.png
 delete mode 100644 charts/screenshots_nasdaq/OSCR/OSCR_4H_20260609_064014.png
 create mode 100644 charts/screenshots_nasdaq/OSCR/OSCR_4H_20260610_065833.png
 delete mode 100644 charts/screenshots_nasdaq/OSCR/OSCR_Daily_20260609_064014.png
 create mode 100644 charts/screenshots_nasdaq/OSCR/OSCR_Daily_20260610_065833.png
 delete mode 100644 charts/screenshots_nasdaq/OSCR/OSCR_Monthly_20260609_064014.png
 create mode 100644 charts/screenshots_nasdaq/OSCR/OSCR_Monthly_20260610_065833.png
 delete mode 100644 charts/screenshots_nasdaq/OSCR/OSCR_Weekly_20260609_064014.png
 create mode 100644 charts/screenshots_nasdaq/OSCR/OSCR_Weekly_20260610_065833.png
 delete mode 100644 charts/screenshots_nasdaq/OWL/OWL_1H_20260609_072744.png
 delete mode 100644 charts/screenshots_nasdaq/OWL/OWL_4H_20260609_072744.png
 delete mode 100644 charts/screenshots_nasdaq/OWL/OWL_Daily_20260609_072744.png
 delete mode 100644 charts/screenshots_nasdaq/OWL/OWL_Monthly_20260609_072744.png
 delete mode 100644 charts/screenshots_nasdaq/OWL/OWL_Weekly_20260609_072744.png
 delete mode 100644 charts/screenshots_nasdaq/PGY/PGY_1H_20260609_071345.png
 delete mode 100644 charts/screenshots_nasdaq/PGY/PGY_4H_20260609_071345.png
 delete mode 100644 charts/screenshots_nasdaq/PGY/PGY_Daily_20260609_071345.png
 delete mode 100644 charts/screenshots_nasdaq/PGY/PGY_Monthly_20260609_071345.png
 delete mode 100644 charts/screenshots_nasdaq/PGY/PGY_Weekly_20260609_071345.png
 delete mode 100644 charts/screenshots_nasdaq/PK/PK_1H_20260609_064213.png
 create mode 100644 charts/screenshots_nasdaq/PK/PK_1H_20260610_070549.png
 delete mode 100644 charts/screenshots_nasdaq/PK/PK_4H_20260609_064213.png
 create mode 100644 charts/screenshots_nasdaq/PK/PK_4H_20260610_070549.png
 delete mode 100644 charts/screenshots_nasdaq/PK/PK_Daily_20260609_064213.png
 create mode 100644 charts/screenshots_nasdaq/PK/PK_Daily_20260610_070549.png
 delete mode 100644 charts/screenshots_nasdaq/PK/PK_Monthly_20260609_064213.png
 create mode 100644 charts/screenshots_nasdaq/PK/PK_Monthly_20260610_070549.png
 delete mode 100644 charts/screenshots_nasdaq/PK/PK_Weekly_20260609_064213.png
 create mode 100644 charts/screenshots_nasdaq/PK/PK_Weekly_20260610_070549.png
 delete mode 100644 charts/screenshots_nasdaq/PONY/PONY_1H_20260609_074817.png
 delete mode 100644 charts/screenshots_nasdaq/PONY/PONY_4H_20260609_074817.png
 delete mode 100644 charts/screenshots_nasdaq/PONY/PONY_Daily_20260609_074817.png
 delete mode 100644 charts/screenshots_nasdaq/PONY/PONY_Monthly_20260609_074817.png
 delete mode 100644 charts/screenshots_nasdaq/PONY/PONY_Weekly_20260609_074817.png
 delete mode 100644 charts/screenshots_nasdaq/PRCT/PRCT_1H_20260609_071425.png
 delete mode 100644 charts/screenshots_nasdaq/PRCT/PRCT_4H_20260609_071425.png
 delete mode 100644 charts/screenshots_nasdaq/PRCT/PRCT_Daily_20260609_071425.png
 delete mode 100644 charts/screenshots_nasdaq/PRCT/PRCT_Monthly_20260609_071425.png
 delete mode 100644 charts/screenshots_nasdaq/PRCT/PRCT_Weekly_20260609_071425.png
 delete mode 100644 charts/screenshots_nasdaq/PSIX/PSIX_1H_20260609_073702.png
 delete mode 100644 charts/screenshots_nasdaq/PSIX/PSIX_4H_20260609_073702.png
 delete mode 100644 charts/screenshots_nasdaq/PSIX/PSIX_Daily_20260609_073702.png
 delete mode 100644 charts/screenshots_nasdaq/PSIX/PSIX_Monthly_20260609_073702.png
 delete mode 100644 charts/screenshots_nasdaq/PSIX/PSIX_Weekly_20260609_073702.png
 delete mode 100644 charts/screenshots_nasdaq/QS/QS_1H_20260609_071904.png
 delete mode 100644 charts/screenshots_nasdaq/QS/QS_4H_20260609_071904.png
 delete mode 100644 charts/screenshots_nasdaq/QS/QS_Daily_20260609_071904.png
 delete mode 100644 charts/screenshots_nasdaq/QS/QS_Monthly_20260609_071904.png
 delete mode 100644 charts/screenshots_nasdaq/QS/QS_Weekly_20260609_071904.png
 delete mode 100644 charts/screenshots_nasdaq/QTEX/QTEX_1H_20260609_065201.png
 create mode 100644 charts/screenshots_nasdaq/QTEX/QTEX_1H_20260610_070112.png
 delete mode 100644 charts/screenshots_nasdaq/QTEX/QTEX_4H_20260609_065201.png
 create mode 100644 charts/screenshots_nasdaq/QTEX/QTEX_4H_20260610_070112.png
 delete mode 100644 charts/screenshots_nasdaq/QTEX/QTEX_Daily_20260609_065201.png
 create mode 100644 charts/screenshots_nasdaq/QTEX/QTEX_Daily_20260610_070112.png
 delete mode 100644 charts/screenshots_nasdaq/QTEX/QTEX_Monthly_20260609_065201.png
 create mode 100644 charts/screenshots_nasdaq/QTEX/QTEX_Monthly_20260610_070112.png
 delete mode 100644 charts/screenshots_nasdaq/QTEX/QTEX_Weekly_20260609_065201.png
 create mode 100644 charts/screenshots_nasdaq/QTEX/QTEX_Weekly_20260610_070112.png
 delete mode 100644 charts/screenshots_nasdaq/QUBT/QUBT_1H_20260609_070510.png
 delete mode 100644 charts/screenshots_nasdaq/QUBT/QUBT_4H_20260609_070510.png
 delete mode 100644 charts/screenshots_nasdaq/QUBT/QUBT_Daily_20260609_070510.png
 delete mode 100644 charts/screenshots_nasdaq/QUBT/QUBT_Monthly_20260609_070510.png
 delete mode 100644 charts/screenshots_nasdaq/QUBT/QUBT_Weekly_20260609_070510.png
 delete mode 100644 charts/screenshots_nasdaq/QURE/QURE_1H_20260609_065519.png
 create mode 100644 charts/screenshots_nasdaq/QURE/QURE_1H_20260610_071505.png
 delete mode 100644 charts/screenshots_nasdaq/QURE/QURE_4H_20260609_065519.png
 create mode 100644 charts/screenshots_nasdaq/QURE/QURE_4H_20260610_071505.png
 delete mode 100644 charts/screenshots_nasdaq/QURE/QURE_Daily_20260609_065519.png
 create mode 100644 charts/screenshots_nasdaq/QURE/QURE_Daily_20260610_071505.png
 delete mode 100644 charts/screenshots_nasdaq/QURE/QURE_Monthly_20260609_065519.png
 create mode 100644 charts/screenshots_nasdaq/QURE/QURE_Monthly_20260610_071505.png
 delete mode 100644 charts/screenshots_nasdaq/QURE/QURE_Weekly_20260609_065519.png
 create mode 100644 charts/screenshots_nasdaq/QURE/QURE_Weekly_20260610_071505.png
 delete mode 100644 charts/screenshots_nasdaq/R/R_1H_20260609_070827.png
 create mode 100644 charts/screenshots_nasdaq/R/R_1H_20260610_070948.png
 delete mode 100644 charts/screenshots_nasdaq/R/R_4H_20260609_070827.png
 create mode 100644 charts/screenshots_nasdaq/R/R_4H_20260610_070948.png
 delete mode 100644 charts/screenshots_nasdaq/R/R_Daily_20260609_070827.png
 create mode 100644 charts/screenshots_nasdaq/R/R_Daily_20260610_070948.png
 delete mode 100644 charts/screenshots_nasdaq/R/R_Monthly_20260609_070827.png
 create mode 100644 charts/screenshots_nasdaq/R/R_Monthly_20260610_070948.png
 delete mode 100644 charts/screenshots_nasdaq/R/R_Weekly_20260609_070827.png
 create mode 100644 charts/screenshots_nasdaq/R/R_Weekly_20260610_070948.png
 delete mode 100644 charts/screenshots_nasdaq/RAMP/RAMP_1H_20260609_070152.png
 delete mode 100644 charts/screenshots_nasdaq/RAMP/RAMP_4H_20260609_070152.png
 delete mode 100644 charts/screenshots_nasdaq/RAMP/RAMP_Daily_20260609_070152.png
 delete mode 100644 charts/screenshots_nasdaq/RAMP/RAMP_Monthly_20260609_070152.png
 delete mode 100644 charts/screenshots_nasdaq/RAMP/RAMP_Weekly_20260609_070152.png
 delete mode 100644 charts/screenshots_nasdaq/RGTI/RGTI_1H_20260609_065043.png
 create mode 100644 charts/screenshots_nasdaq/RGTI/RGTI_1H_20260610_065912.png
 delete mode 100644 charts/screenshots_nasdaq/RGTI/RGTI_4H_20260609_065043.png
 create mode 100644 charts/screenshots_nasdaq/RGTI/RGTI_4H_20260610_065912.png
 delete mode 100644 charts/screenshots_nasdaq/RGTI/RGTI_Daily_20260609_065043.png
 create mode 100644 charts/screenshots_nasdaq/RGTI/RGTI_Daily_20260610_065912.png
 delete mode 100644 charts/screenshots_nasdaq/RGTI/RGTI_Monthly_20260609_065043.png
 create mode 100644 charts/screenshots_nasdaq/RGTI/RGTI_Monthly_20260610_065912.png
 delete mode 100644 charts/screenshots_nasdaq/RGTI/RGTI_Weekly_20260609_065043.png
 create mode 100644 charts/screenshots_nasdaq/RGTI/RGTI_Weekly_20260610_065912.png
 delete mode 100644 charts/screenshots_nasdaq/RXO/RXO_1H_20260609_065558.png
 create mode 100644 charts/screenshots_nasdaq/RXO/RXO_1H_20260610_065114.png
 delete mode 100644 charts/screenshots_nasdaq/RXO/RXO_4H_20260609_065558.png
 create mode 100644 charts/screenshots_nasdaq/RXO/RXO_4H_20260610_065114.png
 delete mode 100644 charts/screenshots_nasdaq/RXO/RXO_Daily_20260609_065558.png
 create mode 100644 charts/screenshots_nasdaq/RXO/RXO_Daily_20260610_065114.png
 delete mode 100644 charts/screenshots_nasdaq/RXO/RXO_Monthly_20260609_065558.png
 create mode 100644 charts/screenshots_nasdaq/RXO/RXO_Monthly_20260610_065114.png
 delete mode 100644 charts/screenshots_nasdaq/RXO/RXO_Weekly_20260609_065558.png
 create mode 100644 charts/screenshots_nasdaq/RXO/RXO_Weekly_20260610_065114.png
 delete mode 100644 charts/screenshots_nasdaq/RZLV/RZLV_1H_20260609_074419.png
 delete mode 100644 charts/screenshots_nasdaq/RZLV/RZLV_4H_20260609_074419.png
 delete mode 100644 charts/screenshots_nasdaq/RZLV/RZLV_Daily_20260609_074419.png
 delete mode 100644 charts/screenshots_nasdaq/RZLV/RZLV_Monthly_20260609_074419.png
 delete mode 100644 charts/screenshots_nasdaq/RZLV/RZLV_Weekly_20260609_074419.png
 delete mode 100644 charts/screenshots_nasdaq/SBET/SBET_1H_20260609_073942.png
 delete mode 100644 charts/screenshots_nasdaq/SBET/SBET_4H_20260609_073942.png
 delete mode 100644 charts/screenshots_nasdaq/SBET/SBET_Daily_20260609_073942.png
 delete mode 100644 charts/screenshots_nasdaq/SBET/SBET_Monthly_20260609_073942.png
 delete mode 100644 charts/screenshots_nasdaq/SBET/SBET_Weekly_20260609_073942.png
 delete mode 100644 charts/screenshots_nasdaq/SE/SE_1H_20260609_074856.png
 delete mode 100644 charts/screenshots_nasdaq/SE/SE_4H_20260609_074856.png
 delete mode 100644 charts/screenshots_nasdaq/SE/SE_Daily_20260609_074856.png
 delete mode 100644 charts/screenshots_nasdaq/SE/SE_Monthly_20260609_074856.png
 delete mode 100644 charts/screenshots_nasdaq/SE/SE_Weekly_20260609_074856.png
 delete mode 100644 charts/screenshots_nasdaq/SG/SG_1H_20260609_065716.png
 delete mode 100644 charts/screenshots_nasdaq/SG/SG_4H_20260609_065716.png
 delete mode 100644 charts/screenshots_nasdaq/SG/SG_Daily_20260609_065716.png
 delete mode 100644 charts/screenshots_nasdaq/SG/SG_Monthly_20260609_065716.png
 delete mode 100644 charts/screenshots_nasdaq/SG/SG_Weekly_20260609_065716.png
 delete mode 100644 charts/screenshots_nasdaq/SHAK/SHAK_1H_20260609_073023.png
 delete mode 100644 charts/screenshots_nasdaq/SHAK/SHAK_4H_20260609_073023.png
 delete mode 100644 charts/screenshots_nasdaq/SHAK/SHAK_Daily_20260609_073023.png
 delete mode 100644 charts/screenshots_nasdaq/SHAK/SHAK_Monthly_20260609_073023.png
 delete mode 100644 charts/screenshots_nasdaq/SHAK/SHAK_Weekly_20260609_073023.png
 delete mode 100644 charts/screenshots_nasdaq/SHOO/SHOO_1H_20260609_063736.png
 create mode 100644 charts/screenshots_nasdaq/SHOO/SHOO_1H_20260610_065953.png
 delete mode 100644 charts/screenshots_nasdaq/SHOO/SHOO_4H_20260609_063736.png
 create mode 100644 charts/screenshots_nasdaq/SHOO/SHOO_4H_20260610_065953.png
 delete mode 100644 charts/screenshots_nasdaq/SHOO/SHOO_Daily_20260609_063736.png
 create mode 100644 charts/screenshots_nasdaq/SHOO/SHOO_Daily_20260610_065953.png
 delete mode 100644 charts/screenshots_nasdaq/SHOO/SHOO_Monthly_20260609_063736.png
 create mode 100644 charts/screenshots_nasdaq/SHOO/SHOO_Monthly_20260610_065953.png
 delete mode 100644 charts/screenshots_nasdaq/SHOO/SHOO_Weekly_20260609_063736.png
 create mode 100644 charts/screenshots_nasdaq/SHOO/SHOO_Weekly_20260610_065953.png
 delete mode 100644 charts/screenshots_nasdaq/SLNH/SLNH_1H_20260609_071824.png
 create mode 100644 charts/screenshots_nasdaq/SLNH/SLNH_1H_20260610_070748.png
 delete mode 100644 charts/screenshots_nasdaq/SLNH/SLNH_4H_20260609_071824.png
 create mode 100644 charts/screenshots_nasdaq/SLNH/SLNH_4H_20260610_070748.png
 delete mode 100644 charts/screenshots_nasdaq/SLNH/SLNH_Daily_20260609_071824.png
 create mode 100644 charts/screenshots_nasdaq/SLNH/SLNH_Daily_20260610_070748.png
 delete mode 100644 charts/screenshots_nasdaq/SLNH/SLNH_Monthly_20260609_071824.png
 create mode 100644 charts/screenshots_nasdaq/SLNH/SLNH_Monthly_20260610_070748.png
 delete mode 100644 charts/screenshots_nasdaq/SLNH/SLNH_Weekly_20260609_071824.png
 create mode 100644 charts/screenshots_nasdaq/SLNH/SLNH_Weekly_20260610_070748.png
 delete mode 100644 charts/screenshots_nasdaq/SNDR/SNDR_1H_20260609_064410.png
 create mode 100644 charts/screenshots_nasdaq/SNDR/SNDR_1H_20260610_071107.png
 delete mode 100644 charts/screenshots_nasdaq/SNDR/SNDR_4H_20260609_064410.png
 create mode 100644 charts/screenshots_nasdaq/SNDR/SNDR_4H_20260610_071107.png
 delete mode 100644 charts/screenshots_nasdaq/SNDR/SNDR_Daily_20260609_064410.png
 create mode 100644 charts/screenshots_nasdaq/SNDR/SNDR_Daily_20260610_071107.png
 delete mode 100644 charts/screenshots_nasdaq/SNDR/SNDR_Monthly_20260609_064410.png
 create mode 100644 charts/screenshots_nasdaq/SNDR/SNDR_Monthly_20260610_071107.png
 delete mode 100644 charts/screenshots_nasdaq/SNDR/SNDR_Weekly_20260609_064410.png
 create mode 100644 charts/screenshots_nasdaq/SNDR/SNDR_Weekly_20260610_071107.png
 delete mode 100644 charts/screenshots_nasdaq/SOC/SOC_1H_20260609_071546.png
 create mode 100644 charts/screenshots_nasdaq/SOC/SOC_1H_20260610_071226.png
 delete mode 100644 charts/screenshots_nasdaq/SOC/SOC_4H_20260609_071546.png
 create mode 100644 charts/screenshots_nasdaq/SOC/SOC_4H_20260610_071226.png
 delete mode 100644 charts/screenshots_nasdaq/SOC/SOC_Daily_20260609_071546.png
 create mode 100644 charts/screenshots_nasdaq/SOC/SOC_Daily_20260610_071226.png
 delete mode 100644 charts/screenshots_nasdaq/SOC/SOC_Monthly_20260609_071546.png
 create mode 100644 charts/screenshots_nasdaq/SOC/SOC_Monthly_20260610_071226.png
 delete mode 100644 charts/screenshots_nasdaq/SOC/SOC_Weekly_20260609_071546.png
 create mode 100644 charts/screenshots_nasdaq/SOC/SOC_Weekly_20260610_071226.png
 delete mode 100644 charts/screenshots_nasdaq/SOUN/SOUN_1H_20260609_072823.png
 delete mode 100644 charts/screenshots_nasdaq/SOUN/SOUN_4H_20260609_072823.png
 delete mode 100644 charts/screenshots_nasdaq/SOUN/SOUN_Daily_20260609_072823.png
 delete mode 100644 charts/screenshots_nasdaq/SOUN/SOUN_Monthly_20260609_072823.png
 delete mode 100644 charts/screenshots_nasdaq/SOUN/SOUN_Weekly_20260609_072823.png
 delete mode 100644 charts/screenshots_nasdaq/STUB/STUB_1H_20260609_070550.png
 delete mode 100644 charts/screenshots_nasdaq/STUB/STUB_4H_20260609_070550.png
 delete mode 100644 charts/screenshots_nasdaq/STUB/STUB_Daily_20260609_070550.png
 delete mode 100644 charts/screenshots_nasdaq/STUB/STUB_Monthly_20260609_070550.png
 delete mode 100644 charts/screenshots_nasdaq/STUB/STUB_Weekly_20260609_070550.png
 delete mode 100644 charts/screenshots_nasdaq/SUNE/SUNE_1H_20260609_071505.png
 delete mode 100644 charts/screenshots_nasdaq/SUNE/SUNE_4H_20260609_071505.png
 delete mode 100644 charts/screenshots_nasdaq/SUNE/SUNE_Daily_20260609_071505.png
 delete mode 100644 charts/screenshots_nasdaq/SUNE/SUNE_Monthly_20260609_071505.png
 delete mode 100644 charts/screenshots_nasdaq/SUNE/SUNE_Weekly_20260609_071505.png
 delete mode 100644 charts/screenshots_nasdaq/TEAM/TEAM_1H_20260609_070907.png
 delete mode 100644 charts/screenshots_nasdaq/TEAM/TEAM_4H_20260609_070907.png
 delete mode 100644 charts/screenshots_nasdaq/TEAM/TEAM_Daily_20260609_070907.png
 delete mode 100644 charts/screenshots_nasdaq/TEAM/TEAM_Monthly_20260609_070907.png
 delete mode 100644 charts/screenshots_nasdaq/TEAM/TEAM_Weekly_20260609_070907.png
 delete mode 100644 charts/screenshots_nasdaq/TFII/TFII_1H_20260609_064252.png
 create mode 100644 charts/screenshots_nasdaq/TFII/TFII_1H_20260610_070231.png
 delete mode 100644 charts/screenshots_nasdaq/TFII/TFII_4H_20260609_064252.png
 create mode 100644 charts/screenshots_nasdaq/TFII/TFII_4H_20260610_070231.png
 delete mode 100644 charts/screenshots_nasdaq/TFII/TFII_Daily_20260609_064252.png
 create mode 100644 charts/screenshots_nasdaq/TFII/TFII_Daily_20260610_070231.png
 delete mode 100644 charts/screenshots_nasdaq/TFII/TFII_Monthly_20260609_064252.png
 create mode 100644 charts/screenshots_nasdaq/TFII/TFII_Monthly_20260610_070231.png
 delete mode 100644 charts/screenshots_nasdaq/TFII/TFII_Weekly_20260609_064252.png
 create mode 100644 charts/screenshots_nasdaq/TFII/TFII_Weekly_20260610_070231.png
 delete mode 100644 charts/screenshots_nasdaq/TKR/TKR_1H_20260609_063935.png
 create mode 100644 charts/screenshots_nasdaq/TKR/TKR_1H_20260610_064713.png
 delete mode 100644 charts/screenshots_nasdaq/TKR/TKR_4H_20260609_063935.png
 create mode 100644 charts/screenshots_nasdaq/TKR/TKR_4H_20260610_064713.png
 delete mode 100644 charts/screenshots_nasdaq/TKR/TKR_Daily_20260609_063935.png
 create mode 100644 charts/screenshots_nasdaq/TKR/TKR_Daily_20260610_064713.png
 delete mode 100644 charts/screenshots_nasdaq/TKR/TKR_Monthly_20260609_063935.png
 create mode 100644 charts/screenshots_nasdaq/TKR/TKR_Monthly_20260610_064713.png
 delete mode 100644 charts/screenshots_nasdaq/TKR/TKR_Weekly_20260609_063935.png
 create mode 100644 charts/screenshots_nasdaq/TKR/TKR_Weekly_20260610_064713.png
 delete mode 100644 charts/screenshots_nasdaq/TMHC/TMHC_1H_20260609_064054.png
 create mode 100644 charts/screenshots_nasdaq/TMHC/TMHC_1H_20260610_071624.png
 delete mode 100644 charts/screenshots_nasdaq/TMHC/TMHC_4H_20260609_064054.png
 create mode 100644 charts/screenshots_nasdaq/TMHC/TMHC_4H_20260610_071624.png
 delete mode 100644 charts/screenshots_nasdaq/TMHC/TMHC_Daily_20260609_064054.png
 create mode 100644 charts/screenshots_nasdaq/TMHC/TMHC_Daily_20260610_071624.png
 delete mode 100644 charts/screenshots_nasdaq/TMHC/TMHC_Monthly_20260609_064054.png
 create mode 100644 charts/screenshots_nasdaq/TMHC/TMHC_Monthly_20260610_071624.png
 delete mode 100644 charts/screenshots_nasdaq/TMHC/TMHC_Weekly_20260609_064054.png
 create mode 100644 charts/screenshots_nasdaq/TMHC/TMHC_Weekly_20260610_071624.png
 delete mode 100644 charts/screenshots_nasdaq/TNGX/TNGX_1H_20260609_064926.png
 create mode 100644 charts/screenshots_nasdaq/TNGX/TNGX_1H_20260610_064914.png
 delete mode 100644 charts/screenshots_nasdaq/TNGX/TNGX_4H_20260609_064926.png
 create mode 100644 charts/screenshots_nasdaq/TNGX/TNGX_4H_20260610_064914.png
 delete mode 100644 charts/screenshots_nasdaq/TNGX/TNGX_Daily_20260609_064926.png
 create mode 100644 charts/screenshots_nasdaq/TNGX/TNGX_Daily_20260610_064914.png
 delete mode 100644 charts/screenshots_nasdaq/TNGX/TNGX_Monthly_20260609_064926.png
 create mode 100644 charts/screenshots_nasdaq/TNGX/TNGX_Monthly_20260610_064914.png
 delete mode 100644 charts/screenshots_nasdaq/TNGX/TNGX_Weekly_20260609_064926.png
 create mode 100644 charts/screenshots_nasdaq/TNGX/TNGX_Weekly_20260610_064914.png
 delete mode 100644 charts/screenshots_nasdaq/TSCO/TSCO_1H_20260609_073102.png
 delete mode 100644 charts/screenshots_nasdaq/TSCO/TSCO_4H_20260609_073102.png
 delete mode 100644 charts/screenshots_nasdaq/TSCO/TSCO_Daily_20260609_073102.png
 delete mode 100644 charts/screenshots_nasdaq/TSCO/TSCO_Monthly_20260609_073102.png
 delete mode 100644 charts/screenshots_nasdaq/TSCO/TSCO_Weekly_20260609_073102.png
 delete mode 100644 charts/screenshots_nasdaq/URI/URI_1H_20260609_065954.png
 create mode 100644 charts/screenshots_nasdaq/URI/URI_1H_20260610_065154.png
 delete mode 100644 charts/screenshots_nasdaq/URI/URI_4H_20260609_065954.png
 create mode 100644 charts/screenshots_nasdaq/URI/URI_4H_20260610_065154.png
 delete mode 100644 charts/screenshots_nasdaq/URI/URI_Daily_20260609_065954.png
 create mode 100644 charts/screenshots_nasdaq/URI/URI_Daily_20260610_065154.png
 delete mode 100644 charts/screenshots_nasdaq/URI/URI_Monthly_20260609_065954.png
 create mode 100644 charts/screenshots_nasdaq/URI/URI_Monthly_20260610_065154.png
 delete mode 100644 charts/screenshots_nasdaq/URI/URI_Weekly_20260609_065954.png
 create mode 100644 charts/screenshots_nasdaq/URI/URI_Weekly_20260610_065154.png
 delete mode 100644 charts/screenshots_nasdaq/VAC/VAC_1H_20260609_065914.png
 create mode 100644 charts/screenshots_nasdaq/VAC/VAC_1H_20260610_070033.png
 delete mode 100644 charts/screenshots_nasdaq/VAC/VAC_4H_20260609_065914.png
 create mode 100644 charts/screenshots_nasdaq/VAC/VAC_4H_20260610_070033.png
 delete mode 100644 charts/screenshots_nasdaq/VAC/VAC_Daily_20260609_065914.png
 create mode 100644 charts/screenshots_nasdaq/VAC/VAC_Daily_20260610_070033.png
 delete mode 100644 charts/screenshots_nasdaq/VAC/VAC_Monthly_20260609_065914.png
 create mode 100644 charts/screenshots_nasdaq/VAC/VAC_Monthly_20260610_070033.png
 delete mode 100644 charts/screenshots_nasdaq/VAC/VAC_Weekly_20260609_065914.png
 create mode 100644 charts/screenshots_nasdaq/VAC/VAC_Weekly_20260610_070033.png
 delete mode 100644 charts/screenshots_nasdaq/VRDN/VRDN_1H_20260609_072943.png
 delete mode 100644 charts/screenshots_nasdaq/VRDN/VRDN_4H_20260609_072943.png
 delete mode 100644 charts/screenshots_nasdaq/VRDN/VRDN_Daily_20260609_072943.png
 delete mode 100644 charts/screenshots_nasdaq/VRDN/VRDN_Monthly_20260609_072943.png
 delete mode 100644 charts/screenshots_nasdaq/VRDN/VRDN_Weekly_20260609_072943.png
 delete mode 100644 charts/screenshots_nasdaq/VRRM/VRRM_1H_20260609_073142.png
 delete mode 100644 charts/screenshots_nasdaq/VRRM/VRRM_4H_20260609_073142.png
 delete mode 100644 charts/screenshots_nasdaq/VRRM/VRRM_Daily_20260609_073142.png
 delete mode 100644 charts/screenshots_nasdaq/VRRM/VRRM_Monthly_20260609_073142.png
 delete mode 100644 charts/screenshots_nasdaq/VRRM/VRRM_Weekly_20260609_073142.png
 delete mode 100644 charts/screenshots_nasdaq/VVX/VVX_1H_20260609_065122.png
 create mode 100644 charts/screenshots_nasdaq/VVX/VVX_1H_20260610_065234.png
 delete mode 100644 charts/screenshots_nasdaq/VVX/VVX_4H_20260609_065122.png
 create mode 100644 charts/screenshots_nasdaq/VVX/VVX_4H_20260610_065234.png
 delete mode 100644 charts/screenshots_nasdaq/VVX/VVX_Daily_20260609_065122.png
 create mode 100644 charts/screenshots_nasdaq/VVX/VVX_Daily_20260610_065234.png
 delete mode 100644 charts/screenshots_nasdaq/VVX/VVX_Monthly_20260609_065122.png
 create mode 100644 charts/screenshots_nasdaq/VVX/VVX_Monthly_20260610_065234.png
 delete mode 100644 charts/screenshots_nasdaq/VVX/VVX_Weekly_20260609_065122.png
 create mode 100644 charts/screenshots_nasdaq/VVX/VVX_Weekly_20260610_065234.png
 delete mode 100644 charts/screenshots_nasdaq/VXX/VXX_1H_20260609_074459.png
 create mode 100644 charts/screenshots_nasdaq/VXX/VXX_1H_20260610_071742.png
 delete mode 100644 charts/screenshots_nasdaq/VXX/VXX_4H_20260609_074459.png
 create mode 100644 charts/screenshots_nasdaq/VXX/VXX_4H_20260610_071742.png
 delete mode 100644 charts/screenshots_nasdaq/VXX/VXX_Daily_20260609_074459.png
 create mode 100644 charts/screenshots_nasdaq/VXX/VXX_Daily_20260610_071742.png
 delete mode 100644 charts/screenshots_nasdaq/VXX/VXX_Monthly_20260609_074459.png
 create mode 100644 charts/screenshots_nasdaq/VXX/VXX_Monthly_20260610_071742.png
 delete mode 100644 charts/screenshots_nasdaq/VXX/VXX_Weekly_20260609_074459.png
 create mode 100644 charts/screenshots_nasdaq/VXX/VXX_Weekly_20260610_071742.png
 delete mode 100644 charts/screenshots_nasdaq/WERN/WERN_1H_20260609_070351.png
 create mode 100644 charts/screenshots_nasdaq/WERN/WERN_1H_20260610_071147.png
 delete mode 100644 charts/screenshots_nasdaq/WERN/WERN_4H_20260609_070351.png
 create mode 100644 charts/screenshots_nasdaq/WERN/WERN_4H_20260610_071147.png
 delete mode 100644 charts/screenshots_nasdaq/WERN/WERN_Daily_20260609_070351.png
 create mode 100644 charts/screenshots_nasdaq/WERN/WERN_Daily_20260610_071147.png
 delete mode 100644 charts/screenshots_nasdaq/WERN/WERN_Monthly_20260609_070351.png
 create mode 100644 charts/screenshots_nasdaq/WERN/WERN_Monthly_20260610_071147.png
 delete mode 100644 charts/screenshots_nasdaq/WERN/WERN_Weekly_20260609_070351.png
 create mode 100644 charts/screenshots_nasdaq/WERN/WERN_Weekly_20260610_071147.png
 delete mode 100644 charts/screenshots_nasdaq/WHR/WHR_1H_20260609_073742.png
 delete mode 100644 charts/screenshots_nasdaq/WHR/WHR_4H_20260609_073742.png
 delete mode 100644 charts/screenshots_nasdaq/WHR/WHR_Daily_20260609_073742.png
 delete mode 100644 charts/screenshots_nasdaq/WHR/WHR_Monthly_20260609_073742.png
 delete mode 100644 charts/screenshots_nasdaq/WHR/WHR_Weekly_20260609_073742.png
 delete mode 100644 charts/screenshots_nasdaq/ZS/ZS_1H_20260609_074936.png
 delete mode 100644 charts/screenshots_nasdaq/ZS/ZS_4H_20260609_074936.png
 delete mode 100644 charts/screenshots_nasdaq/ZS/ZS_Daily_20260609_074936.png
 delete mode 100644 charts/screenshots_nasdaq/ZS/ZS_Monthly_20260609_074936.png
 delete mode 100644 charts/screenshots_nasdaq/ZS/ZS_Weekly_20260609_074936.png
[[NASDAQ/NYSE 차트분석]] GitHub 푸시 완료
[[NASDAQ/NYSE 차트분석]] Google Sheets 업데이트 완료 (51개 종목)
[Paper Trading] NASDAQ ranked_df 스냅샷 저장 완료 (202개 종목)

[요약] 전 종목 스캔 완료 – 총 4351.8초 (72.53분) 소요
