============================================================
[1단계] 전 종목 리스트 수집 및 기본 필터링
============================================================
[ticker_fetcher] 나스닥 FTP 서버에서 종목 리스트 다운로드 중...
[ticker_fetcher] 총 7416개 종목 로드 → 비표준 심볼 1211개 제거 → 6205개 보통주
[ticker_fetcher] 1단계 필터링 배치 1/42 (150개 종목)...
[ticker_fetcher] 1단계 필터링 배치 2/42 (150개 종목)...
[ticker_fetcher] 1단계 필터링 배치 3/42 (150개 종목)...
[ticker_fetcher] 1단계 필터링 배치 4/42 (150개 종목)...
[ticker_fetcher] 1단계 필터링 배치 5/42 (150개 종목)...
[ticker_fetcher] 1단계 필터링 배치 6/42 (150개 종목)...
[ticker_fetcher] 1단계 필터링 배치 7/42 (150개 종목)...
[ticker_fetcher] 1단계 필터링 배치 8/42 (150개 종목)...
[ticker_fetcher] 1단계 필터링 배치 9/42 (150개 종목)...
[ticker_fetcher] 1단계 필터링 배치 10/42 (150개 종목)...
[ticker_fetcher] 1단계 필터링 배치 11/42 (150개 종목)...
[ticker_fetcher] 1단계 필터링 배치 12/42 (150개 종목)...
[ticker_fetcher] 1단계 필터링 배치 13/42 (150개 종목)...
[ticker_fetcher] 1단계 필터링 배치 14/42 (150개 종목)...
[ticker_fetcher] 1단계 필터링 배치 15/42 (150개 종목)...
[ticker_fetcher] 1단계 필터링 배치 16/42 (150개 종목)...
[ticker_fetcher] 1단계 필터링 배치 17/42 (150개 종목)...
[ticker_fetcher] 1단계 필터링 배치 18/42 (150개 종목)...
[ticker_fetcher] 1단계 필터링 배치 19/42 (150개 종목)...
[ticker_fetcher] 1단계 필터링 배치 20/42 (150개 종목)...
[ticker_fetcher] 1단계 필터링 배치 21/42 (150개 종목)...
[ticker_fetcher] 1단계 필터링 배치 22/42 (150개 종목)...
[ticker_fetcher] 1단계 필터링 배치 23/42 (150개 종목)...
[ticker_fetcher] 1단계 필터링 배치 24/42 (150개 종목)...
[ticker_fetcher] 1단계 필터링 배치 25/42 (150개 종목)...
[ticker_fetcher] 1단계 필터링 배치 26/42 (150개 종목)...
[ticker_fetcher] 1단계 필터링 배치 27/42 (150개 종목)...
[ticker_fetcher] 1단계 필터링 배치 28/42 (150개 종목)...
[ticker_fetcher] 1단계 필터링 배치 29/42 (150개 종목)...
[ticker_fetcher] 1단계 필터링 배치 30/42 (150개 종목)...
[ticker_fetcher] 1단계 필터링 배치 31/42 (150개 종목)...
[ticker_fetcher] 1단계 필터링 배치 32/42 (150개 종목)...
[ticker_fetcher] 1단계 필터링 배치 33/42 (150개 종목)...
[ticker_fetcher] 1단계 필터링 배치 34/42 (150개 종목)...
[ticker_fetcher] 1단계 필터링 배치 35/42 (150개 종목)...
[ticker_fetcher] 1단계 필터링 배치 36/42 (150개 종목)...
[ticker_fetcher] 1단계 필터링 배치 37/42 (150개 종목)...
[ticker_fetcher] 1단계 필터링 배치 38/42 (150개 종목)...
[ticker_fetcher] 1단계 필터링 배치 39/42 (150개 종목)...
[ticker_fetcher] 1단계 필터링 배치 40/42 (150개 종목)...
[ticker_fetcher] 1단계 필터링 배치 41/42 (150개 종목)...
[ticker_fetcher] 1단계 필터링 배치 42/42 (55개 종목)...
[ticker_fetcher] 1단계 필터링 완료: 6205개 → 4135개 (가격 ≥ $1.0, 평균 거래량 ≥ 100,000)

============================================================
[2단계] 바닥 탈출 / 강세 돌파 후보 선별
============================================================
[2단계] 배치 1/28 (150개 종목 분석 중)...
[2단계] 배치 2/28 (150개 종목 분석 중)...
[2단계] 배치 3/28 (150개 종목 분석 중)...
[2단계] 배치 4/28 (150개 종목 분석 중)...
[2단계] 배치 5/28 (150개 종목 분석 중)...
[2단계] 배치 6/28 (150개 종목 분석 중)...
[2단계] 배치 7/28 (150개 종목 분석 중)...
[2단계] 배치 8/28 (150개 종목 분석 중)...
[2단계] 배치 9/28 (150개 종목 분석 중)...
[2단계] 배치 10/28 (150개 종목 분석 중)...
[2단계] 배치 11/28 (150개 종목 분석 중)...
[2단계] 배치 12/28 (150개 종목 분석 중)...
[2단계] 배치 13/28 (150개 종목 분석 중)...
[2단계] 배치 14/28 (150개 종목 분석 중)...
[2단계] 배치 15/28 (150개 종목 분석 중)...
[2단계] 배치 16/28 (150개 종목 분석 중)...
[2단계] 배치 17/28 (150개 종목 분석 중)...
[2단계] 배치 18/28 (150개 종목 분석 중)...
[2단계] 배치 19/28 (150개 종목 분석 중)...
[2단계] 배치 20/28 (150개 종목 분석 중)...
[2단계] 배치 21/28 (150개 종목 분석 중)...
[2단계] 배치 22/28 (150개 종목 분석 중)...
[2단계] 배치 23/28 (150개 종목 분석 중)...
[2단계] 배치 24/28 (150개 종목 분석 중)...
[2단계] 배치 25/28 (150개 종목 분석 중)...
[2단계] 배치 26/28 (150개 종목 분석 중)...
[2단계] 배치 27/28 (150개 종목 분석 중)...
[2단계] 배치 28/28 (85개 종목 분석 중)...
[2단계] 필터링 완료: 4135개 → 934개 후보 선별

============================================================
[3단계] 934개 후보 종목 정밀 분석
============================================================
[OHLCV] 배치 다운로드 1/7 (150개 종목, period=5y)...
[OHLCV] 배치 다운로드 2/7 (150개 종목, period=5y)...
[OHLCV] 배치 다운로드 3/7 (150개 종목, period=5y)...
[OHLCV] 배치 다운로드 4/7 (150개 종목, period=5y)...
[OHLCV] 배치 다운로드 5/7 (150개 종목, period=5y)...
[OHLCV] 배치 다운로드 6/7 (150개 종목, period=5y)...
[OHLCV] 배치 다운로드 7/7 (34개 종목, period=5y)...
[DataValidator] 635건의 데이터 품질 경고 발생
Warning:  AARD: Close NaN 비율 74.3% (기준: 30%)
Warning:  AARD: 비정상 가격 변동 56.2% (2026-03-02) — 스플릿/데이터 오류 가능
Warning:  ABAT: 비정상 가격 변동 60.4% (2024-12-23) — 스플릿/데이터 오류 가능
Warning:  ABTC: 비정상 가격 변동 173.1% (2025-05-12) — 스플릿/데이터 오류 가능
Warning:  ACTU: Close NaN 비율 64.3% (기준: 30%)
Warning:  ACXP: 비정상 가격 변동 167.4% (2025-06-17) — 스플릿/데이터 오류 가능
Warning:  ADIL: 비정상 가격 변동 106.2% (2024-04-10) — 스플릿/데이터 오류 가능
Warning:  ADVB: Close NaN 비율 75.5% (기준: 30%)
Warning:  AEHL: 비정상 가격 변동 135.3% (2026-05-08) — 스플릿/데이터 오류 가능
Warning:  AEMD: 비정상 가격 변동 388.2% (2021-06-09) — 스플릿/데이터 오류 가능
Warning:  AGEN: 비정상 가격 변동 58.8% (2024-07-18) — 스플릿/데이터 오류 가능
Warning:  AGIG: 비정상 가격 변동 494.7% (2022-03-07) — 스플릿/데이터 오류 가능
Warning:  AGL: 비정상 가격 변동 117.8% (2026-05-07) — 스플릿/데이터 오류 가능
Warning:  AGPU: 비정상 가격 변동 119.8% (2026-04-01) — 스플릿/데이터 오류 가능
Warning:  AHMA: Close NaN 비율 88.0% (기준: 30%)
Warning:  AHMA: 비정상 가격 변동 198.1% (2025-12-01) — 스플릿/데이터 오류 가능
Warning:  AIIO: 비정상 가격 변동 116.1% (2026-05-14) — 스플릿/데이터 오류 가능
Warning:  AIIR: Close NaN 비율 81.6% (기준: 30%)
Warning:  AIOS: 비정상 가격 변동 136.1% (2026-05-01) — 스플릿/데이터 오류 가능
Warning:  AIRE: Close NaN 비율 48.2% (기준: 30%)
Warning:  AIRE: 비정상 가격 변동 347.4% (2025-07-21) — 스플릿/데이터 오류 가능
Warning:  AIRO: Close NaN 비율 81.0% (기준: 30%)
Warning:  AIRS: 비정상 가격 변동 51.6% (2026-03-16) — 스플릿/데이터 오류 가능
Warning:  AISP: 비정상 가격 변동 200.0% (2024-03-05) — 스플릿/데이터 오류 가능
Warning:  AKAN: 비정상 가격 변동 214.2% (2026-04-22) — 스플릿/데이터 오류 가능
Warning:  AKBA: 비정상 가격 변동 66.0% (2022-03-30) — 스플릿/데이터 오류 가능
Warning:  AKTX: 비정상 가격 변동 255.4% (2026-05-22) — 스플릿/데이터 오류 가능
Warning:  ALAB: Close NaN 비율 56.3% (기준: 30%)
Warning:  ALDX: 비정상 가격 변동 73.3% (2025-04-03) — 스플릿/데이터 오류 가능
Warning:  ALGS: 비정상 가격 변동 56.7% (2022-01-06) — 스플릿/데이터 오류 가능
Warning:  ALOY: 비정상 가격 변동 226.6% (2025-01-22) — 스플릿/데이터 오류 가능
Warning:  ALT: 비정상 가격 변동 54.7% (2023-03-21) — 스플릿/데이터 오류 가능
Warning:  AMBO: 비정상 가격 변동 226.8% (2024-10-07) — 스플릿/데이터 오류 가능
Warning:  AMBQ: Close NaN 비율 83.4% (기준: 30%)
Warning:  AMC: 비정상 가격 변동 95.2% (2021-06-02) — 스플릿/데이터 오류 가능
Warning:  AMST: 비정상 가격 변동 120.1% (2026-05-19) — 스플릿/데이터 오류 가능
Warning:  ANGX: Close NaN 비율 85.8% (기준: 30%)
Warning:  ANNA: 비정상 가격 변동 86.5% (2026-03-20) — 스플릿/데이터 오류 가능
Warning:  ANVS: 비정상 가격 변동 76.1% (2024-07-02) — 스플릿/데이터 오류 가능
Warning:  ANY: 비정상 가격 변동 62.6% (2023-12-05) — 스플릿/데이터 오류 가능
Warning:  APLD: 비정상 가격 변동 100.0% (2022-07-19) — 스플릿/데이터 오류 가능
Warning:  APUS: Close NaN 비율 79.0% (기준: 30%)
Warning:  APUS: 비정상 가격 변동 90.7% (2026-03-26) — 스플릿/데이터 오류 가능
Warning:  APUS: 거래량 0 연속 21일 (기준: 5일) — 상장폐지/거래정지 가능
Warning:  ARBB: Close NaN 비율 37.2% (기준: 30%)
Warning:  ARBB: 비정상 가격 변동 172.6% (2023-12-26) — 스플릿/데이터 오류 가능
Warning:  ARBE: 비정상 가격 변동 52.1% (2025-01-06) — 스플릿/데이터 오류 가능
Warning:  ARCT: 비정상 가격 변동 68.1% (2021-08-03) — 스플릿/데이터 오류 가능
Warning:  AREC: 비정상 가격 변동 83.5% (2025-04-16) — 스플릿/데이터 오류 가능
Warning:  ARQQ: 비정상 가격 변동 56.9% (2025-03-17) — 스플릿/데이터 오류 가능
Warning:  ARTL: 비정상 가격 변동 230.4% (2026-03-27) — 스플릿/데이터 오류 가능
Warning:  ASBP: 비정상 가격 변동 2883.8% (2026-05-11) — 스플릿/데이터 오류 가능
Warning:  ASST: Close NaN 비율 33.9% (기준: 30%)
Warning:  ASST: 비정상 가격 변동 455.7% (2025-05-07) — 스플릿/데이터 오류 가능
Warning:  ASTC: 비정상 가격 변동 459.1% (2026-05-27) — 스플릿/데이터 오류 가능
Warning:  ASTS: 비정상 가격 변동 69.2% (2024-05-29) — 스플릿/데이터 오류 가능
Warning:  ATLN: 비정상 가격 변동 185.2% (2023-02-07) — 스플릿/데이터 오류 가능
Warning:  ATPC: Close NaN 비율 45.8% (기준: 30%)
Warning:  ATPC: 비정상 가격 변동 164.7% (2025-12-11) — 스플릿/데이터 오류 가능
Warning:  AUID: 비정상 가격 변동 72.2% (2026-01-15) — 스플릿/데이터 오류 가능
Warning:  AUUD: 비정상 가격 변동 181.8% (2023-06-12) — 스플릿/데이터 오류 가능
Warning:  AXSM: 비정상 가격 변동 51.4% (2022-06-27) — 스플릿/데이터 오류 가능
Warning:  BATL: 비정상 가격 변동 211.7% (2026-01-26) — 스플릿/데이터 오류 가능
Warning:  BBAI: 비정상 가격 변동 260.5% (2023-01-12) — 스플릿/데이터 오류 가능
Warning:  BBNX: Close NaN 비율 73.5% (기준: 30%)
Warning:  BCTX: 비정상 가격 변동 1494.6% (2025-01-29) — 스플릿/데이터 오류 가능
Warning:  BDMD: 비정상 가격 변동 623.8% (2024-12-31) — 스플릿/데이터 오류 가능
Warning:  BDRX: 비정상 가격 변동 88.6% (2024-03-28) — 스플릿/데이터 오류 가능
Warning:  BDTX: 비정상 가격 변동 235.9% (2023-06-27) — 스플릿/데이터 오류 가능
Warning:  BESS: 비정상 가격 변동 7042.9% (2025-02-10) — 스플릿/데이터 오류 가능
Warning:  BESS: 거래량 0 연속 6일 (기준: 5일) — 상장폐지/거래정지 가능
Warning:  BETA: Close NaN 비율 88.8% (기준: 30%)
Warning:  BETR: 비정상 가격 변동 223.0% (2023-07-25) — 스플릿/데이터 오류 가능
Warning:  BGDE: 비정상 가격 변동 94.1% (2024-12-05) — 스플릿/데이터 오류 가능
Warning:  BIAF: 비정상 가격 변동 319.2% (2025-04-01) — 스플릿/데이터 오류 가능
Warning:  BIRD: 비정상 가격 변동 582.3% (2026-04-15) — 스플릿/데이터 오류 가능
Warning:  BIYA: Close NaN 비율 76.3% (기준: 30%)
Warning:  BIYA: 비정상 가격 변동 110.4% (2026-05-22) — 스플릿/데이터 오류 가능
Warning:  BKKT: 비정상 가격 변동 234.4% (2021-10-25) — 스플릿/데이터 오류 가능
Warning:  BKSY: 비정상 가격 변동 97.5% (2022-05-25) — 스플릿/데이터 오류 가능
Warning:  BLNE: 비정상 가격 변동 89.5% (2024-09-05) — 스플릿/데이터 오류 가능
Warning:  BLSH: Close NaN 비율 84.2% (기준: 30%)
Warning:  BMEA: 비정상 가격 변동 99.0% (2023-03-28) — 스플릿/데이터 오류 가능
Warning:  BMNR: Close NaN 비율 80.5% (기준: 30%)
Warning:  BMNR: 비정상 가격 변동 694.8% (2025-06-30) — 스플릿/데이터 오류 가능
Warning:  BNAI: 비정상 가격 변동 276.7% (2026-01-26) — 스플릿/데이터 오류 가능
Warning:  BNC: 비정상 가격 변동 548.8% (2025-07-28) — 스플릿/데이터 오류 가능
Warning:  BNKK: 비정상 가격 변동 51.1% (2025-08-11) — 스플릿/데이터 오류 가능
Warning:  BNRG: 비정상 가격 변동 140.3% (2024-08-30) — 스플릿/데이터 오류 가능
Warning:  BNZI: 비정상 가격 변동 97.6% (2024-09-20) — 스플릿/데이터 오류 가능
Warning:  BRCB: Close NaN 비율 85.9% (기준: 30%)
Warning:  BRLS: 비정상 가격 변동 134.3% (2026-02-09) — 스플릿/데이터 오류 가능
Warning:  BRR: Close NaN 비율 80.6% (기준: 30%)
Warning:  BRUN: Close NaN 비율 72.0% (기준: 30%)
Warning:  BTAI: 비정상 가격 변동 85.4% (2025-08-04) — 스플릿/데이터 오류 가능
Warning:  BTBD: 비정상 가격 변동 67.7% (2025-08-04) — 스플릿/데이터 오류 가능
Warning:  BTBT: 비정상 가격 변동 109.7% (2021-07-26) — 스플릿/데이터 오류 가능
Warning:  BTCS: 비정상 가격 변동 111.1% (2025-07-08) — 스플릿/데이터 오류 가능
Warning:  BTQ: Close NaN 비율 86.7% (기준: 30%)
Warning:  BTQ: 비정상 가격 변동 51.5% (2025-10-07) — 스플릿/데이터 오류 가능
Warning:  BTSG: Close NaN 비율 53.4% (기준: 30%)
Warning:  BULL: 비정상 가격 변동 374.7% (2025-04-14) — 스플릿/데이터 오류 가능
Warning:  BUR: 비정상 가격 변동 53.2% (2023-03-31) — 스플릿/데이터 오류 가능
Warning:  BZAI: 비정상 가격 변동 58.7% (2025-07-18) — 스플릿/데이터 오류 가능
Warning:  CAI: Close NaN 비율 81.2% (기준: 30%)
Warning:  CANF: 비정상 가격 변동 69.3% (2021-12-20) — 스플릿/데이터 오류 가능
Warning:  CAR: 비정상 가격 변동 108.3% (2021-11-02) — 스플릿/데이터 오류 가능
Warning:  CBUS: 비정상 가격 변동 89.8% (2023-01-17) — 스플릿/데이터 오류 가능
Warning:  CCCC: 비정상 가격 변동 135.5% (2023-12-13) — 스플릿/데이터 오류 가능
Warning:  CD: 비정상 가격 변동 81.4% (2024-11-11) — 스플릿/데이터 오류 가능
Warning:  CDT: 비정상 가격 변동 83.9% (2025-02-07) — 스플릿/데이터 오류 가능
Warning:  CEPT: Close NaN 비율 78.6% (기준: 30%)
Warning:  CGTX: 비정상 가격 변동 62.2% (2022-08-04) — 스플릿/데이터 오류 가능
Warning:  CHA: Close NaN 비율 77.8% (기준: 30%)
Warning:  CHAI: 비정상 가격 변동 101.2% (2025-05-20) — 스플릿/데이터 오류 가능
Warning:  CHSN: Close NaN 비율 36.9% (기준: 30%)
Warning:  CHSN: 비정상 가격 변동 387.2% (2024-10-04) — 스플릿/데이터 오류 가능
Warning:  CHYM: Close NaN 비율 80.9% (기준: 30%)
Warning:  CING: 비정상 가격 변동 268.5% (2024-08-16) — 스플릿/데이터 오류 가능
Warning:  CISS: Close NaN 비율 41.0% (기준: 30%)
Warning:  CISS: 비정상 가격 변동 84.2% (2025-10-07) — 스플릿/데이터 오류 가능
Warning:  CLIK: Close NaN 비율 67.5% (기준: 30%)
Warning:  CLIK: 비정상 가격 변동 153.6% (2025-05-15) — 스플릿/데이터 오류 가능
Warning:  CLPT: 비정상 가격 변동 58.6% (2025-09-24) — 스플릿/데이터 오류 가능
Warning:  CLRB: 비정상 가격 변동 75.8% (2024-12-11) — 스플릿/데이터 오류 가능
Warning:  CLYM: 비정상 가격 변동 71.5% (2024-04-11) — 스플릿/데이터 오류 가능
Warning:  CMND: 비정상 가격 변동 62.2% (2023-04-04) — 스플릿/데이터 오류 가능
Warning:  CMPX: 비정상 가격 변동 64.4% (2026-04-27) — 스플릿/데이터 오류 가능
Warning:  CNCK: 비정상 가격 변동 143.2% (2025-12-01) — 스플릿/데이터 오류 가능
Warning:  CNSP: 비정상 가격 변동 243.1% (2023-04-14) — 스플릿/데이터 오류 가능
Warning:  CNTN: 비정상 가격 변동 206.8% (2025-08-20) — 스플릿/데이터 오류 가능
Warning:  CNVS: 비정상 가격 변동 51.6% (2024-02-14) — 스플릿/데이터 오류 가능
Warning:  CODX: 비정상 가격 변동 259.0% (2025-10-27) — 스플릿/데이터 오류 가능
Warning:  CON: Close NaN 비율 63.3% (기준: 30%)
Warning:  CORZ: Close NaN 비율 53.2% (기준: 30%)
Warning:  CPIX: 비정상 가격 변동 128.6% (2021-11-30) — 스플릿/데이터 오류 가능
Warning:  CPSH: 비정상 가격 변동 85.3% (2026-05-26) — 스플릿/데이터 오류 가능
Warning:  CRBP: 비정상 가격 변동 249.4% (2024-01-26) — 스플릿/데이터 오류 가능
Warning:  CRCL: Close NaN 비율 80.5% (기준: 30%)
Warning:  CRDF: 비정상 가격 변동 64.4% (2024-03-01) — 스플릿/데이터 오류 가능
Warning:  CRE: Close NaN 비율 83.0% (기준: 30%)
Warning:  CRE: 비정상 가격 변동 78.6% (2025-08-13) — 스플릿/데이터 오류 가능
Warning:  CRML: 비정상 가격 변동 120.6% (2024-02-27) — 스플릿/데이터 오류 가능
Warning:  CSTL: 비정상 가격 변동 52.9% (2023-07-07) — 스플릿/데이터 오류 가능
Warning:  CTEV: 비정상 가격 변동 94.9% (2024-12-24) — 스플릿/데이터 오류 가능
Warning:  CTNT: Close NaN 비율 43.6% (기준: 30%)
Warning:  CTNT: 비정상 가격 변동 437.8% (2024-05-14) — 스플릿/데이터 오류 가능
Warning:  CUPR: Close NaN 비율 77.5% (기준: 30%)
Warning:  CUPR: 비정상 가격 변동 130.8% (2025-09-10) — 스플릿/데이터 오류 가능
Warning:  CURI: 비정상 가격 변동 64.9% (2024-03-21) — 스플릿/데이터 오류 가능
Warning:  CV: Close NaN 비율 81.9% (기준: 30%)
Warning:  CYN: 비정상 가격 변동 208.3% (2025-02-10) — 스플릿/데이터 오류 가능
Warning:  CYPH: 비정상 가격 변동 368.0% (2025-11-12) — 스플릿/데이터 오류 가능
Warning:  CYTK: 비정상 가격 변동 82.5% (2023-12-27) — 스플릿/데이터 오류 가능
Warning:  DFDV: Close NaN 비율 43.2% (기준: 30%)
Warning:  DFDV: 비정상 가격 변동 842.5% (2025-04-07) — 스플릿/데이터 오류 가능
Warning:  DFLI: 비정상 가격 변동 102.6% (2022-10-05) — 스플릿/데이터 오류 가능
Warning:  DFSC: 비정상 가격 변동 5714.8% (2022-11-01) — 스플릿/데이터 오류 가능
Warning:  DGNX: Close NaN 비율 73.1% (기준: 30%)
Warning:  DGNX: 비정상 가격 변동 234.6% (2025-01-29) — 스플릿/데이터 오류 가능
Warning:  DJT: 비정상 가격 변동 356.8% (2021-10-21) — 스플릿/데이터 오류 가능
Warning:  DOMH: 비정상 가격 변동 91.3% (2025-02-10) — 스플릿/데이터 오류 가능
Warning:  DPRO: 비정상 가격 변동 52.8% (2024-02-22) — 스플릿/데이터 오류 가능
Warning:  DRCT: 비정상 가격 변동 900.0% (2024-12-23) — 스플릿/데이터 오류 가능
Warning:  DTCX: 비정상 가격 변동 69.3% (2023-05-12) — 스플릿/데이터 오류 가능
Warning:  ECOR: 비정상 가격 변동 63.9% (2022-01-12) — 스플릿/데이터 오류 가능
Warning:  ECX: 비정상 가격 변동 95.9% (2023-02-22) — 스플릿/데이터 오류 가능
Warning:  EDHL: Close NaN 비율 77.8% (기준: 30%)
Warning:  EDHL: 비정상 가격 변동 114.4% (2025-10-14) — 스플릿/데이터 오류 가능
Warning:  EDSA: 비정상 가격 변동 102.7% (2021-09-20) — 스플릿/데이터 오류 가능
Warning:  EEIQ: 비정상 가격 변동 209.2% (2026-03-26) — 스플릿/데이터 오류 가능
Warning:  EFOR: 비정상 가격 변동 51.7% (2026-04-23) — 스플릿/데이터 오류 가능
Warning:  ELAB: Close NaN 비율 49.9% (기준: 30%)
Warning:  ELAB: 비정상 가격 변동 133.7% (2026-04-01) — 스플릿/데이터 오류 가능
Warning:  ELUT: 비정상 가격 변동 62.8% (2023-03-20) — 스플릿/데이터 오류 가능
Warning:  EMBC: 비정상 가격 변동 57.8% (2026-05-05) — 스플릿/데이터 오류 가능
Warning:  EMPD: 비정상 가격 변동 134.3% (2025-07-17) — 스플릿/데이터 오류 가능
Warning:  ENGN: 비정상 가격 변동 116.5% (2024-02-14) — 스플릿/데이터 오류 가능
Warning:  ENGS: Close NaN 비율 76.9% (기준: 30%)
Warning:  ENGS: 비정상 가격 변동 67.6% (2025-11-06) — 스플릿/데이터 오류 가능
Warning:  ENLT: Close NaN 비율 32.1% (기준: 30%)
Warning:  ENLT: 비정상 가격 변동 582.7% (2023-02-10) — 스플릿/데이터 오류 가능
Warning:  ENVB: 비정상 가격 변동 136.2% (2023-05-18) — 스플릿/데이터 오류 가능
Warning:  EQ: 비정상 가격 변동 82.1% (2025-08-01) — 스플릿/데이터 오류 가능
Warning:  ERNA: 비정상 가격 변동 66.6% (2026-05-12) — 스플릿/데이터 오류 가능
Warning:  EVC: 비정상 가격 변동 93.2% (2026-05-06) — 스플릿/데이터 오류 가능
Warning:  EVGO: 비정상 가격 변동 60.8% (2024-10-03) — 스플릿/데이터 오류 가능
Warning:  EVTL: 비정상 가격 변동 72.4% (2022-07-15) — 스플릿/데이터 오류 가능
Warning:  EZGO: 비정상 가격 변동 91.6% (2026-05-06) — 스플릿/데이터 오류 가능
Warning:  EZRA: 비정상 가격 변동 159.2% (2024-12-23) — 스플릿/데이터 오류 가능
Warning:  FATE: 비정상 가격 변동 61.5% (2023-01-06) — 스플릿/데이터 오류 가능
Warning:  FATN: Close NaN 비율 77.3% (기준: 30%)
Warning:  FBLG: Close NaN 비율 53.6% (기준: 30%)
Warning:  FBLG: 비정상 가격 변동 88.4% (2024-02-13) — 스플릿/데이터 오류 가능
Warning:  FCHL: Close NaN 비율 85.4% (기준: 30%)
Warning:  FCHL: 비정상 가격 변동 107.6% (2026-03-26) — 스플릿/데이터 오류 가능
Warning:  FEAM: 비정상 가격 변동 51.5% (2024-12-30) — 스플릿/데이터 오류 가능
Warning:  FENC: 비정상 가격 변동 50.4% (2021-11-29) — 스플릿/데이터 오류 가능
Warning:  FGL: Close NaN 비율 68.3% (기준: 30%)
Warning:  FGL: 비정상 가격 변동 56.0% (2026-02-10) — 스플릿/데이터 오류 가능
Warning:  FGNX: 비정상 가격 변동 84.2% (2025-08-01) — 스플릿/데이터 오류 가능
Warning:  FIG: Close NaN 비율 83.5% (기준: 30%)
Warning:  FIGR: Close NaN 비율 85.8% (기준: 30%)
Warning:  FLNA: 비정상 가격 변동 83.8% (2024-11-25) — 스플릿/데이터 오류 가능
Warning:  FLUX: 비정상 가격 변동 52.2% (2025-09-16) — 스플릿/데이터 오류 가능
Warning:  FLYX: Close NaN 비율 52.0% (기준: 30%)
Warning:  FLYX: 비정상 가격 변동 130.3% (2026-01-08) — 스플릿/데이터 오류 가능
Warning:  FMST: Close NaN 비율 42.1% (기준: 30%)
Warning:  FMST: 비정상 가격 변동 51.1% (2025-05-12) — 스플릿/데이터 오류 가능
Warning:  FNKO: 비정상 가격 변동 59.4% (2022-11-04) — 스플릿/데이터 오류 가능
Warning:  FNUC: 비정상 가격 변동 348.1% (2024-12-18) — 스플릿/데이터 오류 가능
Warning:  FRGT: 비정상 가격 변동 114.3% (2023-12-14) — 스플릿/데이터 오류 가능
Warning:  FRMI: Close NaN 비율 86.9% (기준: 30%)
Warning:  FRMM: 비정상 가격 변동 325.7% (2024-10-16) — 스플릿/데이터 오류 가능
Warning:  FTCI: 비정상 가격 변동 104.0% (2024-09-11) — 스플릿/데이터 오류 가능
Warning:  FTFT: 비정상 가격 변동 160.9% (2025-07-11) — 스플릿/데이터 오류 가능
Warning:  FTK: 비정상 가격 변동 70.9% (2022-02-17) — 스플릿/데이터 오류 가능
Warning:  FUBO: 비정상 가격 변동 251.4% (2025-01-06) — 스플릿/데이터 오류 가능
Warning:  FUFU: 비정상 가격 변동 105.8% (2024-03-04) — 스플릿/데이터 오류 가능
Warning:  FULC: 비정상 가격 변동 125.3% (2021-08-10) — 스플릿/데이터 오류 가능
Warning:  FUSE: 비정상 가격 변동 117.0% (2025-08-19) — 스플릿/데이터 오류 가능
Warning:  FUSE: 거래량 0 연속 37일 (기준: 5일) — 상장폐지/거래정지 가능
Warning:  FWDI: 비정상 가격 변동 58.7% (2025-09-08) — 스플릿/데이터 오류 가능
Warning:  GALT: 비정상 가격 변동 60.4% (2025-06-17) — 스플릿/데이터 오류 가능
Warning:  GAMB: 비정상 가격 변동 66.9% (2021-08-27) — 스플릿/데이터 오류 가능
Warning:  GBTG: 비정상 가격 변동 57.5% (2026-05-04) — 스플릿/데이터 오류 가능
Warning:  GEMI: Close NaN 비율 85.9% (기준: 30%)
Warning:  GEOS: 비정상 가격 변동 60.1% (2025-06-23) — 스플릿/데이터 오류 가능
Warning:  GETY: 비정상 가격 변동 149.0% (2022-07-29) — 스플릿/데이터 오류 가능
Warning:  GITS: Close NaN 비율 43.6% (기준: 30%)
Warning:  GITS: 비정상 가격 변동 3044.3% (2025-01-27) — 스플릿/데이터 오류 가능
Warning:  GMEX: Close NaN 비율 44.0% (기준: 30%)
Warning:  GMEX: 비정상 가격 변동 81.8% (2024-12-18) — 스플릿/데이터 오류 가능
Warning:  GNLX: Close NaN 비율 33.4% (기준: 30%)
Warning:  GNLX: 비정상 가격 변동 60.4% (2023-03-06) — 스플릿/데이터 오류 가능
Warning:  GOTU: 비정상 가격 변동 63.3% (2021-07-23) — 스플릿/데이터 오류 가능
Warning:  GOVX: 비정상 가격 변동 150.4% (2022-07-25) — 스플릿/데이터 오류 가능
Warning:  GP: 비정상 가격 변동 51.0% (2026-01-09) — 스플릿/데이터 오류 가능
Warning:  GPCR: Close NaN 비율 33.9% (기준: 30%)
Warning:  GPCR: 비정상 가격 변동 102.5% (2025-12-08) — 스플릿/데이터 오류 가능
Warning:  GRCE: 비정상 가격 변동 52.3% (2021-12-22) — 스플릿/데이터 오류 가능
Warning:  GXAI: Close NaN 비율 34.5% (기준: 30%)
Warning:  GXAI: 비정상 가격 변동 177.3% (2024-02-16) — 스플릿/데이터 오류 가능
Warning:  HCAI: Close NaN 비율 73.9% (기준: 30%)
Warning:  HCAI: 비정상 가격 변동 142.2% (2026-04-07) — 스플릿/데이터 오류 가능
Warning:  HCTI: 비정상 가격 변동 233.3% (2025-06-12) — 스플릿/데이터 오류 가능
Warning:  HCWB: 비정상 가격 변동 320.3% (2024-11-18) — 스플릿/데이터 오류 가능
Warning:  HDRN: Close NaN 비율 65.9% (기준: 30%)
Warning:  HDRN: 거래량 0 연속 8일 (기준: 5일) — 상장폐지/거래정지 가능
Warning:  HERE: Close NaN 비율 33.3% (기준: 30%)
Warning:  HERE: 비정상 가격 변동 130.3% (2023-05-24) — 스플릿/데이터 오류 가능
Warning:  HOLO: 비정상 가격 변동 1092.1% (2024-02-07) — 스플릿/데이터 오류 가능
Warning:  HOOD: 비정상 가격 변동 50.4% (2021-08-04) — 스플릿/데이터 오류 가능
Warning:  HOUR: 비정상 가격 변동 207.7% (2024-12-24) — 스플릿/데이터 오류 가능
Warning:  HSDT: 비정상 가격 변동 145.3% (2022-08-03) — 스플릿/데이터 오류 가능
Warning:  HTCO: 비정상 가격 변동 239.7% (2026-04-27) — 스플릿/데이터 오류 가능
Warning:  HTCR: 비정상 가격 변동 114.7% (2022-06-08) — 스플릿/데이터 오류 가능
Warning:  HYLN: 비정상 가격 변동 50.0% (2025-05-28) — 스플릿/데이터 오류 가능
Warning:  HYPD: 비정상 가격 변동 134.7% (2025-06-17) — 스플릿/데이터 오류 가능
Warning:  ICON: Close NaN 비율 62.5% (기준: 30%)
Warning:  ICON: 비정상 가격 변동 63.1% (2025-06-13) — 스플릿/데이터 오류 가능
Warning:  IDN: 비정상 가격 변동 74.9% (2024-03-22) — 스플릿/데이터 오류 가능
Warning:  IMSR: Close NaN 비율 67.6% (기준: 30%)
Warning:  INBS: 비정상 가격 변동 293.1% (2023-01-23) — 스플릿/데이터 오류 가능
Warning:  INDO: 비정상 가격 변동 110.4% (2022-01-27) — 스플릿/데이터 오류 가능
Warning:  INHD: Close NaN 비율 51.2% (기준: 30%)
Warning:  INHD: 비정상 가격 변동 262.6% (2025-08-25) — 스플릿/데이터 오류 가능
Warning:  INM: 비정상 가격 변동 191.2% (2024-08-20) — 스플릿/데이터 오류 가능
Warning:  INMB: 비정상 가격 변동 56.7% (2025-06-30) — 스플릿/데이터 오류 가능
Warning:  IPST: Close NaN 비율 70.0% (기준: 30%)
Warning:  IPST: 비정상 가격 변동 66.7% (2025-09-22) — 스플릿/데이터 오류 가능
Warning:  IQST: 비정상 가격 변동 65.2% (2023-07-05) — 스플릿/데이터 오류 가능
Warning:  ISPC: 비정상 가격 변동 159.7% (2025-09-09) — 스플릿/데이터 오류 가능
Warning:  IVVD: 비정상 가격 변동 196.1% (2025-02-03) — 스플릿/데이터 오류 가능
Warning:  IXHL: 비정상 가격 변동 723.5% (2025-05-14) — 스플릿/데이터 오류 가능
Warning:  JAGX: 비정상 가격 변동 86.9% (2026-01-16) — 스플릿/데이터 오류 가능
Warning:  JANX: 비정상 가격 변동 229.5% (2024-02-27) — 스플릿/데이터 오류 가능
Warning:  JDZG: Close NaN 비율 59.4% (기준: 30%)
Warning:  JDZG: 비정상 가격 변동 136.1% (2024-10-17) — 스플릿/데이터 오류 가능
Warning:  JEM: Close NaN 비율 80.6% (기준: 30%)
Warning:  JEM: 비정상 가격 변동 130.5% (2025-09-09) — 스플릿/데이터 오류 가능
Warning:  JFB: Close NaN 비율 75.5% (기준: 30%)
Warning:  JFB: 비정상 가격 변동 85.4% (2025-09-29) — 스플릿/데이터 오류 가능
Warning:  JTAI: 비정상 가격 변동 150.0% (2025-02-19) — 스플릿/데이터 오류 가능
Warning:  JZXN: 비정상 가격 변동 89.7% (2026-02-10) — 스플릿/데이터 오류 가능
Warning:  KD: 비정상 가격 변동 54.9% (2026-02-09) — 스플릿/데이터 오류 가능
Warning:  KITT: 비정상 가격 변동 139.0% (2025-01-03) — 스플릿/데이터 오류 가능
Warning:  KLAR: Close NaN 비율 85.8% (기준: 30%)
Warning:  KLC: Close NaN 비율 67.5% (기준: 30%)
Warning:  KLRS: 비정상 가격 변동 67.2% (2023-12-22) — 스플릿/데이터 오류 가능
Warning:  KRRO: 비정상 가격 변동 93.7% (2024-10-16) — 스플릿/데이터 오류 가능
Warning:  KSCP: 비정상 가격 변동 175.6% (2022-01-28) — 스플릿/데이터 오류 가능
Warning:  KULR: 비정상 가격 변동 75.6% (2024-11-25) — 스플릿/데이터 오류 가능
Warning:  KVYO: Close NaN 비율 46.4% (기준: 30%)
Warning:  KXIN: 비정상 가격 변동 171.4% (2024-10-02) — 스플릿/데이터 오류 가능
Warning:  LAES: Close NaN 비율 39.8% (기준: 30%)
Warning:  LAES: 비정상 가격 변동 102.3% (2023-05-24) — 스플릿/데이터 오류 가능
Warning:  LAW: 비정상 가격 변동 53.6% (2022-08-12) — 스플릿/데이터 오류 가능
Warning:  LESL: 비정상 가격 변동 144.8% (2026-05-14) — 스플릿/데이터 오류 가능
Warning:  LFS: Close NaN 비율 87.4% (기준: 30%)
Warning:  LFS: 비정상 가격 변동 576.8% (2025-11-11) — 스플릿/데이터 오류 가능
Warning:  LICN: Close NaN 비율 33.9% (기준: 30%)
Warning:  LICN: 비정상 가격 변동 15163.2% (2025-03-03) — 스플릿/데이터 오류 가능
Warning:  LIDR: 비정상 가격 변동 158.4% (2025-07-24) — 스플릿/데이터 오류 가능
Warning:  LIF: Close NaN 비율 60.6% (기준: 30%)
Warning:  LINE: Close NaN 비율 63.3% (기준: 30%)
Warning:  LITS: 비정상 가격 변동 65.2% (2022-03-25) — 스플릿/데이터 오류 가능
Warning:  LNAI: 비정상 가격 변동 162.7% (2026-03-17) — 스플릿/데이터 오류 가능
Warning:  LNKS: Close NaN 비율 70.7% (기준: 30%)
Warning:  LNKS: 비정상 가격 변동 86.1% (2026-03-23) — 스플릿/데이터 오류 가능
Warning:  LPCN: 비정상 가격 변동 77.8% (2026-04-02) — 스플릿/데이터 오류 가능
Warning:  LPSN: 비정상 가격 변동 57.7% (2023-03-16) — 스플릿/데이터 오류 가능
Warning:  LRHC: Close NaN 비율 47.4% (기준: 30%)
Warning:  LRHC: 비정상 가격 변동 130.6% (2024-10-23) — 스플릿/데이터 오류 가능
Warning:  LTBR: 비정상 가격 변동 57.5% (2024-10-18) — 스플릿/데이터 오류 가능
Warning:  LUD: Close NaN 비율 75.1% (기준: 30%)
Warning:  LUD: 비정상 가격 변동 62.6% (2025-09-02) — 스플릿/데이터 오류 가능
Warning:  LUNG: 비정상 가격 변동 60.9% (2022-11-04) — 스플릿/데이터 오류 가능
Warning:  LUNR: 비정상 가격 변동 251.4% (2023-02-16) — 스플릿/데이터 오류 가능
Warning:  LVWR: 비정상 가격 변동 153.5% (2025-05-27) — 스플릿/데이터 오류 가능
Warning:  LXEO: Close NaN 비율 48.9% (기준: 30%)
Warning:  LXEO: 비정상 가격 변동 50.9% (2025-03-24) — 스플릿/데이터 오류 가능
Warning:  LZMH: Close NaN 비율 75.1% (기준: 30%)
Warning:  LZMH: 비정상 가격 변동 84.0% (2026-04-17) — 스플릿/데이터 오류 가능
Warning:  MASK: Close NaN 비율 72.4% (기준: 30%)
Warning:  MASK: 비정상 가격 변동 83.1% (2026-03-31) — 스플릿/데이터 오류 가능
Warning:  MBOT: 비정상 가격 변동 159.3% (2023-05-22) — 스플릿/데이터 오류 가능
Warning:  MBRX: 비정상 가격 변동 202.4% (2025-02-13) — 스플릿/데이터 오류 가능
Warning:  MDV: 비정상 가격 변동 50.8% (2022-02-15) — 스플릿/데이터 오류 가능
Warning:  MDXG: 비정상 가격 변동 59.6% (2021-09-13) — 스플릿/데이터 오류 가능
Warning:  MGNX: 비정상 가격 변동 77.4% (2024-05-10) — 스플릿/데이터 오류 가능
Warning:  MGX: Close NaN 비율 54.2% (기준: 30%)
Warning:  MGX: 비정상 가격 변동 125.4% (2024-12-09) — 스플릿/데이터 오류 가능
Warning:  MIST: 비정상 가격 변동 60.9% (2025-03-28) — 스플릿/데이터 오류 가능
Warning:  MLEC: 비정상 가격 변동 251.3% (2023-01-06) — 스플릿/데이터 오류 가능
Warning:  MLGO: 비정상 가격 변동 669.9% (2024-06-04) — 스플릿/데이터 오류 가능
Warning:  MLTX: 비정상 가격 변동 89.9% (2025-09-29) — 스플릿/데이터 오류 가능
Warning:  MNTN: Close NaN 비율 79.8% (기준: 30%)
Warning:  MOBX: 비정상 가격 변동 532.8% (2026-03-03) — 스플릿/데이터 오류 가능
Warning:  MRLN: Close NaN 비율 70.4% (기준: 30%)
Warning:  MRM: 비정상 가격 변동 135.9% (2024-08-26) — 스플릿/데이터 오류 가능
Warning:  MSW: Close NaN 비율 70.0% (기준: 30%)
Warning:  MTEK: 비정상 가격 변동 50.6% (2025-09-29) — 스플릿/데이터 오류 가능
Warning:  MTVA: 비정상 가격 변동 115.5% (2025-09-15) — 스플릿/데이터 오류 가능
Warning:  MVST: 비정상 가격 변동 339.2% (2024-11-13) — 스플릿/데이터 오류 가능
Warning:  MWG: Close NaN 비율 37.1% (기준: 30%)
Warning:  MWG: 비정상 가격 변동 74.4% (2023-04-28) — 스플릿/데이터 오류 가능
Warning:  MXL: 비정상 가격 변동 76.1% (2026-04-24) — 스플릿/데이터 오류 가능
Warning:  MYSE: 비정상 가격 변동 355.6% (2025-01-07) — 스플릿/데이터 오류 가능
Warning:  NAGE: 비정상 가격 변동 67.9% (2024-11-01) — 스플릿/데이터 오류 가능
Warning:  NAKA: Close NaN 비율 60.3% (기준: 30%)
Warning:  NAKA: 비정상 가격 변동 251.0% (2025-05-12) — 스플릿/데이터 오류 가능
Warning:  NAMM: Close NaN 비율 80.6% (기준: 30%)
Warning:  NAMM: 비정상 가격 변동 130.6% (2026-01-21) — 스플릿/데이터 오류 가능
Warning:  NAVN: Close NaN 비율 88.6% (기준: 30%)
Warning:  NB: Close NaN 비율 36.3% (기준: 30%)
Warning:  NCI: Close NaN 비율 58.2% (기준: 30%)
Warning:  NCI: 비정상 가격 변동 238.5% (2026-02-11) — 스플릿/데이터 오류 가능
Warning:  NCPL: 비정상 가격 변동 112.4% (2025-12-09) — 스플릿/데이터 오류 가능
Warning:  NEGG: 비정상 가격 변동 148.4% (2021-07-07) — 스플릿/데이터 오류 가능
Warning:  NEON: 비정상 가격 변동 71.4% (2025-09-04) — 스플릿/데이터 오류 가능
Warning:  NEXR: 비정상 가격 변동 1360.0% (2024-11-20) — 스플릿/데이터 오류 가능
Warning:  NIQ: Close NaN 비율 83.0% (기준: 30%)
Warning:  NKLR: Close NaN 비율 87.2% (기준: 30%)
Warning:  NMAX: Close NaN 비율 76.8% (기준: 30%)
Warning:  NMAX: 비정상 가격 변동 179.0% (2025-04-01) — 스플릿/데이터 오류 가능
Warning:  NMG: 비정상 가격 변동 51.8% (2025-10-13) — 스플릿/데이터 오류 가능
Warning:  NNE: Close NaN 비율 59.0% (기준: 30%)
Warning:  NNOX: 비정상 가격 변동 68.4% (2023-05-01) — 스플릿/데이터 오류 가능
Warning:  NRXP: 비정상 가격 변동 62.7% (2021-07-22) — 스플릿/데이터 오류 가능
Warning:  NTHI: Close NaN 비율 76.6% (기준: 30%)
Warning:  NTHI: 비정상 가격 변동 57.9% (2025-07-02) — 스플릿/데이터 오류 가능
Warning:  NTLA: 비정상 가격 변동 50.2% (2021-06-28) — 스플릿/데이터 오류 가능
Warning:  NTSK: Close NaN 비율 86.2% (기준: 30%)
Warning:  NVA: Close NaN 비율 63.2% (기준: 30%)
Warning:  NVA: 비정상 가격 변동 110.3% (2025-10-14) — 스플릿/데이터 오류 가능
Warning:  NVA: 거래량 0 연속 6일 (기준: 5일) — 상장폐지/거래정지 가능
Warning:  NVAX: 비정상 가격 변동 98.7% (2024-05-10) — 스플릿/데이터 오류 가능
Warning:  NVNI: 비정상 가격 변동 317.2% (2024-12-19) — 스플릿/데이터 오류 가능
Warning:  OABI: 비정상 가격 변동 60.7% (2022-11-02) — 스플릿/데이터 오류 가능
Warning:  OCC: 비정상 가격 변동 58.1% (2024-12-23) — 스플릿/데이터 오류 가능
Warning:  OCG: 비정상 가격 변동 292.0% (2025-12-09) — 스플릿/데이터 오류 가능
Warning:  ODD: Close NaN 비율 42.9% (기준: 30%)
Warning:  OIO: 비정상 가격 변동 58.4% (2026-04-24) — 스플릿/데이터 오류 가능
Warning:  OKLO: 비정상 가격 변동 53.6% (2024-05-10) — 스플릿/데이터 오류 가능
Warning:  OLMA: 비정상 가격 변동 136.4% (2025-11-18) — 스플릿/데이터 오류 가능
Warning:  OM: 비정상 가격 변동 68.5% (2024-08-08) — 스플릿/데이터 오류 가능
Warning:  OMEX: 비정상 가격 변동 182.3% (2024-09-18) — 스플릿/데이터 오류 가능
Warning:  ONCO: 비정상 가격 변동 199.6% (2022-08-17) — 스플릿/데이터 오류 가능
Warning:  OPEN: 비정상 가격 변동 79.5% (2025-09-11) — 스플릿/데이터 오류 가능
Warning:  OPRX: 비정상 가격 변동 51.7% (2025-03-12) — 스플릿/데이터 오류 가능
Warning:  OPTX: 비정상 가격 변동 98.3% (2024-12-17) — 스플릿/데이터 오류 가능
Warning:  ORGN: 비정상 가격 변동 66.4% (2023-08-10) — 스플릿/데이터 오류 가능
Warning:  ORGO: 비정상 가격 변동 102.3% (2025-02-28) — 스플릿/데이터 오류 가능
Warning:  ORKT: Close NaN 비율 63.3% (기준: 30%)
Warning:  ORKT: 비정상 가격 변동 147.6% (2025-12-08) — 스플릿/데이터 오류 가능
Warning:  OSS: 비정상 가격 변동 56.9% (2026-05-06) — 스플릿/데이터 오류 가능
Warning:  PACB: 비정상 가격 변동 50.7% (2024-04-16) — 스플릿/데이터 오류 가능
Warning:  PACK: 비정상 가격 변동 51.7% (2024-03-12) — 스플릿/데이터 오류 가능
Warning:  PAL: Close NaN 비율 59.1% (기준: 30%)
Warning:  PAPL: Close NaN 비율 48.8% (기준: 30%)
Warning:  PAPL: 비정상 가격 변동 73.8% (2025-08-08) — 스플릿/데이터 오류 가능
Warning:  PBM: 비정상 가격 변동 103.8% (2026-04-16) — 스플릿/데이터 오류 가능
Warning:  PCLA: Close NaN 비율 72.8% (기준: 30%)
Warning:  PCLA: 비정상 가격 변동 194.2% (2026-05-22) — 스플릿/데이터 오류 가능
Warning:  PEPG: 비정상 가격 변동 121.1% (2025-09-25) — 스플릿/데이터 오류 가능
Warning:  PEW: Close NaN 비율 52.6% (기준: 30%)
Warning:  PGY: 비정상 가격 변동 129.6% (2022-07-20) — 스플릿/데이터 오류 가능
Warning:  PHGE: 비정상 가격 변동 197.8% (2024-03-06) — 스플릿/데이터 오류 가능
Warning:  PHIO: 비정상 가격 변동 290.5% (2025-01-13) — 스플릿/데이터 오류 가능
Warning:  PHOE: Close NaN 비율 78.2% (기준: 30%)
Warning:  PHOE: 비정상 가격 변동 997.4% (2026-01-30) — 스플릿/데이터 오류 가능
Warning:  PIII: 비정상 가격 변동 180.1% (2026-05-15) — 스플릿/데이터 오류 가능
Warning:  PLAG: 비정상 가격 변동 66.4% (2025-06-17) — 스플릿/데이터 오류 가능
Warning:  PLCE: 비정상 가격 변동 85.7% (2024-09-11) — 스플릿/데이터 오류 가능
Warning:  PMAX: Close NaN 비율 65.6% (기준: 30%)
Warning:  PMAX: 비정상 가격 변동 95.3% (2026-05-06) — 스플릿/데이터 오류 가능
Warning:  PN: Close NaN 비율 75.3% (기준: 30%)
Warning:  PN: 비정상 가격 변동 89.2% (2026-05-04) — 스플릿/데이터 오류 가능
Warning:  POAS: Close NaN 비율 89.4% (기준: 30%)
Warning:  POAS: 비정상 가격 변동 83.5% (2026-02-13) — 스플릿/데이터 오류 가능
Warning:  PODC: Close NaN 비율 45.7% (기준: 30%)
Warning:  PONY: Close NaN 비율 70.3% (기준: 30%)
Warning:  PPBT: 비정상 가격 변동 150.4% (2024-12-02) — 스플릿/데이터 오류 가능
Warning:  PPSI: 비정상 가격 변동 220.0% (2021-11-08) — 스플릿/데이터 오류 가능
Warning:  PRFX: 비정상 가격 변동 414.3% (2024-12-19) — 스플릿/데이터 오류 가능
Warning:  PROK: 비정상 가격 변동 514.5% (2025-07-08) — 스플릿/데이터 오류 가능
Warning:  PRSO: 비정상 가격 변동 151.9% (2026-03-06) — 스플릿/데이터 오류 가능
Warning:  PSIG: Close NaN 비율 62.9% (기준: 30%)
Warning:  PSIG: 비정상 가격 변동 127.7% (2024-08-12) — 스플릿/데이터 오류 가능
Warning:  PSIX: 비정상 가격 변동 68.6% (2022-11-15) — 스플릿/데이터 오류 가능
Warning:  PSTV: 비정상 가격 변동 311.4% (2025-03-06) — 스플릿/데이터 오류 가능
Warning:  PTRN: Close NaN 비율 86.3% (기준: 30%)
Warning:  PURR: Close NaN 비율 90.4% (기준: 30%)
Warning:  PUSA: Close NaN 비율 74.3% (기준: 30%)
Warning:  PUSA: 비정상 가격 변동 207.6% (2025-07-23) — 스플릿/데이터 오류 가능
Warning:  QNCX: 비정상 가격 변동 306.2% (2026-02-10) — 스플릿/데이터 오류 가능
Warning:  QNTM: 비정상 가격 변동 119.8% (2024-08-09) — 스플릿/데이터 오류 가능
Warning:  QSI: 비정상 가격 변동 119.6% (2024-11-20) — 스플릿/데이터 오류 가능
Warning:  QTEX: 비정상 가격 변동 308.1% (2021-10-26) — 스플릿/데이터 오류 가능
Warning:  QTRX: 비정상 가격 변동 54.8% (2022-08-09) — 스플릿/데이터 오류 가능
Warning:  QTTB: 비정상 가격 변동 119.9% (2025-07-10) — 스플릿/데이터 오류 가능
Warning:  QUBT: 비정상 가격 변동 92.8% (2024-11-13) — 스플릿/데이터 오류 가능
Warning:  QURE: 비정상 가격 변동 247.7% (2025-09-24) — 스플릿/데이터 오류 가능
Warning:  RAL: Close NaN 비율 81.5% (기준: 30%)
Warning:  RAPP: Close NaN 비율 60.7% (기준: 30%)
Warning:  RAPP: 비정상 가격 변동 119.2% (2025-09-08) — 스플릿/데이터 오류 가능
Warning:  RBNE: Close NaN 비율 77.5% (기준: 30%)
Warning:  RBNE: 비정상 가격 변동 317.9% (2025-06-13) — 스플릿/데이터 오류 가능
Warning:  RDAC: Close NaN 비율 70.4% (기준: 30%)
Warning:  RDAC: 비정상 가격 변동 318.6% (2026-04-29) — 스플릿/데이터 오류 가능
Warning:  RDAC: 거래량 0 연속 12일 (기준: 5일) — 상장폐지/거래정지 가능
Warning:  RDGT: 비정상 가격 변동 114.8% (2022-12-12) — 스플릿/데이터 오류 가능
Warning:  RDHL: 비정상 가격 변동 216.5% (2023-11-27) — 스플릿/데이터 오류 가능
Warning:  RDW: 비정상 가격 변동 51.4% (2025-01-21) — 스플릿/데이터 오류 가능
Warning:  RENX: Close NaN 비율 46.3% (기준: 30%)
Warning:  RENX: 비정상 가격 변동 531.3% (2023-11-16) — 스플릿/데이터 오류 가능
Warning:  REPL: 비정상 가격 변동 101.3% (2025-07-30) — 스플릿/데이터 오류 가능
Warning:  RGC: 비정상 가격 변동 343.9% (2024-07-23) — 스플릿/데이터 오류 가능
Warning:  RGTI: 비정상 가격 변동 58.0% (2024-11-25) — 스플릿/데이터 오류 가능
Warning:  RILY: 비정상 가격 변동 53.8% (2025-12-16) — 스플릿/데이터 오류 가능
Warning:  ROLR: Close NaN 비율 68.3% (기준: 30%)
Warning:  ROLR: 비정상 가격 변동 436.6% (2026-01-14) — 스플릿/데이터 오류 가능
Warning:  ROOT: 비정상 가격 변동 68.9% (2024-10-31) — 스플릿/데이터 오류 가능
Warning:  RR: Close NaN 비율 49.7% (기준: 30%)
Warning:  RR: 비정상 가격 변동 73.9% (2024-08-06) — 스플릿/데이터 오류 가능
Warning:  RXRX: 비정상 가격 변동 78.2% (2023-07-12) — 스플릿/데이터 오류 가능
Warning:  RZLT: 비정상 가격 변동 87.2% (2025-12-11) — 스플릿/데이터 오류 가능
Warning:  RZLV: 비정상 가격 변동 54.5% (2024-12-17) — 스플릿/데이터 오류 가능
Warning:  SAGT: Close NaN 비율 75.5% (기준: 30%)
Warning:  SBET: 비정상 가격 변동 433.2% (2025-05-27) — 스플릿/데이터 오류 가능
Warning:  SCLX: 비정상 가격 변동 56.6% (2023-04-05) — 스플릿/데이터 오류 가능
Warning:  SDEV: 비정상 가격 변동 102.5% (2026-01-09) — 스플릿/데이터 오류 가능
Warning:  SDOT: 비정상 가격 변동 91.2% (2026-05-05) — 스플릿/데이터 오류 가능
Warning:  SDST: 비정상 가격 변동 144.7% (2024-07-17) — 스플릿/데이터 오류 가능
Warning:  SEGG: Close NaN 비율 41.1% (기준: 30%)
Warning:  SEGG: 비정상 가격 변동 187.8% (2025-02-06) — 스플릿/데이터 오류 가능
Warning:  SEPN: Close NaN 비율 68.4% (기준: 30%)
Warning:  SEPN: 비정상 가격 변동 51.0% (2025-05-14) — 스플릿/데이터 오류 가능
Warning:  SERV: Close NaN 비율 55.7% (기준: 30%)
Warning:  SERV: 비정상 가격 변동 187.1% (2024-07-19) — 스플릿/데이터 오류 가능
Warning:  SES: 비정상 가격 변동 100.0% (2024-12-26) — 스플릿/데이터 오류 가능
Warning:  SEV: Close NaN 비율 87.8% (기준: 30%)
Warning:  SEV: 비정상 가격 변동 57.8% (2025-10-23) — 스플릿/데이터 오류 가능
Warning:  SIDU: 비정상 가격 변동 225.0% (2022-06-15) — 스플릿/데이터 오류 가능
Warning:  SKBL: Close NaN 비율 74.7% (기준: 30%)
Warning:  SKBL: 비정상 가격 변동 87.6% (2025-07-07) — 스플릿/데이터 오류 가능
Warning:  SKIL: 비정상 가격 변동 50.6% (2024-04-24) — 스플릿/데이터 오류 가능
Warning:  SKK: Close NaN 비율 67.4% (기준: 30%)
Warning:  SKK: 비정상 가격 변동 596.6% (2026-05-04) — 스플릿/데이터 오류 가능
Warning:  SKYQ: Close NaN 비율 67.6% (기준: 30%)
Warning:  SKYQ: 비정상 가격 변동 101.6% (2026-04-02) — 스플릿/데이터 오류 가능
Warning:  SKYX: 비정상 가격 변동 68.6% (2022-07-28) — 스플릿/데이터 오류 가능
Warning:  SLDP: 비정상 가격 변동 51.6% (2025-11-05) — 스플릿/데이터 오류 가능
Warning:  SLE: 비정상 가격 변동 159.5% (2025-09-23) — 스플릿/데이터 오류 가능
Warning:  SLMT: Close NaN 비율 33.5% (기준: 30%)
Warning:  SLMT: 비정상 가격 변동 225.5% (2025-09-18) — 스플릿/데이터 오류 가능
Warning:  SLNH: 비정상 가격 변동 94.4% (2025-09-22) — 스플릿/데이터 오류 가능
Warning:  SLQT: 비정상 가격 변동 70.7% (2023-02-07) — 스플릿/데이터 오류 가능
Warning:  SMX: 비정상 가격 변동 1205.4% (2026-05-11) — 스플릿/데이터 오류 가능
Warning:  SNBR: 비정상 가격 변동 60.0% (2026-04-08) — 스플릿/데이터 오류 가능
Warning:  SNDK: Close NaN 비율 74.3% (기준: 30%)
Warning:  SNES: 비정상 가격 변동 100.5% (2023-12-28) — 스플릿/데이터 오류 가능
Warning:  SNOA: 비정상 가격 변동 72.8% (2025-08-14) — 스플릿/데이터 오류 가능
Warning:  SNTI: 비정상 가격 변동 363.0% (2024-12-02) — 스플릿/데이터 오류 가능
Warning:  SNWV: Close NaN 비율 68.0% (기준: 30%)
Warning:  SOBR: 비정상 가격 변동 233.0% (2022-09-20) — 스플릿/데이터 오류 가능
Warning:  SOC: 비정상 가격 변동 56.2% (2025-12-18) — 스플릿/데이터 오류 가능
Warning:  SOUN: 비정상 가격 변동 71.8% (2022-12-30) — 스플릿/데이터 오류 가능
Warning:  SOWG: 비정상 가격 변동 56.8% (2024-11-14) — 스플릿/데이터 오류 가능
Warning:  SPPL: Close NaN 비율 46.0% (기준: 30%)
Warning:  SPPL: 비정상 가격 변동 268.7% (2024-11-04) — 스플릿/데이터 오류 가능
Warning:  SPRY: 비정상 가격 변동 77.9% (2023-05-12) — 스플릿/데이터 오류 가능
Warning:  SPWH: 비정상 가격 변동 97.9% (2025-04-02) — 스플릿/데이터 오류 가능
Warning:  SQNS: 비정상 가격 변동 113.0% (2024-08-23) — 스플릿/데이터 오류 가능
Warning:  SRFM: Close NaN 비율 43.3% (기준: 30%)
Warning:  SRFM: 비정상 가격 변동 88.5% (2025-06-24) — 스플릿/데이터 오류 가능
Warning:  SSM: 비정상 가격 변동 2900.0% (2024-05-29) — 스플릿/데이터 오류 가능
Warning:  SST: 비정상 가격 변동 142.3% (2026-03-27) — 스플릿/데이터 오류 가능
Warning:  STEM: 비정상 가격 변동 57.2% (2025-01-03) — 스플릿/데이터 오류 가능
Warning:  STEX: 비정상 가격 변동 91.7% (2024-04-08) — 스플릿/데이터 오류 가능
Warning:  STFS: Close NaN 비율 67.6% (기준: 30%)
Warning:  STFS: 비정상 가격 변동 96.5% (2026-05-06) — 스플릿/데이터 오류 가능
Warning:  STIM: 비정상 가격 변동 58.1% (2024-08-12) — 스플릿/데이터 오류 가능
Warning:  STKE: 비정상 가격 변동 131.4% (2024-10-14) — 스플릿/데이터 오류 가능
Warning:  STRZ: Close NaN 비율 78.9% (기준: 30%)
Warning:  STSS: 비정상 가격 변동 141.6% (2024-05-28) — 스플릿/데이터 오류 가능
Warning:  STUB: Close NaN 비율 86.1% (기준: 30%)
Warning:  SUGP: Close NaN 비율 53.2% (기준: 30%)
Warning:  SUGP: 비정상 가격 변동 171.1% (2025-07-09) — 스플릿/데이터 오류 가능
Warning:  SUIG: 비정상 가격 변동 218.9% (2025-07-25) — 스플릿/데이터 오류 가능
Warning:  SUNE: 비정상 가격 변동 122.2% (2025-03-07) — 스플릿/데이터 오류 가능
Warning:  SUPX: Close NaN 비율 57.8% (기준: 30%)
Warning:  SUUN: Close NaN 비율 57.3% (기준: 30%)
Warning:  TAOX: 비정상 가격 변동 74.6% (2022-12-16) — 스플릿/데이터 오류 가능
Warning:  TCRX: 비정상 가격 변동 51.1% (2023-05-09) — 스플릿/데이터 오류 가능
Warning:  TDTH: Close NaN 비율 65.8% (기준: 30%)
Warning:  TDTH: 비정상 가격 변동 61.5% (2025-01-30) — 스플릿/데이터 오류 가능
Warning:  TDUP: 비정상 가격 변동 62.7% (2024-08-06) — 스플릿/데이터 오류 가능
Warning:  TE: 비정상 가격 변동 66.7% (2024-11-06) — 스플릿/데이터 오류 가능
Warning:  TEM: Close NaN 비율 61.1% (기준: 30%)
Warning:  TII: 비정상 가격 변동 409.8% (2022-03-23) — 스플릿/데이터 오류 가능
Warning:  TJGC: Close NaN 비율 73.1% (기준: 30%)
Warning:  TJGC: 비정상 가격 변동 571.4% (2025-06-03) — 스플릿/데이터 오류 가능
Warning:  TJGC: 거래량 0 연속 6일 (기준: 5일) — 상장폐지/거래정지 가능
Warning:  TLIH: Close NaN 비율 82.2% (기준: 30%)
Warning:  TLIH: 비정상 가격 변동 75.6% (2025-07-24) — 스플릿/데이터 오류 가능
Warning:  TLRY: 비정상 가격 변동 60.9% (2025-09-29) — 스플릿/데이터 오류 가능
Warning:  TMCI: 비정상 가격 변동 62.5% (2024-05-08) — 스플릿/데이터 오류 가능
Warning:  TMDX: 비정상 가격 변동 51.2% (2023-11-07) — 스플릿/데이터 오류 가능
Warning:  TMQ: 비정상 가격 변동 211.0% (2025-10-07) — 스플릿/데이터 오류 가능
Warning:  TNXP: 비정상 가격 변동 120.8% (2024-12-16) — 스플릿/데이터 오류 가능
Warning:  TONX: 비정상 가격 변동 346.9% (2023-09-05) — 스플릿/데이터 오류 가능
Warning:  TOYO: 비정상 가격 변동 86.6% (2024-11-26) — 스플릿/데이터 오류 가능
Warning:  TPST: 비정상 가격 변동 3970.8% (2023-10-11) — 스플릿/데이터 오류 가능
Warning:  TRAW: 비정상 가격 변동 150.4% (2024-12-23) — 스플릿/데이터 오류 가능
Warning:  TRDA: 비정상 가격 변동 57.3% (2026-05-07) — 스플릿/데이터 오류 가능
Warning:  TRON: Close NaN 비율 44.4% (기준: 30%)
Warning:  TRON: 비정상 가격 변동 533.8% (2025-06-16) — 스플릿/데이터 오류 가능
Warning:  TRUG: 비정상 가격 변동 64.7% (2024-01-31) — 스플릿/데이터 오류 가능
Warning:  TSAT: 비정상 가격 변동 53.5% (2023-08-11) — 스플릿/데이터 오류 가능
Warning:  TSSI: 비정상 가격 변동 74.1% (2025-05-16) — 스플릿/데이터 오류 가능
Warning:  TTEC: 비정상 가격 변동 52.6% (2025-04-02) — 스플릿/데이터 오류 가능
Warning:  TURB: Close NaN 비율 46.5% (기준: 30%)
Warning:  TURB: 비정상 가격 변동 359.3% (2025-09-16) — 스플릿/데이터 오류 가능
Warning:  TWAV: 비정상 가격 변동 166.7% (2022-10-03) — 스플릿/데이터 오류 가능
Warning:  TWG: Close NaN 비율 57.8% (기준: 30%)
Warning:  TWG: 비정상 가격 변동 266.2% (2025-12-08) — 스플릿/데이터 오류 가능
Warning:  UAVS: 비정상 가격 변동 122.4% (2024-11-14) — 스플릿/데이터 오류 가능
Warning:  UBXG: Close NaN 비율 56.8% (기준: 30%)
Warning:  UBXG: 비정상 가격 변동 1316.7% (2024-11-27) — 스플릿/데이터 오류 가능
Warning:  UCAR: Close NaN 비율 38.0% (기준: 30%)
Warning:  UCAR: 비정상 가격 변동 331.9% (2026-04-08) — 스플릿/데이터 오류 가능
Warning:  UGRO: 비정상 가격 변동 417.0% (2026-03-25) — 스플릿/데이터 오류 가능
Warning:  UK: 비정상 가격 변동 72.5% (2023-12-28) — 스플릿/데이터 오류 가능
Warning:  UP: 비정상 가격 변동 60.4% (2023-06-22) — 스플릿/데이터 오류 가능
Warning:  UPB: Close NaN 비율 67.6% (기준: 30%)
Warning:  UPST: 비정상 가격 변동 56.4% (2022-05-10) — 스플릿/데이터 오류 가능
Warning:  UPXI: 비정상 가격 변동 330.9% (2025-04-21) — 스플릿/데이터 오류 가능
Warning:  UXIN: 비정상 가격 변동 83.7% (2024-09-27) — 스플릿/데이터 오류 가능
Warning:  VCIG: Close NaN 비율 37.6% (기준: 30%)
Warning:  VCIG: 비정상 가격 변동 546.8% (2023-05-02) — 스플릿/데이터 오류 가능
Warning:  VEEE: 비정상 가격 변동 192.2% (2025-05-08) — 스플릿/데이터 오류 가능
Warning:  VELO: 비정상 가격 변동 80.7% (2025-04-01) — 스플릿/데이터 오류 가능
Warning:  VENU: Close NaN 비율 70.3% (기준: 30%)
Warning:  VERI: 비정상 가격 변동 53.7% (2025-10-15) — 스플릿/데이터 오류 가능
Warning:  VIA: Close NaN 비율 85.9% (기준: 30%)
Warning:  VICR: 비정상 가격 변동 57.7% (2023-07-26) — 스플릿/데이터 오류 가능
Warning:  VIK: Close NaN 비율 58.6% (기준: 30%)
Warning:  VISN: 비정상 가격 변동 86.3% (2025-08-04) — 스플릿/데이터 오류 가능
Warning:  VIVK: 비정상 가격 변동 113.5% (2022-04-27) — 스플릿/데이터 오류 가능
Warning:  VOR: 비정상 가격 변동 74.2% (2025-06-25) — 스플릿/데이터 오류 가능
Warning:  VRRM: 비정상 가격 변동 70.6% (2026-05-27) — 스플릿/데이터 오류 가능
Warning:  VSTM: 비정상 가격 변동 124.4% (2023-05-26) — 스플릿/데이터 오류 가능
Warning:  VSTS: Close NaN 비율 46.8% (기준: 30%)
Warning:  VWAV: Close NaN 비율 82.5% (기준: 30%)
Warning:  VWAV: 비정상 가격 변동 368.1% (2025-07-28) — 스플릿/데이터 오류 가능
Warning:  WAI: Close NaN 비율 37.8% (기준: 30%)
Warning:  WAI: 비정상 가격 변동 87.1% (2024-11-27) — 스플릿/데이터 오류 가능
Warning:  WAY: Close NaN 비율 60.7% (기준: 30%)
Warning:  WETH: Close NaN 비율 54.7% (기준: 30%)
Warning:  WETO: Close NaN 비율 75.1% (기준: 30%)
Warning:  WETO: 비정상 가격 변동 68.9% (2025-05-29) — 스플릿/데이터 오류 가능
Warning:  WGRX: Close NaN 비율 74.7% (기준: 30%)
Warning:  WGRX: 비정상 가격 변동 185.4% (2025-10-24) — 스플릿/데이터 오류 가능
Warning:  WGS: 비정상 가격 변동 55.2% (2024-04-30) — 스플릿/데이터 오류 가능
Warning:  WHLR: 비정상 가격 변동 301.9% (2024-09-05) — 스플릿/데이터 오류 가능
Warning:  WIMI: 비정상 가격 변동 77.5% (2024-12-27) — 스플릿/데이터 오류 가능
Warning:  WKHS: 비정상 가격 변동 54.9% (2025-07-08) — 스플릿/데이터 오류 가능
Warning:  WNW: 비정상 가격 변동 97.6% (2025-04-22) — 스플릿/데이터 오류 가능
Warning:  WSHP: Close NaN 비율 89.5% (기준: 30%)
Warning:  WSHP: 비정상 가격 변동 506.1% (2025-11-19) — 스플릿/데이터 오류 가능
Warning:  WTF: Close NaN 비율 76.9% (기준: 30%)
Warning:  WTF: 비정상 가격 변동 64.6% (2025-04-02) — 스플릿/데이터 오류 가능
Warning:  WTO: 비정상 가격 변동 223.5% (2023-05-01) — 스플릿/데이터 오류 가능
Warning:  WULF: 비정상 가격 변동 64.2% (2021-06-25) — 스플릿/데이터 오류 가능
Warning:  WVE: 비정상 가격 변동 147.3% (2025-12-08) — 스플릿/데이터 오류 가능
Warning:  WW: Close NaN 비율 81.7% (기준: 30%)
Warning:  XTIA: 비정상 가격 변동 128.6% (2023-04-13) — 스플릿/데이터 오류 가능
Warning:  XTLB: 비정상 가격 변동 128.8% (2024-03-20) — 스플릿/데이터 오류 가능
Warning:  XXI: Close NaN 비율 64.3% (기준: 30%)
Warning:  XXI: 비정상 가격 변동 55.4% (2025-04-23) — 스플릿/데이터 오류 가능
Warning:  YDDL: Close NaN 비율 87.4% (기준: 30%)
Warning:  YDDL: 비정상 가격 변동 62.9% (2026-04-10) — 스플릿/데이터 오류 가능
Warning:  YMAT: Close NaN 비율 83.4% (기준: 30%)
Warning:  YMAT: 비정상 가격 변동 203.3% (2026-05-26) — 스플릿/데이터 오류 가능
Warning:  YRD: 비정상 가격 변동 54.6% (2022-08-31) — 스플릿/데이터 오류 가능
Warning:  ZBIO: Close NaN 비율 66.1% (기준: 30%)
Warning:  ZBIO: 비정상 가격 변동 51.9% (2026-01-05) — 스플릿/데이터 오류 가능
Warning:  ZDAI: Close NaN 비율 63.1% (기준: 30%)
Warning:  ZDAI: 비정상 가격 변동 918.6% (2024-11-26) — 스플릿/데이터 오류 가능
Warning:  ZENA: Close NaN 비율 67.0% (기준: 30%)
Warning:  ZENA: 비정상 가격 변동 258.7% (2024-11-25) — 스플릿/데이터 오류 가능
Warning:  ZEPP: 비정상 가격 변동 69.5% (2025-07-11) — 스플릿/데이터 오류 가능
Warning:  ZVIA: 비정상 가격 변동 51.7% (2025-05-08) — 스플릿/데이터 오류 가능
[[NASDAQ/NYSE 분석]] 강한 섹터: {'Information Technology'}
[OHLCV] 배치 다운로드 1/2 (150개 종목, period=2y)...
[OHLCV] 배치 다운로드 2/2 (84개 종목, period=2y)...
[DataValidator] 39건의 데이터 품질 경고 발생
Warning:  AEHL: 비정상 가격 변동 135.3% (2026-05-08) — 스플릿/데이터 오류 가능
Warning:  AIIO: 비정상 가격 변동 116.1% (2026-05-14) — 스플릿/데이터 오류 가능
Warning:  AKAN: 비정상 가격 변동 214.2% (2026-04-22) — 스플릿/데이터 오류 가능
Warning:  AMBQ: Close NaN 비율 58.5% (기준: 30%)
Warning:  APLD: 비정상 가격 변동 65.7% (2024-09-05) — 스플릿/데이터 오류 가능
Warning:  ASST: 비정상 가격 변동 455.7% (2025-05-07) — 스플릿/데이터 오류 가능
Warning:  ASTC: 비정상 가격 변동 459.1% (2026-05-27) — 스플릿/데이터 오류 가능
Warning:  ASTS: 비정상 가격 변동 69.2% (2024-05-29) — 스플릿/데이터 오류 가능
Warning:  BLSH: Close NaN 비율 60.5% (기준: 30%)
Warning:  BMNR: Close NaN 비율 51.1% (기준: 30%)
Warning:  BMNR: 비정상 가격 변동 694.8% (2025-06-30) — 스플릿/데이터 오류 가능
Warning:  BULL: 비정상 가격 변동 374.7% (2025-04-14) — 스플릿/데이터 오류 가능
Warning:  CHYM: Close NaN 비율 52.1% (기준: 30%)
Warning:  CODX: 비정상 가격 변동 259.0% (2025-10-27) — 스플릿/데이터 오류 가능
Warning:  CRCL: Close NaN 비율 51.1% (기준: 30%)
Warning:  CRML: 비정상 가격 변동 55.4% (2025-10-13) — 스플릿/데이터 오류 가능
Warning:  FIG: Close NaN 비율 58.7% (기준: 30%)
Warning:  FIGR: Close NaN 비율 64.5% (기준: 30%)
Warning:  FRMI: Close NaN 비율 67.3% (기준: 30%)
Warning:  GBTG: 비정상 가격 변동 57.5% (2026-05-04) — 스플릿/데이터 오류 가능
Warning:  HCWB: 비정상 가격 변동 320.3% (2024-11-18) — 스플릿/데이터 오류 가능
Warning:  KD: 비정상 가격 변동 54.9% (2026-02-09) — 스플릿/데이터 오류 가능
Warning:  KLAR: Close NaN 비율 64.5% (기준: 30%)
Warning:  MXL: 비정상 가격 변동 76.1% (2026-04-24) — 스플릿/데이터 오류 가능
Warning:  NAVN: Close NaN 비율 71.5% (기준: 30%)
Warning:  OPEN: 비정상 가격 변동 79.5% (2025-09-11) — 스플릿/데이터 오류 가능
Warning:  PURR: Close NaN 비율 76.0% (기준: 30%)
Warning:  QTEX: 비정상 가격 변동 139.9% (2026-05-22) — 스플릿/데이터 오류 가능
Warning:  QUBT: 비정상 가격 변동 92.8% (2024-11-13) — 스플릿/데이터 오류 가능
Warning:  RAL: Close NaN 비율 53.7% (기준: 30%)
Warning:  RDW: 비정상 가격 변동 51.4% (2025-01-21) — 스플릿/데이터 오류 가능
Warning:  RGTI: 비정상 가격 변동 58.0% (2024-11-25) — 스플릿/데이터 오류 가능
Warning:  SIDU: 비정상 가격 변동 220.3% (2024-12-16) — 스플릿/데이터 오류 가능
Warning:  SLNH: 비정상 가격 변동 94.4% (2025-09-22) — 스플릿/데이터 오류 가능
Warning:  SNDK: Close NaN 비율 35.7% (기준: 30%)
Warning:  TE: 비정상 가격 변동 66.7% (2024-11-06) — 스플릿/데이터 오류 가능
Warning:  VELO: 비정상 가격 변동 80.7% (2025-04-01) — 스플릿/데이터 오류 가능
Warning:  VISN: 비정상 가격 변동 86.3% (2025-08-04) — 스플릿/데이터 오류 가능
Warning:  WULF: 비정상 가격 변동 59.5% (2025-08-14) — 스플릿/데이터 오류 가능
[[NASDAQ/NYSE 분석]] Extreme model 'label_low' ROC 0.61, AP 0.49
[[NASDAQ/NYSE 분석]] Extreme model 'label_high' ROC 0.62, AP 0.49
[[NASDAQ/NYSE 분석]] Google Sheets 업데이트 완료 (234개 종목)
[Email] 바닥반등 24개 + 모멘텀 132개 = 총 156개 종목 리스트를 chunghwan14@gmail.com, roykim0311@gmail.com, ssamjungtan@naver.com로 발송 완료

============================================================
[[NASDAQ/NYSE 차트분석]] 이메일 대상 종목 차트 분석 시작
============================================================
[[NASDAQ/NYSE 차트분석]] 차트분석 대상 156개 종목: ['MU', 'CSCO', 'HPE', 'TECK', 'MYRG', 'ALAB', 'LUNR', 'CHWY', 'NVAX', 'MTRN', 'XMTR', 'SNDK', 'VISN', 'PENG', 'KD', 'DAL', 'GBTG', 'IESC', 'TXG', 'LFUS', 'VIAV', 'BWA', 'UMC', 'APLD', 'KLIC', 'BBAI', 'AAON', 'AKAN', 'ARMK', 'AIIO', 'HUM', 'LLY', 'SIDU', 'QUBT', 'AXSM', 'AMAT', 'ON', 'LRCX', 'CRCL', 'FISV', 'NOVT', 'BTBT', 'TTMI', 'BTSG', 'TXN', 'EPAM', 'RIOT', 'BMNR', 'MTSI', 'IRDM', 'UWMC', 'STX', 'LIVN', 'TKR', 'CROX', 'SRPT', 'CECO', 'NAVN', 'COCO', 'VSH', 'KOPN', 'RXO', 'BSX', 'TVTX', 'YPF', 'GTM', 'ARW', 'BLDP', 'MNST', 'RGTI', 'DELL', 'RKLB', 'CCC', 'PLUG', 'LBRDK', 'AMD', 'VICR', 'LSCC', 'AMBQ', 'NTAP', 'PSIX', 'RAMP', 'BKSY', 'WDC', 'GH', 'SANM', 'WIX', 'SEDG', 'CORZ', 'BUD', 'KNX', 'CYTK', 'CIEN', 'WCC', 'TSEM', 'LEU', 'CRDO', 'LQDA', 'STLD', 'AA', 'H', 'FLEX', 'CPNG', 'VPG', 'KVYO', 'CHTR', 'CIFR', 'LPTH', 'ATI', 'ACMR', 'ROKU', 'VELO', 'DOC', 'SIMO', 'ALV', 'LI', 'ASX', 'ZTS', 'RDW', 'SHLS', 'SLNH', 'BILI', 'COHU', 'ORA', 'VSAT', 'RAL', 'GTX', 'MKSI', 'INTU', 'DDOG', 'JAZZ', 'ASST', 'VIK', 'ST', 'CRML', 'Z', 'CGNX', 'ASTC', 'BB', 'TYL', 'DY', 'EXTR', 'F', 'LEA', 'AAPL', 'POWI', 'WULF', 'HUT', 'OUST', 'UCTT', 'MXL', 'MT', 'HLIT', 'TE', 'PL', 'ASTS']
[[NASDAQ/NYSE 차트분석]] 기존 NASDAQ 차트 파일 삭제 중...
[[NASDAQ/NYSE 차트분석]] TradingView 차트 캡처 시작...
[TradingView] BWA 브라우저 세션 시작  (로그인 세션)...
[TradingView] 1H 캡처 완료 (60)
[TradingView] 4H 캡처 완료 (240)
[TradingView] Daily 캡처 완료 (D)
[TradingView] Weekly 캡처 완료 (W)
[TradingView] Monthly 캡처 완료 (M)
[[NASDAQ/NYSE 차트분석]] BWA 차트 5개 처리 완료
[TradingView] ASX 브라우저 세션 시작  (로그인 세션)...
[TradingView] 1H 캡처 완료 (60)
[TradingView] 4H 캡처 완료 (240)
[TradingView] Daily 캡처 완료 (D)
[TradingView] Weekly 캡처 완료 (W)
[TradingView] Monthly 캡처 완료 (M)
[[NASDAQ/NYSE 차트분석]] ASX 차트 5개 처리 완료
[TradingView] COCO 브라우저 세션 시작  (로그인 세션)...
[TradingView] 1H 캡처 완료 (60)
[TradingView] 4H 캡처 완료 (240)
[TradingView] Daily 캡처 완료 (D)
[TradingView] Weekly 캡처 완료 (W)
[TradingView] Monthly 캡처 완료 (M)
[[NASDAQ/NYSE 차트분석]] COCO 차트 5개 처리 완료
[TradingView] BTSG 브라우저 세션 시작  (로그인 세션)...
[TradingView] 1H 캡처 완료 (60)
[TradingView] 4H 캡처 완료 (240)
[TradingView] Daily 캡처 완료 (D)
[TradingView] Weekly 캡처 완료 (W)
[TradingView] Monthly 캡처 완료 (M)
[[NASDAQ/NYSE 차트분석]] BTSG 차트 5개 처리 완료
[TradingView] AAON 브라우저 세션 시작  (로그인 세션)...
[TradingView] 1H 캡처 완료 (60)
[TradingView] 4H 캡처 완료 (240)
[TradingView] Daily 캡처 완료 (D)
[TradingView] Weekly 캡처 완료 (W)
[TradingView] Monthly 캡처 완료 (M)
[[NASDAQ/NYSE 차트분석]] AAON 차트 5개 처리 완료
[TradingView] AMD 브라우저 세션 시작  (로그인 세션)...
[TradingView] 1H 캡처 완료 (60)
[TradingView] 4H 캡처 완료 (240)
[TradingView] Daily 캡처 완료 (D)
[TradingView] Weekly 캡처 완료 (W)
[TradingView] Monthly 캡처 완료 (M)
[[NASDAQ/NYSE 차트분석]] AMD 차트 5개 처리 완료
[TradingView] ARW 브라우저 세션 시작  (로그인 세션)...
[TradingView] 1H 캡처 완료 (60)
[TradingView] 4H 캡처 완료 (240)
[TradingView] Daily 캡처 완료 (D)
[TradingView] Weekly 캡처 완료 (W)
[TradingView] Monthly 캡처 완료 (M)
[[NASDAQ/NYSE 차트분석]] ARW 차트 5개 처리 완료
[TradingView] AXSM 브라우저 세션 시작  (로그인 세션)...
[TradingView] 1H 캡처 완료 (60)
[TradingView] 4H 캡처 완료 (240)
[TradingView] Daily 캡처 완료 (D)
[TradingView] Weekly 캡처 완료 (W)
[TradingView] Monthly 캡처 완료 (M)
[[NASDAQ/NYSE 차트분석]] AXSM 차트 5개 처리 완료
[TradingView] BUD 브라우저 세션 시작  (로그인 세션)...
[TradingView] 1H 캡처 완료 (60)
[TradingView] 4H 캡처 완료 (240)
[TradingView] Daily 캡처 완료 (D)
[TradingView] Weekly 캡처 완료 (W)
[TradingView] Monthly 캡처 완료 (M)
[[NASDAQ/NYSE 차트분석]] BUD 차트 5개 처리 완료
[TradingView] CECO 브라우저 세션 시작  (로그인 세션)...
[TradingView] 1H 캡처 완료 (60)
[TradingView] 4H 캡처 완료 (240)
[TradingView] Daily 캡처 완료 (D)
[TradingView] Weekly 캡처 완료 (W)
[TradingView] Monthly 캡처 완료 (M)
[[NASDAQ/NYSE 차트분석]] CECO 차트 5개 처리 완료
[TradingView] CGNX 브라우저 세션 시작  (로그인 세션)...
[TradingView] 1H 캡처 완료 (60)
[TradingView] 4H 캡처 완료 (240)
[TradingView] Daily 캡처 완료 (D)
[TradingView] Weekly 캡처 완료 (W)
[TradingView] Monthly 캡처 완료 (M)
[[NASDAQ/NYSE 차트분석]] CGNX 차트 5개 처리 완료
[TradingView] ACMR 브라우저 세션 시작  (로그인 세션)...
[TradingView] 1H 캡처 완료 (60)
[TradingView] 4H 캡처 완료 (240)
[TradingView] Daily 캡처 완료 (D)
[TradingView] Weekly 캡처 완료 (W)
[TradingView] Monthly 캡처 완료 (M)
[[NASDAQ/NYSE 차트분석]] ACMR 차트 5개 처리 완료
[TradingView] BB 브라우저 세션 시작  (로그인 세션)...
[TradingView] 1H 캡처 완료 (60)
[TradingView] 4H 캡처 완료 (240)
[TradingView] Daily 캡처 완료 (D)
[TradingView] Weekly 캡처 완료 (W)
[TradingView] Monthly 캡처 완료 (M)
[[NASDAQ/NYSE 차트분석]] BB 차트 5개 처리 완료
[TradingView] HPE 브라우저 세션 시작  (로그인 세션)...
[TradingView] 1H 캡처 완료 (60)
[TradingView] 4H 캡처 완료 (240)
[TradingView] Daily 캡처 완료 (D)
[TradingView] Weekly 캡처 완료 (W)
[TradingView] Monthly 캡처 완료 (M)
[[NASDAQ/NYSE 차트분석]] HPE 차트 5개 처리 완료
[TradingView] RXO 브라우저 세션 시작  (로그인 세션)...
[TradingView] 1H 캡처 완료 (60)
[TradingView] 4H 캡처 완료 (240)
[TradingView] Daily 캡처 완료 (D)
[TradingView] Weekly 캡처 완료 (W)
[TradingView] Monthly 캡처 완료 (M)
[[NASDAQ/NYSE 차트분석]] RXO 차트 5개 처리 완료
[TradingView] RIOT 브라우저 세션 시작  (로그인 세션)...
[TradingView] 1H 캡처 완료 (60)
[TradingView] 4H 캡처 완료 (240)
[TradingView] Daily 캡처 완료 (D)
[TradingView] Weekly 캡처 완료 (W)
[TradingView] Monthly 캡처 완료 (M)
[[NASDAQ/NYSE 차트분석]] RIOT 차트 5개 처리 완료
[TradingView] CROX 브라우저 세션 시작  (로그인 세션)...
[TradingView] 1H 캡처 완료 (60)
[TradingView] 4H 캡처 완료 (240)
[TradingView] Daily 캡처 완료 (D)
[TradingView] Weekly 캡처 완료 (W)
[TradingView] Monthly 캡처 완료 (M)
[[NASDAQ/NYSE 차트분석]] CROX 차트 5개 처리 완료
[TradingView] STLD 브라우저 세션 시작  (로그인 세션)...
[TradingView] 1H 캡처 완료 (60)
[TradingView] 4H 캡처 완료 (240)
[TradingView] Daily 캡처 완료 (D)
[TradingView] Weekly 캡처 완료 (W)
[TradingView] Monthly 캡처 완료 (M)
[[NASDAQ/NYSE 차트분석]] STLD 차트 5개 처리 완료
[TradingView] DOC 브라우저 세션 시작  (로그인 세션)...
[TradingView] 1H 캡처 완료 (60)
[TradingView] 4H 캡처 완료 (240)
[TradingView] Daily 캡처 완료 (D)
[TradingView] Weekly 캡처 완료 (W)
[TradingView] Monthly 캡처 완료 (M)
[[NASDAQ/NYSE 차트분석]] DOC 차트 5개 처리 완료
[TradingView] ORA 브라우저 세션 시작  (로그인 세션)...
[TradingView] 1H 캡처 완료 (60)
[TradingView] 4H 캡처 완료 (240)
[TradingView] Daily 캡처 완료 (D)
[TradingView] Weekly 캡처 완료 (W)
[TradingView] Monthly 캡처 완료 (M)
[[NASDAQ/NYSE 차트분석]] ORA 차트 5개 처리 완료
[TradingView] JAZZ 브라우저 세션 시작  (로그인 세션)...
[TradingView] 1H 캡처 완료 (60)
[TradingView] 4H 캡처 완료 (240)
[TradingView] Daily 캡처 완료 (D)
[TradingView] Weekly 캡처 완료 (W)
[TradingView] Monthly 캡처 완료 (M)
[[NASDAQ/NYSE 차트분석]] JAZZ 차트 5개 처리 완료
[TradingView] ROKU 브라우저 세션 시작  (로그인 세션)...
[TradingView] 1H 캡처 완료 (60)
[TradingView] 4H 캡처 완료 (240)
[TradingView] Daily 캡처 완료 (D)
[TradingView] Weekly 캡처 완료 (W)
[TradingView] Monthly 캡처 완료 (M)
[[NASDAQ/NYSE 차트분석]] ROKU 차트 5개 처리 완료
[TradingView] VISN 브라우저 세션 시작  (로그인 세션)...
[TradingView] 1H 캡처 완료 (60)
[TradingView] 4H 캡처 완료 (240)
[TradingView] Daily 캡처 완료 (D)
[TradingView] Weekly 캡처 완료 (W)
[TradingView] Monthly 캡처 완료 (M)
[[NASDAQ/NYSE 차트분석]] VISN 차트 5개 처리 완료
[TradingView] CYTK 브라우저 세션 시작  (로그인 세션)...
[TradingView] 1H 캡처 완료 (60)
[TradingView] 4H 캡처 완료 (240)
[TradingView] Daily 캡처 완료 (D)
[TradingView] Weekly 캡처 완료 (W)
[TradingView] Monthly 캡처 완료 (M)
[[NASDAQ/NYSE 차트분석]] CYTK 차트 5개 처리 완료
[TradingView] FLEX 브라우저 세션 시작  (로그인 세션)...
[TradingView] 1H 캡처 완료 (60)
[TradingView] 4H 캡처 완료 (240)
[TradingView] Daily 캡처 완료 (D)
[TradingView] Weekly 캡처 완료 (W)
[TradingView] Monthly 캡처 완료 (M)
[[NASDAQ/NYSE 차트분석]] FLEX 차트 5개 처리 완료
[TradingView] KLIC 브라우저 세션 시작  (로그인 세션)...
[TradingView] 1H 캡처 완료 (60)
[TradingView] 4H 캡처 완료 (240)
[TradingView] Daily 캡처 완료 (D)
[TradingView] Weekly 캡처 완료 (W)
[TradingView] Monthly 캡처 완료 (M)
[[NASDAQ/NYSE 차트분석]] KLIC 차트 5개 처리 완료
[TradingView] LFUS 브라우저 세션 시작  (로그인 세션)...
[TradingView] 1H 캡처 완료 (60)
[TradingView] 4H 캡처 완료 (240)
[TradingView] Daily 캡처 완료 (D)
[TradingView] Weekly 캡처 완료 (W)
[TradingView] Monthly 캡처 완료 (M)
[[NASDAQ/NYSE 차트분석]] LFUS 차트 5개 처리 완료
[TradingView] MNST 브라우저 세션 시작  (로그인 세션)...
[TradingView] 1H 캡처 완료 (60)
[TradingView] 4H 캡처 완료 (240)
[TradingView] Daily 캡처 완료 (D)
[TradingView] Weekly 캡처 완료 (W)
[TradingView] Monthly 캡처 완료 (M)
[[NASDAQ/NYSE 차트분석]] MNST 차트 5개 처리 완료
[TradingView] MTRN 브라우저 세션 시작  (로그인 세션)...
[TradingView] 1H 캡처 완료 (60)
[TradingView] 4H 캡처 완료 (240)
[TradingView] Daily 캡처 완료 (D)
[TradingView] Weekly 캡처 완료 (W)
[TradingView] Monthly 캡처 완료 (M)
[[NASDAQ/NYSE 차트분석]] MTRN 차트 5개 처리 완료
[TradingView] MTSI 브라우저 세션 시작  (로그인 세션)...
[TradingView] 1H 캡처 완료 (60)
[TradingView] 4H 캡처 완료 (240)
[TradingView] Daily 캡처 완료 (D)
[TradingView] Weekly 캡처 완료 (W)
[TradingView] Monthly 캡처 완료 (M)
[[NASDAQ/NYSE 차트분석]] MTSI 차트 5개 처리 완료
[TradingView] MXL 브라우저 세션 시작  (로그인 세션)...
[TradingView] 1H 캡처 완료 (60)
[TradingView] 4H 캡처 완료 (240)
[TradingView] Daily 캡처 완료 (D)
[TradingView] Weekly 캡처 완료 (W)
[TradingView] Monthly 캡처 완료 (M)
[[NASDAQ/NYSE 차트분석]] MXL 차트 5개 처리 완료
[TradingView] MYRG 브라우저 세션 시작  (로그인 세션)...
[TradingView] 1H 캡처 완료 (60)
[TradingView] 4H 캡처 완료 (240)
[TradingView] Daily 캡처 완료 (D)
[TradingView] Weekly 캡처 완료 (W)
[TradingView] Monthly 캡처 완료 (M)
[[NASDAQ/NYSE 차트분석]] MYRG 차트 5개 처리 완료
[TradingView] NOVT 브라우저 세션 시작  (로그인 세션)...
[TradingView] 1H 캡처 완료 (60)
[TradingView] 4H 캡처 완료 (240)
[TradingView] Daily 캡처 완료 (D)
[TradingView] Weekly 캡처 완료 (W)
[TradingView] Monthly 캡처 완료 (M)
[[NASDAQ/NYSE 차트분석]] NOVT 차트 5개 처리 완료
[TradingView] RKLB 브라우저 세션 시작  (로그인 세션)...
[TradingView] 1H 캡처 완료 (60)
[TradingView] 4H 캡처 완료 (240)
[TradingView] Daily 캡처 완료 (D)
[TradingView] Weekly 캡처 완료 (W)
[TradingView] Monthly 캡처 완료 (M)
[[NASDAQ/NYSE 차트분석]] RKLB 차트 5개 처리 완료
[TradingView] SIMO 브라우저 세션 시작  (로그인 세션)...
[TradingView] 1H 캡처 완료 (60)
[TradingView] 4H 캡처 완료 (240)
[TradingView] Daily 캡처 완료 (D)
[TradingView] Weekly 캡처 완료 (W)
[TradingView] Monthly 캡처 완료 (M)
[[NASDAQ/NYSE 차트분석]] SIMO 차트 5개 처리 완료
[TradingView] SNDK 브라우저 세션 시작  (로그인 세션)...
[TradingView] 1H 캡처 완료 (60)
[TradingView] 4H 캡처 완료 (240)
[TradingView] Daily 캡처 완료 (D)
[TradingView] Weekly 캡처 완료 (W)
[TradingView] Monthly 캡처 완료 (M)
[[NASDAQ/NYSE 차트분석]] SNDK 차트 5개 처리 완료
[TradingView] STX 브라우저 세션 시작  (로그인 세션)...
[TradingView] 1H 캡처 완료 (60)
[TradingView] 4H 캡처 완료 (240)
[TradingView] Daily 캡처 완료 (D)
[TradingView] Weekly 캡처 완료 (W)
[TradingView] Monthly 캡처 완료 (M)
[[NASDAQ/NYSE 차트분석]] STX 차트 5개 처리 완료
[TradingView] TSEM 브라우저 세션 시작  (로그인 세션)...
[TradingView] 1H 캡처 완료 (60)
[TradingView] 4H 캡처 완료 (240)
[TradingView] Daily 캡처 완료 (D)
[TradingView] Weekly 캡처 완료 (W)
[TradingView] Monthly 캡처 완료 (M)
[[NASDAQ/NYSE 차트분석]] TSEM 차트 5개 처리 완료
[TradingView] TTMI 브라우저 세션 시작  (로그인 세션)...
[TradingView] 1H 캡처 완료 (60)
[TradingView] 4H 캡처 완료 (240)
[TradingView] Daily 캡처 완료 (D)
[TradingView] Weekly 캡처 완료 (W)
[TradingView] Monthly 캡처 완료 (M)
[[NASDAQ/NYSE 차트분석]] TTMI 차트 5개 처리 완료
[TradingView] TXN 브라우저 세션 시작  (로그인 세션)...
[TradingView] 1H 캡처 완료 (60)
[TradingView] 4H 캡처 완료 (240)
[TradingView] Daily 캡처 완료 (D)
[TradingView] Weekly 캡처 완료 (W)
[TradingView] Monthly 캡처 완료 (M)
[[NASDAQ/NYSE 차트분석]] TXN 차트 5개 처리 완료
[TradingView] TVTX 브라우저 세션 시작  (로그인 세션)...
[TradingView] 1H 캡처 완료 (60)
[TradingView] 4H 캡처 완료 (240)
[TradingView] Daily 캡처 완료 (D)
[TradingView] Weekly 캡처 완료 (W)
[TradingView] Monthly 캡처 완료 (M)
[[NASDAQ/NYSE 차트분석]] TVTX 차트 5개 처리 완료
[TradingView] BBAI 브라우저 세션 시작  (로그인 세션)...
[TradingView] 1H 캡처 완료 (60)
[TradingView] 4H 캡처 완료 (240)
[TradingView] Daily 캡처 완료 (D)
[TradingView] Weekly 캡처 완료 (W)
[TradingView] Monthly 캡처 완료 (M)
[[NASDAQ/NYSE 차트분석]] BBAI 차트 5개 처리 완료
[TradingView] ASTS 브라우저 세션 시작  (로그인 세션)...
[TradingView] 1H 캡처 완료 (60)
[TradingView] 4H 캡처 완료 (240)
[TradingView] Daily 캡처 완료 (D)
[TradingView] Weekly 캡처 완료 (W)
[TradingView] Monthly 캡처 완료 (M)
[[NASDAQ/NYSE 차트분석]] ASTS 차트 5개 처리 완료
[TradingView] COHU 브라우저 세션 시작  (로그인 세션)...
[TradingView] 1H 캡처 완료 (60)
[TradingView] 4H 캡처 완료 (240)
[TradingView] Daily 캡처 완료 (D)
[TradingView] Weekly 캡처 완료 (W)
[TradingView] Monthly 캡처 완료 (M)
[[NASDAQ/NYSE 차트분석]] COHU 차트 5개 처리 완료
[TradingView] AMAT 브라우저 세션 시작  (로그인 세션)...
[TradingView] 1H 캡처 완료 (60)
[TradingView] 4H 캡처 완료 (240)
[TradingView] Daily 캡처 완료 (D)
[TradingView] Weekly 캡처 완료 (W)
[TradingView] Monthly 캡처 완료 (M)
[[NASDAQ/NYSE 차트분석]] AMAT 차트 5개 처리 완료
[TradingView] RAMP 브라우저 세션 시작  (로그인 세션)...
[TradingView] 1H 캡처 완료 (60)
[TradingView] 4H 캡처 완료 (240)
[TradingView] Daily 캡처 완료 (D)
[TradingView] Weekly 캡처 완료 (W)
[TradingView] Monthly 캡처 완료 (M)
[[NASDAQ/NYSE 차트분석]] RAMP 차트 5개 처리 완료
[TradingView] APLD 브라우저 세션 시작  (로그인 세션)...
[TradingView] 1H 캡처 완료 (60)
[TradingView] 4H 캡처 완료 (240)
[TradingView] Daily 캡처 완료 (D)
[TradingView] Weekly 캡처 완료 (W)
[TradingView] Monthly 캡처 완료 (M)
[[NASDAQ/NYSE 차트분석]] APLD 차트 5개 처리 완료
[TradingView] BKSY 브라우저 세션 시작  (로그인 세션)...
[TradingView] 1H 캡처 완료 (60)
[TradingView] 4H 캡처 완료 (240)
[TradingView] Daily 캡처 완료 (D)
[TradingView] Weekly 캡처 완료 (W)
[TradingView] Monthly 캡처 완료 (M)
[[NASDAQ/NYSE 차트분석]] BKSY 차트 5개 처리 완료
[TradingView] KNX 브라우저 세션 시작  (로그인 세션)...
[TradingView] 1H 캡처 완료 (60)
[TradingView] 4H 캡처 완료 (240)
[TradingView] Daily 캡처 완료 (D)
[TradingView] Weekly 캡처 완료 (W)
[TradingView] Monthly 캡처 완료 (M)
[[NASDAQ/NYSE 차트분석]] KNX 차트 5개 처리 완료
[TradingView] VIK 브라우저 세션 시작  (로그인 세션)...
[TradingView] 1H 캡처 완료 (60)
[TradingView] 4H 캡처 완료 (240)
[TradingView] Daily 캡처 완료 (D)
[TradingView] Weekly 캡처 완료 (W)
[TradingView] Monthly 캡처 완료 (M)
[[NASDAQ/NYSE 차트분석]] VIK 차트 5개 처리 완료
[TradingView] ASTC 브라우저 세션 시작  (로그인 세션)...
[TradingView] 1H 캡처 완료 (60)
[TradingView] 4H 캡처 완료 (240)
[TradingView] Daily 캡처 완료 (D)
[TradingView] Weekly 캡처 완료 (W)
[TradingView] Monthly 캡처 완료 (M)
[[NASDAQ/NYSE 차트분석]] ASTC 차트 5개 처리 완료
[TradingView] IESC 브라우저 세션 시작  (로그인 세션)...
[TradingView] 1H 캡처 완료 (60)
[TradingView] 4H 캡처 완료 (240)
[TradingView] Daily 캡처 완료 (D)
[TradingView] Weekly 캡처 완료 (W)
[TradingView] Monthly 캡처 완료 (M)
[[NASDAQ/NYSE 차트분석]] IESC 차트 5개 처리 완료
[TradingView] LIVN 브라우저 세션 시작  (로그인 세션)...
[TradingView] 1H 캡처 완료 (60)
[TradingView] 4H 캡처 완료 (240)
[TradingView] Daily 캡처 완료 (D)
[TradingView] Weekly 캡처 완료 (W)
[TradingView] Monthly 캡처 완료 (M)
[[NASDAQ/NYSE 차트분석]] LIVN 차트 5개 처리 완료
[TradingView] LLY 브라우저 세션 시작  (로그인 세션)...
[TradingView] 1H 캡처 완료 (60)
[TradingView] 4H 캡처 완료 (240)
[TradingView] Daily 캡처 완료 (D)
[TradingView] Weekly 캡처 완료 (W)
[TradingView] Monthly 캡처 완료 (M)
[[NASDAQ/NYSE 차트분석]] LLY 차트 5개 처리 완료
[TradingView] LRCX 브라우저 세션 시작  (로그인 세션)...
[TradingView] 1H 캡처 완료 (60)
[TradingView] 4H 캡처 완료 (240)
[TradingView] Daily 캡처 완료 (D)
[TradingView] Weekly 캡처 완료 (W)
[TradingView] Monthly 캡처 완료 (M)
[[NASDAQ/NYSE 차트분석]] LRCX 차트 5개 처리 완료
[TradingView] MKSI 브라우저 세션 시작  (로그인 세션)...
[TradingView] 1H 캡처 완료 (60)
[TradingView] 4H 캡처 완료 (240)
[TradingView] Daily 캡처 완료 (D)
[TradingView] Weekly 캡처 완료 (W)
[TradingView] Monthly 캡처 완료 (M)
[[NASDAQ/NYSE 차트분석]] MKSI 차트 5개 처리 완료
[TradingView] ST 브라우저 세션 시작  (로그인 세션)...
[TradingView] 1H 캡처 완료 (60)
[TradingView] 4H 캡처 완료 (240)
[TradingView] Daily 캡처 완료 (D)
[TradingView] Weekly 캡처 완료 (W)
[TradingView] Monthly 캡처 완료 (M)
[[NASDAQ/NYSE 차트분석]] ST 차트 5개 처리 완료
[TradingView] WCC 브라우저 세션 시작  (로그인 세션)...
[TradingView] 1H 캡처 완료 (60)
[TradingView] 4H 캡처 완료 (240)
[TradingView] Daily 캡처 완료 (D)
[TradingView] Weekly 캡처 완료 (W)
[TradingView] Monthly 캡처 완료 (M)
[[NASDAQ/NYSE 차트분석]] WCC 차트 5개 처리 완료
[TradingView] AAPL 브라우저 세션 시작  (로그인 세션)...
[TradingView] 1H 캡처 완료 (60)
[TradingView] 4H 캡처 완료 (240)
[TradingView] Daily 캡처 완료 (D)
[TradingView] Weekly 캡처 완료 (W)
[TradingView] Monthly 캡처 완료 (M)
[[NASDAQ/NYSE 차트분석]] AAPL 차트 5개 처리 완료
[TradingView] YPF 브라우저 세션 시작  (로그인 세션)...
[TradingView] 1H 캡처 완료 (60)
[TradingView] 4H 캡처 완료 (240)
[TradingView] Daily 캡처 완료 (D)
[TradingView] Weekly 캡처 완료 (W)
[TradingView] Monthly 캡처 완료 (M)
[[NASDAQ/NYSE 차트분석]] YPF 차트 5개 처리 완료
[TradingView] EXTR 브라우저 세션 시작  (로그인 세션)...
[TradingView] 1H 캡처 완료 (60)
[TradingView] 4H 캡처 완료 (240)
[TradingView] Daily 캡처 완료 (D)
[TradingView] Weekly 캡처 완료 (W)
[TradingView] Monthly 캡처 완료 (M)
[[NASDAQ/NYSE 차트분석]] EXTR 차트 5개 처리 완료
[TradingView] HUT 브라우저 세션 시작  (로그인 세션)...
[TradingView] 1H 캡처 완료 (60)
[TradingView] 4H 캡처 완료 (240)
[TradingView] Daily 캡처 완료 (D)
[TradingView] Weekly 캡처 완료 (W)
[TradingView] Monthly 캡처 완료 (M)
[[NASDAQ/NYSE 차트분석]] HUT 차트 5개 처리 완료
[TradingView] KOPN 브라우저 세션 시작  (로그인 세션)...
[TradingView] 1H 캡처 완료 (60)
[TradingView] 4H 캡처 완료 (240)
[TradingView] Daily 캡처 완료 (D)
[TradingView] Weekly 캡처 완료 (W)
[TradingView] Monthly 캡처 완료 (M)
[[NASDAQ/NYSE 차트분석]] KOPN 차트 5개 처리 완료
[TradingView] NVAX 브라우저 세션 시작  (로그인 세션)...
[TradingView] 1H 캡처 완료 (60)
[TradingView] 4H 캡처 완료 (240)
[TradingView] Daily 캡처 완료 (D)
[TradingView] Weekly 캡처 완료 (W)
[TradingView] Monthly 캡처 완료 (M)
[[NASDAQ/NYSE 차트분석]] NVAX 차트 5개 처리 완료
[TradingView] ON 브라우저 세션 시작  (로그인 세션)...
[TradingView] 1H 캡처 완료 (60)
[TradingView] 4H 캡처 완료 (240)
[TradingView] Daily 캡처 완료 (D)
[TradingView] Weekly 캡처 완료 (W)
[TradingView] Monthly 캡처 완료 (M)
[[NASDAQ/NYSE 차트분석]] ON 차트 5개 처리 완료
[TradingView] PL 브라우저 세션 시작  (로그인 세션)...
[TradingView] 1H 캡처 완료 (60)
[TradingView] 4H 캡처 완료 (240)
[TradingView] Daily 캡처 완료 (D)
[TradingView] Weekly 캡처 완료 (W)
[TradingView] Monthly 캡처 완료 (M)
[[NASDAQ/NYSE 차트분석]] PL 차트 5개 처리 완료
[TradingView] SANM 브라우저 세션 시작  (로그인 세션)...
[TradingView] 1H 캡처 완료 (60)
[TradingView] 4H 캡처 완료 (240)
[TradingView] Daily 캡처 완료 (D)
[TradingView] Weekly 캡처 완료 (W)
[TradingView] Monthly 캡처 완료 (M)
[[NASDAQ/NYSE 차트분석]] SANM 차트 5개 처리 완료
[TradingView] TXG 브라우저 세션 시작  (로그인 세션)...
[TradingView] 1H 캡처 완료 (60)
[TradingView] 4H 캡처 완료 (240)
[TradingView] Daily 캡처 완료 (D)
[TradingView] Weekly 캡처 완료 (W)
[TradingView] Monthly 캡처 완료 (M)
[[NASDAQ/NYSE 차트분석]] TXG 차트 5개 처리 완료
[TradingView] WDC 브라우저 세션 시작  (로그인 세션)...
[TradingView] 1H 캡처 완료 (60)
[TradingView] 4H 캡처 완료 (240)
[TradingView] Daily 캡처 완료 (D)
[TradingView] Weekly 캡처 완료 (W)
[TradingView] Monthly 캡처 완료 (M)
[[NASDAQ/NYSE 차트분석]] WDC 차트 5개 처리 완료
[TradingView] BTBT 브라우저 세션 시작  (로그인 세션)...
[TradingView] 1H 캡처 완료 (60)
[TradingView] 4H 캡처 완료 (240)
[TradingView] Daily 캡처 완료 (D)
[TradingView] Weekly 캡처 완료 (W)
[TradingView] Monthly 캡처 완료 (M)
[[NASDAQ/NYSE 차트분석]] BTBT 차트 5개 처리 완료
[TradingView] LUNR 브라우저 세션 시작  (로그인 세션)...
[TradingView] 1H 캡처 완료 (60)
[TradingView] 4H 캡처 완료 (240)
[TradingView] Daily 캡처 완료 (D)
[TradingView] Weekly 캡처 완료 (W)
[TradingView] Monthly 캡처 완료 (M)
[[NASDAQ/NYSE 차트분석]] LUNR 차트 5개 처리 완료
[TradingView] POWI 브라우저 세션 시작  (로그인 세션)...
[TradingView] 1H 캡처 완료 (60)
[TradingView] 4H 캡처 완료 (240)
[TradingView] Daily 캡처 완료 (D)
[TradingView] Weekly 캡처 완료 (W)
[TradingView] Monthly 캡처 완료 (M)
[[NASDAQ/NYSE 차트분석]] POWI 차트 5개 처리 완료
[TradingView] SEDG 브라우저 세션 시작  (로그인 세션)...
[TradingView] 1H 캡처 완료 (60)
[TradingView] 4H 캡처 완료 (240)
[TradingView] Daily 캡처 완료 (D)
[TradingView] Weekly 캡처 완료 (W)
[TradingView] Monthly 캡처 완료 (M)
[[NASDAQ/NYSE 차트분석]] SEDG 차트 5개 처리 완료
[TradingView] SHLS 브라우저 세션 시작  (로그인 세션)...
[TradingView] 1H 캡처 완료 (60)
[TradingView] 4H 캡처 완료 (240)
[TradingView] Daily 캡처 완료 (D)
[TradingView] Weekly 캡처 완료 (W)
[TradingView] Monthly 캡처 완료 (M)
[[NASDAQ/NYSE 차트분석]] SHLS 차트 5개 처리 완료
[TradingView] SIDU 브라우저 세션 시작  (로그인 세션)...
[TradingView] 1H 캡처 완료 (60)
[TradingView] 4H 캡처 완료 (240)
[TradingView] Daily 캡처 완료 (D)
[TradingView] Weekly 캡처 완료 (W)
[TradingView] Monthly 캡처 완료 (M)
[[NASDAQ/NYSE 차트분석]] SIDU 차트 5개 처리 완료
[TradingView] VSAT 브라우저 세션 시작  (로그인 세션)...
[TradingView] 1H 캡처 완료 (60)
[TradingView] 4H 캡처 완료 (240)
[TradingView] Daily 캡처 완료 (D)
[TradingView] Weekly 캡처 완료 (W)
[TradingView] Monthly 캡처 완료 (M)
[[NASDAQ/NYSE 차트분석]] VSAT 차트 5개 처리 완료
[TradingView] ARMK 브라우저 세션 시작  (로그인 세션)...
[TradingView] 1H 캡처 완료 (60)
[TradingView] 4H 캡처 완료 (240)
[TradingView] Daily 캡처 완료 (D)
[TradingView] Weekly 캡처 완료 (W)
[TradingView] Monthly 캡처 완료 (M)
[[NASDAQ/NYSE 차트분석]] ARMK 차트 5개 처리 완료
[TradingView] ATI 브라우저 세션 시작  (로그인 세션)...
[TradingView] 1H 캡처 완료 (60)
[TradingView] 4H 캡처 완료 (240)
[TradingView] Daily 캡처 완료 (D)
[TradingView] Weekly 캡처 완료 (W)
[TradingView] Monthly 캡처 완료 (M)
[[NASDAQ/NYSE 차트분석]] ATI 차트 5개 처리 완료
[TradingView] CSCO 브라우저 세션 시작  (로그인 세션)...
[TradingView] 1H 캡처 완료 (60)
[TradingView] 4H 캡처 완료 (240)
[TradingView] Daily 캡처 완료 (D)
[TradingView] Weekly 캡처 완료 (W)
[TradingView] Monthly 캡처 완료 (M)
[[NASDAQ/NYSE 차트분석]] CSCO 차트 5개 처리 완료
[TradingView] XMTR 브라우저 세션 시작  (로그인 세션)...
[TradingView] 1H 캡처 완료 (60)
[TradingView] 4H 캡처 완료 (240)
[TradingView] Daily 캡처 완료 (D)
[TradingView] Weekly 캡처 완료 (W)
[TradingView] Monthly 캡처 완료 (M)
[[NASDAQ/NYSE 차트분석]] XMTR 차트 5개 처리 완료
[TradingView] CIEN 브라우저 세션 시작  (로그인 세션)...
[TradingView] 1H 캡처 완료 (60)
[TradingView] 4H 캡처 완료 (240)
[TradingView] Daily 캡처 완료 (D)
[TradingView] Weekly 캡처 완료 (W)
[TradingView] Monthly 캡처 완료 (M)
[[NASDAQ/NYSE 차트분석]] CIEN 차트 5개 처리 완료
[TradingView] CORZ 브라우저 세션 시작  (로그인 세션)...
[TradingView] 1H 캡처 완료 (60)
[TradingView] 4H 캡처 완료 (240)
[TradingView] Daily 캡처 완료 (D)
[TradingView] Weekly 캡처 완료 (W)
[TradingView] Monthly 캡처 완료 (M)
[[NASDAQ/NYSE 차트분석]] CORZ 차트 5개 처리 완료
[TradingView] AA 브라우저 세션 시작  (로그인 세션)...
[TradingView] 1H 캡처 완료 (60)
[TradingView] 4H 캡처 완료 (240)
[TradingView] Daily 캡처 완료 (D)
[TradingView] Weekly 캡처 완료 (W)
[TradingView] Monthly 캡처 완료 (M)
[[NASDAQ/NYSE 차트분석]] AA 차트 5개 처리 완료
[TradingView] HUM 브라우저 세션 시작  (로그인 세션)...
[TradingView] 1H 캡처 완료 (60)
[TradingView] 4H 캡처 완료 (240)
[TradingView] Daily 캡처 완료 (D)
[TradingView] Weekly 캡처 완료 (W)
[TradingView] Monthly 캡처 완료 (M)
[[NASDAQ/NYSE 차트분석]] HUM 차트 5개 처리 완료
[TradingView] LQDA 브라우저 세션 시작  (로그인 세션)...
[TradingView] 1H 캡처 완료 (60)
[TradingView] 4H 캡처 완료 (240)
[TradingView] Daily 캡처 완료 (D)
[TradingView] Weekly 캡처 완료 (W)
[TradingView] Monthly 캡처 완료 (M)
[[NASDAQ/NYSE 차트분석]] LQDA 차트 5개 처리 완료
[TradingView] RAL 브라우저 세션 시작  (로그인 세션)...
[TradingView] 1H 캡처 완료 (60)
[TradingView] 4H 캡처 완료 (240)
[TradingView] Daily 캡처 완료 (D)
[TradingView] Weekly 캡처 완료 (W)
[TradingView] Monthly 캡처 완료 (M)
[[NASDAQ/NYSE 차트분석]] RAL 차트 5개 처리 완료
[TradingView] GBTG 브라우저 세션 시작  (로그인 세션)...
[TradingView] 1H 캡처 완료 (60)
[TradingView] 4H 캡처 완료 (240)
[TradingView] Daily 캡처 완료 (D)
[TradingView] Weekly 캡처 완료 (W)
[TradingView] Monthly 캡처 완료 (M)
[[NASDAQ/NYSE 차트분석]] GBTG 차트 5개 처리 완료
[TradingView] GTX 브라우저 세션 시작  (로그인 세션)...
[TradingView] 1H 캡처 완료 (60)
[TradingView] 4H 캡처 완료 (240)
[TradingView] Daily 캡처 완료 (D)
[TradingView] Weekly 캡처 완료 (W)
[TradingView] Monthly 캡처 완료 (M)
[[NASDAQ/NYSE 차트분석]] GTX 차트 5개 처리 완료
[TradingView] DDOG 브라우저 세션 시작  (로그인 세션)...
[TradingView] 1H 캡처 완료 (60)
[TradingView] 4H 캡처 완료 (240)
[TradingView] Daily 캡처 완료 (D)
[TradingView] Weekly 캡처 완료 (W)
[TradingView] Monthly 캡처 완료 (M)
[[NASDAQ/NYSE 차트분석]] DDOG 차트 5개 처리 완료
[TradingView] NTAP 브라우저 세션 시작  (로그인 세션)...
[TradingView] 1H 캡처 완료 (60)
[TradingView] 4H 캡처 완료 (240)
[TradingView] Daily 캡처 완료 (D)
[TradingView] Weekly 캡처 완료 (W)
[TradingView] Monthly 캡처 완료 (M)
[[NASDAQ/NYSE 차트분석]] NTAP 차트 5개 처리 완료
[TradingView] PENG 브라우저 세션 시작  (로그인 세션)...
[TradingView] 1H 캡처 완료 (60)
[TradingView] 4H 캡처 완료 (240)
[TradingView] Daily 캡처 완료 (D)
[TradingView] Weekly 캡처 완료 (W)
[TradingView] Monthly 캡처 완료 (M)
[[NASDAQ/NYSE 차트분석]] PENG 차트 5개 처리 완료
[TradingView] VPG 브라우저 세션 시작  (로그인 세션)...
[TradingView] 1H 캡처 완료 (60)
[TradingView] 4H 캡처 완료 (240)
[TradingView] Daily 캡처 완료 (D)
[TradingView] Weekly 캡처 완료 (W)
[TradingView] Monthly 캡처 완료 (M)
[[NASDAQ/NYSE 차트분석]] VPG 차트 5개 처리 완료
[TradingView] SLNH 브라우저 세션 시작  (로그인 세션)...
[TradingView] 1H 캡처 완료 (60)
[TradingView] 4H 캡처 완료 (240)
[TradingView] Daily 캡처 완료 (D)
[TradingView] Weekly 캡처 완료 (W)
[TradingView] Monthly 캡처 완료 (M)
[[NASDAQ/NYSE 차트분석]] SLNH 차트 5개 처리 완료
[TradingView] VIAV 브라우저 세션 시작  (로그인 세션)...
[TradingView] 1H 캡처 완료 (60)
[TradingView] 4H 캡처 완료 (240)
[TradingView] Daily 캡처 완료 (D)
[TradingView] Weekly 캡처 완료 (W)
[TradingView] Monthly 캡처 완료 (M)
[[NASDAQ/NYSE 차트분석]] VIAV 차트 5개 처리 완료
[TradingView] CRCL 브라우저 세션 시작  (로그인 세션)...
[TradingView] 1H 캡처 완료 (60)
[TradingView] 4H 캡처 완료 (240)
[TradingView] Daily 캡처 완료 (D)
[TradingView] Weekly 캡처 완료 (W)
[TradingView] Monthly 캡처 완료 (M)
[[NASDAQ/NYSE 차트분석]] CRCL 차트 5개 처리 완료
[TradingView] RGTI 브라우저 세션 시작  (로그인 세션)...
[TradingView] 1H 캡처 완료 (60)
[TradingView] 4H 캡처 완료 (240)
[TradingView] Daily 캡처 완료 (D)
[TradingView] Weekly 캡처 완료 (W)
[TradingView] Monthly 캡처 완료 (M)
[[NASDAQ/NYSE 차트분석]] RGTI 차트 5개 처리 완료
[TradingView] CRDO 브라우저 세션 시작  (로그인 세션)...
[TradingView] 1H 캡처 완료 (60)
[TradingView] 4H 캡처 완료 (240)
[TradingView] Daily 캡처 완료 (D)
[TradingView] Weekly 캡처 완료 (W)
[TradingView] Monthly 캡처 완료 (M)
[[NASDAQ/NYSE 차트분석]] CRDO 차트 5개 처리 완료
[TradingView] VICR 브라우저 세션 시작  (로그인 세션)...
[TradingView] 1H 캡처 완료 (60)
[TradingView] 4H 캡처 완료 (240)
[TradingView] Daily 캡처 완료 (D)
[TradingView] Weekly 캡처 완료 (W)
[TradingView] Monthly 캡처 완료 (M)
[[NASDAQ/NYSE 차트분석]] VICR 차트 5개 처리 완료
[TradingView] H 브라우저 세션 시작  (로그인 세션)...
[TradingView] 1H 캡처 완료 (60)
[TradingView] 4H 캡처 완료 (240)
[TradingView] Daily 캡처 완료 (D)
[TradingView] Weekly 캡처 완료 (W)
[TradingView] Monthly 캡처 완료 (M)
[[NASDAQ/NYSE 차트분석]] H 차트 5개 처리 완료
[TradingView] TECK 브라우저 세션 시작  (로그인 세션)...
[TradingView] 1H 캡처 완료 (60)
[TradingView] 4H 캡처 완료 (240)
[TradingView] Daily 캡처 완료 (D)
[TradingView] Weekly 캡처 완료 (W)
[TradingView] Monthly 캡처 완료 (M)
[[NASDAQ/NYSE 차트분석]] TECK 차트 5개 처리 완료
[TradingView] F 브라우저 세션 시작  (로그인 세션)...
[TradingView] 1H 캡처 완료 (60)
[TradingView] 4H 캡처 완료 (240)
[TradingView] Daily 캡처 완료 (D)
[TradingView] Weekly 캡처 완료 (W)
[TradingView] Monthly 캡처 완료 (M)
[[NASDAQ/NYSE 차트분석]] F 차트 5개 처리 완료
[TradingView] LEA 브라우저 세션 시작  (로그인 세션)...
[TradingView] 1H 캡처 완료 (60)
[TradingView] 4H 캡처 완료 (240)
[TradingView] Daily 캡처 완료 (D)
[TradingView] Weekly 캡처 완료 (W)
[TradingView] Monthly 캡처 완료 (M)
[[NASDAQ/NYSE 차트분석]] LEA 차트 5개 처리 완료
[TradingView] LSCC 브라우저 세션 시작  (로그인 세션)...
[TradingView] 1H 캡처 완료 (60)
[TradingView] 4H 캡처 완료 (240)
[TradingView] Daily 캡처 완료 (D)
[TradingView] Weekly 캡처 완료 (W)
[TradingView] Monthly 캡처 완료 (M)
[[NASDAQ/NYSE 차트분석]] LSCC 차트 5개 처리 완료
[TradingView] PLUG 브라우저 세션 시작  (로그인 세션)...
[TradingView] 1H 캡처 완료 (60)
[TradingView] 4H 캡처 완료 (240)
[TradingView] Daily 캡처 완료 (D)
[TradingView] Weekly 캡처 완료 (W)
[TradingView] Monthly 캡처 완료 (M)
[[NASDAQ/NYSE 차트분석]] PLUG 차트 5개 처리 완료
[TradingView] WULF 브라우저 세션 시작  (로그인 세션)...
[TradingView] 1H 캡처 완료 (60)
[TradingView] 4H 캡처 완료 (240)
[TradingView] Daily 캡처 완료 (D)
[TradingView] Weekly 캡처 완료 (W)
[TradingView] Monthly 캡처 완료 (M)
[[NASDAQ/NYSE 차트분석]] WULF 차트 5개 처리 완료
[TradingView] AMBQ 브라우저 세션 시작  (로그인 세션)...
[TradingView] 1H 캡처 완료 (60)
[TradingView] 4H 캡처 완료 (240)
[TradingView] Daily 캡처 완료 (D)
[TradingView] Weekly 캡처 완료 (W)
[TradingView] Monthly 캡처 완료 (M)
[[NASDAQ/NYSE 차트분석]] AMBQ 차트 5개 처리 완료
[TradingView] DAL 브라우저 세션 시작  (로그인 세션)...
[TradingView] 1H 캡처 완료 (60)
[TradingView] 4H 캡처 완료 (240)
[TradingView] Daily 캡처 완료 (D)
[TradingView] Weekly 캡처 완료 (W)
[TradingView] Monthly 캡처 완료 (M)
[[NASDAQ/NYSE 차트분석]] DAL 차트 5개 처리 완료
[TradingView] TE 브라우저 세션 시작  (로그인 세션)...
[TradingView] 1H 캡처 완료 (60)
[TradingView] 4H 캡처 완료 (240)
[TradingView] Daily 캡처 완료 (D)
[TradingView] Weekly 캡처 완료 (W)
[TradingView] Monthly 캡처 완료 (M)
[[NASDAQ/NYSE 차트분석]] TE 차트 5개 처리 완료
[TradingView] AIIO 브라우저 세션 시작  (로그인 세션)...
[TradingView] 1H 캡처 완료 (60)
[TradingView] 4H 캡처 완료 (240)
[TradingView] Daily 캡처 완료 (D)
[TradingView] Weekly 캡처 완료 (W)
[TradingView] Monthly 캡처 완료 (M)
[[NASDAQ/NYSE 차트분석]] AIIO 차트 5개 처리 완료
[TradingView] CIFR 브라우저 세션 시작  (로그인 세션)...
[TradingView] 1H 캡처 완료 (60)
[TradingView] 4H 캡처 완료 (240)
[TradingView] Daily 캡처 완료 (D)
[TradingView] Weekly 캡처 완료 (W)
[TradingView] Monthly 캡처 완료 (M)
[[NASDAQ/NYSE 차트분석]] CIFR 차트 5개 처리 완료
[TradingView] GH 브라우저 세션 시작  (로그인 세션)...
[TradingView] 1H 캡처 완료 (60)
[TradingView] 4H 캡처 완료 (240)
[TradingView] Daily 캡처 완료 (D)
[TradingView] Weekly 캡처 완료 (W)
[TradingView] Monthly 캡처 완료 (M)
[[NASDAQ/NYSE 차트분석]] GH 차트 5개 처리 완료
[TradingView] HLIT 브라우저 세션 시작  (로그인 세션)...
[TradingView] 1H 캡처 완료 (60)
[TradingView] 4H 캡처 완료 (240)
[TradingView] Daily 캡처 완료 (D)
[TradingView] Weekly 캡처 완료 (W)
[TradingView] Monthly 캡처 완료 (M)
[[NASDAQ/NYSE 차트분석]] HLIT 차트 5개 처리 완료
[TradingView] IRDM 브라우저 세션 시작  (로그인 세션)...
[TradingView] 1H 캡처 완료 (60)
[TradingView] 4H 캡처 완료 (240)
[TradingView] Daily 캡처 완료 (D)
[TradingView] Weekly 캡처 완료 (W)
[TradingView] Monthly 캡처 완료 (M)
[[NASDAQ/NYSE 차트분석]] IRDM 차트 5개 처리 완료
[TradingView] MU 브라우저 세션 시작  (로그인 세션)...
[TradingView] 1H 캡처 완료 (60)
[TradingView] 4H 캡처 완료 (240)
[TradingView] Daily 캡처 완료 (D)
[TradingView] Weekly 캡처 완료 (W)
[TradingView] Monthly 캡처 완료 (M)
[[NASDAQ/NYSE 차트분석]] MU 차트 5개 처리 완료
[TradingView] RDW 브라우저 세션 시작  (로그인 세션)...
[TradingView] 1H 캡처 완료 (60)
[TradingView] 4H 캡처 완료 (240)
[TradingView] Daily 캡처 완료 (D)
[TradingView] Weekly 캡처 완료 (W)
[TradingView] Monthly 캡처 완료 (M)
[[NASDAQ/NYSE 차트분석]] RDW 차트 5개 처리 완료
[TradingView] UMC 브라우저 세션 시작  (로그인 세션)...
[TradingView] 1H 캡처 완료 (60)
[TradingView] 4H 캡처 완료 (240)
[TradingView] Daily 캡처 완료 (D)
[TradingView] Weekly 캡처 완료 (W)
[TradingView] Monthly 캡처 완료 (M)
[[NASDAQ/NYSE 차트분석]] UMC 차트 5개 처리 완료
[TradingView] LPTH 브라우저 세션 시작  (로그인 세션)...
[TradingView] 1H 캡처 완료 (60)
[TradingView] 4H 캡처 완료 (240)
[TradingView] Daily 캡처 완료 (D)
[TradingView] Weekly 캡처 완료 (W)
[TradingView] Monthly 캡처 완료 (M)
[[NASDAQ/NYSE 차트분석]] LPTH 차트 5개 처리 완료
[TradingView] TKR 브라우저 세션 시작  (로그인 세션)...
[TradingView] 1H 캡처 완료 (60)
[TradingView] 4H 캡처 완료 (240)
[TradingView] Daily 캡처 완료 (D)
[TradingView] Weekly 캡처 완료 (W)
[TradingView] Monthly 캡처 완료 (M)
[[NASDAQ/NYSE 차트분석]] TKR 차트 5개 처리 완료
[TradingView] UCTT 브라우저 세션 시작  (로그인 세션)...
[TradingView] 1H 캡처 완료 (60)
[TradingView] 4H 캡처 완료 (240)
[TradingView] Daily 캡처 완료 (D)
[TradingView] Weekly 캡처 완료 (W)
[TradingView] Monthly 캡처 완료 (M)
[[NASDAQ/NYSE 차트분석]] UCTT 차트 5개 처리 완료
[TradingView] ALAB 브라우저 세션 시작  (로그인 세션)...
[TradingView] 1H 캡처 완료 (60)
[TradingView] 4H 캡처 완료 (240)
[TradingView] Daily 캡처 완료 (D)
[TradingView] Weekly 캡처 완료 (W)
[TradingView] Monthly 캡처 완료 (M)
[[NASDAQ/NYSE 차트분석]] ALAB 차트 5개 처리 완료
[TradingView] BLDP 브라우저 세션 시작  (로그인 세션)...
[TradingView] 1H 캡처 완료 (60)
[TradingView] 4H 캡처 완료 (240)
[TradingView] Daily 캡처 완료 (D)
[TradingView] Weekly 캡처 완료 (W)
[TradingView] Monthly 캡처 완료 (M)
[[NASDAQ/NYSE 차트분석]] BLDP 차트 5개 처리 완료
[TradingView] ALV 브라우저 세션 시작  (로그인 세션)...
[TradingView] 1H 캡처 완료 (60)
[TradingView] 4H 캡처 완료 (240)
[TradingView] Daily 캡처 완료 (D)
[TradingView] Weekly 캡처 완료 (W)
[TradingView] Monthly 캡처 완료 (M)
[[NASDAQ/NYSE 차트분석]] ALV 차트 5개 처리 완료
[TradingView] ASST 브라우저 세션 시작  (로그인 세션)...
[TradingView] 1H 캡처 완료 (60)
[TradingView] 4H 캡처 완료 (240)
[TradingView] Daily 캡처 완료 (D)
[TradingView] Weekly 캡처 완료 (W)
[TradingView] Monthly 캡처 완료 (M)
[[NASDAQ/NYSE 차트분석]] ASST 차트 5개 처리 완료
[TradingView] DELL 브라우저 세션 시작  (로그인 세션)...
[TradingView] 1H 캡처 완료 (60)
[TradingView] 4H 캡처 완료 (240)
[TradingView] Daily 캡처 완료 (D)
[TradingView] Weekly 캡처 완료 (W)
[TradingView] Monthly 캡처 완료 (M)
[[NASDAQ/NYSE 차트분석]] DELL 차트 5개 처리 완료
[TradingView] DY 브라우저 세션 시작  (로그인 세션)...
[TradingView] 1H 캡처 완료 (60)
[TradingView] 4H 캡처 완료 (240)
[TradingView] Daily 캡처 완료 (D)
[TradingView] Weekly 캡처 완료 (W)
[TradingView] Monthly 캡처 완료 (M)
[[NASDAQ/NYSE 차트분석]] DY 차트 5개 처리 완료
[TradingView] OUST 브라우저 세션 시작  (로그인 세션)...
[TradingView] 1H 캡처 완료 (60)
[TradingView] 4H 캡처 완료 (240)
[TradingView] Daily 캡처 완료 (D)
[TradingView] Weekly 캡처 완료 (W)
[TradingView] Monthly 캡처 완료 (M)
[[NASDAQ/NYSE 차트분석]] OUST 차트 5개 처리 완료
[TradingView] VSH 브라우저 세션 시작  (로그인 세션)...
[TradingView] 1H 캡처 완료 (60)
[TradingView] 4H 캡처 완료 (240)
[TradingView] Daily 캡처 완료 (D)
[TradingView] Weekly 캡처 완료 (W)
[TradingView] Monthly 캡처 완료 (M)
[[NASDAQ/NYSE 차트분석]] VSH 차트 5개 처리 완료
[TradingView] VELO 브라우저 세션 시작  (로그인 세션)...
[TradingView] 1H 캡처 완료 (60)
[TradingView] 4H 캡처 완료 (240)
[TradingView] Daily 캡처 완료 (D)
[TradingView] Weekly 캡처 완료 (W)
[TradingView] Monthly 캡처 완료 (M)
[[NASDAQ/NYSE 차트분석]] VELO 차트 5개 처리 완료
[TradingView] MT 브라우저 세션 시작  (로그인 세션)...
[TradingView] 1H 캡처 완료 (60)
[TradingView] 4H 캡처 완료 (240)
[TradingView] Daily 캡처 완료 (D)
[TradingView] Weekly 캡처 완료 (W)
[TradingView] Monthly 캡처 완료 (M)
[[NASDAQ/NYSE 차트분석]] MT 차트 5개 처리 완료
[TradingView] NAVN 브라우저 세션 시작  (로그인 세션)...
[TradingView] 1H 캡처 완료 (60)
[TradingView] 4H 캡처 완료 (240)
[TradingView] Daily 캡처 완료 (D)
[TradingView] Weekly 캡처 완료 (W)
[TradingView] Monthly 캡처 완료 (M)
[[NASDAQ/NYSE 차트분석]] NAVN 차트 5개 처리 완료
[TradingView] AKAN 브라우저 세션 시작  (로그인 세션)...
[TradingView] 1H 캡처 완료 (60)
[TradingView] 4H 캡처 완료 (240)
[TradingView] Daily 캡처 완료 (D)
[TradingView] Weekly 캡처 완료 (W)
[TradingView] Monthly 캡처 완료 (M)
[[NASDAQ/NYSE 차트분석]] AKAN 차트 5개 처리 완료
[TradingView] QUBT 브라우저 세션 시작  (로그인 세션)...
[TradingView] 1H 캡처 완료 (60)
[TradingView] 4H 캡처 완료 (240)
[TradingView] Daily 캡처 완료 (D)
[TradingView] Weekly 캡처 완료 (W)
[TradingView] Monthly 캡처 완료 (M)
[[NASDAQ/NYSE 차트분석]] QUBT 차트 5개 처리 완료
[TradingView] CRML 브라우저 세션 시작  (로그인 세션)...
[TradingView] 1H 캡처 완료 (60)
[TradingView] 4H 캡처 완료 (240)
[TradingView] Daily 캡처 완료 (D)
[TradingView] Weekly 캡처 완료 (W)
[TradingView] Monthly 캡처 완료 (M)
[[NASDAQ/NYSE 차트분석]] CRML 차트 5개 처리 완료
[TradingView] SRPT 브라우저 세션 시작  (로그인 세션)...
[TradingView] 1H 캡처 완료 (60)
[TradingView] 4H 캡처 완료 (240)
[TradingView] Daily 캡처 완료 (D)
[TradingView] Weekly 캡처 완료 (W)
[TradingView] Monthly 캡처 완료 (M)
[[NASDAQ/NYSE 차트분석]] SRPT 차트 5개 처리 완료
[TradingView] BILI 브라우저 세션 시작  (로그인 세션)...
[TradingView] 1H 캡처 완료 (60)
[TradingView] 4H 캡처 완료 (240)
[TradingView] Daily 캡처 완료 (D)
[TradingView] Weekly 캡처 완료 (W)
[TradingView] Monthly 캡처 완료 (M)
[[NASDAQ/NYSE 차트분석]] BILI 차트 5개 처리 완료
[TradingView] BSX 브라우저 세션 시작  (로그인 세션)...
[TradingView] 1H 캡처 완료 (60)
[TradingView] 4H 캡처 완료 (240)
[TradingView] Daily 캡처 완료 (D)
[TradingView] Weekly 캡처 완료 (W)
[TradingView] Monthly 캡처 완료 (M)
[[NASDAQ/NYSE 차트분석]] BSX 차트 5개 처리 완료
[TradingView] CHTR 브라우저 세션 시작  (로그인 세션)...
[TradingView] 1H 캡처 완료 (60)
[TradingView] 4H 캡처 완료 (240)
[TradingView] Daily 캡처 완료 (D)
[TradingView] Weekly 캡처 완료 (W)
[TradingView] Monthly 캡처 완료 (M)
[[NASDAQ/NYSE 차트분석]] CHTR 차트 5개 처리 완료
[TradingView] CHWY 브라우저 세션 시작  (로그인 세션)...
[TradingView] 1H 캡처 완료 (60)
[TradingView] 4H 캡처 완료 (240)
[TradingView] Daily 캡처 완료 (D)
[TradingView] Weekly 캡처 완료 (W)
[TradingView] Monthly 캡처 완료 (M)
[[NASDAQ/NYSE 차트분석]] CHWY 차트 5개 처리 완료
[TradingView] GTM 브라우저 세션 시작  (로그인 세션)...
[TradingView] 1H 캡처 완료 (60)
[TradingView] 4H 캡처 완료 (240)
[TradingView] Daily 캡처 완료 (D)
[TradingView] Weekly 캡처 완료 (W)
[TradingView] Monthly 캡처 완료 (M)
[[NASDAQ/NYSE 차트분석]] GTM 차트 5개 처리 완료
[TradingView] LBRDK 브라우저 세션 시작  (로그인 세션)...
[TradingView] 1H 캡처 완료 (60)
[TradingView] 4H 캡처 완료 (240)
[TradingView] Daily 캡처 완료 (D)
[TradingView] Weekly 캡처 완료 (W)
[TradingView] Monthly 캡처 완료 (M)
[[NASDAQ/NYSE 차트분석]] LBRDK 차트 5개 처리 완료
[TradingView] Z 브라우저 세션 시작  (로그인 세션)...
[TradingView] 1H 캡처 완료 (60)
[TradingView] 4H 캡처 완료 (240)
[TradingView] Daily 캡처 완료 (D)
[TradingView] Weekly 캡처 완료 (W)
[TradingView] Monthly 캡처 완료 (M)
[[NASDAQ/NYSE 차트분석]] Z 차트 5개 처리 완료
[TradingView] CPNG 브라우저 세션 시작  (로그인 세션)...
[TradingView] 1H 캡처 완료 (60)
[TradingView] 4H 캡처 완료 (240)
[TradingView] Daily 캡처 완료 (D)
[TradingView] Weekly 캡처 완료 (W)
[TradingView] Monthly 캡처 완료 (M)
[[NASDAQ/NYSE 차트분석]] CPNG 차트 5개 처리 완료
[TradingView] EPAM 브라우저 세션 시작  (로그인 세션)...
[TradingView] 1H 캡처 완료 (60)
[TradingView] 4H 캡처 완료 (240)
[TradingView] Daily 캡처 완료 (D)
[TradingView] Weekly 캡처 완료 (W)
[TradingView] Monthly 캡처 완료 (M)
[[NASDAQ/NYSE 차트분석]] EPAM 차트 5개 처리 완료
[TradingView] INTU 브라우저 세션 시작  (로그인 세션)...
[TradingView] 1H 캡처 완료 (60)
[TradingView] 4H 캡처 완료 (240)
[TradingView] Daily 캡처 완료 (D)
[TradingView] Weekly 캡처 완료 (W)
[TradingView] Monthly 캡처 완료 (M)
[[NASDAQ/NYSE 차트분석]] INTU 차트 5개 처리 완료
[TradingView] ZTS 브라우저 세션 시작  (로그인 세션)...
[TradingView] 1H 캡처 완료 (60)
[TradingView] 4H 캡처 완료 (240)
[TradingView] Daily 캡처 완료 (D)
[TradingView] Weekly 캡처 완료 (W)
[TradingView] Monthly 캡처 완료 (M)
[[NASDAQ/NYSE 차트분석]] ZTS 차트 5개 처리 완료
[TradingView] LI 브라우저 세션 시작  (로그인 세션)...
[TradingView] 1H 캡처 완료 (60)
[TradingView] 4H 캡처 완료 (240)
[TradingView] Daily 캡처 완료 (D)
[TradingView] Weekly 캡처 완료 (W)
[TradingView] Monthly 캡처 완료 (M)
[[NASDAQ/NYSE 차트분석]] LI 차트 5개 처리 완료
[TradingView] PSIX 브라우저 세션 시작  (로그인 세션)...
[TradingView] 1H 캡처 완료 (60)
[TradingView] 4H 캡처 완료 (240)
[TradingView] Daily 캡처 완료 (D)
[TradingView] Weekly 캡처 완료 (W)
[TradingView] Monthly 캡처 완료 (M)
[[NASDAQ/NYSE 차트분석]] PSIX 차트 5개 처리 완료
[TradingView] BMNR 브라우저 세션 시작  (로그인 세션)...
[TradingView] 1H 캡처 완료 (60)
[TradingView] 4H 캡처 완료 (240)
[TradingView] Daily 캡처 완료 (D)
[TradingView] Weekly 캡처 완료 (W)
[TradingView] Monthly 캡처 완료 (M)
[[NASDAQ/NYSE 차트분석]] BMNR 차트 5개 처리 완료
[TradingView] KD 브라우저 세션 시작  (로그인 세션)...
[TradingView] 1H 캡처 완료 (60)
[TradingView] 4H 캡처 완료 (240)
[TradingView] Daily 캡처 완료 (D)
[TradingView] Weekly 캡처 완료 (W)
[TradingView] Monthly 캡처 완료 (M)
[[NASDAQ/NYSE 차트분석]] KD 차트 5개 처리 완료
[TradingView] CCC 브라우저 세션 시작  (로그인 세션)...
[TradingView] 1H 캡처 완료 (60)
[TradingView] 4H 캡처 완료 (240)
[TradingView] Daily 캡처 완료 (D)
[TradingView] Weekly 캡처 완료 (W)
[TradingView] Monthly 캡처 완료 (M)
[[NASDAQ/NYSE 차트분석]] CCC 차트 5개 처리 완료
[TradingView] FISV 브라우저 세션 시작  (로그인 세션)...
[TradingView] 1H 캡처 완료 (60)
[TradingView] 4H 캡처 완료 (240)
[TradingView] Daily 캡처 완료 (D)
[TradingView] Weekly 캡처 완료 (W)
[TradingView] Monthly 캡처 완료 (M)
[[NASDAQ/NYSE 차트분석]] FISV 차트 5개 처리 완료
[TradingView] LEU 브라우저 세션 시작  (로그인 세션)...
[TradingView] 1H 캡처 완료 (60)
[TradingView] 4H 캡처 완료 (240)
[TradingView] Daily 캡처 완료 (D)
[TradingView] Weekly 캡처 완료 (W)
[TradingView] Monthly 캡처 완료 (M)
[[NASDAQ/NYSE 차트분석]] LEU 차트 5개 처리 완료
[TradingView] KVYO 브라우저 세션 시작  (로그인 세션)...
[TradingView] 1H 캡처 완료 (60)
[TradingView] 4H 캡처 완료 (240)
[TradingView] Daily 캡처 완료 (D)
[TradingView] Weekly 캡처 완료 (W)
[TradingView] Monthly 캡처 완료 (M)
[[NASDAQ/NYSE 차트분석]] KVYO 차트 5개 처리 완료
[TradingView] TYL 브라우저 세션 시작  (로그인 세션)...
[TradingView] 1H 캡처 완료 (60)
[TradingView] 4H 캡처 완료 (240)
[TradingView] Daily 캡처 완료 (D)
[TradingView] Weekly 캡처 완료 (W)
[TradingView] Monthly 캡처 완료 (M)
[[NASDAQ/NYSE 차트분석]] TYL 차트 5개 처리 완료
[TradingView] UWMC 브라우저 세션 시작  (로그인 세션)...
[TradingView] 1H 캡처 완료 (60)
[TradingView] 4H 캡처 완료 (240)
[TradingView] Daily 캡처 완료 (D)
[TradingView] Weekly 캡처 완료 (W)
[TradingView] Monthly 캡처 완료 (M)
[[NASDAQ/NYSE 차트분석]] UWMC 차트 5개 처리 완료
[TradingView] WIX 브라우저 세션 시작  (로그인 세션)...
[TradingView] 1H 캡처 완료 (60)
[TradingView] 4H 캡처 완료 (240)
[TradingView] Daily 캡처 완료 (D)
[TradingView] Weekly 캡처 완료 (W)
[TradingView] Monthly 캡처 완료 (M)
[[NASDAQ/NYSE 차트분석]] WIX 차트 5개 처리 완료
[[NASDAQ/NYSE 차트분석]] 차트 캡처 완료
[[NASDAQ/NYSE 차트분석]] GitHub에 차트 이미지 푸시 중...
[main ab1be42] Update NASDAQ/NYSE chart screenshots 1779928503
 1590 files changed, 0 insertions(+), 0 deletions(-)
 delete mode 100644 charts/screenshots_nasdaq/AA/AA_1H_20260527_073526.png
 create mode 100644 charts/screenshots_nasdaq/AA/AA_1H_20260527_234611.png
 delete mode 100644 charts/screenshots_nasdaq/AA/AA_4H_20260527_073526.png
 create mode 100644 charts/screenshots_nasdaq/AA/AA_4H_20260527_234611.png
 delete mode 100644 charts/screenshots_nasdaq/AA/AA_Daily_20260527_073526.png
 create mode 100644 charts/screenshots_nasdaq/AA/AA_Daily_20260527_234611.png
 delete mode 100644 charts/screenshots_nasdaq/AA/AA_Monthly_20260527_073526.png
 create mode 100644 charts/screenshots_nasdaq/AA/AA_Monthly_20260527_234611.png
 delete mode 100644 charts/screenshots_nasdaq/AA/AA_Weekly_20260527_073526.png
 create mode 100644 charts/screenshots_nasdaq/AA/AA_Weekly_20260527_234611.png
 delete mode 100644 charts/screenshots_nasdaq/AAON/AAON_1H_20260527_070809.png
 create mode 100644 charts/screenshots_nasdaq/AAON/AAON_1H_20260527_225449.png
 delete mode 100644 charts/screenshots_nasdaq/AAON/AAON_4H_20260527_070809.png
 create mode 100644 charts/screenshots_nasdaq/AAON/AAON_4H_20260527_225449.png
 delete mode 100644 charts/screenshots_nasdaq/AAON/AAON_Daily_20260527_070809.png
 create mode 100644 charts/screenshots_nasdaq/AAON/AAON_Daily_20260527_225449.png
 delete mode 100644 charts/screenshots_nasdaq/AAON/AAON_Monthly_20260527_070809.png
 create mode 100644 charts/screenshots_nasdaq/AAON/AAON_Monthly_20260527_225449.png
 delete mode 100644 charts/screenshots_nasdaq/AAON/AAON_Weekly_20260527_070809.png
 create mode 100644 charts/screenshots_nasdaq/AAON/AAON_Weekly_20260527_225449.png
 create mode 100644 charts/screenshots_nasdaq/AAPL/AAPL_1H_20260527_233020.png
 create mode 100644 charts/screenshots_nasdaq/AAPL/AAPL_4H_20260527_233020.png
 create mode 100644 charts/screenshots_nasdaq/AAPL/AAPL_Daily_20260527_233020.png
 create mode 100644 charts/screenshots_nasdaq/AAPL/AAPL_Monthly_20260527_233020.png
 create mode 100644 charts/screenshots_nasdaq/AAPL/AAPL_Weekly_20260527_233020.png
 delete mode 100644 charts/screenshots_nasdaq/ACMR/ACMR_1H_20260527_080635.png
 create mode 100644 charts/screenshots_nasdaq/ACMR/ACMR_1H_20260527_225925.png
 delete mode 100644 charts/screenshots_nasdaq/ACMR/ACMR_4H_20260527_080635.png
 create mode 100644 charts/screenshots_nasdaq/ACMR/ACMR_4H_20260527_225925.png
 delete mode 100644 charts/screenshots_nasdaq/ACMR/ACMR_Daily_20260527_080635.png
 create mode 100644 charts/screenshots_nasdaq/ACMR/ACMR_Daily_20260527_225925.png
 delete mode 100644 charts/screenshots_nasdaq/ACMR/ACMR_Monthly_20260527_080635.png
 create mode 100644 charts/screenshots_nasdaq/ACMR/ACMR_Monthly_20260527_225925.png
 delete mode 100644 charts/screenshots_nasdaq/ACMR/ACMR_Weekly_20260527_080635.png
 create mode 100644 charts/screenshots_nasdaq/ACMR/ACMR_Weekly_20260527_225925.png
 delete mode 100644 charts/screenshots_nasdaq/AEHR/AEHR_1H_20260527_075807.png
 delete mode 100644 charts/screenshots_nasdaq/AEHR/AEHR_4H_20260527_075807.png
 delete mode 100644 charts/screenshots_nasdaq/AEHR/AEHR_Daily_20260527_075807.png
 delete mode 100644 charts/screenshots_nasdaq/AEHR/AEHR_Monthly_20260527_075807.png
 delete mode 100644 charts/screenshots_nasdaq/AEHR/AEHR_Weekly_20260527_075807.png
 create mode 100644 charts/screenshots_nasdaq/AIIO/AIIO_1H_20260528_000317.png
 create mode 100644 charts/screenshots_nasdaq/AIIO/AIIO_4H_20260528_000317.png
 create mode 100644 charts/screenshots_nasdaq/AIIO/AIIO_Daily_20260528_000317.png
 create mode 100644 charts/screenshots_nasdaq/AIIO/AIIO_Monthly_20260528_000317.png
 create mode 100644 charts/screenshots_nasdaq/AIIO/AIIO_Weekly_20260528_000317.png
 create mode 100644 charts/screenshots_nasdaq/AKAN/AKAN_1H_20260528_001742.png
 create mode 100644 charts/screenshots_nasdaq/AKAN/AKAN_4H_20260528_001742.png
 create mode 100644 charts/screenshots_nasdaq/AKAN/AKAN_Daily_20260528_001742.png
 create mode 100644 charts/screenshots_nasdaq/AKAN/AKAN_Monthly_20260528_001742.png
 create mode 100644 charts/screenshots_nasdaq/AKAN/AKAN_Weekly_20260528_001742.png
 delete mode 100644 charts/screenshots_nasdaq/ALAB/ALAB_1H_20260527_080753.png
 create mode 100644 charts/screenshots_nasdaq/ALAB/ALAB_1H_20260528_001029.png
 delete mode 100644 charts/screenshots_nasdaq/ALAB/ALAB_4H_20260527_080753.png
 create mode 100644 charts/screenshots_nasdaq/ALAB/ALAB_4H_20260528_001029.png
 delete mode 100644 charts/screenshots_nasdaq/ALAB/ALAB_Daily_20260527_080753.png
 create mode 100644 charts/screenshots_nasdaq/ALAB/ALAB_Daily_20260528_001029.png
 delete mode 100644 charts/screenshots_nasdaq/ALAB/ALAB_Monthly_20260527_080753.png
 create mode 100644 charts/screenshots_nasdaq/ALAB/ALAB_Monthly_20260528_001029.png
 delete mode 100644 charts/screenshots_nasdaq/ALAB/ALAB_Weekly_20260527_080753.png
 create mode 100644 charts/screenshots_nasdaq/ALAB/ALAB_Weekly_20260528_001029.png
 delete mode 100644 charts/screenshots_nasdaq/ALGM/ALGM_1H_20260527_075610.png
 delete mode 100644 charts/screenshots_nasdaq/ALGM/ALGM_4H_20260527_075610.png
 delete mode 100644 charts/screenshots_nasdaq/ALGM/ALGM_Daily_20260527_075610.png
 delete mode 100644 charts/screenshots_nasdaq/ALGM/ALGM_Monthly_20260527_075610.png
 delete mode 100644 charts/screenshots_nasdaq/ALGM/ALGM_Weekly_20260527_075610.png
 create mode 100644 charts/screenshots_nasdaq/ALV/ALV_1H_20260528_001148.png
 create mode 100644 charts/screenshots_nasdaq/ALV/ALV_4H_20260528_001148.png
 create mode 100644 charts/screenshots_nasdaq/ALV/ALV_Daily_20260528_001148.png
 create mode 100644 charts/screenshots_nasdaq/ALV/ALV_Monthly_20260528_001148.png
 create mode 100644 charts/screenshots_nasdaq/ALV/ALV_Weekly_20260528_001148.png
 delete mode 100644 charts/screenshots_nasdaq/AMAT/AMAT_1H_20260527_075924.png
 create mode 100644 charts/screenshots_nasdaq/AMAT/AMAT_1H_20260527_232108.png
 delete mode 100644 charts/screenshots_nasdaq/AMAT/AMAT_4H_20260527_075924.png
 create mode 100644 charts/screenshots_nasdaq/AMAT/AMAT_4H_20260527_232108.png
 delete mode 100644 charts/screenshots_nasdaq/AMAT/AMAT_Daily_20260527_075924.png
 create mode 100644 charts/screenshots_nasdaq/AMAT/AMAT_Daily_20260527_232108.png
 delete mode 100644 charts/screenshots_nasdaq/AMAT/AMAT_Monthly_20260527_075924.png
 create mode 100644 charts/screenshots_nasdaq/AMAT/AMAT_Monthly_20260527_232108.png
 delete mode 100644 charts/screenshots_nasdaq/AMAT/AMAT_Weekly_20260527_075924.png
 create mode 100644 charts/screenshots_nasdaq/AMAT/AMAT_Weekly_20260527_232108.png
 delete mode 100644 charts/screenshots_nasdaq/AMBA/AMBA_1H_20260527_074313.png
 delete mode 100644 charts/screenshots_nasdaq/AMBA/AMBA_4H_20260527_074313.png
 delete mode 100644 charts/screenshots_nasdaq/AMBA/AMBA_Daily_20260527_074313.png
 delete mode 100644 charts/screenshots_nasdaq/AMBA/AMBA_Monthly_20260527_074313.png
 delete mode 100644 charts/screenshots_nasdaq/AMBA/AMBA_Weekly_20260527_074313.png
 create mode 100644 charts/screenshots_nasdaq/AMBQ/AMBQ_1H_20260528_000120.png
 create mode 100644 charts/screenshots_nasdaq/AMBQ/AMBQ_4H_20260528_000120.png
 create mode 100644 charts/screenshots_nasdaq/AMBQ/AMBQ_Daily_20260528_000120.png
 create mode 100644 charts/screenshots_nasdaq/AMBQ/AMBQ_Monthly_20260528_000120.png
 create mode 100644 charts/screenshots_nasdaq/AMBQ/AMBQ_Weekly_20260528_000120.png
 delete mode 100644 charts/screenshots_nasdaq/AMD/AMD_1H_20260527_074431.png
 create mode 100644 charts/screenshots_nasdaq/AMD/AMD_1H_20260527_225528.png
 delete mode 100644 charts/screenshots_nasdaq/AMD/AMD_4H_20260527_074431.png
 create mode 100644 charts/screenshots_nasdaq/AMD/AMD_4H_20260527_225528.png
 delete mode 100644 charts/screenshots_nasdaq/AMD/AMD_Daily_20260527_074431.png
 create mode 100644 charts/screenshots_nasdaq/AMD/AMD_Daily_20260527_225528.png
 delete mode 100644 charts/screenshots_nasdaq/AMD/AMD_Monthly_20260527_074431.png
 create mode 100644 charts/screenshots_nasdaq/AMD/AMD_Monthly_20260527_225528.png
 delete mode 100644 charts/screenshots_nasdaq/AMD/AMD_Weekly_20260527_074431.png
 create mode 100644 charts/screenshots_nasdaq/AMD/AMD_Weekly_20260527_225528.png
 create mode 100644 charts/screenshots_nasdaq/APLD/APLD_1H_20260527_232227.png
 create mode 100644 charts/screenshots_nasdaq/APLD/APLD_4H_20260527_232227.png
 create mode 100644 charts/screenshots_nasdaq/APLD/APLD_Daily_20260527_232227.png
 create mode 100644 charts/screenshots_nasdaq/APLD/APLD_Monthly_20260527_232227.png
 create mode 100644 charts/screenshots_nasdaq/APLD/APLD_Weekly_20260527_232227.png
 delete mode 100644 charts/screenshots_nasdaq/ARM/ARM_1H_20260527_082212.png
 delete mode 100644 charts/screenshots_nasdaq/ARM/ARM_4H_20260527_082212.png
 delete mode 100644 charts/screenshots_nasdaq/ARM/ARM_Daily_20260527_082212.png
 delete mode 100644 charts/screenshots_nasdaq/ARM/ARM_Monthly_20260527_082212.png
 delete mode 100644 charts/screenshots_nasdaq/ARM/ARM_Weekly_20260527_082212.png
 delete mode 100644 charts/screenshots_nasdaq/ARMK/ARMK_1H_20260527_075452.png
 create mode 100644 charts/screenshots_nasdaq/ARMK/ARMK_1H_20260527_234213.png
 delete mode 100644 charts/screenshots_nasdaq/ARMK/ARMK_4H_20260527_075452.png
 create mode 100644 charts/screenshots_nasdaq/ARMK/ARMK_4H_20260527_234213.png
 delete mode 100644 charts/screenshots_nasdaq/ARMK/ARMK_Daily_20260527_075452.png
 create mode 100644 charts/screenshots_nasdaq/ARMK/ARMK_Daily_20260527_234213.png
 delete mode 100644 charts/screenshots_nasdaq/ARMK/ARMK_Monthly_20260527_075452.png
 create mode 100644 charts/screenshots_nasdaq/ARMK/ARMK_Monthly_20260527_234213.png
 delete mode 100644 charts/screenshots_nasdaq/ARMK/ARMK_Weekly_20260527_075452.png
 create mode 100644 charts/screenshots_nasdaq/ARMK/ARMK_Weekly_20260527_234213.png
 delete mode 100644 charts/screenshots_nasdaq/ARW/ARW_1H_20260527_074509.png
 create mode 100644 charts/screenshots_nasdaq/ARW/ARW_1H_20260527_225607.png
 delete mode 100644 charts/screenshots_nasdaq/ARW/ARW_4H_20260527_074509.png
 create mode 100644 charts/screenshots_nasdaq/ARW/ARW_4H_20260527_225607.png
 delete mode 100644 charts/screenshots_nasdaq/ARW/ARW_Daily_20260527_074509.png
 create mode 100644 charts/screenshots_nasdaq/ARW/ARW_Daily_20260527_225607.png
 delete mode 100644 charts/screenshots_nasdaq/ARW/ARW_Monthly_20260527_074509.png
 create mode 100644 charts/screenshots_nasdaq/ARW/ARW_Monthly_20260527_225607.png
 delete mode 100644 charts/screenshots_nasdaq/ARW/ARW_Weekly_20260527_074509.png
 create mode 100644 charts/screenshots_nasdaq/ARW/ARW_Weekly_20260527_225607.png
 delete mode 100644 charts/screenshots_nasdaq/ASML/ASML_1H_20260527_081856.png
 delete mode 100644 charts/screenshots_nasdaq/ASML/ASML_4H_20260527_081856.png
 delete mode 100644 charts/screenshots_nasdaq/ASML/ASML_Daily_20260527_081856.png
 delete mode 100644 charts/screenshots_nasdaq/ASML/ASML_Monthly_20260527_081856.png
 delete mode 100644 charts/screenshots_nasdaq/ASML/ASML_Weekly_20260527_081856.png
 delete mode 100644 charts/screenshots_nasdaq/ASST/ASST_1H_20260527_082014.png
 create mode 100644 charts/screenshots_nasdaq/ASST/ASST_1H_20260528_001227.png
 delete mode 100644 charts/screenshots_nasdaq/ASST/ASST_4H_20260527_082014.png
 create mode 100644 charts/screenshots_nasdaq/ASST/ASST_4H_20260528_001227.png
 delete mode 100644 charts/screenshots_nasdaq/ASST/ASST_Daily_20260527_082014.png
 create mode 100644 charts/screenshots_nasdaq/ASST/ASST_Daily_20260528_001227.png
 delete mode 100644 charts/screenshots_nasdaq/ASST/ASST_Monthly_20260527_082014.png
 create mode 100644 charts/screenshots_nasdaq/ASST/ASST_Monthly_20260528_001227.png
 delete mode 100644 charts/screenshots_nasdaq/ASST/ASST_Weekly_20260527_082014.png
 create mode 100644 charts/screenshots_nasdaq/ASST/ASST_Weekly_20260528_001227.png
 create mode 100644 charts/screenshots_nasdaq/ASTC/ASTC_1H_20260527_232504.png
 create mode 100644 charts/screenshots_nasdaq/ASTC/ASTC_4H_20260527_232504.png
 create mode 100644 charts/screenshots_nasdaq/ASTC/ASTC_Daily_20260527_232504.png
 create mode 100644 charts/screenshots_nasdaq/ASTC/ASTC_Monthly_20260527_232504.png
 create mode 100644 charts/screenshots_nasdaq/ASTC/ASTC_Weekly_20260527_232504.png
 delete mode 100644 charts/screenshots_nasdaq/ASTS/ASTS_1H_20260527_074234.png
 create mode 100644 charts/screenshots_nasdaq/ASTS/ASTS_1H_20260527_231950.png
 delete mode 100644 charts/screenshots_nasdaq/ASTS/ASTS_4H_20260527_074234.png
 create mode 100644 charts/screenshots_nasdaq/ASTS/ASTS_4H_20260527_231950.png
 delete mode 100644 charts/screenshots_nasdaq/ASTS/ASTS_Daily_20260527_074234.png
 create mode 100644 charts/screenshots_nasdaq/ASTS/ASTS_Daily_20260527_231950.png
 delete mode 100644 charts/screenshots_nasdaq/ASTS/ASTS_Monthly_20260527_074234.png
 create mode 100644 charts/screenshots_nasdaq/ASTS/ASTS_Monthly_20260527_231950.png
 delete mode 100644 charts/screenshots_nasdaq/ASTS/ASTS_Weekly_20260527_074234.png
 create mode 100644 charts/screenshots_nasdaq/ASTS/ASTS_Weekly_20260527_231950.png
 delete mode 100644 charts/screenshots_nasdaq/ASX/ASX_1H_20260527_073841.png
 create mode 100644 charts/screenshots_nasdaq/ASX/ASX_1H_20260527_225248.png
 delete mode 100644 charts/screenshots_nasdaq/ASX/ASX_4H_20260527_073841.png
 create mode 100644 charts/screenshots_nasdaq/ASX/ASX_4H_20260527_225248.png
 delete mode 100644 charts/screenshots_nasdaq/ASX/ASX_Daily_20260527_073841.png
 create mode 100644 charts/screenshots_nasdaq/ASX/ASX_Daily_20260527_225248.png
 delete mode 100644 charts/screenshots_nasdaq/ASX/ASX_Monthly_20260527_073841.png
 create mode 100644 charts/screenshots_nasdaq/ASX/ASX_Monthly_20260527_225248.png
 delete mode 100644 charts/screenshots_nasdaq/ASX/ASX_Weekly_20260527_073841.png
 create mode 100644 charts/screenshots_nasdaq/ASX/ASX_Weekly_20260527_225248.png
 create mode 100644 charts/screenshots_nasdaq/ATI/ATI_1H_20260527_234253.png
 create mode 100644 charts/screenshots_nasdaq/ATI/ATI_4H_20260527_234253.png
 create mode 100644 charts/screenshots_nasdaq/ATI/ATI_Daily_20260527_234253.png
 create mode 100644 charts/screenshots_nasdaq/ATI/ATI_Monthly_20260527_234253.png
 create mode 100644 charts/screenshots_nasdaq/ATI/ATI_Weekly_20260527_234253.png
 delete mode 100644 charts/screenshots_nasdaq/AXSM/AXSM_1H_20260527_070848.png
 create mode 100644 charts/screenshots_nasdaq/AXSM/AXSM_1H_20260527_225647.png
 delete mode 100644 charts/screenshots_nasdaq/AXSM/AXSM_4H_20260527_070848.png
 create mode 100644 charts/screenshots_nasdaq/AXSM/AXSM_4H_20260527_225647.png
 delete mode 100644 charts/screenshots_nasdaq/AXSM/AXSM_Daily_20260527_070848.png
 create mode 100644 charts/screenshots_nasdaq/AXSM/AXSM_Daily_20260527_225647.png
 delete mode 100644 charts/screenshots_nasdaq/AXSM/AXSM_Monthly_20260527_070848.png
 create mode 100644 charts/screenshots_nasdaq/AXSM/AXSM_Monthly_20260527_225647.png
 delete mode 100644 charts/screenshots_nasdaq/AXSM/AXSM_Weekly_20260527_070848.png
 create mode 100644 charts/screenshots_nasdaq/AXSM/AXSM_Weekly_20260527_225647.png
 delete mode 100644 charts/screenshots_nasdaq/BAND/BAND_1H_20260527_074745.png
 delete mode 100644 charts/screenshots_nasdaq/BAND/BAND_4H_20260527_074745.png
 delete mode 100644 charts/screenshots_nasdaq/BAND/BAND_Daily_20260527_074745.png
 delete mode 100644 charts/screenshots_nasdaq/BAND/BAND_Monthly_20260527_074745.png
 delete mode 100644 charts/screenshots_nasdaq/BAND/BAND_Weekly_20260527_074745.png
 delete mode 100644 charts/screenshots_nasdaq/BB/BB_1H_20260527_080832.png
 create mode 100644 charts/screenshots_nasdaq/BB/BB_1H_20260527_230005.png
 delete mode 100644 charts/screenshots_nasdaq/BB/BB_4H_20260527_080832.png
 create mode 100644 charts/screenshots_nasdaq/BB/BB_4H_20260527_230005.png
 delete mode 100644 charts/screenshots_nasdaq/BB/BB_Daily_20260527_080832.png
 create mode 100644 charts/screenshots_nasdaq/BB/BB_Daily_20260527_230005.png
 delete mode 100644 charts/screenshots_nasdaq/BB/BB_Monthly_20260527_080832.png
 create mode 100644 charts/screenshots_nasdaq/BB/BB_Monthly_20260527_230005.png
 delete mode 100644 charts/screenshots_nasdaq/BB/BB_Weekly_20260527_080832.png
 create mode 100644 charts/screenshots_nasdaq/BB/BB_Weekly_20260527_230005.png
 delete mode 100644 charts/screenshots_nasdaq/BBAI/BBAI_1H_20260527_082605.png
 create mode 100644 charts/screenshots_nasdaq/BBAI/BBAI_1H_20260527_231910.png
 delete mode 100644 charts/screenshots_nasdaq/BBAI/BBAI_4H_20260527_082605.png
 create mode 100644 charts/screenshots_nasdaq/BBAI/BBAI_4H_20260527_231910.png
 delete mode 100644 charts/screenshots_nasdaq/BBAI/BBAI_Daily_20260527_082605.png
 create mode 100644 charts/screenshots_nasdaq/BBAI/BBAI_Daily_20260527_231910.png
 delete mode 100644 charts/screenshots_nasdaq/BBAI/BBAI_Monthly_20260527_082605.png
 create mode 100644 charts/screenshots_nasdaq/BBAI/BBAI_Monthly_20260527_231910.png
 delete mode 100644 charts/screenshots_nasdaq/BBAI/BBAI_Weekly_20260527_082605.png
 create mode 100644 charts/screenshots_nasdaq/BBAI/BBAI_Weekly_20260527_231910.png
 delete mode 100644 charts/screenshots_nasdaq/BE/BE_1H_20260527_070927.png
 delete mode 100644 charts/screenshots_nasdaq/BE/BE_4H_20260527_070927.png
 delete mode 100644 charts/screenshots_nasdaq/BE/BE_Daily_20260527_070927.png
 delete mode 100644 charts/screenshots_nasdaq/BE/BE_Monthly_20260527_070927.png
 delete mode 100644 charts/screenshots_nasdaq/BE/BE_Weekly_20260527_070927.png
 delete mode 100644 charts/screenshots_nasdaq/BILI/BILI_1H_20260527_083234.png
 create mode 100644 charts/screenshots_nasdaq/BILI/BILI_1H_20260528_002018.png
 delete mode 100644 charts/screenshots_nasdaq/BILI/BILI_4H_20260527_083234.png
 create mode 100644 charts/screenshots_nasdaq/BILI/BILI_4H_20260528_002018.png
 delete mode 100644 charts/screenshots_nasdaq/BILI/BILI_Daily_20260527_083234.png
 create mode 100644 charts/screenshots_nasdaq/BILI/BILI_Daily_20260528_002018.png
 delete mode 100644 charts/screenshots_nasdaq/BILI/BILI_Monthly_20260527_083234.png
 create mode 100644 charts/screenshots_nasdaq/BILI/BILI_Monthly_20260528_002018.png
 delete mode 100644 charts/screenshots_nasdaq/BILI/BILI_Weekly_20260527_083234.png
 create mode 100644 charts/screenshots_nasdaq/BILI/BILI_Weekly_20260528_002018.png
 delete mode 100644 charts/screenshots_nasdaq/BKSY/BKSY_1H_20260527_071006.png
 create mode 100644 charts/screenshots_nasdaq/BKSY/BKSY_1H_20260527_232306.png
 delete mode 100644 charts/screenshots_nasdaq/BKSY/BKSY_4H_20260527_071006.png
 create mode 100644 charts/screenshots_nasdaq/BKSY/BKSY_4H_20260527_232306.png
 delete mode 100644 charts/screenshots_nasdaq/BKSY/BKSY_Daily_20260527_071006.png
 create mode 100644 charts/screenshots_nasdaq/BKSY/BKSY_Daily_20260527_232306.png
 delete mode 100644 charts/screenshots_nasdaq/BKSY/BKSY_Monthly_20260527_071006.png
 create mode 100644 charts/screenshots_nasdaq/BKSY/BKSY_Monthly_20260527_232306.png
 delete mode 100644 charts/screenshots_nasdaq/BKSY/BKSY_Weekly_20260527_071006.png
 create mode 100644 charts/screenshots_nasdaq/BKSY/BKSY_Weekly_20260527_232306.png
 create mode 100644 charts/screenshots_nasdaq/BLDP/BLDP_1H_20260528_001109.png
 create mode 100644 charts/screenshots_nasdaq/BLDP/BLDP_4H_20260528_001109.png
 create mode 100644 charts/screenshots_nasdaq/BLDP/BLDP_Daily_20260528_001109.png
 create mode 100644 charts/screenshots_nasdaq/BLDP/BLDP_Monthly_20260528_001109.png
 create mode 100644 charts/screenshots_nasdaq/BLDP/BLDP_Weekly_20260528_001109.png
 delete mode 100644 charts/screenshots_nasdaq/BMNR/BMNR_1H_20260527_084337.png
 create mode 100644 charts/screenshots_nasdaq/BMNR/BMNR_1H_20260528_002853.png
 delete mode 100644 charts/screenshots_nasdaq/BMNR/BMNR_4H_20260527_084337.png
 create mode 100644 charts/screenshots_nasdaq/BMNR/BMNR_4H_20260528_002853.png
 delete mode 100644 charts/screenshots_nasdaq/BMNR/BMNR_Daily_20260527_084337.png
 create mode 100644 charts/screenshots_nasdaq/BMNR/BMNR_Daily_20260528_002853.png
 delete mode 100644 charts/screenshots_nasdaq/BMNR/BMNR_Monthly_20260527_084337.png
 create mode 100644 charts/screenshots_nasdaq/BMNR/BMNR_Monthly_20260528_002853.png
 delete mode 100644 charts/screenshots_nasdaq/BMNR/BMNR_Weekly_20260527_084337.png
 create mode 100644 charts/screenshots_nasdaq/BMNR/BMNR_Weekly_20260528_002853.png
 create mode 100644 charts/screenshots_nasdaq/BSX/BSX_1H_20260528_002057.png
 create mode 100644 charts/screenshots_nasdaq/BSX/BSX_4H_20260528_002057.png
 create mode 100644 charts/screenshots_nasdaq/BSX/BSX_Daily_20260528_002057.png
 create mode 100644 charts/screenshots_nasdaq/BSX/BSX_Monthly_20260528_002057.png
 create mode 100644 charts/screenshots_nasdaq/BSX/BSX_Weekly_20260528_002057.png
 create mode 100644 charts/screenshots_nasdaq/BTBT/BTBT_1H_20260527_233736.png
 create mode 100644 charts/screenshots_nasdaq/BTBT/BTBT_4H_20260527_233736.png
 create mode 100644 charts/screenshots_nasdaq/BTBT/BTBT_Daily_20260527_233736.png
 create mode 100644 charts/screenshots_nasdaq/BTBT/BTBT_Monthly_20260527_233736.png
 create mode 100644 charts/screenshots_nasdaq/BTBT/BTBT_Weekly_20260527_233736.png
 delete mode 100644 charts/screenshots_nasdaq/BTSG/BTSG_1H_20260527_070454.png
 create mode 100644 charts/screenshots_nasdaq/BTSG/BTSG_1H_20260527_225409.png
 delete mode 100644 charts/screenshots_nasdaq/BTSG/BTSG_4H_20260527_070454.png
 create mode 100644 charts/screenshots_nasdaq/BTSG/BTSG_4H_20260527_225409.png
 delete mode 100644 charts/screenshots_nasdaq/BTSG/BTSG_Daily_20260527_070454.png
 create mode 100644 charts/screenshots_nasdaq/BTSG/BTSG_Daily_20260527_225409.png
 delete mode 100644 charts/screenshots_nasdaq/BTSG/BTSG_Monthly_20260527_070454.png
 create mode 100644 charts/screenshots_nasdaq/BTSG/BTSG_Monthly_20260527_225409.png
 delete mode 100644 charts/screenshots_nasdaq/BTSG/BTSG_Weekly_20260527_070454.png
 create mode 100644 charts/screenshots_nasdaq/BTSG/BTSG_Weekly_20260527_225409.png
 create mode 100644 charts/screenshots_nasdaq/BUD/BUD_1H_20260527_225727.png
 create mode 100644 charts/screenshots_nasdaq/BUD/BUD_4H_20260527_225727.png
 create mode 100644 charts/screenshots_nasdaq/BUD/BUD_Daily_20260527_225727.png
 create mode 100644 charts/screenshots_nasdaq/BUD/BUD_Monthly_20260527_225727.png
 create mode 100644 charts/screenshots_nasdaq/BUD/BUD_Weekly_20260527_225727.png
 delete mode 100644 charts/screenshots_nasdaq/BWA/BWA_1H_20260527_071045.png
 create mode 100644 charts/screenshots_nasdaq/BWA/BWA_1H_20260527_225209.png
 delete mode 100644 charts/screenshots_nasdaq/BWA/BWA_4H_20260527_071045.png
 create mode 100644 charts/screenshots_nasdaq/BWA/BWA_4H_20260527_225209.png
 delete mode 100644 charts/screenshots_nasdaq/BWA/BWA_Daily_20260527_071045.png
 create mode 100644 charts/screenshots_nasdaq/BWA/BWA_Daily_20260527_225209.png
 delete mode 100644 charts/screenshots_nasdaq/BWA/BWA_Monthly_20260527_071045.png
 create mode 100644 charts/screenshots_nasdaq/BWA/BWA_Monthly_20260527_225209.png
 delete mode 100644 charts/screenshots_nasdaq/BWA/BWA_Weekly_20260527_071045.png
 create mode 100644 charts/screenshots_nasdaq/BWA/BWA_Weekly_20260527_225209.png
 create mode 100644 charts/screenshots_nasdaq/CCC/CCC_1H_20260528_003012.png
 create mode 100644 charts/screenshots_nasdaq/CCC/CCC_4H_20260528_003012.png
 create mode 100644 charts/screenshots_nasdaq/CCC/CCC_Daily_20260528_003012.png
 create mode 100644 charts/screenshots_nasdaq/CCC/CCC_Monthly_20260528_003012.png
 create mode 100644 charts/screenshots_nasdaq/CCC/CCC_Weekly_20260528_003012.png
 delete mode 100644 charts/screenshots_nasdaq/CDNS/CDNS_1H_20260527_080123.png
 delete mode 100644 charts/screenshots_nasdaq/CDNS/CDNS_4H_20260527_080123.png
 delete mode 100644 charts/screenshots_nasdaq/CDNS/CDNS_Daily_20260527_080123.png
 delete mode 100644 charts/screenshots_nasdaq/CDNS/CDNS_Monthly_20260527_080123.png
 delete mode 100644 charts/screenshots_nasdaq/CDNS/CDNS_Weekly_20260527_080123.png
 delete mode 100644 charts/screenshots_nasdaq/CECO/CECO_1H_20260527_072345.png
 create mode 100644 charts/screenshots_nasdaq/CECO/CECO_1H_20260527_225806.png
 delete mode 100644 charts/screenshots_nasdaq/CECO/CECO_4H_20260527_072345.png
 create mode 100644 charts/screenshots_nasdaq/CECO/CECO_4H_20260527_225806.png
 delete mode 100644 charts/screenshots_nasdaq/CECO/CECO_Daily_20260527_072345.png
 create mode 100644 charts/screenshots_nasdaq/CECO/CECO_Daily_20260527_225806.png
 delete mode 100644 charts/screenshots_nasdaq/CECO/CECO_Monthly_20260527_072345.png
 create mode 100644 charts/screenshots_nasdaq/CECO/CECO_Monthly_20260527_225806.png
 delete mode 100644 charts/screenshots_nasdaq/CECO/CECO_Weekly_20260527_072345.png
 create mode 100644 charts/screenshots_nasdaq/CECO/CECO_Weekly_20260527_225806.png
 delete mode 100644 charts/screenshots_nasdaq/CGNX/CGNX_1H_20260527_071124.png
 create mode 100644 charts/screenshots_nasdaq/CGNX/CGNX_1H_20260527_225845.png
 delete mode 100644 charts/screenshots_nasdaq/CGNX/CGNX_4H_20260527_071124.png
 create mode 100644 charts/screenshots_nasdaq/CGNX/CGNX_4H_20260527_225845.png
 delete mode 100644 charts/screenshots_nasdaq/CGNX/CGNX_Daily_20260527_071124.png
 create mode 100644 charts/screenshots_nasdaq/CGNX/CGNX_Daily_20260527_225845.png
 delete mode 100644 charts/screenshots_nasdaq/CGNX/CGNX_Monthly_20260527_071124.png
 create mode 100644 charts/screenshots_nasdaq/CGNX/CGNX_Monthly_20260527_225845.png
 delete mode 100644 charts/screenshots_nasdaq/CGNX/CGNX_Weekly_20260527_071124.png
 create mode 100644 charts/screenshots_nasdaq/CGNX/CGNX_Weekly_20260527_225845.png
 create mode 100644 charts/screenshots_nasdaq/CHTR/CHTR_1H_20260528_002137.png
 create mode 100644 charts/screenshots_nasdaq/CHTR/CHTR_4H_20260528_002137.png
 create mode 100644 charts/screenshots_nasdaq/CHTR/CHTR_Daily_20260528_002137.png
 create mode 100644 charts/screenshots_nasdaq/CHTR/CHTR_Monthly_20260528_002137.png
 create mode 100644 charts/screenshots_nasdaq/CHTR/CHTR_Weekly_20260528_002137.png
 delete mode 100644 charts/screenshots_nasdaq/CHWY/CHWY_1H_20260527_083037.png
 create mode 100644 charts/screenshots_nasdaq/CHWY/CHWY_1H_20260528_002217.png
 delete mode 100644 charts/screenshots_nasdaq/CHWY/CHWY_4H_20260527_083037.png
 create mode 100644 charts/screenshots_nasdaq/CHWY/CHWY_4H_20260528_002217.png
 delete mode 100644 charts/screenshots_nasdaq/CHWY/CHWY_Daily_20260527_083037.png
 create mode 100644 charts/screenshots_nasdaq/CHWY/CHWY_Daily_20260528_002217.png
 delete mode 100644 charts/screenshots_nasdaq/CHWY/CHWY_Monthly_20260527_083037.png
 create mode 100644 charts/screenshots_nasdaq/CHWY/CHWY_Monthly_20260528_002217.png
 delete mode 100644 charts/screenshots_nasdaq/CHWY/CHWY_Weekly_20260527_083037.png
 create mode 100644 charts/screenshots_nasdaq/CHWY/CHWY_Weekly_20260528_002217.png
 delete mode 100644 charts/screenshots_nasdaq/CHYM/CHYM_1H_20260527_083116.png
 delete mode 100644 charts/screenshots_nasdaq/CHYM/CHYM_4H_20260527_083116.png
 delete mode 100644 charts/screenshots_nasdaq/CHYM/CHYM_Daily_20260527_083116.png
 delete mode 100644 charts/screenshots_nasdaq/CHYM/CHYM_Monthly_20260527_083116.png
 delete mode 100644 charts/screenshots_nasdaq/CHYM/CHYM_Weekly_20260527_083116.png
 delete mode 100644 charts/screenshots_nasdaq/CIEN/CIEN_1H_20260527_082447.png
 create mode 100644 charts/screenshots_nasdaq/CIEN/CIEN_1H_20260527_234452.png
 delete mode 100644 charts/screenshots_nasdaq/CIEN/CIEN_4H_20260527_082447.png
 create mode 100644 charts/screenshots_nasdaq/CIEN/CIEN_4H_20260527_234452.png
 delete mode 100644 charts/screenshots_nasdaq/CIEN/CIEN_Daily_20260527_082447.png
 create mode 100644 charts/screenshots_nasdaq/CIEN/CIEN_Daily_20260527_234452.png
 delete mode 100644 charts/screenshots_nasdaq/CIEN/CIEN_Monthly_20260527_082447.png
 create mode 100644 charts/screenshots_nasdaq/CIEN/CIEN_Monthly_20260527_234452.png
 delete mode 100644 charts/screenshots_nasdaq/CIEN/CIEN_Weekly_20260527_082447.png
 create mode 100644 charts/screenshots_nasdaq/CIEN/CIEN_Weekly_20260527_234452.png
 create mode 100644 charts/screenshots_nasdaq/CIFR/CIFR_1H_20260528_000356.png
 create mode 100644 charts/screenshots_nasdaq/CIFR/CIFR_4H_20260528_000356.png
 create mode 100644 charts/screenshots_nasdaq/CIFR/CIFR_Daily_20260528_000356.png
 create mode 100644 charts/screenshots_nasdaq/CIFR/CIFR_Monthly_20260528_000356.png
 create mode 100644 charts/screenshots_nasdaq/CIFR/CIFR_Weekly_20260528_000356.png
 create mode 100644 charts/screenshots_nasdaq/COCO/COCO_1H_20260527_225330.png
 create mode 100644 charts/screenshots_nasdaq/COCO/COCO_4H_20260527_225330.png
 create mode 100644 charts/screenshots_nasdaq/COCO/COCO_Daily_20260527_225330.png
 create mode 100644 charts/screenshots_nasdaq/COCO/COCO_Monthly_20260527_225330.png
 create mode 100644 charts/screenshots_nasdaq/COCO/COCO_Weekly_20260527_225330.png
 create mode 100644 charts/screenshots_nasdaq/COHU/COHU_1H_20260527_232029.png
 create mode 100644 charts/screenshots_nasdaq/COHU/COHU_4H_20260527_232029.png
 create mode 100644 charts/screenshots_nasdaq/COHU/COHU_Daily_20260527_232029.png
 create mode 100644 charts/screenshots_nasdaq/COHU/COHU_Monthly_20260527_232029.png
 create mode 100644 charts/screenshots_nasdaq/COHU/COHU_Weekly_20260527_232029.png
 delete mode 100644 charts/screenshots_nasdaq/CORZ/CORZ_1H_20260527_080202.png
 create mode 100644 charts/screenshots_nasdaq/CORZ/CORZ_1H_20260527_234532.png
 delete mode 100644 charts/screenshots_nasdaq/CORZ/CORZ_4H_20260527_080202.png
 create mode 100644 charts/screenshots_nasdaq/CORZ/CORZ_4H_20260527_234532.png
 delete mode 100644 charts/screenshots_nasdaq/CORZ/CORZ_Daily_20260527_080202.png
 create mode 100644 charts/screenshots_nasdaq/CORZ/CORZ_Daily_20260527_234532.png
 delete mode 100644 charts/screenshots_nasdaq/CORZ/CORZ_Monthly_20260527_080202.png
 create mode 100644 charts/screenshots_nasdaq/CORZ/CORZ_Monthly_20260527_234532.png
 delete mode 100644 charts/screenshots_nasdaq/CORZ/CORZ_Weekly_20260527_080202.png
 create mode 100644 charts/screenshots_nasdaq/CORZ/CORZ_Weekly_20260527_234532.png
 delete mode 100644 charts/screenshots_nasdaq/CPNG/CPNG_1H_20260527_083432.png
 create mode 100644 charts/screenshots_nasdaq/CPNG/CPNG_1H_20260528_002454.png
 delete mode 100644 charts/screenshots_nasdaq/CPNG/CPNG_4H_20260527_083432.png
 create mode 100644 charts/screenshots_nasdaq/CPNG/CPNG_4H_20260528_002454.png
 delete mode 100644 charts/screenshots_nasdaq/CPNG/CPNG_Daily_20260527_083432.png
 create mode 100644 charts/screenshots_nasdaq/CPNG/CPNG_Daily_20260528_002454.png
 delete mode 100644 charts/screenshots_nasdaq/CPNG/CPNG_Monthly_20260527_083432.png
 create mode 100644 charts/screenshots_nasdaq/CPNG/CPNG_Monthly_20260528_002454.png
 delete mode 100644 charts/screenshots_nasdaq/CPNG/CPNG_Weekly_20260527_083432.png
 create mode 100644 charts/screenshots_nasdaq/CPNG/CPNG_Weekly_20260528_002454.png
 delete mode 100644 charts/screenshots_nasdaq/CRCL/CRCL_1H_20260527_072738.png
 create mode 100644 charts/screenshots_nasdaq/CRCL/CRCL_1H_20260527_235405.png
 delete mode 100644 charts/screenshots_nasdaq/CRCL/CRCL_4H_20260527_072738.png
 create mode 100644 charts/screenshots_nasdaq/CRCL/CRCL_4H_20260527_235405.png
 delete mode 100644 charts/screenshots_nasdaq/CRCL/CRCL_Daily_20260527_072738.png
 create mode 100644 charts/screenshots_nasdaq/CRCL/CRCL_Daily_20260527_235405.png
 delete mode 100644 charts/screenshots_nasdaq/CRCL/CRCL_Monthly_20260527_072738.png
 create mode 100644 charts/screenshots_nasdaq/CRCL/CRCL_Monthly_20260527_235405.png
 delete mode 100644 charts/screenshots_nasdaq/CRCL/CRCL_Weekly_20260527_072738.png
 create mode 100644 charts/screenshots_nasdaq/CRCL/CRCL_Weekly_20260527_235405.png
 delete mode 100644 charts/screenshots_nasdaq/CRDO/CRDO_1H_20260527_072817.png
 create mode 100644 charts/screenshots_nasdaq/CRDO/CRDO_1H_20260527_235523.png
 delete mode 100644 charts/screenshots_nasdaq/CRDO/CRDO_4H_20260527_072817.png
 create mode 100644 charts/screenshots_nasdaq/CRDO/CRDO_4H_20260527_235523.png
 delete mode 100644 charts/screenshots_nasdaq/CRDO/CRDO_Daily_20260527_072817.png
 create mode 100644 charts/screenshots_nasdaq/CRDO/CRDO_Daily_20260527_235523.png
 delete mode 100644 charts/screenshots_nasdaq/CRDO/CRDO_Monthly_20260527_072817.png
 create mode 100644 charts/screenshots_nasdaq/CRDO/CRDO_Monthly_20260527_235523.png
 delete mode 100644 charts/screenshots_nasdaq/CRDO/CRDO_Weekly_20260527_072817.png
 create mode 100644 charts/screenshots_nasdaq/CRDO/CRDO_Weekly_20260527_235523.png
 delete mode 100644 charts/screenshots_nasdaq/CRML/CRML_1H_20260527_082920.png
 create mode 100644 charts/screenshots_nasdaq/CRML/CRML_1H_20260528_001901.png
 delete mode 100644 charts/screenshots_nasdaq/CRML/CRML_4H_20260527_082920.png
 create mode 100644 charts/screenshots_nasdaq/CRML/CRML_4H_20260528_001901.png
 delete mode 100644 charts/screenshots_nasdaq/CRML/CRML_Daily_20260527_082920.png
 create mode 100644 charts/screenshots_nasdaq/CRML/CRML_Daily_20260528_001901.png
 delete mode 100644 charts/screenshots_nasdaq/CRML/CRML_Monthly_20260527_082920.png
 create mode 100644 charts/screenshots_nasdaq/CRML/CRML_Monthly_20260528_001901.png
 delete mode 100644 charts/screenshots_nasdaq/CRML/CRML_Weekly_20260527_082920.png
 create mode 100644 charts/screenshots_nasdaq/CRML/CRML_Weekly_20260528_001901.png
 create mode 100644 charts/screenshots_nasdaq/CROX/CROX_1H_20260527_230241.png
 create mode 100644 charts/screenshots_nasdaq/CROX/CROX_4H_20260527_230241.png
 create mode 100644 charts/screenshots_nasdaq/CROX/CROX_Daily_20260527_230241.png
 create mode 100644 charts/screenshots_nasdaq/CROX/CROX_Monthly_20260527_230241.png
 create mode 100644 charts/screenshots_nasdaq/CROX/CROX_Weekly_20260527_230241.png
 delete mode 100644 charts/screenshots_nasdaq/CRWD/CRWD_1H_20260527_074824.png
 delete mode 100644 charts/screenshots_nasdaq/CRWD/CRWD_4H_20260527_074824.png
 delete mode 100644 charts/screenshots_nasdaq/CRWD/CRWD_Daily_20260527_074824.png
 delete mode 100644 charts/screenshots_nasdaq/CRWD/CRWD_Monthly_20260527_074824.png
 delete mode 100644 charts/screenshots_nasdaq/CRWD/CRWD_Weekly_20260527_074824.png
 delete mode 100644 charts/screenshots_nasdaq/CSCO/CSCO_1H_20260527_074116.png
 create mode 100644 charts/screenshots_nasdaq/CSCO/CSCO_1H_20260527_234333.png
 delete mode 100644 charts/screenshots_nasdaq/CSCO/CSCO_4H_20260527_074116.png
 create mode 100644 charts/screenshots_nasdaq/CSCO/CSCO_4H_20260527_234333.png
 delete mode 100644 charts/screenshots_nasdaq/CSCO/CSCO_Daily_20260527_074116.png
 create mode 100644 charts/screenshots_nasdaq/CSCO/CSCO_Daily_20260527_234333.png
 delete mode 100644 charts/screenshots_nasdaq/CSCO/CSCO_Monthly_20260527_074116.png
 create mode 100644 charts/screenshots_nasdaq/CSCO/CSCO_Monthly_20260527_234333.png
 delete mode 100644 charts/screenshots_nasdaq/CSCO/CSCO_Weekly_20260527_074116.png
 create mode 100644 charts/screenshots_nasdaq/CSCO/CSCO_Weekly_20260527_234333.png
 create mode 100644 charts/screenshots_nasdaq/CYTK/CYTK_1H_20260527_230715.png
 create mode 100644 charts/screenshots_nasdaq/CYTK/CYTK_4H_20260527_230715.png
 create mode 100644 charts/screenshots_nasdaq/CYTK/CYTK_Daily_20260527_230715.png
 create mode 100644 charts/screenshots_nasdaq/CYTK/CYTK_Monthly_20260527_230715.png
 create mode 100644 charts/screenshots_nasdaq/CYTK/CYTK_Weekly_20260527_230715.png
 delete mode 100644 charts/screenshots_nasdaq/DAL/DAL_1H_20260527_073605.png
 create mode 100644 charts/screenshots_nasdaq/DAL/DAL_1H_20260528_000159.png
 delete mode 100644 charts/screenshots_nasdaq/DAL/DAL_4H_20260527_073605.png
 create mode 100644 charts/screenshots_nasdaq/DAL/DAL_4H_20260528_000159.png
 delete mode 100644 charts/screenshots_nasdaq/DAL/DAL_Daily_20260527_073605.png
 create mode 100644 charts/screenshots_nasdaq/DAL/DAL_Daily_20260528_000159.png
 delete mode 100644 charts/screenshots_nasdaq/DAL/DAL_Monthly_20260527_073605.png
 create mode 100644 charts/screenshots_nasdaq/DAL/DAL_Monthly_20260528_000159.png
 delete mode 100644 charts/screenshots_nasdaq/DAL/DAL_Weekly_20260527_073605.png
 create mode 100644 charts/screenshots_nasdaq/DAL/DAL_Weekly_20260528_000159.png
 delete mode 100644 charts/screenshots_nasdaq/DDOG/DDOG_1H_20260527_074903.png
 create mode 100644 charts/screenshots_nasdaq/DDOG/DDOG_1H_20260527_235007.png
 delete mode 100644 charts/screenshots_nasdaq/DDOG/DDOG_4H_20260527_074903.png
 create mode 100644 charts/screenshots_nasdaq/DDOG/DDOG_4H_20260527_235007.png
 delete mode 100644 charts/screenshots_nasdaq/DDOG/DDOG_Daily_20260527_074903.png
 create mode 100644 charts/screenshots_nasdaq/DDOG/DDOG_Daily_20260527_235007.png
 delete mode 100644 charts/screenshots_nasdaq/DDOG/DDOG_Monthly_20260527_074903.png
 create mode 100644 charts/screenshots_nasdaq/DDOG/DDOG_Monthly_20260527_235007.png
 delete mode 100644 charts/screenshots_nasdaq/DDOG/DDOG_Weekly_20260527_074903.png
 create mode 100644 charts/screenshots_nasdaq/DDOG/DDOG_Weekly_20260527_235007.png
 delete mode 100644 charts/screenshots_nasdaq/DELL/DELL_1H_20260527_080911.png
 create mode 100644 charts/screenshots_nasdaq/DELL/DELL_1H_20260528_001307.png
 delete mode 100644 charts/screenshots_nasdaq/DELL/DELL_4H_20260527_080911.png
 create mode 100644 charts/screenshots_nasdaq/DELL/DELL_4H_20260528_001307.png
 delete mode 100644 charts/screenshots_nasdaq/DELL/DELL_Daily_20260527_080911.png
 create mode 100644 charts/screenshots_nasdaq/DELL/DELL_Daily_20260528_001307.png
 delete mode 100644 charts/screenshots_nasdaq/DELL/DELL_Monthly_20260527_080911.png
 create mode 100644 charts/screenshots_nasdaq/DELL/DELL_Monthly_20260528_001307.png
 delete mode 100644 charts/screenshots_nasdaq/DELL/DELL_Weekly_20260527_080911.png
 create mode 100644 charts/screenshots_nasdaq/DELL/DELL_Weekly_20260528_001307.png
 delete mode 100644 charts/screenshots_nasdaq/DOC/DOC_1H_20260527_070337.png
 create mode 100644 charts/screenshots_nasdaq/DOC/DOC_1H_20260527_230400.png
 delete mode 100644 charts/screenshots_nasdaq/DOC/DOC_4H_20260527_070337.png
 create mode 100644 charts/screenshots_nasdaq/DOC/DOC_4H_20260527_230400.png
 delete mode 100644 charts/screenshots_nasdaq/DOC/DOC_Daily_20260527_070337.png
 create mode 100644 charts/screenshots_nasdaq/DOC/DOC_Daily_20260527_230400.png
 delete mode 100644 charts/screenshots_nasdaq/DOC/DOC_Monthly_20260527_070337.png
 create mode 100644 charts/screenshots_nasdaq/DOC/DOC_Monthly_20260527_230400.png
 delete mode 100644 charts/screenshots_nasdaq/DOC/DOC_Weekly_20260527_070337.png
 create mode 100644 charts/screenshots_nasdaq/DOC/DOC_Weekly_20260527_230400.png
 delete mode 100644 charts/screenshots_nasdaq/DOCN/DOCN_1H_20260527_071203.png
 delete mode 100644 charts/screenshots_nasdaq/DOCN/DOCN_4H_20260527_071203.png
 delete mode 100644 charts/screenshots_nasdaq/DOCN/DOCN_Daily_20260527_071203.png
 delete mode 100644 charts/screenshots_nasdaq/DOCN/DOCN_Monthly_20260527_071203.png
 delete mode 100644 charts/screenshots_nasdaq/DOCN/DOCN_Weekly_20260527_071203.png
 delete mode 100644 charts/screenshots_nasdaq/DOCS/DOCS_1H_20260527_083510.png
 delete mode 100644 charts/screenshots_nasdaq/DOCS/DOCS_4H_20260527_083510.png
 delete mode 100644 charts/screenshots_nasdaq/DOCS/DOCS_Daily_20260527_083510.png
 delete mode 100644 charts/screenshots_nasdaq/DOCS/DOCS_Monthly_20260527_083510.png
 delete mode 100644 charts/screenshots_nasdaq/DOCS/DOCS_Weekly_20260527_083510.png
 create mode 100644 charts/screenshots_nasdaq/DY/DY_1H_20260528_001346.png
 create mode 100644 charts/screenshots_nasdaq/DY/DY_4H_20260528_001346.png
 create mode 100644 charts/screenshots_nasdaq/DY/DY_Daily_20260528_001346.png
 create mode 100644 charts/screenshots_nasdaq/DY/DY_Monthly_20260528_001346.png
 create mode 100644 charts/screenshots_nasdaq/DY/DY_Weekly_20260528_001346.png
 delete mode 100644 charts/screenshots_nasdaq/ELF/ELF_1H_20260527_082959.png
 delete mode 100644 charts/screenshots_nasdaq/ELF/ELF_4H_20260527_082959.png
 delete mode 100644 charts/screenshots_nasdaq/ELF/ELF_Daily_20260527_082959.png
 delete mode 100644 charts/screenshots_nasdaq/ELF/ELF_Monthly_20260527_082959.png
 delete mode 100644 charts/screenshots_nasdaq/ELF/ELF_Weekly_20260527_082959.png
 delete mode 100644 charts/screenshots_nasdaq/ENS/ENS_1H_20260527_072659.png
 delete mode 100644 charts/screenshots_nasdaq/ENS/ENS_4H_20260527_072659.png
 delete mode 100644 charts/screenshots_nasdaq/ENS/ENS_Daily_20260527_072659.png
 delete mode 100644 charts/screenshots_nasdaq/ENS/ENS_Monthly_20260527_072659.png
 delete mode 100644 charts/screenshots_nasdaq/ENS/ENS_Weekly_20260527_072659.png
 delete mode 100644 charts/screenshots_nasdaq/EPAM/EPAM_1H_20260527_083549.png
 create mode 100644 charts/screenshots_nasdaq/EPAM/EPAM_1H_20260528_002534.png
 delete mode 100644 charts/screenshots_nasdaq/EPAM/EPAM_4H_20260527_083549.png
 create mode 100644 charts/screenshots_nasdaq/EPAM/EPAM_4H_20260528_002534.png
 delete mode 100644 charts/screenshots_nasdaq/EPAM/EPAM_Daily_20260527_083549.png
 create mode 100644 charts/screenshots_nasdaq/EPAM/EPAM_Daily_20260528_002534.png
 delete mode 100644 charts/screenshots_nasdaq/EPAM/EPAM_Monthly_20260527_083549.png
 create mode 100644 charts/screenshots_nasdaq/EPAM/EPAM_Monthly_20260528_002534.png
 delete mode 100644 charts/screenshots_nasdaq/EPAM/EPAM_Weekly_20260527_083549.png
 create mode 100644 charts/screenshots_nasdaq/EPAM/EPAM_Weekly_20260528_002534.png
 delete mode 100644 charts/screenshots_nasdaq/ERIC/ERIC_1H_20260527_073053.png
 delete mode 100644 charts/screenshots_nasdaq/ERIC/ERIC_4H_20260527_073053.png
 delete mode 100644 charts/screenshots_nasdaq/ERIC/ERIC_Daily_20260527_073053.png
 delete mode 100644 charts/screenshots_nasdaq/ERIC/ERIC_Monthly_20260527_073053.png
 delete mode 100644 charts/screenshots_nasdaq/ERIC/ERIC_Weekly_20260527_073053.png
 delete mode 100644 charts/screenshots_nasdaq/EXTR/EXTR_1H_20260527_080950.png
 create mode 100644 charts/screenshots_nasdaq/EXTR/EXTR_1H_20260527_233140.png
 delete mode 100644 charts/screenshots_nasdaq/EXTR/EXTR_4H_20260527_080950.png
 create mode 100644 charts/screenshots_nasdaq/EXTR/EXTR_4H_20260527_233140.png
 delete mode 100644 charts/screenshots_nasdaq/EXTR/EXTR_Daily_20260527_080950.png
 create mode 100644 charts/screenshots_nasdaq/EXTR/EXTR_Daily_20260527_233140.png
 delete mode 100644 charts/screenshots_nasdaq/EXTR/EXTR_Monthly_20260527_080950.png
 create mode 100644 charts/screenshots_nasdaq/EXTR/EXTR_Monthly_20260527_233140.png
 delete mode 100644 charts/screenshots_nasdaq/EXTR/EXTR_Weekly_20260527_080950.png
 create mode 100644 charts/screenshots_nasdaq/EXTR/EXTR_Weekly_20260527_233140.png
 delete mode 100644 charts/screenshots_nasdaq/F/F_1H_20260527_070730.png
 create mode 100644 charts/screenshots_nasdaq/F/F_1H_20260527_235802.png
 delete mode 100644 charts/screenshots_nasdaq/F/F_4H_20260527_070730.png
 create mode 100644 charts/screenshots_nasdaq/F/F_4H_20260527_235802.png
 delete mode 100644 charts/screenshots_nasdaq/F/F_Daily_20260527_070730.png
 create mode 100644 charts/screenshots_nasdaq/F/F_Daily_20260527_235802.png
 delete mode 100644 charts/screenshots_nasdaq/F/F_Monthly_20260527_070730.png
 create mode 100644 charts/screenshots_nasdaq/F/F_Monthly_20260527_235802.png
 delete mode 100644 charts/screenshots_nasdaq/F/F_Weekly_20260527_070730.png
 create mode 100644 charts/screenshots_nasdaq/F/F_Weekly_20260527_235802.png
 delete mode 100644 charts/screenshots_nasdaq/FFIV/FFIV_1H_20260527_074941.png
 delete mode 100644 charts/screenshots_nasdaq/FFIV/FFIV_4H_20260527_074941.png
 delete mode 100644 charts/screenshots_nasdaq/FFIV/FFIV_Daily_20260527_074941.png
 delete mode 100644 charts/screenshots_nasdaq/FFIV/FFIV_Monthly_20260527_074941.png
 delete mode 100644 charts/screenshots_nasdaq/FFIV/FFIV_Weekly_20260527_074941.png
 delete mode 100644 charts/screenshots_nasdaq/FIGR/FIGR_1H_20260527_082408.png
 delete mode 100644 charts/screenshots_nasdaq/FIGR/FIGR_4H_20260527_082408.png
 delete mode 100644 charts/screenshots_nasdaq/FIGR/FIGR_Daily_20260527_082408.png
 delete mode 100644 charts/screenshots_nasdaq/FIGR/FIGR_Monthly_20260527_082408.png
 delete mode 100644 charts/screenshots_nasdaq/FIGR/FIGR_Weekly_20260527_082408.png
 delete mode 100644 charts/screenshots_nasdaq/FISV/FISV_1H_20260527_084100.png
 create mode 100644 charts/screenshots_nasdaq/FISV/FISV_1H_20260528_003052.png
 delete mode 100644 charts/screenshots_nasdaq/FISV/FISV_4H_20260527_084100.png
 create mode 100644 charts/screenshots_nasdaq/FISV/FISV_4H_20260528_003052.png
 delete mode 100644 charts/screenshots_nasdaq/FISV/FISV_Daily_20260527_084100.png
 create mode 100644 charts/screenshots_nasdaq/FISV/FISV_Daily_20260528_003052.png
 delete mode 100644 charts/screenshots_nasdaq/FISV/FISV_Monthly_20260527_084100.png
 create mode 100644 charts/screenshots_nasdaq/FISV/FISV_Monthly_20260528_003052.png
 delete mode 100644 charts/screenshots_nasdaq/FISV/FISV_Weekly_20260527_084100.png
 create mode 100644 charts/screenshots_nasdaq/FISV/FISV_Weekly_20260528_003052.png
 delete mode 100644 charts/screenshots_nasdaq/FLEX/FLEX_1H_20260527_071242.png
 create mode 100644 charts/screenshots_nasdaq/FLEX/FLEX_1H_20260527_230754.png
 delete mode 100644 charts/screenshots_nasdaq/FLEX/FLEX_4H_20260527_071242.png
 create mode 100644 charts/screenshots_nasdaq/FLEX/FLEX_4H_20260527_230754.png
 delete mode 100644 charts/screenshots_nasdaq/FLEX/FLEX_Daily_20260527_071242.png
 create mode 100644 charts/screenshots_nasdaq/FLEX/FLEX_Daily_20260527_230754.png
 delete mode 100644 charts/screenshots_nasdaq/FLEX/FLEX_Monthly_20260527_071242.png
 create mode 100644 charts/screenshots_nasdaq/FLEX/FLEX_Monthly_20260527_230754.png
 delete mode 100644 charts/screenshots_nasdaq/FLEX/FLEX_Weekly_20260527_071242.png
 create mode 100644 charts/screenshots_nasdaq/FLEX/FLEX_Weekly_20260527_230754.png
 delete mode 100644 charts/screenshots_nasdaq/FLUT/FLUT_1H_20260527_084415.png
 delete mode 100644 charts/screenshots_nasdaq/FLUT/FLUT_4H_20260527_084415.png
 delete mode 100644 charts/screenshots_nasdaq/FLUT/FLUT_Daily_20260527_084415.png
 delete mode 100644 charts/screenshots_nasdaq/FLUT/FLUT_Monthly_20260527_084415.png
 delete mode 100644 charts/screenshots_nasdaq/FLUT/FLUT_Weekly_20260527_084415.png
 delete mode 100644 charts/screenshots_nasdaq/FROG/FROG_1H_20260527_071321.png
 delete mode 100644 charts/screenshots_nasdaq/FROG/FROG_4H_20260527_071321.png
 delete mode 100644 charts/screenshots_nasdaq/FROG/FROG_Daily_20260527_071321.png
 delete mode 100644 charts/screenshots_nasdaq/FROG/FROG_Monthly_20260527_071321.png
 delete mode 100644 charts/screenshots_nasdaq/FROG/FROG_Weekly_20260527_071321.png
 delete mode 100644 charts/screenshots_nasdaq/FTNT/FTNT_1H_20260527_075021.png
 delete mode 100644 charts/screenshots_nasdaq/FTNT/FTNT_4H_20260527_075021.png
 delete mode 100644 charts/screenshots_nasdaq/FTNT/FTNT_Daily_20260527_075021.png
 delete mode 100644 charts/screenshots_nasdaq/FTNT/FTNT_Monthly_20260527_075021.png
 delete mode 100644 charts/screenshots_nasdaq/FTNT/FTNT_Weekly_20260527_075021.png
 delete mode 100644 charts/screenshots_nasdaq/GBTG/GBTG_1H_20260527_074548.png
 create mode 100644 charts/screenshots_nasdaq/GBTG/GBTG_1H_20260527_234849.png
 delete mode 100644 charts/screenshots_nasdaq/GBTG/GBTG_4H_20260527_074548.png
 create mode 100644 charts/screenshots_nasdaq/GBTG/GBTG_4H_20260527_234849.png
 delete mode 100644 charts/screenshots_nasdaq/GBTG/GBTG_Daily_20260527_074548.png
 create mode 100644 charts/screenshots_nasdaq/GBTG/GBTG_Daily_20260527_234849.png
 delete mode 100644 charts/screenshots_nasdaq/GBTG/GBTG_Monthly_20260527_074548.png
 create mode 100644 charts/screenshots_nasdaq/GBTG/GBTG_Monthly_20260527_234849.png
 delete mode 100644 charts/screenshots_nasdaq/GBTG/GBTG_Weekly_20260527_074548.png
 create mode 100644 charts/screenshots_nasdaq/GBTG/GBTG_Weekly_20260527_234849.png
 delete mode 100644 charts/screenshots_nasdaq/GFS/GFS_1H_20260527_081029.png
 delete mode 100644 charts/screenshots_nasdaq/GFS/GFS_4H_20260527_081029.png
 delete mode 100644 charts/screenshots_nasdaq/GFS/GFS_Daily_20260527_081029.png
 delete mode 100644 charts/screenshots_nasdaq/GFS/GFS_Monthly_20260527_081029.png
 delete mode 100644 charts/screenshots_nasdaq/GFS/GFS_Weekly_20260527_081029.png
 delete mode 100644 charts/screenshots_nasdaq/GH/GH_1H_20260527_082251.png
 create mode 100644 charts/screenshots_nasdaq/GH/GH_1H_20260528_000435.png
 delete mode 100644 charts/screenshots_nasdaq/GH/GH_4H_20260527_082251.png
 create mode 100644 charts/screenshots_nasdaq/GH/GH_4H_20260528_000435.png
 delete mode 100644 charts/screenshots_nasdaq/GH/GH_Daily_20260527_082251.png
 create mode 100644 charts/screenshots_nasdaq/GH/GH_Daily_20260528_000435.png
 delete mode 100644 charts/screenshots_nasdaq/GH/GH_Monthly_20260527_082251.png
 create mode 100644 charts/screenshots_nasdaq/GH/GH_Monthly_20260528_000435.png
 delete mode 100644 charts/screenshots_nasdaq/GH/GH_Weekly_20260527_082251.png
 create mode 100644 charts/screenshots_nasdaq/GH/GH_Weekly_20260528_000435.png
 delete mode 100644 charts/screenshots_nasdaq/GNRC/GNRC_1H_20260527_073132.png
 delete mode 100644 charts/screenshots_nasdaq/GNRC/GNRC_4H_20260527_073132.png
 delete mode 100644 charts/screenshots_nasdaq/GNRC/GNRC_Daily_20260527_073132.png
 delete mode 100644 charts/screenshots_nasdaq/GNRC/GNRC_Monthly_20260527_073132.png
 delete mode 100644 charts/screenshots_nasdaq/GNRC/GNRC_Weekly_20260527_073132.png
 delete mode 100644 charts/screenshots_nasdaq/GTM/GTM_1H_20260527_083155.png
 create mode 100644 charts/screenshots_nasdaq/GTM/GTM_1H_20260528_002256.png
 delete mode 100644 charts/screenshots_nasdaq/GTM/GTM_4H_20260527_083155.png
 create mode 100644 charts/screenshots_nasdaq/GTM/GTM_4H_20260528_002256.png
 delete mode 100644 charts/screenshots_nasdaq/GTM/GTM_Daily_20260527_083155.png
 create mode 100644 charts/screenshots_nasdaq/GTM/GTM_Daily_20260528_002256.png
 delete mode 100644 charts/screenshots_nasdaq/GTM/GTM_Monthly_20260527_083155.png
 create mode 100644 charts/screenshots_nasdaq/GTM/GTM_Monthly_20260528_002256.png
 delete mode 100644 charts/screenshots_nasdaq/GTM/GTM_Weekly_20260527_083155.png
 create mode 100644 charts/screenshots_nasdaq/GTM/GTM_Weekly_20260528_002256.png
 delete mode 100644 charts/screenshots_nasdaq/GTX/GTX_1H_20260527_075100.png
 create mode 100644 charts/screenshots_nasdaq/GTX/GTX_1H_20260527_234928.png
 delete mode 100644 charts/screenshots_nasdaq/GTX/GTX_4H_20260527_075100.png
 create mode 100644 charts/screenshots_nasdaq/GTX/GTX_4H_20260527_234928.png
 delete mode 100644 charts/screenshots_nasdaq/GTX/GTX_Daily_20260527_075100.png
 create mode 100644 charts/screenshots_nasdaq/GTX/GTX_Daily_20260527_234928.png
 delete mode 100644 charts/screenshots_nasdaq/GTX/GTX_Monthly_20260527_075100.png
 create mode 100644 charts/screenshots_nasdaq/GTX/GTX_Monthly_20260527_234928.png
 delete mode 100644 charts/screenshots_nasdaq/GTX/GTX_Weekly_20260527_075100.png
 create mode 100644 charts/screenshots_nasdaq/GTX/GTX_Weekly_20260527_234928.png
 create mode 100644 charts/screenshots_nasdaq/H/H_1H_20260527_235643.png
 create mode 100644 charts/screenshots_nasdaq/H/H_4H_20260527_235643.png
 create mode 100644 charts/screenshots_nasdaq/H/H_Daily_20260527_235643.png
 create mode 100644 charts/screenshots_nasdaq/H/H_Monthly_20260527_235643.png
 create mode 100644 charts/screenshots_nasdaq/H/H_Weekly_20260527_235643.png
 delete mode 100644 charts/screenshots_nasdaq/HIMX/HIMX_1H_20260527_071400.png
 delete mode 100644 charts/screenshots_nasdaq/HIMX/HIMX_4H_20260527_071400.png
 delete mode 100644 charts/screenshots_nasdaq/HIMX/HIMX_Daily_20260527_071400.png
 delete mode 100644 charts/screenshots_nasdaq/HIMX/HIMX_Monthly_20260527_071400.png
 delete mode 100644 charts/screenshots_nasdaq/HIMX/HIMX_Weekly_20260527_071400.png
 create mode 100644 charts/screenshots_nasdaq/HLIT/HLIT_1H_20260528_000515.png
 create mode 100644 charts/screenshots_nasdaq/HLIT/HLIT_4H_20260528_000515.png
 create mode 100644 charts/screenshots_nasdaq/HLIT/HLIT_Daily_20260528_000515.png
 create mode 100644 charts/screenshots_nasdaq/HLIT/HLIT_Monthly_20260528_000515.png
 create mode 100644 charts/screenshots_nasdaq/HLIT/HLIT_Weekly_20260528_000515.png
 delete mode 100644 charts/screenshots_nasdaq/HPE/HPE_1H_20260527_081108.png
 create mode 100644 charts/screenshots_nasdaq/HPE/HPE_1H_20260527_230044.png
 delete mode 100644 charts/screenshots_nasdaq/HPE/HPE_4H_20260527_081108.png
 create mode 100644 charts/screenshots_nasdaq/HPE/HPE_4H_20260527_230044.png
 delete mode 100644 charts/screenshots_nasdaq/HPE/HPE_Daily_20260527_081108.png
 create mode 100644 charts/screenshots_nasdaq/HPE/HPE_Daily_20260527_230044.png
 delete mode 100644 charts/screenshots_nasdaq/HPE/HPE_Monthly_20260527_081108.png
 create mode 100644 charts/screenshots_nasdaq/HPE/HPE_Monthly_20260527_230044.png
 delete mode 100644 charts/screenshots_nasdaq/HPE/HPE_Weekly_20260527_081108.png
 create mode 100644 charts/screenshots_nasdaq/HPE/HPE_Weekly_20260527_230044.png
 create mode 100644 charts/screenshots_nasdaq/HUM/HUM_1H_20260527_234650.png
 create mode 100644 charts/screenshots_nasdaq/HUM/HUM_4H_20260527_234650.png
 create mode 100644 charts/screenshots_nasdaq/HUM/HUM_Daily_20260527_234650.png
 create mode 100644 charts/screenshots_nasdaq/HUM/HUM_Monthly_20260527_234650.png
 create mode 100644 charts/screenshots_nasdaq/HUM/HUM_Weekly_20260527_234650.png
 delete mode 100644 charts/screenshots_nasdaq/HUT/HUT_1H_20260527_071439.png
 create mode 100644 charts/screenshots_nasdaq/HUT/HUT_1H_20260527_233220.png
 delete mode 100644 charts/screenshots_nasdaq/HUT/HUT_4H_20260527_071439.png
 create mode 100644 charts/screenshots_nasdaq/HUT/HUT_4H_20260527_233220.png
 delete mode 100644 charts/screenshots_nasdaq/HUT/HUT_Daily_20260527_071439.png
 create mode 100644 charts/screenshots_nasdaq/HUT/HUT_Daily_20260527_233220.png
 delete mode 100644 charts/screenshots_nasdaq/HUT/HUT_Monthly_20260527_071439.png
 create mode 100644 charts/screenshots_nasdaq/HUT/HUT_Monthly_20260527_233220.png
 delete mode 100644 charts/screenshots_nasdaq/HUT/HUT_Weekly_20260527_071439.png
 create mode 100644 charts/screenshots_nasdaq/HUT/HUT_Weekly_20260527_233220.png
 delete mode 100644 charts/screenshots_nasdaq/IESC/IESC_1H_20260527_073211.png
 create mode 100644 charts/screenshots_nasdaq/IESC/IESC_1H_20260527_232544.png
 delete mode 100644 charts/screenshots_nasdaq/IESC/IESC_4H_20260527_073211.png
 create mode 100644 charts/screenshots_nasdaq/IESC/IESC_4H_20260527_232544.png
 delete mode 100644 charts/screenshots_nasdaq/IESC/IESC_Daily_20260527_073211.png
 create mode 100644 charts/screenshots_nasdaq/IESC/IESC_Daily_20260527_232544.png
 delete mode 100644 charts/screenshots_nasdaq/IESC/IESC_Monthly_20260527_073211.png
 create mode 100644 charts/screenshots_nasdaq/IESC/IESC_Monthly_20260527_232544.png
 delete mode 100644 charts/screenshots_nasdaq/IESC/IESC_Weekly_20260527_073211.png
 create mode 100644 charts/screenshots_nasdaq/IESC/IESC_Weekly_20260527_232544.png
 delete mode 100644 charts/screenshots_nasdaq/INSP/INSP_1H_20260527_083628.png
 delete mode 100644 charts/screenshots_nasdaq/INSP/INSP_4H_20260527_083628.png
 delete mode 100644 charts/screenshots_nasdaq/INSP/INSP_Daily_20260527_083628.png
 delete mode 100644 charts/screenshots_nasdaq/INSP/INSP_Monthly_20260527_083628.png
 delete mode 100644 charts/screenshots_nasdaq/INSP/INSP_Weekly_20260527_083628.png
 create mode 100644 charts/screenshots_nasdaq/INTU/INTU_1H_20260528_002614.png
 create mode 100644 charts/screenshots_nasdaq/INTU/INTU_4H_20260528_002614.png
 create mode 100644 charts/screenshots_nasdaq/INTU/INTU_Daily_20260528_002614.png
 create mode 100644 charts/screenshots_nasdaq/INTU/INTU_Monthly_20260528_002614.png
 create mode 100644 charts/screenshots_nasdaq/INTU/INTU_Weekly_20260528_002614.png
 delete mode 100644 charts/screenshots_nasdaq/IRDM/IRDM_1H_20260527_075139.png
 create mode 100644 charts/screenshots_nasdaq/IRDM/IRDM_1H_20260528_000555.png
 delete mode 100644 charts/screenshots_nasdaq/IRDM/IRDM_4H_20260527_075139.png
 create mode 100644 charts/screenshots_nasdaq/IRDM/IRDM_4H_20260528_000555.png
 delete mode 100644 charts/screenshots_nasdaq/IRDM/IRDM_Daily_20260527_075139.png
 create mode 100644 charts/screenshots_nasdaq/IRDM/IRDM_Daily_20260528_000555.png
 delete mode 100644 charts/screenshots_nasdaq/IRDM/IRDM_Monthly_20260527_075139.png
 create mode 100644 charts/screenshots_nasdaq/IRDM/IRDM_Monthly_20260528_000555.png
 delete mode 100644 charts/screenshots_nasdaq/IRDM/IRDM_Weekly_20260527_075139.png
 create mode 100644 charts/screenshots_nasdaq/IRDM/IRDM_Weekly_20260528_000555.png
 delete mode 100644 charts/screenshots_nasdaq/JAZZ/JAZZ_1H_20260527_071518.png
 create mode 100644 charts/screenshots_nasdaq/JAZZ/JAZZ_1H_20260527_230518.png
 delete mode 100644 charts/screenshots_nasdaq/JAZZ/JAZZ_4H_20260527_071518.png
 create mode 100644 charts/screenshots_nasdaq/JAZZ/JAZZ_4H_20260527_230518.png
 delete mode 100644 charts/screenshots_nasdaq/JAZZ/JAZZ_Daily_20260527_071518.png
 create mode 100644 charts/screenshots_nasdaq/JAZZ/JAZZ_Daily_20260527_230518.png
 delete mode 100644 charts/screenshots_nasdaq/JAZZ/JAZZ_Monthly_20260527_071518.png
 create mode 100644 charts/screenshots_nasdaq/JAZZ/JAZZ_Monthly_20260527_230518.png
 delete mode 100644 charts/screenshots_nasdaq/JAZZ/JAZZ_Weekly_20260527_071518.png
 create mode 100644 charts/screenshots_nasdaq/JAZZ/JAZZ_Weekly_20260527_230518.png
 delete mode 100644 charts/screenshots_nasdaq/KALV/KALV_1H_20260527_070533.png
 delete mode 100644 charts/screenshots_nasdaq/KALV/KALV_4H_20260527_070533.png
 delete mode 100644 charts/screenshots_nasdaq/KALV/KALV_Daily_20260527_070533.png
 delete mode 100644 charts/screenshots_nasdaq/KALV/KALV_Monthly_20260527_070533.png
 delete mode 100644 charts/screenshots_nasdaq/KALV/KALV_Weekly_20260527_070533.png
 delete mode 100644 charts/screenshots_nasdaq/KD/KD_1H_20260527_084022.png
 create mode 100644 charts/screenshots_nasdaq/KD/KD_1H_20260528_002932.png
 delete mode 100644 charts/screenshots_nasdaq/KD/KD_4H_20260527_084022.png
 create mode 100644 charts/screenshots_nasdaq/KD/KD_4H_20260528_002932.png
 delete mode 100644 charts/screenshots_nasdaq/KD/KD_Daily_20260527_084022.png
 create mode 100644 charts/screenshots_nasdaq/KD/KD_Daily_20260528_002932.png
 delete mode 100644 charts/screenshots_nasdaq/KD/KD_Monthly_20260527_084022.png
 create mode 100644 charts/screenshots_nasdaq/KD/KD_Monthly_20260528_002932.png
 delete mode 100644 charts/screenshots_nasdaq/KD/KD_Weekly_20260527_084022.png
 create mode 100644 charts/screenshots_nasdaq/KD/KD_Weekly_20260528_002932.png
 delete mode 100644 charts/screenshots_nasdaq/KLIC/KLIC_1H_20260527_071557.png
 create mode 100644 charts/screenshots_nasdaq/KLIC/KLIC_1H_20260527_230834.png
 delete mode 100644 charts/screenshots_nasdaq/KLIC/KLIC_4H_20260527_071557.png
 create mode 100644 charts/screenshots_nasdaq/KLIC/KLIC_4H_20260527_230834.png
 delete mode 100644 charts/screenshots_nasdaq/KLIC/KLIC_Daily_20260527_071557.png
 create mode 100644 charts/screenshots_nasdaq/KLIC/KLIC_Daily_20260527_230834.png
 delete mode 100644 charts/screenshots_nasdaq/KLIC/KLIC_Monthly_20260527_071557.png
 create mode 100644 charts/screenshots_nasdaq/KLIC/KLIC_Monthly_20260527_230834.png
 delete mode 100644 charts/screenshots_nasdaq/KLIC/KLIC_Weekly_20260527_071557.png
 create mode 100644 charts/screenshots_nasdaq/KLIC/KLIC_Weekly_20260527_230834.png
 create mode 100644 charts/screenshots_nasdaq/KNX/KNX_1H_20260527_232345.png
 create mode 100644 charts/screenshots_nasdaq/KNX/KNX_4H_20260527_232345.png
 create mode 100644 charts/screenshots_nasdaq/KNX/KNX_Daily_20260527_232345.png
 create mode 100644 charts/screenshots_nasdaq/KNX/KNX_Monthly_20260527_232345.png
 create mode 100644 charts/screenshots_nasdaq/KNX/KNX_Weekly_20260527_232345.png
 delete mode 100644 charts/screenshots_nasdaq/KOPN/KOPN_1H_20260527_071635.png
 create mode 100644 charts/screenshots_nasdaq/KOPN/KOPN_1H_20260527_233300.png
 delete mode 100644 charts/screenshots_nasdaq/KOPN/KOPN_4H_20260527_071635.png
 create mode 100644 charts/screenshots_nasdaq/KOPN/KOPN_4H_20260527_233300.png
 delete mode 100644 charts/screenshots_nasdaq/KOPN/KOPN_Daily_20260527_071635.png
 create mode 100644 charts/screenshots_nasdaq/KOPN/KOPN_Daily_20260527_233300.png
 delete mode 100644 charts/screenshots_nasdaq/KOPN/KOPN_Monthly_20260527_071635.png
 create mode 100644 charts/screenshots_nasdaq/KOPN/KOPN_Monthly_20260527_233300.png
 delete mode 100644 charts/screenshots_nasdaq/KOPN/KOPN_Weekly_20260527_071635.png
 create mode 100644 charts/screenshots_nasdaq/KOPN/KOPN_Weekly_20260527_233300.png
 delete mode 100644 charts/screenshots_nasdaq/KVYO/KVYO_1H_20260527_084454.png
 create mode 100644 charts/screenshots_nasdaq/KVYO/KVYO_1H_20260528_003210.png
 delete mode 100644 charts/screenshots_nasdaq/KVYO/KVYO_4H_20260527_084454.png
 create mode 100644 charts/screenshots_nasdaq/KVYO/KVYO_4H_20260528_003210.png
 delete mode 100644 charts/screenshots_nasdaq/KVYO/KVYO_Daily_20260527_084454.png
 create mode 100644 charts/screenshots_nasdaq/KVYO/KVYO_Daily_20260528_003210.png
 delete mode 100644 charts/screenshots_nasdaq/KVYO/KVYO_Monthly_20260527_084454.png
 create mode 100644 charts/screenshots_nasdaq/KVYO/KVYO_Monthly_20260528_003210.png
 delete mode 100644 charts/screenshots_nasdaq/KVYO/KVYO_Weekly_20260527_084454.png
 create mode 100644 charts/screenshots_nasdaq/KVYO/KVYO_Weekly_20260528_003210.png
 delete mode 100644 charts/screenshots_nasdaq/LAC/LAC_1H_20260527_082723.png
 delete mode 100644 charts/screenshots_nasdaq/LAC/LAC_4H_20260527_082723.png
 delete mode 100644 charts/screenshots_nasdaq/LAC/LAC_Daily_20260527_082723.png
 delete mode 100644 charts/screenshots_nasdaq/LAC/LAC_Monthly_20260527_082723.png
 delete mode 100644 charts/screenshots_nasdaq/LAC/LAC_Weekly_20260527_082723.png
 delete mode 100644 charts/screenshots_nasdaq/LASR/LASR_1H_20260527_082527.png
 delete mode 100644 charts/screenshots_nasdaq/LASR/LASR_4H_20260527_082527.png
 delete mode 100644 charts/screenshots_nasdaq/LASR/LASR_Daily_20260527_082527.png
 delete mode 100644 charts/screenshots_nasdaq/LASR/LASR_Monthly_20260527_082527.png
 delete mode 100644 charts/screenshots_nasdaq/LASR/LASR_Weekly_20260527_082527.png
 create mode 100644 charts/screenshots_nasdaq/LBRDK/LBRDK_1H_20260528_002336.png
 create mode 100644 charts/screenshots_nasdaq/LBRDK/LBRDK_4H_20260528_002336.png
 create mode 100644 charts/screenshots_nasdaq/LBRDK/LBRDK_Daily_20260528_002336.png
 create mode 100644 charts/screenshots_nasdaq/LBRDK/LBRDK_Monthly_20260528_002336.png
 create mode 100644 charts/screenshots_nasdaq/LBRDK/LBRDK_Weekly_20260528_002336.png
 delete mode 100644 charts/screenshots_nasdaq/LEA/LEA_1H_20260527_073250.png
 create mode 100644 charts/screenshots_nasdaq/LEA/LEA_1H_20260527_235842.png
 delete mode 100644 charts/screenshots_nasdaq/LEA/LEA_4H_20260527_073250.png
 create mode 100644 charts/screenshots_nasdaq/LEA/LEA_4H_20260527_235842.png
 delete mode 100644 charts/screenshots_nasdaq/LEA/LEA_Daily_20260527_073250.png
 create mode 100644 charts/screenshots_nasdaq/LEA/LEA_Daily_20260527_235842.png
 delete mode 100644 charts/screenshots_nasdaq/LEA/LEA_Monthly_20260527_073250.png
 create mode 100644 charts/screenshots_nasdaq/LEA/LEA_Monthly_20260527_235842.png
 delete mode 100644 charts/screenshots_nasdaq/LEA/LEA_Weekly_20260527_073250.png
 create mode 100644 charts/screenshots_nasdaq/LEA/LEA_Weekly_20260527_235842.png
 delete mode 100644 charts/screenshots_nasdaq/LEU/LEU_1H_20260527_084533.png
 create mode 100644 charts/screenshots_nasdaq/LEU/LEU_1H_20260528_003131.png
 delete mode 100644 charts/screenshots_nasdaq/LEU/LEU_4H_20260527_084533.png
 create mode 100644 charts/screenshots_nasdaq/LEU/LEU_4H_20260528_003131.png
 delete mode 100644 charts/screenshots_nasdaq/LEU/LEU_Daily_20260527_084533.png
 create mode 100644 charts/screenshots_nasdaq/LEU/LEU_Daily_20260528_003131.png
 delete mode 100644 charts/screenshots_nasdaq/LEU/LEU_Monthly_20260527_084533.png
 create mode 100644 charts/screenshots_nasdaq/LEU/LEU_Monthly_20260528_003131.png
 delete mode 100644 charts/screenshots_nasdaq/LEU/LEU_Weekly_20260527_084533.png
 create mode 100644 charts/screenshots_nasdaq/LEU/LEU_Weekly_20260528_003131.png
 delete mode 100644 charts/screenshots_nasdaq/LFUS/LFUS_1H_20260527_080003.png
 create mode 100644 charts/screenshots_nasdaq/LFUS/LFUS_1H_20260527_230914.png
 delete mode 100644 charts/screenshots_nasdaq/LFUS/LFUS_4H_20260527_080003.png
 create mode 100644 charts/screenshots_nasdaq/LFUS/LFUS_4H_20260527_230914.png
 delete mode 100644 charts/screenshots_nasdaq/LFUS/LFUS_Daily_20260527_080003.png
 create mode 100644 charts/screenshots_nasdaq/LFUS/LFUS_Daily_20260527_230914.png
 delete mode 100644 charts/screenshots_nasdaq/LFUS/LFUS_Monthly_20260527_080003.png
 create mode 100644 charts/screenshots_nasdaq/LFUS/LFUS_Monthly_20260527_230914.png
 delete mode 100644 charts/screenshots_nasdaq/LFUS/LFUS_Weekly_20260527_080003.png
 create mode 100644 charts/screenshots_nasdaq/LFUS/LFUS_Weekly_20260527_230914.png
 delete mode 100644 charts/screenshots_nasdaq/LI/LI_1H_20260527_083707.png
 create mode 100644 charts/screenshots_nasdaq/LI/LI_1H_20260528_002734.png
 delete mode 100644 charts/screenshots_nasdaq/LI/LI_4H_20260527_083707.png
 create mode 100644 charts/screenshots_nasdaq/LI/LI_4H_20260528_002734.png
 delete mode 100644 charts/screenshots_nasdaq/LI/LI_Daily_20260527_083707.png
 create mode 100644 charts/screenshots_nasdaq/LI/LI_Daily_20260528_002734.png
 delete mode 100644 charts/screenshots_nasdaq/LI/LI_Monthly_20260527_083707.png
 create mode 100644 charts/screenshots_nasdaq/LI/LI_Monthly_20260528_002734.png
 delete mode 100644 charts/screenshots_nasdaq/LI/LI_Weekly_20260527_083707.png
 create mode 100644 charts/screenshots_nasdaq/LI/LI_Weekly_20260528_002734.png
 delete mode 100644 charts/screenshots_nasdaq/LIVN/LIVN_1H_20260527_073329.png
 create mode 100644 charts/screenshots_nasdaq/LIVN/LIVN_1H_20260527_232624.png
 delete mode 100644 charts/screenshots_nasdaq/LIVN/LIVN_4H_20260527_073329.png
 create mode 100644 charts/screenshots_nasdaq/LIVN/LIVN_4H_20260527_232624.png
 delete mode 100644 charts/screenshots_nasdaq/LIVN/LIVN_Daily_20260527_073329.png
 create mode 100644 charts/screenshots_nasdaq/LIVN/LIVN_Daily_20260527_232624.png
 delete mode 100644 charts/screenshots_nasdaq/LIVN/LIVN_Monthly_20260527_073329.png
 create mode 100644 charts/screenshots_nasdaq/LIVN/LIVN_Monthly_20260527_232624.png
 delete mode 100644 charts/screenshots_nasdaq/LIVN/LIVN_Weekly_20260527_073329.png
 create mode 100644 charts/screenshots_nasdaq/LIVN/LIVN_Weekly_20260527_232624.png
 create mode 100644 charts/screenshots_nasdaq/LLY/LLY_1H_20260527_232703.png
 create mode 100644 charts/screenshots_nasdaq/LLY/LLY_4H_20260527_232703.png
 create mode 100644 charts/screenshots_nasdaq/LLY/LLY_Daily_20260527_232703.png
 create mode 100644 charts/screenshots_nasdaq/LLY/LLY_Monthly_20260527_232703.png
 create mode 100644 charts/screenshots_nasdaq/LLY/LLY_Weekly_20260527_232703.png
 create mode 100644 charts/screenshots_nasdaq/LPTH/LPTH_1H_20260528_000833.png
 create mode 100644 charts/screenshots_nasdaq/LPTH/LPTH_4H_20260528_000833.png
 create mode 100644 charts/screenshots_nasdaq/LPTH/LPTH_Daily_20260528_000833.png
 create mode 100644 charts/screenshots_nasdaq/LPTH/LPTH_Monthly_20260528_000833.png
 create mode 100644 charts/screenshots_nasdaq/LPTH/LPTH_Weekly_20260528_000833.png
 delete mode 100644 charts/screenshots_nasdaq/LQDA/LQDA_1H_20260527_074155.png
 create mode 100644 charts/screenshots_nasdaq/LQDA/LQDA_1H_20260527_234729.png
 delete mode 100644 charts/screenshots_nasdaq/LQDA/LQDA_4H_20260527_074155.png
 create mode 100644 charts/screenshots_nasdaq/LQDA/LQDA_4H_20260527_234729.png
 delete mode 100644 charts/screenshots_nasdaq/LQDA/LQDA_Daily_20260527_074155.png
 create mode 100644 charts/screenshots_nasdaq/LQDA/LQDA_Daily_20260527_234729.png
 delete mode 100644 charts/screenshots_nasdaq/LQDA/LQDA_Monthly_20260527_074155.png
 create mode 100644 charts/screenshots_nasdaq/LQDA/LQDA_Monthly_20260527_234729.png
 delete mode 100644 charts/screenshots_nasdaq/LQDA/LQDA_Weekly_20260527_074155.png
 create mode 100644 charts/screenshots_nasdaq/LQDA/LQDA_Weekly_20260527_234729.png
 delete mode 100644 charts/screenshots_nasdaq/LRCX/LRCX_1H_20260527_080241.png
 create mode 100644 charts/screenshots_nasdaq/LRCX/LRCX_1H_20260527_232743.png
 delete mode 100644 charts/screenshots_nasdaq/LRCX/LRCX_4H_20260527_080241.png
 create mode 100644 charts/screenshots_nasdaq/LRCX/LRCX_4H_20260527_232743.png
 delete mode 100644 charts/screenshots_nasdaq/LRCX/LRCX_Daily_20260527_080241.png
 create mode 100644 charts/screenshots_nasdaq/LRCX/LRCX_Daily_20260527_232743.png
 delete mode 100644 charts/screenshots_nasdaq/LRCX/LRCX_Monthly_20260527_080241.png
 create mode 100644 charts/screenshots_nasdaq/LRCX/LRCX_Monthly_20260527_232743.png
 delete mode 100644 charts/screenshots_nasdaq/LRCX/LRCX_Weekly_20260527_080241.png
 create mode 100644 charts/screenshots_nasdaq/LRCX/LRCX_Weekly_20260527_232743.png
 delete mode 100644 charts/screenshots_nasdaq/LSCC/LSCC_1H_20260527_082803.png
 create mode 100644 charts/screenshots_nasdaq/LSCC/LSCC_1H_20260527_235921.png
 delete mode 100644 charts/screenshots_nasdaq/LSCC/LSCC_4H_20260527_082803.png
 create mode 100644 charts/screenshots_nasdaq/LSCC/LSCC_4H_20260527_235921.png
 delete mode 100644 charts/screenshots_nasdaq/LSCC/LSCC_Daily_20260527_082803.png
 create mode 100644 charts/screenshots_nasdaq/LSCC/LSCC_Daily_20260527_235921.png
 delete mode 100644 charts/screenshots_nasdaq/LSCC/LSCC_Monthly_20260527_082803.png
 create mode 100644 charts/screenshots_nasdaq/LSCC/LSCC_Monthly_20260527_235921.png
 delete mode 100644 charts/screenshots_nasdaq/LSCC/LSCC_Weekly_20260527_082803.png
 create mode 100644 charts/screenshots_nasdaq/LSCC/LSCC_Weekly_20260527_235921.png
 delete mode 100644 charts/screenshots_nasdaq/LULU/LULU_1H_20260527_083746.png
 delete mode 100644 charts/screenshots_nasdaq/LULU/LULU_4H_20260527_083746.png
 delete mode 100644 charts/screenshots_nasdaq/LULU/LULU_Daily_20260527_083746.png
 delete mode 100644 charts/screenshots_nasdaq/LULU/LULU_Monthly_20260527_083746.png
 delete mode 100644 charts/screenshots_nasdaq/LULU/LULU_Weekly_20260527_083746.png
 create mode 100644 charts/screenshots_nasdaq/LUNR/LUNR_1H_20260527_233816.png
 create mode 100644 charts/screenshots_nasdaq/LUNR/LUNR_4H_20260527_233816.png
 create mode 100644 charts/screenshots_nasdaq/LUNR/LUNR_Daily_20260527_233816.png
 create mode 100644 charts/screenshots_nasdaq/LUNR/LUNR_Monthly_20260527_233816.png
 create mode 100644 charts/screenshots_nasdaq/LUNR/LUNR_Weekly_20260527_233816.png
 delete mode 100644 charts/screenshots_nasdaq/MKSI/MKSI_1H_20260527_080320.png
 create mode 100644 charts/screenshots_nasdaq/MKSI/MKSI_1H_20260527_232822.png
 delete mode 100644 charts/screenshots_nasdaq/MKSI/MKSI_4H_20260527_080320.png
 create mode 100644 charts/screenshots_nasdaq/MKSI/MKSI_4H_20260527_232822.png
 delete mode 100644 charts/screenshots_nasdaq/MKSI/MKSI_Daily_20260527_080320.png
 create mode 100644 charts/screenshots_nasdaq/MKSI/MKSI_Daily_20260527_232822.png
 delete mode 100644 charts/screenshots_nasdaq/MKSI/MKSI_Monthly_20260527_080320.png
 create mode 100644 charts/screenshots_nasdaq/MKSI/MKSI_Monthly_20260527_232822.png
 delete mode 100644 charts/screenshots_nasdaq/MKSI/MKSI_Weekly_20260527_080320.png
 create mode 100644 charts/screenshots_nasdaq/MKSI/MKSI_Weekly_20260527_232822.png
 create mode 100644 charts/screenshots_nasdaq/MNST/MNST_1H_20260527_230953.png
 create mode 100644 charts/screenshots_nasdaq/MNST/MNST_4H_20260527_230953.png
 create mode 100644 charts/screenshots_nasdaq/MNST/MNST_Daily_20260527_230953.png
 create mode 100644 charts/screenshots_nasdaq/MNST/MNST_Monthly_20260527_230953.png
 create mode 100644 charts/screenshots_nasdaq/MNST/MNST_Weekly_20260527_230953.png
 delete mode 100644 charts/screenshots_nasdaq/MOD/MOD_1H_20260527_075648.png
 delete mode 100644 charts/screenshots_nasdaq/MOD/MOD_4H_20260527_075648.png
 delete mode 100644 charts/screenshots_nasdaq/MOD/MOD_Daily_20260527_075648.png
 delete mode 100644 charts/screenshots_nasdaq/MOD/MOD_Monthly_20260527_075648.png
 delete mode 100644 charts/screenshots_nasdaq/MOD/MOD_Weekly_20260527_075648.png
 delete mode 100644 charts/screenshots_nasdaq/MRVL/MRVL_1H_20260527_081147.png
 delete mode 100644 charts/screenshots_nasdaq/MRVL/MRVL_4H_20260527_081147.png
 delete mode 100644 charts/screenshots_nasdaq/MRVL/MRVL_Daily_20260527_081147.png
 delete mode 100644 charts/screenshots_nasdaq/MRVL/MRVL_Monthly_20260527_081147.png
 delete mode 100644 charts/screenshots_nasdaq/MRVL/MRVL_Weekly_20260527_081147.png
 delete mode 100644 charts/screenshots_nasdaq/MT/MT_1H_20260527_082330.png
 create mode 100644 charts/screenshots_nasdaq/MT/MT_1H_20260528_001623.png
 delete mode 100644 charts/screenshots_nasdaq/MT/MT_4H_20260527_082330.png
 create mode 100644 charts/screenshots_nasdaq/MT/MT_4H_20260528_001623.png
 delete mode 100644 charts/screenshots_nasdaq/MT/MT_Daily_20260527_082330.png
 create mode 100644 charts/screenshots_nasdaq/MT/MT_Daily_20260528_001623.png
 delete mode 100644 charts/screenshots_nasdaq/MT/MT_Monthly_20260527_082330.png
 create mode 100644 charts/screenshots_nasdaq/MT/MT_Monthly_20260528_001623.png
 delete mode 100644 charts/screenshots_nasdaq/MT/MT_Weekly_20260527_082330.png
 create mode 100644 charts/screenshots_nasdaq/MT/MT_Weekly_20260528_001623.png
 delete mode 100644 charts/screenshots_nasdaq/MTRN/MTRN_1H_20260527_073644.png
 create mode 100644 charts/screenshots_nasdaq/MTRN/MTRN_1H_20260527_231032.png
 delete mode 100644 charts/screenshots_nasdaq/MTRN/MTRN_4H_20260527_073644.png
 create mode 100644 charts/screenshots_nasdaq/MTRN/MTRN_4H_20260527_231032.png
 delete mode 100644 charts/screenshots_nasdaq/MTRN/MTRN_Daily_20260527_073644.png
 create mode 100644 charts/screenshots_nasdaq/MTRN/MTRN_Daily_20260527_231032.png
 delete mode 100644 charts/screenshots_nasdaq/MTRN/MTRN_Monthly_20260527_073644.png
 create mode 100644 charts/screenshots_nasdaq/MTRN/MTRN_Monthly_20260527_231032.png
 delete mode 100644 charts/screenshots_nasdaq/MTRN/MTRN_Weekly_20260527_073644.png
 create mode 100644 charts/screenshots_nasdaq/MTRN/MTRN_Weekly_20260527_231032.png
 delete mode 100644 charts/screenshots_nasdaq/MTSI/MTSI_1H_20260527_072620.png
 create mode 100644 charts/screenshots_nasdaq/MTSI/MTSI_1H_20260527_231111.png
 delete mode 100644 charts/screenshots_nasdaq/MTSI/MTSI_4H_20260527_072620.png
 create mode 100644 charts/screenshots_nasdaq/MTSI/MTSI_4H_20260527_231111.png
 delete mode 100644 charts/screenshots_nasdaq/MTSI/MTSI_Daily_20260527_072620.png
 create mode 100644 charts/screenshots_nasdaq/MTSI/MTSI_Daily_20260527_231111.png
 delete mode 100644 charts/screenshots_nasdaq/MTSI/MTSI_Monthly_20260527_072620.png
 create mode 100644 charts/screenshots_nasdaq/MTSI/MTSI_Monthly_20260527_231111.png
 delete mode 100644 charts/screenshots_nasdaq/MTSI/MTSI_Weekly_20260527_072620.png
 create mode 100644 charts/screenshots_nasdaq/MTSI/MTSI_Weekly_20260527_231111.png
 delete mode 100644 charts/screenshots_nasdaq/MU/MU_1H_20260527_073919.png
 create mode 100644 charts/screenshots_nasdaq/MU/MU_1H_20260528_000635.png
 delete mode 100644 charts/screenshots_nasdaq/MU/MU_4H_20260527_073919.png
 create mode 100644 charts/screenshots_nasdaq/MU/MU_4H_20260528_000635.png
 delete mode 100644 charts/screenshots_nasdaq/MU/MU_Daily_20260527_073919.png
 create mode 100644 charts/screenshots_nasdaq/MU/MU_Daily_20260528_000635.png
 delete mode 100644 charts/screenshots_nasdaq/MU/MU_Monthly_20260527_073919.png
 create mode 100644 charts/screenshots_nasdaq/MU/MU_Monthly_20260528_000635.png
 delete mode 100644 charts/screenshots_nasdaq/MU/MU_Weekly_20260527_073919.png
 create mode 100644 charts/screenshots_nasdaq/MU/MU_Weekly_20260528_000635.png
 create mode 100644 charts/screenshots_nasdaq/MXL/MXL_1H_20260527_231150.png
 create mode 100644 charts/screenshots_nasdaq/MXL/MXL_4H_20260527_231150.png
 create mode 100644 charts/screenshots_nasdaq/MXL/MXL_Daily_20260527_231150.png
 create mode 100644 charts/screenshots_nasdaq/MXL/MXL_Monthly_20260527_231150.png
 create mode 100644 charts/screenshots_nasdaq/MXL/MXL_Weekly_20260527_231150.png
 delete mode 100644 charts/screenshots_nasdaq/MYRG/MYRG_1H_20260527_071714.png
 create mode 100644 charts/screenshots_nasdaq/MYRG/MYRG_1H_20260527_231229.png
 delete mode 100644 charts/screenshots_nasdaq/MYRG/MYRG_4H_20260527_071714.png
 create mode 100644 charts/screenshots_nasdaq/MYRG/MYRG_4H_20260527_231229.png
 delete mode 100644 charts/screenshots_nasdaq/MYRG/MYRG_Daily_20260527_071714.png
 create mode 100644 charts/screenshots_nasdaq/MYRG/MYRG_Daily_20260527_231229.png
 delete mode 100644 charts/screenshots_nasdaq/MYRG/MYRG_Monthly_20260527_071714.png
 create mode 100644 charts/screenshots_nasdaq/MYRG/MYRG_Monthly_20260527_231229.png
 delete mode 100644 charts/screenshots_nasdaq/MYRG/MYRG_Weekly_20260527_071714.png
 create mode 100644 charts/screenshots_nasdaq/MYRG/MYRG_Weekly_20260527_231229.png
 create mode 100644 charts/screenshots_nasdaq/NAVN/NAVN_1H_20260528_001702.png
 create mode 100644 charts/screenshots_nasdaq/NAVN/NAVN_4H_20260528_001702.png
 create mode 100644 charts/screenshots_nasdaq/NAVN/NAVN_Daily_20260528_001702.png
 create mode 100644 charts/screenshots_nasdaq/NAVN/NAVN_Monthly_20260528_001702.png
 create mode 100644 charts/screenshots_nasdaq/NAVN/NAVN_Weekly_20260528_001702.png
 delete mode 100644 charts/screenshots_nasdaq/NOK/NOK_1H_20260527_075218.png
 delete mode 100644 charts/screenshots_nasdaq/NOK/NOK_4H_20260527_075218.png
 delete mode 100644 charts/screenshots_nasdaq/NOK/NOK_Daily_20260527_075218.png
 delete mode 100644 charts/screenshots_nasdaq/NOK/NOK_Monthly_20260527_075218.png
 delete mode 100644 charts/screenshots_nasdaq/NOK/NOK_Weekly_20260527_075218.png
 delete mode 100644 charts/screenshots_nasdaq/NOVT/NOVT_1H_20260527_071753.png
 create mode 100644 charts/screenshots_nasdaq/NOVT/NOVT_1H_20260527_231308.png
 delete mode 100644 charts/screenshots_nasdaq/NOVT/NOVT_4H_20260527_071753.png
 create mode 100644 charts/screenshots_nasdaq/NOVT/NOVT_4H_20260527_231308.png
 delete mode 100644 charts/screenshots_nasdaq/NOVT/NOVT_Daily_20260527_071753.png
 create mode 100644 charts/screenshots_nasdaq/NOVT/NOVT_Daily_20260527_231308.png
 delete mode 100644 charts/screenshots_nasdaq/NOVT/NOVT_Monthly_20260527_071753.png
 create mode 100644 charts/screenshots_nasdaq/NOVT/NOVT_Monthly_20260527_231308.png
 delete mode 100644 charts/screenshots_nasdaq/NOVT/NOVT_Weekly_20260527_071753.png
 create mode 100644 charts/screenshots_nasdaq/NOVT/NOVT_Weekly_20260527_231308.png
 delete mode 100644 charts/screenshots_nasdaq/NTAP/NTAP_1H_20260527_075256.png
 create mode 100644 charts/screenshots_nasdaq/NTAP/NTAP_1H_20260527_235047.png
 delete mode 100644 charts/screenshots_nasdaq/NTAP/NTAP_4H_20260527_075256.png
 create mode 100644 charts/screenshots_nasdaq/NTAP/NTAP_4H_20260527_235047.png
 delete mode 100644 charts/screenshots_nasdaq/NTAP/NTAP_Daily_20260527_075256.png
 create mode 100644 charts/screenshots_nasdaq/NTAP/NTAP_Daily_20260527_235047.png
 delete mode 100644 charts/screenshots_nasdaq/NTAP/NTAP_Monthly_20260527_075256.png
 create mode 100644 charts/screenshots_nasdaq/NTAP/NTAP_Monthly_20260527_235047.png
 delete mode 100644 charts/screenshots_nasdaq/NTAP/NTAP_Weekly_20260527_075256.png
 create mode 100644 charts/screenshots_nasdaq/NTAP/NTAP_Weekly_20260527_235047.png
 create mode 100644 charts/screenshots_nasdaq/NVAX/NVAX_1H_20260527_233339.png
 create mode 100644 charts/screenshots_nasdaq/NVAX/NVAX_4H_20260527_233339.png
 create mode 100644 charts/screenshots_nasdaq/NVAX/NVAX_Daily_20260527_233339.png
 create mode 100644 charts/screenshots_nasdaq/NVAX/NVAX_Monthly_20260527_233339.png
 create mode 100644 charts/screenshots_nasdaq/NVAX/NVAX_Weekly_20260527_233339.png
 delete mode 100644 charts/screenshots_nasdaq/NVT/NVT_1H_20260527_073408.png
 delete mode 100644 charts/screenshots_nasdaq/NVT/NVT_4H_20260527_073408.png
 delete mode 100644 charts/screenshots_nasdaq/NVT/NVT_Daily_20260527_073408.png
 delete mode 100644 charts/screenshots_nasdaq/NVT/NVT_Monthly_20260527_073408.png
 delete mode 100644 charts/screenshots_nasdaq/NVT/NVT_Weekly_20260527_073408.png
 delete mode 100644 charts/screenshots_nasdaq/NVTS/NVTS_1H_20260527_081226.png
 delete mode 100644 charts/screenshots_nasdaq/NVTS/NVTS_4H_20260527_081226.png
 delete mode 100644 charts/screenshots_nasdaq/NVTS/NVTS_Daily_20260527_081226.png
 delete mode 100644 charts/screenshots_nasdaq/NVTS/NVTS_Monthly_20260527_081226.png
 delete mode 100644 charts/screenshots_nasdaq/NVTS/NVTS_Weekly_20260527_081226.png
 delete mode 100644 charts/screenshots_nasdaq/NXPI/NXPI_1H_20260527_073014.png
 delete mode 100644 charts/screenshots_nasdaq/NXPI/NXPI_4H_20260527_073014.png
 delete mode 100644 charts/screenshots_nasdaq/NXPI/NXPI_Daily_20260527_073014.png
 delete mode 100644 charts/screenshots_nasdaq/NXPI/NXPI_Monthly_20260527_073014.png
 delete mode 100644 charts/screenshots_nasdaq/NXPI/NXPI_Weekly_20260527_073014.png
 delete mode 100644 charts/screenshots_nasdaq/ON/ON_1H_20260527_072423.png
 create mode 100644 charts/screenshots_nasdaq/ON/ON_1H_20260527_233419.png
 delete mode 100644 charts/screenshots_nasdaq/ON/ON_4H_20260527_072423.png
 create mode 100644 charts/screenshots_nasdaq/ON/ON_4H_20260527_233419.png
 delete mode 100644 charts/screenshots_nasdaq/ON/ON_Daily_20260527_072423.png
 create mode 100644 charts/screenshots_nasdaq/ON/ON_Daily_20260527_233419.png
 delete mode 100644 charts/screenshots_nasdaq/ON/ON_Monthly_20260527_072423.png
 create mode 100644 charts/screenshots_nasdaq/ON/ON_Monthly_20260527_233419.png
 delete mode 100644 charts/screenshots_nasdaq/ON/ON_Weekly_20260527_072423.png
 create mode 100644 charts/screenshots_nasdaq/ON/ON_Weekly_20260527_233419.png
 delete mode 100644 charts/screenshots_nasdaq/OPEN/OPEN_1H_20260527_084139.png
 delete mode 100644 charts/screenshots_nasdaq/OPEN/OPEN_4H_20260527_084139.png
 delete mode 100644 charts/screenshots_nasdaq/OPEN/OPEN_Daily_20260527_084139.png
 delete mode 100644 charts/screenshots_nasdaq/OPEN/OPEN_Monthly_20260527_084139.png
 delete mode 100644 charts/screenshots_nasdaq/OPEN/OPEN_Weekly_20260527_084139.png
 delete mode 100644 charts/screenshots_nasdaq/ORA/ORA_1H_20260527_070416.png
 create mode 100644 charts/screenshots_nasdaq/ORA/ORA_1H_20260527_230440.png
 delete mode 100644 charts/screenshots_nasdaq/ORA/ORA_4H_20260527_070416.png
 create mode 100644 charts/screenshots_nasdaq/ORA/ORA_4H_20260527_230440.png
 delete mode 100644 charts/screenshots_nasdaq/ORA/ORA_Daily_20260527_070416.png
 create mode 100644 charts/screenshots_nasdaq/ORA/ORA_Daily_20260527_230440.png
 delete mode 100644 charts/screenshots_nasdaq/ORA/ORA_Monthly_20260527_070416.png
 create mode 100644 charts/screenshots_nasdaq/ORA/ORA_Monthly_20260527_230440.png
 delete mode 100644 charts/screenshots_nasdaq/ORA/ORA_Weekly_20260527_070416.png
 create mode 100644 charts/screenshots_nasdaq/ORA/ORA_Weekly_20260527_230440.png
 delete mode 100644 charts/screenshots_nasdaq/OUST/OUST_1H_20260527_073958.png
 create mode 100644 charts/screenshots_nasdaq/OUST/OUST_1H_20260528_001424.png
 delete mode 100644 charts/screenshots_nasdaq/OUST/OUST_4H_20260527_073958.png
 create mode 100644 charts/screenshots_nasdaq/OUST/OUST_4H_20260528_001424.png
 delete mode 100644 charts/screenshots_nasdaq/OUST/OUST_Daily_20260527_073958.png
 create mode 100644 charts/screenshots_nasdaq/OUST/OUST_Daily_20260528_001424.png
 delete mode 100644 charts/screenshots_nasdaq/OUST/OUST_Monthly_20260527_073958.png
 create mode 100644 charts/screenshots_nasdaq/OUST/OUST_Monthly_20260528_001424.png
 delete mode 100644 charts/screenshots_nasdaq/OUST/OUST_Weekly_20260527_073958.png
 create mode 100644 charts/screenshots_nasdaq/OUST/OUST_Weekly_20260528_001424.png
 delete mode 100644 charts/screenshots_nasdaq/PANW/PANW_1H_20260527_074627.png
 delete mode 100644 charts/screenshots_nasdaq/PANW/PANW_4H_20260527_074627.png
 delete mode 100644 charts/screenshots_nasdaq/PANW/PANW_Daily_20260527_074627.png
 delete mode 100644 charts/screenshots_nasdaq/PANW/PANW_Monthly_20260527_074627.png
 delete mode 100644 charts/screenshots_nasdaq/PANW/PANW_Weekly_20260527_074627.png
 delete mode 100644 charts/screenshots_nasdaq/PENG/PENG_1H_20260527_081305.png
 create mode 100644 charts/screenshots_nasdaq/PENG/PENG_1H_20260527_235127.png
 delete mode 100644 charts/screenshots_nasdaq/PENG/PENG_4H_20260527_081305.png
 create mode 100644 charts/screenshots_nasdaq/PENG/PENG_4H_20260527_235127.png
 delete mode 100644 charts/screenshots_nasdaq/PENG/PENG_Daily_20260527_081305.png
 create mode 100644 charts/screenshots_nasdaq/PENG/PENG_Daily_20260527_235127.png
 delete mode 100644 charts/screenshots_nasdaq/PENG/PENG_Monthly_20260527_081305.png
 create mode 100644 charts/screenshots_nasdaq/PENG/PENG_Monthly_20260527_235127.png
 delete mode 100644 charts/screenshots_nasdaq/PENG/PENG_Weekly_20260527_081305.png
 create mode 100644 charts/screenshots_nasdaq/PENG/PENG_Weekly_20260527_235127.png
 delete mode 100644 charts/screenshots_nasdaq/PL/PL_1H_20260527_071832.png
 create mode 100644 charts/screenshots_nasdaq/PL/PL_1H_20260527_233458.png
 delete mode 100644 charts/screenshots_nasdaq/PL/PL_4H_20260527_071832.png
 create mode 100644 charts/screenshots_nasdaq/PL/PL_4H_20260527_233458.png
 delete mode 100644 charts/screenshots_nasdaq/PL/PL_Daily_20260527_071832.png
 create mode 100644 charts/screenshots_nasdaq/PL/PL_Daily_20260527_233458.png
 delete mode 100644 charts/screenshots_nasdaq/PL/PL_Monthly_20260527_071832.png
 create mode 100644 charts/screenshots_nasdaq/PL/PL_Monthly_20260527_233458.png
 delete mode 100644 charts/screenshots_nasdaq/PL/PL_Weekly_20260527_071832.png
 create mode 100644 charts/screenshots_nasdaq/PL/PL_Weekly_20260527_233458.png
 create mode 100644 charts/screenshots_nasdaq/PLUG/PLUG_1H_20260528_000001.png
 create mode 100644 charts/screenshots_nasdaq/PLUG/PLUG_4H_20260528_000001.png
 create mode 100644 charts/screenshots_nasdaq/PLUG/PLUG_Daily_20260528_000001.png
 create mode 100644 charts/screenshots_nasdaq/PLUG/PLUG_Monthly_20260528_000001.png
 create mode 100644 charts/screenshots_nasdaq/PLUG/PLUG_Weekly_20260528_000001.png
 delete mode 100644 charts/screenshots_nasdaq/POWI/POWI_1H_20260527_072856.png
 create mode 100644 charts/screenshots_nasdaq/POWI/POWI_1H_20260527_233855.png
 delete mode 100644 charts/screenshots_nasdaq/POWI/POWI_4H_20260527_072856.png
 create mode 100644 charts/screenshots_nasdaq/POWI/POWI_4H_20260527_233855.png
 delete mode 100644 charts/screenshots_nasdaq/POWI/POWI_Daily_20260527_072856.png
 create mode 100644 charts/screenshots_nasdaq/POWI/POWI_Daily_20260527_233855.png
 delete mode 100644 charts/screenshots_nasdaq/POWI/POWI_Monthly_20260527_072856.png
 create mode 100644 charts/screenshots_nasdaq/POWI/POWI_Monthly_20260527_233855.png
 delete mode 100644 charts/screenshots_nasdaq/POWI/POWI_Weekly_20260527_072856.png
 create mode 100644 charts/screenshots_nasdaq/POWI/POWI_Weekly_20260527_233855.png
 delete mode 100644 charts/screenshots_nasdaq/PSIX/PSIX_1H_20260527_083825.png
 create mode 100644 charts/screenshots_nasdaq/PSIX/PSIX_1H_20260528_002813.png
 delete mode 100644 charts/screenshots_nasdaq/PSIX/PSIX_4H_20260527_083825.png
 create mode 100644 charts/screenshots_nasdaq/PSIX/PSIX_4H_20260528_002813.png
 delete mode 100644 charts/screenshots_nasdaq/PSIX/PSIX_Daily_20260527_083825.png
 create mode 100644 charts/screenshots_nasdaq/PSIX/PSIX_Daily_20260528_002813.png
 delete mode 100644 charts/screenshots_nasdaq/PSIX/PSIX_Monthly_20260527_083825.png
 create mode 100644 charts/screenshots_nasdaq/PSIX/PSIX_Monthly_20260528_002813.png
 delete mode 100644 charts/screenshots_nasdaq/PSIX/PSIX_Weekly_20260527_083825.png
 create mode 100644 charts/screenshots_nasdaq/PSIX/PSIX_Weekly_20260528_002813.png
 delete mode 100644 charts/screenshots_nasdaq/Q/Q_1H_20260527_082053.png
 delete mode 100644 charts/screenshots_nasdaq/Q/Q_4H_20260527_082053.png
 delete mode 100644 charts/screenshots_nasdaq/Q/Q_Daily_20260527_082053.png
 delete mode 100644 charts/screenshots_nasdaq/Q/Q_Monthly_20260527_082053.png
 delete mode 100644 charts/screenshots_nasdaq/Q/Q_Weekly_20260527_082053.png
 delete mode 100644 charts/screenshots_nasdaq/QCOM/QCOM_1H_20260527_080359.png
 delete mode 100644 charts/screenshots_nasdaq/QCOM/QCOM_4H_20260527_080359.png
 delete mode 100644 charts/screenshots_nasdaq/QCOM/QCOM_Daily_20260527_080359.png
 delete mode 100644 charts/screenshots_nasdaq/QCOM/QCOM_Monthly_20260527_080359.png
 delete mode 100644 charts/screenshots_nasdaq/QCOM/QCOM_Weekly_20260527_080359.png
 delete mode 100644 charts/screenshots_nasdaq/QRVO/QRVO_1H_20260527_081344.png
 delete mode 100644 charts/screenshots_nasdaq/QRVO/QRVO_4H_20260527_081344.png
 delete mode 100644 charts/screenshots_nasdaq/QRVO/QRVO_Daily_20260527_081344.png
 delete mode 100644 charts/screenshots_nasdaq/QRVO/QRVO_Monthly_20260527_081344.png
 delete mode 100644 charts/screenshots_nasdaq/QRVO/QRVO_Weekly_20260527_081344.png
 delete mode 100644 charts/screenshots_nasdaq/QS/QS_1H_20260527_082132.png
 delete mode 100644 charts/screenshots_nasdaq/QS/QS_4H_20260527_082132.png
 delete mode 100644 charts/screenshots_nasdaq/QS/QS_Daily_20260527_082132.png
 delete mode 100644 charts/screenshots_nasdaq/QS/QS_Monthly_20260527_082132.png
 delete mode 100644 charts/screenshots_nasdaq/QS/QS_Weekly_20260527_082132.png
 create mode 100644 charts/screenshots_nasdaq/QUBT/QUBT_1H_20260528_001821.png
 create mode 100644 charts/screenshots_nasdaq/QUBT/QUBT_4H_20260528_001821.png
 create mode 100644 charts/screenshots_nasdaq/QUBT/QUBT_Daily_20260528_001821.png
 create mode 100644 charts/screenshots_nasdaq/QUBT/QUBT_Monthly_20260528_001821.png
 create mode 100644 charts/screenshots_nasdaq/QUBT/QUBT_Weekly_20260528_001821.png
 delete mode 100644 charts/screenshots_nasdaq/QUCY/QUCY_1H_20260527_070612.png
 delete mode 100644 charts/screenshots_nasdaq/QUCY/QUCY_4H_20260527_070612.png
 delete mode 100644 charts/screenshots_nasdaq/QUCY/QUCY_Daily_20260527_070612.png
 delete mode 100644 charts/screenshots_nasdaq/QUCY/QUCY_Monthly_20260527_070612.png
 delete mode 100644 charts/screenshots_nasdaq/QUCY/QUCY_Weekly_20260527_070612.png
 delete mode 100644 charts/screenshots_nasdaq/RAL/RAL_1H_20260527_074352.png
 create mode 100644 charts/screenshots_nasdaq/RAL/RAL_1H_20260527_234809.png
 delete mode 100644 charts/screenshots_nasdaq/RAL/RAL_4H_20260527_074352.png
 create mode 100644 charts/screenshots_nasdaq/RAL/RAL_4H_20260527_234809.png
 delete mode 100644 charts/screenshots_nasdaq/RAL/RAL_Daily_20260527_074352.png
 create mode 100644 charts/screenshots_nasdaq/RAL/RAL_Daily_20260527_234809.png
 delete mode 100644 charts/screenshots_nasdaq/RAL/RAL_Monthly_20260527_074352.png
 create mode 100644 charts/screenshots_nasdaq/RAL/RAL_Monthly_20260527_234809.png
 delete mode 100644 charts/screenshots_nasdaq/RAL/RAL_Weekly_20260527_074352.png
 create mode 100644 charts/screenshots_nasdaq/RAL/RAL_Weekly_20260527_234809.png
 delete mode 100644 charts/screenshots_nasdaq/RAMP/RAMP_1H_20260527_072541.png
 create mode 100644 charts/screenshots_nasdaq/RAMP/RAMP_1H_20260527_232148.png
 delete mode 100644 charts/screenshots_nasdaq/RAMP/RAMP_4H_20260527_072541.png
 create mode 100644 charts/screenshots_nasdaq/RAMP/RAMP_4H_20260527_232148.png
 delete mode 100644 charts/screenshots_nasdaq/RAMP/RAMP_Daily_20260527_072541.png
 create mode 100644 charts/screenshots_nasdaq/RAMP/RAMP_Daily_20260527_232148.png
 delete mode 100644 charts/screenshots_nasdaq/RAMP/RAMP_Monthly_20260527_072541.png
 create mode 100644 charts/screenshots_nasdaq/RAMP/RAMP_Monthly_20260527_232148.png
 delete mode 100644 charts/screenshots_nasdaq/RAMP/RAMP_Weekly_20260527_072541.png
 create mode 100644 charts/screenshots_nasdaq/RAMP/RAMP_Weekly_20260527_232148.png
 delete mode 100644 charts/screenshots_nasdaq/RDW/RDW_1H_20260527_081422.png
 create mode 100644 charts/screenshots_nasdaq/RDW/RDW_1H_20260528_000714.png
 delete mode 100644 charts/screenshots_nasdaq/RDW/RDW_4H_20260527_081422.png
 create mode 100644 charts/screenshots_nasdaq/RDW/RDW_4H_20260528_000714.png
 delete mode 100644 charts/screenshots_nasdaq/RDW/RDW_Daily_20260527_081422.png
 create mode 100644 charts/screenshots_nasdaq/RDW/RDW_Daily_20260528_000714.png
 delete mode 100644 charts/screenshots_nasdaq/RDW/RDW_Monthly_20260527_081422.png
 create mode 100644 charts/screenshots_nasdaq/RDW/RDW_Monthly_20260528_000714.png
 delete mode 100644 charts/screenshots_nasdaq/RDW/RDW_Weekly_20260527_081422.png
 create mode 100644 charts/screenshots_nasdaq/RDW/RDW_Weekly_20260528_000714.png
 delete mode 100644 charts/screenshots_nasdaq/RGTI/RGTI_1H_20260527_075727.png
 create mode 100644 charts/screenshots_nasdaq/RGTI/RGTI_1H_20260527_235444.png
 delete mode 100644 charts/screenshots_nasdaq/RGTI/RGTI_4H_20260527_075727.png
 create mode 100644 charts/screenshots_nasdaq/RGTI/RGTI_4H_20260527_235444.png
 delete mode 100644 charts/screenshots_nasdaq/RGTI/RGTI_Daily_20260527_075727.png
 create mode 100644 charts/screenshots_nasdaq/RGTI/RGTI_Daily_20260527_235444.png
 delete mode 100644 charts/screenshots_nasdaq/RGTI/RGTI_Monthly_20260527_075727.png
 create mode 100644 charts/screenshots_nasdaq/RGTI/RGTI_Monthly_20260527_235444.png
 delete mode 100644 charts/screenshots_nasdaq/RGTI/RGTI_Weekly_20260527_075727.png
 create mode 100644 charts/screenshots_nasdaq/RGTI/RGTI_Weekly_20260527_235444.png
 delete mode 100644 charts/screenshots_nasdaq/RIOT/RIOT_1H_20260527_070219.png
 create mode 100644 charts/screenshots_nasdaq/RIOT/RIOT_1H_20260527_230203.png
 delete mode 100644 charts/screenshots_nasdaq/RIOT/RIOT_4H_20260527_070219.png
 create mode 100644 charts/screenshots_nasdaq/RIOT/RIOT_4H_20260527_230203.png
 delete mode 100644 charts/screenshots_nasdaq/RIOT/RIOT_Daily_20260527_070219.png
 create mode 100644 charts/screenshots_nasdaq/RIOT/RIOT_Daily_20260527_230203.png
 delete mode 100644 charts/screenshots_nasdaq/RIOT/RIOT_Monthly_20260527_070219.png
 create mode 100644 charts/screenshots_nasdaq/RIOT/RIOT_Monthly_20260527_230203.png
 delete mode 100644 charts/screenshots_nasdaq/RIOT/RIOT_Weekly_20260527_070219.png
 create mode 100644 charts/screenshots_nasdaq/RIOT/RIOT_Weekly_20260527_230203.png
 delete mode 100644 charts/screenshots_nasdaq/RKLB/RKLB_1H_20260527_071912.png
 create mode 100644 charts/screenshots_nasdaq/RKLB/RKLB_1H_20260527_231348.png
 delete mode 100644 charts/screenshots_nasdaq/RKLB/RKLB_4H_20260527_071912.png
 create mode 100644 charts/screenshots_nasdaq/RKLB/RKLB_4H_20260527_231348.png
 delete mode 100644 charts/screenshots_nasdaq/RKLB/RKLB_Daily_20260527_071912.png
 create mode 100644 charts/screenshots_nasdaq/RKLB/RKLB_Daily_20260527_231348.png
 delete mode 100644 charts/screenshots_nasdaq/RKLB/RKLB_Monthly_20260527_071912.png
 create mode 100644 charts/screenshots_nasdaq/RKLB/RKLB_Monthly_20260527_231348.png
 delete mode 100644 charts/screenshots_nasdaq/RKLB/RKLB_Weekly_20260527_071912.png
 create mode 100644 charts/screenshots_nasdaq/RKLB/RKLB_Weekly_20260527_231348.png
 delete mode 100644 charts/screenshots_nasdaq/RMBS/RMBS_1H_20260527_081935.png
 delete mode 100644 charts/screenshots_nasdaq/RMBS/RMBS_4H_20260527_081935.png
 delete mode 100644 charts/screenshots_nasdaq/RMBS/RMBS_Daily_20260527_081935.png
 delete mode 100644 charts/screenshots_nasdaq/RMBS/RMBS_Monthly_20260527_081935.png
 delete mode 100644 charts/screenshots_nasdaq/RMBS/RMBS_Weekly_20260527_081935.png
 create mode 100644 charts/screenshots_nasdaq/ROKU/ROKU_1H_20260527_230558.png
 create mode 100644 charts/screenshots_nasdaq/ROKU/ROKU_4H_20260527_230558.png
 create mode 100644 charts/screenshots_nasdaq/ROKU/ROKU_Daily_20260527_230558.png
 create mode 100644 charts/screenshots_nasdaq/ROKU/ROKU_Monthly_20260527_230558.png
 create mode 100644 charts/screenshots_nasdaq/ROKU/ROKU_Weekly_20260527_230558.png
 delete mode 100644 charts/screenshots_nasdaq/RXO/RXO_1H_20260527_075845.png
 create mode 100644 charts/screenshots_nasdaq/RXO/RXO_1H_20260527_230124.png
 delete mode 100644 charts/screenshots_nasdaq/RXO/RXO_4H_20260527_075845.png
 create mode 100644 charts/screenshots_nasdaq/RXO/RXO_4H_20260527_230124.png
 delete mode 100644 charts/screenshots_nasdaq/RXO/RXO_Daily_20260527_075845.png
 create mode 100644 charts/screenshots_nasdaq/RXO/RXO_Daily_20260527_230124.png
 delete mode 100644 charts/screenshots_nasdaq/RXO/RXO_Monthly_20260527_075845.png
 create mode 100644 charts/screenshots_nasdaq/RXO/RXO_Monthly_20260527_230124.png
 delete mode 100644 charts/screenshots_nasdaq/RXO/RXO_Weekly_20260527_075845.png
 create mode 100644 charts/screenshots_nasdaq/RXO/RXO_Weekly_20260527_230124.png
 delete mode 100644 charts/screenshots_nasdaq/SANM/SANM_1H_20260527_073723.png
 create mode 100644 charts/screenshots_nasdaq/SANM/SANM_1H_20260527_233538.png
 delete mode 100644 charts/screenshots_nasdaq/SANM/SANM_4H_20260527_073723.png
 create mode 100644 charts/screenshots_nasdaq/SANM/SANM_4H_20260527_233538.png
 delete mode 100644 charts/screenshots_nasdaq/SANM/SANM_Daily_20260527_073723.png
 create mode 100644 charts/screenshots_nasdaq/SANM/SANM_Daily_20260527_233538.png
 delete mode 100644 charts/screenshots_nasdaq/SANM/SANM_Monthly_20260527_073723.png
 create mode 100644 charts/screenshots_nasdaq/SANM/SANM_Monthly_20260527_233538.png
 delete mode 100644 charts/screenshots_nasdaq/SANM/SANM_Weekly_20260527_073723.png
 create mode 100644 charts/screenshots_nasdaq/SANM/SANM_Weekly_20260527_233538.png
 delete mode 100644 charts/screenshots_nasdaq/SATL/SATL_1H_20260527_070140.png
 delete mode 100644 charts/screenshots_nasdaq/SATL/SATL_4H_20260527_070140.png
 delete mode 100644 charts/screenshots_nasdaq/SATL/SATL_Daily_20260527_070140.png
 delete mode 100644 charts/screenshots_nasdaq/SATL/SATL_Monthly_20260527_070140.png
 delete mode 100644 charts/screenshots_nasdaq/SATL/SATL_Weekly_20260527_070140.png
 delete mode 100644 charts/screenshots_nasdaq/SEDG/SEDG_1H_20260527_074037.png
 create mode 100644 charts/screenshots_nasdaq/SEDG/SEDG_1H_20260527_233935.png
 delete mode 100644 charts/screenshots_nasdaq/SEDG/SEDG_4H_20260527_074037.png
 create mode 100644 charts/screenshots_nasdaq/SEDG/SEDG_4H_20260527_233935.png
 delete mode 100644 charts/screenshots_nasdaq/SEDG/SEDG_Daily_20260527_074037.png
 create mode 100644 charts/screenshots_nasdaq/SEDG/SEDG_Daily_20260527_233935.png
 delete mode 100644 charts/screenshots_nasdaq/SEDG/SEDG_Monthly_20260527_074037.png
 create mode 100644 charts/screenshots_nasdaq/SEDG/SEDG_Monthly_20260527_233935.png
 delete mode 100644 charts/screenshots_nasdaq/SEDG/SEDG_Weekly_20260527_074037.png
 create mode 100644 charts/screenshots_nasdaq/SEDG/SEDG_Weekly_20260527_233935.png
 delete mode 100644 charts/screenshots_nasdaq/SFM/SFM_1H_20260527_082644.png
 delete mode 100644 charts/screenshots_nasdaq/SFM/SFM_4H_20260527_082644.png
 delete mode 100644 charts/screenshots_nasdaq/SFM/SFM_Daily_20260527_082644.png
 delete mode 100644 charts/screenshots_nasdaq/SFM/SFM_Monthly_20260527_082644.png
 delete mode 100644 charts/screenshots_nasdaq/SFM/SFM_Weekly_20260527_082644.png
 delete mode 100644 charts/screenshots_nasdaq/SHAK/SHAK_1H_20260527_083314.png
 delete mode 100644 charts/screenshots_nasdaq/SHAK/SHAK_4H_20260527_083314.png
 delete mode 100644 charts/screenshots_nasdaq/SHAK/SHAK_Daily_20260527_083314.png
 delete mode 100644 charts/screenshots_nasdaq/SHAK/SHAK_Monthly_20260527_083314.png
 delete mode 100644 charts/screenshots_nasdaq/SHAK/SHAK_Weekly_20260527_083314.png
 create mode 100644 charts/screenshots_nasdaq/SHLS/SHLS_1H_20260527_234014.png
 create mode 100644 charts/screenshots_nasdaq/SHLS/SHLS_4H_20260527_234014.png
 create mode 100644 charts/screenshots_nasdaq/SHLS/SHLS_Daily_20260527_234014.png
 create mode 100644 charts/screenshots_nasdaq/SHLS/SHLS_Monthly_20260527_234014.png
 create mode 100644 charts/screenshots_nasdaq/SHLS/SHLS_Weekly_20260527_234014.png
 delete mode 100644 charts/screenshots_nasdaq/SIDU/SIDU_1H_20260527_080438.png
 create mode 100644 charts/screenshots_nasdaq/SIDU/SIDU_1H_20260527_234053.png
 delete mode 100644 charts/screenshots_nasdaq/SIDU/SIDU_4H_20260527_080438.png
 create mode 100644 charts/screenshots_nasdaq/SIDU/SIDU_4H_20260527_234053.png
 delete mode 100644 charts/screenshots_nasdaq/SIDU/SIDU_Daily_20260527_080438.png
 create mode 100644 charts/screenshots_nasdaq/SIDU/SIDU_Daily_20260527_234053.png
 delete mode 100644 charts/screenshots_nasdaq/SIDU/SIDU_Monthly_20260527_080438.png
 create mode 100644 charts/screenshots_nasdaq/SIDU/SIDU_Monthly_20260527_234053.png
 delete mode 100644 charts/screenshots_nasdaq/SIDU/SIDU_Weekly_20260527_080438.png
 create mode 100644 charts/screenshots_nasdaq/SIDU/SIDU_Weekly_20260527_234053.png
 delete mode 100644 charts/screenshots_nasdaq/SIMO/SIMO_1H_20260527_075335.png
 create mode 100644 charts/screenshots_nasdaq/SIMO/SIMO_1H_20260527_231428.png
 delete mode 100644 charts/screenshots_nasdaq/SIMO/SIMO_4H_20260527_075335.png
 create mode 100644 charts/screenshots_nasdaq/SIMO/SIMO_4H_20260527_231428.png
 delete mode 100644 charts/screenshots_nasdaq/SIMO/SIMO_Daily_20260527_075335.png
 create mode 100644 charts/screenshots_nasdaq/SIMO/SIMO_Daily_20260527_231428.png
 delete mode 100644 charts/screenshots_nasdaq/SIMO/SIMO_Monthly_20260527_075335.png
 create mode 100644 charts/screenshots_nasdaq/SIMO/SIMO_Monthly_20260527_231428.png
 delete mode 100644 charts/screenshots_nasdaq/SIMO/SIMO_Weekly_20260527_075335.png
 create mode 100644 charts/screenshots_nasdaq/SIMO/SIMO_Weekly_20260527_231428.png
 create mode 100644 charts/screenshots_nasdaq/SLNH/SLNH_1H_20260527_235246.png
 create mode 100644 charts/screenshots_nasdaq/SLNH/SLNH_4H_20260527_235246.png
 create mode 100644 charts/screenshots_nasdaq/SLNH/SLNH_Daily_20260527_235246.png
 create mode 100644 charts/screenshots_nasdaq/SLNH/SLNH_Monthly_20260527_235246.png
 create mode 100644 charts/screenshots_nasdaq/SLNH/SLNH_Weekly_20260527_235246.png
 delete mode 100644 charts/screenshots_nasdaq/SMTC/SMTC_1H_20260527_081501.png
 delete mode 100644 charts/screenshots_nasdaq/SMTC/SMTC_4H_20260527_081501.png
 delete mode 100644 charts/screenshots_nasdaq/SMTC/SMTC_Daily_20260527_081501.png
 delete mode 100644 charts/screenshots_nasdaq/SMTC/SMTC_Monthly_20260527_081501.png
 delete mode 100644 charts/screenshots_nasdaq/SMTC/SMTC_Weekly_20260527_081501.png
 delete mode 100644 charts/screenshots_nasdaq/SNDK/SNDK_1H_20260527_071951.png
 create mode 100644 charts/screenshots_nasdaq/SNDK/SNDK_1H_20260527_231508.png
 delete mode 100644 charts/screenshots_nasdaq/SNDK/SNDK_4H_20260527_071951.png
 create mode 100644 charts/screenshots_nasdaq/SNDK/SNDK_4H_20260527_231508.png
 delete mode 100644 charts/screenshots_nasdaq/SNDK/SNDK_Daily_20260527_071951.png
 create mode 100644 charts/screenshots_nasdaq/SNDK/SNDK_Daily_20260527_231508.png
 delete mode 100644 charts/screenshots_nasdaq/SNDK/SNDK_Monthly_20260527_071951.png
 create mode 100644 charts/screenshots_nasdaq/SNDK/SNDK_Monthly_20260527_231508.png
 delete mode 100644 charts/screenshots_nasdaq/SNDK/SNDK_Weekly_20260527_071951.png
 create mode 100644 charts/screenshots_nasdaq/SNDK/SNDK_Weekly_20260527_231508.png
 create mode 100644 charts/screenshots_nasdaq/SRPT/SRPT_1H_20260528_001939.png
 create mode 100644 charts/screenshots_nasdaq/SRPT/SRPT_4H_20260528_001939.png
 create mode 100644 charts/screenshots_nasdaq/SRPT/SRPT_Daily_20260528_001939.png
 create mode 100644 charts/screenshots_nasdaq/SRPT/SRPT_Monthly_20260528_001939.png
 create mode 100644 charts/screenshots_nasdaq/SRPT/SRPT_Weekly_20260528_001939.png
 delete mode 100644 charts/screenshots_nasdaq/ST/ST_1H_20260527_072030.png
 create mode 100644 charts/screenshots_nasdaq/ST/ST_1H_20260527_232902.png
 delete mode 100644 charts/screenshots_nasdaq/ST/ST_4H_20260527_072030.png
 create mode 100644 charts/screenshots_nasdaq/ST/ST_4H_20260527_232902.png
 delete mode 100644 charts/screenshots_nasdaq/ST/ST_Daily_20260527_072030.png
 create mode 100644 charts/screenshots_nasdaq/ST/ST_Daily_20260527_232902.png
 delete mode 100644 charts/screenshots_nasdaq/ST/ST_Monthly_20260527_072030.png
 create mode 100644 charts/screenshots_nasdaq/ST/ST_Monthly_20260527_232902.png
 delete mode 100644 charts/screenshots_nasdaq/ST/ST_Weekly_20260527_072030.png
 create mode 100644 charts/screenshots_nasdaq/ST/ST_Weekly_20260527_232902.png
 create mode 100644 charts/screenshots_nasdaq/STLD/STLD_1H_20260527_230321.png
 create mode 100644 charts/screenshots_nasdaq/STLD/STLD_4H_20260527_230321.png
 create mode 100644 charts/screenshots_nasdaq/STLD/STLD_Daily_20260527_230321.png
 create mode 100644 charts/screenshots_nasdaq/STLD/STLD_Monthly_20260527_230321.png
 create mode 100644 charts/screenshots_nasdaq/STLD/STLD_Weekly_20260527_230321.png
 delete mode 100644 charts/screenshots_nasdaq/STM/STM_1H_20260527_075414.png
 delete mode 100644 charts/screenshots_nasdaq/STM/STM_4H_20260527_075414.png
 delete mode 100644 charts/screenshots_nasdaq/STM/STM_Daily_20260527_075414.png
 delete mode 100644 charts/screenshots_nasdaq/STM/STM_Monthly_20260527_075414.png
 delete mode 100644 charts/screenshots_nasdaq/STM/STM_Weekly_20260527_075414.png
 delete mode 100644 charts/screenshots_nasdaq/STX/STX_1H_20260527_072109.png
 create mode 100644 charts/screenshots_nasdaq/STX/STX_1H_20260527_231548.png
 delete mode 100644 charts/screenshots_nasdaq/STX/STX_4H_20260527_072109.png
 create mode 100644 charts/screenshots_nasdaq/STX/STX_4H_20260527_231548.png
 delete mode 100644 charts/screenshots_nasdaq/STX/STX_Daily_20260527_072109.png
 create mode 100644 charts/screenshots_nasdaq/STX/STX_Daily_20260527_231548.png
 delete mode 100644 charts/screenshots_nasdaq/STX/STX_Monthly_20260527_072109.png
 create mode 100644 charts/screenshots_nasdaq/STX/STX_Monthly_20260527_231548.png
 delete mode 100644 charts/screenshots_nasdaq/STX/STX_Weekly_20260527_072109.png
 create mode 100644 charts/screenshots_nasdaq/STX/STX_Weekly_20260527_231548.png
 delete mode 100644 charts/screenshots_nasdaq/SWKS/SWKS_1H_20260527_080556.png
 delete mode 100644 charts/screenshots_nasdaq/SWKS/SWKS_4H_20260527_080556.png
 delete mode 100644 charts/screenshots_nasdaq/SWKS/SWKS_Daily_20260527_080556.png
 delete mode 100644 charts/screenshots_nasdaq/SWKS/SWKS_Monthly_20260527_080556.png
 delete mode 100644 charts/screenshots_nasdaq/SWKS/SWKS_Weekly_20260527_080556.png
 delete mode 100644 charts/screenshots_nasdaq/SYNA/SYNA_1H_20260527_081543.png
 delete mode 100644 charts/screenshots_nasdaq/SYNA/SYNA_4H_20260527_081543.png
 delete mode 100644 charts/screenshots_nasdaq/SYNA/SYNA_Daily_20260527_081543.png
 delete mode 100644 charts/screenshots_nasdaq/SYNA/SYNA_Monthly_20260527_081543.png
 delete mode 100644 charts/screenshots_nasdaq/SYNA/SYNA_Weekly_20260527_081543.png
 delete mode 100644 charts/screenshots_nasdaq/TE/TE_1H_20260527_080517.png
 create mode 100644 charts/screenshots_nasdaq/TE/TE_1H_20260528_000238.png
 delete mode 100644 charts/screenshots_nasdaq/TE/TE_4H_20260527_080517.png
 create mode 100644 charts/screenshots_nasdaq/TE/TE_4H_20260528_000238.png
 delete mode 100644 charts/screenshots_nasdaq/TE/TE_Daily_20260527_080517.png
 create mode 100644 charts/screenshots_nasdaq/TE/TE_Daily_20260528_000238.png
 delete mode 100644 charts/screenshots_nasdaq/TE/TE_Monthly_20260527_080517.png
 create mode 100644 charts/screenshots_nasdaq/TE/TE_Monthly_20260528_000238.png
 delete mode 100644 charts/screenshots_nasdaq/TE/TE_Weekly_20260527_080517.png
 create mode 100644 charts/screenshots_nasdaq/TE/TE_Weekly_20260528_000238.png
 create mode 100644 charts/screenshots_nasdaq/TECK/TECK_1H_20260527_235722.png
 create mode 100644 charts/screenshots_nasdaq/TECK/TECK_4H_20260527_235722.png
 create mode 100644 charts/screenshots_nasdaq/TECK/TECK_Daily_20260527_235722.png
 create mode 100644 charts/screenshots_nasdaq/TECK/TECK_Monthly_20260527_235722.png
 create mode 100644 charts/screenshots_nasdaq/TECK/TECK_Weekly_20260527_235722.png
 delete mode 100644 charts/screenshots_nasdaq/TEM/TEM_1H_20260527_084257.png
 delete mode 100644 charts/screenshots_nasdaq/TEM/TEM_4H_20260527_084257.png
 delete mode 100644 charts/screenshots_nasdaq/TEM/TEM_Daily_20260527_084257.png
 delete mode 100644 charts/screenshots_nasdaq/TEM/TEM_Monthly_20260527_084257.png
 delete mode 100644 charts/screenshots_nasdaq/TEM/TEM_Weekly_20260527_084257.png
 delete mode 100644 charts/screenshots_nasdaq/TKR/TKR_1H_20260527_073801.png
 create mode 100644 charts/screenshots_nasdaq/TKR/TKR_1H_20260528_000911.png
 delete mode 100644 charts/screenshots_nasdaq/TKR/TKR_4H_20260527_073801.png
 create mode 100644 charts/screenshots_nasdaq/TKR/TKR_4H_20260528_000911.png
 delete mode 100644 charts/screenshots_nasdaq/TKR/TKR_Daily_20260527_073801.png
 create mode 100644 charts/screenshots_nasdaq/TKR/TKR_Daily_20260528_000911.png
 delete mode 100644 charts/screenshots_nasdaq/TKR/TKR_Monthly_20260527_073801.png
 create mode 100644 charts/screenshots_nasdaq/TKR/TKR_Monthly_20260528_000911.png
 delete mode 100644 charts/screenshots_nasdaq/TKR/TKR_Weekly_20260527_073801.png
 create mode 100644 charts/screenshots_nasdaq/TKR/TKR_Weekly_20260528_000911.png
 delete mode 100644 charts/screenshots_nasdaq/TOST/TOST_1H_20260527_083904.png
 delete mode 100644 charts/screenshots_nasdaq/TOST/TOST_4H_20260527_083904.png
 delete mode 100644 charts/screenshots_nasdaq/TOST/TOST_Daily_20260527_083904.png
 delete mode 100644 charts/screenshots_nasdaq/TOST/TOST_Monthly_20260527_083904.png
 delete mode 100644 charts/screenshots_nasdaq/TOST/TOST_Weekly_20260527_083904.png
 delete mode 100644 charts/screenshots_nasdaq/TSEM/TSEM_1H_20260527_072148.png
 create mode 100644 charts/screenshots_nasdaq/TSEM/TSEM_1H_20260527_231627.png
 delete mode 100644 charts/screenshots_nasdaq/TSEM/TSEM_4H_20260527_072148.png
 create mode 100644 charts/screenshots_nasdaq/TSEM/TSEM_4H_20260527_231627.png
 delete mode 100644 charts/screenshots_nasdaq/TSEM/TSEM_Daily_20260527_072148.png
 create mode 100644 charts/screenshots_nasdaq/TSEM/TSEM_Daily_20260527_231627.png
 delete mode 100644 charts/screenshots_nasdaq/TSEM/TSEM_Monthly_20260527_072148.png
 create mode 100644 charts/screenshots_nasdaq/TSEM/TSEM_Monthly_20260527_231627.png
 delete mode 100644 charts/screenshots_nasdaq/TSEM/TSEM_Weekly_20260527_072148.png
 create mode 100644 charts/screenshots_nasdaq/TSEM/TSEM_Weekly_20260527_231627.png
 delete mode 100644 charts/screenshots_nasdaq/TTMI/TTMI_1H_20260527_081622.png
 create mode 100644 charts/screenshots_nasdaq/TTMI/TTMI_1H_20260527_231705.png
 delete mode 100644 charts/screenshots_nasdaq/TTMI/TTMI_4H_20260527_081622.png
 create mode 100644 charts/screenshots_nasdaq/TTMI/TTMI_4H_20260527_231705.png
 delete mode 100644 charts/screenshots_nasdaq/TTMI/TTMI_Daily_20260527_081622.png
 create mode 100644 charts/screenshots_nasdaq/TTMI/TTMI_Daily_20260527_231705.png
 delete mode 100644 charts/screenshots_nasdaq/TTMI/TTMI_Monthly_20260527_081622.png
 create mode 100644 charts/screenshots_nasdaq/TTMI/TTMI_Monthly_20260527_231705.png
 delete mode 100644 charts/screenshots_nasdaq/TTMI/TTMI_Weekly_20260527_081622.png
 create mode 100644 charts/screenshots_nasdaq/TTMI/TTMI_Weekly_20260527_231705.png
 create mode 100644 charts/screenshots_nasdaq/TVTX/TVTX_1H_20260527_231830.png
 create mode 100644 charts/screenshots_nasdaq/TVTX/TVTX_4H_20260527_231830.png
 create mode 100644 charts/screenshots_nasdaq/TVTX/TVTX_Daily_20260527_231830.png
 create mode 100644 charts/screenshots_nasdaq/TVTX/TVTX_Monthly_20260527_231830.png
 create mode 100644 charts/screenshots_nasdaq/TVTX/TVTX_Weekly_20260527_231830.png
 create mode 100644 charts/screenshots_nasdaq/TXG/TXG_1H_20260527_233617.png
 create mode 100644 charts/screenshots_nasdaq/TXG/TXG_4H_20260527_233617.png
 create mode 100644 charts/screenshots_nasdaq/TXG/TXG_Daily_20260527_233617.png
 create mode 100644 charts/screenshots_nasdaq/TXG/TXG_Monthly_20260527_233617.png
 create mode 100644 charts/screenshots_nasdaq/TXG/TXG_Weekly_20260527_233617.png
 delete mode 100644 charts/screenshots_nasdaq/TXN/TXN_1H_20260527_081700.png
 create mode 100644 charts/screenshots_nasdaq/TXN/TXN_1H_20260527_231745.png
 delete mode 100644 charts/screenshots_nasdaq/TXN/TXN_4H_20260527_081700.png
 create mode 100644 charts/screenshots_nasdaq/TXN/TXN_4H_20260527_231745.png
 delete mode 100644 charts/screenshots_nasdaq/TXN/TXN_Daily_20260527_081700.png
 create mode 100644 charts/screenshots_nasdaq/TXN/TXN_Daily_20260527_231745.png
 delete mode 100644 charts/screenshots_nasdaq/TXN/TXN_Monthly_20260527_081700.png
 create mode 100644 charts/screenshots_nasdaq/TXN/TXN_Monthly_20260527_231745.png
 delete mode 100644 charts/screenshots_nasdaq/TXN/TXN_Weekly_20260527_081700.png
 create mode 100644 charts/screenshots_nasdaq/TXN/TXN_Weekly_20260527_231745.png
 create mode 100644 charts/screenshots_nasdaq/TYL/TYL_1H_20260528_003249.png
 create mode 100644 charts/screenshots_nasdaq/TYL/TYL_4H_20260528_003249.png
 create mode 100644 charts/screenshots_nasdaq/TYL/TYL_Daily_20260528_003249.png
 create mode 100644 charts/screenshots_nasdaq/TYL/TYL_Monthly_20260528_003249.png
 create mode 100644 charts/screenshots_nasdaq/TYL/TYL_Weekly_20260528_003249.png
 create mode 100644 charts/screenshots_nasdaq/UCTT/UCTT_1H_20260528_000950.png
 create mode 100644 charts/screenshots_nasdaq/UCTT/UCTT_4H_20260528_000950.png
 create mode 100644 charts/screenshots_nasdaq/UCTT/UCTT_Daily_20260528_000950.png
 create mode 100644 charts/screenshots_nasdaq/UCTT/UCTT_Monthly_20260528_000950.png
 create mode 100644 charts/screenshots_nasdaq/UCTT/UCTT_Weekly_20260528_000950.png
 delete mode 100644 charts/screenshots_nasdaq/UMC/UMC_1H_20260527_081738.png
 create mode 100644 charts/screenshots_nasdaq/UMC/UMC_1H_20260528_000754.png
 delete mode 100644 charts/screenshots_nasdaq/UMC/UMC_4H_20260527_081738.png
 create mode 100644 charts/screenshots_nasdaq/UMC/UMC_4H_20260528_000754.png
 delete mode 100644 charts/screenshots_nasdaq/UMC/UMC_Daily_20260527_081738.png
 create mode 100644 charts/screenshots_nasdaq/UMC/UMC_Daily_20260528_000754.png
 delete mode 100644 charts/screenshots_nasdaq/UMC/UMC_Monthly_20260527_081738.png
 create mode 100644 charts/screenshots_nasdaq/UMC/UMC_Monthly_20260528_000754.png
 delete mode 100644 charts/screenshots_nasdaq/UMC/UMC_Weekly_20260527_081738.png
 create mode 100644 charts/screenshots_nasdaq/UMC/UMC_Weekly_20260528_000754.png
 delete mode 100644 charts/screenshots_nasdaq/UWMC/UWMC_1H_20260527_084612.png
 create mode 100644 charts/screenshots_nasdaq/UWMC/UWMC_1H_20260528_003329.png
 delete mode 100644 charts/screenshots_nasdaq/UWMC/UWMC_4H_20260527_084612.png
 create mode 100644 charts/screenshots_nasdaq/UWMC/UWMC_4H_20260528_003329.png
 delete mode 100644 charts/screenshots_nasdaq/UWMC/UWMC_Daily_20260527_084612.png
 create mode 100644 charts/screenshots_nasdaq/UWMC/UWMC_Daily_20260528_003329.png
 delete mode 100644 charts/screenshots_nasdaq/UWMC/UWMC_Monthly_20260527_084612.png
 create mode 100644 charts/screenshots_nasdaq/UWMC/UWMC_Monthly_20260528_003329.png
 delete mode 100644 charts/screenshots_nasdaq/UWMC/UWMC_Weekly_20260527_084612.png
 create mode 100644 charts/screenshots_nasdaq/UWMC/UWMC_Weekly_20260528_003329.png
 delete mode 100644 charts/screenshots_nasdaq/VECO/VECO_1H_20260527_080044.png
 delete mode 100644 charts/screenshots_nasdaq/VECO/VECO_4H_20260527_080044.png
 delete mode 100644 charts/screenshots_nasdaq/VECO/VECO_Daily_20260527_080044.png
 delete mode 100644 charts/screenshots_nasdaq/VECO/VECO_Monthly_20260527_080044.png
 delete mode 100644 charts/screenshots_nasdaq/VECO/VECO_Weekly_20260527_080044.png
 delete mode 100644 charts/screenshots_nasdaq/VELO/VELO_1H_20260527_081817.png
 create mode 100644 charts/screenshots_nasdaq/VELO/VELO_1H_20260528_001543.png
 delete mode 100644 charts/screenshots_nasdaq/VELO/VELO_4H_20260527_081817.png
 create mode 100644 charts/screenshots_nasdaq/VELO/VELO_4H_20260528_001543.png
 delete mode 100644 charts/screenshots_nasdaq/VELO/VELO_Daily_20260527_081817.png
 create mode 100644 charts/screenshots_nasdaq/VELO/VELO_Daily_20260528_001543.png
 delete mode 100644 charts/screenshots_nasdaq/VELO/VELO_Monthly_20260527_081817.png
 create mode 100644 charts/screenshots_nasdaq/VELO/VELO_Monthly_20260528_001543.png
 delete mode 100644 charts/screenshots_nasdaq/VELO/VELO_Weekly_20260527_081817.png
 create mode 100644 charts/screenshots_nasdaq/VELO/VELO_Weekly_20260528_001543.png
 delete mode 100644 charts/screenshots_nasdaq/VIAV/VIAV_1H_20260527_075531.png
 create mode 100644 charts/screenshots_nasdaq/VIAV/VIAV_1H_20260527_235325.png
 delete mode 100644 charts/screenshots_nasdaq/VIAV/VIAV_4H_20260527_075531.png
 create mode 100644 charts/screenshots_nasdaq/VIAV/VIAV_4H_20260527_235325.png
 delete mode 100644 charts/screenshots_nasdaq/VIAV/VIAV_Daily_20260527_075531.png
 create mode 100644 charts/screenshots_nasdaq/VIAV/VIAV_Daily_20260527_235325.png
 delete mode 100644 charts/screenshots_nasdaq/VIAV/VIAV_Monthly_20260527_075531.png
 create mode 100644 charts/screenshots_nasdaq/VIAV/VIAV_Monthly_20260527_235325.png
 delete mode 100644 charts/screenshots_nasdaq/VIAV/VIAV_Weekly_20260527_075531.png
 create mode 100644 charts/screenshots_nasdaq/VIAV/VIAV_Weekly_20260527_235325.png
 delete mode 100644 charts/screenshots_nasdaq/VICR/VICR_1H_20260527_082841.png
 create mode 100644 charts/screenshots_nasdaq/VICR/VICR_1H_20260527_235603.png
 delete mode 100644 charts/screenshots_nasdaq/VICR/VICR_4H_20260527_082841.png
 create mode 100644 charts/screenshots_nasdaq/VICR/VICR_4H_20260527_235603.png
 delete mode 100644 charts/screenshots_nasdaq/VICR/VICR_Daily_20260527_082841.png
 create mode 100644 charts/screenshots_nasdaq/VICR/VICR_Daily_20260527_235603.png
 delete mode 100644 charts/screenshots_nasdaq/VICR/VICR_Monthly_20260527_082841.png
 create mode 100644 charts/screenshots_nasdaq/VICR/VICR_Monthly_20260527_235603.png
 delete mode 100644 charts/screenshots_nasdaq/VICR/VICR_Weekly_20260527_082841.png
 create mode 100644 charts/screenshots_nasdaq/VICR/VICR_Weekly_20260527_235603.png
 create mode 100644 charts/screenshots_nasdaq/VIK/VIK_1H_20260527_232425.png
 create mode 100644 charts/screenshots_nasdaq/VIK/VIK_4H_20260527_232425.png
 create mode 100644 charts/screenshots_nasdaq/VIK/VIK_Daily_20260527_232425.png
 create mode 100644 charts/screenshots_nasdaq/VIK/VIK_Monthly_20260527_232425.png
 create mode 100644 charts/screenshots_nasdaq/VIK/VIK_Weekly_20260527_232425.png
 delete mode 100644 charts/screenshots_nasdaq/VISN/VISN_1H_20260527_070651.png
 create mode 100644 charts/screenshots_nasdaq/VISN/VISN_1H_20260527_230637.png
 delete mode 100644 charts/screenshots_nasdaq/VISN/VISN_4H_20260527_070651.png
 create mode 100644 charts/screenshots_nasdaq/VISN/VISN_4H_20260527_230637.png
 delete mode 100644 charts/screenshots_nasdaq/VISN/VISN_Daily_20260527_070651.png
 create mode 100644 charts/screenshots_nasdaq/VISN/VISN_Daily_20260527_230637.png
 delete mode 100644 charts/screenshots_nasdaq/VISN/VISN_Monthly_20260527_070651.png
 create mode 100644 charts/screenshots_nasdaq/VISN/VISN_Monthly_20260527_230637.png
 delete mode 100644 charts/screenshots_nasdaq/VISN/VISN_Weekly_20260527_070651.png
 create mode 100644 charts/screenshots_nasdaq/VISN/VISN_Weekly_20260527_230637.png
 create mode 100644 charts/screenshots_nasdaq/VPG/VPG_1H_20260527_235206.png
 create mode 100644 charts/screenshots_nasdaq/VPG/VPG_4H_20260527_235206.png
 create mode 100644 charts/screenshots_nasdaq/VPG/VPG_Daily_20260527_235206.png
 create mode 100644 charts/screenshots_nasdaq/VPG/VPG_Monthly_20260527_235206.png
 create mode 100644 charts/screenshots_nasdaq/VPG/VPG_Weekly_20260527_235206.png
 delete mode 100644 charts/screenshots_nasdaq/VSAT/VSAT_1H_20260527_072502.png
 create mode 100644 charts/screenshots_nasdaq/VSAT/VSAT_1H_20260527_234133.png
 delete mode 100644 charts/screenshots_nasdaq/VSAT/VSAT_4H_20260527_072502.png
 create mode 100644 charts/screenshots_nasdaq/VSAT/VSAT_4H_20260527_234133.png
 delete mode 100644 charts/screenshots_nasdaq/VSAT/VSAT_Daily_20260527_072502.png
 create mode 100644 charts/screenshots_nasdaq/VSAT/VSAT_Daily_20260527_234133.png
 delete mode 100644 charts/screenshots_nasdaq/VSAT/VSAT_Monthly_20260527_072502.png
 create mode 100644 charts/screenshots_nasdaq/VSAT/VSAT_Monthly_20260527_234133.png
 delete mode 100644 charts/screenshots_nasdaq/VSAT/VSAT_Weekly_20260527_072502.png
 create mode 100644 charts/screenshots_nasdaq/VSAT/VSAT_Weekly_20260527_234133.png
 delete mode 100644 charts/screenshots_nasdaq/VSH/VSH_1H_20260527_080714.png
 create mode 100644 charts/screenshots_nasdaq/VSH/VSH_1H_20260528_001504.png
 delete mode 100644 charts/screenshots_nasdaq/VSH/VSH_4H_20260527_080714.png
 create mode 100644 charts/screenshots_nasdaq/VSH/VSH_4H_20260528_001504.png
 delete mode 100644 charts/screenshots_nasdaq/VSH/VSH_Daily_20260527_080714.png
 create mode 100644 charts/screenshots_nasdaq/VSH/VSH_Daily_20260528_001504.png
 delete mode 100644 charts/screenshots_nasdaq/VSH/VSH_Monthly_20260527_080714.png
 create mode 100644 charts/screenshots_nasdaq/VSH/VSH_Monthly_20260528_001504.png
 delete mode 100644 charts/screenshots_nasdaq/VSH/VSH_Weekly_20260527_080714.png
 create mode 100644 charts/screenshots_nasdaq/VSH/VSH_Weekly_20260528_001504.png
 delete mode 100644 charts/screenshots_nasdaq/WCC/WCC_1H_20260527_073447.png
 create mode 100644 charts/screenshots_nasdaq/WCC/WCC_1H_20260527_232941.png
 delete mode 100644 charts/screenshots_nasdaq/WCC/WCC_4H_20260527_073447.png
 create mode 100644 charts/screenshots_nasdaq/WCC/WCC_4H_20260527_232941.png
 delete mode 100644 charts/screenshots_nasdaq/WCC/WCC_Daily_20260527_073447.png
 create mode 100644 charts/screenshots_nasdaq/WCC/WCC_Daily_20260527_232941.png
 delete mode 100644 charts/screenshots_nasdaq/WCC/WCC_Monthly_20260527_073447.png
 create mode 100644 charts/screenshots_nasdaq/WCC/WCC_Monthly_20260527_232941.png
 delete mode 100644 charts/screenshots_nasdaq/WCC/WCC_Weekly_20260527_073447.png
 create mode 100644 charts/screenshots_nasdaq/WCC/WCC_Weekly_20260527_232941.png
 delete mode 100644 charts/screenshots_nasdaq/WDC/WDC_1H_20260527_072227.png
 create mode 100644 charts/screenshots_nasdaq/WDC/WDC_1H_20260527_233656.png
 delete mode 100644 charts/screenshots_nasdaq/WDC/WDC_4H_20260527_072227.png
 create mode 100644 charts/screenshots_nasdaq/WDC/WDC_4H_20260527_233656.png
 delete mode 100644 charts/screenshots_nasdaq/WDC/WDC_Daily_20260527_072227.png
 create mode 100644 charts/screenshots_nasdaq/WDC/WDC_Daily_20260527_233656.png
 delete mode 100644 charts/screenshots_nasdaq/WDC/WDC_Monthly_20260527_072227.png
 create mode 100644 charts/screenshots_nasdaq/WDC/WDC_Monthly_20260527_233656.png
 delete mode 100644 charts/screenshots_nasdaq/WDC/WDC_Weekly_20260527_072227.png
 create mode 100644 charts/screenshots_nasdaq/WDC/WDC_Weekly_20260527_233656.png
 delete mode 100644 charts/screenshots_nasdaq/WHR/WHR_1H_20260527_083943.png
 delete mode 100644 charts/screenshots_nasdaq/WHR/WHR_4H_20260527_083943.png
 delete mode 100644 charts/screenshots_nasdaq/WHR/WHR_Daily_20260527_083943.png
 delete mode 100644 charts/screenshots_nasdaq/WHR/WHR_Monthly_20260527_083943.png
 delete mode 100644 charts/screenshots_nasdaq/WHR/WHR_Weekly_20260527_083943.png
 delete mode 100644 charts/screenshots_nasdaq/WIX/WIX_1H_20260527_084218.png
 create mode 100644 charts/screenshots_nasdaq/WIX/WIX_1H_20260528_003408.png
 delete mode 100644 charts/screenshots_nasdaq/WIX/WIX_4H_20260527_084218.png
 create mode 100644 charts/screenshots_nasdaq/WIX/WIX_4H_20260528_003408.png
 delete mode 100644 charts/screenshots_nasdaq/WIX/WIX_Daily_20260527_084218.png
 create mode 100644 charts/screenshots_nasdaq/WIX/WIX_Daily_20260528_003408.png
 delete mode 100644 charts/screenshots_nasdaq/WIX/WIX_Monthly_20260527_084218.png
 create mode 100644 charts/screenshots_nasdaq/WIX/WIX_Monthly_20260528_003408.png
 delete mode 100644 charts/screenshots_nasdaq/WIX/WIX_Weekly_20260527_084218.png
 create mode 100644 charts/screenshots_nasdaq/WIX/WIX_Weekly_20260528_003408.png
 delete mode 100644 charts/screenshots_nasdaq/WMG/WMG_1H_20260527_070258.png
 delete mode 100644 charts/screenshots_nasdaq/WMG/WMG_4H_20260527_070258.png
 delete mode 100644 charts/screenshots_nasdaq/WMG/WMG_Daily_20260527_070258.png
 delete mode 100644 charts/screenshots_nasdaq/WMG/WMG_Monthly_20260527_070258.png
 delete mode 100644 charts/screenshots_nasdaq/WMG/WMG_Weekly_20260527_070258.png
 delete mode 100644 charts/screenshots_nasdaq/WULF/WULF_1H_20260527_072935.png
 create mode 100644 charts/screenshots_nasdaq/WULF/WULF_1H_20260528_000041.png
 delete mode 100644 charts/screenshots_nasdaq/WULF/WULF_4H_20260527_072935.png
 create mode 100644 charts/screenshots_nasdaq/WULF/WULF_4H_20260528_000041.png
 delete mode 100644 charts/screenshots_nasdaq/WULF/WULF_Daily_20260527_072935.png
 create mode 100644 charts/screenshots_nasdaq/WULF/WULF_Daily_20260528_000041.png
 delete mode 100644 charts/screenshots_nasdaq/WULF/WULF_Monthly_20260527_072935.png
 create mode 100644 charts/screenshots_nasdaq/WULF/WULF_Monthly_20260528_000041.png
 delete mode 100644 charts/screenshots_nasdaq/WULF/WULF_Weekly_20260527_072935.png
 create mode 100644 charts/screenshots_nasdaq/WULF/WULF_Weekly_20260528_000041.png
 delete mode 100644 charts/screenshots_nasdaq/XMTR/XMTR_1H_20260527_074705.png
 create mode 100644 charts/screenshots_nasdaq/XMTR/XMTR_1H_20260527_234412.png
 delete mode 100644 charts/screenshots_nasdaq/XMTR/XMTR_4H_20260527_074705.png
 create mode 100644 charts/screenshots_nasdaq/XMTR/XMTR_4H_20260527_234412.png
 delete mode 100644 charts/screenshots_nasdaq/XMTR/XMTR_Daily_20260527_074705.png
 create mode 100644 charts/screenshots_nasdaq/XMTR/XMTR_Daily_20260527_234412.png
 delete mode 100644 charts/screenshots_nasdaq/XMTR/XMTR_Monthly_20260527_074705.png
 create mode 100644 charts/screenshots_nasdaq/XMTR/XMTR_Monthly_20260527_234412.png
 delete mode 100644 charts/screenshots_nasdaq/XMTR/XMTR_Weekly_20260527_074705.png
 create mode 100644 charts/screenshots_nasdaq/XMTR/XMTR_Weekly_20260527_234412.png
 delete mode 100644 charts/screenshots_nasdaq/YOU/YOU_1H_20260527_072306.png
 delete mode 100644 charts/screenshots_nasdaq/YOU/YOU_4H_20260527_072306.png
 delete mode 100644 charts/screenshots_nasdaq/YOU/YOU_Daily_20260527_072306.png
 delete mode 100644 charts/screenshots_nasdaq/YOU/YOU_Monthly_20260527_072306.png
 delete mode 100644 charts/screenshots_nasdaq/YOU/YOU_Weekly_20260527_072306.png
 create mode 100644 charts/screenshots_nasdaq/YPF/YPF_1H_20260527_233100.png
 create mode 100644 charts/screenshots_nasdaq/YPF/YPF_4H_20260527_233100.png
 create mode 100644 charts/screenshots_nasdaq/YPF/YPF_Daily_20260527_233100.png
 create mode 100644 charts/screenshots_nasdaq/YPF/YPF_Monthly_20260527_233100.png
 create mode 100644 charts/screenshots_nasdaq/YPF/YPF_Weekly_20260527_233100.png
 create mode 100644 charts/screenshots_nasdaq/Z/Z_1H_20260528_002415.png
 create mode 100644 charts/screenshots_nasdaq/Z/Z_4H_20260528_002415.png
 create mode 100644 charts/screenshots_nasdaq/Z/Z_Daily_20260528_002415.png
 create mode 100644 charts/screenshots_nasdaq/Z/Z_Monthly_20260528_002415.png
 create mode 100644 charts/screenshots_nasdaq/Z/Z_Weekly_20260528_002415.png
 delete mode 100644 charts/screenshots_nasdaq/ZTS/ZTS_1H_20260527_083353.png
 create mode 100644 charts/screenshots_nasdaq/ZTS/ZTS_1H_20260528_002654.png
 delete mode 100644 charts/screenshots_nasdaq/ZTS/ZTS_4H_20260527_083353.png
 create mode 100644 charts/screenshots_nasdaq/ZTS/ZTS_4H_20260528_002654.png
 delete mode 100644 charts/screenshots_nasdaq/ZTS/ZTS_Daily_20260527_083353.png
 create mode 100644 charts/screenshots_nasdaq/ZTS/ZTS_Daily_20260528_002654.png
 delete mode 100644 charts/screenshots_nasdaq/ZTS/ZTS_Monthly_20260527_083353.png
 create mode 100644 charts/screenshots_nasdaq/ZTS/ZTS_Monthly_20260528_002654.png
 delete mode 100644 charts/screenshots_nasdaq/ZTS/ZTS_Weekly_20260527_083353.png
 create mode 100644 charts/screenshots_nasdaq/ZTS/ZTS_Weekly_20260528_002654.png
[[NASDAQ/NYSE 차트분석]] GitHub 푸시 완료
[[NASDAQ/NYSE 차트분석]] Google Sheets 업데이트 완료 (156개 종목)
[Paper Trading] NASDAQ ranked_df 스냅샷 저장 완료 (234개 종목)

[요약] 전 종목 스캔 완료 – 총 8519.8초 (142.00분) 소요
