============================================================
[1단계] 전 종목 리스트 수집 및 기본 필터링
============================================================
[ticker_fetcher] 나스닥 FTP 서버에서 종목 리스트 다운로드 중...
[ticker_fetcher] 총 7394개 종목 로드 → 비표준 심볼 1183개 제거 → 6211개 보통주
[ticker_fetcher] 1단계 필터링 배치 1/42 (150개 종목)...
[ticker_fetcher] 1단계 필터링 배치 2/42 (150개 종목)...
[ticker_fetcher] 1단계 필터링 배치 3/42 (150개 종목)...
[ticker_fetcher] 1단계 필터링 배치 4/42 (150개 종목)...
[ticker_fetcher] 1단계 필터링 배치 5/42 (150개 종목)...
[ticker_fetcher] 1단계 필터링 배치 6/42 (150개 종목)...
[ticker_fetcher] 1단계 필터링 배치 7/42 (150개 종목)...
[ticker_fetcher] 1단계 필터링 배치 8/42 (150개 종목)...
[ticker_fetcher] 1단계 필터링 배치 9/42 (150개 종목)...
[ticker_fetcher] 1단계 필터링 배치 10/42 (150개 종목)...
[ticker_fetcher] 1단계 필터링 배치 11/42 (150개 종목)...
[ticker_fetcher] 1단계 필터링 배치 12/42 (150개 종목)...
[ticker_fetcher] 1단계 필터링 배치 13/42 (150개 종목)...
[ticker_fetcher] 1단계 필터링 배치 14/42 (150개 종목)...
[ticker_fetcher] 1단계 필터링 배치 15/42 (150개 종목)...
[ticker_fetcher] 1단계 필터링 배치 16/42 (150개 종목)...
[ticker_fetcher] 1단계 필터링 배치 17/42 (150개 종목)...
[ticker_fetcher] 1단계 필터링 배치 18/42 (150개 종목)...
[ticker_fetcher] 1단계 필터링 배치 19/42 (150개 종목)...
[ticker_fetcher] 1단계 필터링 배치 20/42 (150개 종목)...
[ticker_fetcher] 1단계 필터링 배치 21/42 (150개 종목)...
[ticker_fetcher] 1단계 필터링 배치 22/42 (150개 종목)...
[ticker_fetcher] 1단계 필터링 배치 23/42 (150개 종목)...
[ticker_fetcher] 1단계 필터링 배치 24/42 (150개 종목)...
[ticker_fetcher] 1단계 필터링 배치 25/42 (150개 종목)...
[ticker_fetcher] 1단계 필터링 배치 26/42 (150개 종목)...
[ticker_fetcher] 1단계 필터링 배치 27/42 (150개 종목)...
[ticker_fetcher] 1단계 필터링 배치 28/42 (150개 종목)...
[ticker_fetcher] 1단계 필터링 배치 29/42 (150개 종목)...
[ticker_fetcher] 1단계 필터링 배치 30/42 (150개 종목)...
[ticker_fetcher] 1단계 필터링 배치 31/42 (150개 종목)...
[ticker_fetcher] 1단계 필터링 배치 32/42 (150개 종목)...
[ticker_fetcher] 1단계 필터링 배치 33/42 (150개 종목)...
[ticker_fetcher] 1단계 필터링 배치 34/42 (150개 종목)...
[ticker_fetcher] 1단계 필터링 배치 35/42 (150개 종목)...
[ticker_fetcher] 1단계 필터링 배치 36/42 (150개 종목)...
[ticker_fetcher] 1단계 필터링 배치 37/42 (150개 종목)...
[ticker_fetcher] 1단계 필터링 배치 38/42 (150개 종목)...
[ticker_fetcher] 1단계 필터링 배치 39/42 (150개 종목)...
[ticker_fetcher] 1단계 필터링 배치 40/42 (150개 종목)...
[ticker_fetcher] 1단계 필터링 배치 41/42 (150개 종목)...
[ticker_fetcher] 1단계 필터링 배치 42/42 (61개 종목)...
[ticker_fetcher] 1단계 필터링 완료: 6211개 → 4120개 (가격 ≥ $1.0, 평균 거래량 ≥ 100,000)

============================================================
[2단계] 바닥 탈출 / 강세 돌파 후보 선별
============================================================
[2단계] 배치 1/28 (150개 종목 분석 중)...
[2단계] 배치 2/28 (150개 종목 분석 중)...
[2단계] 배치 3/28 (150개 종목 분석 중)...
[2단계] 배치 4/28 (150개 종목 분석 중)...
[2단계] 배치 5/28 (150개 종목 분석 중)...
[2단계] 배치 6/28 (150개 종목 분석 중)...
[2단계] 배치 7/28 (150개 종목 분석 중)...
[2단계] 배치 8/28 (150개 종목 분석 중)...
[2단계] 배치 9/28 (150개 종목 분석 중)...
[2단계] 배치 10/28 (150개 종목 분석 중)...
[2단계] 배치 11/28 (150개 종목 분석 중)...
[2단계] 배치 12/28 (150개 종목 분석 중)...
[2단계] 배치 13/28 (150개 종목 분석 중)...
[2단계] 배치 14/28 (150개 종목 분석 중)...
[2단계] 배치 15/28 (150개 종목 분석 중)...
[2단계] 배치 16/28 (150개 종목 분석 중)...
[2단계] 배치 17/28 (150개 종목 분석 중)...
[2단계] 배치 18/28 (150개 종목 분석 중)...
[2단계] 배치 19/28 (150개 종목 분석 중)...
[2단계] 배치 20/28 (150개 종목 분석 중)...
[2단계] 배치 21/28 (150개 종목 분석 중)...
[2단계] 배치 22/28 (150개 종목 분석 중)...
[2단계] 배치 23/28 (150개 종목 분석 중)...
[2단계] 배치 24/28 (150개 종목 분석 중)...
[2단계] 배치 25/28 (150개 종목 분석 중)...
[2단계] 배치 26/28 (150개 종목 분석 중)...
[2단계] 배치 27/28 (150개 종목 분석 중)...
[2단계] 배치 28/28 (70개 종목 분석 중)...
[2단계] 필터링 완료: 4120개 → 935개 후보 선별

============================================================
[3단계] 935개 후보 종목 정밀 분석
============================================================
[OHLCV] 배치 다운로드 1/7 (150개 종목, period=5y)...
[OHLCV] 배치 다운로드 2/7 (150개 종목, period=5y)...
[OHLCV] 배치 다운로드 3/7 (150개 종목, period=5y)...
[OHLCV] 배치 다운로드 4/7 (150개 종목, period=5y)...
[OHLCV] 배치 다운로드 5/7 (150개 종목, period=5y)...
[OHLCV] 배치 다운로드 6/7 (150개 종목, period=5y)...
[OHLCV] 배치 다운로드 7/7 (35개 종목, period=5y)...
[DataValidator] 603건의 데이터 품질 경고 발생
Warning:  AAOI: 비정상 가격 변동 67.1% (2023-08-04) — 스플릿/데이터 오류 가능
Warning:  AARD: Close NaN 비율 76.4% (기준: 30%)
Warning:  AARD: 비정상 가격 변동 56.2% (2026-03-02) — 스플릿/데이터 오류 가능
Warning:  ABAT: 비정상 가격 변동 60.4% (2024-12-23) — 스플릿/데이터 오류 가능
Warning:  ABTC: 비정상 가격 변동 173.1% (2025-05-12) — 스플릿/데이터 오류 가능
Warning:  ABVC: 비정상 가격 변동 137.4% (2021-11-01) — 스플릿/데이터 오류 가능
Warning:  ACTU: Close NaN 비율 66.4% (기준: 30%)
Warning:  ACXP: 비정상 가격 변동 167.4% (2025-06-17) — 스플릿/데이터 오류 가능
Warning:  ADVB: Close NaN 비율 77.5% (기준: 30%)
Warning:  AEHR: 비정상 가격 변동 87.9% (2021-07-19) — 스플릿/데이터 오류 가능
Warning:  AGCC: Close NaN 비율 90.2% (기준: 30%)
Warning:  AGH: Close NaN 비율 76.4% (기준: 30%)
Warning:  AGH: 비정상 가격 변동 207.6% (2025-07-23) — 스플릿/데이터 오류 가능
Warning:  AGIG: 비정상 가격 변동 494.7% (2022-03-07) — 스플릿/데이터 오류 가능
Warning:  AGL: 비정상 가격 변동 51.5% (2025-08-05) — 스플릿/데이터 오류 가능
Warning:  AGPU: 비정상 가격 변동 119.8% (2026-04-01) — 스플릿/데이터 오류 가능
Warning:  AHMA: Close NaN 비율 90.1% (기준: 30%)
Warning:  AHMA: 비정상 가격 변동 198.1% (2025-12-01) — 스플릿/데이터 오류 가능
Warning:  AIRJ: 비정상 가격 변동 181.4% (2024-03-11) — 스플릿/데이터 오류 가능
Warning:  AIRO: Close NaN 비율 83.0% (기준: 30%)
Warning:  AIRS: 비정상 가격 변동 51.6% (2026-03-16) — 스플릿/데이터 오류 가능
Warning:  AISP: 비정상 가격 변동 200.0% (2024-03-05) — 스플릿/데이터 오류 가능
Warning:  AKAN: 비정상 가격 변동 74.6% (2022-05-09) — 스플릿/데이터 오류 가능
Warning:  AKBA: 비정상 가격 변동 66.0% (2022-03-30) — 스플릿/데이터 오류 가능
Warning:  ALDX: 비정상 가격 변동 73.3% (2025-04-03) — 스플릿/데이터 오류 가능
Warning:  ALGS: 비정상 가격 변동 56.7% (2022-01-06) — 스플릿/데이터 오류 가능
Warning:  ALOY: 비정상 가격 변동 226.6% (2025-01-22) — 스플릿/데이터 오류 가능
Warning:  ALT: 비정상 가격 변동 54.7% (2023-03-21) — 스플릿/데이터 오류 가능
Warning:  ALTO: 비정상 가격 변동 60.8% (2023-11-07) — 스플릿/데이터 오류 가능
Warning:  ALZN: 비정상 가격 변동 186.8% (2024-08-19) — 스플릿/데이터 오류 가능
Warning:  AMC: 비정상 가격 변동 95.2% (2021-06-02) — 스플릿/데이터 오류 가능
Warning:  AMPG: 비정상 가격 변동 94.6% (2024-12-11) — 스플릿/데이터 오류 가능
Warning:  AMS: 비정상 가격 변동 55.2% (2021-05-03) — 스플릿/데이터 오류 가능
Warning:  ANGX: Close NaN 비율 87.9% (기준: 30%)
Warning:  ANL: Close NaN 비율 49.0% (기준: 30%)
Warning:  ANL: 비정상 가격 변동 88.2% (2026-01-29) — 스플릿/데이터 오류 가능
Warning:  ANNA: 비정상 가격 변동 86.5% (2026-03-20) — 스플릿/데이터 오류 가능
Warning:  ANRO: Close NaN 비율 55.9% (기준: 30%)
Warning:  ANRO: 비정상 가격 변동 80.9% (2025-10-20) — 스플릿/데이터 오류 가능
Warning:  ANVS: 비정상 가격 변동 127.3% (2021-05-21) — 스플릿/데이터 오류 가능
Warning:  ANY: 비정상 가격 변동 62.6% (2023-12-05) — 스플릿/데이터 오류 가능
Warning:  AP: 비정상 가격 변동 61.8% (2024-07-10) — 스플릿/데이터 오류 가능
Warning:  APLS: 비정상 가격 변동 135.4% (2026-03-31) — 스플릿/데이터 오류 가능
Warning:  ARCT: 비정상 가격 변동 68.1% (2021-08-03) — 스플릿/데이터 오류 가능
Warning:  AREC: 비정상 가격 변동 83.5% (2025-04-16) — 스플릿/데이터 오류 가능
Warning:  ARM: Close NaN 비율 48.2% (기준: 30%)
Warning:  ARQQ: 비정상 가격 변동 56.9% (2025-03-17) — 스플릿/데이터 오류 가능
Warning:  ARTL: 비정상 가격 변동 230.4% (2026-03-27) — 스플릿/데이터 오류 가능
Warning:  ARTV: Close NaN 비율 65.0% (기준: 30%)
Warning:  ARTV: 비정상 가격 변동 117.0% (2025-10-17) — 스플릿/데이터 오류 가능
Warning:  ARX: Close NaN 비율 85.2% (기준: 30%)
Warning:  ASPI: Close NaN 비율 31.4% (기준: 30%)
Warning:  ASPN: 비정상 가격 변동 56.7% (2024-05-02) — 스플릿/데이터 오류 가능
Warning:  ASST: Close NaN 비율 36.0% (기준: 30%)
Warning:  ASST: 비정상 가격 변동 455.7% (2025-05-07) — 스플릿/데이터 오류 가능
Warning:  ATPC: Close NaN 비율 47.9% (기준: 30%)
Warning:  ATPC: 비정상 가격 변동 164.7% (2025-12-11) — 스플릿/데이터 오류 가능
Warning:  ATXG: 비정상 가격 변동 8653.9% (2022-08-31) — 스플릿/데이터 오류 가능
Warning:  AUGO: Close NaN 비율 84.7% (기준: 30%)
Warning:  AUID: 비정상 가격 변동 72.2% (2026-01-15) — 스플릿/데이터 오류 가능
Warning:  AVBP: Close NaN 비율 55.5% (기준: 30%)
Warning:  AVNS: 비정상 가격 변동 69.5% (2026-04-14) — 스플릿/데이터 오류 가능
Warning:  AXSM: 비정상 가격 변동 51.4% (2022-06-27) — 스플릿/데이터 오류 가능
Warning:  AXTI: 비정상 가격 변동 69.3% (2024-02-23) — 스플릿/데이터 오류 가능
Warning:  AZI: Close NaN 비율 67.3% (기준: 30%)
Warning:  AZI: 비정상 가격 변동 146.2% (2026-03-09) — 스플릿/데이터 오류 가능
Warning:  BAND: 비정상 가격 변동 51.8% (2024-02-28) — 스플릿/데이터 오류 가능
Warning:  BATL: 비정상 가격 변동 211.7% (2026-01-26) — 스플릿/데이터 오류 가능
Warning:  BBAI: 비정상 가격 변동 260.5% (2023-01-12) — 스플릿/데이터 오류 가능
Warning:  BBNX: Close NaN 비율 75.6% (기준: 30%)
Warning:  BCAX: Close NaN 비율 68.2% (기준: 30%)
Warning:  BCTX: 비정상 가격 변동 1494.6% (2025-01-29) — 스플릿/데이터 오류 가능
Warning:  BDMD: 비정상 가격 변동 623.8% (2024-12-31) — 스플릿/데이터 오류 가능
Warning:  BDRX: 비정상 가격 변동 88.6% (2024-03-28) — 스플릿/데이터 오류 가능
Warning:  BE: 비정상 가격 변동 59.2% (2024-11-15) — 스플릿/데이터 오류 가능
Warning:  BENF: 비정상 가격 변동 255.2% (2024-05-03) — 스플릿/데이터 오류 가능
Warning:  BFLY: 비정상 가격 변동 50.6% (2026-02-26) — 스플릿/데이터 오류 가능
Warning:  BGL: Close NaN 비율 83.7% (기준: 30%)
Warning:  BGL: 비정상 가격 변동 210.8% (2025-06-27) — 스플릿/데이터 오류 가능
Warning:  BGMS: 비정상 가격 변동 272.5% (2025-07-15) — 스플릿/데이터 오류 가능
Warning:  BIAF: 비정상 가격 변동 319.2% (2025-04-01) — 스플릿/데이터 오류 가능
Warning:  BKKT: 비정상 가격 변동 234.4% (2021-10-25) — 스플릿/데이터 오류 가능
Warning:  BKSY: 비정상 가격 변동 97.5% (2022-05-25) — 스플릿/데이터 오류 가능
Warning:  BMNR: Close NaN 비율 82.6% (기준: 30%)
Warning:  BMNR: 비정상 가격 변동 694.8% (2025-06-30) — 스플릿/데이터 오류 가능
Warning:  BNC: 비정상 가격 변동 548.8% (2025-07-28) — 스플릿/데이터 오류 가능
Warning:  BOXL: 비정상 가격 변동 265.2% (2025-01-06) — 스플릿/데이터 오류 가능
Warning:  BRR: Close NaN 비율 82.7% (기준: 30%)
Warning:  BTAI: 비정상 가격 변동 85.4% (2025-08-04) — 스플릿/데이터 오류 가능
Warning:  BTBT: 비정상 가격 변동 109.7% (2021-07-26) — 스플릿/데이터 오류 가능
Warning:  BTCS: 비정상 가격 변동 111.1% (2025-07-08) — 스플릿/데이터 오류 가능
Warning:  BTCT: 비정상 가격 변동 316.7% (2024-11-12) — 스플릿/데이터 오류 가능
Warning:  BTM: 비정상 가격 변동 54.0% (2024-11-11) — 스플릿/데이터 오류 가능
Warning:  BTOG: 비정상 가격 변동 121.4% (2025-03-07) — 스플릿/데이터 오류 가능
Warning:  BTQ: Close NaN 비율 88.8% (기준: 30%)
Warning:  BTQ: 비정상 가격 변동 51.5% (2025-10-07) — 스플릿/데이터 오류 가능
Warning:  BULL: 비정상 가격 변동 374.7% (2025-04-14) — 스플릿/데이터 오류 가능
Warning:  BUR: 비정상 가격 변동 53.2% (2023-03-31) — 스플릿/데이터 오류 가능
Warning:  BYND: 비정상 가격 변동 146.3% (2025-10-21) — 스플릿/데이터 오류 가능
Warning:  BZAI: 비정상 가격 변동 58.7% (2025-07-18) — 스플릿/데이터 오류 가능
Warning:  CADL: 비정상 가격 변동 281.0% (2024-04-04) — 스플릿/데이터 오류 가능
Warning:  CAR: 비정상 가격 변동 108.3% (2021-11-02) — 스플릿/데이터 오류 가능
Warning:  CBUS: 비정상 가격 변동 89.8% (2023-01-17) — 스플릿/데이터 오류 가능
Warning:  CD: 비정상 가격 변동 81.4% (2024-11-11) — 스플릿/데이터 오류 가능
Warning:  CDIO: 비정상 가격 변동 158.4% (2023-02-28) — 스플릿/데이터 오류 가능
Warning:  CDLX: 비정상 가격 변동 92.7% (2025-09-18) — 스플릿/데이터 오류 가능
Warning:  CDT: 비정상 가격 변동 83.9% (2025-02-07) — 스플릿/데이터 오류 가능
Warning:  CETX: 비정상 가격 변동 129.6% (2025-12-08) — 스플릿/데이터 오류 가능
Warning:  CGEN: 비정상 가격 변동 174.0% (2023-12-19) — 스플릿/데이터 오류 가능
Warning:  CGTX: 비정상 가격 변동 62.2% (2022-08-04) — 스플릿/데이터 오류 가능
Warning:  CHA: Close NaN 비율 79.9% (기준: 30%)
Warning:  CHAI: 비정상 가격 변동 101.2% (2025-05-20) — 스플릿/데이터 오류 가능
Warning:  CHSN: Close NaN 비율 39.0% (기준: 30%)
Warning:  CHSN: 비정상 가격 변동 387.2% (2024-10-04) — 스플릿/데이터 오류 가능
Warning:  CIIT: 비정상 가격 변동 132.3% (2021-11-15) — 스플릿/데이터 오류 가능
Warning:  CJMB: Close NaN 비율 76.0% (기준: 30%)
Warning:  CJMB: 비정상 가격 변동 275.0% (2026-01-15) — 스플릿/데이터 오류 가능
Warning:  CLIK: Close NaN 비율 69.6% (기준: 30%)
Warning:  CLIK: 비정상 가격 변동 153.6% (2025-05-15) — 스플릿/데이터 오류 가능
Warning:  CLPT: 비정상 가격 변동 58.6% (2025-09-24) — 스플릿/데이터 오류 가능
Warning:  CLYM: 비정상 가격 변동 71.5% (2024-04-11) — 스플릿/데이터 오류 가능
Warning:  CMCT: 비정상 가격 변동 88.2% (2025-11-12) — 스플릿/데이터 오류 가능
Warning:  CMND: Close NaN 비율 31.7% (기준: 30%)
Warning:  CMND: 비정상 가격 변동 62.2% (2023-04-04) — 스플릿/데이터 오류 가능
Warning:  CNCK: 비정상 가격 변동 143.2% (2025-12-01) — 스플릿/데이터 오류 가능
Warning:  CNTN: 비정상 가격 변동 206.8% (2025-08-20) — 스플릿/데이터 오류 가능
Warning:  CNVS: 비정상 가격 변동 51.6% (2024-02-14) — 스플릿/데이터 오류 가능
Warning:  CODX: 비정상 가격 변동 259.0% (2025-10-27) — 스플릿/데이터 오류 가능
Warning:  CRCL: Close NaN 비율 82.6% (기준: 30%)
Warning:  CRDF: 비정상 가격 변동 64.4% (2024-03-01) — 스플릿/데이터 오류 가능
Warning:  CRMD: 비정상 가격 변동 57.4% (2022-08-09) — 스플릿/데이터 오류 가능
Warning:  CRML: 비정상 가격 변동 120.6% (2024-02-27) — 스플릿/데이터 오류 가능
Warning:  CV: Close NaN 비율 84.0% (기준: 30%)
Warning:  CWD: Close NaN 비율 41.7% (기준: 30%)
Warning:  CWD: 비정상 가격 변동 323.7% (2025-09-09) — 스플릿/데이터 오류 가능
Warning:  CYCN: 비정상 가격 변동 311.6% (2026-04-01) — 스플릿/데이터 오류 가능
Warning:  CYCU: Close NaN 비율 76.6% (기준: 30%)
Warning:  CYCU: 비정상 가격 변동 68.7% (2025-09-25) — 스플릿/데이터 오류 가능
Warning:  CYN: 비정상 가격 변동 208.3% (2025-02-10) — 스플릿/데이터 오류 가능
Warning:  DBD: Close NaN 비율 46.4% (기준: 30%)
Warning:  DBGI: 비정상 가격 변동 150.0% (2025-02-14) — 스플릿/데이터 오류 가능
Warning:  DFDV: Close NaN 비율 45.3% (기준: 30%)
Warning:  DFDV: 비정상 가격 변동 842.5% (2025-04-07) — 스플릿/데이터 오류 가능
Warning:  DFLI: 비정상 가격 변동 102.6% (2022-10-05) — 스플릿/데이터 오류 가능
Warning:  DFSC: 비정상 가격 변동 5714.8% (2022-11-01) — 스플릿/데이터 오류 가능
Warning:  DFTX: 비정상 가격 변동 65.3% (2021-04-23) — 스플릿/데이터 오류 가능
Warning:  DJT: 비정상 가격 변동 356.8% (2021-10-21) — 스플릿/데이터 오류 가능
Warning:  DNTH: 비정상 가격 변동 53.6% (2023-02-03) — 스플릿/데이터 오류 가능
Warning:  DOMH: 비정상 가격 변동 91.3% (2025-02-10) — 스플릿/데이터 오류 가능
Warning:  DPRO: 비정상 가격 변동 52.8% (2024-02-22) — 스플릿/데이터 오류 가능
Warning:  DRMA: 비정상 가격 변동 105.4% (2024-07-24) — 스플릿/데이터 오류 가능
Warning:  DSGN: 비정상 가격 변동 70.5% (2023-08-15) — 스플릿/데이터 오류 가능
Warning:  DTCX: 비정상 가격 변동 69.3% (2023-05-12) — 스플릿/데이터 오류 가능
Warning:  DTSS: 비정상 가격 변동 510.9% (2024-02-14) — 스플릿/데이터 오류 가능
Warning:  DWTX: 비정상 가격 변동 376.8% (2025-01-23) — 스플릿/데이터 오류 가능
Warning:  DXST: Close NaN 비율 75.2% (기준: 30%)
Warning:  DXST: 비정상 가격 변동 153.1% (2026-03-04) — 스플릿/데이터 오류 가능
Warning:  ECX: 비정상 가격 변동 95.9% (2023-02-22) — 스플릿/데이터 오류 가능
Warning:  EEIQ: 비정상 가격 변동 209.2% (2026-03-26) — 스플릿/데이터 오류 가능
Warning:  ELAB: Close NaN 비율 52.0% (기준: 30%)
Warning:  ELAB: 비정상 가격 변동 133.7% (2026-04-01) — 스플릿/데이터 오류 가능
Warning:  ELPC: Close NaN 비율 54.1% (기준: 30%)
Warning:  ELPW: Close NaN 비율 40.7% (기준: 30%)
Warning:  ELPW: 비정상 가격 변동 3141.9% (2026-01-30) — 스플릿/데이터 오류 가능
Warning:  EMPD: 비정상 가격 변동 134.3% (2025-07-17) — 스플릿/데이터 오류 가능
Warning:  ENGS: Close NaN 비율 79.0% (기준: 30%)
Warning:  ENGS: 비정상 가격 변동 67.6% (2025-11-06) — 스플릿/데이터 오류 가능
Warning:  ENVB: 비정상 가격 변동 136.2% (2023-05-18) — 스플릿/데이터 오류 가능
Warning:  ESPR: 비정상 가격 변동 54.3% (2023-03-16) — 스플릿/데이터 오류 가능
Warning:  EVGO: 비정상 가격 변동 60.8% (2024-10-03) — 스플릿/데이터 오류 가능
Warning:  EVTL: 비정상 가격 변동 72.4% (2022-07-15) — 스플릿/데이터 오류 가능
Warning:  EVTV: 비정상 가격 변동 442.1% (2026-01-12) — 스플릿/데이터 오류 가능
Warning:  FATN: Close NaN 비율 79.4% (기준: 30%)
Warning:  FBLG: Close NaN 비율 55.7% (기준: 30%)
Warning:  FBLG: 비정상 가격 변동 88.4% (2024-02-13) — 스플릿/데이터 오류 가능
Warning:  FBRX: 비정상 가격 변동 128.7% (2024-11-20) — 스플릿/데이터 오류 가능
Warning:  FCUV: 비정상 가격 변동 278.0% (2021-09-01) — 스플릿/데이터 오류 가능
Warning:  FEAM: 비정상 가격 변동 51.5% (2024-12-30) — 스플릿/데이터 오류 가능
Warning:  FEED: 비정상 가격 변동 248.0% (2021-07-23) — 스플릿/데이터 오류 가능
Warning:  FGI: 비정상 가격 변동 139.3% (2025-09-16) — 스플릿/데이터 오류 가능
Warning:  FGL: Close NaN 비율 70.4% (기준: 30%)
Warning:  FGL: 비정상 가격 변동 56.0% (2026-02-10) — 스플릿/데이터 오류 가능
Warning:  FIG: Close NaN 비율 85.6% (기준: 30%)
Warning:  FIGR: Close NaN 비율 87.9% (기준: 30%)
Warning:  FLNA: 비정상 가격 변동 83.8% (2024-11-25) — 스플릿/데이터 오류 가능
Warning:  FLUX: 비정상 가격 변동 52.2% (2025-09-16) — 스플릿/데이터 오류 가능
Warning:  FLYX: Close NaN 비율 54.1% (기준: 30%)
Warning:  FLYX: 비정상 가격 변동 130.3% (2026-01-08) — 스플릿/데이터 오류 가능
Warning:  FMST: Close NaN 비율 44.2% (기준: 30%)
Warning:  FMST: 비정상 가격 변동 51.1% (2025-05-12) — 스플릿/데이터 오류 가능
Warning:  FNGR: 비정상 가격 변동 92.9% (2022-10-03) — 스플릿/데이터 오류 가능
Warning:  FNUC: 비정상 가격 변동 348.1% (2024-12-18) — 스플릿/데이터 오류 가능
Warning:  FOSL: 비정상 가격 변동 61.0% (2024-12-02) — 스플릿/데이터 오류 가능
Warning:  FRMI: Close NaN 비율 89.0% (기준: 30%)
Warning:  FRMM: 비정상 가격 변동 325.7% (2024-10-16) — 스플릿/데이터 오류 가능
Warning:  FTCI: 비정상 가격 변동 104.0% (2024-09-11) — 스플릿/데이터 오류 가능
Warning:  FUBO: 비정상 가격 변동 251.4% (2025-01-06) — 스플릿/데이터 오류 가능
Warning:  FUSE: 비정상 가격 변동 117.0% (2025-08-19) — 스플릿/데이터 오류 가능
Warning:  FUSE: 거래량 0 연속 37일 (기준: 5일) — 상장폐지/거래정지 가능
Warning:  FWDI: 비정상 가격 변동 58.7% (2025-09-08) — 스플릿/데이터 오류 가능
Warning:  GALT: 비정상 가격 변동 60.4% (2025-06-17) — 스플릿/데이터 오류 가능
Warning:  GAMB: 비정상 가격 변동 66.9% (2021-08-27) — 스플릿/데이터 오류 가능
Warning:  GCT: 비정상 가격 변동 206.0% (2022-08-19) — 스플릿/데이터 오류 가능
Warning:  GEMI: Close NaN 비율 88.0% (기준: 30%)
Warning:  GEOS: 비정상 가격 변동 60.1% (2025-06-23) — 스플릿/데이터 오류 가능
Warning:  GHRS: 비정상 가격 변동 69.7% (2025-02-03) — 스플릿/데이터 오류 가능
Warning:  GNLN: 비정상 가격 변동 365.4% (2024-08-12) — 스플릿/데이터 오류 가능
Warning:  GNLX: Close NaN 비율 35.5% (기준: 30%)
Warning:  GNLX: 비정상 가격 변동 60.4% (2023-03-06) — 스플릿/데이터 오류 가능
Warning:  GNPX: 비정상 가격 변동 265.6% (2024-10-21) — 스플릿/데이터 오류 가능
Warning:  GOTU: 비정상 가격 변동 63.3% (2021-07-23) — 스플릿/데이터 오류 가능
Warning:  GRAL: Close NaN 비율 63.1% (기준: 30%)
Warning:  GRAL: 비정상 가격 변동 50.5% (2026-02-20) — 스플릿/데이터 오류 가능
Warning:  GRI: 비정상 가격 변동 127.6% (2024-10-21) — 스플릿/데이터 오류 가능
Warning:  GSAT: 비정상 가격 변동 64.3% (2021-08-30) — 스플릿/데이터 오류 가능
Warning:  GSIT: 비정상 가격 변동 210.4% (2023-05-12) — 스플릿/데이터 오류 가능
Warning:  GVH: Close NaN 비율 51.3% (기준: 30%)
Warning:  GVH: 비정상 가격 변동 74.2% (2025-06-26) — 스플릿/데이터 오류 가능
Warning:  GWH: 비정상 가격 변동 141.9% (2025-10-10) — 스플릿/데이터 오류 가능
Warning:  GXAI: Close NaN 비율 36.6% (기준: 30%)
Warning:  GXAI: 비정상 가격 변동 177.3% (2024-02-16) — 스플릿/데이터 오류 가능
Warning:  HCAI: Close NaN 비율 76.0% (기준: 30%)
Warning:  HCAI: 비정상 가격 변동 142.2% (2026-04-07) — 스플릿/데이터 오류 가능
Warning:  HCTI: 비정상 가격 변동 233.3% (2025-06-12) — 스플릿/데이터 오류 가능
Warning:  HERE: Close NaN 비율 35.4% (기준: 30%)
Warning:  HERE: 비정상 가격 변동 130.3% (2023-05-24) — 스플릿/데이터 오류 가능
Warning:  HIT: Close NaN 비율 73.7% (기준: 30%)
Warning:  HIT: 비정상 가격 변동 82.3% (2025-03-12) — 스플릿/데이터 오류 가능
Warning:  HOLO: 비정상 가격 변동 1092.1% (2024-02-07) — 스플릿/데이터 오류 가능
Warning:  HOVR: Close NaN 비율 39.2% (기준: 30%)
Warning:  HOVR: 비정상 가격 변동 75.6% (2024-03-06) — 스플릿/데이터 오류 가능
Warning:  HPAI: Close NaN 비율 65.9% (기준: 30%)
Warning:  HRTX: 비정상 가격 변동 59.3% (2023-11-15) — 스플릿/데이터 오류 가능
Warning:  HSDT: 비정상 가격 변동 145.3% (2022-08-03) — 스플릿/데이터 오류 가능
Warning:  HTCO: 비정상 가격 변동 72.2% (2025-05-14) — 스플릿/데이터 오류 가능
Warning:  HUBC: Close NaN 비율 38.7% (기준: 30%)
Warning:  HUBC: 비정상 가격 변동 186.0% (2023-10-09) — 스플릿/데이터 오류 가능
Warning:  HUIZ: 비정상 가격 변동 124.4% (2024-12-09) — 스플릿/데이터 오류 가능
Warning:  HWH: 비정상 가격 변동 227.8% (2025-09-02) — 스플릿/데이터 오류 가능
Warning:  HYFT: 비정상 가격 변동 136.5% (2021-07-22) — 스플릿/데이터 오류 가능
Warning:  HYPD: 비정상 가격 변동 134.7% (2025-06-17) — 스플릿/데이터 오류 가능
Warning:  IBG: Close NaN 비율 68.9% (기준: 30%)
Warning:  IBG: 비정상 가격 변동 153.5% (2025-04-02) — 스플릿/데이터 오류 가능
Warning:  ICG: Close NaN 비율 38.2% (기준: 30%)
Warning:  ICG: 비정상 가격 변동 88.6% (2024-12-20) — 스플릿/데이터 오류 가능
Warning:  ICON: Close NaN 비율 64.6% (기준: 30%)
Warning:  ICON: 비정상 가격 변동 63.1% (2025-06-13) — 스플릿/데이터 오류 가능
Warning:  ICU: 비정상 가격 변동 70.2% (2023-10-18) — 스플릿/데이터 오류 가능
Warning:  IDN: 비정상 가격 변동 74.9% (2024-03-22) — 스플릿/데이터 오류 가능
Warning:  IMA: 비정상 가격 변동 67.8% (2023-11-09) — 스플릿/데이터 오류 가능
Warning:  IMDX: 비정상 가격 변동 51.5% (2023-03-16) — 스플릿/데이터 오류 가능
Warning:  IMNN: 비정상 가격 변동 179.0% (2024-07-30) — 스플릿/데이터 오류 가능
Warning:  IMSR: Close NaN 비율 69.7% (기준: 30%)
Warning:  IMVT: 비정상 가격 변동 97.0% (2023-09-26) — 스플릿/데이터 오류 가능
Warning:  INBS: 비정상 가격 변동 293.1% (2023-01-23) — 스플릿/데이터 오류 가능
Warning:  INDO: 비정상 가격 변동 110.4% (2022-01-27) — 스플릿/데이터 오류 가능
Warning:  INGM: Close NaN 비율 70.5% (기준: 30%)
Warning:  INMB: 비정상 가격 변동 56.7% (2025-06-30) — 스플릿/데이터 오류 가능
Warning:  IOTR: Close NaN 비율 79.5% (기준: 30%)
Warning:  IOTR: 비정상 가격 변동 74.1% (2026-01-22) — 스플릿/데이터 오류 가능
Warning:  IPW: 비정상 가격 변동 97.9% (2024-05-17) — 스플릿/데이터 오류 가능
Warning:  IQST: 비정상 가격 변동 65.2% (2023-07-05) — 스플릿/데이터 오류 가능
Warning:  IXHL: 비정상 가격 변동 723.5% (2025-05-14) — 스플릿/데이터 오류 가능
Warning:  JANX: 비정상 가격 변동 229.5% (2024-02-27) — 스플릿/데이터 오류 가능
Warning:  JBIO: 비정상 가격 변동 93.3% (2024-06-17) — 스플릿/데이터 오류 가능
Warning:  JDZG: Close NaN 비율 61.5% (기준: 30%)
Warning:  JDZG: 비정상 가격 변동 136.1% (2024-10-17) — 스플릿/데이터 오류 가능
Warning:  JEM: Close NaN 비율 82.7% (기준: 30%)
Warning:  JEM: 비정상 가격 변동 130.5% (2025-09-09) — 스플릿/데이터 오류 가능
Warning:  JFB: Close NaN 비율 77.5% (기준: 30%)
Warning:  JFB: 비정상 가격 변동 85.4% (2025-09-29) — 스플릿/데이터 오류 가능
Warning:  JLHL: Close NaN 비율 83.7% (기준: 30%)
Warning:  JLHL: 비정상 가격 변동 57.8% (2026-04-16) — 스플릿/데이터 오류 가능
Warning:  JSPR: 비정상 가격 변동 467.3% (2023-01-03) — 스플릿/데이터 오류 가능
Warning:  JTAI: 비정상 가격 변동 150.0% (2025-02-19) — 스플릿/데이터 오류 가능
Warning:  KALV: 비정상 가격 변동 58.9% (2022-10-04) — 스플릿/데이터 오류 가능
Warning:  KC: 비정상 가격 변동 72.3% (2022-03-16) — 스플릿/데이터 오류 가능
Warning:  KD: 비정상 가격 변동 54.9% (2026-02-09) — 스플릿/데이터 오류 가능
Warning:  KIDZ: Close NaN 비율 79.3% (기준: 30%)
Warning:  KIDZ: 비정상 가격 변동 366.1% (2025-05-01) — 스플릿/데이터 오류 가능
Warning:  KLAR: Close NaN 비율 87.9% (기준: 30%)
Warning:  KLC: Close NaN 비율 69.6% (기준: 30%)
Warning:  KOD: 비정상 가격 변동 80.4% (2022-02-23) — 스플릿/데이터 오류 가능
Warning:  KODK: 비정상 가격 변동 52.6% (2024-02-29) — 스플릿/데이터 오류 가능
Warning:  KRRO: 비정상 가격 변동 93.7% (2024-10-16) — 스플릿/데이터 오류 가능
Warning:  KSCP: 비정상 가격 변동 175.6% (2022-01-28) — 스플릿/데이터 오류 가능
Warning:  KULR: 비정상 가격 변동 75.6% (2024-11-25) — 스플릿/데이터 오류 가능
Warning:  KYTX: Close NaN 비율 56.3% (기준: 30%)
Warning:  LAC: Close NaN 비율 49.1% (기준: 30%)
Warning:  LAC: 비정상 가격 변동 95.8% (2025-09-24) — 스플릿/데이터 오류 가능
Warning:  LAES: Close NaN 비율 42.0% (기준: 30%)
Warning:  LAES: 비정상 가격 변동 102.3% (2023-05-24) — 스플릿/데이터 오류 가능
Warning:  LASE: 비정상 가격 변동 83.6% (2024-10-08) — 스플릿/데이터 오류 가능
Warning:  LAW: 비정상 가격 변동 53.6% (2022-08-12) — 스플릿/데이터 오류 가능
Warning:  LBGJ: Close NaN 비율 70.4% (기준: 30%)
Warning:  LBGJ: 비정상 가격 변동 83.8% (2026-02-27) — 스플릿/데이터 오류 가능
Warning:  LBRX: Close NaN 비율 87.9% (기준: 30%)
Warning:  LGCB: Close NaN 비율 53.5% (기준: 30%)
Warning:  LGCB: 비정상 가격 변동 57.7% (2024-09-20) — 스플릿/데이터 오류 가능
Warning:  LGN: Close NaN 비율 88.0% (기준: 30%)
Warning:  LIDR: 비정상 가격 변동 158.4% (2025-07-24) — 스플릿/데이터 오류 가능
Warning:  LIF: Close NaN 비율 62.7% (기준: 30%)
Warning:  LITS: 비정상 가격 변동 65.2% (2022-03-25) — 스플릿/데이터 오류 가능
Warning:  LNKS: Close NaN 비율 72.8% (기준: 30%)
Warning:  LNKS: 비정상 가격 변동 86.1% (2026-03-23) — 스플릿/데이터 오류 가능
Warning:  LPCN: 비정상 가격 변동 77.8% (2026-04-02) — 스플릿/데이터 오류 가능
Warning:  LPSN: 비정상 가격 변동 57.7% (2023-03-16) — 스플릿/데이터 오류 가능
Warning:  LRHC: Close NaN 비율 49.6% (기준: 30%)
Warning:  LRHC: 비정상 가격 변동 130.6% (2024-10-23) — 스플릿/데이터 오류 가능
Warning:  LTBR: 비정상 가격 변동 57.5% (2024-10-18) — 스플릿/데이터 오류 가능
Warning:  LUD: Close NaN 비율 77.1% (기준: 30%)
Warning:  LUD: 비정상 가격 변동 62.6% (2025-09-02) — 스플릿/데이터 오류 가능
Warning:  LUNG: 비정상 가격 변동 60.9% (2022-11-04) — 스플릿/데이터 오류 가능
Warning:  LUNR: 비정상 가격 변동 251.4% (2023-02-16) — 스플릿/데이터 오류 가능
Warning:  LVWR: 비정상 가격 변동 153.5% (2025-05-27) — 스플릿/데이터 오류 가능
Warning:  LXEH: 비정상 가격 변동 85.7% (2024-03-21) — 스플릿/데이터 오류 가능
Warning:  MAMO: Close NaN 비율 59.1% (기준: 30%)
Warning:  MAMO: 비정상 가격 변동 59.5% (2026-02-03) — 스플릿/데이터 오류 가능
Warning:  MASK: Close NaN 비율 74.5% (기준: 30%)
Warning:  MASK: 비정상 가격 변동 83.1% (2026-03-31) — 스플릿/데이터 오류 가능
Warning:  MAXN: 비정상 가격 변동 67.2% (2024-07-02) — 스플릿/데이터 오류 가능
Warning:  MBLY: Close NaN 비율 30.6% (기준: 30%)
Warning:  MDXG: 비정상 가격 변동 59.6% (2021-09-13) — 스플릿/데이터 오류 가능
Warning:  MDXH: 비정상 가격 변동 834.3% (2023-11-28) — 스플릿/데이터 오류 가능
Warning:  MENS: Close NaN 비율 83.2% (기준: 30%)
Warning:  MENS: 비정상 가격 변동 81.0% (2025-12-17) — 스플릿/데이터 오류 가능
Warning:  MGNX: 비정상 가격 변동 77.4% (2024-05-10) — 스플릿/데이터 오류 가능
Warning:  MGRT: Close NaN 비율 84.7% (기준: 30%)
Warning:  MGRT: 비정상 가격 변동 143.9% (2025-12-17) — 스플릿/데이터 오류 가능
Warning:  MGX: Close NaN 비율 56.3% (기준: 30%)
Warning:  MGX: 비정상 가격 변동 125.4% (2024-12-09) — 스플릿/데이터 오류 가능
Warning:  MIGI: 비정상 가격 변동 94.1% (2024-12-05) — 스플릿/데이터 오류 가능
Warning:  MLEC: 비정상 가격 변동 251.3% (2023-01-06) — 스플릿/데이터 오류 가능
Warning:  MLGO: 비정상 가격 변동 669.9% (2024-06-04) — 스플릿/데이터 오류 가능
Warning:  MLTX: 비정상 가격 변동 89.9% (2025-09-29) — 스플릿/데이터 오류 가능
Warning:  MNTN: Close NaN 비율 81.8% (기준: 30%)
Warning:  MNTS: 비정상 가격 변동 155.4% (2024-10-09) — 스플릿/데이터 오류 가능
Warning:  MOBX: 비정상 가격 변동 532.8% (2026-03-03) — 스플릿/데이터 오류 가능
Warning:  MOVE: 비정상 가격 변동 149.7% (2025-11-10) — 스플릿/데이터 오류 가능
Warning:  MTEK: 비정상 가격 변동 50.6% (2025-09-29) — 스플릿/데이터 오류 가능
Warning:  MTVA: 비정상 가격 변동 115.5% (2025-09-15) — 스플릿/데이터 오류 가능
Warning:  MVST: 비정상 가격 변동 339.2% (2024-11-13) — 스플릿/데이터 오류 가능
Warning:  NAGE: 비정상 가격 변동 67.9% (2024-11-01) — 스플릿/데이터 오류 가능
Warning:  NAMM: Close NaN 비율 82.6% (기준: 30%)
Warning:  NAMM: 비정상 가격 변동 130.6% (2026-01-21) — 스플릿/데이터 오류 가능
Warning:  NCT: Close NaN 비율 78.8% (기준: 30%)
Warning:  NDLS: 비정상 가격 변동 55.6% (2026-03-26) — 스플릿/데이터 오류 가능
Warning:  NEON: 비정상 가격 변동 71.4% (2025-09-04) — 스플릿/데이터 오류 가능
Warning:  NEXR: 비정상 가격 변동 1360.0% (2024-11-20) — 스플릿/데이터 오류 가능
Warning:  NKLR: Close NaN 비율 89.3% (기준: 30%)
Warning:  NKTR: 비정상 가격 변동 156.3% (2025-06-24) — 스플릿/데이터 오류 가능
Warning:  NKTX: 비정상 가격 변동 140.9% (2022-04-25) — 스플릿/데이터 오류 가능
Warning:  NMAX: Close NaN 비율 78.9% (기준: 30%)
Warning:  NMAX: 비정상 가격 변동 179.0% (2025-04-01) — 스플릿/데이터 오류 가능
Warning:  NMG: 비정상 가격 변동 51.8% (2025-10-13) — 스플릿/데이터 오류 가능
Warning:  NNE: Close NaN 비율 61.1% (기준: 30%)
Warning:  NNOX: 비정상 가격 변동 68.4% (2023-05-01) — 스플릿/데이터 오류 가능
Warning:  NPB: Close NaN 비율 76.6% (기준: 30%)
Warning:  NPT: Close NaN 비율 90.2% (기준: 30%)
Warning:  NPT: 비정상 가격 변동 81.6% (2026-03-03) — 스플릿/데이터 오류 가능
Warning:  NTSK: Close NaN 비율 88.3% (기준: 30%)
Warning:  NVA: Close NaN 비율 65.3% (기준: 30%)
Warning:  NVA: 비정상 가격 변동 110.3% (2025-10-14) — 스플릿/데이터 오류 가능
Warning:  NVA: 거래량 0 연속 6일 (기준: 5일) — 상장폐지/거래정지 가능
Warning:  NVNI: 비정상 가격 변동 317.2% (2024-12-19) — 스플릿/데이터 오류 가능
Warning:  NXTT: 비정상 가격 변동 661.3% (2025-05-09) — 스플릿/데이터 오류 가능
Warning:  ODD: Close NaN 비율 45.0% (기준: 30%)
Warning:  OKLO: 비정상 가격 변동 53.6% (2024-05-10) — 스플릿/데이터 오류 가능
Warning:  OKUR: 비정상 가격 변동 82.7% (2023-12-14) — 스플릿/데이터 오류 가능
Warning:  OLMA: 비정상 가격 변동 136.4% (2025-11-18) — 스플릿/데이터 오류 가능
Warning:  OLPX: 비정상 가격 변동 56.7% (2022-10-19) — 스플릿/데이터 오류 가능
Warning:  OM: 비정상 가격 변동 68.5% (2024-08-08) — 스플릿/데이터 오류 가능
Warning:  OMEX: 비정상 가격 변동 182.3% (2024-09-18) — 스플릿/데이터 오류 가능
Warning:  ONEG: Close NaN 비율 74.1% (기준: 30%)
Warning:  ONEG: 비정상 가격 변동 57.6% (2025-11-17) — 스플릿/데이터 오류 가능
Warning:  OPRX: 비정상 가격 변동 51.7% (2025-03-12) — 스플릿/데이터 오류 가능
Warning:  ORBS: 비정상 가격 변동 3009.0% (2025-09-08) — 스플릿/데이터 오류 가능
Warning:  ORGN: 비정상 가격 변동 66.4% (2023-08-10) — 스플릿/데이터 오류 가능
Warning:  ORGO: 비정상 가격 변동 102.3% (2025-02-28) — 스플릿/데이터 오류 가능
Warning:  ORKA: 비정상 가격 변동 90.1% (2024-04-03) — 스플릿/데이터 오류 가능
Warning:  ORKT: Close NaN 비율 65.4% (기준: 30%)
Warning:  ORKT: 비정상 가격 변동 147.6% (2025-12-08) — 스플릿/데이터 오류 가능
Warning:  PALI: 비정상 가격 변동 108.7% (2023-09-06) — 스플릿/데이터 오류 가능
Warning:  PAVS: 비정상 가격 변동 93.3% (2024-10-01) — 스플릿/데이터 오류 가능
Warning:  PBM: 비정상 가격 변동 103.8% (2026-04-16) — 스플릿/데이터 오류 가능
Warning:  PEPG: 비정상 가격 변동 121.1% (2025-09-25) — 스플릿/데이터 오류 가능
Warning:  PEW: Close NaN 비율 54.7% (기준: 30%)
Warning:  PGY: 비정상 가격 변동 129.6% (2022-07-20) — 스플릿/데이터 오류 가능
Warning:  PHGE: 비정상 가격 변동 197.8% (2024-03-06) — 스플릿/데이터 오류 가능
Warning:  PHIO: 비정상 가격 변동 290.5% (2025-01-13) — 스플릿/데이터 오류 가능
Warning:  PLCE: 비정상 가격 변동 85.7% (2024-09-11) — 스플릿/데이터 오류 가능
Warning:  PMAX: Close NaN 비율 67.7% (기준: 30%)
Warning:  PMAX: 비정상 가격 변동 57.4% (2025-05-23) — 스플릿/데이터 오류 가능
Warning:  PN: Close NaN 비율 77.4% (기준: 30%)
Warning:  PN: 비정상 가격 변동 68.9% (2026-03-30) — 스플릿/데이터 오류 가능
Warning:  PNBK: 비정상 가격 변동 73.5% (2025-04-17) — 스플릿/데이터 오류 가능
Warning:  PONY: Close NaN 비율 72.4% (기준: 30%)
Warning:  PRAX: 비정상 가격 변동 183.7% (2025-10-16) — 스플릿/데이터 오류 가능
Warning:  PRCH: 비정상 가격 변동 74.1% (2025-02-26) — 스플릿/데이터 오류 가능
Warning:  PRFX: 비정상 가격 변동 414.3% (2024-12-19) — 스플릿/데이터 오류 가능
Warning:  PROK: 비정상 가격 변동 514.5% (2025-07-08) — 스플릿/데이터 오류 가능
Warning:  PROP: 비정상 가격 변동 100.0% (2022-08-11) — 스플릿/데이터 오류 가능
Warning:  PRSO: 비정상 가격 변동 151.9% (2026-03-06) — 스플릿/데이터 오류 가능
Warning:  PSTV: 비정상 가격 변동 311.4% (2025-03-06) — 스플릿/데이터 오류 가능
Warning:  PTLE: Close NaN 비율 70.0% (기준: 30%)
Warning:  PTLE: 비정상 가격 변동 87.6% (2026-03-23) — 스플릿/데이터 오류 가능
Warning:  Q: Close NaN 비율 90.4% (기준: 30%)
Warning:  QBTS: 비정상 가격 변동 110.7% (2023-05-22) — 스플릿/데이터 오류 가능
Warning:  QNCX: 비정상 가격 변동 306.2% (2026-02-10) — 스플릿/데이터 오류 가능
Warning:  QNRX: 비정상 가격 변동 360.5% (2022-08-03) — 스플릿/데이터 오류 가능
Warning:  QNTM: 비정상 가격 변동 119.8% (2024-08-09) — 스플릿/데이터 오류 가능
Warning:  QSI: 비정상 가격 변동 119.6% (2024-11-20) — 스플릿/데이터 오류 가능
Warning:  QTRX: 비정상 가격 변동 54.8% (2022-08-09) — 스플릿/데이터 오류 가능
Warning:  QUBT: 비정상 가격 변동 92.8% (2024-11-13) — 스플릿/데이터 오류 가능
Warning:  QURE: 비정상 가격 변동 247.7% (2025-09-24) — 스플릿/데이터 오류 가능
Warning:  QVCGP: 비정상 가격 변동 133.3% (2026-02-11) — 스플릿/데이터 오류 가능
Warning:  RADX: Close NaN 비율 72.8% (기준: 30%)
Warning:  RADX: 비정상 가격 변동 149.5% (2025-12-15) — 스플릿/데이터 오류 가능
Warning:  RAYA: Close NaN 비율 33.3% (기준: 30%)
Warning:  RAYA: 비정상 가격 변동 107.9% (2026-04-10) — 스플릿/데이터 오류 가능
Warning:  RBNE: Close NaN 비율 79.6% (기준: 30%)
Warning:  RBNE: 비정상 가격 변동 317.9% (2025-06-13) — 스플릿/데이터 오류 가능
Warning:  RCKT: 비정상 가격 변동 62.8% (2025-05-27) — 스플릿/데이터 오류 가능
Warning:  RDGT: 비정상 가격 변동 114.8% (2022-12-12) — 스플릿/데이터 오류 가능
Warning:  RDW: 비정상 가격 변동 51.4% (2025-01-21) — 스플릿/데이터 오류 가능
Warning:  RECT: Close NaN 비율 63.5% (기준: 30%)
Warning:  RECT: 비정상 가격 변동 85.8% (2026-04-13) — 스플릿/데이터 오류 가능
Warning:  RENX: Close NaN 비율 48.4% (기준: 30%)
Warning:  RENX: 비정상 가격 변동 531.3% (2023-11-16) — 스플릿/데이터 오류 가능
Warning:  REPL: 비정상 가격 변동 101.3% (2025-07-30) — 스플릿/데이터 오류 가능
Warning:  RETO: 비정상 가격 변동 621.3% (2025-03-07) — 스플릿/데이터 오류 가능
Warning:  RGC: 비정상 가격 변동 343.9% (2024-07-23) — 스플릿/데이터 오류 가능
Warning:  RGTI: 비정상 가격 변동 58.0% (2024-11-25) — 스플릿/데이터 오류 가능
Warning:  RIME: 비정상 가격 변동 222.2% (2026-02-13) — 스플릿/데이터 오류 가능
Warning:  RLAY: 비정상 가격 변동 52.4% (2024-09-09) — 스플릿/데이터 오류 가능
Warning:  RLMD: 비정상 가격 변동 82.5% (2025-04-23) — 스플릿/데이터 오류 가능
Warning:  ROLR: Close NaN 비율 70.4% (기준: 30%)
Warning:  ROLR: 비정상 가격 변동 436.6% (2026-01-14) — 스플릿/데이터 오류 가능
Warning:  ROOT: 비정상 가격 변동 68.9% (2024-10-31) — 스플릿/데이터 오류 가능
Warning:  RR: Close NaN 비율 51.8% (기준: 30%)
Warning:  RR: 비정상 가격 변동 73.9% (2024-08-06) — 스플릿/데이터 오류 가능
Warning:  RUBI: Close NaN 비율 85.7% (기준: 30%)
Warning:  RUBI: 비정상 가격 변동 54.2% (2025-11-25) — 스플릿/데이터 오류 가능
Warning:  RXO: Close NaN 비율 30.7% (기준: 30%)
Warning:  RYDE: Close NaN 비율 57.6% (기준: 30%)
Warning:  RYDE: 비정상 가격 변동 155.7% (2025-06-18) — 스플릿/데이터 오류 가능
Warning:  RZLT: 비정상 가격 변동 87.2% (2025-12-11) — 스플릿/데이터 오류 가능
Warning:  RZLV: 비정상 가격 변동 54.5% (2024-12-17) — 스플릿/데이터 오류 가능
Warning:  SAGT: Close NaN 비율 77.6% (기준: 30%)
Warning:  SATS: 비정상 가격 변동 70.2% (2025-08-26) — 스플릿/데이터 오류 가능
Warning:  SBET: 비정상 가격 변동 433.2% (2025-05-27) — 스플릿/데이터 오류 가능
Warning:  SDA: 비정상 가격 변동 120.9% (2023-05-31) — 스플릿/데이터 오류 가능
Warning:  SDEV: 비정상 가격 변동 102.5% (2026-01-09) — 스플릿/데이터 오류 가능
Warning:  SDST: 비정상 가격 변동 144.7% (2024-07-17) — 스플릿/데이터 오류 가능
Warning:  SENS: 비정상 가격 변동 80.7% (2025-01-10) — 스플릿/데이터 오류 가능
Warning:  SER: 비정상 가격 변동 93.8% (2026-03-19) — 스플릿/데이터 오류 가능
Warning:  SES: 비정상 가격 변동 100.0% (2024-12-26) — 스플릿/데이터 오류 가능
Warning:  SEV: Close NaN 비율 89.9% (기준: 30%)
Warning:  SEV: 비정상 가격 변동 57.8% (2025-10-23) — 스플릿/데이터 오류 가능
Warning:  SEZL: Close NaN 비율 48.1% (기준: 30%)
Warning:  SEZL: 비정상 가격 변동 80.5% (2023-09-14) — 스플릿/데이터 오류 가능
Warning:  SGHT: 비정상 가격 변동 64.3% (2023-10-26) — 스플릿/데이터 오류 가능
Warning:  SHIM: Close NaN 비율 51.6% (기준: 30%)
Warning:  SHIM: 비정상 가격 변동 52.2% (2024-07-17) — 스플릿/데이터 오류 가능
Warning:  SILA: Close NaN 비율 63.1% (기준: 30%)
Warning:  SKBL: Close NaN 비율 76.8% (기준: 30%)
Warning:  SKBL: 비정상 가격 변동 87.6% (2025-07-07) — 스플릿/데이터 오류 가능
Warning:  SKIL: 비정상 가격 변동 50.6% (2024-04-24) — 스플릿/데이터 오류 가능
Warning:  SKK: Close NaN 비율 69.5% (기준: 30%)
Warning:  SKK: 비정상 가격 변동 84.5% (2024-12-26) — 스플릿/데이터 오류 가능
Warning:  SKLZ: 비정상 가격 변동 53.6% (2026-04-15) — 스플릿/데이터 오류 가능
Warning:  SKYX: 비정상 가격 변동 68.6% (2022-07-28) — 스플릿/데이터 오류 가능
Warning:  SLDB: 비정상 가격 변동 68.4% (2023-12-07) — 스플릿/데이터 오류 가능
Warning:  SLDP: 비정상 가격 변동 51.6% (2025-11-05) — 스플릿/데이터 오류 가능
Warning:  SLNH: 비정상 가격 변동 94.4% (2025-09-22) — 스플릿/데이터 오류 가능
Warning:  SMX: 비정상 가격 변동 402.9% (2025-11-18) — 스플릿/데이터 오류 가능
Warning:  SNBR: 비정상 가격 변동 60.0% (2026-04-08) — 스플릿/데이터 오류 가능
Warning:  SNDK: Close NaN 비율 76.4% (기준: 30%)
Warning:  SNGX: 비정상 가격 변동 271.0% (2024-07-09) — 스플릿/데이터 오류 가능
Warning:  SNTI: 비정상 가격 변동 363.0% (2024-12-02) — 스플릿/데이터 오류 가능
Warning:  SOC: 비정상 가격 변동 56.2% (2025-12-18) — 스플릿/데이터 오류 가능
Warning:  SOGP: 비정상 가격 변동 228.9% (2025-08-28) — 스플릿/데이터 오류 가능
Warning:  SOS: 비정상 가격 변동 99.3% (2023-08-21) — 스플릿/데이터 오류 가능
Warning:  SOUN: 비정상 가격 변동 71.8% (2022-12-30) — 스플릿/데이터 오류 가능
Warning:  SPAI: Close NaN 비율 67.3% (기준: 30%)
Warning:  SPAI: 비정상 가격 변동 65.8% (2025-02-13) — 스플릿/데이터 오류 가능
Warning:  SPPL: Close NaN 비율 48.1% (기준: 30%)
Warning:  SPPL: 비정상 가격 변동 268.7% (2024-11-04) — 스플릿/데이터 오류 가능
Warning:  SPRC: 비정상 가격 변동 142.9% (2025-09-17) — 스플릿/데이터 오류 가능
Warning:  SPRY: 비정상 가격 변동 77.9% (2023-05-12) — 스플릿/데이터 오류 가능
Warning:  SPWH: 비정상 가격 변동 97.9% (2025-04-02) — 스플릿/데이터 오류 가능
Warning:  SQFT: 비정상 가격 변동 166.1% (2025-07-14) — 스플릿/데이터 오류 가능
Warning:  SQNS: 비정상 가격 변동 113.0% (2024-08-23) — 스플릿/데이터 오류 가능
Warning:  SRFM: Close NaN 비율 45.5% (기준: 30%)
Warning:  SRFM: 비정상 가격 변동 88.5% (2025-06-24) — 스플릿/데이터 오류 가능
Warning:  SST: 비정상 가격 변동 142.3% (2026-03-27) — 스플릿/데이터 오류 가능
Warning:  STEM: 비정상 가격 변동 57.2% (2025-01-03) — 스플릿/데이터 오류 가능
Warning:  STEX: 비정상 가격 변동 91.7% (2024-04-08) — 스플릿/데이터 오류 가능
Warning:  STIM: 비정상 가격 변동 58.1% (2024-08-12) — 스플릿/데이터 오류 가능
Warning:  STKE: 비정상 가격 변동 131.4% (2024-10-14) — 스플릿/데이터 오류 가능
Warning:  STSS: 비정상 가격 변동 141.6% (2024-05-28) — 스플릿/데이터 오류 가능
Warning:  STTK: 비정상 가격 변동 130.3% (2023-12-13) — 스플릿/데이터 오류 가능
Warning:  STUB: Close NaN 비율 88.2% (기준: 30%)
Warning:  SUIG: 비정상 가격 변동 218.9% (2025-07-25) — 스플릿/데이터 오류 가능
Warning:  SUNE: 비정상 가격 변동 122.2% (2025-03-07) — 스플릿/데이터 오류 가능
Warning:  SUPX: Close NaN 비율 60.0% (기준: 30%)
Warning:  SVCO: Close NaN 비율 61.2% (기준: 30%)
Warning:  SVCO: 비정상 가격 변동 52.4% (2026-03-13) — 스플릿/데이터 오류 가능
Warning:  SVRN: 비정상 가격 변동 122.7% (2025-06-13) — 스플릿/데이터 오류 가능
Warning:  SXTC: 비정상 가격 변동 1581.4% (2022-05-19) — 스플릿/데이터 오류 가능
Warning:  SXTP: Close NaN 비율 44.6% (기준: 30%)
Warning:  SXTP: 비정상 가격 변동 152.0% (2026-01-22) — 스플릿/데이터 오류 가능
Warning:  SYRE: 비정상 가격 변동 330.2% (2023-06-22) — 스플릿/데이터 오류 가능
Warning:  TAOX: 비정상 가격 변동 74.6% (2022-12-16) — 스플릿/데이터 오류 가능
Warning:  TBBB: Close NaN 비율 56.3% (기준: 30%)
Warning:  TDUP: 비정상 가격 변동 62.7% (2024-08-06) — 스플릿/데이터 오류 가능
Warning:  TJGC: Close NaN 비율 75.2% (기준: 30%)
Warning:  TJGC: 비정상 가격 변동 571.4% (2025-06-03) — 스플릿/데이터 오류 가능
Warning:  TLRY: 비정상 가격 변동 60.9% (2025-09-29) — 스플릿/데이터 오류 가능
Warning:  TMCI: 비정상 가격 변동 62.5% (2024-05-08) — 스플릿/데이터 오류 가능
Warning:  TMDE: Close NaN 비율 80.0% (기준: 30%)
Warning:  TMDE: 비정상 가격 변동 231.9% (2026-03-02) — 스플릿/데이터 오류 가능
Warning:  TMQ: 비정상 가격 변동 211.0% (2025-10-07) — 스플릿/데이터 오류 가능
Warning:  TNGX: 비정상 가격 변동 103.9% (2023-08-09) — 스플릿/데이터 오류 가능
Warning:  TNXP: 비정상 가격 변동 120.8% (2024-12-16) — 스플릿/데이터 오류 가능
Warning:  TONX: 비정상 가격 변동 346.9% (2023-09-05) — 스플릿/데이터 오류 가능
Warning:  TOYO: 비정상 가격 변동 86.6% (2024-11-26) — 스플릿/데이터 오류 가능
Warning:  TPST: 비정상 가격 변동 3970.8% (2023-10-11) — 스플릿/데이터 오류 가능
Warning:  TRAW: 비정상 가격 변동 150.4% (2024-12-23) — 스플릿/데이터 오류 가능
Warning:  TRNR: Close NaN 비율 40.6% (기준: 30%)
Warning:  TRNR: 비정상 가격 변동 79.0% (2024-08-12) — 스플릿/데이터 오류 가능
Warning:  TRON: Close NaN 비율 46.5% (기준: 30%)
Warning:  TRON: 비정상 가격 변동 533.8% (2025-06-16) — 스플릿/데이터 오류 가능
Warning:  TRUG: 비정상 가격 변동 64.7% (2024-01-31) — 스플릿/데이터 오류 가능
Warning:  TRVI: 비정상 가격 변동 56.8% (2022-04-07) — 스플릿/데이터 오류 가능
Warning:  TSAT: 비정상 가격 변동 53.5% (2023-08-11) — 스플릿/데이터 오류 가능
Warning:  TSHA: 비정상 가격 변동 188.2% (2023-08-14) — 스플릿/데이터 오류 가능
Warning:  TSSI: 비정상 가격 변동 74.1% (2025-05-16) — 스플릿/데이터 오류 가능
Warning:  TURB: Close NaN 비율 48.6% (기준: 30%)
Warning:  TURB: 비정상 가격 변동 359.3% (2025-09-16) — 스플릿/데이터 오류 가능
Warning:  TWAV: 비정상 가격 변동 166.7% (2022-10-03) — 스플릿/데이터 오류 가능
Warning:  UAVS: 비정상 가격 변동 122.4% (2024-11-14) — 스플릿/데이터 오류 가능
Warning:  UCAR: Close NaN 비율 40.1% (기준: 30%)
Warning:  UCAR: 비정상 가격 변동 331.9% (2026-04-08) — 스플릿/데이터 오류 가능
Warning:  UGRO: 비정상 가격 변동 417.0% (2026-03-25) — 스플릿/데이터 오류 가능
Warning:  UPB: Close NaN 비율 69.7% (기준: 30%)
Warning:  UPST: 비정상 가격 변동 56.4% (2022-05-10) — 스플릿/데이터 오류 가능
Warning:  UPXI: 비정상 가격 변동 330.9% (2025-04-21) — 스플릿/데이터 오류 가능
Warning:  VALN: 비정상 가격 변동 93.1% (2022-06-21) — 스플릿/데이터 오류 가능
Warning:  VCIG: Close NaN 비율 39.7% (기준: 30%)
Warning:  VCIG: 비정상 가격 변동 546.8% (2023-05-02) — 스플릿/데이터 오류 가능
Warning:  VENU: Close NaN 비율 72.4% (기준: 30%)
Warning:  VERI: 비정상 가격 변동 53.7% (2025-10-15) — 스플릿/데이터 오류 가능
Warning:  VIA: Close NaN 비율 88.0% (기준: 30%)
Warning:  VICR: 비정상 가격 변동 57.7% (2023-07-26) — 스플릿/데이터 오류 가능
Warning:  VIK: Close NaN 비율 60.7% (기준: 30%)
Warning:  VIOT: 비정상 가격 변동 59.0% (2025-07-07) — 스플릿/데이터 오류 가능
Warning:  VIR: 비정상 가격 변동 58.2% (2025-01-08) — 스플릿/데이터 오류 가능
Warning:  VIVO: 비정상 가격 변동 306.9% (2024-04-02) — 스플릿/데이터 오류 가능
Warning:  VIVS: 비정상 가격 변동 243.2% (2025-02-25) — 스플릿/데이터 오류 가능
Warning:  VLN: 비정상 가격 변동 59.0% (2026-01-09) — 스플릿/데이터 오류 가능
Warning:  VMAR: 비정상 가격 변동 156.8% (2025-12-16) — 스플릿/데이터 오류 가능
Warning:  VNCE: 비정상 가격 변동 89.2% (2025-09-11) — 스플릿/데이터 오류 가능
Warning:  VOR: 비정상 가격 변동 74.2% (2025-06-25) — 스플릿/데이터 오류 가능
Warning:  VSTS: Close NaN 비율 48.9% (기준: 30%)
Warning:  VVOS: 비정상 가격 변동 833.9% (2023-11-29) — 스플릿/데이터 오류 가능
Warning:  VWAV: Close NaN 비율 84.6% (기준: 30%)
Warning:  VWAV: 비정상 가격 변동 368.1% (2025-07-28) — 스플릿/데이터 오류 가능
Warning:  WATT: 비정상 가격 변동 554.3% (2024-12-30) — 스플릿/데이터 오류 가능
Warning:  WBUY: Close NaN 비율 50.2% (기준: 30%)
Warning:  WBUY: 비정상 가격 변동 132.4% (2025-05-08) — 스플릿/데이터 오류 가능
Warning:  WGS: 비정상 가격 변동 55.2% (2024-04-30) — 스플릿/데이터 오류 가능
Warning:  WHWK: 비정상 가격 변동 63.2% (2021-07-08) — 스플릿/데이터 오류 가능
Warning:  WIMI: 비정상 가격 변동 77.5% (2024-12-27) — 스플릿/데이터 오류 가능
Warning:  WKEY: 비정상 가격 변동 139.0% (2024-12-13) — 스플릿/데이터 오류 가능
Warning:  WKHS: 비정상 가격 변동 54.9% (2025-07-08) — 스플릿/데이터 오류 가능
Warning:  WLDS: 비정상 가격 변동 407.8% (2025-09-10) — 스플릿/데이터 오류 가능
Warning:  WNW: 비정상 가격 변동 97.6% (2025-04-22) — 스플릿/데이터 오류 가능
Warning:  WULF: 비정상 가격 변동 64.2% (2021-06-25) — 스플릿/데이터 오류 가능
Warning:  WVE: 비정상 가격 변동 147.3% (2025-12-08) — 스플릿/데이터 오류 가능
Warning:  WW: Close NaN 비율 83.8% (기준: 30%)
Warning:  WYFI: Close NaN 비율 86.0% (기준: 30%)
Warning:  XRTX: 비정상 가격 변동 134.8% (2024-08-29) — 스플릿/데이터 오류 가능
Warning:  XTIA: 비정상 가격 변동 128.6% (2023-04-13) — 스플릿/데이터 오류 가능
Warning:  XXI: Close NaN 비율 66.4% (기준: 30%)
Warning:  XXI: 비정상 가격 변동 55.4% (2025-04-23) — 스플릿/데이터 오류 가능
Warning:  YDDL: Close NaN 비율 89.5% (기준: 30%)
Warning:  YDDL: 비정상 가격 변동 62.9% (2026-04-10) — 스플릿/데이터 오류 가능
Warning:  YOOV: Close NaN 비율 80.0% (기준: 30%)
Warning:  YOOV: 비정상 가격 변동 98.0% (2025-09-04) — 스플릿/데이터 오류 가능
Warning:  YRD: 비정상 가격 변동 54.6% (2022-08-31) — 스플릿/데이터 오류 가능
Warning:  YSXT: Close NaN 비율 73.5% (기준: 30%)
Warning:  YYGH: Close NaN 비율 60.2% (기준: 30%)
Warning:  YYGH: 비정상 가격 변동 63.6% (2025-09-10) — 스플릿/데이터 오류 가능
Warning:  ZBIO: Close NaN 비율 68.2% (기준: 30%)
Warning:  ZBIO: 비정상 가격 변동 51.9% (2026-01-05) — 스플릿/데이터 오류 가능
Warning:  ZDAI: Close NaN 비율 65.2% (기준: 30%)
Warning:  ZDAI: 비정상 가격 변동 918.6% (2024-11-26) — 스플릿/데이터 오류 가능
Warning:  ZENA: Close NaN 비율 69.1% (기준: 30%)
Warning:  ZENA: 비정상 가격 변동 258.7% (2024-11-25) — 스플릿/데이터 오류 가능
Warning:  ZNB: 비정상 가격 변동 104.8% (2025-10-07) — 스플릿/데이터 오류 가능
Warning:  ZTG: Close NaN 비율 87.7% (기준: 30%)
Warning:  ZVIA: 비정상 가격 변동 51.7% (2025-05-08) — 스플릿/데이터 오류 가능
[[NASDAQ/NYSE 분석]] 강한 섹터: {'Materials', 'Information Technology', 'Real Estate', 'Consumer Discretionary'}
[OHLCV] 배치 다운로드 1/2 (150개 종목, period=2y)...
[OHLCV] 배치 다운로드 2/2 (84개 종목, period=2y)...
[DataValidator] 37건의 데이터 품질 경고 발생
Warning:  AAOI: 비정상 가격 변동 56.9% (2026-02-27) — 스플릿/데이터 오류 가능
Warning:  APLS: 비정상 가격 변동 135.4% (2026-03-31) — 스플릿/데이터 오류 가능
Warning:  ARTL: 비정상 가격 변동 230.4% (2026-03-27) — 스플릿/데이터 오류 가능
Warning:  AUGO: Close NaN 비율 61.6% (기준: 30%)
Warning:  BATL: 비정상 가격 변동 211.7% (2026-01-26) — 스플릿/데이터 오류 가능
Warning:  BE: 비정상 가격 변동 59.2% (2024-11-15) — 스플릿/데이터 오류 가능
Warning:  BMNR: Close NaN 비율 56.2% (기준: 30%)
Warning:  BMNR: 비정상 가격 변동 694.8% (2025-06-30) — 스플릿/데이터 오류 가능
Warning:  BULL: 비정상 가격 변동 374.7% (2025-04-14) — 스플릿/데이터 오류 가능
Warning:  CRCL: Close NaN 비율 56.2% (기준: 30%)
Warning:  CRML: 비정상 가격 변동 55.4% (2025-10-13) — 스플릿/데이터 오류 가능
Warning:  CYCN: 비정상 가격 변동 311.6% (2026-04-01) — 스플릿/데이터 오류 가능
Warning:  EEIQ: 비정상 가격 변동 209.2% (2026-03-26) — 스플릿/데이터 오류 가능
Warning:  ELAB: 비정상 가격 변동 133.7% (2026-04-01) — 스플릿/데이터 오류 가능
Warning:  FIG: Close NaN 비율 63.8% (기준: 30%)
Warning:  FIGR: Close NaN 비율 69.6% (기준: 30%)
Warning:  FRMI: Close NaN 비율 72.4% (기준: 30%)
Warning:  KLAR: Close NaN 비율 69.6% (기준: 30%)
Warning:  KOD: 비정상 가격 변동 74.8% (2026-03-26) — 스플릿/데이터 오류 가능
Warning:  LGN: Close NaN 비율 69.8% (기준: 30%)
Warning:  NKTR: 비정상 가격 변동 156.3% (2025-06-24) — 스플릿/데이터 오류 가능
Warning:  OKLO: 비정상 가격 변동 53.6% (2024-05-10) — 스플릿/데이터 오류 가능
Warning:  PBM: 비정상 가격 변동 103.8% (2026-04-16) — 스플릿/데이터 오류 가능
Warning:  PRAX: 비정상 가격 변동 183.7% (2025-10-16) — 스플릿/데이터 오류 가능
Warning:  Q: Close NaN 비율 76.0% (기준: 30%)
Warning:  QBTS: 비정상 가격 변동 51.2% (2025-05-08) — 스플릿/데이터 오류 가능
Warning:  QUBT: 비정상 가격 변동 92.8% (2024-11-13) — 스플릿/데이터 오류 가능
Warning:  RDW: 비정상 가격 변동 51.4% (2025-01-21) — 스플릿/데이터 오류 가능
Warning:  RGTI: 비정상 가격 변동 58.0% (2024-11-25) — 스플릿/데이터 오류 가능
Warning:  RZLV: 비정상 가격 변동 54.5% (2024-12-17) — 스플릿/데이터 오류 가능
Warning:  SATS: 비정상 가격 변동 70.2% (2025-08-26) — 스플릿/데이터 오류 가능
Warning:  SNDK: Close NaN 비율 40.8% (기준: 30%)
Warning:  SOC: 비정상 가격 변동 56.2% (2025-12-18) — 스플릿/데이터 오류 가능
Warning:  TNGX: 비정상 가격 변동 52.7% (2025-05-19) — 스플릿/데이터 오류 가능
Warning:  UCAR: 비정상 가격 변동 331.9% (2026-04-08) — 스플릿/데이터 오류 가능
Warning:  UGRO: 비정상 가격 변동 417.0% (2026-03-25) — 스플릿/데이터 오류 가능
Warning:  WULF: 비정상 가격 변동 59.5% (2025-08-14) — 스플릿/데이터 오류 가능
[[NASDAQ/NYSE 분석]] Extreme model 'label_low' ROC 0.60, AP 0.49
[[NASDAQ/NYSE 분석]] Extreme model 'label_high' ROC 0.64, AP 0.45
[[NASDAQ/NYSE 분석]] Google Sheets 업데이트 완료 (234개 종목)
[Email] 바닥반등 3개 + 모멘텀 156개 = 총 159개 종목 리스트를 chunghwan14@gmail.com, roykim0311@gmail.com, ssamjungtan@naver.com로 발송 완료

============================================================
[[NASDAQ/NYSE 차트분석]] 이메일 대상 종목 차트 분석 시작
============================================================
[[NASDAQ/NYSE 차트분석]] 차트분석 대상 159개 종목: ['ACHC', 'VSAT', 'DBD', 'BBD', 'SITM', 'FN', 'CNTA', 'STX', 'KOD', 'STM', 'FLEX', 'SMTC', 'CACC', 'CMI', 'ON', 'VRDN', 'SPHR', 'SRPT', 'BEN', 'C', 'RDW', 'WDC', 'GFS', 'VIRT', 'ENS', 'APG', 'STT', 'TXN', 'DELL', 'ASX', 'ESE', 'TSEM', 'JLL', 'NTRS', 'SYRE', 'TEL', 'ORKA', 'FLG', 'UGRO', 'POWL', 'WT', 'STLD', 'AGX', 'ERAS', 'FLNC', 'CIEN', 'IBKR', 'TTMI', 'ESI', 'IRM', 'BATL', 'H', 'EBAY', 'CYCN', 'WH', 'BB', 'GKOS', 'PLXS', 'CSTM', 'VSEC', 'CRUS', 'SGML', 'ARW', 'CAR', 'MAR', 'RIO', 'RMBS', 'WCC', 'ITT', 'MYRG', 'MS', 'APLS', 'PLPC', 'R', 'ANET', 'LWLG', 'NKTR', 'MPWR', 'KEYS', 'TNGX', 'FCX', 'VIK', 'NUE', 'ONTO', 'NVDA', 'ARM', 'MCHP', 'ADI', 'BKSY', 'AUGO', 'LUNR', 'AEIS', 'XPO', 'MTSI', 'HUT', 'PRIM', 'DKS', 'JBL', 'CRS', 'VRT', 'UCTT', 'MTZ', 'BK', 'ENTG', 'HPE', 'SAIA', 'FORM', 'VFC', 'AVT', 'ROKU', 'UMC', 'PSA', 'CC', 'TER', 'PRAX', 'VICR', 'AXTI', 'AXSM', 'DNTH', 'KNX', 'AEHR', 'PVH', 'BE', 'GSAT', 'NOK', 'VIAV', 'AVGO', 'WULF', 'LFUS', 'TWST', 'IESC', 'KLAC', 'SNX', 'VALE', 'FERG', 'DLR', 'SNEX', 'AMKR', 'ACLS', 'AMD', 'ODFL', 'LSTR', 'JBHT', 'ST', 'LSCC', 'MRVL', 'COHR', 'ALM', 'RL', 'FIX', 'SATS', 'MOD', 'CLS', 'SIRI', 'AAOI', 'LITE', 'SKM', 'MKSI', 'SNDK']
[[NASDAQ/NYSE 차트분석]] 기존 NASDAQ 차트 파일 삭제 중...
[[NASDAQ/NYSE 차트분석]] TradingView 차트 캡처 시작...
[TradingView] BATL 브라우저 세션 시작...
[TradingView] 1H 캡처 완료 (60)
[TradingView] 4H 캡처 완료 (240)
[TradingView] Daily 캡처 완료 (D)
[TradingView] Weekly 캡처 완료 (W)
[TradingView] Monthly 캡처 완료 (M)
[[NASDAQ/NYSE 차트분석]] BATL 차트 5개 처리 완료
[TradingView] VRDN 브라우저 세션 시작...
[TradingView] 1H 캡처 완료 (60)
[TradingView] 4H 캡처 완료 (240)
[TradingView] Daily 캡처 완료 (D)
[TradingView] Weekly 캡처 완료 (W)
[TradingView] Monthly 캡처 완료 (M)
[[NASDAQ/NYSE 차트분석]] VRDN 차트 5개 처리 완료
[TradingView] FLNC 브라우저 세션 시작...
[TradingView] 1H 캡처 완료 (60)
[TradingView] 4H 캡처 완료 (240)
[TradingView] Daily 캡처 완료 (D)
[TradingView] Weekly 캡처 완료 (W)
[TradingView] Monthly 캡처 완료 (M)
[[NASDAQ/NYSE 차트분석]] FLNC 차트 5개 처리 완료
[TradingView] AVT 브라우저 세션 시작...
[TradingView] 1H 캡처 완료 (60)
[TradingView] 4H 캡처 완료 (240)
[TradingView] Daily 캡처 완료 (D)
[TradingView] Weekly 캡처 완료 (W)
[TradingView] Monthly 캡처 완료 (M)
[[NASDAQ/NYSE 차트분석]] AVT 차트 5개 처리 완료
[TradingView] ANET 브라우저 세션 시작...
[TradingView] 1H 캡처 완료 (60)
[TradingView] 4H 캡처 완료 (240)
[TradingView] Daily 캡처 완료 (D)
[TradingView] Weekly 캡처 완료 (W)
[TradingView] Monthly 캡처 완료 (M)
[[NASDAQ/NYSE 차트분석]] ANET 차트 5개 처리 완료
[TradingView] UGRO 브라우저 세션 시작...
[TradingView] 1H 캡처 완료 (60)
[TradingView] 4H 캡처 완료 (240)
[TradingView] Daily 캡처 완료 (D)
[TradingView] Weekly 캡처 완료 (W)
[TradingView] Monthly 캡처 완료 (M)
[[NASDAQ/NYSE 차트분석]] UGRO 차트 5개 처리 완료
[TradingView] ACHC 브라우저 세션 시작...
[TradingView] 1H 캡처 완료 (60)
[TradingView] 4H 캡처 완료 (240)
[TradingView] Daily 캡처 완료 (D)
[TradingView] Weekly 캡처 완료 (W)
[TradingView] Monthly 캡처 완료 (M)
[[NASDAQ/NYSE 차트분석]] ACHC 차트 5개 처리 완료
[TradingView] AVGO 브라우저 세션 시작...
[TradingView] 1H 캡처 완료 (60)
[TradingView] 4H 캡처 완료 (240)
[TradingView] Daily 캡처 완료 (D)
[TradingView] Weekly 캡처 완료 (W)
[TradingView] Monthly 캡처 완료 (M)
[[NASDAQ/NYSE 차트분석]] AVGO 차트 5개 처리 완료
[TradingView] CNTA 브라우저 세션 시작...
[TradingView] 1H 캡처 완료 (60)
[TradingView] 4H 캡처 완료 (240)
[TradingView] Daily 캡처 완료 (D)
[TradingView] Weekly 캡처 완료 (W)
[TradingView] Monthly 캡처 완료 (M)
[[NASDAQ/NYSE 차트분석]] CNTA 차트 5개 처리 완료
[TradingView] ARW 브라우저 세션 시작...
[TradingView] 1H 캡처 완료 (60)
[TradingView] 4H 캡처 완료 (240)
[TradingView] Daily 캡처 완료 (D)
[TradingView] Weekly 캡처 완료 (W)
[TradingView] Monthly 캡처 완료 (M)
[[NASDAQ/NYSE 차트분석]] ARW 차트 5개 처리 완료
[TradingView] PSA 브라우저 세션 시작...
[TradingView] 1H 캡처 완료 (60)
[TradingView] 4H 캡처 완료 (240)
[TradingView] Daily 캡처 완료 (D)
[TradingView] Weekly 캡처 완료 (W)
[TradingView] Monthly 캡처 완료 (M)
[[NASDAQ/NYSE 차트분석]] PSA 차트 5개 처리 완료
[TradingView] AAOI 브라우저 세션 시작...
[TradingView] 1H 캡처 완료 (60)
[TradingView] 4H 캡처 완료 (240)
[TradingView] Daily 캡처 완료 (D)
[TradingView] Weekly 캡처 완료 (W)
[TradingView] Monthly 캡처 완료 (M)
[[NASDAQ/NYSE 차트분석]] AAOI 차트 5개 처리 완료
[TradingView] CC 브라우저 세션 시작...
[TradingView] 1H 캡처 완료 (60)
[TradingView] 4H 캡처 완료 (240)
[TradingView] Daily 캡처 완료 (D)
[TradingView] Weekly 캡처 완료 (W)
[TradingView] Monthly 캡처 완료 (M)
[[NASDAQ/NYSE 차트분석]] CC 차트 5개 처리 완료
[TradingView] ESE 브라우저 세션 시작...
[TradingView] 1H 캡처 완료 (60)
[TradingView] 4H 캡처 완료 (240)
[TradingView] Daily 캡처 완료 (D)
[TradingView] Weekly 캡처 완료 (W)
[TradingView] Monthly 캡처 완료 (M)
[[NASDAQ/NYSE 차트분석]] ESE 차트 5개 처리 완료
[TradingView] RMBS 브라우저 세션 시작...
[TradingView] 1H 캡처 완료 (60)
[TradingView] 4H 캡처 완료 (240)
[TradingView] Daily 캡처 완료 (D)
[TradingView] Weekly 캡처 완료 (W)
[TradingView] Monthly 캡처 완료 (M)
[[NASDAQ/NYSE 차트분석]] RMBS 차트 5개 처리 완료
[TradingView] VIRT 브라우저 세션 시작...
[TradingView] 1H 캡처 완료 (60)
[TradingView] 4H 캡처 완료 (240)
[TradingView] Daily 캡처 완료 (D)
[TradingView] Weekly 캡처 완료 (W)
[TradingView] Monthly 캡처 완료 (M)
[[NASDAQ/NYSE 차트분석]] VIRT 차트 5개 처리 완료
[TradingView] WH 브라우저 세션 시작...
[TradingView] 1H 캡처 완료 (60)
[TradingView] 4H 캡처 완료 (240)
[TradingView] Daily 캡처 완료 (D)
[TradingView] Weekly 캡처 완료 (W)
[TradingView] Monthly 캡처 완료 (M)
[[NASDAQ/NYSE 차트분석]] WH 차트 5개 처리 완료
[TradingView] AGX 브라우저 세션 시작...
[TradingView] 1H 캡처 완료 (60)
[TradingView] 4H 캡처 완료 (240)
[TradingView] Daily 캡처 완료 (D)
[TradingView] Weekly 캡처 완료 (W)
[TradingView] Monthly 캡처 완료 (M)
[[NASDAQ/NYSE 차트분석]] AGX 차트 5개 처리 완료
[TradingView] ALM 브라우저 세션 시작...
[TradingView] 1H 캡처 완료 (60)
[TradingView] 4H 캡처 완료 (240)
[TradingView] Daily 캡처 완료 (D)
[TradingView] Weekly 캡처 완료 (W)
[TradingView] Monthly 캡처 완료 (M)
[[NASDAQ/NYSE 차트분석]] ALM 차트 5개 처리 완료
[TradingView] AXSM 브라우저 세션 시작...
[TradingView] 1H 캡처 완료 (60)
[TradingView] 4H 캡처 완료 (240)
[TradingView] Daily 캡처 완료 (D)
[TradingView] Weekly 캡처 완료 (W)
[TradingView] Monthly 캡처 완료 (M)
[[NASDAQ/NYSE 차트분석]] AXSM 차트 5개 처리 완료
[TradingView] AXTI 브라우저 세션 시작...
[TradingView] 1H 캡처 완료 (60)
[TradingView] 4H 캡처 완료 (240)
[TradingView] Daily 캡처 완료 (D)
[TradingView] Weekly 캡처 완료 (W)
[TradingView] Monthly 캡처 완료 (M)
[[NASDAQ/NYSE 차트분석]] AXTI 차트 5개 처리 완료
[TradingView] BKSY 브라우저 세션 시작...
[TradingView] 1H 캡처 완료 (60)
[TradingView] 4H 캡처 완료 (240)
[TradingView] Daily 캡처 완료 (D)
[TradingView] Weekly 캡처 완료 (W)
[TradingView] Monthly 캡처 완료 (M)
[[NASDAQ/NYSE 차트분석]] BKSY 차트 5개 처리 완료
[TradingView] CIEN 브라우저 세션 시작...
[TradingView] 1H 캡처 완료 (60)
[TradingView] 4H 캡처 완료 (240)
[TradingView] Daily 캡처 완료 (D)
[TradingView] Weekly 캡처 완료 (W)
[TradingView] Monthly 캡처 완료 (M)
[[NASDAQ/NYSE 차트분석]] CIEN 차트 5개 처리 완료
[TradingView] CRUS 브라우저 세션 시작...
[TradingView] 1H 캡처 완료 (60)
[TradingView] 4H 캡처 완료 (240)
[TradingView] Daily 캡처 완료 (D)
[TradingView] Weekly 캡처 완료 (W)
[TradingView] Monthly 캡처 완료 (M)
[[NASDAQ/NYSE 차트분석]] CRUS 차트 5개 처리 완료
[TradingView] CSTM 브라우저 세션 시작...
[TradingView] 1H 캡처 완료 (60)
[TradingView] 4H 캡처 완료 (240)
[TradingView] Daily 캡처 완료 (D)
[TradingView] Weekly 캡처 완료 (W)
[TradingView] Monthly 캡처 완료 (M)
[[NASDAQ/NYSE 차트분석]] CSTM 차트 5개 처리 완료
[TradingView] FERG 브라우저 세션 시작...
[TradingView] 1H 캡처 완료 (60)
[TradingView] 4H 캡처 완료 (240)
[TradingView] Daily 캡처 완료 (D)
[TradingView] Weekly 캡처 완료 (W)
[TradingView] Monthly 캡처 완료 (M)
[[NASDAQ/NYSE 차트분석]] FERG 차트 5개 처리 완료
[TradingView] CAR 브라우저 세션 시작...
[TradingView] 1H 캡처 완료 (60)
[TradingView] 4H 캡처 완료 (240)
[TradingView] Daily 캡처 완료 (D)
[TradingView] Weekly 캡처 완료 (W)
[TradingView] Monthly 캡처 완료 (M)
[[NASDAQ/NYSE 차트분석]] CAR 차트 5개 처리 완료
[TradingView] DNTH 브라우저 세션 시작...
[TradingView] 1H 캡처 완료 (60)
[TradingView] 4H 캡처 완료 (240)
[TradingView] Daily 캡처 완료 (D)
[TradingView] Weekly 캡처 완료 (W)
[TradingView] Monthly 캡처 완료 (M)
[[NASDAQ/NYSE 차트분석]] DNTH 차트 5개 처리 완료
[TradingView] GKOS 브라우저 세션 시작...
[TradingView] 1H 캡처 완료 (60)
[TradingView] 4H 캡처 완료 (240)
[TradingView] Daily 캡처 완료 (D)
[TradingView] Weekly 캡처 완료 (W)
[TradingView] Monthly 캡처 완료 (M)
[[NASDAQ/NYSE 차트분석]] GKOS 차트 5개 처리 완료
[TradingView] GSAT 브라우저 세션 시작...
[TradingView] 1H 캡처 완료 (60)
[TradingView] 4H 캡처 완료 (240)
[TradingView] Daily 캡처 완료 (D)
[TradingView] Weekly 캡처 완료 (W)
[TradingView] Monthly 캡처 완료 (M)
[[NASDAQ/NYSE 차트분석]] GSAT 차트 5개 처리 완료
[TradingView] KOD 브라우저 세션 시작...
[TradingView] 1H 캡처 완료 (60)
[TradingView] 4H 캡처 완료 (240)
[TradingView] Daily 캡처 완료 (D)
[TradingView] Weekly 캡처 완료 (W)
[TradingView] Monthly 캡처 완료 (M)
[[NASDAQ/NYSE 차트분석]] KOD 차트 5개 처리 완료
[TradingView] NVDA 브라우저 세션 시작...
[TradingView] 1H 캡처 완료 (60)
[TradingView] 4H 캡처 완료 (240)
[TradingView] Daily 캡처 완료 (D)
[TradingView] Weekly 캡처 완료 (W)
[TradingView] Monthly 캡처 완료 (M)
[[NASDAQ/NYSE 차트분석]] NVDA 차트 5개 처리 완료
[TradingView] SATS 브라우저 세션 시작...
[TradingView] 1H 캡처 완료 (60)
[TradingView] 4H 캡처 완료 (240)
[TradingView] Daily 캡처 완료 (D)
[TradingView] Weekly 캡처 완료 (W)
[TradingView] Monthly 캡처 완료 (M)
[[NASDAQ/NYSE 차트분석]] SATS 차트 5개 처리 완료
[TradingView] SKM 브라우저 세션 시작...
[TradingView] 1H 캡처 완료 (60)
[TradingView] 4H 캡처 완료 (240)
[TradingView] Daily 캡처 완료 (D)
[TradingView] Weekly 캡처 완료 (W)
[TradingView] Monthly 캡처 완료 (M)
[[NASDAQ/NYSE 차트분석]] SKM 차트 5개 처리 완료
[TradingView] WULF 브라우저 세션 시작...
[TradingView] 1H 캡처 완료 (60)
[TradingView] 4H 캡처 완료 (240)
[TradingView] Daily 캡처 완료 (D)
[TradingView] Weekly 캡처 완료 (W)
[TradingView] Monthly 캡처 완료 (M)
[[NASDAQ/NYSE 차트분석]] WULF 차트 5개 처리 완료
[TradingView] ARM 브라우저 세션 시작...
[TradingView] 1H 캡처 완료 (60)
[TradingView] 4H 캡처 완료 (240)
[TradingView] Daily 캡처 완료 (D)
[TradingView] Weekly 캡처 완료 (W)
[TradingView] Monthly 캡처 완료 (M)
[[NASDAQ/NYSE 차트분석]] ARM 차트 5개 처리 완료
[TradingView] CYCN 브라우저 세션 시작...
[TradingView] 1H 캡처 완료 (60)
[TradingView] 4H 캡처 완료 (240)
[TradingView] Daily 캡처 완료 (D)
[TradingView] Weekly 캡처 완료 (W)
[TradingView] Monthly 캡처 완료 (M)
[[NASDAQ/NYSE 차트분석]] CYCN 차트 5개 처리 완료
[TradingView] DELL 브라우저 세션 시작...
[TradingView] 1H 캡처 완료 (60)
[TradingView] 4H 캡처 완료 (240)
[TradingView] Daily 캡처 완료 (D)
[TradingView] Weekly 캡처 완료 (W)
[TradingView] Monthly 캡처 완료 (M)
[[NASDAQ/NYSE 차트분석]] DELL 차트 5개 처리 완료
[TradingView] AEIS 브라우저 세션 시작...
[TradingView] 1H 캡처 완료 (60)
[TradingView] 4H 캡처 완료 (240)
[TradingView] Daily 캡처 완료 (D)
[TradingView] Weekly 캡처 완료 (W)
[TradingView] Monthly 캡처 완료 (M)
[[NASDAQ/NYSE 차트분석]] AEIS 차트 5개 처리 완료
[TradingView] C 브라우저 세션 시작...
[TradingView] 1H 캡처 완료 (60)
[TradingView] 4H 캡처 완료 (240)
[TradingView] Daily 캡처 완료 (D)
[TradingView] Weekly 캡처 완료 (W)
[TradingView] Monthly 캡처 완료 (M)
[[NASDAQ/NYSE 차트분석]] C 차트 5개 처리 완료
[TradingView] CMI 브라우저 세션 시작...
[TradingView] 1H 캡처 완료 (60)
[TradingView] 4H 캡처 완료 (240)
[TradingView] Daily 캡처 완료 (D)
[TradingView] Weekly 캡처 완료 (W)
[TradingView] Monthly 캡처 완료 (M)
[[NASDAQ/NYSE 차트분석]] CMI 차트 5개 처리 완료
[TradingView] CRS 브라우저 세션 시작...
[TradingView] 1H 캡처 완료 (60)
[TradingView] 4H 캡처 완료 (240)
[TradingView] Daily 캡처 완료 (D)
[TradingView] Weekly 캡처 완료 (W)
[TradingView] Monthly 캡처 완료 (M)
[[NASDAQ/NYSE 차트분석]] CRS 차트 5개 처리 완료
[TradingView] DBD 브라우저 세션 시작...
[TradingView] 1H 캡처 완료 (60)
[TradingView] 4H 캡처 완료 (240)
[TradingView] Daily 캡처 완료 (D)
[TradingView] Weekly 캡처 완료 (W)
[TradingView] Monthly 캡처 완료 (M)
[[NASDAQ/NYSE 차트분석]] DBD 차트 5개 처리 완료
[TradingView] KEYS 브라우저 세션 시작...
[TradingView] 1H 캡처 완료 (60)
[TradingView] 4H 캡처 완료 (240)
[TradingView] Daily 캡처 완료 (D)
[TradingView] Weekly 캡처 완료 (W)
[TradingView] Monthly 캡처 완료 (M)
[[NASDAQ/NYSE 차트분석]] KEYS 차트 5개 처리 완료
[TradingView] LITE 브라우저 세션 시작...
[TradingView] 1H 캡처 완료 (60)
[TradingView] 4H 캡처 완료 (240)
[TradingView] Daily 캡처 완료 (D)
[TradingView] Weekly 캡처 완료 (W)
[TradingView] Monthly 캡처 완료 (M)
[[NASDAQ/NYSE 차트분석]] LITE 차트 5개 처리 완료
[TradingView] MKSI 브라우저 세션 시작...
[TradingView] 1H 캡처 완료 (60)
[TradingView] 4H 캡처 완료 (240)
[TradingView] Daily 캡처 완료 (D)
[TradingView] Weekly 캡처 완료 (W)
[TradingView] Monthly 캡처 완료 (M)
[[NASDAQ/NYSE 차트분석]] MKSI 차트 5개 처리 완료
[TradingView] POWL 브라우저 세션 시작...
[TradingView] 1H 캡처 완료 (60)
[TradingView] 4H 캡처 완료 (240)
[TradingView] Daily 캡처 완료 (D)
[TradingView] Weekly 캡처 완료 (W)
[TradingView] Monthly 캡처 완료 (M)
[[NASDAQ/NYSE 차트분석]] POWL 차트 5개 처리 완료
[TradingView] SNDK 브라우저 세션 시작...
[TradingView] 1H 캡처 완료 (60)
[TradingView] 4H 캡처 완료 (240)
[TradingView] Daily 캡처 완료 (D)
[TradingView] Weekly 캡처 완료 (W)
[TradingView] Monthly 캡처 완료 (M)
[[NASDAQ/NYSE 차트분석]] SNDK 차트 5개 처리 완료
[TradingView] SPHR 브라우저 세션 시작...
[TradingView] 1H 캡처 완료 (60)
[TradingView] 4H 캡처 완료 (240)
[TradingView] Daily 캡처 완료 (D)
[TradingView] Weekly 캡처 완료 (W)
[TradingView] Monthly 캡처 완료 (M)
[[NASDAQ/NYSE 차트분석]] SPHR 차트 5개 처리 완료
[TradingView] ST 브라우저 세션 시작...
[TradingView] 1H 캡처 완료 (60)
[TradingView] 4H 캡처 완료 (240)
[TradingView] Daily 캡처 완료 (D)
[TradingView] Weekly 캡처 완료 (W)
[TradingView] Monthly 캡처 완료 (M)
[[NASDAQ/NYSE 차트분석]] ST 차트 5개 처리 완료
[TradingView] STX 브라우저 세션 시작...
[TradingView] 1H 캡처 완료 (60)
[TradingView] 4H 캡처 완료 (240)
[TradingView] Daily 캡처 완료 (D)
[TradingView] Weekly 캡처 완료 (W)
[TradingView] Monthly 캡처 완료 (M)
[[NASDAQ/NYSE 차트분석]] STX 차트 5개 처리 완료
[TradingView] TER 브라우저 세션 시작...
[TradingView] 1H 캡처 완료 (60)
[TradingView] 4H 캡처 완료 (240)
[TradingView] Daily 캡처 완료 (D)
[TradingView] Weekly 캡처 완료 (W)
[TradingView] Monthly 캡처 완료 (M)
[[NASDAQ/NYSE 차트분석]] TER 차트 5개 처리 완료
[TradingView] TSEM 브라우저 세션 시작...
[TradingView] 1H 캡처 완료 (60)
[TradingView] 4H 캡처 완료 (240)
[TradingView] Daily 캡처 완료 (D)
[TradingView] Weekly 캡처 완료 (W)
[TradingView] Monthly 캡처 완료 (M)
[[NASDAQ/NYSE 차트분석]] TSEM 차트 5개 처리 완료
[TradingView] TTMI 브라우저 세션 시작...
[TradingView] 1H 캡처 완료 (60)
[TradingView] 4H 캡처 완료 (240)
[TradingView] Daily 캡처 완료 (D)
[TradingView] Weekly 캡처 완료 (W)
[TradingView] Monthly 캡처 완료 (M)
[[NASDAQ/NYSE 차트분석]] TTMI 차트 5개 처리 완료
[TradingView] UCTT 브라우저 세션 시작...
[TradingView] 1H 캡처 완료 (60)
[TradingView] 4H 캡처 완료 (240)
[TradingView] Daily 캡처 완료 (D)
[TradingView] Weekly 캡처 완료 (W)
[TradingView] Monthly 캡처 완료 (M)
[[NASDAQ/NYSE 차트분석]] UCTT 차트 5개 처리 완료
[TradingView] VIAV 브라우저 세션 시작...
[TradingView] 1H 캡처 완료 (60)
[TradingView] 4H 캡처 완료 (240)
[TradingView] Daily 캡처 완료 (D)
[TradingView] Weekly 캡처 완료 (W)
[TradingView] Monthly 캡처 완료 (M)
[[NASDAQ/NYSE 차트분석]] VIAV 차트 5개 처리 완료
[TradingView] WDC 브라우저 세션 시작...
[TradingView] 1H 캡처 완료 (60)
[TradingView] 4H 캡처 완료 (240)
[TradingView] Daily 캡처 완료 (D)
[TradingView] Weekly 캡처 완료 (W)
[TradingView] Monthly 캡처 완료 (M)
[[NASDAQ/NYSE 차트분석]] WDC 차트 5개 처리 완료
[TradingView] ACLS 브라우저 세션 시작...
[TradingView] 1H 캡처 완료 (60)
[TradingView] 4H 캡처 완료 (240)
[TradingView] Daily 캡처 완료 (D)
[TradingView] Weekly 캡처 완료 (W)
[TradingView] Monthly 캡처 완료 (M)
[[NASDAQ/NYSE 차트분석]] ACLS 차트 5개 처리 완료
[TradingView] VRT 브라우저 세션 시작...
[TradingView] 1H 캡처 완료 (60)
[TradingView] 4H 캡처 완료 (240)
[TradingView] Daily 캡처 완료 (D)
[TradingView] Weekly 캡처 완료 (W)
[TradingView] Monthly 캡처 완료 (M)
[[NASDAQ/NYSE 차트분석]] VRT 차트 5개 처리 완료
[TradingView] VSAT 브라우저 세션 시작...
[TradingView] 1H 캡처 완료 (60)
[TradingView] 4H 캡처 완료 (240)
[TradingView] Daily 캡처 완료 (D)
[TradingView] Weekly 캡처 완료 (W)
[TradingView] Monthly 캡처 완료 (M)
[[NASDAQ/NYSE 차트분석]] VSAT 차트 5개 처리 완료
[TradingView] CACC 브라우저 세션 시작...
[TradingView] 1H 캡처 완료 (60)
[TradingView] 4H 캡처 완료 (240)
[TradingView] Daily 캡처 완료 (D)
[TradingView] Weekly 캡처 완료 (W)
[TradingView] Monthly 캡처 완료 (M)
[[NASDAQ/NYSE 차트분석]] CACC 차트 5개 처리 완료
[TradingView] HPE 브라우저 세션 시작...
[TradingView] 1H 캡처 완료 (60)
[TradingView] 4H 캡처 완료 (240)
[TradingView] Daily 캡처 완료 (D)
[TradingView] Weekly 캡처 완료 (W)
[TradingView] Monthly 캡처 완료 (M)
[[NASDAQ/NYSE 차트분석]] HPE 차트 5개 처리 완료
[TradingView] APLS 브라우저 세션 시작...
[TradingView] 1H 캡처 완료 (60)
[TradingView] 4H 캡처 완료 (240)
[TradingView] Daily 캡처 완료 (D)
[TradingView] Weekly 캡처 완료 (W)
[TradingView] Monthly 캡처 완료 (M)
[[NASDAQ/NYSE 차트분석]] APLS 차트 5개 처리 완료
[TradingView] BE 브라우저 세션 시작...
[TradingView] 1H 캡처 완료 (60)
[TradingView] 4H 캡처 완료 (240)
[TradingView] Daily 캡처 완료 (D)
[TradingView] Weekly 캡처 완료 (W)
[TradingView] Monthly 캡처 완료 (M)
[[NASDAQ/NYSE 차트분석]] BE 차트 5개 처리 완료
[TradingView] ENS 브라우저 세션 시작...
[TradingView] 1H 캡처 완료 (60)
[TradingView] 4H 캡처 완료 (240)
[TradingView] Daily 캡처 완료 (D)
[TradingView] Weekly 캡처 완료 (W)
[TradingView] Monthly 캡처 완료 (M)
[[NASDAQ/NYSE 차트분석]] ENS 차트 5개 처리 완료
[TradingView] FCX 브라우저 세션 시작...
[TradingView] 1H 캡처 완료 (60)
[TradingView] 4H 캡처 완료 (240)
[TradingView] Daily 캡처 완료 (D)
[TradingView] Weekly 캡처 완료 (W)
[TradingView] Monthly 캡처 완료 (M)
[[NASDAQ/NYSE 차트분석]] FCX 차트 5개 처리 완료
[TradingView] FIX 브라우저 세션 시작...
[TradingView] 1H 캡처 완료 (60)
[TradingView] 4H 캡처 완료 (240)
[TradingView] Daily 캡처 완료 (D)
[TradingView] Weekly 캡처 완료 (W)
[TradingView] Monthly 캡처 완료 (M)
[[NASDAQ/NYSE 차트분석]] FIX 차트 5개 처리 완료
[TradingView] FN 브라우저 세션 시작...
[TradingView] 1H 캡처 완료 (60)
[TradingView] 4H 캡처 완료 (240)
[TradingView] Daily 캡처 완료 (D)
[TradingView] Weekly 캡처 완료 (W)
[TradingView] Monthly 캡처 완료 (M)
[[NASDAQ/NYSE 차트분석]] FN 차트 5개 처리 완료
[TradingView] IESC 브라우저 세션 시작...
[TradingView] 1H 캡처 완료 (60)
[TradingView] 4H 캡처 완료 (240)
[TradingView] Daily 캡처 완료 (D)
[TradingView] Weekly 캡처 완료 (W)
[TradingView] Monthly 캡처 완료 (M)
[[NASDAQ/NYSE 차트분석]] IESC 차트 5개 처리 완료
[TradingView] KLAC 브라우저 세션 시작...
[TradingView] 1H 캡처 완료 (60)
[TradingView] 4H 캡처 완료 (240)
[TradingView] Daily 캡처 완료 (D)
[TradingView] Weekly 캡처 완료 (W)
[TradingView] Monthly 캡처 완료 (M)
[[NASDAQ/NYSE 차트분석]] KLAC 차트 5개 처리 완료
[TradingView] LFUS 브라우저 세션 시작...
[TradingView] 1H 캡처 완료 (60)
[TradingView] 4H 캡처 완료 (240)
[TradingView] Daily 캡처 완료 (D)
[TradingView] Weekly 캡처 완료 (W)
[TradingView] Monthly 캡처 완료 (M)
[[NASDAQ/NYSE 차트분석]] LFUS 차트 5개 처리 완료
[TradingView] LUNR 브라우저 세션 시작...
[TradingView] 1H 캡처 완료 (60)
[TradingView] 4H 캡처 완료 (240)
[TradingView] Daily 캡처 완료 (D)
[TradingView] Weekly 캡처 완료 (W)
[TradingView] Monthly 캡처 완료 (M)
[[NASDAQ/NYSE 차트분석]] LUNR 차트 5개 처리 완료
[TradingView] MOD 브라우저 세션 시작...
[TradingView] 1H 캡처 완료 (60)
[TradingView] 4H 캡처 완료 (240)
[TradingView] Daily 캡처 완료 (D)
[TradingView] Weekly 캡처 완료 (W)
[TradingView] Monthly 캡처 완료 (M)
[[NASDAQ/NYSE 차트분석]] MOD 차트 5개 처리 완료
[TradingView] MTZ 브라우저 세션 시작...
[TradingView] 1H 캡처 완료 (60)
[TradingView] 4H 캡처 완료 (240)
[TradingView] Daily 캡처 완료 (D)
[TradingView] Weekly 캡처 완료 (W)
[TradingView] Monthly 캡처 완료 (M)
[[NASDAQ/NYSE 차트분석]] MTZ 차트 5개 처리 완료
[TradingView] MYRG 브라우저 세션 시작...
[TradingView] 1H 캡처 완료 (60)
[TradingView] 4H 캡처 완료 (240)
[TradingView] Daily 캡처 완료 (D)
[TradingView] Weekly 캡처 완료 (W)
[TradingView] Monthly 캡처 완료 (M)
[[NASDAQ/NYSE 차트분석]] MYRG 차트 5개 처리 완료
[TradingView] PLPC 브라우저 세션 시작...
[TradingView] 1H 캡처 완료 (60)
[TradingView] 4H 캡처 완료 (240)
[TradingView] Daily 캡처 완료 (D)
[TradingView] Weekly 캡처 완료 (W)
[TradingView] Monthly 캡처 완료 (M)
[[NASDAQ/NYSE 차트분석]] PLPC 차트 5개 처리 완료
[TradingView] RL 브라우저 세션 시작...
[TradingView] 1H 캡처 완료 (60)
[TradingView] 4H 캡처 완료 (240)
[TradingView] Daily 캡처 완료 (D)
[TradingView] Weekly 캡처 완료 (W)
[TradingView] Monthly 캡처 완료 (M)
[[NASDAQ/NYSE 차트분석]] RL 차트 5개 처리 완료
[TradingView] SNX 브라우저 세션 시작...
[TradingView] 1H 캡처 완료 (60)
[TradingView] 4H 캡처 완료 (240)
[TradingView] Daily 캡처 완료 (D)
[TradingView] Weekly 캡처 완료 (W)
[TradingView] Monthly 캡처 완료 (M)
[[NASDAQ/NYSE 차트분석]] SNX 차트 5개 처리 완료
[TradingView] WCC 브라우저 세션 시작...
[TradingView] 1H 캡처 완료 (60)
[TradingView] 4H 캡처 완료 (240)
[TradingView] Daily 캡처 완료 (D)
[TradingView] Weekly 캡처 완료 (W)
[TradingView] Monthly 캡처 완료 (M)
[[NASDAQ/NYSE 차트분석]] WCC 차트 5개 처리 완료
[TradingView] ADI 브라우저 세션 시작...
[TradingView] 1H 캡처 완료 (60)
[TradingView] 4H 캡처 완료 (240)
[TradingView] Daily 캡처 완료 (D)
[TradingView] Weekly 캡처 완료 (W)
[TradingView] Monthly 캡처 완료 (M)
[[NASDAQ/NYSE 차트분석]] ADI 차트 5개 처리 완료
[TradingView] BB 브라우저 세션 시작...
[TradingView] 1H 캡처 완료 (60)
[TradingView] 4H 캡처 완료 (240)
[TradingView] Daily 캡처 완료 (D)
[TradingView] Weekly 캡처 완료 (W)
[TradingView] Monthly 캡처 완료 (M)
[[NASDAQ/NYSE 차트분석]] BB 차트 5개 처리 완료
[TradingView] AMD 브라우저 세션 시작...
[TradingView] 1H 캡처 완료 (60)
[TradingView] 4H 캡처 완료 (240)
[TradingView] Daily 캡처 완료 (D)
[TradingView] Weekly 캡처 완료 (W)
[TradingView] Monthly 캡처 완료 (M)
[[NASDAQ/NYSE 차트분석]] AMD 차트 5개 처리 완료
[TradingView] ENTG 브라우저 세션 시작...
[TradingView] 1H 캡처 완료 (60)
[TradingView] 4H 캡처 완료 (240)
[TradingView] Daily 캡처 완료 (D)
[TradingView] Weekly 캡처 완료 (W)
[TradingView] Monthly 캡처 완료 (M)
[[NASDAQ/NYSE 차트분석]] ENTG 차트 5개 처리 완료
[TradingView] H 브라우저 세션 시작...
[TradingView] 1H 캡처 완료 (60)
[TradingView] 4H 캡처 완료 (240)
[TradingView] Daily 캡처 완료 (D)
[TradingView] Weekly 캡처 완료 (W)
[TradingView] Monthly 캡처 완료 (M)
[[NASDAQ/NYSE 차트분석]] H 차트 5개 처리 완료
[TradingView] APG 브라우저 세션 시작...
[TradingView] 1H 캡처 완료 (60)
[TradingView] 4H 캡처 완료 (240)
[TradingView] Daily 캡처 완료 (D)
[TradingView] Weekly 캡처 완료 (W)
[TradingView] Monthly 캡처 완료 (M)
[[NASDAQ/NYSE 차트분석]] APG 차트 5개 처리 완료
[TradingView] BK 브라우저 세션 시작...
[TradingView] 1H 캡처 완료 (60)
[TradingView] 4H 캡처 완료 (240)
[TradingView] Daily 캡처 완료 (D)
[TradingView] Weekly 캡처 완료 (W)
[TradingView] Monthly 캡처 완료 (M)
[[NASDAQ/NYSE 차트분석]] BK 차트 5개 처리 완료
[TradingView] COHR 브라우저 세션 시작...
[TradingView] 1H 캡처 완료 (60)
[TradingView] 4H 캡처 완료 (240)
[TradingView] Daily 캡처 완료 (D)
[TradingView] Weekly 캡처 완료 (W)
[TradingView] Monthly 캡처 완료 (M)
[[NASDAQ/NYSE 차트분석]] COHR 차트 5개 처리 완료
[TradingView] FLEX 브라우저 세션 시작...
[TradingView] 1H 캡처 완료 (60)
[TradingView] 4H 캡처 완료 (240)
[TradingView] Daily 캡처 완료 (D)
[TradingView] Weekly 캡처 완료 (W)
[TradingView] Monthly 캡처 완료 (M)
[[NASDAQ/NYSE 차트분석]] FLEX 차트 5개 처리 완료
[TradingView] MAR 브라우저 세션 시작...
[TradingView] 1H 캡처 완료 (60)
[TradingView] 4H 캡처 완료 (240)
[TradingView] Daily 캡처 완료 (D)
[TradingView] Weekly 캡처 완료 (W)
[TradingView] Monthly 캡처 완료 (M)
[[NASDAQ/NYSE 차트분석]] MAR 차트 5개 처리 완료
[TradingView] MS 브라우저 세션 시작...
[TradingView] 1H 캡처 완료 (60)
[TradingView] 4H 캡처 완료 (240)
[TradingView] Daily 캡처 완료 (D)
[TradingView] Weekly 캡처 완료 (W)
[TradingView] Monthly 캡처 완료 (M)
[[NASDAQ/NYSE 차트분석]] MS 차트 5개 처리 완료
[TradingView] MTSI 브라우저 세션 시작...
[TradingView] 1H 캡처 완료 (60)
[TradingView] 4H 캡처 완료 (240)
[TradingView] Daily 캡처 완료 (D)
[TradingView] Weekly 캡처 완료 (W)
[TradingView] Monthly 캡처 완료 (M)
[[NASDAQ/NYSE 차트분석]] MTSI 차트 5개 처리 완료
[TradingView] NOK 브라우저 세션 시작...
[TradingView] 1H 캡처 완료 (60)
[TradingView] 4H 캡처 완료 (240)
[TradingView] Daily 캡처 완료 (D)
[TradingView] Weekly 캡처 완료 (W)
[TradingView] Monthly 캡처 완료 (M)
[[NASDAQ/NYSE 차트분석]] NOK 차트 5개 처리 완료
[TradingView] NTRS 브라우저 세션 시작...
[TradingView] 1H 캡처 완료 (60)
[TradingView] 4H 캡처 완료 (240)
[TradingView] Daily 캡처 완료 (D)
[TradingView] Weekly 캡처 완료 (W)
[TradingView] Monthly 캡처 완료 (M)
[[NASDAQ/NYSE 차트분석]] NTRS 차트 5개 처리 완료
[TradingView] ODFL 브라우저 세션 시작...
[TradingView] 1H 캡처 완료 (60)
[TradingView] 4H 캡처 완료 (240)
[TradingView] Daily 캡처 완료 (D)
[TradingView] Weekly 캡처 완료 (W)
[TradingView] Monthly 캡처 완료 (M)
[[NASDAQ/NYSE 차트분석]] ODFL 차트 5개 처리 완료
[TradingView] STLD 브라우저 세션 시작...
[TradingView] 1H 캡처 완료 (60)
[TradingView] 4H 캡처 완료 (240)
[TradingView] Daily 캡처 완료 (D)
[TradingView] Weekly 캡처 완료 (W)
[TradingView] Monthly 캡처 완료 (M)
[[NASDAQ/NYSE 차트분석]] STLD 차트 5개 처리 완료
[TradingView] VSEC 브라우저 세션 시작...
[TradingView] 1H 캡처 완료 (60)
[TradingView] 4H 캡처 완료 (240)
[TradingView] Daily 캡처 완료 (D)
[TradingView] Weekly 캡처 완료 (W)
[TradingView] Monthly 캡처 완료 (M)
[[NASDAQ/NYSE 차트분석]] VSEC 차트 5개 처리 완료
[TradingView] PVH 브라우저 세션 시작...
[TradingView] 1H 캡처 완료 (60)
[TradingView] 4H 캡처 완료 (240)
[TradingView] Daily 캡처 완료 (D)
[TradingView] Weekly 캡처 완료 (W)
[TradingView] Monthly 캡처 완료 (M)
[[NASDAQ/NYSE 차트분석]] PVH 차트 5개 처리 완료
[TradingView] SRPT 브라우저 세션 시작...
[TradingView] 1H 캡처 완료 (60)
[TradingView] 4H 캡처 완료 (240)
[TradingView] Daily 캡처 완료 (D)
[TradingView] Weekly 캡처 완료 (W)
[TradingView] Monthly 캡처 완료 (M)
[[NASDAQ/NYSE 차트분석]] SRPT 차트 5개 처리 완료
[TradingView] CLS 브라우저 세션 시작...
[TradingView] 1H 캡처 완료 (60)
[TradingView] 4H 캡처 완료 (240)
[TradingView] Daily 캡처 완료 (D)
[TradingView] Weekly 캡처 완료 (W)
[TradingView] Monthly 캡처 완료 (M)
[[NASDAQ/NYSE 차트분석]] CLS 차트 5개 처리 완료
[TradingView] MPWR 브라우저 세션 시작...
[TradingView] 1H 캡처 완료 (60)
[TradingView] 4H 캡처 완료 (240)
[TradingView] Daily 캡처 완료 (D)
[TradingView] Weekly 캡처 완료 (W)
[TradingView] Monthly 캡처 완료 (M)
[[NASDAQ/NYSE 차트분석]] MPWR 차트 5개 처리 완료
[TradingView] ORKA 브라우저 세션 시작...
[TradingView] 1H 캡처 완료 (60)
[TradingView] 4H 캡처 완료 (240)
[TradingView] Daily 캡처 완료 (D)
[TradingView] Weekly 캡처 완료 (W)
[TradingView] Monthly 캡처 완료 (M)
[[NASDAQ/NYSE 차트분석]] ORKA 차트 5개 처리 완료
[TradingView] DLR 브라우저 세션 시작...
[TradingView] 1H 캡처 완료 (60)
[TradingView] 4H 캡처 완료 (240)
[TradingView] Daily 캡처 완료 (D)
[TradingView] Weekly 캡처 완료 (W)
[TradingView] Monthly 캡처 완료 (M)
[[NASDAQ/NYSE 차트분석]] DLR 차트 5개 처리 완료
[TradingView] IRM 브라우저 세션 시작...
[TradingView] 1H 캡처 완료 (60)
[TradingView] 4H 캡처 완료 (240)
[TradingView] Daily 캡처 완료 (D)
[TradingView] Weekly 캡처 완료 (W)
[TradingView] Monthly 캡처 완료 (M)
[[NASDAQ/NYSE 차트분석]] IRM 차트 5개 처리 완료
[TradingView] SIRI 브라우저 세션 시작...
[TradingView] 1H 캡처 완료 (60)
[TradingView] 4H 캡처 완료 (240)
[TradingView] Daily 캡처 완료 (D)
[TradingView] Weekly 캡처 완료 (W)
[TradingView] Monthly 캡처 완료 (M)
[[NASDAQ/NYSE 차트분석]] SIRI 차트 5개 처리 완료
[TradingView] BBD 브라우저 세션 시작...
[TradingView] 1H 캡처 완료 (60)
[TradingView] 4H 캡처 완료 (240)
[TradingView] Daily 캡처 완료 (D)
[TradingView] Weekly 캡처 완료 (W)
[TradingView] Monthly 캡처 완료 (M)
[[NASDAQ/NYSE 차트분석]] BBD 차트 5개 처리 완료
[TradingView] ESI 브라우저 세션 시작...
[TradingView] 1H 캡처 완료 (60)
[TradingView] 4H 캡처 완료 (240)
[TradingView] Daily 캡처 완료 (D)
[TradingView] Weekly 캡처 완료 (W)
[TradingView] Monthly 캡처 완료 (M)
[[NASDAQ/NYSE 차트분석]] ESI 차트 5개 처리 완료
[TradingView] IBKR 브라우저 세션 시작...
[TradingView] 1H 캡처 완료 (60)
[TradingView] 4H 캡처 완료 (240)
[TradingView] Daily 캡처 완료 (D)
[TradingView] Weekly 캡처 완료 (W)
[TradingView] Monthly 캡처 완료 (M)
[[NASDAQ/NYSE 차트분석]] IBKR 차트 5개 처리 완료
[TradingView] ITT 브라우저 세션 시작...
[TradingView] 1H 캡처 완료 (60)
[TradingView] 4H 캡처 완료 (240)
[TradingView] Daily 캡처 완료 (D)
[TradingView] Weekly 캡처 완료 (W)
[TradingView] Monthly 캡처 완료 (M)
[[NASDAQ/NYSE 차트분석]] ITT 차트 5개 처리 완료
[TradingView] KNX 브라우저 세션 시작...
[TradingView] 1H 캡처 완료 (60)
[TradingView] 4H 캡처 완료 (240)
[TradingView] Daily 캡처 완료 (D)
[TradingView] Weekly 캡처 완료 (W)
[TradingView] Monthly 캡처 완료 (M)
[[NASDAQ/NYSE 차트분석]] KNX 차트 5개 처리 완료
[TradingView] LSCC 브라우저 세션 시작...
[TradingView] 1H 캡처 완료 (60)
[TradingView] 4H 캡처 완료 (240)
[TradingView] Daily 캡처 완료 (D)
[TradingView] Weekly 캡처 완료 (W)
[TradingView] Monthly 캡처 완료 (M)
[[NASDAQ/NYSE 차트분석]] LSCC 차트 5개 처리 완료
[TradingView] LSTR 브라우저 세션 시작...
[TradingView] 1H 캡처 완료 (60)
[TradingView] 4H 캡처 완료 (240)
[TradingView] Daily 캡처 완료 (D)
[TradingView] Weekly 캡처 완료 (W)
[TradingView] Monthly 캡처 완료 (M)
[[NASDAQ/NYSE 차트분석]] LSTR 차트 5개 처리 완료
[TradingView] MCHP 브라우저 세션 시작...
[TradingView] 1H 캡처 완료 (60)
[TradingView] 4H 캡처 완료 (240)
[TradingView] Daily 캡처 완료 (D)
[TradingView] Weekly 캡처 완료 (W)
[TradingView] Monthly 캡처 완료 (M)
[[NASDAQ/NYSE 차트분석]] MCHP 차트 5개 처리 완료
[TradingView] PLXS 브라우저 세션 시작...
[TradingView] 1H 캡처 완료 (60)
[TradingView] 4H 캡처 완료 (240)
[TradingView] Daily 캡처 완료 (D)
[TradingView] Weekly 캡처 완료 (W)
[TradingView] Monthly 캡처 완료 (M)
[[NASDAQ/NYSE 차트분석]] PLXS 차트 5개 처리 완료
[TradingView] PRAX 브라우저 세션 시작...
[TradingView] 1H 캡처 완료 (60)
[TradingView] 4H 캡처 완료 (240)
[TradingView] Daily 캡처 완료 (D)
[TradingView] Weekly 캡처 완료 (W)
[TradingView] Monthly 캡처 완료 (M)
[[NASDAQ/NYSE 차트분석]] PRAX 차트 5개 처리 완료
[TradingView] PRIM 브라우저 세션 시작...
[TradingView] 1H 캡처 완료 (60)
[TradingView] 4H 캡처 완료 (240)
[TradingView] Daily 캡처 완료 (D)
[TradingView] Weekly 캡처 완료 (W)
[TradingView] Monthly 캡처 완료 (M)
[[NASDAQ/NYSE 차트분석]] PRIM 차트 5개 처리 완료
[TradingView] R 브라우저 세션 시작...
[TradingView] 1H 캡처 완료 (60)
[TradingView] 4H 캡처 완료 (240)
[TradingView] Daily 캡처 완료 (D)
[TradingView] Weekly 캡처 완료 (W)
[TradingView] Monthly 캡처 완료 (M)
[[NASDAQ/NYSE 차트분석]] R 차트 5개 처리 완료
[TradingView] RIO 브라우저 세션 시작...
[TradingView] 1H 캡처 완료 (60)
[TradingView] 4H 캡처 완료 (240)
[TradingView] Daily 캡처 완료 (D)
[TradingView] Weekly 캡처 완료 (W)
[TradingView] Monthly 캡처 완료 (M)
[[NASDAQ/NYSE 차트분석]] RIO 차트 5개 처리 완료
[TradingView] VALE 브라우저 세션 시작...
[TradingView] 1H 캡처 완료 (60)
[TradingView] 4H 캡처 완료 (240)
[TradingView] Daily 캡처 완료 (D)
[TradingView] Weekly 캡처 완료 (W)
[TradingView] Monthly 캡처 완료 (M)
[[NASDAQ/NYSE 차트분석]] VALE 차트 5개 처리 완료
[TradingView] VIK 브라우저 세션 시작...
[TradingView] 1H 캡처 완료 (60)
[TradingView] 4H 캡처 완료 (240)
[TradingView] Daily 캡처 완료 (D)
[TradingView] Weekly 캡처 완료 (W)
[TradingView] Monthly 캡처 완료 (M)
[[NASDAQ/NYSE 차트분석]] VIK 차트 5개 처리 완료
[TradingView] XPO 브라우저 세션 시작...
[TradingView] 1H 캡처 완료 (60)
[TradingView] 4H 캡처 완료 (240)
[TradingView] Daily 캡처 완료 (D)
[TradingView] Weekly 캡처 완료 (W)
[TradingView] Monthly 캡처 완료 (M)
[[NASDAQ/NYSE 차트분석]] XPO 차트 5개 처리 완료
[TradingView] MRVL 브라우저 세션 시작...
[TradingView] 1H 캡처 완료 (60)
[TradingView] 4H 캡처 완료 (240)
[TradingView] Daily 캡처 완료 (D)
[TradingView] Weekly 캡처 완료 (W)
[TradingView] Monthly 캡처 완료 (M)
[[NASDAQ/NYSE 차트분석]] MRVL 차트 5개 처리 완료
[TradingView] SNEX 브라우저 세션 시작...
[TradingView] 1H 캡처 완료 (60)
[TradingView] 4H 캡처 완료 (240)
[TradingView] Daily 캡처 완료 (D)
[TradingView] Weekly 캡처 완료 (W)
[TradingView] Monthly 캡처 완료 (M)
[[NASDAQ/NYSE 차트분석]] SNEX 차트 5개 처리 완료
[TradingView] STM 브라우저 세션 시작...
[TradingView] 1H 캡처 완료 (60)
[TradingView] 4H 캡처 완료 (240)
[TradingView] Daily 캡처 완료 (D)
[TradingView] Weekly 캡처 완료 (W)
[TradingView] Monthly 캡처 완료 (M)
[[NASDAQ/NYSE 차트분석]] STM 차트 5개 처리 완료
[TradingView] STT 브라우저 세션 시작...
[TradingView] 1H 캡처 완료 (60)
[TradingView] 4H 캡처 완료 (240)
[TradingView] Daily 캡처 완료 (D)
[TradingView] Weekly 캡처 완료 (W)
[TradingView] Monthly 캡처 완료 (M)
[[NASDAQ/NYSE 차트분석]] STT 차트 5개 처리 완료
[TradingView] ERAS 브라우저 세션 시작...
[TradingView] 1H 캡처 완료 (60)
[TradingView] 4H 캡처 완료 (240)
[TradingView] Daily 캡처 완료 (D)
[TradingView] Weekly 캡처 완료 (W)
[TradingView] Monthly 캡처 완료 (M)
[[NASDAQ/NYSE 차트분석]] ERAS 차트 5개 처리 완료
[TradingView] ASX 브라우저 세션 시작...
[TradingView] 1H 캡처 완료 (60)
[TradingView] 4H 캡처 완료 (240)
[TradingView] Daily 캡처 완료 (D)
[TradingView] Weekly 캡처 완료 (W)
[TradingView] Monthly 캡처 완료 (M)
[[NASDAQ/NYSE 차트분석]] ASX 차트 5개 처리 완료
[TradingView] AUGO 브라우저 세션 시작...
[TradingView] 1H 캡처 완료 (60)
[TradingView] 4H 캡처 완료 (240)
[TradingView] Daily 캡처 완료 (D)
[TradingView] Weekly 캡처 완료 (W)
[TradingView] Monthly 캡처 완료 (M)
[[NASDAQ/NYSE 차트분석]] AUGO 차트 5개 처리 완료
[TradingView] VICR 브라우저 세션 시작...
[TradingView] 1H 캡처 완료 (60)
[TradingView] 4H 캡처 완료 (240)
[TradingView] Daily 캡처 완료 (D)
[TradingView] Weekly 캡처 완료 (W)
[TradingView] Monthly 캡처 완료 (M)
[[NASDAQ/NYSE 차트분석]] VICR 차트 5개 처리 완료
[TradingView] AMKR 브라우저 세션 시작...
[TradingView] 1H 캡처 완료 (60)
[TradingView] 4H 캡처 완료 (240)
[TradingView] Daily 캡처 완료 (D)
[TradingView] Weekly 캡처 완료 (W)
[TradingView] Monthly 캡처 완료 (M)
[[NASDAQ/NYSE 차트분석]] AMKR 차트 5개 처리 완료
[TradingView] BEN 브라우저 세션 시작...
[TradingView] 1H 캡처 완료 (60)
[TradingView] 4H 캡처 완료 (240)
[TradingView] Daily 캡처 완료 (D)
[TradingView] Weekly 캡처 완료 (W)
[TradingView] Monthly 캡처 완료 (M)
[[NASDAQ/NYSE 차트분석]] BEN 차트 5개 처리 완료
[TradingView] GFS 브라우저 세션 시작...
[TradingView] 1H 캡처 완료 (60)
[TradingView] 4H 캡처 완료 (240)
[TradingView] Daily 캡처 완료 (D)
[TradingView] Weekly 캡처 완료 (W)
[TradingView] Monthly 캡처 완료 (M)
[[NASDAQ/NYSE 차트분석]] GFS 차트 5개 처리 완료
[TradingView] WT 브라우저 세션 시작...
[TradingView] 1H 캡처 완료 (60)
[TradingView] 4H 캡처 완료 (240)
[TradingView] Daily 캡처 완료 (D)
[TradingView] Weekly 캡처 완료 (W)
[TradingView] Monthly 캡처 완료 (M)
[[NASDAQ/NYSE 차트분석]] WT 차트 5개 처리 완료
[TradingView] EBAY 브라우저 세션 시작...
[TradingView] 1H 캡처 완료 (60)
[TradingView] 4H 캡처 완료 (240)
[TradingView] Daily 캡처 완료 (D)
[TradingView] Weekly 캡처 완료 (W)
[TradingView] Monthly 캡처 완료 (M)
[[NASDAQ/NYSE 차트분석]] EBAY 차트 5개 처리 완료
[TradingView] FLG 브라우저 세션 시작...
[TradingView] 1H 캡처 완료 (60)
[TradingView] 4H 캡처 완료 (240)
[TradingView] Daily 캡처 완료 (D)
[TradingView] Weekly 캡처 완료 (W)
[TradingView] Monthly 캡처 완료 (M)
[[NASDAQ/NYSE 차트분석]] FLG 차트 5개 처리 완료
[TradingView] FORM 브라우저 세션 시작...
[TradingView] 1H 캡처 완료 (60)
[TradingView] 4H 캡처 완료 (240)
[TradingView] Daily 캡처 완료 (D)
[TradingView] Weekly 캡처 완료 (W)
[TradingView] Monthly 캡처 완료 (M)
[[NASDAQ/NYSE 차트분석]] FORM 차트 5개 처리 완료
[TradingView] JBHT 브라우저 세션 시작...
[TradingView] 1H 캡처 완료 (60)
[TradingView] 4H 캡처 완료 (240)
[TradingView] Daily 캡처 완료 (D)
[TradingView] Weekly 캡처 완료 (W)
[TradingView] Monthly 캡처 완료 (M)
[[NASDAQ/NYSE 차트분석]] JBHT 차트 5개 처리 완료
[TradingView] LWLG 브라우저 세션 시작...
[TradingView] 1H 캡처 완료 (60)
[TradingView] 4H 캡처 완료 (240)
[TradingView] Daily 캡처 완료 (D)
[TradingView] Weekly 캡처 완료 (W)
[TradingView] Monthly 캡처 완료 (M)
[[NASDAQ/NYSE 차트분석]] LWLG 차트 5개 처리 완료
[TradingView] NKTR 브라우저 세션 시작...
[TradingView] 1H 캡처 완료 (60)
[TradingView] 4H 캡처 완료 (240)
[TradingView] Daily 캡처 완료 (D)
[TradingView] Weekly 캡처 완료 (W)
[TradingView] Monthly 캡처 완료 (M)
[[NASDAQ/NYSE 차트분석]] NKTR 차트 5개 처리 완료
[TradingView] NUE 브라우저 세션 시작...
[TradingView] 1H 캡처 완료 (60)
[TradingView] 4H 캡처 완료 (240)
[TradingView] Daily 캡처 완료 (D)
[TradingView] Weekly 캡처 완료 (W)
[TradingView] Monthly 캡처 완료 (M)
[[NASDAQ/NYSE 차트분석]] NUE 차트 5개 처리 완료
[TradingView] ONTO 브라우저 세션 시작...
[TradingView] 1H 캡처 완료 (60)
[TradingView] 4H 캡처 완료 (240)
[TradingView] Daily 캡처 완료 (D)
[TradingView] Weekly 캡처 완료 (W)
[TradingView] Monthly 캡처 완료 (M)
[[NASDAQ/NYSE 차트분석]] ONTO 차트 5개 처리 완료
[TradingView] ROKU 브라우저 세션 시작...
[TradingView] 1H 캡처 완료 (60)
[TradingView] 4H 캡처 완료 (240)
[TradingView] Daily 캡처 완료 (D)
[TradingView] Weekly 캡처 완료 (W)
[TradingView] Monthly 캡처 완료 (M)
[[NASDAQ/NYSE 차트분석]] ROKU 차트 5개 처리 완료
[TradingView] SITM 브라우저 세션 시작...
[TradingView] 1H 캡처 완료 (60)
[TradingView] 4H 캡처 완료 (240)
[TradingView] Daily 캡처 완료 (D)
[TradingView] Weekly 캡처 완료 (W)
[TradingView] Monthly 캡처 완료 (M)
[[NASDAQ/NYSE 차트분석]] SITM 차트 5개 처리 완료
[TradingView] SYRE 브라우저 세션 시작...
[TradingView] 1H 캡처 완료 (60)
[TradingView] 4H 캡처 완료 (240)
[TradingView] Daily 캡처 완료 (D)
[TradingView] Weekly 캡처 완료 (W)
[TradingView] Monthly 캡처 완료 (M)
[[NASDAQ/NYSE 차트분석]] SYRE 차트 5개 처리 완료
[TradingView] TXN 브라우저 세션 시작...
[TradingView] 1H 캡처 완료 (60)
[TradingView] 4H 캡처 완료 (240)
[TradingView] Daily 캡처 완료 (D)
[TradingView] Weekly 캡처 완료 (W)
[TradingView] Monthly 캡처 완료 (M)
[[NASDAQ/NYSE 차트분석]] TXN 차트 5개 처리 완료
[TradingView] AEHR 브라우저 세션 시작...
[TradingView] 1H 캡처 완료 (60)
[TradingView] 4H 캡처 완료 (240)
[TradingView] Daily 캡처 완료 (D)
[TradingView] Weekly 캡처 완료 (W)
[TradingView] Monthly 캡처 완료 (M)
[[NASDAQ/NYSE 차트분석]] AEHR 차트 5개 처리 완료
[TradingView] DKS 브라우저 세션 시작...
[TradingView] 1H 캡처 완료 (60)
[TradingView] 4H 캡처 완료 (240)
[TradingView] Daily 캡처 완료 (D)
[TradingView] Weekly 캡처 완료 (W)
[TradingView] Monthly 캡처 완료 (M)
[[NASDAQ/NYSE 차트분석]] DKS 차트 5개 처리 완료
[TradingView] TWST 브라우저 세션 시작...
[TradingView] 1H 캡처 완료 (60)
[TradingView] 4H 캡처 완료 (240)
[TradingView] Daily 캡처 완료 (D)
[TradingView] Weekly 캡처 완료 (W)
[TradingView] Monthly 캡처 완료 (M)
[[NASDAQ/NYSE 차트분석]] TWST 차트 5개 처리 완료
[TradingView] RDW 브라우저 세션 시작...
[TradingView] 1H 캡처 완료 (60)
[TradingView] 4H 캡처 완료 (240)
[TradingView] Daily 캡처 완료 (D)
[TradingView] Weekly 캡처 완료 (W)
[TradingView] Monthly 캡처 완료 (M)
[[NASDAQ/NYSE 차트분석]] RDW 차트 5개 처리 완료
[TradingView] SMTC 브라우저 세션 시작...
[TradingView] 1H 캡처 완료 (60)
[TradingView] 4H 캡처 완료 (240)
[TradingView] Daily 캡처 완료 (D)
[TradingView] Weekly 캡처 완료 (W)
[TradingView] Monthly 캡처 완료 (M)
[[NASDAQ/NYSE 차트분석]] SMTC 차트 5개 처리 완료
[TradingView] TEL 브라우저 세션 시작...
[TradingView] 1H 캡처 완료 (60)
[TradingView] 4H 캡처 완료 (240)
[TradingView] Daily 캡처 완료 (D)
[TradingView] Weekly 캡처 완료 (W)
[TradingView] Monthly 캡처 완료 (M)
[[NASDAQ/NYSE 차트분석]] TEL 차트 5개 처리 완료
[TradingView] HUT 브라우저 세션 시작...
[TradingView] 1H 캡처 완료 (60)
[TradingView] 4H 캡처 완료 (240)
[TradingView] Daily 캡처 완료 (D)
[TradingView] Weekly 캡처 완료 (W)
[TradingView] Monthly 캡처 완료 (M)
[[NASDAQ/NYSE 차트분석]] HUT 차트 5개 처리 완료
[TradingView] JBL 브라우저 세션 시작...
[TradingView] 1H 캡처 완료 (60)
[TradingView] 4H 캡처 완료 (240)
[TradingView] Daily 캡처 완료 (D)
[TradingView] Weekly 캡처 완료 (W)
[TradingView] Monthly 캡처 완료 (M)
[[NASDAQ/NYSE 차트분석]] JBL 차트 5개 처리 완료
[TradingView] SAIA 브라우저 세션 시작...
[TradingView] 1H 캡처 완료 (60)
[TradingView] 4H 캡처 완료 (240)
[TradingView] Daily 캡처 완료 (D)
[TradingView] Weekly 캡처 완료 (W)
[TradingView] Monthly 캡처 완료 (M)
[[NASDAQ/NYSE 차트분석]] SAIA 차트 5개 처리 완료
[TradingView] SGML 브라우저 세션 시작...
[TradingView] 1H 캡처 완료 (60)
[TradingView] 4H 캡처 완료 (240)
[TradingView] Daily 캡처 완료 (D)
[TradingView] Weekly 캡처 완료 (W)
[TradingView] Monthly 캡처 완료 (M)
[[NASDAQ/NYSE 차트분석]] SGML 차트 5개 처리 완료
[TradingView] TNGX 브라우저 세션 시작...
[TradingView] 1H 캡처 완료 (60)
[TradingView] 4H 캡처 완료 (240)
[TradingView] Daily 캡처 완료 (D)
[TradingView] Weekly 캡처 완료 (W)
[TradingView] Monthly 캡처 완료 (M)
[[NASDAQ/NYSE 차트분석]] TNGX 차트 5개 처리 완료
[TradingView] UMC 브라우저 세션 시작...
[TradingView] 1H 캡처 완료 (60)
[TradingView] 4H 캡처 완료 (240)
[TradingView] Daily 캡처 완료 (D)
[TradingView] Weekly 캡처 완료 (W)
[TradingView] Monthly 캡처 완료 (M)
[[NASDAQ/NYSE 차트분석]] UMC 차트 5개 처리 완료
[TradingView] VFC 브라우저 세션 시작...
[TradingView] 1H 캡처 완료 (60)
[TradingView] 4H 캡처 완료 (240)
[TradingView] Daily 캡처 완료 (D)
[TradingView] Weekly 캡처 완료 (W)
[TradingView] Monthly 캡처 완료 (M)
[[NASDAQ/NYSE 차트분석]] VFC 차트 5개 처리 완료
[TradingView] JLL 브라우저 세션 시작...
[TradingView] 1H 캡처 완료 (60)
[TradingView] 4H 캡처 완료 (240)
[TradingView] Daily 캡처 완료 (D)
[TradingView] Weekly 캡처 완료 (W)
[TradingView] Monthly 캡처 완료 (M)
[[NASDAQ/NYSE 차트분석]] JLL 차트 5개 처리 완료
[TradingView] ON 브라우저 세션 시작...
[TradingView] 1H 캡처 완료 (60)
[TradingView] 4H 캡처 완료 (240)
[TradingView] Daily 캡처 완료 (D)
[TradingView] Weekly 캡처 완료 (W)
[TradingView] Monthly 캡처 완료 (M)
[[NASDAQ/NYSE 차트분석]] ON 차트 5개 처리 완료
[[NASDAQ/NYSE 차트분석]] 차트 캡처 완료
[[NASDAQ/NYSE 차트분석]] GitHub에 차트 이미지 푸시 중...
[main 94f717a] Update NASDAQ/NYSE chart screenshots 1776738750
 1345 files changed, 0 insertions(+), 0 deletions(-)
 delete mode 100644 charts/screenshots_nasdaq/AA/AA_1H_20260402_002609.png
 delete mode 100644 charts/screenshots_nasdaq/AA/AA_4H_20260402_002609.png
 delete mode 100644 charts/screenshots_nasdaq/AA/AA_Daily_20260402_002609.png
 delete mode 100644 charts/screenshots_nasdaq/AA/AA_Monthly_20260402_002609.png
 delete mode 100644 charts/screenshots_nasdaq/AA/AA_Weekly_20260402_002609.png
 create mode 100644 charts/screenshots_nasdaq/AAOI/AAOI_1H_20260421_011553.png
 create mode 100644 charts/screenshots_nasdaq/AAOI/AAOI_4H_20260421_011553.png
 create mode 100644 charts/screenshots_nasdaq/AAOI/AAOI_Daily_20260421_011553.png
 create mode 100644 charts/screenshots_nasdaq/AAOI/AAOI_Monthly_20260421_011553.png
 create mode 100644 charts/screenshots_nasdaq/AAOI/AAOI_Weekly_20260421_011553.png
 create mode 100644 charts/screenshots_nasdaq/ACHC/ACHC_1H_20260421_011318.png
 create mode 100644 charts/screenshots_nasdaq/ACHC/ACHC_4H_20260421_011318.png
 create mode 100644 charts/screenshots_nasdaq/ACHC/ACHC_Daily_20260421_011318.png
 create mode 100644 charts/screenshots_nasdaq/ACHC/ACHC_Monthly_20260421_011318.png
 create mode 100644 charts/screenshots_nasdaq/ACHC/ACHC_Weekly_20260421_011318.png
 delete mode 100644 charts/screenshots_nasdaq/ACHR/ACHR_1H_20260401_235214.png
 delete mode 100644 charts/screenshots_nasdaq/ACHR/ACHR_4H_20260401_235214.png
 delete mode 100644 charts/screenshots_nasdaq/ACHR/ACHR_Daily_20260401_235214.png
 delete mode 100644 charts/screenshots_nasdaq/ACHR/ACHR_Monthly_20260401_235214.png
 delete mode 100644 charts/screenshots_nasdaq/ACHR/ACHR_Weekly_20260401_235214.png
 create mode 100644 charts/screenshots_nasdaq/ACLS/ACLS_1H_20260421_013936.png
 create mode 100644 charts/screenshots_nasdaq/ACLS/ACLS_4H_20260421_013936.png
 create mode 100644 charts/screenshots_nasdaq/ACLS/ACLS_Daily_20260421_013936.png
 create mode 100644 charts/screenshots_nasdaq/ACLS/ACLS_Monthly_20260421_013936.png
 create mode 100644 charts/screenshots_nasdaq/ACLS/ACLS_Weekly_20260421_013936.png
 delete mode 100644 charts/screenshots_nasdaq/ACXP/ACXP_1H_20260402_004119.png
 delete mode 100644 charts/screenshots_nasdaq/ACXP/ACXP_4H_20260402_004119.png
 delete mode 100644 charts/screenshots_nasdaq/ACXP/ACXP_Daily_20260402_004119.png
 delete mode 100644 charts/screenshots_nasdaq/ACXP/ACXP_Monthly_20260402_004119.png
 delete mode 100644 charts/screenshots_nasdaq/ACXP/ACXP_Weekly_20260402_004119.png
 create mode 100644 charts/screenshots_nasdaq/ADI/ADI_1H_20260421_015103.png
 create mode 100644 charts/screenshots_nasdaq/ADI/ADI_4H_20260421_015103.png
 create mode 100644 charts/screenshots_nasdaq/ADI/ADI_Daily_20260421_015103.png
 create mode 100644 charts/screenshots_nasdaq/ADI/ADI_Monthly_20260421_015103.png
 create mode 100644 charts/screenshots_nasdaq/ADI/ADI_Weekly_20260421_015103.png
 delete mode 100644 charts/screenshots_nasdaq/ADMA/ADMA_1H_20260401_235009.png
 delete mode 100644 charts/screenshots_nasdaq/ADMA/ADMA_4H_20260401_235009.png
 delete mode 100644 charts/screenshots_nasdaq/ADMA/ADMA_Daily_20260401_235009.png
 delete mode 100644 charts/screenshots_nasdaq/ADMA/ADMA_Monthly_20260401_235009.png
 delete mode 100644 charts/screenshots_nasdaq/ADMA/ADMA_Weekly_20260401_235009.png
 create mode 100644 charts/screenshots_nasdaq/AEHR/AEHR_1H_20260421_022439.png
 create mode 100644 charts/screenshots_nasdaq/AEHR/AEHR_4H_20260421_022439.png
 create mode 100644 charts/screenshots_nasdaq/AEHR/AEHR_Daily_20260421_022439.png
 create mode 100644 charts/screenshots_nasdaq/AEHR/AEHR_Monthly_20260421_022439.png
 create mode 100644 charts/screenshots_nasdaq/AEHR/AEHR_Weekly_20260421_022439.png
 create mode 100644 charts/screenshots_nasdaq/AEIS/AEIS_1H_20260421_012947.png
 create mode 100644 charts/screenshots_nasdaq/AEIS/AEIS_4H_20260421_012947.png
 create mode 100644 charts/screenshots_nasdaq/AEIS/AEIS_Daily_20260421_012947.png
 create mode 100644 charts/screenshots_nasdaq/AEIS/AEIS_Monthly_20260421_012947.png
 create mode 100644 charts/screenshots_nasdaq/AEIS/AEIS_Weekly_20260421_012947.png
 delete mode 100644 charts/screenshots_nasdaq/AFRM/AFRM_1H_20260401_235634.png
 delete mode 100644 charts/screenshots_nasdaq/AFRM/AFRM_4H_20260401_235634.png
 delete mode 100644 charts/screenshots_nasdaq/AFRM/AFRM_Daily_20260401_235634.png
 delete mode 100644 charts/screenshots_nasdaq/AFRM/AFRM_Monthly_20260401_235634.png
 delete mode 100644 charts/screenshots_nasdaq/AFRM/AFRM_Weekly_20260401_235634.png
 delete mode 100644 charts/screenshots_nasdaq/AGX/AGX_1H_20260402_003258.png
 create mode 100644 charts/screenshots_nasdaq/AGX/AGX_1H_20260421_011858.png
 delete mode 100644 charts/screenshots_nasdaq/AGX/AGX_4H_20260402_003258.png
 create mode 100644 charts/screenshots_nasdaq/AGX/AGX_4H_20260421_011858.png
 delete mode 100644 charts/screenshots_nasdaq/AGX/AGX_Daily_20260402_003258.png
 create mode 100644 charts/screenshots_nasdaq/AGX/AGX_Daily_20260421_011858.png
 delete mode 100644 charts/screenshots_nasdaq/AGX/AGX_Monthly_20260402_003258.png
 create mode 100644 charts/screenshots_nasdaq/AGX/AGX_Monthly_20260421_011858.png
 delete mode 100644 charts/screenshots_nasdaq/AGX/AGX_Weekly_20260402_003258.png
 create mode 100644 charts/screenshots_nasdaq/AGX/AGX_Weekly_20260421_011858.png
 delete mode 100644 charts/screenshots_nasdaq/AI/AI_1H_20260401_235706.png
 delete mode 100644 charts/screenshots_nasdaq/AI/AI_4H_20260401_235706.png
 delete mode 100644 charts/screenshots_nasdaq/AI/AI_Daily_20260401_235706.png
 delete mode 100644 charts/screenshots_nasdaq/AI/AI_Monthly_20260401_235706.png
 delete mode 100644 charts/screenshots_nasdaq/AI/AI_Weekly_20260401_235706.png
 delete mode 100644 charts/screenshots_nasdaq/ALAB/ALAB_1H_20260401_235738.png
 delete mode 100644 charts/screenshots_nasdaq/ALAB/ALAB_4H_20260401_235738.png
 delete mode 100644 charts/screenshots_nasdaq/ALAB/ALAB_Daily_20260401_235738.png
 delete mode 100644 charts/screenshots_nasdaq/ALAB/ALAB_Monthly_20260401_235738.png
 delete mode 100644 charts/screenshots_nasdaq/ALAB/ALAB_Weekly_20260401_235738.png
 delete mode 100644 charts/screenshots_nasdaq/ALKS/ALKS_1H_20260402_003811.png
 delete mode 100644 charts/screenshots_nasdaq/ALKS/ALKS_4H_20260402_003811.png
 delete mode 100644 charts/screenshots_nasdaq/ALKS/ALKS_Daily_20260402_003811.png
 delete mode 100644 charts/screenshots_nasdaq/ALKS/ALKS_Monthly_20260402_003811.png
 delete mode 100644 charts/screenshots_nasdaq/ALKS/ALKS_Weekly_20260402_003811.png
 create mode 100644 charts/screenshots_nasdaq/ALM/ALM_1H_20260421_011929.png
 create mode 100644 charts/screenshots_nasdaq/ALM/ALM_4H_20260421_011929.png
 create mode 100644 charts/screenshots_nasdaq/ALM/ALM_Daily_20260421_011929.png
 create mode 100644 charts/screenshots_nasdaq/ALM/ALM_Monthly_20260421_011929.png
 create mode 100644 charts/screenshots_nasdaq/ALM/ALM_Weekly_20260421_011929.png
 create mode 100644 charts/screenshots_nasdaq/AMD/AMD_1H_20260421_015205.png
 create mode 100644 charts/screenshots_nasdaq/AMD/AMD_4H_20260421_015205.png
 create mode 100644 charts/screenshots_nasdaq/AMD/AMD_Daily_20260421_015205.png
 create mode 100644 charts/screenshots_nasdaq/AMD/AMD_Monthly_20260421_015205.png
 create mode 100644 charts/screenshots_nasdaq/AMD/AMD_Weekly_20260421_015205.png
 create mode 100644 charts/screenshots_nasdaq/AMKR/AMKR_1H_20260421_021621.png
 create mode 100644 charts/screenshots_nasdaq/AMKR/AMKR_4H_20260421_021621.png
 create mode 100644 charts/screenshots_nasdaq/AMKR/AMKR_Daily_20260421_021621.png
 create mode 100644 charts/screenshots_nasdaq/AMKR/AMKR_Monthly_20260421_021621.png
 create mode 100644 charts/screenshots_nasdaq/AMKR/AMKR_Weekly_20260421_021621.png
 create mode 100644 charts/screenshots_nasdaq/ANET/ANET_1H_20260421_011216.png
 create mode 100644 charts/screenshots_nasdaq/ANET/ANET_4H_20260421_011216.png
 create mode 100644 charts/screenshots_nasdaq/ANET/ANET_Daily_20260421_011216.png
 create mode 100644 charts/screenshots_nasdaq/ANET/ANET_Monthly_20260421_011216.png
 create mode 100644 charts/screenshots_nasdaq/ANET/ANET_Weekly_20260421_011216.png
 delete mode 100644 charts/screenshots_nasdaq/ANNA/ANNA_1H_20260402_002434.png
 delete mode 100644 charts/screenshots_nasdaq/ANNA/ANNA_4H_20260402_002434.png
 delete mode 100644 charts/screenshots_nasdaq/ANNA/ANNA_Daily_20260402_002434.png
 delete mode 100644 charts/screenshots_nasdaq/ANNA/ANNA_Monthly_20260402_002434.png
 delete mode 100644 charts/screenshots_nasdaq/ANNA/ANNA_Weekly_20260402_002434.png
 create mode 100644 charts/screenshots_nasdaq/APG/APG_1H_20260421_015338.png
 create mode 100644 charts/screenshots_nasdaq/APG/APG_4H_20260421_015338.png
 create mode 100644 charts/screenshots_nasdaq/APG/APG_Daily_20260421_015338.png
 create mode 100644 charts/screenshots_nasdaq/APG/APG_Monthly_20260421_015338.png
 create mode 100644 charts/screenshots_nasdaq/APG/APG_Weekly_20260421_015338.png
 delete mode 100644 charts/screenshots_nasdaq/APGE/APGE_1H_20260402_002712.png
 delete mode 100644 charts/screenshots_nasdaq/APGE/APGE_4H_20260402_002712.png
 delete mode 100644 charts/screenshots_nasdaq/APGE/APGE_Daily_20260402_002712.png
 delete mode 100644 charts/screenshots_nasdaq/APGE/APGE_Monthly_20260402_002712.png
 delete mode 100644 charts/screenshots_nasdaq/APGE/APGE_Weekly_20260402_002712.png
 delete mode 100644 charts/screenshots_nasdaq/APLS/APLS_1H_20260402_003708.png
 create mode 100644 charts/screenshots_nasdaq/APLS/APLS_1H_20260421_014213.png
 delete mode 100644 charts/screenshots_nasdaq/APLS/APLS_4H_20260402_003708.png
 create mode 100644 charts/screenshots_nasdaq/APLS/APLS_4H_20260421_014213.png
 delete mode 100644 charts/screenshots_nasdaq/APLS/APLS_Daily_20260402_003708.png
 create mode 100644 charts/screenshots_nasdaq/APLS/APLS_Daily_20260421_014213.png
 delete mode 100644 charts/screenshots_nasdaq/APLS/APLS_Monthly_20260402_003708.png
 create mode 100644 charts/screenshots_nasdaq/APLS/APLS_Monthly_20260421_014213.png
 delete mode 100644 charts/screenshots_nasdaq/APLS/APLS_Weekly_20260402_003708.png
 create mode 100644 charts/screenshots_nasdaq/APLS/APLS_Weekly_20260421_014213.png
 delete mode 100644 charts/screenshots_nasdaq/ARE/ARE_1H_20260401_234834.png
 delete mode 100644 charts/screenshots_nasdaq/ARE/ARE_4H_20260401_234834.png
 delete mode 100644 charts/screenshots_nasdaq/ARE/ARE_Daily_20260401_234834.png
 delete mode 100644 charts/screenshots_nasdaq/ARE/ARE_Monthly_20260401_234834.png
 delete mode 100644 charts/screenshots_nasdaq/ARE/ARE_Weekly_20260401_234834.png
 create mode 100644 charts/screenshots_nasdaq/ARM/ARM_1H_20260421_012814.png
 create mode 100644 charts/screenshots_nasdaq/ARM/ARM_4H_20260421_012814.png
 create mode 100644 charts/screenshots_nasdaq/ARM/ARM_Daily_20260421_012814.png
 create mode 100644 charts/screenshots_nasdaq/ARM/ARM_Monthly_20260421_012814.png
 create mode 100644 charts/screenshots_nasdaq/ARM/ARM_Weekly_20260421_012814.png
 delete mode 100644 charts/screenshots_nasdaq/ARTL/ARTL_1H_20260402_004322.png
 delete mode 100644 charts/screenshots_nasdaq/ARTL/ARTL_4H_20260402_004322.png
 delete mode 100644 charts/screenshots_nasdaq/ARTL/ARTL_Daily_20260402_004322.png
 delete mode 100644 charts/screenshots_nasdaq/ARTL/ARTL_Monthly_20260402_004322.png
 delete mode 100644 charts/screenshots_nasdaq/ARTL/ARTL_Weekly_20260402_004322.png
 create mode 100644 charts/screenshots_nasdaq/ARW/ARW_1H_20260421_011452.png
 create mode 100644 charts/screenshots_nasdaq/ARW/ARW_4H_20260421_011452.png
 create mode 100644 charts/screenshots_nasdaq/ARW/ARW_Daily_20260421_011452.png
 create mode 100644 charts/screenshots_nasdaq/ARW/ARW_Monthly_20260421_011452.png
 create mode 100644 charts/screenshots_nasdaq/ARW/ARW_Weekly_20260421_011452.png
 delete mode 100644 charts/screenshots_nasdaq/ASAN/ASAN_1H_20260401_235246.png
 delete mode 100644 charts/screenshots_nasdaq/ASAN/ASAN_4H_20260401_235246.png
 delete mode 100644 charts/screenshots_nasdaq/ASAN/ASAN_Daily_20260401_235246.png
 delete mode 100644 charts/screenshots_nasdaq/ASAN/ASAN_Monthly_20260401_235246.png
 delete mode 100644 charts/screenshots_nasdaq/ASAN/ASAN_Weekly_20260401_235246.png
 create mode 100644 charts/screenshots_nasdaq/ASX/ASX_1H_20260421_021448.png
 create mode 100644 charts/screenshots_nasdaq/ASX/ASX_4H_20260421_021448.png
 create mode 100644 charts/screenshots_nasdaq/ASX/ASX_Daily_20260421_021448.png
 create mode 100644 charts/screenshots_nasdaq/ASX/ASX_Monthly_20260421_021448.png
 create mode 100644 charts/screenshots_nasdaq/ASX/ASX_Weekly_20260421_021448.png
 create mode 100644 charts/screenshots_nasdaq/AUGO/AUGO_1H_20260421_021518.png
 create mode 100644 charts/screenshots_nasdaq/AUGO/AUGO_4H_20260421_021518.png
 create mode 100644 charts/screenshots_nasdaq/AUGO/AUGO_Daily_20260421_021518.png
 create mode 100644 charts/screenshots_nasdaq/AUGO/AUGO_Monthly_20260421_021518.png
 create mode 100644 charts/screenshots_nasdaq/AUGO/AUGO_Weekly_20260421_021518.png
 delete mode 100644 charts/screenshots_nasdaq/AVAV/AVAV_1H_20260402_002024.png
 delete mode 100644 charts/screenshots_nasdaq/AVAV/AVAV_4H_20260402_002024.png
 delete mode 100644 charts/screenshots_nasdaq/AVAV/AVAV_Daily_20260402_002024.png
 delete mode 100644 charts/screenshots_nasdaq/AVAV/AVAV_Monthly_20260402_002024.png
 delete mode 100644 charts/screenshots_nasdaq/AVAV/AVAV_Weekly_20260402_002024.png
 create mode 100644 charts/screenshots_nasdaq/AVGO/AVGO_1H_20260421_011350.png
 create mode 100644 charts/screenshots_nasdaq/AVGO/AVGO_4H_20260421_011350.png
 create mode 100644 charts/screenshots_nasdaq/AVGO/AVGO_Daily_20260421_011350.png
 create mode 100644 charts/screenshots_nasdaq/AVGO/AVGO_Monthly_20260421_011350.png
 create mode 100644 charts/screenshots_nasdaq/AVGO/AVGO_Weekly_20260421_011350.png
 create mode 100644 charts/screenshots_nasdaq/AVT/AVT_1H_20260421_011145.png
 create mode 100644 charts/screenshots_nasdaq/AVT/AVT_4H_20260421_011145.png
 create mode 100644 charts/screenshots_nasdaq/AVT/AVT_Daily_20260421_011145.png
 create mode 100644 charts/screenshots_nasdaq/AVT/AVT_Monthly_20260421_011145.png
 create mode 100644 charts/screenshots_nasdaq/AVT/AVT_Weekly_20260421_011145.png
 delete mode 100644 charts/screenshots_nasdaq/AVTR/AVTR_1H_20260402_000400.png
 delete mode 100644 charts/screenshots_nasdaq/AVTR/AVTR_4H_20260402_000400.png
 delete mode 100644 charts/screenshots_nasdaq/AVTR/AVTR_Daily_20260402_000400.png
 delete mode 100644 charts/screenshots_nasdaq/AVTR/AVTR_Monthly_20260402_000400.png
 delete mode 100644 charts/screenshots_nasdaq/AVTR/AVTR_Weekly_20260402_000400.png
 delete mode 100644 charts/screenshots_nasdaq/AXON/AXON_1H_20260402_000431.png
 delete mode 100644 charts/screenshots_nasdaq/AXON/AXON_4H_20260402_000431.png
 delete mode 100644 charts/screenshots_nasdaq/AXON/AXON_Daily_20260402_000431.png
 delete mode 100644 charts/screenshots_nasdaq/AXON/AXON_Monthly_20260402_000431.png
 delete mode 100644 charts/screenshots_nasdaq/AXON/AXON_Weekly_20260402_000431.png
 create mode 100644 charts/screenshots_nasdaq/AXSM/AXSM_1H_20260421_011959.png
 create mode 100644 charts/screenshots_nasdaq/AXSM/AXSM_4H_20260421_011959.png
 create mode 100644 charts/screenshots_nasdaq/AXSM/AXSM_Daily_20260421_011959.png
 create mode 100644 charts/screenshots_nasdaq/AXSM/AXSM_Monthly_20260421_011959.png
 create mode 100644 charts/screenshots_nasdaq/AXSM/AXSM_Weekly_20260421_011959.png
 create mode 100644 charts/screenshots_nasdaq/AXTI/AXTI_1H_20260421_012030.png
 create mode 100644 charts/screenshots_nasdaq/AXTI/AXTI_4H_20260421_012030.png
 create mode 100644 charts/screenshots_nasdaq/AXTI/AXTI_Daily_20260421_012030.png
 create mode 100644 charts/screenshots_nasdaq/AXTI/AXTI_Monthly_20260421_012030.png
 create mode 100644 charts/screenshots_nasdaq/AXTI/AXTI_Weekly_20260421_012030.png
 delete mode 100644 charts/screenshots_nasdaq/BATL/BATL_1H_20260402_003607.png
 create mode 100644 charts/screenshots_nasdaq/BATL/BATL_1H_20260421_011013.png
 delete mode 100644 charts/screenshots_nasdaq/BATL/BATL_4H_20260402_003607.png
 create mode 100644 charts/screenshots_nasdaq/BATL/BATL_4H_20260421_011013.png
 delete mode 100644 charts/screenshots_nasdaq/BATL/BATL_Daily_20260402_003607.png
 create mode 100644 charts/screenshots_nasdaq/BATL/BATL_Daily_20260421_011013.png
 delete mode 100644 charts/screenshots_nasdaq/BATL/BATL_Monthly_20260402_003607.png
 create mode 100644 charts/screenshots_nasdaq/BATL/BATL_Monthly_20260421_011013.png
 delete mode 100644 charts/screenshots_nasdaq/BATL/BATL_Weekly_20260402_003607.png
 create mode 100644 charts/screenshots_nasdaq/BATL/BATL_Weekly_20260421_011013.png
 create mode 100644 charts/screenshots_nasdaq/BB/BB_1H_20260421_015134.png
 create mode 100644 charts/screenshots_nasdaq/BB/BB_4H_20260421_015134.png
 create mode 100644 charts/screenshots_nasdaq/BB/BB_Daily_20260421_015134.png
 create mode 100644 charts/screenshots_nasdaq/BB/BB_Monthly_20260421_015134.png
 create mode 100644 charts/screenshots_nasdaq/BB/BB_Weekly_20260421_015134.png
 delete mode 100644 charts/screenshots_nasdaq/BBAI/BBAI_1H_20260402_002055.png
 delete mode 100644 charts/screenshots_nasdaq/BBAI/BBAI_4H_20260402_002055.png
 delete mode 100644 charts/screenshots_nasdaq/BBAI/BBAI_Daily_20260402_002055.png
 delete mode 100644 charts/screenshots_nasdaq/BBAI/BBAI_Monthly_20260402_002055.png
 delete mode 100644 charts/screenshots_nasdaq/BBAI/BBAI_Weekly_20260402_002055.png
 create mode 100644 charts/screenshots_nasdaq/BBD/BBD_1H_20260421_020358.png
 create mode 100644 charts/screenshots_nasdaq/BBD/BBD_4H_20260421_020358.png
 create mode 100644 charts/screenshots_nasdaq/BBD/BBD_Daily_20260421_020358.png
 create mode 100644 charts/screenshots_nasdaq/BBD/BBD_Monthly_20260421_020358.png
 create mode 100644 charts/screenshots_nasdaq/BBD/BBD_Weekly_20260421_020358.png
 create mode 100644 charts/screenshots_nasdaq/BE/BE_1H_20260421_014244.png
 create mode 100644 charts/screenshots_nasdaq/BE/BE_4H_20260421_014244.png
 create mode 100644 charts/screenshots_nasdaq/BE/BE_Daily_20260421_014244.png
 create mode 100644 charts/screenshots_nasdaq/BE/BE_Monthly_20260421_014244.png
 create mode 100644 charts/screenshots_nasdaq/BE/BE_Weekly_20260421_014244.png
 create mode 100644 charts/screenshots_nasdaq/BEN/BEN_1H_20260421_021652.png
 create mode 100644 charts/screenshots_nasdaq/BEN/BEN_4H_20260421_021652.png
 create mode 100644 charts/screenshots_nasdaq/BEN/BEN_Daily_20260421_021652.png
 create mode 100644 charts/screenshots_nasdaq/BEN/BEN_Monthly_20260421_021652.png
 create mode 100644 charts/screenshots_nasdaq/BEN/BEN_Weekly_20260421_021652.png
 delete mode 100644 charts/screenshots_nasdaq/BIAF/BIAF_1H_20260402_004354.png
 delete mode 100644 charts/screenshots_nasdaq/BIAF/BIAF_4H_20260402_004354.png
 delete mode 100644 charts/screenshots_nasdaq/BIAF/BIAF_Daily_20260402_004354.png
 delete mode 100644 charts/screenshots_nasdaq/BIAF/BIAF_Monthly_20260402_004354.png
 delete mode 100644 charts/screenshots_nasdaq/BIAF/BIAF_Weekly_20260402_004354.png
 create mode 100644 charts/screenshots_nasdaq/BK/BK_1H_20260421_015409.png
 create mode 100644 charts/screenshots_nasdaq/BK/BK_4H_20260421_015409.png
 create mode 100644 charts/screenshots_nasdaq/BK/BK_Daily_20260421_015409.png
 create mode 100644 charts/screenshots_nasdaq/BK/BK_Monthly_20260421_015409.png
 create mode 100644 charts/screenshots_nasdaq/BK/BK_Weekly_20260421_015409.png
 create mode 100644 charts/screenshots_nasdaq/BKSY/BKSY_1H_20260421_012101.png
 create mode 100644 charts/screenshots_nasdaq/BKSY/BKSY_4H_20260421_012101.png
 create mode 100644 charts/screenshots_nasdaq/BKSY/BKSY_Daily_20260421_012101.png
 create mode 100644 charts/screenshots_nasdaq/BKSY/BKSY_Monthly_20260421_012101.png
 create mode 100644 charts/screenshots_nasdaq/BKSY/BKSY_Weekly_20260421_012101.png
 delete mode 100644 charts/screenshots_nasdaq/BRBR/BRBR_1H_20260402_000503.png
 delete mode 100644 charts/screenshots_nasdaq/BRBR/BRBR_4H_20260402_000503.png
 delete mode 100644 charts/screenshots_nasdaq/BRBR/BRBR_Daily_20260402_000503.png
 delete mode 100644 charts/screenshots_nasdaq/BRBR/BRBR_Monthly_20260402_000503.png
 delete mode 100644 charts/screenshots_nasdaq/BRBR/BRBR_Weekly_20260402_000503.png
 delete mode 100644 charts/screenshots_nasdaq/BULL/BULL_1H_20260401_235317.png
 delete mode 100644 charts/screenshots_nasdaq/BULL/BULL_4H_20260401_235317.png
 delete mode 100644 charts/screenshots_nasdaq/BULL/BULL_Daily_20260401_235317.png
 delete mode 100644 charts/screenshots_nasdaq/BULL/BULL_Monthly_20260401_235317.png
 delete mode 100644 charts/screenshots_nasdaq/BULL/BULL_Weekly_20260401_235317.png
 create mode 100644 charts/screenshots_nasdaq/C/C_1H_20260421_013019.png
 create mode 100644 charts/screenshots_nasdaq/C/C_4H_20260421_013019.png
 create mode 100644 charts/screenshots_nasdaq/C/C_Daily_20260421_013019.png
 create mode 100644 charts/screenshots_nasdaq/C/C_Monthly_20260421_013019.png
 create mode 100644 charts/screenshots_nasdaq/C/C_Weekly_20260421_013019.png
 create mode 100644 charts/screenshots_nasdaq/CACC/CACC_1H_20260421_014110.png
 create mode 100644 charts/screenshots_nasdaq/CACC/CACC_4H_20260421_014110.png
 create mode 100644 charts/screenshots_nasdaq/CACC/CACC_Daily_20260421_014110.png
 create mode 100644 charts/screenshots_nasdaq/CACC/CACC_Monthly_20260421_014110.png
 create mode 100644 charts/screenshots_nasdaq/CACC/CACC_Weekly_20260421_014110.png
 create mode 100644 charts/screenshots_nasdaq/CAR/CAR_1H_20260421_012336.png
 create mode 100644 charts/screenshots_nasdaq/CAR/CAR_4H_20260421_012336.png
 create mode 100644 charts/screenshots_nasdaq/CAR/CAR_Daily_20260421_012336.png
 create mode 100644 charts/screenshots_nasdaq/CAR/CAR_Monthly_20260421_012336.png
 create mode 100644 charts/screenshots_nasdaq/CAR/CAR_Weekly_20260421_012336.png
 delete mode 100644 charts/screenshots_nasdaq/CC/CC_1H_20260402_003637.png
 create mode 100644 charts/screenshots_nasdaq/CC/CC_1H_20260421_011624.png
 delete mode 100644 charts/screenshots_nasdaq/CC/CC_4H_20260402_003637.png
 create mode 100644 charts/screenshots_nasdaq/CC/CC_4H_20260421_011624.png
 delete mode 100644 charts/screenshots_nasdaq/CC/CC_Daily_20260402_003637.png
 create mode 100644 charts/screenshots_nasdaq/CC/CC_Daily_20260421_011624.png
 delete mode 100644 charts/screenshots_nasdaq/CC/CC_Monthly_20260402_003637.png
 create mode 100644 charts/screenshots_nasdaq/CC/CC_Monthly_20260421_011624.png
 delete mode 100644 charts/screenshots_nasdaq/CC/CC_Weekly_20260402_003637.png
 create mode 100644 charts/screenshots_nasdaq/CC/CC_Weekly_20260421_011624.png
 delete mode 100644 charts/screenshots_nasdaq/CENX/CENX_1H_20260402_003842.png
 delete mode 100644 charts/screenshots_nasdaq/CENX/CENX_4H_20260402_003842.png
 delete mode 100644 charts/screenshots_nasdaq/CENX/CENX_Daily_20260402_003842.png
 delete mode 100644 charts/screenshots_nasdaq/CENX/CENX_Monthly_20260402_003842.png
 delete mode 100644 charts/screenshots_nasdaq/CENX/CENX_Weekly_20260402_003842.png
 create mode 100644 charts/screenshots_nasdaq/CIEN/CIEN_1H_20260421_012132.png
 create mode 100644 charts/screenshots_nasdaq/CIEN/CIEN_4H_20260421_012132.png
 create mode 100644 charts/screenshots_nasdaq/CIEN/CIEN_Daily_20260421_012132.png
 create mode 100644 charts/screenshots_nasdaq/CIEN/CIEN_Monthly_20260421_012132.png
 create mode 100644 charts/screenshots_nasdaq/CIEN/CIEN_Weekly_20260421_012132.png
 create mode 100644 charts/screenshots_nasdaq/CLS/CLS_1H_20260421_020052.png
 create mode 100644 charts/screenshots_nasdaq/CLS/CLS_4H_20260421_020052.png
 create mode 100644 charts/screenshots_nasdaq/CLS/CLS_Daily_20260421_020052.png
 create mode 100644 charts/screenshots_nasdaq/CLS/CLS_Monthly_20260421_020052.png
 create mode 100644 charts/screenshots_nasdaq/CLS/CLS_Weekly_20260421_020052.png
 delete mode 100644 charts/screenshots_nasdaq/CLSK/CLSK_1H_20260402_002127.png
 delete mode 100644 charts/screenshots_nasdaq/CLSK/CLSK_4H_20260402_002127.png
 delete mode 100644 charts/screenshots_nasdaq/CLSK/CLSK_Daily_20260402_002127.png
 delete mode 100644 charts/screenshots_nasdaq/CLSK/CLSK_Monthly_20260402_002127.png
 delete mode 100644 charts/screenshots_nasdaq/CLSK/CLSK_Weekly_20260402_002127.png
 create mode 100644 charts/screenshots_nasdaq/CMI/CMI_1H_20260421_013050.png
 create mode 100644 charts/screenshots_nasdaq/CMI/CMI_4H_20260421_013050.png
 create mode 100644 charts/screenshots_nasdaq/CMI/CMI_Daily_20260421_013050.png
 create mode 100644 charts/screenshots_nasdaq/CMI/CMI_Monthly_20260421_013050.png
 create mode 100644 charts/screenshots_nasdaq/CMI/CMI_Weekly_20260421_013050.png
 delete mode 100644 charts/screenshots_nasdaq/CNTA/CNTA_1H_20260402_004048.png
 create mode 100644 charts/screenshots_nasdaq/CNTA/CNTA_1H_20260421_011421.png
 delete mode 100644 charts/screenshots_nasdaq/CNTA/CNTA_4H_20260402_004048.png
 create mode 100644 charts/screenshots_nasdaq/CNTA/CNTA_4H_20260421_011421.png
 delete mode 100644 charts/screenshots_nasdaq/CNTA/CNTA_Daily_20260402_004048.png
 create mode 100644 charts/screenshots_nasdaq/CNTA/CNTA_Daily_20260421_011421.png
 delete mode 100644 charts/screenshots_nasdaq/CNTA/CNTA_Monthly_20260402_004048.png
 create mode 100644 charts/screenshots_nasdaq/CNTA/CNTA_Monthly_20260421_011421.png
 delete mode 100644 charts/screenshots_nasdaq/CNTA/CNTA_Weekly_20260402_004048.png
 create mode 100644 charts/screenshots_nasdaq/CNTA/CNTA_Weekly_20260421_011421.png
 delete mode 100644 charts/screenshots_nasdaq/CNXC/CNXC_1H_20260402_002159.png
 delete mode 100644 charts/screenshots_nasdaq/CNXC/CNXC_4H_20260402_002159.png
 delete mode 100644 charts/screenshots_nasdaq/CNXC/CNXC_Daily_20260402_002159.png
 delete mode 100644 charts/screenshots_nasdaq/CNXC/CNXC_Monthly_20260402_002159.png
 delete mode 100644 charts/screenshots_nasdaq/CNXC/CNXC_Weekly_20260402_002159.png
 create mode 100644 charts/screenshots_nasdaq/COHR/COHR_1H_20260421_015439.png
 create mode 100644 charts/screenshots_nasdaq/COHR/COHR_4H_20260421_015439.png
 create mode 100644 charts/screenshots_nasdaq/COHR/COHR_Daily_20260421_015439.png
 create mode 100644 charts/screenshots_nasdaq/COHR/COHR_Monthly_20260421_015439.png
 create mode 100644 charts/screenshots_nasdaq/COHR/COHR_Weekly_20260421_015439.png
 create mode 100644 charts/screenshots_nasdaq/CRS/CRS_1H_20260421_013121.png
 create mode 100644 charts/screenshots_nasdaq/CRS/CRS_4H_20260421_013121.png
 create mode 100644 charts/screenshots_nasdaq/CRS/CRS_Daily_20260421_013121.png
 create mode 100644 charts/screenshots_nasdaq/CRS/CRS_Monthly_20260421_013121.png
 create mode 100644 charts/screenshots_nasdaq/CRS/CRS_Weekly_20260421_013121.png
 create mode 100644 charts/screenshots_nasdaq/CRUS/CRUS_1H_20260421_012203.png
 create mode 100644 charts/screenshots_nasdaq/CRUS/CRUS_4H_20260421_012203.png
 create mode 100644 charts/screenshots_nasdaq/CRUS/CRUS_Daily_20260421_012203.png
 create mode 100644 charts/screenshots_nasdaq/CRUS/CRUS_Monthly_20260421_012203.png
 create mode 100644 charts/screenshots_nasdaq/CRUS/CRUS_Weekly_20260421_012203.png
 delete mode 100644 charts/screenshots_nasdaq/CSIQ/CSIQ_1H_20260401_235810.png
 delete mode 100644 charts/screenshots_nasdaq/CSIQ/CSIQ_4H_20260401_235810.png
 delete mode 100644 charts/screenshots_nasdaq/CSIQ/CSIQ_Daily_20260401_235810.png
 delete mode 100644 charts/screenshots_nasdaq/CSIQ/CSIQ_Monthly_20260401_235810.png
 delete mode 100644 charts/screenshots_nasdaq/CSIQ/CSIQ_Weekly_20260401_235810.png
 create mode 100644 charts/screenshots_nasdaq/CSTM/CSTM_1H_20260421_012234.png
 create mode 100644 charts/screenshots_nasdaq/CSTM/CSTM_4H_20260421_012234.png
 create mode 100644 charts/screenshots_nasdaq/CSTM/CSTM_Daily_20260421_012234.png
 create mode 100644 charts/screenshots_nasdaq/CSTM/CSTM_Monthly_20260421_012234.png
 create mode 100644 charts/screenshots_nasdaq/CSTM/CSTM_Weekly_20260421_012234.png
 delete mode 100644 charts/screenshots_nasdaq/CYCN/CYCN_1H_20260402_004150.png
 create mode 100644 charts/screenshots_nasdaq/CYCN/CYCN_1H_20260421_012845.png
 delete mode 100644 charts/screenshots_nasdaq/CYCN/CYCN_4H_20260402_004150.png
 create mode 100644 charts/screenshots_nasdaq/CYCN/CYCN_4H_20260421_012845.png
 delete mode 100644 charts/screenshots_nasdaq/CYCN/CYCN_Daily_20260402_004150.png
 create mode 100644 charts/screenshots_nasdaq/CYCN/CYCN_Daily_20260421_012845.png
 delete mode 100644 charts/screenshots_nasdaq/CYCN/CYCN_Monthly_20260402_004150.png
 create mode 100644 charts/screenshots_nasdaq/CYCN/CYCN_Monthly_20260421_012845.png
 delete mode 100644 charts/screenshots_nasdaq/CYCN/CYCN_Weekly_20260402_004150.png
 create mode 100644 charts/screenshots_nasdaq/CYCN/CYCN_Weekly_20260421_012845.png
 delete mode 100644 charts/screenshots_nasdaq/DAR/DAR_1H_20260402_004220.png
 delete mode 100644 charts/screenshots_nasdaq/DAR/DAR_4H_20260402_004220.png
 delete mode 100644 charts/screenshots_nasdaq/DAR/DAR_Daily_20260402_004220.png
 delete mode 100644 charts/screenshots_nasdaq/DAR/DAR_Monthly_20260402_004220.png
 delete mode 100644 charts/screenshots_nasdaq/DAR/DAR_Weekly_20260402_004220.png
 delete mode 100644 charts/screenshots_nasdaq/DAWN/DAWN_1H_20260402_003945.png
 delete mode 100644 charts/screenshots_nasdaq/DAWN/DAWN_4H_20260402_003945.png
 delete mode 100644 charts/screenshots_nasdaq/DAWN/DAWN_Daily_20260402_003945.png
 delete mode 100644 charts/screenshots_nasdaq/DAWN/DAWN_Monthly_20260402_003945.png
 delete mode 100644 charts/screenshots_nasdaq/DAWN/DAWN_Weekly_20260402_003945.png
 create mode 100644 charts/screenshots_nasdaq/DBD/DBD_1H_20260421_013152.png
 create mode 100644 charts/screenshots_nasdaq/DBD/DBD_4H_20260421_013152.png
 create mode 100644 charts/screenshots_nasdaq/DBD/DBD_Daily_20260421_013152.png
 create mode 100644 charts/screenshots_nasdaq/DBD/DBD_Monthly_20260421_013152.png
 create mode 100644 charts/screenshots_nasdaq/DBD/DBD_Weekly_20260421_013152.png
 create mode 100644 charts/screenshots_nasdaq/DELL/DELL_1H_20260421_012916.png
 create mode 100644 charts/screenshots_nasdaq/DELL/DELL_4H_20260421_012916.png
 create mode 100644 charts/screenshots_nasdaq/DELL/DELL_Daily_20260421_012916.png
 create mode 100644 charts/screenshots_nasdaq/DELL/DELL_Monthly_20260421_012916.png
 create mode 100644 charts/screenshots_nasdaq/DELL/DELL_Weekly_20260421_012916.png
 delete mode 100644 charts/screenshots_nasdaq/DKNG/DKNG_1H_20260402_000535.png
 delete mode 100644 charts/screenshots_nasdaq/DKNG/DKNG_4H_20260402_000535.png
 delete mode 100644 charts/screenshots_nasdaq/DKNG/DKNG_Daily_20260402_000535.png
 delete mode 100644 charts/screenshots_nasdaq/DKNG/DKNG_Monthly_20260402_000535.png
 delete mode 100644 charts/screenshots_nasdaq/DKNG/DKNG_Weekly_20260402_000535.png
 create mode 100644 charts/screenshots_nasdaq/DKS/DKS_1H_20260421_022510.png
 create mode 100644 charts/screenshots_nasdaq/DKS/DKS_4H_20260421_022510.png
 create mode 100644 charts/screenshots_nasdaq/DKS/DKS_Daily_20260421_022510.png
 create mode 100644 charts/screenshots_nasdaq/DKS/DKS_Monthly_20260421_022510.png
 create mode 100644 charts/screenshots_nasdaq/DKS/DKS_Weekly_20260421_022510.png
 create mode 100644 charts/screenshots_nasdaq/DLR/DLR_1H_20260421_020225.png
 create mode 100644 charts/screenshots_nasdaq/DLR/DLR_4H_20260421_020225.png
 create mode 100644 charts/screenshots_nasdaq/DLR/DLR_Daily_20260421_020225.png
 create mode 100644 charts/screenshots_nasdaq/DLR/DLR_Monthly_20260421_020225.png
 create mode 100644 charts/screenshots_nasdaq/DLR/DLR_Weekly_20260421_020225.png
 delete mode 100644 charts/screenshots_nasdaq/DNTH/DNTH_1H_20260402_002506.png
 create mode 100644 charts/screenshots_nasdaq/DNTH/DNTH_1H_20260421_012407.png
 delete mode 100644 charts/screenshots_nasdaq/DNTH/DNTH_4H_20260402_002506.png
 create mode 100644 charts/screenshots_nasdaq/DNTH/DNTH_4H_20260421_012407.png
 delete mode 100644 charts/screenshots_nasdaq/DNTH/DNTH_Daily_20260402_002506.png
 create mode 100644 charts/screenshots_nasdaq/DNTH/DNTH_Daily_20260421_012407.png
 delete mode 100644 charts/screenshots_nasdaq/DNTH/DNTH_Monthly_20260402_002506.png
 create mode 100644 charts/screenshots_nasdaq/DNTH/DNTH_Monthly_20260421_012407.png
 delete mode 100644 charts/screenshots_nasdaq/DNTH/DNTH_Weekly_20260402_002506.png
 create mode 100644 charts/screenshots_nasdaq/DNTH/DNTH_Weekly_20260421_012407.png
 delete mode 100644 charts/screenshots_nasdaq/DOCN/DOCN_1H_20260402_002950.png
 delete mode 100644 charts/screenshots_nasdaq/DOCN/DOCN_4H_20260402_002950.png
 delete mode 100644 charts/screenshots_nasdaq/DOCN/DOCN_Daily_20260402_002950.png
 delete mode 100644 charts/screenshots_nasdaq/DOCN/DOCN_Monthly_20260402_002950.png
 delete mode 100644 charts/screenshots_nasdaq/DOCN/DOCN_Weekly_20260402_002950.png
 create mode 100644 charts/screenshots_nasdaq/EBAY/EBAY_1H_20260421_021824.png
 create mode 100644 charts/screenshots_nasdaq/EBAY/EBAY_4H_20260421_021824.png
 create mode 100644 charts/screenshots_nasdaq/EBAY/EBAY_Daily_20260421_021824.png
 create mode 100644 charts/screenshots_nasdaq/EBAY/EBAY_Monthly_20260421_021824.png
 create mode 100644 charts/screenshots_nasdaq/EBAY/EBAY_Weekly_20260421_021824.png
 delete mode 100644 charts/screenshots_nasdaq/ELF/ELF_1H_20260401_235040.png
 delete mode 100644 charts/screenshots_nasdaq/ELF/ELF_4H_20260401_235040.png
 delete mode 100644 charts/screenshots_nasdaq/ELF/ELF_Daily_20260401_235040.png
 delete mode 100644 charts/screenshots_nasdaq/ELF/ELF_Monthly_20260401_235040.png
 delete mode 100644 charts/screenshots_nasdaq/ELF/ELF_Weekly_20260401_235040.png
 create mode 100644 charts/screenshots_nasdaq/ENS/ENS_1H_20260421_014315.png
 create mode 100644 charts/screenshots_nasdaq/ENS/ENS_4H_20260421_014315.png
 create mode 100644 charts/screenshots_nasdaq/ENS/ENS_Daily_20260421_014315.png
 create mode 100644 charts/screenshots_nasdaq/ENS/ENS_Monthly_20260421_014315.png
 create mode 100644 charts/screenshots_nasdaq/ENS/ENS_Weekly_20260421_014315.png
 create mode 100644 charts/screenshots_nasdaq/ENTG/ENTG_1H_20260421_015236.png
 create mode 100644 charts/screenshots_nasdaq/ENTG/ENTG_4H_20260421_015236.png
 create mode 100644 charts/screenshots_nasdaq/ENTG/ENTG_Daily_20260421_015236.png
 create mode 100644 charts/screenshots_nasdaq/ENTG/ENTG_Monthly_20260421_015236.png
 create mode 100644 charts/screenshots_nasdaq/ENTG/ENTG_Weekly_20260421_015236.png
 delete mode 100644 charts/screenshots_nasdaq/EOSE/EOSE_1H_20260402_000606.png
 delete mode 100644 charts/screenshots_nasdaq/EOSE/EOSE_4H_20260402_000606.png
 delete mode 100644 charts/screenshots_nasdaq/EOSE/EOSE_Daily_20260402_000606.png
 delete mode 100644 charts/screenshots_nasdaq/EOSE/EOSE_Monthly_20260402_000606.png
 delete mode 100644 charts/screenshots_nasdaq/EOSE/EOSE_Weekly_20260402_000606.png
 create mode 100644 charts/screenshots_nasdaq/ERAS/ERAS_1H_20260421_021416.png
 create mode 100644 charts/screenshots_nasdaq/ERAS/ERAS_4H_20260421_021416.png
 create mode 100644 charts/screenshots_nasdaq/ERAS/ERAS_Daily_20260421_021416.png
 create mode 100644 charts/screenshots_nasdaq/ERAS/ERAS_Monthly_20260421_021416.png
 create mode 100644 charts/screenshots_nasdaq/ERAS/ERAS_Weekly_20260421_021416.png
 create mode 100644 charts/screenshots_nasdaq/ESE/ESE_1H_20260421_011655.png
 create mode 100644 charts/screenshots_nasdaq/ESE/ESE_4H_20260421_011655.png
 create mode 100644 charts/screenshots_nasdaq/ESE/ESE_Daily_20260421_011655.png
 create mode 100644 charts/screenshots_nasdaq/ESE/ESE_Monthly_20260421_011655.png
 create mode 100644 charts/screenshots_nasdaq/ESE/ESE_Weekly_20260421_011655.png
 create mode 100644 charts/screenshots_nasdaq/ESI/ESI_1H_20260421_020429.png
 create mode 100644 charts/screenshots_nasdaq/ESI/ESI_4H_20260421_020429.png
 create mode 100644 charts/screenshots_nasdaq/ESI/ESI_Daily_20260421_020429.png
 create mode 100644 charts/screenshots_nasdaq/ESI/ESI_Monthly_20260421_020429.png
 create mode 100644 charts/screenshots_nasdaq/ESI/ESI_Weekly_20260421_020429.png
 create mode 100644 charts/screenshots_nasdaq/FCX/FCX_1H_20260421_014346.png
 create mode 100644 charts/screenshots_nasdaq/FCX/FCX_4H_20260421_014346.png
 create mode 100644 charts/screenshots_nasdaq/FCX/FCX_Daily_20260421_014346.png
 create mode 100644 charts/screenshots_nasdaq/FCX/FCX_Monthly_20260421_014346.png
 create mode 100644 charts/screenshots_nasdaq/FCX/FCX_Weekly_20260421_014346.png
 create mode 100644 charts/screenshots_nasdaq/FERG/FERG_1H_20260421_012305.png
 create mode 100644 charts/screenshots_nasdaq/FERG/FERG_4H_20260421_012305.png
 create mode 100644 charts/screenshots_nasdaq/FERG/FERG_Daily_20260421_012305.png
 create mode 100644 charts/screenshots_nasdaq/FERG/FERG_Monthly_20260421_012305.png
 create mode 100644 charts/screenshots_nasdaq/FERG/FERG_Weekly_20260421_012305.png
 delete mode 100644 charts/screenshots_nasdaq/FIG/FIG_1H_20260402_002229.png
 delete mode 100644 charts/screenshots_nasdaq/FIG/FIG_4H_20260402_002229.png
 delete mode 100644 charts/screenshots_nasdaq/FIG/FIG_Daily_20260402_002229.png
 delete mode 100644 charts/screenshots_nasdaq/FIG/FIG_Monthly_20260402_002229.png
 delete mode 100644 charts/screenshots_nasdaq/FIG/FIG_Weekly_20260402_002229.png
 delete mode 100644 charts/screenshots_nasdaq/FISV/FISV_1H_20260402_000638.png
 delete mode 100644 charts/screenshots_nasdaq/FISV/FISV_4H_20260402_000638.png
 delete mode 100644 charts/screenshots_nasdaq/FISV/FISV_Daily_20260402_000638.png
 delete mode 100644 charts/screenshots_nasdaq/FISV/FISV_Monthly_20260402_000638.png
 delete mode 100644 charts/screenshots_nasdaq/FISV/FISV_Weekly_20260402_000638.png
 create mode 100644 charts/screenshots_nasdaq/FIX/FIX_1H_20260421_014418.png
 create mode 100644 charts/screenshots_nasdaq/FIX/FIX_4H_20260421_014418.png
 create mode 100644 charts/screenshots_nasdaq/FIX/FIX_Daily_20260421_014418.png
 create mode 100644 charts/screenshots_nasdaq/FIX/FIX_Monthly_20260421_014418.png
 create mode 100644 charts/screenshots_nasdaq/FIX/FIX_Weekly_20260421_014418.png
 create mode 100644 charts/screenshots_nasdaq/FLEX/FLEX_1H_20260421_015510.png
 create mode 100644 charts/screenshots_nasdaq/FLEX/FLEX_4H_20260421_015510.png
 create mode 100644 charts/screenshots_nasdaq/FLEX/FLEX_Daily_20260421_015510.png
 create mode 100644 charts/screenshots_nasdaq/FLEX/FLEX_Monthly_20260421_015510.png
 create mode 100644 charts/screenshots_nasdaq/FLEX/FLEX_Weekly_20260421_015510.png
 create mode 100644 charts/screenshots_nasdaq/FLG/FLG_1H_20260421_021855.png
 create mode 100644 charts/screenshots_nasdaq/FLG/FLG_4H_20260421_021855.png
 create mode 100644 charts/screenshots_nasdaq/FLG/FLG_Daily_20260421_021855.png
 create mode 100644 charts/screenshots_nasdaq/FLG/FLG_Monthly_20260421_021855.png
 create mode 100644 charts/screenshots_nasdaq/FLG/FLG_Weekly_20260421_021855.png
 create mode 100644 charts/screenshots_nasdaq/FLNC/FLNC_1H_20260421_011114.png
 create mode 100644 charts/screenshots_nasdaq/FLNC/FLNC_4H_20260421_011114.png
 create mode 100644 charts/screenshots_nasdaq/FLNC/FLNC_Daily_20260421_011114.png
 create mode 100644 charts/screenshots_nasdaq/FLNC/FLNC_Monthly_20260421_011114.png
 create mode 100644 charts/screenshots_nasdaq/FLNC/FLNC_Weekly_20260421_011114.png
 delete mode 100644 charts/screenshots_nasdaq/FLO/FLO_1H_20260402_000710.png
 delete mode 100644 charts/screenshots_nasdaq/FLO/FLO_4H_20260402_000710.png
 delete mode 100644 charts/screenshots_nasdaq/FLO/FLO_Daily_20260402_000710.png
 delete mode 100644 charts/screenshots_nasdaq/FLO/FLO_Monthly_20260402_000710.png
 delete mode 100644 charts/screenshots_nasdaq/FLO/FLO_Weekly_20260402_000710.png
 delete mode 100644 charts/screenshots_nasdaq/FLUT/FLUT_1H_20260402_000741.png
 delete mode 100644 charts/screenshots_nasdaq/FLUT/FLUT_4H_20260402_000741.png
 delete mode 100644 charts/screenshots_nasdaq/FLUT/FLUT_Daily_20260402_000741.png
 delete mode 100644 charts/screenshots_nasdaq/FLUT/FLUT_Monthly_20260402_000741.png
 delete mode 100644 charts/screenshots_nasdaq/FLUT/FLUT_Weekly_20260402_000741.png
 delete mode 100644 charts/screenshots_nasdaq/FLY/FLY_1H_20260402_004426.png
 delete mode 100644 charts/screenshots_nasdaq/FLY/FLY_4H_20260402_004426.png
 delete mode 100644 charts/screenshots_nasdaq/FLY/FLY_Daily_20260402_004426.png
 delete mode 100644 charts/screenshots_nasdaq/FLY/FLY_Monthly_20260402_004426.png
 delete mode 100644 charts/screenshots_nasdaq/FLY/FLY_Weekly_20260402_004426.png
 create mode 100644 charts/screenshots_nasdaq/FN/FN_1H_20260421_014449.png
 create mode 100644 charts/screenshots_nasdaq/FN/FN_4H_20260421_014449.png
 create mode 100644 charts/screenshots_nasdaq/FN/FN_Daily_20260421_014449.png
 create mode 100644 charts/screenshots_nasdaq/FN/FN_Monthly_20260421_014449.png
 create mode 100644 charts/screenshots_nasdaq/FN/FN_Weekly_20260421_014449.png
 create mode 100644 charts/screenshots_nasdaq/FORM/FORM_1H_20260421_021927.png
 create mode 100644 charts/screenshots_nasdaq/FORM/FORM_4H_20260421_021927.png
 create mode 100644 charts/screenshots_nasdaq/FORM/FORM_Daily_20260421_021927.png
 create mode 100644 charts/screenshots_nasdaq/FORM/FORM_Monthly_20260421_021927.png
 create mode 100644 charts/screenshots_nasdaq/FORM/FORM_Weekly_20260421_021927.png
 delete mode 100644 charts/screenshots_nasdaq/FSLY/FSLY_1H_20260402_002743.png
 delete mode 100644 charts/screenshots_nasdaq/FSLY/FSLY_4H_20260402_002743.png
 delete mode 100644 charts/screenshots_nasdaq/FSLY/FSLY_Daily_20260402_002743.png
 delete mode 100644 charts/screenshots_nasdaq/FSLY/FSLY_Monthly_20260402_002743.png
 delete mode 100644 charts/screenshots_nasdaq/FSLY/FSLY_Weekly_20260402_002743.png
 create mode 100644 charts/screenshots_nasdaq/GFS/GFS_1H_20260421_021722.png
 create mode 100644 charts/screenshots_nasdaq/GFS/GFS_4H_20260421_021722.png
 create mode 100644 charts/screenshots_nasdaq/GFS/GFS_Daily_20260421_021722.png
 create mode 100644 charts/screenshots_nasdaq/GFS/GFS_Monthly_20260421_021722.png
 create mode 100644 charts/screenshots_nasdaq/GFS/GFS_Weekly_20260421_021722.png
 create mode 100644 charts/screenshots_nasdaq/GKOS/GKOS_1H_20260421_012439.png
 create mode 100644 charts/screenshots_nasdaq/GKOS/GKOS_4H_20260421_012439.png
 create mode 100644 charts/screenshots_nasdaq/GKOS/GKOS_Daily_20260421_012439.png
 create mode 100644 charts/screenshots_nasdaq/GKOS/GKOS_Monthly_20260421_012439.png
 create mode 100644 charts/screenshots_nasdaq/GKOS/GKOS_Weekly_20260421_012439.png
 delete mode 100644 charts/screenshots_nasdaq/GPK/GPK_1H_20260402_000813.png
 delete mode 100644 charts/screenshots_nasdaq/GPK/GPK_4H_20260402_000813.png
 delete mode 100644 charts/screenshots_nasdaq/GPK/GPK_Daily_20260402_000813.png
 delete mode 100644 charts/screenshots_nasdaq/GPK/GPK_Monthly_20260402_000813.png
 delete mode 100644 charts/screenshots_nasdaq/GPK/GPK_Weekly_20260402_000813.png
 create mode 100644 charts/screenshots_nasdaq/GSAT/GSAT_1H_20260421_012510.png
 create mode 100644 charts/screenshots_nasdaq/GSAT/GSAT_4H_20260421_012510.png
 create mode 100644 charts/screenshots_nasdaq/GSAT/GSAT_Daily_20260421_012510.png
 create mode 100644 charts/screenshots_nasdaq/GSAT/GSAT_Monthly_20260421_012510.png
 create mode 100644 charts/screenshots_nasdaq/GSAT/GSAT_Weekly_20260421_012510.png
 delete mode 100644 charts/screenshots_nasdaq/GTLB/GTLB_1H_20260402_000844.png
 delete mode 100644 charts/screenshots_nasdaq/GTLB/GTLB_4H_20260402_000844.png
 delete mode 100644 charts/screenshots_nasdaq/GTLB/GTLB_Daily_20260402_000844.png
 delete mode 100644 charts/screenshots_nasdaq/GTLB/GTLB_Monthly_20260402_000844.png
 delete mode 100644 charts/screenshots_nasdaq/GTLB/GTLB_Weekly_20260402_000844.png
 create mode 100644 charts/screenshots_nasdaq/H/H_1H_20260421_015306.png
 create mode 100644 charts/screenshots_nasdaq/H/H_4H_20260421_015306.png
 create mode 100644 charts/screenshots_nasdaq/H/H_Daily_20260421_015306.png
 create mode 100644 charts/screenshots_nasdaq/H/H_Monthly_20260421_015306.png
 create mode 100644 charts/screenshots_nasdaq/H/H_Weekly_20260421_015306.png
 create mode 100644 charts/screenshots_nasdaq/HPE/HPE_1H_20260421_014141.png
 create mode 100644 charts/screenshots_nasdaq/HPE/HPE_4H_20260421_014141.png
 create mode 100644 charts/screenshots_nasdaq/HPE/HPE_Daily_20260421_014141.png
 create mode 100644 charts/screenshots_nasdaq/HPE/HPE_Monthly_20260421_014141.png
 create mode 100644 charts/screenshots_nasdaq/HPE/HPE_Weekly_20260421_014141.png
 create mode 100644 charts/screenshots_nasdaq/HUT/HUT_1H_20260421_022745.png
 create mode 100644 charts/screenshots_nasdaq/HUT/HUT_4H_20260421_022745.png
 create mode 100644 charts/screenshots_nasdaq/HUT/HUT_Daily_20260421_022745.png
 create mode 100644 charts/screenshots_nasdaq/HUT/HUT_Monthly_20260421_022745.png
 create mode 100644 charts/screenshots_nasdaq/HUT/HUT_Weekly_20260421_022745.png
 create mode 100644 charts/screenshots_nasdaq/IBKR/IBKR_1H_20260421_020500.png
 create mode 100644 charts/screenshots_nasdaq/IBKR/IBKR_4H_20260421_020500.png
 create mode 100644 charts/screenshots_nasdaq/IBKR/IBKR_Daily_20260421_020500.png
 create mode 100644 charts/screenshots_nasdaq/IBKR/IBKR_Monthly_20260421_020500.png
 create mode 100644 charts/screenshots_nasdaq/IBKR/IBKR_Weekly_20260421_020500.png
 create mode 100644 charts/screenshots_nasdaq/IESC/IESC_1H_20260421_014520.png
 create mode 100644 charts/screenshots_nasdaq/IESC/IESC_4H_20260421_014520.png
 create mode 100644 charts/screenshots_nasdaq/IESC/IESC_Daily_20260421_014520.png
 create mode 100644 charts/screenshots_nasdaq/IESC/IESC_Monthly_20260421_014520.png
 create mode 100644 charts/screenshots_nasdaq/IESC/IESC_Weekly_20260421_014520.png
 delete mode 100644 charts/screenshots_nasdaq/INOD/INOD_1H_20260401_235349.png
 delete mode 100644 charts/screenshots_nasdaq/INOD/INOD_4H_20260401_235349.png
 delete mode 100644 charts/screenshots_nasdaq/INOD/INOD_Daily_20260401_235349.png
 delete mode 100644 charts/screenshots_nasdaq/INOD/INOD_Monthly_20260401_235349.png
 delete mode 100644 charts/screenshots_nasdaq/INOD/INOD_Weekly_20260401_235349.png
 delete mode 100644 charts/screenshots_nasdaq/INSP/INSP_1H_20260402_000916.png
 delete mode 100644 charts/screenshots_nasdaq/INSP/INSP_4H_20260402_000916.png
 delete mode 100644 charts/screenshots_nasdaq/INSP/INSP_Daily_20260402_000916.png
 delete mode 100644 charts/screenshots_nasdaq/INSP/INSP_Monthly_20260402_000916.png
 delete mode 100644 charts/screenshots_nasdaq/INSP/INSP_Weekly_20260402_000916.png
 delete mode 100644 charts/screenshots_nasdaq/IONQ/IONQ_1H_20260401_235842.png
 delete mode 100644 charts/screenshots_nasdaq/IONQ/IONQ_4H_20260401_235842.png
 delete mode 100644 charts/screenshots_nasdaq/IONQ/IONQ_Daily_20260401_235842.png
 delete mode 100644 charts/screenshots_nasdaq/IONQ/IONQ_Monthly_20260401_235842.png
 delete mode 100644 charts/screenshots_nasdaq/IONQ/IONQ_Weekly_20260401_235842.png
 delete mode 100644 charts/screenshots_nasdaq/IREN/IREN_1H_20260402_001642.png
 delete mode 100644 charts/screenshots_nasdaq/IREN/IREN_4H_20260402_001642.png
 delete mode 100644 charts/screenshots_nasdaq/IREN/IREN_Daily_20260402_001642.png
 delete mode 100644 charts/screenshots_nasdaq/IREN/IREN_Monthly_20260402_001642.png
 delete mode 100644 charts/screenshots_nasdaq/IREN/IREN_Weekly_20260402_001642.png
 create mode 100644 charts/screenshots_nasdaq/IRM/IRM_1H_20260421_020255.png
 create mode 100644 charts/screenshots_nasdaq/IRM/IRM_4H_20260421_020255.png
 create mode 100644 charts/screenshots_nasdaq/IRM/IRM_Daily_20260421_020255.png
 create mode 100644 charts/screenshots_nasdaq/IRM/IRM_Monthly_20260421_020255.png
 create mode 100644 charts/screenshots_nasdaq/IRM/IRM_Weekly_20260421_020255.png
 create mode 100644 charts/screenshots_nasdaq/ITT/ITT_1H_20260421_020530.png
 create mode 100644 charts/screenshots_nasdaq/ITT/ITT_4H_20260421_020530.png
 create mode 100644 charts/screenshots_nasdaq/ITT/ITT_Daily_20260421_020530.png
 create mode 100644 charts/screenshots_nasdaq/ITT/ITT_Monthly_20260421_020530.png
 create mode 100644 charts/screenshots_nasdaq/ITT/ITT_Weekly_20260421_020530.png
 create mode 100644 charts/screenshots_nasdaq/JBHT/JBHT_1H_20260421_021958.png
 create mode 100644 charts/screenshots_nasdaq/JBHT/JBHT_4H_20260421_021958.png
 create mode 100644 charts/screenshots_nasdaq/JBHT/JBHT_Daily_20260421_021958.png
 create mode 100644 charts/screenshots_nasdaq/JBHT/JBHT_Monthly_20260421_021958.png
 create mode 100644 charts/screenshots_nasdaq/JBHT/JBHT_Weekly_20260421_021958.png
 create mode 100644 charts/screenshots_nasdaq/JBL/JBL_1H_20260421_022816.png
 create mode 100644 charts/screenshots_nasdaq/JBL/JBL_4H_20260421_022816.png
 create mode 100644 charts/screenshots_nasdaq/JBL/JBL_Daily_20260421_022816.png
 create mode 100644 charts/screenshots_nasdaq/JBL/JBL_Monthly_20260421_022816.png
 create mode 100644 charts/screenshots_nasdaq/JBL/JBL_Weekly_20260421_022816.png
 delete mode 100644 charts/screenshots_nasdaq/JBS/JBS_1H_20260402_004251.png
 delete mode 100644 charts/screenshots_nasdaq/JBS/JBS_4H_20260402_004251.png
 delete mode 100644 charts/screenshots_nasdaq/JBS/JBS_Daily_20260402_004251.png
 delete mode 100644 charts/screenshots_nasdaq/JBS/JBS_Monthly_20260402_004251.png
 delete mode 100644 charts/screenshots_nasdaq/JBS/JBS_Weekly_20260402_004251.png
 create mode 100644 charts/screenshots_nasdaq/JLL/JLL_1H_20260421_023122.png
 create mode 100644 charts/screenshots_nasdaq/JLL/JLL_4H_20260421_023122.png
 create mode 100644 charts/screenshots_nasdaq/JLL/JLL_Daily_20260421_023122.png
 create mode 100644 charts/screenshots_nasdaq/JLL/JLL_Monthly_20260421_023122.png
 create mode 100644 charts/screenshots_nasdaq/JLL/JLL_Weekly_20260421_023122.png
 delete mode 100644 charts/screenshots_nasdaq/JOBY/JOBY_1H_20260402_000948.png
 delete mode 100644 charts/screenshots_nasdaq/JOBY/JOBY_4H_20260402_000948.png
 delete mode 100644 charts/screenshots_nasdaq/JOBY/JOBY_Daily_20260402_000948.png
 delete mode 100644 charts/screenshots_nasdaq/JOBY/JOBY_Monthly_20260402_000948.png
 delete mode 100644 charts/screenshots_nasdaq/JOBY/JOBY_Weekly_20260402_000948.png
 create mode 100644 charts/screenshots_nasdaq/KEYS/KEYS_1H_20260421_013222.png
 create mode 100644 charts/screenshots_nasdaq/KEYS/KEYS_4H_20260421_013222.png
 create mode 100644 charts/screenshots_nasdaq/KEYS/KEYS_Daily_20260421_013222.png
 create mode 100644 charts/screenshots_nasdaq/KEYS/KEYS_Monthly_20260421_013222.png
 create mode 100644 charts/screenshots_nasdaq/KEYS/KEYS_Weekly_20260421_013222.png
 create mode 100644 charts/screenshots_nasdaq/KLAC/KLAC_1H_20260421_014552.png
 create mode 100644 charts/screenshots_nasdaq/KLAC/KLAC_4H_20260421_014552.png
 create mode 100644 charts/screenshots_nasdaq/KLAC/KLAC_Daily_20260421_014552.png
 create mode 100644 charts/screenshots_nasdaq/KLAC/KLAC_Monthly_20260421_014552.png
 create mode 100644 charts/screenshots_nasdaq/KLAC/KLAC_Weekly_20260421_014552.png
 create mode 100644 charts/screenshots_nasdaq/KNX/KNX_1H_20260421_020601.png
 create mode 100644 charts/screenshots_nasdaq/KNX/KNX_4H_20260421_020601.png
 create mode 100644 charts/screenshots_nasdaq/KNX/KNX_Daily_20260421_020601.png
 create mode 100644 charts/screenshots_nasdaq/KNX/KNX_Monthly_20260421_020601.png
 create mode 100644 charts/screenshots_nasdaq/KNX/KNX_Weekly_20260421_020601.png
 delete mode 100644 charts/screenshots_nasdaq/KOD/KOD_1H_20260402_003330.png
 create mode 100644 charts/screenshots_nasdaq/KOD/KOD_1H_20260421_012540.png
 delete mode 100644 charts/screenshots_nasdaq/KOD/KOD_4H_20260402_003330.png
 create mode 100644 charts/screenshots_nasdaq/KOD/KOD_4H_20260421_012540.png
 delete mode 100644 charts/screenshots_nasdaq/KOD/KOD_Daily_20260402_003330.png
 create mode 100644 charts/screenshots_nasdaq/KOD/KOD_Daily_20260421_012540.png
 delete mode 100644 charts/screenshots_nasdaq/KOD/KOD_Monthly_20260402_003330.png
 create mode 100644 charts/screenshots_nasdaq/KOD/KOD_Monthly_20260421_012540.png
 delete mode 100644 charts/screenshots_nasdaq/KOD/KOD_Weekly_20260402_003330.png
 create mode 100644 charts/screenshots_nasdaq/KOD/KOD_Weekly_20260421_012540.png
 delete mode 100644 charts/screenshots_nasdaq/LCID/LCID_1H_20260402_002300.png
 delete mode 100644 charts/screenshots_nasdaq/LCID/LCID_4H_20260402_002300.png
 delete mode 100644 charts/screenshots_nasdaq/LCID/LCID_Daily_20260402_002300.png
 delete mode 100644 charts/screenshots_nasdaq/LCID/LCID_Monthly_20260402_002300.png
 delete mode 100644 charts/screenshots_nasdaq/LCID/LCID_Weekly_20260402_002300.png
 delete mode 100644 charts/screenshots_nasdaq/LEU/LEU_1H_20260402_001714.png
 delete mode 100644 charts/screenshots_nasdaq/LEU/LEU_4H_20260402_001714.png
 delete mode 100644 charts/screenshots_nasdaq/LEU/LEU_Daily_20260402_001714.png
 delete mode 100644 charts/screenshots_nasdaq/LEU/LEU_Monthly_20260402_001714.png
 delete mode 100644 charts/screenshots_nasdaq/LEU/LEU_Weekly_20260402_001714.png
 create mode 100644 charts/screenshots_nasdaq/LFUS/LFUS_1H_20260421_014623.png
 create mode 100644 charts/screenshots_nasdaq/LFUS/LFUS_4H_20260421_014623.png
 create mode 100644 charts/screenshots_nasdaq/LFUS/LFUS_Daily_20260421_014623.png
 create mode 100644 charts/screenshots_nasdaq/LFUS/LFUS_Monthly_20260421_014623.png
 create mode 100644 charts/screenshots_nasdaq/LFUS/LFUS_Weekly_20260421_014623.png
 delete mode 100644 charts/screenshots_nasdaq/LITE/LITE_1H_20260402_003739.png
 create mode 100644 charts/screenshots_nasdaq/LITE/LITE_1H_20260421_013253.png
 delete mode 100644 charts/screenshots_nasdaq/LITE/LITE_4H_20260402_003739.png
 create mode 100644 charts/screenshots_nasdaq/LITE/LITE_4H_20260421_013253.png
 delete mode 100644 charts/screenshots_nasdaq/LITE/LITE_Daily_20260402_003739.png
 create mode 100644 charts/screenshots_nasdaq/LITE/LITE_Daily_20260421_013253.png
 delete mode 100644 charts/screenshots_nasdaq/LITE/LITE_Monthly_20260402_003739.png
 create mode 100644 charts/screenshots_nasdaq/LITE/LITE_Monthly_20260421_013253.png
 delete mode 100644 charts/screenshots_nasdaq/LITE/LITE_Weekly_20260402_003739.png
 create mode 100644 charts/screenshots_nasdaq/LITE/LITE_Weekly_20260421_013253.png
 create mode 100644 charts/screenshots_nasdaq/LSCC/LSCC_1H_20260421_020631.png
 create mode 100644 charts/screenshots_nasdaq/LSCC/LSCC_4H_20260421_020631.png
 create mode 100644 charts/screenshots_nasdaq/LSCC/LSCC_Daily_20260421_020631.png
 create mode 100644 charts/screenshots_nasdaq/LSCC/LSCC_Monthly_20260421_020631.png
 create mode 100644 charts/screenshots_nasdaq/LSCC/LSCC_Weekly_20260421_020631.png
 create mode 100644 charts/screenshots_nasdaq/LSTR/LSTR_1H_20260421_020703.png
 create mode 100644 charts/screenshots_nasdaq/LSTR/LSTR_4H_20260421_020703.png
 create mode 100644 charts/screenshots_nasdaq/LSTR/LSTR_Daily_20260421_020703.png
 create mode 100644 charts/screenshots_nasdaq/LSTR/LSTR_Monthly_20260421_020703.png
 create mode 100644 charts/screenshots_nasdaq/LSTR/LSTR_Weekly_20260421_020703.png
 create mode 100644 charts/screenshots_nasdaq/LUNR/LUNR_1H_20260421_014655.png
 create mode 100644 charts/screenshots_nasdaq/LUNR/LUNR_4H_20260421_014655.png
 create mode 100644 charts/screenshots_nasdaq/LUNR/LUNR_Daily_20260421_014655.png
 create mode 100644 charts/screenshots_nasdaq/LUNR/LUNR_Monthly_20260421_014655.png
 create mode 100644 charts/screenshots_nasdaq/LUNR/LUNR_Weekly_20260421_014655.png
 create mode 100644 charts/screenshots_nasdaq/LWLG/LWLG_1H_20260421_022029.png
 create mode 100644 charts/screenshots_nasdaq/LWLG/LWLG_4H_20260421_022029.png
 create mode 100644 charts/screenshots_nasdaq/LWLG/LWLG_Daily_20260421_022029.png
 create mode 100644 charts/screenshots_nasdaq/LWLG/LWLG_Monthly_20260421_022029.png
 create mode 100644 charts/screenshots_nasdaq/LWLG/LWLG_Weekly_20260421_022029.png
 create mode 100644 charts/screenshots_nasdaq/MAR/MAR_1H_20260421_015541.png
 create mode 100644 charts/screenshots_nasdaq/MAR/MAR_4H_20260421_015541.png
 create mode 100644 charts/screenshots_nasdaq/MAR/MAR_Daily_20260421_015541.png
 create mode 100644 charts/screenshots_nasdaq/MAR/MAR_Monthly_20260421_015541.png
 create mode 100644 charts/screenshots_nasdaq/MAR/MAR_Weekly_20260421_015541.png
 create mode 100644 charts/screenshots_nasdaq/MCHP/MCHP_1H_20260421_020733.png
 create mode 100644 charts/screenshots_nasdaq/MCHP/MCHP_4H_20260421_020733.png
 create mode 100644 charts/screenshots_nasdaq/MCHP/MCHP_Daily_20260421_020733.png
 create mode 100644 charts/screenshots_nasdaq/MCHP/MCHP_Monthly_20260421_020733.png
 create mode 100644 charts/screenshots_nasdaq/MCHP/MCHP_Weekly_20260421_020733.png
 create mode 100644 charts/screenshots_nasdaq/MKSI/MKSI_1H_20260421_013324.png
 create mode 100644 charts/screenshots_nasdaq/MKSI/MKSI_4H_20260421_013324.png
 create mode 100644 charts/screenshots_nasdaq/MKSI/MKSI_Daily_20260421_013324.png
 create mode 100644 charts/screenshots_nasdaq/MKSI/MKSI_Monthly_20260421_013324.png
 create mode 100644 charts/screenshots_nasdaq/MKSI/MKSI_Weekly_20260421_013324.png
 delete mode 100644 charts/screenshots_nasdaq/MMYT/MMYT_1H_20260401_235111.png
 delete mode 100644 charts/screenshots_nasdaq/MMYT/MMYT_4H_20260401_235111.png
 delete mode 100644 charts/screenshots_nasdaq/MMYT/MMYT_Daily_20260401_235111.png
 delete mode 100644 charts/screenshots_nasdaq/MMYT/MMYT_Monthly_20260401_235111.png
 delete mode 100644 charts/screenshots_nasdaq/MMYT/MMYT_Weekly_20260401_235111.png
 create mode 100644 charts/screenshots_nasdaq/MOD/MOD_1H_20260421_014725.png
 create mode 100644 charts/screenshots_nasdaq/MOD/MOD_4H_20260421_014725.png
 create mode 100644 charts/screenshots_nasdaq/MOD/MOD_Daily_20260421_014725.png
 create mode 100644 charts/screenshots_nasdaq/MOD/MOD_Monthly_20260421_014725.png
 create mode 100644 charts/screenshots_nasdaq/MOD/MOD_Weekly_20260421_014725.png
 delete mode 100644 charts/screenshots_nasdaq/MP/MP_1H_20260401_235913.png
 delete mode 100644 charts/screenshots_nasdaq/MP/MP_4H_20260401_235913.png
 delete mode 100644 charts/screenshots_nasdaq/MP/MP_Daily_20260401_235913.png
 delete mode 100644 charts/screenshots_nasdaq/MP/MP_Monthly_20260401_235913.png
 delete mode 100644 charts/screenshots_nasdaq/MP/MP_Weekly_20260401_235913.png
 create mode 100644 charts/screenshots_nasdaq/MPWR/MPWR_1H_20260421_020123.png
 create mode 100644 charts/screenshots_nasdaq/MPWR/MPWR_4H_20260421_020123.png
 create mode 100644 charts/screenshots_nasdaq/MPWR/MPWR_Daily_20260421_020123.png
 create mode 100644 charts/screenshots_nasdaq/MPWR/MPWR_Monthly_20260421_020123.png
 create mode 100644 charts/screenshots_nasdaq/MPWR/MPWR_Weekly_20260421_020123.png
 delete mode 100644 charts/screenshots_nasdaq/MRVL/MRVL_1H_20260402_003431.png
 create mode 100644 charts/screenshots_nasdaq/MRVL/MRVL_1H_20260421_021211.png
 delete mode 100644 charts/screenshots_nasdaq/MRVL/MRVL_4H_20260402_003431.png
 create mode 100644 charts/screenshots_nasdaq/MRVL/MRVL_4H_20260421_021211.png
 delete mode 100644 charts/screenshots_nasdaq/MRVL/MRVL_Daily_20260402_003431.png
 create mode 100644 charts/screenshots_nasdaq/MRVL/MRVL_Daily_20260421_021211.png
 delete mode 100644 charts/screenshots_nasdaq/MRVL/MRVL_Monthly_20260402_003431.png
 create mode 100644 charts/screenshots_nasdaq/MRVL/MRVL_Monthly_20260421_021211.png
 delete mode 100644 charts/screenshots_nasdaq/MRVL/MRVL_Weekly_20260402_003431.png
 create mode 100644 charts/screenshots_nasdaq/MRVL/MRVL_Weekly_20260421_021211.png
 create mode 100644 charts/screenshots_nasdaq/MS/MS_1H_20260421_015612.png
 create mode 100644 charts/screenshots_nasdaq/MS/MS_4H_20260421_015612.png
 create mode 100644 charts/screenshots_nasdaq/MS/MS_Daily_20260421_015612.png
 create mode 100644 charts/screenshots_nasdaq/MS/MS_Monthly_20260421_015612.png
 create mode 100644 charts/screenshots_nasdaq/MS/MS_Weekly_20260421_015612.png
 delete mode 100644 charts/screenshots_nasdaq/MSTR/MSTR_1H_20260402_001745.png
 delete mode 100644 charts/screenshots_nasdaq/MSTR/MSTR_4H_20260402_001745.png
 delete mode 100644 charts/screenshots_nasdaq/MSTR/MSTR_Daily_20260402_001745.png
 delete mode 100644 charts/screenshots_nasdaq/MSTR/MSTR_Monthly_20260402_001745.png
 delete mode 100644 charts/screenshots_nasdaq/MSTR/MSTR_Weekly_20260402_001745.png
 create mode 100644 charts/screenshots_nasdaq/MTSI/MTSI_1H_20260421_015643.png
 create mode 100644 charts/screenshots_nasdaq/MTSI/MTSI_4H_20260421_015643.png
 create mode 100644 charts/screenshots_nasdaq/MTSI/MTSI_Daily_20260421_015643.png
 create mode 100644 charts/screenshots_nasdaq/MTSI/MTSI_Monthly_20260421_015643.png
 create mode 100644 charts/screenshots_nasdaq/MTSI/MTSI_Weekly_20260421_015643.png
 create mode 100644 charts/screenshots_nasdaq/MTZ/MTZ_1H_20260421_014756.png
 create mode 100644 charts/screenshots_nasdaq/MTZ/MTZ_4H_20260421_014756.png
 create mode 100644 charts/screenshots_nasdaq/MTZ/MTZ_Daily_20260421_014756.png
 create mode 100644 charts/screenshots_nasdaq/MTZ/MTZ_Monthly_20260421_014756.png
 create mode 100644 charts/screenshots_nasdaq/MTZ/MTZ_Weekly_20260421_014756.png
 create mode 100644 charts/screenshots_nasdaq/MYRG/MYRG_1H_20260421_014827.png
 create mode 100644 charts/screenshots_nasdaq/MYRG/MYRG_4H_20260421_014827.png
 create mode 100644 charts/screenshots_nasdaq/MYRG/MYRG_Daily_20260421_014827.png
 create mode 100644 charts/screenshots_nasdaq/MYRG/MYRG_Monthly_20260421_014827.png
 create mode 100644 charts/screenshots_nasdaq/MYRG/MYRG_Weekly_20260421_014827.png
 create mode 100644 charts/screenshots_nasdaq/NKTR/NKTR_1H_20260421_022100.png
 create mode 100644 charts/screenshots_nasdaq/NKTR/NKTR_4H_20260421_022100.png
 create mode 100644 charts/screenshots_nasdaq/NKTR/NKTR_Daily_20260421_022100.png
 create mode 100644 charts/screenshots_nasdaq/NKTR/NKTR_Monthly_20260421_022100.png
 create mode 100644 charts/screenshots_nasdaq/NKTR/NKTR_Weekly_20260421_022100.png
 delete mode 100644 charts/screenshots_nasdaq/NNE/NNE_1H_20260402_001817.png
 delete mode 100644 charts/screenshots_nasdaq/NNE/NNE_4H_20260402_001817.png
 delete mode 100644 charts/screenshots_nasdaq/NNE/NNE_Daily_20260402_001817.png
 delete mode 100644 charts/screenshots_nasdaq/NNE/NNE_Monthly_20260402_001817.png
 delete mode 100644 charts/screenshots_nasdaq/NNE/NNE_Weekly_20260402_001817.png
 create mode 100644 charts/screenshots_nasdaq/NOK/NOK_1H_20260421_015714.png
 create mode 100644 charts/screenshots_nasdaq/NOK/NOK_4H_20260421_015714.png
 create mode 100644 charts/screenshots_nasdaq/NOK/NOK_Daily_20260421_015714.png
 create mode 100644 charts/screenshots_nasdaq/NOK/NOK_Monthly_20260421_015714.png
 create mode 100644 charts/screenshots_nasdaq/NOK/NOK_Weekly_20260421_015714.png
 delete mode 100644 charts/screenshots_nasdaq/NOW/NOW_1H_20260402_001849.png
 delete mode 100644 charts/screenshots_nasdaq/NOW/NOW_4H_20260402_001849.png
 delete mode 100644 charts/screenshots_nasdaq/NOW/NOW_Daily_20260402_001849.png
 delete mode 100644 charts/screenshots_nasdaq/NOW/NOW_Monthly_20260402_001849.png
 delete mode 100644 charts/screenshots_nasdaq/NOW/NOW_Weekly_20260402_001849.png
 delete mode 100644 charts/screenshots_nasdaq/NSIT/NSIT_1H_20260402_001020.png
 delete mode 100644 charts/screenshots_nasdaq/NSIT/NSIT_4H_20260402_001020.png
 delete mode 100644 charts/screenshots_nasdaq/NSIT/NSIT_Daily_20260402_001020.png
 delete mode 100644 charts/screenshots_nasdaq/NSIT/NSIT_Monthly_20260402_001020.png
 delete mode 100644 charts/screenshots_nasdaq/NSIT/NSIT_Weekly_20260402_001020.png
 delete mode 100644 charts/screenshots_nasdaq/NTLA/NTLA_1H_20260401_234733.png
 delete mode 100644 charts/screenshots_nasdaq/NTLA/NTLA_4H_20260401_234733.png
 delete mode 100644 charts/screenshots_nasdaq/NTLA/NTLA_Daily_20260401_234733.png
 delete mode 100644 charts/screenshots_nasdaq/NTLA/NTLA_Monthly_20260401_234733.png
 delete mode 100644 charts/screenshots_nasdaq/NTLA/NTLA_Weekly_20260401_234733.png
 create mode 100644 charts/screenshots_nasdaq/NTRS/NTRS_1H_20260421_015745.png
 create mode 100644 charts/screenshots_nasdaq/NTRS/NTRS_4H_20260421_015745.png
 create mode 100644 charts/screenshots_nasdaq/NTRS/NTRS_Daily_20260421_015745.png
 create mode 100644 charts/screenshots_nasdaq/NTRS/NTRS_Monthly_20260421_015745.png
 create mode 100644 charts/screenshots_nasdaq/NTRS/NTRS_Weekly_20260421_015745.png
 delete mode 100644 charts/screenshots_nasdaq/NTSK/NTSK_1H_20260402_001053.png
 delete mode 100644 charts/screenshots_nasdaq/NTSK/NTSK_4H_20260402_001053.png
 delete mode 100644 charts/screenshots_nasdaq/NTSK/NTSK_Daily_20260402_001053.png
 delete mode 100644 charts/screenshots_nasdaq/NTSK/NTSK_Monthly_20260402_001053.png
 delete mode 100644 charts/screenshots_nasdaq/NTSK/NTSK_Weekly_20260402_001053.png
 create mode 100644 charts/screenshots_nasdaq/NUE/NUE_1H_20260421_022131.png
 create mode 100644 charts/screenshots_nasdaq/NUE/NUE_4H_20260421_022131.png
 create mode 100644 charts/screenshots_nasdaq/NUE/NUE_Daily_20260421_022131.png
 create mode 100644 charts/screenshots_nasdaq/NUE/NUE_Monthly_20260421_022131.png
 create mode 100644 charts/screenshots_nasdaq/NUE/NUE_Weekly_20260421_022131.png
 create mode 100644 charts/screenshots_nasdaq/NVDA/NVDA_1H_20260421_012611.png
 create mode 100644 charts/screenshots_nasdaq/NVDA/NVDA_4H_20260421_012611.png
 create mode 100644 charts/screenshots_nasdaq/NVDA/NVDA_Daily_20260421_012611.png
 create mode 100644 charts/screenshots_nasdaq/NVDA/NVDA_Monthly_20260421_012611.png
 create mode 100644 charts/screenshots_nasdaq/NVDA/NVDA_Weekly_20260421_012611.png
 delete mode 100644 charts/screenshots_nasdaq/NVTS/NVTS_1H_20260401_234803.png
 delete mode 100644 charts/screenshots_nasdaq/NVTS/NVTS_4H_20260401_234803.png
 delete mode 100644 charts/screenshots_nasdaq/NVTS/NVTS_Daily_20260401_234803.png
 delete mode 100644 charts/screenshots_nasdaq/NVTS/NVTS_Monthly_20260401_234803.png
 delete mode 100644 charts/screenshots_nasdaq/NVTS/NVTS_Weekly_20260401_234803.png
 create mode 100644 charts/screenshots_nasdaq/ODFL/ODFL_1H_20260421_015816.png
 create mode 100644 charts/screenshots_nasdaq/ODFL/ODFL_4H_20260421_015816.png
 create mode 100644 charts/screenshots_nasdaq/ODFL/ODFL_Daily_20260421_015816.png
 create mode 100644 charts/screenshots_nasdaq/ODFL/ODFL_Monthly_20260421_015816.png
 create mode 100644 charts/screenshots_nasdaq/ODFL/ODFL_Weekly_20260421_015816.png
 delete mode 100644 charts/screenshots_nasdaq/OKLO/OKLO_1H_20260401_235945.png
 delete mode 100644 charts/screenshots_nasdaq/OKLO/OKLO_4H_20260401_235945.png
 delete mode 100644 charts/screenshots_nasdaq/OKLO/OKLO_Daily_20260401_235945.png
 delete mode 100644 charts/screenshots_nasdaq/OKLO/OKLO_Monthly_20260401_235945.png
 delete mode 100644 charts/screenshots_nasdaq/OKLO/OKLO_Weekly_20260401_235945.png
 delete mode 100644 charts/screenshots_nasdaq/OLMA/OLMA_1H_20260401_235421.png
 delete mode 100644 charts/screenshots_nasdaq/OLMA/OLMA_4H_20260401_235421.png
 delete mode 100644 charts/screenshots_nasdaq/OLMA/OLMA_Daily_20260401_235421.png
 delete mode 100644 charts/screenshots_nasdaq/OLMA/OLMA_Monthly_20260401_235421.png
 delete mode 100644 charts/screenshots_nasdaq/OLMA/OLMA_Weekly_20260401_235421.png
 delete mode 100644 charts/screenshots_nasdaq/OLN/OLN_1H_20260402_003021.png
 delete mode 100644 charts/screenshots_nasdaq/OLN/OLN_4H_20260402_003021.png
 delete mode 100644 charts/screenshots_nasdaq/OLN/OLN_Daily_20260402_003021.png
 delete mode 100644 charts/screenshots_nasdaq/OLN/OLN_Monthly_20260402_003021.png
 delete mode 100644 charts/screenshots_nasdaq/OLN/OLN_Weekly_20260402_003021.png
 create mode 100644 charts/screenshots_nasdaq/ON/ON_1H_20260421_023154.png
 create mode 100644 charts/screenshots_nasdaq/ON/ON_4H_20260421_023154.png
 create mode 100644 charts/screenshots_nasdaq/ON/ON_Daily_20260421_023154.png
 create mode 100644 charts/screenshots_nasdaq/ON/ON_Monthly_20260421_023154.png
 create mode 100644 charts/screenshots_nasdaq/ON/ON_Weekly_20260421_023154.png
 create mode 100644 charts/screenshots_nasdaq/ONTO/ONTO_1H_20260421_022203.png
 create mode 100644 charts/screenshots_nasdaq/ONTO/ONTO_4H_20260421_022203.png
 create mode 100644 charts/screenshots_nasdaq/ONTO/ONTO_Daily_20260421_022203.png
 create mode 100644 charts/screenshots_nasdaq/ONTO/ONTO_Monthly_20260421_022203.png
 create mode 100644 charts/screenshots_nasdaq/ONTO/ONTO_Weekly_20260421_022203.png
 delete mode 100644 charts/screenshots_nasdaq/OPEN/OPEN_1H_20260401_235143.png
 delete mode 100644 charts/screenshots_nasdaq/OPEN/OPEN_4H_20260401_235143.png
 delete mode 100644 charts/screenshots_nasdaq/OPEN/OPEN_Daily_20260401_235143.png
 delete mode 100644 charts/screenshots_nasdaq/OPEN/OPEN_Monthly_20260401_235143.png
 delete mode 100644 charts/screenshots_nasdaq/OPEN/OPEN_Weekly_20260401_235143.png
 delete mode 100644 charts/screenshots_nasdaq/ORCL/ORCL_1H_20260402_001920.png
 delete mode 100644 charts/screenshots_nasdaq/ORCL/ORCL_4H_20260402_001920.png
 delete mode 100644 charts/screenshots_nasdaq/ORCL/ORCL_Daily_20260402_001920.png
 delete mode 100644 charts/screenshots_nasdaq/ORCL/ORCL_Monthly_20260402_001920.png
 delete mode 100644 charts/screenshots_nasdaq/ORCL/ORCL_Weekly_20260402_001920.png
 delete mode 100644 charts/screenshots_nasdaq/ORKA/ORKA_1H_20260402_003400.png
 create mode 100644 charts/screenshots_nasdaq/ORKA/ORKA_1H_20260421_020154.png
 delete mode 100644 charts/screenshots_nasdaq/ORKA/ORKA_4H_20260402_003400.png
 create mode 100644 charts/screenshots_nasdaq/ORKA/ORKA_4H_20260421_020154.png
 delete mode 100644 charts/screenshots_nasdaq/ORKA/ORKA_Daily_20260402_003400.png
 create mode 100644 charts/screenshots_nasdaq/ORKA/ORKA_Daily_20260421_020154.png
 delete mode 100644 charts/screenshots_nasdaq/ORKA/ORKA_Monthly_20260402_003400.png
 create mode 100644 charts/screenshots_nasdaq/ORKA/ORKA_Monthly_20260421_020154.png
 delete mode 100644 charts/screenshots_nasdaq/ORKA/ORKA_Weekly_20260402_003400.png
 create mode 100644 charts/screenshots_nasdaq/ORKA/ORKA_Weekly_20260421_020154.png
 delete mode 100644 charts/screenshots_nasdaq/PAR/PAR_1H_20260402_000017.png
 delete mode 100644 charts/screenshots_nasdaq/PAR/PAR_4H_20260402_000017.png
 delete mode 100644 charts/screenshots_nasdaq/PAR/PAR_Daily_20260402_000017.png
 delete mode 100644 charts/screenshots_nasdaq/PAR/PAR_Monthly_20260402_000017.png
 delete mode 100644 charts/screenshots_nasdaq/PAR/PAR_Weekly_20260402_000017.png
 delete mode 100644 charts/screenshots_nasdaq/PLPC/PLPC_1H_20260402_004017.png
 create mode 100644 charts/screenshots_nasdaq/PLPC/PLPC_1H_20260421_014858.png
 delete mode 100644 charts/screenshots_nasdaq/PLPC/PLPC_4H_20260402_004017.png
 create mode 100644 charts/screenshots_nasdaq/PLPC/PLPC_4H_20260421_014858.png
 delete mode 100644 charts/screenshots_nasdaq/PLPC/PLPC_Daily_20260402_004017.png
 create mode 100644 charts/screenshots_nasdaq/PLPC/PLPC_Daily_20260421_014858.png
 delete mode 100644 charts/screenshots_nasdaq/PLPC/PLPC_Monthly_20260402_004017.png
 create mode 100644 charts/screenshots_nasdaq/PLPC/PLPC_Monthly_20260421_014858.png
 delete mode 100644 charts/screenshots_nasdaq/PLPC/PLPC_Weekly_20260402_004017.png
 create mode 100644 charts/screenshots_nasdaq/PLPC/PLPC_Weekly_20260421_014858.png
 create mode 100644 charts/screenshots_nasdaq/PLXS/PLXS_1H_20260421_020804.png
 create mode 100644 charts/screenshots_nasdaq/PLXS/PLXS_4H_20260421_020804.png
 create mode 100644 charts/screenshots_nasdaq/PLXS/PLXS_Daily_20260421_020804.png
 create mode 100644 charts/screenshots_nasdaq/PLXS/PLXS_Monthly_20260421_020804.png
 create mode 100644 charts/screenshots_nasdaq/PLXS/PLXS_Weekly_20260421_020804.png
 create mode 100644 charts/screenshots_nasdaq/POWL/POWL_1H_20260421_013354.png
 create mode 100644 charts/screenshots_nasdaq/POWL/POWL_4H_20260421_013354.png
 create mode 100644 charts/screenshots_nasdaq/POWL/POWL_Daily_20260421_013354.png
 create mode 100644 charts/screenshots_nasdaq/POWL/POWL_Monthly_20260421_013354.png
 create mode 100644 charts/screenshots_nasdaq/POWL/POWL_Weekly_20260421_013354.png
 create mode 100644 charts/screenshots_nasdaq/PRAX/PRAX_1H_20260421_020835.png
 create mode 100644 charts/screenshots_nasdaq/PRAX/PRAX_4H_20260421_020835.png
 create mode 100644 charts/screenshots_nasdaq/PRAX/PRAX_Daily_20260421_020835.png
 create mode 100644 charts/screenshots_nasdaq/PRAX/PRAX_Monthly_20260421_020835.png
 create mode 100644 charts/screenshots_nasdaq/PRAX/PRAX_Weekly_20260421_020835.png
 delete mode 100644 charts/screenshots_nasdaq/PRGS/PRGS_1H_20260401_234905.png
 delete mode 100644 charts/screenshots_nasdaq/PRGS/PRGS_4H_20260401_234905.png
 delete mode 100644 charts/screenshots_nasdaq/PRGS/PRGS_Daily_20260401_234905.png
 delete mode 100644 charts/screenshots_nasdaq/PRGS/PRGS_Monthly_20260401_234905.png
 delete mode 100644 charts/screenshots_nasdaq/PRGS/PRGS_Weekly_20260401_234905.png
 create mode 100644 charts/screenshots_nasdaq/PRIM/PRIM_1H_20260421_020906.png
 create mode 100644 charts/screenshots_nasdaq/PRIM/PRIM_4H_20260421_020906.png
 create mode 100644 charts/screenshots_nasdaq/PRIM/PRIM_Daily_20260421_020906.png
 create mode 100644 charts/screenshots_nasdaq/PRIM/PRIM_Monthly_20260421_020906.png
 create mode 100644 charts/screenshots_nasdaq/PRIM/PRIM_Weekly_20260421_020906.png
 create mode 100644 charts/screenshots_nasdaq/PSA/PSA_1H_20260421_011523.png
 create mode 100644 charts/screenshots_nasdaq/PSA/PSA_4H_20260421_011523.png
 create mode 100644 charts/screenshots_nasdaq/PSA/PSA_Daily_20260421_011523.png
 create mode 100644 charts/screenshots_nasdaq/PSA/PSA_Monthly_20260421_011523.png
 create mode 100644 charts/screenshots_nasdaq/PSA/PSA_Weekly_20260421_011523.png
 create mode 100644 charts/screenshots_nasdaq/PVH/PVH_1H_20260421_015950.png
 create mode 100644 charts/screenshots_nasdaq/PVH/PVH_4H_20260421_015950.png
 create mode 100644 charts/screenshots_nasdaq/PVH/PVH_Daily_20260421_015950.png
 create mode 100644 charts/screenshots_nasdaq/PVH/PVH_Monthly_20260421_015950.png
 create mode 100644 charts/screenshots_nasdaq/PVH/PVH_Weekly_20260421_015950.png
 delete mode 100644 charts/screenshots_nasdaq/QBTS/QBTS_1H_20260402_000049.png
 delete mode 100644 charts/screenshots_nasdaq/QBTS/QBTS_4H_20260402_000049.png
 delete mode 100644 charts/screenshots_nasdaq/QBTS/QBTS_Daily_20260402_000049.png
 delete mode 100644 charts/screenshots_nasdaq/QBTS/QBTS_Monthly_20260402_000049.png
 delete mode 100644 charts/screenshots_nasdaq/QBTS/QBTS_Weekly_20260402_000049.png
 delete mode 100644 charts/screenshots_nasdaq/QS/QS_1H_20260401_235452.png
 delete mode 100644 charts/screenshots_nasdaq/QS/QS_4H_20260401_235452.png
 delete mode 100644 charts/screenshots_nasdaq/QS/QS_Daily_20260401_235452.png
 delete mode 100644 charts/screenshots_nasdaq/QS/QS_Monthly_20260401_235452.png
 delete mode 100644 charts/screenshots_nasdaq/QS/QS_Weekly_20260401_235452.png
 create mode 100644 charts/screenshots_nasdaq/R/R_1H_20260421_020937.png
 create mode 100644 charts/screenshots_nasdaq/R/R_4H_20260421_020937.png
 create mode 100644 charts/screenshots_nasdaq/R/R_Daily_20260421_020937.png
 create mode 100644 charts/screenshots_nasdaq/R/R_Monthly_20260421_020937.png
 create mode 100644 charts/screenshots_nasdaq/R/R_Weekly_20260421_020937.png
 create mode 100644 charts/screenshots_nasdaq/RDW/RDW_1H_20260421_022612.png
 create mode 100644 charts/screenshots_nasdaq/RDW/RDW_4H_20260421_022612.png
 create mode 100644 charts/screenshots_nasdaq/RDW/RDW_Daily_20260421_022612.png
 create mode 100644 charts/screenshots_nasdaq/RDW/RDW_Monthly_20260421_022612.png
 create mode 100644 charts/screenshots_nasdaq/RDW/RDW_Weekly_20260421_022612.png
 delete mode 100644 charts/screenshots_nasdaq/RGTI/RGTI_1H_20260402_000121.png
 delete mode 100644 charts/screenshots_nasdaq/RGTI/RGTI_4H_20260402_000121.png
 delete mode 100644 charts/screenshots_nasdaq/RGTI/RGTI_Daily_20260402_000121.png
 delete mode 100644 charts/screenshots_nasdaq/RGTI/RGTI_Monthly_20260402_000121.png
 delete mode 100644 charts/screenshots_nasdaq/RGTI/RGTI_Weekly_20260402_000121.png
 delete mode 100644 charts/screenshots_nasdaq/RH/RH_1H_20260401_234937.png
 delete mode 100644 charts/screenshots_nasdaq/RH/RH_4H_20260401_234937.png
 delete mode 100644 charts/screenshots_nasdaq/RH/RH_Daily_20260401_234937.png
 delete mode 100644 charts/screenshots_nasdaq/RH/RH_Monthly_20260401_234937.png
 delete mode 100644 charts/screenshots_nasdaq/RH/RH_Weekly_20260401_234937.png
 create mode 100644 charts/screenshots_nasdaq/RIO/RIO_1H_20260421_021008.png
 create mode 100644 charts/screenshots_nasdaq/RIO/RIO_4H_20260421_021008.png
 create mode 100644 charts/screenshots_nasdaq/RIO/RIO_Daily_20260421_021008.png
 create mode 100644 charts/screenshots_nasdaq/RIO/RIO_Monthly_20260421_021008.png
 create mode 100644 charts/screenshots_nasdaq/RIO/RIO_Weekly_20260421_021008.png
 create mode 100644 charts/screenshots_nasdaq/RL/RL_1H_20260421_014929.png
 create mode 100644 charts/screenshots_nasdaq/RL/RL_4H_20260421_014929.png
 create mode 100644 charts/screenshots_nasdaq/RL/RL_Daily_20260421_014929.png
 create mode 100644 charts/screenshots_nasdaq/RL/RL_Monthly_20260421_014929.png
 create mode 100644 charts/screenshots_nasdaq/RL/RL_Weekly_20260421_014929.png
 create mode 100644 charts/screenshots_nasdaq/RMBS/RMBS_1H_20260421_011726.png
 create mode 100644 charts/screenshots_nasdaq/RMBS/RMBS_4H_20260421_011726.png
 create mode 100644 charts/screenshots_nasdaq/RMBS/RMBS_Daily_20260421_011726.png
 create mode 100644 charts/screenshots_nasdaq/RMBS/RMBS_Monthly_20260421_011726.png
 create mode 100644 charts/screenshots_nasdaq/RMBS/RMBS_Weekly_20260421_011726.png
 create mode 100644 charts/screenshots_nasdaq/ROKU/ROKU_1H_20260421_022234.png
 create mode 100644 charts/screenshots_nasdaq/ROKU/ROKU_4H_20260421_022234.png
 create mode 100644 charts/screenshots_nasdaq/ROKU/ROKU_Daily_20260421_022234.png
 create mode 100644 charts/screenshots_nasdaq/ROKU/ROKU_Monthly_20260421_022234.png
 create mode 100644 charts/screenshots_nasdaq/ROKU/ROKU_Weekly_20260421_022234.png
 delete mode 100644 charts/screenshots_nasdaq/RXRX/RXRX_1H_20260402_000153.png
 delete mode 100644 charts/screenshots_nasdaq/RXRX/RXRX_4H_20260402_000153.png
 delete mode 100644 charts/screenshots_nasdaq/RXRX/RXRX_Daily_20260402_000153.png
 delete mode 100644 charts/screenshots_nasdaq/RXRX/RXRX_Monthly_20260402_000153.png
 delete mode 100644 charts/screenshots_nasdaq/RXRX/RXRX_Weekly_20260402_000153.png
 delete mode 100644 charts/screenshots_nasdaq/RYAN/RYAN_1H_20260401_235531.png
 delete mode 100644 charts/screenshots_nasdaq/RYAN/RYAN_4H_20260401_235531.png
 delete mode 100644 charts/screenshots_nasdaq/RYAN/RYAN_Daily_20260401_235531.png
 delete mode 100644 charts/screenshots_nasdaq/RYAN/RYAN_Monthly_20260401_235531.png
 delete mode 100644 charts/screenshots_nasdaq/RYAN/RYAN_Weekly_20260401_235531.png
 create mode 100644 charts/screenshots_nasdaq/SAIA/SAIA_1H_20260421_022847.png
 create mode 100644 charts/screenshots_nasdaq/SAIA/SAIA_4H_20260421_022847.png
 create mode 100644 charts/screenshots_nasdaq/SAIA/SAIA_Daily_20260421_022847.png
 create mode 100644 charts/screenshots_nasdaq/SAIA/SAIA_Monthly_20260421_022847.png
 create mode 100644 charts/screenshots_nasdaq/SAIA/SAIA_Weekly_20260421_022847.png
 create mode 100644 charts/screenshots_nasdaq/SATS/SATS_1H_20260421_012642.png
 create mode 100644 charts/screenshots_nasdaq/SATS/SATS_4H_20260421_012642.png
 create mode 100644 charts/screenshots_nasdaq/SATS/SATS_Daily_20260421_012642.png
 create mode 100644 charts/screenshots_nasdaq/SATS/SATS_Monthly_20260421_012642.png
 create mode 100644 charts/screenshots_nasdaq/SATS/SATS_Weekly_20260421_012642.png
 delete mode 100644 charts/screenshots_nasdaq/SBET/SBET_1H_20260402_001952.png
 delete mode 100644 charts/screenshots_nasdaq/SBET/SBET_4H_20260402_001952.png
 delete mode 100644 charts/screenshots_nasdaq/SBET/SBET_Daily_20260402_001952.png
 delete mode 100644 charts/screenshots_nasdaq/SBET/SBET_Monthly_20260402_001952.png
 delete mode 100644 charts/screenshots_nasdaq/SBET/SBET_Weekly_20260402_001952.png
 delete mode 100644 charts/screenshots_nasdaq/SEDG/SEDG_1H_20260402_002815.png
 delete mode 100644 charts/screenshots_nasdaq/SEDG/SEDG_4H_20260402_002815.png
 delete mode 100644 charts/screenshots_nasdaq/SEDG/SEDG_Daily_20260402_002815.png
 delete mode 100644 charts/screenshots_nasdaq/SEDG/SEDG_Monthly_20260402_002815.png
 delete mode 100644 charts/screenshots_nasdaq/SEDG/SEDG_Weekly_20260402_002815.png
 delete mode 100644 charts/screenshots_nasdaq/SFD/SFD_1H_20260402_003503.png
 delete mode 100644 charts/screenshots_nasdaq/SFD/SFD_4H_20260402_003503.png
 delete mode 100644 charts/screenshots_nasdaq/SFD/SFD_Daily_20260402_003503.png
 delete mode 100644 charts/screenshots_nasdaq/SFD/SFD_Monthly_20260402_003503.png
 delete mode 100644 charts/screenshots_nasdaq/SFD/SFD_Weekly_20260402_003503.png
 create mode 100644 charts/screenshots_nasdaq/SGML/SGML_1H_20260421_022918.png
 create mode 100644 charts/screenshots_nasdaq/SGML/SGML_4H_20260421_022918.png
 create mode 100644 charts/screenshots_nasdaq/SGML/SGML_Daily_20260421_022918.png
 create mode 100644 charts/screenshots_nasdaq/SGML/SGML_Monthly_20260421_022918.png
 create mode 100644 charts/screenshots_nasdaq/SGML/SGML_Weekly_20260421_022918.png
 create mode 100644 charts/screenshots_nasdaq/SIRI/SIRI_1H_20260421_020327.png
 create mode 100644 charts/screenshots_nasdaq/SIRI/SIRI_4H_20260421_020327.png
 create mode 100644 charts/screenshots_nasdaq/SIRI/SIRI_Daily_20260421_020327.png
 create mode 100644 charts/screenshots_nasdaq/SIRI/SIRI_Monthly_20260421_020327.png
 create mode 100644 charts/screenshots_nasdaq/SIRI/SIRI_Weekly_20260421_020327.png
 create mode 100644 charts/screenshots_nasdaq/SITM/SITM_1H_20260421_022305.png
 create mode 100644 charts/screenshots_nasdaq/SITM/SITM_4H_20260421_022305.png
 create mode 100644 charts/screenshots_nasdaq/SITM/SITM_Daily_20260421_022305.png
 create mode 100644 charts/screenshots_nasdaq/SITM/SITM_Monthly_20260421_022305.png
 create mode 100644 charts/screenshots_nasdaq/SITM/SITM_Weekly_20260421_022305.png
 create mode 100644 charts/screenshots_nasdaq/SKM/SKM_1H_20260421_012713.png
 create mode 100644 charts/screenshots_nasdaq/SKM/SKM_4H_20260421_012713.png
 create mode 100644 charts/screenshots_nasdaq/SKM/SKM_Daily_20260421_012713.png
 create mode 100644 charts/screenshots_nasdaq/SKM/SKM_Monthly_20260421_012713.png
 create mode 100644 charts/screenshots_nasdaq/SKM/SKM_Weekly_20260421_012713.png
 delete mode 100644 charts/screenshots_nasdaq/SMCI/SMCI_1H_20260402_002331.png
 delete mode 100644 charts/screenshots_nasdaq/SMCI/SMCI_4H_20260402_002331.png
 delete mode 100644 charts/screenshots_nasdaq/SMCI/SMCI_Daily_20260402_002331.png
 delete mode 100644 charts/screenshots_nasdaq/SMCI/SMCI_Monthly_20260402_002331.png
 delete mode 100644 charts/screenshots_nasdaq/SMCI/SMCI_Weekly_20260402_002331.png
 create mode 100644 charts/screenshots_nasdaq/SMTC/SMTC_1H_20260421_022643.png
 create mode 100644 charts/screenshots_nasdaq/SMTC/SMTC_4H_20260421_022643.png
 create mode 100644 charts/screenshots_nasdaq/SMTC/SMTC_Daily_20260421_022643.png
 create mode 100644 charts/screenshots_nasdaq/SMTC/SMTC_Monthly_20260421_022643.png
 create mode 100644 charts/screenshots_nasdaq/SMTC/SMTC_Weekly_20260421_022643.png
 create mode 100644 charts/screenshots_nasdaq/SNDK/SNDK_1H_20260421_013426.png
 create mode 100644 charts/screenshots_nasdaq/SNDK/SNDK_4H_20260421_013426.png
 create mode 100644 charts/screenshots_nasdaq/SNDK/SNDK_Daily_20260421_013426.png
 create mode 100644 charts/screenshots_nasdaq/SNDK/SNDK_Monthly_20260421_013426.png
 create mode 100644 charts/screenshots_nasdaq/SNDK/SNDK_Weekly_20260421_013426.png
 create mode 100644 charts/screenshots_nasdaq/SNEX/SNEX_1H_20260421_021242.png
 create mode 100644 charts/screenshots_nasdaq/SNEX/SNEX_4H_20260421_021242.png
 create mode 100644 charts/screenshots_nasdaq/SNEX/SNEX_Daily_20260421_021242.png
 create mode 100644 charts/screenshots_nasdaq/SNEX/SNEX_Monthly_20260421_021242.png
 create mode 100644 charts/screenshots_nasdaq/SNEX/SNEX_Weekly_20260421_021242.png
 delete mode 100644 charts/screenshots_nasdaq/SNX/SNX_1H_20260402_003914.png
 create mode 100644 charts/screenshots_nasdaq/SNX/SNX_1H_20260421_015001.png
 delete mode 100644 charts/screenshots_nasdaq/SNX/SNX_4H_20260402_003914.png
 create mode 100644 charts/screenshots_nasdaq/SNX/SNX_4H_20260421_015001.png
 delete mode 100644 charts/screenshots_nasdaq/SNX/SNX_Daily_20260402_003914.png
 create mode 100644 charts/screenshots_nasdaq/SNX/SNX_Daily_20260421_015001.png
 delete mode 100644 charts/screenshots_nasdaq/SNX/SNX_Monthly_20260402_003914.png
 create mode 100644 charts/screenshots_nasdaq/SNX/SNX_Monthly_20260421_015001.png
 delete mode 100644 charts/screenshots_nasdaq/SNX/SNX_Weekly_20260402_003914.png
 create mode 100644 charts/screenshots_nasdaq/SNX/SNX_Weekly_20260421_015001.png
 delete mode 100644 charts/screenshots_nasdaq/SOC/SOC_1H_20260402_002918.png
 delete mode 100644 charts/screenshots_nasdaq/SOC/SOC_4H_20260402_002918.png
 delete mode 100644 charts/screenshots_nasdaq/SOC/SOC_Daily_20260402_002918.png
 delete mode 100644 charts/screenshots_nasdaq/SOC/SOC_Monthly_20260402_002918.png
 delete mode 100644 charts/screenshots_nasdaq/SOC/SOC_Weekly_20260402_002918.png
 delete mode 100644 charts/screenshots_nasdaq/SOFI/SOFI_1H_20260402_001125.png
 delete mode 100644 charts/screenshots_nasdaq/SOFI/SOFI_4H_20260402_001125.png
 delete mode 100644 charts/screenshots_nasdaq/SOFI/SOFI_Daily_20260402_001125.png
 delete mode 100644 charts/screenshots_nasdaq/SOFI/SOFI_Monthly_20260402_001125.png
 delete mode 100644 charts/screenshots_nasdaq/SOFI/SOFI_Weekly_20260402_001125.png
 create mode 100644 charts/screenshots_nasdaq/SPHR/SPHR_1H_20260421_013456.png
 create mode 100644 charts/screenshots_nasdaq/SPHR/SPHR_4H_20260421_013456.png
 create mode 100644 charts/screenshots_nasdaq/SPHR/SPHR_Daily_20260421_013456.png
 create mode 100644 charts/screenshots_nasdaq/SPHR/SPHR_Monthly_20260421_013456.png
 create mode 100644 charts/screenshots_nasdaq/SPHR/SPHR_Weekly_20260421_013456.png
 delete mode 100644 charts/screenshots_nasdaq/SPSC/SPSC_1H_20260402_001157.png
 delete mode 100644 charts/screenshots_nasdaq/SPSC/SPSC_4H_20260402_001157.png
 delete mode 100644 charts/screenshots_nasdaq/SPSC/SPSC_Daily_20260402_001157.png
 delete mode 100644 charts/screenshots_nasdaq/SPSC/SPSC_Monthly_20260402_001157.png
 delete mode 100644 charts/screenshots_nasdaq/SPSC/SPSC_Weekly_20260402_001157.png
 delete mode 100644 charts/screenshots_nasdaq/SRPT/SRPT_1H_20260402_003535.png
 create mode 100644 charts/screenshots_nasdaq/SRPT/SRPT_1H_20260421_020021.png
 delete mode 100644 charts/screenshots_nasdaq/SRPT/SRPT_4H_20260402_003535.png
 create mode 100644 charts/screenshots_nasdaq/SRPT/SRPT_4H_20260421_020021.png
 delete mode 100644 charts/screenshots_nasdaq/SRPT/SRPT_Daily_20260402_003535.png
 create mode 100644 charts/screenshots_nasdaq/SRPT/SRPT_Daily_20260421_020021.png
 delete mode 100644 charts/screenshots_nasdaq/SRPT/SRPT_Monthly_20260402_003535.png
 create mode 100644 charts/screenshots_nasdaq/SRPT/SRPT_Monthly_20260421_020021.png
 delete mode 100644 charts/screenshots_nasdaq/SRPT/SRPT_Weekly_20260402_003535.png
 create mode 100644 charts/screenshots_nasdaq/SRPT/SRPT_Weekly_20260421_020021.png
 create mode 100644 charts/screenshots_nasdaq/ST/ST_1H_20260421_013528.png
 create mode 100644 charts/screenshots_nasdaq/ST/ST_4H_20260421_013528.png
 create mode 100644 charts/screenshots_nasdaq/ST/ST_Daily_20260421_013528.png
 create mode 100644 charts/screenshots_nasdaq/ST/ST_Monthly_20260421_013528.png
 create mode 100644 charts/screenshots_nasdaq/ST/ST_Weekly_20260421_013528.png
 create mode 100644 charts/screenshots_nasdaq/STLD/STLD_1H_20260421_015848.png
 create mode 100644 charts/screenshots_nasdaq/STLD/STLD_4H_20260421_015848.png
 create mode 100644 charts/screenshots_nasdaq/STLD/STLD_Daily_20260421_015848.png
 create mode 100644 charts/screenshots_nasdaq/STLD/STLD_Monthly_20260421_015848.png
 create mode 100644 charts/screenshots_nasdaq/STLD/STLD_Weekly_20260421_015848.png
 create mode 100644 charts/screenshots_nasdaq/STM/STM_1H_20260421_021313.png
 create mode 100644 charts/screenshots_nasdaq/STM/STM_4H_20260421_021313.png
 create mode 100644 charts/screenshots_nasdaq/STM/STM_Daily_20260421_021313.png
 create mode 100644 charts/screenshots_nasdaq/STM/STM_Monthly_20260421_021313.png
 create mode 100644 charts/screenshots_nasdaq/STM/STM_Weekly_20260421_021313.png
 create mode 100644 charts/screenshots_nasdaq/STT/STT_1H_20260421_021345.png
 create mode 100644 charts/screenshots_nasdaq/STT/STT_4H_20260421_021345.png
 create mode 100644 charts/screenshots_nasdaq/STT/STT_Daily_20260421_021345.png
 create mode 100644 charts/screenshots_nasdaq/STT/STT_Monthly_20260421_021345.png
 create mode 100644 charts/screenshots_nasdaq/STT/STT_Weekly_20260421_021345.png
 create mode 100644 charts/screenshots_nasdaq/STX/STX_1H_20260421_013559.png
 create mode 100644 charts/screenshots_nasdaq/STX/STX_4H_20260421_013559.png
 create mode 100644 charts/screenshots_nasdaq/STX/STX_Daily_20260421_013559.png
 create mode 100644 charts/screenshots_nasdaq/STX/STX_Monthly_20260421_013559.png
 create mode 100644 charts/screenshots_nasdaq/STX/STX_Weekly_20260421_013559.png
 delete mode 100644 charts/screenshots_nasdaq/SYRE/SYRE_1H_20260402_003053.png
 create mode 100644 charts/screenshots_nasdaq/SYRE/SYRE_1H_20260421_022336.png
 delete mode 100644 charts/screenshots_nasdaq/SYRE/SYRE_4H_20260402_003053.png
 create mode 100644 charts/screenshots_nasdaq/SYRE/SYRE_4H_20260421_022336.png
 delete mode 100644 charts/screenshots_nasdaq/SYRE/SYRE_Daily_20260402_003053.png
 create mode 100644 charts/screenshots_nasdaq/SYRE/SYRE_Daily_20260421_022336.png
 delete mode 100644 charts/screenshots_nasdaq/SYRE/SYRE_Monthly_20260402_003053.png
 create mode 100644 charts/screenshots_nasdaq/SYRE/SYRE_Monthly_20260421_022336.png
 delete mode 100644 charts/screenshots_nasdaq/SYRE/SYRE_Weekly_20260402_003053.png
 create mode 100644 charts/screenshots_nasdaq/SYRE/SYRE_Weekly_20260421_022336.png
 delete mode 100644 charts/screenshots_nasdaq/TE/TE_1H_20260402_000225.png
 delete mode 100644 charts/screenshots_nasdaq/TE/TE_4H_20260402_000225.png
 delete mode 100644 charts/screenshots_nasdaq/TE/TE_Daily_20260402_000225.png
 delete mode 100644 charts/screenshots_nasdaq/TE/TE_Monthly_20260402_000225.png
 delete mode 100644 charts/screenshots_nasdaq/TE/TE_Weekly_20260402_000225.png
 delete mode 100644 charts/screenshots_nasdaq/TEAM/TEAM_1H_20260402_001229.png
 delete mode 100644 charts/screenshots_nasdaq/TEAM/TEAM_4H_20260402_001229.png
 delete mode 100644 charts/screenshots_nasdaq/TEAM/TEAM_Daily_20260402_001229.png
 delete mode 100644 charts/screenshots_nasdaq/TEAM/TEAM_Monthly_20260402_001229.png
 delete mode 100644 charts/screenshots_nasdaq/TEAM/TEAM_Weekly_20260402_001229.png
 create mode 100644 charts/screenshots_nasdaq/TEL/TEL_1H_20260421_022715.png
 create mode 100644 charts/screenshots_nasdaq/TEL/TEL_4H_20260421_022715.png
 create mode 100644 charts/screenshots_nasdaq/TEL/TEL_Daily_20260421_022715.png
 create mode 100644 charts/screenshots_nasdaq/TEL/TEL_Monthly_20260421_022715.png
 create mode 100644 charts/screenshots_nasdaq/TEL/TEL_Weekly_20260421_022715.png
 delete mode 100644 charts/screenshots_nasdaq/TENB/TENB_1H_20260402_001300.png
 delete mode 100644 charts/screenshots_nasdaq/TENB/TENB_4H_20260402_001300.png
 delete mode 100644 charts/screenshots_nasdaq/TENB/TENB_Daily_20260402_001300.png
 delete mode 100644 charts/screenshots_nasdaq/TENB/TENB_Monthly_20260402_001300.png
 delete mode 100644 charts/screenshots_nasdaq/TENB/TENB_Weekly_20260402_001300.png
 create mode 100644 charts/screenshots_nasdaq/TER/TER_1H_20260421_013630.png
 create mode 100644 charts/screenshots_nasdaq/TER/TER_4H_20260421_013630.png
 create mode 100644 charts/screenshots_nasdaq/TER/TER_Daily_20260421_013630.png
 create mode 100644 charts/screenshots_nasdaq/TER/TER_Monthly_20260421_013630.png
 create mode 100644 charts/screenshots_nasdaq/TER/TER_Weekly_20260421_013630.png
 delete mode 100644 charts/screenshots_nasdaq/TERN/TERN_1H_20260402_003124.png
 delete mode 100644 charts/screenshots_nasdaq/TERN/TERN_4H_20260402_003124.png
 delete mode 100644 charts/screenshots_nasdaq/TERN/TERN_Daily_20260402_003124.png
 delete mode 100644 charts/screenshots_nasdaq/TERN/TERN_Monthly_20260402_003124.png
 delete mode 100644 charts/screenshots_nasdaq/TERN/TERN_Weekly_20260402_003124.png
 delete mode 100644 charts/screenshots_nasdaq/TME/TME_1H_20260402_000256.png
 delete mode 100644 charts/screenshots_nasdaq/TME/TME_4H_20260402_000256.png
 delete mode 100644 charts/screenshots_nasdaq/TME/TME_Daily_20260402_000256.png
 delete mode 100644 charts/screenshots_nasdaq/TME/TME_Monthly_20260402_000256.png
 delete mode 100644 charts/screenshots_nasdaq/TME/TME_Weekly_20260402_000256.png
 delete mode 100644 charts/screenshots_nasdaq/TNGX/TNGX_1H_20260402_002846.png
 create mode 100644 charts/screenshots_nasdaq/TNGX/TNGX_1H_20260421_022950.png
 delete mode 100644 charts/screenshots_nasdaq/TNGX/TNGX_4H_20260402_002846.png
 create mode 100644 charts/screenshots_nasdaq/TNGX/TNGX_4H_20260421_022950.png
 delete mode 100644 charts/screenshots_nasdaq/TNGX/TNGX_Daily_20260402_002846.png
 create mode 100644 charts/screenshots_nasdaq/TNGX/TNGX_Daily_20260421_022950.png
 delete mode 100644 charts/screenshots_nasdaq/TNGX/TNGX_Monthly_20260402_002846.png
 create mode 100644 charts/screenshots_nasdaq/TNGX/TNGX_Monthly_20260421_022950.png
 delete mode 100644 charts/screenshots_nasdaq/TNGX/TNGX_Weekly_20260402_002846.png
 create mode 100644 charts/screenshots_nasdaq/TNGX/TNGX_Weekly_20260421_022950.png
 delete mode 100644 charts/screenshots_nasdaq/TRI/TRI_1H_20260402_002403.png
 delete mode 100644 charts/screenshots_nasdaq/TRI/TRI_4H_20260402_002403.png
 delete mode 100644 charts/screenshots_nasdaq/TRI/TRI_Daily_20260402_002403.png
 delete mode 100644 charts/screenshots_nasdaq/TRI/TRI_Monthly_20260402_002403.png
 delete mode 100644 charts/screenshots_nasdaq/TRI/TRI_Weekly_20260402_002403.png
 delete mode 100644 charts/screenshots_nasdaq/TSEM/TSEM_1H_20260402_003156.png
 create mode 100644 charts/screenshots_nasdaq/TSEM/TSEM_1H_20260421_013701.png
 delete mode 100644 charts/screenshots_nasdaq/TSEM/TSEM_4H_20260402_003156.png
 create mode 100644 charts/screenshots_nasdaq/TSEM/TSEM_4H_20260421_013701.png
 delete mode 100644 charts/screenshots_nasdaq/TSEM/TSEM_Daily_20260402_003156.png
 create mode 100644 charts/screenshots_nasdaq/TSEM/TSEM_Daily_20260421_013701.png
 delete mode 100644 charts/screenshots_nasdaq/TSEM/TSEM_Monthly_20260402_003156.png
 create mode 100644 charts/screenshots_nasdaq/TSEM/TSEM_Monthly_20260421_013701.png
 delete mode 100644 charts/screenshots_nasdaq/TSEM/TSEM_Weekly_20260402_003156.png
 create mode 100644 charts/screenshots_nasdaq/TSEM/TSEM_Weekly_20260421_013701.png
 delete mode 100644 charts/screenshots_nasdaq/TTAN/TTAN_1H_20260402_001332.png
 delete mode 100644 charts/screenshots_nasdaq/TTAN/TTAN_4H_20260402_001332.png
 delete mode 100644 charts/screenshots_nasdaq/TTAN/TTAN_Daily_20260402_001332.png
 delete mode 100644 charts/screenshots_nasdaq/TTAN/TTAN_Monthly_20260402_001332.png
 delete mode 100644 charts/screenshots_nasdaq/TTAN/TTAN_Weekly_20260402_001332.png
 delete mode 100644 charts/screenshots_nasdaq/TTD/TTD_1H_20260402_001403.png
 delete mode 100644 charts/screenshots_nasdaq/TTD/TTD_4H_20260402_001403.png
 delete mode 100644 charts/screenshots_nasdaq/TTD/TTD_Daily_20260402_001403.png
 delete mode 100644 charts/screenshots_nasdaq/TTD/TTD_Monthly_20260402_001403.png
 delete mode 100644 charts/screenshots_nasdaq/TTD/TTD_Weekly_20260402_001403.png
 delete mode 100644 charts/screenshots_nasdaq/TTE/TTE_1H_20260402_002640.png
 delete mode 100644 charts/screenshots_nasdaq/TTE/TTE_4H_20260402_002640.png
 delete mode 100644 charts/screenshots_nasdaq/TTE/TTE_Daily_20260402_002640.png
 delete mode 100644 charts/screenshots_nasdaq/TTE/TTE_Monthly_20260402_002640.png
 delete mode 100644 charts/screenshots_nasdaq/TTE/TTE_Weekly_20260402_002640.png
 create mode 100644 charts/screenshots_nasdaq/TTMI/TTMI_1H_20260421_013732.png
 create mode 100644 charts/screenshots_nasdaq/TTMI/TTMI_4H_20260421_013732.png
 create mode 100644 charts/screenshots_nasdaq/TTMI/TTMI_Daily_20260421_013732.png
 create mode 100644 charts/screenshots_nasdaq/TTMI/TTMI_Monthly_20260421_013732.png
 create mode 100644 charts/screenshots_nasdaq/TTMI/TTMI_Weekly_20260421_013732.png
 create mode 100644 charts/screenshots_nasdaq/TWST/TWST_1H_20260421_022541.png
 create mode 100644 charts/screenshots_nasdaq/TWST/TWST_4H_20260421_022541.png
 create mode 100644 charts/screenshots_nasdaq/TWST/TWST_Daily_20260421_022541.png
 create mode 100644 charts/screenshots_nasdaq/TWST/TWST_Monthly_20260421_022541.png
 create mode 100644 charts/screenshots_nasdaq/TWST/TWST_Weekly_20260421_022541.png
 create mode 100644 charts/screenshots_nasdaq/TXN/TXN_1H_20260421_022407.png
 create mode 100644 charts/screenshots_nasdaq/TXN/TXN_4H_20260421_022407.png
 create mode 100644 charts/screenshots_nasdaq/TXN/TXN_Daily_20260421_022407.png
 create mode 100644 charts/screenshots_nasdaq/TXN/TXN_Monthly_20260421_022407.png
 create mode 100644 charts/screenshots_nasdaq/TXN/TXN_Weekly_20260421_022407.png
 delete mode 100644 charts/screenshots_nasdaq/UAMY/UAMY_1H_20260401_234702.png
 delete mode 100644 charts/screenshots_nasdaq/UAMY/UAMY_4H_20260401_234702.png
 delete mode 100644 charts/screenshots_nasdaq/UAMY/UAMY_Daily_20260401_234702.png
 delete mode 100644 charts/screenshots_nasdaq/UAMY/UAMY_Monthly_20260401_234702.png
 delete mode 100644 charts/screenshots_nasdaq/UAMY/UAMY_Weekly_20260401_234702.png
 create mode 100644 charts/screenshots_nasdaq/UCTT/UCTT_1H_20260421_013803.png
 create mode 100644 charts/screenshots_nasdaq/UCTT/UCTT_4H_20260421_013803.png
 create mode 100644 charts/screenshots_nasdaq/UCTT/UCTT_Daily_20260421_013803.png
 create mode 100644 charts/screenshots_nasdaq/UCTT/UCTT_Monthly_20260421_013803.png
 create mode 100644 charts/screenshots_nasdaq/UCTT/UCTT_Weekly_20260421_013803.png
 create mode 100644 charts/screenshots_nasdaq/UGRO/UGRO_1H_20260421_011247.png
 create mode 100644 charts/screenshots_nasdaq/UGRO/UGRO_4H_20260421_011247.png
 create mode 100644 charts/screenshots_nasdaq/UGRO/UGRO_Daily_20260421_011247.png
 create mode 100644 charts/screenshots_nasdaq/UGRO/UGRO_Monthly_20260421_011247.png
 create mode 100644 charts/screenshots_nasdaq/UGRO/UGRO_Weekly_20260421_011247.png
 create mode 100644 charts/screenshots_nasdaq/UMC/UMC_1H_20260421_023020.png
 create mode 100644 charts/screenshots_nasdaq/UMC/UMC_4H_20260421_023020.png
 create mode 100644 charts/screenshots_nasdaq/UMC/UMC_Daily_20260421_023020.png
 create mode 100644 charts/screenshots_nasdaq/UMC/UMC_Monthly_20260421_023020.png
 create mode 100644 charts/screenshots_nasdaq/UMC/UMC_Weekly_20260421_023020.png
 delete mode 100644 charts/screenshots_nasdaq/UNFI/UNFI_1H_20260402_002537.png
 delete mode 100644 charts/screenshots_nasdaq/UNFI/UNFI_4H_20260402_002537.png
 delete mode 100644 charts/screenshots_nasdaq/UNFI/UNFI_Daily_20260402_002537.png
 delete mode 100644 charts/screenshots_nasdaq/UNFI/UNFI_Monthly_20260402_002537.png
 delete mode 100644 charts/screenshots_nasdaq/UNFI/UNFI_Weekly_20260402_002537.png
 delete mode 100644 charts/screenshots_nasdaq/UPST/UPST_1H_20260402_001435.png
 delete mode 100644 charts/screenshots_nasdaq/UPST/UPST_4H_20260402_001435.png
 delete mode 100644 charts/screenshots_nasdaq/UPST/UPST_Daily_20260402_001435.png
 delete mode 100644 charts/screenshots_nasdaq/UPST/UPST_Monthly_20260402_001435.png
 delete mode 100644 charts/screenshots_nasdaq/UPST/UPST_Weekly_20260402_001435.png
 create mode 100644 charts/screenshots_nasdaq/VALE/VALE_1H_20260421_021039.png
 create mode 100644 charts/screenshots_nasdaq/VALE/VALE_4H_20260421_021039.png
 create mode 100644 charts/screenshots_nasdaq/VALE/VALE_Daily_20260421_021039.png
 create mode 100644 charts/screenshots_nasdaq/VALE/VALE_Monthly_20260421_021039.png
 create mode 100644 charts/screenshots_nasdaq/VALE/VALE_Weekly_20260421_021039.png
 create mode 100644 charts/screenshots_nasdaq/VFC/VFC_1H_20260421_023051.png
 create mode 100644 charts/screenshots_nasdaq/VFC/VFC_4H_20260421_023051.png
 create mode 100644 charts/screenshots_nasdaq/VFC/VFC_Daily_20260421_023051.png
 create mode 100644 charts/screenshots_nasdaq/VFC/VFC_Monthly_20260421_023051.png
 create mode 100644 charts/screenshots_nasdaq/VFC/VFC_Weekly_20260421_023051.png
 create mode 100644 charts/screenshots_nasdaq/VIAV/VIAV_1H_20260421_013834.png
 create mode 100644 charts/screenshots_nasdaq/VIAV/VIAV_4H_20260421_013834.png
 create mode 100644 charts/screenshots_nasdaq/VIAV/VIAV_Daily_20260421_013834.png
 create mode 100644 charts/screenshots_nasdaq/VIAV/VIAV_Monthly_20260421_013834.png
 create mode 100644 charts/screenshots_nasdaq/VIAV/VIAV_Weekly_20260421_013834.png
 create mode 100644 charts/screenshots_nasdaq/VICR/VICR_1H_20260421_021549.png
 create mode 100644 charts/screenshots_nasdaq/VICR/VICR_4H_20260421_021549.png
 create mode 100644 charts/screenshots_nasdaq/VICR/VICR_Daily_20260421_021549.png
 create mode 100644 charts/screenshots_nasdaq/VICR/VICR_Monthly_20260421_021549.png
 create mode 100644 charts/screenshots_nasdaq/VICR/VICR_Weekly_20260421_021549.png
 create mode 100644 charts/screenshots_nasdaq/VIK/VIK_1H_20260421_021109.png
 create mode 100644 charts/screenshots_nasdaq/VIK/VIK_4H_20260421_021109.png
 create mode 100644 charts/screenshots_nasdaq/VIK/VIK_Daily_20260421_021109.png
 create mode 100644 charts/screenshots_nasdaq/VIK/VIK_Monthly_20260421_021109.png
 create mode 100644 charts/screenshots_nasdaq/VIK/VIK_Weekly_20260421_021109.png
 create mode 100644 charts/screenshots_nasdaq/VIRT/VIRT_1H_20260421_011757.png
 create mode 100644 charts/screenshots_nasdaq/VIRT/VIRT_4H_20260421_011757.png
 create mode 100644 charts/screenshots_nasdaq/VIRT/VIRT_Daily_20260421_011757.png
 create mode 100644 charts/screenshots_nasdaq/VIRT/VIRT_Monthly_20260421_011757.png
 create mode 100644 charts/screenshots_nasdaq/VIRT/VIRT_Weekly_20260421_011757.png
 delete mode 100644 charts/screenshots_nasdaq/VITL/VITL_1H_20260402_000328.png
 delete mode 100644 charts/screenshots_nasdaq/VITL/VITL_4H_20260402_000328.png
 delete mode 100644 charts/screenshots_nasdaq/VITL/VITL_Daily_20260402_000328.png
 delete mode 100644 charts/screenshots_nasdaq/VITL/VITL_Monthly_20260402_000328.png
 delete mode 100644 charts/screenshots_nasdaq/VITL/VITL_Weekly_20260402_000328.png
 create mode 100644 charts/screenshots_nasdaq/VRDN/VRDN_1H_20260421_011044.png
 create mode 100644 charts/screenshots_nasdaq/VRDN/VRDN_4H_20260421_011044.png
 create mode 100644 charts/screenshots_nasdaq/VRDN/VRDN_Daily_20260421_011044.png
 create mode 100644 charts/screenshots_nasdaq/VRDN/VRDN_Monthly_20260421_011044.png
 create mode 100644 charts/screenshots_nasdaq/VRDN/VRDN_Weekly_20260421_011044.png
 delete mode 100644 charts/screenshots_nasdaq/VRNS/VRNS_1H_20260402_001507.png
 delete mode 100644 charts/screenshots_nasdaq/VRNS/VRNS_4H_20260402_001507.png
 delete mode 100644 charts/screenshots_nasdaq/VRNS/VRNS_Daily_20260402_001507.png
 delete mode 100644 charts/screenshots_nasdaq/VRNS/VRNS_Monthly_20260402_001507.png
 delete mode 100644 charts/screenshots_nasdaq/VRNS/VRNS_Weekly_20260402_001507.png
 create mode 100644 charts/screenshots_nasdaq/VRT/VRT_1H_20260421_014008.png
 create mode 100644 charts/screenshots_nasdaq/VRT/VRT_4H_20260421_014008.png
 create mode 100644 charts/screenshots_nasdaq/VRT/VRT_Daily_20260421_014008.png
 create mode 100644 charts/screenshots_nasdaq/VRT/VRT_Monthly_20260421_014008.png
 create mode 100644 charts/screenshots_nasdaq/VRT/VRT_Weekly_20260421_014008.png
 create mode 100644 charts/screenshots_nasdaq/VSAT/VSAT_1H_20260421_014039.png
 create mode 100644 charts/screenshots_nasdaq/VSAT/VSAT_4H_20260421_014039.png
 create mode 100644 charts/screenshots_nasdaq/VSAT/VSAT_Daily_20260421_014039.png
 create mode 100644 charts/screenshots_nasdaq/VSAT/VSAT_Monthly_20260421_014039.png
 create mode 100644 charts/screenshots_nasdaq/VSAT/VSAT_Weekly_20260421_014039.png
 create mode 100644 charts/screenshots_nasdaq/VSEC/VSEC_1H_20260421_015919.png
 create mode 100644 charts/screenshots_nasdaq/VSEC/VSEC_4H_20260421_015919.png
 create mode 100644 charts/screenshots_nasdaq/VSEC/VSEC_Daily_20260421_015919.png
 create mode 100644 charts/screenshots_nasdaq/VSEC/VSEC_Monthly_20260421_015919.png
 create mode 100644 charts/screenshots_nasdaq/VSEC/VSEC_Weekly_20260421_015919.png
 delete mode 100644 charts/screenshots_nasdaq/VXX/VXX_1H_20260402_003227.png
 delete mode 100644 charts/screenshots_nasdaq/VXX/VXX_4H_20260402_003227.png
 delete mode 100644 charts/screenshots_nasdaq/VXX/VXX_Daily_20260402_003227.png
 delete mode 100644 charts/screenshots_nasdaq/VXX/VXX_Monthly_20260402_003227.png
 delete mode 100644 charts/screenshots_nasdaq/VXX/VXX_Weekly_20260402_003227.png
 create mode 100644 charts/screenshots_nasdaq/WCC/WCC_1H_20260421_015031.png
 create mode 100644 charts/screenshots_nasdaq/WCC/WCC_4H_20260421_015031.png
 create mode 100644 charts/screenshots_nasdaq/WCC/WCC_Daily_20260421_015031.png
 create mode 100644 charts/screenshots_nasdaq/WCC/WCC_Monthly_20260421_015031.png
 create mode 100644 charts/screenshots_nasdaq/WCC/WCC_Weekly_20260421_015031.png
 create mode 100644 charts/screenshots_nasdaq/WDC/WDC_1H_20260421_013906.png
 create mode 100644 charts/screenshots_nasdaq/WDC/WDC_4H_20260421_013906.png
 create mode 100644 charts/screenshots_nasdaq/WDC/WDC_Daily_20260421_013906.png
 create mode 100644 charts/screenshots_nasdaq/WDC/WDC_Monthly_20260421_013906.png
 create mode 100644 charts/screenshots_nasdaq/WDC/WDC_Weekly_20260421_013906.png
 delete mode 100644 charts/screenshots_nasdaq/WGS/WGS_1H_20260402_001539.png
 delete mode 100644 charts/screenshots_nasdaq/WGS/WGS_4H_20260402_001539.png
 delete mode 100644 charts/screenshots_nasdaq/WGS/WGS_Daily_20260402_001539.png
 delete mode 100644 charts/screenshots_nasdaq/WGS/WGS_Monthly_20260402_001539.png
 delete mode 100644 charts/screenshots_nasdaq/WGS/WGS_Weekly_20260402_001539.png
 create mode 100644 charts/screenshots_nasdaq/WH/WH_1H_20260421_011827.png
 create mode 100644 charts/screenshots_nasdaq/WH/WH_4H_20260421_011827.png
 create mode 100644 charts/screenshots_nasdaq/WH/WH_Daily_20260421_011827.png
 create mode 100644 charts/screenshots_nasdaq/WH/WH_Monthly_20260421_011827.png
 create mode 100644 charts/screenshots_nasdaq/WH/WH_Weekly_20260421_011827.png
 create mode 100644 charts/screenshots_nasdaq/WT/WT_1H_20260421_021753.png
 create mode 100644 charts/screenshots_nasdaq/WT/WT_4H_20260421_021753.png
 create mode 100644 charts/screenshots_nasdaq/WT/WT_Daily_20260421_021753.png
 create mode 100644 charts/screenshots_nasdaq/WT/WT_Monthly_20260421_021753.png
 create mode 100644 charts/screenshots_nasdaq/WT/WT_Weekly_20260421_021753.png
 create mode 100644 charts/screenshots_nasdaq/WULF/WULF_1H_20260421_012743.png
 create mode 100644 charts/screenshots_nasdaq/WULF/WULF_4H_20260421_012743.png
 create mode 100644 charts/screenshots_nasdaq/WULF/WULF_Daily_20260421_012743.png
 create mode 100644 charts/screenshots_nasdaq/WULF/WULF_Monthly_20260421_012743.png
 create mode 100644 charts/screenshots_nasdaq/WULF/WULF_Weekly_20260421_012743.png
 delete mode 100644 charts/screenshots_nasdaq/WVE/WVE_1H_20260401_235603.png
 delete mode 100644 charts/screenshots_nasdaq/WVE/WVE_4H_20260401_235603.png
 delete mode 100644 charts/screenshots_nasdaq/WVE/WVE_Daily_20260401_235603.png
 delete mode 100644 charts/screenshots_nasdaq/WVE/WVE_Monthly_20260401_235603.png
 delete mode 100644 charts/screenshots_nasdaq/WVE/WVE_Weekly_20260401_235603.png
 create mode 100644 charts/screenshots_nasdaq/XPO/XPO_1H_20260421_021140.png
 create mode 100644 charts/screenshots_nasdaq/XPO/XPO_4H_20260421_021140.png
 create mode 100644 charts/screenshots_nasdaq/XPO/XPO_Daily_20260421_021140.png
 create mode 100644 charts/screenshots_nasdaq/XPO/XPO_Monthly_20260421_021140.png
 create mode 100644 charts/screenshots_nasdaq/XPO/XPO_Weekly_20260421_021140.png
 delete mode 100644 charts/screenshots_nasdaq/ZS/ZS_1H_20260402_001610.png
 delete mode 100644 charts/screenshots_nasdaq/ZS/ZS_4H_20260402_001610.png
 delete mode 100644 charts/screenshots_nasdaq/ZS/ZS_Daily_20260402_001610.png
 delete mode 100644 charts/screenshots_nasdaq/ZS/ZS_Monthly_20260402_001610.png
 delete mode 100644 charts/screenshots_nasdaq/ZS/ZS_Weekly_20260402_001610.png
[[NASDAQ/NYSE 차트분석]] GitHub 푸시 완료
[[NASDAQ/NYSE 차트분석]] Google Sheets 업데이트 완료 (159개 종목)
[Paper Trading] NASDAQ ranked_df 스냅샷 저장 완료 (234개 종목)

[요약] 전 종목 스캔 완료 – 총 7316.8초 (121.95분) 소요
