============================================================
[1단계] 전 종목 리스트 수집 및 기본 필터링
============================================================
[ticker_fetcher] 나스닥 FTP 서버에서 종목 리스트 다운로드 중...
[ticker_fetcher] 총 7472개 종목 로드 → 비표준 심볼 1250개 제거 → 6222개 보통주
[ticker_fetcher] 1단계 필터링 배치 1/42 (150개 종목)...
[ticker_fetcher] 1단계 필터링 배치 2/42 (150개 종목)...
[ticker_fetcher] 1단계 필터링 배치 3/42 (150개 종목)...
[ticker_fetcher] 1단계 필터링 배치 4/42 (150개 종목)...
[ticker_fetcher] 1단계 필터링 배치 5/42 (150개 종목)...
[ticker_fetcher] 1단계 필터링 배치 6/42 (150개 종목)...
[ticker_fetcher] 1단계 필터링 배치 7/42 (150개 종목)...
[ticker_fetcher] 1단계 필터링 배치 8/42 (150개 종목)...
[ticker_fetcher] 1단계 필터링 배치 9/42 (150개 종목)...
[ticker_fetcher] 1단계 필터링 배치 10/42 (150개 종목)...
[ticker_fetcher] 1단계 필터링 배치 11/42 (150개 종목)...
[ticker_fetcher] 1단계 필터링 배치 12/42 (150개 종목)...
[ticker_fetcher] 1단계 필터링 배치 13/42 (150개 종목)...
[ticker_fetcher] 1단계 필터링 배치 14/42 (150개 종목)...
[ticker_fetcher] 1단계 필터링 배치 15/42 (150개 종목)...
[ticker_fetcher] 1단계 필터링 배치 16/42 (150개 종목)...
[ticker_fetcher] 1단계 필터링 배치 17/42 (150개 종목)...
[ticker_fetcher] 1단계 필터링 배치 18/42 (150개 종목)...
[ticker_fetcher] 1단계 필터링 배치 19/42 (150개 종목)...
[ticker_fetcher] 1단계 필터링 배치 20/42 (150개 종목)...
[ticker_fetcher] 1단계 필터링 배치 21/42 (150개 종목)...
[ticker_fetcher] 1단계 필터링 배치 22/42 (150개 종목)...
[ticker_fetcher] 1단계 필터링 배치 23/42 (150개 종목)...
[ticker_fetcher] 1단계 필터링 배치 24/42 (150개 종목)...
[ticker_fetcher] 1단계 필터링 배치 25/42 (150개 종목)...
[ticker_fetcher] 1단계 필터링 배치 26/42 (150개 종목)...
[ticker_fetcher] 1단계 필터링 배치 27/42 (150개 종목)...
[ticker_fetcher] 1단계 필터링 배치 28/42 (150개 종목)...
[ticker_fetcher] 1단계 필터링 배치 29/42 (150개 종목)...
[ticker_fetcher] 1단계 필터링 배치 30/42 (150개 종목)...
[ticker_fetcher] 1단계 필터링 배치 31/42 (150개 종목)...
[ticker_fetcher] 1단계 필터링 배치 32/42 (150개 종목)...
[ticker_fetcher] 1단계 필터링 배치 33/42 (150개 종목)...
[ticker_fetcher] 1단계 필터링 배치 34/42 (150개 종목)...
[ticker_fetcher] 1단계 필터링 배치 35/42 (150개 종목)...
[ticker_fetcher] 1단계 필터링 배치 36/42 (150개 종목)...
[ticker_fetcher] 1단계 필터링 배치 37/42 (150개 종목)...
[ticker_fetcher] 1단계 필터링 배치 38/42 (150개 종목)...
[ticker_fetcher] 1단계 필터링 배치 39/42 (150개 종목)...
[ticker_fetcher] 1단계 필터링 배치 40/42 (150개 종목)...
[ticker_fetcher] 1단계 필터링 배치 41/42 (150개 종목)...
[ticker_fetcher] 1단계 필터링 배치 42/42 (72개 종목)...
[ticker_fetcher] 1단계 필터링 완료: 6222개 → 4087개 (가격 ≥ $1.0, 평균 거래량 ≥ 100,000)

============================================================
[2단계] 바닥 탈출 / 강세 돌파 후보 선별
============================================================
[2단계] 배치 1/28 (150개 종목 분석 중)...
[2단계] 배치 2/28 (150개 종목 분석 중)...
[2단계] 배치 3/28 (150개 종목 분석 중)...
[2단계] 배치 4/28 (150개 종목 분석 중)...
[2단계] 배치 5/28 (150개 종목 분석 중)...
[2단계] 배치 6/28 (150개 종목 분석 중)...
[2단계] 배치 7/28 (150개 종목 분석 중)...
[2단계] 배치 8/28 (150개 종목 분석 중)...
[2단계] 배치 9/28 (150개 종목 분석 중)...
[2단계] 배치 10/28 (150개 종목 분석 중)...
[2단계] 배치 11/28 (150개 종목 분석 중)...
[2단계] 배치 12/28 (150개 종목 분석 중)...
[2단계] 배치 13/28 (150개 종목 분석 중)...
[2단계] 배치 14/28 (150개 종목 분석 중)...
[2단계] 배치 15/28 (150개 종목 분석 중)...
[2단계] 배치 16/28 (150개 종목 분석 중)...
[2단계] 배치 17/28 (150개 종목 분석 중)...
[2단계] 배치 18/28 (150개 종목 분석 중)...
[2단계] 배치 19/28 (150개 종목 분석 중)...
[2단계] 배치 20/28 (150개 종목 분석 중)...
[2단계] 배치 21/28 (150개 종목 분석 중)...
[2단계] 배치 22/28 (150개 종목 분석 중)...
[2단계] 배치 23/28 (150개 종목 분석 중)...
[2단계] 배치 24/28 (150개 종목 분석 중)...
[2단계] 배치 25/28 (150개 종목 분석 중)...
[2단계] 배치 26/28 (150개 종목 분석 중)...
[2단계] 배치 27/28 (150개 종목 분석 중)...
[2단계] 배치 28/28 (37개 종목 분석 중)...
[2단계] 필터링 완료: 4087개 → 851개 후보 선별

============================================================
[3단계] 851개 후보 종목 정밀 분석
============================================================
[OHLCV] 배치 다운로드 1/6 (150개 종목, period=5y)...
[OHLCV] 배치 다운로드 2/6 (150개 종목, period=5y)...
[OHLCV] 배치 다운로드 3/6 (150개 종목, period=5y)...
[OHLCV] 배치 다운로드 4/6 (150개 종목, period=5y)...
[OHLCV] 배치 다운로드 5/6 (150개 종목, period=5y)...
[OHLCV] 배치 다운로드 6/6 (101개 종목, period=5y)...
[DataValidator] 640건의 데이터 품질 경고 발생
Warning:  AAOI: 비정상 가격 변동 67.1% (2023-08-04) — 스플릿/데이터 오류 가능
Warning:  AARD: Close NaN 비율 70.9% (기준: 30%)
Warning:  AARD: 비정상 가격 변동 56.2% (2026-03-02) — 스플릿/데이터 오류 가능
Warning:  ABAT: 비정상 가격 변동 60.4% (2024-12-23) — 스플릿/데이터 오류 가능
Warning:  ABTC: 비정상 가격 변동 173.1% (2025-05-12) — 스플릿/데이터 오류 가능
Warning:  ABVC: 비정상 가격 변동 137.4% (2021-11-01) — 스플릿/데이터 오류 가능
Warning:  ACB: 비정상 가격 변동 72.2% (2023-09-11) — 스플릿/데이터 오류 가능
Warning:  ACRV: 비정상 가격 변동 62.8% (2024-04-09) — 스플릿/데이터 오류 가능
Warning:  ACTU: Close NaN 비율 60.9% (기준: 30%)
Warning:  ADCT: 비정상 가격 변동 63.1% (2023-12-13) — 스플릿/데이터 오류 가능
Warning:  AGEN: 비정상 가격 변동 82.7% (2026-07-13) — 스플릿/데이터 오류 가능
Warning:  AGPU: 비정상 가격 변동 119.8% (2026-04-01) — 스플릿/데이터 오류 가능
Warning:  AHMA: Close NaN 비율 84.6% (기준: 30%)
Warning:  AHMA: 비정상 가격 변동 198.1% (2025-12-01) — 스플릿/데이터 오류 가능
Warning:  AIHS: 비정상 가격 변동 63.8% (2022-08-08) — 스플릿/데이터 오류 가능
Warning:  AIIO: 비정상 가격 변동 116.1% (2026-05-14) — 스플릿/데이터 오류 가능
Warning:  AIRO: Close NaN 비율 77.5% (기준: 30%)
Warning:  AIRS: 비정상 가격 변동 51.6% (2026-03-16) — 스플릿/데이터 오류 가능
Warning:  AISP: 비정상 가격 변동 200.0% (2024-03-05) — 스플릿/데이터 오류 가능
Warning:  AIXI: Close NaN 비율 32.3% (기준: 30%)
Warning:  AIXI: 비정상 가격 변동 513.7% (2026-04-06) — 스플릿/데이터 오류 가능
Warning:  AKAN: 비정상 가격 변동 214.2% (2026-04-22) — 스플릿/데이터 오류 가능
Warning:  AKBA: 비정상 가격 변동 66.0% (2022-03-30) — 스플릿/데이터 오류 가능
Warning:  ALAR: 비정상 가격 변동 51.5% (2026-07-06) — 스플릿/데이터 오류 가능
Warning:  ALDX: 비정상 가격 변동 73.3% (2025-04-03) — 스플릿/데이터 오류 가능
Warning:  ALGS: 비정상 가격 변동 56.7% (2022-01-06) — 스플릿/데이터 오류 가능
Warning:  ALMU: Close NaN 비율 31.7% (기준: 30%)
Warning:  ALMU: 비정상 가격 변동 66.7% (2023-03-20) — 스플릿/데이터 오류 가능
Warning:  ALOY: 비정상 가격 변동 226.6% (2025-01-22) — 스플릿/데이터 오류 가능
Warning:  ALT: 비정상 가격 변동 54.7% (2023-03-21) — 스플릿/데이터 오류 가능
Warning:  AMCI: 비정상 가격 변동 168.3% (2025-12-15) — 스플릿/데이터 오류 가능
Warning:  AMCI: 거래량 0 연속 8일 (기준: 5일) — 상장폐지/거래정지 가능
Warning:  AMIX: Close NaN 비율 50.0% (기준: 30%)
Warning:  AMIX: 비정상 가격 변동 123.3% (2024-07-15) — 스플릿/데이터 오류 가능
Warning:  AMPG: 비정상 가격 변동 94.6% (2024-12-11) — 스플릿/데이터 오류 가능
Warning:  AMPX: 비정상 가격 변동 86.4% (2022-09-20) — 스플릿/데이터 오류 가능
Warning:  AMSC: 비정상 가격 변동 60.0% (2023-08-01) — 스플릿/데이터 오류 가능
Warning:  ANDG: Close NaN 비율 87.8% (기준: 30%)
Warning:  ANGX: Close NaN 비율 82.4% (기준: 30%)
Warning:  ANNA: 비정상 가격 변동 86.5% (2026-03-20) — 스플릿/데이터 오류 가능
Warning:  ANVS: 비정상 가격 변동 76.1% (2024-07-02) — 스플릿/데이터 오류 가능
Warning:  ANY: 비정상 가격 변동 111.6% (2026-06-01) — 스플릿/데이터 오류 가능
Warning:  APLD: 비정상 가격 변동 100.0% (2022-07-19) — 스플릿/데이터 오류 가능
Warning:  APUS: Close NaN 비율 75.7% (기준: 30%)
Warning:  APUS: 비정상 가격 변동 925.1% (2026-07-23) — 스플릿/데이터 오류 가능
Warning:  APUS: 거래량 0 연속 21일 (기준: 5일) — 상장폐지/거래정지 가능
Warning:  ARCT: 비정상 가격 변동 68.1% (2021-08-03) — 스플릿/데이터 오류 가능
Warning:  AREC: 비정상 가격 변동 83.5% (2025-04-16) — 스플릿/데이터 오류 가능
Warning:  ARMP: 비정상 가격 변동 103.2% (2025-10-22) — 스플릿/데이터 오류 가능
Warning:  ARQQ: 비정상 가격 변동 56.9% (2025-03-17) — 스플릿/데이터 오류 가능
Warning:  ARX: Close NaN 비율 79.7% (기준: 30%)
Warning:  ASPN: 비정상 가격 변동 56.7% (2024-05-02) — 스플릿/데이터 오류 가능
Warning:  ASST: Close NaN 비율 30.4% (기준: 30%)
Warning:  ASST: 비정상 가격 변동 455.7% (2025-05-07) — 스플릿/데이터 오류 가능
Warning:  ASTC: 비정상 가격 변동 459.1% (2026-05-27) — 스플릿/데이터 오류 가능
Warning:  ASTI: 비정상 가격 변동 143.8% (2025-06-26) — 스플릿/데이터 오류 가능
Warning:  ASTS: 비정상 가격 변동 69.2% (2024-05-29) — 스플릿/데이터 오류 가능
Warning:  ATLX: 비정상 가격 변동 60.5% (2023-02-23) — 스플릿/데이터 오류 가능
Warning:  ATOM: 비정상 가격 변동 64.0% (2026-02-13) — 스플릿/데이터 오류 가능
Warning:  ATPC: Close NaN 비율 42.4% (기준: 30%)
Warning:  ATPC: 비정상 가격 변동 164.7% (2025-12-11) — 스플릿/데이터 오류 가능
Warning:  AUUD: 비정상 가격 변동 181.8% (2023-06-12) — 스플릿/데이터 오류 가능
Warning:  AXTI: 비정상 가격 변동 69.3% (2024-02-23) — 스플릿/데이터 오류 가능
Warning:  AZI: Close NaN 비율 61.8% (기준: 30%)
Warning:  AZI: 비정상 가격 변동 146.2% (2026-03-09) — 스플릿/데이터 오류 가능
Warning:  AZIO: 비정상 가격 변동 442.1% (2026-01-12) — 스플릿/데이터 오류 가능
Warning:  BAND: 비정상 가격 변동 52.1% (2026-04-30) — 스플릿/데이터 오류 가능
Warning:  BATL: 비정상 가격 변동 211.7% (2026-01-26) — 스플릿/데이터 오류 가능
Warning:  BBAI: 비정상 가격 변동 260.5% (2023-01-12) — 스플릿/데이터 오류 가능
Warning:  BBNX: Close NaN 비율 70.1% (기준: 30%)
Warning:  BCAR: Close NaN 비율 81.2% (기준: 30%)
Warning:  BCTX: 비정상 가격 변동 1494.6% (2025-01-29) — 스플릿/데이터 오류 가능
Warning:  BDRX: 비정상 가격 변동 88.6% (2024-03-28) — 스플릿/데이터 오류 가능
Warning:  BDTX: 비정상 가격 변동 235.9% (2023-06-27) — 스플릿/데이터 오류 가능
Warning:  BE: 비정상 가격 변동 59.2% (2024-11-15) — 스플릿/데이터 오류 가능
Warning:  BESS: 비정상 가격 변동 7042.9% (2025-02-10) — 스플릿/데이터 오류 가능
Warning:  BESS: 거래량 0 연속 6일 (기준: 5일) — 상장폐지/거래정지 가능
Warning:  BETA: Close NaN 비율 85.4% (기준: 30%)
Warning:  BETR: 비정상 가격 변동 223.0% (2023-07-25) — 스플릿/데이터 오류 가능
Warning:  BFRI: 비정상 가격 변동 98.5% (2021-11-24) — 스플릿/데이터 오류 가능
Warning:  BIRD: 비정상 가격 변동 582.3% (2026-04-15) — 스플릿/데이터 오류 가능
Warning:  BIVI: 비정상 가격 변동 109.8% (2024-10-18) — 스플릿/데이터 오류 가능
Warning:  BIYA: Close NaN 비율 72.9% (기준: 30%)
Warning:  BIYA: 비정상 가격 변동 116.1% (2026-07-27) — 스플릿/데이터 오류 가능
Warning:  BKKT: 비정상 가격 변동 234.4% (2021-10-25) — 스플릿/데이터 오류 가능
Warning:  BKSY: 비정상 가격 변동 97.5% (2022-05-25) — 스플릿/데이터 오류 가능
Warning:  BKYI: 비정상 가격 변동 98.0% (2024-09-10) — 스플릿/데이터 오류 가능
Warning:  BLSH: Close NaN 비율 80.8% (기준: 30%)
Warning:  BMEA: 비정상 가격 변동 99.0% (2023-03-28) — 스플릿/데이터 오류 가능
Warning:  BMNR: Close NaN 비율 77.1% (기준: 30%)
Warning:  BMNR: 비정상 가격 변동 694.8% (2025-06-30) — 스플릿/데이터 오류 가능
Warning:  BNAI: 비정상 가격 변동 276.7% (2026-01-26) — 스플릿/데이터 오류 가능
Warning:  BNC: 비정상 가격 변동 548.8% (2025-07-28) — 스플릿/데이터 오류 가능
Warning:  BNZI: 비정상 가격 변동 97.6% (2024-09-20) — 스플릿/데이터 오류 가능
Warning:  BRCB: Close NaN 비율 82.5% (기준: 30%)
Warning:  BRIA: Close NaN 비율 66.9% (기준: 30%)
Warning:  BRIA: 비정상 가격 변동 62.1% (2025-09-04) — 스플릿/데이터 오류 가능
Warning:  BRR: Close NaN 비율 77.2% (기준: 30%)
Warning:  BRUN: Close NaN 비율 68.5% (기준: 30%)
Warning:  BTDR: 비정상 가격 변동 50.9% (2023-06-16) — 스플릿/데이터 오류 가능
Warning:  BTGO: Close NaN 비율 89.6% (기준: 30%)
Warning:  BTQ: Close NaN 비율 83.3% (기준: 30%)
Warning:  BTQ: 비정상 가격 변동 51.5% (2025-10-07) — 스플릿/데이터 오류 가능
Warning:  BULL: 비정상 가격 변동 374.7% (2025-04-14) — 스플릿/데이터 오류 가능
Warning:  BUR: 비정상 가격 변동 53.2% (2023-03-31) — 스플릿/데이터 오류 가능
Warning:  BVS: 비정상 가격 변동 57.5% (2022-11-08) — 스플릿/데이터 오류 가능
Warning:  BW: 비정상 가격 변동 66.9% (2025-06-05) — 스플릿/데이터 오류 가능
Warning:  BXBL: Close NaN 비율 70.8% (기준: 30%)
Warning:  CAI: Close NaN 비율 77.8% (기준: 30%)
Warning:  CAMP: Close NaN 비율 64.2% (기준: 30%)
Warning:  CAMP: 비정상 가격 변동 66.0% (2024-12-05) — 스플릿/데이터 오류 가능
Warning:  CANF: 비정상 가격 변동 69.3% (2021-12-20) — 스플릿/데이터 오류 가능
Warning:  CAPR: 비정상 가격 변동 371.1% (2025-12-03) — 스플릿/데이터 오류 가능
Warning:  CAR: 비정상 가격 변동 108.3% (2021-11-02) — 스플릿/데이터 오류 가능
Warning:  CBUS: 비정상 가격 변동 89.8% (2023-01-17) — 스플릿/데이터 오류 가능
Warning:  CCG: Close NaN 비율 42.9% (기준: 30%)
Warning:  CCG: 비정상 가격 변동 2537.4% (2026-07-21) — 스플릿/데이터 오류 가능
Warning:  CCHH: Close NaN 비율 83.7% (기준: 30%)
Warning:  CCHH: 비정상 가격 변동 135.2% (2026-02-09) — 스플릿/데이터 오류 가능
Warning:  CD: 비정상 가격 변동 81.4% (2024-11-11) — 스플릿/데이터 오류 가능
Warning:  CDT: 비정상 가격 변동 1039.0% (2026-07-20) — 스플릿/데이터 오류 가능
Warning:  CETX: 비정상 가격 변동 129.6% (2025-12-08) — 스플릿/데이터 오류 가능
Warning:  CHSN: Close NaN 비율 33.5% (기준: 30%)
Warning:  CHSN: 비정상 가격 변동 387.2% (2024-10-04) — 스플릿/데이터 오류 가능
Warning:  CIIT: 비정상 가격 변동 1079.7% (2026-07-20) — 스플릿/데이터 오류 가능
Warning:  CING: 비정상 가격 변동 268.5% (2024-08-16) — 스플릿/데이터 오류 가능
Warning:  CJMB: Close NaN 비율 70.4% (기준: 30%)
Warning:  CJMB: 비정상 가격 변동 275.0% (2026-01-15) — 스플릿/데이터 오류 가능
Warning:  CLIK: Close NaN 비율 64.1% (기준: 30%)
Warning:  CLIK: 비정상 가격 변동 153.6% (2025-05-15) — 스플릿/데이터 오류 가능
Warning:  CLPT: 비정상 가격 변동 58.6% (2025-09-24) — 스플릿/데이터 오류 가능
Warning:  CLRO: 비정상 가격 변동 126.4% (2024-03-12) — 스플릿/데이터 오류 가능
Warning:  CMND: 비정상 가격 변동 62.2% (2023-04-04) — 스플릿/데이터 오류 가능
Warning:  CMPX: 비정상 가격 변동 64.4% (2026-04-27) — 스플릿/데이터 오류 가능
Warning:  CMTL: 비정상 가격 변동 87.6% (2024-06-18) — 스플릿/데이터 오류 가능
Warning:  CNTN: 비정상 가격 변동 206.8% (2025-08-20) — 스플릿/데이터 오류 가능
Warning:  CNVS: 비정상 가격 변동 51.6% (2024-02-14) — 스플릿/데이터 오류 가능
Warning:  CODX: 비정상 가격 변동 259.0% (2025-10-27) — 스플릿/데이터 오류 가능
Warning:  CPHI: 비정상 가격 변동 790.1% (2026-07-21) — 스플릿/데이터 오류 가능
Warning:  CPSH: 비정상 가격 변동 85.3% (2026-05-26) — 스플릿/데이터 오류 가능
Warning:  CRBP: 비정상 가격 변동 249.4% (2024-01-26) — 스플릿/데이터 오류 가능
Warning:  CRCL: Close NaN 비율 77.1% (기준: 30%)
Warning:  CRE: Close NaN 비율 79.6% (기준: 30%)
Warning:  CRE: 비정상 가격 변동 78.6% (2025-08-13) — 스플릿/데이터 오류 가능
Warning:  CRIS: 비정상 가격 변동 52.4% (2026-06-26) — 스플릿/데이터 오류 가능
Warning:  CRMD: 비정상 가격 변동 57.4% (2022-08-09) — 스플릿/데이터 오류 가능
Warning:  CRML: 비정상 가격 변동 120.6% (2024-02-27) — 스플릿/데이터 오류 가능
Warning:  CRMT: 비정상 가격 변동 55.0% (2026-06-10) — 스플릿/데이터 오류 가능
Warning:  CRNX: 비정상 가격 변동 98.7% (2026-07-07) — 스플릿/데이터 오류 가능
Warning:  CRVO: 비정상 가격 변동 161.4% (2025-03-12) — 스플릿/데이터 오류 가능
Warning:  CRWV: Close NaN 비율 73.3% (기준: 30%)
Warning:  CTEV: 비정상 가격 변동 94.9% (2024-12-24) — 스플릿/데이터 오류 가능
Warning:  CTMX: 비정상 가격 변동 214.7% (2024-05-01) — 스플릿/데이터 오류 가능
Warning:  CTNT: Close NaN 비율 40.2% (기준: 30%)
Warning:  CTNT: 비정상 가격 변동 437.8% (2024-05-14) — 스플릿/데이터 오류 가능
Warning:  CUPR: Close NaN 비율 74.0% (기준: 30%)
Warning:  CUPR: 비정상 가격 변동 130.8% (2025-09-10) — 스플릿/데이터 오류 가능
Warning:  CURI: 비정상 가격 변동 64.9% (2024-03-21) — 스플릿/데이터 오류 가능
Warning:  CV: Close NaN 비율 78.5% (기준: 30%)
Warning:  CVRX: 비정상 가격 변동 58.8% (2023-02-21) — 스플릿/데이터 오류 가능
Warning:  CYN: 비정상 가격 변동 208.3% (2025-02-10) — 스플릿/데이터 오류 가능
Warning:  DARE: 비정상 가격 변동 52.0% (2026-04-16) — 스플릿/데이터 오류 가능
Warning:  DCX: 비정상 가격 변동 188.1% (2025-09-19) — 스플릿/데이터 오류 가능
Warning:  DFDV: Close NaN 비율 39.8% (기준: 30%)
Warning:  DFDV: 비정상 가격 변동 842.5% (2025-04-07) — 스플릿/데이터 오류 가능
Warning:  DFLI: 비정상 가격 변동 102.6% (2022-10-05) — 스플릿/데이터 오류 가능
Warning:  DFNS: 비정상 가격 변동 10042.9% (2026-07-20) — 스플릿/데이터 오류 가능
Warning:  DGNX: Close NaN 비율 69.6% (기준: 30%)
Warning:  DGNX: 비정상 가격 변동 234.6% (2025-01-29) — 스플릿/데이터 오류 가능
Warning:  DNTH: 비정상 가격 변동 53.6% (2023-02-03) — 스플릿/데이터 오류 가능
Warning:  DPRO: 비정상 가격 변동 52.8% (2024-02-22) — 스플릿/데이터 오류 가능
Warning:  DSY: 비정상 가격 변동 291.3% (2026-06-10) — 스플릿/데이터 오류 가능
Warning:  DTCX: 비정상 가격 변동 69.3% (2023-05-12) — 스플릿/데이터 오류 가능
Warning:  DXST: Close NaN 비율 69.6% (기준: 30%)
Warning:  DXST: 비정상 가격 변동 209.4% (2026-06-02) — 스플릿/데이터 오류 가능
Warning:  DXYZ: Close NaN 비율 53.2% (기준: 30%)
Warning:  DXYZ: 비정상 가격 변동 95.6% (2024-03-27) — 스플릿/데이터 오류 가능
Warning:  ECO: Close NaN 비율 40.9% (기준: 30%)
Warning:  ECX: 비정상 가격 변동 95.9% (2023-02-22) — 스플릿/데이터 오류 가능
Warning:  EDBL: 비정상 가격 변동 80.0% (2025-05-20) — 스플릿/데이터 오류 가능
Warning:  EDHL: Close NaN 비율 74.4% (기준: 30%)
Warning:  EDHL: 비정상 가격 변동 114.4% (2025-10-14) — 스플릿/데이터 오류 가능
Warning:  EFOR: 비정상 가격 변동 51.7% (2026-04-23) — 스플릿/데이터 오류 가능
Warning:  EGG: Close NaN 비율 77.8% (기준: 30%)
Warning:  EGG: 비정상 가격 변동 85.9% (2026-07-28) — 스플릿/데이터 오류 가능
Warning:  EHGO: Close NaN 비율 58.6% (기준: 30%)
Warning:  EHGO: 비정상 가격 변동 125.6% (2026-06-22) — 스플릿/데이터 오류 가능
Warning:  ELTX: 비정상 가격 변동 81.5% (2023-06-02) — 스플릿/데이터 오류 가능
Warning:  EMBC: 비정상 가격 변동 57.8% (2026-05-05) — 스플릿/데이터 오류 가능
Warning:  EMPD: 비정상 가격 변동 134.3% (2025-07-17) — 스플릿/데이터 오류 가능
Warning:  ENGN: 비정상 가격 변동 116.5% (2024-02-14) — 스플릿/데이터 오류 가능
Warning:  ENGS: Close NaN 비율 73.5% (기준: 30%)
Warning:  ENGS: 비정상 가격 변동 67.6% (2025-11-06) — 스플릿/데이터 오류 가능
Warning:  ENLV: 비정상 가격 변동 54.0% (2024-04-11) — 스플릿/데이터 오류 가능
Warning:  ENVB: 비정상 가격 변동 136.2% (2023-05-18) — 스플릿/데이터 오류 가능
Warning:  ERNA: 비정상 가격 변동 66.6% (2026-05-12) — 스플릿/데이터 오류 가능
Warning:  EVGO: 비정상 가격 변동 60.8% (2024-10-03) — 스플릿/데이터 오류 가능
Warning:  EVMN: Close NaN 비율 85.6% (기준: 30%)
Warning:  EVMN: 비정상 가격 변동 70.9% (2026-02-10) — 스플릿/데이터 오류 가능
Warning:  EVTL: 비정상 가격 변동 72.4% (2022-07-15) — 스플릿/데이터 오류 가능
Warning:  FAC: Close NaN 비율 78.0% (기준: 30%)
Warning:  FBRX: 비정상 가격 변동 128.7% (2024-11-20) — 스플릿/데이터 오류 가능
Warning:  FBYD: Close NaN 비율 43.9% (기준: 30%)
Warning:  FBYD: 비정상 가격 변동 75.4% (2023-10-18) — 스플릿/데이터 오류 가능
Warning:  FEAM: 비정상 가격 변동 51.5% (2024-12-30) — 스플릿/데이터 오류 가능
Warning:  FFAI: 비정상 가격 변동 9542.9% (2026-07-23) — 스플릿/데이터 오류 가능
Warning:  FGNX: 비정상 가격 변동 84.2% (2025-08-01) — 스플릿/데이터 오류 가능
Warning:  FIEE: 비정상 가격 변동 392.3% (2023-11-30) — 스플릿/데이터 오류 가능
Warning:  FIG: Close NaN 비율 80.1% (기준: 30%)
Warning:  FIGR: Close NaN 비율 82.4% (기준: 30%)
Warning:  FJET: Close NaN 비율 87.9% (기준: 30%)
Warning:  FJET: 비정상 가격 변동 370.9% (2025-12-22) — 스플릿/데이터 오류 가능
Warning:  FLY: Close NaN 비율 80.5% (기준: 30%)
Warning:  FLYX: Close NaN 비율 48.5% (기준: 30%)
Warning:  FLYX: 비정상 가격 변동 130.3% (2026-01-08) — 스플릿/데이터 오류 가능
Warning:  FMST: Close NaN 비율 38.6% (기준: 30%)
Warning:  FMST: 비정상 가격 변동 51.1% (2025-05-12) — 스플릿/데이터 오류 가능
Warning:  FNUC: 비정상 가격 변동 348.1% (2024-12-18) — 스플릿/데이터 오류 가능
Warning:  FPS: Close NaN 비율 90.4% (기준: 30%)
Warning:  FRGT: 비정상 가격 변동 114.3% (2023-12-14) — 스플릿/데이터 오류 가능
Warning:  FRMI: Close NaN 비율 83.5% (기준: 30%)
Warning:  FRMM: 비정상 가격 변동 325.7% (2024-10-16) — 스플릿/데이터 오류 가능
Warning:  FTCI: 비정상 가격 변동 104.0% (2024-09-11) — 스플릿/데이터 오류 가능
Warning:  FTRE: Close NaN 비율 37.8% (기준: 30%)
Warning:  FUBO: 비정상 가격 변동 251.4% (2025-01-06) — 스플릿/데이터 오류 가능
Warning:  FUFU: 비정상 가격 변동 105.8% (2024-03-04) — 스플릿/데이터 오류 가능
Warning:  FULC: 비정상 가격 변동 125.3% (2021-08-10) — 스플릿/데이터 오류 가능
Warning:  FWDI: 비정상 가격 변동 58.7% (2025-09-08) — 스플릿/데이터 오류 가능
Warning:  FXHO: 비정상 가격 변동 223.5% (2023-05-01) — 스플릿/데이터 오류 가능
Warning:  GCTS: 비정상 가격 변동 568.7% (2024-03-27) — 스플릿/데이터 오류 가능
Warning:  GDC: 비정상 가격 변동 1140.0% (2023-05-01) — 스플릿/데이터 오류 가능
Warning:  GEMI: Close NaN 비율 82.5% (기준: 30%)
Warning:  GLOO: Close NaN 비율 86.2% (기준: 30%)
Warning:  GLXG: Close NaN 비율 62.5% (기준: 30%)
Warning:  GLXG: 비정상 가격 변동 113.1% (2026-06-11) — 스플릿/데이터 오류 가능
Warning:  GLXY: Close NaN 비율 76.0% (기준: 30%)
Warning:  GMEX: Close NaN 비율 40.6% (기준: 30%)
Warning:  GMEX: 비정상 가격 변동 81.8% (2024-12-18) — 스플릿/데이터 오류 가능
Warning:  GMM: Close NaN 비율 44.0% (기준: 30%)
Warning:  GMM: 비정상 가격 변동 1467.7% (2024-11-26) — 스플릿/데이터 오류 가능
Warning:  GNLX: 비정상 가격 변동 60.4% (2023-03-06) — 스플릿/데이터 오류 가능
Warning:  GOAI: Close NaN 비율 90.0% (기준: 30%)
Warning:  GORO: 비정상 가격 변동 200.0% (2023-10-05) — 스플릿/데이터 오류 가능
Warning:  GP: 비정상 가격 변동 51.0% (2026-01-09) — 스플릿/데이터 오류 가능
Warning:  GRCE: 비정상 가격 변동 52.3% (2021-12-22) — 스플릿/데이터 오류 가능
Warning:  GRRR: 비정상 가격 변동 138.6% (2022-07-14) — 스플릿/데이터 오류 가능
Warning:  GRSD: 비정상 가격 변동 66.9% (2021-08-27) — 스플릿/데이터 오류 가능
Warning:  GSIT: 비정상 가격 변동 210.4% (2023-05-12) — 스플릿/데이터 오류 가능
Warning:  GWAV: 비정상 가격 변동 146.7% (2024-05-16) — 스플릿/데이터 오류 가능
Warning:  HCTI: 비정상 가격 변동 233.3% (2025-06-12) — 스플릿/데이터 오류 가능
Warning:  HKIT: Close NaN 비율 33.5% (기준: 30%)
Warning:  HKIT: 비정상 가격 변동 350.7% (2026-06-01) — 스플릿/데이터 오류 가능
Warning:  HOLO: 비정상 가격 변동 1092.1% (2024-02-07) — 스플릿/데이터 오류 가능
Warning:  HOVR: Close NaN 비율 33.6% (기준: 30%)
Warning:  HOVR: 비정상 가격 변동 75.6% (2024-03-06) — 스플릿/데이터 오류 가능
Warning:  HSDT: 비정상 가격 변동 145.3% (2022-08-03) — 스플릿/데이터 오류 가능
Warning:  HTCO: 비정상 가격 변동 239.7% (2026-04-27) — 스플릿/데이터 오류 가능
Warning:  HTZ: 비정상 가격 변동 56.4% (2025-04-16) — 스플릿/데이터 오류 가능
Warning:  HUBC: 비정상 가격 변동 186.8% (2023-10-09) — 스플릿/데이터 오류 가능
Warning:  HYLN: 비정상 가격 변동 50.0% (2025-05-28) — 스플릿/데이터 오류 가능
Warning:  HYMC: 비정상 가격 변동 203.0% (2022-03-08) — 스플릿/데이터 오류 가능
Warning:  HYPD: 비정상 가격 변동 134.7% (2025-06-17) — 스플릿/데이터 오류 가능
Warning:  IBIO: 비정상 가격 변동 192.2% (2024-03-27) — 스플릿/데이터 오류 가능
Warning:  ICCM: 비정상 가격 변동 200.5% (2026-06-17) — 스플릿/데이터 오류 가능
Warning:  ICU: 비정상 가격 변동 70.2% (2023-10-18) — 스플릿/데이터 오류 가능
Warning:  IDN: 비정상 가격 변동 74.9% (2024-03-22) — 스플릿/데이터 오류 가능
Warning:  ILLR: 비정상 가격 변동 296.6% (2026-06-25) — 스플릿/데이터 오류 가능
Warning:  IMNN: 비정상 가격 변동 179.0% (2024-07-30) — 스플릿/데이터 오류 가능
Warning:  IMRX: 비정상 가격 변동 52.2% (2025-06-18) — 스플릿/데이터 오류 가능
Warning:  IMSR: Close NaN 비율 64.1% (기준: 30%)
Warning:  INDO: 비정상 가격 변동 110.4% (2022-01-27) — 스플릿/데이터 오류 가능
Warning:  INLF: Close NaN 비율 68.7% (기준: 30%)
Warning:  INLF: 비정상 가격 변동 285.9% (2026-01-30) — 스플릿/데이터 오류 가능
Warning:  INOD: 비정상 가격 변동 86.0% (2026-05-08) — 스플릿/데이터 오류 가능
Warning:  INSG: 비정상 가격 변동 53.7% (2023-05-04) — 스플릿/데이터 오류 가능
Warning:  INSM: 비정상 가격 변동 118.5% (2024-05-28) — 스플릿/데이터 오류 가능
Warning:  IPX: 비정상 가격 변동 99.1% (2023-06-13) — 스플릿/데이터 오류 가능
Warning:  IQST: 비정상 가격 변동 65.2% (2023-07-05) — 스플릿/데이터 오류 가능
Warning:  IREN: 비정상 가격 변동 67.0% (2023-02-15) — 스플릿/데이터 오류 가능
Warning:  ISPC: 비정상 가격 변동 159.7% (2025-09-09) — 스플릿/데이터 오류 가능
Warning:  ISPR: Close NaN 비율 33.7% (기준: 30%)
Warning:  ISPR: 비정상 가격 변동 50.9% (2023-11-14) — 스플릿/데이터 오류 가능
Warning:  ITRG: 비정상 가격 변동 151.1% (2023-05-26) — 스플릿/데이터 오류 가능
Warning:  IXHL: 비정상 가격 변동 723.5% (2025-05-14) — 스플릿/데이터 오류 가능
Warning:  JANX: 비정상 가격 변동 229.5% (2024-02-27) — 스플릿/데이터 오류 가능
Warning:  JBDI: Close NaN 비율 61.7% (기준: 30%)
Warning:  JBDI: 비정상 가격 변동 120.5% (2025-09-10) — 스플릿/데이터 오류 가능
Warning:  JEM: Close NaN 비율 77.2% (기준: 30%)
Warning:  JEM: 비정상 가격 변동 267.6% (2026-06-30) — 스플릿/데이터 오류 가능
Warning:  JFB: Close NaN 비율 72.0% (기준: 30%)
Warning:  JFB: 비정상 가격 변동 85.4% (2025-09-29) — 스플릿/데이터 오류 가능
Warning:  JLHL: Close NaN 비율 78.2% (기준: 30%)
Warning:  JLHL: 비정상 가격 변동 318.0% (2026-07-09) — 스플릿/데이터 오류 가능
Warning:  JMIA: 비정상 가격 변동 53.8% (2024-08-06) — 스플릿/데이터 오류 가능
Warning:  JTAI: 비정상 가격 변동 580.1% (2026-07-15) — 스플릿/데이터 오류 가능
Warning:  JZ: 비정상 가격 변동 325.8% (2026-06-01) — 스플릿/데이터 오류 가능
Warning:  JZXN: 비정상 가격 변동 89.7% (2026-02-10) — 스플릿/데이터 오류 가능
Warning:  KAZR: Close NaN 비율 71.2% (기준: 30%)
Warning:  KAZR: 비정상 가격 변동 87.6% (2025-07-07) — 스플릿/데이터 오류 가능
Warning:  KD: 비정상 가격 변동 54.9% (2026-02-09) — 스플릿/데이터 오류 가능
Warning:  KDK: Close NaN 비율 83.2% (기준: 30%)
Warning:  KLAR: Close NaN 비율 82.4% (기준: 30%)
Warning:  KLRS: 비정상 가격 변동 67.2% (2023-12-22) — 스플릿/데이터 오류 가능
Warning:  KMRK: Close NaN 비율 79.2% (기준: 30%)
Warning:  KRMN: Close NaN 비율 70.9% (기준: 30%)
Warning:  KROS: 비정상 가격 변동 73.2% (2024-12-12) — 스플릿/데이터 오류 가능
Warning:  KRRO: 비정상 가격 변동 93.7% (2024-10-16) — 스플릿/데이터 오류 가능
Warning:  KSCP: 비정상 가격 변동 175.6% (2022-01-28) — 스플릿/데이터 오류 가능
Warning:  KULR: 비정상 가격 변동 75.6% (2024-11-25) — 스플릿/데이터 오류 가능
Warning:  KUST: 비정상 가격 변동 91.7% (2025-05-07) — 스플릿/데이터 오류 가능
Warning:  LAC: Close NaN 비율 43.6% (기준: 30%)
Warning:  LAC: 비정상 가격 변동 95.8% (2025-09-24) — 스플릿/데이터 오류 가능
Warning:  LAES: Close NaN 비율 36.4% (기준: 30%)
Warning:  LAES: 비정상 가격 변동 102.3% (2023-05-24) — 스플릿/데이터 오류 가능
Warning:  LAW: 비정상 가격 변동 53.6% (2022-08-12) — 스플릿/데이터 오류 가능
Warning:  LBRX: Close NaN 비율 82.4% (기준: 30%)
Warning:  LFCR: 비정상 가격 변동 85.6% (2023-03-20) — 스플릿/데이터 오류 가능
Warning:  LGCL: Close NaN 비율 52.0% (기준: 30%)
Warning:  LGCL: 비정상 가격 변동 117.1% (2026-06-30) — 스플릿/데이터 오류 가능
Warning:  LGHL: 비정상 가격 변동 85.9% (2025-12-09) — 스플릿/데이터 오류 가능
Warning:  LHSW: Close NaN 비율 73.6% (기준: 30%)
Warning:  LHSW: 비정상 가격 변동 277.8% (2026-07-06) — 스플릿/데이터 오류 가능
Warning:  LICN: Close NaN 비율 30.5% (기준: 30%)
Warning:  LICN: 비정상 가격 변동 15163.2% (2025-03-03) — 스플릿/데이터 오류 가능
Warning:  LIDR: 비정상 가격 변동 158.4% (2025-07-24) — 스플릿/데이터 오류 가능
Warning:  LIF: Close NaN 비율 57.2% (기준: 30%)
Warning:  LNZA: 비정상 가격 변동 52.5% (2026-04-07) — 스플릿/데이터 오류 가능
Warning:  LRHC: Close NaN 비율 44.0% (기준: 30%)
Warning:  LRHC: 비정상 가격 변동 130.6% (2024-10-23) — 스플릿/데이터 오류 가능
Warning:  LSTA: 비정상 가격 변동 86.6% (2026-01-21) — 스플릿/데이터 오류 가능
Warning:  LTBR: 비정상 가격 변동 57.5% (2024-10-18) — 스플릿/데이터 오류 가능
Warning:  LUNG: 비정상 가격 변동 60.9% (2022-11-04) — 스플릿/데이터 오류 가능
Warning:  LUNR: 비정상 가격 변동 251.4% (2023-02-16) — 스플릿/데이터 오류 가능
Warning:  LVWR: 비정상 가격 변동 153.5% (2025-05-27) — 스플릿/데이터 오류 가능
Warning:  LXEO: Close NaN 비율 45.5% (기준: 30%)
Warning:  LXEO: 비정상 가격 변동 50.9% (2025-03-24) — 스플릿/데이터 오류 가능
Warning:  LYEL: 비정상 가격 변동 68.6% (2025-06-04) — 스플릿/데이터 오류 가능
Warning:  MASK: Close NaN 비율 69.0% (기준: 30%)
Warning:  MASK: 비정상 가격 변동 199.3% (2026-05-28) — 스플릿/데이터 오류 가능
Warning:  MBOT: 비정상 가격 변동 159.3% (2023-05-22) — 스플릿/데이터 오류 가능
Warning:  MBRX: 비정상 가격 변동 202.4% (2025-02-13) — 스플릿/데이터 오류 가능
Warning:  MCRP: Close NaN 비율 72.1% (기준: 30%)
Warning:  MCRP: 비정상 가격 변동 66.7% (2025-03-13) — 스플릿/데이터 오류 가능
Warning:  MF: Close NaN 비율 53.4% (기준: 30%)
Warning:  MF: 비정상 가격 변동 1316.7% (2024-11-27) — 스플릿/데이터 오류 가능
Warning:  MGX: Close NaN 비율 50.8% (기준: 30%)
Warning:  MGX: 비정상 가격 변동 125.4% (2024-12-09) — 스플릿/데이터 오류 가능
Warning:  MIMI: Close NaN 비율 69.1% (기준: 30%)
Warning:  MIMI: 비정상 가격 변동 104.2% (2026-04-14) — 스플릿/데이터 오류 가능
Warning:  MIST: 비정상 가격 변동 60.9% (2025-03-28) — 스플릿/데이터 오류 가능
Warning:  MLTX: 비정상 가격 변동 89.9% (2025-09-29) — 스플릿/데이터 오류 가능
Warning:  MNTN: Close NaN 비율 76.3% (기준: 30%)
Warning:  MNTS: 비정상 가격 변동 155.4% (2024-10-09) — 스플릿/데이터 오류 가능
Warning:  MOBX: 비정상 가격 변동 532.8% (2026-03-03) — 스플릿/데이터 오류 가능
Warning:  MP: 비정상 가격 변동 50.6% (2025-07-10) — 스플릿/데이터 오류 가능
Warning:  MPLT: Close NaN 비율 84.9% (기준: 30%)
Warning:  MPLT: 비정상 가격 변동 72.9% (2026-07-27) — 스플릿/데이터 오류 가능
Warning:  MRAM: 비정상 가격 변동 63.2% (2021-11-12) — 스플릿/데이터 오류 가능
Warning:  MRLN: Close NaN 비율 67.0% (기준: 30%)
Warning:  MSS: Close NaN 비율 43.8% (기준: 30%)
Warning:  MSS: 비정상 가격 변동 122.4% (2024-09-24) — 스플릿/데이터 오류 가능
Warning:  MTVA: 비정상 가격 변동 115.5% (2025-09-15) — 스플릿/데이터 오류 가능
Warning:  MXL: 비정상 가격 변동 76.1% (2026-04-24) — 스플릿/데이터 오류 가능
Warning:  NAGE: 비정상 가격 변동 67.9% (2024-11-01) — 스플릿/데이터 오류 가능
Warning:  NAKA: Close NaN 비율 56.9% (기준: 30%)
Warning:  NAKA: 비정상 가격 변동 251.0% (2025-05-12) — 스플릿/데이터 오류 가능
Warning:  NAMM: Close NaN 비율 77.1% (기준: 30%)
Warning:  NAMM: 비정상 가격 변동 130.6% (2026-01-21) — 스플릿/데이터 오류 가능
Warning:  NB: Close NaN 비율 32.9% (기준: 30%)
Warning:  NCI: Close NaN 비율 54.7% (기준: 30%)
Warning:  NCI: 비정상 가격 변동 238.5% (2026-02-11) — 스플릿/데이터 오류 가능
Warning:  NCRA: 비정상 가격 변동 118.2% (2026-07-29) — 스플릿/데이터 오류 가능
Warning:  NCT: Close NaN 비율 73.3% (기준: 30%)
Warning:  NCT: 비정상 가격 변동 58.4% (2026-05-28) — 스플릿/데이터 오류 가능
Warning:  NEUP: 비정상 가격 변동 242.1% (2023-09-28) — 스플릿/데이터 오류 가능
Warning:  NIKI: 비정상 가격 변동 554.5% (2024-03-06) — 스플릿/데이터 오류 가능
Warning:  NKLR: Close NaN 비율 83.7% (기준: 30%)
Warning:  NMAD: 비정상 가격 변동 133.3% (2023-02-07) — 스플릿/데이터 오류 가능
Warning:  NMAX: Close NaN 비율 73.4% (기준: 30%)
Warning:  NMAX: 비정상 가격 변동 179.0% (2025-04-01) — 스플릿/데이터 오류 가능
Warning:  NMG: 비정상 가격 변동 51.8% (2025-10-13) — 스플릿/데이터 오류 가능
Warning:  NMRA: Close NaN 비율 42.6% (기준: 30%)
Warning:  NMRA: 비정상 가격 변동 81.4% (2025-01-02) — 스플릿/데이터 오류 가능
Warning:  NNE: Close NaN 비율 55.6% (기준: 30%)
Warning:  NPT: Close NaN 비율 84.7% (기준: 30%)
Warning:  NPT: 비정상 가격 변동 283.7% (2026-06-08) — 스플릿/데이터 오류 가능
Warning:  NTRP: 비정상 가격 변동 145.5% (2023-10-13) — 스플릿/데이터 오류 가능
Warning:  NTSK: Close NaN 비율 82.8% (기준: 30%)
Warning:  NUWE: 비정상 가격 변동 131.7% (2022-08-31) — 스플릿/데이터 오류 가능
Warning:  NVA: Close NaN 비율 59.8% (기준: 30%)
Warning:  NVA: 비정상 가격 변동 110.3% (2025-10-14) — 스플릿/데이터 오류 가능
Warning:  NVA: 거래량 0 연속 10일 (기준: 5일) — 상장폐지/거래정지 가능
Warning:  NVNI: 비정상 가격 변동 317.2% (2024-12-19) — 스플릿/데이터 오류 가능
Warning:  NVTS: 비정상 가격 변동 164.4% (2025-05-22) — 스플릿/데이터 오류 가능
Warning:  NXTC: 비정상 가격 변동 201.8% (2026-07-14) — 스플릿/데이터 오류 가능
Warning:  NXTS: 비정상 가격 변동 331.5% (2025-01-02) — 스플릿/데이터 오류 가능
Warning:  OCC: 비정상 가격 변동 58.1% (2024-12-23) — 스플릿/데이터 오류 가능
Warning:  OCG: 비정상 가격 변동 292.0% (2025-12-09) — 스플릿/데이터 오류 가능
Warning:  ODD: Close NaN 비율 39.4% (기준: 30%)
Warning:  OIO: 비정상 가격 변동 58.4% (2026-04-24) — 스플릿/데이터 오류 가능
Warning:  OKLO: 비정상 가격 변동 53.6% (2024-05-10) — 스플릿/데이터 오류 가능
Warning:  OLMA: 비정상 가격 변동 136.4% (2025-11-18) — 스플릿/데이터 오류 가능
Warning:  OM: 비정상 가격 변동 68.5% (2024-08-08) — 스플릿/데이터 오류 가능
Warning:  OPEN: 비정상 가격 변동 79.5% (2025-09-11) — 스플릿/데이터 오류 가능
Warning:  OPRX: 비정상 가격 변동 51.7% (2025-03-12) — 스플릿/데이터 오류 가능
Warning:  OPTX: 비정상 가격 변동 98.3% (2024-12-17) — 스플릿/데이터 오류 가능
Warning:  ORGO: 비정상 가격 변동 102.3% (2025-02-28) — 스플릿/데이터 오류 가능
Warning:  OTLK: 비정상 가격 변동 80.9% (2023-08-30) — 스플릿/데이터 오류 가능
Warning:  PAPL: Close NaN 비율 45.3% (기준: 30%)
Warning:  PAPL: 비정상 가격 변동 73.8% (2025-08-08) — 스플릿/데이터 오류 가능
Warning:  PAVS: 비정상 가격 변동 93.3% (2024-10-01) — 스플릿/데이터 오류 가능
Warning:  PAVS: 거래량 0 연속 24일 (기준: 5일) — 상장폐지/거래정지 가능
Warning:  PCLA: Close NaN 비율 69.4% (기준: 30%)
Warning:  PCLA: 비정상 가격 변동 194.2% (2026-05-22) — 스플릿/데이터 오류 가능
Warning:  PCSA: 비정상 가격 변동 148.8% (2024-01-25) — 스플릿/데이터 오류 가능
Warning:  PDC: Close NaN 비율 39.8% (기준: 30%)
Warning:  PDC: 비정상 가격 변동 187.9% (2024-02-14) — 스플릿/데이터 오류 가능
Warning:  PDYN: 비정상 가격 변동 130.0% (2024-11-22) — 스플릿/데이터 오류 가능
Warning:  PEPG: 비정상 가격 변동 121.1% (2025-09-25) — 스플릿/데이터 오류 가능
Warning:  PEW: Close NaN 비율 49.2% (기준: 30%)
Warning:  PGY: 비정상 가격 변동 129.6% (2022-07-20) — 스플릿/데이터 오류 가능
Warning:  PLBL: Close NaN 비율 80.6% (기준: 30%)
Warning:  PLCE: 비정상 가격 변동 85.7% (2024-09-11) — 스플릿/데이터 오류 가능
Warning:  PLSM: Close NaN 비율 89.6% (기준: 30%)
Warning:  PLSM: 비정상 가격 변동 93.3% (2026-06-24) — 스플릿/데이터 오류 가능
Warning:  PLYX: Close NaN 비율 90.2% (기준: 30%)
Warning:  PLYX: 비정상 가격 변동 69.6% (2026-03-10) — 스플릿/데이터 오류 가능
Warning:  PMA: Close NaN 비율 66.6% (기준: 30%)
Warning:  PMAX: Close NaN 비율 62.2% (기준: 30%)
Warning:  PMAX: 비정상 가격 변동 95.3% (2026-05-06) — 스플릿/데이터 오류 가능
Warning:  PN: Close NaN 비율 71.9% (기준: 30%)
Warning:  PN: 비정상 가격 변동 131.8% (2026-07-22) — 스플릿/데이터 오류 가능
Warning:  PONY: Close NaN 비율 66.9% (기준: 30%)
Warning:  PRIM: 비정상 가격 변동 50.1% (2026-05-06) — 스플릿/데이터 오류 가능
Warning:  PROK: 비정상 가격 변동 514.5% (2025-07-08) — 스플릿/데이터 오류 가능
Warning:  PRPL: 비정상 가격 변동 2141.4% (2026-07-21) — 스플릿/데이터 오류 가능
Warning:  PSIG: Close NaN 비율 59.5% (기준: 30%)
Warning:  PSIG: 비정상 가격 변동 127.7% (2024-08-12) — 스플릿/데이터 오류 가능
Warning:  PSIX: 비정상 가격 변동 68.6% (2022-11-15) — 스플릿/데이터 오류 가능
Warning:  PSQH: 비정상 가격 변동 270.4% (2024-12-03) — 스플릿/데이터 오류 가능
Warning:  PSTV: 비정상 가격 변동 311.4% (2025-03-06) — 스플릿/데이터 오류 가능
Warning:  PUSA: Close NaN 비율 70.8% (기준: 30%)
Warning:  PUSA: 비정상 가격 변동 207.6% (2025-07-23) — 스플릿/데이터 오류 가능
Warning:  QBTS: 비정상 가격 변동 110.7% (2023-05-22) — 스플릿/데이터 오류 가능
Warning:  QTRX: 비정상 가격 변동 54.8% (2022-08-09) — 스플릿/데이터 오류 가능
Warning:  QUBT: 비정상 가격 변동 92.8% (2024-11-13) — 스플릿/데이터 오류 가능
Warning:  QUCY: 비정상 가격 변동 3377.4% (2024-12-03) — 스플릿/데이터 오류 가능
Warning:  QXO: 비정상 가격 변동 240.3% (2023-12-04) — 스플릿/데이터 오류 가능
Warning:  RADX: Close NaN 비율 67.3% (기준: 30%)
Warning:  RADX: 비정상 가격 변동 149.5% (2025-12-15) — 스플릿/데이터 오류 가능
Warning:  RBNE: Close NaN 비율 74.1% (기준: 30%)
Warning:  RBNE: 비정상 가격 변동 317.9% (2025-06-13) — 스플릿/데이터 오류 가능
Warning:  RDW: 비정상 가격 변동 51.4% (2025-01-21) — 스플릿/데이터 오류 가능
Warning:  RDZN: 비정상 가격 변동 82.1% (2024-07-02) — 스플릿/데이터 오류 가능
Warning:  REPL: 비정상 가격 변동 101.3% (2025-07-30) — 스플릿/데이터 오류 가능
Warning:  RGC: 비정상 가격 변동 343.9% (2024-07-23) — 스플릿/데이터 오류 가능
Warning:  RGNT: Close NaN 비율 87.1% (기준: 30%)
Warning:  RGNT: 비정상 가격 변동 526.7% (2026-06-15) — 스플릿/데이터 오류 가능
Warning:  RGTI: 비정상 가격 변동 58.0% (2024-11-25) — 스플릿/데이터 오류 가능
Warning:  ROOT: 비정상 가격 변동 68.9% (2024-10-31) — 스플릿/데이터 오류 가능
Warning:  RPGL: Close NaN 비율 84.2% (기준: 30%)
Warning:  RPGL: 비정상 가격 변동 173.9% (2026-01-29) — 스플릿/데이터 오류 가능
Warning:  RR: Close NaN 비율 46.3% (기준: 30%)
Warning:  RR: 비정상 가격 변동 73.9% (2024-08-06) — 스플릿/데이터 오류 가능
Warning:  RUBI: Close NaN 비율 80.2% (기준: 30%)
Warning:  RUBI: 비정상 가격 변동 54.2% (2025-11-25) — 스플릿/데이터 오류 가능
Warning:  RXRX: 비정상 가격 변동 78.2% (2023-07-12) — 스플릿/데이터 오류 가능
Warning:  RYOJ: Close NaN 비율 80.9% (기준: 30%)
Warning:  RYOJ: 비정상 가격 변동 148.8% (2026-05-22) — 스플릿/데이터 오류 가능
Warning:  RZLT: 비정상 가격 변동 87.2% (2025-12-11) — 스플릿/데이터 오류 가능
Warning:  RZLV: 비정상 가격 변동 54.5% (2024-12-17) — 스플릿/데이터 오류 가능
Warning:  SBET: 비정상 가격 변동 433.2% (2025-05-27) — 스플릿/데이터 오류 가능
Warning:  SCLX: 비정상 가격 변동 56.6% (2023-04-05) — 스플릿/데이터 오류 가능
Warning:  SDEV: 비정상 가격 변동 102.5% (2026-01-09) — 스플릿/데이터 오류 가능
Warning:  SDOT: 비정상 가격 변동 247.1% (2026-06-26) — 스플릿/데이터 오류 가능
Warning:  SENS: 비정상 가격 변동 80.7% (2025-01-10) — 스플릿/데이터 오류 가능
Warning:  SERV: Close NaN 비율 52.3% (기준: 30%)
Warning:  SERV: 비정상 가격 변동 187.1% (2024-07-19) — 스플릿/데이터 오류 가능
Warning:  SEV: Close NaN 비율 84.4% (기준: 30%)
Warning:  SEV: 비정상 가격 변동 57.8% (2025-10-23) — 스플릿/데이터 오류 가능
Warning:  SGLY: 비정상 가격 변동 143.5% (2025-03-21) — 스플릿/데이터 오류 가능
Warning:  SHMD: Close NaN 비율 55.2% (기준: 30%)
Warning:  SHPH: 비정상 가격 변동 91.3% (2022-09-06) — 스플릿/데이터 오류 가능
Warning:  SI: Close NaN 비율 80.1% (기준: 30%)
Warning:  SIDU: 비정상 가격 변동 225.0% (2022-06-15) — 스플릿/데이터 오류 가능
Warning:  SILO: 비정상 가격 변동 4164.7% (2022-09-19) — 스플릿/데이터 오류 가능
Warning:  SKIL: 비정상 가격 변동 50.6% (2024-04-24) — 스플릿/데이터 오류 가능
Warning:  SKYA: 비정상 가격 변동 141.6% (2024-05-28) — 스플릿/데이터 오류 가능
Warning:  SKYQ: Close NaN 비율 64.1% (기준: 30%)
Warning:  SKYQ: 비정상 가격 변동 101.6% (2026-04-02) — 스플릿/데이터 오류 가능
Warning:  SKYX: 비정상 가격 변동 68.6% (2022-07-28) — 스플릿/데이터 오류 가능
Warning:  SLBT: Close NaN 비율 70.4% (기준: 30%)
Warning:  SLBT: 비정상 가격 변동 167.0% (2026-06-16) — 스플릿/데이터 오류 가능
Warning:  SLBT: 거래량 0 연속 7일 (기준: 5일) — 상장폐지/거래정지 가능
Warning:  SLDP: 비정상 가격 변동 51.6% (2025-11-05) — 스플릿/데이터 오류 가능
Warning:  SLNH: 비정상 가격 변동 94.4% (2025-09-22) — 스플릿/데이터 오류 가능
Warning:  SMMT: 비정상 가격 변동 272.1% (2024-05-30) — 스플릿/데이터 오류 가능
Warning:  SNAP: 비정상 가격 변동 58.8% (2022-02-04) — 스플릿/데이터 오류 가능
Warning:  SNDK: Close NaN 비율 70.9% (기준: 30%)
Warning:  SNTG: 비정상 가격 변동 237.1% (2025-09-08) — 스플릿/데이터 오류 가능
Warning:  SNWV: Close NaN 비율 64.6% (기준: 30%)
Warning:  SOC: 비정상 가격 변동 56.2% (2025-12-18) — 스플릿/데이터 오류 가능
Warning:  SORA: Close NaN 비율 73.5% (기준: 30%)
Warning:  SORA: 비정상 가격 변동 58.2% (2026-02-02) — 스플릿/데이터 오류 가능
Warning:  SOUN: 비정상 가격 변동 71.8% (2022-12-30) — 스플릿/데이터 오류 가능
Warning:  SPHL: Close NaN 비율 64.6% (기준: 30%)
Warning:  SPHL: 비정상 가격 변동 673.8% (2026-01-15) — 스플릿/데이터 오류 가능
Warning:  SPRC: 비정상 가격 변동 142.9% (2025-09-17) — 스플릿/데이터 오류 가능
Warning:  SPRO: 비정상 가격 변동 244.6% (2025-05-28) — 스플릿/데이터 오류 가능
Warning:  SPRY: 비정상 가격 변동 77.9% (2023-05-12) — 스플릿/데이터 오류 가능
Warning:  SPWH: 비정상 가격 변동 97.9% (2025-04-02) — 스플릿/데이터 오류 가능
Warning:  SRXH: 비정상 가격 변동 84.5% (2025-08-15) — 스플릿/데이터 오류 가능
Warning:  SRXH: 거래량 0 연속 7일 (기준: 5일) — 상장폐지/거래정지 가능
Warning:  STAK: Close NaN 비율 71.6% (기준: 30%)
Warning:  STAK: 비정상 가격 변동 602.3% (2026-07-24) — 스플릿/데이터 오류 가능
Warning:  STEM: 비정상 가격 변동 57.2% (2025-01-03) — 스플릿/데이터 오류 가능
Warning:  STFS: Close NaN 비율 64.2% (기준: 30%)
Warning:  STFS: 비정상 가격 변동 96.5% (2026-05-06) — 스플릿/데이터 오류 가능
Warning:  STI: 비정상 가격 변동 350.6% (2026-06-04) — 스플릿/데이터 오류 가능
Warning:  STIM: 비정상 가격 변동 58.1% (2024-08-12) — 스플릿/데이터 오류 가능
Warning:  STKE: 비정상 가격 변동 131.4% (2024-10-14) — 스플릿/데이터 오류 가능
Warning:  STKH: 비정상 가격 변동 166.7% (2026-07-28) — 스플릿/데이터 오류 가능
Warning:  STRL: 비정상 가격 변동 52.2% (2026-05-05) — 스플릿/데이터 오류 가능
Warning:  STUB: Close NaN 비율 82.7% (기준: 30%)
Warning:  SUNE: 비정상 가격 변동 420.4% (2026-06-08) — 스플릿/데이터 오류 가능
Warning:  SUPX: Close NaN 비율 54.4% (기준: 30%)
Warning:  SVRE: 비정상 가격 변동 63.2% (2024-12-24) — 스플릿/데이터 오류 가능
Warning:  SYM: 비정상 가격 변동 120.5% (2022-06-08) — 스플릿/데이터 오류 가능
Warning:  TC: 비정상 가격 변동 159.5% (2026-07-01) — 스플릿/데이터 오류 가능
Warning:  TDIC: Close NaN 비율 79.6% (기준: 30%)
Warning:  TDIC: 비정상 가격 변동 876.7% (2026-05-13) — 스플릿/데이터 오류 가능
Warning:  TDTH: Close NaN 비율 62.4% (기준: 30%)
Warning:  TDTH: 비정상 가격 변동 61.5% (2025-01-30) — 스플릿/데이터 오류 가능
Warning:  TDUP: 비정상 가격 변동 62.7% (2024-08-06) — 스플릿/데이터 오류 가능
Warning:  TE: 비정상 가격 변동 66.7% (2024-11-06) — 스플릿/데이터 오류 가능
Warning:  TEM: Close NaN 비율 57.7% (기준: 30%)
Warning:  TIC: Close NaN 비율 71.1% (기준: 30%)
Warning:  TII: 비정상 가격 변동 409.8% (2022-03-23) — 스플릿/데이터 오류 가능
Warning:  TLRY: 비정상 가격 변동 60.9% (2025-09-29) — 스플릿/데이터 오류 가능
Warning:  TMQ: 비정상 가격 변동 211.0% (2025-10-07) — 스플릿/데이터 오류 가능
Warning:  TNXP: 비정상 가격 변동 120.8% (2024-12-16) — 스플릿/데이터 오류 가능
Warning:  TONX: 비정상 가격 변동 346.9% (2023-09-05) — 스플릿/데이터 오류 가능
Warning:  TOYO: 비정상 가격 변동 86.6% (2024-11-26) — 스플릿/데이터 오류 가능
Warning:  TRDA: 비정상 가격 변동 57.3% (2026-05-07) — 스플릿/데이터 오류 가능
Warning:  TRIB: 비정상 가격 변동 2400.0% (2026-07-23) — 스플릿/데이터 오류 가능
Warning:  TRNR: Close NaN 비율 35.1% (기준: 30%)
Warning:  TRNR: 비정상 가격 변동 79.0% (2024-08-12) — 스플릿/데이터 오류 가능
Warning:  TRON: Close NaN 비율 41.0% (기준: 30%)
Warning:  TRON: 비정상 가격 변동 533.8% (2025-06-16) — 스플릿/데이터 오류 가능
Warning:  TROO: 비정상 가격 변동 106.2% (2025-07-14) — 스플릿/데이터 오류 가능
Warning:  TRT: 비정상 가격 변동 66.8% (2026-04-23) — 스플릿/데이터 오류 가능
Warning:  TRUG: 비정상 가격 변동 64.7% (2024-01-31) — 스플릿/데이터 오류 가능
Warning:  TSSI: 비정상 가격 변동 74.1% (2025-05-16) — 스플릿/데이터 오류 가능
Warning:  TURB: Close NaN 비율 43.1% (기준: 30%)
Warning:  TURB: 비정상 가격 변동 359.3% (2025-09-16) — 스플릿/데이터 오류 가능
Warning:  TVRD: 비정상 가격 변동 83.9% (2025-10-13) — 스플릿/데이터 오류 가능
Warning:  TYGO: 비정상 가격 변동 83.6% (2023-06-01) — 스플릿/데이터 오류 가능
Warning:  UCAR: Close NaN 비율 34.6% (기준: 30%)
Warning:  UCAR: 비정상 가격 변동 331.9% (2026-04-08) — 스플릿/데이터 오류 가능
Warning:  UPB: Close NaN 비율 64.2% (기준: 30%)
Warning:  UPC: 비정상 가격 변동 311.5% (2026-06-29) — 스플릿/데이터 오류 가능
Warning:  UPST: 비정상 가격 변동 56.4% (2022-05-10) — 스플릿/데이터 오류 가능
Warning:  USAR: Close NaN 비율 39.3% (기준: 30%)
Warning:  USAR: 비정상 가격 변동 72.0% (2025-03-14) — 스플릿/데이터 오류 가능
Warning:  UTZ: 비정상 가격 변동 88.7% (2026-07-21) — 스플릿/데이터 오류 가능
Warning:  UXIN: 비정상 가격 변동 83.7% (2024-09-27) — 스플릿/데이터 오류 가능
Warning:  VATE: 비정상 가격 변동 86.3% (2025-01-21) — 스플릿/데이터 오류 가능
Warning:  VEEE: 비정상 가격 변동 415.8% (2026-07-13) — 스플릿/데이터 오류 가능
Warning:  VELO: 비정상 가격 변동 80.7% (2025-04-01) — 스플릿/데이터 오류 가능
Warning:  VENU: Close NaN 비율 66.9% (기준: 30%)
Warning:  VERU: 비정상 가격 변동 182.3% (2022-04-11) — 스플릿/데이터 오류 가능
Warning:  VIA: Close NaN 비율 82.5% (기준: 30%)
Warning:  VICR: 비정상 가격 변동 57.7% (2023-07-26) — 스플릿/데이터 오류 가능
Warning:  VIVK: 비정상 가격 변동 113.5% (2022-04-27) — 스플릿/데이터 오류 가능
Warning:  VIVO: 비정상 가격 변동 306.9% (2024-04-02) — 스플릿/데이터 오류 가능
Warning:  VLN: 비정상 가격 변동 59.0% (2026-01-09) — 스플릿/데이터 오류 가능
Warning:  VNET: 비정상 가격 변동 83.2% (2022-03-16) — 스플릿/데이터 오류 가능
Warning:  VOR: 비정상 가격 변동 74.2% (2025-06-25) — 스플릿/데이터 오류 가능
Warning:  VOYG: Close NaN 비율 77.4% (기준: 30%)
Warning:  VRAX: 비정상 가격 변동 141.8% (2024-08-19) — 스플릿/데이터 오류 가능
Warning:  VRRM: 비정상 가격 변동 70.6% (2026-05-27) — 스플릿/데이터 오류 가능
Warning:  VRXA: Close NaN 비율 63.5% (기준: 30%)
Warning:  VRXA: 비정상 가격 변동 55.5% (2026-06-16) — 스플릿/데이터 오류 가능
Warning:  VSA: 비정상 가격 변동 329.8% (2025-01-31) — 스플릿/데이터 오류 가능
Warning:  VSME: Close NaN 비율 43.3% (기준: 30%)
Warning:  VSME: 비정상 가격 변동 149.1% (2026-06-10) — 스플릿/데이터 오류 가능
Warning:  VTIX: Close NaN 비율 89.9% (기준: 30%)
Warning:  VTIX: 비정상 가격 변동 56.3% (2026-01-28) — 스플릿/데이터 오류 가능
Warning:  VWAV: Close NaN 비율 79.1% (기준: 30%)
Warning:  VWAV: 비정상 가격 변동 368.1% (2025-07-28) — 스플릿/데이터 오류 가능
Warning:  WATT: 비정상 가격 변동 554.3% (2024-12-30) — 스플릿/데이터 오류 가능
Warning:  WBTN: Close NaN 비율 58.3% (기준: 30%)
Warning:  WBTN: 비정상 가격 변동 81.2% (2025-08-13) — 스플릿/데이터 오류 가능
Warning:  WBUY: Close NaN 비율 44.6% (기준: 30%)
Warning:  WBUY: 비정상 가격 변동 132.4% (2025-05-08) — 스플릿/데이터 오류 가능
Warning:  WETH: Close NaN 비율 51.3% (기준: 30%)
Warning:  WFF: Close NaN 비율 73.2% (기준: 30%)
Warning:  WGS: 비정상 가격 변동 55.2% (2024-04-30) — 스플릿/데이터 오류 가능
Warning:  WLDS: 비정상 가격 변동 407.8% (2025-09-10) — 스플릿/데이터 오류 가능
Warning:  WLFC: 비정상 가격 변동 67.1% (2026-07-20) — 스플릿/데이터 오류 가능
Warning:  WNW: 비정상 가격 변동 97.6% (2025-04-22) — 스플릿/데이터 오류 가능
Warning:  WOK: Close NaN 비율 61.5% (기준: 30%)
Warning:  WOK: 비정상 가격 변동 206.2% (2026-05-11) — 스플릿/데이터 오류 가능
Warning:  WOK: 거래량 0 연속 38일 (기준: 5일) — 상장폐지/거래정지 가능
Warning:  WOLF: Close NaN 비율 83.3% (기준: 30%)
Warning:  WRD: Close NaN 비율 65.0% (기준: 30%)
Warning:  WRD: 비정상 가격 변동 83.5% (2025-02-14) — 스플릿/데이터 오류 가능
Warning:  WSHP: Close NaN 비율 86.1% (기준: 30%)
Warning:  WSHP: 비정상 가격 변동 506.1% (2025-11-19) — 스플릿/데이터 오류 가능
Warning:  WVE: 비정상 가격 변동 147.3% (2025-12-08) — 스플릿/데이터 오류 가능
Warning:  WW: Close NaN 비율 78.2% (기준: 30%)
Warning:  WXM: Close NaN 비율 73.5% (기준: 30%)
Warning:  WXM: 비정상 가격 변동 57.9% (2026-06-04) — 스플릿/데이터 오류 가능
Warning:  WYFI: Close NaN 비율 80.5% (기준: 30%)
Warning:  XCUR: 비정상 가격 변동 92.3% (2024-11-20) — 스플릿/데이터 오류 가능
Warning:  XHLD: Close NaN 비율 70.9% (기준: 30%)
Warning:  XHLD: 비정상 가격 변동 177.2% (2026-01-27) — 스플릿/데이터 오류 가능
Warning:  XOS: 비정상 가격 변동 234.5% (2026-06-03) — 스플릿/데이터 오류 가능
Warning:  XTIA: 비정상 가격 변동 128.6% (2023-04-13) — 스플릿/데이터 오류 가능
Warning:  XTLB: 비정상 가격 변동 128.8% (2024-03-20) — 스플릿/데이터 오류 가능
Warning:  XXI: Close NaN 비율 60.9% (기준: 30%)
Warning:  XXI: 비정상 가격 변동 55.4% (2025-04-23) — 스플릿/데이터 오류 가능
Warning:  YDES: Close NaN 비율 81.5% (기준: 30%)
Warning:  YDES: 비정상 가격 변동 135.8% (2025-08-29) — 스플릿/데이터 오류 가능
Warning:  YHC: Close NaN 비율 40.7% (기준: 30%)
Warning:  YHC: 비정상 가격 변동 171.6% (2025-07-16) — 스플릿/데이터 오류 가능
Warning:  YMAT: Close NaN 비율 80.0% (기준: 30%)
Warning:  YMAT: 비정상 가격 변동 203.3% (2026-05-26) — 스플릿/데이터 오류 가능
Warning:  YRD: 비정상 가격 변동 59.6% (2026-07-02) — 스플릿/데이터 오류 가능
Warning:  YSS: Close NaN 비율 90.0% (기준: 30%)
Warning:  YYGH: Close NaN 비율 54.7% (기준: 30%)
Warning:  YYGH: 비정상 가격 변동 63.6% (2025-09-10) — 스플릿/데이터 오류 가능
Warning:  ZCMD: 비정상 가격 변동 191.8% (2026-07-22) — 스플릿/데이터 오류 가능
Warning:  ZENA: Close NaN 비율 63.6% (기준: 30%)
Warning:  ZENA: 비정상 가격 변동 258.7% (2024-11-25) — 스플릿/데이터 오류 가능
Warning:  ZNB: 비정상 가격 변동 104.8% (2025-10-07) — 스플릿/데이터 오류 가능
Warning:  ZSQR: 비정상 가격 변동 77.4% (2024-12-31) — 스플릿/데이터 오류 가능
Warning:  ZVIA: 비정상 가격 변동 51.7% (2025-05-08) — 스플릿/데이터 오류 가능
Warning:  ZYBT: Close NaN 비율 68.9% (기준: 30%)
Warning:  ZYBT: 비정상 가격 변동 1047.6% (2026-07-20) — 스플릿/데이터 오류 가능
[[NASDAQ/NYSE 분석]] 강한 섹터: {'Utilities', 'Real Estate', 'Consumer Staples', 'Health Care', 'Communication Services', 'Materials', 'Energy', 'Financials'}
[OHLCV] 배치 다운로드 1/2 (150개 종목, period=2y)...
[OHLCV] 배치 다운로드 2/2 (63개 종목, period=2y)...
[DataValidator] 70건의 데이터 품질 경고 발생
Warning:  AAOI: 비정상 가격 변동 56.9% (2026-02-27) — 스플릿/데이터 오류 가능
Warning:  AGEN: 비정상 가격 변동 82.7% (2026-07-13) — 스플릿/데이터 오류 가능
Warning:  APLD: 비정상 가격 변동 65.7% (2024-09-05) — 스플릿/데이터 오류 가능
Warning:  ASST: 비정상 가격 변동 455.7% (2025-05-07) — 스플릿/데이터 오류 가능
Warning:  ASTS: 비정상 가격 변동 50.7% (2024-08-15) — 스플릿/데이터 오류 가능
Warning:  BAND: 비정상 가격 변동 52.1% (2026-04-30) — 스플릿/데이터 오류 가능
Warning:  BATL: 비정상 가격 변동 211.7% (2026-01-26) — 스플릿/데이터 오류 가능
Warning:  BE: 비정상 가격 변동 59.2% (2024-11-15) — 스플릿/데이터 오류 가능
Warning:  BIYA: Close NaN 비율 32.1% (기준: 30%)
Warning:  BIYA: 비정상 가격 변동 116.1% (2026-07-27) — 스플릿/데이터 오류 가능
Warning:  BMNR: Close NaN 비율 42.5% (기준: 30%)
Warning:  BMNR: 비정상 가격 변동 694.8% (2025-06-30) — 스플릿/데이터 오류 가능
Warning:  BULL: 비정상 가격 변동 374.7% (2025-04-14) — 스플릿/데이터 오류 가능
Warning:  BW: 비정상 가격 변동 66.9% (2025-06-05) — 스플릿/데이터 오류 가능
Warning:  CAI: Close NaN 비율 44.3% (기준: 30%)
Warning:  CAPR: 비정상 가격 변동 371.1% (2025-12-03) — 스플릿/데이터 오류 가능
Warning:  CLRO: 비정상 가격 변동 101.2% (2026-07-02) — 스플릿/데이터 오류 가능
Warning:  CPHI: 비정상 가격 변동 790.1% (2026-07-21) — 스플릿/데이터 오류 가능
Warning:  CRCL: Close NaN 비율 42.5% (기준: 30%)
Warning:  CRML: 비정상 가격 변동 55.4% (2025-10-13) — 스플릿/데이터 오류 가능
Warning:  CRNX: 비정상 가격 변동 98.7% (2026-07-07) — 스플릿/데이터 오류 가능
Warning:  CRWV: Close NaN 비율 33.1% (기준: 30%)
Warning:  DFNS: 비정상 가격 변동 10042.9% (2026-07-20) — 스플릿/데이터 오류 가능
Warning:  FBRX: 비정상 가격 변동 128.7% (2024-11-20) — 스플릿/데이터 오류 가능
Warning:  FIG: Close NaN 비율 50.1% (기준: 30%)
Warning:  FIGR: Close NaN 비율 55.9% (기준: 30%)
Warning:  FLY: Close NaN 비율 51.1% (기준: 30%)
Warning:  FPS: Close NaN 비율 76.0% (기준: 30%)
Warning:  FRMI: Close NaN 비율 58.7% (기준: 30%)
Warning:  GLXY: Close NaN 비율 39.9% (기준: 30%)
Warning:  GMM: 비정상 가격 변동 1467.7% (2024-11-26) — 스플릿/데이터 오류 가능
Warning:  HTZ: 비정상 가격 변동 56.4% (2025-04-16) — 스플릿/데이터 오류 가능
Warning:  INOD: 비정상 가격 변동 86.0% (2026-05-08) — 스플릿/데이터 오류 가능
Warning:  JLHL: Close NaN 비율 45.3% (기준: 30%)
Warning:  JLHL: 비정상 가격 변동 318.0% (2026-07-09) — 스플릿/데이터 오류 가능
Warning:  KD: 비정상 가격 변동 54.9% (2026-02-09) — 스플릿/데이터 오류 가능
Warning:  KLAR: Close NaN 비율 55.9% (기준: 30%)
Warning:  LAES: 비정상 가격 변동 101.4% (2024-12-11) — 스플릿/데이터 오류 가능
Warning:  LHSW: Close NaN 비율 33.9% (기준: 30%)
Warning:  LHSW: 비정상 가격 변동 277.8% (2026-07-06) — 스플릿/데이터 오류 가능
Warning:  MP: 비정상 가격 변동 50.6% (2025-07-10) — 스플릿/데이터 오류 가능
Warning:  MXL: 비정상 가격 변동 76.1% (2026-04-24) — 스플릿/데이터 오류 가능
Warning:  NTSK: Close NaN 비율 56.9% (기준: 30%)
Warning:  NVTS: 비정상 가격 변동 164.4% (2025-05-22) — 스플릿/데이터 오류 가능
Warning:  NXTC: 비정상 가격 변동 201.8% (2026-07-14) — 스플릿/데이터 오류 가능
Warning:  OPEN: 비정상 가격 변동 79.5% (2025-09-11) — 스플릿/데이터 오류 가능
Warning:  PRIM: 비정상 가격 변동 50.1% (2026-05-06) — 스플릿/데이터 오류 가능
Warning:  QBTS: 비정상 가격 변동 51.2% (2025-05-08) — 스플릿/데이터 오류 가능
Warning:  QUBT: 비정상 가격 변동 92.8% (2024-11-13) — 스플릿/데이터 오류 가능
Warning:  RDW: 비정상 가격 변동 51.4% (2025-01-21) — 스플릿/데이터 오류 가능
Warning:  REPL: 비정상 가격 변동 101.3% (2025-07-30) — 스플릿/데이터 오류 가능
Warning:  RGTI: 비정상 가격 변동 58.0% (2024-11-25) — 스플릿/데이터 오류 가능
Warning:  SBET: 비정상 가격 변동 433.2% (2025-05-27) — 스플릿/데이터 오류 가능
Warning:  SDOT: 비정상 가격 변동 247.1% (2026-06-26) — 스플릿/데이터 오류 가능
Warning:  SKYQ: 비정상 가격 변동 101.6% (2026-04-02) — 스플릿/데이터 오류 가능
Warning:  SMMT: 비정상 가격 변동 56.0% (2024-09-09) — 스플릿/데이터 오류 가능
Warning:  SOC: 비정상 가격 변동 56.2% (2025-12-18) — 스플릿/데이터 오류 가능
Warning:  STAK: 비정상 가격 변동 602.3% (2026-07-24) — 스플릿/데이터 오류 가능
Warning:  STRL: 비정상 가격 변동 52.2% (2026-05-05) — 스플릿/데이터 오류 가능
Warning:  STUB: Close NaN 비율 56.7% (기준: 30%)
Warning:  TE: 비정상 가격 변동 66.7% (2024-11-06) — 스플릿/데이터 오류 가능
Warning:  USAR: 비정상 가격 변동 72.0% (2025-03-14) — 스플릿/데이터 오류 가능
Warning:  UTZ: 비정상 가격 변동 88.7% (2026-07-21) — 스플릿/데이터 오류 가능
Warning:  VEEE: 비정상 가격 변동 415.8% (2026-07-13) — 스플릿/데이터 오류 가능
Warning:  VIVK: 비정상 가격 변동 64.9% (2025-12-26) — 스플릿/데이터 오류 가능
Warning:  VOYG: Close NaN 비율 43.3% (기준: 30%)
Warning:  WOLF: Close NaN 비율 58.3% (기준: 30%)
Warning:  WYFI: Close NaN 비율 51.1% (기준: 30%)
Warning:  ZCMD: 비정상 가격 변동 191.8% (2026-07-22) — 스플릿/데이터 오류 가능
Warning:  ZYBT: 비정상 가격 변동 1047.6% (2026-07-20) — 스플릿/데이터 오류 가능
[[NASDAQ/NYSE 분석]] Extreme model 'label_low' ROC 0.58, AP 0.52
[[NASDAQ/NYSE 분석]] Extreme model 'label_high' ROC 0.57, AP 0.54
[[NASDAQ/NYSE 분석]] Google Sheets 업데이트 완료 (213개 종목)
[Email] 바닥반등 62개 + 모멘텀 53개 = 총 115개 종목 리스트를 chunghwan14@gmail.com, roykim0311@gmail.com, ssamjungtan@naver.com로 발송 완료

============================================================
[[NASDAQ/NYSE 차트분석]] 이메일 대상 종목 차트 분석 시작
============================================================
[[NASDAQ/NYSE 차트분석]] 차트분석 대상 115개 종목: ['OKLO', 'FIVN', 'USAR', 'CRNX', 'GRMN', 'SG', 'PL', 'RKLB', 'QBTS', 'REPL', 'MIR', 'BBAI', 'ASTS', 'TTMI', 'SNDK', 'ORCL', 'EQX', 'BE', 'IREN', 'SKYQ', 'CAR', 'ENPH', 'DYN', 'NTLA', 'FLY', 'CLRO', 'AGEN', 'CPAY', 'GPN', 'MP', 'WYFI', 'DINO', 'ATAI', 'GKOS', 'VOYG', 'HIMS', 'QS', 'ROST', 'IMAX', 'ZYBT', 'BRUN', 'DBX', 'DUOL', 'CAPR', 'NOK', 'IONQ', 'VICR', 'BAND', 'FBRX', 'MTN', 'DK', 'SYM', 'FRMI', 'INOD', 'BBY', 'GGB', 'LAD', 'RDW', 'CRML', 'RNG', 'BURL', 'LAES', 'UEC', 'GM', 'CAKE', 'RCAT', 'JOBY', 'KRMN', 'KEEL', 'POET', 'KNSA', 'PARR', 'NVTS', 'RGTI', 'SMCI', 'BLDR', 'FIG', 'WKC', 'UTZ', 'APLD', 'QUBT', 'STUB', 'ETSY', 'NTSK', 'HTZ', 'GLW', 'UUUU', 'LEGN', 'VOD', 'PAG', 'LUNR', 'BTDR', 'MAN', 'EXPE', 'TE', 'BULL', 'KTOS', 'PLUG', 'DNTH', 'EAT', 'AN', 'PSKY', 'CPHI', 'THC', 'CAI', 'WEX', 'BIP', 'ONDS', 'STAK', 'TXG', 'LEU', 'SMMT', 'INSW', 'DFNS', 'IQV']
[[NASDAQ/NYSE 차트분석]] 기존 NASDAQ 차트 파일 삭제 중...
[[NASDAQ/NYSE 차트분석]] TradingView 차트 캡처 시작...
[TradingView] STAK 브라우저 세션 시작  (로그인 세션)...
[TradingView] 1H 캡처 완료 (60)
[TradingView] 4H 캡처 완료 (240)
[TradingView] Daily 캡처 완료 (D)
[TradingView] Weekly 캡처 완료 (W)
[TradingView] Monthly 캡처 완료 (M)
[[NASDAQ/NYSE 차트분석]] STAK 차트 5개 처리 완료
[TradingView] DK 브라우저 세션 시작  (로그인 세션)...
[TradingView] 1H 캡처 완료 (60)
[TradingView] 4H 캡처 완료 (240)
[TradingView] Daily 캡처 완료 (D)
[TradingView] Weekly 캡처 완료 (W)
[TradingView] Monthly 캡처 완료 (M)
[[NASDAQ/NYSE 차트분석]] DK 차트 5개 처리 완료
[TradingView] DINO 브라우저 세션 시작  (로그인 세션)...
[TradingView] 1H 캡처 완료 (60)
[TradingView] 4H 캡처 완료 (240)
[TradingView] Daily 캡처 완료 (D)
[TradingView] Weekly 캡처 완료 (W)
[TradingView] Monthly 캡처 완료 (M)
[[NASDAQ/NYSE 차트분석]] DINO 차트 5개 처리 완료
[TradingView] VOD 브라우저 세션 시작  (로그인 세션)...
[TradingView] 1H 캡처 완료 (60)
[TradingView] 4H 캡처 완료 (240)
[TradingView] Daily 캡처 완료 (D)
[TradingView] Weekly 캡처 완료 (W)
[TradingView] Monthly 캡처 완료 (M)
[[NASDAQ/NYSE 차트분석]] VOD 차트 5개 처리 완료
[TradingView] BIP 브라우저 세션 시작  (로그인 세션)...
[TradingView] 1H 캡처 완료 (60)
[TradingView] 4H 캡처 완료 (240)
[TradingView] Daily 캡처 완료 (D)
[TradingView] Weekly 캡처 완료 (W)
[TradingView] Monthly 캡처 완료 (M)
[[NASDAQ/NYSE 차트분석]] BIP 차트 5개 처리 완료
[TradingView] IMAX 브라우저 세션 시작  (로그인 세션)...
[TradingView] 1H 캡처 완료 (60)
[TradingView] 4H 캡처 완료 (240)
[TradingView] Daily 캡처 완료 (D)
[TradingView] Weekly 캡처 완료 (W)
[TradingView] Monthly 캡처 완료 (M)
[[NASDAQ/NYSE 차트분석]] IMAX 차트 5개 처리 완료
[TradingView] ATAI 브라우저 세션 시작  (로그인 세션)...
[TradingView] 1H 캡처 완료 (60)
[TradingView] 4H 캡처 완료 (240)
[TradingView] Daily 캡처 완료 (D)
[TradingView] Weekly 캡처 완료 (W)
[TradingView] Monthly 캡처 완료 (M)
[[NASDAQ/NYSE 차트분석]] ATAI 차트 5개 처리 완료
[TradingView] BBY 브라우저 세션 시작  (로그인 세션)...
[TradingView] 1H 캡처 완료 (60)
[TradingView] 4H 캡처 완료 (240)
[TradingView] Daily 캡처 완료 (D)
[TradingView] Weekly 캡처 완료 (W)
[TradingView] Monthly 캡처 완료 (M)
[[NASDAQ/NYSE 차트분석]] BBY 차트 5개 처리 완료
[TradingView] ETSY 브라우저 세션 시작  (로그인 세션)...
[TradingView] 1H 캡처 완료 (60)
[TradingView] 4H 캡처 완료 (240)
[TradingView] Daily 캡처 완료 (D)
[TradingView] Weekly 캡처 완료 (W)
[TradingView] Monthly 캡처 완료 (M)
[[NASDAQ/NYSE 차트분석]] ETSY 차트 5개 처리 완료
[TradingView] AGEN 브라우저 세션 시작  (로그인 세션)...
[TradingView] 1H 캡처 완료 (60)
[TradingView] 4H 캡처 완료 (240)
[TradingView] Daily 캡처 완료 (D)
[TradingView] Weekly 캡처 완료 (W)
[TradingView] Monthly 캡처 완료 (M)
[[NASDAQ/NYSE 차트분석]] AGEN 차트 5개 처리 완료
[TradingView] BURL 브라우저 세션 시작  (로그인 세션)...
[TradingView] 1H 캡처 완료 (60)
[TradingView] 4H 캡처 완료 (240)
[TradingView] Daily 캡처 완료 (D)
[TradingView] Weekly 캡처 완료 (W)
[TradingView] Monthly 캡처 완료 (M)
[[NASDAQ/NYSE 차트분석]] BURL 차트 5개 처리 완료
[TradingView] DYN 브라우저 세션 시작  (로그인 세션)...
[TradingView] 1H 캡처 완료 (60)
[TradingView] 4H 캡처 완료 (240)
[TradingView] Daily 캡처 완료 (D)
[TradingView] Weekly 캡처 완료 (W)
[TradingView] Monthly 캡처 완료 (M)
[[NASDAQ/NYSE 차트분석]] DYN 차트 5개 처리 완료
[TradingView] GGB 브라우저 세션 시작  (로그인 세션)...
[TradingView] 1H 캡처 완료 (60)
[TradingView] 4H 캡처 완료 (240)
[TradingView] Daily 캡처 완료 (D)
[TradingView] Weekly 캡처 완료 (W)
[TradingView] Monthly 캡처 완료 (M)
[[NASDAQ/NYSE 차트분석]] GGB 차트 5개 처리 완료
[TradingView] TXG 브라우저 세션 시작  (로그인 세션)...
[TradingView] 1H 캡처 완료 (60)
[TradingView] 4H 캡처 완료 (240)
[TradingView] Daily 캡처 완료 (D)
[TradingView] Weekly 캡처 완료 (W)
[TradingView] Monthly 캡처 완료 (M)
[[NASDAQ/NYSE 차트분석]] TXG 차트 5개 처리 완료
[TradingView] EAT 브라우저 세션 시작  (로그인 세션)...
[TradingView] 1H 캡처 완료 (60)
[TradingView] 4H 캡처 완료 (240)
[TradingView] Daily 캡처 완료 (D)
[TradingView] Weekly 캡처 완료 (W)
[TradingView] Monthly 캡처 완료 (M)
[[NASDAQ/NYSE 차트분석]] EAT 차트 5개 처리 완료
[TradingView] REPL 브라우저 세션 시작  (로그인 세션)...
[TradingView] 1H 캡처 완료 (60)
[TradingView] 4H 캡처 완료 (240)
[TradingView] Daily 캡처 완료 (D)
[TradingView] Weekly 캡처 완료 (W)
[TradingView] Monthly 캡처 완료 (M)
[[NASDAQ/NYSE 차트분석]] REPL 차트 5개 처리 완료
[TradingView] INSW 브라우저 세션 시작  (로그인 세션)...
[TradingView] 1H 캡처 완료 (60)
[TradingView] 4H 캡처 완료 (240)
[TradingView] Daily 캡처 완료 (D)
[TradingView] Weekly 캡처 완료 (W)
[TradingView] Monthly 캡처 완료 (M)
[[NASDAQ/NYSE 차트분석]] INSW 차트 5개 처리 완료
[TradingView] PAG 브라우저 세션 시작  (로그인 세션)...
[TradingView] 1H 캡처 완료 (60)
[TradingView] 4H 캡처 완료 (240)
[TradingView] Daily 캡처 완료 (D)
[TradingView] Weekly 캡처 완료 (W)
[TradingView] Monthly 캡처 완료 (M)
[[NASDAQ/NYSE 차트분석]] PAG 차트 5개 처리 완료
[TradingView] FIVN 브라우저 세션 시작  (로그인 세션)...
[TradingView] 1H 캡처 완료 (60)
[TradingView] 4H 캡처 완료 (240)
[TradingView] Daily 캡처 완료 (D)
[TradingView] Weekly 캡처 완료 (W)
[TradingView] Monthly 캡처 완료 (M)
[[NASDAQ/NYSE 차트분석]] FIVN 차트 5개 처리 완료
[TradingView] CLRO 브라우저 세션 시작  (로그인 세션)...
[TradingView] 1H 캡처 완료 (60)
[TradingView] 4H 캡처 완료 (240)
[TradingView] Daily 캡처 완료 (D)
[TradingView] Weekly 캡처 완료 (W)
[TradingView] Monthly 캡처 완료 (M)
[[NASDAQ/NYSE 차트분석]] CLRO 차트 5개 처리 완료
[TradingView] EXPE 브라우저 세션 시작  (로그인 세션)...
[TradingView] 1H 캡처 완료 (60)
[TradingView] 4H 캡처 완료 (240)
[TradingView] Daily 캡처 완료 (D)
[TradingView] Weekly 캡처 완료 (W)
[TradingView] Monthly 캡처 완료 (M)
[[NASDAQ/NYSE 차트분석]] EXPE 차트 5개 처리 완료
[TradingView] GPN 브라우저 세션 시작  (로그인 세션)...
[TradingView] 1H 캡처 완료 (60)
[TradingView] 4H 캡처 완료 (240)
[TradingView] Daily 캡처 완료 (D)
[TradingView] Weekly 캡처 완료 (W)
[TradingView] Monthly 캡처 완료 (M)
[[NASDAQ/NYSE 차트분석]] GPN 차트 5개 처리 완료
[TradingView] CPAY 브라우저 세션 시작  (로그인 세션)...
[TradingView] 1H 캡처 완료 (60)
[TradingView] 4H 캡처 완료 (240)
[TradingView] Daily 캡처 완료 (D)
[TradingView] Weekly 캡처 완료 (W)
[TradingView] Monthly 캡처 완료 (M)
[[NASDAQ/NYSE 차트분석]] CPAY 차트 5개 처리 완료
[TradingView] PARR 브라우저 세션 시작  (로그인 세션)...
[TradingView] 1H 캡처 완료 (60)
[TradingView] 4H 캡처 완료 (240)
[TradingView] Daily 캡처 완료 (D)
[TradingView] Weekly 캡처 완료 (W)
[TradingView] Monthly 캡처 완료 (M)
[[NASDAQ/NYSE 차트분석]] PARR 차트 5개 처리 완료
[TradingView] GM 브라우저 세션 시작  (로그인 세션)...
[TradingView] 1H 캡처 완료 (60)
[TradingView] 4H 캡처 완료 (240)
[TradingView] Daily 캡처 완료 (D)
[TradingView] Weekly 캡처 완료 (W)
[TradingView] Monthly 캡처 완료 (M)
[[NASDAQ/NYSE 차트분석]] GM 차트 5개 처리 완료
[TradingView] UTZ 브라우저 세션 시작  (로그인 세션)...
[TradingView] 1H 캡처 완료 (60)
[TradingView] 4H 캡처 완료 (240)
[TradingView] Daily 캡처 완료 (D)
[TradingView] Weekly 캡처 완료 (W)
[TradingView] Monthly 캡처 완료 (M)
[[NASDAQ/NYSE 차트분석]] UTZ 차트 5개 처리 완료
[TradingView] CRNX 브라우저 세션 시작  (로그인 세션)...
[TradingView] 1H 캡처 완료 (60)
[TradingView] 4H 캡처 완료 (240)
[TradingView] Daily 캡처 완료 (D)
[TradingView] Weekly 캡처 완료 (W)
[TradingView] Monthly 캡처 완료 (M)
[[NASDAQ/NYSE 차트분석]] CRNX 차트 5개 처리 완료
[TradingView] MAN 브라우저 세션 시작  (로그인 세션)...
[TradingView] 1H 캡처 완료 (60)
[TradingView] 4H 캡처 완료 (240)
[TradingView] Daily 캡처 완료 (D)
[TradingView] Weekly 캡처 완료 (W)
[TradingView] Monthly 캡처 완료 (M)
[[NASDAQ/NYSE 차트분석]] MAN 차트 5개 처리 완료
[TradingView] CAKE 브라우저 세션 시작  (로그인 세션)...
[TradingView] 1H 캡처 완료 (60)
[TradingView] 4H 캡처 완료 (240)
[TradingView] Daily 캡처 완료 (D)
[TradingView] Weekly 캡처 완료 (W)
[TradingView] Monthly 캡처 완료 (M)
[[NASDAQ/NYSE 차트분석]] CAKE 차트 5개 처리 완료
[TradingView] FBRX 브라우저 세션 시작  (로그인 세션)...
[TradingView] 1H 캡처 완료 (60)
[TradingView] 4H 캡처 완료 (240)
[TradingView] Daily 캡처 완료 (D)
[TradingView] Weekly 캡처 완료 (W)
[TradingView] Monthly 캡처 완료 (M)
[[NASDAQ/NYSE 차트분석]] FBRX 차트 5개 처리 완료
[TradingView] CPHI 브라우저 세션 시작  (로그인 세션)...
[TradingView] 1H 캡처 완료 (60)
[TradingView] 4H 캡처 완료 (240)
[TradingView] Daily 캡처 완료 (D)
[TradingView] Weekly 캡처 완료 (W)
[TradingView] Monthly 캡처 완료 (M)
[[NASDAQ/NYSE 차트분석]] CPHI 차트 5개 처리 완료
[TradingView] INOD 브라우저 세션 시작  (로그인 세션)...
[TradingView] 1H 캡처 완료 (60)
[TradingView] 4H 캡처 완료 (240)
[TradingView] Daily 캡처 완료 (D)
[TradingView] Weekly 캡처 완료 (W)
[TradingView] Monthly 캡처 완료 (M)
[[NASDAQ/NYSE 차트분석]] INOD 차트 5개 처리 완료
[TradingView] GKOS 브라우저 세션 시작  (로그인 세션)...
[TradingView] 1H 캡처 완료 (60)
[TradingView] 4H 캡처 완료 (240)
[TradingView] Daily 캡처 완료 (D)
[TradingView] Weekly 캡처 완료 (W)
[TradingView] Monthly 캡처 완료 (M)
[[NASDAQ/NYSE 차트분석]] GKOS 차트 5개 처리 완료
[TradingView] DNTH 브라우저 세션 시작  (로그인 세션)...
[TradingView] 1H 캡처 완료 (60)
[TradingView] 4H 캡처 완료 (240)
[TradingView] Daily 캡처 완료 (D)
[TradingView] Weekly 캡처 완료 (W)
[TradingView] Monthly 캡처 완료 (M)
[[NASDAQ/NYSE 차트분석]] DNTH 차트 5개 처리 완료
[TradingView] ROST 브라우저 세션 시작  (로그인 세션)...
[TradingView] 1H 캡처 완료 (60)
[TradingView] 4H 캡처 완료 (240)
[TradingView] Daily 캡처 완료 (D)
[TradingView] Weekly 캡처 완료 (W)
[TradingView] Monthly 캡처 완료 (M)
[[NASDAQ/NYSE 차트분석]] ROST 차트 5개 처리 완료
[TradingView] WKC 브라우저 세션 시작  (로그인 세션)...
[TradingView] 1H 캡처 완료 (60)
[TradingView] 4H 캡처 완료 (240)
[TradingView] Daily 캡처 완료 (D)
[TradingView] Weekly 캡처 완료 (W)
[TradingView] Monthly 캡처 완료 (M)
[[NASDAQ/NYSE 차트분석]] WKC 차트 5개 처리 완료
[TradingView] SKYQ 브라우저 세션 시작  (로그인 세션)...
[TradingView] 1H 캡처 완료 (60)
[TradingView] 4H 캡처 완료 (240)
[TradingView] Daily 캡처 완료 (D)
[TradingView] Weekly 캡처 완료 (W)
[TradingView] Monthly 캡처 완료 (M)
[[NASDAQ/NYSE 차트분석]] SKYQ 차트 5개 처리 완료
[TradingView] AN 브라우저 세션 시작  (로그인 세션)...
[TradingView] 1H 캡처 완료 (60)
[TradingView] 4H 캡처 완료 (240)
[TradingView] Daily 캡처 완료 (D)
[TradingView] Weekly 캡처 완료 (W)
[TradingView] Monthly 캡처 완료 (M)
[[NASDAQ/NYSE 차트분석]] AN 차트 5개 처리 완료
[TradingView] IQV 브라우저 세션 시작  (로그인 세션)...
[TradingView] 1H 캡처 완료 (60)
[TradingView] 4H 캡처 완료 (240)
[TradingView] Daily 캡처 완료 (D)
[TradingView] Weekly 캡처 완료 (W)
[TradingView] Monthly 캡처 완료 (M)
[[NASDAQ/NYSE 차트분석]] IQV 차트 5개 처리 완료
[TradingView] KNSA 브라우저 세션 시작  (로그인 세션)...
[TradingView] 1H 캡처 완료 (60)
[TradingView] 4H 캡처 완료 (240)
[TradingView] Daily 캡처 완료 (D)
[TradingView] Weekly 캡처 완료 (W)
[TradingView] Monthly 캡처 완료 (M)
[[NASDAQ/NYSE 차트분석]] KNSA 차트 5개 처리 완료
[TradingView] LAD 브라우저 세션 시작  (로그인 세션)...
[TradingView] 1H 캡처 완료 (60)
[TradingView] 4H 캡처 완료 (240)
[TradingView] Daily 캡처 완료 (D)
[TradingView] Weekly 캡처 완료 (W)
[TradingView] Monthly 캡처 완료 (M)
[[NASDAQ/NYSE 차트분석]] LAD 차트 5개 처리 완료
[TradingView] KEEL 브라우저 세션 시작  (로그인 세션)...
[TradingView] 1H 캡처 완료 (60)
[TradingView] 4H 캡처 완료 (240)
[TradingView] Daily 캡처 완료 (D)
[TradingView] Weekly 캡처 완료 (W)
[TradingView] Monthly 캡처 완료 (M)
[[NASDAQ/NYSE 차트분석]] KEEL 차트 5개 처리 완료
[TradingView] DBX 브라우저 세션 시작  (로그인 세션)...
[TradingView] 1H 캡처 완료 (60)
[TradingView] 4H 캡처 완료 (240)
[TradingView] Daily 캡처 완료 (D)
[TradingView] Weekly 캡처 완료 (W)
[TradingView] Monthly 캡처 완료 (M)
[[NASDAQ/NYSE 차트분석]] DBX 차트 5개 처리 완료
[TradingView] MTN 브라우저 세션 시작  (로그인 세션)...
[TradingView] 1H 캡처 완료 (60)
[TradingView] 4H 캡처 완료 (240)
[TradingView] Daily 캡처 완료 (D)
[TradingView] Weekly 캡처 완료 (W)
[TradingView] Monthly 캡처 완료 (M)
[[NASDAQ/NYSE 차트분석]] MTN 차트 5개 처리 완료
[TradingView] DFNS 브라우저 세션 시작  (로그인 세션)...
[TradingView] 1H 캡처 완료 (60)
[TradingView] 4H 캡처 완료 (240)
[TradingView] Daily 캡처 완료 (D)
[TradingView] Weekly 캡처 완료 (W)
[TradingView] Monthly 캡처 완료 (M)
[[NASDAQ/NYSE 차트분석]] DFNS 차트 5개 처리 완료
[TradingView] WEX 브라우저 세션 시작  (로그인 세션)...
[TradingView] 1H 캡처 완료 (60)
[TradingView] 4H 캡처 완료 (240)
[TradingView] Daily 캡처 완료 (D)
[TradingView] Weekly 캡처 완료 (W)
[TradingView] Monthly 캡처 완료 (M)
[[NASDAQ/NYSE 차트분석]] WEX 차트 5개 처리 완료
[TradingView] GRMN 브라우저 세션 시작  (로그인 세션)...
[TradingView] 1H 캡처 완료 (60)
[TradingView] 4H 캡처 완료 (240)
[TradingView] Daily 캡처 완료 (D)
[TradingView] Weekly 캡처 완료 (W)
[TradingView] Monthly 캡처 완료 (M)
[[NASDAQ/NYSE 차트분석]] GRMN 차트 5개 처리 완료
[TradingView] THC 브라우저 세션 시작  (로그인 세션)...
[TradingView] 1H 캡처 완료 (60)
[TradingView] 4H 캡처 완료 (240)
[TradingView] Daily 캡처 완료 (D)
[TradingView] Weekly 캡처 완료 (W)
[TradingView] Monthly 캡처 완료 (M)
[[NASDAQ/NYSE 차트분석]] THC 차트 5개 처리 완료
[TradingView] BULL 브라우저 세션 시작  (로그인 세션)...
[TradingView] 1H 캡처 완료 (60)
[TradingView] 4H 캡처 완료 (240)
[TradingView] Daily 캡처 완료 (D)
[TradingView] Weekly 캡처 완료 (W)
[TradingView] Monthly 캡처 완료 (M)
[[NASDAQ/NYSE 차트분석]] BULL 차트 5개 처리 완료
[TradingView] NTSK 브라우저 세션 시작  (로그인 세션)...
[TradingView] 1H 캡처 완료 (60)
[TradingView] 4H 캡처 완료 (240)
[TradingView] Daily 캡처 완료 (D)
[TradingView] Weekly 캡처 완료 (W)
[TradingView] Monthly 캡처 완료 (M)
[[NASDAQ/NYSE 차트분석]] NTSK 차트 5개 처리 완료
[TradingView] ZYBT 브라우저 세션 시작  (로그인 세션)...
[TradingView] 1H 캡처 완료 (60)
[TradingView] 4H 캡처 완료 (240)
[TradingView] Daily 캡처 완료 (D)
[TradingView] Weekly 캡처 완료 (W)
[TradingView] Monthly 캡처 완료 (M)
[[NASDAQ/NYSE 차트분석]] ZYBT 차트 5개 처리 완료
[TradingView] IREN 브라우저 세션 시작  (로그인 세션)...
[TradingView] 1H 캡처 완료 (60)
[TradingView] 4H 캡처 완료 (240)
[TradingView] Daily 캡처 완료 (D)
[TradingView] Weekly 캡처 완료 (W)
[TradingView] Monthly 캡처 완료 (M)
[[NASDAQ/NYSE 차트분석]] IREN 차트 5개 처리 완료
[TradingView] HIMS 브라우저 세션 시작  (로그인 세션)...
[TradingView] 1H 캡처 완료 (60)
[TradingView] 4H 캡처 완료 (240)
[TradingView] Daily 캡처 완료 (D)
[TradingView] Weekly 캡처 완료 (W)
[TradingView] Monthly 캡처 완료 (M)
[[NASDAQ/NYSE 차트분석]] HIMS 차트 5개 처리 완료
[TradingView] BAND 브라우저 세션 시작  (로그인 세션)...
[TradingView] 1H 캡처 완료 (60)
[TradingView] 4H 캡처 완료 (240)
[TradingView] Daily 캡처 완료 (D)
[TradingView] Weekly 캡처 완료 (W)
[TradingView] Monthly 캡처 완료 (M)
[[NASDAQ/NYSE 차트분석]] BAND 차트 5개 처리 완료
[TradingView] RNG 브라우저 세션 시작  (로그인 세션)...
[TradingView] 1H 캡처 완료 (60)
[TradingView] 4H 캡처 완료 (240)
[TradingView] Daily 캡처 완료 (D)
[TradingView] Weekly 캡처 완료 (W)
[TradingView] Monthly 캡처 완료 (M)
[[NASDAQ/NYSE 차트분석]] RNG 차트 5개 처리 완료
[TradingView] BTDR 브라우저 세션 시작  (로그인 세션)...
[TradingView] 1H 캡처 완료 (60)
[TradingView] 4H 캡처 완료 (240)
[TradingView] Daily 캡처 완료 (D)
[TradingView] Weekly 캡처 완료 (W)
[TradingView] Monthly 캡처 완료 (M)
[[NASDAQ/NYSE 차트분석]] BTDR 차트 5개 처리 완료
[TradingView] CAR 브라우저 세션 시작  (로그인 세션)...
[TradingView] 1H 캡처 완료 (60)
[TradingView] 4H 캡처 완료 (240)
[TradingView] Daily 캡처 완료 (D)
[TradingView] Weekly 캡처 완료 (W)
[TradingView] Monthly 캡처 완료 (M)
[[NASDAQ/NYSE 차트분석]] CAR 차트 5개 처리 완료
[TradingView] FIG 브라우저 세션 시작  (로그인 세션)...
[TradingView] 1H 캡처 완료 (60)
[TradingView] 4H 캡처 완료 (240)
[TradingView] Daily 캡처 완료 (D)
[TradingView] Weekly 캡처 완료 (W)
[TradingView] Monthly 캡처 완료 (M)
[[NASDAQ/NYSE 차트분석]] FIG 차트 5개 처리 완료
[TradingView] DUOL 브라우저 세션 시작  (로그인 세션)...
[TradingView] 1H 캡처 완료 (60)
[TradingView] 4H 캡처 완료 (240)
[TradingView] Daily 캡처 완료 (D)
[TradingView] Weekly 캡처 완료 (W)
[TradingView] Monthly 캡처 완료 (M)
[[NASDAQ/NYSE 차트분석]] DUOL 차트 5개 처리 완료
[TradingView] LEGN 브라우저 세션 시작  (로그인 세션)...
[TradingView] 1H 캡처 완료 (60)
[TradingView] 4H 캡처 완료 (240)
[TradingView] Daily 캡처 완료 (D)
[TradingView] Weekly 캡처 완료 (W)
[TradingView] Monthly 캡처 완료 (M)
[[NASDAQ/NYSE 차트분석]] LEGN 차트 5개 처리 완료
[TradingView] IONQ 브라우저 세션 시작  (로그인 세션)...
[TradingView] 1H 캡처 완료 (60)
[TradingView] 4H 캡처 완료 (240)
[TradingView] Daily 캡처 완료 (D)
[TradingView] Weekly 캡처 완료 (W)
[TradingView] Monthly 캡처 완료 (M)
[[NASDAQ/NYSE 차트분석]] IONQ 차트 5개 처리 완료
[TradingView] RDW 브라우저 세션 시작  (로그인 세션)...
[TradingView] 1H 캡처 완료 (60)
[TradingView] 4H 캡처 완료 (240)
[TradingView] Daily 캡처 완료 (D)
[TradingView] Weekly 캡처 완료 (W)
[TradingView] Monthly 캡처 완료 (M)
[[NASDAQ/NYSE 차트분석]] RDW 차트 5개 처리 완료
[TradingView] QBTS 브라우저 세션 시작  (로그인 세션)...
[TradingView] 1H 캡처 완료 (60)
[TradingView] 4H 캡처 완료 (240)
[TradingView] Daily 캡처 완료 (D)
[TradingView] Weekly 캡처 완료 (W)
[TradingView] Monthly 캡처 완료 (M)
[[NASDAQ/NYSE 차트분석]] QBTS 차트 5개 처리 완료
[TradingView] VOYG 브라우저 세션 시작  (로그인 세션)...
[TradingView] 1H 캡처 완료 (60)
[TradingView] 4H 캡처 완료 (240)
[TradingView] Daily 캡처 완료 (D)
[TradingView] Weekly 캡처 완료 (W)
[TradingView] Monthly 캡처 완료 (M)
[[NASDAQ/NYSE 차트분석]] VOYG 차트 5개 처리 완료
[TradingView] WYFI 브라우저 세션 시작  (로그인 세션)...
[TradingView] 1H 캡처 완료 (60)
[TradingView] 4H 캡처 완료 (240)
[TradingView] Daily 캡처 완료 (D)
[TradingView] Weekly 캡처 완료 (W)
[TradingView] Monthly 캡처 완료 (M)
[[NASDAQ/NYSE 차트분석]] WYFI 차트 5개 처리 완료
[TradingView] SG 브라우저 세션 시작  (로그인 세션)...
[TradingView] 1H 캡처 완료 (60)
[TradingView] 4H 캡처 완료 (240)
[TradingView] Daily 캡처 완료 (D)
[TradingView] Weekly 캡처 완료 (W)
[TradingView] Monthly 캡처 완료 (M)
[[NASDAQ/NYSE 차트분석]] SG 차트 5개 처리 완료
[TradingView] SMCI 브라우저 세션 시작  (로그인 세션)...
[TradingView] 1H 캡처 완료 (60)
[TradingView] 4H 캡처 완료 (240)
[TradingView] Daily 캡처 완료 (D)
[TradingView] Weekly 캡처 완료 (W)
[TradingView] Monthly 캡처 완료 (M)
[[NASDAQ/NYSE 차트분석]] SMCI 차트 5개 처리 완료
[TradingView] STUB 브라우저 세션 시작  (로그인 세션)...
[TradingView] 1H 캡처 완료 (60)
[TradingView] 4H 캡처 완료 (240)
[TradingView] Daily 캡처 완료 (D)
[TradingView] Weekly 캡처 완료 (W)
[TradingView] Monthly 캡처 완료 (M)
[[NASDAQ/NYSE 차트분석]] STUB 차트 5개 처리 완료
[TradingView] TTMI 브라우저 세션 시작  (로그인 세션)...
[TradingView] 1H 캡처 완료 (60)
[TradingView] 4H 캡처 완료 (240)
[TradingView] Daily 캡처 완료 (D)
[TradingView] Weekly 캡처 완료 (W)
[TradingView] Monthly 캡처 완료 (M)
[[NASDAQ/NYSE 차트분석]] TTMI 차트 5개 처리 완료
[TradingView] PSKY 브라우저 세션 시작  (로그인 세션)...
[TradingView] 1H 캡처 완료 (60)
[TradingView] 4H 캡처 완료 (240)
[TradingView] Daily 캡처 완료 (D)
[TradingView] Weekly 캡처 완료 (W)
[TradingView] Monthly 캡처 완료 (M)
[[NASDAQ/NYSE 차트분석]] PSKY 차트 5개 처리 완료
[TradingView] FRMI 브라우저 세션 시작  (로그인 세션)...
[TradingView] 1H 캡처 완료 (60)
[TradingView] 4H 캡처 완료 (240)
[TradingView] Daily 캡처 완료 (D)
[TradingView] Weekly 캡처 완료 (W)
[TradingView] Monthly 캡처 완료 (M)
[[NASDAQ/NYSE 차트분석]] FRMI 차트 5개 처리 완료
[TradingView] UEC 브라우저 세션 시작  (로그인 세션)...
[TradingView] 1H 캡처 완료 (60)
[TradingView] 4H 캡처 완료 (240)
[TradingView] Daily 캡처 완료 (D)
[TradingView] Weekly 캡처 완료 (W)
[TradingView] Monthly 캡처 완료 (M)
[[NASDAQ/NYSE 차트분석]] UEC 차트 5개 처리 완료
[TradingView] APLD 브라우저 세션 시작  (로그인 세션)...
[TradingView] 1H 캡처 완료 (60)
[TradingView] 4H 캡처 완료 (240)
[TradingView] Daily 캡처 완료 (D)
[TradingView] Weekly 캡처 완료 (W)
[TradingView] Monthly 캡처 완료 (M)
[[NASDAQ/NYSE 차트분석]] APLD 차트 5개 처리 완료
[TradingView] BRUN 브라우저 세션 시작  (로그인 세션)...
[TradingView] 1H 캡처 완료 (60)
[TradingView] 4H 캡처 완료 (240)
[TradingView] Daily 캡처 완료 (D)
[TradingView] Weekly 캡처 완료 (W)
[TradingView] Monthly 캡처 완료 (M)
[[NASDAQ/NYSE 차트분석]] BRUN 차트 5개 처리 완료
[TradingView] MP 브라우저 세션 시작  (로그인 세션)...
[TradingView] 1H 캡처 완료 (60)
[TradingView] 4H 캡처 완료 (240)
[TradingView] Daily 캡처 완료 (D)
[TradingView] Weekly 캡처 완료 (W)
[TradingView] Monthly 캡처 완료 (M)
[[NASDAQ/NYSE 차트분석]] MP 차트 5개 처리 완료
[TradingView] NOK 브라우저 세션 시작  (로그인 세션)...
[TradingView] 1H 캡처 완료 (60)
[TradingView] 4H 캡처 완료 (240)
[TradingView] Daily 캡처 완료 (D)
[TradingView] Weekly 캡처 완료 (W)
[TradingView] Monthly 캡처 완료 (M)
[[NASDAQ/NYSE 차트분석]] NOK 차트 5개 처리 완료
[TradingView] PLUG 브라우저 세션 시작  (로그인 세션)...
[TradingView] 1H 캡처 완료 (60)
[TradingView] 4H 캡처 완료 (240)
[TradingView] Daily 캡처 완료 (D)
[TradingView] Weekly 캡처 완료 (W)
[TradingView] Monthly 캡처 완료 (M)
[[NASDAQ/NYSE 차트분석]] PLUG 차트 5개 처리 완료
[TradingView] QUBT 브라우저 세션 시작  (로그인 세션)...
[TradingView] 1H 캡처 완료 (60)
[TradingView] 4H 캡처 완료 (240)
[TradingView] Daily 캡처 완료 (D)
[TradingView] Weekly 캡처 완료 (W)
[TradingView] Monthly 캡처 완료 (M)
[[NASDAQ/NYSE 차트분석]] QUBT 차트 5개 처리 완료
[TradingView] TE 브라우저 세션 시작  (로그인 세션)...
[TradingView] 1H 캡처 완료 (60)
[TradingView] 4H 캡처 완료 (240)
[TradingView] Daily 캡처 완료 (D)
[TradingView] Weekly 캡처 완료 (W)
[TradingView] Monthly 캡처 완료 (M)
[[NASDAQ/NYSE 차트분석]] TE 차트 5개 처리 완료
[TradingView] USAR 브라우저 세션 시작  (로그인 세션)...
[TradingView] 1H 캡처 완료 (60)
[TradingView] 4H 캡처 완료 (240)
[TradingView] Daily 캡처 완료 (D)
[TradingView] Weekly 캡처 완료 (W)
[TradingView] Monthly 캡처 완료 (M)
[[NASDAQ/NYSE 차트분석]] USAR 차트 5개 처리 완료
[TradingView] BE 브라우저 세션 시작  (로그인 세션)...
[TradingView] 1H 캡처 완료 (60)
[TradingView] 4H 캡처 완료 (240)
[TradingView] Daily 캡처 완료 (D)
[TradingView] Weekly 캡처 완료 (W)
[TradingView] Monthly 캡처 완료 (M)
[[NASDAQ/NYSE 차트분석]] BE 차트 5개 처리 완료
[TradingView] NVTS 브라우저 세션 시작  (로그인 세션)...
[TradingView] 1H 캡처 완료 (60)
[TradingView] 4H 캡처 완료 (240)
[TradingView] Daily 캡처 완료 (D)
[TradingView] Weekly 캡처 완료 (W)
[TradingView] Monthly 캡처 완료 (M)
[[NASDAQ/NYSE 차트분석]] NVTS 차트 5개 처리 완료
[TradingView] VICR 브라우저 세션 시작  (로그인 세션)...
[TradingView] 1H 캡처 완료 (60)
[TradingView] 4H 캡처 완료 (240)
[TradingView] Daily 캡처 완료 (D)
[TradingView] Weekly 캡처 완료 (W)
[TradingView] Monthly 캡처 완료 (M)
[[NASDAQ/NYSE 차트분석]] VICR 차트 5개 처리 완료
[TradingView] LUNR 브라우저 세션 시작  (로그인 세션)...
[TradingView] 1H 캡처 완료 (60)
[TradingView] 4H 캡처 완료 (240)
[TradingView] Daily 캡처 완료 (D)
[TradingView] Weekly 캡처 완료 (W)
[TradingView] Monthly 캡처 완료 (M)
[[NASDAQ/NYSE 차트분석]] LUNR 차트 5개 처리 완료
[TradingView] BBAI 브라우저 세션 시작  (로그인 세션)...
[TradingView] 1H 캡처 완료 (60)
[TradingView] 4H 캡처 완료 (240)
[TradingView] Daily 캡처 완료 (D)
[TradingView] Weekly 캡처 완료 (W)
[TradingView] Monthly 캡처 완료 (M)
[[NASDAQ/NYSE 차트분석]] BBAI 차트 5개 처리 완료
[TradingView] CAPR 브라우저 세션 시작  (로그인 세션)...
[TradingView] 1H 캡처 완료 (60)
[TradingView] 4H 캡처 완료 (240)
[TradingView] Daily 캡처 완료 (D)
[TradingView] Weekly 캡처 완료 (W)
[TradingView] Monthly 캡처 완료 (M)
[[NASDAQ/NYSE 차트분석]] CAPR 차트 5개 처리 완료
[TradingView] CRML 브라우저 세션 시작  (로그인 세션)...
[TradingView] 1H 캡처 완료 (60)
[TradingView] 4H 캡처 완료 (240)
[TradingView] Daily 캡처 완료 (D)
[TradingView] Weekly 캡처 완료 (W)
[TradingView] Monthly 캡처 완료 (M)
[[NASDAQ/NYSE 차트분석]] CRML 차트 5개 처리 완료
[TradingView] HTZ 브라우저 세션 시작  (로그인 세션)...
[TradingView] 1H 캡처 완료 (60)
[TradingView] 4H 캡처 완료 (240)
[TradingView] Daily 캡처 완료 (D)
[TradingView] Weekly 캡처 완료 (W)
[TradingView] Monthly 캡처 완료 (M)
[[NASDAQ/NYSE 차트분석]] HTZ 차트 5개 처리 완료
[TradingView] LAES 브라우저 세션 시작  (로그인 세션)...
[TradingView] 1H 캡처 완료 (60)
[TradingView] 4H 캡처 완료 (240)
[TradingView] Daily 캡처 완료 (D)
[TradingView] Weekly 캡처 완료 (W)
[TradingView] Monthly 캡처 완료 (M)
[[NASDAQ/NYSE 차트분석]] LAES 차트 5개 처리 완료
[TradingView] PL 브라우저 세션 시작  (로그인 세션)...
[TradingView] 1H 캡처 완료 (60)
[TradingView] 4H 캡처 완료 (240)
[TradingView] Daily 캡처 완료 (D)
[TradingView] Weekly 캡처 완료 (W)
[TradingView] Monthly 캡처 완료 (M)
[[NASDAQ/NYSE 차트분석]] PL 차트 5개 처리 완료
[TradingView] RKLB 브라우저 세션 시작  (로그인 세션)...
[TradingView] 1H 캡처 완료 (60)
[TradingView] 4H 캡처 완료 (240)
[TradingView] Daily 캡처 완료 (D)
[TradingView] Weekly 캡처 완료 (W)
[TradingView] Monthly 캡처 완료 (M)
[[NASDAQ/NYSE 차트분석]] RKLB 차트 5개 처리 완료
[TradingView] ASTS 브라우저 세션 시작  (로그인 세션)...
[TradingView] 1H 캡처 완료 (60)
[TradingView] 4H 캡처 완료 (240)
[TradingView] Daily 캡처 완료 (D)
[TradingView] Weekly 캡처 완료 (W)
[TradingView] Monthly 캡처 완료 (M)
[[NASDAQ/NYSE 차트분석]] ASTS 차트 5개 처리 완료
[TradingView] ENPH 브라우저 세션 시작  (로그인 세션)...
[TradingView] 1H 캡처 완료 (60)
[TradingView] 4H 캡처 완료 (240)
[TradingView] Daily 캡처 완료 (D)
[TradingView] Weekly 캡처 완료 (W)
[TradingView] Monthly 캡처 완료 (M)
[[NASDAQ/NYSE 차트분석]] ENPH 차트 5개 처리 완료
[TradingView] FLY 브라우저 세션 시작  (로그인 세션)...
[TradingView] 1H 캡처 완료 (60)
[TradingView] 4H 캡처 완료 (240)
[TradingView] Daily 캡처 완료 (D)
[TradingView] Weekly 캡처 완료 (W)
[TradingView] Monthly 캡처 완료 (M)
[[NASDAQ/NYSE 차트분석]] FLY 차트 5개 처리 완료
[TradingView] GLW 브라우저 세션 시작  (로그인 세션)...
[TradingView] 1H 캡처 완료 (60)
[TradingView] 4H 캡처 완료 (240)
[TradingView] Daily 캡처 완료 (D)
[TradingView] Weekly 캡처 완료 (W)
[TradingView] Monthly 캡처 완료 (M)
[[NASDAQ/NYSE 차트분석]] GLW 차트 5개 처리 완료
[TradingView] MIR 브라우저 세션 시작  (로그인 세션)...
[TradingView] 1H 캡처 완료 (60)
[TradingView] 4H 캡처 완료 (240)
[TradingView] Daily 캡처 완료 (D)
[TradingView] Weekly 캡처 완료 (W)
[TradingView] Monthly 캡처 완료 (M)
[[NASDAQ/NYSE 차트분석]] MIR 차트 5개 처리 완료
[TradingView] RGTI 브라우저 세션 시작  (로그인 세션)...
[TradingView] 1H 캡처 완료 (60)
[TradingView] 4H 캡처 완료 (240)
[TradingView] Daily 캡처 완료 (D)
[TradingView] Weekly 캡처 완료 (W)
[TradingView] Monthly 캡처 완료 (M)
[[NASDAQ/NYSE 차트분석]] RGTI 차트 5개 처리 완료
[TradingView] SNDK 브라우저 세션 시작  (로그인 세션)...
[TradingView] 1H 캡처 완료 (60)
[TradingView] 4H 캡처 완료 (240)
[TradingView] Daily 캡처 완료 (D)
[TradingView] Weekly 캡처 완료 (W)
[TradingView] Monthly 캡처 완료 (M)
[[NASDAQ/NYSE 차트분석]] SNDK 차트 5개 처리 완료
[TradingView] BLDR 브라우저 세션 시작  (로그인 세션)...
[TradingView] 1H 캡처 완료 (60)
[TradingView] 4H 캡처 완료 (240)
[TradingView] Daily 캡처 완료 (D)
[TradingView] Weekly 캡처 완료 (W)
[TradingView] Monthly 캡처 완료 (M)
[[NASDAQ/NYSE 차트분석]] BLDR 차트 5개 처리 완료
[TradingView] CAI 브라우저 세션 시작  (로그인 세션)...
[TradingView] 1H 캡처 완료 (60)
[TradingView] 4H 캡처 완료 (240)
[TradingView] Daily 캡처 완료 (D)
[TradingView] Weekly 캡처 완료 (W)
[TradingView] Monthly 캡처 완료 (M)
[[NASDAQ/NYSE 차트분석]] CAI 차트 5개 처리 완료
[TradingView] EQX 브라우저 세션 시작  (로그인 세션)...
[TradingView] 1H 캡처 완료 (60)
[TradingView] 4H 캡처 완료 (240)
[TradingView] Daily 캡처 완료 (D)
[TradingView] Weekly 캡처 완료 (W)
[TradingView] Monthly 캡처 완료 (M)
[[NASDAQ/NYSE 차트분석]] EQX 차트 5개 처리 완료
[TradingView] NTLA 브라우저 세션 시작  (로그인 세션)...
[TradingView] 1H 캡처 완료 (60)
[TradingView] 4H 캡처 완료 (240)
[TradingView] Daily 캡처 완료 (D)
[TradingView] Weekly 캡처 완료 (W)
[TradingView] Monthly 캡처 완료 (M)
[[NASDAQ/NYSE 차트분석]] NTLA 차트 5개 처리 완료
[TradingView] ORCL 브라우저 세션 시작  (로그인 세션)...
[TradingView] 1H 캡처 완료 (60)
[TradingView] 4H 캡처 완료 (240)
[TradingView] Daily 캡처 완료 (D)
[TradingView] Weekly 캡처 완료 (W)
[TradingView] Monthly 캡처 완료 (M)
[[NASDAQ/NYSE 차트분석]] ORCL 차트 5개 처리 완료
[TradingView] OKLO 브라우저 세션 시작  (로그인 세션)...
[TradingView] 1H 캡처 완료 (60)
[TradingView] 4H 캡처 완료 (240)
[TradingView] Daily 캡처 완료 (D)
[TradingView] Weekly 캡처 완료 (W)
[TradingView] Monthly 캡처 완료 (M)
[[NASDAQ/NYSE 차트분석]] OKLO 차트 5개 처리 완료
[TradingView] UUUU 브라우저 세션 시작  (로그인 세션)...
[TradingView] 1H 캡처 완료 (60)
[TradingView] 4H 캡처 완료 (240)
[TradingView] Daily 캡처 완료 (D)
[TradingView] Weekly 캡처 완료 (W)
[TradingView] Monthly 캡처 완료 (M)
[[NASDAQ/NYSE 차트분석]] UUUU 차트 5개 처리 완료
[TradingView] KRMN 브라우저 세션 시작  (로그인 세션)...
[TradingView] 1H 캡처 완료 (60)
[TradingView] 4H 캡처 완료 (240)
[TradingView] Daily 캡처 완료 (D)
[TradingView] Weekly 캡처 완료 (W)
[TradingView] Monthly 캡처 완료 (M)
[[NASDAQ/NYSE 차트분석]] KRMN 차트 5개 처리 완료
[TradingView] LEU 브라우저 세션 시작  (로그인 세션)...
[TradingView] 1H 캡처 완료 (60)
[TradingView] 4H 캡처 완료 (240)
[TradingView] Daily 캡처 완료 (D)
[TradingView] Weekly 캡처 완료 (W)
[TradingView] Monthly 캡처 완료 (M)
[[NASDAQ/NYSE 차트분석]] LEU 차트 5개 처리 완료
[TradingView] JOBY 브라우저 세션 시작  (로그인 세션)...
[TradingView] 1H 캡처 완료 (60)
[TradingView] 4H 캡처 완료 (240)
[TradingView] Daily 캡처 완료 (D)
[TradingView] Weekly 캡처 완료 (W)
[TradingView] Monthly 캡처 완료 (M)
[[NASDAQ/NYSE 차트분석]] JOBY 차트 5개 처리 완료
[TradingView] KTOS 브라우저 세션 시작  (로그인 세션)...
[TradingView] 1H 캡처 완료 (60)
[TradingView] 4H 캡처 완료 (240)
[TradingView] Daily 캡처 완료 (D)
[TradingView] Weekly 캡처 완료 (W)
[TradingView] Monthly 캡처 완료 (M)
[[NASDAQ/NYSE 차트분석]] KTOS 차트 5개 처리 완료
[TradingView] ONDS 브라우저 세션 시작  (로그인 세션)...
[TradingView] 1H 캡처 완료 (60)
[TradingView] 4H 캡처 완료 (240)
[TradingView] Daily 캡처 완료 (D)
[TradingView] Weekly 캡처 완료 (W)
[TradingView] Monthly 캡처 완료 (M)
[[NASDAQ/NYSE 차트분석]] ONDS 차트 5개 처리 완료
[TradingView] POET 브라우저 세션 시작  (로그인 세션)...
[TradingView] 1H 캡처 완료 (60)
[TradingView] 4H 캡처 완료 (240)
[TradingView] Daily 캡처 완료 (D)
[TradingView] Weekly 캡처 완료 (W)
[TradingView] Monthly 캡처 완료 (M)
[[NASDAQ/NYSE 차트분석]] POET 차트 5개 처리 완료
[TradingView] QS 브라우저 세션 시작  (로그인 세션)...
[TradingView] 1H 캡처 완료 (60)
[TradingView] 4H 캡처 완료 (240)
[TradingView] Daily 캡처 완료 (D)
[TradingView] Weekly 캡처 완료 (W)
[TradingView] Monthly 캡처 완료 (M)
[[NASDAQ/NYSE 차트분석]] QS 차트 5개 처리 완료
[TradingView] RCAT 브라우저 세션 시작  (로그인 세션)...
[TradingView] 1H 캡처 완료 (60)
[TradingView] 4H 캡처 완료 (240)
[TradingView] Daily 캡처 완료 (D)
[TradingView] Weekly 캡처 완료 (W)
[TradingView] Monthly 캡처 완료 (M)
[[NASDAQ/NYSE 차트분석]] RCAT 차트 5개 처리 완료
[TradingView] SMMT 브라우저 세션 시작  (로그인 세션)...
[TradingView] 1H 캡처 완료 (60)
[TradingView] 4H 캡처 완료 (240)
[TradingView] Daily 캡처 완료 (D)
[TradingView] Weekly 캡처 완료 (W)
[TradingView] Monthly 캡처 완료 (M)
[[NASDAQ/NYSE 차트분석]] SMMT 차트 5개 처리 완료
[TradingView] SYM 브라우저 세션 시작  (로그인 세션)...
[TradingView] 1H 캡처 완료 (60)
[TradingView] 4H 캡처 완료 (240)
[TradingView] Daily 캡처 완료 (D)
[TradingView] Weekly 캡처 완료 (W)
[TradingView] Monthly 캡처 완료 (M)
[[NASDAQ/NYSE 차트분석]] SYM 차트 5개 처리 완료
[[NASDAQ/NYSE 차트분석]] 차트 캡처 완료
[[NASDAQ/NYSE 차트분석]] GitHub에 차트 이미지 푸시 중...
[main 045bbd7] Update NASDAQ/NYSE chart screenshots 1785393183
 1045 files changed, 0 insertions(+), 0 deletions(-)
 delete mode 100644 charts/screenshots_nasdaq/AAOI/AAOI_1H_20260729_063743.png
 delete mode 100644 charts/screenshots_nasdaq/AAOI/AAOI_4H_20260729_063743.png
 delete mode 100644 charts/screenshots_nasdaq/AAOI/AAOI_Daily_20260729_063743.png
 delete mode 100644 charts/screenshots_nasdaq/AAOI/AAOI_Monthly_20260729_063743.png
 delete mode 100644 charts/screenshots_nasdaq/AAOI/AAOI_Weekly_20260729_063743.png
 delete mode 100644 charts/screenshots_nasdaq/AAPL/AAPL_1H_20260729_060110.png
 delete mode 100644 charts/screenshots_nasdaq/AAPL/AAPL_4H_20260729_060110.png
 delete mode 100644 charts/screenshots_nasdaq/AAPL/AAPL_Daily_20260729_060110.png
 delete mode 100644 charts/screenshots_nasdaq/AAPL/AAPL_Monthly_20260729_060110.png
 delete mode 100644 charts/screenshots_nasdaq/AAPL/AAPL_Weekly_20260729_060110.png
 delete mode 100644 charts/screenshots_nasdaq/ACIW/ACIW_1H_20260729_061746.png
 delete mode 100644 charts/screenshots_nasdaq/ACIW/ACIW_4H_20260729_061746.png
 delete mode 100644 charts/screenshots_nasdaq/ACIW/ACIW_Daily_20260729_061746.png
 delete mode 100644 charts/screenshots_nasdaq/ACIW/ACIW_Monthly_20260729_061746.png
 delete mode 100644 charts/screenshots_nasdaq/ACIW/ACIW_Weekly_20260729_061746.png
 delete mode 100644 charts/screenshots_nasdaq/AGEN/AGEN_1H_20260729_060149.png
 create mode 100644 charts/screenshots_nasdaq/AGEN/AGEN_1H_20260730_052609.png
 delete mode 100644 charts/screenshots_nasdaq/AGEN/AGEN_4H_20260729_060149.png
 create mode 100644 charts/screenshots_nasdaq/AGEN/AGEN_4H_20260730_052609.png
 delete mode 100644 charts/screenshots_nasdaq/AGEN/AGEN_Daily_20260729_060149.png
 create mode 100644 charts/screenshots_nasdaq/AGEN/AGEN_Daily_20260730_052609.png
 delete mode 100644 charts/screenshots_nasdaq/AGEN/AGEN_Monthly_20260729_060149.png
 create mode 100644 charts/screenshots_nasdaq/AGEN/AGEN_Monthly_20260730_052609.png
 delete mode 100644 charts/screenshots_nasdaq/AGEN/AGEN_Weekly_20260729_060149.png
 create mode 100644 charts/screenshots_nasdaq/AGEN/AGEN_Weekly_20260730_052609.png
 delete mode 100644 charts/screenshots_nasdaq/AMKR/AMKR_1H_20260729_064702.png
 delete mode 100644 charts/screenshots_nasdaq/AMKR/AMKR_4H_20260729_064702.png
 delete mode 100644 charts/screenshots_nasdaq/AMKR/AMKR_Daily_20260729_064702.png
 delete mode 100644 charts/screenshots_nasdaq/AMKR/AMKR_Monthly_20260729_064702.png
 delete mode 100644 charts/screenshots_nasdaq/AMKR/AMKR_Weekly_20260729_064702.png
 delete mode 100644 charts/screenshots_nasdaq/AMP/AMP_1H_20260729_060229.png
 delete mode 100644 charts/screenshots_nasdaq/AMP/AMP_4H_20260729_060229.png
 delete mode 100644 charts/screenshots_nasdaq/AMP/AMP_Daily_20260729_060229.png
 delete mode 100644 charts/screenshots_nasdaq/AMP/AMP_Monthly_20260729_060229.png
 delete mode 100644 charts/screenshots_nasdaq/AMP/AMP_Weekly_20260729_060229.png
 create mode 100644 charts/screenshots_nasdaq/AN/AN_1H_20260730_054343.png
 create mode 100644 charts/screenshots_nasdaq/AN/AN_4H_20260730_054343.png
 create mode 100644 charts/screenshots_nasdaq/AN/AN_Daily_20260730_054343.png
 create mode 100644 charts/screenshots_nasdaq/AN/AN_Monthly_20260730_054343.png
 create mode 100644 charts/screenshots_nasdaq/AN/AN_Weekly_20260730_054343.png
 create mode 100644 charts/screenshots_nasdaq/APLD/APLD_1H_20260730_060547.png
 create mode 100644 charts/screenshots_nasdaq/APLD/APLD_4H_20260730_060547.png
 create mode 100644 charts/screenshots_nasdaq/APLD/APLD_Daily_20260730_060547.png
 create mode 100644 charts/screenshots_nasdaq/APLD/APLD_Monthly_20260730_060547.png
 create mode 100644 charts/screenshots_nasdaq/APLD/APLD_Weekly_20260730_060547.png
 delete mode 100644 charts/screenshots_nasdaq/ARRY/ARRY_1H_20260729_064142.png
 delete mode 100644 charts/screenshots_nasdaq/ARRY/ARRY_4H_20260729_064142.png
 delete mode 100644 charts/screenshots_nasdaq/ARRY/ARRY_Daily_20260729_064142.png
 delete mode 100644 charts/screenshots_nasdaq/ARRY/ARRY_Monthly_20260729_064142.png
 delete mode 100644 charts/screenshots_nasdaq/ARRY/ARRY_Weekly_20260729_064142.png
 delete mode 100644 charts/screenshots_nasdaq/ASST/ASST_1H_20260729_064421.png
 delete mode 100644 charts/screenshots_nasdaq/ASST/ASST_4H_20260729_064421.png
 delete mode 100644 charts/screenshots_nasdaq/ASST/ASST_Daily_20260729_064421.png
 delete mode 100644 charts/screenshots_nasdaq/ASST/ASST_Monthly_20260729_064421.png
 delete mode 100644 charts/screenshots_nasdaq/ASST/ASST_Weekly_20260729_064421.png
 delete mode 100644 charts/screenshots_nasdaq/ASTS/ASTS_1H_20260729_064942.png
 create mode 100644 charts/screenshots_nasdaq/ASTS/ASTS_1H_20260730_061746.png
 delete mode 100644 charts/screenshots_nasdaq/ASTS/ASTS_4H_20260729_064942.png
 create mode 100644 charts/screenshots_nasdaq/ASTS/ASTS_4H_20260730_061746.png
 delete mode 100644 charts/screenshots_nasdaq/ASTS/ASTS_Daily_20260729_064942.png
 create mode 100644 charts/screenshots_nasdaq/ASTS/ASTS_Daily_20260730_061746.png
 delete mode 100644 charts/screenshots_nasdaq/ASTS/ASTS_Monthly_20260729_064942.png
 create mode 100644 charts/screenshots_nasdaq/ASTS/ASTS_Monthly_20260730_061746.png
 delete mode 100644 charts/screenshots_nasdaq/ASTS/ASTS_Weekly_20260729_064942.png
 create mode 100644 charts/screenshots_nasdaq/ASTS/ASTS_Weekly_20260730_061746.png
 delete mode 100644 charts/screenshots_nasdaq/ATAI/ATAI_1H_20260729_055950.png
 create mode 100644 charts/screenshots_nasdaq/ATAI/ATAI_1H_20260730_052416.png
 delete mode 100644 charts/screenshots_nasdaq/ATAI/ATAI_4H_20260729_055950.png
 create mode 100644 charts/screenshots_nasdaq/ATAI/ATAI_4H_20260730_052416.png
 delete mode 100644 charts/screenshots_nasdaq/ATAI/ATAI_Daily_20260729_055950.png
 create mode 100644 charts/screenshots_nasdaq/ATAI/ATAI_Daily_20260730_052416.png
 delete mode 100644 charts/screenshots_nasdaq/ATAI/ATAI_Monthly_20260729_055950.png
 create mode 100644 charts/screenshots_nasdaq/ATAI/ATAI_Monthly_20260730_052416.png
 delete mode 100644 charts/screenshots_nasdaq/ATAI/ATAI_Weekly_20260729_055950.png
 create mode 100644 charts/screenshots_nasdaq/ATAI/ATAI_Weekly_20260730_052416.png
 create mode 100644 charts/screenshots_nasdaq/BAND/BAND_1H_20260730_055347.png
 create mode 100644 charts/screenshots_nasdaq/BAND/BAND_4H_20260730_055347.png
 create mode 100644 charts/screenshots_nasdaq/BAND/BAND_Daily_20260730_055347.png
 create mode 100644 charts/screenshots_nasdaq/BAND/BAND_Monthly_20260730_055347.png
 create mode 100644 charts/screenshots_nasdaq/BAND/BAND_Weekly_20260730_055347.png
 delete mode 100644 charts/screenshots_nasdaq/BBAI/BBAI_1H_20260729_064743.png
 create mode 100644 charts/screenshots_nasdaq/BBAI/BBAI_1H_20260730_061322.png
 delete mode 100644 charts/screenshots_nasdaq/BBAI/BBAI_4H_20260729_064743.png
 create mode 100644 charts/screenshots_nasdaq/BBAI/BBAI_4H_20260730_061322.png
 delete mode 100644 charts/screenshots_nasdaq/BBAI/BBAI_Daily_20260729_064743.png
 create mode 100644 charts/screenshots_nasdaq/BBAI/BBAI_Daily_20260730_061322.png
 delete mode 100644 charts/screenshots_nasdaq/BBAI/BBAI_Monthly_20260729_064743.png
 create mode 100644 charts/screenshots_nasdaq/BBAI/BBAI_Monthly_20260730_061322.png
 delete mode 100644 charts/screenshots_nasdaq/BBAI/BBAI_Weekly_20260729_064743.png
 create mode 100644 charts/screenshots_nasdaq/BBAI/BBAI_Weekly_20260730_061322.png
 delete mode 100644 charts/screenshots_nasdaq/BBY/BBY_1H_20260729_060029.png
 create mode 100644 charts/screenshots_nasdaq/BBY/BBY_1H_20260730_052454.png
 delete mode 100644 charts/screenshots_nasdaq/BBY/BBY_4H_20260729_060029.png
 create mode 100644 charts/screenshots_nasdaq/BBY/BBY_4H_20260730_052454.png
 delete mode 100644 charts/screenshots_nasdaq/BBY/BBY_Daily_20260729_060029.png
 create mode 100644 charts/screenshots_nasdaq/BBY/BBY_Daily_20260730_052454.png
 delete mode 100644 charts/screenshots_nasdaq/BBY/BBY_Monthly_20260729_060029.png
 create mode 100644 charts/screenshots_nasdaq/BBY/BBY_Monthly_20260730_052454.png
 delete mode 100644 charts/screenshots_nasdaq/BBY/BBY_Weekly_20260729_060029.png
 create mode 100644 charts/screenshots_nasdaq/BBY/BBY_Weekly_20260730_052454.png
 delete mode 100644 charts/screenshots_nasdaq/BE/BE_1H_20260729_064302.png
 create mode 100644 charts/screenshots_nasdaq/BE/BE_1H_20260730_061050.png
 delete mode 100644 charts/screenshots_nasdaq/BE/BE_4H_20260729_064302.png
 create mode 100644 charts/screenshots_nasdaq/BE/BE_4H_20260730_061050.png
 delete mode 100644 charts/screenshots_nasdaq/BE/BE_Daily_20260729_064302.png
 create mode 100644 charts/screenshots_nasdaq/BE/BE_Daily_20260730_061050.png
 delete mode 100644 charts/screenshots_nasdaq/BE/BE_Monthly_20260729_064302.png
 create mode 100644 charts/screenshots_nasdaq/BE/BE_Monthly_20260730_061050.png
 delete mode 100644 charts/screenshots_nasdaq/BE/BE_Weekly_20260729_064302.png
 create mode 100644 charts/screenshots_nasdaq/BE/BE_Weekly_20260730_061050.png
 create mode 100644 charts/screenshots_nasdaq/BIP/BIP_1H_20260730_052300.png
 create mode 100644 charts/screenshots_nasdaq/BIP/BIP_4H_20260730_052300.png
 create mode 100644 charts/screenshots_nasdaq/BIP/BIP_Daily_20260730_052300.png
 create mode 100644 charts/screenshots_nasdaq/BIP/BIP_Monthly_20260730_052300.png
 create mode 100644 charts/screenshots_nasdaq/BIP/BIP_Weekly_20260730_052300.png
 create mode 100644 charts/screenshots_nasdaq/BLDR/BLDR_1H_20260730_062210.png
 create mode 100644 charts/screenshots_nasdaq/BLDR/BLDR_4H_20260730_062210.png
 create mode 100644 charts/screenshots_nasdaq/BLDR/BLDR_Daily_20260730_062210.png
 create mode 100644 charts/screenshots_nasdaq/BLDR/BLDR_Monthly_20260730_062210.png
 create mode 100644 charts/screenshots_nasdaq/BLDR/BLDR_Weekly_20260730_062210.png
 delete mode 100644 charts/screenshots_nasdaq/BRUN/BRUN_1H_20260729_063943.png
 create mode 100644 charts/screenshots_nasdaq/BRUN/BRUN_1H_20260730_060625.png
 delete mode 100644 charts/screenshots_nasdaq/BRUN/BRUN_4H_20260729_063943.png
 create mode 100644 charts/screenshots_nasdaq/BRUN/BRUN_4H_20260730_060625.png
 delete mode 100644 charts/screenshots_nasdaq/BRUN/BRUN_Daily_20260729_063943.png
 create mode 100644 charts/screenshots_nasdaq/BRUN/BRUN_Daily_20260730_060625.png
 delete mode 100644 charts/screenshots_nasdaq/BRUN/BRUN_Monthly_20260729_063943.png
 create mode 100644 charts/screenshots_nasdaq/BRUN/BRUN_Monthly_20260730_060625.png
 delete mode 100644 charts/screenshots_nasdaq/BRUN/BRUN_Weekly_20260729_063943.png
 create mode 100644 charts/screenshots_nasdaq/BRUN/BRUN_Weekly_20260730_060625.png
 delete mode 100644 charts/screenshots_nasdaq/BTDR/BTDR_1H_20260729_062905.png
 create mode 100644 charts/screenshots_nasdaq/BTDR/BTDR_1H_20260730_055503.png
 delete mode 100644 charts/screenshots_nasdaq/BTDR/BTDR_4H_20260729_062905.png
 create mode 100644 charts/screenshots_nasdaq/BTDR/BTDR_4H_20260730_055503.png
 delete mode 100644 charts/screenshots_nasdaq/BTDR/BTDR_Daily_20260729_062905.png
 create mode 100644 charts/screenshots_nasdaq/BTDR/BTDR_Daily_20260730_055503.png
 delete mode 100644 charts/screenshots_nasdaq/BTDR/BTDR_Monthly_20260729_062905.png
 create mode 100644 charts/screenshots_nasdaq/BTDR/BTDR_Monthly_20260730_055503.png
 delete mode 100644 charts/screenshots_nasdaq/BTDR/BTDR_Weekly_20260729_062905.png
 create mode 100644 charts/screenshots_nasdaq/BTDR/BTDR_Weekly_20260730_055503.png
 delete mode 100644 charts/screenshots_nasdaq/BULL/BULL_1H_20260729_062706.png
 create mode 100644 charts/screenshots_nasdaq/BULL/BULL_1H_20260730_055038.png
 delete mode 100644 charts/screenshots_nasdaq/BULL/BULL_4H_20260729_062706.png
 create mode 100644 charts/screenshots_nasdaq/BULL/BULL_4H_20260730_055038.png
 delete mode 100644 charts/screenshots_nasdaq/BULL/BULL_Daily_20260729_062706.png
 create mode 100644 charts/screenshots_nasdaq/BULL/BULL_Daily_20260730_055038.png
 delete mode 100644 charts/screenshots_nasdaq/BULL/BULL_Monthly_20260729_062706.png
 create mode 100644 charts/screenshots_nasdaq/BULL/BULL_Monthly_20260730_055038.png
 delete mode 100644 charts/screenshots_nasdaq/BULL/BULL_Weekly_20260729_062706.png
 create mode 100644 charts/screenshots_nasdaq/BULL/BULL_Weekly_20260730_055038.png
 delete mode 100644 charts/screenshots_nasdaq/BURL/BURL_1H_20260729_061826.png
 create mode 100644 charts/screenshots_nasdaq/BURL/BURL_1H_20260730_052647.png
 delete mode 100644 charts/screenshots_nasdaq/BURL/BURL_4H_20260729_061826.png
 create mode 100644 charts/screenshots_nasdaq/BURL/BURL_4H_20260730_052647.png
 delete mode 100644 charts/screenshots_nasdaq/BURL/BURL_Daily_20260729_061826.png
 create mode 100644 charts/screenshots_nasdaq/BURL/BURL_Daily_20260730_052647.png
 delete mode 100644 charts/screenshots_nasdaq/BURL/BURL_Monthly_20260729_061826.png
 create mode 100644 charts/screenshots_nasdaq/BURL/BURL_Monthly_20260730_052647.png
 delete mode 100644 charts/screenshots_nasdaq/BURL/BURL_Weekly_20260729_061826.png
 create mode 100644 charts/screenshots_nasdaq/BURL/BURL_Weekly_20260730_052647.png
 create mode 100644 charts/screenshots_nasdaq/CAI/CAI_1H_20260730_062248.png
 create mode 100644 charts/screenshots_nasdaq/CAI/CAI_4H_20260730_062248.png
 create mode 100644 charts/screenshots_nasdaq/CAI/CAI_Daily_20260730_062248.png
 create mode 100644 charts/screenshots_nasdaq/CAI/CAI_Monthly_20260730_062248.png
 create mode 100644 charts/screenshots_nasdaq/CAI/CAI_Weekly_20260730_062248.png
 create mode 100644 charts/screenshots_nasdaq/CAKE/CAKE_1H_20260730_053805.png
 create mode 100644 charts/screenshots_nasdaq/CAKE/CAKE_4H_20260730_053805.png
 create mode 100644 charts/screenshots_nasdaq/CAKE/CAKE_Daily_20260730_053805.png
 create mode 100644 charts/screenshots_nasdaq/CAKE/CAKE_Monthly_20260730_053805.png
 create mode 100644 charts/screenshots_nasdaq/CAKE/CAKE_Weekly_20260730_053805.png
 create mode 100644 charts/screenshots_nasdaq/CAPR/CAPR_1H_20260730_061400.png
 create mode 100644 charts/screenshots_nasdaq/CAPR/CAPR_4H_20260730_061400.png
 create mode 100644 charts/screenshots_nasdaq/CAPR/CAPR_Daily_20260730_061400.png
 create mode 100644 charts/screenshots_nasdaq/CAPR/CAPR_Monthly_20260730_061400.png
 create mode 100644 charts/screenshots_nasdaq/CAPR/CAPR_Weekly_20260730_061400.png
 delete mode 100644 charts/screenshots_nasdaq/CAR/CAR_1H_20260729_063024.png
 create mode 100644 charts/screenshots_nasdaq/CAR/CAR_1H_20260730_055541.png
 delete mode 100644 charts/screenshots_nasdaq/CAR/CAR_4H_20260729_063024.png
 create mode 100644 charts/screenshots_nasdaq/CAR/CAR_4H_20260730_055541.png
 delete mode 100644 charts/screenshots_nasdaq/CAR/CAR_Daily_20260729_063024.png
 create mode 100644 charts/screenshots_nasdaq/CAR/CAR_Daily_20260730_055541.png
 delete mode 100644 charts/screenshots_nasdaq/CAR/CAR_Monthly_20260729_063024.png
 create mode 100644 charts/screenshots_nasdaq/CAR/CAR_Monthly_20260730_055541.png
 delete mode 100644 charts/screenshots_nasdaq/CAR/CAR_Weekly_20260729_063024.png
 create mode 100644 charts/screenshots_nasdaq/CAR/CAR_Weekly_20260730_055541.png
 delete mode 100644 charts/screenshots_nasdaq/CLRO/CLRO_1H_20260729_060550.png
 create mode 100644 charts/screenshots_nasdaq/CLRO/CLRO_1H_20260730_053225.png
 delete mode 100644 charts/screenshots_nasdaq/CLRO/CLRO_4H_20260729_060550.png
 create mode 100644 charts/screenshots_nasdaq/CLRO/CLRO_4H_20260730_053225.png
 delete mode 100644 charts/screenshots_nasdaq/CLRO/CLRO_Daily_20260729_060550.png
 create mode 100644 charts/screenshots_nasdaq/CLRO/CLRO_Daily_20260730_053225.png
 delete mode 100644 charts/screenshots_nasdaq/CLRO/CLRO_Monthly_20260729_060550.png
 create mode 100644 charts/screenshots_nasdaq/CLRO/CLRO_Monthly_20260730_053225.png
 delete mode 100644 charts/screenshots_nasdaq/CLRO/CLRO_Weekly_20260729_060550.png
 create mode 100644 charts/screenshots_nasdaq/CLRO/CLRO_Weekly_20260730_053225.png
 delete mode 100644 charts/screenshots_nasdaq/CPAY/CPAY_1H_20260729_061706.png
 create mode 100644 charts/screenshots_nasdaq/CPAY/CPAY_1H_20260730_053419.png
 delete mode 100644 charts/screenshots_nasdaq/CPAY/CPAY_4H_20260729_061706.png
 create mode 100644 charts/screenshots_nasdaq/CPAY/CPAY_4H_20260730_053419.png
 delete mode 100644 charts/screenshots_nasdaq/CPAY/CPAY_Daily_20260729_061706.png
 create mode 100644 charts/screenshots_nasdaq/CPAY/CPAY_Daily_20260730_053419.png
 delete mode 100644 charts/screenshots_nasdaq/CPAY/CPAY_Monthly_20260729_061706.png
 create mode 100644 charts/screenshots_nasdaq/CPAY/CPAY_Monthly_20260730_053419.png
 delete mode 100644 charts/screenshots_nasdaq/CPAY/CPAY_Weekly_20260729_061706.png
 create mode 100644 charts/screenshots_nasdaq/CPAY/CPAY_Weekly_20260730_053419.png
 delete mode 100644 charts/screenshots_nasdaq/CPHI/CPHI_1H_20260729_062746.png
 create mode 100644 charts/screenshots_nasdaq/CPHI/CPHI_1H_20260730_053920.png
 delete mode 100644 charts/screenshots_nasdaq/CPHI/CPHI_4H_20260729_062746.png
 create mode 100644 charts/screenshots_nasdaq/CPHI/CPHI_4H_20260730_053920.png
 delete mode 100644 charts/screenshots_nasdaq/CPHI/CPHI_Daily_20260729_062746.png
 create mode 100644 charts/screenshots_nasdaq/CPHI/CPHI_Daily_20260730_053920.png
 delete mode 100644 charts/screenshots_nasdaq/CPHI/CPHI_Monthly_20260729_062746.png
 create mode 100644 charts/screenshots_nasdaq/CPHI/CPHI_Monthly_20260730_053920.png
 delete mode 100644 charts/screenshots_nasdaq/CPHI/CPHI_Weekly_20260729_062746.png
 create mode 100644 charts/screenshots_nasdaq/CPHI/CPHI_Weekly_20260730_053920.png
 create mode 100644 charts/screenshots_nasdaq/CRML/CRML_1H_20260730_061438.png
 create mode 100644 charts/screenshots_nasdaq/CRML/CRML_4H_20260730_061438.png
 create mode 100644 charts/screenshots_nasdaq/CRML/CRML_Daily_20260730_061438.png
 create mode 100644 charts/screenshots_nasdaq/CRML/CRML_Monthly_20260730_061438.png
 create mode 100644 charts/screenshots_nasdaq/CRML/CRML_Weekly_20260730_061438.png
 create mode 100644 charts/screenshots_nasdaq/CRNX/CRNX_1H_20260730_053650.png
 create mode 100644 charts/screenshots_nasdaq/CRNX/CRNX_4H_20260730_053650.png
 create mode 100644 charts/screenshots_nasdaq/CRNX/CRNX_Daily_20260730_053650.png
 create mode 100644 charts/screenshots_nasdaq/CRNX/CRNX_Monthly_20260730_053650.png
 create mode 100644 charts/screenshots_nasdaq/CRNX/CRNX_Weekly_20260730_053650.png
 delete mode 100644 charts/screenshots_nasdaq/CRWV/CRWV_1H_20260729_063503.png
 delete mode 100644 charts/screenshots_nasdaq/CRWV/CRWV_4H_20260729_063503.png
 delete mode 100644 charts/screenshots_nasdaq/CRWV/CRWV_Daily_20260729_063503.png
 delete mode 100644 charts/screenshots_nasdaq/CRWV/CRWV_Monthly_20260729_063503.png
 delete mode 100644 charts/screenshots_nasdaq/CRWV/CRWV_Weekly_20260729_063503.png
 delete mode 100644 charts/screenshots_nasdaq/DBX/DBX_1H_20260729_061028.png
 create mode 100644 charts/screenshots_nasdaq/DBX/DBX_1H_20260730_054653.png
 delete mode 100644 charts/screenshots_nasdaq/DBX/DBX_4H_20260729_061028.png
 create mode 100644 charts/screenshots_nasdaq/DBX/DBX_4H_20260730_054653.png
 delete mode 100644 charts/screenshots_nasdaq/DBX/DBX_Daily_20260729_061028.png
 create mode 100644 charts/screenshots_nasdaq/DBX/DBX_Daily_20260730_054653.png
 delete mode 100644 charts/screenshots_nasdaq/DBX/DBX_Monthly_20260729_061028.png
 create mode 100644 charts/screenshots_nasdaq/DBX/DBX_Monthly_20260730_054653.png
 delete mode 100644 charts/screenshots_nasdaq/DBX/DBX_Weekly_20260729_061028.png
 create mode 100644 charts/screenshots_nasdaq/DBX/DBX_Weekly_20260730_054653.png
 create mode 100644 charts/screenshots_nasdaq/DFNS/DFNS_1H_20260730_054809.png
 create mode 100644 charts/screenshots_nasdaq/DFNS/DFNS_4H_20260730_054809.png
 create mode 100644 charts/screenshots_nasdaq/DFNS/DFNS_Daily_20260730_054809.png
 create mode 100644 charts/screenshots_nasdaq/DFNS/DFNS_Monthly_20260730_054809.png
 create mode 100644 charts/screenshots_nasdaq/DFNS/DFNS_Weekly_20260730_054809.png
 delete mode 100644 charts/screenshots_nasdaq/DINO/DINO_1H_20260729_055553.png
 create mode 100644 charts/screenshots_nasdaq/DINO/DINO_1H_20260730_052144.png
 delete mode 100644 charts/screenshots_nasdaq/DINO/DINO_4H_20260729_055553.png
 create mode 100644 charts/screenshots_nasdaq/DINO/DINO_4H_20260730_052144.png
 delete mode 100644 charts/screenshots_nasdaq/DINO/DINO_Daily_20260729_055553.png
 create mode 100644 charts/screenshots_nasdaq/DINO/DINO_Daily_20260730_052144.png
 delete mode 100644 charts/screenshots_nasdaq/DINO/DINO_Monthly_20260729_055553.png
 create mode 100644 charts/screenshots_nasdaq/DINO/DINO_Monthly_20260730_052144.png
 delete mode 100644 charts/screenshots_nasdaq/DINO/DINO_Weekly_20260729_055553.png
 create mode 100644 charts/screenshots_nasdaq/DINO/DINO_Weekly_20260730_052144.png
 create mode 100644 charts/screenshots_nasdaq/DK/DK_1H_20260730_052107.png
 create mode 100644 charts/screenshots_nasdaq/DK/DK_4H_20260730_052107.png
 create mode 100644 charts/screenshots_nasdaq/DK/DK_Daily_20260730_052107.png
 create mode 100644 charts/screenshots_nasdaq/DK/DK_Monthly_20260730_052107.png
 create mode 100644 charts/screenshots_nasdaq/DK/DK_Weekly_20260730_052107.png
 create mode 100644 charts/screenshots_nasdaq/DNTH/DNTH_1H_20260730_054113.png
 create mode 100644 charts/screenshots_nasdaq/DNTH/DNTH_4H_20260730_054113.png
 create mode 100644 charts/screenshots_nasdaq/DNTH/DNTH_Daily_20260730_054113.png
 create mode 100644 charts/screenshots_nasdaq/DNTH/DNTH_Monthly_20260730_054113.png
 create mode 100644 charts/screenshots_nasdaq/DNTH/DNTH_Weekly_20260730_054113.png
 delete mode 100644 charts/screenshots_nasdaq/DRS/DRS_1H_20260729_061147.png
 delete mode 100644 charts/screenshots_nasdaq/DRS/DRS_4H_20260729_061147.png
 delete mode 100644 charts/screenshots_nasdaq/DRS/DRS_Daily_20260729_061147.png
 delete mode 100644 charts/screenshots_nasdaq/DRS/DRS_Monthly_20260729_061147.png
 delete mode 100644 charts/screenshots_nasdaq/DRS/DRS_Weekly_20260729_061147.png
 delete mode 100644 charts/screenshots_nasdaq/DUOL/DUOL_1H_20260729_063144.png
 create mode 100644 charts/screenshots_nasdaq/DUOL/DUOL_1H_20260730_055657.png
 delete mode 100644 charts/screenshots_nasdaq/DUOL/DUOL_4H_20260729_063144.png
 create mode 100644 charts/screenshots_nasdaq/DUOL/DUOL_4H_20260730_055657.png
 delete mode 100644 charts/screenshots_nasdaq/DUOL/DUOL_Daily_20260729_063144.png
 create mode 100644 charts/screenshots_nasdaq/DUOL/DUOL_Daily_20260730_055657.png
 delete mode 100644 charts/screenshots_nasdaq/DUOL/DUOL_Monthly_20260729_063144.png
 create mode 100644 charts/screenshots_nasdaq/DUOL/DUOL_Monthly_20260730_055657.png
 delete mode 100644 charts/screenshots_nasdaq/DUOL/DUOL_Weekly_20260729_063144.png
 create mode 100644 charts/screenshots_nasdaq/DUOL/DUOL_Weekly_20260730_055657.png
 delete mode 100644 charts/screenshots_nasdaq/DYN/DYN_1H_20260729_060908.png
 create mode 100644 charts/screenshots_nasdaq/DYN/DYN_1H_20260730_052725.png
 delete mode 100644 charts/screenshots_nasdaq/DYN/DYN_4H_20260729_060908.png
 create mode 100644 charts/screenshots_nasdaq/DYN/DYN_4H_20260730_052725.png
 delete mode 100644 charts/screenshots_nasdaq/DYN/DYN_Daily_20260729_060908.png
 create mode 100644 charts/screenshots_nasdaq/DYN/DYN_Daily_20260730_052725.png
 delete mode 100644 charts/screenshots_nasdaq/DYN/DYN_Monthly_20260729_060908.png
 create mode 100644 charts/screenshots_nasdaq/DYN/DYN_Monthly_20260730_052725.png
 delete mode 100644 charts/screenshots_nasdaq/DYN/DYN_Weekly_20260729_060908.png
 create mode 100644 charts/screenshots_nasdaq/DYN/DYN_Weekly_20260730_052725.png
 delete mode 100644 charts/screenshots_nasdaq/EAT/EAT_1H_20260729_060309.png
 create mode 100644 charts/screenshots_nasdaq/EAT/EAT_1H_20260730_052917.png
 delete mode 100644 charts/screenshots_nasdaq/EAT/EAT_4H_20260729_060309.png
 create mode 100644 charts/screenshots_nasdaq/EAT/EAT_4H_20260730_052917.png
 delete mode 100644 charts/screenshots_nasdaq/EAT/EAT_Daily_20260729_060309.png
 create mode 100644 charts/screenshots_nasdaq/EAT/EAT_Daily_20260730_052917.png
 delete mode 100644 charts/screenshots_nasdaq/EAT/EAT_Monthly_20260729_060309.png
 create mode 100644 charts/screenshots_nasdaq/EAT/EAT_Monthly_20260730_052917.png
 delete mode 100644 charts/screenshots_nasdaq/EAT/EAT_Weekly_20260729_060309.png
 create mode 100644 charts/screenshots_nasdaq/EAT/EAT_Weekly_20260730_052917.png
 create mode 100644 charts/screenshots_nasdaq/ENPH/ENPH_1H_20260730_061823.png
 create mode 100644 charts/screenshots_nasdaq/ENPH/ENPH_4H_20260730_061823.png
 create mode 100644 charts/screenshots_nasdaq/ENPH/ENPH_Daily_20260730_061823.png
 create mode 100644 charts/screenshots_nasdaq/ENPH/ENPH_Monthly_20260730_061823.png
 create mode 100644 charts/screenshots_nasdaq/ENPH/ENPH_Weekly_20260730_061823.png
 delete mode 100644 charts/screenshots_nasdaq/EQX/EQX_1H_20260729_065303.png
 create mode 100644 charts/screenshots_nasdaq/EQX/EQX_1H_20260730_062326.png
 delete mode 100644 charts/screenshots_nasdaq/EQX/EQX_4H_20260729_065303.png
 create mode 100644 charts/screenshots_nasdaq/EQX/EQX_4H_20260730_062326.png
 delete mode 100644 charts/screenshots_nasdaq/EQX/EQX_Daily_20260729_065303.png
 create mode 100644 charts/screenshots_nasdaq/EQX/EQX_Daily_20260730_062326.png
 delete mode 100644 charts/screenshots_nasdaq/EQX/EQX_Monthly_20260729_065303.png
 create mode 100644 charts/screenshots_nasdaq/EQX/EQX_Monthly_20260730_062326.png
 delete mode 100644 charts/screenshots_nasdaq/EQX/EQX_Weekly_20260729_065303.png
 create mode 100644 charts/screenshots_nasdaq/EQX/EQX_Weekly_20260730_062326.png
 create mode 100644 charts/screenshots_nasdaq/ETSY/ETSY_1H_20260730_052532.png
 create mode 100644 charts/screenshots_nasdaq/ETSY/ETSY_4H_20260730_052532.png
 create mode 100644 charts/screenshots_nasdaq/ETSY/ETSY_Daily_20260730_052532.png
 create mode 100644 charts/screenshots_nasdaq/ETSY/ETSY_Monthly_20260730_052532.png
 create mode 100644 charts/screenshots_nasdaq/ETSY/ETSY_Weekly_20260730_052532.png
 create mode 100644 charts/screenshots_nasdaq/EXPE/EXPE_1H_20260730_053304.png
 create mode 100644 charts/screenshots_nasdaq/EXPE/EXPE_4H_20260730_053304.png
 create mode 100644 charts/screenshots_nasdaq/EXPE/EXPE_Daily_20260730_053304.png
 create mode 100644 charts/screenshots_nasdaq/EXPE/EXPE_Monthly_20260730_053304.png
 create mode 100644 charts/screenshots_nasdaq/EXPE/EXPE_Weekly_20260730_053304.png
 delete mode 100644 charts/screenshots_nasdaq/FAF/FAF_1H_20260729_061507.png
 delete mode 100644 charts/screenshots_nasdaq/FAF/FAF_4H_20260729_061507.png
 delete mode 100644 charts/screenshots_nasdaq/FAF/FAF_Daily_20260729_061507.png
 delete mode 100644 charts/screenshots_nasdaq/FAF/FAF_Monthly_20260729_061507.png
 delete mode 100644 charts/screenshots_nasdaq/FAF/FAF_Weekly_20260729_061507.png
 delete mode 100644 charts/screenshots_nasdaq/FBRX/FBRX_1H_20260729_062145.png
 create mode 100644 charts/screenshots_nasdaq/FBRX/FBRX_1H_20260730_053843.png
 delete mode 100644 charts/screenshots_nasdaq/FBRX/FBRX_4H_20260729_062145.png
 create mode 100644 charts/screenshots_nasdaq/FBRX/FBRX_4H_20260730_053843.png
 delete mode 100644 charts/screenshots_nasdaq/FBRX/FBRX_Daily_20260729_062145.png
 create mode 100644 charts/screenshots_nasdaq/FBRX/FBRX_Daily_20260730_053843.png
 delete mode 100644 charts/screenshots_nasdaq/FBRX/FBRX_Monthly_20260729_062145.png
 create mode 100644 charts/screenshots_nasdaq/FBRX/FBRX_Monthly_20260730_053843.png
 delete mode 100644 charts/screenshots_nasdaq/FBRX/FBRX_Weekly_20260729_062145.png
 create mode 100644 charts/screenshots_nasdaq/FBRX/FBRX_Weekly_20260730_053843.png
 delete mode 100644 charts/screenshots_nasdaq/FIG/FIG_1H_20260729_063104.png
 create mode 100644 charts/screenshots_nasdaq/FIG/FIG_1H_20260730_055619.png
 delete mode 100644 charts/screenshots_nasdaq/FIG/FIG_4H_20260729_063104.png
 create mode 100644 charts/screenshots_nasdaq/FIG/FIG_4H_20260730_055619.png
 delete mode 100644 charts/screenshots_nasdaq/FIG/FIG_Daily_20260729_063104.png
 create mode 100644 charts/screenshots_nasdaq/FIG/FIG_Daily_20260730_055619.png
 delete mode 100644 charts/screenshots_nasdaq/FIG/FIG_Monthly_20260729_063104.png
 create mode 100644 charts/screenshots_nasdaq/FIG/FIG_Monthly_20260730_055619.png
 delete mode 100644 charts/screenshots_nasdaq/FIG/FIG_Weekly_20260729_063104.png
 create mode 100644 charts/screenshots_nasdaq/FIG/FIG_Weekly_20260730_055619.png
 create mode 100644 charts/screenshots_nasdaq/FIVN/FIVN_1H_20260730_053147.png
 create mode 100644 charts/screenshots_nasdaq/FIVN/FIVN_4H_20260730_053147.png
 create mode 100644 charts/screenshots_nasdaq/FIVN/FIVN_Daily_20260730_053147.png
 create mode 100644 charts/screenshots_nasdaq/FIVN/FIVN_Monthly_20260730_053147.png
 create mode 100644 charts/screenshots_nasdaq/FIVN/FIVN_Weekly_20260730_053147.png
 create mode 100644 charts/screenshots_nasdaq/FLY/FLY_1H_20260730_061901.png
 create mode 100644 charts/screenshots_nasdaq/FLY/FLY_4H_20260730_061901.png
 create mode 100644 charts/screenshots_nasdaq/FLY/FLY_Daily_20260730_061901.png
 create mode 100644 charts/screenshots_nasdaq/FLY/FLY_Monthly_20260730_061901.png
 create mode 100644 charts/screenshots_nasdaq/FLY/FLY_Weekly_20260730_061901.png
 create mode 100644 charts/screenshots_nasdaq/FRMI/FRMI_1H_20260730_060432.png
 create mode 100644 charts/screenshots_nasdaq/FRMI/FRMI_4H_20260730_060432.png
 create mode 100644 charts/screenshots_nasdaq/FRMI/FRMI_Daily_20260730_060432.png
 create mode 100644 charts/screenshots_nasdaq/FRMI/FRMI_Monthly_20260730_060432.png
 create mode 100644 charts/screenshots_nasdaq/FRMI/FRMI_Weekly_20260730_060432.png
 delete mode 100644 charts/screenshots_nasdaq/GGB/GGB_1H_20260729_060350.png
 create mode 100644 charts/screenshots_nasdaq/GGB/GGB_1H_20260730_052803.png
 delete mode 100644 charts/screenshots_nasdaq/GGB/GGB_4H_20260729_060350.png
 create mode 100644 charts/screenshots_nasdaq/GGB/GGB_4H_20260730_052803.png
 delete mode 100644 charts/screenshots_nasdaq/GGB/GGB_Daily_20260729_060350.png
 create mode 100644 charts/screenshots_nasdaq/GGB/GGB_Daily_20260730_052803.png
 delete mode 100644 charts/screenshots_nasdaq/GGB/GGB_Monthly_20260729_060350.png
 create mode 100644 charts/screenshots_nasdaq/GGB/GGB_Monthly_20260730_052803.png
 delete mode 100644 charts/screenshots_nasdaq/GGB/GGB_Weekly_20260729_060350.png
 create mode 100644 charts/screenshots_nasdaq/GGB/GGB_Weekly_20260730_052803.png
 create mode 100644 charts/screenshots_nasdaq/GKOS/GKOS_1H_20260730_054035.png
 create mode 100644 charts/screenshots_nasdaq/GKOS/GKOS_4H_20260730_054035.png
 create mode 100644 charts/screenshots_nasdaq/GKOS/GKOS_Daily_20260730_054035.png
 create mode 100644 charts/screenshots_nasdaq/GKOS/GKOS_Monthly_20260730_054035.png
 create mode 100644 charts/screenshots_nasdaq/GKOS/GKOS_Weekly_20260730_054035.png
 create mode 100644 charts/screenshots_nasdaq/GLW/GLW_1H_20260730_061939.png
 create mode 100644 charts/screenshots_nasdaq/GLW/GLW_4H_20260730_061939.png
 create mode 100644 charts/screenshots_nasdaq/GLW/GLW_Daily_20260730_061939.png
 create mode 100644 charts/screenshots_nasdaq/GLW/GLW_Monthly_20260730_061939.png
 create mode 100644 charts/screenshots_nasdaq/GLW/GLW_Weekly_20260730_061939.png
 delete mode 100644 charts/screenshots_nasdaq/GM/GM_1H_20260729_060709.png
 create mode 100644 charts/screenshots_nasdaq/GM/GM_1H_20260730_053535.png
 delete mode 100644 charts/screenshots_nasdaq/GM/GM_4H_20260729_060709.png
 create mode 100644 charts/screenshots_nasdaq/GM/GM_4H_20260730_053535.png
 delete mode 100644 charts/screenshots_nasdaq/GM/GM_Daily_20260729_060709.png
 create mode 100644 charts/screenshots_nasdaq/GM/GM_Daily_20260730_053535.png
 delete mode 100644 charts/screenshots_nasdaq/GM/GM_Monthly_20260729_060709.png
 create mode 100644 charts/screenshots_nasdaq/GM/GM_Monthly_20260730_053535.png
 delete mode 100644 charts/screenshots_nasdaq/GM/GM_Weekly_20260729_060709.png
 create mode 100644 charts/screenshots_nasdaq/GM/GM_Weekly_20260730_053535.png
 create mode 100644 charts/screenshots_nasdaq/GPN/GPN_1H_20260730_053342.png
 create mode 100644 charts/screenshots_nasdaq/GPN/GPN_4H_20260730_053342.png
 create mode 100644 charts/screenshots_nasdaq/GPN/GPN_Daily_20260730_053342.png
 create mode 100644 charts/screenshots_nasdaq/GPN/GPN_Monthly_20260730_053342.png
 create mode 100644 charts/screenshots_nasdaq/GPN/GPN_Weekly_20260730_053342.png
 create mode 100644 charts/screenshots_nasdaq/GRMN/GRMN_1H_20260730_054925.png
 create mode 100644 charts/screenshots_nasdaq/GRMN/GRMN_4H_20260730_054925.png
 create mode 100644 charts/screenshots_nasdaq/GRMN/GRMN_Daily_20260730_054925.png
 create mode 100644 charts/screenshots_nasdaq/GRMN/GRMN_Monthly_20260730_054925.png
 create mode 100644 charts/screenshots_nasdaq/GRMN/GRMN_Weekly_20260730_054925.png
 delete mode 100644 charts/screenshots_nasdaq/HIMS/HIMS_1H_20260729_062425.png
 create mode 100644 charts/screenshots_nasdaq/HIMS/HIMS_1H_20260730_055308.png
 delete mode 100644 charts/screenshots_nasdaq/HIMS/HIMS_4H_20260729_062425.png
 create mode 100644 charts/screenshots_nasdaq/HIMS/HIMS_4H_20260730_055308.png
 delete mode 100644 charts/screenshots_nasdaq/HIMS/HIMS_Daily_20260729_062425.png
 create mode 100644 charts/screenshots_nasdaq/HIMS/HIMS_Daily_20260730_055308.png
 delete mode 100644 charts/screenshots_nasdaq/HIMS/HIMS_Monthly_20260729_062425.png
 create mode 100644 charts/screenshots_nasdaq/HIMS/HIMS_Monthly_20260730_055308.png
 delete mode 100644 charts/screenshots_nasdaq/HIMS/HIMS_Weekly_20260729_062425.png
 create mode 100644 charts/screenshots_nasdaq/HIMS/HIMS_Weekly_20260730_055308.png
 delete mode 100644 charts/screenshots_nasdaq/HIVE/HIVE_1H_20260729_063543.png
 delete mode 100644 charts/screenshots_nasdaq/HIVE/HIVE_4H_20260729_063543.png
 delete mode 100644 charts/screenshots_nasdaq/HIVE/HIVE_Daily_20260729_063543.png
 delete mode 100644 charts/screenshots_nasdaq/HIVE/HIVE_Monthly_20260729_063543.png
 delete mode 100644 charts/screenshots_nasdaq/HIVE/HIVE_Weekly_20260729_063543.png
 create mode 100644 charts/screenshots_nasdaq/HTZ/HTZ_1H_20260730_061515.png
 create mode 100644 charts/screenshots_nasdaq/HTZ/HTZ_4H_20260730_061515.png
 create mode 100644 charts/screenshots_nasdaq/HTZ/HTZ_Daily_20260730_061515.png
 create mode 100644 charts/screenshots_nasdaq/HTZ/HTZ_Monthly_20260730_061515.png
 create mode 100644 charts/screenshots_nasdaq/HTZ/HTZ_Weekly_20260730_061515.png
 delete mode 100644 charts/screenshots_nasdaq/IMAX/IMAX_1H_20260729_061427.png
 create mode 100644 charts/screenshots_nasdaq/IMAX/IMAX_1H_20260730_052338.png
 delete mode 100644 charts/screenshots_nasdaq/IMAX/IMAX_4H_20260729_061427.png
 create mode 100644 charts/screenshots_nasdaq/IMAX/IMAX_4H_20260730_052338.png
 delete mode 100644 charts/screenshots_nasdaq/IMAX/IMAX_Daily_20260729_061427.png
 create mode 100644 charts/screenshots_nasdaq/IMAX/IMAX_Daily_20260730_052338.png
 delete mode 100644 charts/screenshots_nasdaq/IMAX/IMAX_Monthly_20260729_061427.png
 create mode 100644 charts/screenshots_nasdaq/IMAX/IMAX_Monthly_20260730_052338.png
 delete mode 100644 charts/screenshots_nasdaq/IMAX/IMAX_Weekly_20260729_061427.png
 create mode 100644 charts/screenshots_nasdaq/IMAX/IMAX_Weekly_20260730_052338.png
 delete mode 100644 charts/screenshots_nasdaq/INOD/INOD_1H_20260729_062305.png
 create mode 100644 charts/screenshots_nasdaq/INOD/INOD_1H_20260730_053958.png
 delete mode 100644 charts/screenshots_nasdaq/INOD/INOD_4H_20260729_062305.png
 create mode 100644 charts/screenshots_nasdaq/INOD/INOD_4H_20260730_053958.png
 delete mode 100644 charts/screenshots_nasdaq/INOD/INOD_Daily_20260729_062305.png
 create mode 100644 charts/screenshots_nasdaq/INOD/INOD_Daily_20260730_053958.png
 delete mode 100644 charts/screenshots_nasdaq/INOD/INOD_Monthly_20260729_062305.png
 create mode 100644 charts/screenshots_nasdaq/INOD/INOD_Monthly_20260730_053958.png
 delete mode 100644 charts/screenshots_nasdaq/INOD/INOD_Weekly_20260729_062305.png
 create mode 100644 charts/screenshots_nasdaq/INOD/INOD_Weekly_20260730_053958.png
 create mode 100644 charts/screenshots_nasdaq/INSW/INSW_1H_20260730_053033.png
 create mode 100644 charts/screenshots_nasdaq/INSW/INSW_4H_20260730_053033.png
 create mode 100644 charts/screenshots_nasdaq/INSW/INSW_Daily_20260730_053033.png
 create mode 100644 charts/screenshots_nasdaq/INSW/INSW_Monthly_20260730_053033.png
 create mode 100644 charts/screenshots_nasdaq/INSW/INSW_Weekly_20260730_053033.png
 delete mode 100644 charts/screenshots_nasdaq/IONQ/IONQ_1H_20260729_063623.png
 create mode 100644 charts/screenshots_nasdaq/IONQ/IONQ_1H_20260730_055812.png
 delete mode 100644 charts/screenshots_nasdaq/IONQ/IONQ_4H_20260729_063623.png
 create mode 100644 charts/screenshots_nasdaq/IONQ/IONQ_4H_20260730_055812.png
 delete mode 100644 charts/screenshots_nasdaq/IONQ/IONQ_Daily_20260729_063623.png
 create mode 100644 charts/screenshots_nasdaq/IONQ/IONQ_Daily_20260730_055812.png
 delete mode 100644 charts/screenshots_nasdaq/IONQ/IONQ_Monthly_20260729_063623.png
 create mode 100644 charts/screenshots_nasdaq/IONQ/IONQ_Monthly_20260730_055812.png
 delete mode 100644 charts/screenshots_nasdaq/IONQ/IONQ_Weekly_20260729_063623.png
 create mode 100644 charts/screenshots_nasdaq/IONQ/IONQ_Weekly_20260730_055812.png
 delete mode 100644 charts/screenshots_nasdaq/IPAR/IPAR_1H_20260729_060948.png
 delete mode 100644 charts/screenshots_nasdaq/IPAR/IPAR_4H_20260729_060948.png
 delete mode 100644 charts/screenshots_nasdaq/IPAR/IPAR_Daily_20260729_060948.png
 delete mode 100644 charts/screenshots_nasdaq/IPAR/IPAR_Monthly_20260729_060948.png
 delete mode 100644 charts/screenshots_nasdaq/IPAR/IPAR_Weekly_20260729_060948.png
 delete mode 100644 charts/screenshots_nasdaq/IQV/IQV_1H_20260729_061906.png
 create mode 100644 charts/screenshots_nasdaq/IQV/IQV_1H_20260730_054421.png
 delete mode 100644 charts/screenshots_nasdaq/IQV/IQV_4H_20260729_061906.png
 create mode 100644 charts/screenshots_nasdaq/IQV/IQV_4H_20260730_054421.png
 delete mode 100644 charts/screenshots_nasdaq/IQV/IQV_Daily_20260729_061906.png
 create mode 100644 charts/screenshots_nasdaq/IQV/IQV_Daily_20260730_054421.png
 delete mode 100644 charts/screenshots_nasdaq/IQV/IQV_Monthly_20260729_061906.png
 create mode 100644 charts/screenshots_nasdaq/IQV/IQV_Monthly_20260730_054421.png
 delete mode 100644 charts/screenshots_nasdaq/IQV/IQV_Weekly_20260729_061906.png
 create mode 100644 charts/screenshots_nasdaq/IQV/IQV_Weekly_20260730_054421.png
 delete mode 100644 charts/screenshots_nasdaq/IREN/IREN_1H_20260729_063224.png
 create mode 100644 charts/screenshots_nasdaq/IREN/IREN_1H_20260730_055231.png
 delete mode 100644 charts/screenshots_nasdaq/IREN/IREN_4H_20260729_063224.png
 create mode 100644 charts/screenshots_nasdaq/IREN/IREN_4H_20260730_055231.png
 delete mode 100644 charts/screenshots_nasdaq/IREN/IREN_Daily_20260729_063224.png
 create mode 100644 charts/screenshots_nasdaq/IREN/IREN_Daily_20260730_055231.png
 delete mode 100644 charts/screenshots_nasdaq/IREN/IREN_Monthly_20260729_063224.png
 create mode 100644 charts/screenshots_nasdaq/IREN/IREN_Monthly_20260730_055231.png
 delete mode 100644 charts/screenshots_nasdaq/IREN/IREN_Weekly_20260729_063224.png
 create mode 100644 charts/screenshots_nasdaq/IREN/IREN_Weekly_20260730_055231.png
 delete mode 100644 charts/screenshots_nasdaq/JOBY/JOBY_1H_20260729_065701.png
 create mode 100644 charts/screenshots_nasdaq/JOBY/JOBY_1H_20260730_062752.png
 delete mode 100644 charts/screenshots_nasdaq/JOBY/JOBY_4H_20260729_065701.png
 create mode 100644 charts/screenshots_nasdaq/JOBY/JOBY_4H_20260730_062752.png
 delete mode 100644 charts/screenshots_nasdaq/JOBY/JOBY_Daily_20260729_065701.png
 create mode 100644 charts/screenshots_nasdaq/JOBY/JOBY_Daily_20260730_062752.png
 delete mode 100644 charts/screenshots_nasdaq/JOBY/JOBY_Monthly_20260729_065701.png
 create mode 100644 charts/screenshots_nasdaq/JOBY/JOBY_Monthly_20260730_062752.png
 delete mode 100644 charts/screenshots_nasdaq/JOBY/JOBY_Weekly_20260729_065701.png
 create mode 100644 charts/screenshots_nasdaq/JOBY/JOBY_Weekly_20260730_062752.png
 create mode 100644 charts/screenshots_nasdaq/KEEL/KEEL_1H_20260730_054615.png
 create mode 100644 charts/screenshots_nasdaq/KEEL/KEEL_4H_20260730_054615.png
 create mode 100644 charts/screenshots_nasdaq/KEEL/KEEL_Daily_20260730_054615.png
 create mode 100644 charts/screenshots_nasdaq/KEEL/KEEL_Monthly_20260730_054615.png
 create mode 100644 charts/screenshots_nasdaq/KEEL/KEEL_Weekly_20260730_054615.png
 delete mode 100644 charts/screenshots_nasdaq/KFY/KFY_1H_20260729_061546.png
 delete mode 100644 charts/screenshots_nasdaq/KFY/KFY_4H_20260729_061546.png
 delete mode 100644 charts/screenshots_nasdaq/KFY/KFY_Daily_20260729_061546.png
 delete mode 100644 charts/screenshots_nasdaq/KFY/KFY_Monthly_20260729_061546.png
 delete mode 100644 charts/screenshots_nasdaq/KFY/KFY_Weekly_20260729_061546.png
 delete mode 100644 charts/screenshots_nasdaq/KHC/KHC_1H_20260729_061627.png
 delete mode 100644 charts/screenshots_nasdaq/KHC/KHC_4H_20260729_061627.png
 delete mode 100644 charts/screenshots_nasdaq/KHC/KHC_Daily_20260729_061627.png
 delete mode 100644 charts/screenshots_nasdaq/KHC/KHC_Monthly_20260729_061627.png
 delete mode 100644 charts/screenshots_nasdaq/KHC/KHC_Weekly_20260729_061627.png
 delete mode 100644 charts/screenshots_nasdaq/KNSA/KNSA_1H_20260729_062226.png
 create mode 100644 charts/screenshots_nasdaq/KNSA/KNSA_1H_20260730_054459.png
 delete mode 100644 charts/screenshots_nasdaq/KNSA/KNSA_4H_20260729_062226.png
 create mode 100644 charts/screenshots_nasdaq/KNSA/KNSA_4H_20260730_054459.png
 delete mode 100644 charts/screenshots_nasdaq/KNSA/KNSA_Daily_20260729_062226.png
 create mode 100644 charts/screenshots_nasdaq/KNSA/KNSA_Daily_20260730_054459.png
 delete mode 100644 charts/screenshots_nasdaq/KNSA/KNSA_Monthly_20260729_062226.png
 create mode 100644 charts/screenshots_nasdaq/KNSA/KNSA_Monthly_20260730_054459.png
 delete mode 100644 charts/screenshots_nasdaq/KNSA/KNSA_Weekly_20260729_062226.png
 create mode 100644 charts/screenshots_nasdaq/KNSA/KNSA_Weekly_20260730_054459.png
 create mode 100644 charts/screenshots_nasdaq/KRMN/KRMN_1H_20260730_062636.png
 create mode 100644 charts/screenshots_nasdaq/KRMN/KRMN_4H_20260730_062636.png
 create mode 100644 charts/screenshots_nasdaq/KRMN/KRMN_Daily_20260730_062636.png
 create mode 100644 charts/screenshots_nasdaq/KRMN/KRMN_Monthly_20260730_062636.png
 create mode 100644 charts/screenshots_nasdaq/KRMN/KRMN_Weekly_20260730_062636.png
 create mode 100644 charts/screenshots_nasdaq/KTOS/KTOS_1H_20260730_062829.png
 create mode 100644 charts/screenshots_nasdaq/KTOS/KTOS_4H_20260730_062829.png
 create mode 100644 charts/screenshots_nasdaq/KTOS/KTOS_Daily_20260730_062829.png
 create mode 100644 charts/screenshots_nasdaq/KTOS/KTOS_Monthly_20260730_062829.png
 create mode 100644 charts/screenshots_nasdaq/KTOS/KTOS_Weekly_20260730_062829.png
 create mode 100644 charts/screenshots_nasdaq/LAD/LAD_1H_20260730_054537.png
 create mode 100644 charts/screenshots_nasdaq/LAD/LAD_4H_20260730_054537.png
 create mode 100644 charts/screenshots_nasdaq/LAD/LAD_Daily_20260730_054537.png
 create mode 100644 charts/screenshots_nasdaq/LAD/LAD_Monthly_20260730_054537.png
 create mode 100644 charts/screenshots_nasdaq/LAD/LAD_Weekly_20260730_054537.png
 create mode 100644 charts/screenshots_nasdaq/LAES/LAES_1H_20260730_061552.png
 create mode 100644 charts/screenshots_nasdaq/LAES/LAES_4H_20260730_061552.png
 create mode 100644 charts/screenshots_nasdaq/LAES/LAES_Daily_20260730_061552.png
 create mode 100644 charts/screenshots_nasdaq/LAES/LAES_Monthly_20260730_061552.png
 create mode 100644 charts/screenshots_nasdaq/LAES/LAES_Weekly_20260730_061552.png
 delete mode 100644 charts/screenshots_nasdaq/LBRT/LBRT_1H_20260729_064102.png
 delete mode 100644 charts/screenshots_nasdaq/LBRT/LBRT_4H_20260729_064102.png
 delete mode 100644 charts/screenshots_nasdaq/LBRT/LBRT_Daily_20260729_064102.png
 delete mode 100644 charts/screenshots_nasdaq/LBRT/LBRT_Monthly_20260729_064102.png
 delete mode 100644 charts/screenshots_nasdaq/LBRT/LBRT_Weekly_20260729_064102.png
 delete mode 100644 charts/screenshots_nasdaq/LEGN/LEGN_1H_20260729_063344.png
 create mode 100644 charts/screenshots_nasdaq/LEGN/LEGN_1H_20260730_055734.png
 delete mode 100644 charts/screenshots_nasdaq/LEGN/LEGN_4H_20260729_063344.png
 create mode 100644 charts/screenshots_nasdaq/LEGN/LEGN_4H_20260730_055734.png
 delete mode 100644 charts/screenshots_nasdaq/LEGN/LEGN_Daily_20260729_063344.png
 create mode 100644 charts/screenshots_nasdaq/LEGN/LEGN_Daily_20260730_055734.png
 delete mode 100644 charts/screenshots_nasdaq/LEGN/LEGN_Monthly_20260729_063344.png
 create mode 100644 charts/screenshots_nasdaq/LEGN/LEGN_Monthly_20260730_055734.png
 delete mode 100644 charts/screenshots_nasdaq/LEGN/LEGN_Weekly_20260729_063344.png
 create mode 100644 charts/screenshots_nasdaq/LEGN/LEGN_Weekly_20260730_055734.png
 create mode 100644 charts/screenshots_nasdaq/LEU/LEU_1H_20260730_062714.png
 create mode 100644 charts/screenshots_nasdaq/LEU/LEU_4H_20260730_062714.png
 create mode 100644 charts/screenshots_nasdaq/LEU/LEU_Daily_20260730_062714.png
 create mode 100644 charts/screenshots_nasdaq/LEU/LEU_Monthly_20260730_062714.png
 create mode 100644 charts/screenshots_nasdaq/LEU/LEU_Weekly_20260730_062714.png
 delete mode 100644 charts/screenshots_nasdaq/LUNR/LUNR_1H_20260729_064501.png
 create mode 100644 charts/screenshots_nasdaq/LUNR/LUNR_1H_20260730_061244.png
 delete mode 100644 charts/screenshots_nasdaq/LUNR/LUNR_4H_20260729_064501.png
 create mode 100644 charts/screenshots_nasdaq/LUNR/LUNR_4H_20260730_061244.png
 delete mode 100644 charts/screenshots_nasdaq/LUNR/LUNR_Daily_20260729_064501.png
 create mode 100644 charts/screenshots_nasdaq/LUNR/LUNR_Daily_20260730_061244.png
 delete mode 100644 charts/screenshots_nasdaq/LUNR/LUNR_Monthly_20260729_064501.png
 create mode 100644 charts/screenshots_nasdaq/LUNR/LUNR_Monthly_20260730_061244.png
 delete mode 100644 charts/screenshots_nasdaq/LUNR/LUNR_Weekly_20260729_064501.png
 create mode 100644 charts/screenshots_nasdaq/LUNR/LUNR_Weekly_20260730_061244.png
 delete mode 100644 charts/screenshots_nasdaq/MAN/MAN_1H_20260729_061227.png
 create mode 100644 charts/screenshots_nasdaq/MAN/MAN_1H_20260730_053727.png
 delete mode 100644 charts/screenshots_nasdaq/MAN/MAN_4H_20260729_061227.png
 create mode 100644 charts/screenshots_nasdaq/MAN/MAN_4H_20260730_053727.png
 delete mode 100644 charts/screenshots_nasdaq/MAN/MAN_Daily_20260729_061227.png
 create mode 100644 charts/screenshots_nasdaq/MAN/MAN_Daily_20260730_053727.png
 delete mode 100644 charts/screenshots_nasdaq/MAN/MAN_Monthly_20260729_061227.png
 create mode 100644 charts/screenshots_nasdaq/MAN/MAN_Monthly_20260730_053727.png
 delete mode 100644 charts/screenshots_nasdaq/MAN/MAN_Weekly_20260729_061227.png
 create mode 100644 charts/screenshots_nasdaq/MAN/MAN_Weekly_20260730_053727.png
 delete mode 100644 charts/screenshots_nasdaq/MARA/MARA_1H_20260729_063424.png
 delete mode 100644 charts/screenshots_nasdaq/MARA/MARA_4H_20260729_063424.png
 delete mode 100644 charts/screenshots_nasdaq/MARA/MARA_Daily_20260729_063424.png
 delete mode 100644 charts/screenshots_nasdaq/MARA/MARA_Monthly_20260729_063424.png
 delete mode 100644 charts/screenshots_nasdaq/MARA/MARA_Weekly_20260729_063424.png
 delete mode 100644 charts/screenshots_nasdaq/MET/MET_1H_20260729_061946.png
 delete mode 100644 charts/screenshots_nasdaq/MET/MET_4H_20260729_061946.png
 delete mode 100644 charts/screenshots_nasdaq/MET/MET_Daily_20260729_061946.png
 delete mode 100644 charts/screenshots_nasdaq/MET/MET_Monthly_20260729_061946.png
 delete mode 100644 charts/screenshots_nasdaq/MET/MET_Weekly_20260729_061946.png
 create mode 100644 charts/screenshots_nasdaq/MIR/MIR_1H_20260730_062016.png
 create mode 100644 charts/screenshots_nasdaq/MIR/MIR_4H_20260730_062016.png
 create mode 100644 charts/screenshots_nasdaq/MIR/MIR_Daily_20260730_062016.png
 create mode 100644 charts/screenshots_nasdaq/MIR/MIR_Monthly_20260730_062016.png
 create mode 100644 charts/screenshots_nasdaq/MIR/MIR_Weekly_20260730_062016.png
 delete mode 100644 charts/screenshots_nasdaq/MP/MP_1H_20260729_064341.png
 create mode 100644 charts/screenshots_nasdaq/MP/MP_1H_20260730_060703.png
 delete mode 100644 charts/screenshots_nasdaq/MP/MP_4H_20260729_064341.png
 create mode 100644 charts/screenshots_nasdaq/MP/MP_4H_20260730_060703.png
 delete mode 100644 charts/screenshots_nasdaq/MP/MP_Daily_20260729_064341.png
 create mode 100644 charts/screenshots_nasdaq/MP/MP_Daily_20260730_060703.png
 delete mode 100644 charts/screenshots_nasdaq/MP/MP_Monthly_20260729_064341.png
 create mode 100644 charts/screenshots_nasdaq/MP/MP_Monthly_20260730_060703.png
 delete mode 100644 charts/screenshots_nasdaq/MP/MP_Weekly_20260729_064341.png
 create mode 100644 charts/screenshots_nasdaq/MP/MP_Weekly_20260730_060703.png
 delete mode 100644 charts/screenshots_nasdaq/MPC/MPC_1H_20260729_055752.png
 delete mode 100644 charts/screenshots_nasdaq/MPC/MPC_4H_20260729_055752.png
 delete mode 100644 charts/screenshots_nasdaq/MPC/MPC_Daily_20260729_055752.png
 delete mode 100644 charts/screenshots_nasdaq/MPC/MPC_Monthly_20260729_055752.png
 delete mode 100644 charts/screenshots_nasdaq/MPC/MPC_Weekly_20260729_055752.png
 create mode 100644 charts/screenshots_nasdaq/MTN/MTN_1H_20260730_054731.png
 create mode 100644 charts/screenshots_nasdaq/MTN/MTN_4H_20260730_054731.png
 create mode 100644 charts/screenshots_nasdaq/MTN/MTN_Daily_20260730_054731.png
 create mode 100644 charts/screenshots_nasdaq/MTN/MTN_Monthly_20260730_054731.png
 create mode 100644 charts/screenshots_nasdaq/MTN/MTN_Weekly_20260730_054731.png
 delete mode 100644 charts/screenshots_nasdaq/MUSA/MUSA_1H_20260729_060749.png
 delete mode 100644 charts/screenshots_nasdaq/MUSA/MUSA_4H_20260729_060749.png
 delete mode 100644 charts/screenshots_nasdaq/MUSA/MUSA_Daily_20260729_060749.png
 delete mode 100644 charts/screenshots_nasdaq/MUSA/MUSA_Monthly_20260729_060749.png
 delete mode 100644 charts/screenshots_nasdaq/MUSA/MUSA_Weekly_20260729_060749.png
 delete mode 100644 charts/screenshots_nasdaq/MXL/MXL_1H_20260729_064622.png
 delete mode 100644 charts/screenshots_nasdaq/MXL/MXL_4H_20260729_064622.png
 delete mode 100644 charts/screenshots_nasdaq/MXL/MXL_Daily_20260729_064622.png
 delete mode 100644 charts/screenshots_nasdaq/MXL/MXL_Monthly_20260729_064622.png
 delete mode 100644 charts/screenshots_nasdaq/MXL/MXL_Weekly_20260729_064622.png
 delete mode 100644 charts/screenshots_nasdaq/NNE/NNE_1H_20260729_065022.png
 delete mode 100644 charts/screenshots_nasdaq/NNE/NNE_4H_20260729_065022.png
 delete mode 100644 charts/screenshots_nasdaq/NNE/NNE_Daily_20260729_065022.png
 delete mode 100644 charts/screenshots_nasdaq/NNE/NNE_Monthly_20260729_065022.png
 delete mode 100644 charts/screenshots_nasdaq/NNE/NNE_Weekly_20260729_065022.png
 create mode 100644 charts/screenshots_nasdaq/NOK/NOK_1H_20260730_060741.png
 create mode 100644 charts/screenshots_nasdaq/NOK/NOK_4H_20260730_060741.png
 create mode 100644 charts/screenshots_nasdaq/NOK/NOK_Daily_20260730_060741.png
 create mode 100644 charts/screenshots_nasdaq/NOK/NOK_Monthly_20260730_060741.png
 create mode 100644 charts/screenshots_nasdaq/NOK/NOK_Weekly_20260730_060741.png
 create mode 100644 charts/screenshots_nasdaq/NTLA/NTLA_1H_20260730_062404.png
 create mode 100644 charts/screenshots_nasdaq/NTLA/NTLA_4H_20260730_062404.png
 create mode 100644 charts/screenshots_nasdaq/NTLA/NTLA_Daily_20260730_062404.png
 create mode 100644 charts/screenshots_nasdaq/NTLA/NTLA_Monthly_20260730_062404.png
 create mode 100644 charts/screenshots_nasdaq/NTLA/NTLA_Weekly_20260730_062404.png
 create mode 100644 charts/screenshots_nasdaq/NTSK/NTSK_1H_20260730_055116.png
 create mode 100644 charts/screenshots_nasdaq/NTSK/NTSK_4H_20260730_055116.png
 create mode 100644 charts/screenshots_nasdaq/NTSK/NTSK_Daily_20260730_055116.png
 create mode 100644 charts/screenshots_nasdaq/NTSK/NTSK_Monthly_20260730_055116.png
 create mode 100644 charts/screenshots_nasdaq/NTSK/NTSK_Weekly_20260730_055116.png
 delete mode 100644 charts/screenshots_nasdaq/NUE/NUE_1H_20260729_060828.png
 delete mode 100644 charts/screenshots_nasdaq/NUE/NUE_4H_20260729_060828.png
 delete mode 100644 charts/screenshots_nasdaq/NUE/NUE_Daily_20260729_060828.png
 delete mode 100644 charts/screenshots_nasdaq/NUE/NUE_Monthly_20260729_060828.png
 delete mode 100644 charts/screenshots_nasdaq/NUE/NUE_Weekly_20260729_060828.png
 delete mode 100644 charts/screenshots_nasdaq/NVTS/NVTS_1H_20260729_063823.png
 create mode 100644 charts/screenshots_nasdaq/NVTS/NVTS_1H_20260730_061128.png
 delete mode 100644 charts/screenshots_nasdaq/NVTS/NVTS_4H_20260729_063823.png
 create mode 100644 charts/screenshots_nasdaq/NVTS/NVTS_4H_20260730_061128.png
 delete mode 100644 charts/screenshots_nasdaq/NVTS/NVTS_Daily_20260729_063823.png
 create mode 100644 charts/screenshots_nasdaq/NVTS/NVTS_Daily_20260730_061128.png
 delete mode 100644 charts/screenshots_nasdaq/NVTS/NVTS_Monthly_20260729_063823.png
 create mode 100644 charts/screenshots_nasdaq/NVTS/NVTS_Monthly_20260730_061128.png
 delete mode 100644 charts/screenshots_nasdaq/NVTS/NVTS_Weekly_20260729_063823.png
 create mode 100644 charts/screenshots_nasdaq/NVTS/NVTS_Weekly_20260730_061128.png
 delete mode 100644 charts/screenshots_nasdaq/OKLO/OKLO_1H_20260729_065342.png
 create mode 100644 charts/screenshots_nasdaq/OKLO/OKLO_1H_20260730_062520.png
 delete mode 100644 charts/screenshots_nasdaq/OKLO/OKLO_4H_20260729_065342.png
 create mode 100644 charts/screenshots_nasdaq/OKLO/OKLO_4H_20260730_062520.png
 delete mode 100644 charts/screenshots_nasdaq/OKLO/OKLO_Daily_20260729_065342.png
 create mode 100644 charts/screenshots_nasdaq/OKLO/OKLO_Daily_20260730_062520.png
 delete mode 100644 charts/screenshots_nasdaq/OKLO/OKLO_Monthly_20260729_065342.png
 create mode 100644 charts/screenshots_nasdaq/OKLO/OKLO_Monthly_20260730_062520.png
 delete mode 100644 charts/screenshots_nasdaq/OKLO/OKLO_Weekly_20260729_065342.png
 create mode 100644 charts/screenshots_nasdaq/OKLO/OKLO_Weekly_20260730_062520.png
 delete mode 100644 charts/screenshots_nasdaq/OMC/OMC_1H_20260729_062346.png
 delete mode 100644 charts/screenshots_nasdaq/OMC/OMC_4H_20260729_062346.png
 delete mode 100644 charts/screenshots_nasdaq/OMC/OMC_Daily_20260729_062346.png
 delete mode 100644 charts/screenshots_nasdaq/OMC/OMC_Monthly_20260729_062346.png
 delete mode 100644 charts/screenshots_nasdaq/OMC/OMC_Weekly_20260729_062346.png
 create mode 100644 charts/screenshots_nasdaq/ONDS/ONDS_1H_20260730_062907.png
 create mode 100644 charts/screenshots_nasdaq/ONDS/ONDS_4H_20260730_062907.png
 create mode 100644 charts/screenshots_nasdaq/ONDS/ONDS_Daily_20260730_062907.png
 create mode 100644 charts/screenshots_nasdaq/ONDS/ONDS_Monthly_20260730_062907.png
 create mode 100644 charts/screenshots_nasdaq/ONDS/ONDS_Weekly_20260730_062907.png
 delete mode 100644 charts/screenshots_nasdaq/ORCL/ORCL_1H_20260729_065102.png
 create mode 100644 charts/screenshots_nasdaq/ORCL/ORCL_1H_20260730_062442.png
 delete mode 100644 charts/screenshots_nasdaq/ORCL/ORCL_4H_20260729_065102.png
 create mode 100644 charts/screenshots_nasdaq/ORCL/ORCL_4H_20260730_062442.png
 delete mode 100644 charts/screenshots_nasdaq/ORCL/ORCL_Daily_20260729_065102.png
 create mode 100644 charts/screenshots_nasdaq/ORCL/ORCL_Daily_20260730_062442.png
 delete mode 100644 charts/screenshots_nasdaq/ORCL/ORCL_Monthly_20260729_065102.png
 create mode 100644 charts/screenshots_nasdaq/ORCL/ORCL_Monthly_20260730_062442.png
 delete mode 100644 charts/screenshots_nasdaq/ORCL/ORCL_Weekly_20260729_065102.png
 create mode 100644 charts/screenshots_nasdaq/ORCL/ORCL_Weekly_20260730_062442.png
 delete mode 100644 charts/screenshots_nasdaq/PAG/PAG_1H_20260729_062026.png
 create mode 100644 charts/screenshots_nasdaq/PAG/PAG_1H_20260730_053110.png
 delete mode 100644 charts/screenshots_nasdaq/PAG/PAG_4H_20260729_062026.png
 create mode 100644 charts/screenshots_nasdaq/PAG/PAG_4H_20260730_053110.png
 delete mode 100644 charts/screenshots_nasdaq/PAG/PAG_Daily_20260729_062026.png
 create mode 100644 charts/screenshots_nasdaq/PAG/PAG_Daily_20260730_053110.png
 delete mode 100644 charts/screenshots_nasdaq/PAG/PAG_Monthly_20260729_062026.png
 create mode 100644 charts/screenshots_nasdaq/PAG/PAG_Monthly_20260730_053110.png
 delete mode 100644 charts/screenshots_nasdaq/PAG/PAG_Weekly_20260729_062026.png
 create mode 100644 charts/screenshots_nasdaq/PAG/PAG_Weekly_20260730_053110.png
 delete mode 100644 charts/screenshots_nasdaq/PARR/PARR_1H_20260729_055712.png
 create mode 100644 charts/screenshots_nasdaq/PARR/PARR_1H_20260730_053457.png
 delete mode 100644 charts/screenshots_nasdaq/PARR/PARR_4H_20260729_055712.png
 create mode 100644 charts/screenshots_nasdaq/PARR/PARR_4H_20260730_053457.png
 delete mode 100644 charts/screenshots_nasdaq/PARR/PARR_Daily_20260729_055712.png
 create mode 100644 charts/screenshots_nasdaq/PARR/PARR_Daily_20260730_053457.png
 delete mode 100644 charts/screenshots_nasdaq/PARR/PARR_Monthly_20260729_055712.png
 create mode 100644 charts/screenshots_nasdaq/PARR/PARR_Monthly_20260730_053457.png
 delete mode 100644 charts/screenshots_nasdaq/PARR/PARR_Weekly_20260729_055712.png
 create mode 100644 charts/screenshots_nasdaq/PARR/PARR_Weekly_20260730_053457.png
 delete mode 100644 charts/screenshots_nasdaq/PCAR/PCAR_1H_20260729_060429.png
 delete mode 100644 charts/screenshots_nasdaq/PCAR/PCAR_4H_20260729_060429.png
 delete mode 100644 charts/screenshots_nasdaq/PCAR/PCAR_Daily_20260729_060429.png
 delete mode 100644 charts/screenshots_nasdaq/PCAR/PCAR_Monthly_20260729_060429.png
 delete mode 100644 charts/screenshots_nasdaq/PCAR/PCAR_Weekly_20260729_060429.png
 delete mode 100644 charts/screenshots_nasdaq/PL/PL_1H_20260729_064822.png
 create mode 100644 charts/screenshots_nasdaq/PL/PL_1H_20260730_061630.png
 delete mode 100644 charts/screenshots_nasdaq/PL/PL_4H_20260729_064822.png
 create mode 100644 charts/screenshots_nasdaq/PL/PL_4H_20260730_061630.png
 delete mode 100644 charts/screenshots_nasdaq/PL/PL_Daily_20260729_064822.png
 create mode 100644 charts/screenshots_nasdaq/PL/PL_Daily_20260730_061630.png
 delete mode 100644 charts/screenshots_nasdaq/PL/PL_Monthly_20260729_064822.png
 create mode 100644 charts/screenshots_nasdaq/PL/PL_Monthly_20260730_061630.png
 delete mode 100644 charts/screenshots_nasdaq/PL/PL_Weekly_20260729_064822.png
 create mode 100644 charts/screenshots_nasdaq/PL/PL_Weekly_20260730_061630.png
 delete mode 100644 charts/screenshots_nasdaq/PLUG/PLUG_1H_20260729_064222.png
 create mode 100644 charts/screenshots_nasdaq/PLUG/PLUG_1H_20260730_060819.png
 delete mode 100644 charts/screenshots_nasdaq/PLUG/PLUG_4H_20260729_064222.png
 create mode 100644 charts/screenshots_nasdaq/PLUG/PLUG_4H_20260730_060819.png
 delete mode 100644 charts/screenshots_nasdaq/PLUG/PLUG_Daily_20260729_064222.png
 create mode 100644 charts/screenshots_nasdaq/PLUG/PLUG_Daily_20260730_060819.png
 delete mode 100644 charts/screenshots_nasdaq/PLUG/PLUG_Monthly_20260729_064222.png
 create mode 100644 charts/screenshots_nasdaq/PLUG/PLUG_Monthly_20260730_060819.png
 delete mode 100644 charts/screenshots_nasdaq/PLUG/PLUG_Weekly_20260729_064222.png
 create mode 100644 charts/screenshots_nasdaq/PLUG/PLUG_Weekly_20260730_060819.png
 delete mode 100644 charts/screenshots_nasdaq/POET/POET_1H_20260729_065422.png
 create mode 100644 charts/screenshots_nasdaq/POET/POET_1H_20260730_062945.png
 delete mode 100644 charts/screenshots_nasdaq/POET/POET_4H_20260729_065422.png
 create mode 100644 charts/screenshots_nasdaq/POET/POET_4H_20260730_062945.png
 delete mode 100644 charts/screenshots_nasdaq/POET/POET_Daily_20260729_065422.png
 create mode 100644 charts/screenshots_nasdaq/POET/POET_Daily_20260730_062945.png
 delete mode 100644 charts/screenshots_nasdaq/POET/POET_Monthly_20260729_065422.png
 create mode 100644 charts/screenshots_nasdaq/POET/POET_Monthly_20260730_062945.png
 delete mode 100644 charts/screenshots_nasdaq/POET/POET_Weekly_20260729_065422.png
 create mode 100644 charts/screenshots_nasdaq/POET/POET_Weekly_20260730_062945.png
 create mode 100644 charts/screenshots_nasdaq/PSKY/PSKY_1H_20260730_060353.png
 create mode 100644 charts/screenshots_nasdaq/PSKY/PSKY_4H_20260730_060353.png
 create mode 100644 charts/screenshots_nasdaq/PSKY/PSKY_Daily_20260730_060353.png
 create mode 100644 charts/screenshots_nasdaq/PSKY/PSKY_Monthly_20260730_060353.png
 create mode 100644 charts/screenshots_nasdaq/PSKY/PSKY_Weekly_20260730_060353.png
 delete mode 100644 charts/screenshots_nasdaq/QBTS/QBTS_1H_20260729_062945.png
 create mode 100644 charts/screenshots_nasdaq/QBTS/QBTS_1H_20260730_055928.png
 delete mode 100644 charts/screenshots_nasdaq/QBTS/QBTS_4H_20260729_062945.png
 create mode 100644 charts/screenshots_nasdaq/QBTS/QBTS_4H_20260730_055928.png
 delete mode 100644 charts/screenshots_nasdaq/QBTS/QBTS_Daily_20260729_062945.png
 create mode 100644 charts/screenshots_nasdaq/QBTS/QBTS_Daily_20260730_055928.png
 delete mode 100644 charts/screenshots_nasdaq/QBTS/QBTS_Monthly_20260729_062945.png
 create mode 100644 charts/screenshots_nasdaq/QBTS/QBTS_Monthly_20260730_055928.png
 delete mode 100644 charts/screenshots_nasdaq/QBTS/QBTS_Weekly_20260729_062945.png
 create mode 100644 charts/screenshots_nasdaq/QBTS/QBTS_Weekly_20260730_055928.png
 create mode 100644 charts/screenshots_nasdaq/QS/QS_1H_20260730_063023.png
 create mode 100644 charts/screenshots_nasdaq/QS/QS_4H_20260730_063023.png
 create mode 100644 charts/screenshots_nasdaq/QS/QS_Daily_20260730_063023.png
 create mode 100644 charts/screenshots_nasdaq/QS/QS_Monthly_20260730_063023.png
 create mode 100644 charts/screenshots_nasdaq/QS/QS_Weekly_20260730_063023.png
 create mode 100644 charts/screenshots_nasdaq/QUBT/QUBT_1H_20260730_060857.png
 create mode 100644 charts/screenshots_nasdaq/QUBT/QUBT_4H_20260730_060857.png
 create mode 100644 charts/screenshots_nasdaq/QUBT/QUBT_Daily_20260730_060857.png
 create mode 100644 charts/screenshots_nasdaq/QUBT/QUBT_Monthly_20260730_060857.png
 create mode 100644 charts/screenshots_nasdaq/QUBT/QUBT_Weekly_20260730_060857.png
 delete mode 100644 charts/screenshots_nasdaq/RCAT/RCAT_1H_20260729_065501.png
 create mode 100644 charts/screenshots_nasdaq/RCAT/RCAT_1H_20260730_063102.png
 delete mode 100644 charts/screenshots_nasdaq/RCAT/RCAT_4H_20260729_065501.png
 create mode 100644 charts/screenshots_nasdaq/RCAT/RCAT_4H_20260730_063102.png
 delete mode 100644 charts/screenshots_nasdaq/RCAT/RCAT_Daily_20260729_065501.png
 create mode 100644 charts/screenshots_nasdaq/RCAT/RCAT_Daily_20260730_063102.png
 delete mode 100644 charts/screenshots_nasdaq/RCAT/RCAT_Monthly_20260729_065501.png
 create mode 100644 charts/screenshots_nasdaq/RCAT/RCAT_Monthly_20260730_063102.png
 delete mode 100644 charts/screenshots_nasdaq/RCAT/RCAT_Weekly_20260729_065501.png
 create mode 100644 charts/screenshots_nasdaq/RCAT/RCAT_Weekly_20260730_063102.png
 create mode 100644 charts/screenshots_nasdaq/RDW/RDW_1H_20260730_055850.png
 create mode 100644 charts/screenshots_nasdaq/RDW/RDW_4H_20260730_055850.png
 create mode 100644 charts/screenshots_nasdaq/RDW/RDW_Daily_20260730_055850.png
 create mode 100644 charts/screenshots_nasdaq/RDW/RDW_Monthly_20260730_055850.png
 create mode 100644 charts/screenshots_nasdaq/RDW/RDW_Weekly_20260730_055850.png
 create mode 100644 charts/screenshots_nasdaq/REPL/REPL_1H_20260730_052955.png
 create mode 100644 charts/screenshots_nasdaq/REPL/REPL_4H_20260730_052955.png
 create mode 100644 charts/screenshots_nasdaq/REPL/REPL_Daily_20260730_052955.png
 create mode 100644 charts/screenshots_nasdaq/REPL/REPL_Monthly_20260730_052955.png
 create mode 100644 charts/screenshots_nasdaq/REPL/REPL_Weekly_20260730_052955.png
 create mode 100644 charts/screenshots_nasdaq/RGTI/RGTI_1H_20260730_062054.png
 create mode 100644 charts/screenshots_nasdaq/RGTI/RGTI_4H_20260730_062054.png
 create mode 100644 charts/screenshots_nasdaq/RGTI/RGTI_Daily_20260730_062054.png
 create mode 100644 charts/screenshots_nasdaq/RGTI/RGTI_Monthly_20260730_062054.png
 create mode 100644 charts/screenshots_nasdaq/RGTI/RGTI_Weekly_20260730_062054.png
 delete mode 100644 charts/screenshots_nasdaq/RJF/RJF_1H_20260729_062825.png
 delete mode 100644 charts/screenshots_nasdaq/RJF/RJF_4H_20260729_062825.png
 delete mode 100644 charts/screenshots_nasdaq/RJF/RJF_Daily_20260729_062825.png
 delete mode 100644 charts/screenshots_nasdaq/RJF/RJF_Monthly_20260729_062825.png
 delete mode 100644 charts/screenshots_nasdaq/RJF/RJF_Weekly_20260729_062825.png
 delete mode 100644 charts/screenshots_nasdaq/RKLB/RKLB_1H_20260729_065143.png
 create mode 100644 charts/screenshots_nasdaq/RKLB/RKLB_1H_20260730_061709.png
 delete mode 100644 charts/screenshots_nasdaq/RKLB/RKLB_4H_20260729_065143.png
 create mode 100644 charts/screenshots_nasdaq/RKLB/RKLB_4H_20260730_061709.png
 delete mode 100644 charts/screenshots_nasdaq/RKLB/RKLB_Daily_20260729_065143.png
 create mode 100644 charts/screenshots_nasdaq/RKLB/RKLB_Daily_20260730_061709.png
 delete mode 100644 charts/screenshots_nasdaq/RKLB/RKLB_Monthly_20260729_065143.png
 create mode 100644 charts/screenshots_nasdaq/RKLB/RKLB_Monthly_20260730_061709.png
 delete mode 100644 charts/screenshots_nasdaq/RKLB/RKLB_Weekly_20260729_065143.png
 create mode 100644 charts/screenshots_nasdaq/RKLB/RKLB_Weekly_20260730_061709.png
 delete mode 100644 charts/screenshots_nasdaq/RNG/RNG_1H_20260729_062506.png
 create mode 100644 charts/screenshots_nasdaq/RNG/RNG_1H_20260730_055425.png
 delete mode 100644 charts/screenshots_nasdaq/RNG/RNG_4H_20260729_062506.png
 create mode 100644 charts/screenshots_nasdaq/RNG/RNG_4H_20260730_055425.png
 delete mode 100644 charts/screenshots_nasdaq/RNG/RNG_Daily_20260729_062506.png
 create mode 100644 charts/screenshots_nasdaq/RNG/RNG_Daily_20260730_055425.png
 delete mode 100644 charts/screenshots_nasdaq/RNG/RNG_Monthly_20260729_062506.png
 create mode 100644 charts/screenshots_nasdaq/RNG/RNG_Monthly_20260730_055425.png
 delete mode 100644 charts/screenshots_nasdaq/RNG/RNG_Weekly_20260729_062506.png
 create mode 100644 charts/screenshots_nasdaq/RNG/RNG_Weekly_20260730_055425.png
 create mode 100644 charts/screenshots_nasdaq/ROST/ROST_1H_20260730_054150.png
 create mode 100644 charts/screenshots_nasdaq/ROST/ROST_4H_20260730_054150.png
 create mode 100644 charts/screenshots_nasdaq/ROST/ROST_Daily_20260730_054150.png
 create mode 100644 charts/screenshots_nasdaq/ROST/ROST_Monthly_20260730_054150.png
 create mode 100644 charts/screenshots_nasdaq/ROST/ROST_Weekly_20260730_054150.png
 delete mode 100644 charts/screenshots_nasdaq/RTX/RTX_1H_20260729_061307.png
 delete mode 100644 charts/screenshots_nasdaq/RTX/RTX_4H_20260729_061307.png
 delete mode 100644 charts/screenshots_nasdaq/RTX/RTX_Daily_20260729_061307.png
 delete mode 100644 charts/screenshots_nasdaq/RTX/RTX_Monthly_20260729_061307.png
 delete mode 100644 charts/screenshots_nasdaq/RTX/RTX_Weekly_20260729_061307.png
 delete mode 100644 charts/screenshots_nasdaq/RXRX/RXRX_1H_20260729_065541.png
 delete mode 100644 charts/screenshots_nasdaq/RXRX/RXRX_4H_20260729_065541.png
 delete mode 100644 charts/screenshots_nasdaq/RXRX/RXRX_Daily_20260729_065541.png
 delete mode 100644 charts/screenshots_nasdaq/RXRX/RXRX_Monthly_20260729_065541.png
 delete mode 100644 charts/screenshots_nasdaq/RXRX/RXRX_Weekly_20260729_065541.png
 delete mode 100644 charts/screenshots_nasdaq/SBSW/SBSW_1H_20260729_065741.png
 delete mode 100644 charts/screenshots_nasdaq/SBSW/SBSW_4H_20260729_065741.png
 delete mode 100644 charts/screenshots_nasdaq/SBSW/SBSW_Daily_20260729_065741.png
 delete mode 100644 charts/screenshots_nasdaq/SBSW/SBSW_Monthly_20260729_065741.png
 delete mode 100644 charts/screenshots_nasdaq/SBSW/SBSW_Weekly_20260729_065741.png
 delete mode 100644 charts/screenshots_nasdaq/SEIC/SEIC_1H_20260729_055831.png
 delete mode 100644 charts/screenshots_nasdaq/SEIC/SEIC_4H_20260729_055831.png
 delete mode 100644 charts/screenshots_nasdaq/SEIC/SEIC_Daily_20260729_055831.png
 delete mode 100644 charts/screenshots_nasdaq/SEIC/SEIC_Monthly_20260729_055831.png
 delete mode 100644 charts/screenshots_nasdaq/SEIC/SEIC_Weekly_20260729_055831.png
 delete mode 100644 charts/screenshots_nasdaq/SFM/SFM_1H_20260729_063903.png
 delete mode 100644 charts/screenshots_nasdaq/SFM/SFM_4H_20260729_063903.png
 delete mode 100644 charts/screenshots_nasdaq/SFM/SFM_Daily_20260729_063903.png
 delete mode 100644 charts/screenshots_nasdaq/SFM/SFM_Monthly_20260729_063903.png
 delete mode 100644 charts/screenshots_nasdaq/SFM/SFM_Weekly_20260729_063903.png
 delete mode 100644 charts/screenshots_nasdaq/SG/SG_1H_20260729_063703.png
 create mode 100644 charts/screenshots_nasdaq/SG/SG_1H_20260730_060122.png
 delete mode 100644 charts/screenshots_nasdaq/SG/SG_4H_20260729_063703.png
 create mode 100644 charts/screenshots_nasdaq/SG/SG_4H_20260730_060122.png
 delete mode 100644 charts/screenshots_nasdaq/SG/SG_Daily_20260729_063703.png
 create mode 100644 charts/screenshots_nasdaq/SG/SG_Daily_20260730_060122.png
 delete mode 100644 charts/screenshots_nasdaq/SG/SG_Monthly_20260729_063703.png
 create mode 100644 charts/screenshots_nasdaq/SG/SG_Monthly_20260730_060122.png
 delete mode 100644 charts/screenshots_nasdaq/SG/SG_Weekly_20260729_063703.png
 create mode 100644 charts/screenshots_nasdaq/SG/SG_Weekly_20260730_060122.png
 delete mode 100644 charts/screenshots_nasdaq/SKYQ/SKYQ_1H_20260729_062625.png
 create mode 100644 charts/screenshots_nasdaq/SKYQ/SKYQ_1H_20260730_054306.png
 delete mode 100644 charts/screenshots_nasdaq/SKYQ/SKYQ_4H_20260729_062625.png
 create mode 100644 charts/screenshots_nasdaq/SKYQ/SKYQ_4H_20260730_054306.png
 delete mode 100644 charts/screenshots_nasdaq/SKYQ/SKYQ_Daily_20260729_062625.png
 create mode 100644 charts/screenshots_nasdaq/SKYQ/SKYQ_Daily_20260730_054306.png
 delete mode 100644 charts/screenshots_nasdaq/SKYQ/SKYQ_Monthly_20260729_062625.png
 create mode 100644 charts/screenshots_nasdaq/SKYQ/SKYQ_Monthly_20260730_054306.png
 delete mode 100644 charts/screenshots_nasdaq/SKYQ/SKYQ_Weekly_20260729_062625.png
 create mode 100644 charts/screenshots_nasdaq/SKYQ/SKYQ_Weekly_20260730_054306.png
 delete mode 100644 charts/screenshots_nasdaq/SMCI/SMCI_1H_20260729_064022.png
 create mode 100644 charts/screenshots_nasdaq/SMCI/SMCI_1H_20260730_060200.png
 delete mode 100644 charts/screenshots_nasdaq/SMCI/SMCI_4H_20260729_064022.png
 create mode 100644 charts/screenshots_nasdaq/SMCI/SMCI_4H_20260730_060200.png
 delete mode 100644 charts/screenshots_nasdaq/SMCI/SMCI_Daily_20260729_064022.png
 create mode 100644 charts/screenshots_nasdaq/SMCI/SMCI_Daily_20260730_060200.png
 delete mode 100644 charts/screenshots_nasdaq/SMCI/SMCI_Monthly_20260729_064022.png
 create mode 100644 charts/screenshots_nasdaq/SMCI/SMCI_Monthly_20260730_060200.png
 delete mode 100644 charts/screenshots_nasdaq/SMCI/SMCI_Weekly_20260729_064022.png
 create mode 100644 charts/screenshots_nasdaq/SMCI/SMCI_Weekly_20260730_060200.png
 create mode 100644 charts/screenshots_nasdaq/SMMT/SMMT_1H_20260730_063140.png
 create mode 100644 charts/screenshots_nasdaq/SMMT/SMMT_4H_20260730_063140.png
 create mode 100644 charts/screenshots_nasdaq/SMMT/SMMT_Daily_20260730_063140.png
 create mode 100644 charts/screenshots_nasdaq/SMMT/SMMT_Monthly_20260730_063140.png
 create mode 100644 charts/screenshots_nasdaq/SMMT/SMMT_Weekly_20260730_063140.png
 delete mode 100644 charts/screenshots_nasdaq/SNDK/SNDK_1H_20260729_063304.png
 create mode 100644 charts/screenshots_nasdaq/SNDK/SNDK_1H_20260730_062132.png
 delete mode 100644 charts/screenshots_nasdaq/SNDK/SNDK_4H_20260729_063304.png
 create mode 100644 charts/screenshots_nasdaq/SNDK/SNDK_4H_20260730_062132.png
 delete mode 100644 charts/screenshots_nasdaq/SNDK/SNDK_Daily_20260729_063304.png
 create mode 100644 charts/screenshots_nasdaq/SNDK/SNDK_Daily_20260730_062132.png
 delete mode 100644 charts/screenshots_nasdaq/SNDK/SNDK_Monthly_20260729_063304.png
 create mode 100644 charts/screenshots_nasdaq/SNDK/SNDK_Monthly_20260730_062132.png
 delete mode 100644 charts/screenshots_nasdaq/SNDK/SNDK_Weekly_20260729_063304.png
 create mode 100644 charts/screenshots_nasdaq/SNDK/SNDK_Weekly_20260730_062132.png
 delete mode 100644 charts/screenshots_nasdaq/STAK/STAK_1H_20260729_055911.png
 create mode 100644 charts/screenshots_nasdaq/STAK/STAK_1H_20260730_052029.png
 delete mode 100644 charts/screenshots_nasdaq/STAK/STAK_4H_20260729_055911.png
 create mode 100644 charts/screenshots_nasdaq/STAK/STAK_4H_20260730_052029.png
 delete mode 100644 charts/screenshots_nasdaq/STAK/STAK_Daily_20260729_055911.png
 create mode 100644 charts/screenshots_nasdaq/STAK/STAK_Daily_20260730_052029.png
 delete mode 100644 charts/screenshots_nasdaq/STAK/STAK_Monthly_20260729_055911.png
 create mode 100644 charts/screenshots_nasdaq/STAK/STAK_Monthly_20260730_052029.png
 delete mode 100644 charts/screenshots_nasdaq/STAK/STAK_Weekly_20260729_055911.png
 create mode 100644 charts/screenshots_nasdaq/STAK/STAK_Weekly_20260730_052029.png
 create mode 100644 charts/screenshots_nasdaq/STUB/STUB_1H_20260730_060238.png
 create mode 100644 charts/screenshots_nasdaq/STUB/STUB_4H_20260730_060238.png
 create mode 100644 charts/screenshots_nasdaq/STUB/STUB_Daily_20260730_060238.png
 create mode 100644 charts/screenshots_nasdaq/STUB/STUB_Monthly_20260730_060238.png
 create mode 100644 charts/screenshots_nasdaq/STUB/STUB_Weekly_20260730_060238.png
 create mode 100644 charts/screenshots_nasdaq/SYM/SYM_1H_20260730_063218.png
 create mode 100644 charts/screenshots_nasdaq/SYM/SYM_4H_20260730_063218.png
 create mode 100644 charts/screenshots_nasdaq/SYM/SYM_Daily_20260730_063218.png
 create mode 100644 charts/screenshots_nasdaq/SYM/SYM_Monthly_20260730_063218.png
 create mode 100644 charts/screenshots_nasdaq/SYM/SYM_Weekly_20260730_063218.png
 delete mode 100644 charts/screenshots_nasdaq/TE/TE_1H_20260729_064902.png
 create mode 100644 charts/screenshots_nasdaq/TE/TE_1H_20260730_060935.png
 delete mode 100644 charts/screenshots_nasdaq/TE/TE_4H_20260729_064902.png
 create mode 100644 charts/screenshots_nasdaq/TE/TE_4H_20260730_060935.png
 delete mode 100644 charts/screenshots_nasdaq/TE/TE_Daily_20260729_064902.png
 create mode 100644 charts/screenshots_nasdaq/TE/TE_Daily_20260730_060935.png
 delete mode 100644 charts/screenshots_nasdaq/TE/TE_Monthly_20260729_064902.png
 create mode 100644 charts/screenshots_nasdaq/TE/TE_Monthly_20260730_060935.png
 delete mode 100644 charts/screenshots_nasdaq/TE/TE_Weekly_20260729_064902.png
 create mode 100644 charts/screenshots_nasdaq/TE/TE_Weekly_20260730_060935.png
 delete mode 100644 charts/screenshots_nasdaq/THC/THC_1H_20260729_062545.png
 create mode 100644 charts/screenshots_nasdaq/THC/THC_1H_20260730_055002.png
 delete mode 100644 charts/screenshots_nasdaq/THC/THC_4H_20260729_062545.png
 create mode 100644 charts/screenshots_nasdaq/THC/THC_4H_20260730_055002.png
 delete mode 100644 charts/screenshots_nasdaq/THC/THC_Daily_20260729_062545.png
 create mode 100644 charts/screenshots_nasdaq/THC/THC_Daily_20260730_055002.png
 delete mode 100644 charts/screenshots_nasdaq/THC/THC_Monthly_20260729_062545.png
 create mode 100644 charts/screenshots_nasdaq/THC/THC_Monthly_20260730_055002.png
 delete mode 100644 charts/screenshots_nasdaq/THC/THC_Weekly_20260729_062545.png
 create mode 100644 charts/screenshots_nasdaq/THC/THC_Weekly_20260730_055002.png
 delete mode 100644 charts/screenshots_nasdaq/TRV/TRV_1H_20260729_061347.png
 delete mode 100644 charts/screenshots_nasdaq/TRV/TRV_4H_20260729_061347.png
 delete mode 100644 charts/screenshots_nasdaq/TRV/TRV_Daily_20260729_061347.png
 delete mode 100644 charts/screenshots_nasdaq/TRV/TRV_Monthly_20260729_061347.png
 delete mode 100644 charts/screenshots_nasdaq/TRV/TRV_Weekly_20260729_061347.png
 create mode 100644 charts/screenshots_nasdaq/TTMI/TTMI_1H_20260730_060316.png
 create mode 100644 charts/screenshots_nasdaq/TTMI/TTMI_4H_20260730_060316.png
 create mode 100644 charts/screenshots_nasdaq/TTMI/TTMI_Daily_20260730_060316.png
 create mode 100644 charts/screenshots_nasdaq/TTMI/TTMI_Monthly_20260730_060316.png
 create mode 100644 charts/screenshots_nasdaq/TTMI/TTMI_Weekly_20260730_060316.png
 delete mode 100644 charts/screenshots_nasdaq/TXG/TXG_1H_20260729_062106.png
 create mode 100644 charts/screenshots_nasdaq/TXG/TXG_1H_20260730_052840.png
 delete mode 100644 charts/screenshots_nasdaq/TXG/TXG_4H_20260729_062106.png
 create mode 100644 charts/screenshots_nasdaq/TXG/TXG_4H_20260730_052840.png
 delete mode 100644 charts/screenshots_nasdaq/TXG/TXG_Daily_20260729_062106.png
 create mode 100644 charts/screenshots_nasdaq/TXG/TXG_Daily_20260730_052840.png
 delete mode 100644 charts/screenshots_nasdaq/TXG/TXG_Monthly_20260729_062106.png
 create mode 100644 charts/screenshots_nasdaq/TXG/TXG_Monthly_20260730_052840.png
 delete mode 100644 charts/screenshots_nasdaq/TXG/TXG_Weekly_20260729_062106.png
 create mode 100644 charts/screenshots_nasdaq/TXG/TXG_Weekly_20260730_052840.png
 delete mode 100644 charts/screenshots_nasdaq/UEC/UEC_1H_20260729_064542.png
 create mode 100644 charts/screenshots_nasdaq/UEC/UEC_1H_20260730_060509.png
 delete mode 100644 charts/screenshots_nasdaq/UEC/UEC_4H_20260729_064542.png
 create mode 100644 charts/screenshots_nasdaq/UEC/UEC_4H_20260730_060509.png
 delete mode 100644 charts/screenshots_nasdaq/UEC/UEC_Daily_20260729_064542.png
 create mode 100644 charts/screenshots_nasdaq/UEC/UEC_Daily_20260730_060509.png
 delete mode 100644 charts/screenshots_nasdaq/UEC/UEC_Monthly_20260729_064542.png
 create mode 100644 charts/screenshots_nasdaq/UEC/UEC_Monthly_20260730_060509.png
 delete mode 100644 charts/screenshots_nasdaq/UEC/UEC_Weekly_20260729_064542.png
 create mode 100644 charts/screenshots_nasdaq/UEC/UEC_Weekly_20260730_060509.png
 create mode 100644 charts/screenshots_nasdaq/USAR/USAR_1H_20260730_061013.png
 create mode 100644 charts/screenshots_nasdaq/USAR/USAR_4H_20260730_061013.png
 create mode 100644 charts/screenshots_nasdaq/USAR/USAR_Daily_20260730_061013.png
 create mode 100644 charts/screenshots_nasdaq/USAR/USAR_Monthly_20260730_061013.png
 create mode 100644 charts/screenshots_nasdaq/USAR/USAR_Weekly_20260730_061013.png
 delete mode 100644 charts/screenshots_nasdaq/UTZ/UTZ_1H_20260729_061107.png
 create mode 100644 charts/screenshots_nasdaq/UTZ/UTZ_1H_20260730_053612.png
 delete mode 100644 charts/screenshots_nasdaq/UTZ/UTZ_4H_20260729_061107.png
 create mode 100644 charts/screenshots_nasdaq/UTZ/UTZ_4H_20260730_053612.png
 delete mode 100644 charts/screenshots_nasdaq/UTZ/UTZ_Daily_20260729_061107.png
 create mode 100644 charts/screenshots_nasdaq/UTZ/UTZ_Daily_20260730_053612.png
 delete mode 100644 charts/screenshots_nasdaq/UTZ/UTZ_Monthly_20260729_061107.png
 create mode 100644 charts/screenshots_nasdaq/UTZ/UTZ_Monthly_20260730_053612.png
 delete mode 100644 charts/screenshots_nasdaq/UTZ/UTZ_Weekly_20260729_061107.png
 create mode 100644 charts/screenshots_nasdaq/UTZ/UTZ_Weekly_20260730_053612.png
 create mode 100644 charts/screenshots_nasdaq/UUUU/UUUU_1H_20260730_062558.png
 create mode 100644 charts/screenshots_nasdaq/UUUU/UUUU_4H_20260730_062558.png
 create mode 100644 charts/screenshots_nasdaq/UUUU/UUUU_Daily_20260730_062558.png
 create mode 100644 charts/screenshots_nasdaq/UUUU/UUUU_Monthly_20260730_062558.png
 create mode 100644 charts/screenshots_nasdaq/UUUU/UUUU_Weekly_20260730_062558.png
 delete mode 100644 charts/screenshots_nasdaq/VCTR/VCTR_1H_20260729_060630.png
 delete mode 100644 charts/screenshots_nasdaq/VCTR/VCTR_4H_20260729_060630.png
 delete mode 100644 charts/screenshots_nasdaq/VCTR/VCTR_Daily_20260729_060630.png
 delete mode 100644 charts/screenshots_nasdaq/VCTR/VCTR_Monthly_20260729_060630.png
 delete mode 100644 charts/screenshots_nasdaq/VCTR/VCTR_Weekly_20260729_060630.png
 create mode 100644 charts/screenshots_nasdaq/VICR/VICR_1H_20260730_061206.png
 create mode 100644 charts/screenshots_nasdaq/VICR/VICR_4H_20260730_061206.png
 create mode 100644 charts/screenshots_nasdaq/VICR/VICR_Daily_20260730_061206.png
 create mode 100644 charts/screenshots_nasdaq/VICR/VICR_Monthly_20260730_061206.png
 create mode 100644 charts/screenshots_nasdaq/VICR/VICR_Weekly_20260730_061206.png
 create mode 100644 charts/screenshots_nasdaq/VOD/VOD_1H_20260730_052222.png
 create mode 100644 charts/screenshots_nasdaq/VOD/VOD_4H_20260730_052222.png
 create mode 100644 charts/screenshots_nasdaq/VOD/VOD_Daily_20260730_052222.png
 create mode 100644 charts/screenshots_nasdaq/VOD/VOD_Monthly_20260730_052222.png
 create mode 100644 charts/screenshots_nasdaq/VOD/VOD_Weekly_20260730_052222.png
 create mode 100644 charts/screenshots_nasdaq/VOYG/VOYG_1H_20260730_060006.png
 create mode 100644 charts/screenshots_nasdaq/VOYG/VOYG_4H_20260730_060006.png
 create mode 100644 charts/screenshots_nasdaq/VOYG/VOYG_Daily_20260730_060006.png
 create mode 100644 charts/screenshots_nasdaq/VOYG/VOYG_Monthly_20260730_060006.png
 create mode 100644 charts/screenshots_nasdaq/VOYG/VOYG_Weekly_20260730_060006.png
 delete mode 100644 charts/screenshots_nasdaq/VVX/VVX_1H_20260729_060510.png
 delete mode 100644 charts/screenshots_nasdaq/VVX/VVX_4H_20260729_060510.png
 delete mode 100644 charts/screenshots_nasdaq/VVX/VVX_Daily_20260729_060510.png
 delete mode 100644 charts/screenshots_nasdaq/VVX/VVX_Monthly_20260729_060510.png
 delete mode 100644 charts/screenshots_nasdaq/VVX/VVX_Weekly_20260729_060510.png
 create mode 100644 charts/screenshots_nasdaq/WEX/WEX_1H_20260730_054847.png
 create mode 100644 charts/screenshots_nasdaq/WEX/WEX_4H_20260730_054847.png
 create mode 100644 charts/screenshots_nasdaq/WEX/WEX_Daily_20260730_054847.png
 create mode 100644 charts/screenshots_nasdaq/WEX/WEX_Monthly_20260730_054847.png
 create mode 100644 charts/screenshots_nasdaq/WEX/WEX_Weekly_20260730_054847.png
 delete mode 100644 charts/screenshots_nasdaq/WING/WING_1H_20260729_065223.png
 delete mode 100644 charts/screenshots_nasdaq/WING/WING_4H_20260729_065223.png
 delete mode 100644 charts/screenshots_nasdaq/WING/WING_Daily_20260729_065223.png
 delete mode 100644 charts/screenshots_nasdaq/WING/WING_Monthly_20260729_065223.png
 delete mode 100644 charts/screenshots_nasdaq/WING/WING_Weekly_20260729_065223.png
 delete mode 100644 charts/screenshots_nasdaq/WKC/WKC_1H_20260729_055632.png
 create mode 100644 charts/screenshots_nasdaq/WKC/WKC_1H_20260730_054228.png
 delete mode 100644 charts/screenshots_nasdaq/WKC/WKC_4H_20260729_055632.png
 create mode 100644 charts/screenshots_nasdaq/WKC/WKC_4H_20260730_054228.png
 delete mode 100644 charts/screenshots_nasdaq/WKC/WKC_Daily_20260729_055632.png
 create mode 100644 charts/screenshots_nasdaq/WKC/WKC_Daily_20260730_054228.png
 delete mode 100644 charts/screenshots_nasdaq/WKC/WKC_Monthly_20260729_055632.png
 create mode 100644 charts/screenshots_nasdaq/WKC/WKC_Monthly_20260730_054228.png
 delete mode 100644 charts/screenshots_nasdaq/WKC/WKC_Weekly_20260729_055632.png
 create mode 100644 charts/screenshots_nasdaq/WKC/WKC_Weekly_20260730_054228.png
 create mode 100644 charts/screenshots_nasdaq/WYFI/WYFI_1H_20260730_060044.png
 create mode 100644 charts/screenshots_nasdaq/WYFI/WYFI_4H_20260730_060044.png
 create mode 100644 charts/screenshots_nasdaq/WYFI/WYFI_Daily_20260730_060044.png
 create mode 100644 charts/screenshots_nasdaq/WYFI/WYFI_Monthly_20260730_060044.png
 create mode 100644 charts/screenshots_nasdaq/WYFI/WYFI_Weekly_20260730_060044.png
 delete mode 100644 charts/screenshots_nasdaq/XPEV/XPEV_1H_20260729_065621.png
 delete mode 100644 charts/screenshots_nasdaq/XPEV/XPEV_4H_20260729_065621.png
 delete mode 100644 charts/screenshots_nasdaq/XPEV/XPEV_Daily_20260729_065621.png
 delete mode 100644 charts/screenshots_nasdaq/XPEV/XPEV_Monthly_20260729_065621.png
 delete mode 100644 charts/screenshots_nasdaq/XPEV/XPEV_Weekly_20260729_065621.png
 create mode 100644 charts/screenshots_nasdaq/ZYBT/ZYBT_1H_20260730_055153.png
 create mode 100644 charts/screenshots_nasdaq/ZYBT/ZYBT_4H_20260730_055153.png
 create mode 100644 charts/screenshots_nasdaq/ZYBT/ZYBT_Daily_20260730_055153.png
 create mode 100644 charts/screenshots_nasdaq/ZYBT/ZYBT_Monthly_20260730_055153.png
 create mode 100644 charts/screenshots_nasdaq/ZYBT/ZYBT_Weekly_20260730_055153.png
[[NASDAQ/NYSE 차트분석]] GitHub 푸시 완료
[[NASDAQ/NYSE 차트분석]] Google Sheets 업데이트 완료 (115개 종목)
[Paper Trading] NASDAQ ranked_df 스냅샷 저장 완료 (213개 종목)

[요약] 전 종목 스캔 완료 – 총 6455.6초 (107.59분) 소요
