============================================================
[1단계] 전 종목 리스트 수집 및 기본 필터링
============================================================
[ticker_fetcher] 나스닥 FTP 서버에서 종목 리스트 다운로드 중...
[ticker_fetcher] 총 7475개 종목 로드 → 비표준 심볼 1247개 제거 → 6228개 보통주
[ticker_fetcher] 1단계 필터링 배치 1/42 (150개 종목)...
[ticker_fetcher] 1단계 필터링 배치 2/42 (150개 종목)...
[ticker_fetcher] 1단계 필터링 배치 3/42 (150개 종목)...
[ticker_fetcher] 1단계 필터링 배치 4/42 (150개 종목)...
[ticker_fetcher] 1단계 필터링 배치 5/42 (150개 종목)...
[ticker_fetcher] 1단계 필터링 배치 6/42 (150개 종목)...
[ticker_fetcher] 1단계 필터링 배치 7/42 (150개 종목)...
[ticker_fetcher] 1단계 필터링 배치 8/42 (150개 종목)...
[ticker_fetcher] 1단계 필터링 배치 9/42 (150개 종목)...
[ticker_fetcher] 1단계 필터링 배치 10/42 (150개 종목)...
[ticker_fetcher] 1단계 필터링 배치 11/42 (150개 종목)...
[ticker_fetcher] 1단계 필터링 배치 12/42 (150개 종목)...
[ticker_fetcher] 1단계 필터링 배치 13/42 (150개 종목)...
[ticker_fetcher] 1단계 필터링 배치 14/42 (150개 종목)...
[ticker_fetcher] 1단계 필터링 배치 15/42 (150개 종목)...
[ticker_fetcher] 1단계 필터링 배치 16/42 (150개 종목)...
[ticker_fetcher] 1단계 필터링 배치 17/42 (150개 종목)...
[ticker_fetcher] 1단계 필터링 배치 18/42 (150개 종목)...
[ticker_fetcher] 1단계 필터링 배치 19/42 (150개 종목)...
[ticker_fetcher] 1단계 필터링 배치 20/42 (150개 종목)...
[ticker_fetcher] 1단계 필터링 배치 21/42 (150개 종목)...
[ticker_fetcher] 1단계 필터링 배치 22/42 (150개 종목)...
[ticker_fetcher] 1단계 필터링 배치 23/42 (150개 종목)...
[ticker_fetcher] 1단계 필터링 배치 24/42 (150개 종목)...
[ticker_fetcher] 1단계 필터링 배치 25/42 (150개 종목)...
[ticker_fetcher] 1단계 필터링 배치 26/42 (150개 종목)...
[ticker_fetcher] 1단계 필터링 배치 27/42 (150개 종목)...
[ticker_fetcher] 1단계 필터링 배치 28/42 (150개 종목)...
[ticker_fetcher] 1단계 필터링 배치 29/42 (150개 종목)...
[ticker_fetcher] 1단계 필터링 배치 30/42 (150개 종목)...
[ticker_fetcher] 1단계 필터링 배치 31/42 (150개 종목)...
[ticker_fetcher] 1단계 필터링 배치 32/42 (150개 종목)...
[ticker_fetcher] 1단계 필터링 배치 33/42 (150개 종목)...
[ticker_fetcher] 1단계 필터링 배치 34/42 (150개 종목)...
[ticker_fetcher] 1단계 필터링 배치 35/42 (150개 종목)...
[ticker_fetcher] 1단계 필터링 배치 36/42 (150개 종목)...
[ticker_fetcher] 1단계 필터링 배치 37/42 (150개 종목)...
[ticker_fetcher] 1단계 필터링 배치 38/42 (150개 종목)...
[ticker_fetcher] 1단계 필터링 배치 39/42 (150개 종목)...
[ticker_fetcher] 1단계 필터링 배치 40/42 (150개 종목)...
[ticker_fetcher] 1단계 필터링 배치 41/42 (150개 종목)...
[ticker_fetcher] 1단계 필터링 배치 42/42 (78개 종목)...
[ticker_fetcher] 1단계 필터링 완료: 6228개 → 4202개 (가격 ≥ $1.0, 평균 거래량 ≥ 100,000)

============================================================
[2단계] 바닥 탈출 / 강세 돌파 후보 선별
============================================================
[2단계] 배치 1/29 (150개 종목 분석 중)...
[2단계] 배치 2/29 (150개 종목 분석 중)...
[2단계] 배치 3/29 (150개 종목 분석 중)...
[2단계] 배치 4/29 (150개 종목 분석 중)...
[2단계] 배치 5/29 (150개 종목 분석 중)...
[2단계] 배치 6/29 (150개 종목 분석 중)...
[2단계] 배치 7/29 (150개 종목 분석 중)...
[2단계] 배치 8/29 (150개 종목 분석 중)...
[2단계] 배치 9/29 (150개 종목 분석 중)...
[2단계] 배치 10/29 (150개 종목 분석 중)...
[2단계] 배치 11/29 (150개 종목 분석 중)...
[2단계] 배치 12/29 (150개 종목 분석 중)...
[2단계] 배치 13/29 (150개 종목 분석 중)...
[2단계] 배치 14/29 (150개 종목 분석 중)...
[2단계] 배치 15/29 (150개 종목 분석 중)...
[2단계] 배치 16/29 (150개 종목 분석 중)...
[2단계] 배치 17/29 (150개 종목 분석 중)...
[2단계] 배치 18/29 (150개 종목 분석 중)...
[2단계] 배치 19/29 (150개 종목 분석 중)...
[2단계] 배치 20/29 (150개 종목 분석 중)...
[2단계] 배치 21/29 (150개 종목 분석 중)...
[2단계] 배치 22/29 (150개 종목 분석 중)...
[2단계] 배치 23/29 (150개 종목 분석 중)...
[2단계] 배치 24/29 (150개 종목 분석 중)...
[2단계] 배치 25/29 (150개 종목 분석 중)...
[2단계] 배치 26/29 (150개 종목 분석 중)...
[2단계] 배치 27/29 (150개 종목 분석 중)...
[2단계] 배치 28/29 (150개 종목 분석 중)...
[2단계] 배치 29/29 (2개 종목 분석 중)...
[2단계] 필터링 완료: 4202개 → 853개 후보 선별

============================================================
[3단계] 853개 후보 종목 정밀 분석
============================================================
[OHLCV] 배치 다운로드 1/6 (150개 종목, period=5y)...
[OHLCV] 배치 다운로드 2/6 (150개 종목, period=5y)...
[OHLCV] 배치 다운로드 3/6 (150개 종목, period=5y)...
[OHLCV] 배치 다운로드 4/6 (150개 종목, period=5y)...
[OHLCV] 배치 다운로드 5/6 (150개 종목, period=5y)...
[OHLCV] 배치 다운로드 6/6 (103개 종목, period=5y)...
[DataValidator] 667건의 데이터 품질 경고 발생
Warning:  AAOI: 비정상 가격 변동 67.1% (2023-08-04) — 스플릿/데이터 오류 가능
Warning:  AARD: Close NaN 비율 71.5% (기준: 30%)
Warning:  AARD: 비정상 가격 변동 56.2% (2026-03-02) — 스플릿/데이터 오류 가능
Warning:  ABAT: 비정상 가격 변동 60.4% (2024-12-23) — 스플릿/데이터 오류 가능
Warning:  ABTC: 비정상 가격 변동 173.1% (2025-05-12) — 스플릿/데이터 오류 가능
Warning:  ABVC: 비정상 가격 변동 137.4% (2021-11-01) — 스플릿/데이터 오류 가능
Warning:  ACB: 비정상 가격 변동 72.2% (2023-09-11) — 스플릿/데이터 오류 가능
Warning:  ACRS: 비정상 가격 변동 86.4% (2023-11-13) — 스플릿/데이터 오류 가능
Warning:  ACTU: Close NaN 비율 61.4% (기준: 30%)
Warning:  ADCT: 비정상 가격 변동 63.1% (2023-12-13) — 스플릿/데이터 오류 가능
Warning:  AGIG: 비정상 가격 변동 494.7% (2022-03-07) — 스플릿/데이터 오류 가능
Warning:  AGPU: 비정상 가격 변동 119.8% (2026-04-01) — 스플릿/데이터 오류 가능
Warning:  AHMA: Close NaN 비율 85.2% (기준: 30%)
Warning:  AHMA: 비정상 가격 변동 198.1% (2025-12-01) — 스플릿/데이터 오류 가능
Warning:  AHR: Close NaN 비율 51.2% (기준: 30%)
Warning:  AIFF: 비정상 가격 변동 171.0% (2025-02-11) — 스플릿/데이터 오류 가능
Warning:  AIHS: 비정상 가격 변동 63.8% (2022-08-08) — 스플릿/데이터 오류 가능
Warning:  AIIO: 비정상 가격 변동 116.1% (2026-05-14) — 스플릿/데이터 오류 가능
Warning:  AIRO: Close NaN 비율 78.1% (기준: 30%)
Warning:  AIRS: 비정상 가격 변동 51.6% (2026-03-16) — 스플릿/데이터 오류 가능
Warning:  AISP: 비정상 가격 변동 200.0% (2024-03-05) — 스플릿/데이터 오류 가능
Warning:  AIXI: Close NaN 비율 32.8% (기준: 30%)
Warning:  AIXI: 비정상 가격 변동 513.7% (2026-04-06) — 스플릿/데이터 오류 가능
Warning:  AKBA: 비정상 가격 변동 66.0% (2022-03-30) — 스플릿/데이터 오류 가능
Warning:  ALAR: 비정상 가격 변동 51.5% (2026-07-06) — 스플릿/데이터 오류 가능
Warning:  ALDX: 비정상 가격 변동 73.3% (2025-04-03) — 스플릿/데이터 오류 가능
Warning:  ALGS: 비정상 가격 변동 56.7% (2022-01-06) — 스플릿/데이터 오류 가능
Warning:  ALMU: Close NaN 비율 32.3% (기준: 30%)
Warning:  ALMU: 비정상 가격 변동 66.7% (2023-03-20) — 스플릿/데이터 오류 가능
Warning:  ALOY: 비정상 가격 변동 226.6% (2025-01-22) — 스플릿/데이터 오류 가능
Warning:  ALT: 비정상 가격 변동 54.7% (2023-03-21) — 스플릿/데이터 오류 가능
Warning:  ALZN: 비정상 가격 변동 186.8% (2024-08-19) — 스플릿/데이터 오류 가능
Warning:  AMCI: Close NaN 비율 30.4% (기준: 30%)
Warning:  AMCI: 비정상 가격 변동 168.3% (2025-12-15) — 스플릿/데이터 오류 가능
Warning:  AMCI: 거래량 0 연속 15일 (기준: 5일) — 상장폐지/거래정지 가능
Warning:  AMIX: Close NaN 비율 50.6% (기준: 30%)
Warning:  AMIX: 비정상 가격 변동 123.3% (2024-07-15) — 스플릿/데이터 오류 가능
Warning:  AMPX: 비정상 가격 변동 86.4% (2022-09-20) — 스플릿/데이터 오류 가능
Warning:  AMSC: 비정상 가격 변동 60.0% (2023-08-01) — 스플릿/데이터 오류 가능
Warning:  AMST: 비정상 가격 변동 120.1% (2026-05-19) — 스플릿/데이터 오류 가능
Warning:  ANGX: Close NaN 비율 82.9% (기준: 30%)
Warning:  ANNA: 비정상 가격 변동 86.5% (2026-03-20) — 스플릿/데이터 오류 가능
Warning:  ANVS: 비정상 가격 변동 76.1% (2024-07-02) — 스플릿/데이터 오류 가능
Warning:  ANY: 비정상 가격 변동 111.6% (2026-06-01) — 스플릿/데이터 오류 가능
Warning:  ARCT: 비정상 가격 변동 68.1% (2021-08-03) — 스플릿/데이터 오류 가능
Warning:  AREC: 비정상 가격 변동 83.5% (2025-04-16) — 스플릿/데이터 오류 가능
Warning:  AREN: 비정상 가격 변동 207.0% (2024-11-15) — 스플릿/데이터 오류 가능
Warning:  ARMP: 비정상 가격 변동 103.2% (2025-10-22) — 스플릿/데이터 오류 가능
Warning:  ARQQ: 비정상 가격 변동 56.9% (2025-03-17) — 스플릿/데이터 오류 가능
Warning:  ARTL: 비정상 가격 변동 230.4% (2026-03-27) — 스플릿/데이터 오류 가능
Warning:  ARX: Close NaN 비율 80.2% (기준: 30%)
Warning:  ASST: Close NaN 비율 31.0% (기준: 30%)
Warning:  ASST: 비정상 가격 변동 455.7% (2025-05-07) — 스플릿/데이터 오류 가능
Warning:  ASTC: 비정상 가격 변동 459.1% (2026-05-27) — 스플릿/데이터 오류 가능
Warning:  ASTI: 비정상 가격 변동 143.8% (2025-06-26) — 스플릿/데이터 오류 가능
Warning:  ASTS: 비정상 가격 변동 69.2% (2024-05-29) — 스플릿/데이터 오류 가능
Warning:  ATLX: 비정상 가격 변동 60.5% (2023-02-23) — 스플릿/데이터 오류 가능
Warning:  ATOM: 비정상 가격 변동 64.0% (2026-02-13) — 스플릿/데이터 오류 가능
Warning:  ATPC: Close NaN 비율 42.9% (기준: 30%)
Warning:  ATPC: 비정상 가격 변동 164.7% (2025-12-11) — 스플릿/데이터 오류 가능
Warning:  AUGO: Close NaN 비율 79.8% (기준: 30%)
Warning:  AURE: Close NaN 비율 39.4% (기준: 30%)
Warning:  AURE: 비정상 가격 변동 89.7% (2024-08-26) — 스플릿/데이터 오류 가능
Warning:  AUUD: 비정상 가격 변동 181.8% (2023-06-12) — 스플릿/데이터 오류 가능
Warning:  AXTI: 비정상 가격 변동 69.3% (2024-02-23) — 스플릿/데이터 오류 가능
Warning:  AZI: Close NaN 비율 62.3% (기준: 30%)
Warning:  AZI: 비정상 가격 변동 146.2% (2026-03-09) — 스플릿/데이터 오류 가능
Warning:  AZIO: 비정상 가격 변동 442.1% (2026-01-12) — 스플릿/데이터 오류 가능
Warning:  BATL: 비정상 가격 변동 211.7% (2026-01-26) — 스플릿/데이터 오류 가능
Warning:  BBAI: 비정상 가격 변동 260.5% (2023-01-12) — 스플릿/데이터 오류 가능
Warning:  BCTX: 비정상 가격 변동 1494.6% (2025-01-29) — 스플릿/데이터 오류 가능
Warning:  BDMD: 비정상 가격 변동 623.8% (2024-12-31) — 스플릿/데이터 오류 가능
Warning:  BDRX: 비정상 가격 변동 88.6% (2024-03-28) — 스플릿/데이터 오류 가능
Warning:  BDTX: 비정상 가격 변동 235.9% (2023-06-27) — 스플릿/데이터 오류 가능
Warning:  BEEP: Close NaN 비율 42.2% (기준: 30%)
Warning:  BEEP: 비정상 가격 변동 77.9% (2023-10-05) — 스플릿/데이터 오류 가능
Warning:  BESS: 비정상 가격 변동 7042.9% (2025-02-10) — 스플릿/데이터 오류 가능
Warning:  BESS: 거래량 0 연속 6일 (기준: 5일) — 상장폐지/거래정지 가능
Warning:  BETR: 비정상 가격 변동 223.0% (2023-07-25) — 스플릿/데이터 오류 가능
Warning:  BGDE: 비정상 가격 변동 94.1% (2024-12-05) — 스플릿/데이터 오류 가능
Warning:  BIRD: 비정상 가격 변동 582.3% (2026-04-15) — 스플릿/데이터 오류 가능
Warning:  BIVI: 비정상 가격 변동 109.8% (2024-10-18) — 스플릿/데이터 오류 가능
Warning:  BIYA: Close NaN 비율 73.5% (기준: 30%)
Warning:  BIYA: 비정상 가격 변동 110.4% (2026-05-22) — 스플릿/데이터 오류 가능
Warning:  BJDX: 비정상 가격 변동 112.5% (2025-04-07) — 스플릿/데이터 오류 가능
Warning:  BKKT: 비정상 가격 변동 234.4% (2021-10-25) — 스플릿/데이터 오류 가능
Warning:  BKSY: 비정상 가격 변동 97.5% (2022-05-25) — 스플릿/데이터 오류 가능
Warning:  BLSH: Close NaN 비율 81.4% (기준: 30%)
Warning:  BMEA: 비정상 가격 변동 99.0% (2023-03-28) — 스플릿/데이터 오류 가능
Warning:  BMNR: Close NaN 비율 77.6% (기준: 30%)
Warning:  BMNR: 비정상 가격 변동 694.8% (2025-06-30) — 스플릿/데이터 오류 가능
Warning:  BNAI: 비정상 가격 변동 276.7% (2026-01-26) — 스플릿/데이터 오류 가능
Warning:  BNC: 비정상 가격 변동 548.8% (2025-07-28) — 스플릿/데이터 오류 가능
Warning:  BNKK: 비정상 가격 변동 51.1% (2025-08-11) — 스플릿/데이터 오류 가능
Warning:  BNZI: 비정상 가격 변동 97.6% (2024-09-20) — 스플릿/데이터 오류 가능
Warning:  BOXL: 비정상 가격 변동 265.2% (2025-01-06) — 스플릿/데이터 오류 가능
Warning:  BRCB: Close NaN 비율 83.0% (기준: 30%)
Warning:  BRIA: Close NaN 비율 67.4% (기준: 30%)
Warning:  BRIA: 비정상 가격 변동 62.1% (2025-09-04) — 스플릿/데이터 오류 가능
Warning:  BRR: Close NaN 비율 77.8% (기준: 30%)
Warning:  BTBT: 비정상 가격 변동 109.7% (2021-07-26) — 스플릿/데이터 오류 가능
Warning:  BTDR: 비정상 가격 변동 50.9% (2023-06-16) — 스플릿/데이터 오류 가능
Warning:  BTGO: Close NaN 비율 90.1% (기준: 30%)
Warning:  BTQ: Close NaN 비율 83.8% (기준: 30%)
Warning:  BTQ: 비정상 가격 변동 51.5% (2025-10-07) — 스플릿/데이터 오류 가능
Warning:  BULL: 비정상 가격 변동 374.7% (2025-04-14) — 스플릿/데이터 오류 가능
Warning:  BUR: 비정상 가격 변동 53.2% (2023-03-31) — 스플릿/데이터 오류 가능
Warning:  BW: 비정상 가격 변동 66.9% (2025-06-05) — 스플릿/데이터 오류 가능
Warning:  BZAI: 비정상 가격 변동 58.7% (2025-07-18) — 스플릿/데이터 오류 가능
Warning:  CAI: Close NaN 비율 78.3% (기준: 30%)
Warning:  CAMP: Close NaN 비율 64.8% (기준: 30%)
Warning:  CAMP: 비정상 가격 변동 66.0% (2024-12-05) — 스플릿/데이터 오류 가능
Warning:  CANF: 비정상 가격 변동 69.3% (2021-12-20) — 스플릿/데이터 오류 가능
Warning:  CAR: 비정상 가격 변동 108.3% (2021-11-02) — 스플릿/데이터 오류 가능
Warning:  CBUS: 비정상 가격 변동 89.8% (2023-01-17) — 스플릿/데이터 오류 가능
Warning:  CCHH: Close NaN 비율 84.2% (기준: 30%)
Warning:  CCHH: 비정상 가격 변동 135.2% (2026-02-09) — 스플릿/데이터 오류 가능
Warning:  CD: 비정상 가격 변동 81.4% (2024-11-11) — 스플릿/데이터 오류 가능
Warning:  CDT: Close NaN 비율 43.7% (기준: 30%)
Warning:  CDT: 비정상 가격 변동 83.9% (2025-02-07) — 스플릿/데이터 오류 가능
Warning:  CDTG: Close NaN 비율 55.1% (기준: 30%)
Warning:  CDTG: 비정상 가격 변동 88.4% (2025-09-09) — 스플릿/데이터 오류 가능
Warning:  CETX: 비정상 가격 변동 129.6% (2025-12-08) — 스플릿/데이터 오류 가능
Warning:  CGTL: Close NaN 비율 67.3% (기준: 30%)
Warning:  CGTL: 비정상 가격 변동 151.4% (2026-05-28) — 스플릿/데이터 오류 가능
Warning:  CHA: Close NaN 비율 75.0% (기준: 30%)
Warning:  CHSN: Close NaN 비율 34.0% (기준: 30%)
Warning:  CHSN: 비정상 가격 변동 387.2% (2024-10-04) — 스플릿/데이터 오류 가능
Warning:  CIIT: 비정상 가격 변동 924.0% (2026-05-29) — 스플릿/데이터 오류 가능
Warning:  CING: 비정상 가격 변동 268.5% (2024-08-16) — 스플릿/데이터 오류 가능
Warning:  CISS: Close NaN 비율 38.2% (기준: 30%)
Warning:  CISS: 비정상 가격 변동 84.2% (2025-10-07) — 스플릿/데이터 오류 가능
Warning:  CJMB: Close NaN 비율 71.0% (기준: 30%)
Warning:  CJMB: 비정상 가격 변동 275.0% (2026-01-15) — 스플릿/데이터 오류 가능
Warning:  CLIK: Close NaN 비율 64.6% (기준: 30%)
Warning:  CLIK: 비정상 가격 변동 153.6% (2025-05-15) — 스플릿/데이터 오류 가능
Warning:  CLRB: 비정상 가격 변동 75.8% (2024-12-11) — 스플릿/데이터 오류 가능
Warning:  CMND: 비정상 가격 변동 62.2% (2023-04-04) — 스플릿/데이터 오류 가능
Warning:  CMPX: 비정상 가격 변동 64.4% (2026-04-27) — 스플릿/데이터 오류 가능
Warning:  CMTL: 비정상 가격 변동 87.6% (2024-06-18) — 스플릿/데이터 오류 가능
Warning:  CNET: 비정상 가격 변동 52.9% (2023-12-05) — 스플릿/데이터 오류 가능
Warning:  CNTN: 비정상 가격 변동 206.8% (2025-08-20) — 스플릿/데이터 오류 가능
Warning:  CNVS: 비정상 가격 변동 51.6% (2024-02-14) — 스플릿/데이터 오류 가능
Warning:  CODX: 비정상 가격 변동 259.0% (2025-10-27) — 스플릿/데이터 오류 가능
Warning:  CPSH: 비정상 가격 변동 85.3% (2026-05-26) — 스플릿/데이터 오류 가능
Warning:  CRBP: 비정상 가격 변동 249.4% (2024-01-26) — 스플릿/데이터 오류 가능
Warning:  CRCL: Close NaN 비율 77.6% (기준: 30%)
Warning:  CRE: Close NaN 비율 80.2% (기준: 30%)
Warning:  CRE: 비정상 가격 변동 78.6% (2025-08-13) — 스플릿/데이터 오류 가능
Warning:  CRIS: 비정상 가격 변동 52.4% (2026-06-26) — 스플릿/데이터 오류 가능
Warning:  CRML: 비정상 가격 변동 120.6% (2024-02-27) — 스플릿/데이터 오류 가능
Warning:  CRMT: 비정상 가격 변동 55.0% (2026-06-10) — 스플릿/데이터 오류 가능
Warning:  CRNX: 비정상 가격 변동 98.7% (2026-07-07) — 스플릿/데이터 오류 가능
Warning:  CRVO: 비정상 가격 변동 161.4% (2025-03-12) — 스플릿/데이터 오류 가능
Warning:  CRWV: Close NaN 비율 73.9% (기준: 30%)
Warning:  CTEV: 비정상 가격 변동 94.9% (2024-12-24) — 스플릿/데이터 오류 가능
Warning:  CTNT: Close NaN 비율 40.7% (기준: 30%)
Warning:  CTNT: 비정상 가격 변동 437.8% (2024-05-14) — 스플릿/데이터 오류 가능
Warning:  CUPR: Close NaN 비율 74.6% (기준: 30%)
Warning:  CUPR: 비정상 가격 변동 130.8% (2025-09-10) — 스플릿/데이터 오류 가능
Warning:  CV: Close NaN 비율 79.0% (기준: 30%)
Warning:  CVRX: 비정상 가격 변동 58.8% (2023-02-21) — 스플릿/데이터 오류 가능
Warning:  CYN: 비정상 가격 변동 208.3% (2025-02-10) — 스플릿/데이터 오류 가능
Warning:  DAIC: Close NaN 비율 78.5% (기준: 30%)
Warning:  DAIC: 비정상 가격 변동 77.7% (2025-07-02) — 스플릿/데이터 오류 가능
Warning:  DARE: 비정상 가격 변동 52.0% (2026-04-16) — 스플릿/데이터 오류 가능
Warning:  DAVE: 비정상 가격 변동 64.4% (2024-03-05) — 스플릿/데이터 오류 가능
Warning:  DCOY: 비정상 가격 변동 134.5% (2025-01-13) — 스플릿/데이터 오류 가능
Warning:  DFDV: Close NaN 비율 40.3% (기준: 30%)
Warning:  DFDV: 비정상 가격 변동 842.5% (2025-04-07) — 스플릿/데이터 오류 가능
Warning:  DFLI: 비정상 가격 변동 102.6% (2022-10-05) — 스플릿/데이터 오류 가능
Warning:  DFNS: 비정상 가격 변동 12216.4% (2026-07-08) — 스플릿/데이터 오류 가능
Warning:  DGNX: Close NaN 비율 70.2% (기준: 30%)
Warning:  DGNX: 비정상 가격 변동 234.6% (2025-01-29) — 스플릿/데이터 오류 가능
Warning:  DJT: 비정상 가격 변동 356.8% (2021-10-21) — 스플릿/데이터 오류 가능
Warning:  DMRA: 비정상 가격 변동 383.0% (2025-10-07) — 스플릿/데이터 오류 가능
Warning:  DPRO: 비정상 가격 변동 52.8% (2024-02-22) — 스플릿/데이터 오류 가능
Warning:  DSY: 비정상 가격 변동 291.3% (2026-06-10) — 스플릿/데이터 오류 가능
Warning:  DTCX: 비정상 가격 변동 69.3% (2023-05-12) — 스플릿/데이터 오류 가능
Warning:  DXST: Close NaN 비율 70.2% (기준: 30%)
Warning:  DXST: 비정상 가격 변동 209.4% (2026-06-02) — 스플릿/데이터 오류 가능
Warning:  DXYZ: Close NaN 비율 53.8% (기준: 30%)
Warning:  DXYZ: 비정상 가격 변동 95.6% (2024-03-27) — 스플릿/데이터 오류 가능
Warning:  ECX: 비정상 가격 변동 95.9% (2023-02-22) — 스플릿/데이터 오류 가능
Warning:  EDBL: 비정상 가격 변동 80.0% (2025-05-20) — 스플릿/데이터 오류 가능
Warning:  EDHL: Close NaN 비율 75.0% (기준: 30%)
Warning:  EDHL: 비정상 가격 변동 114.4% (2025-10-14) — 스플릿/데이터 오류 가능
Warning:  EFOR: 비정상 가격 변동 51.7% (2026-04-23) — 스플릿/데이터 오류 가능
Warning:  EHGO: Close NaN 비율 59.1% (기준: 30%)
Warning:  EHGO: 비정상 가격 변동 125.6% (2026-06-22) — 스플릿/데이터 오류 가능
Warning:  ELAB: Close NaN 비율 47.0% (기준: 30%)
Warning:  ELAB: 비정상 가격 변동 133.7% (2026-04-01) — 스플릿/데이터 오류 가능
Warning:  ELTX: 비정상 가격 변동 81.5% (2023-06-02) — 스플릿/데이터 오류 가능
Warning:  EMBC: 비정상 가격 변동 57.8% (2026-05-05) — 스플릿/데이터 오류 가능
Warning:  EMPD: 비정상 가격 변동 134.3% (2025-07-17) — 스플릿/데이터 오류 가능
Warning:  ENGN: 비정상 가격 변동 116.5% (2024-02-14) — 스플릿/데이터 오류 가능
Warning:  ENGS: Close NaN 비율 74.0% (기준: 30%)
Warning:  ENGS: 비정상 가격 변동 67.6% (2025-11-06) — 스플릿/데이터 오류 가능
Warning:  ENVB: 비정상 가격 변동 136.2% (2023-05-18) — 스플릿/데이터 오류 가능
Warning:  EQPT: Close NaN 비율 90.3% (기준: 30%)
Warning:  ERNA: 비정상 가격 변동 66.6% (2026-05-12) — 스플릿/데이터 오류 가능
Warning:  EVER: 비정상 가격 변동 63.0% (2026-05-05) — 스플릿/데이터 오류 가능
Warning:  EVGO: 비정상 가격 변동 60.8% (2024-10-03) — 스플릿/데이터 오류 가능
Warning:  EVMN: Close NaN 비율 86.1% (기준: 30%)
Warning:  EVMN: 비정상 가격 변동 70.9% (2026-02-10) — 스플릿/데이터 오류 가능
Warning:  EVTL: 비정상 가격 변동 72.4% (2022-07-15) — 스플릿/데이터 오류 가능
Warning:  EZGO: 비정상 가격 변동 91.6% (2026-05-06) — 스플릿/데이터 오류 가능
Warning:  FAC: Close NaN 비율 78.6% (기준: 30%)
Warning:  FBRX: 비정상 가격 변동 128.7% (2024-11-20) — 스플릿/데이터 오류 가능
Warning:  FCUV: 비정상 가격 변동 278.0% (2021-09-01) — 스플릿/데이터 오류 가능
Warning:  FEAM: 비정상 가격 변동 51.5% (2024-12-30) — 스플릿/데이터 오류 가능
Warning:  FGL: Close NaN 비율 65.4% (기준: 30%)
Warning:  FGL: 비정상 가격 변동 56.0% (2026-02-10) — 스플릿/데이터 오류 가능
Warning:  FGNX: 비정상 가격 변동 84.2% (2025-08-01) — 스플릿/데이터 오류 가능
Warning:  FIG: Close NaN 비율 80.6% (기준: 30%)
Warning:  FIGR: Close NaN 비율 82.9% (기준: 30%)
Warning:  FJET: Close NaN 비율 88.4% (기준: 30%)
Warning:  FJET: 비정상 가격 변동 370.9% (2025-12-22) — 스플릿/데이터 오류 가능
Warning:  FLNA: 비정상 가격 변동 83.8% (2024-11-25) — 스플릿/데이터 오류 가능
Warning:  FLY: Close NaN 비율 81.0% (기준: 30%)
Warning:  FLYX: Close NaN 비율 49.1% (기준: 30%)
Warning:  FLYX: 비정상 가격 변동 130.3% (2026-01-08) — 스플릿/데이터 오류 가능
Warning:  FLZH: 비정상 가격 변동 417.0% (2026-03-25) — 스플릿/데이터 오류 가능
Warning:  FMST: Close NaN 비율 39.2% (기준: 30%)
Warning:  FMST: 비정상 가격 변동 51.1% (2025-05-12) — 스플릿/데이터 오류 가능
Warning:  FNUC: 비정상 가격 변동 348.1% (2024-12-18) — 스플릿/데이터 오류 가능
Warning:  FOFO: Close NaN 비율 83.0% (기준: 30%)
Warning:  FOFO: 비정상 가격 변동 64.3% (2026-06-03) — 스플릿/데이터 오류 가능
Warning:  FRGT: 비정상 가격 변동 114.3% (2023-12-14) — 스플릿/데이터 오류 가능
Warning:  FRMI: Close NaN 비율 84.1% (기준: 30%)
Warning:  FRMM: 비정상 가격 변동 325.7% (2024-10-16) — 스플릿/데이터 오류 가능
Warning:  FTCI: 비정상 가격 변동 104.0% (2024-09-11) — 스플릿/데이터 오류 가능
Warning:  FUBO: 비정상 가격 변동 251.4% (2025-01-06) — 스플릿/데이터 오류 가능
Warning:  FUFU: 비정상 가격 변동 105.8% (2024-03-04) — 스플릿/데이터 오류 가능
Warning:  FULC: 비정상 가격 변동 125.3% (2021-08-10) — 스플릿/데이터 오류 가능
Warning:  FWDI: 비정상 가격 변동 58.7% (2025-09-08) — 스플릿/데이터 오류 가능
Warning:  FXHO: 비정상 가격 변동 223.5% (2023-05-01) — 스플릿/데이터 오류 가능
Warning:  GAMB: 비정상 가격 변동 66.9% (2021-08-27) — 스플릿/데이터 오류 가능
Warning:  GDC: 비정상 가격 변동 1140.0% (2023-05-01) — 스플릿/데이터 오류 가능
Warning:  GDHG: Close NaN 비율 34.7% (기준: 30%)
Warning:  GDHG: 비정상 가격 변동 94.4% (2025-03-25) — 스플릿/데이터 오류 가능
Warning:  GEMI: Close NaN 비율 83.0% (기준: 30%)
Warning:  GEOS: 비정상 가격 변동 60.1% (2025-06-23) — 스플릿/데이터 오류 가능
Warning:  GIPR: 비정상 가격 변동 75.8% (2026-05-19) — 스플릿/데이터 오류 가능
Warning:  GITS: Close NaN 비율 40.7% (기준: 30%)
Warning:  GITS: 비정상 가격 변동 3044.3% (2025-01-27) — 스플릿/데이터 오류 가능
Warning:  GLOO: Close NaN 비율 86.8% (기준: 30%)
Warning:  GMEX: Close NaN 비율 41.1% (기준: 30%)
Warning:  GMEX: 비정상 가격 변동 81.8% (2024-12-18) — 스플릿/데이터 오류 가능
Warning:  GMM: Close NaN 비율 44.5% (기준: 30%)
Warning:  GMM: 비정상 가격 변동 1467.7% (2024-11-26) — 스플릿/데이터 오류 가능
Warning:  GNLX: Close NaN 비율 30.5% (기준: 30%)
Warning:  GNLX: 비정상 가격 변동 60.4% (2023-03-06) — 스플릿/데이터 오류 가능
Warning:  GNTA: 비정상 가격 변동 92.0% (2025-10-24) — 스플릿/데이터 오류 가능
Warning:  GOTU: 비정상 가격 변동 63.3% (2021-07-23) — 스플릿/데이터 오류 가능
Warning:  GP: 비정상 가격 변동 51.0% (2026-01-09) — 스플릿/데이터 오류 가능
Warning:  GRCE: 비정상 가격 변동 52.3% (2021-12-22) — 스플릿/데이터 오류 가능
Warning:  GSIT: 비정상 가격 변동 210.4% (2023-05-12) — 스플릿/데이터 오류 가능
Warning:  GVH: Close NaN 비율 46.3% (기준: 30%)
Warning:  GVH: 비정상 가격 변동 74.2% (2025-06-26) — 스플릿/데이터 오류 가능
Warning:  GXAI: Close NaN 비율 31.6% (기준: 30%)
Warning:  GXAI: 비정상 가격 변동 177.3% (2024-02-16) — 스플릿/데이터 오류 가능
Warning:  HCTI: 비정상 가격 변동 233.3% (2025-06-12) — 스플릿/데이터 오류 가능
Warning:  HERE: Close NaN 비율 30.4% (기준: 30%)
Warning:  HERE: 비정상 가격 변동 130.3% (2023-05-24) — 스플릿/데이터 오류 가능
Warning:  HKIT: Close NaN 비율 34.1% (기준: 30%)
Warning:  HKIT: 비정상 가격 변동 350.7% (2026-06-01) — 스플릿/데이터 오류 가능
Warning:  HNGE: Close NaN 비율 76.9% (기준: 30%)
Warning:  HODO: Close NaN 비율 72.6% (기준: 30%)
Warning:  HODO: 비정상 가격 변동 80.8% (2025-04-01) — 스플릿/데이터 오류 가능
Warning:  HOLO: 비정상 가격 변동 1092.1% (2024-02-07) — 스플릿/데이터 오류 가능
Warning:  HOVR: Close NaN 비율 34.2% (기준: 30%)
Warning:  HOVR: 비정상 가격 변동 75.6% (2024-03-06) — 스플릿/데이터 오류 가능
Warning:  HSDT: 비정상 가격 변동 145.3% (2022-08-03) — 스플릿/데이터 오류 가능
Warning:  HTCO: 비정상 가격 변동 239.7% (2026-04-27) — 스플릿/데이터 오류 가능
Warning:  HTZ: 비정상 가격 변동 56.4% (2025-04-16) — 스플릿/데이터 오류 가능
Warning:  HUBC: 비정상 가격 변동 186.8% (2023-10-09) — 스플릿/데이터 오류 가능
Warning:  HYFT: 비정상 가격 변동 136.5% (2021-07-22) — 스플릿/데이터 오류 가능
Warning:  HYLN: 비정상 가격 변동 50.0% (2025-05-28) — 스플릿/데이터 오류 가능
Warning:  HYMC: 비정상 가격 변동 203.0% (2022-03-08) — 스플릿/데이터 오류 가능
Warning:  HYPD: 비정상 가격 변동 134.7% (2025-06-17) — 스플릿/데이터 오류 가능
Warning:  IBIO: 비정상 가격 변동 192.2% (2024-03-27) — 스플릿/데이터 오류 가능
Warning:  ICCM: 비정상 가격 변동 200.5% (2026-06-17) — 스플릿/데이터 오류 가능
Warning:  ICU: 비정상 가격 변동 70.2% (2023-10-18) — 스플릿/데이터 오류 가능
Warning:  IDAI: 비정상 가격 변동 1349.1% (2025-01-06) — 스플릿/데이터 오류 가능
Warning:  IDN: 비정상 가격 변동 74.9% (2024-03-22) — 스플릿/데이터 오류 가능
Warning:  ILLR: 비정상 가격 변동 296.6% (2026-06-25) — 스플릿/데이터 오류 가능
Warning:  IMRX: 비정상 가격 변동 52.2% (2025-06-18) — 스플릿/데이터 오류 가능
Warning:  IMSR: Close NaN 비율 64.7% (기준: 30%)
Warning:  INDO: 비정상 가격 변동 110.4% (2022-01-27) — 스플릿/데이터 오류 가능
Warning:  INLF: Close NaN 비율 69.2% (기준: 30%)
Warning:  INLF: 비정상 가격 변동 285.9% (2026-01-30) — 스플릿/데이터 오류 가능
Warning:  INSG: 비정상 가격 변동 53.7% (2023-05-04) — 스플릿/데이터 오류 가능
Warning:  IPX: 비정상 가격 변동 99.1% (2023-06-13) — 스플릿/데이터 오류 가능
Warning:  IQST: 비정상 가격 변동 65.2% (2023-07-05) — 스플릿/데이터 오류 가능
Warning:  ISPC: 비정상 가격 변동 159.7% (2025-09-09) — 스플릿/데이터 오류 가능
Warning:  ISPR: Close NaN 비율 34.3% (기준: 30%)
Warning:  ISPR: 비정상 가격 변동 50.9% (2023-11-14) — 스플릿/데이터 오류 가능
Warning:  ITRG: 비정상 가격 변동 151.1% (2023-05-26) — 스플릿/데이터 오류 가능
Warning:  IVF: 비정상 가격 변동 292.6% (2023-10-23) — 스플릿/데이터 오류 가능
Warning:  IXHL: 비정상 가격 변동 723.5% (2025-05-14) — 스플릿/데이터 오류 가능
Warning:  JANX: 비정상 가격 변동 229.5% (2024-02-27) — 스플릿/데이터 오류 가능
Warning:  JBDI: Close NaN 비율 62.2% (기준: 30%)
Warning:  JBDI: 비정상 가격 변동 120.5% (2025-09-10) — 스플릿/데이터 오류 가능
Warning:  JEM: Close NaN 비율 77.8% (기준: 30%)
Warning:  JEM: 비정상 가격 변동 267.6% (2026-06-30) — 스플릿/데이터 오류 가능
Warning:  JFB: Close NaN 비율 72.6% (기준: 30%)
Warning:  JFB: 비정상 가격 변동 85.4% (2025-09-29) — 스플릿/데이터 오류 가능
Warning:  JLHL: Close NaN 비율 78.7% (기준: 30%)
Warning:  JLHL: 비정상 가격 변동 318.0% (2026-07-09) — 스플릿/데이터 오류 가능
Warning:  JMIA: 비정상 가격 변동 53.8% (2024-08-06) — 스플릿/데이터 오류 가능
Warning:  JTAI: 비정상 가격 변동 580.1% (2026-07-15) — 스플릿/데이터 오류 가능
Warning:  JZ: 비정상 가격 변동 325.8% (2026-06-01) — 스플릿/데이터 오류 가능
Warning:  JZXN: 비정상 가격 변동 89.7% (2026-02-10) — 스플릿/데이터 오류 가능
Warning:  KAZR: Close NaN 비율 71.8% (기준: 30%)
Warning:  KAZR: 비정상 가격 변동 87.6% (2025-07-07) — 스플릿/데이터 오류 가능
Warning:  KD: 비정상 가격 변동 54.9% (2026-02-09) — 스플릿/데이터 오류 가능
Warning:  KDK: Close NaN 비율 83.7% (기준: 30%)
Warning:  KLAR: Close NaN 비율 82.9% (기준: 30%)
Warning:  KLC: Close NaN 비율 64.6% (기준: 30%)
Warning:  KLRS: 비정상 가격 변동 67.2% (2023-12-22) — 스플릿/데이터 오류 가능
Warning:  KMRK: Close NaN 비율 79.8% (기준: 30%)
Warning:  KRMN: Close NaN 비율 71.5% (기준: 30%)
Warning:  KROS: 비정상 가격 변동 73.2% (2024-12-12) — 스플릿/데이터 오류 가능
Warning:  KRRO: 비정상 가격 변동 93.7% (2024-10-16) — 스플릿/데이터 오류 가능
Warning:  KSCP: 비정상 가격 변동 175.6% (2022-01-28) — 스플릿/데이터 오류 가능
Warning:  KULR: 비정상 가격 변동 75.6% (2024-11-25) — 스플릿/데이터 오류 가능
Warning:  KUST: 비정상 가격 변동 91.7% (2025-05-07) — 스플릿/데이터 오류 가능
Warning:  LAC: Close NaN 비율 44.1% (기준: 30%)
Warning:  LAC: 비정상 가격 변동 95.8% (2025-09-24) — 스플릿/데이터 오류 가능
Warning:  LAES: Close NaN 비율 37.0% (기준: 30%)
Warning:  LAES: 비정상 가격 변동 102.3% (2023-05-24) — 스플릿/데이터 오류 가능
Warning:  LASE: 비정상 가격 변동 160.8% (2026-06-02) — 스플릿/데이터 오류 가능
Warning:  LAW: 비정상 가격 변동 53.6% (2022-08-12) — 스플릿/데이터 오류 가능
Warning:  LESL: 비정상 가격 변동 144.8% (2026-05-14) — 스플릿/데이터 오류 가능
Warning:  LFS: Close NaN 비율 84.5% (기준: 30%)
Warning:  LFS: 비정상 가격 변동 576.8% (2025-11-11) — 스플릿/데이터 오류 가능
Warning:  LGCL: Close NaN 비율 52.6% (기준: 30%)
Warning:  LGCL: 비정상 가격 변동 117.1% (2026-06-30) — 스플릿/데이터 오류 가능
Warning:  LGHL: 비정상 가격 변동 85.9% (2025-12-09) — 스플릿/데이터 오류 가능
Warning:  LHAI: Close NaN 비율 80.2% (기준: 30%)
Warning:  LHAI: 비정상 가격 변동 315.2% (2026-07-01) — 스플릿/데이터 오류 가능
Warning:  LHSW: Close NaN 비율 74.2% (기준: 30%)
Warning:  LHSW: 비정상 가격 변동 277.8% (2026-07-06) — 스플릿/데이터 오류 가능
Warning:  LICN: Close NaN 비율 31.1% (기준: 30%)
Warning:  LICN: 비정상 가격 변동 15163.2% (2025-03-03) — 스플릿/데이터 오류 가능
Warning:  LIDR: 비정상 가격 변동 158.4% (2025-07-24) — 스플릿/데이터 오류 가능
Warning:  LIF: Close NaN 비율 57.8% (기준: 30%)
Warning:  LITS: 비정상 가격 변동 65.2% (2022-03-25) — 스플릿/데이터 오류 가능
Warning:  LNAI: 비정상 가격 변동 162.7% (2026-03-17) — 스플릿/데이터 오류 가능
Warning:  LNKS: Close NaN 비율 67.8% (기준: 30%)
Warning:  LNKS: 비정상 가격 변동 86.1% (2026-03-23) — 스플릿/데이터 오류 가능
Warning:  LNZA: 비정상 가격 변동 52.5% (2026-04-07) — 스플릿/데이터 오류 가능
Warning:  LPA: Close NaN 비율 53.9% (기준: 30%)
Warning:  LPA: 비정상 가격 변동 684.2% (2024-05-30) — 스플릿/데이터 오류 가능
Warning:  LRHC: Close NaN 비율 44.5% (기준: 30%)
Warning:  LRHC: 비정상 가격 변동 130.6% (2024-10-23) — 스플릿/데이터 오류 가능
Warning:  LTBR: 비정상 가격 변동 57.5% (2024-10-18) — 스플릿/데이터 오류 가능
Warning:  LUNG: 비정상 가격 변동 60.9% (2022-11-04) — 스플릿/데이터 오류 가능
Warning:  LUNR: 비정상 가격 변동 251.4% (2023-02-16) — 스플릿/데이터 오류 가능
Warning:  LXEO: Close NaN 비율 46.1% (기준: 30%)
Warning:  LXEO: 비정상 가격 변동 50.9% (2025-03-24) — 스플릿/데이터 오류 가능
Warning:  LYEL: 비정상 가격 변동 68.6% (2025-06-04) — 스플릿/데이터 오류 가능
Warning:  MASK: Close NaN 비율 69.6% (기준: 30%)
Warning:  MASK: 비정상 가격 변동 199.3% (2026-05-28) — 스플릿/데이터 오류 가능
Warning:  MBOT: 비정상 가격 변동 159.3% (2023-05-22) — 스플릿/데이터 오류 가능
Warning:  MBRX: 비정상 가격 변동 202.4% (2025-02-13) — 스플릿/데이터 오류 가능
Warning:  MCRB: 비정상 가격 변동 61.8% (2021-07-22) — 스플릿/데이터 오류 가능
Warning:  MCRP: Close NaN 비율 72.7% (기준: 30%)
Warning:  MCRP: 비정상 가격 변동 66.7% (2025-03-13) — 스플릿/데이터 오류 가능
Warning:  MENS: Close NaN 비율 78.2% (기준: 30%)
Warning:  MENS: 비정상 가격 변동 81.0% (2025-12-17) — 스플릿/데이터 오류 가능
Warning:  MGX: Close NaN 비율 51.3% (기준: 30%)
Warning:  MGX: 비정상 가격 변동 125.4% (2024-12-09) — 스플릿/데이터 오류 가능
Warning:  MIMI: Close NaN 비율 69.6% (기준: 30%)
Warning:  MIMI: 비정상 가격 변동 104.2% (2026-04-14) — 스플릿/데이터 오류 가능
Warning:  MIST: 비정상 가격 변동 60.9% (2025-03-28) — 스플릿/데이터 오류 가능
Warning:  MLTX: 비정상 가격 변동 89.9% (2025-09-29) — 스플릿/데이터 오류 가능
Warning:  MNDR: Close NaN 비율 54.6% (기준: 30%)
Warning:  MNDR: 비정상 가격 변동 185.7% (2025-02-20) — 스플릿/데이터 오류 가능
Warning:  MNTN: Close NaN 비율 76.9% (기준: 30%)
Warning:  MNTS: 비정상 가격 변동 155.4% (2024-10-09) — 스플릿/데이터 오류 가능
Warning:  MOBX: 비정상 가격 변동 532.8% (2026-03-03) — 스플릿/데이터 오류 가능
Warning:  MP: 비정상 가격 변동 50.6% (2025-07-10) — 스플릿/데이터 오류 가능
Warning:  MRAM: 비정상 가격 변동 63.2% (2021-11-12) — 스플릿/데이터 오류 가능
Warning:  MRLN: Close NaN 비율 67.6% (기준: 30%)
Warning:  MRVI: 비정상 가격 변동 63.6% (2024-02-23) — 스플릿/데이터 오류 가능
Warning:  MTEK: 비정상 가격 변동 50.6% (2025-09-29) — 스플릿/데이터 오류 가능
Warning:  MTEN: Close NaN 비율 55.1% (기준: 30%)
Warning:  MTEN: 비정상 가격 변동 81.3% (2026-06-08) — 스플릿/데이터 오류 가능
Warning:  MTVA: 비정상 가격 변동 115.5% (2025-09-15) — 스플릿/데이터 오류 가능
Warning:  NAGE: 비정상 가격 변동 67.9% (2024-11-01) — 스플릿/데이터 오류 가능
Warning:  NAKA: Close NaN 비율 57.5% (기준: 30%)
Warning:  NAKA: 비정상 가격 변동 251.0% (2025-05-12) — 스플릿/데이터 오류 가능
Warning:  NAMI: Close NaN 비율 67.9% (기준: 30%)
Warning:  NAMI: 비정상 가격 변동 53.7% (2025-05-29) — 스플릿/데이터 오류 가능
Warning:  NAMM: Close NaN 비율 77.7% (기준: 30%)
Warning:  NAMM: 비정상 가격 변동 130.6% (2026-01-21) — 스플릿/데이터 오류 가능
Warning:  NAVN: Close NaN 비율 85.7% (기준: 30%)
Warning:  NB: Close NaN 비율 33.5% (기준: 30%)
Warning:  NCI: Close NaN 비율 55.3% (기준: 30%)
Warning:  NCI: 비정상 가격 변동 238.5% (2026-02-11) — 스플릿/데이터 오류 가능
Warning:  NCT: Close NaN 비율 73.9% (기준: 30%)
Warning:  NCT: 비정상 가격 변동 58.4% (2026-05-28) — 스플릿/데이터 오류 가능
Warning:  NIKI: 비정상 가격 변동 1161.4% (2026-07-20) — 스플릿/데이터 오류 가능
Warning:  NIVF: 비정상 가격 변동 1583.3% (2025-02-11) — 스플릿/데이터 오류 가능
Warning:  NKLR: Close NaN 비율 84.3% (기준: 30%)
Warning:  NMG: 비정상 가격 변동 51.8% (2025-10-13) — 스플릿/데이터 오류 가능
Warning:  NMRA: Close NaN 비율 43.2% (기준: 30%)
Warning:  NMRA: 비정상 가격 변동 81.4% (2025-01-02) — 스플릿/데이터 오류 가능
Warning:  NNE: Close NaN 비율 56.2% (기준: 30%)
Warning:  NNOX: 비정상 가격 변동 68.4% (2023-05-01) — 스플릿/데이터 오류 가능
Warning:  NPT: Close NaN 비율 85.3% (기준: 30%)
Warning:  NPT: 비정상 가격 변동 283.7% (2026-06-08) — 스플릿/데이터 오류 가능
Warning:  NTRP: 비정상 가격 변동 145.5% (2023-10-13) — 스플릿/데이터 오류 가능
Warning:  NUWE: 비정상 가격 변동 131.7% (2022-08-31) — 스플릿/데이터 오류 가능
Warning:  NVA: Close NaN 비율 60.3% (기준: 30%)
Warning:  NVA: 비정상 가격 변동 110.3% (2025-10-14) — 스플릿/데이터 오류 가능
Warning:  NVA: 거래량 0 연속 10일 (기준: 5일) — 상장폐지/거래정지 가능
Warning:  NVNI: 비정상 가격 변동 317.2% (2024-12-19) — 스플릿/데이터 오류 가능
Warning:  NVTS: 비정상 가격 변동 164.4% (2025-05-22) — 스플릿/데이터 오류 가능
Warning:  NVVE: 비정상 가격 변동 205.1% (2025-11-13) — 스플릿/데이터 오류 가능
Warning:  NXTC: 비정상 가격 변동 201.8% (2026-07-14) — 스플릿/데이터 오류 가능
Warning:  NXTS: 비정상 가격 변동 331.5% (2025-01-02) — 스플릿/데이터 오류 가능
Warning:  ODD: Close NaN 비율 40.0% (기준: 30%)
Warning:  OKLO: 비정상 가격 변동 53.6% (2024-05-10) — 스플릿/데이터 오류 가능
Warning:  OKYO: 비정상 가격 변동 63.0% (2023-02-17) — 스플릿/데이터 오류 가능
Warning:  OLMA: 비정상 가격 변동 136.4% (2025-11-18) — 스플릿/데이터 오류 가능
Warning:  OM: 비정상 가격 변동 68.5% (2024-08-08) — 스플릿/데이터 오류 가능
Warning:  ONCO: 비정상 가격 변동 199.6% (2022-08-17) — 스플릿/데이터 오류 가능
Warning:  ONEG: Close NaN 비율 69.2% (기준: 30%)
Warning:  ONEG: 비정상 가격 변동 80.3% (2026-05-07) — 스플릿/데이터 오류 가능
Warning:  OPEN: 비정상 가격 변동 79.5% (2025-09-11) — 스플릿/데이터 오류 가능
Warning:  OPRX: 비정상 가격 변동 51.7% (2025-03-12) — 스플릿/데이터 오류 가능
Warning:  ORGO: 비정상 가격 변동 102.3% (2025-02-28) — 스플릿/데이터 오류 가능
Warning:  OTLK: 비정상 가격 변동 80.9% (2023-08-30) — 스플릿/데이터 오류 가능
Warning:  PACS: Close NaN 비율 54.7% (기준: 30%)
Warning:  PACS: 비정상 가격 변동 55.3% (2025-11-20) — 스플릿/데이터 오류 가능
Warning:  PASG: 비정상 가격 변동 69.4% (2024-11-29) — 스플릿/데이터 오류 가능
Warning:  PAVS: 비정상 가격 변동 93.3% (2024-10-01) — 스플릿/데이터 오류 가능
Warning:  PAVS: 거래량 0 연속 31일 (기준: 5일) — 상장폐지/거래정지 가능
Warning:  PCLA: Close NaN 비율 70.0% (기준: 30%)
Warning:  PCLA: 비정상 가격 변동 194.2% (2026-05-22) — 스플릿/데이터 오류 가능
Warning:  PDC: Close NaN 비율 40.3% (기준: 30%)
Warning:  PDC: 비정상 가격 변동 187.9% (2024-02-14) — 스플릿/데이터 오류 가능
Warning:  PDYN: 비정상 가격 변동 130.0% (2024-11-22) — 스플릿/데이터 오류 가능
Warning:  PEPG: 비정상 가격 변동 121.1% (2025-09-25) — 스플릿/데이터 오류 가능
Warning:  PETS: 비정상 가격 변동 68.4% (2025-12-11) — 스플릿/데이터 오류 가능
Warning:  PEW: Close NaN 비율 49.7% (기준: 30%)
Warning:  PFSA: Close NaN 비율 79.5% (기준: 30%)
Warning:  PFSA: 비정상 가격 변동 185.3% (2025-07-28) — 스플릿/데이터 오류 가능
Warning:  PGY: 비정상 가격 변동 129.6% (2022-07-20) — 스플릿/데이터 오류 가능
Warning:  PHIO: 비정상 가격 변동 290.5% (2025-01-13) — 스플릿/데이터 오류 가능
Warning:  PLCE: 비정상 가격 변동 85.7% (2024-09-11) — 스플릿/데이터 오류 가능
Warning:  PLSM: Close NaN 비율 90.1% (기준: 30%)
Warning:  PLSM: 비정상 가격 변동 93.3% (2026-06-24) — 스플릿/데이터 오류 가능
Warning:  PMA: Close NaN 비율 67.2% (기준: 30%)
Warning:  PMAX: Close NaN 비율 62.7% (기준: 30%)
Warning:  PMAX: 비정상 가격 변동 95.3% (2026-05-06) — 스플릿/데이터 오류 가능
Warning:  PONY: Close NaN 비율 67.4% (기준: 30%)
Warning:  PPCB: 비정상 가격 변동 6249900.1% (2025-01-29) — 스플릿/데이터 오류 가능
Warning:  PRFX: 비정상 가격 변동 414.3% (2024-12-19) — 스플릿/데이터 오류 가능
Warning:  PRIM: 비정상 가격 변동 50.1% (2026-05-06) — 스플릿/데이터 오류 가능
Warning:  PROK: 비정상 가격 변동 514.5% (2025-07-08) — 스플릿/데이터 오류 가능
Warning:  PSIG: Close NaN 비율 60.1% (기준: 30%)
Warning:  PSIG: 비정상 가격 변동 127.7% (2024-08-12) — 스플릿/데이터 오류 가능
Warning:  PSIX: 비정상 가격 변동 68.6% (2022-11-15) — 스플릿/데이터 오류 가능
Warning:  PSTV: 비정상 가격 변동 311.4% (2025-03-06) — 스플릿/데이터 오류 가능
Warning:  PUSA: Close NaN 비율 71.4% (기준: 30%)
Warning:  PUSA: 비정상 가격 변동 207.6% (2025-07-23) — 스플릿/데이터 오류 가능
Warning:  QBTS: 비정상 가격 변동 110.7% (2023-05-22) — 스플릿/데이터 오류 가능
Warning:  QH: 비정상 가격 변동 2400.0% (2026-04-27) — 스플릿/데이터 오류 가능
Warning:  QNRX: 비정상 가격 변동 360.5% (2022-08-03) — 스플릿/데이터 오류 가능
Warning:  QNTM: 비정상 가격 변동 119.8% (2024-08-09) — 스플릿/데이터 오류 가능
Warning:  QTEX: 비정상 가격 변동 308.1% (2021-10-26) — 스플릿/데이터 오류 가능
Warning:  QTRX: 비정상 가격 변동 54.8% (2022-08-09) — 스플릿/데이터 오류 가능
Warning:  QUBT: 비정상 가격 변동 92.8% (2024-11-13) — 스플릿/데이터 오류 가능
Warning:  QUCY: 비정상 가격 변동 3377.4% (2024-12-03) — 스플릿/데이터 오류 가능
Warning:  RBNE: Close NaN 비율 74.7% (기준: 30%)
Warning:  RBNE: 비정상 가격 변동 317.9% (2025-06-13) — 스플릿/데이터 오류 가능
Warning:  RDGT: 비정상 가격 변동 114.8% (2022-12-12) — 스플릿/데이터 오류 가능
Warning:  RDW: 비정상 가격 변동 51.4% (2025-01-21) — 스플릿/데이터 오류 가능
Warning:  RDZN: 비정상 가격 변동 82.1% (2024-07-02) — 스플릿/데이터 오류 가능
Warning:  RENT: 비정상 가격 변동 161.9% (2024-04-11) — 스플릿/데이터 오류 가능
Warning:  RGC: 비정상 가격 변동 343.9% (2024-07-23) — 스플릿/데이터 오류 가능
Warning:  RGNT: Close NaN 비율 87.6% (기준: 30%)
Warning:  RGNT: 비정상 가격 변동 526.7% (2026-06-15) — 스플릿/데이터 오류 가능
Warning:  RGTI: 비정상 가격 변동 58.0% (2024-11-25) — 스플릿/데이터 오류 가능
Warning:  ROLR: Close NaN 비율 65.4% (기준: 30%)
Warning:  ROLR: 비정상 가격 변동 436.6% (2026-01-14) — 스플릿/데이터 오류 가능
Warning:  ROOT: 비정상 가격 변동 68.9% (2024-10-31) — 스플릿/데이터 오류 가능
Warning:  RPGL: Close NaN 비율 84.8% (기준: 30%)
Warning:  RPGL: 비정상 가격 변동 173.9% (2026-01-29) — 스플릿/데이터 오류 가능
Warning:  RR: Close NaN 비율 46.9% (기준: 30%)
Warning:  RR: 비정상 가격 변동 73.9% (2024-08-06) — 스플릿/데이터 오류 가능
Warning:  RUBI: Close NaN 비율 80.8% (기준: 30%)
Warning:  RUBI: 비정상 가격 변동 54.2% (2025-11-25) — 스플릿/데이터 오류 가능
Warning:  RXRX: 비정상 가격 변동 78.2% (2023-07-12) — 스플릿/데이터 오류 가능
Warning:  RYOJ: Close NaN 비율 81.4% (기준: 30%)
Warning:  RYOJ: 비정상 가격 변동 148.8% (2026-05-22) — 스플릿/데이터 오류 가능
Warning:  RZLT: 비정상 가격 변동 87.2% (2025-12-11) — 스플릿/데이터 오류 가능
Warning:  RZLV: 비정상 가격 변동 54.5% (2024-12-17) — 스플릿/데이터 오류 가능
Warning:  SBET: 비정상 가격 변동 433.2% (2025-05-27) — 스플릿/데이터 오류 가능
Warning:  SCLX: 비정상 가격 변동 56.6% (2023-04-05) — 스플릿/데이터 오류 가능
Warning:  SDEV: 비정상 가격 변동 102.5% (2026-01-09) — 스플릿/데이터 오류 가능
Warning:  SDOT: 비정상 가격 변동 247.1% (2026-06-26) — 스플릿/데이터 오류 가능
Warning:  SDST: 비정상 가격 변동 144.7% (2024-07-17) — 스플릿/데이터 오류 가능
Warning:  SENS: 비정상 가격 변동 80.7% (2025-01-10) — 스플릿/데이터 오류 가능
Warning:  SERV: Close NaN 비율 52.8% (기준: 30%)
Warning:  SERV: 비정상 가격 변동 187.1% (2024-07-19) — 스플릿/데이터 오류 가능
Warning:  SEV: Close NaN 비율 84.9% (기준: 30%)
Warning:  SEV: 비정상 가격 변동 57.8% (2025-10-23) — 스플릿/데이터 오류 가능
Warning:  SHMD: Close NaN 비율 55.8% (기준: 30%)
Warning:  SHPH: 비정상 가격 변동 91.3% (2022-09-06) — 스플릿/데이터 오류 가능
Warning:  SIDU: 비정상 가격 변동 225.0% (2022-06-15) — 스플릿/데이터 오류 가능
Warning:  SILO: 비정상 가격 변동 4164.7% (2022-09-19) — 스플릿/데이터 오류 가능
Warning:  SKIL: 비정상 가격 변동 50.6% (2024-04-24) — 스플릿/데이터 오류 가능
Warning:  SKYA: 비정상 가격 변동 141.6% (2024-05-28) — 스플릿/데이터 오류 가능
Warning:  SKYQ: Close NaN 비율 64.7% (기준: 30%)
Warning:  SKYQ: 비정상 가격 변동 101.6% (2026-04-02) — 스플릿/데이터 오류 가능
Warning:  SKYX: 비정상 가격 변동 68.6% (2022-07-28) — 스플릿/데이터 오류 가능
Warning:  SLBT: Close NaN 비율 71.0% (기준: 30%)
Warning:  SLBT: 비정상 가격 변동 167.0% (2026-06-16) — 스플릿/데이터 오류 가능
Warning:  SLBT: 거래량 0 연속 7일 (기준: 5일) — 상장폐지/거래정지 가능
Warning:  SLDE: Close NaN 비율 78.3% (기준: 30%)
Warning:  SLDP: 비정상 가격 변동 51.6% (2025-11-05) — 스플릿/데이터 오류 가능
Warning:  SLND: 비정상 가격 변동 67.4% (2026-07-17) — 스플릿/데이터 오류 가능
Warning:  SLNH: 비정상 가격 변동 94.4% (2025-09-22) — 스플릿/데이터 오류 가능
Warning:  SMMT: 비정상 가격 변동 272.1% (2024-05-30) — 스플릿/데이터 오류 가능
Warning:  SNAP: 비정상 가격 변동 58.8% (2022-02-04) — 스플릿/데이터 오류 가능
Warning:  SNOA: 비정상 가격 변동 72.8% (2025-08-14) — 스플릿/데이터 오류 가능
Warning:  SNWV: Close NaN 비율 65.2% (기준: 30%)
Warning:  SOC: 비정상 가격 변동 56.2% (2025-12-18) — 스플릿/데이터 오류 가능
Warning:  SOUN: 비정상 가격 변동 71.8% (2022-12-30) — 스플릿/데이터 오류 가능
Warning:  SPAI: Close NaN 비율 62.3% (기준: 30%)
Warning:  SPAI: 비정상 가격 변동 65.8% (2025-02-13) — 스플릿/데이터 오류 가능
Warning:  SPHL: Close NaN 비율 65.2% (기준: 30%)
Warning:  SPHL: 비정상 가격 변동 673.8% (2026-01-15) — 스플릿/데이터 오류 가능
Warning:  SPRO: 비정상 가격 변동 244.6% (2025-05-28) — 스플릿/데이터 오류 가능
Warning:  SPRY: 비정상 가격 변동 77.9% (2023-05-12) — 스플릿/데이터 오류 가능
Warning:  SPWH: 비정상 가격 변동 97.9% (2025-04-02) — 스플릿/데이터 오류 가능
Warning:  SRXH: 비정상 가격 변동 84.5% (2025-08-15) — 스플릿/데이터 오류 가능
Warning:  SRXH: 거래량 0 연속 7일 (기준: 5일) — 상장폐지/거래정지 가능
Warning:  STAK: Close NaN 비율 72.1% (기준: 30%)
Warning:  STAK: 비정상 가격 변동 149.4% (2026-03-02) — 스플릿/데이터 오류 가능
Warning:  STEM: 비정상 가격 변동 57.2% (2025-01-03) — 스플릿/데이터 오류 가능
Warning:  STFS: Close NaN 비율 64.8% (기준: 30%)
Warning:  STFS: 비정상 가격 변동 96.5% (2026-05-06) — 스플릿/데이터 오류 가능
Warning:  STI: 비정상 가격 변동 350.6% (2026-06-04) — 스플릿/데이터 오류 가능
Warning:  STIM: 비정상 가격 변동 58.1% (2024-08-12) — 스플릿/데이터 오류 가능
Warning:  STKE: 비정상 가격 변동 131.4% (2024-10-14) — 스플릿/데이터 오류 가능
Warning:  STUB: Close NaN 비율 83.3% (기준: 30%)
Warning:  SUIG: 비정상 가격 변동 218.9% (2025-07-25) — 스플릿/데이터 오류 가능
Warning:  SUNC: Close NaN 비율 86.1% (기준: 30%)
Warning:  SUNE: 비정상 가격 변동 420.4% (2026-06-08) — 스플릿/데이터 오류 가능
Warning:  SUPX: Close NaN 비율 55.0% (기준: 30%)
Warning:  SVRE: 비정상 가격 변동 63.2% (2024-12-24) — 스플릿/데이터 오류 가능
Warning:  SYM: 비정상 가격 변동 120.5% (2022-06-08) — 스플릿/데이터 오류 가능
Warning:  TC: 비정상 가격 변동 159.5% (2026-07-01) — 스플릿/데이터 오류 가능
Warning:  TDIC: Close NaN 비율 80.2% (기준: 30%)
Warning:  TDIC: 비정상 가격 변동 876.7% (2026-05-13) — 스플릿/데이터 오류 가능
Warning:  TDTH: Close NaN 비율 62.9% (기준: 30%)
Warning:  TDTH: 비정상 가격 변동 61.5% (2025-01-30) — 스플릿/데이터 오류 가능
Warning:  TEM: Close NaN 비율 58.2% (기준: 30%)
Warning:  TIC: Close NaN 비율 71.6% (기준: 30%)
Warning:  TII: 비정상 가격 변동 409.8% (2022-03-23) — 스플릿/데이터 오류 가능
Warning:  TLRY: 비정상 가격 변동 60.9% (2025-09-29) — 스플릿/데이터 오류 가능
Warning:  TMDX: 비정상 가격 변동 51.2% (2023-11-07) — 스플릿/데이터 오류 가능
Warning:  TMQ: 비정상 가격 변동 211.0% (2025-10-07) — 스플릿/데이터 오류 가능
Warning:  TNXP: 비정상 가격 변동 120.8% (2024-12-16) — 스플릿/데이터 오류 가능
Warning:  TONX: 비정상 가격 변동 346.9% (2023-09-05) — 스플릿/데이터 오류 가능
Warning:  TOYO: 비정상 가격 변동 86.6% (2024-11-26) — 스플릿/데이터 오류 가능
Warning:  TRDA: 비정상 가격 변동 57.3% (2026-05-07) — 스플릿/데이터 오류 가능
Warning:  TRNR: Close NaN 비율 35.6% (기준: 30%)
Warning:  TRNR: 비정상 가격 변동 79.0% (2024-08-12) — 스플릿/데이터 오류 가능
Warning:  TRON: Close NaN 비율 41.5% (기준: 30%)
Warning:  TRON: 비정상 가격 변동 533.8% (2025-06-16) — 스플릿/데이터 오류 가능
Warning:  TROO: 비정상 가격 변동 106.2% (2025-07-14) — 스플릿/데이터 오류 가능
Warning:  TRT: 비정상 가격 변동 66.8% (2026-04-23) — 스플릿/데이터 오류 가능
Warning:  TRUG: 비정상 가격 변동 64.7% (2024-01-31) — 스플릿/데이터 오류 가능
Warning:  TSSI: 비정상 가격 변동 74.1% (2025-05-16) — 스플릿/데이터 오류 가능
Warning:  TTEC: 비정상 가격 변동 52.6% (2025-04-02) — 스플릿/데이터 오류 가능
Warning:  TTRX: Close NaN 비율 84.5% (기준: 30%)
Warning:  TURB: Close NaN 비율 43.7% (기준: 30%)
Warning:  TURB: 비정상 가격 변동 359.3% (2025-09-16) — 스플릿/데이터 오류 가능
Warning:  TVRD: 비정상 가격 변동 83.9% (2025-10-13) — 스플릿/데이터 오류 가능
Warning:  TWAV: 비정상 가격 변동 166.7% (2022-10-03) — 스플릿/데이터 오류 가능
Warning:  TYGO: 비정상 가격 변동 83.6% (2023-06-01) — 스플릿/데이터 오류 가능
Warning:  UCAR: Close NaN 비율 35.1% (기준: 30%)
Warning:  UCAR: 비정상 가격 변동 331.9% (2026-04-08) — 스플릿/데이터 오류 가능
Warning:  UP: 비정상 가격 변동 60.4% (2023-06-22) — 스플릿/데이터 오류 가능
Warning:  UPB: Close NaN 비율 64.8% (기준: 30%)
Warning:  UPC: 비정상 가격 변동 311.5% (2026-06-29) — 스플릿/데이터 오류 가능
Warning:  UPST: 비정상 가격 변동 56.4% (2022-05-10) — 스플릿/데이터 오류 가능
Warning:  URGN: 비정상 가격 변동 98.6% (2023-07-27) — 스플릿/데이터 오류 가능
Warning:  USAR: Close NaN 비율 39.8% (기준: 30%)
Warning:  USAR: 비정상 가격 변동 72.0% (2025-03-14) — 스플릿/데이터 오류 가능
Warning:  UXIN: 비정상 가격 변동 83.7% (2024-09-27) — 스플릿/데이터 오류 가능
Warning:  VATE: 비정상 가격 변동 86.3% (2025-01-21) — 스플릿/데이터 오류 가능
Warning:  VEEE: 비정상 가격 변동 415.8% (2026-07-13) — 스플릿/데이터 오류 가능
Warning:  VELO: 비정상 가격 변동 80.7% (2025-04-01) — 스플릿/데이터 오류 가능
Warning:  VENU: Close NaN 비율 67.4% (기준: 30%)
Warning:  VERI: 비정상 가격 변동 53.7% (2025-10-15) — 스플릿/데이터 오류 가능
Warning:  VERU: 비정상 가격 변동 182.3% (2022-04-11) — 스플릿/데이터 오류 가능
Warning:  VIA: Close NaN 비율 83.0% (기준: 30%)
Warning:  VIVK: 비정상 가격 변동 113.5% (2022-04-27) — 스플릿/데이터 오류 가능
Warning:  VLN: 비정상 가격 변동 59.0% (2026-01-09) — 스플릿/데이터 오류 가능
Warning:  VOR: 비정상 가격 변동 74.2% (2025-06-25) — 스플릿/데이터 오류 가능
Warning:  VOYG: Close NaN 비율 77.9% (기준: 30%)
Warning:  VRAX: 비정상 가격 변동 141.8% (2024-08-19) — 스플릿/데이터 오류 가능
Warning:  VRRM: 비정상 가격 변동 70.6% (2026-05-27) — 스플릿/데이터 오류 가능
Warning:  VRXA: Close NaN 비율 64.1% (기준: 30%)
Warning:  VRXA: 비정상 가격 변동 55.5% (2026-06-16) — 스플릿/데이터 오류 가능
Warning:  VSA: 비정상 가격 변동 329.8% (2025-01-31) — 스플릿/데이터 오류 가능
Warning:  VSTS: Close NaN 비율 43.9% (기준: 30%)
Warning:  VTIX: Close NaN 비율 90.4% (기준: 30%)
Warning:  VTIX: 비정상 가격 변동 56.3% (2026-01-28) — 스플릿/데이터 오류 가능
Warning:  VWAV: Close NaN 비율 79.7% (기준: 30%)
Warning:  VWAV: 비정상 가격 변동 368.1% (2025-07-28) — 스플릿/데이터 오류 가능
Warning:  WATT: 비정상 가격 변동 554.3% (2024-12-30) — 스플릿/데이터 오류 가능
Warning:  WBTN: Close NaN 비율 58.9% (기준: 30%)
Warning:  WBTN: 비정상 가격 변동 81.2% (2025-08-13) — 스플릿/데이터 오류 가능
Warning:  WCT: Close NaN 비율 64.2% (기준: 30%)
Warning:  WCT: 비정상 가격 변동 179.3% (2026-06-03) — 스플릿/데이터 오류 가능
Warning:  WETH: Close NaN 비율 51.9% (기준: 30%)
Warning:  WFF: Close NaN 비율 73.8% (기준: 30%)
Warning:  WGS: 비정상 가격 변동 55.2% (2024-04-30) — 스플릿/데이터 오류 가능
Warning:  WKHS: 비정상 가격 변동 54.9% (2025-07-08) — 스플릿/데이터 오류 가능
Warning:  WLFC: 비정상 가격 변동 196.4% (2026-07-20) — 스플릿/데이터 오류 가능
Warning:  WNW: 비정상 가격 변동 97.6% (2025-04-22) — 스플릿/데이터 오류 가능
Warning:  WOK: Close NaN 비율 62.1% (기준: 30%)
Warning:  WOK: 비정상 가격 변동 206.2% (2026-05-11) — 스플릿/데이터 오류 가능
Warning:  WOK: 거래량 0 연속 45일 (기준: 5일) — 상장폐지/거래정지 가능
Warning:  WOLF: Close NaN 비율 83.9% (기준: 30%)
Warning:  WPRT: 비정상 가격 변동 52.6% (2022-03-08) — 스플릿/데이터 오류 가능
Warning:  WRD: Close NaN 비율 65.6% (기준: 30%)
Warning:  WRD: 비정상 가격 변동 83.5% (2025-02-14) — 스플릿/데이터 오류 가능
Warning:  WSHP: Close NaN 비율 86.6% (기준: 30%)
Warning:  WSHP: 비정상 가격 변동 506.1% (2025-11-19) — 스플릿/데이터 오류 가능
Warning:  WVE: 비정상 가격 변동 147.3% (2025-12-08) — 스플릿/데이터 오류 가능
Warning:  WW: Close NaN 비율 78.8% (기준: 30%)
Warning:  WXM: Close NaN 비율 74.0% (기준: 30%)
Warning:  WXM: 비정상 가격 변동 57.9% (2026-06-04) — 스플릿/데이터 오류 가능
Warning:  XCUR: 비정상 가격 변동 92.3% (2024-11-20) — 스플릿/데이터 오류 가능
Warning:  XHLD: Close NaN 비율 71.5% (기준: 30%)
Warning:  XHLD: 비정상 가격 변동 177.2% (2026-01-27) — 스플릿/데이터 오류 가능
Warning:  XOS: 비정상 가격 변동 234.5% (2026-06-03) — 스플릿/데이터 오류 가능
Warning:  XTIA: 비정상 가격 변동 128.6% (2023-04-13) — 스플릿/데이터 오류 가능
Warning:  XTLB: 비정상 가격 변동 128.8% (2024-03-20) — 스플릿/데이터 오류 가능
Warning:  XXI: Close NaN 비율 61.4% (기준: 30%)
Warning:  XXI: 비정상 가격 변동 55.4% (2025-04-23) — 스플릿/데이터 오류 가능
Warning:  YDES: Close NaN 비율 82.1% (기준: 30%)
Warning:  YDES: 비정상 가격 변동 135.8% (2025-08-29) — 스플릿/데이터 오류 가능
Warning:  YHC: Close NaN 비율 41.3% (기준: 30%)
Warning:  YHC: 비정상 가격 변동 171.6% (2025-07-16) — 스플릿/데이터 오류 가능
Warning:  YMAT: Close NaN 비율 80.6% (기준: 30%)
Warning:  YMAT: 비정상 가격 변동 203.3% (2026-05-26) — 스플릿/데이터 오류 가능
Warning:  YRD: 비정상 가격 변동 59.6% (2026-07-02) — 스플릿/데이터 오류 가능
Warning:  YYGH: Close NaN 비율 55.2% (기준: 30%)
Warning:  YYGH: 비정상 가격 변동 63.6% (2025-09-10) — 스플릿/데이터 오류 가능
Warning:  ZCMD: 비정상 가격 변동 101.8% (2026-07-06) — 스플릿/데이터 오류 가능
Warning:  ZDAI: Close NaN 비율 60.2% (기준: 30%)
Warning:  ZDAI: 비정상 가격 변동 918.6% (2024-11-26) — 스플릿/데이터 오류 가능
Warning:  ZENA: Close NaN 비율 64.1% (기준: 30%)
Warning:  ZENA: 비정상 가격 변동 258.7% (2024-11-25) — 스플릿/데이터 오류 가능
Warning:  ZSQR: 비정상 가격 변동 77.4% (2024-12-31) — 스플릿/데이터 오류 가능
Warning:  ZVIA: 비정상 가격 변동 51.7% (2025-05-08) — 스플릿/데이터 오류 가능
[[NASDAQ/NYSE 분석]] 강한 섹터: {'Energy', 'Utilities', 'Real Estate', 'Health Care', 'Consumer Staples', 'Financials', 'Communication Services'}
[OHLCV] 배치 다운로드 1/2 (150개 종목, period=2y)...
[OHLCV] 배치 다운로드 2/2 (64개 종목, period=2y)...
[DataValidator] 66건의 데이터 품질 경고 발생
Warning:  AAOI: 비정상 가격 변동 56.9% (2026-02-27) — 스플릿/데이터 오류 가능
Warning:  ALOY: 비정상 가격 변동 226.6% (2025-01-22) — 스플릿/데이터 오류 가능
Warning:  ASST: 비정상 가격 변동 455.7% (2025-05-07) — 스플릿/데이터 오류 가능
Warning:  ASTS: 비정상 가격 변동 50.7% (2024-08-15) — 스플릿/데이터 오류 가능
Warning:  AUGO: Close NaN 비율 49.2% (기준: 30%)
Warning:  BIYA: Close NaN 비율 33.4% (기준: 30%)
Warning:  BIYA: 비정상 가격 변동 110.4% (2026-05-22) — 스플릿/데이터 오류 가능
Warning:  BMNR: Close NaN 비율 43.8% (기준: 30%)
Warning:  BMNR: 비정상 가격 변동 694.8% (2025-06-30) — 스플릿/데이터 오류 가능
Warning:  BULL: 비정상 가격 변동 374.7% (2025-04-14) — 스플릿/데이터 오류 가능
Warning:  BW: 비정상 가격 변동 66.9% (2025-06-05) — 스플릿/데이터 오류 가능
Warning:  CAI: Close NaN 비율 45.6% (기준: 30%)
Warning:  CRCL: Close NaN 비율 43.8% (기준: 30%)
Warning:  CRML: 비정상 가격 변동 55.4% (2025-10-13) — 스플릿/데이터 오류 가능
Warning:  CRNX: 비정상 가격 변동 98.7% (2026-07-07) — 스플릿/데이터 오류 가능
Warning:  CRWV: Close NaN 비율 34.4% (기준: 30%)
Warning:  DXYZ: 비정상 가격 변동 63.8% (2024-11-08) — 스플릿/데이터 오류 가능
Warning:  EHGO: 비정상 가격 변동 125.6% (2026-06-22) — 스플릿/데이터 오류 가능
Warning:  EQPT: Close NaN 비율 75.6% (기준: 30%)
Warning:  FIG: Close NaN 비율 51.4% (기준: 30%)
Warning:  FIGR: Close NaN 비율 57.2% (기준: 30%)
Warning:  FLY: Close NaN 비율 52.4% (기준: 30%)
Warning:  FRMI: Close NaN 비율 60.0% (기준: 30%)
Warning:  GMM: 비정상 가격 변동 1467.7% (2024-11-26) — 스플릿/데이터 오류 가능
Warning:  HNGE: Close NaN 비율 42.0% (기준: 30%)
Warning:  HTZ: 비정상 가격 변동 56.4% (2025-04-16) — 스플릿/데이터 오류 가능
Warning:  ILLR: 비정상 가격 변동 296.6% (2026-06-25) — 스플릿/데이터 오류 가능
Warning:  JEM: Close NaN 비율 44.2% (기준: 30%)
Warning:  JEM: 비정상 가격 변동 267.6% (2026-06-30) — 스플릿/데이터 오류 가능
Warning:  JLHL: Close NaN 비율 46.6% (기준: 30%)
Warning:  JLHL: 비정상 가격 변동 318.0% (2026-07-09) — 스플릿/데이터 오류 가능
Warning:  KD: 비정상 가격 변동 54.9% (2026-02-09) — 스플릿/데이터 오류 가능
Warning:  KLAR: Close NaN 비율 57.2% (기준: 30%)
Warning:  LAC: 비정상 가격 변동 95.8% (2025-09-24) — 스플릿/데이터 오류 가능
Warning:  LAES: 비정상 가격 변동 101.4% (2024-12-11) — 스플릿/데이터 오류 가능
Warning:  LHAI: Close NaN 비율 50.4% (기준: 30%)
Warning:  LHAI: 비정상 가격 변동 315.2% (2026-07-01) — 스플릿/데이터 오류 가능
Warning:  LHSW: Close NaN 비율 35.2% (기준: 30%)
Warning:  LHSW: 비정상 가격 변동 277.8% (2026-07-06) — 스플릿/데이터 오류 가능
Warning:  MP: 비정상 가격 변동 50.6% (2025-07-10) — 스플릿/데이터 오류 가능
Warning:  NAVN: Close NaN 비율 64.2% (기준: 30%)
Warning:  NVTS: 비정상 가격 변동 164.4% (2025-05-22) — 스플릿/데이터 오류 가능
Warning:  NVVE: 비정상 가격 변동 205.1% (2025-11-13) — 스플릿/데이터 오류 가능
Warning:  NXTC: 비정상 가격 변동 201.8% (2026-07-14) — 스플릿/데이터 오류 가능
Warning:  NXTS: 비정상 가격 변동 331.5% (2025-01-02) — 스플릿/데이터 오류 가능
Warning:  OPEN: 비정상 가격 변동 79.5% (2025-09-11) — 스플릿/데이터 오류 가능
Warning:  PACS: 비정상 가격 변동 55.3% (2025-11-20) — 스플릿/데이터 오류 가능
Warning:  PRIM: 비정상 가격 변동 50.1% (2026-05-06) — 스플릿/데이터 오류 가능
Warning:  QBTS: 비정상 가격 변동 51.2% (2025-05-08) — 스플릿/데이터 오류 가능
Warning:  QUBT: 비정상 가격 변동 92.8% (2024-11-13) — 스플릿/데이터 오류 가능
Warning:  RDW: 비정상 가격 변동 51.4% (2025-01-21) — 스플릿/데이터 오류 가능
Warning:  RGTI: 비정상 가격 변동 58.0% (2024-11-25) — 스플릿/데이터 오류 가능
Warning:  RZLV: 비정상 가격 변동 54.5% (2024-12-17) — 스플릿/데이터 오류 가능
Warning:  SBET: 비정상 가격 변동 433.2% (2025-05-27) — 스플릿/데이터 오류 가능
Warning:  SDOT: 비정상 가격 변동 247.1% (2026-06-26) — 스플릿/데이터 오류 가능
Warning:  SKYQ: 비정상 가격 변동 101.6% (2026-04-02) — 스플릿/데이터 오류 가능
Warning:  SMMT: 비정상 가격 변동 56.0% (2024-09-09) — 스플릿/데이터 오류 가능
Warning:  SOC: 비정상 가격 변동 56.2% (2025-12-18) — 스플릿/데이터 오류 가능
Warning:  STUB: Close NaN 비율 58.0% (기준: 30%)
Warning:  UPC: 비정상 가격 변동 311.5% (2026-06-29) — 스플릿/데이터 오류 가능
Warning:  USAR: 비정상 가격 변동 72.0% (2025-03-14) — 스플릿/데이터 오류 가능
Warning:  VEEE: 비정상 가격 변동 415.8% (2026-07-13) — 스플릿/데이터 오류 가능
Warning:  VELO: 비정상 가격 변동 80.7% (2025-04-01) — 스플릿/데이터 오류 가능
Warning:  VOYG: Close NaN 비율 44.6% (기준: 30%)
Warning:  WLFC: 비정상 가격 변동 196.4% (2026-07-20) — 스플릿/데이터 오류 가능
Warning:  WOLF: Close NaN 비율 59.6% (기준: 30%)
[[NASDAQ/NYSE 분석]] Extreme model 'label_low' ROC 0.60, AP 0.52
[[NASDAQ/NYSE 분석]] Extreme model 'label_high' ROC 0.59, AP 0.55
[[NASDAQ/NYSE 분석]] Google Sheets 업데이트 완료 (214개 종목)
[Email] 바닥반등 42개 + 모멘텀 52개 = 총 94개 종목 리스트를 chunghwan14@gmail.com, roykim0311@gmail.com, ssamjungtan@naver.com로 발송 완료

============================================================
[[NASDAQ/NYSE 차트분석]] 이메일 대상 종목 차트 분석 시작
============================================================
[[NASDAQ/NYSE 차트분석]] 차트분석 대상 94개 종목: ['STUB', 'KFY', 'PCT', 'EAT', 'PL', 'AI', 'SFM', 'CLMT', 'SPSC', 'IONQ', 'FIG', 'CRWV', 'VTR', 'RDW', 'PANW', 'AHR', 'UUUU', 'DAVE', 'FLNC', 'PARR', 'AAOI', 'FRMI', 'ASTS', 'PBF', 'MP', 'PSX', 'FA', 'LIF', 'TIGO', 'UEC', 'HYMC', 'HL', 'PACS', 'ARRY', 'CLBK', 'NNE', 'UAMY', 'LEU', 'RGTI', 'TEM', 'TECH', 'SMMT', 'GKOS', 'WELL', 'HIMS', 'ACHC', 'DK', 'WLFC', 'QBTS', 'WOLF', 'PGNY', 'SOUN', 'LAES', 'UI', 'ETSY', 'BW', 'LWLG', 'VLO', 'NAVN', 'SNAP', 'DAR', 'UPC', 'JOBY', 'BULL', 'HNGE', 'SKYQ', 'CHE', 'MAN', 'QS', 'SNOW', 'EOSE', 'OII', 'TRV', 'BTDR', 'LFST', 'RGA', 'DINO', 'KLAR', 'CRNX', 'LUNR', 'ONDS', 'USAR', 'ATAI', 'SBSW', 'BJRI', 'QUBT', 'TDOC', 'TRNO', 'MPC', 'SMCI', 'CPNG', 'PGY', 'RHI', 'ZD']
[[NASDAQ/NYSE 차트분석]] 기존 NASDAQ 차트 파일 삭제 중...
[[NASDAQ/NYSE 차트분석]] TradingView 차트 캡처 시작...
[TradingView] ZD 브라우저 세션 시작  (로그인 세션)...
[TradingView] 1H 캡처 완료 (60)
[TradingView] 4H 캡처 완료 (240)
[TradingView] Daily 캡처 완료 (D)
[TradingView] Weekly 캡처 완료 (W)
[TradingView] Monthly 캡처 완료 (M)
[[NASDAQ/NYSE 차트분석]] ZD 차트 5개 처리 완료
[TradingView] AHR 브라우저 세션 시작  (로그인 세션)...
[TradingView] 1H 캡처 완료 (60)
[TradingView] 4H 캡처 완료 (240)
[TradingView] Daily 캡처 완료 (D)
[TradingView] Weekly 캡처 완료 (W)
[TradingView] Monthly 캡처 완료 (M)
[[NASDAQ/NYSE 차트분석]] AHR 차트 5개 처리 완료
[TradingView] TRNO 브라우저 세션 시작  (로그인 세션)...
[TradingView] 1H 캡처 완료 (60)
[TradingView] 4H 캡처 완료 (240)
[TradingView] Daily 캡처 완료 (D)
[TradingView] Weekly 캡처 완료 (W)
[TradingView] Monthly 캡처 완료 (M)
[[NASDAQ/NYSE 차트분석]] TRNO 차트 5개 처리 완료
[TradingView] VLO 브라우저 세션 시작  (로그인 세션)...
[TradingView] 1H 캡처 완료 (60)
[TradingView] 4H 캡처 완료 (240)
[TradingView] Daily 캡처 완료 (D)
[TradingView] Weekly 캡처 완료 (W)
[TradingView] Monthly 캡처 완료 (M)
[[NASDAQ/NYSE 차트분석]] VLO 차트 5개 처리 완료
[TradingView] VTR 브라우저 세션 시작  (로그인 세션)...
[TradingView] 1H 캡처 완료 (60)
[TradingView] 4H 캡처 완료 (240)
[TradingView] Daily 캡처 완료 (D)
[TradingView] Weekly 캡처 완료 (W)
[TradingView] Monthly 캡처 완료 (M)
[[NASDAQ/NYSE 차트분석]] VTR 차트 5개 처리 완료
[TradingView] WELL 브라우저 세션 시작  (로그인 세션)...
[TradingView] 1H 캡처 완료 (60)
[TradingView] 4H 캡처 완료 (240)
[TradingView] Daily 캡처 완료 (D)
[TradingView] Weekly 캡처 완료 (W)
[TradingView] Monthly 캡처 완료 (M)
[[NASDAQ/NYSE 차트분석]] WELL 차트 5개 처리 완료
[TradingView] LFST 브라우저 세션 시작  (로그인 세션)...
[TradingView] 1H 캡처 완료 (60)
[TradingView] 4H 캡처 완료 (240)
[TradingView] Daily 캡처 완료 (D)
[TradingView] Weekly 캡처 완료 (W)
[TradingView] Monthly 캡처 완료 (M)
[[NASDAQ/NYSE 차트분석]] LFST 차트 5개 처리 완료
[TradingView] ACHC 브라우저 세션 시작  (로그인 세션)...
[TradingView] 1H 캡처 완료 (60)
[TradingView] 4H 캡처 완료 (240)
[TradingView] Daily 캡처 완료 (D)
[TradingView] Weekly 캡처 완료 (W)
[TradingView] Monthly 캡처 완료 (M)
[[NASDAQ/NYSE 차트분석]] ACHC 차트 5개 처리 완료
[TradingView] ETSY 브라우저 세션 시작  (로그인 세션)...
[TradingView] 1H 캡처 완료 (60)
[TradingView] 4H 캡처 완료 (240)
[TradingView] Daily 캡처 완료 (D)
[TradingView] Weekly 캡처 완료 (W)
[TradingView] Monthly 캡처 완료 (M)
[[NASDAQ/NYSE 차트분석]] ETSY 차트 5개 처리 완료
[TradingView] HNGE 브라우저 세션 시작  (로그인 세션)...
[TradingView] 1H 캡처 완료 (60)
[TradingView] 4H 캡처 완료 (240)
[TradingView] Daily 캡처 완료 (D)
[TradingView] Weekly 캡처 완료 (W)
[TradingView] Monthly 캡처 완료 (M)
[[NASDAQ/NYSE 차트분석]] HNGE 차트 5개 처리 완료
[TradingView] PGNY 브라우저 세션 시작  (로그인 세션)...
[TradingView] 1H 캡처 완료 (60)
[TradingView] 4H 캡처 완료 (240)
[TradingView] Daily 캡처 완료 (D)
[TradingView] Weekly 캡처 완료 (W)
[TradingView] Monthly 캡처 완료 (M)
[[NASDAQ/NYSE 차트분석]] PGNY 차트 5개 처리 완료
[TradingView] TDOC 브라우저 세션 시작  (로그인 세션)...
[TradingView] 1H 캡처 완료 (60)
[TradingView] 4H 캡처 완료 (240)
[TradingView] Daily 캡처 완료 (D)
[TradingView] Weekly 캡처 완료 (W)
[TradingView] Monthly 캡처 완료 (M)
[[NASDAQ/NYSE 차트분석]] TDOC 차트 5개 처리 완료
[TradingView] TECH 브라우저 세션 시작  (로그인 세션)...
[TradingView] 1H 캡처 완료 (60)
[TradingView] 4H 캡처 완료 (240)
[TradingView] Daily 캡처 완료 (D)
[TradingView] Weekly 캡처 완료 (W)
[TradingView] Monthly 캡처 완료 (M)
[[NASDAQ/NYSE 차트분석]] TECH 차트 5개 처리 완료
[TradingView] PACS 브라우저 세션 시작  (로그인 세션)...
[TradingView] 1H 캡처 완료 (60)
[TradingView] 4H 캡처 완료 (240)
[TradingView] Daily 캡처 완료 (D)
[TradingView] Weekly 캡처 완료 (W)
[TradingView] Monthly 캡처 완료 (M)
[[NASDAQ/NYSE 차트분석]] PACS 차트 5개 처리 완료
[TradingView] PANW 브라우저 세션 시작  (로그인 세션)...
[TradingView] 1H 캡처 완료 (60)
[TradingView] 4H 캡처 완료 (240)
[TradingView] Daily 캡처 완료 (D)
[TradingView] Weekly 캡처 완료 (W)
[TradingView] Monthly 캡처 완료 (M)
[[NASDAQ/NYSE 차트분석]] PANW 차트 5개 처리 완료
[TradingView] RGA 브라우저 세션 시작  (로그인 세션)...
[TradingView] 1H 캡처 완료 (60)
[TradingView] 4H 캡처 완료 (240)
[TradingView] Daily 캡처 완료 (D)
[TradingView] Weekly 캡처 완료 (W)
[TradingView] Monthly 캡처 완료 (M)
[[NASDAQ/NYSE 차트분석]] RGA 차트 5개 처리 완료
[TradingView] SNOW 브라우저 세션 시작  (로그인 세션)...
[TradingView] 1H 캡처 완료 (60)
[TradingView] 4H 캡처 완료 (240)
[TradingView] Daily 캡처 완료 (D)
[TradingView] Weekly 캡처 완료 (W)
[TradingView] Monthly 캡처 완료 (M)
[[NASDAQ/NYSE 차트분석]] SNOW 차트 5개 처리 완료
[TradingView] DAR 브라우저 세션 시작  (로그인 세션)...
[TradingView] 1H 캡처 완료 (60)
[TradingView] 4H 캡처 완료 (240)
[TradingView] Daily 캡처 완료 (D)
[TradingView] Weekly 캡처 완료 (W)
[TradingView] Monthly 캡처 완료 (M)
[[NASDAQ/NYSE 차트분석]] DAR 차트 5개 처리 완료
[TradingView] PSX 브라우저 세션 시작  (로그인 세션)...
[TradingView] 1H 캡처 완료 (60)
[TradingView] 4H 캡처 완료 (240)
[TradingView] Daily 캡처 완료 (D)
[TradingView] Weekly 캡처 완료 (W)
[TradingView] Monthly 캡처 완료 (M)
[[NASDAQ/NYSE 차트분석]] PSX 차트 5개 처리 완료
[TradingView] FA 브라우저 세션 시작  (로그인 세션)...
[TradingView] 1H 캡처 완료 (60)
[TradingView] 4H 캡처 완료 (240)
[TradingView] Daily 캡처 완료 (D)
[TradingView] Weekly 캡처 완료 (W)
[TradingView] Monthly 캡처 완료 (M)
[[NASDAQ/NYSE 차트분석]] FA 차트 5개 처리 완료
[TradingView] EAT 브라우저 세션 시작  (로그인 세션)...
[TradingView] 1H 캡처 완료 (60)
[TradingView] 4H 캡처 완료 (240)
[TradingView] Daily 캡처 완료 (D)
[TradingView] Weekly 캡처 완료 (W)
[TradingView] Monthly 캡처 완료 (M)
[[NASDAQ/NYSE 차트분석]] EAT 차트 5개 처리 완료
[TradingView] GKOS 브라우저 세션 시작  (로그인 세션)...
[TradingView] 1H 캡처 완료 (60)
[TradingView] 4H 캡처 완료 (240)
[TradingView] Daily 캡처 완료 (D)
[TradingView] Weekly 캡처 완료 (W)
[TradingView] Monthly 캡처 완료 (M)
[[NASDAQ/NYSE 차트분석]] GKOS 차트 5개 처리 완료
[TradingView] KFY 브라우저 세션 시작  (로그인 세션)...
[TradingView] 1H 캡처 완료 (60)
[TradingView] 4H 캡처 완료 (240)
[TradingView] Daily 캡처 완료 (D)
[TradingView] Weekly 캡처 완료 (W)
[TradingView] Monthly 캡처 완료 (M)
[[NASDAQ/NYSE 차트분석]] KFY 차트 5개 처리 완료
[TradingView] DK 브라우저 세션 시작  (로그인 세션)...
[TradingView] 1H 캡처 완료 (60)
[TradingView] 4H 캡처 완료 (240)
[TradingView] Daily 캡처 완료 (D)
[TradingView] Weekly 캡처 완료 (W)
[TradingView] Monthly 캡처 완료 (M)
[[NASDAQ/NYSE 차트분석]] DK 차트 5개 처리 완료
[TradingView] PARR 브라우저 세션 시작  (로그인 세션)...
[TradingView] 1H 캡처 완료 (60)
[TradingView] 4H 캡처 완료 (240)
[TradingView] Daily 캡처 완료 (D)
[TradingView] Weekly 캡처 완료 (W)
[TradingView] Monthly 캡처 완료 (M)
[[NASDAQ/NYSE 차트분석]] PARR 차트 5개 처리 완료
[TradingView] PBF 브라우저 세션 시작  (로그인 세션)...
[TradingView] 1H 캡처 완료 (60)
[TradingView] 4H 캡처 완료 (240)
[TradingView] Daily 캡처 완료 (D)
[TradingView] Weekly 캡처 완료 (W)
[TradingView] Monthly 캡처 완료 (M)
[[NASDAQ/NYSE 차트분석]] PBF 차트 5개 처리 완료
[TradingView] MPC 브라우저 세션 시작  (로그인 세션)...
[TradingView] 1H 캡처 완료 (60)
[TradingView] 4H 캡처 완료 (240)
[TradingView] Daily 캡처 완료 (D)
[TradingView] Weekly 캡처 완료 (W)
[TradingView] Monthly 캡처 완료 (M)
[[NASDAQ/NYSE 차트분석]] MPC 차트 5개 처리 완료
[TradingView] CRNX 브라우저 세션 시작  (로그인 세션)...
[TradingView] 1H 캡처 완료 (60)
[TradingView] 4H 캡처 완료 (240)
[TradingView] Daily 캡처 완료 (D)
[TradingView] Weekly 캡처 완료 (W)
[TradingView] Monthly 캡처 완료 (M)
[[NASDAQ/NYSE 차트분석]] CRNX 차트 5개 처리 완료
[TradingView] OII 브라우저 세션 시작  (로그인 세션)...
[TradingView] 1H 캡처 완료 (60)
[TradingView] 4H 캡처 완료 (240)
[TradingView] Daily 캡처 완료 (D)
[TradingView] Weekly 캡처 완료 (W)
[TradingView] Monthly 캡처 완료 (M)
[[NASDAQ/NYSE 차트분석]] OII 차트 5개 처리 완료
[TradingView] TIGO 브라우저 세션 시작  (로그인 세션)...
[TradingView] 1H 캡처 완료 (60)
[TradingView] 4H 캡처 완료 (240)
[TradingView] Daily 캡처 완료 (D)
[TradingView] Weekly 캡처 완료 (W)
[TradingView] Monthly 캡처 완료 (M)
[[NASDAQ/NYSE 차트분석]] TIGO 차트 5개 처리 완료
[TradingView] CHE 브라우저 세션 시작  (로그인 세션)...
[TradingView] 1H 캡처 완료 (60)
[TradingView] 4H 캡처 완료 (240)
[TradingView] Daily 캡처 완료 (D)
[TradingView] Weekly 캡처 완료 (W)
[TradingView] Monthly 캡처 완료 (M)
[[NASDAQ/NYSE 차트분석]] CHE 차트 5개 처리 완료
[TradingView] DAVE 브라우저 세션 시작  (로그인 세션)...
[TradingView] 1H 캡처 완료 (60)
[TradingView] 4H 캡처 완료 (240)
[TradingView] Daily 캡처 완료 (D)
[TradingView] Weekly 캡처 완료 (W)
[TradingView] Monthly 캡처 완료 (M)
[[NASDAQ/NYSE 차트분석]] DAVE 차트 5개 처리 완료
[TradingView] CLBK 브라우저 세션 시작  (로그인 세션)...
[TradingView] 1H 캡처 완료 (60)
[TradingView] 4H 캡처 완료 (240)
[TradingView] Daily 캡처 완료 (D)
[TradingView] Weekly 캡처 완료 (W)
[TradingView] Monthly 캡처 완료 (M)
[[NASDAQ/NYSE 차트분석]] CLBK 차트 5개 처리 완료
[TradingView] ATAI 브라우저 세션 시작  (로그인 세션)...
[TradingView] 1H 캡처 완료 (60)
[TradingView] 4H 캡처 완료 (240)
[TradingView] Daily 캡처 완료 (D)
[TradingView] Weekly 캡처 완료 (W)
[TradingView] Monthly 캡처 완료 (M)
[[NASDAQ/NYSE 차트분석]] ATAI 차트 5개 처리 완료
[TradingView] DINO 브라우저 세션 시작  (로그인 세션)...
[TradingView] 1H 캡처 완료 (60)
[TradingView] 4H 캡처 완료 (240)
[TradingView] Daily 캡처 완료 (D)
[TradingView] Weekly 캡처 완료 (W)
[TradingView] Monthly 캡처 완료 (M)
[[NASDAQ/NYSE 차트분석]] DINO 차트 5개 처리 완료
[TradingView] BJRI 브라우저 세션 시작  (로그인 세션)...
[TradingView] 1H 캡처 완료 (60)
[TradingView] 4H 캡처 완료 (240)
[TradingView] Daily 캡처 완료 (D)
[TradingView] Weekly 캡처 완료 (W)
[TradingView] Monthly 캡처 완료 (M)
[[NASDAQ/NYSE 차트분석]] BJRI 차트 5개 처리 완료
[TradingView] CLMT 브라우저 세션 시작  (로그인 세션)...
[TradingView] 1H 캡처 완료 (60)
[TradingView] 4H 캡처 완료 (240)
[TradingView] Daily 캡처 완료 (D)
[TradingView] Weekly 캡처 완료 (W)
[TradingView] Monthly 캡처 완료 (M)
[[NASDAQ/NYSE 차트분석]] CLMT 차트 5개 처리 완료
[TradingView] RHI 브라우저 세션 시작  (로그인 세션)...
[TradingView] 1H 캡처 완료 (60)
[TradingView] 4H 캡처 완료 (240)
[TradingView] Daily 캡처 완료 (D)
[TradingView] Weekly 캡처 완료 (W)
[TradingView] Monthly 캡처 완료 (M)
[[NASDAQ/NYSE 차트분석]] RHI 차트 5개 처리 완료
[TradingView] TRV 브라우저 세션 시작  (로그인 세션)...
[TradingView] 1H 캡처 완료 (60)
[TradingView] 4H 캡처 완료 (240)
[TradingView] Daily 캡처 완료 (D)
[TradingView] Weekly 캡처 완료 (W)
[TradingView] Monthly 캡처 완료 (M)
[[NASDAQ/NYSE 차트분석]] TRV 차트 5개 처리 완료
[TradingView] UPC 브라우저 세션 시작  (로그인 세션)...
[TradingView] 1H 캡처 완료 (60)
[TradingView] 4H 캡처 완료 (240)
[TradingView] Daily 캡처 완료 (D)
[TradingView] Weekly 캡처 완료 (W)
[TradingView] Monthly 캡처 완료 (M)
[[NASDAQ/NYSE 차트분석]] UPC 차트 5개 처리 완료
[TradingView] NAVN 브라우저 세션 시작  (로그인 세션)...
[TradingView] 1H 캡처 완료 (60)
[TradingView] 4H 캡처 완료 (240)
[TradingView] Daily 캡처 완료 (D)
[TradingView] Weekly 캡처 완료 (W)
[TradingView] Monthly 캡처 완료 (M)
[[NASDAQ/NYSE 차트분석]] NAVN 차트 5개 처리 완료
[TradingView] SKYQ 브라우저 세션 시작  (로그인 세션)...
[TradingView] 1H 캡처 완료 (60)
[TradingView] 4H 캡처 완료 (240)
[TradingView] Daily 캡처 완료 (D)
[TradingView] Weekly 캡처 완료 (W)
[TradingView] Monthly 캡처 완료 (M)
[[NASDAQ/NYSE 차트분석]] SKYQ 차트 5개 처리 완료
[TradingView] HIMS 브라우저 세션 시작  (로그인 세션)...
[TradingView] 1H 캡처 완료 (60)
[TradingView] 4H 캡처 완료 (240)
[TradingView] Daily 캡처 완료 (D)
[TradingView] Weekly 캡처 완료 (W)
[TradingView] Monthly 캡처 완료 (M)
[[NASDAQ/NYSE 차트분석]] HIMS 차트 5개 처리 완료
[TradingView] STUB 브라우저 세션 시작  (로그인 세션)...
[TradingView] 1H 캡처 완료 (60)
[TradingView] 4H 캡처 완료 (240)
[TradingView] Daily 캡처 완료 (D)
[TradingView] Weekly 캡처 완료 (W)
[TradingView] Monthly 캡처 완료 (M)
[[NASDAQ/NYSE 차트분석]] STUB 차트 5개 처리 완료
[TradingView] LIF 브라우저 세션 시작  (로그인 세션)...
[TradingView] 1H 캡처 완료 (60)
[TradingView] 4H 캡처 완료 (240)
[TradingView] Daily 캡처 완료 (D)
[TradingView] Weekly 캡처 완료 (W)
[TradingView] Monthly 캡처 완료 (M)
[[NASDAQ/NYSE 차트분석]] LIF 차트 5개 처리 완료
[TradingView] PGY 브라우저 세션 시작  (로그인 세션)...
[TradingView] 1H 캡처 완료 (60)
[TradingView] 4H 캡처 완료 (240)
[TradingView] Daily 캡처 완료 (D)
[TradingView] Weekly 캡처 완료 (W)
[TradingView] Monthly 캡처 완료 (M)
[[NASDAQ/NYSE 차트분석]] PGY 차트 5개 처리 완료
[TradingView] WLFC 브라우저 세션 시작  (로그인 세션)...
[TradingView] 1H 캡처 완료 (60)
[TradingView] 4H 캡처 완료 (240)
[TradingView] Daily 캡처 완료 (D)
[TradingView] Weekly 캡처 완료 (W)
[TradingView] Monthly 캡처 완료 (M)
[[NASDAQ/NYSE 차트분석]] WLFC 차트 5개 처리 완료
[TradingView] MAN 브라우저 세션 시작  (로그인 세션)...
[TradingView] 1H 캡처 완료 (60)
[TradingView] 4H 캡처 완료 (240)
[TradingView] Daily 캡처 완료 (D)
[TradingView] Weekly 캡처 완료 (W)
[TradingView] Monthly 캡처 완료 (M)
[[NASDAQ/NYSE 차트분석]] MAN 차트 5개 처리 완료
[TradingView] SPSC 브라우저 세션 시작  (로그인 세션)...
[TradingView] 1H 캡처 완료 (60)
[TradingView] 4H 캡처 완료 (240)
[TradingView] Daily 캡처 완료 (D)
[TradingView] Weekly 캡처 완료 (W)
[TradingView] Monthly 캡처 완료 (M)
[[NASDAQ/NYSE 차트분석]] SPSC 차트 5개 처리 완료
[TradingView] BULL 브라우저 세션 시작  (로그인 세션)...
[TradingView] 1H 캡처 완료 (60)
[TradingView] 4H 캡처 완료 (240)
[TradingView] Daily 캡처 완료 (D)
[TradingView] Weekly 캡처 완료 (W)
[TradingView] Monthly 캡처 완료 (M)
[[NASDAQ/NYSE 차트분석]] BULL 차트 5개 처리 완료
[TradingView] FIG 브라우저 세션 시작  (로그인 세션)...
[TradingView] 1H 캡처 완료 (60)
[TradingView] 4H 캡처 완료 (240)
[TradingView] Daily 캡처 완료 (D)
[TradingView] Weekly 캡처 완료 (W)
[TradingView] Monthly 캡처 완료 (M)
[[NASDAQ/NYSE 차트분석]] FIG 차트 5개 처리 완료
[TradingView] KLAR 브라우저 세션 시작  (로그인 세션)...
[TradingView] 1H 캡처 완료 (60)
[TradingView] 4H 캡처 완료 (240)
[TradingView] Daily 캡처 완료 (D)
[TradingView] Weekly 캡처 완료 (W)
[TradingView] Monthly 캡처 완료 (M)
[[NASDAQ/NYSE 차트분석]] KLAR 차트 5개 처리 완료
[TradingView] PCT 브라우저 세션 시작  (로그인 세션)...
[TradingView] 1H 캡처 완료 (60)
[TradingView] 4H 캡처 완료 (240)
[TradingView] Daily 캡처 완료 (D)
[TradingView] Weekly 캡처 완료 (W)
[TradingView] Monthly 캡처 완료 (M)
[[NASDAQ/NYSE 차트분석]] PCT 차트 5개 처리 완료
[TradingView] SMCI 브라우저 세션 시작  (로그인 세션)...
[TradingView] 1H 캡처 완료 (60)
[TradingView] 4H 캡처 완료 (240)
[TradingView] Daily 캡처 완료 (D)
[TradingView] Weekly 캡처 완료 (W)
[TradingView] Monthly 캡처 완료 (M)
[[NASDAQ/NYSE 차트분석]] SMCI 차트 5개 처리 완료
[TradingView] BTDR 브라우저 세션 시작  (로그인 세션)...
[TradingView] 1H 캡처 완료 (60)
[TradingView] 4H 캡처 완료 (240)
[TradingView] Daily 캡처 완료 (D)
[TradingView] Weekly 캡처 완료 (W)
[TradingView] Monthly 캡처 완료 (M)
[[NASDAQ/NYSE 차트분석]] BTDR 차트 5개 처리 완료
[TradingView] BW 브라우저 세션 시작  (로그인 세션)...
[TradingView] 1H 캡처 완료 (60)
[TradingView] 4H 캡처 완료 (240)
[TradingView] Daily 캡처 완료 (D)
[TradingView] Weekly 캡처 완료 (W)
[TradingView] Monthly 캡처 완료 (M)
[[NASDAQ/NYSE 차트분석]] BW 차트 5개 처리 완료
[TradingView] IONQ 브라우저 세션 시작  (로그인 세션)...
[TradingView] 1H 캡처 완료 (60)
[TradingView] 4H 캡처 완료 (240)
[TradingView] Daily 캡처 완료 (D)
[TradingView] Weekly 캡처 완료 (W)
[TradingView] Monthly 캡처 완료 (M)
[[NASDAQ/NYSE 차트분석]] IONQ 차트 5개 처리 완료
[TradingView] FLNC 브라우저 세션 시작  (로그인 세션)...
[TradingView] 1H 캡처 완료 (60)
[TradingView] 4H 캡처 완료 (240)
[TradingView] Daily 캡처 완료 (D)
[TradingView] Weekly 캡처 완료 (W)
[TradingView] Monthly 캡처 완료 (M)
[[NASDAQ/NYSE 차트분석]] FLNC 차트 5개 처리 완료
[TradingView] TEM 브라우저 세션 시작  (로그인 세션)...
[TradingView] 1H 캡처 완료 (60)
[TradingView] 4H 캡처 완료 (240)
[TradingView] Daily 캡처 완료 (D)
[TradingView] Weekly 캡처 완료 (W)
[TradingView] Monthly 캡처 완료 (M)
[[NASDAQ/NYSE 차트분석]] TEM 차트 5개 처리 완료
[TradingView] SFM 브라우저 세션 시작  (로그인 세션)...
[TradingView] 1H 캡처 완료 (60)
[TradingView] 4H 캡처 완료 (240)
[TradingView] Daily 캡처 완료 (D)
[TradingView] Weekly 캡처 완료 (W)
[TradingView] Monthly 캡처 완료 (M)
[[NASDAQ/NYSE 차트분석]] SFM 차트 5개 처리 완료
[TradingView] CRWV 브라우저 세션 시작  (로그인 세션)...
[TradingView] 1H 캡처 완료 (60)
[TradingView] 4H 캡처 완료 (240)
[TradingView] Daily 캡처 완료 (D)
[TradingView] Weekly 캡처 완료 (W)
[TradingView] Monthly 캡처 완료 (M)
[[NASDAQ/NYSE 차트분석]] CRWV 차트 5개 처리 완료
[TradingView] RDW 브라우저 세션 시작  (로그인 세션)...
[TradingView] 1H 캡처 완료 (60)
[TradingView] 4H 캡처 완료 (240)
[TradingView] Daily 캡처 완료 (D)
[TradingView] Weekly 캡처 완료 (W)
[TradingView] Monthly 캡처 완료 (M)
[[NASDAQ/NYSE 차트분석]] RDW 차트 5개 처리 완료
[TradingView] QBTS 브라우저 세션 시작  (로그인 세션)...
[TradingView] 1H 캡처 완료 (60)
[TradingView] 4H 캡처 완료 (240)
[TradingView] Daily 캡처 완료 (D)
[TradingView] Weekly 캡처 완료 (W)
[TradingView] Monthly 캡처 완료 (M)
[[NASDAQ/NYSE 차트분석]] QBTS 차트 5개 처리 완료
[TradingView] UI 브라우저 세션 시작  (로그인 세션)...
[TradingView] 1H 캡처 완료 (60)
[TradingView] 4H 캡처 완료 (240)
[TradingView] Daily 캡처 완료 (D)
[TradingView] Weekly 캡처 완료 (W)
[TradingView] Monthly 캡처 완료 (M)
[[NASDAQ/NYSE 차트분석]] UI 차트 5개 처리 완료
[TradingView] ONDS 브라우저 세션 시작  (로그인 세션)...
[TradingView] 1H 캡처 완료 (60)
[TradingView] 4H 캡처 완료 (240)
[TradingView] Daily 캡처 완료 (D)
[TradingView] Weekly 캡처 완료 (W)
[TradingView] Monthly 캡처 완료 (M)
[[NASDAQ/NYSE 차트분석]] ONDS 차트 5개 처리 완료
[TradingView] UEC 브라우저 세션 시작  (로그인 세션)...
[TradingView] 1H 캡처 완료 (60)
[TradingView] 4H 캡처 완료 (240)
[TradingView] Daily 캡처 완료 (D)
[TradingView] Weekly 캡처 완료 (W)
[TradingView] Monthly 캡처 완료 (M)
[[NASDAQ/NYSE 차트분석]] UEC 차트 5개 처리 완료
[TradingView] PL 브라우저 세션 시작  (로그인 세션)...
[TradingView] 1H 캡처 완료 (60)
[TradingView] 4H 캡처 완료 (240)
[TradingView] Daily 캡처 완료 (D)
[TradingView] Weekly 캡처 완료 (W)
[TradingView] Monthly 캡처 완료 (M)
[[NASDAQ/NYSE 차트분석]] PL 차트 5개 처리 완료
[TradingView] QUBT 브라우저 세션 시작  (로그인 세션)...
[TradingView] 1H 캡처 완료 (60)
[TradingView] 4H 캡처 완료 (240)
[TradingView] Daily 캡처 완료 (D)
[TradingView] Weekly 캡처 완료 (W)
[TradingView] Monthly 캡처 완료 (M)
[[NASDAQ/NYSE 차트분석]] QUBT 차트 5개 처리 완료
[TradingView] USAR 브라우저 세션 시작  (로그인 세션)...
[TradingView] 1H 캡처 완료 (60)
[TradingView] 4H 캡처 완료 (240)
[TradingView] Daily 캡처 완료 (D)
[TradingView] Weekly 캡처 완료 (W)
[TradingView] Monthly 캡처 완료 (M)
[[NASDAQ/NYSE 차트분석]] USAR 차트 5개 처리 완료
[TradingView] LUNR 브라우저 세션 시작  (로그인 세션)...
[TradingView] 1H 캡처 완료 (60)
[TradingView] 4H 캡처 완료 (240)
[TradingView] Daily 캡처 완료 (D)
[TradingView] Weekly 캡처 완료 (W)
[TradingView] Monthly 캡처 완료 (M)
[[NASDAQ/NYSE 차트분석]] LUNR 차트 5개 처리 완료
[TradingView] AAOI 브라우저 세션 시작  (로그인 세션)...
[TradingView] 1H 캡처 완료 (60)
[TradingView] 4H 캡처 완료 (240)
[TradingView] Daily 캡처 완료 (D)
[TradingView] Weekly 캡처 완료 (W)
[TradingView] Monthly 캡처 완료 (M)
[[NASDAQ/NYSE 차트분석]] AAOI 차트 5개 처리 완료
[TradingView] UUUU 브라우저 세션 시작  (로그인 세션)...
[TradingView] 1H 캡처 완료 (60)
[TradingView] 4H 캡처 완료 (240)
[TradingView] Daily 캡처 완료 (D)
[TradingView] Weekly 캡처 완료 (W)
[TradingView] Monthly 캡처 완료 (M)
[[NASDAQ/NYSE 차트분석]] UUUU 차트 5개 처리 완료
[TradingView] EOSE 브라우저 세션 시작  (로그인 세션)...
[TradingView] 1H 캡처 완료 (60)
[TradingView] 4H 캡처 완료 (240)
[TradingView] Daily 캡처 완료 (D)
[TradingView] Weekly 캡처 완료 (W)
[TradingView] Monthly 캡처 완료 (M)
[[NASDAQ/NYSE 차트분석]] EOSE 차트 5개 처리 완료
[TradingView] HYMC 브라우저 세션 시작  (로그인 세션)...
[TradingView] 1H 캡처 완료 (60)
[TradingView] 4H 캡처 완료 (240)
[TradingView] Daily 캡처 완료 (D)
[TradingView] Weekly 캡처 완료 (W)
[TradingView] Monthly 캡처 완료 (M)
[[NASDAQ/NYSE 차트분석]] HYMC 차트 5개 처리 완료
[TradingView] NNE 브라우저 세션 시작  (로그인 세션)...
[TradingView] 1H 캡처 완료 (60)
[TradingView] 4H 캡처 완료 (240)
[TradingView] Daily 캡처 완료 (D)
[TradingView] Weekly 캡처 완료 (W)
[TradingView] Monthly 캡처 완료 (M)
[[NASDAQ/NYSE 차트분석]] NNE 차트 5개 처리 완료
[TradingView] ARRY 브라우저 세션 시작  (로그인 세션)...
[TradingView] 1H 캡처 완료 (60)
[TradingView] 4H 캡처 완료 (240)
[TradingView] Daily 캡처 완료 (D)
[TradingView] Weekly 캡처 완료 (W)
[TradingView] Monthly 캡처 완료 (M)
[[NASDAQ/NYSE 차트분석]] ARRY 차트 5개 처리 완료
[TradingView] CPNG 브라우저 세션 시작  (로그인 세션)...
[TradingView] 1H 캡처 완료 (60)
[TradingView] 4H 캡처 완료 (240)
[TradingView] Daily 캡처 완료 (D)
[TradingView] Weekly 캡처 완료 (W)
[TradingView] Monthly 캡처 완료 (M)
[[NASDAQ/NYSE 차트분석]] CPNG 차트 5개 처리 완료
[TradingView] HL 브라우저 세션 시작  (로그인 세션)...
[TradingView] 1H 캡처 완료 (60)
[TradingView] 4H 캡처 완료 (240)
[TradingView] Daily 캡처 완료 (D)
[TradingView] Weekly 캡처 완료 (W)
[TradingView] Monthly 캡처 완료 (M)
[[NASDAQ/NYSE 차트분석]] HL 차트 5개 처리 완료
[TradingView] JOBY 브라우저 세션 시작  (로그인 세션)...
[TradingView] 1H 캡처 완료 (60)
[TradingView] 4H 캡처 완료 (240)
[TradingView] Daily 캡처 완료 (D)
[TradingView] Weekly 캡처 완료 (W)
[TradingView] Monthly 캡처 완료 (M)
[[NASDAQ/NYSE 차트분석]] JOBY 차트 5개 처리 완료
[TradingView] MP 브라우저 세션 시작  (로그인 세션)...
[TradingView] 1H 캡처 완료 (60)
[TradingView] 4H 캡처 완료 (240)
[TradingView] Daily 캡처 완료 (D)
[TradingView] Weekly 캡처 완료 (W)
[TradingView] Monthly 캡처 완료 (M)
[[NASDAQ/NYSE 차트분석]] MP 차트 5개 처리 완료
[TradingView] RGTI 브라우저 세션 시작  (로그인 세션)...
[TradingView] 1H 캡처 완료 (60)
[TradingView] 4H 캡처 완료 (240)
[TradingView] Daily 캡처 완료 (D)
[TradingView] Weekly 캡처 완료 (W)
[TradingView] Monthly 캡처 완료 (M)
[[NASDAQ/NYSE 차트분석]] RGTI 차트 5개 처리 완료
[TradingView] SBSW 브라우저 세션 시작  (로그인 세션)...
[TradingView] 1H 캡처 완료 (60)
[TradingView] 4H 캡처 완료 (240)
[TradingView] Daily 캡처 완료 (D)
[TradingView] Weekly 캡처 완료 (W)
[TradingView] Monthly 캡처 완료 (M)
[[NASDAQ/NYSE 차트분석]] SBSW 차트 5개 처리 완료
[TradingView] SOUN 브라우저 세션 시작  (로그인 세션)...
[TradingView] 1H 캡처 완료 (60)
[TradingView] 4H 캡처 완료 (240)
[TradingView] Daily 캡처 완료 (D)
[TradingView] Weekly 캡처 완료 (W)
[TradingView] Monthly 캡처 완료 (M)
[[NASDAQ/NYSE 차트분석]] SOUN 차트 5개 처리 완료
[TradingView] FRMI 브라우저 세션 시작  (로그인 세션)...
[TradingView] 1H 캡처 완료 (60)
[TradingView] 4H 캡처 완료 (240)
[TradingView] Daily 캡처 완료 (D)
[TradingView] Weekly 캡처 완료 (W)
[TradingView] Monthly 캡처 완료 (M)
[[NASDAQ/NYSE 차트분석]] FRMI 차트 5개 처리 완료
[TradingView] LEU 브라우저 세션 시작  (로그인 세션)...
[TradingView] 1H 캡처 완료 (60)
[TradingView] 4H 캡처 완료 (240)
[TradingView] Daily 캡처 완료 (D)
[TradingView] Weekly 캡처 완료 (W)
[TradingView] Monthly 캡처 완료 (M)
[[NASDAQ/NYSE 차트분석]] LEU 차트 5개 처리 완료
[TradingView] SNAP 브라우저 세션 시작  (로그인 세션)...
[TradingView] 1H 캡처 완료 (60)
[TradingView] 4H 캡처 완료 (240)
[TradingView] Daily 캡처 완료 (D)
[TradingView] Weekly 캡처 완료 (W)
[TradingView] Monthly 캡처 완료 (M)
[[NASDAQ/NYSE 차트분석]] SNAP 차트 5개 처리 완료
[TradingView] ASTS 브라우저 세션 시작  (로그인 세션)...
[TradingView] 1H 캡처 완료 (60)
[TradingView] 4H 캡처 완료 (240)
[TradingView] Daily 캡처 완료 (D)
[TradingView] Weekly 캡처 완료 (W)
[TradingView] Monthly 캡처 완료 (M)
[[NASDAQ/NYSE 차트분석]] ASTS 차트 5개 처리 완료
[TradingView] LWLG 브라우저 세션 시작  (로그인 세션)...
[TradingView] 1H 캡처 완료 (60)
[TradingView] 4H 캡처 완료 (240)
[TradingView] Daily 캡처 완료 (D)
[TradingView] Weekly 캡처 완료 (W)
[TradingView] Monthly 캡처 완료 (M)
[[NASDAQ/NYSE 차트분석]] LWLG 차트 5개 처리 완료
[TradingView] SMMT 브라우저 세션 시작  (로그인 세션)...
[TradingView] 1H 캡처 완료 (60)
[TradingView] 4H 캡처 완료 (240)
[TradingView] Daily 캡처 완료 (D)
[TradingView] Weekly 캡처 완료 (W)
[TradingView] Monthly 캡처 완료 (M)
[[NASDAQ/NYSE 차트분석]] SMMT 차트 5개 처리 완료
[TradingView] UAMY 브라우저 세션 시작  (로그인 세션)...
[TradingView] 1H 캡처 완료 (60)
[TradingView] 4H 캡처 완료 (240)
[TradingView] Daily 캡처 완료 (D)
[TradingView] Weekly 캡처 완료 (W)
[TradingView] Monthly 캡처 완료 (M)
[[NASDAQ/NYSE 차트분석]] UAMY 차트 5개 처리 완료
[TradingView] WOLF 브라우저 세션 시작  (로그인 세션)...
[TradingView] 1H 캡처 완료 (60)
[TradingView] 4H 캡처 완료 (240)
[TradingView] Daily 캡처 완료 (D)
[TradingView] Weekly 캡처 완료 (W)
[TradingView] Monthly 캡처 완료 (M)
[[NASDAQ/NYSE 차트분석]] WOLF 차트 5개 처리 완료
[TradingView] AI 브라우저 세션 시작  (로그인 세션)...
[TradingView] 1H 캡처 완료 (60)
[TradingView] 4H 캡처 완료 (240)
[TradingView] Daily 캡처 완료 (D)
[TradingView] Weekly 캡처 완료 (W)
[TradingView] Monthly 캡처 완료 (M)
[[NASDAQ/NYSE 차트분석]] AI 차트 5개 처리 완료
[TradingView] LAES 브라우저 세션 시작  (로그인 세션)...
[TradingView] 1H 캡처 완료 (60)
[TradingView] 4H 캡처 완료 (240)
[TradingView] Daily 캡처 완료 (D)
[TradingView] Weekly 캡처 완료 (W)
[TradingView] Monthly 캡처 완료 (M)
[[NASDAQ/NYSE 차트분석]] LAES 차트 5개 처리 완료
[TradingView] QS 브라우저 세션 시작  (로그인 세션)...
[TradingView] 1H 캡처 완료 (60)
[TradingView] 4H 캡처 완료 (240)
[TradingView] Daily 캡처 완료 (D)
[TradingView] Weekly 캡처 완료 (W)
[TradingView] Monthly 캡처 완료 (M)
[[NASDAQ/NYSE 차트분석]] QS 차트 5개 처리 완료
[[NASDAQ/NYSE 차트분석]] 차트 캡처 완료
[[NASDAQ/NYSE 차트분석]] GitHub에 차트 이미지 푸시 중...
[main f450231] Update NASDAQ/NYSE chart screenshots 1784602849
 1010 files changed, 0 insertions(+), 0 deletions(-)
 delete mode 100644 charts/screenshots_nasdaq/AAOI/AAOI_1H_20260720_071749.png
 create mode 100644 charts/screenshots_nasdaq/AAOI/AAOI_1H_20260721_024439.png
 delete mode 100644 charts/screenshots_nasdaq/AAOI/AAOI_4H_20260720_071749.png
 create mode 100644 charts/screenshots_nasdaq/AAOI/AAOI_4H_20260721_024439.png
 delete mode 100644 charts/screenshots_nasdaq/AAOI/AAOI_Daily_20260720_071749.png
 create mode 100644 charts/screenshots_nasdaq/AAOI/AAOI_Daily_20260721_024439.png
 delete mode 100644 charts/screenshots_nasdaq/AAOI/AAOI_Monthly_20260720_071749.png
 create mode 100644 charts/screenshots_nasdaq/AAOI/AAOI_Monthly_20260721_024439.png
 delete mode 100644 charts/screenshots_nasdaq/AAOI/AAOI_Weekly_20260720_071749.png
 create mode 100644 charts/screenshots_nasdaq/AAOI/AAOI_Weekly_20260721_024439.png
 delete mode 100644 charts/screenshots_nasdaq/ACHC/ACHC_1H_20260720_062959.png
 create mode 100644 charts/screenshots_nasdaq/ACHC/ACHC_1H_20260721_020250.png
 delete mode 100644 charts/screenshots_nasdaq/ACHC/ACHC_4H_20260720_062959.png
 create mode 100644 charts/screenshots_nasdaq/ACHC/ACHC_4H_20260721_020250.png
 delete mode 100644 charts/screenshots_nasdaq/ACHC/ACHC_Daily_20260720_062959.png
 create mode 100644 charts/screenshots_nasdaq/ACHC/ACHC_Daily_20260721_020250.png
 delete mode 100644 charts/screenshots_nasdaq/ACHC/ACHC_Monthly_20260720_062959.png
 create mode 100644 charts/screenshots_nasdaq/ACHC/ACHC_Monthly_20260721_020250.png
 delete mode 100644 charts/screenshots_nasdaq/ACHC/ACHC_Weekly_20260720_062959.png
 create mode 100644 charts/screenshots_nasdaq/ACHC/ACHC_Weekly_20260721_020250.png
 delete mode 100644 charts/screenshots_nasdaq/ACHR/ACHR_1H_20260720_071445.png
 delete mode 100644 charts/screenshots_nasdaq/ACHR/ACHR_4H_20260720_071445.png
 delete mode 100644 charts/screenshots_nasdaq/ACHR/ACHR_Daily_20260720_071445.png
 delete mode 100644 charts/screenshots_nasdaq/ACHR/ACHR_Monthly_20260720_071445.png
 delete mode 100644 charts/screenshots_nasdaq/ACHR/ACHR_Weekly_20260720_071445.png
 delete mode 100644 charts/screenshots_nasdaq/ACIW/ACIW_1H_20260720_064032.png
 delete mode 100644 charts/screenshots_nasdaq/ACIW/ACIW_4H_20260720_064032.png
 delete mode 100644 charts/screenshots_nasdaq/ACIW/ACIW_Daily_20260720_064032.png
 delete mode 100644 charts/screenshots_nasdaq/ACIW/ACIW_Monthly_20260720_064032.png
 delete mode 100644 charts/screenshots_nasdaq/ACIW/ACIW_Weekly_20260720_064032.png
 delete mode 100644 charts/screenshots_nasdaq/ADPT/ADPT_1H_20260720_063113.png
 delete mode 100644 charts/screenshots_nasdaq/ADPT/ADPT_4H_20260720_063113.png
 delete mode 100644 charts/screenshots_nasdaq/ADPT/ADPT_Daily_20260720_063113.png
 delete mode 100644 charts/screenshots_nasdaq/ADPT/ADPT_Monthly_20260720_063113.png
 delete mode 100644 charts/screenshots_nasdaq/ADPT/ADPT_Weekly_20260720_063113.png
 delete mode 100644 charts/screenshots_nasdaq/AHR/AHR_1H_20260720_062315.png
 create mode 100644 charts/screenshots_nasdaq/AHR/AHR_1H_20260721_015849.png
 delete mode 100644 charts/screenshots_nasdaq/AHR/AHR_4H_20260720_062315.png
 create mode 100644 charts/screenshots_nasdaq/AHR/AHR_4H_20260721_015849.png
 delete mode 100644 charts/screenshots_nasdaq/AHR/AHR_Daily_20260720_062315.png
 create mode 100644 charts/screenshots_nasdaq/AHR/AHR_Daily_20260721_015849.png
 delete mode 100644 charts/screenshots_nasdaq/AHR/AHR_Monthly_20260720_062315.png
 create mode 100644 charts/screenshots_nasdaq/AHR/AHR_Monthly_20260721_015849.png
 delete mode 100644 charts/screenshots_nasdaq/AHR/AHR_Weekly_20260720_062315.png
 create mode 100644 charts/screenshots_nasdaq/AHR/AHR_Weekly_20260721_015849.png
 create mode 100644 charts/screenshots_nasdaq/AI/AI_1H_20260721_025841.png
 create mode 100644 charts/screenshots_nasdaq/AI/AI_4H_20260721_025841.png
 create mode 100644 charts/screenshots_nasdaq/AI/AI_Daily_20260721_025841.png
 create mode 100644 charts/screenshots_nasdaq/AI/AI_Monthly_20260721_025841.png
 create mode 100644 charts/screenshots_nasdaq/AI/AI_Weekly_20260721_025841.png
 delete mode 100644 charts/screenshots_nasdaq/APGE/APGE_1H_20260720_062732.png
 delete mode 100644 charts/screenshots_nasdaq/APGE/APGE_4H_20260720_062732.png
 delete mode 100644 charts/screenshots_nasdaq/APGE/APGE_Daily_20260720_062732.png
 delete mode 100644 charts/screenshots_nasdaq/APGE/APGE_Monthly_20260720_062732.png
 delete mode 100644 charts/screenshots_nasdaq/APGE/APGE_Weekly_20260720_062732.png
 create mode 100644 charts/screenshots_nasdaq/ARRY/ARRY_1H_20260721_024759.png
 create mode 100644 charts/screenshots_nasdaq/ARRY/ARRY_4H_20260721_024759.png
 create mode 100644 charts/screenshots_nasdaq/ARRY/ARRY_Daily_20260721_024759.png
 create mode 100644 charts/screenshots_nasdaq/ARRY/ARRY_Monthly_20260721_024759.png
 create mode 100644 charts/screenshots_nasdaq/ARRY/ARRY_Weekly_20260721_024759.png
 delete mode 100644 charts/screenshots_nasdaq/ASST/ASST_1H_20260720_071522.png
 delete mode 100644 charts/screenshots_nasdaq/ASST/ASST_4H_20260720_071522.png
 delete mode 100644 charts/screenshots_nasdaq/ASST/ASST_Daily_20260720_071522.png
 delete mode 100644 charts/screenshots_nasdaq/ASST/ASST_Monthly_20260720_071522.png
 delete mode 100644 charts/screenshots_nasdaq/ASST/ASST_Weekly_20260720_071522.png
 delete mode 100644 charts/screenshots_nasdaq/ASTS/ASTS_1H_20260720_071827.png
 create mode 100644 charts/screenshots_nasdaq/ASTS/ASTS_1H_20260721_025522.png
 delete mode 100644 charts/screenshots_nasdaq/ASTS/ASTS_4H_20260720_071827.png
 create mode 100644 charts/screenshots_nasdaq/ASTS/ASTS_4H_20260721_025522.png
 delete mode 100644 charts/screenshots_nasdaq/ASTS/ASTS_Daily_20260720_071827.png
 create mode 100644 charts/screenshots_nasdaq/ASTS/ASTS_Daily_20260721_025522.png
 delete mode 100644 charts/screenshots_nasdaq/ASTS/ASTS_Monthly_20260720_071827.png
 create mode 100644 charts/screenshots_nasdaq/ASTS/ASTS_Monthly_20260721_025522.png
 delete mode 100644 charts/screenshots_nasdaq/ASTS/ASTS_Weekly_20260720_071827.png
 create mode 100644 charts/screenshots_nasdaq/ASTS/ASTS_Weekly_20260721_025522.png
 delete mode 100644 charts/screenshots_nasdaq/ATAI/ATAI_1H_20260720_065414.png
 create mode 100644 charts/screenshots_nasdaq/ATAI/ATAI_1H_20260721_022005.png
 delete mode 100644 charts/screenshots_nasdaq/ATAI/ATAI_4H_20260720_065414.png
 create mode 100644 charts/screenshots_nasdaq/ATAI/ATAI_4H_20260721_022005.png
 delete mode 100644 charts/screenshots_nasdaq/ATAI/ATAI_Daily_20260720_065414.png
 create mode 100644 charts/screenshots_nasdaq/ATAI/ATAI_Daily_20260721_022005.png
 delete mode 100644 charts/screenshots_nasdaq/ATAI/ATAI_Monthly_20260720_065414.png
 create mode 100644 charts/screenshots_nasdaq/ATAI/ATAI_Monthly_20260721_022005.png
 delete mode 100644 charts/screenshots_nasdaq/ATAI/ATAI_Weekly_20260720_065414.png
 create mode 100644 charts/screenshots_nasdaq/ATAI/ATAI_Weekly_20260721_022005.png
 create mode 100644 charts/screenshots_nasdaq/BJRI/BJRI_1H_20260721_022125.png
 create mode 100644 charts/screenshots_nasdaq/BJRI/BJRI_4H_20260721_022125.png
 create mode 100644 charts/screenshots_nasdaq/BJRI/BJRI_Daily_20260721_022125.png
 create mode 100644 charts/screenshots_nasdaq/BJRI/BJRI_Monthly_20260721_022125.png
 create mode 100644 charts/screenshots_nasdaq/BJRI/BJRI_Weekly_20260721_022125.png
 delete mode 100644 charts/screenshots_nasdaq/BLLN/BLLN_1H_20260720_064529.png
 delete mode 100644 charts/screenshots_nasdaq/BLLN/BLLN_4H_20260720_064529.png
 delete mode 100644 charts/screenshots_nasdaq/BLLN/BLLN_Daily_20260720_064529.png
 delete mode 100644 charts/screenshots_nasdaq/BLLN/BLLN_Monthly_20260720_064529.png
 delete mode 100644 charts/screenshots_nasdaq/BLLN/BLLN_Weekly_20260720_064529.png
 delete mode 100644 charts/screenshots_nasdaq/BTDR/BTDR_1H_20260720_065758.png
 create mode 100644 charts/screenshots_nasdaq/BTDR/BTDR_1H_20260721_023402.png
 delete mode 100644 charts/screenshots_nasdaq/BTDR/BTDR_4H_20260720_065758.png
 create mode 100644 charts/screenshots_nasdaq/BTDR/BTDR_4H_20260721_023402.png
 delete mode 100644 charts/screenshots_nasdaq/BTDR/BTDR_Daily_20260720_065758.png
 create mode 100644 charts/screenshots_nasdaq/BTDR/BTDR_Daily_20260721_023402.png
 delete mode 100644 charts/screenshots_nasdaq/BTDR/BTDR_Monthly_20260720_065758.png
 create mode 100644 charts/screenshots_nasdaq/BTDR/BTDR_Monthly_20260721_023402.png
 delete mode 100644 charts/screenshots_nasdaq/BTDR/BTDR_Weekly_20260720_065758.png
 create mode 100644 charts/screenshots_nasdaq/BTDR/BTDR_Weekly_20260721_023402.png
 create mode 100644 charts/screenshots_nasdaq/BULL/BULL_1H_20260721_023042.png
 create mode 100644 charts/screenshots_nasdaq/BULL/BULL_4H_20260721_023042.png
 create mode 100644 charts/screenshots_nasdaq/BULL/BULL_Daily_20260721_023042.png
 create mode 100644 charts/screenshots_nasdaq/BULL/BULL_Monthly_20260721_023042.png
 create mode 100644 charts/screenshots_nasdaq/BULL/BULL_Weekly_20260721_023042.png
 delete mode 100644 charts/screenshots_nasdaq/BW/BW_1H_20260720_065951.png
 create mode 100644 charts/screenshots_nasdaq/BW/BW_1H_20260721_023442.png
 delete mode 100644 charts/screenshots_nasdaq/BW/BW_4H_20260720_065951.png
 create mode 100644 charts/screenshots_nasdaq/BW/BW_4H_20260721_023442.png
 delete mode 100644 charts/screenshots_nasdaq/BW/BW_Daily_20260720_065951.png
 create mode 100644 charts/screenshots_nasdaq/BW/BW_Daily_20260721_023442.png
 delete mode 100644 charts/screenshots_nasdaq/BW/BW_Monthly_20260720_065951.png
 create mode 100644 charts/screenshots_nasdaq/BW/BW_Monthly_20260721_023442.png
 delete mode 100644 charts/screenshots_nasdaq/BW/BW_Weekly_20260720_065951.png
 create mode 100644 charts/screenshots_nasdaq/BW/BW_Weekly_20260721_023442.png
 delete mode 100644 charts/screenshots_nasdaq/CCK/CCK_1H_20260720_064300.png
 delete mode 100644 charts/screenshots_nasdaq/CCK/CCK_4H_20260720_064300.png
 delete mode 100644 charts/screenshots_nasdaq/CCK/CCK_Daily_20260720_064300.png
 delete mode 100644 charts/screenshots_nasdaq/CCK/CCK_Monthly_20260720_064300.png
 delete mode 100644 charts/screenshots_nasdaq/CCK/CCK_Weekly_20260720_064300.png
 delete mode 100644 charts/screenshots_nasdaq/CHE/CHE_1H_20260720_064645.png
 create mode 100644 charts/screenshots_nasdaq/CHE/CHE_1H_20260721_021805.png
 delete mode 100644 charts/screenshots_nasdaq/CHE/CHE_4H_20260720_064645.png
 create mode 100644 charts/screenshots_nasdaq/CHE/CHE_4H_20260721_021805.png
 delete mode 100644 charts/screenshots_nasdaq/CHE/CHE_Daily_20260720_064645.png
 create mode 100644 charts/screenshots_nasdaq/CHE/CHE_Daily_20260721_021805.png
 delete mode 100644 charts/screenshots_nasdaq/CHE/CHE_Monthly_20260720_064645.png
 create mode 100644 charts/screenshots_nasdaq/CHE/CHE_Monthly_20260721_021805.png
 delete mode 100644 charts/screenshots_nasdaq/CHE/CHE_Weekly_20260720_064645.png
 create mode 100644 charts/screenshots_nasdaq/CHE/CHE_Weekly_20260721_021805.png
 create mode 100644 charts/screenshots_nasdaq/CLBK/CLBK_1H_20260721_021925.png
 create mode 100644 charts/screenshots_nasdaq/CLBK/CLBK_4H_20260721_021925.png
 create mode 100644 charts/screenshots_nasdaq/CLBK/CLBK_Daily_20260721_021925.png
 create mode 100644 charts/screenshots_nasdaq/CLBK/CLBK_Monthly_20260721_021925.png
 create mode 100644 charts/screenshots_nasdaq/CLBK/CLBK_Weekly_20260721_021925.png
 delete mode 100644 charts/screenshots_nasdaq/CLMT/CLMT_1H_20260720_064759.png
 create mode 100644 charts/screenshots_nasdaq/CLMT/CLMT_1H_20260721_022205.png
 delete mode 100644 charts/screenshots_nasdaq/CLMT/CLMT_4H_20260720_064759.png
 create mode 100644 charts/screenshots_nasdaq/CLMT/CLMT_4H_20260721_022205.png
 delete mode 100644 charts/screenshots_nasdaq/CLMT/CLMT_Daily_20260720_064759.png
 create mode 100644 charts/screenshots_nasdaq/CLMT/CLMT_Daily_20260721_022205.png
 delete mode 100644 charts/screenshots_nasdaq/CLMT/CLMT_Monthly_20260720_064759.png
 create mode 100644 charts/screenshots_nasdaq/CLMT/CLMT_Monthly_20260721_022205.png
 delete mode 100644 charts/screenshots_nasdaq/CLMT/CLMT_Weekly_20260720_064759.png
 create mode 100644 charts/screenshots_nasdaq/CLMT/CLMT_Weekly_20260721_022205.png
 delete mode 100644 charts/screenshots_nasdaq/CPNG/CPNG_1H_20260720_072210.png
 create mode 100644 charts/screenshots_nasdaq/CPNG/CPNG_1H_20260721_024839.png
 delete mode 100644 charts/screenshots_nasdaq/CPNG/CPNG_4H_20260720_072210.png
 create mode 100644 charts/screenshots_nasdaq/CPNG/CPNG_4H_20260721_024839.png
 delete mode 100644 charts/screenshots_nasdaq/CPNG/CPNG_Daily_20260720_072210.png
 create mode 100644 charts/screenshots_nasdaq/CPNG/CPNG_Daily_20260721_024839.png
 delete mode 100644 charts/screenshots_nasdaq/CPNG/CPNG_Monthly_20260720_072210.png
 create mode 100644 charts/screenshots_nasdaq/CPNG/CPNG_Monthly_20260721_024839.png
 delete mode 100644 charts/screenshots_nasdaq/CPNG/CPNG_Weekly_20260720_072210.png
 create mode 100644 charts/screenshots_nasdaq/CPNG/CPNG_Weekly_20260721_024839.png
 delete mode 100644 charts/screenshots_nasdaq/CRNX/CRNX_1H_20260720_062351.png
 create mode 100644 charts/screenshots_nasdaq/CRNX/CRNX_1H_20260721_021606.png
 delete mode 100644 charts/screenshots_nasdaq/CRNX/CRNX_4H_20260720_062351.png
 create mode 100644 charts/screenshots_nasdaq/CRNX/CRNX_4H_20260721_021606.png
 delete mode 100644 charts/screenshots_nasdaq/CRNX/CRNX_Daily_20260720_062351.png
 create mode 100644 charts/screenshots_nasdaq/CRNX/CRNX_Daily_20260721_021606.png
 delete mode 100644 charts/screenshots_nasdaq/CRNX/CRNX_Monthly_20260720_062351.png
 create mode 100644 charts/screenshots_nasdaq/CRNX/CRNX_Monthly_20260721_021606.png
 delete mode 100644 charts/screenshots_nasdaq/CRNX/CRNX_Weekly_20260720_062351.png
 create mode 100644 charts/screenshots_nasdaq/CRNX/CRNX_Weekly_20260721_021606.png
 delete mode 100644 charts/screenshots_nasdaq/CRWV/CRWV_1H_20260720_064953.png
 create mode 100644 charts/screenshots_nasdaq/CRWV/CRWV_1H_20260721_023801.png
 delete mode 100644 charts/screenshots_nasdaq/CRWV/CRWV_4H_20260720_064953.png
 create mode 100644 charts/screenshots_nasdaq/CRWV/CRWV_4H_20260721_023801.png
 delete mode 100644 charts/screenshots_nasdaq/CRWV/CRWV_Daily_20260720_064953.png
 create mode 100644 charts/screenshots_nasdaq/CRWV/CRWV_Daily_20260721_023801.png
 delete mode 100644 charts/screenshots_nasdaq/CRWV/CRWV_Monthly_20260720_064953.png
 create mode 100644 charts/screenshots_nasdaq/CRWV/CRWV_Monthly_20260721_023801.png
 delete mode 100644 charts/screenshots_nasdaq/CRWV/CRWV_Weekly_20260720_064953.png
 create mode 100644 charts/screenshots_nasdaq/CRWV/CRWV_Weekly_20260721_023801.png
 delete mode 100644 charts/screenshots_nasdaq/CTRE/CTRE_1H_20260720_063650.png
 delete mode 100644 charts/screenshots_nasdaq/CTRE/CTRE_4H_20260720_063650.png
 delete mode 100644 charts/screenshots_nasdaq/CTRE/CTRE_Daily_20260720_063650.png
 delete mode 100644 charts/screenshots_nasdaq/CTRE/CTRE_Monthly_20260720_063650.png
 delete mode 100644 charts/screenshots_nasdaq/CTRE/CTRE_Weekly_20260720_063650.png
 delete mode 100644 charts/screenshots_nasdaq/DAR/DAR_1H_20260720_061931.png
 create mode 100644 charts/screenshots_nasdaq/DAR/DAR_1H_20260721_020929.png
 delete mode 100644 charts/screenshots_nasdaq/DAR/DAR_4H_20260720_061931.png
 create mode 100644 charts/screenshots_nasdaq/DAR/DAR_4H_20260721_020929.png
 delete mode 100644 charts/screenshots_nasdaq/DAR/DAR_Daily_20260720_061931.png
 create mode 100644 charts/screenshots_nasdaq/DAR/DAR_Daily_20260721_020929.png
 delete mode 100644 charts/screenshots_nasdaq/DAR/DAR_Monthly_20260720_061931.png
 create mode 100644 charts/screenshots_nasdaq/DAR/DAR_Monthly_20260721_020929.png
 delete mode 100644 charts/screenshots_nasdaq/DAR/DAR_Weekly_20260720_061931.png
 create mode 100644 charts/screenshots_nasdaq/DAR/DAR_Weekly_20260721_020929.png
 delete mode 100644 charts/screenshots_nasdaq/DAVE/DAVE_1H_20260720_062542.png
 create mode 100644 charts/screenshots_nasdaq/DAVE/DAVE_1H_20260721_021845.png
 delete mode 100644 charts/screenshots_nasdaq/DAVE/DAVE_4H_20260720_062542.png
 create mode 100644 charts/screenshots_nasdaq/DAVE/DAVE_4H_20260721_021845.png
 delete mode 100644 charts/screenshots_nasdaq/DAVE/DAVE_Daily_20260720_062542.png
 create mode 100644 charts/screenshots_nasdaq/DAVE/DAVE_Daily_20260721_021845.png
 delete mode 100644 charts/screenshots_nasdaq/DAVE/DAVE_Monthly_20260720_062542.png
 create mode 100644 charts/screenshots_nasdaq/DAVE/DAVE_Monthly_20260721_021845.png
 delete mode 100644 charts/screenshots_nasdaq/DAVE/DAVE_Weekly_20260720_062542.png
 create mode 100644 charts/screenshots_nasdaq/DAVE/DAVE_Weekly_20260721_021845.png
 delete mode 100644 charts/screenshots_nasdaq/DINO/DINO_1H_20260720_065222.png
 create mode 100644 charts/screenshots_nasdaq/DINO/DINO_1H_20260721_022045.png
 delete mode 100644 charts/screenshots_nasdaq/DINO/DINO_4H_20260720_065222.png
 create mode 100644 charts/screenshots_nasdaq/DINO/DINO_4H_20260721_022045.png
 delete mode 100644 charts/screenshots_nasdaq/DINO/DINO_Daily_20260720_065222.png
 create mode 100644 charts/screenshots_nasdaq/DINO/DINO_Daily_20260721_022045.png
 delete mode 100644 charts/screenshots_nasdaq/DINO/DINO_Monthly_20260720_065222.png
 create mode 100644 charts/screenshots_nasdaq/DINO/DINO_Monthly_20260721_022045.png
 delete mode 100644 charts/screenshots_nasdaq/DINO/DINO_Weekly_20260720_065222.png
 create mode 100644 charts/screenshots_nasdaq/DINO/DINO_Weekly_20260721_022045.png
 delete mode 100644 charts/screenshots_nasdaq/DK/DK_1H_20260720_062124.png
 create mode 100644 charts/screenshots_nasdaq/DK/DK_1H_20260721_021328.png
 delete mode 100644 charts/screenshots_nasdaq/DK/DK_4H_20260720_062124.png
 create mode 100644 charts/screenshots_nasdaq/DK/DK_4H_20260721_021328.png
 delete mode 100644 charts/screenshots_nasdaq/DK/DK_Daily_20260720_062124.png
 create mode 100644 charts/screenshots_nasdaq/DK/DK_Daily_20260721_021328.png
 delete mode 100644 charts/screenshots_nasdaq/DK/DK_Monthly_20260720_062124.png
 create mode 100644 charts/screenshots_nasdaq/DK/DK_Monthly_20260721_021328.png
 delete mode 100644 charts/screenshots_nasdaq/DK/DK_Weekly_20260720_062124.png
 create mode 100644 charts/screenshots_nasdaq/DK/DK_Weekly_20260721_021328.png
 delete mode 100644 charts/screenshots_nasdaq/DNTH/DNTH_1H_20260720_065107.png
 delete mode 100644 charts/screenshots_nasdaq/DNTH/DNTH_4H_20260720_065107.png
 delete mode 100644 charts/screenshots_nasdaq/DNTH/DNTH_Daily_20260720_065107.png
 delete mode 100644 charts/screenshots_nasdaq/DNTH/DNTH_Monthly_20260720_065107.png
 delete mode 100644 charts/screenshots_nasdaq/DNTH/DNTH_Weekly_20260720_065107.png
 delete mode 100644 charts/screenshots_nasdaq/DOC/DOC_1H_20260720_061706.png
 delete mode 100644 charts/screenshots_nasdaq/DOC/DOC_4H_20260720_061706.png
 delete mode 100644 charts/screenshots_nasdaq/DOC/DOC_Daily_20260720_061706.png
 delete mode 100644 charts/screenshots_nasdaq/DOC/DOC_Monthly_20260720_061706.png
 delete mode 100644 charts/screenshots_nasdaq/DOC/DOC_Weekly_20260720_061706.png
 delete mode 100644 charts/screenshots_nasdaq/DYN/DYN_1H_20260720_063150.png
 delete mode 100644 charts/screenshots_nasdaq/DYN/DYN_4H_20260720_063150.png
 delete mode 100644 charts/screenshots_nasdaq/DYN/DYN_Daily_20260720_063150.png
 delete mode 100644 charts/screenshots_nasdaq/DYN/DYN_Monthly_20260720_063150.png
 delete mode 100644 charts/screenshots_nasdaq/DYN/DYN_Weekly_20260720_063150.png
 create mode 100644 charts/screenshots_nasdaq/EAT/EAT_1H_20260721_021128.png
 create mode 100644 charts/screenshots_nasdaq/EAT/EAT_4H_20260721_021128.png
 create mode 100644 charts/screenshots_nasdaq/EAT/EAT_Daily_20260721_021128.png
 create mode 100644 charts/screenshots_nasdaq/EAT/EAT_Monthly_20260721_021128.png
 create mode 100644 charts/screenshots_nasdaq/EAT/EAT_Weekly_20260721_021128.png
 delete mode 100644 charts/screenshots_nasdaq/ELVN/ELVN_1H_20260720_061744.png
 delete mode 100644 charts/screenshots_nasdaq/ELVN/ELVN_4H_20260720_061744.png
 delete mode 100644 charts/screenshots_nasdaq/ELVN/ELVN_Daily_20260720_061744.png
 delete mode 100644 charts/screenshots_nasdaq/ELVN/ELVN_Monthly_20260720_061744.png
 delete mode 100644 charts/screenshots_nasdaq/ELVN/ELVN_Weekly_20260720_061744.png
 delete mode 100644 charts/screenshots_nasdaq/EOSE/EOSE_1H_20260720_072246.png
 create mode 100644 charts/screenshots_nasdaq/EOSE/EOSE_1H_20260721_024559.png
 delete mode 100644 charts/screenshots_nasdaq/EOSE/EOSE_4H_20260720_072246.png
 create mode 100644 charts/screenshots_nasdaq/EOSE/EOSE_4H_20260721_024559.png
 delete mode 100644 charts/screenshots_nasdaq/EOSE/EOSE_Daily_20260720_072246.png
 create mode 100644 charts/screenshots_nasdaq/EOSE/EOSE_Daily_20260721_024559.png
 delete mode 100644 charts/screenshots_nasdaq/EOSE/EOSE_Monthly_20260720_072246.png
 create mode 100644 charts/screenshots_nasdaq/EOSE/EOSE_Monthly_20260721_024559.png
 delete mode 100644 charts/screenshots_nasdaq/EOSE/EOSE_Weekly_20260720_072246.png
 create mode 100644 charts/screenshots_nasdaq/EOSE/EOSE_Weekly_20260721_024559.png
 create mode 100644 charts/screenshots_nasdaq/ETSY/ETSY_1H_20260721_020330.png
 create mode 100644 charts/screenshots_nasdaq/ETSY/ETSY_4H_20260721_020330.png
 create mode 100644 charts/screenshots_nasdaq/ETSY/ETSY_Daily_20260721_020330.png
 create mode 100644 charts/screenshots_nasdaq/ETSY/ETSY_Monthly_20260721_020330.png
 create mode 100644 charts/screenshots_nasdaq/ETSY/ETSY_Weekly_20260721_020330.png
 create mode 100644 charts/screenshots_nasdaq/FA/FA_1H_20260721_021049.png
 create mode 100644 charts/screenshots_nasdaq/FA/FA_4H_20260721_021049.png
 create mode 100644 charts/screenshots_nasdaq/FA/FA_Daily_20260721_021049.png
 create mode 100644 charts/screenshots_nasdaq/FA/FA_Monthly_20260721_021049.png
 create mode 100644 charts/screenshots_nasdaq/FA/FA_Weekly_20260721_021049.png
 create mode 100644 charts/screenshots_nasdaq/FIG/FIG_1H_20260721_023123.png
 create mode 100644 charts/screenshots_nasdaq/FIG/FIG_4H_20260721_023123.png
 create mode 100644 charts/screenshots_nasdaq/FIG/FIG_Daily_20260721_023123.png
 create mode 100644 charts/screenshots_nasdaq/FIG/FIG_Monthly_20260721_023123.png
 create mode 100644 charts/screenshots_nasdaq/FIG/FIG_Weekly_20260721_023123.png
 delete mode 100644 charts/screenshots_nasdaq/FLNC/FLNC_1H_20260720_072020.png
 create mode 100644 charts/screenshots_nasdaq/FLNC/FLNC_1H_20260721_023601.png
 delete mode 100644 charts/screenshots_nasdaq/FLNC/FLNC_4H_20260720_072020.png
 create mode 100644 charts/screenshots_nasdaq/FLNC/FLNC_4H_20260721_023601.png
 delete mode 100644 charts/screenshots_nasdaq/FLNC/FLNC_Daily_20260720_072020.png
 create mode 100644 charts/screenshots_nasdaq/FLNC/FLNC_Daily_20260721_023601.png
 delete mode 100644 charts/screenshots_nasdaq/FLNC/FLNC_Monthly_20260720_072020.png
 create mode 100644 charts/screenshots_nasdaq/FLNC/FLNC_Monthly_20260721_023601.png
 delete mode 100644 charts/screenshots_nasdaq/FLNC/FLNC_Weekly_20260720_072020.png
 create mode 100644 charts/screenshots_nasdaq/FLNC/FLNC_Weekly_20260721_023601.png
 delete mode 100644 charts/screenshots_nasdaq/FRMI/FRMI_1H_20260720_070029.png
 create mode 100644 charts/screenshots_nasdaq/FRMI/FRMI_1H_20260721_025322.png
 delete mode 100644 charts/screenshots_nasdaq/FRMI/FRMI_4H_20260720_070029.png
 create mode 100644 charts/screenshots_nasdaq/FRMI/FRMI_4H_20260721_025322.png
 delete mode 100644 charts/screenshots_nasdaq/FRMI/FRMI_Daily_20260720_070029.png
 create mode 100644 charts/screenshots_nasdaq/FRMI/FRMI_Daily_20260721_025322.png
 delete mode 100644 charts/screenshots_nasdaq/FRMI/FRMI_Monthly_20260720_070029.png
 create mode 100644 charts/screenshots_nasdaq/FRMI/FRMI_Monthly_20260721_025322.png
 delete mode 100644 charts/screenshots_nasdaq/FRMI/FRMI_Weekly_20260720_070029.png
 create mode 100644 charts/screenshots_nasdaq/FRMI/FRMI_Weekly_20260721_025322.png
 delete mode 100644 charts/screenshots_nasdaq/GKOS/GKOS_1H_20260720_064145.png
 create mode 100644 charts/screenshots_nasdaq/GKOS/GKOS_1H_20260721_021209.png
 delete mode 100644 charts/screenshots_nasdaq/GKOS/GKOS_4H_20260720_064145.png
 create mode 100644 charts/screenshots_nasdaq/GKOS/GKOS_4H_20260721_021209.png
 delete mode 100644 charts/screenshots_nasdaq/GKOS/GKOS_Daily_20260720_064145.png
 create mode 100644 charts/screenshots_nasdaq/GKOS/GKOS_Daily_20260721_021209.png
 delete mode 100644 charts/screenshots_nasdaq/GKOS/GKOS_Monthly_20260720_064145.png
 create mode 100644 charts/screenshots_nasdaq/GKOS/GKOS_Monthly_20260721_021209.png
 delete mode 100644 charts/screenshots_nasdaq/GKOS/GKOS_Weekly_20260720_064145.png
 create mode 100644 charts/screenshots_nasdaq/GKOS/GKOS_Weekly_20260721_021209.png
 delete mode 100644 charts/screenshots_nasdaq/GLUE/GLUE_1H_20260720_063227.png
 delete mode 100644 charts/screenshots_nasdaq/GLUE/GLUE_4H_20260720_063227.png
 delete mode 100644 charts/screenshots_nasdaq/GLUE/GLUE_Daily_20260720_063227.png
 delete mode 100644 charts/screenshots_nasdaq/GLUE/GLUE_Monthly_20260720_063227.png
 delete mode 100644 charts/screenshots_nasdaq/GLUE/GLUE_Weekly_20260720_063227.png
 delete mode 100644 charts/screenshots_nasdaq/HIMS/HIMS_1H_20260720_062808.png
 create mode 100644 charts/screenshots_nasdaq/HIMS/HIMS_1H_20260721_022603.png
 delete mode 100644 charts/screenshots_nasdaq/HIMS/HIMS_4H_20260720_062808.png
 create mode 100644 charts/screenshots_nasdaq/HIMS/HIMS_4H_20260721_022603.png
 delete mode 100644 charts/screenshots_nasdaq/HIMS/HIMS_Daily_20260720_062808.png
 create mode 100644 charts/screenshots_nasdaq/HIMS/HIMS_Daily_20260721_022603.png
 delete mode 100644 charts/screenshots_nasdaq/HIMS/HIMS_Monthly_20260720_062808.png
 create mode 100644 charts/screenshots_nasdaq/HIMS/HIMS_Monthly_20260721_022603.png
 delete mode 100644 charts/screenshots_nasdaq/HIMS/HIMS_Weekly_20260720_062808.png
 create mode 100644 charts/screenshots_nasdaq/HIMS/HIMS_Weekly_20260721_022603.png
 delete mode 100644 charts/screenshots_nasdaq/HIVE/HIVE_1H_20260720_070528.png
 delete mode 100644 charts/screenshots_nasdaq/HIVE/HIVE_4H_20260720_070528.png
 delete mode 100644 charts/screenshots_nasdaq/HIVE/HIVE_Daily_20260720_070528.png
 delete mode 100644 charts/screenshots_nasdaq/HIVE/HIVE_Monthly_20260720_070528.png
 delete mode 100644 charts/screenshots_nasdaq/HIVE/HIVE_Weekly_20260720_070528.png
 delete mode 100644 charts/screenshots_nasdaq/HL/HL_1H_20260720_070605.png
 create mode 100644 charts/screenshots_nasdaq/HL/HL_1H_20260721_024918.png
 delete mode 100644 charts/screenshots_nasdaq/HL/HL_4H_20260720_070605.png
 create mode 100644 charts/screenshots_nasdaq/HL/HL_4H_20260721_024918.png
 delete mode 100644 charts/screenshots_nasdaq/HL/HL_Daily_20260720_070605.png
 create mode 100644 charts/screenshots_nasdaq/HL/HL_Daily_20260721_024918.png
 delete mode 100644 charts/screenshots_nasdaq/HL/HL_Monthly_20260720_070605.png
 create mode 100644 charts/screenshots_nasdaq/HL/HL_Monthly_20260721_024918.png
 delete mode 100644 charts/screenshots_nasdaq/HL/HL_Weekly_20260720_070605.png
 create mode 100644 charts/screenshots_nasdaq/HL/HL_Weekly_20260721_024918.png
 delete mode 100644 charts/screenshots_nasdaq/HNGE/HNGE_1H_20260720_061820.png
 create mode 100644 charts/screenshots_nasdaq/HNGE/HNGE_1H_20260721_020410.png
 delete mode 100644 charts/screenshots_nasdaq/HNGE/HNGE_4H_20260720_061820.png
 create mode 100644 charts/screenshots_nasdaq/HNGE/HNGE_4H_20260721_020410.png
 delete mode 100644 charts/screenshots_nasdaq/HNGE/HNGE_Daily_20260720_061820.png
 create mode 100644 charts/screenshots_nasdaq/HNGE/HNGE_Daily_20260721_020410.png
 delete mode 100644 charts/screenshots_nasdaq/HNGE/HNGE_Monthly_20260720_061820.png
 create mode 100644 charts/screenshots_nasdaq/HNGE/HNGE_Monthly_20260721_020410.png
 delete mode 100644 charts/screenshots_nasdaq/HNGE/HNGE_Weekly_20260720_061820.png
 create mode 100644 charts/screenshots_nasdaq/HNGE/HNGE_Weekly_20260721_020410.png
 delete mode 100644 charts/screenshots_nasdaq/HTZ/HTZ_1H_20260720_071633.png
 delete mode 100644 charts/screenshots_nasdaq/HTZ/HTZ_4H_20260720_071633.png
 delete mode 100644 charts/screenshots_nasdaq/HTZ/HTZ_Daily_20260720_071633.png
 delete mode 100644 charts/screenshots_nasdaq/HTZ/HTZ_Monthly_20260720_071633.png
 delete mode 100644 charts/screenshots_nasdaq/HTZ/HTZ_Weekly_20260720_071633.png
 delete mode 100644 charts/screenshots_nasdaq/HYMC/HYMC_1H_20260720_070642.png
 create mode 100644 charts/screenshots_nasdaq/HYMC/HYMC_1H_20260721_024639.png
 delete mode 100644 charts/screenshots_nasdaq/HYMC/HYMC_4H_20260720_070642.png
 create mode 100644 charts/screenshots_nasdaq/HYMC/HYMC_4H_20260721_024639.png
 delete mode 100644 charts/screenshots_nasdaq/HYMC/HYMC_Daily_20260720_070642.png
 create mode 100644 charts/screenshots_nasdaq/HYMC/HYMC_Daily_20260721_024639.png
 delete mode 100644 charts/screenshots_nasdaq/HYMC/HYMC_Monthly_20260720_070642.png
 create mode 100644 charts/screenshots_nasdaq/HYMC/HYMC_Monthly_20260721_024639.png
 delete mode 100644 charts/screenshots_nasdaq/HYMC/HYMC_Weekly_20260720_070642.png
 create mode 100644 charts/screenshots_nasdaq/HYMC/HYMC_Weekly_20260721_024639.png
 delete mode 100644 charts/screenshots_nasdaq/INCY/INCY_1H_20260720_063304.png
 delete mode 100644 charts/screenshots_nasdaq/INCY/INCY_4H_20260720_063304.png
 delete mode 100644 charts/screenshots_nasdaq/INCY/INCY_Daily_20260720_063304.png
 delete mode 100644 charts/screenshots_nasdaq/INCY/INCY_Monthly_20260720_063304.png
 delete mode 100644 charts/screenshots_nasdaq/INCY/INCY_Weekly_20260720_063304.png
 delete mode 100644 charts/screenshots_nasdaq/IONQ/IONQ_1H_20260720_070146.png
 create mode 100644 charts/screenshots_nasdaq/IONQ/IONQ_1H_20260721_023521.png
 delete mode 100644 charts/screenshots_nasdaq/IONQ/IONQ_4H_20260720_070146.png
 create mode 100644 charts/screenshots_nasdaq/IONQ/IONQ_4H_20260721_023521.png
 delete mode 100644 charts/screenshots_nasdaq/IONQ/IONQ_Daily_20260720_070146.png
 create mode 100644 charts/screenshots_nasdaq/IONQ/IONQ_Daily_20260721_023521.png
 delete mode 100644 charts/screenshots_nasdaq/IONQ/IONQ_Monthly_20260720_070146.png
 create mode 100644 charts/screenshots_nasdaq/IONQ/IONQ_Monthly_20260721_023521.png
 delete mode 100644 charts/screenshots_nasdaq/IONQ/IONQ_Weekly_20260720_070146.png
 create mode 100644 charts/screenshots_nasdaq/IONQ/IONQ_Weekly_20260721_023521.png
 delete mode 100644 charts/screenshots_nasdaq/JOBY/JOBY_1H_20260720_070835.png
 create mode 100644 charts/screenshots_nasdaq/JOBY/JOBY_1H_20260721_024958.png
 delete mode 100644 charts/screenshots_nasdaq/JOBY/JOBY_4H_20260720_070835.png
 create mode 100644 charts/screenshots_nasdaq/JOBY/JOBY_4H_20260721_024958.png
 delete mode 100644 charts/screenshots_nasdaq/JOBY/JOBY_Daily_20260720_070835.png
 create mode 100644 charts/screenshots_nasdaq/JOBY/JOBY_Daily_20260721_024958.png
 delete mode 100644 charts/screenshots_nasdaq/JOBY/JOBY_Monthly_20260720_070835.png
 create mode 100644 charts/screenshots_nasdaq/JOBY/JOBY_Monthly_20260721_024958.png
 delete mode 100644 charts/screenshots_nasdaq/JOBY/JOBY_Weekly_20260720_070835.png
 create mode 100644 charts/screenshots_nasdaq/JOBY/JOBY_Weekly_20260721_024958.png
 delete mode 100644 charts/screenshots_nasdaq/JXN/JXN_1H_20260720_065452.png
 delete mode 100644 charts/screenshots_nasdaq/JXN/JXN_4H_20260720_065452.png
 delete mode 100644 charts/screenshots_nasdaq/JXN/JXN_Daily_20260720_065452.png
 delete mode 100644 charts/screenshots_nasdaq/JXN/JXN_Monthly_20260720_065452.png
 delete mode 100644 charts/screenshots_nasdaq/JXN/JXN_Weekly_20260720_065452.png
 create mode 100644 charts/screenshots_nasdaq/KFY/KFY_1H_20260721_021249.png
 create mode 100644 charts/screenshots_nasdaq/KFY/KFY_4H_20260721_021249.png
 create mode 100644 charts/screenshots_nasdaq/KFY/KFY_Daily_20260721_021249.png
 create mode 100644 charts/screenshots_nasdaq/KFY/KFY_Monthly_20260721_021249.png
 create mode 100644 charts/screenshots_nasdaq/KFY/KFY_Weekly_20260721_021249.png
 delete mode 100644 charts/screenshots_nasdaq/KLAR/KLAR_1H_20260720_065031.png
 create mode 100644 charts/screenshots_nasdaq/KLAR/KLAR_1H_20260721_023203.png
 delete mode 100644 charts/screenshots_nasdaq/KLAR/KLAR_4H_20260720_065031.png
 create mode 100644 charts/screenshots_nasdaq/KLAR/KLAR_4H_20260721_023203.png
 delete mode 100644 charts/screenshots_nasdaq/KLAR/KLAR_Daily_20260720_065031.png
 create mode 100644 charts/screenshots_nasdaq/KLAR/KLAR_Daily_20260721_023203.png
 delete mode 100644 charts/screenshots_nasdaq/KLAR/KLAR_Monthly_20260720_065031.png
 create mode 100644 charts/screenshots_nasdaq/KLAR/KLAR_Monthly_20260721_023203.png
 delete mode 100644 charts/screenshots_nasdaq/KLAR/KLAR_Weekly_20260720_065031.png
 create mode 100644 charts/screenshots_nasdaq/KLAR/KLAR_Weekly_20260721_023203.png
 delete mode 100644 charts/screenshots_nasdaq/KYMR/KYMR_1H_20260720_063342.png
 delete mode 100644 charts/screenshots_nasdaq/KYMR/KYMR_4H_20260720_063342.png
 delete mode 100644 charts/screenshots_nasdaq/KYMR/KYMR_Daily_20260720_063342.png
 delete mode 100644 charts/screenshots_nasdaq/KYMR/KYMR_Monthly_20260720_063342.png
 delete mode 100644 charts/screenshots_nasdaq/KYMR/KYMR_Weekly_20260720_063342.png
 delete mode 100644 charts/screenshots_nasdaq/LAES/LAES_1H_20260720_071214.png
 create mode 100644 charts/screenshots_nasdaq/LAES/LAES_1H_20260721_025920.png
 delete mode 100644 charts/screenshots_nasdaq/LAES/LAES_4H_20260720_071214.png
 create mode 100644 charts/screenshots_nasdaq/LAES/LAES_4H_20260721_025920.png
 delete mode 100644 charts/screenshots_nasdaq/LAES/LAES_Daily_20260720_071214.png
 create mode 100644 charts/screenshots_nasdaq/LAES/LAES_Daily_20260721_025920.png
 delete mode 100644 charts/screenshots_nasdaq/LAES/LAES_Monthly_20260720_071214.png
 create mode 100644 charts/screenshots_nasdaq/LAES/LAES_Monthly_20260721_025920.png
 delete mode 100644 charts/screenshots_nasdaq/LAES/LAES_Weekly_20260720_071214.png
 create mode 100644 charts/screenshots_nasdaq/LAES/LAES_Weekly_20260721_025920.png
 delete mode 100644 charts/screenshots_nasdaq/LEU/LEU_1H_20260720_071137.png
 create mode 100644 charts/screenshots_nasdaq/LEU/LEU_1H_20260721_025402.png
 delete mode 100644 charts/screenshots_nasdaq/LEU/LEU_4H_20260720_071137.png
 create mode 100644 charts/screenshots_nasdaq/LEU/LEU_4H_20260721_025402.png
 delete mode 100644 charts/screenshots_nasdaq/LEU/LEU_Daily_20260720_071137.png
 create mode 100644 charts/screenshots_nasdaq/LEU/LEU_Daily_20260721_025402.png
 delete mode 100644 charts/screenshots_nasdaq/LEU/LEU_Monthly_20260720_071137.png
 create mode 100644 charts/screenshots_nasdaq/LEU/LEU_Monthly_20260721_025402.png
 delete mode 100644 charts/screenshots_nasdaq/LEU/LEU_Weekly_20260720_071137.png
 create mode 100644 charts/screenshots_nasdaq/LEU/LEU_Weekly_20260721_025402.png
 delete mode 100644 charts/screenshots_nasdaq/LFST/LFST_1H_20260720_062845.png
 create mode 100644 charts/screenshots_nasdaq/LFST/LFST_1H_20260721_020210.png
 delete mode 100644 charts/screenshots_nasdaq/LFST/LFST_4H_20260720_062845.png
 create mode 100644 charts/screenshots_nasdaq/LFST/LFST_4H_20260721_020210.png
 delete mode 100644 charts/screenshots_nasdaq/LFST/LFST_Daily_20260720_062845.png
 create mode 100644 charts/screenshots_nasdaq/LFST/LFST_Daily_20260721_020210.png
 delete mode 100644 charts/screenshots_nasdaq/LFST/LFST_Monthly_20260720_062845.png
 create mode 100644 charts/screenshots_nasdaq/LFST/LFST_Monthly_20260721_020210.png
 delete mode 100644 charts/screenshots_nasdaq/LFST/LFST_Weekly_20260720_062845.png
 create mode 100644 charts/screenshots_nasdaq/LFST/LFST_Weekly_20260721_020210.png
 create mode 100644 charts/screenshots_nasdaq/LIF/LIF_1H_20260721_022723.png
 create mode 100644 charts/screenshots_nasdaq/LIF/LIF_4H_20260721_022723.png
 create mode 100644 charts/screenshots_nasdaq/LIF/LIF_Daily_20260721_022723.png
 create mode 100644 charts/screenshots_nasdaq/LIF/LIF_Monthly_20260721_022723.png
 create mode 100644 charts/screenshots_nasdaq/LIF/LIF_Weekly_20260721_022723.png
 delete mode 100644 charts/screenshots_nasdaq/LUNR/LUNR_1H_20260720_071556.png
 create mode 100644 charts/screenshots_nasdaq/LUNR/LUNR_1H_20260721_024359.png
 delete mode 100644 charts/screenshots_nasdaq/LUNR/LUNR_4H_20260720_071556.png
 create mode 100644 charts/screenshots_nasdaq/LUNR/LUNR_4H_20260721_024359.png
 delete mode 100644 charts/screenshots_nasdaq/LUNR/LUNR_Daily_20260720_071556.png
 create mode 100644 charts/screenshots_nasdaq/LUNR/LUNR_Daily_20260721_024359.png
 delete mode 100644 charts/screenshots_nasdaq/LUNR/LUNR_Monthly_20260720_071556.png
 create mode 100644 charts/screenshots_nasdaq/LUNR/LUNR_Monthly_20260721_024359.png
 delete mode 100644 charts/screenshots_nasdaq/LUNR/LUNR_Weekly_20260720_071556.png
 create mode 100644 charts/screenshots_nasdaq/LUNR/LUNR_Weekly_20260721_024359.png
 delete mode 100644 charts/screenshots_nasdaq/LWLG/LWLG_1H_20260720_072058.png
 create mode 100644 charts/screenshots_nasdaq/LWLG/LWLG_1H_20260721_025602.png
 delete mode 100644 charts/screenshots_nasdaq/LWLG/LWLG_4H_20260720_072058.png
 create mode 100644 charts/screenshots_nasdaq/LWLG/LWLG_4H_20260721_025602.png
 delete mode 100644 charts/screenshots_nasdaq/LWLG/LWLG_Daily_20260720_072058.png
 create mode 100644 charts/screenshots_nasdaq/LWLG/LWLG_Daily_20260721_025602.png
 delete mode 100644 charts/screenshots_nasdaq/LWLG/LWLG_Monthly_20260720_072058.png
 create mode 100644 charts/screenshots_nasdaq/LWLG/LWLG_Monthly_20260721_025602.png
 delete mode 100644 charts/screenshots_nasdaq/LWLG/LWLG_Weekly_20260720_072058.png
 create mode 100644 charts/screenshots_nasdaq/LWLG/LWLG_Weekly_20260721_025602.png
 delete mode 100644 charts/screenshots_nasdaq/MAN/MAN_1H_20260720_065529.png
 create mode 100644 charts/screenshots_nasdaq/MAN/MAN_1H_20260721_022923.png
 delete mode 100644 charts/screenshots_nasdaq/MAN/MAN_4H_20260720_065529.png
 create mode 100644 charts/screenshots_nasdaq/MAN/MAN_4H_20260721_022923.png
 delete mode 100644 charts/screenshots_nasdaq/MAN/MAN_Daily_20260720_065529.png
 create mode 100644 charts/screenshots_nasdaq/MAN/MAN_Daily_20260721_022923.png
 delete mode 100644 charts/screenshots_nasdaq/MAN/MAN_Monthly_20260720_065529.png
 create mode 100644 charts/screenshots_nasdaq/MAN/MAN_Monthly_20260721_022923.png
 delete mode 100644 charts/screenshots_nasdaq/MAN/MAN_Weekly_20260720_065529.png
 create mode 100644 charts/screenshots_nasdaq/MAN/MAN_Weekly_20260721_022923.png
 delete mode 100644 charts/screenshots_nasdaq/MATX/MATX_1H_20260720_064338.png
 delete mode 100644 charts/screenshots_nasdaq/MATX/MATX_4H_20260720_064338.png
 delete mode 100644 charts/screenshots_nasdaq/MATX/MATX_Daily_20260720_064338.png
 delete mode 100644 charts/screenshots_nasdaq/MATX/MATX_Monthly_20260720_064338.png
 delete mode 100644 charts/screenshots_nasdaq/MATX/MATX_Weekly_20260720_064338.png
 delete mode 100644 charts/screenshots_nasdaq/MBX/MBX_1H_20260720_063035.png
 delete mode 100644 charts/screenshots_nasdaq/MBX/MBX_4H_20260720_063035.png
 delete mode 100644 charts/screenshots_nasdaq/MBX/MBX_Daily_20260720_063035.png
 delete mode 100644 charts/screenshots_nasdaq/MBX/MBX_Monthly_20260720_063035.png
 delete mode 100644 charts/screenshots_nasdaq/MBX/MBX_Weekly_20260720_063035.png
 delete mode 100644 charts/screenshots_nasdaq/MNDY/MNDY_1H_20260720_065721.png
 delete mode 100644 charts/screenshots_nasdaq/MNDY/MNDY_4H_20260720_065721.png
 delete mode 100644 charts/screenshots_nasdaq/MNDY/MNDY_Daily_20260720_065721.png
 delete mode 100644 charts/screenshots_nasdaq/MNDY/MNDY_Monthly_20260720_065721.png
 delete mode 100644 charts/screenshots_nasdaq/MNDY/MNDY_Weekly_20260720_065721.png
 create mode 100644 charts/screenshots_nasdaq/MP/MP_1H_20260721_025038.png
 create mode 100644 charts/screenshots_nasdaq/MP/MP_4H_20260721_025038.png
 create mode 100644 charts/screenshots_nasdaq/MP/MP_Daily_20260721_025038.png
 create mode 100644 charts/screenshots_nasdaq/MP/MP_Monthly_20260721_025038.png
 create mode 100644 charts/screenshots_nasdaq/MP/MP_Weekly_20260721_025038.png
 delete mode 100644 charts/screenshots_nasdaq/MPC/MPC_1H_20260720_065300.png
 create mode 100644 charts/screenshots_nasdaq/MPC/MPC_1H_20260721_021527.png
 delete mode 100644 charts/screenshots_nasdaq/MPC/MPC_4H_20260720_065300.png
 create mode 100644 charts/screenshots_nasdaq/MPC/MPC_4H_20260721_021527.png
 delete mode 100644 charts/screenshots_nasdaq/MPC/MPC_Daily_20260720_065300.png
 create mode 100644 charts/screenshots_nasdaq/MPC/MPC_Daily_20260721_021527.png
 delete mode 100644 charts/screenshots_nasdaq/MPC/MPC_Monthly_20260720_065300.png
 create mode 100644 charts/screenshots_nasdaq/MPC/MPC_Monthly_20260721_021527.png
 delete mode 100644 charts/screenshots_nasdaq/MPC/MPC_Weekly_20260720_065300.png
 create mode 100644 charts/screenshots_nasdaq/MPC/MPC_Weekly_20260721_021527.png
 create mode 100644 charts/screenshots_nasdaq/NAVN/NAVN_1H_20260721_022443.png
 create mode 100644 charts/screenshots_nasdaq/NAVN/NAVN_4H_20260721_022443.png
 create mode 100644 charts/screenshots_nasdaq/NAVN/NAVN_Daily_20260721_022443.png
 create mode 100644 charts/screenshots_nasdaq/NAVN/NAVN_Monthly_20260721_022443.png
 create mode 100644 charts/screenshots_nasdaq/NAVN/NAVN_Weekly_20260721_022443.png
 delete mode 100644 charts/screenshots_nasdaq/NET/NET_1H_20260720_064222.png
 delete mode 100644 charts/screenshots_nasdaq/NET/NET_4H_20260720_064222.png
 delete mode 100644 charts/screenshots_nasdaq/NET/NET_Daily_20260720_064222.png
 delete mode 100644 charts/screenshots_nasdaq/NET/NET_Monthly_20260720_064222.png
 delete mode 100644 charts/screenshots_nasdaq/NET/NET_Weekly_20260720_064222.png
 delete mode 100644 charts/screenshots_nasdaq/NIC/NIC_1H_20260720_063421.png
 delete mode 100644 charts/screenshots_nasdaq/NIC/NIC_4H_20260720_063421.png
 delete mode 100644 charts/screenshots_nasdaq/NIC/NIC_Daily_20260720_063421.png
 delete mode 100644 charts/screenshots_nasdaq/NIC/NIC_Monthly_20260720_063421.png
 delete mode 100644 charts/screenshots_nasdaq/NIC/NIC_Weekly_20260720_063421.png
 delete mode 100644 charts/screenshots_nasdaq/NNE/NNE_1H_20260720_070720.png
 create mode 100644 charts/screenshots_nasdaq/NNE/NNE_1H_20260721_024720.png
 delete mode 100644 charts/screenshots_nasdaq/NNE/NNE_4H_20260720_070720.png
 create mode 100644 charts/screenshots_nasdaq/NNE/NNE_4H_20260721_024720.png
 delete mode 100644 charts/screenshots_nasdaq/NNE/NNE_Daily_20260720_070720.png
 create mode 100644 charts/screenshots_nasdaq/NNE/NNE_Daily_20260721_024720.png
 delete mode 100644 charts/screenshots_nasdaq/NNE/NNE_Monthly_20260720_070720.png
 create mode 100644 charts/screenshots_nasdaq/NNE/NNE_Monthly_20260721_024720.png
 delete mode 100644 charts/screenshots_nasdaq/NNE/NNE_Weekly_20260720_070720.png
 create mode 100644 charts/screenshots_nasdaq/NNE/NNE_Weekly_20260721_024720.png
 delete mode 100644 charts/screenshots_nasdaq/NTST/NTST_1H_20260720_063728.png
 delete mode 100644 charts/screenshots_nasdaq/NTST/NTST_4H_20260720_063728.png
 delete mode 100644 charts/screenshots_nasdaq/NTST/NTST_Daily_20260720_063728.png
 delete mode 100644 charts/screenshots_nasdaq/NTST/NTST_Monthly_20260720_063728.png
 delete mode 100644 charts/screenshots_nasdaq/NTST/NTST_Weekly_20260720_063728.png
 delete mode 100644 charts/screenshots_nasdaq/OII/OII_1H_20260720_063803.png
 create mode 100644 charts/screenshots_nasdaq/OII/OII_1H_20260721_021646.png
 delete mode 100644 charts/screenshots_nasdaq/OII/OII_4H_20260720_063803.png
 create mode 100644 charts/screenshots_nasdaq/OII/OII_4H_20260721_021646.png
 delete mode 100644 charts/screenshots_nasdaq/OII/OII_Daily_20260720_063803.png
 create mode 100644 charts/screenshots_nasdaq/OII/OII_Daily_20260721_021646.png
 delete mode 100644 charts/screenshots_nasdaq/OII/OII_Monthly_20260720_063803.png
 create mode 100644 charts/screenshots_nasdaq/OII/OII_Monthly_20260721_021646.png
 delete mode 100644 charts/screenshots_nasdaq/OII/OII_Weekly_20260720_063803.png
 create mode 100644 charts/screenshots_nasdaq/OII/OII_Weekly_20260721_021646.png
 delete mode 100644 charts/screenshots_nasdaq/OKLO/OKLO_1H_20260720_070909.png
 delete mode 100644 charts/screenshots_nasdaq/OKLO/OKLO_4H_20260720_070909.png
 delete mode 100644 charts/screenshots_nasdaq/OKLO/OKLO_Daily_20260720_070909.png
 delete mode 100644 charts/screenshots_nasdaq/OKLO/OKLO_Monthly_20260720_070909.png
 delete mode 100644 charts/screenshots_nasdaq/OKLO/OKLO_Weekly_20260720_070909.png
 delete mode 100644 charts/screenshots_nasdaq/OLLI/OLLI_1H_20260720_072324.png
 delete mode 100644 charts/screenshots_nasdaq/OLLI/OLLI_4H_20260720_072324.png
 delete mode 100644 charts/screenshots_nasdaq/OLLI/OLLI_Daily_20260720_072324.png
 delete mode 100644 charts/screenshots_nasdaq/OLLI/OLLI_Monthly_20260720_072324.png
 delete mode 100644 charts/screenshots_nasdaq/OLLI/OLLI_Weekly_20260720_072324.png
 delete mode 100644 charts/screenshots_nasdaq/ONDS/ONDS_1H_20260720_070107.png
 create mode 100644 charts/screenshots_nasdaq/ONDS/ONDS_1H_20260721_024040.png
 delete mode 100644 charts/screenshots_nasdaq/ONDS/ONDS_4H_20260720_070107.png
 create mode 100644 charts/screenshots_nasdaq/ONDS/ONDS_4H_20260721_024040.png
 delete mode 100644 charts/screenshots_nasdaq/ONDS/ONDS_Daily_20260720_070107.png
 create mode 100644 charts/screenshots_nasdaq/ONDS/ONDS_Daily_20260721_024040.png
 delete mode 100644 charts/screenshots_nasdaq/ONDS/ONDS_Monthly_20260720_070107.png
 create mode 100644 charts/screenshots_nasdaq/ONDS/ONDS_Monthly_20260721_024040.png
 delete mode 100644 charts/screenshots_nasdaq/ONDS/ONDS_Weekly_20260720_070107.png
 create mode 100644 charts/screenshots_nasdaq/ONDS/ONDS_Weekly_20260721_024040.png
 delete mode 100644 charts/screenshots_nasdaq/ORCL/ORCL_1H_20260720_071711.png
 delete mode 100644 charts/screenshots_nasdaq/ORCL/ORCL_4H_20260720_071711.png
 delete mode 100644 charts/screenshots_nasdaq/ORCL/ORCL_Daily_20260720_071711.png
 delete mode 100644 charts/screenshots_nasdaq/ORCL/ORCL_Monthly_20260720_071711.png
 delete mode 100644 charts/screenshots_nasdaq/ORCL/ORCL_Weekly_20260720_071711.png
 delete mode 100644 charts/screenshots_nasdaq/ORKA/ORKA_1H_20260720_062009.png
 delete mode 100644 charts/screenshots_nasdaq/ORKA/ORKA_4H_20260720_062009.png
 delete mode 100644 charts/screenshots_nasdaq/ORKA/ORKA_Daily_20260720_062009.png
 delete mode 100644 charts/screenshots_nasdaq/ORKA/ORKA_Monthly_20260720_062009.png
 delete mode 100644 charts/screenshots_nasdaq/ORKA/ORKA_Weekly_20260720_062009.png
 delete mode 100644 charts/screenshots_nasdaq/PACS/PACS_1H_20260720_061856.png
 create mode 100644 charts/screenshots_nasdaq/PACS/PACS_1H_20260721_020648.png
 delete mode 100644 charts/screenshots_nasdaq/PACS/PACS_4H_20260720_061856.png
 create mode 100644 charts/screenshots_nasdaq/PACS/PACS_4H_20260721_020648.png
 delete mode 100644 charts/screenshots_nasdaq/PACS/PACS_Daily_20260720_061856.png
 create mode 100644 charts/screenshots_nasdaq/PACS/PACS_Daily_20260721_020648.png
 delete mode 100644 charts/screenshots_nasdaq/PACS/PACS_Monthly_20260720_061856.png
 create mode 100644 charts/screenshots_nasdaq/PACS/PACS_Monthly_20260721_020648.png
 delete mode 100644 charts/screenshots_nasdaq/PACS/PACS_Weekly_20260720_061856.png
 create mode 100644 charts/screenshots_nasdaq/PACS/PACS_Weekly_20260721_020648.png
 delete mode 100644 charts/screenshots_nasdaq/PAG/PAG_1H_20260720_064416.png
 delete mode 100644 charts/screenshots_nasdaq/PAG/PAG_4H_20260720_064416.png
 delete mode 100644 charts/screenshots_nasdaq/PAG/PAG_Daily_20260720_064416.png
 delete mode 100644 charts/screenshots_nasdaq/PAG/PAG_Monthly_20260720_064416.png
 delete mode 100644 charts/screenshots_nasdaq/PAG/PAG_Weekly_20260720_064416.png
 delete mode 100644 charts/screenshots_nasdaq/PANW/PANW_1H_20260720_063459.png
 create mode 100644 charts/screenshots_nasdaq/PANW/PANW_1H_20260721_020728.png
 delete mode 100644 charts/screenshots_nasdaq/PANW/PANW_4H_20260720_063459.png
 create mode 100644 charts/screenshots_nasdaq/PANW/PANW_4H_20260721_020728.png
 delete mode 100644 charts/screenshots_nasdaq/PANW/PANW_Daily_20260720_063459.png
 create mode 100644 charts/screenshots_nasdaq/PANW/PANW_Daily_20260721_020728.png
 delete mode 100644 charts/screenshots_nasdaq/PANW/PANW_Monthly_20260720_063459.png
 create mode 100644 charts/screenshots_nasdaq/PANW/PANW_Monthly_20260721_020728.png
 delete mode 100644 charts/screenshots_nasdaq/PANW/PANW_Weekly_20260720_063459.png
 create mode 100644 charts/screenshots_nasdaq/PANW/PANW_Weekly_20260721_020728.png
 delete mode 100644 charts/screenshots_nasdaq/PARR/PARR_1H_20260720_062202.png
 create mode 100644 charts/screenshots_nasdaq/PARR/PARR_1H_20260721_021407.png
 delete mode 100644 charts/screenshots_nasdaq/PARR/PARR_4H_20260720_062202.png
 create mode 100644 charts/screenshots_nasdaq/PARR/PARR_4H_20260721_021407.png
 delete mode 100644 charts/screenshots_nasdaq/PARR/PARR_Daily_20260720_062202.png
 create mode 100644 charts/screenshots_nasdaq/PARR/PARR_Daily_20260721_021407.png
 delete mode 100644 charts/screenshots_nasdaq/PARR/PARR_Monthly_20260720_062202.png
 create mode 100644 charts/screenshots_nasdaq/PARR/PARR_Monthly_20260721_021407.png
 delete mode 100644 charts/screenshots_nasdaq/PARR/PARR_Weekly_20260720_062202.png
 create mode 100644 charts/screenshots_nasdaq/PARR/PARR_Weekly_20260721_021407.png
 delete mode 100644 charts/screenshots_nasdaq/PBF/PBF_1H_20260720_062238.png
 create mode 100644 charts/screenshots_nasdaq/PBF/PBF_1H_20260721_021447.png
 delete mode 100644 charts/screenshots_nasdaq/PBF/PBF_4H_20260720_062238.png
 create mode 100644 charts/screenshots_nasdaq/PBF/PBF_4H_20260721_021447.png
 delete mode 100644 charts/screenshots_nasdaq/PBF/PBF_Daily_20260720_062238.png
 create mode 100644 charts/screenshots_nasdaq/PBF/PBF_Daily_20260721_021447.png
 delete mode 100644 charts/screenshots_nasdaq/PBF/PBF_Monthly_20260720_062238.png
 create mode 100644 charts/screenshots_nasdaq/PBF/PBF_Monthly_20260721_021447.png
 delete mode 100644 charts/screenshots_nasdaq/PBF/PBF_Weekly_20260720_062238.png
 create mode 100644 charts/screenshots_nasdaq/PBF/PBF_Weekly_20260721_021447.png
 create mode 100644 charts/screenshots_nasdaq/PCT/PCT_1H_20260721_023243.png
 create mode 100644 charts/screenshots_nasdaq/PCT/PCT_4H_20260721_023243.png
 create mode 100644 charts/screenshots_nasdaq/PCT/PCT_Daily_20260721_023243.png
 create mode 100644 charts/screenshots_nasdaq/PCT/PCT_Monthly_20260721_023243.png
 create mode 100644 charts/screenshots_nasdaq/PCT/PCT_Weekly_20260721_023243.png
 delete mode 100644 charts/screenshots_nasdaq/PGNY/PGNY_1H_20260720_062618.png
 create mode 100644 charts/screenshots_nasdaq/PGNY/PGNY_1H_20260721_020450.png
 delete mode 100644 charts/screenshots_nasdaq/PGNY/PGNY_4H_20260720_062618.png
 create mode 100644 charts/screenshots_nasdaq/PGNY/PGNY_4H_20260721_020450.png
 delete mode 100644 charts/screenshots_nasdaq/PGNY/PGNY_Daily_20260720_062618.png
 create mode 100644 charts/screenshots_nasdaq/PGNY/PGNY_Daily_20260721_020450.png
 delete mode 100644 charts/screenshots_nasdaq/PGNY/PGNY_Monthly_20260720_062618.png
 create mode 100644 charts/screenshots_nasdaq/PGNY/PGNY_Monthly_20260721_020450.png
 delete mode 100644 charts/screenshots_nasdaq/PGNY/PGNY_Weekly_20260720_062618.png
 create mode 100644 charts/screenshots_nasdaq/PGNY/PGNY_Weekly_20260721_020450.png
 delete mode 100644 charts/screenshots_nasdaq/PGY/PGY_1H_20260720_064722.png
 create mode 100644 charts/screenshots_nasdaq/PGY/PGY_1H_20260721_022803.png
 delete mode 100644 charts/screenshots_nasdaq/PGY/PGY_4H_20260720_064722.png
 create mode 100644 charts/screenshots_nasdaq/PGY/PGY_4H_20260721_022803.png
 delete mode 100644 charts/screenshots_nasdaq/PGY/PGY_Daily_20260720_064722.png
 create mode 100644 charts/screenshots_nasdaq/PGY/PGY_Daily_20260721_022803.png
 delete mode 100644 charts/screenshots_nasdaq/PGY/PGY_Monthly_20260720_064722.png
 create mode 100644 charts/screenshots_nasdaq/PGY/PGY_Monthly_20260721_022803.png
 delete mode 100644 charts/screenshots_nasdaq/PGY/PGY_Weekly_20260720_064722.png
 create mode 100644 charts/screenshots_nasdaq/PGY/PGY_Weekly_20260721_022803.png
 delete mode 100644 charts/screenshots_nasdaq/PL/PL_1H_20260720_071253.png
 create mode 100644 charts/screenshots_nasdaq/PL/PL_1H_20260721_024159.png
 delete mode 100644 charts/screenshots_nasdaq/PL/PL_4H_20260720_071253.png
 create mode 100644 charts/screenshots_nasdaq/PL/PL_4H_20260721_024159.png
 delete mode 100644 charts/screenshots_nasdaq/PL/PL_Daily_20260720_071253.png
 create mode 100644 charts/screenshots_nasdaq/PL/PL_Daily_20260721_024159.png
 delete mode 100644 charts/screenshots_nasdaq/PL/PL_Monthly_20260720_071253.png
 create mode 100644 charts/screenshots_nasdaq/PL/PL_Monthly_20260721_024159.png
 delete mode 100644 charts/screenshots_nasdaq/PL/PL_Weekly_20260720_071253.png
 create mode 100644 charts/screenshots_nasdaq/PL/PL_Weekly_20260721_024159.png
 delete mode 100644 charts/screenshots_nasdaq/PSNL/PSNL_1H_20260720_062046.png
 delete mode 100644 charts/screenshots_nasdaq/PSNL/PSNL_4H_20260720_062046.png
 delete mode 100644 charts/screenshots_nasdaq/PSNL/PSNL_Daily_20260720_062046.png
 delete mode 100644 charts/screenshots_nasdaq/PSNL/PSNL_Monthly_20260720_062046.png
 delete mode 100644 charts/screenshots_nasdaq/PSNL/PSNL_Weekly_20260720_062046.png
 delete mode 100644 charts/screenshots_nasdaq/PSX/PSX_1H_20260720_063842.png
 create mode 100644 charts/screenshots_nasdaq/PSX/PSX_1H_20260721_021009.png
 delete mode 100644 charts/screenshots_nasdaq/PSX/PSX_4H_20260720_063842.png
 create mode 100644 charts/screenshots_nasdaq/PSX/PSX_4H_20260721_021009.png
 delete mode 100644 charts/screenshots_nasdaq/PSX/PSX_Daily_20260720_063842.png
 create mode 100644 charts/screenshots_nasdaq/PSX/PSX_Daily_20260721_021009.png
 delete mode 100644 charts/screenshots_nasdaq/PSX/PSX_Monthly_20260720_063842.png
 create mode 100644 charts/screenshots_nasdaq/PSX/PSX_Monthly_20260721_021009.png
 delete mode 100644 charts/screenshots_nasdaq/PSX/PSX_Weekly_20260720_063842.png
 create mode 100644 charts/screenshots_nasdaq/PSX/PSX_Weekly_20260721_021009.png
 delete mode 100644 charts/screenshots_nasdaq/PTGX/PTGX_1H_20260720_063537.png
 delete mode 100644 charts/screenshots_nasdaq/PTGX/PTGX_4H_20260720_063537.png
 delete mode 100644 charts/screenshots_nasdaq/PTGX/PTGX_Daily_20260720_063537.png
 delete mode 100644 charts/screenshots_nasdaq/PTGX/PTGX_Monthly_20260720_063537.png
 delete mode 100644 charts/screenshots_nasdaq/PTGX/PTGX_Weekly_20260720_063537.png
 delete mode 100644 charts/screenshots_nasdaq/PVLA/PVLA_1H_20260720_062922.png
 delete mode 100644 charts/screenshots_nasdaq/PVLA/PVLA_4H_20260720_062922.png
 delete mode 100644 charts/screenshots_nasdaq/PVLA/PVLA_Daily_20260720_062922.png
 delete mode 100644 charts/screenshots_nasdaq/PVLA/PVLA_Monthly_20260720_062922.png
 delete mode 100644 charts/screenshots_nasdaq/PVLA/PVLA_Weekly_20260720_062922.png
 delete mode 100644 charts/screenshots_nasdaq/QBTS/QBTS_1H_20260720_065607.png
 create mode 100644 charts/screenshots_nasdaq/QBTS/QBTS_1H_20260721_023921.png
 delete mode 100644 charts/screenshots_nasdaq/QBTS/QBTS_4H_20260720_065607.png
 create mode 100644 charts/screenshots_nasdaq/QBTS/QBTS_4H_20260721_023921.png
 delete mode 100644 charts/screenshots_nasdaq/QBTS/QBTS_Daily_20260720_065607.png
 create mode 100644 charts/screenshots_nasdaq/QBTS/QBTS_Daily_20260721_023921.png
 delete mode 100644 charts/screenshots_nasdaq/QBTS/QBTS_Monthly_20260720_065607.png
 create mode 100644 charts/screenshots_nasdaq/QBTS/QBTS_Monthly_20260721_023921.png
 delete mode 100644 charts/screenshots_nasdaq/QBTS/QBTS_Weekly_20260720_065607.png
 create mode 100644 charts/screenshots_nasdaq/QBTS/QBTS_Weekly_20260721_023921.png
 create mode 100644 charts/screenshots_nasdaq/QS/QS_1H_20260721_030000.png
 create mode 100644 charts/screenshots_nasdaq/QS/QS_4H_20260721_030000.png
 create mode 100644 charts/screenshots_nasdaq/QS/QS_Daily_20260721_030000.png
 create mode 100644 charts/screenshots_nasdaq/QS/QS_Monthly_20260721_030000.png
 create mode 100644 charts/screenshots_nasdaq/QS/QS_Weekly_20260721_030000.png
 delete mode 100644 charts/screenshots_nasdaq/QUBT/QUBT_1H_20260720_065913.png
 create mode 100644 charts/screenshots_nasdaq/QUBT/QUBT_1H_20260721_024239.png
 delete mode 100644 charts/screenshots_nasdaq/QUBT/QUBT_4H_20260720_065913.png
 create mode 100644 charts/screenshots_nasdaq/QUBT/QUBT_4H_20260721_024239.png
 delete mode 100644 charts/screenshots_nasdaq/QUBT/QUBT_Daily_20260720_065913.png
 create mode 100644 charts/screenshots_nasdaq/QUBT/QUBT_Daily_20260721_024239.png
 delete mode 100644 charts/screenshots_nasdaq/QUBT/QUBT_Monthly_20260720_065913.png
 create mode 100644 charts/screenshots_nasdaq/QUBT/QUBT_Monthly_20260721_024239.png
 delete mode 100644 charts/screenshots_nasdaq/QUBT/QUBT_Weekly_20260720_065913.png
 create mode 100644 charts/screenshots_nasdaq/QUBT/QUBT_Weekly_20260721_024239.png
 delete mode 100644 charts/screenshots_nasdaq/RDW/RDW_1H_20260720_070259.png
 create mode 100644 charts/screenshots_nasdaq/RDW/RDW_1H_20260721_023841.png
 delete mode 100644 charts/screenshots_nasdaq/RDW/RDW_4H_20260720_070259.png
 create mode 100644 charts/screenshots_nasdaq/RDW/RDW_4H_20260721_023841.png
 delete mode 100644 charts/screenshots_nasdaq/RDW/RDW_Daily_20260720_070259.png
 create mode 100644 charts/screenshots_nasdaq/RDW/RDW_Daily_20260721_023841.png
 delete mode 100644 charts/screenshots_nasdaq/RDW/RDW_Monthly_20260720_070259.png
 create mode 100644 charts/screenshots_nasdaq/RDW/RDW_Monthly_20260721_023841.png
 delete mode 100644 charts/screenshots_nasdaq/RDW/RDW_Weekly_20260720_070259.png
 create mode 100644 charts/screenshots_nasdaq/RDW/RDW_Weekly_20260721_023841.png
 create mode 100644 charts/screenshots_nasdaq/RGA/RGA_1H_20260721_020808.png
 create mode 100644 charts/screenshots_nasdaq/RGA/RGA_4H_20260721_020808.png
 create mode 100644 charts/screenshots_nasdaq/RGA/RGA_Daily_20260721_020808.png
 create mode 100644 charts/screenshots_nasdaq/RGA/RGA_Monthly_20260721_020808.png
 create mode 100644 charts/screenshots_nasdaq/RGA/RGA_Weekly_20260721_020808.png
 delete mode 100644 charts/screenshots_nasdaq/RGTI/RGTI_1H_20260720_071905.png
 create mode 100644 charts/screenshots_nasdaq/RGTI/RGTI_1H_20260721_025121.png
 delete mode 100644 charts/screenshots_nasdaq/RGTI/RGTI_4H_20260720_071905.png
 create mode 100644 charts/screenshots_nasdaq/RGTI/RGTI_4H_20260721_025121.png
 delete mode 100644 charts/screenshots_nasdaq/RGTI/RGTI_Daily_20260720_071905.png
 create mode 100644 charts/screenshots_nasdaq/RGTI/RGTI_Daily_20260721_025121.png
 delete mode 100644 charts/screenshots_nasdaq/RGTI/RGTI_Monthly_20260720_071905.png
 create mode 100644 charts/screenshots_nasdaq/RGTI/RGTI_Monthly_20260721_025121.png
 delete mode 100644 charts/screenshots_nasdaq/RGTI/RGTI_Weekly_20260720_071905.png
 create mode 100644 charts/screenshots_nasdaq/RGTI/RGTI_Weekly_20260721_025121.png
 create mode 100644 charts/screenshots_nasdaq/RHI/RHI_1H_20260721_022244.png
 create mode 100644 charts/screenshots_nasdaq/RHI/RHI_4H_20260721_022244.png
 create mode 100644 charts/screenshots_nasdaq/RHI/RHI_Daily_20260721_022244.png
 create mode 100644 charts/screenshots_nasdaq/RHI/RHI_Monthly_20260721_022244.png
 create mode 100644 charts/screenshots_nasdaq/RHI/RHI_Weekly_20260721_022244.png
 delete mode 100644 charts/screenshots_nasdaq/RKLB/RKLB_1H_20260720_071943.png
 delete mode 100644 charts/screenshots_nasdaq/RKLB/RKLB_4H_20260720_071943.png
 delete mode 100644 charts/screenshots_nasdaq/RKLB/RKLB_Daily_20260720_071943.png
 delete mode 100644 charts/screenshots_nasdaq/RKLB/RKLB_Monthly_20260720_071943.png
 delete mode 100644 charts/screenshots_nasdaq/RKLB/RKLB_Weekly_20260720_071943.png
 delete mode 100644 charts/screenshots_nasdaq/RLAY/RLAY_1H_20260720_063614.png
 delete mode 100644 charts/screenshots_nasdaq/RLAY/RLAY_4H_20260720_063614.png
 delete mode 100644 charts/screenshots_nasdaq/RLAY/RLAY_Daily_20260720_063614.png
 delete mode 100644 charts/screenshots_nasdaq/RLAY/RLAY_Monthly_20260720_063614.png
 delete mode 100644 charts/screenshots_nasdaq/RLAY/RLAY_Weekly_20260720_063614.png
 delete mode 100644 charts/screenshots_nasdaq/RXO/RXO_1H_20260720_065144.png
 delete mode 100644 charts/screenshots_nasdaq/RXO/RXO_4H_20260720_065144.png
 delete mode 100644 charts/screenshots_nasdaq/RXO/RXO_Daily_20260720_065144.png
 delete mode 100644 charts/screenshots_nasdaq/RXO/RXO_Monthly_20260720_065144.png
 delete mode 100644 charts/screenshots_nasdaq/RXO/RXO_Weekly_20260720_065144.png
 delete mode 100644 charts/screenshots_nasdaq/S/S_1H_20260720_063920.png
 delete mode 100644 charts/screenshots_nasdaq/S/S_4H_20260720_063920.png
 delete mode 100644 charts/screenshots_nasdaq/S/S_Daily_20260720_063920.png
 delete mode 100644 charts/screenshots_nasdaq/S/S_Monthly_20260720_063920.png
 delete mode 100644 charts/screenshots_nasdaq/S/S_Weekly_20260720_063920.png
 delete mode 100644 charts/screenshots_nasdaq/SBSW/SBSW_1H_20260720_070947.png
 create mode 100644 charts/screenshots_nasdaq/SBSW/SBSW_1H_20260721_025201.png
 delete mode 100644 charts/screenshots_nasdaq/SBSW/SBSW_4H_20260720_070947.png
 create mode 100644 charts/screenshots_nasdaq/SBSW/SBSW_4H_20260721_025201.png
 delete mode 100644 charts/screenshots_nasdaq/SBSW/SBSW_Daily_20260720_070947.png
 create mode 100644 charts/screenshots_nasdaq/SBSW/SBSW_Daily_20260721_025201.png
 delete mode 100644 charts/screenshots_nasdaq/SBSW/SBSW_Monthly_20260720_070947.png
 create mode 100644 charts/screenshots_nasdaq/SBSW/SBSW_Monthly_20260721_025201.png
 delete mode 100644 charts/screenshots_nasdaq/SBSW/SBSW_Weekly_20260720_070947.png
 create mode 100644 charts/screenshots_nasdaq/SBSW/SBSW_Weekly_20260721_025201.png
 delete mode 100644 charts/screenshots_nasdaq/SFM/SFM_1H_20260720_070223.png
 create mode 100644 charts/screenshots_nasdaq/SFM/SFM_1H_20260721_023721.png
 delete mode 100644 charts/screenshots_nasdaq/SFM/SFM_4H_20260720_070223.png
 create mode 100644 charts/screenshots_nasdaq/SFM/SFM_4H_20260721_023721.png
 delete mode 100644 charts/screenshots_nasdaq/SFM/SFM_Daily_20260720_070223.png
 create mode 100644 charts/screenshots_nasdaq/SFM/SFM_Daily_20260721_023721.png
 delete mode 100644 charts/screenshots_nasdaq/SFM/SFM_Monthly_20260720_070223.png
 create mode 100644 charts/screenshots_nasdaq/SFM/SFM_Monthly_20260721_023721.png
 delete mode 100644 charts/screenshots_nasdaq/SFM/SFM_Weekly_20260720_070223.png
 create mode 100644 charts/screenshots_nasdaq/SFM/SFM_Weekly_20260721_023721.png
 create mode 100644 charts/screenshots_nasdaq/SKYQ/SKYQ_1H_20260721_022523.png
 create mode 100644 charts/screenshots_nasdaq/SKYQ/SKYQ_4H_20260721_022523.png
 create mode 100644 charts/screenshots_nasdaq/SKYQ/SKYQ_Daily_20260721_022523.png
 create mode 100644 charts/screenshots_nasdaq/SKYQ/SKYQ_Monthly_20260721_022523.png
 create mode 100644 charts/screenshots_nasdaq/SKYQ/SKYQ_Weekly_20260721_022523.png
 delete mode 100644 charts/screenshots_nasdaq/SMCI/SMCI_1H_20260720_070336.png
 create mode 100644 charts/screenshots_nasdaq/SMCI/SMCI_1H_20260721_023322.png
 delete mode 100644 charts/screenshots_nasdaq/SMCI/SMCI_4H_20260720_070336.png
 create mode 100644 charts/screenshots_nasdaq/SMCI/SMCI_4H_20260721_023322.png
 delete mode 100644 charts/screenshots_nasdaq/SMCI/SMCI_Daily_20260720_070336.png
 create mode 100644 charts/screenshots_nasdaq/SMCI/SMCI_Daily_20260721_023322.png
 delete mode 100644 charts/screenshots_nasdaq/SMCI/SMCI_Monthly_20260720_070336.png
 create mode 100644 charts/screenshots_nasdaq/SMCI/SMCI_Monthly_20260721_023322.png
 delete mode 100644 charts/screenshots_nasdaq/SMCI/SMCI_Weekly_20260720_070336.png
 create mode 100644 charts/screenshots_nasdaq/SMCI/SMCI_Weekly_20260721_023322.png
 delete mode 100644 charts/screenshots_nasdaq/SMMT/SMMT_1H_20260720_071330.png
 create mode 100644 charts/screenshots_nasdaq/SMMT/SMMT_1H_20260721_025642.png
 delete mode 100644 charts/screenshots_nasdaq/SMMT/SMMT_4H_20260720_071330.png
 create mode 100644 charts/screenshots_nasdaq/SMMT/SMMT_4H_20260721_025642.png
 delete mode 100644 charts/screenshots_nasdaq/SMMT/SMMT_Daily_20260720_071330.png
 create mode 100644 charts/screenshots_nasdaq/SMMT/SMMT_Daily_20260721_025642.png
 delete mode 100644 charts/screenshots_nasdaq/SMMT/SMMT_Monthly_20260720_071330.png
 create mode 100644 charts/screenshots_nasdaq/SMMT/SMMT_Monthly_20260721_025642.png
 delete mode 100644 charts/screenshots_nasdaq/SMMT/SMMT_Weekly_20260720_071330.png
 create mode 100644 charts/screenshots_nasdaq/SMMT/SMMT_Weekly_20260721_025642.png
 delete mode 100644 charts/screenshots_nasdaq/SNAP/SNAP_1H_20260720_070412.png
 create mode 100644 charts/screenshots_nasdaq/SNAP/SNAP_1H_20260721_025442.png
 delete mode 100644 charts/screenshots_nasdaq/SNAP/SNAP_4H_20260720_070412.png
 create mode 100644 charts/screenshots_nasdaq/SNAP/SNAP_4H_20260721_025442.png
 delete mode 100644 charts/screenshots_nasdaq/SNAP/SNAP_Daily_20260720_070412.png
 create mode 100644 charts/screenshots_nasdaq/SNAP/SNAP_Daily_20260721_025442.png
 delete mode 100644 charts/screenshots_nasdaq/SNAP/SNAP_Monthly_20260720_070412.png
 create mode 100644 charts/screenshots_nasdaq/SNAP/SNAP_Monthly_20260721_025442.png
 delete mode 100644 charts/screenshots_nasdaq/SNAP/SNAP_Weekly_20260720_070412.png
 create mode 100644 charts/screenshots_nasdaq/SNAP/SNAP_Weekly_20260721_025442.png
 delete mode 100644 charts/screenshots_nasdaq/SNEX/SNEX_1H_20260720_070450.png
 delete mode 100644 charts/screenshots_nasdaq/SNEX/SNEX_4H_20260720_070450.png
 delete mode 100644 charts/screenshots_nasdaq/SNEX/SNEX_Daily_20260720_070450.png
 delete mode 100644 charts/screenshots_nasdaq/SNEX/SNEX_Monthly_20260720_070450.png
 delete mode 100644 charts/screenshots_nasdaq/SNEX/SNEX_Weekly_20260720_070450.png
 create mode 100644 charts/screenshots_nasdaq/SNOW/SNOW_1H_20260721_020849.png
 create mode 100644 charts/screenshots_nasdaq/SNOW/SNOW_4H_20260721_020849.png
 create mode 100644 charts/screenshots_nasdaq/SNOW/SNOW_Daily_20260721_020849.png
 create mode 100644 charts/screenshots_nasdaq/SNOW/SNOW_Monthly_20260721_020849.png
 create mode 100644 charts/screenshots_nasdaq/SNOW/SNOW_Weekly_20260721_020849.png
 delete mode 100644 charts/screenshots_nasdaq/SOUN/SOUN_1H_20260720_071024.png
 create mode 100644 charts/screenshots_nasdaq/SOUN/SOUN_1H_20260721_025242.png
 delete mode 100644 charts/screenshots_nasdaq/SOUN/SOUN_4H_20260720_071024.png
 create mode 100644 charts/screenshots_nasdaq/SOUN/SOUN_4H_20260721_025242.png
 delete mode 100644 charts/screenshots_nasdaq/SOUN/SOUN_Daily_20260720_071024.png
 create mode 100644 charts/screenshots_nasdaq/SOUN/SOUN_Daily_20260721_025242.png
 delete mode 100644 charts/screenshots_nasdaq/SOUN/SOUN_Monthly_20260720_071024.png
 create mode 100644 charts/screenshots_nasdaq/SOUN/SOUN_Monthly_20260721_025242.png
 delete mode 100644 charts/screenshots_nasdaq/SOUN/SOUN_Weekly_20260720_071024.png
 create mode 100644 charts/screenshots_nasdaq/SOUN/SOUN_Weekly_20260721_025242.png
 create mode 100644 charts/screenshots_nasdaq/SPSC/SPSC_1H_20260721_023003.png
 create mode 100644 charts/screenshots_nasdaq/SPSC/SPSC_4H_20260721_023003.png
 create mode 100644 charts/screenshots_nasdaq/SPSC/SPSC_Daily_20260721_023003.png
 create mode 100644 charts/screenshots_nasdaq/SPSC/SPSC_Monthly_20260721_023003.png
 create mode 100644 charts/screenshots_nasdaq/SPSC/SPSC_Weekly_20260721_023003.png
 delete mode 100644 charts/screenshots_nasdaq/STUB/STUB_1H_20260720_065645.png
 create mode 100644 charts/screenshots_nasdaq/STUB/STUB_1H_20260721_022643.png
 delete mode 100644 charts/screenshots_nasdaq/STUB/STUB_4H_20260720_065645.png
 create mode 100644 charts/screenshots_nasdaq/STUB/STUB_4H_20260721_022643.png
 delete mode 100644 charts/screenshots_nasdaq/STUB/STUB_Daily_20260720_065645.png
 create mode 100644 charts/screenshots_nasdaq/STUB/STUB_Daily_20260721_022643.png
 delete mode 100644 charts/screenshots_nasdaq/STUB/STUB_Monthly_20260720_065645.png
 create mode 100644 charts/screenshots_nasdaq/STUB/STUB_Monthly_20260721_022643.png
 delete mode 100644 charts/screenshots_nasdaq/STUB/STUB_Weekly_20260720_065645.png
 create mode 100644 charts/screenshots_nasdaq/STUB/STUB_Weekly_20260721_022643.png
 create mode 100644 charts/screenshots_nasdaq/TDOC/TDOC_1H_20260721_020529.png
 create mode 100644 charts/screenshots_nasdaq/TDOC/TDOC_4H_20260721_020529.png
 create mode 100644 charts/screenshots_nasdaq/TDOC/TDOC_Daily_20260721_020529.png
 create mode 100644 charts/screenshots_nasdaq/TDOC/TDOC_Monthly_20260721_020529.png
 create mode 100644 charts/screenshots_nasdaq/TDOC/TDOC_Weekly_20260721_020529.png
 delete mode 100644 charts/screenshots_nasdaq/TECH/TECH_1H_20260720_062654.png
 create mode 100644 charts/screenshots_nasdaq/TECH/TECH_1H_20260721_020609.png
 delete mode 100644 charts/screenshots_nasdaq/TECH/TECH_4H_20260720_062654.png
 create mode 100644 charts/screenshots_nasdaq/TECH/TECH_4H_20260721_020609.png
 delete mode 100644 charts/screenshots_nasdaq/TECH/TECH_Daily_20260720_062654.png
 create mode 100644 charts/screenshots_nasdaq/TECH/TECH_Daily_20260721_020609.png
 delete mode 100644 charts/screenshots_nasdaq/TECH/TECH_Monthly_20260720_062654.png
 create mode 100644 charts/screenshots_nasdaq/TECH/TECH_Monthly_20260721_020609.png
 delete mode 100644 charts/screenshots_nasdaq/TECH/TECH_Weekly_20260720_062654.png
 create mode 100644 charts/screenshots_nasdaq/TECH/TECH_Weekly_20260721_020609.png
 create mode 100644 charts/screenshots_nasdaq/TEM/TEM_1H_20260721_023641.png
 create mode 100644 charts/screenshots_nasdaq/TEM/TEM_4H_20260721_023641.png
 create mode 100644 charts/screenshots_nasdaq/TEM/TEM_Daily_20260721_023641.png
 create mode 100644 charts/screenshots_nasdaq/TEM/TEM_Monthly_20260721_023641.png
 create mode 100644 charts/screenshots_nasdaq/TEM/TEM_Weekly_20260721_023641.png
 delete mode 100644 charts/screenshots_nasdaq/TIGO/TIGO_1H_20260720_064607.png
 create mode 100644 charts/screenshots_nasdaq/TIGO/TIGO_1H_20260721_021726.png
 delete mode 100644 charts/screenshots_nasdaq/TIGO/TIGO_4H_20260720_064607.png
 create mode 100644 charts/screenshots_nasdaq/TIGO/TIGO_4H_20260721_021726.png
 delete mode 100644 charts/screenshots_nasdaq/TIGO/TIGO_Daily_20260720_064607.png
 create mode 100644 charts/screenshots_nasdaq/TIGO/TIGO_Daily_20260721_021726.png
 delete mode 100644 charts/screenshots_nasdaq/TIGO/TIGO_Monthly_20260720_064607.png
 create mode 100644 charts/screenshots_nasdaq/TIGO/TIGO_Monthly_20260721_021726.png
 delete mode 100644 charts/screenshots_nasdaq/TIGO/TIGO_Weekly_20260720_064607.png
 create mode 100644 charts/screenshots_nasdaq/TIGO/TIGO_Weekly_20260721_021726.png
 delete mode 100644 charts/screenshots_nasdaq/TRNO/TRNO_1H_20260720_065337.png
 create mode 100644 charts/screenshots_nasdaq/TRNO/TRNO_1H_20260721_015929.png
 delete mode 100644 charts/screenshots_nasdaq/TRNO/TRNO_4H_20260720_065337.png
 create mode 100644 charts/screenshots_nasdaq/TRNO/TRNO_4H_20260721_015929.png
 delete mode 100644 charts/screenshots_nasdaq/TRNO/TRNO_Daily_20260720_065337.png
 create mode 100644 charts/screenshots_nasdaq/TRNO/TRNO_Daily_20260721_015929.png
 delete mode 100644 charts/screenshots_nasdaq/TRNO/TRNO_Monthly_20260720_065337.png
 create mode 100644 charts/screenshots_nasdaq/TRNO/TRNO_Monthly_20260721_015929.png
 delete mode 100644 charts/screenshots_nasdaq/TRNO/TRNO_Weekly_20260720_065337.png
 create mode 100644 charts/screenshots_nasdaq/TRNO/TRNO_Weekly_20260721_015929.png
 delete mode 100644 charts/screenshots_nasdaq/TRV/TRV_1H_20260720_064837.png
 create mode 100644 charts/screenshots_nasdaq/TRV/TRV_1H_20260721_022323.png
 delete mode 100644 charts/screenshots_nasdaq/TRV/TRV_4H_20260720_064837.png
 create mode 100644 charts/screenshots_nasdaq/TRV/TRV_4H_20260721_022323.png
 delete mode 100644 charts/screenshots_nasdaq/TRV/TRV_Daily_20260720_064837.png
 create mode 100644 charts/screenshots_nasdaq/TRV/TRV_Daily_20260721_022323.png
 delete mode 100644 charts/screenshots_nasdaq/TRV/TRV_Monthly_20260720_064837.png
 create mode 100644 charts/screenshots_nasdaq/TRV/TRV_Monthly_20260721_022323.png
 delete mode 100644 charts/screenshots_nasdaq/TRV/TRV_Weekly_20260720_064837.png
 create mode 100644 charts/screenshots_nasdaq/TRV/TRV_Weekly_20260721_022323.png
 delete mode 100644 charts/screenshots_nasdaq/UAMY/UAMY_1H_20260720_071408.png
 create mode 100644 charts/screenshots_nasdaq/UAMY/UAMY_1H_20260721_025722.png
 delete mode 100644 charts/screenshots_nasdaq/UAMY/UAMY_4H_20260720_071408.png
 create mode 100644 charts/screenshots_nasdaq/UAMY/UAMY_4H_20260721_025722.png
 delete mode 100644 charts/screenshots_nasdaq/UAMY/UAMY_Daily_20260720_071408.png
 create mode 100644 charts/screenshots_nasdaq/UAMY/UAMY_Daily_20260721_025722.png
 delete mode 100644 charts/screenshots_nasdaq/UAMY/UAMY_Monthly_20260720_071408.png
 create mode 100644 charts/screenshots_nasdaq/UAMY/UAMY_Monthly_20260721_025722.png
 delete mode 100644 charts/screenshots_nasdaq/UAMY/UAMY_Weekly_20260720_071408.png
 create mode 100644 charts/screenshots_nasdaq/UAMY/UAMY_Weekly_20260721_025722.png
 delete mode 100644 charts/screenshots_nasdaq/UEC/UEC_1H_20260720_065836.png
 create mode 100644 charts/screenshots_nasdaq/UEC/UEC_1H_20260721_024120.png
 delete mode 100644 charts/screenshots_nasdaq/UEC/UEC_4H_20260720_065836.png
 create mode 100644 charts/screenshots_nasdaq/UEC/UEC_4H_20260721_024120.png
 delete mode 100644 charts/screenshots_nasdaq/UEC/UEC_Daily_20260720_065836.png
 create mode 100644 charts/screenshots_nasdaq/UEC/UEC_Daily_20260721_024120.png
 delete mode 100644 charts/screenshots_nasdaq/UEC/UEC_Monthly_20260720_065836.png
 create mode 100644 charts/screenshots_nasdaq/UEC/UEC_Monthly_20260721_024120.png
 delete mode 100644 charts/screenshots_nasdaq/UEC/UEC_Weekly_20260720_065836.png
 create mode 100644 charts/screenshots_nasdaq/UEC/UEC_Weekly_20260721_024120.png
 create mode 100644 charts/screenshots_nasdaq/UI/UI_1H_20260721_024000.png
 create mode 100644 charts/screenshots_nasdaq/UI/UI_4H_20260721_024000.png
 create mode 100644 charts/screenshots_nasdaq/UI/UI_Daily_20260721_024000.png
 create mode 100644 charts/screenshots_nasdaq/UI/UI_Monthly_20260721_024000.png
 create mode 100644 charts/screenshots_nasdaq/UI/UI_Weekly_20260721_024000.png
 delete mode 100644 charts/screenshots_nasdaq/UNP/UNP_1H_20260720_064915.png
 delete mode 100644 charts/screenshots_nasdaq/UNP/UNP_4H_20260720_064915.png
 delete mode 100644 charts/screenshots_nasdaq/UNP/UNP_Daily_20260720_064915.png
 delete mode 100644 charts/screenshots_nasdaq/UNP/UNP_Monthly_20260720_064915.png
 delete mode 100644 charts/screenshots_nasdaq/UNP/UNP_Weekly_20260720_064915.png
 delete mode 100644 charts/screenshots_nasdaq/UPC/UPC_1H_20260720_064109.png
 create mode 100644 charts/screenshots_nasdaq/UPC/UPC_1H_20260721_022403.png
 delete mode 100644 charts/screenshots_nasdaq/UPC/UPC_4H_20260720_064109.png
 create mode 100644 charts/screenshots_nasdaq/UPC/UPC_4H_20260721_022403.png
 delete mode 100644 charts/screenshots_nasdaq/UPC/UPC_Daily_20260720_064109.png
 create mode 100644 charts/screenshots_nasdaq/UPC/UPC_Daily_20260721_022403.png
 delete mode 100644 charts/screenshots_nasdaq/UPC/UPC_Monthly_20260720_064109.png
 create mode 100644 charts/screenshots_nasdaq/UPC/UPC_Monthly_20260721_022403.png
 delete mode 100644 charts/screenshots_nasdaq/UPC/UPC_Weekly_20260720_064109.png
 create mode 100644 charts/screenshots_nasdaq/UPC/UPC_Weekly_20260721_022403.png
 delete mode 100644 charts/screenshots_nasdaq/USAR/USAR_1H_20260720_070758.png
 create mode 100644 charts/screenshots_nasdaq/USAR/USAR_1H_20260721_024319.png
 delete mode 100644 charts/screenshots_nasdaq/USAR/USAR_4H_20260720_070758.png
 create mode 100644 charts/screenshots_nasdaq/USAR/USAR_4H_20260721_024319.png
 delete mode 100644 charts/screenshots_nasdaq/USAR/USAR_Daily_20260720_070758.png
 create mode 100644 charts/screenshots_nasdaq/USAR/USAR_Daily_20260721_024319.png
 delete mode 100644 charts/screenshots_nasdaq/USAR/USAR_Monthly_20260720_070758.png
 create mode 100644 charts/screenshots_nasdaq/USAR/USAR_Monthly_20260721_024319.png
 delete mode 100644 charts/screenshots_nasdaq/USAR/USAR_Weekly_20260720_070758.png
 create mode 100644 charts/screenshots_nasdaq/USAR/USAR_Weekly_20260721_024319.png
 delete mode 100644 charts/screenshots_nasdaq/UUUU/UUUU_1H_20260720_071101.png
 create mode 100644 charts/screenshots_nasdaq/UUUU/UUUU_1H_20260721_024519.png
 delete mode 100644 charts/screenshots_nasdaq/UUUU/UUUU_4H_20260720_071101.png
 create mode 100644 charts/screenshots_nasdaq/UUUU/UUUU_4H_20260721_024519.png
 delete mode 100644 charts/screenshots_nasdaq/UUUU/UUUU_Daily_20260720_071101.png
 create mode 100644 charts/screenshots_nasdaq/UUUU/UUUU_Daily_20260721_024519.png
 delete mode 100644 charts/screenshots_nasdaq/UUUU/UUUU_Monthly_20260720_071101.png
 create mode 100644 charts/screenshots_nasdaq/UUUU/UUUU_Monthly_20260721_024519.png
 delete mode 100644 charts/screenshots_nasdaq/UUUU/UUUU_Weekly_20260720_071101.png
 create mode 100644 charts/screenshots_nasdaq/UUUU/UUUU_Weekly_20260721_024519.png
 delete mode 100644 charts/screenshots_nasdaq/VLO/VLO_1H_20260720_063956.png
 create mode 100644 charts/screenshots_nasdaq/VLO/VLO_1H_20260721_020009.png
 delete mode 100644 charts/screenshots_nasdaq/VLO/VLO_4H_20260720_063956.png
 create mode 100644 charts/screenshots_nasdaq/VLO/VLO_4H_20260721_020009.png
 delete mode 100644 charts/screenshots_nasdaq/VLO/VLO_Daily_20260720_063956.png
 create mode 100644 charts/screenshots_nasdaq/VLO/VLO_Daily_20260721_020009.png
 delete mode 100644 charts/screenshots_nasdaq/VLO/VLO_Monthly_20260720_063956.png
 create mode 100644 charts/screenshots_nasdaq/VLO/VLO_Monthly_20260721_020009.png
 delete mode 100644 charts/screenshots_nasdaq/VLO/VLO_Weekly_20260720_063956.png
 create mode 100644 charts/screenshots_nasdaq/VLO/VLO_Weekly_20260721_020009.png
 delete mode 100644 charts/screenshots_nasdaq/VTR/VTR_1H_20260720_062428.png
 create mode 100644 charts/screenshots_nasdaq/VTR/VTR_1H_20260721_020049.png
 delete mode 100644 charts/screenshots_nasdaq/VTR/VTR_4H_20260720_062428.png
 create mode 100644 charts/screenshots_nasdaq/VTR/VTR_4H_20260721_020049.png
 delete mode 100644 charts/screenshots_nasdaq/VTR/VTR_Daily_20260720_062428.png
 create mode 100644 charts/screenshots_nasdaq/VTR/VTR_Daily_20260721_020049.png
 delete mode 100644 charts/screenshots_nasdaq/VTR/VTR_Monthly_20260720_062428.png
 create mode 100644 charts/screenshots_nasdaq/VTR/VTR_Monthly_20260721_020049.png
 delete mode 100644 charts/screenshots_nasdaq/VTR/VTR_Weekly_20260720_062428.png
 create mode 100644 charts/screenshots_nasdaq/VTR/VTR_Weekly_20260721_020049.png
 delete mode 100644 charts/screenshots_nasdaq/WELL/WELL_1H_20260720_062506.png
 create mode 100644 charts/screenshots_nasdaq/WELL/WELL_1H_20260721_020130.png
 delete mode 100644 charts/screenshots_nasdaq/WELL/WELL_4H_20260720_062506.png
 create mode 100644 charts/screenshots_nasdaq/WELL/WELL_4H_20260721_020130.png
 delete mode 100644 charts/screenshots_nasdaq/WELL/WELL_Daily_20260720_062506.png
 create mode 100644 charts/screenshots_nasdaq/WELL/WELL_Daily_20260721_020130.png
 delete mode 100644 charts/screenshots_nasdaq/WELL/WELL_Monthly_20260720_062506.png
 create mode 100644 charts/screenshots_nasdaq/WELL/WELL_Monthly_20260721_020130.png
 delete mode 100644 charts/screenshots_nasdaq/WELL/WELL_Weekly_20260720_062506.png
 create mode 100644 charts/screenshots_nasdaq/WELL/WELL_Weekly_20260721_020130.png
 delete mode 100644 charts/screenshots_nasdaq/WKC/WKC_1H_20260720_064453.png
 delete mode 100644 charts/screenshots_nasdaq/WKC/WKC_4H_20260720_064453.png
 delete mode 100644 charts/screenshots_nasdaq/WKC/WKC_Daily_20260720_064453.png
 delete mode 100644 charts/screenshots_nasdaq/WKC/WKC_Monthly_20260720_064453.png
 delete mode 100644 charts/screenshots_nasdaq/WKC/WKC_Weekly_20260720_064453.png
 create mode 100644 charts/screenshots_nasdaq/WLFC/WLFC_1H_20260721_022843.png
 create mode 100644 charts/screenshots_nasdaq/WLFC/WLFC_4H_20260721_022843.png
 create mode 100644 charts/screenshots_nasdaq/WLFC/WLFC_Daily_20260721_022843.png
 create mode 100644 charts/screenshots_nasdaq/WLFC/WLFC_Monthly_20260721_022843.png
 create mode 100644 charts/screenshots_nasdaq/WLFC/WLFC_Weekly_20260721_022843.png
 delete mode 100644 charts/screenshots_nasdaq/WOLF/WOLF_1H_20260720_072133.png
 create mode 100644 charts/screenshots_nasdaq/WOLF/WOLF_1H_20260721_025801.png
 delete mode 100644 charts/screenshots_nasdaq/WOLF/WOLF_4H_20260720_072133.png
 create mode 100644 charts/screenshots_nasdaq/WOLF/WOLF_4H_20260721_025801.png
 delete mode 100644 charts/screenshots_nasdaq/WOLF/WOLF_Daily_20260720_072133.png
 create mode 100644 charts/screenshots_nasdaq/WOLF/WOLF_Daily_20260721_025801.png
 delete mode 100644 charts/screenshots_nasdaq/WOLF/WOLF_Monthly_20260720_072133.png
 create mode 100644 charts/screenshots_nasdaq/WOLF/WOLF_Monthly_20260721_025801.png
 delete mode 100644 charts/screenshots_nasdaq/WOLF/WOLF_Weekly_20260720_072133.png
 create mode 100644 charts/screenshots_nasdaq/WOLF/WOLF_Weekly_20260721_025801.png
 create mode 100644 charts/screenshots_nasdaq/ZD/ZD_1H_20260721_015809.png
 create mode 100644 charts/screenshots_nasdaq/ZD/ZD_4H_20260721_015809.png
 create mode 100644 charts/screenshots_nasdaq/ZD/ZD_Daily_20260721_015809.png
 create mode 100644 charts/screenshots_nasdaq/ZD/ZD_Monthly_20260721_015809.png
 create mode 100644 charts/screenshots_nasdaq/ZD/ZD_Weekly_20260721_015809.png
[[NASDAQ/NYSE 차트분석]] GitHub 푸시 완료
[[NASDAQ/NYSE 차트분석]] Google Sheets 업데이트 완료 (94개 종목)
[Paper Trading] NASDAQ ranked_df 스냅샷 저장 완료 (214개 종목)

[요약] 전 종목 스캔 완료 – 총 6293.9초 (104.90분) 소요
