============================================================
[1단계] 전 종목 리스트 수집 및 기본 필터링
============================================================
[ticker_fetcher] 나스닥 FTP 서버에서 종목 리스트 다운로드 중...
[ticker_fetcher] 총 7449개 종목 로드 → 비표준 심볼 1227개 제거 → 6222개 보통주
[ticker_fetcher] 1단계 필터링 배치 1/42 (150개 종목)...
[ticker_fetcher] 1단계 필터링 배치 2/42 (150개 종목)...
[ticker_fetcher] 1단계 필터링 배치 3/42 (150개 종목)...
[ticker_fetcher] 1단계 필터링 배치 4/42 (150개 종목)...
[ticker_fetcher] 1단계 필터링 배치 5/42 (150개 종목)...
[ticker_fetcher] 1단계 필터링 배치 6/42 (150개 종목)...
[ticker_fetcher] 1단계 필터링 배치 7/42 (150개 종목)...
[ticker_fetcher] 1단계 필터링 배치 8/42 (150개 종목)...
[ticker_fetcher] 1단계 필터링 배치 9/42 (150개 종목)...
[ticker_fetcher] 1단계 필터링 배치 10/42 (150개 종목)...
[ticker_fetcher] 1단계 필터링 배치 11/42 (150개 종목)...
[ticker_fetcher] 1단계 필터링 배치 12/42 (150개 종목)...
[ticker_fetcher] 1단계 필터링 배치 13/42 (150개 종목)...
[ticker_fetcher] 1단계 필터링 배치 14/42 (150개 종목)...
[ticker_fetcher] 1단계 필터링 배치 15/42 (150개 종목)...
[ticker_fetcher] 1단계 필터링 배치 16/42 (150개 종목)...
[ticker_fetcher] 1단계 필터링 배치 17/42 (150개 종목)...
[ticker_fetcher] 1단계 필터링 배치 18/42 (150개 종목)...
[ticker_fetcher] 1단계 필터링 배치 19/42 (150개 종목)...
[ticker_fetcher] 1단계 필터링 배치 20/42 (150개 종목)...
[ticker_fetcher] 1단계 필터링 배치 21/42 (150개 종목)...
[ticker_fetcher] 1단계 필터링 배치 22/42 (150개 종목)...
[ticker_fetcher] 1단계 필터링 배치 23/42 (150개 종목)...
[ticker_fetcher] 1단계 필터링 배치 24/42 (150개 종목)...
[ticker_fetcher] 1단계 필터링 배치 25/42 (150개 종목)...
[ticker_fetcher] 1단계 필터링 배치 26/42 (150개 종목)...
[ticker_fetcher] 1단계 필터링 배치 27/42 (150개 종목)...
[ticker_fetcher] 1단계 필터링 배치 28/42 (150개 종목)...
[ticker_fetcher] 1단계 필터링 배치 29/42 (150개 종목)...
[ticker_fetcher] 1단계 필터링 배치 30/42 (150개 종목)...
[ticker_fetcher] 1단계 필터링 배치 31/42 (150개 종목)...
[ticker_fetcher] 1단계 필터링 배치 32/42 (150개 종목)...
[ticker_fetcher] 1단계 필터링 배치 33/42 (150개 종목)...
[ticker_fetcher] 1단계 필터링 배치 34/42 (150개 종목)...
[ticker_fetcher] 1단계 필터링 배치 35/42 (150개 종목)...
[ticker_fetcher] 1단계 필터링 배치 36/42 (150개 종목)...
[ticker_fetcher] 1단계 필터링 배치 37/42 (150개 종목)...
[ticker_fetcher] 1단계 필터링 배치 38/42 (150개 종목)...
[ticker_fetcher] 1단계 필터링 배치 39/42 (150개 종목)...
[ticker_fetcher] 1단계 필터링 배치 40/42 (150개 종목)...
[ticker_fetcher] 1단계 필터링 배치 41/42 (150개 종목)...
[ticker_fetcher] 1단계 필터링 배치 42/42 (72개 종목)...
[ticker_fetcher] 1단계 필터링 완료: 6222개 → 4229개 (가격 ≥ $1.0, 평균 거래량 ≥ 100,000)

============================================================
[2단계] 바닥 탈출 / 강세 돌파 후보 선별
============================================================
[2단계] 배치 1/29 (150개 종목 분석 중)...
[2단계] 배치 2/29 (150개 종목 분석 중)...
[2단계] 배치 3/29 (150개 종목 분석 중)...
[2단계] 배치 4/29 (150개 종목 분석 중)...
[2단계] 배치 5/29 (150개 종목 분석 중)...
[2단계] 배치 6/29 (150개 종목 분석 중)...
[2단계] 배치 7/29 (150개 종목 분석 중)...
[2단계] 배치 8/29 (150개 종목 분석 중)...
[2단계] 배치 9/29 (150개 종목 분석 중)...
[2단계] 배치 10/29 (150개 종목 분석 중)...
[2단계] 배치 11/29 (150개 종목 분석 중)...
[2단계] 배치 12/29 (150개 종목 분석 중)...
[2단계] 배치 13/29 (150개 종목 분석 중)...
[2단계] 배치 14/29 (150개 종목 분석 중)...
[2단계] 배치 15/29 (150개 종목 분석 중)...
[2단계] 배치 16/29 (150개 종목 분석 중)...
[2단계] 배치 17/29 (150개 종목 분석 중)...
[2단계] 배치 18/29 (150개 종목 분석 중)...
[2단계] 배치 19/29 (150개 종목 분석 중)...
[2단계] 배치 20/29 (150개 종목 분석 중)...
[2단계] 배치 21/29 (150개 종목 분석 중)...
[2단계] 배치 22/29 (150개 종목 분석 중)...
[2단계] 배치 23/29 (150개 종목 분석 중)...
[2단계] 배치 24/29 (150개 종목 분석 중)...
[2단계] 배치 25/29 (150개 종목 분석 중)...
[2단계] 배치 26/29 (150개 종목 분석 중)...
[2단계] 배치 27/29 (150개 종목 분석 중)...
[2단계] 배치 28/29 (150개 종목 분석 중)...
[2단계] 배치 29/29 (29개 종목 분석 중)...
[2단계] 필터링 완료: 4229개 → 959개 후보 선별

============================================================
[3단계] 959개 후보 종목 정밀 분석
============================================================
[OHLCV] 배치 다운로드 1/7 (150개 종목, period=5y)...
[OHLCV] 배치 다운로드 2/7 (150개 종목, period=5y)...
[OHLCV] 배치 다운로드 3/7 (150개 종목, period=5y)...
[OHLCV] 배치 다운로드 4/7 (150개 종목, period=5y)...
[OHLCV] 배치 다운로드 5/7 (150개 종목, period=5y)...
[OHLCV] 배치 다운로드 6/7 (150개 종목, period=5y)...
[OHLCV] 배치 다운로드 7/7 (59개 종목, period=5y)...
[DataValidator] 699건의 데이터 품질 경고 발생
Warning:  AARD: Close NaN 비율 73.1% (기준: 30%)
Warning:  AARD: 비정상 가격 변동 56.2% (2026-03-02) — 스플릿/데이터 오류 가능
Warning:  ABAT: 비정상 가격 변동 60.4% (2024-12-23) — 스플릿/데이터 오류 가능
Warning:  ABTS: 비정상 가격 변동 1381.0% (2025-03-10) — 스플릿/데이터 오류 가능
Warning:  ABVC: 비정상 가격 변동 137.4% (2021-11-01) — 스플릿/데이터 오류 가능
Warning:  ACB: 비정상 가격 변동 72.2% (2023-09-11) — 스플릿/데이터 오류 가능
Warning:  ACCL: Close NaN 비율 86.6% (기준: 30%)
Warning:  ACET: 비정상 가격 변동 54.3% (2023-06-27) — 스플릿/데이터 오류 가능
Warning:  ACON: 비정상 가격 변동 126.9% (2025-03-03) — 스플릿/데이터 오류 가능
Warning:  ACTU: Close NaN 비율 63.1% (기준: 30%)
Warning:  ADCT: 비정상 가격 변동 63.1% (2023-12-13) — 스플릿/데이터 오류 가능
Warning:  ADIL: 비정상 가격 변동 106.2% (2024-04-10) — 스플릿/데이터 오류 가능
Warning:  AEHL: 비정상 가격 변동 135.3% (2026-05-08) — 스플릿/데이터 오류 가능
Warning:  AEHR: 비정상 가격 변동 87.9% (2021-07-19) — 스플릿/데이터 오류 가능
Warning:  AEMD: 비정상 가격 변동 97.3% (2025-08-21) — 스플릿/데이터 오류 가능
Warning:  AGEN: 비정상 가격 변동 58.8% (2024-07-18) — 스플릿/데이터 오류 가능
Warning:  AGIG: 비정상 가격 변동 494.7% (2022-03-07) — 스플릿/데이터 오류 가능
Warning:  AGL: 비정상 가격 변동 117.8% (2026-05-07) — 스플릿/데이터 오류 가능
Warning:  AGMH: 비정상 가격 변동 363.7% (2025-09-19) — 스플릿/데이터 오류 가능
Warning:  AGPU: 비정상 가격 변동 119.8% (2026-04-01) — 스플릿/데이터 오류 가능
Warning:  AHMA: Close NaN 비율 86.8% (기준: 30%)
Warning:  AHMA: 비정상 가격 변동 198.1% (2025-12-01) — 스플릿/데이터 오류 가능
Warning:  AIFA: 비정상 가격 변동 62.5% (2025-09-12) — 스플릿/데이터 오류 가능
Warning:  AIFF: 비정상 가격 변동 171.0% (2025-02-11) — 스플릿/데이터 오류 가능
Warning:  AIIO: 비정상 가격 변동 116.1% (2026-05-14) — 스플릿/데이터 오류 가능
Warning:  AIMD: 비정상 가격 변동 184.3% (2022-06-30) — 스플릿/데이터 오류 가능
Warning:  AIRE: Close NaN 비율 47.0% (기준: 30%)
Warning:  AIRE: 비정상 가격 변동 347.4% (2025-07-21) — 스플릿/데이터 오류 가능
Warning:  AIRO: Close NaN 비율 79.7% (기준: 30%)
Warning:  AIRS: 비정상 가격 변동 51.6% (2026-03-16) — 스플릿/데이터 오류 가능
Warning:  AISP: 비정상 가격 변동 200.0% (2024-03-05) — 스플릿/데이터 오류 가능
Warning:  AIXC: 비정상 가격 변동 111.7% (2024-07-12) — 스플릿/데이터 오류 가능
Warning:  AIXI: Close NaN 비율 34.5% (기준: 30%)
Warning:  AIXI: 비정상 가격 변동 1823.0% (2026-05-11) — 스플릿/데이터 오류 가능
Warning:  AKAN: 비정상 가격 변동 214.2% (2026-04-22) — 스플릿/데이터 오류 가능
Warning:  AKBA: 비정상 가격 변동 66.0% (2022-03-30) — 스플릿/데이터 오류 가능
Warning:  AKTX: 비정상 가격 변동 255.4% (2026-05-22) — 스플릿/데이터 오류 가능
Warning:  ALAB: Close NaN 비율 55.1% (기준: 30%)
Warning:  ALDX: 비정상 가격 변동 73.3% (2025-04-03) — 스플릿/데이터 오류 가능
Warning:  ALGS: 비정상 가격 변동 56.7% (2022-01-06) — 스플릿/데이터 오류 가능
Warning:  ALOT: 비정상 가격 변동 69.9% (2026-06-17) — 스플릿/데이터 오류 가능
Warning:  ALT: 비정상 가격 변동 54.7% (2023-03-21) — 스플릿/데이터 오류 가능
Warning:  AMBO: 비정상 가격 변동 226.8% (2024-10-07) — 스플릿/데이터 오류 가능
Warning:  AMBQ: Close NaN 비율 82.2% (기준: 30%)
Warning:  AMPL: 비정상 가격 변동 58.9% (2022-02-17) — 스플릿/데이터 오류 가능
Warning:  AMST: 비정상 가격 변동 120.1% (2026-05-19) — 스플릿/데이터 오류 가능
Warning:  ANGX: Close NaN 비율 84.6% (기준: 30%)
Warning:  ANNA: 비정상 가격 변동 86.5% (2026-03-20) — 스플릿/데이터 오류 가능
Warning:  ANVS: 비정상 가격 변동 76.1% (2024-07-02) — 스플릿/데이터 오류 가능
Warning:  ANY: 비정상 가격 변동 111.6% (2026-06-01) — 스플릿/데이터 오류 가능
Warning:  AQMS: 비정상 가격 변동 198.9% (2025-10-14) — 스플릿/데이터 오류 가능
Warning:  ARCT: 비정상 가격 변동 68.1% (2021-08-03) — 스플릿/데이터 오류 가능
Warning:  AREC: 비정상 가격 변동 83.5% (2025-04-16) — 스플릿/데이터 오류 가능
Warning:  AREN: 비정상 가격 변동 207.0% (2024-11-15) — 스플릿/데이터 오류 가능
Warning:  ARM: Close NaN 비율 44.8% (기준: 30%)
Warning:  ARQQ: 비정상 가격 변동 56.9% (2025-03-17) — 스플릿/데이터 오류 가능
Warning:  ARTL: 비정상 가격 변동 230.4% (2026-03-27) — 스플릿/데이터 오류 가능
Warning:  ARX: Close NaN 비율 81.8% (기준: 30%)
Warning:  ASBP: 비정상 가격 변동 2883.8% (2026-05-11) — 스플릿/데이터 오류 가능
Warning:  ASST: Close NaN 비율 32.6% (기준: 30%)
Warning:  ASST: 비정상 가격 변동 455.7% (2025-05-07) — 스플릿/데이터 오류 가능
Warning:  ASTC: 비정상 가격 변동 459.1% (2026-05-27) — 스플릿/데이터 오류 가능
Warning:  ATPC: Close NaN 비율 44.6% (기준: 30%)
Warning:  ATPC: 비정상 가격 변동 164.7% (2025-12-11) — 스플릿/데이터 오류 가능
Warning:  AUID: 비정상 가격 변동 72.2% (2026-01-15) — 스플릿/데이터 오류 가능
Warning:  AUUD: 비정상 가격 변동 181.8% (2023-06-12) — 스플릿/데이터 오류 가능
Warning:  AZI: Close NaN 비율 63.9% (기준: 30%)
Warning:  AZI: 비정상 가격 변동 146.2% (2026-03-09) — 스플릿/데이터 오류 가능
Warning:  BATL: 비정상 가격 변동 211.7% (2026-01-26) — 스플릿/데이터 오류 가능
Warning:  BBAI: 비정상 가격 변동 260.5% (2023-01-12) — 스플릿/데이터 오류 가능
Warning:  BBLG: 비정상 가격 변동 136.2% (2024-09-16) — 스플릿/데이터 오류 가능
Warning:  BBNX: Close NaN 비율 72.3% (기준: 30%)
Warning:  BCTX: 비정상 가격 변동 1494.6% (2025-01-29) — 스플릿/데이터 오류 가능
Warning:  BDMD: 비정상 가격 변동 623.8% (2024-12-31) — 스플릿/데이터 오류 가능
Warning:  BDTX: 비정상 가격 변동 235.9% (2023-06-27) — 스플릿/데이터 오류 가능
Warning:  BESS: 비정상 가격 변동 7042.9% (2025-02-10) — 스플릿/데이터 오류 가능
Warning:  BESS: 거래량 0 연속 6일 (기준: 5일) — 상장폐지/거래정지 가능
Warning:  BETA: Close NaN 비율 87.6% (기준: 30%)
Warning:  BETR: 비정상 가격 변동 223.0% (2023-07-25) — 스플릿/데이터 오류 가능
Warning:  BFLY: 비정상 가격 변동 55.9% (2026-06-18) — 스플릿/데이터 오류 가능
Warning:  BGDE: 비정상 가격 변동 94.1% (2024-12-05) — 스플릿/데이터 오류 가능
Warning:  BGLC: 비정상 가격 변동 282.0% (2024-02-13) — 스플릿/데이터 오류 가능
Warning:  BIRD: 비정상 가격 변동 582.3% (2026-04-15) — 스플릿/데이터 오류 가능
Warning:  BIVI: 비정상 가격 변동 109.8% (2024-10-18) — 스플릿/데이터 오류 가능
Warning:  BJDX: 비정상 가격 변동 112.5% (2025-04-07) — 스플릿/데이터 오류 가능
Warning:  BKKT: 비정상 가격 변동 234.4% (2021-10-25) — 스플릿/데이터 오류 가능
Warning:  BLNE: 비정상 가격 변동 89.5% (2024-09-05) — 스플릿/데이터 오류 가능
Warning:  BLSH: Close NaN 비율 83.0% (기준: 30%)
Warning:  BMEA: 비정상 가격 변동 99.0% (2023-03-28) — 스플릿/데이터 오류 가능
Warning:  BMGL: Close NaN 비율 73.6% (기준: 30%)
Warning:  BMGL: 비정상 가격 변동 484.6% (2025-05-30) — 스플릿/데이터 오류 가능
Warning:  BMNR: Close NaN 비율 79.2% (기준: 30%)
Warning:  BMNR: 비정상 가격 변동 694.8% (2025-06-30) — 스플릿/데이터 오류 가능
Warning:  BNAI: 비정상 가격 변동 276.7% (2026-01-26) — 스플릿/데이터 오류 가능
Warning:  BNC: 비정상 가격 변동 548.8% (2025-07-28) — 스플릿/데이터 오류 가능
Warning:  BNKK: 비정상 가격 변동 51.1% (2025-08-11) — 스플릿/데이터 오류 가능
Warning:  BNRG: 비정상 가격 변동 140.3% (2024-08-30) — 스플릿/데이터 오류 가능
Warning:  BNZI: 비정상 가격 변동 97.6% (2024-09-20) — 스플릿/데이터 오류 가능
Warning:  BRCB: Close NaN 비율 84.6% (기준: 30%)
Warning:  BRR: Close NaN 비율 79.4% (기준: 30%)
Warning:  BTAI: 비정상 가격 변동 85.4% (2025-08-04) — 스플릿/데이터 오류 가능
Warning:  BTCS: 비정상 가격 변동 111.1% (2025-07-08) — 스플릿/데이터 오류 가능
Warning:  BTCT: 비정상 가격 변동 316.7% (2024-11-12) — 스플릿/데이터 오류 가능
Warning:  BTOG: 비정상 가격 변동 121.4% (2025-03-07) — 스플릿/데이터 오류 가능
Warning:  BTQ: Close NaN 비율 85.4% (기준: 30%)
Warning:  BTQ: 비정상 가격 변동 51.5% (2025-10-07) — 스플릿/데이터 오류 가능
Warning:  BULL: 비정상 가격 변동 374.7% (2025-04-14) — 스플릿/데이터 오류 가능
Warning:  BUR: 비정상 가격 변동 53.2% (2023-03-31) — 스플릿/데이터 오류 가능
Warning:  BWEN: 비정상 가격 변동 117.2% (2026-05-12) — 스플릿/데이터 오류 가능
Warning:  BYAH: Close NaN 비율 70.6% (기준: 30%)
Warning:  BYAH: 비정상 가격 변동 150.0% (2026-06-08) — 스플릿/데이터 오류 가능
Warning:  BZAI: 비정상 가격 변동 58.7% (2025-07-18) — 스플릿/데이터 오류 가능
Warning:  CAI: Close NaN 비율 79.9% (기준: 30%)
Warning:  CAR: 비정상 가격 변동 108.3% (2021-11-02) — 스플릿/데이터 오류 가능
Warning:  CBUS: 비정상 가격 변동 89.8% (2023-01-17) — 스플릿/데이터 오류 가능
Warning:  CD: 비정상 가격 변동 81.4% (2024-11-11) — 스플릿/데이터 오류 가능
Warning:  CDNL: Close NaN 비율 89.6% (기준: 30%)
Warning:  CDT: 비정상 가격 변동 83.9% (2025-02-07) — 스플릿/데이터 오류 가능
Warning:  CDTG: Close NaN 비율 56.8% (기준: 30%)
Warning:  CDTG: 비정상 가격 변동 88.4% (2025-09-09) — 스플릿/데이터 오류 가능
Warning:  CETX: 비정상 가격 변동 129.6% (2025-12-08) — 스플릿/데이터 오류 가능
Warning:  CGTX: 비정상 가격 변동 62.2% (2022-08-04) — 스플릿/데이터 오류 가능
Warning:  CHA: Close NaN 비율 76.6% (기준: 30%)
Warning:  CHR: 비정상 가격 변동 70.6% (2025-10-01) — 스플릿/데이터 오류 가능
Warning:  CHRN: 비정상 가격 변동 93.8% (2025-12-30) — 스플릿/데이터 오류 가능
Warning:  CHSN: Close NaN 비율 35.7% (기준: 30%)
Warning:  CHSN: 비정상 가격 변동 387.2% (2024-10-04) — 스플릿/데이터 오류 가능
Warning:  CHYM: Close NaN 비율 79.6% (기준: 30%)
Warning:  CING: 비정상 가격 변동 268.5% (2024-08-16) — 스플릿/데이터 오류 가능
Warning:  CISS: Close NaN 비율 39.8% (기준: 30%)
Warning:  CISS: 비정상 가격 변동 84.2% (2025-10-07) — 스플릿/데이터 오류 가능
Warning:  CLIK: Close NaN 비율 66.2% (기준: 30%)
Warning:  CLIK: 비정상 가격 변동 153.6% (2025-05-15) — 스플릿/데이터 오류 가능
Warning:  CLNN: 비정상 가격 변동 53.6% (2025-06-02) — 스플릿/데이터 오류 가능
Warning:  CLRB: 비정상 가격 변동 75.8% (2024-12-11) — 스플릿/데이터 오류 가능
Warning:  CMND: 비정상 가격 변동 62.2% (2023-04-04) — 스플릿/데이터 오류 가능
Warning:  CMPX: 비정상 가격 변동 64.4% (2026-04-27) — 스플릿/데이터 오류 가능
Warning:  CMTL: 비정상 가격 변동 87.6% (2024-06-18) — 스플릿/데이터 오류 가능
Warning:  CNCK: 비정상 가격 변동 143.2% (2025-12-01) — 스플릿/데이터 오류 가능
Warning:  CNET: 비정상 가격 변동 52.9% (2023-12-05) — 스플릿/데이터 오류 가능
Warning:  CNTN: 비정상 가격 변동 206.8% (2025-08-20) — 스플릿/데이터 오류 가능
Warning:  CNVS: 비정상 가격 변동 51.6% (2024-02-14) — 스플릿/데이터 오류 가능
Warning:  CODX: 비정상 가격 변동 259.0% (2025-10-27) — 스플릿/데이터 오류 가능
Warning:  CORZ: Close NaN 비율 52.0% (기준: 30%)
Warning:  CR: Close NaN 비율 35.6% (기준: 30%)
Warning:  CRBP: 비정상 가격 변동 249.4% (2024-01-26) — 스플릿/데이터 오류 가능
Warning:  CRCL: Close NaN 비율 79.2% (기준: 30%)
Warning:  CRDF: 비정상 가격 변동 64.4% (2024-03-01) — 스플릿/데이터 오류 가능
Warning:  CRE: Close NaN 비율 81.8% (기준: 30%)
Warning:  CRE: 비정상 가격 변동 78.6% (2025-08-13) — 스플릿/데이터 오류 가능
Warning:  CREG: 비정상 가격 변동 255.0% (2026-05-14) — 스플릿/데이터 오류 가능
Warning:  CRML: 비정상 가격 변동 120.6% (2024-02-27) — 스플릿/데이터 오류 가능
Warning:  CRMT: 비정상 가격 변동 55.0% (2026-06-10) — 스플릿/데이터 오류 가능
Warning:  CRVO: 비정상 가격 변동 161.4% (2025-03-12) — 스플릿/데이터 오류 가능
Warning:  CRVS: 비정상 가격 변동 166.0% (2026-01-20) — 스플릿/데이터 오류 가능
Warning:  CSTL: 비정상 가격 변동 52.9% (2023-07-07) — 스플릿/데이터 오류 가능
Warning:  CTEV: 비정상 가격 변동 94.9% (2024-12-24) — 스플릿/데이터 오류 가능
Warning:  CTMX: 비정상 가격 변동 214.7% (2024-05-01) — 스플릿/데이터 오류 가능
Warning:  CTNT: Close NaN 비율 42.4% (기준: 30%)
Warning:  CTNT: 비정상 가격 변동 437.8% (2024-05-14) — 스플릿/데이터 오류 가능
Warning:  CUPR: Close NaN 비율 76.2% (기준: 30%)
Warning:  CUPR: 비정상 가격 변동 130.8% (2025-09-10) — 스플릿/데이터 오류 가능
Warning:  CURI: 비정상 가격 변동 64.9% (2024-03-21) — 스플릿/데이터 오류 가능
Warning:  CV: Close NaN 비율 80.7% (기준: 30%)
Warning:  CVRX: 비정상 가격 변동 58.8% (2023-02-21) — 스플릿/데이터 오류 가능
Warning:  CYN: 비정상 가격 변동 208.3% (2025-02-10) — 스플릿/데이터 오류 가능
Warning:  DAIC: Close NaN 비율 80.1% (기준: 30%)
Warning:  DAIC: 비정상 가격 변동 77.7% (2025-07-02) — 스플릿/데이터 오류 가능
Warning:  DAVE: 비정상 가격 변동 64.4% (2024-03-05) — 스플릿/데이터 오류 가능
Warning:  DFDV: Close NaN 비율 42.0% (기준: 30%)
Warning:  DFDV: 비정상 가격 변동 842.5% (2025-04-07) — 스플릿/데이터 오류 가능
Warning:  DFLI: 비정상 가격 변동 102.6% (2022-10-05) — 스플릿/데이터 오류 가능
Warning:  DJT: 비정상 가격 변동 356.8% (2021-10-21) — 스플릿/데이터 오류 가능
Warning:  DKI: Close NaN 비율 82.7% (기준: 30%)
Warning:  DKI: 비정상 가격 변동 1569.6% (2026-05-11) — 스플릿/데이터 오류 가능
Warning:  DOGZ: 비정상 가격 변동 76.2% (2026-01-26) — 스플릿/데이터 오류 가능
Warning:  DPRO: 비정상 가격 변동 52.8% (2024-02-22) — 스플릿/데이터 오류 가능
Warning:  DSY: Close NaN 비율 31.4% (기준: 30%)
Warning:  DSY: 비정상 가격 변동 291.3% (2026-06-10) — 스플릿/데이터 오류 가능
Warning:  DTCX: 비정상 가격 변동 69.3% (2023-05-12) — 스플릿/데이터 오류 가능
Warning:  DXST: Close NaN 비율 71.8% (기준: 30%)
Warning:  DXST: 비정상 가격 변동 209.4% (2026-06-02) — 스플릿/데이터 오류 가능
Warning:  DXYZ: Close NaN 비율 55.4% (기준: 30%)
Warning:  DXYZ: 비정상 가격 변동 95.6% (2024-03-27) — 스플릿/데이터 오류 가능
Warning:  ECX: 비정상 가격 변동 95.9% (2023-02-22) — 스플릿/데이터 오류 가능
Warning:  EDHL: Close NaN 비율 76.6% (기준: 30%)
Warning:  EDHL: 비정상 가격 변동 114.4% (2025-10-14) — 스플릿/데이터 오류 가능
Warning:  EDSA: 비정상 가격 변동 102.7% (2021-09-20) — 스플릿/데이터 오류 가능
Warning:  EEIQ: 비정상 가격 변동 209.2% (2026-03-26) — 스플릿/데이터 오류 가능
Warning:  EFOR: 비정상 가격 변동 51.7% (2026-04-23) — 스플릿/데이터 오류 가능
Warning:  EHGO: Close NaN 비율 60.7% (기준: 30%)
Warning:  EHGO: 비정상 가격 변동 118.9% (2026-06-17) — 스플릿/데이터 오류 가능
Warning:  ELAB: Close NaN 비율 48.6% (기준: 30%)
Warning:  ELAB: 비정상 가격 변동 133.7% (2026-04-01) — 스플릿/데이터 오류 가능
Warning:  ELTX: 비정상 가격 변동 81.5% (2023-06-02) — 스플릿/데이터 오류 가능
Warning:  ELUT: 비정상 가격 변동 62.8% (2023-03-20) — 스플릿/데이터 오류 가능
Warning:  EMBC: 비정상 가격 변동 57.8% (2026-05-05) — 스플릿/데이터 오류 가능
Warning:  EMPD: 비정상 가격 변동 134.3% (2025-07-17) — 스플릿/데이터 오류 가능
Warning:  ENGN: 비정상 가격 변동 116.5% (2024-02-14) — 스플릿/데이터 오류 가능
Warning:  ENGS: Close NaN 비율 75.6% (기준: 30%)
Warning:  ENGS: 비정상 가격 변동 67.6% (2025-11-06) — 스플릿/데이터 오류 가능
Warning:  ENVB: 비정상 가격 변동 136.2% (2023-05-18) — 스플릿/데이터 오류 가능
Warning:  EPSM: Close NaN 비율 75.3% (기준: 30%)
Warning:  EPSM: 비정상 가격 변동 411.5% (2025-09-09) — 스플릿/데이터 오류 가능
Warning:  EQ: 비정상 가격 변동 82.1% (2025-08-01) — 스플릿/데이터 오류 가능
Warning:  EVGO: 비정상 가격 변동 60.8% (2024-10-03) — 스플릿/데이터 오류 가능
Warning:  EVTL: 비정상 가격 변동 72.4% (2022-07-15) — 스플릿/데이터 오류 가능
Warning:  EVTV: 비정상 가격 변동 442.1% (2026-01-12) — 스플릿/데이터 오류 가능
Warning:  EZGO: 비정상 가격 변동 91.6% (2026-05-06) — 스플릿/데이터 오류 가능
Warning:  EZRA: 비정상 가격 변동 159.2% (2024-12-23) — 스플릿/데이터 오류 가능
Warning:  FCHL: Close NaN 비율 84.2% (기준: 30%)
Warning:  FCHL: 비정상 가격 변동 107.6% (2026-03-26) — 스플릿/데이터 오류 가능
Warning:  FEAM: 비정상 가격 변동 51.5% (2024-12-30) — 스플릿/데이터 오류 가능
Warning:  FEMY: 비정상 가격 변동 345.8% (2023-09-26) — 스플릿/데이터 오류 가능
Warning:  FGL: Close NaN 비율 67.0% (기준: 30%)
Warning:  FGL: 비정상 가격 변동 56.0% (2026-02-10) — 스플릿/데이터 오류 가능
Warning:  FGNX: 비정상 가격 변동 84.2% (2025-08-01) — 스플릿/데이터 오류 가능
Warning:  FIG: Close NaN 비율 82.2% (기준: 30%)
Warning:  FIGR: Close NaN 비율 84.6% (기준: 30%)
Warning:  FJET: Close NaN 비율 90.0% (기준: 30%)
Warning:  FJET: 비정상 가격 변동 370.9% (2025-12-22) — 스플릿/데이터 오류 가능
Warning:  FLNA: 비정상 가격 변동 83.8% (2024-11-25) — 스플릿/데이터 오류 가능
Warning:  FLYE: Close NaN 비율 59.4% (기준: 30%)
Warning:  FLYE: 비정상 가격 변동 252.5% (2025-12-01) — 스플릿/데이터 오류 가능
Warning:  FLYX: Close NaN 비율 50.7% (기준: 30%)
Warning:  FLYX: 비정상 가격 변동 130.3% (2026-01-08) — 스플릿/데이터 오류 가능
Warning:  FLZH: 비정상 가격 변동 417.0% (2026-03-25) — 스플릿/데이터 오류 가능
Warning:  FNUC: 비정상 가격 변동 348.1% (2024-12-18) — 스플릿/데이터 오류 가능
Warning:  FOFO: Close NaN 비율 84.6% (기준: 30%)
Warning:  FOFO: 비정상 가격 변동 64.3% (2026-06-03) — 스플릿/데이터 오류 가능
Warning:  FOXX: 비정상 가격 변동 121.1% (2025-01-30) — 스플릿/데이터 오류 가능
Warning:  FRGT: 비정상 가격 변동 114.3% (2023-12-14) — 스플릿/데이터 오류 가능
Warning:  FRMI: Close NaN 비율 85.7% (기준: 30%)
Warning:  FRMM: 비정상 가격 변동 325.7% (2024-10-16) — 스플릿/데이터 오류 가능
Warning:  FTCI: 비정상 가격 변동 104.0% (2024-09-11) — 스플릿/데이터 오류 가능
Warning:  FTHM: 비정상 가격 변동 75.4% (2026-06-17) — 스플릿/데이터 오류 가능
Warning:  FUBO: 비정상 가격 변동 251.4% (2025-01-06) — 스플릿/데이터 오류 가능
Warning:  FUFU: 비정상 가격 변동 105.8% (2024-03-04) — 스플릿/데이터 오류 가능
Warning:  FULC: 비정상 가격 변동 125.3% (2021-08-10) — 스플릿/데이터 오류 가능
Warning:  FWDI: 비정상 가격 변동 58.7% (2025-09-08) — 스플릿/데이터 오류 가능
Warning:  GALT: 비정상 가격 변동 60.4% (2025-06-17) — 스플릿/데이터 오류 가능
Warning:  GAMB: 비정상 가격 변동 66.9% (2021-08-27) — 스플릿/데이터 오류 가능
Warning:  GDHG: Close NaN 비율 36.3% (기준: 30%)
Warning:  GDHG: 비정상 가격 변동 94.4% (2025-03-25) — 스플릿/데이터 오류 가능
Warning:  GEMI: Close NaN 비율 84.6% (기준: 30%)
Warning:  GEOS: 비정상 가격 변동 60.1% (2025-06-23) — 스플릿/데이터 오류 가능
Warning:  GITS: Close NaN 비율 42.4% (기준: 30%)
Warning:  GITS: 비정상 가격 변동 3044.3% (2025-01-27) — 스플릿/데이터 오류 가능
Warning:  GLOO: Close NaN 비율 88.4% (기준: 30%)
Warning:  GLXG: Close NaN 비율 64.7% (기준: 30%)
Warning:  GLXG: 비정상 가격 변동 113.1% (2026-06-11) — 스플릿/데이터 오류 가능
Warning:  GMM: Close NaN 비율 46.2% (기준: 30%)
Warning:  GMM: 비정상 가격 변동 1467.7% (2024-11-26) — 스플릿/데이터 오류 가능
Warning:  GNLX: Close NaN 비율 32.2% (기준: 30%)
Warning:  GNLX: 비정상 가격 변동 60.4% (2023-03-06) — 스플릿/데이터 오류 가능
Warning:  GNTA: 비정상 가격 변동 92.0% (2025-10-24) — 스플릿/데이터 오류 가능
Warning:  GOTU: 비정상 가격 변동 63.3% (2021-07-23) — 스플릿/데이터 오류 가능
Warning:  GOVX: 비정상 가격 변동 150.4% (2022-07-25) — 스플릿/데이터 오류 가능
Warning:  GP: 비정상 가격 변동 51.0% (2026-01-09) — 스플릿/데이터 오류 가능
Warning:  GPCR: Close NaN 비율 32.6% (기준: 30%)
Warning:  GPCR: 비정상 가격 변동 102.5% (2025-12-08) — 스플릿/데이터 오류 가능
Warning:  GRAN: Close NaN 비율 80.6% (기준: 30%)
Warning:  GRCE: 비정상 가격 변동 52.3% (2021-12-22) — 스플릿/데이터 오류 가능
Warning:  GRI: 비정상 가격 변동 127.6% (2024-10-21) — 스플릿/데이터 오류 가능
Warning:  GXAI: Close NaN 비율 33.3% (기준: 30%)
Warning:  GXAI: 비정상 가격 변동 177.3% (2024-02-16) — 스플릿/데이터 오류 가능
Warning:  HAO: Close NaN 비율 52.1% (기준: 30%)
Warning:  HAO: 비정상 가격 변동 2336.9% (2025-01-27) — 스플릿/데이터 오류 가능
Warning:  HCAI: Close NaN 비율 72.6% (기준: 30%)
Warning:  HCAI: 비정상 가격 변동 142.2% (2026-04-07) — 스플릿/데이터 오류 가능
Warning:  HCWB: 비정상 가격 변동 320.3% (2024-11-18) — 스플릿/데이터 오류 가능
Warning:  HDRN: Close NaN 비율 64.6% (기준: 30%)
Warning:  HDRN: 거래량 0 연속 5일 (기준: 5일) — 상장폐지/거래정지 가능
Warning:  HERE: Close NaN 비율 32.1% (기준: 30%)
Warning:  HERE: 비정상 가격 변동 130.3% (2023-05-24) — 스플릿/데이터 오류 가능
Warning:  HIT: Close NaN 비율 70.4% (기준: 30%)
Warning:  HIT: 비정상 가격 변동 82.3% (2025-03-12) — 스플릿/데이터 오류 가능
Warning:  HNGE: Close NaN 비율 78.5% (기준: 30%)
Warning:  HOLO: 비정상 가격 변동 1092.1% (2024-02-07) — 스플릿/데이터 오류 가능
Warning:  HSDT: 비정상 가격 변동 145.3% (2022-08-03) — 스플릿/데이터 오류 가능
Warning:  HTCO: 비정상 가격 변동 239.7% (2026-04-27) — 스플릿/데이터 오류 가능
Warning:  HTCR: 비정상 가격 변동 114.7% (2022-06-08) — 스플릿/데이터 오류 가능
Warning:  HUBC: 비정상 가격 변동 186.8% (2023-10-09) — 스플릿/데이터 오류 가능
Warning:  HWH: 비정상 가격 변동 227.8% (2025-09-02) — 스플릿/데이터 오류 가능
Warning:  HYFT: 비정상 가격 변동 136.5% (2021-07-22) — 스플릿/데이터 오류 가능
Warning:  HYLN: 비정상 가격 변동 50.0% (2025-05-28) — 스플릿/데이터 오류 가능
Warning:  HYMC: 비정상 가격 변동 203.0% (2022-03-08) — 스플릿/데이터 오류 가능
Warning:  HYPD: 비정상 가격 변동 134.7% (2025-06-17) — 스플릿/데이터 오류 가능
Warning:  IBG: Close NaN 비율 65.5% (기준: 30%)
Warning:  IBG: 비정상 가격 변동 153.5% (2025-04-02) — 스플릿/데이터 오류 가능
Warning:  ICCM: 비정상 가격 변동 200.5% (2026-06-17) — 스플릿/데이터 오류 가능
Warning:  IDN: 비정상 가격 변동 74.9% (2024-03-22) — 스플릿/데이터 오류 가능
Warning:  IHT: 비정상 가격 변동 66.0% (2025-09-15) — 스플릿/데이터 오류 가능
Warning:  ILAG: 비정상 가격 변동 77.1% (2022-08-02) — 스플릿/데이터 오류 가능
Warning:  IMRN: 비정상 가격 변동 175.8% (2024-03-07) — 스플릿/데이터 오류 가능
Warning:  IMRX: 비정상 가격 변동 52.2% (2025-06-18) — 스플릿/데이터 오류 가능
Warning:  IMSR: Close NaN 비율 66.3% (기준: 30%)
Warning:  INDO: 비정상 가격 변동 110.4% (2022-01-27) — 스플릿/데이터 오류 가능
Warning:  INDP: 비정상 가격 변동 114.9% (2026-06-04) — 스플릿/데이터 오류 가능
Warning:  INHD: Close NaN 비율 49.9% (기준: 30%)
Warning:  INHD: 비정상 가격 변동 3661.0% (2026-06-08) — 스플릿/데이터 오류 가능
Warning:  INHD: 거래량 0 연속 8일 (기준: 5일) — 상장폐지/거래정지 가능
Warning:  INM: 비정상 가격 변동 191.2% (2024-08-20) — 스플릿/데이터 오류 가능
Warning:  INMB: 비정상 가격 변동 56.7% (2025-06-30) — 스플릿/데이터 오류 가능
Warning:  INSM: 비정상 가격 변동 118.5% (2024-05-28) — 스플릿/데이터 오류 가능
Warning:  IPW: 비정상 가격 변동 97.9% (2024-05-17) — 스플릿/데이터 오류 가능
Warning:  IQST: 비정상 가격 변동 65.2% (2023-07-05) — 스플릿/데이터 오류 가능
Warning:  ISPC: 비정상 가격 변동 159.7% (2025-09-09) — 스플릿/데이터 오류 가능
Warning:  IVA: 비정상 가격 변동 72.8% (2022-10-07) — 스플릿/데이터 오류 가능
Warning:  IVF: 비정상 가격 변동 292.6% (2023-10-23) — 스플릿/데이터 오류 가능
Warning:  IXHL: 비정상 가격 변동 723.5% (2025-05-14) — 스플릿/데이터 오류 가능
Warning:  JAGX: 비정상 가격 변동 86.9% (2026-01-16) — 스플릿/데이터 오류 가능
Warning:  JANX: 비정상 가격 변동 229.5% (2024-02-27) — 스플릿/데이터 오류 가능
Warning:  JDZG: Close NaN 비율 58.2% (기준: 30%)
Warning:  JDZG: 비정상 가격 변동 136.1% (2024-10-17) — 스플릿/데이터 오류 가능
Warning:  JDZG: 거래량 0 연속 10일 (기준: 5일) — 상장폐지/거래정지 가능
Warning:  JEM: Close NaN 비율 79.4% (기준: 30%)
Warning:  JEM: 비정상 가격 변동 130.5% (2025-09-09) — 스플릿/데이터 오류 가능
Warning:  JFB: Close NaN 비율 74.2% (기준: 30%)
Warning:  JFB: 비정상 가격 변동 85.4% (2025-09-29) — 스플릿/데이터 오류 가능
Warning:  JMIA: 비정상 가격 변동 53.8% (2024-08-06) — 스플릿/데이터 오류 가능
Warning:  JTAI: 비정상 가격 변동 150.0% (2025-02-19) — 스플릿/데이터 오류 가능
Warning:  JZXN: 비정상 가격 변동 89.7% (2026-02-10) — 스플릿/데이터 오류 가능
Warning:  KALA: 비정상 가격 변동 218.4% (2022-12-28) — 스플릿/데이터 오류 가능
Warning:  KAZR: Close NaN 비율 73.4% (기준: 30%)
Warning:  KAZR: 비정상 가격 변동 87.6% (2025-07-07) — 스플릿/데이터 오류 가능
Warning:  KD: 비정상 가격 변동 54.9% (2026-02-09) — 스플릿/데이터 오류 가능
Warning:  KIDZ: Close NaN 비율 76.0% (기준: 30%)
Warning:  KIDZ: 비정상 가격 변동 366.1% (2025-05-01) — 스플릿/데이터 오류 가능
Warning:  KITT: 비정상 가격 변동 139.0% (2025-01-03) — 스플릿/데이터 오류 가능
Warning:  KLAR: Close NaN 비율 84.6% (기준: 30%)
Warning:  KLC: Close NaN 비율 66.2% (기준: 30%)
Warning:  KRMN: Close NaN 비율 73.1% (기준: 30%)
Warning:  KROS: 비정상 가격 변동 73.2% (2024-12-12) — 스플릿/데이터 오류 가능
Warning:  KRRO: 비정상 가격 변동 93.7% (2024-10-16) — 스플릿/데이터 오류 가능
Warning:  KSCP: 비정상 가격 변동 175.6% (2022-01-28) — 스플릿/데이터 오류 가능
Warning:  KUST: 비정상 가격 변동 91.7% (2025-05-07) — 스플릿/데이터 오류 가능
Warning:  KVYO: Close NaN 비율 45.1% (기준: 30%)
Warning:  KXIN: 비정상 가격 변동 171.4% (2024-10-02) — 스플릿/데이터 오류 가능
Warning:  LAC: Close NaN 비율 45.8% (기준: 30%)
Warning:  LAC: 비정상 가격 변동 95.8% (2025-09-24) — 스플릿/데이터 오류 가능
Warning:  LAES: Close NaN 비율 38.6% (기준: 30%)
Warning:  LAES: 비정상 가격 변동 102.3% (2023-05-24) — 스플릿/데이터 오류 가능
Warning:  LASE: 비정상 가격 변동 160.8% (2026-06-02) — 스플릿/데이터 오류 가능
Warning:  LAW: 비정상 가격 변동 53.6% (2022-08-12) — 스플릿/데이터 오류 가능
Warning:  LBGJ: Close NaN 비율 67.0% (기준: 30%)
Warning:  LBGJ: 비정상 가격 변동 83.8% (2026-02-27) — 스플릿/데이터 오류 가능
Warning:  LFS: Close NaN 비율 86.1% (기준: 30%)
Warning:  LFS: 비정상 가격 변동 576.8% (2025-11-11) — 스플릿/데이터 오류 가능
Warning:  LHSW: Close NaN 비율 75.8% (기준: 30%)
Warning:  LHSW: 비정상 가격 변동 69.4% (2026-02-10) — 스플릿/데이터 오류 가능
Warning:  LICN: Close NaN 비율 32.7% (기준: 30%)
Warning:  LICN: 비정상 가격 변동 15163.2% (2025-03-03) — 스플릿/데이터 오류 가능
Warning:  LIDR: 비정상 가격 변동 158.4% (2025-07-24) — 스플릿/데이터 오류 가능
Warning:  LIF: Close NaN 비율 59.4% (기준: 30%)
Warning:  LIXT: 비정상 가격 변동 133.3% (2023-02-07) — 스플릿/데이터 오류 가능
Warning:  LNAI: 비정상 가격 변동 162.7% (2026-03-17) — 스플릿/데이터 오류 가능
Warning:  LNKS: Close NaN 비율 69.4% (기준: 30%)
Warning:  LNKS: 비정상 가격 변동 86.1% (2026-03-23) — 스플릿/데이터 오류 가능
Warning:  LNZA: 비정상 가격 변동 52.5% (2026-04-07) — 스플릿/데이터 오류 가능
Warning:  LPA: Close NaN 비율 55.6% (기준: 30%)
Warning:  LPA: 비정상 가격 변동 684.2% (2024-05-30) — 스플릿/데이터 오류 가능
Warning:  LPCN: 비정상 가격 변동 77.8% (2026-04-02) — 스플릿/데이터 오류 가능
Warning:  LPRO: 비정상 가격 변동 57.6% (2025-04-01) — 스플릿/데이터 오류 가능
Warning:  LPSN: 비정상 가격 변동 57.7% (2023-03-16) — 스플릿/데이터 오류 가능
Warning:  LRHC: Close NaN 비율 46.2% (기준: 30%)
Warning:  LRHC: 비정상 가격 변동 130.6% (2024-10-23) — 스플릿/데이터 오류 가능
Warning:  LRN: 비정상 가격 변동 54.4% (2025-10-29) — 스플릿/데이터 오류 가능
Warning:  LTBR: 비정상 가격 변동 57.5% (2024-10-18) — 스플릿/데이터 오류 가능
Warning:  LUD: Close NaN 비율 73.8% (기준: 30%)
Warning:  LUD: 비정상 가격 변동 62.6% (2025-09-02) — 스플릿/데이터 오류 가능
Warning:  LUNG: 비정상 가격 변동 60.9% (2022-11-04) — 스플릿/데이터 오류 가능
Warning:  LUNR: 비정상 가격 변동 251.4% (2023-02-16) — 스플릿/데이터 오류 가능
Warning:  LVWR: 비정상 가격 변동 153.5% (2025-05-27) — 스플릿/데이터 오류 가능
Warning:  LXEH: 비정상 가격 변동 85.7% (2024-03-21) — 스플릿/데이터 오류 가능
Warning:  LXEO: Close NaN 비율 47.7% (기준: 30%)
Warning:  LXEO: 비정상 가격 변동 50.9% (2025-03-24) — 스플릿/데이터 오류 가능
Warning:  LYEL: 비정상 가격 변동 68.6% (2025-06-04) — 스플릿/데이터 오류 가능
Warning:  LZMH: Close NaN 비율 73.8% (기준: 30%)
Warning:  LZMH: 비정상 가격 변동 84.0% (2026-04-17) — 스플릿/데이터 오류 가능
Warning:  MASK: Close NaN 비율 71.2% (기준: 30%)
Warning:  MASK: 비정상 가격 변동 199.3% (2026-05-28) — 스플릿/데이터 오류 가능
Warning:  MAZE: Close NaN 비율 72.4% (기준: 30%)
Warning:  MAZE: 비정상 가격 변동 54.8% (2025-09-11) — 스플릿/데이터 오류 가능
Warning:  MBOT: 비정상 가격 변동 159.3% (2023-05-22) — 스플릿/데이터 오류 가능
Warning:  MBRX: 비정상 가격 변동 202.4% (2025-02-13) — 스플릿/데이터 오류 가능
Warning:  MBX: Close NaN 비율 64.8% (기준: 30%)
Warning:  MBX: 비정상 가격 변동 100.0% (2025-09-22) — 스플릿/데이터 오류 가능
Warning:  MCRP: Close NaN 비율 74.3% (기준: 30%)
Warning:  MCRP: 비정상 가격 변동 66.7% (2025-03-13) — 스플릿/데이터 오류 가능
Warning:  MDXG: 비정상 가격 변동 59.6% (2021-09-13) — 스플릿/데이터 오류 가능
Warning:  MENS: Close NaN 비율 79.9% (기준: 30%)
Warning:  MENS: 비정상 가격 변동 81.0% (2025-12-17) — 스플릿/데이터 오류 가능
Warning:  MGX: Close NaN 비율 52.9% (기준: 30%)
Warning:  MGX: 비정상 가격 변동 125.4% (2024-12-09) — 스플릿/데이터 오류 가능
Warning:  MIMI: Close NaN 비율 71.3% (기준: 30%)
Warning:  MIMI: 비정상 가격 변동 104.2% (2026-04-14) — 스플릿/데이터 오류 가능
Warning:  MIST: 비정상 가격 변동 60.9% (2025-03-28) — 스플릿/데이터 오류 가능
Warning:  MLGO: 비정상 가격 변동 669.9% (2024-06-04) — 스플릿/데이터 오류 가능
Warning:  MLTX: 비정상 가격 변동 89.9% (2025-09-29) — 스플릿/데이터 오류 가능
Warning:  MNTN: Close NaN 비율 78.5% (기준: 30%)
Warning:  MNTS: 비정상 가격 변동 155.4% (2024-10-09) — 스플릿/데이터 오류 가능
Warning:  MOBX: 비정상 가격 변동 532.8% (2026-03-03) — 스플릿/데이터 오류 가능
Warning:  MRLN: Close NaN 비율 69.2% (기준: 30%)
Warning:  MRM: 비정상 가격 변동 135.9% (2024-08-26) — 스플릿/데이터 오류 가능
Warning:  MRVI: 비정상 가격 변동 63.6% (2024-02-23) — 스플릿/데이터 오류 가능
Warning:  MRX: Close NaN 비율 57.1% (기준: 30%)
Warning:  MSAI: 비정상 가격 변동 101.8% (2025-10-23) — 스플릿/데이터 오류 가능
Warning:  MSW: Close NaN 비율 68.8% (기준: 30%)
Warning:  MTC: 비정상 가격 변동 627.0% (2025-11-05) — 스플릿/데이터 오류 가능
Warning:  MTEK: 비정상 가격 변동 50.6% (2025-09-29) — 스플릿/데이터 오류 가능
Warning:  MTEN: Close NaN 비율 56.8% (기준: 30%)
Warning:  MTEN: 비정상 가격 변동 81.3% (2026-06-08) — 스플릿/데이터 오류 가능
Warning:  MTVA: 비정상 가격 변동 115.5% (2025-09-15) — 스플릿/데이터 오류 가능
Warning:  MVST: 비정상 가격 변동 339.2% (2024-11-13) — 스플릿/데이터 오류 가능
Warning:  NAGE: 비정상 가격 변동 67.9% (2024-11-01) — 스플릿/데이터 오류 가능
Warning:  NAKA: Close NaN 비율 59.1% (기준: 30%)
Warning:  NAKA: 비정상 가격 변동 251.0% (2025-05-12) — 스플릿/데이터 오류 가능
Warning:  NAMM: Close NaN 비율 79.3% (기준: 30%)
Warning:  NAMM: 비정상 가격 변동 130.6% (2026-01-21) — 스플릿/데이터 오류 가능
Warning:  NB: Close NaN 비율 35.1% (기준: 30%)
Warning:  NBIS: Close NaN 비율 66.9% (기준: 30%)
Warning:  NCI: Close NaN 비율 56.9% (기준: 30%)
Warning:  NCI: 비정상 가격 변동 238.5% (2026-02-11) — 스플릿/데이터 오류 가능
Warning:  NCT: Close NaN 비율 75.5% (기준: 30%)
Warning:  NCT: 비정상 가격 변동 58.4% (2026-05-28) — 스플릿/데이터 오류 가능
Warning:  NEGG: 비정상 가격 변동 148.4% (2021-07-07) — 스플릿/데이터 오류 가능
Warning:  NEON: 비정상 가격 변동 71.4% (2025-09-04) — 스플릿/데이터 오류 가능
Warning:  NIQ: Close NaN 비율 81.8% (기준: 30%)
Warning:  NIXX: 비정상 가격 변동 98.0% (2023-06-06) — 스플릿/데이터 오류 가능
Warning:  NKLR: Close NaN 비율 85.9% (기준: 30%)
Warning:  NMAX: Close NaN 비율 75.6% (기준: 30%)
Warning:  NMAX: 비정상 가격 변동 179.0% (2025-04-01) — 스플릿/데이터 오류 가능
Warning:  NMG: 비정상 가격 변동 51.8% (2025-10-13) — 스플릿/데이터 오류 가능
Warning:  NMRA: Close NaN 비율 44.8% (기준: 30%)
Warning:  NMRA: 비정상 가격 변동 81.4% (2025-01-02) — 스플릿/데이터 오류 가능
Warning:  NNE: Close NaN 비율 57.8% (기준: 30%)
Warning:  NNOX: 비정상 가격 변동 68.4% (2023-05-01) — 스플릿/데이터 오류 가능
Warning:  NPT: Close NaN 비율 86.9% (기준: 30%)
Warning:  NPT: 비정상 가격 변동 283.7% (2026-06-08) — 스플릿/데이터 오류 가능
Warning:  NTHI: Close NaN 비율 75.3% (기준: 30%)
Warning:  NTHI: 비정상 가격 변동 57.9% (2025-07-02) — 스플릿/데이터 오류 가능
Warning:  NTSK: Close NaN 비율 85.0% (기준: 30%)
Warning:  NUVL: 비정상 가격 변동 60.6% (2022-10-28) — 스플릿/데이터 오류 가능
Warning:  NVA: Close NaN 비율 61.9% (기준: 30%)
Warning:  NVA: 비정상 가격 변동 110.3% (2025-10-14) — 스플릿/데이터 오류 가능
Warning:  NVA: 거래량 0 연속 10일 (기준: 5일) — 상장폐지/거래정지 가능
Warning:  NVCT: 비정상 가격 변동 144.6% (2022-02-07) — 스플릿/데이터 오류 가능
Warning:  NXTS: 비정상 가격 변동 331.5% (2025-01-02) — 스플릿/데이터 오류 가능
Warning:  NXTT: 비정상 가격 변동 661.3% (2025-05-09) — 스플릿/데이터 오류 가능
Warning:  OCG: 비정상 가격 변동 292.0% (2025-12-09) — 스플릿/데이터 오류 가능
Warning:  ODD: Close NaN 비율 41.6% (기준: 30%)
Warning:  OKLO: 비정상 가격 변동 53.6% (2024-05-10) — 스플릿/데이터 오류 가능
Warning:  OLMA: 비정상 가격 변동 136.4% (2025-11-18) — 스플릿/데이터 오류 가능
Warning:  OLOX: 비정상 가격 변동 124.2% (2025-05-28) — 스플릿/데이터 오류 가능
Warning:  OM: 비정상 가격 변동 68.5% (2024-08-08) — 스플릿/데이터 오류 가능
Warning:  ONEG: Close NaN 비율 70.8% (기준: 30%)
Warning:  ONEG: 비정상 가격 변동 80.3% (2026-05-07) — 스플릿/데이터 오류 가능
Warning:  OPEN: 비정상 가격 변동 79.5% (2025-09-11) — 스플릿/데이터 오류 가능
Warning:  OPRX: 비정상 가격 변동 51.7% (2025-03-12) — 스플릿/데이터 오류 가능
Warning:  OPTU: 비정상 가격 변동 76.3% (2026-06-01) — 스플릿/데이터 오류 가능
Warning:  ORBS: 비정상 가격 변동 3009.0% (2025-09-08) — 스플릿/데이터 오류 가능
Warning:  ORGN: 비정상 가격 변동 66.4% (2023-08-10) — 스플릿/데이터 오류 가능
Warning:  ORGO: 비정상 가격 변동 102.3% (2025-02-28) — 스플릿/데이터 오류 가능
Warning:  ORIS: Close NaN 비율 66.8% (기준: 30%)
Warning:  ORIS: 비정상 가격 변동 599.3% (2024-12-05) — 스플릿/데이터 오류 가능
Warning:  ORKT: Close NaN 비율 62.0% (기준: 30%)
Warning:  ORKT: 비정상 가격 변동 147.6% (2025-12-08) — 스플릿/데이터 오류 가능
Warning:  OSCR: 비정상 가격 변동 56.3% (2023-03-28) — 스플릿/데이터 오류 가능
Warning:  PAPL: Close NaN 비율 47.5% (기준: 30%)
Warning:  PAPL: 비정상 가격 변동 73.8% (2025-08-08) — 스플릿/데이터 오류 가능
Warning:  PCLA: Close NaN 비율 71.6% (기준: 30%)
Warning:  PCLA: 비정상 가격 변동 194.2% (2026-05-22) — 스플릿/데이터 오류 가능
Warning:  PEPG: 비정상 가격 변동 121.1% (2025-09-25) — 스플릿/데이터 오류 가능
Warning:  PETS: 비정상 가격 변동 68.4% (2025-12-11) — 스플릿/데이터 오류 가능
Warning:  PEW: Close NaN 비율 51.4% (기준: 30%)
Warning:  PGY: 비정상 가격 변동 129.6% (2022-07-20) — 스플릿/데이터 오류 가능
Warning:  PHIO: 비정상 가격 변동 290.5% (2025-01-13) — 스플릿/데이터 오류 가능
Warning:  PLCE: 비정상 가격 변동 85.7% (2024-09-11) — 스플릿/데이터 오류 가능
Warning:  PMAX: Close NaN 비율 64.3% (기준: 30%)
Warning:  PMAX: 비정상 가격 변동 95.3% (2026-05-06) — 스플릿/데이터 오류 가능
Warning:  PN: Close NaN 비율 74.0% (기준: 30%)
Warning:  PN: 비정상 가격 변동 89.2% (2026-05-04) — 스플릿/데이터 오류 가능
Warning:  PONY: Close NaN 비율 69.0% (기준: 30%)
Warning:  PPBT: 비정상 가격 변동 150.4% (2024-12-02) — 스플릿/데이터 오류 가능
Warning:  PPCB: 비정상 가격 변동 6249900.1% (2025-01-29) — 스플릿/데이터 오류 가능
Warning:  PPCB: 거래량 0 연속 5일 (기준: 5일) — 상장폐지/거래정지 가능
Warning:  PRFX: 비정상 가격 변동 414.3% (2024-12-19) — 스플릿/데이터 오류 가능
Warning:  PRIM: 비정상 가격 변동 50.1% (2026-05-06) — 스플릿/데이터 오류 가능
Warning:  PROK: 비정상 가격 변동 514.5% (2025-07-08) — 스플릿/데이터 오류 가능
Warning:  PSIG: Close NaN 비율 61.7% (기준: 30%)
Warning:  PSIG: 비정상 가격 변동 127.7% (2024-08-12) — 스플릿/데이터 오류 가능
Warning:  PSIX: 비정상 가격 변동 68.6% (2022-11-15) — 스플릿/데이터 오류 가능
Warning:  PSTV: 비정상 가격 변동 311.4% (2025-03-06) — 스플릿/데이터 오류 가능
Warning:  PTRN: Close NaN 비율 85.0% (기준: 30%)
Warning:  QH: 비정상 가격 변동 2400.0% (2026-04-27) — 스플릿/데이터 오류 가능
Warning:  QMCO: 비정상 가격 변동 153.0% (2024-12-18) — 스플릿/데이터 오류 가능
Warning:  QNTM: 비정상 가격 변동 119.8% (2024-08-09) — 스플릿/데이터 오류 가능
Warning:  QTRX: 비정상 가격 변동 54.8% (2022-08-09) — 스플릿/데이터 오류 가능
Warning:  QUBT: 비정상 가격 변동 92.8% (2024-11-13) — 스플릿/데이터 오류 가능
Warning:  QUCY: 비정상 가격 변동 3377.4% (2024-12-03) — 스플릿/데이터 오류 가능
Warning:  QXL: 비정상 가격 변동 1233.3% (2022-09-07) — 스플릿/데이터 오류 가능
Warning:  RDGT: 비정상 가격 변동 114.8% (2022-12-12) — 스플릿/데이터 오류 가능
Warning:  RENX: Close NaN 비율 45.1% (기준: 30%)
Warning:  RENX: 비정상 가격 변동 531.3% (2023-11-16) — 스플릿/데이터 오류 가능
Warning:  RFL: 비정상 가격 변동 73.2% (2021-10-28) — 스플릿/데이터 오류 가능
Warning:  RGC: 비정상 가격 변동 343.9% (2024-07-23) — 스플릿/데이터 오류 가능
Warning:  RGNT: Close NaN 비율 89.3% (기준: 30%)
Warning:  RGNT: 비정상 가격 변동 526.7% (2026-06-15) — 스플릿/데이터 오류 가능
Warning:  RGTI: 비정상 가격 변동 58.0% (2024-11-25) — 스플릿/데이터 오류 가능
Warning:  RKTO: 비정상 가격 변동 178.0% (2025-01-07) — 스플릿/데이터 오류 가능
Warning:  RNAZ: 비정상 가격 변동 284.0% (2023-09-25) — 스플릿/데이터 오류 가능
Warning:  ROLR: Close NaN 비율 67.0% (기준: 30%)
Warning:  ROLR: 비정상 가격 변동 436.6% (2026-01-14) — 스플릿/데이터 오류 가능
Warning:  ROOT: 비정상 가격 변동 68.9% (2024-10-31) — 스플릿/데이터 오류 가능
Warning:  RPGL: Close NaN 비율 86.4% (기준: 30%)
Warning:  RPGL: 비정상 가격 변동 173.9% (2026-01-29) — 스플릿/데이터 오류 가능
Warning:  RR: Close NaN 비율 48.5% (기준: 30%)
Warning:  RR: 비정상 가격 변동 73.9% (2024-08-06) — 스플릿/데이터 오류 가능
Warning:  RTB: 비정상 가격 변동 136.8% (2025-06-05) — 스플릿/데이터 오류 가능
Warning:  RXRX: 비정상 가격 변동 78.2% (2023-07-12) — 스플릿/데이터 오류 가능
Warning:  RXT: 비정상 가격 변동 227.0% (2026-02-18) — 스플릿/데이터 오류 가능
Warning:  RYET: Close NaN 비율 76.0% (기준: 30%)
Warning:  RYET: 비정상 가격 변동 90.6% (2025-07-14) — 스플릿/데이터 오류 가능
Warning:  RYOJ: Close NaN 비율 83.0% (기준: 30%)
Warning:  RYOJ: 비정상 가격 변동 148.8% (2026-05-22) — 스플릿/데이터 오류 가능
Warning:  RZLT: 비정상 가격 변동 87.2% (2025-12-11) — 스플릿/데이터 오류 가능
Warning:  RZLV: 비정상 가격 변동 54.5% (2024-12-17) — 스플릿/데이터 오류 가능
Warning:  SBET: 비정상 가격 변동 433.2% (2025-05-27) — 스플릿/데이터 오류 가능
Warning:  SBFM: 비정상 가격 변동 150.0% (2022-03-09) — 스플릿/데이터 오류 가능
Warning:  SCLX: 비정상 가격 변동 56.6% (2023-04-05) — 스플릿/데이터 오류 가능
Warning:  SDEV: 비정상 가격 변동 102.5% (2026-01-09) — 스플릿/데이터 오류 가능
Warning:  SDOT: 비정상 가격 변동 108.2% (2026-06-10) — 스플릿/데이터 오류 가능
Warning:  SDST: 비정상 가격 변동 144.7% (2024-07-17) — 스플릿/데이터 오류 가능
Warning:  SEGG: Close NaN 비율 39.9% (기준: 30%)
Warning:  SEGG: 비정상 가격 변동 187.8% (2025-02-06) — 스플릿/데이터 오류 가능
Warning:  SEPN: Close NaN 비율 67.2% (기준: 30%)
Warning:  SEPN: 비정상 가격 변동 51.0% (2025-05-14) — 스플릿/데이터 오류 가능
Warning:  SER: 비정상 가격 변동 93.8% (2026-03-19) — 스플릿/데이터 오류 가능
Warning:  SERV: Close NaN 비율 54.5% (기준: 30%)
Warning:  SERV: 비정상 가격 변동 187.1% (2024-07-19) — 스플릿/데이터 오류 가능
Warning:  SES: 비정상 가격 변동 100.0% (2024-12-26) — 스플릿/데이터 오류 가능
Warning:  SEV: Close NaN 비율 86.5% (기준: 30%)
Warning:  SEV: 비정상 가격 변동 57.8% (2025-10-23) — 스플릿/데이터 오류 가능
Warning:  SHPH: 비정상 가격 변동 91.3% (2022-09-06) — 스플릿/데이터 오류 가능
Warning:  SKYA: 비정상 가격 변동 141.6% (2024-05-28) — 스플릿/데이터 오류 가능
Warning:  SKYQ: Close NaN 비율 66.3% (기준: 30%)
Warning:  SKYQ: 비정상 가격 변동 101.6% (2026-04-02) — 스플릿/데이터 오류 가능
Warning:  SKYX: 비정상 가격 변동 68.6% (2022-07-28) — 스플릿/데이터 오류 가능
Warning:  SLBT: Close NaN 비율 72.6% (기준: 30%)
Warning:  SLBT: 비정상 가격 변동 167.0% (2026-06-16) — 스플릿/데이터 오류 가능
Warning:  SLBT: 거래량 0 연속 8일 (기준: 5일) — 상장폐지/거래정지 가능
Warning:  SLDP: 비정상 가격 변동 51.6% (2025-11-05) — 스플릿/데이터 오류 가능
Warning:  SLMT: Close NaN 비율 32.2% (기준: 30%)
Warning:  SLMT: 비정상 가격 변동 225.5% (2025-09-18) — 스플릿/데이터 오류 가능
Warning:  SLNH: 비정상 가격 변동 94.4% (2025-09-22) — 스플릿/데이터 오류 가능
Warning:  SLXN: 비정상 가격 변동 878.9% (2024-11-29) — 스플릿/데이터 오류 가능
Warning:  SMMT: 비정상 가격 변동 272.1% (2024-05-30) — 스플릿/데이터 오류 가능
Warning:  SN: Close NaN 비율 42.3% (기준: 30%)
Warning:  SNAP: 비정상 가격 변동 58.8% (2022-02-04) — 스플릿/데이터 오류 가능
Warning:  SNDK: Close NaN 비율 73.1% (기준: 30%)
Warning:  SNOA: 비정상 가격 변동 72.8% (2025-08-14) — 스플릿/데이터 오류 가능
Warning:  SNWV: Close NaN 비율 66.8% (기준: 30%)
Warning:  SOC: 비정상 가격 변동 56.2% (2025-12-18) — 스플릿/데이터 오류 가능
Warning:  SOUN: 비정상 가격 변동 71.8% (2022-12-30) — 스플릿/데이터 오류 가능
Warning:  SOWG: 비정상 가격 변동 56.8% (2024-11-14) — 스플릿/데이터 오류 가능
Warning:  SPHL: Close NaN 비율 66.8% (기준: 30%)
Warning:  SPHL: 비정상 가격 변동 673.8% (2026-01-15) — 스플릿/데이터 오류 가능
Warning:  SPRC: 비정상 가격 변동 142.9% (2025-09-17) — 스플릿/데이터 오류 가능
Warning:  SPWH: 비정상 가격 변동 97.9% (2025-04-02) — 스플릿/데이터 오류 가능
Warning:  SQNS: 비정상 가격 변동 113.0% (2024-08-23) — 스플릿/데이터 오류 가능
Warning:  SRFM: Close NaN 비율 42.1% (기준: 30%)
Warning:  SRFM: 비정상 가격 변동 88.5% (2025-06-24) — 스플릿/데이터 오류 가능
Warning:  SST: 비정상 가격 변동 142.3% (2026-03-27) — 스플릿/데이터 오류 가능
Warning:  STEM: 비정상 가격 변동 57.2% (2025-01-03) — 스플릿/데이터 오류 가능
Warning:  STFS: Close NaN 비율 66.4% (기준: 30%)
Warning:  STFS: 비정상 가격 변동 96.5% (2026-05-06) — 스플릿/데이터 오류 가능
Warning:  STG: 비정상 가격 변동 125.7% (2026-05-29) — 스플릿/데이터 오류 가능
Warning:  STI: 비정상 가격 변동 350.6% (2026-06-04) — 스플릿/데이터 오류 가능
Warning:  STIM: 비정상 가격 변동 58.1% (2024-08-12) — 스플릿/데이터 오류 가능
Warning:  STKE: 비정상 가격 변동 131.4% (2024-10-14) — 스플릿/데이터 오류 가능
Warning:  STRZ: Close NaN 비율 77.6% (기준: 30%)
Warning:  SUGP: Close NaN 비율 52.0% (기준: 30%)
Warning:  SUGP: 비정상 가격 변동 171.1% (2025-07-09) — 스플릿/데이터 오류 가능
Warning:  SUIG: 비정상 가격 변동 218.9% (2025-07-25) — 스플릿/데이터 오류 가능
Warning:  SUNE: 비정상 가격 변동 420.4% (2026-06-08) — 스플릿/데이터 오류 가능
Warning:  SUPX: Close NaN 비율 56.6% (기준: 30%)
Warning:  SVCO: Close NaN 비율 57.9% (기준: 30%)
Warning:  SVCO: 비정상 가격 변동 52.4% (2026-03-13) — 스플릿/데이터 오류 가능
Warning:  SXTC: 비정상 가격 변동 1581.4% (2022-05-19) — 스플릿/데이터 오류 가능
Warning:  SXTP: Close NaN 비율 41.2% (기준: 30%)
Warning:  SXTP: 비정상 가격 변동 152.0% (2026-01-22) — 스플릿/데이터 오류 가능
Warning:  SYM: 비정상 가격 변동 120.5% (2022-06-08) — 스플릿/데이터 오류 가능
Warning:  SYRE: 비정상 가격 변동 330.2% (2023-06-22) — 스플릿/데이터 오류 가능
Warning:  TAOX: 비정상 가격 변동 74.6% (2022-12-16) — 스플릿/데이터 오류 가능
Warning:  TBH: Close NaN 비율 74.2% (기준: 30%)
Warning:  TBH: 비정상 가격 변동 80.8% (2025-04-01) — 스플릿/데이터 오류 가능
Warning:  TDIC: Close NaN 비율 81.8% (기준: 30%)
Warning:  TDIC: 비정상 가격 변동 876.7% (2026-05-13) — 스플릿/데이터 오류 가능
Warning:  TDTH: Close NaN 비율 64.6% (기준: 30%)
Warning:  TDTH: 비정상 가격 변동 61.5% (2025-01-30) — 스플릿/데이터 오류 가능
Warning:  TDUP: 비정상 가격 변동 62.7% (2024-08-06) — 스플릿/데이터 오류 가능
Warning:  TEM: Close NaN 비율 59.9% (기준: 30%)
Warning:  TGE: Close NaN 비율 79.2% (기준: 30%)
Warning:  TGE: 비정상 가격 변동 132.6% (2025-11-03) — 스플릿/데이터 오류 가능
Warning:  TGL: 비정상 가격 변동 276.3% (2025-12-05) — 스플릿/데이터 오류 가능
Warning:  TGTX: 비정상 가격 변동 63.4% (2022-11-10) — 스플릿/데이터 오류 가능
Warning:  TII: 비정상 가격 변동 409.8% (2022-03-23) — 스플릿/데이터 오류 가능
Warning:  TJGC: Close NaN 비율 71.8% (기준: 30%)
Warning:  TJGC: 비정상 가격 변동 571.4% (2025-06-03) — 스플릿/데이터 오류 가능
Warning:  TJGC: 거래량 0 연속 11일 (기준: 5일) — 상장폐지/거래정지 가능
Warning:  TKLF: 비정상 가격 변동 103.6% (2024-07-16) — 스플릿/데이터 오류 가능
Warning:  TLRY: 비정상 가격 변동 60.9% (2025-09-29) — 스플릿/데이터 오류 가능
Warning:  TMQ: 비정상 가격 변동 211.0% (2025-10-07) — 스플릿/데이터 오류 가능
Warning:  TNXP: 비정상 가격 변동 120.8% (2024-12-16) — 스플릿/데이터 오류 가능
Warning:  TONX: 비정상 가격 변동 346.9% (2023-09-05) — 스플릿/데이터 오류 가능
Warning:  TRDA: 비정상 가격 변동 57.3% (2026-05-07) — 스플릿/데이터 오류 가능
Warning:  TRON: Close NaN 비율 43.2% (기준: 30%)
Warning:  TRON: 비정상 가격 변동 533.8% (2025-06-16) — 스플릿/데이터 오류 가능
Warning:  TRUG: 비정상 가격 변동 64.7% (2024-01-31) — 스플릿/데이터 오류 가능
Warning:  TRVI: 비정상 가격 변동 56.8% (2022-04-07) — 스플릿/데이터 오류 가능
Warning:  TSSI: 비정상 가격 변동 74.1% (2025-05-16) — 스플릿/데이터 오류 가능
Warning:  TTEC: 비정상 가격 변동 52.6% (2025-04-02) — 스플릿/데이터 오류 가능
Warning:  TURB: Close NaN 비율 45.3% (기준: 30%)
Warning:  TURB: 비정상 가격 변동 359.3% (2025-09-16) — 스플릿/데이터 오류 가능
Warning:  TWAV: 비정상 가격 변동 166.7% (2022-10-03) — 스플릿/데이터 오류 가능
Warning:  UBXG: Close NaN 비율 55.6% (기준: 30%)
Warning:  UBXG: 비정상 가격 변동 1316.7% (2024-11-27) — 스플릿/데이터 오류 가능
Warning:  UCAR: Close NaN 비율 36.8% (기준: 30%)
Warning:  UCAR: 비정상 가격 변동 331.9% (2026-04-08) — 스플릿/데이터 오류 가능
Warning:  UK: 비정상 가격 변동 72.5% (2023-12-28) — 스플릿/데이터 오류 가능
Warning:  UP: 비정상 가격 변동 60.4% (2023-06-22) — 스플릿/데이터 오류 가능
Warning:  UPB: Close NaN 비율 66.4% (기준: 30%)
Warning:  UPC: 비정상 가격 변동 222.9% (2024-12-06) — 스플릿/데이터 오류 가능
Warning:  UPST: 비정상 가격 변동 56.4% (2022-05-10) — 스플릿/데이터 오류 가능
Warning:  UXIN: 비정상 가격 변동 83.7% (2024-09-27) — 스플릿/데이터 오류 가능
Warning:  VCIG: Close NaN 비율 36.4% (기준: 30%)
Warning:  VCIG: 비정상 가격 변동 546.8% (2023-05-02) — 스플릿/데이터 오류 가능
Warning:  VELO: 비정상 가격 변동 80.7% (2025-04-01) — 스플릿/데이터 오류 가능
Warning:  VENU: Close NaN 비율 69.0% (기준: 30%)
Warning:  VERI: 비정상 가격 변동 53.7% (2025-10-15) — 스플릿/데이터 오류 가능
Warning:  VERU: 비정상 가격 변동 182.3% (2022-04-11) — 스플릿/데이터 오류 가능
Warning:  VIA: Close NaN 비율 84.6% (기준: 30%)
Warning:  VICR: 비정상 가격 변동 57.7% (2023-07-26) — 스플릿/데이터 오류 가능
Warning:  VIK: Close NaN 비율 57.4% (기준: 30%)
Warning:  VMAR: 비정상 가격 변동 156.8% (2025-12-16) — 스플릿/데이터 오류 가능
Warning:  VNCE: 비정상 가격 변동 89.2% (2025-09-11) — 스플릿/데이터 오류 가능
Warning:  VOR: 비정상 가격 변동 74.2% (2025-06-25) — 스플릿/데이터 오류 가능
Warning:  VRRM: 비정상 가격 변동 70.6% (2026-05-27) — 스플릿/데이터 오류 가능
Warning:  VRXA: Close NaN 비율 65.7% (기준: 30%)
Warning:  VRXA: 비정상 가격 변동 55.5% (2026-06-16) — 스플릿/데이터 오류 가능
Warning:  VSA: 비정상 가격 변동 329.8% (2025-01-31) — 스플릿/데이터 오류 가능
Warning:  VSME: Close NaN 비율 45.5% (기준: 30%)
Warning:  VSME: 비정상 가격 변동 149.1% (2026-06-10) — 스플릿/데이터 오류 가능
Warning:  VSTM: 비정상 가격 변동 124.4% (2023-05-26) — 스플릿/데이터 오류 가능
Warning:  VWAV: Close NaN 비율 81.3% (기준: 30%)
Warning:  VWAV: 비정상 가격 변동 368.1% (2025-07-28) — 스플릿/데이터 오류 가능
Warning:  WAI: Close NaN 비율 36.6% (기준: 30%)
Warning:  WAI: 비정상 가격 변동 87.1% (2024-11-27) — 스플릿/데이터 오류 가능
Warning:  WAY: Close NaN 비율 59.5% (기준: 30%)
Warning:  WCT: Close NaN 비율 65.8% (기준: 30%)
Warning:  WCT: 비정상 가격 변동 179.3% (2026-06-03) — 스플릿/데이터 오류 가능
Warning:  WETH: Close NaN 비율 53.5% (기준: 30%)
Warning:  WETO: Close NaN 비율 73.8% (기준: 30%)
Warning:  WETO: 비정상 가격 변동 68.9% (2025-05-29) — 스플릿/데이터 오류 가능
Warning:  WGRX: Close NaN 비율 73.5% (기준: 30%)
Warning:  WGRX: 비정상 가격 변동 185.4% (2025-10-24) — 스플릿/데이터 오류 가능
Warning:  WGS: 비정상 가격 변동 55.2% (2024-04-30) — 스플릿/데이터 오류 가능
Warning:  WHLR: 비정상 가격 변동 301.9% (2024-09-05) — 스플릿/데이터 오류 가능
Warning:  WIMI: 비정상 가격 변동 77.5% (2024-12-27) — 스플릿/데이터 오류 가능
Warning:  WKEY: 비정상 가격 변동 139.0% (2024-12-13) — 스플릿/데이터 오류 가능
Warning:  WKHS: 비정상 가격 변동 54.9% (2025-07-08) — 스플릿/데이터 오류 가능
Warning:  WLDS: 비정상 가격 변동 407.8% (2025-09-10) — 스플릿/데이터 오류 가능
Warning:  WNW: 비정상 가격 변동 97.6% (2025-04-22) — 스플릿/데이터 오류 가능
Warning:  WOK: Close NaN 비율 63.7% (기준: 30%)
Warning:  WOK: 비정상 가격 변동 206.2% (2026-05-11) — 스플릿/데이터 오류 가능
Warning:  WOK: 거래량 0 연속 65일 (기준: 5일) — 상장폐지/거래정지 가능
Warning:  WTF: Close NaN 비율 75.6% (기준: 30%)
Warning:  WTF: 비정상 가격 변동 64.6% (2025-04-02) — 스플릿/데이터 오류 가능
Warning:  WTO: 비정상 가격 변동 223.5% (2023-05-01) — 스플릿/데이터 오류 가능
Warning:  WULF: 비정상 가격 변동 64.2% (2021-06-25) — 스플릿/데이터 오류 가능
Warning:  WVE: 비정상 가격 변동 147.3% (2025-12-08) — 스플릿/데이터 오류 가능
Warning:  WW: Close NaN 비율 80.4% (기준: 30%)
Warning:  WXM: Close NaN 비율 75.6% (기준: 30%)
Warning:  WXM: 비정상 가격 변동 57.9% (2026-06-04) — 스플릿/데이터 오류 가능
Warning:  WYFI: Close NaN 비율 82.6% (기준: 30%)
Warning:  XOS: 비정상 가격 변동 234.5% (2026-06-03) — 스플릿/데이터 오류 가능
Warning:  XXI: Close NaN 비율 63.1% (기준: 30%)
Warning:  XXI: 비정상 가격 변동 55.4% (2025-04-23) — 스플릿/데이터 오류 가능
Warning:  YRD: 비정상 가격 변동 54.6% (2022-08-31) — 스플릿/데이터 오류 가능
Warning:  ZBIO: Close NaN 비율 64.8% (기준: 30%)
Warning:  ZBIO: 비정상 가격 변동 51.9% (2026-01-05) — 스플릿/데이터 오류 가능
Warning:  ZENA: Close NaN 비율 65.8% (기준: 30%)
Warning:  ZENA: 비정상 가격 변동 258.7% (2024-11-25) — 스플릿/데이터 오류 가능
Warning:  ZEPP: 비정상 가격 변동 69.5% (2025-07-11) — 스플릿/데이터 오류 가능
Warning:  ZJYL: Close NaN 비율 35.5% (기준: 30%)
Warning:  ZJYL: 비정상 가격 변동 263.7% (2023-12-18) — 스플릿/데이터 오류 가능
Warning:  ZTG: Close NaN 비율 84.4% (기준: 30%)
Warning:  ZVIA: 비정상 가격 변동 51.7% (2025-05-08) — 스플릿/데이터 오류 가능
[[NASDAQ/NYSE 분석]] 강한 섹터: {'Health Care', 'Materials', 'Information Technology', 'Financials', 'Industrials'}
[OHLCV] 배치 다운로드 1/2 (150개 종목, period=2y)...
[OHLCV] 배치 다운로드 2/2 (90개 종목, period=2y)...
[DataValidator] 49건의 데이터 품질 경고 발생
Warning:  AMBQ: Close NaN 비율 55.4% (기준: 30%)
Warning:  ASST: 비정상 가격 변동 455.7% (2025-05-07) — 스플릿/데이터 오류 가능
Warning:  ASTC: 비정상 가격 변동 459.1% (2026-05-27) — 스플릿/데이터 오류 가능
Warning:  BFLY: 비정상 가격 변동 55.9% (2026-06-18) — 스플릿/데이터 오류 가능
Warning:  BLSH: Close NaN 비율 57.4% (기준: 30%)
Warning:  BMNR: Close NaN 비율 48.0% (기준: 30%)
Warning:  BMNR: 비정상 가격 변동 694.8% (2025-06-30) — 스플릿/데이터 오류 가능
Warning:  BULL: 비정상 가격 변동 374.7% (2025-04-14) — 스플릿/데이터 오류 가능
Warning:  CHYM: Close NaN 비율 49.0% (기준: 30%)
Warning:  CODX: 비정상 가격 변동 259.0% (2025-10-27) — 스플릿/데이터 오류 가능
Warning:  CRCL: Close NaN 비율 48.0% (기준: 30%)
Warning:  CRML: 비정상 가격 변동 55.4% (2025-10-13) — 스플릿/데이터 오류 가능
Warning:  CRVO: 비정상 가격 변동 161.4% (2025-03-12) — 스플릿/데이터 오류 가능
Warning:  DXYZ: 비정상 가격 변동 63.8% (2024-11-08) — 스플릿/데이터 오류 가능
Warning:  FIG: Close NaN 비율 55.6% (기준: 30%)
Warning:  FIGR: Close NaN 비율 61.4% (기준: 30%)
Warning:  FRMI: Close NaN 비율 64.1% (기준: 30%)
Warning:  HNGE: Close NaN 비율 46.2% (기준: 30%)
Warning:  HUBC: 비정상 가격 변동 137.3% (2026-05-29) — 스플릿/데이터 오류 가능
Warning:  HYLN: 비정상 가격 변동 50.0% (2025-05-28) — 스플릿/데이터 오류 가능
Warning:  ICCM: 비정상 가격 변동 200.5% (2026-06-17) — 스플릿/데이터 오류 가능
Warning:  INHD: 비정상 가격 변동 3661.0% (2026-06-08) — 스플릿/데이터 오류 가능
Warning:  INHD: 거래량 0 연속 8일 (기준: 5일) — 상장폐지/거래정지 가능
Warning:  KD: 비정상 가격 변동 54.9% (2026-02-09) — 스플릿/데이터 오류 가능
Warning:  KLAR: Close NaN 비율 61.4% (기준: 30%)
Warning:  KRMN: Close NaN 비율 32.7% (기준: 30%)
Warning:  LAC: 비정상 가격 변동 95.8% (2025-09-24) — 스플릿/데이터 오류 가능
Warning:  LAES: 비정상 가격 변동 101.4% (2024-12-11) — 스플릿/데이터 오류 가능
Warning:  LASE: 비정상 가격 변동 160.8% (2026-06-02) — 스플릿/데이터 오류 가능
Warning:  LRN: 비정상 가격 변동 54.4% (2025-10-29) — 스플릿/데이터 오류 가능
Warning:  MNTS: 비정상 가격 변동 155.4% (2024-10-09) — 스플릿/데이터 오류 가능
Warning:  NTSK: Close NaN 비율 62.4% (기준: 30%)
Warning:  OPEN: 비정상 가격 변동 79.5% (2025-09-11) — 스플릿/데이터 오류 가능
Warning:  PRIM: 비정상 가격 변동 50.1% (2026-05-06) — 스플릿/데이터 오류 가능
Warning:  QUBT: 비정상 가격 변동 92.8% (2024-11-13) — 스플릿/데이터 오류 가능
Warning:  RGNT: Close NaN 비율 73.1% (기준: 30%)
Warning:  RGNT: 비정상 가격 변동 526.7% (2026-06-15) — 스플릿/데이터 오류 가능
Warning:  RGTI: 비정상 가격 변동 58.0% (2024-11-25) — 스플릿/데이터 오류 가능
Warning:  RXT: 비정상 가격 변동 227.0% (2026-02-18) — 스플릿/데이터 오류 가능
Warning:  SERV: 비정상 가격 변동 187.1% (2024-07-19) — 스플릿/데이터 오류 가능
Warning:  SMMT: 비정상 가격 변동 56.0% (2024-09-09) — 스플릿/데이터 오류 가능
Warning:  SNDK: Close NaN 비율 32.7% (기준: 30%)
Warning:  SOC: 비정상 가격 변동 56.2% (2025-12-18) — 스플릿/데이터 오류 가능
Warning:  STI: 비정상 가격 변동 350.6% (2026-06-04) — 스플릿/데이터 오류 가능
Warning:  SUNE: 비정상 가격 변동 420.4% (2026-06-08) — 스플릿/데이터 오류 가능
Warning:  VELO: 비정상 가격 변동 80.7% (2025-04-01) — 스플릿/데이터 오류 가능
Warning:  VRRM: 비정상 가격 변동 70.6% (2026-05-27) — 스플릿/데이터 오류 가능
Warning:  WULF: 비정상 가격 변동 59.5% (2025-08-14) — 스플릿/데이터 오류 가능
Warning:  WYFI: Close NaN 비율 56.6% (기준: 30%)
[[NASDAQ/NYSE 분석]] Extreme model 'label_low' ROC 0.59, AP 0.50
[[NASDAQ/NYSE 분석]] Extreme model 'label_high' ROC 0.59, AP 0.46
[[NASDAQ/NYSE 분석]] Google Sheets 업데이트 완료 (240개 종목)
[Email] 바닥반등 43개 + 모멘텀 123개 = 총 166개 종목 리스트를 chunghwan14@gmail.com, roykim0311@gmail.com, ssamjungtan@naver.com로 발송 완료

============================================================
[[NASDAQ/NYSE 차트분석]] 이메일 대상 종목 차트 분석 시작
============================================================
[[NASDAQ/NYSE 차트분석]] 차트분석 대상 166개 종목: ['BULL', 'TME', 'AMKR', 'ENVA', 'EC', 'LRCX', 'SPHR', 'STM', 'ALGM', 'MRVL', 'CORZ', 'TKR', 'TVTX', 'DUOL', 'ONTO', 'ASST', 'NCNO', 'WWD', 'AMD', 'CIFR', 'VIK', 'SPXC', 'INHD', 'ALKS', 'BMNR', 'DIOD', 'ASX', 'TTMI', 'ACLS', 'BLSH', 'SYM', 'VICR', 'LAC', 'FISV', 'PLXS', 'RGTI', 'CRDO', 'URI', 'PK', 'EXTR', 'STI', 'MU', 'ASTC', 'MIDD', 'VPG', 'APPF', 'SNX', 'APH', 'CAR', 'VCYT', 'PEB', 'KLAR', 'WYFI', 'WSM', 'SN', 'VSXY', 'ALAB', 'FIG', 'TNL', 'CRS', 'BILI', 'KLAC', 'ICHR', 'H', 'PRM', 'RXT', 'LGND', 'SXI', 'HYMC', 'NUVL', 'LUNR', 'AMBQ', 'HNGE', 'ARM', 'FORM', 'RRX', 'ACMR', 'WHR', 'ATI', 'ASH', 'WDC', 'SERV', 'MRNA', 'ESE', 'SOC', 'HXL', 'UMC', 'POWI', 'QS', 'KRMN', 'CRCL', 'ATRO', 'FDS', 'BFH', 'TGTX', 'PRIM', 'OSCR', 'CHTR', 'MNTS', 'MTRN', 'KLIC', 'DAVE', 'VELO', 'LASE', 'AEHR', 'MOD', 'DXYZ', 'INSM', 'AMG', 'CRML', 'QUBT', 'CECO', 'GTES', 'OUST', 'CHWY', 'FRMI', 'GE', 'AMAT', 'TWST', 'SNEX', 'SFM', 'INTU', 'LBRDK', 'UAL', 'AAL', 'COHU', 'COIN', 'NPO', 'TER', 'UCTT', 'NNE', 'ENVX', 'CNK', 'ACHR', 'ENTG', 'MSTR', 'TXG', 'SNDK', 'SMMT', 'TRI', 'SBSW', 'BFLY', 'UWMC', 'HYLN', 'SIMO', 'CR', 'KEEL', 'WULF', 'MKSI', 'VIRT', 'NBIS', 'ASML', 'FIS', 'VAC', 'SYRE', 'STX', 'LRN', 'VXX', 'ADBE', 'FIGR', 'GEO', 'VSH', 'CAKE', 'TMHC', 'SPCE', 'KD']
[[NASDAQ/NYSE 차트분석]] 기존 NASDAQ 차트 파일 삭제 중...
[[NASDAQ/NYSE 차트분석]] TradingView 차트 캡처 시작...
[TradingView] ASML 브라우저 세션 시작  (로그인 세션)...
[TradingView] 1H 캡처 완료 (60)
[TradingView] 4H 캡처 완료 (240)
[TradingView] Daily 캡처 완료 (D)
[TradingView] Weekly 캡처 완료 (W)
[TradingView] Monthly 캡처 완료 (M)
[[NASDAQ/NYSE 차트분석]] ASML 차트 5개 처리 완료
[TradingView] MRVL 브라우저 세션 시작  (로그인 세션)...
[TradingView] 1H 캡처 완료 (60)
[TradingView] 4H 캡처 완료 (240)
[TradingView] Daily 캡처 완료 (D)
[TradingView] Weekly 캡처 완료 (W)
[TradingView] Monthly 캡처 완료 (M)
[[NASDAQ/NYSE 차트분석]] MRVL 차트 5개 처리 완료
[TradingView] EC 브라우저 세션 시작  (로그인 세션)...
[TradingView] 1H 캡처 완료 (60)
[TradingView] 4H 캡처 완료 (240)
[TradingView] Daily 캡처 완료 (D)
[TradingView] Weekly 캡처 완료 (W)
[TradingView] Monthly 캡처 완료 (M)
[[NASDAQ/NYSE 차트분석]] EC 차트 5개 처리 완료
[TradingView] ATI 브라우저 세션 시작  (로그인 세션)...
[TradingView] 1H 캡처 완료 (60)
[TradingView] 4H 캡처 완료 (240)
[TradingView] Daily 캡처 완료 (D)
[TradingView] Weekly 캡처 완료 (W)
[TradingView] Monthly 캡처 완료 (M)
[[NASDAQ/NYSE 차트분석]] ATI 차트 5개 처리 완료
[TradingView] BFH 브라우저 세션 시작  (로그인 세션)...
[TradingView] 1H 캡처 완료 (60)
[TradingView] 4H 캡처 완료 (240)
[TradingView] Daily 캡처 완료 (D)
[TradingView] Weekly 캡처 완료 (W)
[TradingView] Monthly 캡처 완료 (M)
[[NASDAQ/NYSE 차트분석]] BFH 차트 5개 처리 완료
[TradingView] TKR 브라우저 세션 시작  (로그인 세션)...
[TradingView] 1H 캡처 완료 (60)
[TradingView] 4H 캡처 완료 (240)
[TradingView] Daily 캡처 완료 (D)
[TradingView] Weekly 캡처 완료 (W)
[TradingView] Monthly 캡처 완료 (M)
[[NASDAQ/NYSE 차트분석]] TKR 차트 5개 처리 완료
[TradingView] WWD 브라우저 세션 시작  (로그인 세션)...
[TradingView] 1H 캡처 완료 (60)
[TradingView] 4H 캡처 완료 (240)
[TradingView] Daily 캡처 완료 (D)
[TradingView] Weekly 캡처 완료 (W)
[TradingView] Monthly 캡처 완료 (M)
[[NASDAQ/NYSE 차트분석]] WWD 차트 5개 처리 완료
[TradingView] KLIC 브라우저 세션 시작  (로그인 세션)...
[TradingView] 1H 캡처 완료 (60)
[TradingView] 4H 캡처 완료 (240)
[TradingView] Daily 캡처 완료 (D)
[TradingView] Weekly 캡처 완료 (W)
[TradingView] Monthly 캡처 완료 (M)
[[NASDAQ/NYSE 차트분석]] KLIC 차트 5개 처리 완료
[TradingView] KLAC 브라우저 세션 시작  (로그인 세션)...
[TradingView] 1H 캡처 완료 (60)
[TradingView] 4H 캡처 완료 (240)
[TradingView] Daily 캡처 완료 (D)
[TradingView] Weekly 캡처 완료 (W)
[TradingView] Monthly 캡처 완료 (M)
[[NASDAQ/NYSE 차트분석]] KLAC 차트 5개 처리 완료
[TradingView] GE 브라우저 세션 시작  (로그인 세션)...
[TradingView] 1H 캡처 완료 (60)
[TradingView] 4H 캡처 완료 (240)
[TradingView] Daily 캡처 완료 (D)
[TradingView] Weekly 캡처 완료 (W)
[TradingView] Monthly 캡처 완료 (M)
[[NASDAQ/NYSE 차트분석]] GE 차트 5개 처리 완료
[TradingView] HXL 브라우저 세션 시작  (로그인 세션)...
[TradingView] 1H 캡처 완료 (60)
[TradingView] 4H 캡처 완료 (240)
[TradingView] Daily 캡처 완료 (D)
[TradingView] Weekly 캡처 완료 (W)
[TradingView] Monthly 캡처 완료 (M)
[[NASDAQ/NYSE 차트분석]] HXL 차트 5개 처리 완료
[TradingView] SXI 브라우저 세션 시작  (로그인 세션)...
[TradingView] 1H 캡처 완료 (60)
[TradingView] 4H 캡처 완료 (240)
[TradingView] Daily 캡처 완료 (D)
[TradingView] Weekly 캡처 완료 (W)
[TradingView] Monthly 캡처 완료 (M)
[[NASDAQ/NYSE 차트분석]] SXI 차트 5개 처리 완료
[TradingView] ACMR 브라우저 세션 시작  (로그인 세션)...
[TradingView] 1H 캡처 완료 (60)
[TradingView] 4H 캡처 완료 (240)
[TradingView] Daily 캡처 완료 (D)
[TradingView] Weekly 캡처 완료 (W)
[TradingView] Monthly 캡처 완료 (M)
[[NASDAQ/NYSE 차트분석]] ACMR 차트 5개 처리 완료
[TradingView] ALAB 브라우저 세션 시작  (로그인 세션)...
[TradingView] 1H 캡처 완료 (60)
[TradingView] 4H 캡처 완료 (240)
[TradingView] Daily 캡처 완료 (D)
[TradingView] Weekly 캡처 완료 (W)
[TradingView] Monthly 캡처 완료 (M)
[[NASDAQ/NYSE 차트분석]] ALAB 차트 5개 처리 완료
[TradingView] ARM 브라우저 세션 시작  (로그인 세션)...
[TradingView] 1H 캡처 완료 (60)
[TradingView] 4H 캡처 완료 (240)
[TradingView] Daily 캡처 완료 (D)
[TradingView] Weekly 캡처 완료 (W)
[TradingView] Monthly 캡처 완료 (M)
[[NASDAQ/NYSE 차트분석]] ARM 차트 5개 처리 완료
[TradingView] ATRO 브라우저 세션 시작  (로그인 세션)...
[TradingView] 1H 캡처 완료 (60)
[TradingView] 4H 캡처 완료 (240)
[TradingView] Daily 캡처 완료 (D)
[TradingView] Weekly 캡처 완료 (W)
[TradingView] Monthly 캡처 완료 (M)
[[NASDAQ/NYSE 차트분석]] ATRO 차트 5개 처리 완료
[TradingView] LRCX 브라우저 세션 시작  (로그인 세션)...
[TradingView] 1H 캡처 완료 (60)
[TradingView] 4H 캡처 완료 (240)
[TradingView] Daily 캡처 완료 (D)
[TradingView] Weekly 캡처 완료 (W)
[TradingView] Monthly 캡처 완료 (M)
[[NASDAQ/NYSE 차트분석]] LRCX 차트 5개 처리 완료
[TradingView] HNGE 브라우저 세션 시작  (로그인 세션)...
[TradingView] 1H 캡처 완료 (60)
[TradingView] 4H 캡처 완료 (240)
[TradingView] Daily 캡처 완료 (D)
[TradingView] Weekly 캡처 완료 (W)
[TradingView] Monthly 캡처 완료 (M)
[[NASDAQ/NYSE 차트분석]] HNGE 차트 5개 처리 완료
[TradingView] CRS 브라우저 세션 시작  (로그인 세션)...
[TradingView] 1H 캡처 완료 (60)
[TradingView] 4H 캡처 완료 (240)
[TradingView] Daily 캡처 완료 (D)
[TradingView] Weekly 캡처 완료 (W)
[TradingView] Monthly 캡처 완료 (M)
[[NASDAQ/NYSE 차트분석]] CRS 차트 5개 처리 완료
[TradingView] GEO 브라우저 세션 시작  (로그인 세션)...
[TradingView] 1H 캡처 완료 (60)
[TradingView] 4H 캡처 완료 (240)
[TradingView] Daily 캡처 완료 (D)
[TradingView] Weekly 캡처 완료 (W)
[TradingView] Monthly 캡처 완료 (M)
[[NASDAQ/NYSE 차트분석]] GEO 차트 5개 처리 완료
[TradingView] ESE 브라우저 세션 시작  (로그인 세션)...
[TradingView] 1H 캡처 완료 (60)
[TradingView] 4H 캡처 완료 (240)
[TradingView] Daily 캡처 완료 (D)
[TradingView] Weekly 캡처 완료 (W)
[TradingView] Monthly 캡처 완료 (M)
[[NASDAQ/NYSE 차트분석]] ESE 차트 5개 처리 완료
[TradingView] FORM 브라우저 세션 시작  (로그인 세션)...
[TradingView] 1H 캡처 완료 (60)
[TradingView] 4H 캡처 완료 (240)
[TradingView] Daily 캡처 완료 (D)
[TradingView] Weekly 캡처 완료 (W)
[TradingView] Monthly 캡처 완료 (M)
[[NASDAQ/NYSE 차트분석]] FORM 차트 5개 처리 완료
[TradingView] ICHR 브라우저 세션 시작  (로그인 세션)...
[TradingView] 1H 캡처 완료 (60)
[TradingView] 4H 캡처 완료 (240)
[TradingView] Daily 캡처 완료 (D)
[TradingView] Weekly 캡처 완료 (W)
[TradingView] Monthly 캡처 완료 (M)
[[NASDAQ/NYSE 차트분석]] ICHR 차트 5개 처리 완료
[TradingView] GTES 브라우저 세션 시작  (로그인 세션)...
[TradingView] 1H 캡처 완료 (60)
[TradingView] 4H 캡처 완료 (240)
[TradingView] Daily 캡처 완료 (D)
[TradingView] Weekly 캡처 완료 (W)
[TradingView] Monthly 캡처 완료 (M)
[[NASDAQ/NYSE 차트분석]] GTES 차트 5개 처리 완료
[TradingView] DIOD 브라우저 세션 시작  (로그인 세션)...
[TradingView] 1H 캡처 완료 (60)
[TradingView] 4H 캡처 완료 (240)
[TradingView] Daily 캡처 완료 (D)
[TradingView] Weekly 캡처 완료 (W)
[TradingView] Monthly 캡처 완료 (M)
[[NASDAQ/NYSE 차트분석]] DIOD 차트 5개 처리 완료
[TradingView] MIDD 브라우저 세션 시작  (로그인 세션)...
[TradingView] 1H 캡처 완료 (60)
[TradingView] 4H 캡처 완료 (240)
[TradingView] Daily 캡처 완료 (D)
[TradingView] Weekly 캡처 완료 (W)
[TradingView] Monthly 캡처 완료 (M)
[[NASDAQ/NYSE 차트분석]] MIDD 차트 5개 처리 완료
[TradingView] MKSI 브라우저 세션 시작  (로그인 세션)...
[TradingView] 1H 캡처 완료 (60)
[TradingView] 4H 캡처 완료 (240)
[TradingView] Daily 캡처 완료 (D)
[TradingView] Weekly 캡처 완료 (W)
[TradingView] Monthly 캡처 완료 (M)
[[NASDAQ/NYSE 차트분석]] MKSI 차트 5개 처리 완료
[TradingView] NBIS 브라우저 세션 시작  (로그인 세션)...
[TradingView] 1H 캡처 완료 (60)
[TradingView] 4H 캡처 완료 (240)
[TradingView] Daily 캡처 완료 (D)
[TradingView] Weekly 캡처 완료 (W)
[TradingView] Monthly 캡처 완료 (M)
[[NASDAQ/NYSE 차트분석]] NBIS 차트 5개 처리 완료
[TradingView] ALKS 브라우저 세션 시작  (로그인 세션)...
[TradingView] 1H 캡처 완료 (60)
[TradingView] 4H 캡처 완료 (240)
[TradingView] Daily 캡처 완료 (D)
[TradingView] Weekly 캡처 완료 (W)
[TradingView] Monthly 캡처 완료 (M)
[[NASDAQ/NYSE 차트분석]] ALKS 차트 5개 처리 완료
[TradingView] AMG 브라우저 세션 시작  (로그인 세션)...
[TradingView] 1H 캡처 완료 (60)
[TradingView] 4H 캡처 완료 (240)
[TradingView] Daily 캡처 완료 (D)
[TradingView] Weekly 캡처 완료 (W)
[TradingView] Monthly 캡처 완료 (M)
[[NASDAQ/NYSE 차트분석]] AMG 차트 5개 처리 완료
[TradingView] CORZ 브라우저 세션 시작  (로그인 세션)...
[TradingView] 1H 캡처 완료 (60)
[TradingView] 4H 캡처 완료 (240)
[TradingView] Daily 캡처 완료 (D)
[TradingView] Weekly 캡처 완료 (W)
[TradingView] Monthly 캡처 완료 (M)
[[NASDAQ/NYSE 차트분석]] CORZ 차트 5개 처리 완료
[TradingView] EXTR 브라우저 세션 시작  (로그인 세션)...
[TradingView] 1H 캡처 완료 (60)
[TradingView] 4H 캡처 완료 (240)
[TradingView] Daily 캡처 완료 (D)
[TradingView] Weekly 캡처 완료 (W)
[TradingView] Monthly 캡처 완료 (M)
[[NASDAQ/NYSE 차트분석]] EXTR 차트 5개 처리 완료
[TradingView] KEEL 브라우저 세션 시작  (로그인 세션)...
[TradingView] 1H 캡처 완료 (60)
[TradingView] 4H 캡처 완료 (240)
[TradingView] Daily 캡처 완료 (D)
[TradingView] Weekly 캡처 완료 (W)
[TradingView] Monthly 캡처 완료 (M)
[[NASDAQ/NYSE 차트분석]] KEEL 차트 5개 처리 완료
[TradingView] URI 브라우저 세션 시작  (로그인 세션)...
[TradingView] 1H 캡처 완료 (60)
[TradingView] 4H 캡처 완료 (240)
[TradingView] Daily 캡처 완료 (D)
[TradingView] Weekly 캡처 완료 (W)
[TradingView] Monthly 캡처 완료 (M)
[[NASDAQ/NYSE 차트분석]] URI 차트 5개 처리 완료
[TradingView] MTRN 브라우저 세션 시작  (로그인 세션)...
[TradingView] 1H 캡처 완료 (60)
[TradingView] 4H 캡처 완료 (240)
[TradingView] Daily 캡처 완료 (D)
[TradingView] Weekly 캡처 완료 (W)
[TradingView] Monthly 캡처 완료 (M)
[[NASDAQ/NYSE 차트분석]] MTRN 차트 5개 처리 완료
[TradingView] MRNA 브라우저 세션 시작  (로그인 세션)...
[TradingView] 1H 캡처 완료 (60)
[TradingView] 4H 캡처 완료 (240)
[TradingView] Daily 캡처 완료 (D)
[TradingView] Weekly 캡처 완료 (W)
[TradingView] Monthly 캡처 완료 (M)
[[NASDAQ/NYSE 차트분석]] MRNA 차트 5개 처리 완료
[TradingView] AMAT 브라우저 세션 시작  (로그인 세션)...
[TradingView] 1H 캡처 완료 (60)
[TradingView] 4H 캡처 완료 (240)
[TradingView] Daily 캡처 완료 (D)
[TradingView] Weekly 캡처 완료 (W)
[TradingView] Monthly 캡처 완료 (M)
[[NASDAQ/NYSE 차트분석]] AMAT 차트 5개 처리 완료
[TradingView] CR 브라우저 세션 시작  (로그인 세션)...
[TradingView] 1H 캡처 완료 (60)
[TradingView] 4H 캡처 완료 (240)
[TradingView] Daily 캡처 완료 (D)
[TradingView] Weekly 캡처 완료 (W)
[TradingView] Monthly 캡처 완료 (M)
[[NASDAQ/NYSE 차트분석]] CR 차트 5개 처리 완료
[TradingView] ENVA 브라우저 세션 시작  (로그인 세션)...
[TradingView] 1H 캡처 완료 (60)
[TradingView] 4H 캡처 완료 (240)
[TradingView] Daily 캡처 완료 (D)
[TradingView] Weekly 캡처 완료 (W)
[TradingView] Monthly 캡처 완료 (M)
[[NASDAQ/NYSE 차트분석]] ENVA 차트 5개 처리 완료
[TradingView] LGND 브라우저 세션 시작  (로그인 세션)...
[TradingView] 1H 캡처 완료 (60)
[TradingView] 4H 캡처 완료 (240)
[TradingView] Daily 캡처 완료 (D)
[TradingView] Weekly 캡처 완료 (W)
[TradingView] Monthly 캡처 완료 (M)
[[NASDAQ/NYSE 차트분석]] LGND 차트 5개 처리 완료
[TradingView] NPO 브라우저 세션 시작  (로그인 세션)...
[TradingView] 1H 캡처 완료 (60)
[TradingView] 4H 캡처 완료 (240)
[TradingView] Daily 캡처 완료 (D)
[TradingView] Weekly 캡처 완료 (W)
[TradingView] Monthly 캡처 완료 (M)
[[NASDAQ/NYSE 차트분석]] NPO 차트 5개 처리 완료
[TradingView] TNL 브라우저 세션 시작  (로그인 세션)...
[TradingView] 1H 캡처 완료 (60)
[TradingView] 4H 캡처 완료 (240)
[TradingView] Daily 캡처 완료 (D)
[TradingView] Weekly 캡처 완료 (W)
[TradingView] Monthly 캡처 완료 (M)
[[NASDAQ/NYSE 차트분석]] TNL 차트 5개 처리 완료
[TradingView] ENTG 브라우저 세션 시작  (로그인 세션)...
[TradingView] 1H 캡처 완료 (60)
[TradingView] 4H 캡처 완료 (240)
[TradingView] Daily 캡처 완료 (D)
[TradingView] Weekly 캡처 완료 (W)
[TradingView] Monthly 캡처 완료 (M)
[[NASDAQ/NYSE 차트분석]] ENTG 차트 5개 처리 완료
[TradingView] PEB 브라우저 세션 시작  (로그인 세션)...
[TradingView] 1H 캡처 완료 (60)
[TradingView] 4H 캡처 완료 (240)
[TradingView] Daily 캡처 완료 (D)
[TradingView] Weekly 캡처 완료 (W)
[TradingView] Monthly 캡처 완료 (M)
[[NASDAQ/NYSE 차트분석]] PEB 차트 5개 처리 완료
[TradingView] OUST 브라우저 세션 시작  (로그인 세션)...
[TradingView] 1H 캡처 완료 (60)
[TradingView] 4H 캡처 완료 (240)
[TradingView] Daily 캡처 완료 (D)
[TradingView] Weekly 캡처 완료 (W)
[TradingView] Monthly 캡처 완료 (M)
[[NASDAQ/NYSE 차트분석]] OUST 차트 5개 처리 완료
[TradingView] PLXS 브라우저 세션 시작  (로그인 세션)...
[TradingView] 1H 캡처 완료 (60)
[TradingView] 4H 캡처 완료 (240)
[TradingView] Daily 캡처 완료 (D)
[TradingView] Weekly 캡처 완료 (W)
[TradingView] Monthly 캡처 완료 (M)
[[NASDAQ/NYSE 차트분석]] PLXS 차트 5개 처리 완료
[TradingView] SNX 브라우저 세션 시작  (로그인 세션)...
[TradingView] 1H 캡처 완료 (60)
[TradingView] 4H 캡처 완료 (240)
[TradingView] Daily 캡처 완료 (D)
[TradingView] Weekly 캡처 완료 (W)
[TradingView] Monthly 캡처 완료 (M)
[[NASDAQ/NYSE 차트분석]] SNX 차트 5개 처리 완료
[TradingView] SPHR 브라우저 세션 시작  (로그인 세션)...
[TradingView] 1H 캡처 완료 (60)
[TradingView] 4H 캡처 완료 (240)
[TradingView] Daily 캡처 완료 (D)
[TradingView] Weekly 캡처 완료 (W)
[TradingView] Monthly 캡처 완료 (M)
[[NASDAQ/NYSE 차트분석]] SPHR 차트 5개 처리 완료
[TradingView] VAC 브라우저 세션 시작  (로그인 세션)...
[TradingView] 1H 캡처 완료 (60)
[TradingView] 4H 캡처 완료 (240)
[TradingView] Daily 캡처 완료 (D)
[TradingView] Weekly 캡처 완료 (W)
[TradingView] Monthly 캡처 완료 (M)
[[NASDAQ/NYSE 차트분석]] VAC 차트 5개 처리 완료
[TradingView] VSH 브라우저 세션 시작  (로그인 세션)...
[TradingView] 1H 캡처 완료 (60)
[TradingView] 4H 캡처 완료 (240)
[TradingView] Daily 캡처 완료 (D)
[TradingView] Weekly 캡처 완료 (W)
[TradingView] Monthly 캡처 완료 (M)
[[NASDAQ/NYSE 차트분석]] VSH 차트 5개 처리 완료
[TradingView] WSM 브라우저 세션 시작  (로그인 세션)...
[TradingView] 1H 캡처 완료 (60)
[TradingView] 4H 캡처 완료 (240)
[TradingView] Daily 캡처 완료 (D)
[TradingView] Weekly 캡처 완료 (W)
[TradingView] Monthly 캡처 완료 (M)
[[NASDAQ/NYSE 차트분석]] WSM 차트 5개 처리 완료
[TradingView] CIFR 브라우저 세션 시작  (로그인 세션)...
[TradingView] 1H 캡처 완료 (60)
[TradingView] 4H 캡처 완료 (240)
[TradingView] Daily 캡처 완료 (D)
[TradingView] Weekly 캡처 완료 (W)
[TradingView] Monthly 캡처 완료 (M)
[[NASDAQ/NYSE 차트분석]] CIFR 차트 5개 처리 완료
[TradingView] ALGM 브라우저 세션 시작  (로그인 세션)...
[TradingView] 1H 캡처 완료 (60)
[TradingView] 4H 캡처 완료 (240)
[TradingView] Daily 캡처 완료 (D)
[TradingView] Weekly 캡처 완료 (W)
[TradingView] Monthly 캡처 완료 (M)
[[NASDAQ/NYSE 차트분석]] ALGM 차트 5개 처리 완료
[TradingView] ASTC 브라우저 세션 시작  (로그인 세션)...
[TradingView] 1H 캡처 완료 (60)
[TradingView] 4H 캡처 완료 (240)
[TradingView] Daily 캡처 완료 (D)
[TradingView] Weekly 캡처 완료 (W)
[TradingView] Monthly 캡처 완료 (M)
[[NASDAQ/NYSE 차트분석]] ASTC 차트 5개 처리 완료
[TradingView] SPCE 브라우저 세션 시작  (로그인 세션)...
[TradingView] 1H 캡처 완료 (60)
[TradingView] 4H 캡처 완료 (240)
[TradingView] Daily 캡처 완료 (D)
[TradingView] Weekly 캡처 완료 (W)
[TradingView] Monthly 캡처 완료 (M)
[[NASDAQ/NYSE 차트분석]] SPCE 차트 5개 처리 완료
[TradingView] STI 브라우저 세션 시작  (로그인 세션)...
[TradingView] 1H 캡처 완료 (60)
[TradingView] 4H 캡처 완료 (240)
[TradingView] Daily 캡처 완료 (D)
[TradingView] Weekly 캡처 완료 (W)
[TradingView] Monthly 캡처 완료 (M)
[[NASDAQ/NYSE 차트분석]] STI 차트 5개 처리 완료
[TradingView] H 브라우저 세션 시작  (로그인 세션)...
[TradingView] 1H 캡처 완료 (60)
[TradingView] 4H 캡처 완료 (240)
[TradingView] Daily 캡처 완료 (D)
[TradingView] Weekly 캡처 완료 (W)
[TradingView] Monthly 캡처 완료 (M)
[[NASDAQ/NYSE 차트분석]] H 차트 5개 처리 완료
[TradingView] HYLN 브라우저 세션 시작  (로그인 세션)...
[TradingView] 1H 캡처 완료 (60)
[TradingView] 4H 캡처 완료 (240)
[TradingView] Daily 캡처 완료 (D)
[TradingView] Weekly 캡처 완료 (W)
[TradingView] Monthly 캡처 완료 (M)
[[NASDAQ/NYSE 차트분석]] HYLN 차트 5개 처리 완료
[TradingView] AMD 브라우저 세션 시작  (로그인 세션)...
[TradingView] 1H 캡처 완료 (60)
[TradingView] 4H 캡처 완료 (240)
[TradingView] Daily 캡처 완료 (D)
[TradingView] Weekly 캡처 완료 (W)
[TradingView] Monthly 캡처 완료 (M)
[[NASDAQ/NYSE 차트분석]] AMD 차트 5개 처리 완료
[TradingView] APH 브라우저 세션 시작  (로그인 세션)...
[TradingView] 1H 캡처 완료 (60)
[TradingView] 4H 캡처 완료 (240)
[TradingView] Daily 캡처 완료 (D)
[TradingView] Weekly 캡처 완료 (W)
[TradingView] Monthly 캡처 완료 (M)
[[NASDAQ/NYSE 차트분석]] APH 차트 5개 처리 완료
[TradingView] CECO 브라우저 세션 시작  (로그인 세션)...
[TradingView] 1H 캡처 완료 (60)
[TradingView] 4H 캡처 완료 (240)
[TradingView] Daily 캡처 완료 (D)
[TradingView] Weekly 캡처 완료 (W)
[TradingView] Monthly 캡처 완료 (M)
[[NASDAQ/NYSE 차트분석]] CECO 차트 5개 처리 완료
[TradingView] CNK 브라우저 세션 시작  (로그인 세션)...
[TradingView] 1H 캡처 완료 (60)
[TradingView] 4H 캡처 완료 (240)
[TradingView] Daily 캡처 완료 (D)
[TradingView] Weekly 캡처 완료 (W)
[TradingView] Monthly 캡처 완료 (M)
[[NASDAQ/NYSE 차트분석]] CNK 차트 5개 처리 완료
[TradingView] MU 브라우저 세션 시작  (로그인 세션)...
[TradingView] 1H 캡처 완료 (60)
[TradingView] 4H 캡처 완료 (240)
[TradingView] Daily 캡처 완료 (D)
[TradingView] Weekly 캡처 완료 (W)
[TradingView] Monthly 캡처 완료 (M)
[[NASDAQ/NYSE 차트분석]] MU 차트 5개 처리 완료
[TradingView] UAL 브라우저 세션 시작  (로그인 세션)...
[TradingView] 1H 캡처 완료 (60)
[TradingView] 4H 캡처 완료 (240)
[TradingView] Daily 캡처 완료 (D)
[TradingView] Weekly 캡처 완료 (W)
[TradingView] Monthly 캡처 완료 (M)
[[NASDAQ/NYSE 차트분석]] UAL 차트 5개 처리 완료
[TradingView] BFLY 브라우저 세션 시작  (로그인 세션)...
[TradingView] 1H 캡처 완료 (60)
[TradingView] 4H 캡처 완료 (240)
[TradingView] Daily 캡처 완료 (D)
[TradingView] Weekly 캡처 완료 (W)
[TradingView] Monthly 캡처 완료 (M)
[[NASDAQ/NYSE 차트분석]] BFLY 차트 5개 처리 완료
[TradingView] NUVL 브라우저 세션 시작  (로그인 세션)...
[TradingView] 1H 캡처 완료 (60)
[TradingView] 4H 캡처 완료 (240)
[TradingView] Daily 캡처 완료 (D)
[TradingView] Weekly 캡처 완료 (W)
[TradingView] Monthly 캡처 완료 (M)
[[NASDAQ/NYSE 차트분석]] NUVL 차트 5개 처리 완료
[TradingView] TMHC 브라우저 세션 시작  (로그인 세션)...
[TradingView] 1H 캡처 완료 (60)
[TradingView] 4H 캡처 완료 (240)
[TradingView] Daily 캡처 완료 (D)
[TradingView] Weekly 캡처 완료 (W)
[TradingView] Monthly 캡처 완료 (M)
[[NASDAQ/NYSE 차트분석]] TMHC 차트 5개 처리 완료
[TradingView] SIMO 브라우저 세션 시작  (로그인 세션)...
[TradingView] 1H 캡처 완료 (60)
[TradingView] 4H 캡처 완료 (240)
[TradingView] Daily 캡처 완료 (D)
[TradingView] Weekly 캡처 완료 (W)
[TradingView] Monthly 캡처 완료 (M)
[[NASDAQ/NYSE 차트분석]] SIMO 차트 5개 처리 완료
[TradingView] AEHR 브라우저 세션 시작  (로그인 세션)...
[TradingView] 1H 캡처 완료 (60)
[TradingView] 4H 캡처 완료 (240)
[TradingView] Daily 캡처 완료 (D)
[TradingView] Weekly 캡처 완료 (W)
[TradingView] Monthly 캡처 완료 (M)
[[NASDAQ/NYSE 차트분석]] AEHR 차트 5개 처리 완료
[TradingView] OSCR 브라우저 세션 시작  (로그인 세션)...
[TradingView] 1H 캡처 완료 (60)
[TradingView] 4H 캡처 완료 (240)
[TradingView] Daily 캡처 완료 (D)
[TradingView] Weekly 캡처 완료 (W)
[TradingView] Monthly 캡처 완료 (M)
[[NASDAQ/NYSE 차트분석]] OSCR 차트 5개 처리 완료
[TradingView] TXG 브라우저 세션 시작  (로그인 세션)...
[TradingView] 1H 캡처 완료 (60)
[TradingView] 4H 캡처 완료 (240)
[TradingView] Daily 캡처 완료 (D)
[TradingView] Weekly 캡처 완료 (W)
[TradingView] Monthly 캡처 완료 (M)
[[NASDAQ/NYSE 차트분석]] TXG 차트 5개 처리 완료
[TradingView] VICR 브라우저 세션 시작  (로그인 세션)...
[TradingView] 1H 캡처 완료 (60)
[TradingView] 4H 캡처 완료 (240)
[TradingView] Daily 캡처 완료 (D)
[TradingView] Weekly 캡처 완료 (W)
[TradingView] Monthly 캡처 완료 (M)
[[NASDAQ/NYSE 차트분석]] VICR 차트 5개 처리 완료
[TradingView] VPG 브라우저 세션 시작  (로그인 세션)...
[TradingView] 1H 캡처 완료 (60)
[TradingView] 4H 캡처 완료 (240)
[TradingView] Daily 캡처 완료 (D)
[TradingView] Weekly 캡처 완료 (W)
[TradingView] Monthly 캡처 완료 (M)
[[NASDAQ/NYSE 차트분석]] VPG 차트 5개 처리 완료
[TradingView] VSXY 브라우저 세션 시작  (로그인 세션)...
[TradingView] 1H 캡처 완료 (60)
[TradingView] 4H 캡처 완료 (240)
[TradingView] Daily 캡처 완료 (D)
[TradingView] Weekly 캡처 완료 (W)
[TradingView] Monthly 캡처 완료 (M)
[[NASDAQ/NYSE 차트분석]] VSXY 차트 5개 처리 완료
[TradingView] TVTX 브라우저 세션 시작  (로그인 세션)...
[TradingView] 1H 캡처 완료 (60)
[TradingView] 4H 캡처 완료 (240)
[TradingView] Daily 캡처 완료 (D)
[TradingView] Weekly 캡처 완료 (W)
[TradingView] Monthly 캡처 완료 (M)
[[NASDAQ/NYSE 차트분석]] TVTX 차트 5개 처리 완료
[TradingView] SNEX 브라우저 세션 시작  (로그인 세션)...
[TradingView] 1H 캡처 완료 (60)
[TradingView] 4H 캡처 완료 (240)
[TradingView] Daily 캡처 완료 (D)
[TradingView] Weekly 캡처 완료 (W)
[TradingView] Monthly 캡처 완료 (M)
[[NASDAQ/NYSE 차트분석]] SNEX 차트 5개 처리 완료
[TradingView] SYRE 브라우저 세션 시작  (로그인 세션)...
[TradingView] 1H 캡처 완료 (60)
[TradingView] 4H 캡처 완료 (240)
[TradingView] Daily 캡처 완료 (D)
[TradingView] Weekly 캡처 완료 (W)
[TradingView] Monthly 캡처 완료 (M)
[[NASDAQ/NYSE 차트분석]] SYRE 차트 5개 처리 완료
[TradingView] TWST 브라우저 세션 시작  (로그인 세션)...
[TradingView] 1H 캡처 완료 (60)
[TradingView] 4H 캡처 완료 (240)
[TradingView] Daily 캡처 완료 (D)
[TradingView] Weekly 캡처 완료 (W)
[TradingView] Monthly 캡처 완료 (M)
[[NASDAQ/NYSE 차트분석]] TWST 차트 5개 처리 완료
[TradingView] UMC 브라우저 세션 시작  (로그인 세션)...
[TradingView] 1H 캡처 완료 (60)
[TradingView] 4H 캡처 완료 (240)
[TradingView] Daily 캡처 완료 (D)
[TradingView] Weekly 캡처 완료 (W)
[TradingView] Monthly 캡처 완료 (M)
[[NASDAQ/NYSE 차트분석]] UMC 차트 5개 처리 완료
[TradingView] VCYT 브라우저 세션 시작  (로그인 세션)...
[TradingView] 1H 캡처 완료 (60)
[TradingView] 4H 캡처 완료 (240)
[TradingView] Daily 캡처 완료 (D)
[TradingView] Weekly 캡처 완료 (W)
[TradingView] Monthly 캡처 완료 (M)
[[NASDAQ/NYSE 차트분석]] VCYT 차트 5개 처리 완료
[TradingView] ASX 브라우저 세션 시작  (로그인 세션)...
[TradingView] 1H 캡처 완료 (60)
[TradingView] 4H 캡처 완료 (240)
[TradingView] Daily 캡처 완료 (D)
[TradingView] Weekly 캡처 완료 (W)
[TradingView] Monthly 캡처 완료 (M)
[[NASDAQ/NYSE 차트분석]] ASX 차트 5개 처리 완료
[TradingView] AAL 브라우저 세션 시작  (로그인 세션)...
[TradingView] 1H 캡처 완료 (60)
[TradingView] 4H 캡처 완료 (240)
[TradingView] Daily 캡처 완료 (D)
[TradingView] Weekly 캡처 완료 (W)
[TradingView] Monthly 캡처 완료 (M)
[[NASDAQ/NYSE 차트분석]] AAL 차트 5개 처리 완료
[TradingView] CRDO 브라우저 세션 시작  (로그인 세션)...
[TradingView] 1H 캡처 완료 (60)
[TradingView] 4H 캡처 완료 (240)
[TradingView] Daily 캡처 완료 (D)
[TradingView] Weekly 캡처 완료 (W)
[TradingView] Monthly 캡처 완료 (M)
[[NASDAQ/NYSE 차트분석]] CRDO 차트 5개 처리 완료
[TradingView] SPXC 브라우저 세션 시작  (로그인 세션)...
[TradingView] 1H 캡처 완료 (60)
[TradingView] 4H 캡처 완료 (240)
[TradingView] Daily 캡처 완료 (D)
[TradingView] Weekly 캡처 완료 (W)
[TradingView] Monthly 캡처 완료 (M)
[[NASDAQ/NYSE 차트분석]] SPXC 차트 5개 처리 완료
[TradingView] ACLS 브라우저 세션 시작  (로그인 세션)...
[TradingView] 1H 캡처 완료 (60)
[TradingView] 4H 캡처 완료 (240)
[TradingView] Daily 캡처 완료 (D)
[TradingView] Weekly 캡처 완료 (W)
[TradingView] Monthly 캡처 완료 (M)
[[NASDAQ/NYSE 차트분석]] ACLS 차트 5개 처리 완료
[TradingView] ASH 브라우저 세션 시작  (로그인 세션)...
[TradingView] 1H 캡처 완료 (60)
[TradingView] 4H 캡처 완료 (240)
[TradingView] Daily 캡처 완료 (D)
[TradingView] Weekly 캡처 완료 (W)
[TradingView] Monthly 캡처 완료 (M)
[[NASDAQ/NYSE 차트분석]] ASH 차트 5개 처리 완료
[TradingView] COHU 브라우저 세션 시작  (로그인 세션)...
[TradingView] 1H 캡처 완료 (60)
[TradingView] 4H 캡처 완료 (240)
[TradingView] Daily 캡처 완료 (D)
[TradingView] Weekly 캡처 완료 (W)
[TradingView] Monthly 캡처 완료 (M)
[[NASDAQ/NYSE 차트분석]] COHU 차트 5개 처리 완료
[TradingView] AMBQ 브라우저 세션 시작  (로그인 세션)...
[TradingView] 1H 캡처 완료 (60)
[TradingView] 4H 캡처 완료 (240)
[TradingView] Daily 캡처 완료 (D)
[TradingView] Weekly 캡처 완료 (W)
[TradingView] Monthly 캡처 완료 (M)
[[NASDAQ/NYSE 차트분석]] AMBQ 차트 5개 처리 완료
[TradingView] VELO 브라우저 세션 시작  (로그인 세션)...
[TradingView] 1H 캡처 완료 (60)
[TradingView] 4H 캡처 완료 (240)
[TradingView] Daily 캡처 완료 (D)
[TradingView] Weekly 캡처 완료 (W)
[TradingView] Monthly 캡처 완료 (M)
[[NASDAQ/NYSE 차트분석]] VELO 차트 5개 처리 완료
[TradingView] STM 브라우저 세션 시작  (로그인 세션)...
[TradingView] 1H 캡처 완료 (60)
[TradingView] 4H 캡처 완료 (240)
[TradingView] Daily 캡처 완료 (D)
[TradingView] Weekly 캡처 완료 (W)
[TradingView] Monthly 캡처 완료 (M)
[[NASDAQ/NYSE 차트분석]] STM 차트 5개 처리 완료
[TradingView] MNTS 브라우저 세션 시작  (로그인 세션)...
[TradingView] 1H 캡처 완료 (60)
[TradingView] 4H 캡처 완료 (240)
[TradingView] Daily 캡처 완료 (D)
[TradingView] Weekly 캡처 완료 (W)
[TradingView] Monthly 캡처 완료 (M)
[[NASDAQ/NYSE 차트분석]] MNTS 차트 5개 처리 완료
[TradingView] POWI 브라우저 세션 시작  (로그인 세션)...
[TradingView] 1H 캡처 완료 (60)
[TradingView] 4H 캡처 완료 (240)
[TradingView] Daily 캡처 완료 (D)
[TradingView] Weekly 캡처 완료 (W)
[TradingView] Monthly 캡처 완료 (M)
[[NASDAQ/NYSE 차트분석]] POWI 차트 5개 처리 완료
[TradingView] ONTO 브라우저 세션 시작  (로그인 세션)...
[TradingView] 1H 캡처 완료 (60)
[TradingView] 4H 캡처 완료 (240)
[TradingView] Daily 캡처 완료 (D)
[TradingView] Weekly 캡처 완료 (W)
[TradingView] Monthly 캡처 완료 (M)
[[NASDAQ/NYSE 차트분석]] ONTO 차트 5개 처리 완료
[TradingView] PRM 브라우저 세션 시작  (로그인 세션)...
[TradingView] 1H 캡처 완료 (60)
[TradingView] 4H 캡처 완료 (240)
[TradingView] Daily 캡처 완료 (D)
[TradingView] Weekly 캡처 완료 (W)
[TradingView] Monthly 캡처 완료 (M)
[[NASDAQ/NYSE 차트분석]] PRM 차트 5개 처리 완료
[TradingView] SN 브라우저 세션 시작  (로그인 세션)...
[TradingView] 1H 캡처 완료 (60)
[TradingView] 4H 캡처 완료 (240)
[TradingView] Daily 캡처 완료 (D)
[TradingView] Weekly 캡처 완료 (W)
[TradingView] Monthly 캡처 완료 (M)
[[NASDAQ/NYSE 차트분석]] SN 차트 5개 처리 완료
[TradingView] SNDK 브라우저 세션 시작  (로그인 세션)...
[TradingView] 1H 캡처 완료 (60)
[TradingView] 4H 캡처 완료 (240)
[TradingView] Daily 캡처 완료 (D)
[TradingView] Weekly 캡처 완료 (W)
[TradingView] Monthly 캡처 완료 (M)
[[NASDAQ/NYSE 차트분석]] SNDK 차트 5개 처리 완료
[TradingView] TER 브라우저 세션 시작  (로그인 세션)...
[TradingView] 1H 캡처 완료 (60)
[TradingView] 4H 캡처 완료 (240)
[TradingView] Daily 캡처 완료 (D)
[TradingView] Weekly 캡처 완료 (W)
[TradingView] Monthly 캡처 완료 (M)
[[NASDAQ/NYSE 차트분석]] TER 차트 5개 처리 완료
[TradingView] STX 브라우저 세션 시작  (로그인 세션)...
[TradingView] 1H 캡처 완료 (60)
[TradingView] 4H 캡처 완료 (240)
[TradingView] Daily 캡처 완료 (D)
[TradingView] Weekly 캡처 완료 (W)
[TradingView] Monthly 캡처 완료 (M)
[[NASDAQ/NYSE 차트분석]] STX 차트 5개 처리 완료
[TradingView] CAR 브라우저 세션 시작  (로그인 세션)...
[TradingView] 1H 캡처 완료 (60)
[TradingView] 4H 캡처 완료 (240)
[TradingView] Daily 캡처 완료 (D)
[TradingView] Weekly 캡처 완료 (W)
[TradingView] Monthly 캡처 완료 (M)
[[NASDAQ/NYSE 차트분석]] CAR 차트 5개 처리 완료
[TradingView] PK 브라우저 세션 시작  (로그인 세션)...
[TradingView] 1H 캡처 완료 (60)
[TradingView] 4H 캡처 완료 (240)
[TradingView] Daily 캡처 완료 (D)
[TradingView] Weekly 캡처 완료 (W)
[TradingView] Monthly 캡처 완료 (M)
[[NASDAQ/NYSE 차트분석]] PK 차트 5개 처리 완료
[TradingView] DAVE 브라우저 세션 시작  (로그인 세션)...
[TradingView] 1H 캡처 완료 (60)
[TradingView] 4H 캡처 완료 (240)
[TradingView] Daily 캡처 완료 (D)
[TradingView] Weekly 캡처 완료 (W)
[TradingView] Monthly 캡처 완료 (M)
[[NASDAQ/NYSE 차트분석]] DAVE 차트 5개 처리 완료
[TradingView] RRX 브라우저 세션 시작  (로그인 세션)...
[TradingView] 1H 캡처 완료 (60)
[TradingView] 4H 캡처 완료 (240)
[TradingView] Daily 캡처 완료 (D)
[TradingView] Weekly 캡처 완료 (W)
[TradingView] Monthly 캡처 완료 (M)
[[NASDAQ/NYSE 차트분석]] RRX 차트 5개 처리 완료
[TradingView] TGTX 브라우저 세션 시작  (로그인 세션)...
[TradingView] 1H 캡처 완료 (60)
[TradingView] 4H 캡처 완료 (240)
[TradingView] Daily 캡처 완료 (D)
[TradingView] Weekly 캡처 완료 (W)
[TradingView] Monthly 캡처 완료 (M)
[[NASDAQ/NYSE 차트분석]] TGTX 차트 5개 처리 완료
[TradingView] VIRT 브라우저 세션 시작  (로그인 세션)...
[TradingView] 1H 캡처 완료 (60)
[TradingView] 4H 캡처 완료 (240)
[TradingView] Daily 캡처 완료 (D)
[TradingView] Weekly 캡처 완료 (W)
[TradingView] Monthly 캡처 완료 (M)
[[NASDAQ/NYSE 차트분석]] VIRT 차트 5개 처리 완료
[TradingView] RGTI 브라우저 세션 시작  (로그인 세션)...
[TradingView] 1H 캡처 완료 (60)
[TradingView] 4H 캡처 완료 (240)
[TradingView] Daily 캡처 완료 (D)
[TradingView] Weekly 캡처 완료 (W)
[TradingView] Monthly 캡처 완료 (M)
[[NASDAQ/NYSE 차트분석]] RGTI 차트 5개 처리 완료
[TradingView] UCTT 브라우저 세션 시작  (로그인 세션)...
[TradingView] 1H 캡처 완료 (60)
[TradingView] 4H 캡처 완료 (240)
[TradingView] Daily 캡처 완료 (D)
[TradingView] Weekly 캡처 완료 (W)
[TradingView] Monthly 캡처 완료 (M)
[[NASDAQ/NYSE 차트분석]] UCTT 차트 5개 처리 완료
[TradingView] WULF 브라우저 세션 시작  (로그인 세션)...
[TradingView] 1H 캡처 완료 (60)
[TradingView] 4H 캡처 완료 (240)
[TradingView] Daily 캡처 완료 (D)
[TradingView] Weekly 캡처 완료 (W)
[TradingView] Monthly 캡처 완료 (M)
[[NASDAQ/NYSE 차트분석]] WULF 차트 5개 처리 완료
[TradingView] LASE 브라우저 세션 시작  (로그인 세션)...
[TradingView] 1H 캡처 완료 (60)
[TradingView] 4H 캡처 완료 (240)
[TradingView] Daily 캡처 완료 (D)
[TradingView] Weekly 캡처 완료 (W)
[TradingView] Monthly 캡처 완료 (M)
[[NASDAQ/NYSE 차트분석]] LASE 차트 5개 처리 완료
[TradingView] TTMI 브라우저 세션 시작  (로그인 세션)...
[TradingView] 1H 캡처 완료 (60)
[TradingView] 4H 캡처 완료 (240)
[TradingView] Daily 캡처 완료 (D)
[TradingView] Weekly 캡처 완료 (W)
[TradingView] Monthly 캡처 완료 (M)
[[NASDAQ/NYSE 차트분석]] TTMI 차트 5개 처리 완료
[TradingView] CAKE 브라우저 세션 시작  (로그인 세션)...
[TradingView] 1H 캡처 완료 (60)
[TradingView] 4H 캡처 완료 (240)
[TradingView] Daily 캡처 완료 (D)
[TradingView] Weekly 캡처 완료 (W)
[TradingView] Monthly 캡처 완료 (M)
[[NASDAQ/NYSE 차트분석]] CAKE 차트 5개 처리 완료
[TradingView] FRMI 브라우저 세션 시작  (로그인 세션)...
[TradingView] 1H 캡처 완료 (60)
[TradingView] 4H 캡처 완료 (240)
[TradingView] Daily 캡처 완료 (D)
[TradingView] Weekly 캡처 완료 (W)
[TradingView] Monthly 캡처 완료 (M)
[[NASDAQ/NYSE 차트분석]] FRMI 차트 5개 처리 완료
[TradingView] RXT 브라우저 세션 시작  (로그인 세션)...
[TradingView] 1H 캡처 완료 (60)
[TradingView] 4H 캡처 완료 (240)
[TradingView] Daily 캡처 완료 (D)
[TradingView] Weekly 캡처 완료 (W)
[TradingView] Monthly 캡처 완료 (M)
[[NASDAQ/NYSE 차트분석]] RXT 차트 5개 처리 완료
[TradingView] WYFI 브라우저 세션 시작  (로그인 세션)...
[TradingView] 1H 캡처 완료 (60)
[TradingView] 4H 캡처 완료 (240)
[TradingView] Daily 캡처 완료 (D)
[TradingView] Weekly 캡처 완료 (W)
[TradingView] Monthly 캡처 완료 (M)
[[NASDAQ/NYSE 차트분석]] WYFI 차트 5개 처리 완료
[TradingView] NNE 브라우저 세션 시작  (로그인 세션)...
[TradingView] 1H 캡처 완료 (60)
[TradingView] 4H 캡처 완료 (240)
[TradingView] Daily 캡처 완료 (D)
[TradingView] Weekly 캡처 완료 (W)
[TradingView] Monthly 캡처 완료 (M)
[[NASDAQ/NYSE 차트분석]] NNE 차트 5개 처리 완료
[TradingView] WDC 브라우저 세션 시작  (로그인 세션)...
[TradingView] 1H 캡처 완료 (60)
[TradingView] 4H 캡처 완료 (240)
[TradingView] Daily 캡처 완료 (D)
[TradingView] Weekly 캡처 완료 (W)
[TradingView] Monthly 캡처 완료 (M)
[[NASDAQ/NYSE 차트분석]] WDC 차트 5개 처리 완료
[TradingView] QUBT 브라우저 세션 시작  (로그인 세션)...
[TradingView] 1H 캡처 완료 (60)
[TradingView] 4H 캡처 완료 (240)
[TradingView] Daily 캡처 완료 (D)
[TradingView] Weekly 캡처 완료 (W)
[TradingView] Monthly 캡처 완료 (M)
[[NASDAQ/NYSE 차트분석]] QUBT 차트 5개 처리 완료
[TradingView] LRN 브라우저 세션 시작  (로그인 세션)...
[TradingView] 1H 캡처 완료 (60)
[TradingView] 4H 캡처 완료 (240)
[TradingView] Daily 캡처 완료 (D)
[TradingView] Weekly 캡처 완료 (W)
[TradingView] Monthly 캡처 완료 (M)
[[NASDAQ/NYSE 차트분석]] LRN 차트 5개 처리 완료
[TradingView] VIK 브라우저 세션 시작  (로그인 세션)...
[TradingView] 1H 캡처 완료 (60)
[TradingView] 4H 캡처 완료 (240)
[TradingView] Daily 캡처 완료 (D)
[TradingView] Weekly 캡처 완료 (W)
[TradingView] Monthly 캡처 완료 (M)
[[NASDAQ/NYSE 차트분석]] VIK 차트 5개 처리 완료
[TradingView] DUOL 브라우저 세션 시작  (로그인 세션)...
[TradingView] 1H 캡처 완료 (60)
[TradingView] 4H 캡처 완료 (240)
[TradingView] Daily 캡처 완료 (D)
[TradingView] Weekly 캡처 완료 (W)
[TradingView] Monthly 캡처 완료 (M)
[[NASDAQ/NYSE 차트분석]] DUOL 차트 5개 처리 완료
[TradingView] KLAR 브라우저 세션 시작  (로그인 세션)...
[TradingView] 1H 캡처 완료 (60)
[TradingView] 4H 캡처 완료 (240)
[TradingView] Daily 캡처 완료 (D)
[TradingView] Weekly 캡처 완료 (W)
[TradingView] Monthly 캡처 완료 (M)
[[NASDAQ/NYSE 차트분석]] KLAR 차트 5개 처리 완료
[TradingView] MOD 브라우저 세션 시작  (로그인 세션)...
[TradingView] 1H 캡처 완료 (60)
[TradingView] 4H 캡처 완료 (240)
[TradingView] Daily 캡처 완료 (D)
[TradingView] Weekly 캡처 완료 (W)
[TradingView] Monthly 캡처 완료 (M)
[[NASDAQ/NYSE 차트분석]] MOD 차트 5개 처리 완료
[TradingView] AMKR 브라우저 세션 시작  (로그인 세션)...
[TradingView] 1H 캡처 완료 (60)
[TradingView] 4H 캡처 완료 (240)
[TradingView] Daily 캡처 완료 (D)
[TradingView] Weekly 캡처 완료 (W)
[TradingView] Monthly 캡처 완료 (M)
[[NASDAQ/NYSE 차트분석]] AMKR 차트 5개 처리 완료
[TradingView] BULL 브라우저 세션 시작  (로그인 세션)...
[TradingView] 1H 캡처 완료 (60)
[TradingView] 4H 캡처 완료 (240)
[TradingView] Daily 캡처 완료 (D)
[TradingView] Weekly 캡처 완료 (W)
[TradingView] Monthly 캡처 완료 (M)
[[NASDAQ/NYSE 차트분석]] BULL 차트 5개 처리 완료
[TradingView] INHD 브라우저 세션 시작  (로그인 세션)...
[TradingView] 1H 캡처 완료 (60)
[TradingView] 4H 캡처 완료 (240)
[TradingView] Daily 캡처 완료 (D)
[TradingView] Weekly 캡처 완료 (W)
[TradingView] Monthly 캡처 완료 (M)
[[NASDAQ/NYSE 차트분석]] INHD 차트 5개 처리 완료
[TradingView] SFM 브라우저 세션 시작  (로그인 세션)...
[TradingView] 1H 캡처 완료 (60)
[TradingView] 4H 캡처 완료 (240)
[TradingView] Daily 캡처 완료 (D)
[TradingView] Weekly 캡처 완료 (W)
[TradingView] Monthly 캡처 완료 (M)
[[NASDAQ/NYSE 차트분석]] SFM 차트 5개 처리 완료
[TradingView] QS 브라우저 세션 시작  (로그인 세션)...
[TradingView] 1H 캡처 완료 (60)
[TradingView] 4H 캡처 완료 (240)
[TradingView] Daily 캡처 완료 (D)
[TradingView] Weekly 캡처 완료 (W)
[TradingView] Monthly 캡처 완료 (M)
[[NASDAQ/NYSE 차트분석]] QS 차트 5개 처리 완료
[TradingView] ENVX 브라우저 세션 시작  (로그인 세션)...
[TradingView] 1H 캡처 완료 (60)
[TradingView] 4H 캡처 완료 (240)
[TradingView] Daily 캡처 완료 (D)
[TradingView] Weekly 캡처 완료 (W)
[TradingView] Monthly 캡처 완료 (M)
[[NASDAQ/NYSE 차트분석]] ENVX 차트 5개 처리 완료
[TradingView] CRML 브라우저 세션 시작  (로그인 세션)...
[TradingView] 1H 캡처 완료 (60)
[TradingView] 4H 캡처 완료 (240)
[TradingView] Daily 캡처 완료 (D)
[TradingView] Weekly 캡처 완료 (W)
[TradingView] Monthly 캡처 완료 (M)
[[NASDAQ/NYSE 차트분석]] CRML 차트 5개 처리 완료
[TradingView] SOC 브라우저 세션 시작  (로그인 세션)...
[TradingView] 1H 캡처 완료 (60)
[TradingView] 4H 캡처 완료 (240)
[TradingView] Daily 캡처 완료 (D)
[TradingView] Weekly 캡처 완료 (W)
[TradingView] Monthly 캡처 완료 (M)
[[NASDAQ/NYSE 차트분석]] SOC 차트 5개 처리 완료
[TradingView] CRCL 브라우저 세션 시작  (로그인 세션)...
[TradingView] 1H 캡처 완료 (60)
[TradingView] 4H 캡처 완료 (240)
[TradingView] Daily 캡처 완료 (D)
[TradingView] Weekly 캡처 완료 (W)
[TradingView] Monthly 캡처 완료 (M)
[[NASDAQ/NYSE 차트분석]] CRCL 차트 5개 처리 완료
[TradingView] HYMC 브라우저 세션 시작  (로그인 세션)...
[TradingView] 1H 캡처 완료 (60)
[TradingView] 4H 캡처 완료 (240)
[TradingView] Daily 캡처 완료 (D)
[TradingView] Weekly 캡처 완료 (W)
[TradingView] Monthly 캡처 완료 (M)
[[NASDAQ/NYSE 차트분석]] HYMC 차트 5개 처리 완료
[TradingView] CHTR 브라우저 세션 시작  (로그인 세션)...
[TradingView] 1H 캡처 완료 (60)
[TradingView] 4H 캡처 완료 (240)
[TradingView] Daily 캡처 완료 (D)
[TradingView] Weekly 캡처 완료 (W)
[TradingView] Monthly 캡처 완료 (M)
[[NASDAQ/NYSE 차트분석]] CHTR 차트 5개 처리 완료
[TradingView] ASST 브라우저 세션 시작  (로그인 세션)...
[TradingView] 1H 캡처 완료 (60)
[TradingView] 4H 캡처 완료 (240)
[TradingView] Daily 캡처 완료 (D)
[TradingView] Weekly 캡처 완료 (W)
[TradingView] Monthly 캡처 완료 (M)
[[NASDAQ/NYSE 차트분석]] ASST 차트 5개 처리 완료
[TradingView] FDS 브라우저 세션 시작  (로그인 세션)...
[TradingView] 1H 캡처 완료 (60)
[TradingView] 4H 캡처 완료 (240)
[TradingView] Daily 캡처 완료 (D)
[TradingView] Weekly 캡처 완료 (W)
[TradingView] Monthly 캡처 완료 (M)
[[NASDAQ/NYSE 차트분석]] FDS 차트 5개 처리 완료
[TradingView] BLSH 브라우저 세션 시작  (로그인 세션)...
[TradingView] 1H 캡처 완료 (60)
[TradingView] 4H 캡처 완료 (240)
[TradingView] Daily 캡처 완료 (D)
[TradingView] Weekly 캡처 완료 (W)
[TradingView] Monthly 캡처 완료 (M)
[[NASDAQ/NYSE 차트분석]] BLSH 차트 5개 처리 완료
[TradingView] CHWY 브라우저 세션 시작  (로그인 세션)...
[TradingView] 1H 캡처 완료 (60)
[TradingView] 4H 캡처 완료 (240)
[TradingView] Daily 캡처 완료 (D)
[TradingView] Weekly 캡처 완료 (W)
[TradingView] Monthly 캡처 완료 (M)
[[NASDAQ/NYSE 차트분석]] CHWY 차트 5개 처리 완료
[TradingView] FIS 브라우저 세션 시작  (로그인 세션)...
[TradingView] 1H 캡처 완료 (60)
[TradingView] 4H 캡처 완료 (240)
[TradingView] Daily 캡처 완료 (D)
[TradingView] Weekly 캡처 완료 (W)
[TradingView] Monthly 캡처 완료 (M)
[[NASDAQ/NYSE 차트분석]] FIS 차트 5개 처리 완료
[TradingView] INSM 브라우저 세션 시작  (로그인 세션)...
[TradingView] 1H 캡처 완료 (60)
[TradingView] 4H 캡처 완료 (240)
[TradingView] Daily 캡처 완료 (D)
[TradingView] Weekly 캡처 완료 (W)
[TradingView] Monthly 캡처 완료 (M)
[[NASDAQ/NYSE 차트분석]] INSM 차트 5개 처리 완료
[TradingView] MSTR 브라우저 세션 시작  (로그인 세션)...
[TradingView] 1H 캡처 완료 (60)
[TradingView] 4H 캡처 완료 (240)
[TradingView] Daily 캡처 완료 (D)
[TradingView] Weekly 캡처 완료 (W)
[TradingView] Monthly 캡처 완료 (M)
[[NASDAQ/NYSE 차트분석]] MSTR 차트 5개 처리 완료
[TradingView] KRMN 브라우저 세션 시작  (로그인 세션)...
[TradingView] 1H 캡처 완료 (60)
[TradingView] 4H 캡처 완료 (240)
[TradingView] Daily 캡처 완료 (D)
[TradingView] Weekly 캡처 완료 (W)
[TradingView] Monthly 캡처 완료 (M)
[[NASDAQ/NYSE 차트분석]] KRMN 차트 5개 처리 완료
[TradingView] LBRDK 브라우저 세션 시작  (로그인 세션)...
[TradingView] 1H 캡처 완료 (60)
[TradingView] 4H 캡처 완료 (240)
[TradingView] Daily 캡처 완료 (D)
[TradingView] Weekly 캡처 완료 (W)
[TradingView] Monthly 캡처 완료 (M)
[[NASDAQ/NYSE 차트분석]] LBRDK 차트 5개 처리 완료
[TradingView] LUNR 브라우저 세션 시작  (로그인 세션)...
[TradingView] 1H 캡처 완료 (60)
[TradingView] 4H 캡처 완료 (240)
[TradingView] Daily 캡처 완료 (D)
[TradingView] Weekly 캡처 완료 (W)
[TradingView] Monthly 캡처 완료 (M)
[[NASDAQ/NYSE 차트분석]] LUNR 차트 5개 처리 완료
[TradingView] LAC 브라우저 세션 시작  (로그인 세션)...
[TradingView] 1H 캡처 완료 (60)
[TradingView] 4H 캡처 완료 (240)
[TradingView] Daily 캡처 완료 (D)
[TradingView] Weekly 캡처 완료 (W)
[TradingView] Monthly 캡처 완료 (M)
[[NASDAQ/NYSE 차트분석]] LAC 차트 5개 처리 완료
[TradingView] UWMC 브라우저 세션 시작  (로그인 세션)...
[TradingView] 1H 캡처 완료 (60)
[TradingView] 4H 캡처 완료 (240)
[TradingView] Daily 캡처 완료 (D)
[TradingView] Weekly 캡처 완료 (W)
[TradingView] Monthly 캡처 완료 (M)
[[NASDAQ/NYSE 차트분석]] UWMC 차트 5개 처리 완료
[TradingView] SMMT 브라우저 세션 시작  (로그인 세션)...
[TradingView] 1H 캡처 완료 (60)
[TradingView] 4H 캡처 완료 (240)
[TradingView] Daily 캡처 완료 (D)
[TradingView] Weekly 캡처 완료 (W)
[TradingView] Monthly 캡처 완료 (M)
[[NASDAQ/NYSE 차트분석]] SMMT 차트 5개 처리 완료
[TradingView] ADBE 브라우저 세션 시작  (로그인 세션)...
[TradingView] 1H 캡처 완료 (60)
[TradingView] 4H 캡처 완료 (240)
[TradingView] Daily 캡처 완료 (D)
[TradingView] Weekly 캡처 완료 (W)
[TradingView] Monthly 캡처 완료 (M)
[[NASDAQ/NYSE 차트분석]] ADBE 차트 5개 처리 완료
[TradingView] DXYZ 브라우저 세션 시작  (로그인 세션)...
[TradingView] 1H 캡처 완료 (60)
[TradingView] 4H 캡처 완료 (240)
[TradingView] Daily 캡처 완료 (D)
[TradingView] Weekly 캡처 완료 (W)
[TradingView] Monthly 캡처 완료 (M)
[[NASDAQ/NYSE 차트분석]] DXYZ 차트 5개 처리 완료
[TradingView] FISV 브라우저 세션 시작  (로그인 세션)...
[TradingView] 1H 캡처 완료 (60)
[TradingView] 4H 캡처 완료 (240)
[TradingView] Daily 캡처 완료 (D)
[TradingView] Weekly 캡처 완료 (W)
[TradingView] Monthly 캡처 완료 (M)
[[NASDAQ/NYSE 차트분석]] FISV 차트 5개 처리 완료
[TradingView] BMNR 브라우저 세션 시작  (로그인 세션)...
[TradingView] 1H 캡처 완료 (60)
[TradingView] 4H 캡처 완료 (240)
[TradingView] Daily 캡처 완료 (D)
[TradingView] Weekly 캡처 완료 (W)
[TradingView] Monthly 캡처 완료 (M)
[[NASDAQ/NYSE 차트분석]] BMNR 차트 5개 처리 완료
[TradingView] FIGR 브라우저 세션 시작  (로그인 세션)...
[TradingView] 1H 캡처 완료 (60)
[TradingView] 4H 캡처 완료 (240)
[TradingView] Daily 캡처 완료 (D)
[TradingView] Weekly 캡처 완료 (W)
[TradingView] Monthly 캡처 완료 (M)
[[NASDAQ/NYSE 차트분석]] FIGR 차트 5개 처리 완료
[TradingView] INTU 브라우저 세션 시작  (로그인 세션)...
[TradingView] 1H 캡처 완료 (60)
[TradingView] 4H 캡처 완료 (240)
[TradingView] Daily 캡처 완료 (D)
[TradingView] Weekly 캡처 완료 (W)
[TradingView] Monthly 캡처 완료 (M)
[[NASDAQ/NYSE 차트분석]] INTU 차트 5개 처리 완료
[TradingView] KD 브라우저 세션 시작  (로그인 세션)...
[TradingView] 1H 캡처 완료 (60)
[TradingView] 4H 캡처 완료 (240)
[TradingView] Daily 캡처 완료 (D)
[TradingView] Weekly 캡처 완료 (W)
[TradingView] Monthly 캡처 완료 (M)
[[NASDAQ/NYSE 차트분석]] KD 차트 5개 처리 완료
[TradingView] SYM 브라우저 세션 시작  (로그인 세션)...
[TradingView] 1H 캡처 완료 (60)
[TradingView] 4H 캡처 완료 (240)
[TradingView] Daily 캡처 완료 (D)
[TradingView] Weekly 캡처 완료 (W)
[TradingView] Monthly 캡처 완료 (M)
[[NASDAQ/NYSE 차트분석]] SYM 차트 5개 처리 완료
[TradingView] TRI 브라우저 세션 시작  (로그인 세션)...
[TradingView] 1H 캡처 완료 (60)
[TradingView] 4H 캡처 완료 (240)
[TradingView] Daily 캡처 완료 (D)
[TradingView] Weekly 캡처 완료 (W)
[TradingView] Monthly 캡처 완료 (M)
[[NASDAQ/NYSE 차트분석]] TRI 차트 5개 처리 완료
[TradingView] APPF 브라우저 세션 시작  (로그인 세션)...
[TradingView] 1H 캡처 완료 (60)
[TradingView] 4H 캡처 완료 (240)
[TradingView] Daily 캡처 완료 (D)
[TradingView] Weekly 캡처 완료 (W)
[TradingView] Monthly 캡처 완료 (M)
[[NASDAQ/NYSE 차트분석]] APPF 차트 5개 처리 완료
[TradingView] ACHR 브라우저 세션 시작  (로그인 세션)...
[TradingView] 1H 캡처 완료 (60)
[TradingView] 4H 캡처 완료 (240)
[TradingView] Daily 캡처 완료 (D)
[TradingView] Weekly 캡처 완료 (W)
[TradingView] Monthly 캡처 완료 (M)
[[NASDAQ/NYSE 차트분석]] ACHR 차트 5개 처리 완료
[TradingView] WHR 브라우저 세션 시작  (로그인 세션)...
[TradingView] 1H 캡처 완료 (60)
[TradingView] 4H 캡처 완료 (240)
[TradingView] Daily 캡처 완료 (D)
[TradingView] Weekly 캡처 완료 (W)
[TradingView] Monthly 캡처 완료 (M)
[[NASDAQ/NYSE 차트분석]] WHR 차트 5개 처리 완료
[TradingView] TME 브라우저 세션 시작  (로그인 세션)...
[TradingView] 1H 캡처 완료 (60)
[TradingView] 4H 캡처 완료 (240)
[TradingView] Daily 캡처 완료 (D)
[TradingView] Weekly 캡처 완료 (W)
[TradingView] Monthly 캡처 완료 (M)
[[NASDAQ/NYSE 차트분석]] TME 차트 5개 처리 완료
[TradingView] VXX 브라우저 세션 시작  (로그인 세션)...
[TradingView] 1H 캡처 완료 (60)
[TradingView] 4H 캡처 완료 (240)
[TradingView] Daily 캡처 완료 (D)
[TradingView] Weekly 캡처 완료 (W)
[TradingView] Monthly 캡처 완료 (M)
[[NASDAQ/NYSE 차트분석]] VXX 차트 5개 처리 완료
[TradingView] BILI 브라우저 세션 시작  (로그인 세션)...
[TradingView] 1H 캡처 완료 (60)
[TradingView] 4H 캡처 완료 (240)
[TradingView] Daily 캡처 완료 (D)
[TradingView] Weekly 캡처 완료 (W)
[TradingView] Monthly 캡처 완료 (M)
[[NASDAQ/NYSE 차트분석]] BILI 차트 5개 처리 완료
[TradingView] PRIM 브라우저 세션 시작  (로그인 세션)...
[TradingView] 1H 캡처 완료 (60)
[TradingView] 4H 캡처 완료 (240)
[TradingView] Daily 캡처 완료 (D)
[TradingView] Weekly 캡처 완료 (W)
[TradingView] Monthly 캡처 완료 (M)
[[NASDAQ/NYSE 차트분석]] PRIM 차트 5개 처리 완료
[TradingView] SERV 브라우저 세션 시작  (로그인 세션)...
[TradingView] 1H 캡처 완료 (60)
[TradingView] 4H 캡처 완료 (240)
[TradingView] Daily 캡처 완료 (D)
[TradingView] Weekly 캡처 완료 (W)
[TradingView] Monthly 캡처 완료 (M)
[[NASDAQ/NYSE 차트분석]] SERV 차트 5개 처리 완료
[TradingView] COIN 브라우저 세션 시작  (로그인 세션)...
[TradingView] 1H 캡처 완료 (60)
[TradingView] 4H 캡처 완료 (240)
[TradingView] Daily 캡처 완료 (D)
[TradingView] Weekly 캡처 완료 (W)
[TradingView] Monthly 캡처 완료 (M)
[[NASDAQ/NYSE 차트분석]] COIN 차트 5개 처리 완료
[TradingView] FIG 브라우저 세션 시작  (로그인 세션)...
[TradingView] 1H 캡처 완료 (60)
[TradingView] 4H 캡처 완료 (240)
[TradingView] Daily 캡처 완료 (D)
[TradingView] Weekly 캡처 완료 (W)
[TradingView] Monthly 캡처 완료 (M)
[[NASDAQ/NYSE 차트분석]] FIG 차트 5개 처리 완료
[TradingView] NCNO 브라우저 세션 시작  (로그인 세션)...
[TradingView] 1H 캡처 완료 (60)
[TradingView] 4H 캡처 완료 (240)
[TradingView] Daily 캡처 완료 (D)
[TradingView] Weekly 캡처 완료 (W)
[TradingView] Monthly 캡처 완료 (M)
[[NASDAQ/NYSE 차트분석]] NCNO 차트 5개 처리 완료
[TradingView] SBSW 브라우저 세션 시작  (로그인 세션)...
[TradingView] 1H 캡처 완료 (60)
[TradingView] 4H 캡처 완료 (240)
[TradingView] Daily 캡처 완료 (D)
[TradingView] Weekly 캡처 완료 (W)
[TradingView] Monthly 캡처 완료 (M)
[[NASDAQ/NYSE 차트분석]] SBSW 차트 5개 처리 완료
[[NASDAQ/NYSE 차트분석]] 차트 캡처 완료
[[NASDAQ/NYSE 차트분석]] GitHub에 차트 이미지 푸시 중...
[main a174773] Update NASDAQ/NYSE chart screenshots 1782033324
 1626 files changed, 0 insertions(+), 0 deletions(-)
 delete mode 100644 charts/screenshots_nasdaq/AAL/AAL_1H_20260620_075326.png
 create mode 100644 charts/screenshots_nasdaq/AAL/AAL_1H_20260621_081901.png
 delete mode 100644 charts/screenshots_nasdaq/AAL/AAL_4H_20260620_075326.png
 create mode 100644 charts/screenshots_nasdaq/AAL/AAL_4H_20260621_081901.png
 delete mode 100644 charts/screenshots_nasdaq/AAL/AAL_Daily_20260620_075326.png
 create mode 100644 charts/screenshots_nasdaq/AAL/AAL_Daily_20260621_081901.png
 delete mode 100644 charts/screenshots_nasdaq/AAL/AAL_Monthly_20260620_075326.png
 create mode 100644 charts/screenshots_nasdaq/AAL/AAL_Monthly_20260621_081901.png
 delete mode 100644 charts/screenshots_nasdaq/AAL/AAL_Weekly_20260620_075326.png
 create mode 100644 charts/screenshots_nasdaq/AAL/AAL_Weekly_20260621_081901.png
 rename charts/screenshots_nasdaq/ACHR/{ACHR_1H_20260620_084220.png => ACHR_1H_20260621_090754.png} (95%)
 delete mode 100644 charts/screenshots_nasdaq/ACHR/ACHR_4H_20260620_084220.png
 create mode 100644 charts/screenshots_nasdaq/ACHR/ACHR_4H_20260621_090754.png
 delete mode 100644 charts/screenshots_nasdaq/ACHR/ACHR_Daily_20260620_084220.png
 create mode 100644 charts/screenshots_nasdaq/ACHR/ACHR_Daily_20260621_090754.png
 delete mode 100644 charts/screenshots_nasdaq/ACHR/ACHR_Monthly_20260620_084220.png
 create mode 100644 charts/screenshots_nasdaq/ACHR/ACHR_Monthly_20260621_090754.png
 delete mode 100644 charts/screenshots_nasdaq/ACHR/ACHR_Weekly_20260620_084220.png
 create mode 100644 charts/screenshots_nasdaq/ACHR/ACHR_Weekly_20260621_090754.png
 delete mode 100644 charts/screenshots_nasdaq/ACLS/ACLS_1H_20260620_075525.png
 create mode 100644 charts/screenshots_nasdaq/ACLS/ACLS_1H_20260621_082101.png
 delete mode 100644 charts/screenshots_nasdaq/ACLS/ACLS_4H_20260620_075525.png
 create mode 100644 charts/screenshots_nasdaq/ACLS/ACLS_4H_20260621_082101.png
 delete mode 100644 charts/screenshots_nasdaq/ACLS/ACLS_Daily_20260620_075525.png
 create mode 100644 charts/screenshots_nasdaq/ACLS/ACLS_Daily_20260621_082101.png
 delete mode 100644 charts/screenshots_nasdaq/ACLS/ACLS_Monthly_20260620_075525.png
 create mode 100644 charts/screenshots_nasdaq/ACLS/ACLS_Monthly_20260621_082101.png
 delete mode 100644 charts/screenshots_nasdaq/ACLS/ACLS_Weekly_20260620_075525.png
 create mode 100644 charts/screenshots_nasdaq/ACLS/ACLS_Weekly_20260621_082101.png
 delete mode 100644 charts/screenshots_nasdaq/ACMR/ACMR_1H_20260620_070901.png
 create mode 100644 charts/screenshots_nasdaq/ACMR/ACMR_1H_20260621_073337.png
 rename charts/screenshots_nasdaq/ACMR/{ACMR_4H_20260620_070901.png => ACMR_4H_20260621_073337.png} (88%)
 delete mode 100644 charts/screenshots_nasdaq/ACMR/ACMR_Daily_20260620_070901.png
 create mode 100644 charts/screenshots_nasdaq/ACMR/ACMR_Daily_20260621_073337.png
 delete mode 100644 charts/screenshots_nasdaq/ACMR/ACMR_Monthly_20260620_070901.png
 create mode 100644 charts/screenshots_nasdaq/ACMR/ACMR_Monthly_20260621_073337.png
 delete mode 100644 charts/screenshots_nasdaq/ACMR/ACMR_Weekly_20260620_070901.png
 create mode 100644 charts/screenshots_nasdaq/ACMR/ACMR_Weekly_20260621_073337.png
 rename charts/screenshots_nasdaq/ADBE/{ADBE_1H_20260620_083506.png => ADBE_1H_20260621_090117.png} (96%)
 delete mode 100644 charts/screenshots_nasdaq/ADBE/ADBE_4H_20260620_083506.png
 create mode 100644 charts/screenshots_nasdaq/ADBE/ADBE_4H_20260621_090117.png
 rename charts/screenshots_nasdaq/ADBE/{ADBE_Daily_20260620_083506.png => ADBE_Daily_20260621_090117.png} (92%)
 delete mode 100644 charts/screenshots_nasdaq/ADBE/ADBE_Monthly_20260620_083506.png
 create mode 100644 charts/screenshots_nasdaq/ADBE/ADBE_Monthly_20260621_090117.png
 delete mode 100644 charts/screenshots_nasdaq/ADBE/ADBE_Weekly_20260620_083506.png
 create mode 100644 charts/screenshots_nasdaq/ADBE/ADBE_Weekly_20260621_090117.png
 delete mode 100644 charts/screenshots_nasdaq/AEHR/AEHR_1H_20260620_074530.png
 create mode 100644 charts/screenshots_nasdaq/AEHR/AEHR_1H_20260621_081029.png
 delete mode 100644 charts/screenshots_nasdaq/AEHR/AEHR_4H_20260620_074530.png
 create mode 100644 charts/screenshots_nasdaq/AEHR/AEHR_4H_20260621_081029.png
 delete mode 100644 charts/screenshots_nasdaq/AEHR/AEHR_Daily_20260620_074530.png
 create mode 100644 charts/screenshots_nasdaq/AEHR/AEHR_Daily_20260621_081029.png
 delete mode 100644 charts/screenshots_nasdaq/AEHR/AEHR_Monthly_20260620_074530.png
 create mode 100644 charts/screenshots_nasdaq/AEHR/AEHR_Monthly_20260621_081029.png
 delete mode 100644 charts/screenshots_nasdaq/AEHR/AEHR_Weekly_20260620_074530.png
 create mode 100644 charts/screenshots_nasdaq/AEHR/AEHR_Weekly_20260621_081029.png
 delete mode 100644 charts/screenshots_nasdaq/ALAB/ALAB_1H_20260620_070940.png
 create mode 100644 charts/screenshots_nasdaq/ALAB/ALAB_1H_20260621_073417.png
 delete mode 100644 charts/screenshots_nasdaq/ALAB/ALAB_4H_20260620_070940.png
 create mode 100644 charts/screenshots_nasdaq/ALAB/ALAB_4H_20260621_073417.png
 delete mode 100644 charts/screenshots_nasdaq/ALAB/ALAB_Daily_20260620_070940.png
 create mode 100644 charts/screenshots_nasdaq/ALAB/ALAB_Daily_20260621_073417.png
 delete mode 100644 charts/screenshots_nasdaq/ALAB/ALAB_Monthly_20260620_070940.png
 create mode 100644 charts/screenshots_nasdaq/ALAB/ALAB_Monthly_20260621_073417.png
 delete mode 100644 charts/screenshots_nasdaq/ALAB/ALAB_Weekly_20260620_070940.png
 create mode 100644 charts/screenshots_nasdaq/ALAB/ALAB_Weekly_20260621_073417.png
 delete mode 100644 charts/screenshots_nasdaq/ALGM/ALGM_1H_20260620_073452.png
 create mode 100644 charts/screenshots_nasdaq/ALGM/ALGM_1H_20260621_075957.png
 delete mode 100644 charts/screenshots_nasdaq/ALGM/ALGM_4H_20260620_073452.png
 create mode 100644 charts/screenshots_nasdaq/ALGM/ALGM_4H_20260621_075957.png
 delete mode 100644 charts/screenshots_nasdaq/ALGM/ALGM_Daily_20260620_073452.png
 create mode 100644 charts/screenshots_nasdaq/ALGM/ALGM_Daily_20260621_075957.png
 delete mode 100644 charts/screenshots_nasdaq/ALGM/ALGM_Monthly_20260620_073452.png
 create mode 100644 charts/screenshots_nasdaq/ALGM/ALGM_Monthly_20260621_075957.png
 delete mode 100644 charts/screenshots_nasdaq/ALGM/ALGM_Weekly_20260620_073452.png
 create mode 100644 charts/screenshots_nasdaq/ALGM/ALGM_Weekly_20260621_075957.png
 delete mode 100644 charts/screenshots_nasdaq/ALKS/ALKS_1H_20260620_072015.png
 create mode 100644 charts/screenshots_nasdaq/ALKS/ALKS_1H_20260621_074407.png
 delete mode 100644 charts/screenshots_nasdaq/ALKS/ALKS_4H_20260620_072015.png
 create mode 100644 charts/screenshots_nasdaq/ALKS/ALKS_4H_20260621_074407.png
 delete mode 100644 charts/screenshots_nasdaq/ALKS/ALKS_Daily_20260620_072015.png
 create mode 100644 charts/screenshots_nasdaq/ALKS/ALKS_Daily_20260621_074407.png
 delete mode 100644 charts/screenshots_nasdaq/ALKS/ALKS_Monthly_20260620_072015.png
 create mode 100644 charts/screenshots_nasdaq/ALKS/ALKS_Monthly_20260621_074407.png
 delete mode 100644 charts/screenshots_nasdaq/ALKS/ALKS_Weekly_20260620_072015.png
 create mode 100644 charts/screenshots_nasdaq/ALKS/ALKS_Weekly_20260621_074407.png
 delete mode 100644 charts/screenshots_nasdaq/AMAT/AMAT_1H_20260620_072613.png
 create mode 100644 charts/screenshots_nasdaq/AMAT/AMAT_1H_20260621_074923.png
 delete mode 100644 charts/screenshots_nasdaq/AMAT/AMAT_4H_20260620_072613.png
 create mode 100644 charts/screenshots_nasdaq/AMAT/AMAT_4H_20260621_074923.png
 rename charts/screenshots_nasdaq/AMAT/{AMAT_Daily_20260620_072613.png => AMAT_Daily_20260621_074923.png} (98%)
 delete mode 100644 charts/screenshots_nasdaq/AMAT/AMAT_Monthly_20260620_072613.png
 create mode 100644 charts/screenshots_nasdaq/AMAT/AMAT_Monthly_20260621_074923.png
 delete mode 100644 charts/screenshots_nasdaq/AMAT/AMAT_Weekly_20260620_072613.png
 create mode 100644 charts/screenshots_nasdaq/AMAT/AMAT_Weekly_20260621_074923.png
 delete mode 100644 charts/screenshots_nasdaq/AMBQ/AMBQ_1H_20260620_075725.png
 create mode 100644 charts/screenshots_nasdaq/AMBQ/AMBQ_1H_20260621_082300.png
 delete mode 100644 charts/screenshots_nasdaq/AMBQ/AMBQ_4H_20260620_075725.png
 create mode 100644 charts/screenshots_nasdaq/AMBQ/AMBQ_4H_20260621_082300.png
 delete mode 100644 charts/screenshots_nasdaq/AMBQ/AMBQ_Daily_20260620_075725.png
 create mode 100644 charts/screenshots_nasdaq/AMBQ/AMBQ_Daily_20260621_082300.png
 delete mode 100644 charts/screenshots_nasdaq/AMBQ/AMBQ_Monthly_20260620_075725.png
 create mode 100644 charts/screenshots_nasdaq/AMBQ/AMBQ_Monthly_20260621_082300.png
 delete mode 100644 charts/screenshots_nasdaq/AMBQ/AMBQ_Weekly_20260620_075725.png
 create mode 100644 charts/screenshots_nasdaq/AMBQ/AMBQ_Weekly_20260621_082300.png
 delete mode 100644 charts/screenshots_nasdaq/AMD/AMD_1H_20260620_073931.png
 create mode 100644 charts/screenshots_nasdaq/AMD/AMD_1H_20260621_080354.png
 delete mode 100644 charts/screenshots_nasdaq/AMD/AMD_4H_20260620_073931.png
 create mode 100644 charts/screenshots_nasdaq/AMD/AMD_4H_20260621_080354.png
 delete mode 100644 charts/screenshots_nasdaq/AMD/AMD_Daily_20260620_073931.png
 create mode 100644 charts/screenshots_nasdaq/AMD/AMD_Daily_20260621_080354.png
 delete mode 100644 charts/screenshots_nasdaq/AMD/AMD_Monthly_20260620_073931.png
 create mode 100644 charts/screenshots_nasdaq/AMD/AMD_Monthly_20260621_080354.png
 delete mode 100644 charts/screenshots_nasdaq/AMD/AMD_Weekly_20260620_073931.png
 create mode 100644 charts/screenshots_nasdaq/AMD/AMD_Weekly_20260621_080354.png
 delete mode 100644 charts/screenshots_nasdaq/AMG/AMG_1H_20260620_072055.png
 create mode 100644 charts/screenshots_nasdaq/AMG/AMG_1H_20260621_074447.png
 delete mode 100644 charts/screenshots_nasdaq/AMG/AMG_4H_20260620_072055.png
 create mode 100644 charts/screenshots_nasdaq/AMG/AMG_4H_20260621_074447.png
 delete mode 100644 charts/screenshots_nasdaq/AMG/AMG_Daily_20260620_072055.png
 create mode 100644 charts/screenshots_nasdaq/AMG/AMG_Daily_20260621_074447.png
 delete mode 100644 charts/screenshots_nasdaq/AMG/AMG_Monthly_20260620_072055.png
 create mode 100644 charts/screenshots_nasdaq/AMG/AMG_Monthly_20260621_074447.png
 delete mode 100644 charts/screenshots_nasdaq/AMG/AMG_Weekly_20260620_072055.png
 create mode 100644 charts/screenshots_nasdaq/AMG/AMG_Weekly_20260621_074447.png
 delete mode 100644 charts/screenshots_nasdaq/AMKR/AMKR_1H_20260620_081912.png
 create mode 100644 charts/screenshots_nasdaq/AMKR/AMKR_1H_20260621_084526.png
 delete mode 100644 charts/screenshots_nasdaq/AMKR/AMKR_4H_20260620_081912.png
 create mode 100644 charts/screenshots_nasdaq/AMKR/AMKR_4H_20260621_084526.png
 delete mode 100644 charts/screenshots_nasdaq/AMKR/AMKR_Daily_20260620_081912.png
 create mode 100644 charts/screenshots_nasdaq/AMKR/AMKR_Daily_20260621_084526.png
 delete mode 100644 charts/screenshots_nasdaq/AMKR/AMKR_Monthly_20260620_081912.png
 create mode 100644 charts/screenshots_nasdaq/AMKR/AMKR_Monthly_20260621_084526.png
 delete mode 100644 charts/screenshots_nasdaq/AMKR/AMKR_Weekly_20260620_081912.png
 create mode 100644 charts/screenshots_nasdaq/AMKR/AMKR_Weekly_20260621_084526.png
 delete mode 100644 charts/screenshots_nasdaq/APH/APH_1H_20260620_074011.png
 create mode 100644 charts/screenshots_nasdaq/APH/APH_1H_20260621_080434.png
 delete mode 100644 charts/screenshots_nasdaq/APH/APH_4H_20260620_074011.png
 create mode 100644 charts/screenshots_nasdaq/APH/APH_4H_20260621_080434.png
 delete mode 100644 charts/screenshots_nasdaq/APH/APH_Daily_20260620_074011.png
 create mode 100644 charts/screenshots_nasdaq/APH/APH_Daily_20260621_080434.png
 delete mode 100644 charts/screenshots_nasdaq/APH/APH_Monthly_20260620_074011.png
 create mode 100644 charts/screenshots_nasdaq/APH/APH_Monthly_20260621_080434.png
 delete mode 100644 charts/screenshots_nasdaq/APH/APH_Weekly_20260620_074011.png
 create mode 100644 charts/screenshots_nasdaq/APH/APH_Weekly_20260621_080434.png
 delete mode 100644 charts/screenshots_nasdaq/APPF/APPF_1H_20260620_084100.png
 create mode 100644 charts/screenshots_nasdaq/APPF/APPF_1H_20260621_090715.png
 delete mode 100644 charts/screenshots_nasdaq/APPF/APPF_4H_20260620_084100.png
 create mode 100644 charts/screenshots_nasdaq/APPF/APPF_4H_20260621_090715.png
 delete mode 100644 charts/screenshots_nasdaq/APPF/APPF_Daily_20260620_084100.png
 create mode 100644 charts/screenshots_nasdaq/APPF/APPF_Daily_20260621_090715.png
 delete mode 100644 charts/screenshots_nasdaq/APPF/APPF_Monthly_20260620_084100.png
 create mode 100644 charts/screenshots_nasdaq/APPF/APPF_Monthly_20260621_090715.png
 delete mode 100644 charts/screenshots_nasdaq/APPF/APPF_Weekly_20260620_084100.png
 create mode 100644 charts/screenshots_nasdaq/APPF/APPF_Weekly_20260621_090715.png
 delete mode 100644 charts/screenshots_nasdaq/ARM/ARM_1H_20260620_071020.png
 create mode 100644 charts/screenshots_nasdaq/ARM/ARM_1H_20260621_073457.png
 delete mode 100644 charts/screenshots_nasdaq/ARM/ARM_4H_20260620_071020.png
 create mode 100644 charts/screenshots_nasdaq/ARM/ARM_4H_20260621_073457.png
 delete mode 100644 charts/screenshots_nasdaq/ARM/ARM_Daily_20260620_071020.png
 create mode 100644 charts/screenshots_nasdaq/ARM/ARM_Daily_20260621_073457.png
 delete mode 100644 charts/screenshots_nasdaq/ARM/ARM_Monthly_20260620_071020.png
 create mode 100644 charts/screenshots_nasdaq/ARM/ARM_Monthly_20260621_073457.png
 delete mode 100644 charts/screenshots_nasdaq/ARM/ARM_Weekly_20260620_071020.png
 create mode 100644 charts/screenshots_nasdaq/ARM/ARM_Weekly_20260621_073457.png
 delete mode 100644 charts/screenshots_nasdaq/ASH/ASH_1H_20260620_075605.png
 create mode 100644 charts/screenshots_nasdaq/ASH/ASH_1H_20260621_082141.png
 delete mode 100644 charts/screenshots_nasdaq/ASH/ASH_4H_20260620_075605.png
 create mode 100644 charts/screenshots_nasdaq/ASH/ASH_4H_20260621_082141.png
 delete mode 100644 charts/screenshots_nasdaq/ASH/ASH_Daily_20260620_075605.png
 create mode 100644 charts/screenshots_nasdaq/ASH/ASH_Daily_20260621_082141.png
 delete mode 100644 charts/screenshots_nasdaq/ASH/ASH_Monthly_20260620_075605.png
 create mode 100644 charts/screenshots_nasdaq/ASH/ASH_Monthly_20260621_082141.png
 delete mode 100644 charts/screenshots_nasdaq/ASH/ASH_Weekly_20260620_075605.png
 create mode 100644 charts/screenshots_nasdaq/ASH/ASH_Weekly_20260621_082141.png
 delete mode 100644 charts/screenshots_nasdaq/ASML/ASML_1H_20260620_065901.png
 create mode 100644 charts/screenshots_nasdaq/ASML/ASML_1H_20260621_072543.png
 delete mode 100644 charts/screenshots_nasdaq/ASML/ASML_4H_20260620_065901.png
 create mode 100644 charts/screenshots_nasdaq/ASML/ASML_4H_20260621_072543.png
 delete mode 100644 charts/screenshots_nasdaq/ASML/ASML_Daily_20260620_065901.png
 create mode 100644 charts/screenshots_nasdaq/ASML/ASML_Daily_20260621_072543.png
 delete mode 100644 charts/screenshots_nasdaq/ASML/ASML_Monthly_20260620_065901.png
 create mode 100644 charts/screenshots_nasdaq/ASML/ASML_Monthly_20260621_072543.png
 delete mode 100644 charts/screenshots_nasdaq/ASML/ASML_Weekly_20260620_065901.png
 create mode 100644 charts/screenshots_nasdaq/ASML/ASML_Weekly_20260621_072543.png
 delete mode 100644 charts/screenshots_nasdaq/ASST/ASST_1H_20260620_082630.png
 create mode 100644 charts/screenshots_nasdaq/ASST/ASST_1H_20260621_085242.png
 delete mode 100644 charts/screenshots_nasdaq/ASST/ASST_4H_20260620_082630.png
 create mode 100644 charts/screenshots_nasdaq/ASST/ASST_4H_20260621_085242.png
 delete mode 100644 charts/screenshots_nasdaq/ASST/ASST_Daily_20260620_082630.png
 create mode 100644 charts/screenshots_nasdaq/ASST/ASST_Daily_20260621_085242.png
 delete mode 100644 charts/screenshots_nasdaq/ASST/ASST_Monthly_20260620_082630.png
 create mode 100644 charts/screenshots_nasdaq/ASST/ASST_Monthly_20260621_085242.png
 delete mode 100644 charts/screenshots_nasdaq/ASST/ASST_Weekly_20260620_082630.png
 create mode 100644 charts/screenshots_nasdaq/ASST/ASST_Weekly_20260621_085242.png
 delete mode 100644 charts/screenshots_nasdaq/ASTC/ASTC_1H_20260620_073611.png
 create mode 100644 charts/screenshots_nasdaq/ASTC/ASTC_1H_20260621_080036.png
 delete mode 100644 charts/screenshots_nasdaq/ASTC/ASTC_4H_20260620_073611.png
 create mode 100644 charts/screenshots_nasdaq/ASTC/ASTC_4H_20260621_080036.png
 delete mode 100644 charts/screenshots_nasdaq/ASTC/ASTC_Daily_20260620_073611.png
 create mode 100644 charts/screenshots_nasdaq/ASTC/ASTC_Daily_20260621_080036.png
 delete mode 100644 charts/screenshots_nasdaq/ASTC/ASTC_Monthly_20260620_073611.png
 create mode 100644 charts/screenshots_nasdaq/ASTC/ASTC_Monthly_20260621_080036.png
 delete mode 100644 charts/screenshots_nasdaq/ASTC/ASTC_Weekly_20260620_073611.png
 create mode 100644 charts/screenshots_nasdaq/ASTC/ASTC_Weekly_20260621_080036.png
 delete mode 100644 charts/screenshots_nasdaq/ASX/ASX_1H_20260620_075246.png
 create mode 100644 charts/screenshots_nasdaq/ASX/ASX_1H_20260621_081821.png
 delete mode 100644 charts/screenshots_nasdaq/ASX/ASX_4H_20260620_075246.png
 create mode 100644 charts/screenshots_nasdaq/ASX/ASX_4H_20260621_081821.png
 delete mode 100644 charts/screenshots_nasdaq/ASX/ASX_Daily_20260620_075246.png
 create mode 100644 charts/screenshots_nasdaq/ASX/ASX_Daily_20260621_081821.png
 delete mode 100644 charts/screenshots_nasdaq/ASX/ASX_Monthly_20260620_075246.png
 create mode 100644 charts/screenshots_nasdaq/ASX/ASX_Monthly_20260621_081821.png
 delete mode 100644 charts/screenshots_nasdaq/ASX/ASX_Weekly_20260620_075246.png
 create mode 100644 charts/screenshots_nasdaq/ASX/ASX_Weekly_20260621_081821.png
 delete mode 100644 charts/screenshots_nasdaq/ATI/ATI_1H_20260620_070140.png
 create mode 100644 charts/screenshots_nasdaq/ATI/ATI_1H_20260621_072742.png
 delete mode 100644 charts/screenshots_nasdaq/ATI/ATI_4H_20260620_070140.png
 create mode 100644 charts/screenshots_nasdaq/ATI/ATI_4H_20260621_072742.png
 delete mode 100644 charts/screenshots_nasdaq/ATI/ATI_Daily_20260620_070140.png
 create mode 100644 charts/screenshots_nasdaq/ATI/ATI_Daily_20260621_072742.png
 delete mode 100644 charts/screenshots_nasdaq/ATI/ATI_Monthly_20260620_070140.png
 create mode 100644 charts/screenshots_nasdaq/ATI/ATI_Monthly_20260621_072742.png
 delete mode 100644 charts/screenshots_nasdaq/ATI/ATI_Weekly_20260620_070140.png
 create mode 100644 charts/screenshots_nasdaq/ATI/ATI_Weekly_20260621_072742.png
 create mode 100644 charts/screenshots_nasdaq/ATRO/ATRO_1H_20260621_073536.png
 create mode 100644 charts/screenshots_nasdaq/ATRO/ATRO_4H_20260621_073536.png
 create mode 100644 charts/screenshots_nasdaq/ATRO/ATRO_Daily_20260621_073536.png
 create mode 100644 charts/screenshots_nasdaq/ATRO/ATRO_Monthly_20260621_073536.png
 create mode 100644 charts/screenshots_nasdaq/ATRO/ATRO_Weekly_20260621_073536.png
 delete mode 100644 charts/screenshots_nasdaq/BFH/BFH_1H_20260620_070220.png
 create mode 100644 charts/screenshots_nasdaq/BFH/BFH_1H_20260621_072822.png
 delete mode 100644 charts/screenshots_nasdaq/BFH/BFH_4H_20260620_070220.png
 create mode 100644 charts/screenshots_nasdaq/BFH/BFH_4H_20260621_072822.png
 delete mode 100644 charts/screenshots_nasdaq/BFH/BFH_Daily_20260620_070220.png
 create mode 100644 charts/screenshots_nasdaq/BFH/BFH_Daily_20260621_072822.png
 delete mode 100644 charts/screenshots_nasdaq/BFH/BFH_Monthly_20260620_070220.png
 create mode 100644 charts/screenshots_nasdaq/BFH/BFH_Monthly_20260621_072822.png
 delete mode 100644 charts/screenshots_nasdaq/BFH/BFH_Weekly_20260620_070220.png
 create mode 100644 charts/screenshots_nasdaq/BFH/BFH_Weekly_20260621_072822.png
 delete mode 100644 charts/screenshots_nasdaq/BFLY/BFLY_1H_20260620_074411.png
 create mode 100644 charts/screenshots_nasdaq/BFLY/BFLY_1H_20260621_080751.png
 delete mode 100644 charts/screenshots_nasdaq/BFLY/BFLY_4H_20260620_074411.png
 create mode 100644 charts/screenshots_nasdaq/BFLY/BFLY_4H_20260621_080751.png
 delete mode 100644 charts/screenshots_nasdaq/BFLY/BFLY_Daily_20260620_074411.png
 create mode 100644 charts/screenshots_nasdaq/BFLY/BFLY_Daily_20260621_080751.png
 delete mode 100644 charts/screenshots_nasdaq/BFLY/BFLY_Monthly_20260620_074411.png
 create mode 100644 charts/screenshots_nasdaq/BFLY/BFLY_Monthly_20260621_080751.png
 delete mode 100644 charts/screenshots_nasdaq/BFLY/BFLY_Weekly_20260620_074411.png
 create mode 100644 charts/screenshots_nasdaq/BFLY/BFLY_Weekly_20260621_080751.png
 delete mode 100644 charts/screenshots_nasdaq/BILI/BILI_1H_20260620_084458.png
 create mode 100644 charts/screenshots_nasdaq/BILI/BILI_1H_20260621_091030.png
 delete mode 100644 charts/screenshots_nasdaq/BILI/BILI_4H_20260620_084458.png
 create mode 100644 charts/screenshots_nasdaq/BILI/BILI_4H_20260621_091030.png
 delete mode 100644 charts/screenshots_nasdaq/BILI/BILI_Daily_20260620_084458.png
 create mode 100644 charts/screenshots_nasdaq/BILI/BILI_Daily_20260621_091030.png
 delete mode 100644 charts/screenshots_nasdaq/BILI/BILI_Monthly_20260620_084458.png
 create mode 100644 charts/screenshots_nasdaq/BILI/BILI_Monthly_20260621_091030.png
 delete mode 100644 charts/screenshots_nasdaq/BILI/BILI_Weekly_20260620_084458.png
 create mode 100644 charts/screenshots_nasdaq/BILI/BILI_Weekly_20260621_091030.png
 delete mode 100644 charts/screenshots_nasdaq/BLSH/BLSH_1H_20260620_082749.png
 create mode 100644 charts/screenshots_nasdaq/BLSH/BLSH_1H_20260621_085402.png
 rename charts/screenshots_nasdaq/BLSH/{BLSH_4H_20260620_082749.png => BLSH_4H_20260621_085402.png} (89%)
 delete mode 100644 charts/screenshots_nasdaq/BLSH/BLSH_Daily_20260620_082749.png
 create mode 100644 charts/screenshots_nasdaq/BLSH/BLSH_Daily_20260621_085402.png
 delete mode 100644 charts/screenshots_nasdaq/BLSH/BLSH_Monthly_20260620_082749.png
 create mode 100644 charts/screenshots_nasdaq/BLSH/BLSH_Monthly_20260621_085402.png
 delete mode 100644 charts/screenshots_nasdaq/BLSH/BLSH_Weekly_20260620_082749.png
 create mode 100644 charts/screenshots_nasdaq/BLSH/BLSH_Weekly_20260621_085402.png
 delete mode 100644 charts/screenshots_nasdaq/BMNR/BMNR_1H_20260620_083705.png
 create mode 100644 charts/screenshots_nasdaq/BMNR/BMNR_1H_20260621_090317.png
 delete mode 100644 charts/screenshots_nasdaq/BMNR/BMNR_4H_20260620_083705.png
 create mode 100644 charts/screenshots_nasdaq/BMNR/BMNR_4H_20260621_090317.png
 delete mode 100644 charts/screenshots_nasdaq/BMNR/BMNR_Daily_20260620_083705.png
 create mode 100644 charts/screenshots_nasdaq/BMNR/BMNR_Daily_20260621_090317.png
 delete mode 100644 charts/screenshots_nasdaq/BMNR/BMNR_Monthly_20260620_083705.png
 create mode 100644 charts/screenshots_nasdaq/BMNR/BMNR_Monthly_20260621_090317.png
 delete mode 100644 charts/screenshots_nasdaq/BMNR/BMNR_Weekly_20260620_083705.png
 create mode 100644 charts/screenshots_nasdaq/BMNR/BMNR_Weekly_20260621_090317.png
 delete mode 100644 charts/screenshots_nasdaq/BULL/BULL_1H_20260620_082032.png
 create mode 100644 charts/screenshots_nasdaq/BULL/BULL_1H_20260621_084606.png
 delete mode 100644 charts/screenshots_nasdaq/BULL/BULL_4H_20260620_082032.png
 create mode 100644 charts/screenshots_nasdaq/BULL/BULL_4H_20260621_084606.png
 delete mode 100644 charts/screenshots_nasdaq/BULL/BULL_Daily_20260620_082032.png
 create mode 100644 charts/screenshots_nasdaq/BULL/BULL_Daily_20260621_084606.png
 delete mode 100644 charts/screenshots_nasdaq/BULL/BULL_Monthly_20260620_082032.png
 create mode 100644 charts/screenshots_nasdaq/BULL/BULL_Monthly_20260621_084606.png
 delete mode 100644 charts/screenshots_nasdaq/BULL/BULL_Weekly_20260620_082032.png
 create mode 100644 charts/screenshots_nasdaq/BULL/BULL_Weekly_20260621_084606.png
 delete mode 100644 charts/screenshots_nasdaq/CAKE/CAKE_1H_20260620_081039.png
 create mode 100644 charts/screenshots_nasdaq/CAKE/CAKE_1H_20260621_083730.png
 delete mode 100644 charts/screenshots_nasdaq/CAKE/CAKE_4H_20260620_081039.png
 create mode 100644 charts/screenshots_nasdaq/CAKE/CAKE_4H_20260621_083730.png
 delete mode 100644 charts/screenshots_nasdaq/CAKE/CAKE_Daily_20260620_081039.png
 create mode 100644 charts/screenshots_nasdaq/CAKE/CAKE_Daily_20260621_083730.png
 delete mode 100644 charts/screenshots_nasdaq/CAKE/CAKE_Monthly_20260620_081039.png
 create mode 100644 charts/screenshots_nasdaq/CAKE/CAKE_Monthly_20260621_083730.png
 delete mode 100644 charts/screenshots_nasdaq/CAKE/CAKE_Weekly_20260620_081039.png
 create mode 100644 charts/screenshots_nasdaq/CAKE/CAKE_Weekly_20260621_083730.png
 delete mode 100644 charts/screenshots_nasdaq/CAR/CAR_1H_20260620_080405.png
 create mode 100644 charts/screenshots_nasdaq/CAR/CAR_1H_20260621_083015.png
 delete mode 100644 charts/screenshots_nasdaq/CAR/CAR_4H_20260620_080405.png
 create mode 100644 charts/screenshots_nasdaq/CAR/CAR_4H_20260621_083015.png
 delete mode 100644 charts/screenshots_nasdaq/CAR/CAR_Daily_20260620_080405.png
 create mode 100644 charts/screenshots_nasdaq/CAR/CAR_Daily_20260621_083015.png
 delete mode 100644 charts/screenshots_nasdaq/CAR/CAR_Monthly_20260620_080405.png
 create mode 100644 charts/screenshots_nasdaq/CAR/CAR_Monthly_20260621_083015.png
 delete mode 100644 charts/screenshots_nasdaq/CAR/CAR_Weekly_20260620_080405.png
 create mode 100644 charts/screenshots_nasdaq/CAR/CAR_Weekly_20260621_083015.png
 delete mode 100644 charts/screenshots_nasdaq/CECO/CECO_1H_20260620_074051.png
 create mode 100644 charts/screenshots_nasdaq/CECO/CECO_1H_20260621_080514.png
 rename charts/screenshots_nasdaq/CECO/{CECO_4H_20260620_074051.png => CECO_4H_20260621_080514.png} (96%)
 delete mode 100644 charts/screenshots_nasdaq/CECO/CECO_Daily_20260620_074051.png
 create mode 100644 charts/screenshots_nasdaq/CECO/CECO_Daily_20260621_080514.png
 delete mode 100644 charts/screenshots_nasdaq/CECO/CECO_Monthly_20260620_074051.png
 create mode 100644 charts/screenshots_nasdaq/CECO/CECO_Monthly_20260621_080514.png
 delete mode 100644 charts/screenshots_nasdaq/CECO/CECO_Weekly_20260620_074051.png
 create mode 100644 charts/screenshots_nasdaq/CECO/CECO_Weekly_20260621_080514.png
 delete mode 100644 charts/screenshots_nasdaq/CHTR/CHTR_1H_20260620_082550.png
 create mode 100644 charts/screenshots_nasdaq/CHTR/CHTR_1H_20260621_085202.png
 delete mode 100644 charts/screenshots_nasdaq/CHTR/CHTR_4H_20260620_082550.png
 create mode 100644 charts/screenshots_nasdaq/CHTR/CHTR_4H_20260621_085202.png
 delete mode 100644 charts/screenshots_nasdaq/CHTR/CHTR_Daily_20260620_082550.png
 create mode 100644 charts/screenshots_nasdaq/CHTR/CHTR_Daily_20260621_085202.png
 delete mode 100644 charts/screenshots_nasdaq/CHTR/CHTR_Monthly_20260620_082550.png
 create mode 100644 charts/screenshots_nasdaq/CHTR/CHTR_Monthly_20260621_085202.png
 delete mode 100644 charts/screenshots_nasdaq/CHTR/CHTR_Weekly_20260620_082550.png
 create mode 100644 charts/screenshots_nasdaq/CHTR/CHTR_Weekly_20260621_085202.png
 delete mode 100644 charts/screenshots_nasdaq/CHWY/CHWY_1H_20260620_082829.png
 create mode 100644 charts/screenshots_nasdaq/CHWY/CHWY_1H_20260621_085441.png
 delete mode 100644 charts/screenshots_nasdaq/CHWY/CHWY_4H_20260620_082829.png
 create mode 100644 charts/screenshots_nasdaq/CHWY/CHWY_4H_20260621_085441.png
 rename charts/screenshots_nasdaq/CHWY/{CHWY_Daily_20260620_082829.png => CHWY_Daily_20260621_085441.png} (67%)
 delete mode 100644 charts/screenshots_nasdaq/CHWY/CHWY_Monthly_20260620_082829.png
 create mode 100644 charts/screenshots_nasdaq/CHWY/CHWY_Monthly_20260621_085441.png
 delete mode 100644 charts/screenshots_nasdaq/CHWY/CHWY_Weekly_20260620_082829.png
 create mode 100644 charts/screenshots_nasdaq/CHWY/CHWY_Weekly_20260621_085441.png
 delete mode 100644 charts/screenshots_nasdaq/CIFR/CIFR_1H_20260620_073411.png
 create mode 100644 charts/screenshots_nasdaq/CIFR/CIFR_1H_20260621_075917.png
 delete mode 100644 charts/screenshots_nasdaq/CIFR/CIFR_4H_20260620_073411.png
 create mode 100644 charts/screenshots_nasdaq/CIFR/CIFR_4H_20260621_075917.png
 delete mode 100644 charts/screenshots_nasdaq/CIFR/CIFR_Daily_20260620_073411.png
 create mode 100644 charts/screenshots_nasdaq/CIFR/CIFR_Daily_20260621_075917.png
 delete mode 100644 charts/screenshots_nasdaq/CIFR/CIFR_Monthly_20260620_073411.png
 create mode 100644 charts/screenshots_nasdaq/CIFR/CIFR_Monthly_20260621_075917.png
 delete mode 100644 charts/screenshots_nasdaq/CIFR/CIFR_Weekly_20260620_073411.png
 create mode 100644 charts/screenshots_nasdaq/CIFR/CIFR_Weekly_20260621_075917.png
 delete mode 100644 charts/screenshots_nasdaq/CNK/CNK_1H_20260620_074132.png
 create mode 100644 charts/screenshots_nasdaq/CNK/CNK_1H_20260621_080554.png
 rename charts/screenshots_nasdaq/CNK/{CNK_4H_20260620_074132.png => CNK_4H_20260621_080554.png} (64%)
 delete mode 100644 charts/screenshots_nasdaq/CNK/CNK_Daily_20260620_074132.png
 create mode 100644 charts/screenshots_nasdaq/CNK/CNK_Daily_20260621_080554.png
 delete mode 100644 charts/screenshots_nasdaq/CNK/CNK_Monthly_20260620_074132.png
 create mode 100644 charts/screenshots_nasdaq/CNK/CNK_Monthly_20260621_080554.png
 delete mode 100644 charts/screenshots_nasdaq/CNK/CNK_Weekly_20260620_074132.png
 create mode 100644 charts/screenshots_nasdaq/CNK/CNK_Weekly_20260621_080554.png
 delete mode 100644 charts/screenshots_nasdaq/COHU/COHU_1H_20260620_075645.png
 create mode 100644 charts/screenshots_nasdaq/COHU/COHU_1H_20260621_082220.png
 delete mode 100644 charts/screenshots_nasdaq/COHU/COHU_4H_20260620_075645.png
 create mode 100644 charts/screenshots_nasdaq/COHU/COHU_4H_20260621_082220.png
 delete mode 100644 charts/screenshots_nasdaq/COHU/COHU_Daily_20260620_075645.png
 create mode 100644 charts/screenshots_nasdaq/COHU/COHU_Daily_20260621_082220.png
 delete mode 100644 charts/screenshots_nasdaq/COHU/COHU_Monthly_20260620_075645.png
 create mode 100644 charts/screenshots_nasdaq/COHU/COHU_Monthly_20260621_082220.png
 delete mode 100644 charts/screenshots_nasdaq/COHU/COHU_Weekly_20260620_075645.png
 create mode 100644 charts/screenshots_nasdaq/COHU/COHU_Weekly_20260621_082220.png
 delete mode 100644 charts/screenshots_nasdaq/COIN/COIN_1H_20260620_084737.png
 create mode 100644 charts/screenshots_nasdaq/COIN/COIN_1H_20260621_091229.png
 delete mode 100644 charts/screenshots_nasdaq/COIN/COIN_4H_20260620_084737.png
 create mode 100644 charts/screenshots_nasdaq/COIN/COIN_4H_20260621_091229.png
 rename charts/screenshots_nasdaq/COIN/{COIN_Daily_20260620_084737.png => COIN_Daily_20260621_091229.png} (91%)
 delete mode 100644 charts/screenshots_nasdaq/COIN/COIN_Monthly_20260620_084737.png
 create mode 100644 charts/screenshots_nasdaq/COIN/COIN_Monthly_20260621_091229.png
 delete mode 100644 charts/screenshots_nasdaq/COIN/COIN_Weekly_20260620_084737.png
 create mode 100644 charts/screenshots_nasdaq/COIN/COIN_Weekly_20260621_091229.png
 delete mode 100644 charts/screenshots_nasdaq/CORZ/CORZ_1H_20260620_072135.png
 create mode 100644 charts/screenshots_nasdaq/CORZ/CORZ_1H_20260621_074526.png
 delete mode 100644 charts/screenshots_nasdaq/CORZ/CORZ_4H_20260620_072135.png
 create mode 100644 charts/screenshots_nasdaq/CORZ/CORZ_4H_20260621_074526.png
 delete mode 100644 charts/screenshots_nasdaq/CORZ/CORZ_Daily_20260620_072135.png
 create mode 100644 charts/screenshots_nasdaq/CORZ/CORZ_Daily_20260621_074526.png
 delete mode 100644 charts/screenshots_nasdaq/CORZ/CORZ_Monthly_20260620_072135.png
 create mode 100644 charts/screenshots_nasdaq/CORZ/CORZ_Monthly_20260621_074526.png
 delete mode 100644 charts/screenshots_nasdaq/CORZ/CORZ_Weekly_20260620_072135.png
 create mode 100644 charts/screenshots_nasdaq/CORZ/CORZ_Weekly_20260621_074526.png
 delete mode 100644 charts/screenshots_nasdaq/CR/CR_1H_20260620_072652.png
 create mode 100644 charts/screenshots_nasdaq/CR/CR_1H_20260621_075003.png
 delete mode 100644 charts/screenshots_nasdaq/CR/CR_4H_20260620_072652.png
 create mode 100644 charts/screenshots_nasdaq/CR/CR_4H_20260621_075003.png
 delete mode 100644 charts/screenshots_nasdaq/CR/CR_Daily_20260620_072652.png
 create mode 100644 charts/screenshots_nasdaq/CR/CR_Daily_20260621_075003.png
 delete mode 100644 charts/screenshots_nasdaq/CR/CR_Monthly_20260620_072652.png
 create mode 100644 charts/screenshots_nasdaq/CR/CR_Monthly_20260621_075003.png
 delete mode 100644 charts/screenshots_nasdaq/CR/CR_Weekly_20260620_072652.png
 create mode 100644 charts/screenshots_nasdaq/CR/CR_Weekly_20260621_075003.png
 delete mode 100644 charts/screenshots_nasdaq/CRCL/CRCL_1H_20260620_082431.png
 create mode 100644 charts/screenshots_nasdaq/CRCL/CRCL_1H_20260621_085042.png
 delete mode 100644 charts/screenshots_nasdaq/CRCL/CRCL_4H_20260620_082431.png
 create mode 100644 charts/screenshots_nasdaq/CRCL/CRCL_4H_20260621_085042.png
 delete mode 100644 charts/screenshots_nasdaq/CRCL/CRCL_Daily_20260620_082431.png
 create mode 100644 charts/screenshots_nasdaq/CRCL/CRCL_Daily_20260621_085042.png
 delete mode 100644 charts/screenshots_nasdaq/CRCL/CRCL_Monthly_20260620_082431.png
 create mode 100644 charts/screenshots_nasdaq/CRCL/CRCL_Monthly_20260621_085042.png
 delete mode 100644 charts/screenshots_nasdaq/CRCL/CRCL_Weekly_20260620_082431.png
 create mode 100644 charts/screenshots_nasdaq/CRCL/CRCL_Weekly_20260621_085042.png
 delete mode 100644 charts/screenshots_nasdaq/CRDO/CRDO_1H_20260620_075406.png
 create mode 100644 charts/screenshots_nasdaq/CRDO/CRDO_1H_20260621_081940.png
 delete mode 100644 charts/screenshots_nasdaq/CRDO/CRDO_4H_20260620_075406.png
 create mode 100644 charts/screenshots_nasdaq/CRDO/CRDO_4H_20260621_081940.png
 delete mode 100644 charts/screenshots_nasdaq/CRDO/CRDO_Daily_20260620_075406.png
 create mode 100644 charts/screenshots_nasdaq/CRDO/CRDO_Daily_20260621_081940.png
 delete mode 100644 charts/screenshots_nasdaq/CRDO/CRDO_Monthly_20260620_075406.png
 create mode 100644 charts/screenshots_nasdaq/CRDO/CRDO_Monthly_20260621_081940.png
 delete mode 100644 charts/screenshots_nasdaq/CRDO/CRDO_Weekly_20260620_075406.png
 create mode 100644 charts/screenshots_nasdaq/CRDO/CRDO_Weekly_20260621_081940.png
 delete mode 100644 charts/screenshots_nasdaq/CRML/CRML_1H_20260620_082312.png
 create mode 100644 charts/screenshots_nasdaq/CRML/CRML_1H_20260621_084923.png
 delete mode 100644 charts/screenshots_nasdaq/CRML/CRML_4H_20260620_082312.png
 create mode 100644 charts/screenshots_nasdaq/CRML/CRML_4H_20260621_084923.png
 rename charts/screenshots_nasdaq/CRML/{CRML_Daily_20260620_082312.png => CRML_Daily_20260621_084923.png} (94%)
 delete mode 100644 charts/screenshots_nasdaq/CRML/CRML_Monthly_20260620_082312.png
 create mode 100644 charts/screenshots_nasdaq/CRML/CRML_Monthly_20260621_084923.png
 delete mode 100644 charts/screenshots_nasdaq/CRML/CRML_Weekly_20260620_082312.png
 create mode 100644 charts/screenshots_nasdaq/CRML/CRML_Weekly_20260621_084923.png
 delete mode 100644 charts/screenshots_nasdaq/CRS/CRS_1H_20260620_071220.png
 create mode 100644 charts/screenshots_nasdaq/CRS/CRS_1H_20260621_073734.png
 delete mode 100644 charts/screenshots_nasdaq/CRS/CRS_4H_20260620_071220.png
 create mode 100644 charts/screenshots_nasdaq/CRS/CRS_4H_20260621_073734.png
 rename charts/screenshots_nasdaq/CRS/{CRS_Daily_20260620_071220.png => CRS_Daily_20260621_073734.png} (95%)
 delete mode 100644 charts/screenshots_nasdaq/CRS/CRS_Monthly_20260620_071220.png
 create mode 100644 charts/screenshots_nasdaq/CRS/CRS_Monthly_20260621_073734.png
 delete mode 100644 charts/screenshots_nasdaq/CRS/CRS_Weekly_20260620_071220.png
 create mode 100644 charts/screenshots_nasdaq/CRS/CRS_Weekly_20260621_073734.png
 delete mode 100644 charts/screenshots_nasdaq/DAVE/DAVE_1H_20260620_080444.png
 create mode 100644 charts/screenshots_nasdaq/DAVE/DAVE_1H_20260621_083134.png
 delete mode 100644 charts/screenshots_nasdaq/DAVE/DAVE_4H_20260620_080444.png
 create mode 100644 charts/screenshots_nasdaq/DAVE/DAVE_4H_20260621_083134.png
 delete mode 100644 charts/screenshots_nasdaq/DAVE/DAVE_Daily_20260620_080444.png
 create mode 100644 charts/screenshots_nasdaq/DAVE/DAVE_Daily_20260621_083134.png
 delete mode 100644 charts/screenshots_nasdaq/DAVE/DAVE_Monthly_20260620_080444.png
 create mode 100644 charts/screenshots_nasdaq/DAVE/DAVE_Monthly_20260621_083134.png
 delete mode 100644 charts/screenshots_nasdaq/DAVE/DAVE_Weekly_20260620_080444.png
 create mode 100644 charts/screenshots_nasdaq/DAVE/DAVE_Weekly_20260621_083134.png
 delete mode 100644 charts/screenshots_nasdaq/DIOD/DIOD_1H_20260620_071617.png
 create mode 100644 charts/screenshots_nasdaq/DIOD/DIOD_1H_20260621_074130.png
 delete mode 100644 charts/screenshots_nasdaq/DIOD/DIOD_4H_20260620_071617.png
 create mode 100644 charts/screenshots_nasdaq/DIOD/DIOD_4H_20260621_074130.png
 rename charts/screenshots_nasdaq/DIOD/{DIOD_Daily_20260620_071617.png => DIOD_Daily_20260621_074130.png} (89%)
 delete mode 100644 charts/screenshots_nasdaq/DIOD/DIOD_Monthly_20260620_071617.png
 create mode 100644 charts/screenshots_nasdaq/DIOD/DIOD_Monthly_20260621_074130.png
 delete mode 100644 charts/screenshots_nasdaq/DIOD/DIOD_Weekly_20260620_071617.png
 create mode 100644 charts/screenshots_nasdaq/DIOD/DIOD_Weekly_20260621_074130.png
 delete mode 100644 charts/screenshots_nasdaq/DUOL/DUOL_1H_20260620_081714.png
 create mode 100644 charts/screenshots_nasdaq/DUOL/DUOL_1H_20260621_084327.png
 delete mode 100644 charts/screenshots_nasdaq/DUOL/DUOL_4H_20260620_081714.png
 create mode 100644 charts/screenshots_nasdaq/DUOL/DUOL_4H_20260621_084327.png
 delete mode 100644 charts/screenshots_nasdaq/DUOL/DUOL_Daily_20260620_081714.png
 create mode 100644 charts/screenshots_nasdaq/DUOL/DUOL_Daily_20260621_084327.png
 delete mode 100644 charts/screenshots_nasdaq/DUOL/DUOL_Monthly_20260620_081714.png
 create mode 100644 charts/screenshots_nasdaq/DUOL/DUOL_Monthly_20260621_084327.png
 delete mode 100644 charts/screenshots_nasdaq/DUOL/DUOL_Weekly_20260620_081714.png
 create mode 100644 charts/screenshots_nasdaq/DUOL/DUOL_Weekly_20260621_084327.png
 delete mode 100644 charts/screenshots_nasdaq/DXYZ/DXYZ_1H_20260620_083546.png
 create mode 100644 charts/screenshots_nasdaq/DXYZ/DXYZ_1H_20260621_090157.png
 delete mode 100644 charts/screenshots_nasdaq/DXYZ/DXYZ_4H_20260620_083546.png
 create mode 100644 charts/screenshots_nasdaq/DXYZ/DXYZ_4H_20260621_090157.png
 delete mode 100644 charts/screenshots_nasdaq/DXYZ/DXYZ_Daily_20260620_083546.png
 create mode 100644 charts/screenshots_nasdaq/DXYZ/DXYZ_Daily_20260621_090157.png
 delete mode 100644 charts/screenshots_nasdaq/DXYZ/DXYZ_Monthly_20260620_083546.png
 create mode 100644 charts/screenshots_nasdaq/DXYZ/DXYZ_Monthly_20260621_090157.png
 rename charts/screenshots_nasdaq/DXYZ/{DXYZ_Weekly_20260620_083546.png => DXYZ_Weekly_20260621_090157.png} (53%)
 delete mode 100644 charts/screenshots_nasdaq/EC/EC_1H_20260620_070021.png
 create mode 100644 charts/screenshots_nasdaq/EC/EC_1H_20260621_072703.png
 delete mode 100644 charts/screenshots_nasdaq/EC/EC_4H_20260620_070021.png
 create mode 100644 charts/screenshots_nasdaq/EC/EC_4H_20260621_072703.png
 delete mode 100644 charts/screenshots_nasdaq/EC/EC_Daily_20260620_070021.png
 create mode 100644 charts/screenshots_nasdaq/EC/EC_Daily_20260621_072703.png
 delete mode 100644 charts/screenshots_nasdaq/EC/EC_Monthly_20260620_070021.png
 create mode 100644 charts/screenshots_nasdaq/EC/EC_Monthly_20260621_072703.png
 delete mode 100644 charts/screenshots_nasdaq/EC/EC_Weekly_20260620_070021.png
 create mode 100644 charts/screenshots_nasdaq/EC/EC_Weekly_20260621_072703.png
 delete mode 100644 charts/screenshots_nasdaq/ENTG/ENTG_1H_20260620_073011.png
 create mode 100644 charts/screenshots_nasdaq/ENTG/ENTG_1H_20260621_075321.png
 delete mode 100644 charts/screenshots_nasdaq/ENTG/ENTG_4H_20260620_073011.png
 create mode 100644 charts/screenshots_nasdaq/ENTG/ENTG_4H_20260621_075321.png
 delete mode 100644 charts/screenshots_nasdaq/ENTG/ENTG_Daily_20260620_073011.png
 create mode 100644 charts/screenshots_nasdaq/ENTG/ENTG_Daily_20260621_075321.png
 delete mode 100644 charts/screenshots_nasdaq/ENTG/ENTG_Monthly_20260620_073011.png
 create mode 100644 charts/screenshots_nasdaq/ENTG/ENTG_Monthly_20260621_075321.png
 delete mode 100644 charts/screenshots_nasdaq/ENTG/ENTG_Weekly_20260620_073011.png
 create mode 100644 charts/screenshots_nasdaq/ENTG/ENTG_Weekly_20260621_075321.png
 delete mode 100644 charts/screenshots_nasdaq/ENVA/ENVA_1H_20260620_072732.png
 create mode 100644 charts/screenshots_nasdaq/ENVA/ENVA_1H_20260621_075043.png
 delete mode 100644 charts/screenshots_nasdaq/ENVA/ENVA_4H_20260620_072732.png
 create mode 100644 charts/screenshots_nasdaq/ENVA/ENVA_4H_20260621_075043.png
 delete mode 100644 charts/screenshots_nasdaq/ENVA/ENVA_Daily_20260620_072732.png
 create mode 100644 charts/screenshots_nasdaq/ENVA/ENVA_Daily_20260621_075043.png
 delete mode 100644 charts/screenshots_nasdaq/ENVA/ENVA_Monthly_20260620_072732.png
 create mode 100644 charts/screenshots_nasdaq/ENVA/ENVA_Monthly_20260621_075043.png
 delete mode 100644 charts/screenshots_nasdaq/ENVA/ENVA_Weekly_20260620_072732.png
 create mode 100644 charts/screenshots_nasdaq/ENVA/ENVA_Weekly_20260621_075043.png
 delete mode 100644 charts/screenshots_nasdaq/ENVX/ENVX_1H_20260620_082232.png
 create mode 100644 charts/screenshots_nasdaq/ENVX/ENVX_1H_20260621_084844.png
 delete mode 100644 charts/screenshots_nasdaq/ENVX/ENVX_4H_20260620_082232.png
 create mode 100644 charts/screenshots_nasdaq/ENVX/ENVX_4H_20260621_084844.png
 delete mode 100644 charts/screenshots_nasdaq/ENVX/ENVX_Daily_20260620_082232.png
 create mode 100644 charts/screenshots_nasdaq/ENVX/ENVX_Daily_20260621_084844.png
 delete mode 100644 charts/screenshots_nasdaq/ENVX/ENVX_Monthly_20260620_082232.png
 create mode 100644 charts/screenshots_nasdaq/ENVX/ENVX_Monthly_20260621_084844.png
 delete mode 100644 charts/screenshots_nasdaq/ENVX/ENVX_Weekly_20260620_082232.png
 create mode 100644 charts/screenshots_nasdaq/ENVX/ENVX_Weekly_20260621_084844.png
 rename charts/screenshots_nasdaq/ESE/{ESE_1H_20260620_071340.png => ESE_1H_20260621_073853.png} (98%)
 delete mode 100644 charts/screenshots_nasdaq/ESE/ESE_4H_20260620_071340.png
 create mode 100644 charts/screenshots_nasdaq/ESE/ESE_4H_20260621_073853.png
 delete mode 100644 charts/screenshots_nasdaq/ESE/ESE_Daily_20260620_071340.png
 create mode 100644 charts/screenshots_nasdaq/ESE/ESE_Daily_20260621_073853.png
 delete mode 100644 charts/screenshots_nasdaq/ESE/ESE_Monthly_20260620_071340.png
 create mode 100644 charts/screenshots_nasdaq/ESE/ESE_Monthly_20260621_073853.png
 delete mode 100644 charts/screenshots_nasdaq/ESE/ESE_Weekly_20260620_071340.png
 create mode 100644 charts/screenshots_nasdaq/ESE/ESE_Weekly_20260621_073853.png
 delete mode 100644 charts/screenshots_nasdaq/EXTR/EXTR_1H_20260620_072215.png
 create mode 100644 charts/screenshots_nasdaq/EXTR/EXTR_1H_20260621_074605.png
 delete mode 100644 charts/screenshots_nasdaq/EXTR/EXTR_4H_20260620_072215.png
 create mode 100644 charts/screenshots_nasdaq/EXTR/EXTR_4H_20260621_074605.png
 delete mode 100644 charts/screenshots_nasdaq/EXTR/EXTR_Daily_20260620_072215.png
 create mode 100644 charts/screenshots_nasdaq/EXTR/EXTR_Daily_20260621_074605.png
 delete mode 100644 charts/screenshots_nasdaq/EXTR/EXTR_Monthly_20260620_072215.png
 create mode 100644 charts/screenshots_nasdaq/EXTR/EXTR_Monthly_20260621_074605.png
 delete mode 100644 charts/screenshots_nasdaq/EXTR/EXTR_Weekly_20260620_072215.png
 create mode 100644 charts/screenshots_nasdaq/EXTR/EXTR_Weekly_20260621_074605.png
 delete mode 100644 charts/screenshots_nasdaq/FDS/FDS_1H_20260620_082710.png
 create mode 100644 charts/screenshots_nasdaq/FDS/FDS_1H_20260621_085322.png
 delete mode 100644 charts/screenshots_nasdaq/FDS/FDS_4H_20260620_082710.png
 create mode 100644 charts/screenshots_nasdaq/FDS/FDS_4H_20260621_085322.png
 delete mode 100644 charts/screenshots_nasdaq/FDS/FDS_Daily_20260620_082710.png
 create mode 100644 charts/screenshots_nasdaq/FDS/FDS_Daily_20260621_085322.png
 delete mode 100644 charts/screenshots_nasdaq/FDS/FDS_Monthly_20260620_082710.png
 create mode 100644 charts/screenshots_nasdaq/FDS/FDS_Monthly_20260621_085322.png
 delete mode 100644 charts/screenshots_nasdaq/FDS/FDS_Weekly_20260620_082710.png
 create mode 100644 charts/screenshots_nasdaq/FDS/FDS_Weekly_20260621_085322.png
 delete mode 100644 charts/screenshots_nasdaq/FIG/FIG_1H_20260620_084816.png
 create mode 100644 charts/screenshots_nasdaq/FIG/FIG_1H_20260621_091309.png
 delete mode 100644 charts/screenshots_nasdaq/FIG/FIG_4H_20260620_084816.png
 create mode 100644 charts/screenshots_nasdaq/FIG/FIG_4H_20260621_091309.png
 delete mode 100644 charts/screenshots_nasdaq/FIG/FIG_Daily_20260620_084816.png
 create mode 100644 charts/screenshots_nasdaq/FIG/FIG_Daily_20260621_091309.png
 delete mode 100644 charts/screenshots_nasdaq/FIG/FIG_Monthly_20260620_084816.png
 create mode 100644 charts/screenshots_nasdaq/FIG/FIG_Monthly_20260621_091309.png
 delete mode 100644 charts/screenshots_nasdaq/FIG/FIG_Weekly_20260620_084816.png
 create mode 100644 charts/screenshots_nasdaq/FIG/FIG_Weekly_20260621_091309.png
 delete mode 100644 charts/screenshots_nasdaq/FIGR/FIGR_1H_20260620_083744.png
 create mode 100644 charts/screenshots_nasdaq/FIGR/FIGR_1H_20260621_090357.png
 delete mode 100644 charts/screenshots_nasdaq/FIGR/FIGR_4H_20260620_083744.png
 create mode 100644 charts/screenshots_nasdaq/FIGR/FIGR_4H_20260621_090357.png
 delete mode 100644 charts/screenshots_nasdaq/FIGR/FIGR_Daily_20260620_083744.png
 create mode 100644 charts/screenshots_nasdaq/FIGR/FIGR_Daily_20260621_090357.png
 delete mode 100644 charts/screenshots_nasdaq/FIGR/FIGR_Monthly_20260620_083744.png
 create mode 100644 charts/screenshots_nasdaq/FIGR/FIGR_Monthly_20260621_090357.png
 delete mode 100644 charts/screenshots_nasdaq/FIGR/FIGR_Weekly_20260620_083744.png
 create mode 100644 charts/screenshots_nasdaq/FIGR/FIGR_Weekly_20260621_090357.png
 delete mode 100644 charts/screenshots_nasdaq/FIS/FIS_1H_20260620_082909.png
 create mode 100644 charts/screenshots_nasdaq/FIS/FIS_1H_20260621_085521.png
 delete mode 100644 charts/screenshots_nasdaq/FIS/FIS_4H_20260620_082909.png
 create mode 100644 charts/screenshots_nasdaq/FIS/FIS_4H_20260621_085521.png
 delete mode 100644 charts/screenshots_nasdaq/FIS/FIS_Daily_20260620_082909.png
 create mode 100644 charts/screenshots_nasdaq/FIS/FIS_Daily_20260621_085521.png
 delete mode 100644 charts/screenshots_nasdaq/FIS/FIS_Monthly_20260620_082909.png
 create mode 100644 charts/screenshots_nasdaq/FIS/FIS_Monthly_20260621_085521.png
 delete mode 100644 charts/screenshots_nasdaq/FIS/FIS_Weekly_20260620_082909.png
 create mode 100644 charts/screenshots_nasdaq/FIS/FIS_Weekly_20260621_085521.png
 delete mode 100644 charts/screenshots_nasdaq/FISV/FISV_1H_20260620_083625.png
 create mode 100644 charts/screenshots_nasdaq/FISV/FISV_1H_20260621_090237.png
 delete mode 100644 charts/screenshots_nasdaq/FISV/FISV_4H_20260620_083625.png
 create mode 100644 charts/screenshots_nasdaq/FISV/FISV_4H_20260621_090237.png
 delete mode 100644 charts/screenshots_nasdaq/FISV/FISV_Daily_20260620_083625.png
 create mode 100644 charts/screenshots_nasdaq/FISV/FISV_Daily_20260621_090237.png
 delete mode 100644 charts/screenshots_nasdaq/FISV/FISV_Monthly_20260620_083625.png
 create mode 100644 charts/screenshots_nasdaq/FISV/FISV_Monthly_20260621_090237.png
 rename charts/screenshots_nasdaq/FISV/{FISV_Weekly_20260620_083625.png => FISV_Weekly_20260621_090237.png} (93%)
 delete mode 100644 charts/screenshots_nasdaq/FORM/FORM_1H_20260620_071419.png
 create mode 100644 charts/screenshots_nasdaq/FORM/FORM_1H_20260621_073932.png
 delete mode 100644 charts/screenshots_nasdaq/FORM/FORM_4H_20260620_071419.png
 create mode 100644 charts/screenshots_nasdaq/FORM/FORM_4H_20260621_073932.png
 delete mode 100644 charts/screenshots_nasdaq/FORM/FORM_Daily_20260620_071419.png
 create mode 100644 charts/screenshots_nasdaq/FORM/FORM_Daily_20260621_073932.png
 delete mode 100644 charts/screenshots_nasdaq/FORM/FORM_Monthly_20260620_071419.png
 create mode 100644 charts/screenshots_nasdaq/FORM/FORM_Monthly_20260621_073932.png
 delete mode 100644 charts/screenshots_nasdaq/FORM/FORM_Weekly_20260620_071419.png
 create mode 100644 charts/screenshots_nasdaq/FORM/FORM_Weekly_20260621_073932.png
 delete mode 100644 charts/screenshots_nasdaq/FRMI/FRMI_1H_20260620_081119.png
 create mode 100644 charts/screenshots_nasdaq/FRMI/FRMI_1H_20260621_083810.png
 delete mode 100644 charts/screenshots_nasdaq/FRMI/FRMI_4H_20260620_081119.png
 create mode 100644 charts/screenshots_nasdaq/FRMI/FRMI_4H_20260621_083810.png
 delete mode 100644 charts/screenshots_nasdaq/FRMI/FRMI_Daily_20260620_081119.png
 create mode 100644 charts/screenshots_nasdaq/FRMI/FRMI_Daily_20260621_083810.png
 delete mode 100644 charts/screenshots_nasdaq/FRMI/FRMI_Monthly_20260620_081119.png
 create mode 100644 charts/screenshots_nasdaq/FRMI/FRMI_Monthly_20260621_083810.png
 delete mode 100644 charts/screenshots_nasdaq/FRMI/FRMI_Weekly_20260620_081119.png
 create mode 100644 charts/screenshots_nasdaq/FRMI/FRMI_Weekly_20260621_083810.png
 delete mode 100644 charts/screenshots_nasdaq/GE/GE_1H_20260620_070700.png
 create mode 100644 charts/screenshots_nasdaq/GE/GE_1H_20260621_073139.png
 delete mode 100644 charts/screenshots_nasdaq/GE/GE_4H_20260620_070700.png
 create mode 100644 charts/screenshots_nasdaq/GE/GE_4H_20260621_073139.png
 delete mode 100644 charts/screenshots_nasdaq/GE/GE_Daily_20260620_070700.png
 create mode 100644 charts/screenshots_nasdaq/GE/GE_Daily_20260621_073139.png
 delete mode 100644 charts/screenshots_nasdaq/GE/GE_Monthly_20260620_070700.png
 create mode 100644 charts/screenshots_nasdaq/GE/GE_Monthly_20260621_073139.png
 delete mode 100644 charts/screenshots_nasdaq/GE/GE_Weekly_20260620_070700.png
 create mode 100644 charts/screenshots_nasdaq/GE/GE_Weekly_20260621_073139.png
 delete mode 100644 charts/screenshots_nasdaq/GEO/GEO_1H_20260620_071300.png
 create mode 100644 charts/screenshots_nasdaq/GEO/GEO_1H_20260621_073814.png
 delete mode 100644 charts/screenshots_nasdaq/GEO/GEO_4H_20260620_071300.png
 create mode 100644 charts/screenshots_nasdaq/GEO/GEO_4H_20260621_073814.png
 delete mode 100644 charts/screenshots_nasdaq/GEO/GEO_Daily_20260620_071300.png
 create mode 100644 charts/screenshots_nasdaq/GEO/GEO_Daily_20260621_073814.png
 delete mode 100644 charts/screenshots_nasdaq/GEO/GEO_Monthly_20260620_071300.png
 create mode 100644 charts/screenshots_nasdaq/GEO/GEO_Monthly_20260621_073814.png
 delete mode 100644 charts/screenshots_nasdaq/GEO/GEO_Weekly_20260620_071300.png
 create mode 100644 charts/screenshots_nasdaq/GEO/GEO_Weekly_20260621_073814.png
 delete mode 100644 charts/screenshots_nasdaq/GTES/GTES_1H_20260620_071537.png
 create mode 100644 charts/screenshots_nasdaq/GTES/GTES_1H_20260621_074051.png
 delete mode 100644 charts/screenshots_nasdaq/GTES/GTES_4H_20260620_071537.png
 create mode 100644 charts/screenshots_nasdaq/GTES/GTES_4H_20260621_074051.png
 delete mode 100644 charts/screenshots_nasdaq/GTES/GTES_Daily_20260620_071537.png
 create mode 100644 charts/screenshots_nasdaq/GTES/GTES_Daily_20260621_074051.png
 delete mode 100644 charts/screenshots_nasdaq/GTES/GTES_Monthly_20260620_071537.png
 create mode 100644 charts/screenshots_nasdaq/GTES/GTES_Monthly_20260621_074051.png
 delete mode 100644 charts/screenshots_nasdaq/GTES/GTES_Weekly_20260620_071537.png
 create mode 100644 charts/screenshots_nasdaq/GTES/GTES_Weekly_20260621_074051.png
 delete mode 100644 charts/screenshots_nasdaq/H/H_1H_20260620_073812.png
 create mode 100644 charts/screenshots_nasdaq/H/H_1H_20260621_080235.png
 delete mode 100644 charts/screenshots_nasdaq/H/H_4H_20260620_073812.png
 create mode 100644 charts/screenshots_nasdaq/H/H_4H_20260621_080235.png
 delete mode 100644 charts/screenshots_nasdaq/H/H_Daily_20260620_073812.png
 create mode 100644 charts/screenshots_nasdaq/H/H_Daily_20260621_080235.png
 delete mode 100644 charts/screenshots_nasdaq/H/H_Monthly_20260620_073812.png
 create mode 100644 charts/screenshots_nasdaq/H/H_Monthly_20260621_080235.png
 delete mode 100644 charts/screenshots_nasdaq/H/H_Weekly_20260620_073812.png
 create mode 100644 charts/screenshots_nasdaq/H/H_Weekly_20260621_080235.png
 delete mode 100644 charts/screenshots_nasdaq/HNGE/HNGE_1H_20260620_071140.png
 create mode 100644 charts/screenshots_nasdaq/HNGE/HNGE_1H_20260621_073655.png
 delete mode 100644 charts/screenshots_nasdaq/HNGE/HNGE_4H_20260620_071140.png
 create mode 100644 charts/screenshots_nasdaq/HNGE/HNGE_4H_20260621_073655.png
 delete mode 100644 charts/screenshots_nasdaq/HNGE/HNGE_Daily_20260620_071140.png
 create mode 100644 charts/screenshots_nasdaq/HNGE/HNGE_Daily_20260621_073655.png
 delete mode 100644 charts/screenshots_nasdaq/HNGE/HNGE_Monthly_20260620_071140.png
 create mode 100644 charts/screenshots_nasdaq/HNGE/HNGE_Monthly_20260621_073655.png
 delete mode 100644 charts/screenshots_nasdaq/HNGE/HNGE_Weekly_20260620_071140.png
 create mode 100644 charts/screenshots_nasdaq/HNGE/HNGE_Weekly_20260621_073655.png
 delete mode 100644 charts/screenshots_nasdaq/HXL/HXL_1H_20260620_070740.png
 create mode 100644 charts/screenshots_nasdaq/HXL/HXL_1H_20260621_073219.png
 delete mode 100644 charts/screenshots_nasdaq/HXL/HXL_4H_20260620_070740.png
 create mode 100644 charts/screenshots_nasdaq/HXL/HXL_4H_20260621_073219.png
 delete mode 100644 charts/screenshots_nasdaq/HXL/HXL_Daily_20260620_070740.png
 create mode 100644 charts/screenshots_nasdaq/HXL/HXL_Daily_20260621_073219.png
 delete mode 100644 charts/screenshots_nasdaq/HXL/HXL_Monthly_20260620_070740.png
 create mode 100644 charts/screenshots_nasdaq/HXL/HXL_Monthly_20260621_073219.png
 delete mode 100644 charts/screenshots_nasdaq/HXL/HXL_Weekly_20260620_070740.png
 create mode 100644 charts/screenshots_nasdaq/HXL/HXL_Weekly_20260621_073219.png
 delete mode 100644 charts/screenshots_nasdaq/HYLN/HYLN_1H_20260620_073852.png
 create mode 100644 charts/screenshots_nasdaq/HYLN/HYLN_1H_20260621_080315.png
 delete mode 100644 charts/screenshots_nasdaq/HYLN/HYLN_4H_20260620_073852.png
 create mode 100644 charts/screenshots_nasdaq/HYLN/HYLN_4H_20260621_080315.png
 delete mode 100644 charts/screenshots_nasdaq/HYLN/HYLN_Daily_20260620_073852.png
 create mode 100644 charts/screenshots_nasdaq/HYLN/HYLN_Daily_20260621_080315.png
 delete mode 100644 charts/screenshots_nasdaq/HYLN/HYLN_Monthly_20260620_073852.png
 create mode 100644 charts/screenshots_nasdaq/HYLN/HYLN_Monthly_20260621_080315.png
 delete mode 100644 charts/screenshots_nasdaq/HYLN/HYLN_Weekly_20260620_073852.png
 create mode 100644 charts/screenshots_nasdaq/HYLN/HYLN_Weekly_20260621_080315.png
 delete mode 100644 charts/screenshots_nasdaq/HYMC/HYMC_1H_20260620_082510.png
 create mode 100644 charts/screenshots_nasdaq/HYMC/HYMC_1H_20260621_085122.png
 delete mode 100644 charts/screenshots_nasdaq/HYMC/HYMC_4H_20260620_082510.png
 create mode 100644 charts/screenshots_nasdaq/HYMC/HYMC_4H_20260621_085122.png
 delete mode 100644 charts/screenshots_nasdaq/HYMC/HYMC_Daily_20260620_082510.png
 create mode 100644 charts/screenshots_nasdaq/HYMC/HYMC_Daily_20260621_085122.png
 delete mode 100644 charts/screenshots_nasdaq/HYMC/HYMC_Monthly_20260620_082510.png
 create mode 100644 charts/screenshots_nasdaq/HYMC/HYMC_Monthly_20260621_085122.png
 delete mode 100644 charts/screenshots_nasdaq/HYMC/HYMC_Weekly_20260620_082510.png
 create mode 100644 charts/screenshots_nasdaq/HYMC/HYMC_Weekly_20260621_085122.png
 delete mode 100644 charts/screenshots_nasdaq/ICHR/ICHR_1H_20260620_071458.png
 create mode 100644 charts/screenshots_nasdaq/ICHR/ICHR_1H_20260621_074011.png
 delete mode 100644 charts/screenshots_nasdaq/ICHR/ICHR_4H_20260620_071458.png
 create mode 100644 charts/screenshots_nasdaq/ICHR/ICHR_4H_20260621_074011.png
 delete mode 100644 charts/screenshots_nasdaq/ICHR/ICHR_Daily_20260620_071458.png
 create mode 100644 charts/screenshots_nasdaq/ICHR/ICHR_Daily_20260621_074011.png
 delete mode 100644 charts/screenshots_nasdaq/ICHR/ICHR_Monthly_20260620_071458.png
 create mode 100644 charts/screenshots_nasdaq/ICHR/ICHR_Monthly_20260621_074011.png
 delete mode 100644 charts/screenshots_nasdaq/ICHR/ICHR_Weekly_20260620_071458.png
 create mode 100644 charts/screenshots_nasdaq/ICHR/ICHR_Weekly_20260621_074011.png
 delete mode 100644 charts/screenshots_nasdaq/INHD/INHD_1H_20260620_082112.png
 create mode 100644 charts/screenshots_nasdaq/INHD/INHD_1H_20260621_084645.png
 delete mode 100644 charts/screenshots_nasdaq/INHD/INHD_4H_20260620_082112.png
 create mode 100644 charts/screenshots_nasdaq/INHD/INHD_4H_20260621_084645.png
 rename charts/screenshots_nasdaq/INHD/{INHD_Daily_20260620_082112.png => INHD_Daily_20260621_084645.png} (95%)
 delete mode 100644 charts/screenshots_nasdaq/INHD/INHD_Monthly_20260620_082112.png
 create mode 100644 charts/screenshots_nasdaq/INHD/INHD_Monthly_20260621_084645.png
 rename charts/screenshots_nasdaq/INHD/{INHD_Weekly_20260620_082112.png => INHD_Weekly_20260621_084645.png} (93%)
 delete mode 100644 charts/screenshots_nasdaq/INSM/INSM_1H_20260620_082949.png
 create mode 100644 charts/screenshots_nasdaq/INSM/INSM_1H_20260621_085601.png
 delete mode 100644 charts/screenshots_nasdaq/INSM/INSM_4H_20260620_082949.png
 create mode 100644 charts/screenshots_nasdaq/INSM/INSM_4H_20260621_085601.png
 delete mode 100644 charts/screenshots_nasdaq/INSM/INSM_Daily_20260620_082949.png
 create mode 100644 charts/screenshots_nasdaq/INSM/INSM_Daily_20260621_085601.png
 delete mode 100644 charts/screenshots_nasdaq/INSM/INSM_Monthly_20260620_082949.png
 create mode 100644 charts/screenshots_nasdaq/INSM/INSM_Monthly_20260621_085601.png
 delete mode 100644 charts/screenshots_nasdaq/INSM/INSM_Weekly_20260620_082949.png
 create mode 100644 charts/screenshots_nasdaq/INSM/INSM_Weekly_20260621_085601.png
 delete mode 100644 charts/screenshots_nasdaq/INTU/INTU_1H_20260620_083824.png
 create mode 100644 charts/screenshots_nasdaq/INTU/INTU_1H_20260621_090436.png
 delete mode 100644 charts/screenshots_nasdaq/INTU/INTU_4H_20260620_083824.png
 create mode 100644 charts/screenshots_nasdaq/INTU/INTU_4H_20260621_090436.png
 delete mode 100644 charts/screenshots_nasdaq/INTU/INTU_Daily_20260620_083824.png
 create mode 100644 charts/screenshots_nasdaq/INTU/INTU_Daily_20260621_090436.png
 delete mode 100644 charts/screenshots_nasdaq/INTU/INTU_Monthly_20260620_083824.png
 create mode 100644 charts/screenshots_nasdaq/INTU/INTU_Monthly_20260621_090436.png
 delete mode 100644 charts/screenshots_nasdaq/INTU/INTU_Weekly_20260620_083824.png
 create mode 100644 charts/screenshots_nasdaq/INTU/INTU_Weekly_20260621_090436.png
 delete mode 100644 charts/screenshots_nasdaq/KD/KD_1H_20260620_083903.png
 create mode 100644 charts/screenshots_nasdaq/KD/KD_1H_20260621_090516.png
 delete mode 100644 charts/screenshots_nasdaq/KD/KD_4H_20260620_083903.png
 create mode 100644 charts/screenshots_nasdaq/KD/KD_4H_20260621_090516.png
 delete mode 100644 charts/screenshots_nasdaq/KD/KD_Daily_20260620_083903.png
 create mode 100644 charts/screenshots_nasdaq/KD/KD_Daily_20260621_090516.png
 delete mode 100644 charts/screenshots_nasdaq/KD/KD_Monthly_20260620_083903.png
 create mode 100644 charts/screenshots_nasdaq/KD/KD_Monthly_20260621_090516.png
 rename charts/screenshots_nasdaq/KD/{KD_Weekly_20260620_083903.png => KD_Weekly_20260621_090516.png} (96%)
 delete mode 100644 charts/screenshots_nasdaq/KEEL/KEEL_1H_20260620_072255.png
 create mode 100644 charts/screenshots_nasdaq/KEEL/KEEL_1H_20260621_074645.png
 delete mode 100644 charts/screenshots_nasdaq/KEEL/KEEL_4H_20260620_072255.png
 create mode 100644 charts/screenshots_nasdaq/KEEL/KEEL_4H_20260621_074645.png
 delete mode 100644 charts/screenshots_nasdaq/KEEL/KEEL_Daily_20260620_072255.png
 create mode 100644 charts/screenshots_nasdaq/KEEL/KEEL_Daily_20260621_074645.png
 delete mode 100644 charts/screenshots_nasdaq/KEEL/KEEL_Monthly_20260620_072255.png
 create mode 100644 charts/screenshots_nasdaq/KEEL/KEEL_Monthly_20260621_074645.png
 delete mode 100644 charts/screenshots_nasdaq/KEEL/KEEL_Weekly_20260620_072255.png
 create mode 100644 charts/screenshots_nasdaq/KEEL/KEEL_Weekly_20260621_074645.png
 delete mode 100644 charts/screenshots_nasdaq/KLAC/KLAC_1H_20260620_070541.png
 create mode 100644 charts/screenshots_nasdaq/KLAC/KLAC_1H_20260621_073059.png
 delete mode 100644 charts/screenshots_nasdaq/KLAC/KLAC_4H_20260620_070541.png
 create mode 100644 charts/screenshots_nasdaq/KLAC/KLAC_4H_20260621_073059.png
 delete mode 100644 charts/screenshots_nasdaq/KLAC/KLAC_Daily_20260620_070541.png
 create mode 100644 charts/screenshots_nasdaq/KLAC/KLAC_Daily_20260621_073059.png
 delete mode 100644 charts/screenshots_nasdaq/KLAC/KLAC_Monthly_20260620_070541.png
 create mode 100644 charts/screenshots_nasdaq/KLAC/KLAC_Monthly_20260621_073059.png
 delete mode 100644 charts/screenshots_nasdaq/KLAC/KLAC_Weekly_20260620_070541.png
 create mode 100644 charts/screenshots_nasdaq/KLAC/KLAC_Weekly_20260621_073059.png
 rename charts/screenshots_nasdaq/KLAR/{KLAR_1H_20260620_081753.png => KLAR_1H_20260621_084406.png} (97%)
 delete mode 100644 charts/screenshots_nasdaq/KLAR/KLAR_4H_20260620_081753.png
 create mode 100644 charts/screenshots_nasdaq/KLAR/KLAR_4H_20260621_084406.png
 delete mode 100644 charts/screenshots_nasdaq/KLAR/KLAR_Daily_20260620_081753.png
 create mode 100644 charts/screenshots_nasdaq/KLAR/KLAR_Daily_20260621_084406.png
 delete mode 100644 charts/screenshots_nasdaq/KLAR/KLAR_Monthly_20260620_081753.png
 create mode 100644 charts/screenshots_nasdaq/KLAR/KLAR_Monthly_20260621_084406.png
 delete mode 100644 charts/screenshots_nasdaq/KLAR/KLAR_Weekly_20260620_081753.png
 create mode 100644 charts/screenshots_nasdaq/KLAR/KLAR_Weekly_20260621_084406.png
 delete mode 100644 charts/screenshots_nasdaq/KLIC/KLIC_1H_20260620_070501.png
 create mode 100644 charts/screenshots_nasdaq/KLIC/KLIC_1H_20260621_073020.png
 delete mode 100644 charts/screenshots_nasdaq/KLIC/KLIC_4H_20260620_070501.png
 create mode 100644 charts/screenshots_nasdaq/KLIC/KLIC_4H_20260621_073020.png
 delete mode 100644 charts/screenshots_nasdaq/KLIC/KLIC_Daily_20260620_070501.png
 create mode 100644 charts/screenshots_nasdaq/KLIC/KLIC_Daily_20260621_073020.png
 delete mode 100644 charts/screenshots_nasdaq/KLIC/KLIC_Monthly_20260620_070501.png
 create mode 100644 charts/screenshots_nasdaq/KLIC/KLIC_Monthly_20260621_073020.png
 delete mode 100644 charts/screenshots_nasdaq/KLIC/KLIC_Weekly_20260620_070501.png
 create mode 100644 charts/screenshots_nasdaq/KLIC/KLIC_Weekly_20260621_073020.png
 delete mode 100644 charts/screenshots_nasdaq/KRMN/KRMN_1H_20260620_083108.png
 create mode 100644 charts/screenshots_nasdaq/KRMN/KRMN_1H_20260621_085720.png
 delete mode 100644 charts/screenshots_nasdaq/KRMN/KRMN_4H_20260620_083108.png
 create mode 100644 charts/screenshots_nasdaq/KRMN/KRMN_4H_20260621_085720.png
 delete mode 100644 charts/screenshots_nasdaq/KRMN/KRMN_Daily_20260620_083108.png
 create mode 100644 charts/screenshots_nasdaq/KRMN/KRMN_Daily_20260621_085720.png
 delete mode 100644 charts/screenshots_nasdaq/KRMN/KRMN_Monthly_20260620_083108.png
 create mode 100644 charts/screenshots_nasdaq/KRMN/KRMN_Monthly_20260621_085720.png
 delete mode 100644 charts/screenshots_nasdaq/KRMN/KRMN_Weekly_20260620_083108.png
 create mode 100644 charts/screenshots_nasdaq/KRMN/KRMN_Weekly_20260621_085720.png
 delete mode 100644 charts/screenshots_nasdaq/LAC/LAC_1H_20260620_083307.png
 create mode 100644 charts/screenshots_nasdaq/LAC/LAC_1H_20260621_085918.png
 delete mode 100644 charts/screenshots_nasdaq/LAC/LAC_4H_20260620_083307.png
 create mode 100644 charts/screenshots_nasdaq/LAC/LAC_4H_20260621_085918.png
 delete mode 100644 charts/screenshots_nasdaq/LAC/LAC_Daily_20260620_083307.png
 create mode 100644 charts/screenshots_nasdaq/LAC/LAC_Daily_20260621_085918.png
 delete mode 100644 charts/screenshots_nasdaq/LAC/LAC_Monthly_20260620_083307.png
 create mode 100644 charts/screenshots_nasdaq/LAC/LAC_Monthly_20260621_085918.png
 delete mode 100644 charts/screenshots_nasdaq/LAC/LAC_Weekly_20260620_083307.png
 create mode 100644 charts/screenshots_nasdaq/LAC/LAC_Weekly_20260621_085918.png
 delete mode 100644 charts/screenshots_nasdaq/LASE/LASE_1H_20260620_080921.png
 create mode 100644 charts/screenshots_nasdaq/LASE/LASE_1H_20260621_083610.png
 delete mode 100644 charts/screenshots_nasdaq/LASE/LASE_4H_20260620_080921.png
 create mode 100644 charts/screenshots_nasdaq/LASE/LASE_4H_20260621_083610.png
 delete mode 100644 charts/screenshots_nasdaq/LASE/LASE_Daily_20260620_080921.png
 create mode 100644 charts/screenshots_nasdaq/LASE/LASE_Daily_20260621_083610.png
 delete mode 100644 charts/screenshots_nasdaq/LASE/LASE_Monthly_20260620_080921.png
 create mode 100644 charts/screenshots_nasdaq/LASE/LASE_Monthly_20260621_083610.png
 delete mode 100644 charts/screenshots_nasdaq/LASE/LASE_Weekly_20260620_080921.png
 create mode 100644 charts/screenshots_nasdaq/LASE/LASE_Weekly_20260621_083610.png
 delete mode 100644 charts/screenshots_nasdaq/LBRDK/LBRDK_1H_20260620_083147.png
 create mode 100644 charts/screenshots_nasdaq/LBRDK/LBRDK_1H_20260621_085800.png
 delete mode 100644 charts/screenshots_nasdaq/LBRDK/LBRDK_4H_20260620_083147.png
 create mode 100644 charts/screenshots_nasdaq/LBRDK/LBRDK_4H_20260621_085800.png
 delete mode 100644 charts/screenshots_nasdaq/LBRDK/LBRDK_Daily_20260620_083147.png
 create mode 100644 charts/screenshots_nasdaq/LBRDK/LBRDK_Daily_20260621_085800.png
 delete mode 100644 charts/screenshots_nasdaq/LBRDK/LBRDK_Monthly_20260620_083147.png
 create mode 100644 charts/screenshots_nasdaq/LBRDK/LBRDK_Monthly_20260621_085800.png
 delete mode 100644 charts/screenshots_nasdaq/LBRDK/LBRDK_Weekly_20260620_083147.png
 create mode 100644 charts/screenshots_nasdaq/LBRDK/LBRDK_Weekly_20260621_085800.png
 delete mode 100644 charts/screenshots_nasdaq/LGND/LGND_1H_20260620_072812.png
 create mode 100644 charts/screenshots_nasdaq/LGND/LGND_1H_20260621_075122.png
 delete mode 100644 charts/screenshots_nasdaq/LGND/LGND_4H_20260620_072812.png
 create mode 100644 charts/screenshots_nasdaq/LGND/LGND_4H_20260621_075122.png
 delete mode 100644 charts/screenshots_nasdaq/LGND/LGND_Daily_20260620_072812.png
 create mode 100644 charts/screenshots_nasdaq/LGND/LGND_Daily_20260621_075122.png
 delete mode 100644 charts/screenshots_nasdaq/LGND/LGND_Monthly_20260620_072812.png
 create mode 100644 charts/screenshots_nasdaq/LGND/LGND_Monthly_20260621_075122.png
 delete mode 100644 charts/screenshots_nasdaq/LGND/LGND_Weekly_20260620_072812.png
 create mode 100644 charts/screenshots_nasdaq/LGND/LGND_Weekly_20260621_075122.png
 delete mode 100644 charts/screenshots_nasdaq/LRCX/LRCX_1H_20260620_071100.png
 create mode 100644 charts/screenshots_nasdaq/LRCX/LRCX_1H_20260621_073615.png
 delete mode 100644 charts/screenshots_nasdaq/LRCX/LRCX_4H_20260620_071100.png
 create mode 100644 charts/screenshots_nasdaq/LRCX/LRCX_4H_20260621_073615.png
 delete mode 100644 charts/screenshots_nasdaq/LRCX/LRCX_Daily_20260620_071100.png
 create mode 100644 charts/screenshots_nasdaq/LRCX/LRCX_Daily_20260621_073615.png
 delete mode 100644 charts/screenshots_nasdaq/LRCX/LRCX_Monthly_20260620_071100.png
 create mode 100644 charts/screenshots_nasdaq/LRCX/LRCX_Monthly_20260621_073615.png
 delete mode 100644 charts/screenshots_nasdaq/LRCX/LRCX_Weekly_20260620_071100.png
 create mode 100644 charts/screenshots_nasdaq/LRCX/LRCX_Weekly_20260621_073615.png
 delete mode 100644 charts/screenshots_nasdaq/LRN/LRN_1H_20260620_081555.png
 create mode 100644 charts/screenshots_nasdaq/LRN/LRN_1H_20260621_084207.png
 delete mode 100644 charts/screenshots_nasdaq/LRN/LRN_4H_20260620_081555.png
 create mode 100644 charts/screenshots_nasdaq/LRN/LRN_4H_20260621_084207.png
 rename charts/screenshots_nasdaq/LRN/{LRN_Daily_20260620_081555.png => LRN_Daily_20260621_084207.png} (95%)
 delete mode 100644 charts/screenshots_nasdaq/LRN/LRN_Monthly_20260620_081555.png
 create mode 100644 charts/screenshots_nasdaq/LRN/LRN_Monthly_20260621_084207.png
 delete mode 100644 charts/screenshots_nasdaq/LRN/LRN_Weekly_20260620_081555.png
 create mode 100644 charts/screenshots_nasdaq/LRN/LRN_Weekly_20260621_084207.png
 delete mode 100644 charts/screenshots_nasdaq/LUNR/LUNR_1H_20260620_083227.png
 create mode 100644 charts/screenshots_nasdaq/LUNR/LUNR_1H_20260621_085839.png
 delete mode 100644 charts/screenshots_nasdaq/LUNR/LUNR_4H_20260620_083227.png
 create mode 100644 charts/screenshots_nasdaq/LUNR/LUNR_4H_20260621_085839.png
 delete mode 100644 charts/screenshots_nasdaq/LUNR/LUNR_Daily_20260620_083227.png
 create mode 100644 charts/screenshots_nasdaq/LUNR/LUNR_Daily_20260621_085839.png
 delete mode 100644 charts/screenshots_nasdaq/LUNR/LUNR_Monthly_20260620_083227.png
 create mode 100644 charts/screenshots_nasdaq/LUNR/LUNR_Monthly_20260621_085839.png
 delete mode 100644 charts/screenshots_nasdaq/LUNR/LUNR_Weekly_20260620_083227.png
 create mode 100644 charts/screenshots_nasdaq/LUNR/LUNR_Weekly_20260621_085839.png
 delete mode 100644 charts/screenshots_nasdaq/MIDD/MIDD_1H_20260620_071656.png
 create mode 100644 charts/screenshots_nasdaq/MIDD/MIDD_1H_20260621_074210.png
 delete mode 100644 charts/screenshots_nasdaq/MIDD/MIDD_4H_20260620_071656.png
 create mode 100644 charts/screenshots_nasdaq/MIDD/MIDD_4H_20260621_074210.png
 delete mode 100644 charts/screenshots_nasdaq/MIDD/MIDD_Daily_20260620_071656.png
 create mode 100644 charts/screenshots_nasdaq/MIDD/MIDD_Daily_20260621_074210.png
 delete mode 100644 charts/screenshots_nasdaq/MIDD/MIDD_Monthly_20260620_071656.png
 create mode 100644 charts/screenshots_nasdaq/MIDD/MIDD_Monthly_20260621_074210.png
 delete mode 100644 charts/screenshots_nasdaq/MIDD/MIDD_Weekly_20260620_071656.png
 create mode 100644 charts/screenshots_nasdaq/MIDD/MIDD_Weekly_20260621_074210.png
 delete mode 100644 charts/screenshots_nasdaq/MKSI/MKSI_1H_20260620_071736.png
 create mode 100644 charts/screenshots_nasdaq/MKSI/MKSI_1H_20260621_074250.png
 delete mode 100644 charts/screenshots_nasdaq/MKSI/MKSI_4H_20260620_071736.png
 create mode 100644 charts/screenshots_nasdaq/MKSI/MKSI_4H_20260621_074250.png
 delete mode 100644 charts/screenshots_nasdaq/MKSI/MKSI_Daily_20260620_071736.png
 create mode 100644 charts/screenshots_nasdaq/MKSI/MKSI_Daily_20260621_074250.png
 delete mode 100644 charts/screenshots_nasdaq/MKSI/MKSI_Monthly_20260620_071736.png
 create mode 100644 charts/screenshots_nasdaq/MKSI/MKSI_Monthly_20260621_074250.png
 delete mode 100644 charts/screenshots_nasdaq/MKSI/MKSI_Weekly_20260620_071736.png
 create mode 100644 charts/screenshots_nasdaq/MKSI/MKSI_Weekly_20260621_074250.png
 delete mode 100644 charts/screenshots_nasdaq/MNTS/MNTS_1H_20260620_075924.png
 create mode 100644 charts/screenshots_nasdaq/MNTS/MNTS_1H_20260621_082458.png
 delete mode 100644 charts/screenshots_nasdaq/MNTS/MNTS_4H_20260620_075924.png
 create mode 100644 charts/screenshots_nasdaq/MNTS/MNTS_4H_20260621_082458.png
 delete mode 100644 charts/screenshots_nasdaq/MNTS/MNTS_Daily_20260620_075924.png
 create mode 100644 charts/screenshots_nasdaq/MNTS/MNTS_Daily_20260621_082458.png
 delete mode 100644 charts/screenshots_nasdaq/MNTS/MNTS_Monthly_20260620_075924.png
 create mode 100644 charts/screenshots_nasdaq/MNTS/MNTS_Monthly_20260621_082458.png
 delete mode 100644 charts/screenshots_nasdaq/MNTS/MNTS_Weekly_20260620_075924.png
 create mode 100644 charts/screenshots_nasdaq/MNTS/MNTS_Weekly_20260621_082458.png
 delete mode 100644 charts/screenshots_nasdaq/MOD/MOD_1H_20260620_081833.png
 create mode 100644 charts/screenshots_nasdaq/MOD/MOD_1H_20260621_084445.png
 delete mode 100644 charts/screenshots_nasdaq/MOD/MOD_4H_20260620_081833.png
 create mode 100644 charts/screenshots_nasdaq/MOD/MOD_4H_20260621_084445.png
 delete mode 100644 charts/screenshots_nasdaq/MOD/MOD_Daily_20260620_081833.png
 create mode 100644 charts/screenshots_nasdaq/MOD/MOD_Daily_20260621_084445.png
 delete mode 100644 charts/screenshots_nasdaq/MOD/MOD_Monthly_20260620_081833.png
 create mode 100644 charts/screenshots_nasdaq/MOD/MOD_Monthly_20260621_084445.png
 delete mode 100644 charts/screenshots_nasdaq/MOD/MOD_Weekly_20260620_081833.png
 create mode 100644 charts/screenshots_nasdaq/MOD/MOD_Weekly_20260621_084445.png
 delete mode 100644 charts/screenshots_nasdaq/MRNA/MRNA_1H_20260620_072533.png
 create mode 100644 charts/screenshots_nasdaq/MRNA/MRNA_1H_20260621_074843.png
 delete mode 100644 charts/screenshots_nasdaq/MRNA/MRNA_4H_20260620_072533.png
 create mode 100644 charts/screenshots_nasdaq/MRNA/MRNA_4H_20260621_074843.png
 delete mode 100644 charts/screenshots_nasdaq/MRNA/MRNA_Daily_20260620_072533.png
 create mode 100644 charts/screenshots_nasdaq/MRNA/MRNA_Daily_20260621_074843.png
 delete mode 100644 charts/screenshots_nasdaq/MRNA/MRNA_Monthly_20260620_072533.png
 create mode 100644 charts/screenshots_nasdaq/MRNA/MRNA_Monthly_20260621_074843.png
 delete mode 100644 charts/screenshots_nasdaq/MRNA/MRNA_Weekly_20260620_072533.png
 create mode 100644 charts/screenshots_nasdaq/MRNA/MRNA_Weekly_20260621_074843.png
 delete mode 100644 charts/screenshots_nasdaq/MRVL/MRVL_1H_20260620_065941.png
 create mode 100644 charts/screenshots_nasdaq/MRVL/MRVL_1H_20260621_072623.png
 delete mode 100644 charts/screenshots_nasdaq/MRVL/MRVL_4H_20260620_065941.png
 create mode 100644 charts/screenshots_nasdaq/MRVL/MRVL_4H_20260621_072623.png
 delete mode 100644 charts/screenshots_nasdaq/MRVL/MRVL_Daily_20260620_065941.png
 create mode 100644 charts/screenshots_nasdaq/MRVL/MRVL_Daily_20260621_072623.png
 delete mode 100644 charts/screenshots_nasdaq/MRVL/MRVL_Monthly_20260620_065941.png
 create mode 100644 charts/screenshots_nasdaq/MRVL/MRVL_Monthly_20260621_072623.png
 delete mode 100644 charts/screenshots_nasdaq/MRVL/MRVL_Weekly_20260620_065941.png
 create mode 100644 charts/screenshots_nasdaq/MRVL/MRVL_Weekly_20260621_072623.png
 delete mode 100644 charts/screenshots_nasdaq/MSTR/MSTR_1H_20260620_083028.png
 create mode 100644 charts/screenshots_nasdaq/MSTR/MSTR_1H_20260621_085641.png
 delete mode 100644 charts/screenshots_nasdaq/MSTR/MSTR_4H_20260620_083028.png
 create mode 100644 charts/screenshots_nasdaq/MSTR/MSTR_4H_20260621_085641.png
 delete mode 100644 charts/screenshots_nasdaq/MSTR/MSTR_Daily_20260620_083028.png
 create mode 100644 charts/screenshots_nasdaq/MSTR/MSTR_Daily_20260621_085641.png
 delete mode 100644 charts/screenshots_nasdaq/MSTR/MSTR_Monthly_20260620_083028.png
 create mode 100644 charts/screenshots_nasdaq/MSTR/MSTR_Monthly_20260621_085641.png
 delete mode 100644 charts/screenshots_nasdaq/MSTR/MSTR_Weekly_20260620_083028.png
 create mode 100644 charts/screenshots_nasdaq/MSTR/MSTR_Weekly_20260621_085641.png
 delete mode 100644 charts/screenshots_nasdaq/MTRN/MTRN_1H_20260620_072453.png
 create mode 100644 charts/screenshots_nasdaq/MTRN/MTRN_1H_20260621_074804.png
 delete mode 100644 charts/screenshots_nasdaq/MTRN/MTRN_4H_20260620_072453.png
 create mode 100644 charts/screenshots_nasdaq/MTRN/MTRN_4H_20260621_074804.png
 delete mode 100644 charts/screenshots_nasdaq/MTRN/MTRN_Daily_20260620_072453.png
 create mode 100644 charts/screenshots_nasdaq/MTRN/MTRN_Daily_20260621_074804.png
 delete mode 100644 charts/screenshots_nasdaq/MTRN/MTRN_Monthly_20260620_072453.png
 create mode 100644 charts/screenshots_nasdaq/MTRN/MTRN_Monthly_20260621_074804.png
 delete mode 100644 charts/screenshots_nasdaq/MTRN/MTRN_Weekly_20260620_072453.png
 create mode 100644 charts/screenshots_nasdaq/MTRN/MTRN_Weekly_20260621_074804.png
 delete mode 100644 charts/screenshots_nasdaq/MU/MU_1H_20260620_074211.png
 create mode 100644 charts/screenshots_nasdaq/MU/MU_1H_20260621_080633.png
 delete mode 100644 charts/screenshots_nasdaq/MU/MU_4H_20260620_074211.png
 create mode 100644 charts/screenshots_nasdaq/MU/MU_4H_20260621_080633.png
 delete mode 100644 charts/screenshots_nasdaq/MU/MU_Daily_20260620_074211.png
 create mode 100644 charts/screenshots_nasdaq/MU/MU_Daily_20260621_080633.png
 delete mode 100644 charts/screenshots_nasdaq/MU/MU_Monthly_20260620_074211.png
 create mode 100644 charts/screenshots_nasdaq/MU/MU_Monthly_20260621_080633.png
 delete mode 100644 charts/screenshots_nasdaq/MU/MU_Weekly_20260620_074211.png
 create mode 100644 charts/screenshots_nasdaq/MU/MU_Weekly_20260621_080633.png
 delete mode 100644 charts/screenshots_nasdaq/NBIS/NBIS_1H_20260620_071935.png
 create mode 100644 charts/screenshots_nasdaq/NBIS/NBIS_1H_20260621_074328.png
 delete mode 100644 charts/screenshots_nasdaq/NBIS/NBIS_4H_20260620_071935.png
 create mode 100644 charts/screenshots_nasdaq/NBIS/NBIS_4H_20260621_074328.png
 delete mode 100644 charts/screenshots_nasdaq/NBIS/NBIS_Daily_20260620_071935.png
 create mode 100644 charts/screenshots_nasdaq/NBIS/NBIS_Daily_20260621_074328.png
 delete mode 100644 charts/screenshots_nasdaq/NBIS/NBIS_Monthly_20260620_071935.png
 create mode 100644 charts/screenshots_nasdaq/NBIS/NBIS_Monthly_20260621_074328.png
 delete mode 100644 charts/screenshots_nasdaq/NBIS/NBIS_Weekly_20260620_071935.png
 create mode 100644 charts/screenshots_nasdaq/NBIS/NBIS_Weekly_20260621_074328.png
 delete mode 100644 charts/screenshots_nasdaq/NCNO/NCNO_1H_20260620_084856.png
 create mode 100644 charts/screenshots_nasdaq/NCNO/NCNO_1H_20260621_091348.png
 delete mode 100644 charts/screenshots_nasdaq/NCNO/NCNO_4H_20260620_084856.png
 create mode 100644 charts/screenshots_nasdaq/NCNO/NCNO_4H_20260621_091348.png
 delete mode 100644 charts/screenshots_nasdaq/NCNO/NCNO_Daily_20260620_084856.png
 create mode 100644 charts/screenshots_nasdaq/NCNO/NCNO_Daily_20260621_091348.png
 delete mode 100644 charts/screenshots_nasdaq/NCNO/NCNO_Monthly_20260620_084856.png
 create mode 100644 charts/screenshots_nasdaq/NCNO/NCNO_Monthly_20260621_091348.png
 delete mode 100644 charts/screenshots_nasdaq/NCNO/NCNO_Weekly_20260620_084856.png
 create mode 100644 charts/screenshots_nasdaq/NCNO/NCNO_Weekly_20260621_091348.png
 delete mode 100644 charts/screenshots_nasdaq/NNE/NNE_1H_20260620_081435.png
 create mode 100644 charts/screenshots_nasdaq/NNE/NNE_1H_20260621_084007.png
 delete mode 100644 charts/screenshots_nasdaq/NNE/NNE_4H_20260620_081435.png
 create mode 100644 charts/screenshots_nasdaq/NNE/NNE_4H_20260621_084007.png
 delete mode 100644 charts/screenshots_nasdaq/NNE/NNE_Daily_20260620_081435.png
 create mode 100644 charts/screenshots_nasdaq/NNE/NNE_Daily_20260621_084007.png
 delete mode 100644 charts/screenshots_nasdaq/NNE/NNE_Monthly_20260620_081435.png
 create mode 100644 charts/screenshots_nasdaq/NNE/NNE_Monthly_20260621_084007.png
 delete mode 100644 charts/screenshots_nasdaq/NNE/NNE_Weekly_20260620_081435.png
 create mode 100644 charts/screenshots_nasdaq/NNE/NNE_Weekly_20260621_084007.png
 delete mode 100644 charts/screenshots_nasdaq/NPO/NPO_1H_20260620_072852.png
 create mode 100644 charts/screenshots_nasdaq/NPO/NPO_1H_20260621_075202.png
 delete mode 100644 charts/screenshots_nasdaq/NPO/NPO_4H_20260620_072852.png
 create mode 100644 charts/screenshots_nasdaq/NPO/NPO_4H_20260621_075202.png
 delete mode 100644 charts/screenshots_nasdaq/NPO/NPO_Daily_20260620_072852.png
 create mode 100644 charts/screenshots_nasdaq/NPO/NPO_Daily_20260621_075202.png
 delete mode 100644 charts/screenshots_nasdaq/NPO/NPO_Monthly_20260620_072852.png
 create mode 100644 charts/screenshots_nasdaq/NPO/NPO_Monthly_20260621_075202.png
 delete mode 100644 charts/screenshots_nasdaq/NPO/NPO_Weekly_20260620_072852.png
 create mode 100644 charts/screenshots_nasdaq/NPO/NPO_Weekly_20260621_075202.png
 delete mode 100644 charts/screenshots_nasdaq/NTSK/NTSK_1H_20260620_084140.png
 delete mode 100644 charts/screenshots_nasdaq/NTSK/NTSK_4H_20260620_084140.png
 delete mode 100644 charts/screenshots_nasdaq/NTSK/NTSK_Daily_20260620_084140.png
 delete mode 100644 charts/screenshots_nasdaq/NTSK/NTSK_Monthly_20260620_084140.png
 delete mode 100644 charts/screenshots_nasdaq/NTSK/NTSK_Weekly_20260620_084140.png
 delete mode 100644 charts/screenshots_nasdaq/NUVL/NUVL_1H_20260620_073531.png
 create mode 100644 charts/screenshots_nasdaq/NUVL/NUVL_1H_20260621_080831.png
 delete mode 100644 charts/screenshots_nasdaq/NUVL/NUVL_4H_20260620_073531.png
 create mode 100644 charts/screenshots_nasdaq/NUVL/NUVL_4H_20260621_080831.png
 delete mode 100644 charts/screenshots_nasdaq/NUVL/NUVL_Daily_20260620_073531.png
 create mode 100644 charts/screenshots_nasdaq/NUVL/NUVL_Daily_20260621_080831.png
 delete mode 100644 charts/screenshots_nasdaq/NUVL/NUVL_Monthly_20260620_073531.png
 create mode 100644 charts/screenshots_nasdaq/NUVL/NUVL_Monthly_20260621_080831.png
 delete mode 100644 charts/screenshots_nasdaq/NUVL/NUVL_Weekly_20260620_073531.png
 create mode 100644 charts/screenshots_nasdaq/NUVL/NUVL_Weekly_20260621_080831.png
 delete mode 100644 charts/screenshots_nasdaq/ONTO/ONTO_1H_20260620_071816.png
 create mode 100644 charts/screenshots_nasdaq/ONTO/ONTO_1H_20260621_082616.png
 delete mode 100644 charts/screenshots_nasdaq/ONTO/ONTO_4H_20260620_071816.png
 create mode 100644 charts/screenshots_nasdaq/ONTO/ONTO_4H_20260621_082616.png
 delete mode 100644 charts/screenshots_nasdaq/ONTO/ONTO_Daily_20260620_071816.png
 create mode 100644 charts/screenshots_nasdaq/ONTO/ONTO_Daily_20260621_082616.png
 delete mode 100644 charts/screenshots_nasdaq/ONTO/ONTO_Monthly_20260620_071816.png
 create mode 100644 charts/screenshots_nasdaq/ONTO/ONTO_Monthly_20260621_082616.png
 delete mode 100644 charts/screenshots_nasdaq/ONTO/ONTO_Weekly_20260620_071816.png
 create mode 100644 charts/screenshots_nasdaq/ONTO/ONTO_Weekly_20260621_082616.png
 delete mode 100644 charts/screenshots_nasdaq/OSCR/OSCR_1H_20260620_074251.png
 create mode 100644 charts/screenshots_nasdaq/OSCR/OSCR_1H_20260621_081109.png
 delete mode 100644 charts/screenshots_nasdaq/OSCR/OSCR_4H_20260620_074251.png
 create mode 100644 charts/screenshots_nasdaq/OSCR/OSCR_4H_20260621_081109.png
 delete mode 100644 charts/screenshots_nasdaq/OSCR/OSCR_Daily_20260620_074251.png
 create mode 100644 charts/screenshots_nasdaq/OSCR/OSCR_Daily_20260621_081109.png
 delete mode 100644 charts/screenshots_nasdaq/OSCR/OSCR_Monthly_20260620_074251.png
 create mode 100644 charts/screenshots_nasdaq/OSCR/OSCR_Monthly_20260621_081109.png
 delete mode 100644 charts/screenshots_nasdaq/OSCR/OSCR_Weekly_20260620_074251.png
 create mode 100644 charts/screenshots_nasdaq/OSCR/OSCR_Weekly_20260621_081109.png
 rename charts/screenshots_nasdaq/OUST/{OUST_1H_20260620_072334.png => OUST_1H_20260621_075440.png} (98%)
 delete mode 100644 charts/screenshots_nasdaq/OUST/OUST_4H_20260620_072334.png
 create mode 100644 charts/screenshots_nasdaq/OUST/OUST_4H_20260621_075440.png
 delete mode 100644 charts/screenshots_nasdaq/OUST/OUST_Daily_20260620_072334.png
 create mode 100644 charts/screenshots_nasdaq/OUST/OUST_Daily_20260621_075440.png
 delete mode 100644 charts/screenshots_nasdaq/OUST/OUST_Monthly_20260620_072334.png
 create mode 100644 charts/screenshots_nasdaq/OUST/OUST_Monthly_20260621_075440.png
 rename charts/screenshots_nasdaq/OUST/{OUST_Weekly_20260620_072334.png => OUST_Weekly_20260621_075440.png} (94%)
 delete mode 100644 charts/screenshots_nasdaq/PEB/PEB_1H_20260620_070101.png
 create mode 100644 charts/screenshots_nasdaq/PEB/PEB_1H_20260621_075401.png
 delete mode 100644 charts/screenshots_nasdaq/PEB/PEB_4H_20260620_070101.png
 create mode 100644 charts/screenshots_nasdaq/PEB/PEB_4H_20260621_075401.png
 delete mode 100644 charts/screenshots_nasdaq/PEB/PEB_Daily_20260620_070101.png
 create mode 100644 charts/screenshots_nasdaq/PEB/PEB_Daily_20260621_075401.png
 delete mode 100644 charts/screenshots_nasdaq/PEB/PEB_Monthly_20260620_070101.png
 create mode 100644 charts/screenshots_nasdaq/PEB/PEB_Monthly_20260621_075401.png
 delete mode 100644 charts/screenshots_nasdaq/PEB/PEB_Weekly_20260620_070101.png
 create mode 100644 charts/screenshots_nasdaq/PEB/PEB_Weekly_20260621_075401.png
 delete mode 100644 charts/screenshots_nasdaq/PK/PK_1H_20260620_080005.png
 create mode 100644 charts/screenshots_nasdaq/PK/PK_1H_20260621_083055.png
 delete mode 100644 charts/screenshots_nasdaq/PK/PK_4H_20260620_080005.png
 create mode 100644 charts/screenshots_nasdaq/PK/PK_4H_20260621_083055.png
 delete mode 100644 charts/screenshots_nasdaq/PK/PK_Daily_20260620_080005.png
 create mode 100644 charts/screenshots_nasdaq/PK/PK_Daily_20260621_083055.png
 delete mode 100644 charts/screenshots_nasdaq/PK/PK_Monthly_20260620_080005.png
 create mode 100644 charts/screenshots_nasdaq/PK/PK_Monthly_20260621_083055.png
 rename charts/screenshots_nasdaq/PK/{PK_Weekly_20260620_080005.png => PK_Weekly_20260621_083055.png} (97%)
 delete mode 100644 charts/screenshots_nasdaq/PLXS/PLXS_1H_20260620_070301.png
 create mode 100644 charts/screenshots_nasdaq/PLXS/PLXS_1H_20260621_075520.png
 delete mode 100644 charts/screenshots_nasdaq/PLXS/PLXS_4H_20260620_070301.png
 create mode 100644 charts/screenshots_nasdaq/PLXS/PLXS_4H_20260621_075520.png
 delete mode 100644 charts/screenshots_nasdaq/PLXS/PLXS_Daily_20260620_070301.png
 create mode 100644 charts/screenshots_nasdaq/PLXS/PLXS_Daily_20260621_075520.png
 delete mode 100644 charts/screenshots_nasdaq/PLXS/PLXS_Monthly_20260620_070301.png
 create mode 100644 charts/screenshots_nasdaq/PLXS/PLXS_Monthly_20260621_075520.png
 rename charts/screenshots_nasdaq/PLXS/{PLXS_Weekly_20260620_070301.png => PLXS_Weekly_20260621_075520.png} (93%)
 delete mode 100644 charts/screenshots_nasdaq/POWI/POWI_1H_20260620_075445.png
 create mode 100644 charts/screenshots_nasdaq/POWI/POWI_1H_20260621_082537.png
 delete mode 100644 charts/screenshots_nasdaq/POWI/POWI_4H_20260620_075445.png
 create mode 100644 charts/screenshots_nasdaq/POWI/POWI_4H_20260621_082537.png
 delete mode 100644 charts/screenshots_nasdaq/POWI/POWI_Daily_20260620_075445.png
 create mode 100644 charts/screenshots_nasdaq/POWI/POWI_Daily_20260621_082537.png
 delete mode 100644 charts/screenshots_nasdaq/POWI/POWI_Monthly_20260620_075445.png
 create mode 100644 charts/screenshots_nasdaq/POWI/POWI_Monthly_20260621_082537.png
 delete mode 100644 charts/screenshots_nasdaq/POWI/POWI_Weekly_20260620_075445.png
 create mode 100644 charts/screenshots_nasdaq/POWI/POWI_Weekly_20260621_082537.png
 delete mode 100644 charts/screenshots_nasdaq/PRIM/PRIM_1H_20260620_084538.png
 create mode 100644 charts/screenshots_nasdaq/PRIM/PRIM_1H_20260621_091110.png
 delete mode 100644 charts/screenshots_nasdaq/PRIM/PRIM_4H_20260620_084538.png
 create mode 100644 charts/screenshots_nasdaq/PRIM/PRIM_4H_20260621_091110.png
 delete mode 100644 charts/screenshots_nasdaq/PRIM/PRIM_Daily_20260620_084538.png
 create mode 100644 charts/screenshots_nasdaq/PRIM/PRIM_Daily_20260621_091110.png
 delete mode 100644 charts/screenshots_nasdaq/PRIM/PRIM_Monthly_20260620_084538.png
 create mode 100644 charts/screenshots_nasdaq/PRIM/PRIM_Monthly_20260621_091110.png
 delete mode 100644 charts/screenshots_nasdaq/PRIM/PRIM_Weekly_20260620_084538.png
 create mode 100644 charts/screenshots_nasdaq/PRIM/PRIM_Weekly_20260621_091110.png
 delete mode 100644 charts/screenshots_nasdaq/PRM/PRM_1H_20260620_071856.png
 create mode 100644 charts/screenshots_nasdaq/PRM/PRM_1H_20260621_082656.png
 delete mode 100644 charts/screenshots_nasdaq/PRM/PRM_4H_20260620_071856.png
 create mode 100644 charts/screenshots_nasdaq/PRM/PRM_4H_20260621_082656.png
 delete mode 100644 charts/screenshots_nasdaq/PRM/PRM_Daily_20260620_071856.png
 create mode 100644 charts/screenshots_nasdaq/PRM/PRM_Daily_20260621_082656.png
 delete mode 100644 charts/screenshots_nasdaq/PRM/PRM_Monthly_20260620_071856.png
 create mode 100644 charts/screenshots_nasdaq/PRM/PRM_Monthly_20260621_082656.png
 delete mode 100644 charts/screenshots_nasdaq/PRM/PRM_Weekly_20260620_071856.png
 create mode 100644 charts/screenshots_nasdaq/PRM/PRM_Weekly_20260621_082656.png
 delete mode 100644 charts/screenshots_nasdaq/QS/QS_1H_20260620_082152.png
 create mode 100644 charts/screenshots_nasdaq/QS/QS_1H_20260621_084804.png
 delete mode 100644 charts/screenshots_nasdaq/QS/QS_4H_20260620_082152.png
 create mode 100644 charts/screenshots_nasdaq/QS/QS_4H_20260621_084804.png
 delete mode 100644 charts/screenshots_nasdaq/QS/QS_Daily_20260620_082152.png
 create mode 100644 charts/screenshots_nasdaq/QS/QS_Daily_20260621_084804.png
 delete mode 100644 charts/screenshots_nasdaq/QS/QS_Monthly_20260620_082152.png
 create mode 100644 charts/screenshots_nasdaq/QS/QS_Monthly_20260621_084804.png
 rename charts/screenshots_nasdaq/QS/{QS_Weekly_20260620_082152.png => QS_Weekly_20260621_084804.png} (97%)
 delete mode 100644 charts/screenshots_nasdaq/QUBT/QUBT_1H_20260620_081237.png
 create mode 100644 charts/screenshots_nasdaq/QUBT/QUBT_1H_20260621_084127.png
 delete mode 100644 charts/screenshots_nasdaq/QUBT/QUBT_4H_20260620_081237.png
 create mode 100644 charts/screenshots_nasdaq/QUBT/QUBT_4H_20260621_084127.png
 delete mode 100644 charts/screenshots_nasdaq/QUBT/QUBT_Daily_20260620_081237.png
 create mode 100644 charts/screenshots_nasdaq/QUBT/QUBT_Daily_20260621_084127.png
 delete mode 100644 charts/screenshots_nasdaq/QUBT/QUBT_Monthly_20260620_081237.png
 create mode 100644 charts/screenshots_nasdaq/QUBT/QUBT_Monthly_20260621_084127.png
 delete mode 100644 charts/screenshots_nasdaq/QUBT/QUBT_Weekly_20260620_081237.png
 create mode 100644 charts/screenshots_nasdaq/QUBT/QUBT_Weekly_20260621_084127.png
 delete mode 100644 charts/screenshots_nasdaq/RGNT/RGNT_1H_20260620_081356.png
 delete mode 100644 charts/screenshots_nasdaq/RGNT/RGNT_4H_20260620_081356.png
 delete mode 100644 charts/screenshots_nasdaq/RGNT/RGNT_Daily_20260620_081356.png
 delete mode 100644 charts/screenshots_nasdaq/RGNT/RGNT_Monthly_20260620_081356.png
 delete mode 100644 charts/screenshots_nasdaq/RGNT/RGNT_Weekly_20260620_081356.png
 delete mode 100644 charts/screenshots_nasdaq/RGTI/RGTI_1H_20260620_080325.png
 create mode 100644 charts/screenshots_nasdaq/RGTI/RGTI_1H_20260621_083412.png
 delete mode 100644 charts/screenshots_nasdaq/RGTI/RGTI_4H_20260620_080325.png
 create mode 100644 charts/screenshots_nasdaq/RGTI/RGTI_4H_20260621_083412.png
 delete mode 100644 charts/screenshots_nasdaq/RGTI/RGTI_Daily_20260620_080325.png
 create mode 100644 charts/screenshots_nasdaq/RGTI/RGTI_Daily_20260621_083412.png
 delete mode 100644 charts/screenshots_nasdaq/RGTI/RGTI_Monthly_20260620_080325.png
 create mode 100644 charts/screenshots_nasdaq/RGTI/RGTI_Monthly_20260621_083412.png
 rename charts/screenshots_nasdaq/RGTI/{RGTI_Weekly_20260620_080325.png => RGTI_Weekly_20260621_083412.png} (94%)
 delete mode 100644 charts/screenshots_nasdaq/RRX/RRX_1H_20260620_080524.png
 create mode 100644 charts/screenshots_nasdaq/RRX/RRX_1H_20260621_083214.png
 delete mode 100644 charts/screenshots_nasdaq/RRX/RRX_4H_20260620_080524.png
 create mode 100644 charts/screenshots_nasdaq/RRX/RRX_4H_20260621_083214.png
 delete mode 100644 charts/screenshots_nasdaq/RRX/RRX_Daily_20260620_080524.png
 create mode 100644 charts/screenshots_nasdaq/RRX/RRX_Daily_20260621_083214.png
 delete mode 100644 charts/screenshots_nasdaq/RRX/RRX_Monthly_20260620_080524.png
 create mode 100644 charts/screenshots_nasdaq/RRX/RRX_Monthly_20260621_083214.png
 delete mode 100644 charts/screenshots_nasdaq/RRX/RRX_Weekly_20260620_080524.png
 create mode 100644 charts/screenshots_nasdaq/RRX/RRX_Weekly_20260621_083214.png
 delete mode 100644 charts/screenshots_nasdaq/RXT/RXT_1H_20260620_080603.png
 create mode 100644 charts/screenshots_nasdaq/RXT/RXT_1H_20260621_083849.png
 delete mode 100644 charts/screenshots_nasdaq/RXT/RXT_4H_20260620_080603.png
 create mode 100644 charts/screenshots_nasdaq/RXT/RXT_4H_20260621_083849.png
 delete mode 100644 charts/screenshots_nasdaq/RXT/RXT_Daily_20260620_080603.png
 create mode 100644 charts/screenshots_nasdaq/RXT/RXT_Daily_20260621_083849.png
 delete mode 100644 charts/screenshots_nasdaq/RXT/RXT_Monthly_20260620_080603.png
 create mode 100644 charts/screenshots_nasdaq/RXT/RXT_Monthly_20260621_083849.png
 delete mode 100644 charts/screenshots_nasdaq/RXT/RXT_Weekly_20260620_080603.png
 create mode 100644 charts/screenshots_nasdaq/RXT/RXT_Weekly_20260621_083849.png
 delete mode 100644 charts/screenshots_nasdaq/SBSW/SBSW_1H_20260620_084618.png
 create mode 100644 charts/screenshots_nasdaq/SBSW/SBSW_1H_20260621_091428.png
 delete mode 100644 charts/screenshots_nasdaq/SBSW/SBSW_4H_20260620_084618.png
 create mode 100644 charts/screenshots_nasdaq/SBSW/SBSW_4H_20260621_091428.png
 delete mode 100644 charts/screenshots_nasdaq/SBSW/SBSW_Daily_20260620_084618.png
 create mode 100644 charts/screenshots_nasdaq/SBSW/SBSW_Daily_20260621_091428.png
 delete mode 100644 charts/screenshots_nasdaq/SBSW/SBSW_Monthly_20260620_084618.png
 create mode 100644 charts/screenshots_nasdaq/SBSW/SBSW_Monthly_20260621_091428.png
 rename charts/screenshots_nasdaq/SBSW/{SBSW_Weekly_20260620_084618.png => SBSW_Weekly_20260621_091428.png} (95%)
 delete mode 100644 charts/screenshots_nasdaq/SERV/SERV_1H_20260620_084657.png
 create mode 100644 charts/screenshots_nasdaq/SERV/SERV_1H_20260621_091149.png
 delete mode 100644 charts/screenshots_nasdaq/SERV/SERV_4H_20260620_084657.png
 create mode 100644 charts/screenshots_nasdaq/SERV/SERV_4H_20260621_091149.png
 delete mode 100644 charts/screenshots_nasdaq/SERV/SERV_Daily_20260620_084657.png
 create mode 100644 charts/screenshots_nasdaq/SERV/SERV_Daily_20260621_091149.png
 delete mode 100644 charts/screenshots_nasdaq/SERV/SERV_Monthly_20260620_084657.png
 create mode 100644 charts/screenshots_nasdaq/SERV/SERV_Monthly_20260621_091149.png
 delete mode 100644 charts/screenshots_nasdaq/SERV/SERV_Weekly_20260620_084657.png
 create mode 100644 charts/screenshots_nasdaq/SERV/SERV_Weekly_20260621_091149.png
 rename charts/screenshots_nasdaq/SFM/{SFM_1H_20260620_081953.png => SFM_1H_20260621_084725.png} (95%)
 delete mode 100644 charts/screenshots_nasdaq/SFM/SFM_4H_20260620_081953.png
 create mode 100644 charts/screenshots_nasdaq/SFM/SFM_4H_20260621_084725.png
 delete mode 100644 charts/screenshots_nasdaq/SFM/SFM_Daily_20260620_081953.png
 create mode 100644 charts/screenshots_nasdaq/SFM/SFM_Daily_20260621_084725.png
 delete mode 100644 charts/screenshots_nasdaq/SFM/SFM_Monthly_20260620_081953.png
 create mode 100644 charts/screenshots_nasdaq/SFM/SFM_Monthly_20260621_084725.png
 delete mode 100644 charts/screenshots_nasdaq/SFM/SFM_Weekly_20260620_081953.png
 create mode 100644 charts/screenshots_nasdaq/SFM/SFM_Weekly_20260621_084725.png
 delete mode 100644 charts/screenshots_nasdaq/SIMO/SIMO_1H_20260620_070620.png
 create mode 100644 charts/screenshots_nasdaq/SIMO/SIMO_1H_20260621_080950.png
 delete mode 100644 charts/screenshots_nasdaq/SIMO/SIMO_4H_20260620_070620.png
 create mode 100644 charts/screenshots_nasdaq/SIMO/SIMO_4H_20260621_080950.png
 delete mode 100644 charts/screenshots_nasdaq/SIMO/SIMO_Daily_20260620_070620.png
 create mode 100644 charts/screenshots_nasdaq/SIMO/SIMO_Daily_20260621_080950.png
 delete mode 100644 charts/screenshots_nasdaq/SIMO/SIMO_Monthly_20260620_070620.png
 create mode 100644 charts/screenshots_nasdaq/SIMO/SIMO_Monthly_20260621_080950.png
 delete mode 100644 charts/screenshots_nasdaq/SIMO/SIMO_Weekly_20260620_070620.png
 create mode 100644 charts/screenshots_nasdaq/SIMO/SIMO_Weekly_20260621_080950.png
 delete mode 100644 charts/screenshots_nasdaq/SMMT/SMMT_1H_20260620_083426.png
 create mode 100644 charts/screenshots_nasdaq/SMMT/SMMT_1H_20260621_090037.png
 delete mode 100644 charts/screenshots_nasdaq/SMMT/SMMT_4H_20260620_083426.png
 create mode 100644 charts/screenshots_nasdaq/SMMT/SMMT_4H_20260621_090037.png
 delete mode 100644 charts/screenshots_nasdaq/SMMT/SMMT_Daily_20260620_083426.png
 create mode 100644 charts/screenshots_nasdaq/SMMT/SMMT_Daily_20260621_090037.png
 delete mode 100644 charts/screenshots_nasdaq/SMMT/SMMT_Monthly_20260620_083426.png
 create mode 100644 charts/screenshots_nasdaq/SMMT/SMMT_Monthly_20260621_090037.png
 delete mode 100644 charts/screenshots_nasdaq/SMMT/SMMT_Weekly_20260620_083426.png
 create mode 100644 charts/screenshots_nasdaq/SMMT/SMMT_Weekly_20260621_090037.png
 delete mode 100644 charts/screenshots_nasdaq/SN/SN_1H_20260620_080044.png
 create mode 100644 charts/screenshots_nasdaq/SN/SN_1H_20260621_082736.png
 delete mode 100644 charts/screenshots_nasdaq/SN/SN_4H_20260620_080044.png
 create mode 100644 charts/screenshots_nasdaq/SN/SN_4H_20260621_082736.png
 delete mode 100644 charts/screenshots_nasdaq/SN/SN_Daily_20260620_080044.png
 create mode 100644 charts/screenshots_nasdaq/SN/SN_Daily_20260621_082736.png
 delete mode 100644 charts/screenshots_nasdaq/SN/SN_Monthly_20260620_080044.png
 create mode 100644 charts/screenshots_nasdaq/SN/SN_Monthly_20260621_082736.png
 delete mode 100644 charts/screenshots_nasdaq/SN/SN_Weekly_20260620_080044.png
 create mode 100644 charts/screenshots_nasdaq/SN/SN_Weekly_20260621_082736.png
 delete mode 100644 charts/screenshots_nasdaq/SNDK/SNDK_1H_20260620_080124.png
 create mode 100644 charts/screenshots_nasdaq/SNDK/SNDK_1H_20260621_082816.png
 delete mode 100644 charts/screenshots_nasdaq/SNDK/SNDK_4H_20260620_080124.png
 create mode 100644 charts/screenshots_nasdaq/SNDK/SNDK_4H_20260621_082816.png
 delete mode 100644 charts/screenshots_nasdaq/SNDK/SNDK_Daily_20260620_080124.png
 create mode 100644 charts/screenshots_nasdaq/SNDK/SNDK_Daily_20260621_082816.png
 delete mode 100644 charts/screenshots_nasdaq/SNDK/SNDK_Monthly_20260620_080124.png
 create mode 100644 charts/screenshots_nasdaq/SNDK/SNDK_Monthly_20260621_082816.png
 delete mode 100644 charts/screenshots_nasdaq/SNDK/SNDK_Weekly_20260620_080124.png
 create mode 100644 charts/screenshots_nasdaq/SNDK/SNDK_Weekly_20260621_082816.png
 delete mode 100644 charts/screenshots_nasdaq/SNEX/SNEX_1H_20260620_074928.png
 create mode 100644 charts/screenshots_nasdaq/SNEX/SNEX_1H_20260621_081506.png
 delete mode 100644 charts/screenshots_nasdaq/SNEX/SNEX_4H_20260620_074928.png
 create mode 100644 charts/screenshots_nasdaq/SNEX/SNEX_4H_20260621_081506.png
 delete mode 100644 charts/screenshots_nasdaq/SNEX/SNEX_Daily_20260620_074928.png
 create mode 100644 charts/screenshots_nasdaq/SNEX/SNEX_Daily_20260621_081506.png
 delete mode 100644 charts/screenshots_nasdaq/SNEX/SNEX_Monthly_20260620_074928.png
 create mode 100644 charts/screenshots_nasdaq/SNEX/SNEX_Monthly_20260621_081506.png
 delete mode 100644 charts/screenshots_nasdaq/SNEX/SNEX_Weekly_20260620_074928.png
 create mode 100644 charts/screenshots_nasdaq/SNEX/SNEX_Weekly_20260621_081506.png
 delete mode 100644 charts/screenshots_nasdaq/SNX/SNX_1H_20260620_073051.png
 create mode 100644 charts/screenshots_nasdaq/SNX/SNX_1H_20260621_075559.png
 delete mode 100644 charts/screenshots_nasdaq/SNX/SNX_4H_20260620_073051.png
 create mode 100644 charts/screenshots_nasdaq/SNX/SNX_4H_20260621_075559.png
 delete mode 100644 charts/screenshots_nasdaq/SNX/SNX_Daily_20260620_073051.png
 create mode 100644 charts/screenshots_nasdaq/SNX/SNX_Daily_20260621_075559.png
 delete mode 100644 charts/screenshots_nasdaq/SNX/SNX_Monthly_20260620_073051.png
 create mode 100644 charts/screenshots_nasdaq/SNX/SNX_Monthly_20260621_075559.png
 delete mode 100644 charts/screenshots_nasdaq/SNX/SNX_Weekly_20260620_073051.png
 create mode 100644 charts/screenshots_nasdaq/SNX/SNX_Weekly_20260621_075559.png
 delete mode 100644 charts/screenshots_nasdaq/SOC/SOC_1H_20260620_082351.png
 create mode 100644 charts/screenshots_nasdaq/SOC/SOC_1H_20260621_085002.png
 delete mode 100644 charts/screenshots_nasdaq/SOC/SOC_4H_20260620_082351.png
 create mode 100644 charts/screenshots_nasdaq/SOC/SOC_4H_20260621_085002.png
 delete mode 100644 charts/screenshots_nasdaq/SOC/SOC_Daily_20260620_082351.png
 create mode 100644 charts/screenshots_nasdaq/SOC/SOC_Daily_20260621_085002.png
 delete mode 100644 charts/screenshots_nasdaq/SOC/SOC_Monthly_20260620_082351.png
 create mode 100644 charts/screenshots_nasdaq/SOC/SOC_Monthly_20260621_085002.png
 delete mode 100644 charts/screenshots_nasdaq/SOC/SOC_Weekly_20260620_082351.png
 create mode 100644 charts/screenshots_nasdaq/SOC/SOC_Weekly_20260621_085002.png
 delete mode 100644 charts/screenshots_nasdaq/SPCE/SPCE_1H_20260620_073651.png
 create mode 100644 charts/screenshots_nasdaq/SPCE/SPCE_1H_20260621_080116.png
 rename charts/screenshots_nasdaq/SPCE/{SPCE_4H_20260620_073651.png => SPCE_4H_20260621_080116.png} (93%)
 delete mode 100644 charts/screenshots_nasdaq/SPCE/SPCE_Daily_20260620_073651.png
 create mode 100644 charts/screenshots_nasdaq/SPCE/SPCE_Daily_20260621_080116.png
 delete mode 100644 charts/screenshots_nasdaq/SPCE/SPCE_Monthly_20260620_073651.png
 create mode 100644 charts/screenshots_nasdaq/SPCE/SPCE_Monthly_20260621_080116.png
 rename charts/screenshots_nasdaq/SPCE/{SPCE_Weekly_20260620_073651.png => SPCE_Weekly_20260621_080116.png} (98%)
 delete mode 100644 charts/screenshots_nasdaq/SPHR/SPHR_1H_20260620_073131.png
 create mode 100644 charts/screenshots_nasdaq/SPHR/SPHR_1H_20260621_075640.png
 delete mode 100644 charts/screenshots_nasdaq/SPHR/SPHR_4H_20260620_073131.png
 create mode 100644 charts/screenshots_nasdaq/SPHR/SPHR_4H_20260621_075640.png
 delete mode 100644 charts/screenshots_nasdaq/SPHR/SPHR_Daily_20260620_073131.png
 create mode 100644 charts/screenshots_nasdaq/SPHR/SPHR_Daily_20260621_075640.png
 delete mode 100644 charts/screenshots_nasdaq/SPHR/SPHR_Monthly_20260620_073131.png
 create mode 100644 charts/screenshots_nasdaq/SPHR/SPHR_Monthly_20260621_075640.png
 delete mode 100644 charts/screenshots_nasdaq/SPHR/SPHR_Weekly_20260620_073131.png
 create mode 100644 charts/screenshots_nasdaq/SPHR/SPHR_Weekly_20260621_075640.png
 delete mode 100644 charts/screenshots_nasdaq/SPXC/SPXC_1H_20260620_081317.png
 create mode 100644 charts/screenshots_nasdaq/SPXC/SPXC_1H_20260621_082021.png
 delete mode 100644 charts/screenshots_nasdaq/SPXC/SPXC_4H_20260620_081317.png
 create mode 100644 charts/screenshots_nasdaq/SPXC/SPXC_4H_20260621_082021.png
 delete mode 100644 charts/screenshots_nasdaq/SPXC/SPXC_Daily_20260620_081317.png
 create mode 100644 charts/screenshots_nasdaq/SPXC/SPXC_Daily_20260621_082021.png
 delete mode 100644 charts/screenshots_nasdaq/SPXC/SPXC_Monthly_20260620_081317.png
 create mode 100644 charts/screenshots_nasdaq/SPXC/SPXC_Monthly_20260621_082021.png
 delete mode 100644 charts/screenshots_nasdaq/SPXC/SPXC_Weekly_20260620_081317.png
 create mode 100644 charts/screenshots_nasdaq/SPXC/SPXC_Weekly_20260621_082021.png
 delete mode 100644 charts/screenshots_nasdaq/STI/STI_1H_20260620_073731.png
 create mode 100644 charts/screenshots_nasdaq/STI/STI_1H_20260621_080155.png
 delete mode 100644 charts/screenshots_nasdaq/STI/STI_4H_20260620_073731.png
 create mode 100644 charts/screenshots_nasdaq/STI/STI_4H_20260621_080155.png
 delete mode 100644 charts/screenshots_nasdaq/STI/STI_Daily_20260620_073731.png
 create mode 100644 charts/screenshots_nasdaq/STI/STI_Daily_20260621_080155.png
 delete mode 100644 charts/screenshots_nasdaq/STI/STI_Monthly_20260620_073731.png
 create mode 100644 charts/screenshots_nasdaq/STI/STI_Monthly_20260621_080155.png
 delete mode 100644 charts/screenshots_nasdaq/STI/STI_Weekly_20260620_073731.png
 create mode 100644 charts/screenshots_nasdaq/STI/STI_Weekly_20260621_080155.png
 delete mode 100644 charts/screenshots_nasdaq/STM/STM_1H_20260620_075845.png
 create mode 100644 charts/screenshots_nasdaq/STM/STM_1H_20260621_082419.png
 delete mode 100644 charts/screenshots_nasdaq/STM/STM_4H_20260620_075845.png
 create mode 100644 charts/screenshots_nasdaq/STM/STM_4H_20260621_082419.png
 delete mode 100644 charts/screenshots_nasdaq/STM/STM_Daily_20260620_075845.png
 create mode 100644 charts/screenshots_nasdaq/STM/STM_Daily_20260621_082419.png
 delete mode 100644 charts/screenshots_nasdaq/STM/STM_Monthly_20260620_075845.png
 create mode 100644 charts/screenshots_nasdaq/STM/STM_Monthly_20260621_082419.png
 delete mode 100644 charts/screenshots_nasdaq/STM/STM_Weekly_20260620_075845.png
 create mode 100644 charts/screenshots_nasdaq/STM/STM_Weekly_20260621_082419.png
 delete mode 100644 charts/screenshots_nasdaq/STX/STX_1H_20260620_080244.png
 create mode 100644 charts/screenshots_nasdaq/STX/STX_1H_20260621_082935.png
 delete mode 100644 charts/screenshots_nasdaq/STX/STX_4H_20260620_080244.png
 create mode 100644 charts/screenshots_nasdaq/STX/STX_4H_20260621_082935.png
 delete mode 100644 charts/screenshots_nasdaq/STX/STX_Daily_20260620_080244.png
 create mode 100644 charts/screenshots_nasdaq/STX/STX_Daily_20260621_082935.png
 delete mode 100644 charts/screenshots_nasdaq/STX/STX_Monthly_20260620_080244.png
 create mode 100644 charts/screenshots_nasdaq/STX/STX_Monthly_20260621_082935.png
 delete mode 100644 charts/screenshots_nasdaq/STX/STX_Weekly_20260620_080244.png
 create mode 100644 charts/screenshots_nasdaq/STX/STX_Weekly_20260621_082935.png
 delete mode 100644 charts/screenshots_nasdaq/SXI/SXI_1H_20260620_070821.png
 create mode 100644 charts/screenshots_nasdaq/SXI/SXI_1H_20260621_073258.png
 delete mode 100644 charts/screenshots_nasdaq/SXI/SXI_4H_20260620_070821.png
 create mode 100644 charts/screenshots_nasdaq/SXI/SXI_4H_20260621_073258.png
 delete mode 100644 charts/screenshots_nasdaq/SXI/SXI_Daily_20260620_070821.png
 create mode 100644 charts/screenshots_nasdaq/SXI/SXI_Daily_20260621_073258.png
 delete mode 100644 charts/screenshots_nasdaq/SXI/SXI_Monthly_20260620_070821.png
 create mode 100644 charts/screenshots_nasdaq/SXI/SXI_Monthly_20260621_073258.png
 delete mode 100644 charts/screenshots_nasdaq/SXI/SXI_Weekly_20260620_070821.png
 create mode 100644 charts/screenshots_nasdaq/SXI/SXI_Weekly_20260621_073258.png
 delete mode 100644 charts/screenshots_nasdaq/SYM/SYM_1H_20260620_083941.png
 create mode 100644 charts/screenshots_nasdaq/SYM/SYM_1H_20260621_090555.png
 delete mode 100644 charts/screenshots_nasdaq/SYM/SYM_4H_20260620_083941.png
 create mode 100644 charts/screenshots_nasdaq/SYM/SYM_4H_20260621_090555.png
 delete mode 100644 charts/screenshots_nasdaq/SYM/SYM_Daily_20260620_083941.png
 create mode 100644 charts/screenshots_nasdaq/SYM/SYM_Daily_20260621_090555.png
 delete mode 100644 charts/screenshots_nasdaq/SYM/SYM_Monthly_20260620_083941.png
 create mode 100644 charts/screenshots_nasdaq/SYM/SYM_Monthly_20260621_090555.png
 delete mode 100644 charts/screenshots_nasdaq/SYM/SYM_Weekly_20260620_083941.png
 create mode 100644 charts/screenshots_nasdaq/SYM/SYM_Weekly_20260621_090555.png
 delete mode 100644 charts/screenshots_nasdaq/SYRE/SYRE_1H_20260620_075007.png
 create mode 100644 charts/screenshots_nasdaq/SYRE/SYRE_1H_20260621_081545.png
 rename charts/screenshots_nasdaq/SYRE/{SYRE_4H_20260620_075007.png => SYRE_4H_20260621_081545.png} (94%)
 delete mode 100644 charts/screenshots_nasdaq/SYRE/SYRE_Daily_20260620_075007.png
 create mode 100644 charts/screenshots_nasdaq/SYRE/SYRE_Daily_20260621_081545.png
 delete mode 100644 charts/screenshots_nasdaq/SYRE/SYRE_Monthly_20260620_075007.png
 create mode 100644 charts/screenshots_nasdaq/SYRE/SYRE_Monthly_20260621_081545.png
 delete mode 100644 charts/screenshots_nasdaq/SYRE/SYRE_Weekly_20260620_075007.png
 create mode 100644 charts/screenshots_nasdaq/SYRE/SYRE_Weekly_20260621_081545.png
 delete mode 100644 charts/screenshots_nasdaq/TER/TER_1H_20260620_080204.png
 create mode 100644 charts/screenshots_nasdaq/TER/TER_1H_20260621_082855.png
 delete mode 100644 charts/screenshots_nasdaq/TER/TER_4H_20260620_080204.png
 create mode 100644 charts/screenshots_nasdaq/TER/TER_4H_20260621_082855.png
 delete mode 100644 charts/screenshots_nasdaq/TER/TER_Daily_20260620_080204.png
 create mode 100644 charts/screenshots_nasdaq/TER/TER_Daily_20260621_082855.png
 delete mode 100644 charts/screenshots_nasdaq/TER/TER_Monthly_20260620_080204.png
 create mode 100644 charts/screenshots_nasdaq/TER/TER_Monthly_20260621_082855.png
 delete mode 100644 charts/screenshots_nasdaq/TER/TER_Weekly_20260620_080204.png
 create mode 100644 charts/screenshots_nasdaq/TER/TER_Weekly_20260621_082855.png
 delete mode 100644 charts/screenshots_nasdaq/TGTX/TGTX_1H_20260620_080642.png
 create mode 100644 charts/screenshots_nasdaq/TGTX/TGTX_1H_20260621_083253.png
 delete mode 100644 charts/screenshots_nasdaq/TGTX/TGTX_4H_20260620_080642.png
 create mode 100644 charts/screenshots_nasdaq/TGTX/TGTX_4H_20260621_083253.png
 delete mode 100644 charts/screenshots_nasdaq/TGTX/TGTX_Daily_20260620_080642.png
 create mode 100644 charts/screenshots_nasdaq/TGTX/TGTX_Daily_20260621_083253.png
 delete mode 100644 charts/screenshots_nasdaq/TGTX/TGTX_Monthly_20260620_080642.png
 create mode 100644 charts/screenshots_nasdaq/TGTX/TGTX_Monthly_20260621_083253.png
 delete mode 100644 charts/screenshots_nasdaq/TGTX/TGTX_Weekly_20260620_080642.png
 create mode 100644 charts/screenshots_nasdaq/TGTX/TGTX_Weekly_20260621_083253.png
 rename charts/screenshots_nasdaq/TKR/{TKR_1H_20260620_070341.png => TKR_1H_20260621_072901.png} (98%)
 delete mode 100644 charts/screenshots_nasdaq/TKR/TKR_4H_20260620_070341.png
 create mode 100644 charts/screenshots_nasdaq/TKR/TKR_4H_20260621_072901.png
 delete mode 100644 charts/screenshots_nasdaq/TKR/TKR_Daily_20260620_070341.png
 create mode 100644 charts/screenshots_nasdaq/TKR/TKR_Daily_20260621_072901.png
 delete mode 100644 charts/screenshots_nasdaq/TKR/TKR_Monthly_20260620_070341.png
 create mode 100644 charts/screenshots_nasdaq/TKR/TKR_Monthly_20260621_072901.png
 delete mode 100644 charts/screenshots_nasdaq/TKR/TKR_Weekly_20260620_070341.png
 create mode 100644 charts/screenshots_nasdaq/TKR/TKR_Weekly_20260621_072901.png
 delete mode 100644 charts/screenshots_nasdaq/TME/TME_1H_20260620_084339.png
 create mode 100644 charts/screenshots_nasdaq/TME/TME_1H_20260621_090913.png
 delete mode 100644 charts/screenshots_nasdaq/TME/TME_4H_20260620_084339.png
 create mode 100644 charts/screenshots_nasdaq/TME/TME_4H_20260621_090913.png
 delete mode 100644 charts/screenshots_nasdaq/TME/TME_Daily_20260620_084339.png
 create mode 100644 charts/screenshots_nasdaq/TME/TME_Daily_20260621_090913.png
 delete mode 100644 charts/screenshots_nasdaq/TME/TME_Monthly_20260620_084339.png
 create mode 100644 charts/screenshots_nasdaq/TME/TME_Monthly_20260621_090913.png
 delete mode 100644 charts/screenshots_nasdaq/TME/TME_Weekly_20260620_084339.png
 create mode 100644 charts/screenshots_nasdaq/TME/TME_Weekly_20260621_090913.png
 delete mode 100644 charts/screenshots_nasdaq/TMHC/TMHC_1H_20260620_074450.png
 create mode 100644 charts/screenshots_nasdaq/TMHC/TMHC_1H_20260621_080911.png
 delete mode 100644 charts/screenshots_nasdaq/TMHC/TMHC_4H_20260620_074450.png
 create mode 100644 charts/screenshots_nasdaq/TMHC/TMHC_4H_20260621_080911.png
 delete mode 100644 charts/screenshots_nasdaq/TMHC/TMHC_Daily_20260620_074450.png
 create mode 100644 charts/screenshots_nasdaq/TMHC/TMHC_Daily_20260621_080911.png
 delete mode 100644 charts/screenshots_nasdaq/TMHC/TMHC_Monthly_20260620_074450.png
 create mode 100644 charts/screenshots_nasdaq/TMHC/TMHC_Monthly_20260621_080911.png
 delete mode 100644 charts/screenshots_nasdaq/TMHC/TMHC_Weekly_20260620_074450.png
 create mode 100644 charts/screenshots_nasdaq/TMHC/TMHC_Weekly_20260621_080911.png
 delete mode 100644 charts/screenshots_nasdaq/TNL/TNL_1H_20260620_072932.png
 create mode 100644 charts/screenshots_nasdaq/TNL/TNL_1H_20260621_075242.png
 delete mode 100644 charts/screenshots_nasdaq/TNL/TNL_4H_20260620_072932.png
 create mode 100644 charts/screenshots_nasdaq/TNL/TNL_4H_20260621_075242.png
 rename charts/screenshots_nasdaq/TNL/{TNL_Daily_20260620_072932.png => TNL_Daily_20260621_075242.png} (96%)
 delete mode 100644 charts/screenshots_nasdaq/TNL/TNL_Monthly_20260620_072932.png
 create mode 100644 charts/screenshots_nasdaq/TNL/TNL_Monthly_20260621_075242.png
 delete mode 100644 charts/screenshots_nasdaq/TNL/TNL_Weekly_20260620_072932.png
 create mode 100644 charts/screenshots_nasdaq/TNL/TNL_Weekly_20260621_075242.png
 delete mode 100644 charts/screenshots_nasdaq/TRI/TRI_1H_20260620_084021.png
 create mode 100644 charts/screenshots_nasdaq/TRI/TRI_1H_20260621_090635.png
 delete mode 100644 charts/screenshots_nasdaq/TRI/TRI_4H_20260620_084021.png
 create mode 100644 charts/screenshots_nasdaq/TRI/TRI_4H_20260621_090635.png
 delete mode 100644 charts/screenshots_nasdaq/TRI/TRI_Daily_20260620_084021.png
 create mode 100644 charts/screenshots_nasdaq/TRI/TRI_Daily_20260621_090635.png
 delete mode 100644 charts/screenshots_nasdaq/TRI/TRI_Monthly_20260620_084021.png
 create mode 100644 charts/screenshots_nasdaq/TRI/TRI_Monthly_20260621_090635.png
 delete mode 100644 charts/screenshots_nasdaq/TRI/TRI_Weekly_20260620_084021.png
 create mode 100644 charts/screenshots_nasdaq/TRI/TRI_Weekly_20260621_090635.png
 delete mode 100644 charts/screenshots_nasdaq/TTMI/TTMI_1H_20260620_081000.png
 create mode 100644 charts/screenshots_nasdaq/TTMI/TTMI_1H_20260621_083650.png
 delete mode 100644 charts/screenshots_nasdaq/TTMI/TTMI_4H_20260620_081000.png
 create mode 100644 charts/screenshots_nasdaq/TTMI/TTMI_4H_20260621_083650.png
 delete mode 100644 charts/screenshots_nasdaq/TTMI/TTMI_Daily_20260620_081000.png
 create mode 100644 charts/screenshots_nasdaq/TTMI/TTMI_Daily_20260621_083650.png
 delete mode 100644 charts/screenshots_nasdaq/TTMI/TTMI_Monthly_20260620_081000.png
 create mode 100644 charts/screenshots_nasdaq/TTMI/TTMI_Monthly_20260621_083650.png
 delete mode 100644 charts/screenshots_nasdaq/TTMI/TTMI_Weekly_20260620_081000.png
 create mode 100644 charts/screenshots_nasdaq/TTMI/TTMI_Weekly_20260621_083650.png
 delete mode 100644 charts/screenshots_nasdaq/TVTX/TVTX_1H_20260620_074848.png
 create mode 100644 charts/screenshots_nasdaq/TVTX/TVTX_1H_20260621_081427.png
 delete mode 100644 charts/screenshots_nasdaq/TVTX/TVTX_4H_20260620_074848.png
 create mode 100644 charts/screenshots_nasdaq/TVTX/TVTX_4H_20260621_081427.png
 delete mode 100644 charts/screenshots_nasdaq/TVTX/TVTX_Daily_20260620_074848.png
 create mode 100644 charts/screenshots_nasdaq/TVTX/TVTX_Daily_20260621_081427.png
 delete mode 100644 charts/screenshots_nasdaq/TVTX/TVTX_Monthly_20260620_074848.png
 create mode 100644 charts/screenshots_nasdaq/TVTX/TVTX_Monthly_20260621_081427.png
 delete mode 100644 charts/screenshots_nasdaq/TVTX/TVTX_Weekly_20260620_074848.png
 create mode 100644 charts/screenshots_nasdaq/TVTX/TVTX_Weekly_20260621_081427.png
 delete mode 100644 charts/screenshots_nasdaq/TWST/TWST_1H_20260620_075047.png
 create mode 100644 charts/screenshots_nasdaq/TWST/TWST_1H_20260621_081624.png
 delete mode 100644 charts/screenshots_nasdaq/TWST/TWST_4H_20260620_075047.png
 create mode 100644 charts/screenshots_nasdaq/TWST/TWST_4H_20260621_081624.png
 delete mode 100644 charts/screenshots_nasdaq/TWST/TWST_Daily_20260620_075047.png
 create mode 100644 charts/screenshots_nasdaq/TWST/TWST_Daily_20260621_081624.png
 delete mode 100644 charts/screenshots_nasdaq/TWST/TWST_Monthly_20260620_075047.png
 create mode 100644 charts/screenshots_nasdaq/TWST/TWST_Monthly_20260621_081624.png
 delete mode 100644 charts/screenshots_nasdaq/TWST/TWST_Weekly_20260620_075047.png
 create mode 100644 charts/screenshots_nasdaq/TWST/TWST_Weekly_20260621_081624.png
 delete mode 100644 charts/screenshots_nasdaq/TXG/TXG_1H_20260620_074609.png
 create mode 100644 charts/screenshots_nasdaq/TXG/TXG_1H_20260621_081148.png
 delete mode 100644 charts/screenshots_nasdaq/TXG/TXG_4H_20260620_074609.png
 create mode 100644 charts/screenshots_nasdaq/TXG/TXG_4H_20260621_081148.png
 delete mode 100644 charts/screenshots_nasdaq/TXG/TXG_Daily_20260620_074609.png
 create mode 100644 charts/screenshots_nasdaq/TXG/TXG_Daily_20260621_081148.png
 delete mode 100644 charts/screenshots_nasdaq/TXG/TXG_Monthly_20260620_074609.png
 create mode 100644 charts/screenshots_nasdaq/TXG/TXG_Monthly_20260621_081148.png
 delete mode 100644 charts/screenshots_nasdaq/TXG/TXG_Weekly_20260620_074609.png
 create mode 100644 charts/screenshots_nasdaq/TXG/TXG_Weekly_20260621_081148.png
 delete mode 100644 charts/screenshots_nasdaq/UAL/UAL_1H_20260620_074331.png
 create mode 100644 charts/screenshots_nasdaq/UAL/UAL_1H_20260621_080712.png
 delete mode 100644 charts/screenshots_nasdaq/UAL/UAL_4H_20260620_074331.png
 create mode 100644 charts/screenshots_nasdaq/UAL/UAL_4H_20260621_080712.png
 delete mode 100644 charts/screenshots_nasdaq/UAL/UAL_Daily_20260620_074331.png
 create mode 100644 charts/screenshots_nasdaq/UAL/UAL_Daily_20260621_080712.png
 delete mode 100644 charts/screenshots_nasdaq/UAL/UAL_Monthly_20260620_074331.png
 create mode 100644 charts/screenshots_nasdaq/UAL/UAL_Monthly_20260621_080712.png
 delete mode 100644 charts/screenshots_nasdaq/UAL/UAL_Weekly_20260620_074331.png
 create mode 100644 charts/screenshots_nasdaq/UAL/UAL_Weekly_20260621_080712.png
 delete mode 100644 charts/screenshots_nasdaq/UCTT/UCTT_1H_20260620_080801.png
 create mode 100644 charts/screenshots_nasdaq/UCTT/UCTT_1H_20260621_083451.png
 delete mode 100644 charts/screenshots_nasdaq/UCTT/UCTT_4H_20260620_080801.png
 create mode 100644 charts/screenshots_nasdaq/UCTT/UCTT_4H_20260621_083451.png
 delete mode 100644 charts/screenshots_nasdaq/UCTT/UCTT_Daily_20260620_080801.png
 create mode 100644 charts/screenshots_nasdaq/UCTT/UCTT_Daily_20260621_083451.png
 delete mode 100644 charts/screenshots_nasdaq/UCTT/UCTT_Monthly_20260620_080801.png
 create mode 100644 charts/screenshots_nasdaq/UCTT/UCTT_Monthly_20260621_083451.png
 delete mode 100644 charts/screenshots_nasdaq/UCTT/UCTT_Weekly_20260620_080801.png
 create mode 100644 charts/screenshots_nasdaq/UCTT/UCTT_Weekly_20260621_083451.png
 delete mode 100644 charts/screenshots_nasdaq/UMC/UMC_1H_20260620_075127.png
 create mode 100644 charts/screenshots_nasdaq/UMC/UMC_1H_20260621_081704.png
 delete mode 100644 charts/screenshots_nasdaq/UMC/UMC_4H_20260620_075127.png
 create mode 100644 charts/screenshots_nasdaq/UMC/UMC_4H_20260621_081704.png
 rename charts/screenshots_nasdaq/UMC/{UMC_Daily_20260620_075127.png => UMC_Daily_20260621_081704.png} (98%)
 delete mode 100644 charts/screenshots_nasdaq/UMC/UMC_Monthly_20260620_075127.png
 create mode 100644 charts/screenshots_nasdaq/UMC/UMC_Monthly_20260621_081704.png
 delete mode 100644 charts/screenshots_nasdaq/UMC/UMC_Weekly_20260620_075127.png
 create mode 100644 charts/screenshots_nasdaq/UMC/UMC_Weekly_20260621_081704.png
 delete mode 100644 charts/screenshots_nasdaq/URI/URI_1H_20260620_072414.png
 create mode 100644 charts/screenshots_nasdaq/URI/URI_1H_20260621_074724.png
 delete mode 100644 charts/screenshots_nasdaq/URI/URI_4H_20260620_072414.png
 create mode 100644 charts/screenshots_nasdaq/URI/URI_4H_20260621_074724.png
 delete mode 100644 charts/screenshots_nasdaq/URI/URI_Daily_20260620_072414.png
 create mode 100644 charts/screenshots_nasdaq/URI/URI_Daily_20260621_074724.png
 delete mode 100644 charts/screenshots_nasdaq/URI/URI_Monthly_20260620_072414.png
 create mode 100644 charts/screenshots_nasdaq/URI/URI_Monthly_20260621_074724.png
 delete mode 100644 charts/screenshots_nasdaq/URI/URI_Weekly_20260620_072414.png
 create mode 100644 charts/screenshots_nasdaq/URI/URI_Weekly_20260621_074724.png
 delete mode 100644 charts/screenshots_nasdaq/UWMC/UWMC_1H_20260620_083346.png
 create mode 100644 charts/screenshots_nasdaq/UWMC/UWMC_1H_20260621_085957.png
 delete mode 100644 charts/screenshots_nasdaq/UWMC/UWMC_4H_20260620_083346.png
 create mode 100644 charts/screenshots_nasdaq/UWMC/UWMC_4H_20260621_085957.png
 delete mode 100644 charts/screenshots_nasdaq/UWMC/UWMC_Daily_20260620_083346.png
 create mode 100644 charts/screenshots_nasdaq/UWMC/UWMC_Daily_20260621_085957.png
 delete mode 100644 charts/screenshots_nasdaq/UWMC/UWMC_Monthly_20260620_083346.png
 create mode 100644 charts/screenshots_nasdaq/UWMC/UWMC_Monthly_20260621_085957.png
 delete mode 100644 charts/screenshots_nasdaq/UWMC/UWMC_Weekly_20260620_083346.png
 create mode 100644 charts/screenshots_nasdaq/UWMC/UWMC_Weekly_20260621_085957.png
 delete mode 100644 charts/screenshots_nasdaq/VAC/VAC_1H_20260620_073211.png
 create mode 100644 charts/screenshots_nasdaq/VAC/VAC_1H_20260621_075719.png
 delete mode 100644 charts/screenshots_nasdaq/VAC/VAC_4H_20260620_073211.png
 create mode 100644 charts/screenshots_nasdaq/VAC/VAC_4H_20260621_075719.png
 delete mode 100644 charts/screenshots_nasdaq/VAC/VAC_Daily_20260620_073211.png
 create mode 100644 charts/screenshots_nasdaq/VAC/VAC_Daily_20260621_075719.png
 delete mode 100644 charts/screenshots_nasdaq/VAC/VAC_Monthly_20260620_073211.png
 create mode 100644 charts/screenshots_nasdaq/VAC/VAC_Monthly_20260621_075719.png
 delete mode 100644 charts/screenshots_nasdaq/VAC/VAC_Weekly_20260620_073211.png
 create mode 100644 charts/screenshots_nasdaq/VAC/VAC_Weekly_20260621_075719.png
 delete mode 100644 charts/screenshots_nasdaq/VCYT/VCYT_1H_20260620_075206.png
 create mode 100644 charts/screenshots_nasdaq/VCYT/VCYT_1H_20260621_081742.png
 delete mode 100644 charts/screenshots_nasdaq/VCYT/VCYT_4H_20260620_075206.png
 create mode 100644 charts/screenshots_nasdaq/VCYT/VCYT_4H_20260621_081742.png
 delete mode 100644 charts/screenshots_nasdaq/VCYT/VCYT_Daily_20260620_075206.png
 create mode 100644 charts/screenshots_nasdaq/VCYT/VCYT_Daily_20260621_081742.png
 delete mode 100644 charts/screenshots_nasdaq/VCYT/VCYT_Monthly_20260620_075206.png
 create mode 100644 charts/screenshots_nasdaq/VCYT/VCYT_Monthly_20260621_081742.png
 delete mode 100644 charts/screenshots_nasdaq/VCYT/VCYT_Weekly_20260620_075206.png
 create mode 100644 charts/screenshots_nasdaq/VCYT/VCYT_Weekly_20260621_081742.png
 delete mode 100644 charts/screenshots_nasdaq/VELO/VELO_1H_20260620_075805.png
 create mode 100644 charts/screenshots_nasdaq/VELO/VELO_1H_20260621_082340.png
 delete mode 100644 charts/screenshots_nasdaq/VELO/VELO_4H_20260620_075805.png
 create mode 100644 charts/screenshots_nasdaq/VELO/VELO_4H_20260621_082340.png
 delete mode 100644 charts/screenshots_nasdaq/VELO/VELO_Daily_20260620_075805.png
 create mode 100644 charts/screenshots_nasdaq/VELO/VELO_Daily_20260621_082340.png
 delete mode 100644 charts/screenshots_nasdaq/VELO/VELO_Monthly_20260620_075805.png
 create mode 100644 charts/screenshots_nasdaq/VELO/VELO_Monthly_20260621_082340.png
 delete mode 100644 charts/screenshots_nasdaq/VELO/VELO_Weekly_20260620_075805.png
 create mode 100644 charts/screenshots_nasdaq/VELO/VELO_Weekly_20260621_082340.png
 delete mode 100644 charts/screenshots_nasdaq/VICR/VICR_1H_20260620_074649.png
 create mode 100644 charts/screenshots_nasdaq/VICR/VICR_1H_20260621_081228.png
 delete mode 100644 charts/screenshots_nasdaq/VICR/VICR_4H_20260620_074649.png
 create mode 100644 charts/screenshots_nasdaq/VICR/VICR_4H_20260621_081228.png
 delete mode 100644 charts/screenshots_nasdaq/VICR/VICR_Daily_20260620_074649.png
 create mode 100644 charts/screenshots_nasdaq/VICR/VICR_Daily_20260621_081228.png
 delete mode 100644 charts/screenshots_nasdaq/VICR/VICR_Monthly_20260620_074649.png
 create mode 100644 charts/screenshots_nasdaq/VICR/VICR_Monthly_20260621_081228.png
 delete mode 100644 charts/screenshots_nasdaq/VICR/VICR_Weekly_20260620_074649.png
 create mode 100644 charts/screenshots_nasdaq/VICR/VICR_Weekly_20260621_081228.png
 delete mode 100644 charts/screenshots_nasdaq/VIK/VIK_1H_20260620_081634.png
 create mode 100644 charts/screenshots_nasdaq/VIK/VIK_1H_20260621_084247.png
 delete mode 100644 charts/screenshots_nasdaq/VIK/VIK_4H_20260620_081634.png
 create mode 100644 charts/screenshots_nasdaq/VIK/VIK_4H_20260621_084247.png
 delete mode 100644 charts/screenshots_nasdaq/VIK/VIK_Daily_20260620_081634.png
 create mode 100644 charts/screenshots_nasdaq/VIK/VIK_Daily_20260621_084247.png
 delete mode 100644 charts/screenshots_nasdaq/VIK/VIK_Monthly_20260620_081634.png
 create mode 100644 charts/screenshots_nasdaq/VIK/VIK_Monthly_20260621_084247.png
 delete mode 100644 charts/screenshots_nasdaq/VIK/VIK_Weekly_20260620_081634.png
 create mode 100644 charts/screenshots_nasdaq/VIK/VIK_Weekly_20260621_084247.png
 delete mode 100644 charts/screenshots_nasdaq/VIRT/VIRT_1H_20260620_080722.png
 create mode 100644 charts/screenshots_nasdaq/VIRT/VIRT_1H_20260621_083333.png
 delete mode 100644 charts/screenshots_nasdaq/VIRT/VIRT_4H_20260620_080722.png
 create mode 100644 charts/screenshots_nasdaq/VIRT/VIRT_4H_20260621_083333.png
 delete mode 100644 charts/screenshots_nasdaq/VIRT/VIRT_Daily_20260620_080722.png
 create mode 100644 charts/screenshots_nasdaq/VIRT/VIRT_Daily_20260621_083333.png
 delete mode 100644 charts/screenshots_nasdaq/VIRT/VIRT_Monthly_20260620_080722.png
 create mode 100644 charts/screenshots_nasdaq/VIRT/VIRT_Monthly_20260621_083333.png
 delete mode 100644 charts/screenshots_nasdaq/VIRT/VIRT_Weekly_20260620_080722.png
 create mode 100644 charts/screenshots_nasdaq/VIRT/VIRT_Weekly_20260621_083333.png
 delete mode 100644 charts/screenshots_nasdaq/VPG/VPG_1H_20260620_074728.png
 create mode 100644 charts/screenshots_nasdaq/VPG/VPG_1H_20260621_081308.png
 delete mode 100644 charts/screenshots_nasdaq/VPG/VPG_4H_20260620_074728.png
 create mode 100644 charts/screenshots_nasdaq/VPG/VPG_4H_20260621_081308.png
 delete mode 100644 charts/screenshots_nasdaq/VPG/VPG_Daily_20260620_074728.png
 create mode 100644 charts/screenshots_nasdaq/VPG/VPG_Daily_20260621_081308.png
 delete mode 100644 charts/screenshots_nasdaq/VPG/VPG_Monthly_20260620_074728.png
 create mode 100644 charts/screenshots_nasdaq/VPG/VPG_Monthly_20260621_081308.png
 delete mode 100644 charts/screenshots_nasdaq/VPG/VPG_Weekly_20260620_074728.png
 create mode 100644 charts/screenshots_nasdaq/VPG/VPG_Weekly_20260621_081308.png
 delete mode 100644 charts/screenshots_nasdaq/VSH/VSH_1H_20260620_073251.png
 create mode 100644 charts/screenshots_nasdaq/VSH/VSH_1H_20260621_075759.png
 delete mode 100644 charts/screenshots_nasdaq/VSH/VSH_4H_20260620_073251.png
 create mode 100644 charts/screenshots_nasdaq/VSH/VSH_4H_20260621_075759.png
 delete mode 100644 charts/screenshots_nasdaq/VSH/VSH_Daily_20260620_073251.png
 create mode 100644 charts/screenshots_nasdaq/VSH/VSH_Daily_20260621_075759.png
 delete mode 100644 charts/screenshots_nasdaq/VSH/VSH_Monthly_20260620_073251.png
 create mode 100644 charts/screenshots_nasdaq/VSH/VSH_Monthly_20260621_075759.png
 delete mode 100644 charts/screenshots_nasdaq/VSH/VSH_Weekly_20260620_073251.png
 create mode 100644 charts/screenshots_nasdaq/VSH/VSH_Weekly_20260621_075759.png
 delete mode 100644 charts/screenshots_nasdaq/VSXY/VSXY_1H_20260620_074808.png
 create mode 100644 charts/screenshots_nasdaq/VSXY/VSXY_1H_20260621_081347.png
 delete mode 100644 charts/screenshots_nasdaq/VSXY/VSXY_4H_20260620_074808.png
 create mode 100644 charts/screenshots_nasdaq/VSXY/VSXY_4H_20260621_081347.png
 delete mode 100644 charts/screenshots_nasdaq/VSXY/VSXY_Daily_20260620_074808.png
 create mode 100644 charts/screenshots_nasdaq/VSXY/VSXY_Daily_20260621_081347.png
 delete mode 100644 charts/screenshots_nasdaq/VSXY/VSXY_Monthly_20260620_074808.png
 create mode 100644 charts/screenshots_nasdaq/VSXY/VSXY_Monthly_20260621_081347.png
 delete mode 100644 charts/screenshots_nasdaq/VSXY/VSXY_Weekly_20260620_074808.png
 create mode 100644 charts/screenshots_nasdaq/VSXY/VSXY_Weekly_20260621_081347.png
 delete mode 100644 charts/screenshots_nasdaq/VXX/VXX_1H_20260620_084418.png
 create mode 100644 charts/screenshots_nasdaq/VXX/VXX_1H_20260621_090952.png
 delete mode 100644 charts/screenshots_nasdaq/VXX/VXX_4H_20260620_084418.png
 create mode 100644 charts/screenshots_nasdaq/VXX/VXX_4H_20260621_090952.png
 delete mode 100644 charts/screenshots_nasdaq/VXX/VXX_Daily_20260620_084418.png
 create mode 100644 charts/screenshots_nasdaq/VXX/VXX_Daily_20260621_090952.png
 delete mode 100644 charts/screenshots_nasdaq/VXX/VXX_Monthly_20260620_084418.png
 create mode 100644 charts/screenshots_nasdaq/VXX/VXX_Monthly_20260621_090952.png
 rename charts/screenshots_nasdaq/VXX/{VXX_Weekly_20260620_084418.png => VXX_Weekly_20260621_090952.png} (92%)
 delete mode 100644 charts/screenshots_nasdaq/WDC/WDC_1H_20260620_081515.png
 create mode 100644 charts/screenshots_nasdaq/WDC/WDC_1H_20260621_084047.png
 rename charts/screenshots_nasdaq/WDC/{WDC_4H_20260620_081515.png => WDC_4H_20260621_084047.png} (68%)
 delete mode 100644 charts/screenshots_nasdaq/WDC/WDC_Daily_20260620_081515.png
 create mode 100644 charts/screenshots_nasdaq/WDC/WDC_Daily_20260621_084047.png
 delete mode 100644 charts/screenshots_nasdaq/WDC/WDC_Monthly_20260620_081515.png
 create mode 100644 charts/screenshots_nasdaq/WDC/WDC_Monthly_20260621_084047.png
 delete mode 100644 charts/screenshots_nasdaq/WDC/WDC_Weekly_20260620_081515.png
 create mode 100644 charts/screenshots_nasdaq/WDC/WDC_Weekly_20260621_084047.png
 delete mode 100644 charts/screenshots_nasdaq/WHR/WHR_1H_20260620_084259.png
 create mode 100644 charts/screenshots_nasdaq/WHR/WHR_1H_20260621_090834.png
 delete mode 100644 charts/screenshots_nasdaq/WHR/WHR_4H_20260620_084259.png
 create mode 100644 charts/screenshots_nasdaq/WHR/WHR_4H_20260621_090834.png
 delete mode 100644 charts/screenshots_nasdaq/WHR/WHR_Daily_20260620_084259.png
 create mode 100644 charts/screenshots_nasdaq/WHR/WHR_Daily_20260621_090834.png
 delete mode 100644 charts/screenshots_nasdaq/WHR/WHR_Monthly_20260620_084259.png
 create mode 100644 charts/screenshots_nasdaq/WHR/WHR_Monthly_20260621_090834.png
 delete mode 100644 charts/screenshots_nasdaq/WHR/WHR_Weekly_20260620_084259.png
 create mode 100644 charts/screenshots_nasdaq/WHR/WHR_Weekly_20260621_090834.png
 delete mode 100644 charts/screenshots_nasdaq/WSM/WSM_1H_20260620_073331.png
 create mode 100644 charts/screenshots_nasdaq/WSM/WSM_1H_20260621_075838.png
 delete mode 100644 charts/screenshots_nasdaq/WSM/WSM_4H_20260620_073331.png
 create mode 100644 charts/screenshots_nasdaq/WSM/WSM_4H_20260621_075838.png
 delete mode 100644 charts/screenshots_nasdaq/WSM/WSM_Daily_20260620_073331.png
 create mode 100644 charts/screenshots_nasdaq/WSM/WSM_Daily_20260621_075838.png
 delete mode 100644 charts/screenshots_nasdaq/WSM/WSM_Monthly_20260620_073331.png
 create mode 100644 charts/screenshots_nasdaq/WSM/WSM_Monthly_20260621_075838.png
 delete mode 100644 charts/screenshots_nasdaq/WSM/WSM_Weekly_20260620_073331.png
 create mode 100644 charts/screenshots_nasdaq/WSM/WSM_Weekly_20260621_075838.png
 delete mode 100644 charts/screenshots_nasdaq/WULF/WULF_1H_20260620_080841.png
 create mode 100644 charts/screenshots_nasdaq/WULF/WULF_1H_20260621_083531.png
 delete mode 100644 charts/screenshots_nasdaq/WULF/WULF_4H_20260620_080841.png
 create mode 100644 charts/screenshots_nasdaq/WULF/WULF_4H_20260621_083531.png
 rename charts/screenshots_nasdaq/WULF/{WULF_Daily_20260620_080841.png => WULF_Daily_20260621_083531.png} (97%)
 delete mode 100644 charts/screenshots_nasdaq/WULF/WULF_Monthly_20260620_080841.png
 create mode 100644 charts/screenshots_nasdaq/WULF/WULF_Monthly_20260621_083531.png
 delete mode 100644 charts/screenshots_nasdaq/WULF/WULF_Weekly_20260620_080841.png
 create mode 100644 charts/screenshots_nasdaq/WULF/WULF_Weekly_20260621_083531.png
 delete mode 100644 charts/screenshots_nasdaq/WWD/WWD_1H_20260620_070421.png
 create mode 100644 charts/screenshots_nasdaq/WWD/WWD_1H_20260621_072941.png
 delete mode 100644 charts/screenshots_nasdaq/WWD/WWD_4H_20260620_070421.png
 create mode 100644 charts/screenshots_nasdaq/WWD/WWD_4H_20260621_072941.png
 delete mode 100644 charts/screenshots_nasdaq/WWD/WWD_Daily_20260620_070421.png
 create mode 100644 charts/screenshots_nasdaq/WWD/WWD_Daily_20260621_072941.png
 delete mode 100644 charts/screenshots_nasdaq/WWD/WWD_Monthly_20260620_070421.png
 create mode 100644 charts/screenshots_nasdaq/WWD/WWD_Monthly_20260621_072941.png
 delete mode 100644 charts/screenshots_nasdaq/WWD/WWD_Weekly_20260620_070421.png
 create mode 100644 charts/screenshots_nasdaq/WWD/WWD_Weekly_20260621_072941.png
 rename charts/screenshots_nasdaq/WYFI/{WYFI_1H_20260620_081158.png => WYFI_1H_20260621_083929.png} (97%)
 delete mode 100644 charts/screenshots_nasdaq/WYFI/WYFI_4H_20260620_081158.png
 create mode 100644 charts/screenshots_nasdaq/WYFI/WYFI_4H_20260621_083929.png
 delete mode 100644 charts/screenshots_nasdaq/WYFI/WYFI_Daily_20260620_081158.png
 create mode 100644 charts/screenshots_nasdaq/WYFI/WYFI_Daily_20260621_083929.png
 delete mode 100644 charts/screenshots_nasdaq/WYFI/WYFI_Monthly_20260620_081158.png
 create mode 100644 charts/screenshots_nasdaq/WYFI/WYFI_Monthly_20260621_083929.png
 delete mode 100644 charts/screenshots_nasdaq/WYFI/WYFI_Weekly_20260620_081158.png
 create mode 100644 charts/screenshots_nasdaq/WYFI/WYFI_Weekly_20260621_083929.png
[[NASDAQ/NYSE 차트분석]] GitHub 푸시 완료
[[NASDAQ/NYSE 차트분석]] Google Sheets 업데이트 완료 (166개 종목)
[Paper Trading] NASDAQ ranked_df 스냅샷 저장 완료 (240개 종목)

[요약] 전 종목 스캔 완료 – 총 8894.6초 (148.24분) 소요
