============================================================
[1단계] 전 종목 리스트 수집 및 기본 필터링
============================================================
[ticker_fetcher] 나스닥 FTP 서버에서 종목 리스트 다운로드 중...
[ticker_fetcher] 총 7514개 종목 로드 → 비표준 심볼 1268개 제거 → 6246개 보통주
[ticker_fetcher] 1단계 필터링 배치 1/125 (50개 종목)...
[ticker_fetcher] 1단계 필터링 배치 2/125 (50개 종목)...
[ticker_fetcher] 1단계 필터링 배치 3/125 (50개 종목)...
[ticker_fetcher] 1단계 필터링 배치 4/125 (50개 종목)...
[ticker_fetcher] 1단계 필터링 배치 5/125 (50개 종목)...
[ticker_fetcher] 1단계 필터링 배치 6/125 (50개 종목)...
[ticker_fetcher] 1단계 필터링 배치 7/125 (50개 종목)...
[ticker_fetcher] 1단계 필터링 배치 8/125 (50개 종목)...
[ticker_fetcher] 1단계 필터링 배치 9/125 (50개 종목)...
[ticker_fetcher] 1단계 필터링 배치 10/125 (50개 종목)...
[ticker_fetcher] 1단계 필터링 배치 11/125 (50개 종목)...
[ticker_fetcher] 1단계 필터링 배치 12/125 (50개 종목)...
[ticker_fetcher] 1단계 필터링 배치 13/125 (50개 종목)...
[ticker_fetcher] 1단계 필터링 배치 14/125 (50개 종목)...
[ticker_fetcher] 1단계 필터링 배치 15/125 (50개 종목)...
[ticker_fetcher] 1단계 필터링 배치 16/125 (50개 종목)...
[ticker_fetcher] 1단계 필터링 배치 17/125 (50개 종목)...
[ticker_fetcher] 1단계 필터링 배치 18/125 (50개 종목)...
[ticker_fetcher] 1단계 필터링 배치 19/125 (50개 종목)...
[ticker_fetcher] 1단계 필터링 배치 20/125 (50개 종목)...
[ticker_fetcher] 1단계 필터링 배치 21/125 (50개 종목)...
[ticker_fetcher] 1단계 필터링 배치 22/125 (50개 종목)...
[ticker_fetcher] 1단계 필터링 배치 23/125 (50개 종목)...
[ticker_fetcher] 1단계 필터링 배치 24/125 (50개 종목)...
[ticker_fetcher] 1단계 필터링 배치 25/125 (50개 종목)...
[ticker_fetcher] 1단계 필터링 배치 26/125 (50개 종목)...
[ticker_fetcher] 1단계 필터링 배치 27/125 (50개 종목)...
[ticker_fetcher] 1단계 필터링 배치 28/125 (50개 종목)...
[ticker_fetcher] 1단계 필터링 배치 29/125 (50개 종목)...
[ticker_fetcher] 1단계 필터링 배치 30/125 (50개 종목)...
[ticker_fetcher] 1단계 필터링 배치 31/125 (50개 종목)...
[ticker_fetcher] 1단계 필터링 배치 32/125 (50개 종목)...
[ticker_fetcher] 1단계 필터링 배치 33/125 (50개 종목)...
[ticker_fetcher] 1단계 필터링 배치 34/125 (50개 종목)...
[ticker_fetcher] 1단계 필터링 배치 35/125 (50개 종목)...
[ticker_fetcher] 1단계 필터링 배치 36/125 (50개 종목)...
[ticker_fetcher] 1단계 필터링 배치 37/125 (50개 종목)...
[ticker_fetcher] 1단계 필터링 배치 38/125 (50개 종목)...
[ticker_fetcher] 1단계 필터링 배치 39/125 (50개 종목)...
[ticker_fetcher] 1단계 필터링 배치 40/125 (50개 종목)...
[ticker_fetcher] 1단계 필터링 배치 41/125 (50개 종목)...
[ticker_fetcher] 1단계 필터링 배치 42/125 (50개 종목)...
[ticker_fetcher] 1단계 필터링 배치 43/125 (50개 종목)...
[ticker_fetcher] 1단계 필터링 배치 44/125 (50개 종목)...
[ticker_fetcher] 1단계 필터링 배치 45/125 (50개 종목)...
[ticker_fetcher] 1단계 필터링 배치 46/125 (50개 종목)...
[ticker_fetcher] 1단계 필터링 배치 47/125 (50개 종목)...
[ticker_fetcher] 1단계 필터링 배치 48/125 (50개 종목)...
[ticker_fetcher] 1단계 필터링 배치 49/125 (50개 종목)...
[ticker_fetcher] 1단계 필터링 배치 50/125 (50개 종목)...
[ticker_fetcher] 1단계 필터링 배치 51/125 (50개 종목)...
[ticker_fetcher] 1단계 필터링 배치 52/125 (50개 종목)...
[ticker_fetcher] 1단계 필터링 배치 53/125 (50개 종목)...
[ticker_fetcher] 1단계 필터링 배치 54/125 (50개 종목)...
[ticker_fetcher] 1단계 필터링 배치 55/125 (50개 종목)...
[ticker_fetcher] 1단계 필터링 배치 56/125 (50개 종목)...
[ticker_fetcher] 1단계 필터링 배치 57/125 (50개 종목)...
[ticker_fetcher] 1단계 필터링 배치 58/125 (50개 종목)...
[ticker_fetcher] 1단계 필터링 배치 59/125 (50개 종목)...
[ticker_fetcher] 1단계 필터링 배치 60/125 (50개 종목)...
[ticker_fetcher] 1단계 필터링 배치 61/125 (50개 종목)...
[ticker_fetcher] 1단계 필터링 배치 62/125 (50개 종목)...
[ticker_fetcher] 1단계 필터링 배치 63/125 (50개 종목)...
[ticker_fetcher] 1단계 필터링 배치 64/125 (50개 종목)...
[ticker_fetcher] 1단계 필터링 배치 65/125 (50개 종목)...
[ticker_fetcher] 1단계 필터링 배치 66/125 (50개 종목)...
[ticker_fetcher] 1단계 필터링 배치 67/125 (50개 종목)...
[ticker_fetcher] 1단계 필터링 배치 68/125 (50개 종목)...
[ticker_fetcher] 1단계 필터링 배치 69/125 (50개 종목)...
[ticker_fetcher] 1단계 필터링 배치 70/125 (50개 종목)...
[ticker_fetcher] 1단계 필터링 배치 71/125 (50개 종목)...
[ticker_fetcher] 1단계 필터링 배치 72/125 (50개 종목)...
[ticker_fetcher] 1단계 필터링 배치 73/125 (50개 종목)...
[ticker_fetcher] 1단계 필터링 배치 74/125 (50개 종목)...
[ticker_fetcher] 1단계 필터링 배치 75/125 (50개 종목)...
[ticker_fetcher] 1단계 필터링 배치 76/125 (50개 종목)...
[ticker_fetcher] 1단계 필터링 배치 77/125 (50개 종목)...
[ticker_fetcher] 1단계 필터링 배치 78/125 (50개 종목)...
[ticker_fetcher] 1단계 필터링 배치 79/125 (50개 종목)...
[ticker_fetcher] 1단계 필터링 배치 80/125 (50개 종목)...
[ticker_fetcher] 1단계 필터링 배치 81/125 (50개 종목)...
[ticker_fetcher] 1단계 필터링 배치 82/125 (50개 종목)...
[ticker_fetcher] 1단계 필터링 배치 83/125 (50개 종목)...
[ticker_fetcher] 1단계 필터링 배치 84/125 (50개 종목)...
[ticker_fetcher] 1단계 필터링 배치 85/125 (50개 종목)...
[ticker_fetcher] 1단계 필터링 배치 86/125 (50개 종목)...
[ticker_fetcher] 1단계 필터링 배치 87/125 (50개 종목)...
[ticker_fetcher] 1단계 필터링 배치 88/125 (50개 종목)...
[ticker_fetcher] 1단계 필터링 배치 89/125 (50개 종목)...
[ticker_fetcher] 1단계 필터링 배치 90/125 (50개 종목)...
[ticker_fetcher] 1단계 필터링 배치 91/125 (50개 종목)...
[ticker_fetcher] 1단계 필터링 배치 92/125 (50개 종목)...
[ticker_fetcher] 1단계 필터링 배치 93/125 (50개 종목)...
[ticker_fetcher] 1단계 필터링 배치 94/125 (50개 종목)...
[ticker_fetcher] 1단계 필터링 배치 95/125 (50개 종목)...
[ticker_fetcher] 1단계 필터링 배치 96/125 (50개 종목)...
[ticker_fetcher] 1단계 필터링 배치 97/125 (50개 종목)...
[ticker_fetcher] 1단계 필터링 배치 98/125 (50개 종목)...
[ticker_fetcher] 1단계 필터링 배치 99/125 (50개 종목)...
[ticker_fetcher] 1단계 필터링 배치 100/125 (50개 종목)...
[ticker_fetcher] 1단계 필터링 배치 101/125 (50개 종목)...
[ticker_fetcher] 1단계 필터링 배치 102/125 (50개 종목)...
[ticker_fetcher] 1단계 필터링 배치 103/125 (50개 종목)...
[ticker_fetcher] 1단계 필터링 배치 104/125 (50개 종목)...
[ticker_fetcher] 1단계 필터링 배치 105/125 (50개 종목)...
[ticker_fetcher] 1단계 필터링 배치 106/125 (50개 종목)...
[ticker_fetcher] 1단계 필터링 배치 107/125 (50개 종목)...
[ticker_fetcher] 1단계 필터링 배치 108/125 (50개 종목)...
[ticker_fetcher] 1단계 필터링 배치 109/125 (50개 종목)...
[ticker_fetcher] 1단계 필터링 배치 110/125 (50개 종목)...
[ticker_fetcher] 1단계 필터링 배치 111/125 (50개 종목)...
[ticker_fetcher] 1단계 필터링 배치 112/125 (50개 종목)...
[ticker_fetcher] 1단계 필터링 배치 113/125 (50개 종목)...
[ticker_fetcher] 1단계 필터링 배치 114/125 (50개 종목)...
[ticker_fetcher] 1단계 필터링 배치 115/125 (50개 종목)...
[ticker_fetcher] 1단계 필터링 배치 116/125 (50개 종목)...
[ticker_fetcher] 1단계 필터링 배치 117/125 (50개 종목)...
[ticker_fetcher] 1단계 필터링 배치 118/125 (50개 종목)...
[ticker_fetcher] 1단계 필터링 배치 119/125 (50개 종목)...
[ticker_fetcher] 1단계 필터링 배치 120/125 (50개 종목)...
[ticker_fetcher] 1단계 필터링 배치 121/125 (50개 종목)...
[ticker_fetcher] 1단계 필터링 배치 122/125 (50개 종목)...
[ticker_fetcher] 1단계 필터링 배치 123/125 (50개 종목)...
[ticker_fetcher] 1단계 필터링 배치 124/125 (50개 종목)...
[ticker_fetcher] 1단계 필터링 배치 125/125 (46개 종목)...
[ticker_fetcher] 1단계 필터링 완료: 6246개 → 4195개 (가격 ≥ $1.0, 평균 거래량 ≥ 100,000)

============================================================
[2단계] 바닥 탈출 / 강세 돌파 후보 선별
============================================================
[2단계] 배치 1/84 (50개 종목 분석 중)...
[2단계] 배치 2/84 (50개 종목 분석 중)...
[2단계] 배치 3/84 (50개 종목 분석 중)...
[2단계] 배치 4/84 (50개 종목 분석 중)...
[2단계] 배치 5/84 (50개 종목 분석 중)...
[2단계] 배치 6/84 (50개 종목 분석 중)...
[2단계] 배치 7/84 (50개 종목 분석 중)...
[2단계] 배치 8/84 (50개 종목 분석 중)...
[2단계] 배치 9/84 (50개 종목 분석 중)...
[2단계] 배치 10/84 (50개 종목 분석 중)...
[2단계] 배치 11/84 (50개 종목 분석 중)...
[2단계] 배치 12/84 (50개 종목 분석 중)...
[2단계] 배치 13/84 (50개 종목 분석 중)...
[2단계] 배치 14/84 (50개 종목 분석 중)...
[2단계] 배치 15/84 (50개 종목 분석 중)...
[2단계] 배치 16/84 (50개 종목 분석 중)...
[2단계] 배치 17/84 (50개 종목 분석 중)...
[2단계] 배치 18/84 (50개 종목 분석 중)...
[2단계] 배치 19/84 (50개 종목 분석 중)...
[2단계] 배치 20/84 (50개 종목 분석 중)...
[2단계] 배치 21/84 (50개 종목 분석 중)...
[2단계] 배치 22/84 (50개 종목 분석 중)...
[2단계] 배치 23/84 (50개 종목 분석 중)...
[2단계] 배치 24/84 (50개 종목 분석 중)...
[2단계] 배치 25/84 (50개 종목 분석 중)...
[2단계] 배치 26/84 (50개 종목 분석 중)...
[2단계] 배치 27/84 (50개 종목 분석 중)...
[2단계] 배치 28/84 (50개 종목 분석 중)...
[2단계] 배치 29/84 (50개 종목 분석 중)...
[2단계] 배치 30/84 (50개 종목 분석 중)...
[2단계] 배치 31/84 (50개 종목 분석 중)...
[2단계] 배치 32/84 (50개 종목 분석 중)...
[2단계] 배치 33/84 (50개 종목 분석 중)...
[2단계] 배치 34/84 (50개 종목 분석 중)...
[2단계] 배치 35/84 (50개 종목 분석 중)...
[2단계] 배치 36/84 (50개 종목 분석 중)...
[2단계] 배치 37/84 (50개 종목 분석 중)...
[2단계] 배치 38/84 (50개 종목 분석 중)...
[2단계] 배치 39/84 (50개 종목 분석 중)...
[2단계] 배치 40/84 (50개 종목 분석 중)...
[2단계] 배치 41/84 (50개 종목 분석 중)...
[2단계] 배치 42/84 (50개 종목 분석 중)...
[2단계] 배치 43/84 (50개 종목 분석 중)...
[2단계] 배치 44/84 (50개 종목 분석 중)...
[2단계] 배치 45/84 (50개 종목 분석 중)...
[2단계] 배치 46/84 (50개 종목 분석 중)...
[2단계] 배치 47/84 (50개 종목 분석 중)...
[2단계] 배치 48/84 (50개 종목 분석 중)...
[2단계] 배치 49/84 (50개 종목 분석 중)...
[2단계] 배치 50/84 (50개 종목 분석 중)...
[2단계] 배치 51/84 (50개 종목 분석 중)...
[2단계] 배치 52/84 (50개 종목 분석 중)...
[2단계] 배치 53/84 (50개 종목 분석 중)...
[2단계] 배치 54/84 (50개 종목 분석 중)...
[2단계] 배치 55/84 (50개 종목 분석 중)...
[2단계] 배치 56/84 (50개 종목 분석 중)...
[2단계] 배치 57/84 (50개 종목 분석 중)...
[2단계] 배치 58/84 (50개 종목 분석 중)...
[2단계] 배치 59/84 (50개 종목 분석 중)...
[2단계] 배치 60/84 (50개 종목 분석 중)...
[2단계] 배치 61/84 (50개 종목 분석 중)...
[2단계] 배치 62/84 (50개 종목 분석 중)...
[2단계] 배치 63/84 (50개 종목 분석 중)...
[2단계] 배치 64/84 (50개 종목 분석 중)...
[2단계] 배치 65/84 (50개 종목 분석 중)...
[2단계] 배치 66/84 (50개 종목 분석 중)...
[2단계] 배치 67/84 (50개 종목 분석 중)...
[2단계] 배치 68/84 (50개 종목 분석 중)...
[2단계] 배치 69/84 (50개 종목 분석 중)...
[2단계] 배치 70/84 (50개 종목 분석 중)...
[2단계] 배치 71/84 (50개 종목 분석 중)...
[2단계] 배치 72/84 (50개 종목 분석 중)...
[2단계] 배치 73/84 (50개 종목 분석 중)...
[2단계] 배치 74/84 (50개 종목 분석 중)...
[2단계] 배치 75/84 (50개 종목 분석 중)...
[2단계] 배치 76/84 (50개 종목 분석 중)...
[2단계] 배치 77/84 (50개 종목 분석 중)...
[2단계] 배치 78/84 (50개 종목 분석 중)...
[2단계] 배치 79/84 (50개 종목 분석 중)...
[2단계] 배치 80/84 (50개 종목 분석 중)...
[2단계] 배치 81/84 (50개 종목 분석 중)...
[2단계] 배치 82/84 (50개 종목 분석 중)...
[2단계] 배치 83/84 (50개 종목 분석 중)...
[2단계] 배치 84/84 (45개 종목 분석 중)...
[2단계] 필터링 완료: 4195개 → 865개 후보 선별

============================================================
[3단계] 865개 후보 종목 정밀 분석
============================================================
[OHLCV] 배치 다운로드 1/18 (50개 종목, period=5y)...
[OHLCV] 배치 다운로드 2/18 (50개 종목, period=5y)...
[OHLCV] 배치 다운로드 3/18 (50개 종목, period=5y)...
[OHLCV] 배치 다운로드 4/18 (50개 종목, period=5y)...
[OHLCV] 배치 다운로드 5/18 (50개 종목, period=5y)...
[OHLCV] 배치 다운로드 6/18 (50개 종목, period=5y)...
[OHLCV] 배치 다운로드 7/18 (50개 종목, period=5y)...
[OHLCV] 배치 다운로드 8/18 (50개 종목, period=5y)...
[OHLCV] 배치 다운로드 9/18 (50개 종목, period=5y)...
[OHLCV] 배치 다운로드 10/18 (50개 종목, period=5y)...
[OHLCV] 배치 다운로드 11/18 (50개 종목, period=5y)...
[OHLCV] 배치 다운로드 12/18 (50개 종목, period=5y)...
[OHLCV] 배치 다운로드 13/18 (50개 종목, period=5y)...
[OHLCV] 배치 다운로드 14/18 (50개 종목, period=5y)...
[OHLCV] 배치 다운로드 15/18 (50개 종목, period=5y)...
[OHLCV] 배치 다운로드 16/18 (50개 종목, period=5y)...
[OHLCV] 배치 다운로드 17/18 (50개 종목, period=5y)...
[OHLCV] 배치 다운로드 18/18 (15개 종목, period=5y)...
[DataValidator] 694건의 데이터 품질 경고 발생
Warning:  AAOI: 비정상 가격 변동 67.1% (2023-08-04) — 스플릿/데이터 오류 가능
Warning:  AARD: Close NaN 비율 67.6% (기준: 30%)
Warning:  AARD: 비정상 가격 변동 56.2% (2026-03-02) — 스플릿/데이터 오류 가능
Warning:  ABAT: 비정상 가격 변동 60.4% (2024-12-23) — 스플릿/데이터 오류 가능
Warning:  ABTC: 비정상 가격 변동 173.1% (2025-05-12) — 스플릿/데이터 오류 가능
Warning:  ABTS: 비정상 가격 변동 1381.0% (2025-03-10) — 스플릿/데이터 오류 가능
Warning:  ABVC: 비정상 가격 변동 137.4% (2021-11-01) — 스플릿/데이터 오류 가능
Warning:  ADCT: 비정상 가격 변동 63.1% (2023-12-13) — 스플릿/데이터 오류 가능
Warning:  ADVB: Close NaN 비율 68.8% (기준: 30%)
Warning:  ADVB: 비정상 가격 변동 76.9% (2026-07-20) — 스플릿/데이터 오류 가능
Warning:  AEHL: 비정상 가격 변동 135.3% (2026-05-08) — 스플릿/데이터 오류 가능
Warning:  AEMD: 비정상 가격 변동 374.1% (2026-09-17) — 스플릿/데이터 오류 가능
Warning:  AGBK: Close NaN 비율 87.5% (기준: 30%)
Warning:  AGIG: 비정상 가격 변동 494.7% (2022-03-07) — 스플릿/데이터 오류 가능
Warning:  AHMA: Close NaN 비율 81.4% (기준: 30%)
Warning:  AHMA: 비정상 가격 변동 198.1% (2025-12-01) — 스플릿/데이터 오류 가능
Warning:  AIB: Close NaN 비율 89.3% (기준: 30%)
Warning:  AIIO: 비정상 가격 변동 116.1% (2026-05-14) — 스플릿/데이터 오류 가능
Warning:  AIMD: 비정상 가격 변동 184.3% (2022-06-30) — 스플릿/데이터 오류 가능
Warning:  AIRO: Close NaN 비율 74.3% (기준: 30%)
Warning:  AIRS: 비정상 가격 변동 51.6% (2026-03-16) — 스플릿/데이터 오류 가능
Warning:  AISP: 비정상 가격 변동 200.0% (2024-03-05) — 스플릿/데이터 오류 가능
Warning:  AIXC: 비정상 가격 변동 111.7% (2024-07-12) — 스플릿/데이터 오류 가능
Warning:  AIXI: 비정상 가격 변동 590.7% (2026-09-08) — 스플릿/데이터 오류 가능
Warning:  AKAN: 비정상 가격 변동 214.2% (2026-04-22) — 스플릿/데이터 오류 가능
Warning:  ALAR: 비정상 가격 변동 51.5% (2026-07-06) — 스플릿/데이터 오류 가능
Warning:  ALDX: 비정상 가격 변동 73.3% (2025-04-03) — 스플릿/데이터 오류 가능
Warning:  ALMS: Close NaN 비율 55.1% (기준: 30%)
Warning:  ALMS: 비정상 가격 변동 95.3% (2026-01-06) — 스플릿/데이터 오류 가능
Warning:  ALMU: 비정상 가격 변동 66.7% (2023-03-20) — 스플릿/데이터 오류 가능
Warning:  ALOY: 비정상 가격 변동 226.6% (2025-01-22) — 스플릿/데이터 오류 가능
Warning:  ALT: 비정상 가격 변동 54.7% (2023-03-21) — 스플릿/데이터 오류 가능
Warning:  AMCI: 비정상 가격 변동 168.3% (2025-12-15) — 스플릿/데이터 오류 가능
Warning:  AMIX: Close NaN 비율 46.8% (기준: 30%)
Warning:  AMIX: 비정상 가격 변동 434.2% (2026-08-04) — 스플릿/데이터 오류 가능
Warning:  AMOD: 비정상 가격 변동 103.9% (2025-01-30) — 스플릿/데이터 오류 가능
Warning:  AMPG: 비정상 가격 변동 94.6% (2024-12-11) — 스플릿/데이터 오류 가능
Warning:  AMPX: 비정상 가격 변동 86.4% (2022-09-20) — 스플릿/데이터 오류 가능
Warning:  AMSC: 비정상 가격 변동 60.0% (2023-08-01) — 스플릿/데이터 오류 가능
Warning:  AMST: 비정상 가격 변동 120.1% (2026-05-19) — 스플릿/데이터 오류 가능
Warning:  ANNA: 비정상 가격 변동 86.5% (2026-03-20) — 스플릿/데이터 오류 가능
Warning:  ANPA: Close NaN 비율 75.5% (기준: 30%)
Warning:  ANPA: 비정상 가격 변동 258.9% (2026-01-09) — 스플릿/데이터 오류 가능
Warning:  ANVS: 비정상 가격 변동 76.1% (2024-07-02) — 스플릿/데이터 오류 가능
Warning:  APUS: Close NaN 비율 72.4% (기준: 30%)
Warning:  APUS: 비정상 가격 변동 114.8% (2026-09-24) — 스플릿/데이터 오류 가능
Warning:  APUS: 거래량 0 연속 21일 (기준: 5일) — 상장폐지/거래정지 가능
Warning:  APVO: 비정상 가격 변동 162.8% (2021-11-23) — 스플릿/데이터 오류 가능
Warning:  AREC: 비정상 가격 변동 83.5% (2025-04-16) — 스플릿/데이터 오류 가능
Warning:  ARMP: 비정상 가격 변동 103.2% (2025-10-22) — 스플릿/데이터 오류 가능
Warning:  ARQQ: 비정상 가격 변동 56.9% (2025-03-17) — 스플릿/데이터 오류 가능
Warning:  ARTL: 비정상 가격 변동 230.4% (2026-03-27) — 스플릿/데이터 오류 가능
Warning:  ASTI: 비정상 가격 변동 143.8% (2025-06-26) — 스플릿/데이터 오류 가능
Warning:  ASTS: 비정상 가격 변동 69.2% (2024-05-29) — 스플릿/데이터 오류 가능
Warning:  ATLX: 비정상 가격 변동 60.5% (2023-02-23) — 스플릿/데이터 오류 가능
Warning:  ATOM: 비정상 가격 변동 64.0% (2026-02-13) — 스플릿/데이터 오류 가능
Warning:  ATTT: Close NaN 비율 53.1% (기준: 30%)
Warning:  ATTT: 비정상 가격 변동 94.3% (2025-03-11) — 스플릿/데이터 오류 가능
Warning:  AUUD: 비정상 가격 변동 181.8% (2023-06-12) — 스플릿/데이터 오류 가능
Warning:  AVAT: Close NaN 비율 67.0% (기준: 30%)
Warning:  AVAT: 비정상 가격 변동 73.1% (2026-09-21) — 스플릿/데이터 오류 가능
Warning:  AVAT: 거래량 0 연속 5일 (기준: 5일) — 상장폐지/거래정지 가능
Warning:  AVX: 비정상 가격 변동 137.8% (2025-09-22) — 스플릿/데이터 오류 가능
Warning:  AZIO: 비정상 가격 변동 442.1% (2026-01-12) — 스플릿/데이터 오류 가능
Warning:  BATL: 비정상 가격 변동 211.7% (2026-01-26) — 스플릿/데이터 오류 가능
Warning:  BBAI: 비정상 가격 변동 260.5% (2023-01-12) — 스플릿/데이터 오류 가능
Warning:  BBOT: Close NaN 비율 47.5% (기준: 30%)
Warning:  BCTX: 비정상 가격 변동 1494.6% (2025-01-29) — 스플릿/데이터 오류 가능
Warning:  BDTX: 비정상 가격 변동 235.9% (2023-06-27) — 스플릿/데이터 오류 가능
Warning:  BENF: 비정상 가격 변동 439.0% (2026-09-23) — 스플릿/데이터 오류 가능
Warning:  BETR: 비정상 가격 변동 223.0% (2023-07-25) — 스플릿/데이터 오류 가능
Warning:  BIAF: 비정상 가격 변동 319.2% (2025-04-01) — 스플릿/데이터 오류 가능
Warning:  BIOA: Close NaN 비율 60.1% (기준: 30%)
Warning:  BIOA: 비정상 가격 변동 76.9% (2024-12-09) — 스플릿/데이터 오류 가능
Warning:  BIRD: 비정상 가격 변동 582.3% (2026-04-15) — 스플릿/데이터 오류 가능
Warning:  BKKT: 비정상 가격 변동 234.4% (2021-10-25) — 스플릿/데이터 오류 가능
Warning:  BKSY: 비정상 가격 변동 97.5% (2022-05-25) — 스플릿/데이터 오류 가능
Warning:  BMEA: 비정상 가격 변동 99.0% (2023-03-28) — 스플릿/데이터 오류 가능
Warning:  BMGL: Close NaN 비율 68.2% (기준: 30%)
Warning:  BMGL: 비정상 가격 변동 484.6% (2025-05-30) — 스플릿/데이터 오류 가능
Warning:  BMNR: Close NaN 비율 73.8% (기준: 30%)
Warning:  BMNR: 비정상 가격 변동 694.8% (2025-06-30) — 스플릿/데이터 오류 가능
Warning:  BNAI: 비정상 가격 변동 276.7% (2026-01-26) — 스플릿/데이터 오류 가능
Warning:  BNKK: 비정상 가격 변동 51.1% (2025-08-11) — 스플릿/데이터 오류 가능
Warning:  BRCB: Close NaN 비율 79.2% (기준: 30%)
Warning:  BRLS: 비정상 가격 변동 134.3% (2026-02-09) — 스플릿/데이터 오류 가능
Warning:  BRNX: 비정상 가격 변동 140.3% (2024-08-30) — 스플릿/데이터 오류 가능
Warning:  BRUN: Close NaN 비율 65.3% (기준: 30%)
Warning:  BTCS: 비정상 가격 변동 111.1% (2025-07-08) — 스플릿/데이터 오류 가능
Warning:  BTCT: 비정상 가격 변동 316.7% (2024-11-12) — 스플릿/데이터 오류 가능
Warning:  BTDR: 비정상 가격 변동 50.9% (2023-06-16) — 스플릿/데이터 오류 가능
Warning:  BTGO: Close NaN 비율 86.3% (기준: 30%)
Warning:  BTQ: Close NaN 비율 80.0% (기준: 30%)
Warning:  BTQ: 비정상 가격 변동 51.5% (2025-10-07) — 스플릿/데이터 오류 가능
Warning:  BULL: 비정상 가격 변동 374.7% (2025-04-14) — 스플릿/데이터 오류 가능
Warning:  BUR: 비정상 가격 변동 53.2% (2023-03-31) — 스플릿/데이터 오류 가능
Warning:  BW: 비정상 가격 변동 66.9% (2025-06-05) — 스플릿/데이터 오류 가능
Warning:  BXBL: Close NaN 비율 67.5% (기준: 30%)
Warning:  BYAH: Close NaN 비율 65.2% (기준: 30%)
Warning:  BYAH: 비정상 가격 변동 150.0% (2026-06-08) — 스플릿/데이터 오류 가능
Warning:  BYND: 비정상 가격 변동 146.3% (2025-10-21) — 스플릿/데이터 오류 가능
Warning:  BZFD: 비정상 가격 변동 119.8% (2023-01-26) — 스플릿/데이터 오류 가능
Warning:  CABA: 비정상 가격 변동 73.1% (2021-12-14) — 스플릿/데이터 오류 가능
Warning:  CANF: 비정상 가격 변동 69.3% (2021-12-20) — 스플릿/데이터 오류 가능
Warning:  CAPR: 비정상 가격 변동 371.1% (2025-12-03) — 스플릿/데이터 오류 가능
Warning:  CAR: 비정상 가격 변동 108.3% (2021-11-02) — 스플릿/데이터 오류 가능
Warning:  CAST: Close NaN 비율 88.9% (기준: 30%)
Warning:  CAST: 비정상 가격 변동 144.2% (2026-08-18) — 스플릿/데이터 오류 가능
Warning:  CATX: 비정상 가격 변동 66.4% (2026-01-29) — 스플릿/데이터 오류 가능
Warning:  CBUS: 비정상 가격 변동 89.8% (2023-01-17) — 스플릿/데이터 오류 가능
Warning:  CD: 비정상 가격 변동 81.4% (2024-11-11) — 스플릿/데이터 오류 가능
Warning:  CDNL: Close NaN 비율 84.1% (기준: 30%)
Warning:  CDTG: Close NaN 비율 51.3% (기준: 30%)
Warning:  CDTG: 비정상 가격 변동 88.4% (2025-09-09) — 스플릿/데이터 오류 가능
Warning:  CELZ: 비정상 가격 변동 101.0% (2023-02-08) — 스플릿/데이터 오류 가능
Warning:  CHGA: 비정상 가격 변동 316.9% (2024-06-03) — 스플릿/데이터 오류 가능
Warning:  CHSN: Close NaN 비율 30.2% (기준: 30%)
Warning:  CHSN: 비정상 가격 변동 387.2% (2024-10-04) — 스플릿/데이터 오류 가능
Warning:  CING: 비정상 가격 변동 268.5% (2024-08-16) — 스플릿/데이터 오류 가능
Warning:  CISS: Close NaN 비율 34.3% (기준: 30%)
Warning:  CISS: 비정상 가격 변동 84.2% (2025-10-07) — 스플릿/데이터 오류 가능
Warning:  CJMB: Close NaN 비율 67.2% (기준: 30%)
Warning:  CJMB: 비정상 가격 변동 275.0% (2026-01-15) — 스플릿/데이터 오류 가능
Warning:  CLDI: 비정상 가격 변동 109.0% (2025-07-09) — 스플릿/데이터 오류 가능
Warning:  CLGN: 비정상 가격 변동 76.2% (2025-05-28) — 스플릿/데이터 오류 가능
Warning:  CLIK: Close NaN 비율 60.8% (기준: 30%)
Warning:  CLIK: 비정상 가격 변동 153.6% (2025-05-15) — 스플릿/데이터 오류 가능
Warning:  CLLS: 비정상 가격 변동 172.2% (2023-11-01) — 스플릿/데이터 오류 가능
Warning:  CLNN: 비정상 가격 변동 53.6% (2025-06-02) — 스플릿/데이터 오류 가능
Warning:  CMPX: 비정상 가격 변동 64.4% (2026-04-27) — 스플릿/데이터 오류 가능
Warning:  CMTL: 비정상 가격 변동 87.6% (2024-06-18) — 스플릿/데이터 오류 가능
Warning:  CNTB: 비정상 가격 변동 57.7% (2022-05-04) — 스플릿/데이터 오류 가능
Warning:  CNTN: 비정상 가격 변동 206.8% (2025-08-20) — 스플릿/데이터 오류 가능
Warning:  CODX: 비정상 가격 변동 259.0% (2025-10-27) — 스플릿/데이터 오류 가능
Warning:  CPOP: 비정상 가격 변동 1290.0% (2026-09-15) — 스플릿/데이터 오류 가능
Warning:  CPSH: 비정상 가격 변동 85.3% (2026-05-26) — 스플릿/데이터 오류 가능
Warning:  CRBP: 비정상 가격 변동 249.4% (2024-01-26) — 스플릿/데이터 오류 가능
Warning:  CRDF: 비정상 가격 변동 64.4% (2024-03-01) — 스플릿/데이터 오류 가능
Warning:  CRE: Close NaN 비율 76.3% (기준: 30%)
Warning:  CRE: 비정상 가격 변동 165.0% (2026-08-26) — 스플릿/데이터 오류 가능
Warning:  CRML: 비정상 가격 변동 120.6% (2024-02-27) — 스플릿/데이터 오류 가능
Warning:  CRMT: 비정상 가격 변동 55.0% (2026-06-10) — 스플릿/데이터 오류 가능
Warning:  CRVO: 비정상 가격 변동 161.4% (2025-03-12) — 스플릿/데이터 오류 가능
Warning:  CRVS: 비정상 가격 변동 166.0% (2026-01-20) — 스플릿/데이터 오류 가능
Warning:  CTEV: 비정상 가격 변동 94.9% (2024-12-24) — 스플릿/데이터 오류 가능
Warning:  CTMX: 비정상 가격 변동 214.7% (2024-05-01) — 스플릿/데이터 오류 가능
Warning:  CTRI: Close NaN 비율 51.3% (기준: 30%)
Warning:  CUPR: Close NaN 비율 70.8% (기준: 30%)
Warning:  CUPR: 비정상 가격 변동 130.8% (2025-09-10) — 스플릿/데이터 오류 가능
Warning:  CV: Close NaN 비율 75.2% (기준: 30%)
Warning:  CVRX: 비정상 가격 변동 59.8% (2026-08-07) — 스플릿/데이터 오류 가능
Warning:  CXAI: 비정상 가격 변동 345.6% (2023-04-13) — 스플릿/데이터 오류 가능
Warning:  CYCU: Close NaN 비율 67.8% (기준: 30%)
Warning:  CYCU: 비정상 가격 변동 496.3% (2026-07-30) — 스플릿/데이터 오류 가능
Warning:  CYPH: 비정상 가격 변동 368.0% (2025-11-12) — 스플릿/데이터 오류 가능
Warning:  DAIC: Close NaN 비율 74.7% (기준: 30%)
Warning:  DAIC: 비정상 가격 변동 306.1% (2026-08-24) — 스플릿/데이터 오류 가능
Warning:  DBGI: 비정상 가격 변동 150.0% (2025-02-14) — 스플릿/데이터 오류 가능
Warning:  DBVT: 비정상 가격 변동 536.2% (2024-11-29) — 스플릿/데이터 오류 가능
Warning:  DCOY: 비정상 가격 변동 134.5% (2025-01-13) — 스플릿/데이터 오류 가능
Warning:  DFDV: Close NaN 비율 36.5% (기준: 30%)
Warning:  DFDV: 비정상 가격 변동 842.5% (2025-04-07) — 스플릿/데이터 오류 가능
Warning:  DFNS: 비정상 가격 변동 754.7% (2024-12-17) — 스플릿/데이터 오류 가능
Warning:  DFSC: 비정상 가격 변동 5714.8% (2022-11-01) — 스플릿/데이터 오류 가능
Warning:  DGNX: Close NaN 비율 66.4% (기준: 30%)
Warning:  DGNX: 비정상 가격 변동 234.6% (2025-01-29) — 스플릿/데이터 오류 가능
Warning:  DOMH: 비정상 가격 변동 91.3% (2025-02-10) — 스플릿/데이터 오류 가능
Warning:  DPRO: 비정상 가격 변동 52.8% (2024-02-22) — 스플릿/데이터 오류 가능
Warning:  DPU: Close NaN 비율 31.2% (기준: 30%)
Warning:  DPU: 비정상 가격 변동 87.1% (2024-11-27) — 스플릿/데이터 오류 가능
Warning:  DRCT: 비정상 가격 변동 900.0% (2024-12-23) — 스플릿/데이터 오류 가능
Warning:  DRK: 비정상 가격 변동 111.6% (2026-06-01) — 스플릿/데이터 오류 가능
Warning:  DTCX: 비정상 가격 변동 69.3% (2023-05-12) — 스플릿/데이터 오류 가능
Warning:  DXYZ: Close NaN 비율 50.0% (기준: 30%)
Warning:  DXYZ: 비정상 가격 변동 95.6% (2024-03-27) — 스플릿/데이터 오류 가능
Warning:  EBS: 비정상 가격 변동 78.3% (2024-02-21) — 스플릿/데이터 오류 가능
Warning:  ECX: 비정상 가격 변동 95.9% (2023-02-22) — 스플릿/데이터 오류 가능
Warning:  EDBL: 비정상 가격 변동 80.0% (2025-05-20) — 스플릿/데이터 오류 가능
Warning:  EDHL: Close NaN 비율 71.2% (기준: 30%)
Warning:  EDHL: 비정상 가격 변동 114.4% (2025-10-14) — 스플릿/데이터 오류 가능
Warning:  EIKN: Close NaN 비율 87.2% (기준: 30%)
Warning:  ELPW: Close NaN 비율 31.9% (기준: 30%)
Warning:  ELPW: 비정상 가격 변동 3141.9% (2026-01-30) — 스플릿/데이터 오류 가능
Warning:  ELTX: 비정상 가격 변동 81.5% (2023-06-02) — 스플릿/데이터 오류 가능
Warning:  EMAT: Close NaN 비율 85.6% (기준: 30%)
Warning:  EMBC: 비정상 가격 변동 57.8% (2026-05-05) — 스플릿/데이터 오류 가능
Warning:  EMPD: 비정상 가격 변동 134.3% (2025-07-17) — 스플릿/데이터 오류 가능
Warning:  ENGN: 비정상 가격 변동 116.5% (2024-02-14) — 스플릿/데이터 오류 가능
Warning:  ENGS: Close NaN 비율 70.2% (기준: 30%)
Warning:  ENGS: 비정상 가격 변동 67.6% (2025-11-06) — 스플릿/데이터 오류 가능
Warning:  EPOW: 비정상 가격 변동 56.5% (2022-08-15) — 스플릿/데이터 오류 가능
Warning:  EPSM: Close NaN 비율 69.9% (기준: 30%)
Warning:  EPSM: 비정상 가격 변동 411.5% (2025-09-09) — 스플릿/데이터 오류 가능
Warning:  EVGO: 비정상 가격 변동 60.8% (2024-10-03) — 스플릿/데이터 오류 가능
Warning:  EVMN: Close NaN 비율 82.3% (기준: 30%)
Warning:  EVMN: 비정상 가격 변동 70.9% (2026-02-10) — 스플릿/데이터 오류 가능
Warning:  EXOD: 비정상 가격 변동 199.0% (2022-12-12) — 스플릿/데이터 오류 가능
Warning:  EYPT: 비정상 가격 변동 177.5% (2023-12-04) — 스플릿/데이터 오류 가능
Warning:  FAC: Close NaN 비율 74.7% (기준: 30%)
Warning:  FBLG: Close NaN 비율 46.9% (기준: 30%)
Warning:  FBLG: 비정상 가격 변동 88.4% (2024-02-13) — 스플릿/데이터 오류 가능
Warning:  FBYD: Close NaN 비율 40.6% (기준: 30%)
Warning:  FBYD: 비정상 가격 변동 75.4% (2023-10-18) — 스플릿/데이터 오류 가능
Warning:  FCHL: Close NaN 비율 78.7% (기준: 30%)
Warning:  FCHL: 비정상 가격 변동 107.6% (2026-03-26) — 스플릿/데이터 오류 가능
Warning:  FCUV: 비정상 가격 변동 517.0% (2026-07-31) — 스플릿/데이터 오류 가능
Warning:  FEAM: 비정상 가격 변동 51.5% (2024-12-30) — 스플릿/데이터 오류 가능
Warning:  FEMY: 비정상 가격 변동 345.8% (2023-09-26) — 스플릿/데이터 오류 가능
Warning:  FFAI: 비정상 가격 변동 367.2% (2024-05-14) — 스플릿/데이터 오류 가능
Warning:  FGL: Close NaN 비율 61.6% (기준: 30%)
Warning:  FGL: 비정상 가격 변동 56.0% (2026-02-10) — 스플릿/데이터 오류 가능
Warning:  FGNX: 비정상 가격 변동 84.2% (2025-08-01) — 스플릿/데이터 오류 가능
Warning:  FHTX: 비정상 가격 변동 55.4% (2024-02-08) — 스플릿/데이터 오류 가능
Warning:  FIG: Close NaN 비율 76.8% (기준: 30%)
Warning:  FIGR: Close NaN 비율 79.1% (기준: 30%)
Warning:  FJET: Close NaN 비율 84.6% (기준: 30%)
Warning:  FJET: 비정상 가격 변동 370.9% (2025-12-22) — 스플릿/데이터 오류 가능
Warning:  FLX: Close NaN 비율 60.6% (기준: 30%)
Warning:  FLX: 비정상 가격 변동 57.0% (2025-04-02) — 스플릿/데이터 오류 가능
Warning:  FLY: Close NaN 비율 77.2% (기준: 30%)
Warning:  FLYE: Close NaN 비율 53.9% (기준: 30%)
Warning:  FLYE: 비정상 가격 변동 252.5% (2025-12-01) — 스플릿/데이터 오류 가능
Warning:  FLYX: Close NaN 비율 45.3% (기준: 30%)
Warning:  FLYX: 비정상 가격 변동 130.3% (2026-01-08) — 스플릿/데이터 오류 가능
Warning:  FNUC: 비정상 가격 변동 348.1% (2024-12-18) — 스플릿/데이터 오류 가능
Warning:  FOFO: Close NaN 비율 79.2% (기준: 30%)
Warning:  FOFO: 비정상 가격 변동 64.3% (2026-06-03) — 스플릿/데이터 오류 가능
Warning:  FOSL: 비정상 가격 변동 61.0% (2024-12-02) — 스플릿/데이터 오류 가능
Warning:  FRMI: Close NaN 비율 80.2% (기준: 30%)
Warning:  FRMM: 비정상 가격 변동 325.7% (2024-10-16) — 스플릿/데이터 오류 가능
Warning:  FTCI: 비정상 가격 변동 104.0% (2024-09-11) — 스플릿/데이터 오류 가능
Warning:  FTFT: 비정상 가격 변동 179.2% (2026-09-14) — 스플릿/데이터 오류 가능
Warning:  FUBO: 비정상 가격 변동 251.4% (2025-01-06) — 스플릿/데이터 오류 가능
Warning:  FULC: 비정상 가격 변동 61.1% (2024-09-12) — 스플릿/데이터 오류 가능
Warning:  FWDI: 비정상 가격 변동 58.7% (2025-09-08) — 스플릿/데이터 오류 가능
Warning:  FXHO: 비정상 가격 변동 223.5% (2023-05-01) — 스플릿/데이터 오류 가능
Warning:  GAME: 비정상 가격 변동 99.2% (2022-12-12) — 스플릿/데이터 오류 가능
Warning:  GCTK: 비정상 가격 변동 238.1% (2023-04-06) — 스플릿/데이터 오류 가능
Warning:  GDC: 비정상 가격 변동 1140.0% (2023-05-01) — 스플릿/데이터 오류 가능
Warning:  GDHG: Close NaN 비율 30.8% (기준: 30%)
Warning:  GDHG: 비정상 가격 변동 94.4% (2025-03-25) — 스플릿/데이터 오류 가능
Warning:  GEMI: Close NaN 비율 79.2% (기준: 30%)
Warning:  GLND: Close NaN 비율 89.6% (기준: 30%)
Warning:  GLND: 비정상 가격 변동 140.0% (2026-09-21) — 스플릿/데이터 오류 가능
Warning:  GLUE: 비정상 가격 변동 93.9% (2024-10-28) — 스플릿/데이터 오류 가능
Warning:  GMTL: Close NaN 비율 89.6% (기준: 30%)
Warning:  GNLX: 비정상 가격 변동 60.4% (2023-03-06) — 스플릿/데이터 오류 가능
Warning:  GNPX: 비정상 가격 변동 265.6% (2024-10-21) — 스플릿/데이터 오류 가능
Warning:  GOAI: Close NaN 비율 86.7% (기준: 30%)
Warning:  GOSS: 비정상 가격 변동 80.1% (2026-02-23) — 스플릿/데이터 오류 가능
Warning:  GPCR: 비정상 가격 변동 102.5% (2025-12-08) — 스플릿/데이터 오류 가능
Warning:  GRAL: Close NaN 비율 54.3% (기준: 30%)
Warning:  GRAL: 비정상 가격 변동 50.5% (2026-02-20) — 스플릿/데이터 오류 가능
Warning:  GRAN: Close NaN 비율 75.1% (기준: 30%)
Warning:  GRCE: 비정상 가격 변동 52.3% (2021-12-22) — 스플릿/데이터 오류 가능
Warning:  GRI: 비정상 가격 변동 127.6% (2024-10-21) — 스플릿/데이터 오류 가능
Warning:  GRML: 비정상 가격 변동 787.8% (2025-06-09) — 스플릿/데이터 오류 가능
Warning:  GRNQ: 비정상 가격 변동 72.9% (2021-10-25) — 스플릿/데이터 오류 가능
Warning:  GSIT: 비정상 가격 변동 210.4% (2023-05-12) — 스플릿/데이터 오류 가능
Warning:  GURE: 비정상 가격 변동 72.8% (2025-12-05) — 스플릿/데이터 오류 가능
Warning:  GVH: Close NaN 비율 42.5% (기준: 30%)
Warning:  GVH: 비정상 가격 변동 74.2% (2025-06-26) — 스플릿/데이터 오류 가능
Warning:  HAO: Close NaN 비율 46.7% (기준: 30%)
Warning:  HAO: 비정상 가격 변동 2336.9% (2025-01-27) — 스플릿/데이터 오류 가능
Warning:  HCWB: 비정상 가격 변동 320.3% (2024-11-18) — 스플릿/데이터 오류 가능
Warning:  HLP: Close NaN 비율 30.1% (기준: 30%)
Warning:  HLP: 비정상 가격 변동 55.3% (2024-01-03) — 스플릿/데이터 오류 가능
Warning:  HOLO: 비정상 가격 변동 1092.1% (2024-02-07) — 스플릿/데이터 오류 가능
Warning:  HOVR: Close NaN 비율 30.4% (기준: 30%)
Warning:  HOVR: 비정상 가격 변동 75.6% (2024-03-06) — 스플릿/데이터 오류 가능
Warning:  HQ: Close NaN 비율 89.6% (기준: 30%)
Warning:  HQ: 비정상 가격 변동 63.3% (2026-06-15) — 스플릿/데이터 오류 가능
Warning:  HSDT: 비정상 가격 변동 145.3% (2022-08-03) — 스플릿/데이터 오류 가능
Warning:  HTOO: 비정상 가격 변동 90.0% (2024-02-16) — 스플릿/데이터 오류 가능
Warning:  HTZ: 비정상 가격 변동 56.4% (2025-04-16) — 스플릿/데이터 오류 가능
Warning:  HUBC: 비정상 가격 변동 1756.3% (2026-09-15) — 스플릿/데이터 오류 가능
Warning:  HUIZ: 비정상 가격 변동 124.4% (2024-12-09) — 스플릿/데이터 오류 가능
Warning:  HYMC: 비정상 가격 변동 203.0% (2022-03-08) — 스플릿/데이터 오류 가능
Warning:  HYPD: 비정상 가격 변동 134.7% (2025-06-17) — 스플릿/데이터 오류 가능
Warning:  IBIO: 비정상 가격 변동 192.2% (2024-03-27) — 스플릿/데이터 오류 가능
Warning:  IDN: 비정상 가격 변동 74.9% (2024-03-22) — 스플릿/데이터 오류 가능
Warning:  IFBD: 비정상 가격 변동 115.9% (2024-01-31) — 스플릿/데이터 오류 가능
Warning:  IMCC: 비정상 가격 변동 143.1% (2026-09-18) — 스플릿/데이터 오류 가능
Warning:  IMDX: 비정상 가격 변동 51.5% (2023-03-16) — 스플릿/데이터 오류 가능
Warning:  IMNN: 비정상 가격 변동 179.0% (2024-07-30) — 스플릿/데이터 오류 가능
Warning:  IMRN: 비정상 가격 변동 175.8% (2024-03-07) — 스플릿/데이터 오류 가능
Warning:  IMSR: Close NaN 비율 60.9% (기준: 30%)
Warning:  INBS: 비정상 가격 변동 293.1% (2023-01-23) — 스플릿/데이터 오류 가능
Warning:  INDO: 비정상 가격 변동 110.4% (2022-01-27) — 스플릿/데이터 오류 가능
Warning:  INHD: Close NaN 비율 44.5% (기준: 30%)
Warning:  INHD: 비정상 가격 변동 3661.0% (2026-06-08) — 스플릿/데이터 오류 가능
Warning:  INHD: 거래량 0 연속 36일 (기준: 5일) — 상장폐지/거래정지 가능
Warning:  INLF: Close NaN 비율 65.4% (기준: 30%)
Warning:  INLF: 비정상 가격 변동 285.9% (2026-01-30) — 스플릿/데이터 오류 가능
Warning:  INSG: 비정상 가격 변동 53.7% (2023-05-04) — 스플릿/데이터 오류 가능
Warning:  IOVA: 비정상 가격 변동 53.6% (2022-05-27) — 스플릿/데이터 오류 가능
Warning:  IPST: Close NaN 비율 63.3% (기준: 30%)
Warning:  IPST: 비정상 가격 변동 235.9% (2026-08-17) — 스플릿/데이터 오류 가능
Warning:  IPW: 비정상 가격 변동 97.9% (2024-05-17) — 스플릿/데이터 오류 가능
Warning:  IPX: 비정상 가격 변동 99.1% (2023-06-13) — 스플릿/데이터 오류 가능
Warning:  ISPC: 비정상 가격 변동 159.7% (2025-09-09) — 스플릿/데이터 오류 가능
Warning:  IVA: 비정상 가격 변동 72.8% (2022-10-07) — 스플릿/데이터 오류 가능
Warning:  IZM: 비정상 가격 변동 541.9% (2026-09-15) — 스플릿/데이터 오류 가능
Warning:  JAGU: Close NaN 비율 87.3% (기준: 30%)
Warning:  JAGU: 비정상 가격 변동 57.1% (2026-03-31) — 스플릿/데이터 오류 가능
Warning:  JAGX: 비정상 가격 변동 1190.6% (2026-09-22) — 스플릿/데이터 오류 가능
Warning:  JANX: 비정상 가격 변동 229.5% (2024-02-27) — 스플릿/데이터 오류 가능
Warning:  JDZG: Close NaN 비율 52.7% (기준: 30%)
Warning:  JDZG: 비정상 가격 변동 136.1% (2024-10-17) — 스플릿/데이터 오류 가능
Warning:  JDZG: 거래량 0 연속 38일 (기준: 5일) — 상장폐지/거래정지 가능
Warning:  JLHL: Close NaN 비율 74.9% (기준: 30%)
Warning:  JLHL: 비정상 가격 변동 318.0% (2026-07-09) — 스플릿/데이터 오류 가능
Warning:  JMIA: 비정상 가격 변동 53.8% (2024-08-06) — 스플릿/데이터 오류 가능
Warning:  JTAI: 비정상 가격 변동 580.1% (2026-07-15) — 스플릿/데이터 오류 가능
Warning:  JZXN: 비정상 가격 변동 89.7% (2026-02-10) — 스플릿/데이터 오류 가능
Warning:  KD: 비정상 가격 변동 54.9% (2026-02-09) — 스플릿/데이터 오류 가능
Warning:  KDK: Close NaN 비율 79.9% (기준: 30%)
Warning:  KIDZ: Close NaN 비율 70.5% (기준: 30%)
Warning:  KIDZ: 비정상 가격 변동 366.1% (2025-05-01) — 스플릿/데이터 오류 가능
Warning:  KITT: 비정상 가격 변동 139.0% (2025-01-03) — 스플릿/데이터 오류 가능
Warning:  KLAR: Close NaN 비율 79.1% (기준: 30%)
Warning:  KLC: Close NaN 비율 60.8% (기준: 30%)
Warning:  KPTI: 비정상 가격 변동 72.6% (2026-07-31) — 스플릿/데이터 오류 가능
Warning:  KRMN: Close NaN 비율 67.6% (기준: 30%)
Warning:  KRRO: 비정상 가격 변동 93.7% (2024-10-16) — 스플릿/데이터 오류 가능
Warning:  KULR: 비정상 가격 변동 75.6% (2024-11-25) — 스플릿/데이터 오류 가능
Warning:  KVYO: Close NaN 비율 39.7% (기준: 30%)
Warning:  KXIN: 비정상 가격 변동 171.4% (2024-10-02) — 스플릿/데이터 오류 가능
Warning:  LAC: Close NaN 비율 40.3% (기준: 30%)
Warning:  LAC: 비정상 가격 변동 95.8% (2025-09-24) — 스플릿/데이터 오류 가능
Warning:  LAES: Close NaN 비율 33.1% (기준: 30%)
Warning:  LAES: 비정상 가격 변동 102.3% (2023-05-24) — 스플릿/데이터 오류 가능
Warning:  LAW: 비정상 가격 변동 53.6% (2022-08-12) — 스플릿/데이터 오류 가능
Warning:  LBGJ: Close NaN 비율 61.6% (기준: 30%)
Warning:  LBGJ: 비정상 가격 변동 90.8% (2026-07-20) — 스플릿/데이터 오류 가능
Warning:  LFCR: 비정상 가격 변동 85.6% (2023-03-20) — 스플릿/데이터 오류 가능
Warning:  LFS: Close NaN 비율 80.7% (기준: 30%)
Warning:  LFS: 비정상 가격 변동 576.8% (2025-11-11) — 스플릿/데이터 오류 가능
Warning:  LGCL: Close NaN 비율 48.8% (기준: 30%)
Warning:  LGCL: 비정상 가격 변동 117.1% (2026-06-30) — 스플릿/데이터 오류 가능
Warning:  LGHL: 비정상 가격 변동 85.9% (2025-12-09) — 스플릿/데이터 오류 가능
Warning:  LGVN: 비정상 가격 변동 181.2% (2021-11-22) — 스플릿/데이터 오류 가능
Warning:  LHAI: Close NaN 비율 76.4% (기준: 30%)
Warning:  LHAI: 비정상 가격 변동 315.2% (2026-07-01) — 스플릿/데이터 오류 가능
Warning:  LIDR: 비정상 가격 변동 158.4% (2025-07-24) — 스플릿/데이터 오류 가능
Warning:  LIF: Close NaN 비율 53.9% (기준: 30%)
Warning:  LRHC: Close NaN 비율 40.8% (기준: 30%)
Warning:  LRHC: 비정상 가격 변동 481.8% (2026-09-09) — 스플릿/데이터 오류 가능
Warning:  LSTA: 비정상 가격 변동 86.6% (2026-01-21) — 스플릿/데이터 오류 가능
Warning:  LTBR: 비정상 가격 변동 57.5% (2024-10-18) — 스플릿/데이터 오류 가능
Warning:  LUMN: 비정상 가격 변동 93.1% (2024-08-06) — 스플릿/데이터 오류 가능
Warning:  LUNR: 비정상 가격 변동 251.4% (2023-02-16) — 스플릿/데이터 오류 가능
Warning:  LVWR: 비정상 가격 변동 153.5% (2025-05-27) — 스플릿/데이터 오류 가능
Warning:  LXEH: 비정상 가격 변동 85.7% (2024-03-21) — 스플릿/데이터 오류 가능
Warning:  LXEO: Close NaN 비율 42.2% (기준: 30%)
Warning:  LXEO: 비정상 가격 변동 50.9% (2025-03-24) — 스플릿/데이터 오류 가능
Warning:  LYEL: 비정상 가격 변동 68.6% (2025-06-04) — 스플릿/데이터 오류 가능
Warning:  LZMH: Close NaN 비율 68.4% (기준: 30%)
Warning:  LZMH: 비정상 가격 변동 84.0% (2026-04-17) — 스플릿/데이터 오류 가능
Warning:  MBOT: 비정상 가격 변동 159.3% (2023-05-22) — 스플릿/데이터 오류 가능
Warning:  MEDS: Close NaN 비율 68.0% (기준: 30%)
Warning:  MEDS: 비정상 가격 변동 274.7% (2026-09-16) — 스플릿/데이터 오류 가능
Warning:  METCB: Close NaN 비율 34.5% (기준: 30%)
Warning:  MF: Close NaN 비율 50.1% (기준: 30%)
Warning:  MF: 비정상 가격 변동 1316.7% (2024-11-27) — 스플릿/데이터 오류 가능
Warning:  MGLD: 비정상 가격 변동 93.0% (2026-09-25) — 스플릿/데이터 오류 가능
Warning:  MGN: Close NaN 비율 80.0% (기준: 30%)
Warning:  MGN: 비정상 가격 변동 176.0% (2026-09-09) — 스플릿/데이터 오류 가능
Warning:  MGX: Close NaN 비율 47.5% (기준: 30%)
Warning:  MGX: 비정상 가격 변동 125.4% (2024-12-09) — 스플릿/데이터 오류 가능
Warning:  MKDW: Close NaN 비율 30.0% (기준: 30%)
Warning:  MKDW: 비정상 가격 변동 205.9% (2025-04-07) — 스플릿/데이터 오류 가능
Warning:  MLTX: 비정상 가격 변동 89.9% (2025-09-29) — 스플릿/데이터 오류 가능
Warning:  MNDR: Close NaN 비율 50.8% (기준: 30%)
Warning:  MNDR: 비정상 가격 변동 185.7% (2025-02-20) — 스플릿/데이터 오류 가능
Warning:  MNTS: 비정상 가격 변동 155.4% (2024-10-09) — 스플릿/데이터 오류 가능
Warning:  MOB: 비정상 가격 변동 88.0% (2023-07-10) — 스플릿/데이터 오류 가능
Warning:  MOVE: 비정상 가격 변동 149.7% (2025-11-10) — 스플릿/데이터 오류 가능
Warning:  MP: 비정상 가격 변동 50.6% (2025-07-10) — 스플릿/데이터 오류 가능
Warning:  MPLT: Close NaN 비율 81.7% (기준: 30%)
Warning:  MPLT: 비정상 가격 변동 72.9% (2026-07-27) — 스플릿/데이터 오류 가능
Warning:  MRAM: 비정상 가격 변동 63.2% (2021-11-12) — 스플릿/데이터 오류 가능
Warning:  MRLN: Close NaN 비율 63.7% (기준: 30%)
Warning:  MRNA: 비정상 가격 변동 177.0% (2026-08-19) — 스플릿/데이터 오류 가능
Warning:  MSGY: Close NaN 비율 75.5% (기준: 30%)
Warning:  MSGY: 비정상 가격 변동 309.6% (2026-09-25) — 스플릿/데이터 오류 가능
Warning:  MSS: Close NaN 비율 40.6% (기준: 30%)
Warning:  MSS: 비정상 가격 변동 122.4% (2024-09-24) — 스플릿/데이터 오류 가능
Warning:  MTEN: Close NaN 비율 51.3% (기준: 30%)
Warning:  MTEN: 비정상 가격 변동 81.3% (2026-06-08) — 스플릿/데이터 오류 가능
Warning:  MYSE: 비정상 가격 변동 355.6% (2025-01-07) — 스플릿/데이터 오류 가능
Warning:  MYSZ: 비정상 가격 변동 214.8% (2024-12-20) — 스플릿/데이터 오류 가능
Warning:  NAGE: 비정상 가격 변동 67.9% (2024-11-01) — 스플릿/데이터 오류 가능
Warning:  NAKA: Close NaN 비율 53.6% (기준: 30%)
Warning:  NAKA: 비정상 가격 변동 251.0% (2025-05-12) — 스플릿/데이터 오류 가능
Warning:  NAMI: Close NaN 비율 64.1% (기준: 30%)
Warning:  NAMI: 비정상 가격 변동 53.7% (2025-05-29) — 스플릿/데이터 오류 가능
Warning:  NAMM: Close NaN 비율 73.9% (기준: 30%)
Warning:  NAMM: 비정상 가격 변동 130.6% (2026-01-21) — 스플릿/데이터 오류 가능
Warning:  NCI: Close NaN 비율 51.5% (기준: 30%)
Warning:  NCI: 비정상 가격 변동 238.5% (2026-02-11) — 스플릿/데이터 오류 가능
Warning:  NCMI: 비정상 가격 변동 109.5% (2023-04-12) — 스플릿/데이터 오류 가능
Warning:  NCRA: 비정상 가격 변동 118.2% (2026-07-29) — 스플릿/데이터 오류 가능
Warning:  NCT: Close NaN 비율 70.0% (기준: 30%)
Warning:  NCT: 비정상 가격 변동 89.7% (2026-09-03) — 스플릿/데이터 오류 가능
Warning:  NERV: 비정상 가격 변동 141.0% (2025-10-21) — 스플릿/데이터 오류 가능
Warning:  NEXR: 비정상 가격 변동 1360.0% (2024-11-20) — 스플릿/데이터 오류 가능
Warning:  NIKI: 비정상 가격 변동 554.5% (2024-03-06) — 스플릿/데이터 오류 가능
Warning:  NKLR: Close NaN 비율 80.5% (기준: 30%)
Warning:  NMAD: 비정상 가격 변동 133.3% (2023-02-07) — 스플릿/데이터 오류 가능
Warning:  NMG: 비정상 가격 변동 51.8% (2025-10-13) — 스플릿/데이터 오류 가능
Warning:  NNE: Close NaN 비율 52.4% (기준: 30%)
Warning:  NNNN: Close NaN 비율 67.9% (기준: 30%)
Warning:  NNNN: 비정상 가격 변동 57.5% (2025-11-05) — 스플릿/데이터 오류 가능
Warning:  NTHI: Close NaN 비율 69.9% (기준: 30%)
Warning:  NTHI: 비정상 가격 변동 57.9% (2025-07-02) — 스플릿/데이터 오류 가능
Warning:  NTRP: 비정상 가격 변동 145.5% (2023-10-13) — 스플릿/데이터 오류 가능
Warning:  NUCL: Close NaN 비율 88.2% (기준: 30%)
Warning:  NUTX: 비정상 가격 변동 73.8% (2022-04-26) — 스플릿/데이터 오류 가능
Warning:  NVA: Close NaN 비율 56.5% (기준: 30%)
Warning:  NVA: 비정상 가격 변동 110.3% (2025-10-14) — 스플릿/데이터 오류 가능
Warning:  NVA: 거래량 0 연속 10일 (기준: 5일) — 상장폐지/거래정지 가능
Warning:  NVTS: 비정상 가격 변동 164.4% (2025-05-22) — 스플릿/데이터 오류 가능
Warning:  NXAT: Close NaN 비율 72.6% (기준: 30%)
Warning:  NXAT: 비정상 가격 변동 133.3% (2025-06-04) — 스플릿/데이터 오류 가능
Warning:  NXTC: 비정상 가격 변동 201.8% (2026-07-14) — 스플릿/데이터 오류 가능
Warning:  ODD: Close NaN 비율 36.2% (기준: 30%)
Warning:  OIO: 비정상 가격 변동 58.4% (2026-04-24) — 스플릿/데이터 오류 가능
Warning:  OKLO: 비정상 가격 변동 53.6% (2024-05-10) — 스플릿/데이터 오류 가능
Warning:  OLMA: 비정상 가격 변동 136.4% (2025-11-18) — 스플릿/데이터 오류 가능
Warning:  OM: 비정상 가격 변동 68.5% (2024-08-08) — 스플릿/데이터 오류 가능
Warning:  OMH: 비정상 가격 변동 878.4% (2025-03-10) — 스플릿/데이터 오류 가능
Warning:  ONCO: 비정상 가격 변동 199.6% (2022-08-17) — 스플릿/데이터 오류 가능
Warning:  ONEN: Close NaN 비율 67.3% (기준: 30%)
Warning:  ONEN: 비정상 가격 변동 50.9% (2026-09-23) — 스플릿/데이터 오류 가능
Warning:  ONEN: 거래량 0 연속 6일 (기준: 5일) — 상장폐지/거래정지 가능
Warning:  OPEN: 비정상 가격 변동 79.5% (2025-09-11) — 스플릿/데이터 오류 가능
Warning:  OPRX: 비정상 가격 변동 51.7% (2025-03-12) — 스플릿/데이터 오류 가능
Warning:  OPTU: 비정상 가격 변동 76.3% (2026-06-01) — 스플릿/데이터 오류 가능
Warning:  ORBS: 비정상 가격 변동 3009.0% (2025-09-08) — 스플릿/데이터 오류 가능
Warning:  ORGO: 비정상 가격 변동 102.3% (2025-02-28) — 스플릿/데이터 오류 가능
Warning:  ORKT: Close NaN 비율 56.6% (기준: 30%)
Warning:  ORKT: 비정상 가격 변동 147.6% (2025-12-08) — 스플릿/데이터 오류 가능
Warning:  OSS: 비정상 가격 변동 56.9% (2026-05-06) — 스플릿/데이터 오류 가능
Warning:  PAAI: 비정상 가격 변동 271.1% (2026-09-17) — 스플릿/데이터 오류 가능
Warning:  PAL: Close NaN 비율 52.4% (기준: 30%)
Warning:  PEPG: 비정상 가격 변동 121.1% (2025-09-25) — 스플릿/데이터 오류 가능
Warning:  PETS: 비정상 가격 변동 68.4% (2025-12-11) — 스플릿/데이터 오류 가능
Warning:  PEW: Close NaN 비율 45.9% (기준: 30%)
Warning:  PFSA: Close NaN 비율 75.7% (기준: 30%)
Warning:  PFSA: 비정상 가격 변동 506.6% (2026-08-18) — 스플릿/데이터 오류 가능
Warning:  PHAT: 비정상 가격 변동 90.2% (2025-06-06) — 스플릿/데이터 오류 가능
Warning:  PHIO: 비정상 가격 변동 290.5% (2025-01-13) — 스플릿/데이터 오류 가능
Warning:  PICS: Close NaN 비율 86.8% (기준: 30%)
Warning:  PLBL: Close NaN 비율 77.3% (기준: 30%)
Warning:  PLCE: 비정상 가격 변동 85.7% (2024-09-11) — 스플릿/데이터 오류 가능
Warning:  PMAX: Close NaN 비율 58.9% (기준: 30%)
Warning:  PMAX: 비정상 가격 변동 95.3% (2026-05-06) — 스플릿/데이터 오류 가능
Warning:  PMI: Close NaN 비율 78.5% (기준: 30%)
Warning:  PMI: 비정상 가격 변동 86.2% (2026-08-25) — 스플릿/데이터 오류 가능
Warning:  PMI: 거래량 0 연속 7일 (기준: 5일) — 상장폐지/거래정지 가능
Warning:  PN: Close NaN 비율 68.6% (기준: 30%)
Warning:  PN: 비정상 가격 변동 131.8% (2026-07-22) — 스플릿/데이터 오류 가능
Warning:  PONY: Close NaN 비율 63.6% (기준: 30%)
Warning:  PPBT: 비정상 가격 변동 150.4% (2024-12-02) — 스플릿/데이터 오류 가능
Warning:  PRIM: 비정상 가격 변동 50.1% (2026-05-06) — 스플릿/데이터 오류 가능
Warning:  PROK: 비정상 가격 변동 514.5% (2025-07-08) — 스플릿/데이터 오류 가능
Warning:  PSIG: Close NaN 비율 56.3% (기준: 30%)
Warning:  PSIG: 비정상 가격 변동 127.7% (2024-08-12) — 스플릿/데이터 오류 가능
Warning:  PSIX: 비정상 가격 변동 68.6% (2022-11-15) — 스플릿/데이터 오류 가능
Warning:  PSQL: Close NaN 비율 86.7% (기준: 30%)
Warning:  PSQL: 비정상 가격 변동 95.2% (2026-08-28) — 스플릿/데이터 오류 가능
Warning:  PTN: 비정상 가격 변동 66.7% (2025-08-06) — 스플릿/데이터 오류 가능
Warning:  PUSA: Close NaN 비율 67.6% (기준: 30%)
Warning:  PUSA: 비정상 가격 변동 207.6% (2025-07-23) — 스플릿/데이터 오류 가능
Warning:  QBTS: 비정상 가격 변동 110.7% (2023-05-22) — 스플릿/데이터 오류 가능
Warning:  QMCO: 비정상 가격 변동 153.0% (2024-12-18) — 스플릿/데이터 오류 가능
Warning:  QNC: Close NaN 비율 88.1% (기준: 30%)
Warning:  QNRX: 비정상 가격 변동 360.5% (2022-08-03) — 스플릿/데이터 오류 가능
Warning:  QNTM: 비정상 가격 변동 119.8% (2024-08-09) — 스플릿/데이터 오류 가능
Warning:  QTRX: 비정상 가격 변동 54.8% (2022-08-09) — 스플릿/데이터 오류 가능
Warning:  QTTB: 비정상 가격 변동 119.9% (2025-07-10) — 스플릿/데이터 오류 가능
Warning:  QUBT: 비정상 가격 변동 92.8% (2024-11-13) — 스플릿/데이터 오류 가능
Warning:  QUCY: 비정상 가격 변동 3377.4% (2024-12-03) — 스플릿/데이터 오류 가능
Warning:  QXO: 비정상 가격 변동 240.3% (2023-12-04) — 스플릿/데이터 오류 가능
Warning:  RAIN: Close NaN 비율 65.4% (기준: 30%)
Warning:  RAIN: 비정상 가격 변동 54.3% (2026-09-22) — 스플릿/데이터 오류 가능
Warning:  RAYA: 비정상 가격 변동 108.1% (2026-04-10) — 스플릿/데이터 오류 가능
Warning:  RCKT: 비정상 가격 변동 62.8% (2025-05-27) — 스플릿/데이터 오류 가능
Warning:  RCON: 비정상 가격 변동 85.4% (2026-08-05) — 스플릿/데이터 오류 가능
Warning:  RDAC: Close NaN 비율 63.7% (기준: 30%)
Warning:  RDAC: 비정상 가격 변동 318.6% (2026-04-29) — 스플릿/데이터 오류 가능
Warning:  RDW: 비정상 가격 변동 51.4% (2025-01-21) — 스플릿/데이터 오류 가능
Warning:  REBN: 비정상 가격 변동 84.4% (2024-05-08) — 스플릿/데이터 오류 가능
Warning:  RENT: 비정상 가격 변동 161.9% (2024-04-11) — 스플릿/데이터 오류 가능
Warning:  RENX: Close NaN 비율 39.6% (기준: 30%)
Warning:  RENX: 비정상 가격 변동 531.3% (2023-11-16) — 스플릿/데이터 오류 가능
Warning:  RGC: 비정상 가격 변동 343.9% (2024-07-23) — 스플릿/데이터 오류 가능
Warning:  RGTI: 비정상 가격 변동 58.0% (2024-11-25) — 스플릿/데이터 오류 가능
Warning:  RLMD: 비정상 가격 변동 82.5% (2025-04-23) — 스플릿/데이터 오류 가능
Warning:  RR: Close NaN 비율 43.0% (기준: 30%)
Warning:  RR: 비정상 가격 변동 73.9% (2024-08-06) — 스플릿/데이터 오류 가능
Warning:  RUBI: Close NaN 비율 77.0% (기준: 30%)
Warning:  RUBI: 비정상 가격 변동 54.2% (2025-11-25) — 스플릿/데이터 오류 가능
Warning:  RVI: Close NaN 비율 88.8% (기준: 30%)
Warning:  RZLT: 비정상 가격 변동 87.2% (2025-12-11) — 스플릿/데이터 오류 가능
Warning:  RZLV: 비정상 가격 변동 54.5% (2024-12-17) — 스플릿/데이터 오류 가능
Warning:  SANA: 비정상 가격 변동 160.6% (2025-01-08) — 스플릿/데이터 오류 가능
Warning:  SCNI: 비정상 가격 변동 97.3% (2021-12-22) — 스플릿/데이터 오류 가능
Warning:  SDEV: 비정상 가격 변동 102.5% (2026-01-09) — 스플릿/데이터 오류 가능
Warning:  SDOT: 비정상 가격 변동 247.1% (2026-06-26) — 스플릿/데이터 오류 가능
Warning:  SERV: Close NaN 비율 49.0% (기준: 30%)
Warning:  SERV: 비정상 가격 변동 187.1% (2024-07-19) — 스플릿/데이터 오류 가능
Warning:  SEV: Close NaN 비율 81.1% (기준: 30%)
Warning:  SEV: 비정상 가격 변동 57.8% (2025-10-23) — 스플릿/데이터 오류 가능
Warning:  SGRX: 비정상 가격 변동 121.4% (2025-03-07) — 스플릿/데이터 오류 가능
Warning:  SHIM: Close NaN 비율 42.8% (기준: 30%)
Warning:  SHIM: 비정상 가격 변동 52.2% (2024-07-17) — 스플릿/데이터 오류 가능
Warning:  SHMD: Close NaN 비율 52.0% (기준: 30%)
Warning:  SIDU: 비정상 가격 변동 225.0% (2022-06-15) — 스플릿/데이터 오류 가능
Warning:  SION: Close NaN 비율 67.3% (기준: 30%)
Warning:  SION: 비정상 가격 변동 91.2% (2026-08-10) — 스플릿/데이터 오류 가능
Warning:  SKIL: 비정상 가격 변동 50.6% (2024-04-24) — 스플릿/데이터 오류 가능
Warning:  SKYA: 비정상 가격 변동 141.6% (2024-05-28) — 스플릿/데이터 오류 가능
Warning:  SKYQ: Close NaN 비율 60.9% (기준: 30%)
Warning:  SKYQ: 비정상 가격 변동 101.6% (2026-04-02) — 스플릿/데이터 오류 가능
Warning:  SKYX: 비정상 가격 변동 68.6% (2022-07-28) — 스플릿/데이터 오류 가능
Warning:  SLDP: 비정상 가격 변동 51.6% (2025-11-05) — 스플릿/데이터 오류 가능
Warning:  SLE: 비정상 가격 변동 159.5% (2025-09-23) — 스플릿/데이터 오류 가능
Warning:  SLMT: 비정상 가격 변동 225.5% (2025-09-18) — 스플릿/데이터 오류 가능
Warning:  SLNH: 비정상 가격 변동 94.4% (2025-09-22) — 스플릿/데이터 오류 가능
Warning:  SMJF: Close NaN 비율 83.8% (기준: 30%)
Warning:  SMJF: 비정상 가격 변동 87.0% (2026-08-27) — 스플릿/데이터 오류 가능
Warning:  SMTK: Close NaN 비율 53.6% (기준: 30%)
Warning:  SMTK: 비정상 가격 변동 105.4% (2026-06-08) — 스플릿/데이터 오류 가능
Warning:  SOC: 비정상 가격 변동 56.2% (2025-12-18) — 스플릿/데이터 오류 가능
Warning:  SOUN: 비정상 가격 변동 71.8% (2022-12-30) — 스플릿/데이터 오류 가능
Warning:  SPAI: Close NaN 비율 58.5% (기준: 30%)
Warning:  SPAI: 비정상 가격 변동 65.8% (2025-02-13) — 스플릿/데이터 오류 가능
Warning:  SPHL: Close NaN 비율 61.4% (기준: 30%)
Warning:  SPHL: 비정상 가격 변동 673.8% (2026-01-15) — 스플릿/데이터 오류 가능
Warning:  SPRB: 비정상 가격 변동 1378.5% (2025-10-06) — 스플릿/데이터 오류 가능
Warning:  SPRO: 비정상 가격 변동 244.6% (2025-05-28) — 스플릿/데이터 오류 가능
Warning:  SPRU: 비정상 가격 변동 54.8% (2025-11-12) — 스플릿/데이터 오류 가능
Warning:  SPRY: 비정상 가격 변동 77.9% (2023-05-12) — 스플릿/데이터 오류 가능
Warning:  SPWH: 비정상 가격 변동 97.9% (2025-04-02) — 스플릿/데이터 오류 가능
Warning:  SQFT: 비정상 가격 변동 166.1% (2025-07-14) — 스플릿/데이터 오류 가능
Warning:  SRFM: Close NaN 비율 36.7% (기준: 30%)
Warning:  SRFM: 비정상 가격 변동 88.5% (2025-06-24) — 스플릿/데이터 오류 가능
Warning:  SRG: 비정상 가격 변동 80.3% (2022-07-08) — 스플릿/데이터 오류 가능
Warning:  SRXH: 비정상 가격 변동 84.5% (2025-08-15) — 스플릿/데이터 오류 가능
Warning:  SRXH: 거래량 0 연속 7일 (기준: 5일) — 상장폐지/거래정지 가능
Warning:  SSM: 비정상 가격 변동 2900.0% (2024-05-29) — 스플릿/데이터 오류 가능
Warning:  SST: 비정상 가격 변동 142.3% (2026-03-27) — 스플릿/데이터 오류 가능
Warning:  STAK: Close NaN 비율 68.3% (기준: 30%)
Warning:  STAK: 비정상 가격 변동 602.3% (2026-07-24) — 스플릿/데이터 오류 가능
Warning:  STEM: 비정상 가격 변동 57.2% (2025-01-03) — 스플릿/데이터 오류 가능
Warning:  STI: 비정상 가격 변동 350.6% (2026-06-04) — 스플릿/데이터 오류 가능
Warning:  STKE: 비정상 가격 변동 131.4% (2024-10-14) — 스플릿/데이터 오류 가능
Warning:  STKH: 비정상 가격 변동 166.7% (2026-07-28) — 스플릿/데이터 오류 가능
Warning:  STUB: Close NaN 비율 79.4% (기준: 30%)
Warning:  SUIG: 비정상 가격 변동 218.9% (2025-07-25) — 스플릿/데이터 오류 가능
Warning:  SUNE: 비정상 가격 변동 420.4% (2026-06-08) — 스플릿/데이터 오류 가능
Warning:  SUPX: Close NaN 비율 51.2% (기준: 30%)
Warning:  SVIA: Close NaN 비율 73.9% (기준: 30%)
Warning:  SVRN: 비정상 가격 변동 122.7% (2025-06-13) — 스플릿/데이터 오류 가능
Warning:  SWMR: Close NaN 비율 89.3% (기준: 30%)
Warning:  SWMR: 비정상 가격 변동 77.4% (2026-03-18) — 스플릿/데이터 오류 가능
Warning:  SXTC: 비정상 가격 변동 1581.4% (2022-05-19) — 스플릿/데이터 오류 가능
Warning:  SYM: 비정상 가격 변동 120.5% (2022-06-08) — 스플릿/데이터 오류 가능
Warning:  TANH: 비정상 가격 변동 117.7% (2023-05-01) — 스플릿/데이터 오류 가능
Warning:  TAOX: 비정상 가격 변동 74.6% (2022-12-16) — 스플릿/데이터 오류 가능
Warning:  TARA: 비정상 가격 변동 70.1% (2024-12-05) — 스플릿/데이터 오류 가능
Warning:  TCRT: 비정상 가격 변동 64.1% (2023-08-15) — 스플릿/데이터 오류 가능
Warning:  TDIC: Close NaN 비율 76.3% (기준: 30%)
Warning:  TDIC: 비정상 가격 변동 876.7% (2026-05-13) — 스플릿/데이터 오류 가능
Warning:  TDUP: 비정상 가격 변동 62.7% (2024-08-06) — 스플릿/데이터 오류 가능
Warning:  TE: 비정상 가격 변동 66.7% (2024-11-06) — 스플릿/데이터 오류 가능
Warning:  TENX: 비정상 가격 변동 297.4% (2023-11-13) — 스플릿/데이터 오류 가능
Warning:  TGL: 비정상 가격 변동 276.3% (2025-12-05) — 스플릿/데이터 오류 가능
Warning:  TLRY: 비정상 가격 변동 60.9% (2025-09-29) — 스플릿/데이터 오류 가능
Warning:  TMQ: 비정상 가격 변동 211.0% (2025-10-07) — 스플릿/데이터 오류 가능
Warning:  TNMG: 비정상 가격 변동 684.9% (2026-09-09) — 스플릿/데이터 오류 가능
Warning:  TNON: 비정상 가격 변동 283.4% (2025-03-25) — 스플릿/데이터 오류 가능
Warning:  TNXP: 비정상 가격 변동 120.8% (2024-12-16) — 스플릿/데이터 오류 가능
Warning:  TOYO: 비정상 가격 변동 86.6% (2024-11-26) — 스플릿/데이터 오류 가능
Warning:  TPET: Close NaN 비율 31.2% (기준: 30%)
Warning:  TPET: 비정상 가격 변동 166.7% (2026-03-02) — 스플릿/데이터 오류 가능
Warning:  TRDA: 비정상 가격 변동 57.3% (2026-05-07) — 스플릿/데이터 오류 가능
Warning:  TRON: Close NaN 비율 37.7% (기준: 30%)
Warning:  TRON: 비정상 가격 변동 533.8% (2025-06-16) — 스플릿/데이터 오류 가능
Warning:  TROO: 비정상 가격 변동 106.2% (2025-07-14) — 스플릿/데이터 오류 가능
Warning:  TRT: 비정상 가격 변동 66.8% (2026-04-23) — 스플릿/데이터 오류 가능
Warning:  TSSI: 비정상 가격 변동 74.1% (2025-05-16) — 스플릿/데이터 오류 가능
Warning:  TTEC: 비정상 가격 변동 52.6% (2025-04-02) — 스플릿/데이터 오류 가능
Warning:  TURB: Close NaN 비율 39.8% (기준: 30%)
Warning:  TURB: 비정상 가격 변동 359.3% (2025-09-16) — 스플릿/데이터 오류 가능
Warning:  TVRD: 비정상 가격 변동 83.9% (2025-10-13) — 스플릿/데이터 오류 가능
Warning:  UP: 비정상 가격 변동 60.4% (2023-06-22) — 스플릿/데이터 오류 가능
Warning:  UPB: Close NaN 비율 61.0% (기준: 30%)
Warning:  UPC: 비정상 가격 변동 311.5% (2026-06-29) — 스플릿/데이터 오류 가능
Warning:  UPST: 비정상 가격 변동 56.4% (2022-05-10) — 스플릿/데이터 오류 가능
Warning:  UPXI: 비정상 가격 변동 330.9% (2025-04-21) — 스플릿/데이터 오류 가능
Warning:  USAR: Close NaN 비율 36.0% (기준: 30%)
Warning:  USAR: 비정상 가격 변동 72.0% (2025-03-14) — 스플릿/데이터 오류 가능
Warning:  UXIN: 비정상 가격 변동 83.7% (2024-09-27) — 스플릿/데이터 오류 가능
Warning:  UZX: Close NaN 비율 44.7% (기준: 30%)
Warning:  UZX: 비정상 가격 변동 72.6% (2026-05-26) — 스플릿/데이터 오류 가능
Warning:  VATE: 비정상 가격 변동 86.3% (2025-01-21) — 스플릿/데이터 오류 가능
Warning:  VBIO: 비정상 가격 변동 197.9% (2025-02-12) — 스플릿/데이터 오류 가능
Warning:  VCIG: Close NaN 비율 30.9% (기준: 30%)
Warning:  VCIG: 비정상 가격 변동 546.8% (2023-05-02) — 스플릿/데이터 오류 가능
Warning:  VCX: Close NaN 비율 89.5% (기준: 30%)
Warning:  VCX: 비정상 가격 변동 64.2% (2026-03-24) — 스플릿/데이터 오류 가능
Warning:  VEEA: 비정상 가격 변동 149.3% (2026-09-15) — 스플릿/데이터 오류 가능
Warning:  VEEE: 비정상 가격 변동 415.8% (2026-07-13) — 스플릿/데이터 오류 가능
Warning:  VELO: 비정상 가격 변동 80.7% (2025-04-01) — 스플릿/데이터 오류 가능
Warning:  VENU: Close NaN 비율 63.6% (기준: 30%)
Warning:  VEON: 비정상 가격 변동 53.8% (2022-03-04) — 스플릿/데이터 오류 가능
Warning:  VERI: 비정상 가격 변동 53.7% (2025-10-15) — 스플릿/데이터 오류 가능
Warning:  VHC: 비정상 가격 변동 67.2% (2024-12-30) — 스플릿/데이터 오류 가능
Warning:  VIOT: 비정상 가격 변동 83.5% (2026-09-02) — 스플릿/데이터 오류 가능
Warning:  VMAR: 비정상 가격 변동 156.8% (2025-12-16) — 스플릿/데이터 오류 가능
Warning:  VNCE: 비정상 가격 변동 89.2% (2025-09-11) — 스플릿/데이터 오류 가능
Warning:  VNET: 비정상 가격 변동 83.2% (2022-03-16) — 스플릿/데이터 오류 가능
Warning:  VOR: 비정상 가격 변동 74.2% (2025-06-25) — 스플릿/데이터 오류 가능
Warning:  VRRM: 비정상 가격 변동 70.6% (2026-05-27) — 스플릿/데이터 오류 가능
Warning:  VRXA: Close NaN 비율 60.2% (기준: 30%)
Warning:  VRXA: 비정상 가격 변동 55.5% (2026-06-16) — 스플릿/데이터 오류 가능
Warning:  VSA: 비정상 가격 변동 329.8% (2025-01-31) — 스플릿/데이터 오류 가능
Warning:  VSME: Close NaN 비율 40.1% (기준: 30%)
Warning:  VSME: 비정상 가격 변동 149.1% (2026-06-10) — 스플릿/데이터 오류 가능
Warning:  VTIX: Close NaN 비율 86.6% (기준: 30%)
Warning:  VTIX: 비정상 가격 변동 56.3% (2026-01-28) — 스플릿/데이터 오류 가능
Warning:  VWAV: Close NaN 비율 75.9% (기준: 30%)
Warning:  VWAV: 비정상 가격 변동 1841.6% (2026-09-17) — 스플릿/데이터 오류 가능
Warning:  WATR: Close NaN 비율 74.3% (기준: 30%)
Warning:  WATT: 비정상 가격 변동 554.3% (2024-12-30) — 스플릿/데이터 오류 가능
Warning:  WCT: Close NaN 비율 60.5% (기준: 30%)
Warning:  WCT: 비정상 가격 변동 381.9% (2026-09-09) — 스플릿/데이터 오류 가능
Warning:  WETO: Close NaN 비율 68.4% (기준: 30%)
Warning:  WETO: 비정상 가격 변동 200.0% (2026-07-31) — 스플릿/데이터 오류 가능
Warning:  WFF: Close NaN 비율 70.0% (기준: 30%)
Warning:  WHLR: 비정상 가격 변동 785.9% (2026-09-17) — 스플릿/데이터 오류 가능
Warning:  WKHS: 비정상 가격 변동 54.9% (2025-07-08) — 스플릿/데이터 오류 가능
Warning:  WLDS: 비정상 가격 변동 407.8% (2025-09-10) — 스플릿/데이터 오류 가능
Warning:  WNW: 비정상 가격 변동 97.6% (2025-04-22) — 스플릿/데이터 오류 가능
Warning:  WOLF: Close NaN 비율 80.1% (기준: 30%)
Warning:  WRD: Close NaN 비율 61.8% (기준: 30%)
Warning:  WRD: 비정상 가격 변동 83.5% (2025-02-14) — 스플릿/데이터 오류 가능
Warning:  WSHP: Close NaN 비율 82.8% (기준: 30%)
Warning:  WSHP: 비정상 가격 변동 506.1% (2025-11-19) — 스플릿/데이터 오류 가능
Warning:  WVE: 비정상 가격 변동 147.3% (2025-12-08) — 스플릿/데이터 오류 가능
Warning:  WW: Close NaN 비율 75.0% (기준: 30%)
Warning:  WYFI: Close NaN 비율 77.2% (기준: 30%)
Warning:  WYHG: Close NaN 비율 63.5% (기준: 30%)
Warning:  WYHG: 비정상 가격 변동 194.2% (2026-08-06) — 스플릿/데이터 오류 가능
Warning:  WYY: 비정상 가격 변동 50.6% (2026-09-25) — 스플릿/데이터 오류 가능
Warning:  XAIR: 비정상 가격 변동 150.0% (2026-01-13) — 스플릿/데이터 오류 가능
Warning:  XBIO: 비정상 가격 변동 141.5% (2025-10-08) — 스플릿/데이터 오류 가능
Warning:  XHLD: Close NaN 비율 67.6% (기준: 30%)
Warning:  XHLD: 비정상 가격 변동 252.6% (2026-08-06) — 스플릿/데이터 오류 가능
Warning:  XLAB: Close NaN 비율 77.9% (기준: 30%)
Warning:  XNDU: Close NaN 비율 89.6% (기준: 30%)
Warning:  XNDU: 비정상 가격 변동 69.8% (2026-04-15) — 스플릿/데이터 오류 가능
Warning:  XOS: 비정상 가격 변동 234.5% (2026-06-03) — 스플릿/데이터 오류 가능
Warning:  XPON: 비정상 가격 변동 139.1% (2022-12-23) — 스플릿/데이터 오류 가능
Warning:  XRTX: 비정상 가격 변동 134.8% (2024-08-29) — 스플릿/데이터 오류 가능
Warning:  XXI: Close NaN 비율 57.6% (기준: 30%)
Warning:  XXI: 비정상 가격 변동 55.4% (2025-04-23) — 스플릿/데이터 오류 가능
Warning:  XXII: 비정상 가격 변동 140.5% (2024-04-05) — 스플릿/데이터 오류 가능
Warning:  YAAS: Close NaN 비율 64.9% (기준: 30%)
Warning:  YAAS: 비정상 가격 변동 312.2% (2026-07-30) — 스플릿/데이터 오류 가능
Warning:  YDDL: Close NaN 비율 80.7% (기준: 30%)
Warning:  YDDL: 비정상 가격 변동 62.9% (2026-04-10) — 스플릿/데이터 오류 가능
Warning:  YDES: Close NaN 비율 78.2% (기준: 30%)
Warning:  YDES: 비정상 가격 변동 135.8% (2025-08-29) — 스플릿/데이터 오류 가능
Warning:  YFOR: Close NaN 비율 51.4% (기준: 30%)
Warning:  YFOR: 비정상 가격 변동 84.3% (2026-08-26) — 스플릿/데이터 오류 가능
Warning:  YJ: 비정상 가격 변동 176.4% (2026-08-07) — 스플릿/데이터 오류 가능
Warning:  YMAT: Close NaN 비율 76.7% (기준: 30%)
Warning:  YMAT: 비정상 가격 변동 203.3% (2026-05-26) — 스플릿/데이터 오류 가능
Warning:  YMT: Close NaN 비율 77.8% (기준: 30%)
Warning:  YSS: Close NaN 비율 86.8% (기준: 30%)
Warning:  ZENA: Close NaN 비율 60.3% (기준: 30%)
Warning:  ZENA: 비정상 가격 변동 258.7% (2024-11-25) — 스플릿/데이터 오류 가능
Warning:  ZJYL: Close NaN 비율 30.0% (기준: 30%)
Warning:  ZJYL: 비정상 가격 변동 263.7% (2023-12-18) — 스플릿/데이터 오류 가능
Warning:  ZNTL: 비정상 가격 변동 60.1% (2026-04-09) — 스플릿/데이터 오류 가능
Warning:  ZSQR: 비정상 가격 변동 77.4% (2024-12-31) — 스플릿/데이터 오류 가능
Warning:  ZSTK: 비정상 가격 변동 169.6% (2026-08-19) — 스플릿/데이터 오류 가능
Warning:  ZTG: Close NaN 비율 79.0% (기준: 30%)
Warning:  ZTG: 비정상 가격 변동 75.3% (2026-09-16) — 스플릿/데이터 오류 가능
Warning:  ZVIA: 비정상 가격 변동 51.7% (2025-05-08) — 스플릿/데이터 오류 가능
[[NASDAQ/NYSE 분석]] 강한 섹터: {'Communication Services', 'Information Technology'}
[OHLCV] 배치 다운로드 1/5 (50개 종목, period=2y)...
[OHLCV] 배치 다운로드 2/5 (50개 종목, period=2y)...
[OHLCV] 배치 다운로드 3/5 (50개 종목, period=2y)...
[OHLCV] 배치 다운로드 4/5 (50개 종목, period=2y)...
[OHLCV] 배치 다운로드 5/5 (17개 종목, period=2y)...
[DataValidator] 71건의 데이터 품질 경고 발생
Warning:  AAOI: 비정상 가격 변동 56.9% (2026-02-27) — 스플릿/데이터 오류 가능
Warning:  AEHL: 비정상 가격 변동 135.3% (2026-05-08) — 스플릿/데이터 오류 가능
Warning:  AEMD: 비정상 가격 변동 374.1% (2026-09-17) — 스플릿/데이터 오류 가능
Warning:  ALMS: 비정상 가격 변동 95.3% (2026-01-06) — 스플릿/데이터 오류 가능
Warning:  APUS: Close NaN 비율 30.7% (기준: 30%)
Warning:  APUS: 비정상 가격 변동 114.8% (2026-09-24) — 스플릿/데이터 오류 가능
Warning:  APUS: 거래량 0 연속 21일 (기준: 5일) — 상장폐지/거래정지 가능
Warning:  BENF: 비정상 가격 변동 439.0% (2026-09-23) — 스플릿/데이터 오류 가능
Warning:  BIAF: 비정상 가격 변동 319.2% (2025-04-01) — 스플릿/데이터 오류 가능
Warning:  BMNR: Close NaN 비율 34.3% (기준: 30%)
Warning:  BMNR: 비정상 가격 변동 694.8% (2025-06-30) — 스플릿/데이터 오류 가능
Warning:  BULL: 비정상 가격 변동 374.7% (2025-04-14) — 스플릿/데이터 오류 가능
Warning:  BW: 비정상 가격 변동 66.9% (2025-06-05) — 스플릿/데이터 오류 가능
Warning:  CAPR: 비정상 가격 변동 371.1% (2025-12-03) — 스플릿/데이터 오류 가능
Warning:  CRML: 비정상 가격 변동 55.4% (2025-10-13) — 스플릿/데이터 오류 가능
Warning:  CYPH: 비정상 가격 변동 368.0% (2025-11-12) — 스플릿/데이터 오류 가능
Warning:  DAIC: Close NaN 비율 36.5% (기준: 30%)
Warning:  DAIC: 비정상 가격 변동 306.1% (2026-08-24) — 스플릿/데이터 오류 가능
Warning:  DCOY: 비정상 가격 변동 134.5% (2025-01-13) — 스플릿/데이터 오류 가능
Warning:  DXYZ: 비정상 가격 변동 63.8% (2024-11-08) — 스플릿/데이터 오류 가능
Warning:  FIG: Close NaN 비율 41.9% (기준: 30%)
Warning:  FIGR: Close NaN 비율 47.7% (기준: 30%)
Warning:  FLY: Close NaN 비율 42.9% (기준: 30%)
Warning:  FRMI: Close NaN 비율 50.5% (기준: 30%)
Warning:  FTFT: 비정상 가격 변동 179.2% (2026-09-14) — 스플릿/데이터 오류 가능
Warning:  GLND: Close NaN 비율 74.1% (기준: 30%)
Warning:  GLND: 비정상 가격 변동 140.0% (2026-09-21) — 스플릿/데이터 오류 가능
Warning:  GPCR: 비정상 가격 변동 102.5% (2025-12-08) — 스플릿/데이터 오류 가능
Warning:  GRAL: 비정상 가격 변동 50.5% (2026-02-20) — 스플릿/데이터 오류 가능
Warning:  GRML: 비정상 가격 변동 787.8% (2025-06-09) — 스플릿/데이터 오류 가능
Warning:  HTZ: 비정상 가격 변동 56.4% (2025-04-16) — 스플릿/데이터 오류 가능
Warning:  IMCC: 비정상 가격 변동 143.1% (2026-09-18) — 스플릿/데이터 오류 가능
Warning:  JAGX: 비정상 가격 변동 1190.6% (2026-09-22) — 스플릿/데이터 오류 가능
Warning:  KD: 비정상 가격 변동 54.9% (2026-02-09) — 스플릿/데이터 오류 가능
Warning:  KLAR: Close NaN 비율 47.7% (기준: 30%)
Warning:  LAC: 비정상 가격 변동 95.8% (2025-09-24) — 스플릿/데이터 오류 가능
Warning:  MEDS: 비정상 가격 변동 274.7% (2026-09-16) — 스플릿/데이터 오류 가능
Warning:  MP: 비정상 가격 변동 50.6% (2025-07-10) — 스플릿/데이터 오류 가능
Warning:  MRNA: 비정상 가격 변동 177.0% (2026-08-19) — 스플릿/데이터 오류 가능
Warning:  MSGY: Close NaN 비율 38.5% (기준: 30%)
Warning:  MSGY: 비정상 가격 변동 309.6% (2026-09-25) — 스플릿/데이터 오류 가능
Warning:  NUTX: 비정상 가격 변동 51.8% (2025-04-01) — 스플릿/데이터 오류 가능
Warning:  NVTS: 비정상 가격 변동 164.4% (2025-05-22) — 스플릿/데이터 오류 가능
Warning:  OPEN: 비정상 가격 변동 79.5% (2025-09-11) — 스플릿/데이터 오류 가능
Warning:  PRIM: 비정상 가격 변동 50.1% (2026-05-06) — 스플릿/데이터 오류 가능
Warning:  QBTS: 비정상 가격 변동 51.2% (2025-05-08) — 스플릿/데이터 오류 가능
Warning:  QMCO: 비정상 가격 변동 153.0% (2024-12-18) — 스플릿/데이터 오류 가능
Warning:  QUBT: 비정상 가격 변동 92.8% (2024-11-13) — 스플릿/데이터 오류 가능
Warning:  RDW: 비정상 가격 변동 51.4% (2025-01-21) — 스플릿/데이터 오류 가능
Warning:  RGTI: 비정상 가격 변동 58.0% (2024-11-25) — 스플릿/데이터 오류 가능
Warning:  RZLV: 비정상 가격 변동 54.5% (2024-12-17) — 스플릿/데이터 오류 가능
Warning:  SOC: 비정상 가격 변동 56.2% (2025-12-18) — 스플릿/데이터 오류 가능
Warning:  STUB: Close NaN 비율 48.5% (기준: 30%)
Warning:  SUNE: 비정상 가격 변동 420.4% (2026-06-08) — 스플릿/데이터 오류 가능
Warning:  SWMR: Close NaN 비율 73.3% (기준: 30%)
Warning:  SWMR: 비정상 가격 변동 77.4% (2026-03-18) — 스플릿/데이터 오류 가능
Warning:  TE: 비정상 가격 변동 66.7% (2024-11-06) — 스플릿/데이터 오류 가능
Warning:  TNON: 비정상 가격 변동 283.4% (2025-03-25) — 스플릿/데이터 오류 가능
Warning:  USAR: 비정상 가격 변동 72.0% (2025-03-14) — 스플릿/데이터 오류 가능
Warning:  VEEA: 비정상 가격 변동 149.3% (2026-09-15) — 스플릿/데이터 오류 가능
Warning:  VEEE: 비정상 가격 변동 415.8% (2026-07-13) — 스플릿/데이터 오류 가능
Warning:  VOR: 비정상 가격 변동 74.2% (2025-06-25) — 스플릿/데이터 오류 가능
Warning:  VRRM: 비정상 가격 변동 70.6% (2026-05-27) — 스플릿/데이터 오류 가능
Warning:  WETO: 비정상 가격 변동 200.0% (2026-07-31) — 스플릿/데이터 오류 가능
Warning:  WHLR: 비정상 가격 변동 785.9% (2026-09-17) — 스플릿/데이터 오류 가능
Warning:  WOLF: Close NaN 비율 50.1% (기준: 30%)
Warning:  WYFI: Close NaN 비율 42.9% (기준: 30%)
Warning:  XHLD: 비정상 가격 변동 252.6% (2026-08-06) — 스플릿/데이터 오류 가능
Warning:  XNDU: Close NaN 비율 74.1% (기준: 30%)
Warning:  XNDU: 비정상 가격 변동 69.8% (2026-04-15) — 스플릿/데이터 오류 가능
Warning:  YSS: Close NaN 비율 66.9% (기준: 30%)
[[NASDAQ/NYSE 분석]] Extreme model 'label_low' ROC 0.57, AP 0.47
[[NASDAQ/NYSE 분석]] Extreme model 'label_high' ROC 0.59, AP 0.60
[[NASDAQ/NYSE 분석]] Google Sheets 업데이트 완료 (217개 종목)
[Email] 바닥반등 82개 + 모멘텀 38개 = 총 120개 종목 리스트를 chunghwan14@gmail.com, roykim0311@gmail.com, ssamjungtan@naver.com로 발송 완료

============================================================
[[NASDAQ/NYSE 차트분석]] 이메일 대상 종목 차트 분석 시작
============================================================
[[NASDAQ/NYSE 차트분석]] 차트분석 대상 120개 종목: ['WIX', 'LIF', 'GPCR', 'WING', 'ZG', 'AMD', 'CDNA', 'CAR', 'FISV', 'MMYT', 'OKLO', 'GPK', 'XHLD', 'STLA', 'NTRA', 'CHWY', 'OPEN', 'BBAI', 'NEOG', 'DUOL', 'IOVA', 'Z', 'MTZ', 'UTI', 'RVTY', 'ARRY', 'ILMN', 'P', 'CYPH', 'HTZ', 'SUNE', 'JOBY', 'WETO', 'BULL', 'UUUU', 'FUN', 'PZZA', 'FIGR', 'UAMY', 'PRIM', 'DOCS', 'INSP', 'GT', 'RUN', 'NUTX', 'MSTR', 'HPE', 'HIVE', 'UPST', 'PODD', 'PNR', 'ADPT', 'QS', 'FOUR', 'TRIP', 'PFSI', 'BW', 'PRCT', 'QMCO', 'CSIQ', 'INTU', 'ADMA', 'PCT', 'UEC', 'NKE', 'SMR', 'BMNR', 'TWST', 'SWMR', 'VRRM', 'GENI', 'PLNT', 'QRVO', 'METC', 'STUB', 'MP', 'ASX', 'KRMN', 'PLAY', 'ALNT', 'SGML', 'GRAL', 'VOR', 'SMTC', 'XPEV', 'APP', 'LAC', 'FEIM', 'DXYZ', 'FLNC', 'FRMI', 'TXG', 'AEMD', 'SMPL', 'MNDY', 'ALHC', 'ACVA', 'KTOS', 'BTBT', 'FLUT', 'NET', 'GPGI', 'LMND', 'NTLA', 'PLUG', 'MRNA', 'VEEE', 'FIG', 'RBLX', 'PATK', 'WHR', 'CALX', 'SOUN', 'BRBR', 'AVT', 'PL', 'ZTS', 'GLND', 'ODD', 'TPB']
[[NASDAQ/NYSE 차트분석]] 기존 NASDAQ 차트 파일 삭제 중...
[[NASDAQ/NYSE 차트분석]] TradingView 차트 캡처 시작...
[TradingView] NEOG 브라우저 세션 시작...
[TradingView] 1H 캡처 완료 (60)
[TradingView] 4H 캡처 완료 (240)
[TradingView] Daily 캡처 완료 (D)
[TradingView] Weekly 캡처 완료 (W)
[TradingView] Monthly 캡처 완료 (M)
[[NASDAQ/NYSE 차트분석]] NEOG 차트 5개 처리 완료
[TradingView] NUTX 브라우저 세션 시작...
[TradingView] 1H 캡처 완료 (60)
[TradingView] 4H 캡처 완료 (240)
[TradingView] Daily 캡처 완료 (D)
[TradingView] Weekly 캡처 완료 (W)
[TradingView] Monthly 캡처 완료 (M)
[[NASDAQ/NYSE 차트분석]] NUTX 차트 5개 처리 완료
[TradingView] QRVO 브라우저 세션 시작...
[TradingView] 1H 캡처 완료 (60)
[TradingView] 4H 캡처 완료 (240)
[TradingView] Daily 캡처 완료 (D)
[TradingView] Weekly 캡처 완료 (W)
[TradingView] Monthly 캡처 완료 (M)
[[NASDAQ/NYSE 차트분석]] QRVO 차트 5개 처리 완료
[TradingView] INSP 브라우저 세션 시작...
[TradingView] 1H 캡처 완료 (60)
[TradingView] 4H 캡처 완료 (240)
[TradingView] Daily 캡처 완료 (D)
[TradingView] Weekly 캡처 완료 (W)
[TradingView] Monthly 캡처 완료 (M)
[[NASDAQ/NYSE 차트분석]] INSP 차트 5개 처리 완료
[TradingView] BMNR 브라우저 세션 시작...
[TradingView] 1H 캡처 완료 (60)
[TradingView] 4H 캡처 완료 (240)
[TradingView] Daily 캡처 완료 (D)
[TradingView] Weekly 캡처 완료 (W)
[TradingView] Monthly 캡처 완료 (M)
[[NASDAQ/NYSE 차트분석]] BMNR 차트 5개 처리 완료
[TradingView] FEIM 브라우저 세션 시작...
[TradingView] 1H 캡처 완료 (60)
[TradingView] 4H 캡처 완료 (240)
[TradingView] Daily 캡처 완료 (D)
[TradingView] Weekly 캡처 완료 (W)
[TradingView] Monthly 캡처 완료 (M)
[[NASDAQ/NYSE 차트분석]] FEIM 차트 5개 처리 완료
[TradingView] ADPT 브라우저 세션 시작...
[TradingView] 1H 캡처 완료 (60)
[TradingView] 4H 캡처 완료 (240)
[TradingView] Daily 캡처 완료 (D)
[TradingView] Weekly 캡처 완료 (W)
[TradingView] Monthly 캡처 완료 (M)
[[NASDAQ/NYSE 차트분석]] ADPT 차트 5개 처리 완료
[TradingView] AMD 브라우저 세션 시작...
[TradingView] 1H 캡처 완료 (60)
[TradingView] 4H 캡처 완료 (240)
[TradingView] Daily 캡처 완료 (D)
[TradingView] Weekly 캡처 완료 (W)
[TradingView] Monthly 캡처 완료 (M)
[[NASDAQ/NYSE 차트분석]] AMD 차트 5개 처리 완료
[TradingView] IOVA 브라우저 세션 시작...
[TradingView] 1H 캡처 완료 (60)
[TradingView] 4H 캡처 완료 (240)
[TradingView] Daily 캡처 완료 (D)
[TradingView] Weekly 캡처 완료 (W)
[TradingView] Monthly 캡처 완료 (M)
[[NASDAQ/NYSE 차트분석]] IOVA 차트 5개 처리 완료
[TradingView] RVTY 브라우저 세션 시작...
[TradingView] 1H 캡처 완료 (60)
[TradingView] 4H 캡처 완료 (240)
[TradingView] Daily 캡처 완료 (D)
[TradingView] Weekly 캡처 완료 (W)
[TradingView] Monthly 캡처 완료 (M)
[[NASDAQ/NYSE 차트분석]] RVTY 차트 5개 처리 완료
[TradingView] RBLX 브라우저 세션 시작...
[TradingView] 1H 캡처 완료 (60)
[TradingView] 4H 캡처 완료 (240)
[TradingView] Daily 캡처 완료 (D)
[TradingView] Weekly 캡처 완료 (W)
[TradingView] Monthly 캡처 완료 (M)
[[NASDAQ/NYSE 차트분석]] RBLX 차트 5개 처리 완료
[TradingView] ILMN 브라우저 세션 시작...
[TradingView] 1H 캡처 완료 (60)
[TradingView] 4H 캡처 완료 (240)
[TradingView] Daily 캡처 완료 (D)
[TradingView] Weekly 캡처 완료 (W)
[TradingView] Monthly 캡처 완료 (M)
[[NASDAQ/NYSE 차트분석]] ILMN 차트 5개 처리 완료
[TradingView] TWST 브라우저 세션 시작...
[TradingView] 1H 캡처 완료 (60)
[TradingView] 4H 캡처 완료 (240)
[TradingView] Daily 캡처 완료 (D)
[TradingView] Weekly 캡처 완료 (W)
[TradingView] Monthly 캡처 완료 (M)
[[NASDAQ/NYSE 차트분석]] TWST 차트 5개 처리 완료
[TradingView] TXG 브라우저 세션 시작...
[TradingView] 1H 캡처 완료 (60)
[TradingView] 4H 캡처 완료 (240)
[TradingView] Daily 캡처 완료 (D)
[TradingView] Weekly 캡처 완료 (W)
[TradingView] Monthly 캡처 완료 (M)
[[NASDAQ/NYSE 차트분석]] TXG 차트 5개 처리 완료
[TradingView] ASX 브라우저 세션 시작...
[TradingView] 1H 캡처 완료 (60)
[TradingView] 4H 캡처 완료 (240)
[TradingView] Daily 캡처 완료 (D)
[TradingView] Weekly 캡처 완료 (W)
[TradingView] Monthly 캡처 완료 (M)
[[NASDAQ/NYSE 차트분석]] ASX 차트 5개 처리 완료
[TradingView] HPE 브라우저 세션 시작...
[TradingView] 1H 캡처 완료 (60)
[TradingView] 4H 캡처 완료 (240)
[TradingView] Daily 캡처 완료 (D)
[TradingView] Weekly 캡처 완료 (W)
[TradingView] Monthly 캡처 완료 (M)
[[NASDAQ/NYSE 차트분석]] HPE 차트 5개 처리 완료
[TradingView] NET 브라우저 세션 시작...
[TradingView] 1H 캡처 완료 (60)
[TradingView] 4H 캡처 완료 (240)
[TradingView] Daily 캡처 완료 (D)
[TradingView] Weekly 캡처 완료 (W)
[TradingView] Monthly 캡처 완료 (M)
[[NASDAQ/NYSE 차트분석]] NET 차트 5개 처리 완료
[TradingView] SMTC 브라우저 세션 시작...
[TradingView] 1H 캡처 완료 (60)
[TradingView] 4H 캡처 완료 (240)
[TradingView] Daily 캡처 완료 (D)
[TradingView] Weekly 캡처 완료 (W)
[TradingView] Monthly 캡처 완료 (M)
[[NASDAQ/NYSE 차트분석]] SMTC 차트 5개 처리 완료
[TradingView] ACVA 브라우저 세션 시작...
[TradingView] 1H 캡처 완료 (60)
[TradingView] 4H 캡처 완료 (240)
[TradingView] Daily 캡처 완료 (D)
[TradingView] Weekly 캡처 완료 (W)
[TradingView] Monthly 캡처 완료 (M)
[[NASDAQ/NYSE 차트분석]] ACVA 차트 5개 처리 완료
[TradingView] XHLD 브라우저 세션 시작...
[TradingView] 1H 캡처 완료 (60)
[TradingView] 4H 캡처 완료 (240)
[TradingView] Daily 캡처 완료 (D)
[TradingView] Weekly 캡처 완료 (W)
[TradingView] Monthly 캡처 완료 (M)
[[NASDAQ/NYSE 차트분석]] XHLD 차트 5개 처리 완료
[TradingView] CDNA 브라우저 세션 시작...
[TradingView] 1H 캡처 완료 (60)
[TradingView] 4H 캡처 완료 (240)
[TradingView] Daily 캡처 완료 (D)
[TradingView] Weekly 캡처 완료 (W)
[TradingView] Monthly 캡처 완료 (M)
[[NASDAQ/NYSE 차트분석]] CDNA 차트 5개 처리 완료
[TradingView] DUOL 브라우저 세션 시작...
[TradingView] 1H 캡처 완료 (60)
[TradingView] 4H 캡처 완료 (240)
[TradingView] Daily 캡처 완료 (D)
[TradingView] Weekly 캡처 완료 (W)
[TradingView] Monthly 캡처 완료 (M)
[[NASDAQ/NYSE 차트분석]] DUOL 차트 5개 처리 완료
[TradingView] DOCS 브라우저 세션 시작...
[TradingView] 1H 캡처 완료 (60)
[TradingView] 4H 캡처 완료 (240)
[TradingView] Daily 캡처 완료 (D)
[TradingView] Weekly 캡처 완료 (W)
[TradingView] Monthly 캡처 완료 (M)
[[NASDAQ/NYSE 차트분석]] DOCS 차트 5개 처리 완료
[TradingView] ALNT 브라우저 세션 시작...
[TradingView] 1H 캡처 완료 (60)
[TradingView] 4H 캡처 완료 (240)
[TradingView] Daily 캡처 완료 (D)
[TradingView] Weekly 캡처 완료 (W)
[TradingView] Monthly 캡처 완료 (M)
[[NASDAQ/NYSE 차트분석]] ALNT 차트 5개 처리 완료
[TradingView] AVT 브라우저 세션 시작...
[TradingView] 1H 캡처 완료 (60)
[TradingView] 4H 캡처 완료 (240)
[TradingView] Daily 캡처 완료 (D)
[TradingView] Weekly 캡처 완료 (W)
[TradingView] Monthly 캡처 완료 (M)
[[NASDAQ/NYSE 차트분석]] AVT 차트 5개 처리 완료
[TradingView] P 브라우저 세션 시작...
[TradingView] 1H 캡처 완료 (60)
[TradingView] 4H 캡처 완료 (240)
[TradingView] Daily 캡처 완료 (D)
[TradingView] Weekly 캡처 완료 (W)
[TradingView] Monthly 캡처 완료 (M)
[[NASDAQ/NYSE 차트분석]] P 차트 5개 처리 완료
[TradingView] CYPH 브라우저 세션 시작...
[TradingView] 1H 캡처 완료 (60)
[TradingView] 4H 캡처 완료 (240)
[TradingView] Daily 캡처 완료 (D)
[TradingView] Weekly 캡처 완료 (W)
[TradingView] Monthly 캡처 완료 (M)
[[NASDAQ/NYSE 차트분석]] CYPH 차트 5개 처리 완료
[TradingView] NTRA 브라우저 세션 시작...
[TradingView] 1H 캡처 완료 (60)
[TradingView] 4H 캡처 완료 (240)
[TradingView] Daily 캡처 완료 (D)
[TradingView] Weekly 캡처 완료 (W)
[TradingView] Monthly 캡처 완료 (M)
[[NASDAQ/NYSE 차트분석]] NTRA 차트 5개 처리 완료
[TradingView] QMCO 브라우저 세션 시작...
[TradingView] 1H 캡처 완료 (60)
[TradingView] 4H 캡처 완료 (240)
[TradingView] Daily 캡처 완료 (D)
[TradingView] Weekly 캡처 완료 (W)
[TradingView] Monthly 캡처 완료 (M)
[[NASDAQ/NYSE 차트분석]] QMCO 차트 5개 처리 완료
[TradingView] MSTR 브라우저 세션 시작...
[TradingView] 1H 캡처 완료 (60)
[TradingView] 4H 캡처 완료 (240)
[TradingView] Daily 캡처 완료 (D)
[TradingView] Weekly 캡처 완료 (W)
[TradingView] Monthly 캡처 완료 (M)
[[NASDAQ/NYSE 차트분석]] MSTR 차트 5개 처리 완료
[TradingView] HIVE 브라우저 세션 시작...
[TradingView] 1H 캡처 완료 (60)
[TradingView] 4H 캡처 완료 (240)
[TradingView] Daily 캡처 완료 (D)
[TradingView] Weekly 캡처 완료 (W)
[TradingView] Monthly 캡처 완료 (M)
[[NASDAQ/NYSE 차트분석]] HIVE 차트 5개 처리 완료
[TradingView] VOR 브라우저 세션 시작...
[TradingView] 1H 캡처 완료 (60)
[TradingView] 4H 캡처 완료 (240)
[TradingView] Daily 캡처 완료 (D)
[TradingView] Weekly 캡처 완료 (W)
[TradingView] Monthly 캡처 완료 (M)
[[NASDAQ/NYSE 차트분석]] VOR 차트 5개 처리 완료
[TradingView] GRAL 브라우저 세션 시작...
[TradingView] 1H 캡처 완료 (60)
[TradingView] 4H 캡처 완료 (240)
[TradingView] Daily 캡처 완료 (D)
[TradingView] Weekly 캡처 완료 (W)
[TradingView] Monthly 캡처 완료 (M)
[[NASDAQ/NYSE 차트분석]] GRAL 차트 5개 처리 완료
[TradingView] MRNA 브라우저 세션 시작...
[TradingView] 1H 캡처 완료 (60)
[TradingView] 4H 캡처 완료 (240)
[TradingView] Daily 캡처 완료 (D)
[TradingView] Weekly 캡처 완료 (W)
[TradingView] Monthly 캡처 완료 (M)
[[NASDAQ/NYSE 차트분석]] MRNA 차트 5개 처리 완료
[TradingView] MMYT 브라우저 세션 시작...
[TradingView] 1H 캡처 완료 (60)
[TradingView] 4H 캡처 완료 (240)
[TradingView] Daily 캡처 완료 (D)
[TradingView] Weekly 캡처 완료 (W)
[TradingView] Monthly 캡처 완료 (M)
[[NASDAQ/NYSE 차트분석]] MMYT 차트 5개 처리 완료
[TradingView] ODD 브라우저 세션 시작...
[TradingView] 1H 캡처 완료 (60)
[TradingView] 4H 캡처 완료 (240)
[TradingView] Daily 캡처 완료 (D)
[TradingView] Weekly 캡처 완료 (W)
[TradingView] Monthly 캡처 완료 (M)
[[NASDAQ/NYSE 차트분석]] ODD 차트 5개 처리 완료
[TradingView] GENI 브라우저 세션 시작...
[TradingView] 1H 캡처 완료 (60)
[TradingView] 4H 캡처 완료 (240)
[TradingView] Daily 캡처 완료 (D)
[TradingView] Weekly 캡처 완료 (W)
[TradingView] Monthly 캡처 완료 (M)
[[NASDAQ/NYSE 차트분석]] GENI 차트 5개 처리 완료
[TradingView] WIX 브라우저 세션 시작...
[TradingView] 1H 캡처 완료 (60)
[TradingView] 4H 캡처 완료 (240)
[TradingView] Daily 캡처 완료 (D)
[TradingView] Weekly 캡처 완료 (W)
[TradingView] Monthly 캡처 완료 (M)
[[NASDAQ/NYSE 차트분석]] WIX 차트 5개 처리 완료
[TradingView] VEEE 브라우저 세션 시작...
[TradingView] 1H 캡처 완료 (60)
[TradingView] 4H 캡처 완료 (240)
[TradingView] Daily 캡처 완료 (D)
[TradingView] Weekly 캡처 완료 (W)
[TradingView] Monthly 캡처 완료 (M)
[[NASDAQ/NYSE 차트분석]] VEEE 차트 5개 처리 완료
[TradingView] BTBT 브라우저 세션 시작...
[TradingView] 1H 캡처 완료 (60)
[TradingView] 4H 캡처 완료 (240)
[TradingView] Daily 캡처 완료 (D)
[TradingView] Weekly 캡처 완료 (W)
[TradingView] Monthly 캡처 완료 (M)
[[NASDAQ/NYSE 차트분석]] BTBT 차트 5개 처리 완료
[TradingView] ADMA 브라우저 세션 시작...
[TradingView] 1H 캡처 완료 (60)
[TradingView] 4H 캡처 완료 (240)
[TradingView] Daily 캡처 완료 (D)
[TradingView] Weekly 캡처 완료 (W)
[TradingView] Monthly 캡처 완료 (M)
[[NASDAQ/NYSE 차트분석]] ADMA 차트 5개 처리 완료
[TradingView] SUNE 브라우저 세션 시작...
[TradingView] 1H 캡처 완료 (60)
[TradingView] 4H 캡처 완료 (240)
[TradingView] Daily 캡처 완료 (D)
[TradingView] Weekly 캡처 완료 (W)
[TradingView] Monthly 캡처 완료 (M)
[[NASDAQ/NYSE 차트분석]] SUNE 차트 5개 처리 완료
[TradingView] AEMD 브라우저 세션 시작...
[TradingView] 1H 캡처 완료 (60)
[TradingView] 4H 캡처 완료 (240)
[TradingView] Daily 캡처 완료 (D)
[TradingView] Weekly 캡처 완료 (W)
[TradingView] Monthly 캡처 완료 (M)
[[NASDAQ/NYSE 차트분석]] AEMD 차트 5개 처리 완료
[TradingView] GLND 브라우저 세션 시작...
[TradingView] 1H 캡처 완료 (60)
[TradingView] 4H 캡처 완료 (240)
[TradingView] Daily 캡처 완료 (D)
[TradingView] Weekly 캡처 완료 (W)
[TradingView] Monthly 캡처 완료 (M)
[[NASDAQ/NYSE 차트분석]] GLND 차트 5개 처리 완료
[TradingView] BULL 브라우저 세션 시작...
[TradingView] 1H 캡처 완료 (60)
[TradingView] 4H 캡처 완료 (240)
[TradingView] Daily 캡처 완료 (D)
[TradingView] Weekly 캡처 완료 (W)
[TradingView] Monthly 캡처 완료 (M)
[[NASDAQ/NYSE 차트분석]] BULL 차트 5개 처리 완료
[TradingView] MNDY 브라우저 세션 시작...
[TradingView] 1H 캡처 완료 (60)
[TradingView] 4H 캡처 완료 (240)
[TradingView] Daily 캡처 완료 (D)
[TradingView] Weekly 캡처 완료 (W)
[TradingView] Monthly 캡처 완료 (M)
[[NASDAQ/NYSE 차트분석]] MNDY 차트 5개 처리 완료
[TradingView] DXYZ 브라우저 세션 시작...
[TradingView] 1H 캡처 완료 (60)
[TradingView] 4H 캡처 완료 (240)
[TradingView] Daily 캡처 완료 (D)
[TradingView] Weekly 캡처 완료 (W)
[TradingView] Monthly 캡처 완료 (M)
[[NASDAQ/NYSE 차트분석]] DXYZ 차트 5개 처리 완료
[TradingView] FLNC 브라우저 세션 시작...
[TradingView] 1H 캡처 완료 (60)
[TradingView] 4H 캡처 완료 (240)
[TradingView] Daily 캡처 완료 (D)
[TradingView] Weekly 캡처 완료 (W)
[TradingView] Monthly 캡처 완료 (M)
[[NASDAQ/NYSE 차트분석]] FLNC 차트 5개 처리 완료
[TradingView] FIG 브라우저 세션 시작...
[TradingView] 1H 캡처 완료 (60)
[TradingView] 4H 캡처 완료 (240)
[TradingView] Daily 캡처 완료 (D)
[TradingView] Weekly 캡처 완료 (W)
[TradingView] Monthly 캡처 완료 (M)
[[NASDAQ/NYSE 차트분석]] FIG 차트 5개 처리 완료
[TradingView] FIGR 브라우저 세션 시작...
[TradingView] 1H 캡처 완료 (60)
[TradingView] 4H 캡처 완료 (240)
[TradingView] Daily 캡처 완료 (D)
[TradingView] Weekly 캡처 완료 (W)
[TradingView] Monthly 캡처 완료 (M)
[[NASDAQ/NYSE 차트분석]] FIGR 차트 5개 처리 완료
[TradingView] TPB 브라우저 세션 시작...
[TradingView] 1H 캡처 완료 (60)
[TradingView] 4H 캡처 완료 (240)
[TradingView] Daily 캡처 완료 (D)
[TradingView] Weekly 캡처 완료 (W)
[TradingView] Monthly 캡처 완료 (M)
[[NASDAQ/NYSE 차트분석]] TPB 차트 5개 처리 완료
[TradingView] BRBR 브라우저 세션 시작...
[TradingView] 1H 캡처 완료 (60)
[TradingView] 4H 캡처 완료 (240)
[TradingView] Daily 캡처 완료 (D)
[TradingView] Weekly 캡처 완료 (W)
[TradingView] Monthly 캡처 완료 (M)
[[NASDAQ/NYSE 차트분석]] BRBR 차트 5개 처리 완료
[TradingView] FRMI 브라우저 세션 시작...
[TradingView] 1H 캡처 완료 (60)
[TradingView] 4H 캡처 완료 (240)
[TradingView] Daily 캡처 완료 (D)
[TradingView] Weekly 캡처 완료 (W)
[TradingView] Monthly 캡처 완료 (M)
[[NASDAQ/NYSE 차트분석]] FRMI 차트 5개 처리 완료
[TradingView] GPCR 브라우저 세션 시작...
[TradingView] 1H 캡처 완료 (60)
[TradingView] 4H 캡처 완료 (240)
[TradingView] Daily 캡처 완료 (D)
[TradingView] Weekly 캡처 완료 (W)
[TradingView] Monthly 캡처 완료 (M)
[[NASDAQ/NYSE 차트분석]] GPCR 차트 5개 처리 완료
[TradingView] PCT 브라우저 세션 시작...
[TradingView] 1H 캡처 완료 (60)
[TradingView] 4H 캡처 완료 (240)
[TradingView] Daily 캡처 완료 (D)
[TradingView] Weekly 캡처 완료 (W)
[TradingView] Monthly 캡처 완료 (M)
[[NASDAQ/NYSE 차트분석]] PCT 차트 5개 처리 완료
[TradingView] PZZA 브라우저 세션 시작...
[TradingView] 1H 캡처 완료 (60)
[TradingView] 4H 캡처 완료 (240)
[TradingView] Daily 캡처 완료 (D)
[TradingView] Weekly 캡처 완료 (W)
[TradingView] Monthly 캡처 완료 (M)
[[NASDAQ/NYSE 차트분석]] PZZA 차트 5개 처리 완료
[TradingView] STUB 브라우저 세션 시작...
[TradingView] 1H 캡처 완료 (60)
[TradingView] 4H 캡처 완료 (240)
[TradingView] Daily 캡처 완료 (D)
[TradingView] Weekly 캡처 완료 (W)
[TradingView] Monthly 캡처 완료 (M)
[[NASDAQ/NYSE 차트분석]] STUB 차트 5개 처리 완료
[TradingView] PLAY 브라우저 세션 시작...
[TradingView] 1H 캡처 완료 (60)
[TradingView] 4H 캡처 완료 (240)
[TradingView] Daily 캡처 완료 (D)
[TradingView] Weekly 캡처 완료 (W)
[TradingView] Monthly 캡처 완료 (M)
[[NASDAQ/NYSE 차트분석]] PLAY 차트 5개 처리 완료
[TradingView] PL 브라우저 세션 시작...
[TradingView] 1H 캡처 완료 (60)
[TradingView] 4H 캡처 완료 (240)
[TradingView] Daily 캡처 완료 (D)
[TradingView] Weekly 캡처 완료 (W)
[TradingView] Monthly 캡처 완료 (M)
[[NASDAQ/NYSE 차트분석]] PL 차트 5개 처리 완료
[TradingView] CAR 브라우저 세션 시작...
[TradingView] 1H 캡처 완료 (60)
[TradingView] 4H 캡처 완료 (240)
[TradingView] Daily 캡처 완료 (D)
[TradingView] Weekly 캡처 완료 (W)
[TradingView] Monthly 캡처 완료 (M)
[[NASDAQ/NYSE 차트분석]] CAR 차트 5개 처리 완료
[TradingView] CALX 브라우저 세션 시작...
[TradingView] 1H 캡처 완료 (60)
[TradingView] 4H 캡처 완료 (240)
[TradingView] Daily 캡처 완료 (D)
[TradingView] Weekly 캡처 완료 (W)
[TradingView] Monthly 캡처 완료 (M)
[[NASDAQ/NYSE 차트분석]] CALX 차트 5개 처리 완료
[TradingView] ALHC 브라우저 세션 시작...
[TradingView] 1H 캡처 완료 (60)
[TradingView] 4H 캡처 완료 (240)
[TradingView] Daily 캡처 완료 (D)
[TradingView] Weekly 캡처 완료 (W)
[TradingView] Monthly 캡처 완료 (M)
[[NASDAQ/NYSE 차트분석]] ALHC 차트 5개 처리 완료
[TradingView] ARRY 브라우저 세션 시작...
[TradingView] 1H 캡처 완료 (60)
[TradingView] 4H 캡처 완료 (240)
[TradingView] Daily 캡처 완료 (D)
[TradingView] Weekly 캡처 완료 (W)
[TradingView] Monthly 캡처 완료 (M)
[[NASDAQ/NYSE 차트분석]] ARRY 차트 5개 처리 완료
[TradingView] BW 브라우저 세션 시작...
[TradingView] 1H 캡처 완료 (60)
[TradingView] 4H 캡처 완료 (240)
[TradingView] Daily 캡처 완료 (D)
[TradingView] Weekly 캡처 완료 (W)
[TradingView] Monthly 캡처 완료 (M)
[[NASDAQ/NYSE 차트분석]] BW 차트 5개 처리 완료
[TradingView] CSIQ 브라우저 세션 시작...
[TradingView] 1H 캡처 완료 (60)
[TradingView] 4H 캡처 완료 (240)
[TradingView] Daily 캡처 완료 (D)
[TradingView] Weekly 캡처 완료 (W)
[TradingView] Monthly 캡처 완료 (M)
[[NASDAQ/NYSE 차트분석]] CSIQ 차트 5개 처리 완료
[TradingView] LMND 브라우저 세션 시작...
[TradingView] 1H 캡처 완료 (60)
[TradingView] 4H 캡처 완료 (240)
[TradingView] Daily 캡처 완료 (D)
[TradingView] Weekly 캡처 완료 (W)
[TradingView] Monthly 캡처 완료 (M)
[[NASDAQ/NYSE 차트분석]] LMND 차트 5개 처리 완료
[TradingView] NKE 브라우저 세션 시작...
[TradingView] 1H 캡처 완료 (60)
[TradingView] 4H 캡처 완료 (240)
[TradingView] Daily 캡처 완료 (D)
[TradingView] Weekly 캡처 완료 (W)
[TradingView] Monthly 캡처 완료 (M)
[[NASDAQ/NYSE 차트분석]] NKE 차트 5개 처리 완료
[TradingView] OPEN 브라우저 세션 시작...
[TradingView] 1H 캡처 완료 (60)
[TradingView] 4H 캡처 완료 (240)
[TradingView] Daily 캡처 완료 (D)
[TradingView] Weekly 캡처 완료 (W)
[TradingView] Monthly 캡처 완료 (M)
[[NASDAQ/NYSE 차트분석]] OPEN 차트 5개 처리 완료
[TradingView] PFSI 브라우저 세션 시작...
[TradingView] 1H 캡처 완료 (60)
[TradingView] 4H 캡처 완료 (240)
[TradingView] Daily 캡처 완료 (D)
[TradingView] Weekly 캡처 완료 (W)
[TradingView] Monthly 캡처 완료 (M)
[[NASDAQ/NYSE 차트분석]] PFSI 차트 5개 처리 완료
[TradingView] PLNT 브라우저 세션 시작...
[TradingView] 1H 캡처 완료 (60)
[TradingView] 4H 캡처 완료 (240)
[TradingView] Daily 캡처 완료 (D)
[TradingView] Weekly 캡처 완료 (W)
[TradingView] Monthly 캡처 완료 (M)
[[NASDAQ/NYSE 차트분석]] PLNT 차트 5개 처리 완료
[TradingView] PNR 브라우저 세션 시작...
[TradingView] 1H 캡처 완료 (60)
[TradingView] 4H 캡처 완료 (240)
[TradingView] Daily 캡처 완료 (D)
[TradingView] Weekly 캡처 완료 (W)
[TradingView] Monthly 캡처 완료 (M)
[[NASDAQ/NYSE 차트분석]] PNR 차트 5개 처리 완료
[TradingView] PRCT 브라우저 세션 시작...
[TradingView] 1H 캡처 완료 (60)
[TradingView] 4H 캡처 완료 (240)
[TradingView] Daily 캡처 완료 (D)
[TradingView] Weekly 캡처 완료 (W)
[TradingView] Monthly 캡처 완료 (M)
[[NASDAQ/NYSE 차트분석]] PRCT 차트 5개 처리 완료
[TradingView] UEC 브라우저 세션 시작...
[TradingView] 1H 캡처 완료 (60)
[TradingView] 4H 캡처 완료 (240)
[TradingView] Daily 캡처 완료 (D)
[TradingView] Weekly 캡처 완료 (W)
[TradingView] Monthly 캡처 완료 (M)
[[NASDAQ/NYSE 차트분석]] UEC 차트 5개 처리 완료
[TradingView] VRRM 브라우저 세션 시작...
[TradingView] 1H 캡처 완료 (60)
[TradingView] 4H 캡처 완료 (240)
[TradingView] Daily 캡처 완료 (D)
[TradingView] Weekly 캡처 완료 (W)
[TradingView] Monthly 캡처 완료 (M)
[[NASDAQ/NYSE 차트분석]] VRRM 차트 5개 처리 완료
[TradingView] XPEV 브라우저 세션 시작...
[TradingView] 1H 캡처 완료 (60)
[TradingView] 4H 캡처 완료 (240)
[TradingView] Daily 캡처 완료 (D)
[TradingView] Weekly 캡처 완료 (W)
[TradingView] Monthly 캡처 완료 (M)
[[NASDAQ/NYSE 차트분석]] XPEV 차트 5개 처리 완료
[TradingView] FUN 브라우저 세션 시작...
[TradingView] 1H 캡처 완료 (60)
[TradingView] 4H 캡처 완료 (240)
[TradingView] Daily 캡처 완료 (D)
[TradingView] Weekly 캡처 완료 (W)
[TradingView] Monthly 캡처 완료 (M)
[[NASDAQ/NYSE 차트분석]] FUN 차트 5개 처리 완료
[TradingView] GPK 브라우저 세션 시작...
[TradingView] 1H 캡처 완료 (60)
[TradingView] 4H 캡처 완료 (240)
[TradingView] Daily 캡처 완료 (D)
[TradingView] Weekly 캡처 완료 (W)
[TradingView] Monthly 캡처 완료 (M)
[[NASDAQ/NYSE 차트분석]] GPK 차트 5개 처리 완료
[TradingView] KRMN 브라우저 세션 시작...
[TradingView] 1H 캡처 완료 (60)
[TradingView] 4H 캡처 완료 (240)
[TradingView] Daily 캡처 완료 (D)
[TradingView] Weekly 캡처 완료 (W)
[TradingView] Monthly 캡처 완료 (M)
[[NASDAQ/NYSE 차트분석]] KRMN 차트 5개 처리 완료
[TradingView] METC 브라우저 세션 시작...
[TradingView] 1H 캡처 완료 (60)
[TradingView] 4H 캡처 완료 (240)
[TradingView] Daily 캡처 완료 (D)
[TradingView] Weekly 캡처 완료 (W)
[TradingView] Monthly 캡처 완료 (M)
[[NASDAQ/NYSE 차트분석]] METC 차트 5개 처리 완료
[TradingView] MTZ 브라우저 세션 시작...
[TradingView] 1H 캡처 완료 (60)
[TradingView] 4H 캡처 완료 (240)
[TradingView] Daily 캡처 완료 (D)
[TradingView] Weekly 캡처 완료 (W)
[TradingView] Monthly 캡처 완료 (M)
[[NASDAQ/NYSE 차트분석]] MTZ 차트 5개 처리 완료
[TradingView] PATK 브라우저 세션 시작...
[TradingView] 1H 캡처 완료 (60)
[TradingView] 4H 캡처 완료 (240)
[TradingView] Daily 캡처 완료 (D)
[TradingView] Weekly 캡처 완료 (W)
[TradingView] Monthly 캡처 완료 (M)
[[NASDAQ/NYSE 차트분석]] PATK 차트 5개 처리 완료
[TradingView] SGML 브라우저 세션 시작...
[TradingView] 1H 캡처 완료 (60)
[TradingView] 4H 캡처 완료 (240)
[TradingView] Daily 캡처 완료 (D)
[TradingView] Weekly 캡처 완료 (W)
[TradingView] Monthly 캡처 완료 (M)
[[NASDAQ/NYSE 차트분석]] SGML 차트 5개 처리 완료
[TradingView] TRIP 브라우저 세션 시작...
[TradingView] 1H 캡처 완료 (60)
[TradingView] 4H 캡처 완료 (240)
[TradingView] Daily 캡처 완료 (D)
[TradingView] Weekly 캡처 완료 (W)
[TradingView] Monthly 캡처 완료 (M)
[[NASDAQ/NYSE 차트분석]] TRIP 차트 5개 처리 완료
[TradingView] UTI 브라우저 세션 시작...
[TradingView] 1H 캡처 완료 (60)
[TradingView] 4H 캡처 완료 (240)
[TradingView] Daily 캡처 완료 (D)
[TradingView] Weekly 캡처 완료 (W)
[TradingView] Monthly 캡처 완료 (M)
[[NASDAQ/NYSE 차트분석]] UTI 차트 5개 처리 완료
[TradingView] WHR 브라우저 세션 시작...
[TradingView] 1H 캡처 완료 (60)
[TradingView] 4H 캡처 완료 (240)
[TradingView] Daily 캡처 완료 (D)
[TradingView] Weekly 캡처 완료 (W)
[TradingView] Monthly 캡처 완료 (M)
[[NASDAQ/NYSE 차트분석]] WHR 차트 5개 처리 완료
[TradingView] APP 브라우저 세션 시작...
[TradingView] 1H 캡처 완료 (60)
[TradingView] 4H 캡처 완료 (240)
[TradingView] Daily 캡처 완료 (D)
[TradingView] Weekly 캡처 완료 (W)
[TradingView] Monthly 캡처 완료 (M)
[[NASDAQ/NYSE 차트분석]] APP 차트 5개 처리 완료
[TradingView] FISV 브라우저 세션 시작...
[TradingView] 1H 캡처 완료 (60)
[TradingView] 4H 캡처 완료 (240)
[TradingView] Daily 캡처 완료 (D)
[TradingView] Weekly 캡처 완료 (W)
[TradingView] Monthly 캡처 완료 (M)
[[NASDAQ/NYSE 차트분석]] FISV 차트 5개 처리 완료
[TradingView] Z 브라우저 세션 시작...
[TradingView] 1H 캡처 완료 (60)
[TradingView] 4H 캡처 완료 (240)
[TradingView] Daily 캡처 완료 (D)
[TradingView] Weekly 캡처 완료 (W)
[TradingView] Monthly 캡처 완료 (M)
[[NASDAQ/NYSE 차트분석]] Z 차트 5개 처리 완료
[TradingView] ZG 브라우저 세션 시작...
[TradingView] 1H 캡처 완료 (60)
[TradingView] 4H 캡처 완료 (240)
[TradingView] Daily 캡처 완료 (D)
[TradingView] Weekly 캡처 완료 (W)
[TradingView] Monthly 캡처 완료 (M)
[[NASDAQ/NYSE 차트분석]] ZG 차트 5개 처리 완료
[TradingView] CHWY 브라우저 세션 시작...
[TradingView] 1H 캡처 완료 (60)
[TradingView] 4H 캡처 완료 (240)
[TradingView] Daily 캡처 완료 (D)
[TradingView] Weekly 캡처 완료 (W)
[TradingView] Monthly 캡처 완료 (M)
[[NASDAQ/NYSE 차트분석]] CHWY 차트 5개 처리 완료
[TradingView] INTU 브라우저 세션 시작...
[TradingView] 1H 캡처 완료 (60)
[TradingView] 4H 캡처 완료 (240)
[TradingView] Daily 캡처 완료 (D)
[TradingView] Weekly 캡처 완료 (W)
[TradingView] Monthly 캡처 완료 (M)
[[NASDAQ/NYSE 차트분석]] INTU 차트 5개 처리 완료
[TradingView] PODD 브라우저 세션 시작...
[TradingView] 1H 캡처 완료 (60)
[TradingView] 4H 캡처 완료 (240)
[TradingView] Daily 캡처 완료 (D)
[TradingView] Weekly 캡처 완료 (W)
[TradingView] Monthly 캡처 완료 (M)
[[NASDAQ/NYSE 차트분석]] PODD 차트 5개 처리 완료
[TradingView] JOBY 브라우저 세션 시작...
[TradingView] 1H 캡처 완료 (60)
[TradingView] 4H 캡처 완료 (240)
[TradingView] Daily 캡처 완료 (D)
[TradingView] Weekly 캡처 완료 (W)
[TradingView] Monthly 캡처 완료 (M)
[[NASDAQ/NYSE 차트분석]] JOBY 차트 5개 처리 완료
[TradingView] KTOS 브라우저 세션 시작...
[TradingView] 1H 캡처 완료 (60)
[TradingView] 4H 캡처 완료 (240)
[TradingView] Daily 캡처 완료 (D)
[TradingView] Weekly 캡처 완료 (W)
[TradingView] Monthly 캡처 완료 (M)
[[NASDAQ/NYSE 차트분석]] KTOS 차트 5개 처리 완료
[TradingView] LAC 브라우저 세션 시작...
[TradingView] 1H 캡처 완료 (60)
[TradingView] 4H 캡처 완료 (240)
[TradingView] Daily 캡처 완료 (D)
[TradingView] Weekly 캡처 완료 (W)
[TradingView] Monthly 캡처 완료 (M)
[[NASDAQ/NYSE 차트분석]] LAC 차트 5개 처리 완료
[TradingView] PLUG 브라우저 세션 시작...
[TradingView] 1H 캡처 완료 (60)
[TradingView] 4H 캡처 완료 (240)
[TradingView] Daily 캡처 완료 (D)
[TradingView] Weekly 캡처 완료 (W)
[TradingView] Monthly 캡처 완료 (M)
[[NASDAQ/NYSE 차트분석]] PLUG 차트 5개 처리 완료
[TradingView] PRIM 브라우저 세션 시작...
[TradingView] 1H 캡처 완료 (60)
[TradingView] 4H 캡처 완료 (240)
[TradingView] Daily 캡처 완료 (D)
[TradingView] Weekly 캡처 완료 (W)
[TradingView] Monthly 캡처 완료 (M)
[[NASDAQ/NYSE 차트분석]] PRIM 차트 5개 처리 완료
[TradingView] QS 브라우저 세션 시작...
[TradingView] 1H 캡처 완료 (60)
[TradingView] 4H 캡처 완료 (240)
[TradingView] Daily 캡처 완료 (D)
[TradingView] Weekly 캡처 완료 (W)
[TradingView] Monthly 캡처 완료 (M)
[[NASDAQ/NYSE 차트분석]] QS 차트 5개 처리 완료
[TradingView] RUN 브라우저 세션 시작...
[TradingView] 1H 캡처 완료 (60)
[TradingView] 4H 캡처 완료 (240)
[TradingView] Daily 캡처 완료 (D)
[TradingView] Weekly 캡처 완료 (W)
[TradingView] Monthly 캡처 완료 (M)
[[NASDAQ/NYSE 차트분석]] RUN 차트 5개 처리 완료
[TradingView] SOUN 브라우저 세션 시작...
[TradingView] 1H 캡처 완료 (60)
[TradingView] 4H 캡처 완료 (240)
[TradingView] Daily 캡처 완료 (D)
[TradingView] Weekly 캡처 완료 (W)
[TradingView] Monthly 캡처 완료 (M)
[[NASDAQ/NYSE 차트분석]] SOUN 차트 5개 처리 완료
[TradingView] SWMR 브라우저 세션 시작...
[TradingView] 1H 캡처 완료 (60)
[TradingView] 4H 캡처 완료 (240)
[TradingView] Daily 캡처 완료 (D)
[TradingView] Weekly 캡처 완료 (W)
[TradingView] Monthly 캡처 완료 (M)
[[NASDAQ/NYSE 차트분석]] SWMR 차트 5개 처리 완료
[TradingView] UAMY 브라우저 세션 시작...
[TradingView] 1H 캡처 완료 (60)
[TradingView] 4H 캡처 완료 (240)
[TradingView] Daily 캡처 완료 (D)
[TradingView] Weekly 캡처 완료 (W)
[TradingView] Monthly 캡처 완료 (M)
[[NASDAQ/NYSE 차트분석]] UAMY 차트 5개 처리 완료
[TradingView] UPST 브라우저 세션 시작...
[TradingView] 1H 캡처 완료 (60)
[TradingView] 4H 캡처 완료 (240)
[TradingView] Daily 캡처 완료 (D)
[TradingView] Weekly 캡처 완료 (W)
[TradingView] Monthly 캡처 완료 (M)
[[NASDAQ/NYSE 차트분석]] UPST 차트 5개 처리 완료
[TradingView] UUUU 브라우저 세션 시작...
[TradingView] 1H 캡처 완료 (60)
[TradingView] 4H 캡처 완료 (240)
[TradingView] Daily 캡처 완료 (D)
[TradingView] Weekly 캡처 완료 (W)
[TradingView] Monthly 캡처 완료 (M)
[[NASDAQ/NYSE 차트분석]] UUUU 차트 5개 처리 완료
[TradingView] BBAI 브라우저 세션 시작...
[TradingView] 1H 캡처 완료 (60)
[TradingView] 4H 캡처 완료 (240)
[TradingView] Daily 캡처 완료 (D)
[TradingView] Weekly 캡처 완료 (W)
[TradingView] Monthly 캡처 완료 (M)
[[NASDAQ/NYSE 차트분석]] BBAI 차트 5개 처리 완료
[TradingView] FLUT 브라우저 세션 시작...
[TradingView] 1H 캡처 완료 (60)
[TradingView] 4H 캡처 완료 (240)
[TradingView] Daily 캡처 완료 (D)
[TradingView] Weekly 캡처 완료 (W)
[TradingView] Monthly 캡처 완료 (M)
[[NASDAQ/NYSE 차트분석]] FLUT 차트 5개 처리 완료
[TradingView] FOUR 브라우저 세션 시작...
[TradingView] 1H 캡처 완료 (60)
[TradingView] 4H 캡처 완료 (240)
[TradingView] Daily 캡처 완료 (D)
[TradingView] Weekly 캡처 완료 (W)
[TradingView] Monthly 캡처 완료 (M)
[[NASDAQ/NYSE 차트분석]] FOUR 차트 5개 처리 완료
[TradingView] GPGI 브라우저 세션 시작...
[TradingView] 1H 캡처 완료 (60)
[TradingView] 4H 캡처 완료 (240)
[TradingView] Daily 캡처 완료 (D)
[TradingView] Weekly 캡처 완료 (W)
[TradingView] Monthly 캡처 완료 (M)
[[NASDAQ/NYSE 차트분석]] GPGI 차트 5개 처리 완료
[TradingView] GT 브라우저 세션 시작...
[TradingView] 1H 캡처 완료 (60)
[TradingView] 4H 캡처 완료 (240)
[TradingView] Daily 캡처 완료 (D)
[TradingView] Weekly 캡처 완료 (W)
[TradingView] Monthly 캡처 완료 (M)
[[NASDAQ/NYSE 차트분석]] GT 차트 5개 처리 완료
[TradingView] HTZ 브라우저 세션 시작...
[TradingView] 1H 캡처 완료 (60)
[TradingView] 4H 캡처 완료 (240)
[TradingView] Daily 캡처 완료 (D)
[TradingView] Weekly 캡처 완료 (W)
[TradingView] Monthly 캡처 완료 (M)
[[NASDAQ/NYSE 차트분석]] HTZ 차트 5개 처리 완료
[TradingView] LIF 브라우저 세션 시작...
[TradingView] 1H 캡처 완료 (60)
[TradingView] 4H 캡처 완료 (240)
[TradingView] Daily 캡처 완료 (D)
[TradingView] Weekly 캡처 완료 (W)
[TradingView] Monthly 캡처 완료 (M)
[[NASDAQ/NYSE 차트분석]] LIF 차트 5개 처리 완료
[TradingView] MP 브라우저 세션 시작...
[TradingView] 1H 캡처 완료 (60)
[TradingView] 4H 캡처 완료 (240)
[TradingView] Daily 캡처 완료 (D)
[TradingView] Weekly 캡처 완료 (W)
[TradingView] Monthly 캡처 완료 (M)
[[NASDAQ/NYSE 차트분석]] MP 차트 5개 처리 완료
[TradingView] NTLA 브라우저 세션 시작...
[TradingView] 1H 캡처 완료 (60)
[TradingView] 4H 캡처 완료 (240)
[TradingView] Daily 캡처 완료 (D)
[TradingView] Weekly 캡처 완료 (W)
[TradingView] Monthly 캡처 완료 (M)
[[NASDAQ/NYSE 차트분석]] NTLA 차트 5개 처리 완료
[TradingView] OKLO 브라우저 세션 시작...
[TradingView] 1H 캡처 완료 (60)
[TradingView] 4H 캡처 완료 (240)
[TradingView] Daily 캡처 완료 (D)
[TradingView] Weekly 캡처 완료 (W)
[TradingView] Monthly 캡처 완료 (M)
[[NASDAQ/NYSE 차트분석]] OKLO 차트 5개 처리 완료
[TradingView] SMPL 브라우저 세션 시작...
[TradingView] 1H 캡처 완료 (60)
[TradingView] 4H 캡처 완료 (240)
[TradingView] Daily 캡처 완료 (D)
[TradingView] Weekly 캡처 완료 (W)
[TradingView] Monthly 캡처 완료 (M)
[[NASDAQ/NYSE 차트분석]] SMPL 차트 5개 처리 완료
[TradingView] SMR 브라우저 세션 시작...
[TradingView] 1H 캡처 완료 (60)
[TradingView] 4H 캡처 완료 (240)
[TradingView] Daily 캡처 완료 (D)
[TradingView] Weekly 캡처 완료 (W)
[TradingView] Monthly 캡처 완료 (M)
[[NASDAQ/NYSE 차트분석]] SMR 차트 5개 처리 완료
[TradingView] STLA 브라우저 세션 시작...
[TradingView] 1H 캡처 완료 (60)
[TradingView] 4H 캡처 완료 (240)
[TradingView] Daily 캡처 완료 (D)
[TradingView] Weekly 캡처 완료 (W)
[TradingView] Monthly 캡처 완료 (M)
[[NASDAQ/NYSE 차트분석]] STLA 차트 5개 처리 완료
[TradingView] WETO 브라우저 세션 시작...
[TradingView] 1H 캡처 완료 (60)
[TradingView] 4H 캡처 완료 (240)
[TradingView] Daily 캡처 완료 (D)
[TradingView] Weekly 캡처 완료 (W)
[TradingView] Monthly 캡처 완료 (M)
[[NASDAQ/NYSE 차트분석]] WETO 차트 5개 처리 완료
[TradingView] WING 브라우저 세션 시작...
[TradingView] 1H 캡처 완료 (60)
[TradingView] 4H 캡처 완료 (240)
[TradingView] Daily 캡처 완료 (D)
[TradingView] Weekly 캡처 완료 (W)
[TradingView] Monthly 캡처 완료 (M)
[[NASDAQ/NYSE 차트분석]] WING 차트 5개 처리 완료
[TradingView] ZTS 브라우저 세션 시작...
[TradingView] 1H 캡처 완료 (60)
[TradingView] 4H 캡처 완료 (240)
[TradingView] Daily 캡처 완료 (D)
[TradingView] Weekly 캡처 완료 (W)
[TradingView] Monthly 캡처 완료 (M)
[[NASDAQ/NYSE 차트분석]] ZTS 차트 5개 처리 완료
[[NASDAQ/NYSE 차트분석]] 차트 캡처 완료
[[NASDAQ/NYSE 차트분석]] GitHub에 차트 이미지 푸시 중...
rm 'charts/screenshots_nasdaq/ACVA/ACVA_1H_20260925_072852.png'
rm 'charts/screenshots_nasdaq/ACVA/ACVA_4H_20260925_072852.png'
rm 'charts/screenshots_nasdaq/ACVA/ACVA_Daily_20260925_072852.png'
rm 'charts/screenshots_nasdaq/ACVA/ACVA_Monthly_20260925_072852.png'
rm 'charts/screenshots_nasdaq/ACVA/ACVA_Weekly_20260925_072852.png'
rm 'charts/screenshots_nasdaq/ADMA/ADMA_1H_20260925_073842.png'
rm 'charts/screenshots_nasdaq/ADMA/ADMA_4H_20260925_073842.png'
rm 'charts/screenshots_nasdaq/ADMA/ADMA_Daily_20260925_073842.png'
rm 'charts/screenshots_nasdaq/ADMA/ADMA_Monthly_20260925_073842.png'
rm 'charts/screenshots_nasdaq/ADMA/ADMA_Weekly_20260925_073842.png'
rm 'charts/screenshots_nasdaq/AGX/AGX_1H_20260925_075044.png'
rm 'charts/screenshots_nasdaq/AGX/AGX_4H_20260925_075044.png'
rm 'charts/screenshots_nasdaq/AGX/AGX_Daily_20260925_075044.png'
rm 'charts/screenshots_nasdaq/AGX/AGX_Monthly_20260925_075044.png'
rm 'charts/screenshots_nasdaq/AGX/AGX_Weekly_20260925_075044.png'
rm 'charts/screenshots_nasdaq/ALHC/ALHC_1H_20260925_074517.png'
rm 'charts/screenshots_nasdaq/ALHC/ALHC_4H_20260925_074517.png'
rm 'charts/screenshots_nasdaq/ALHC/ALHC_Daily_20260925_074517.png'
rm 'charts/screenshots_nasdaq/ALHC/ALHC_Monthly_20260925_074517.png'
rm 'charts/screenshots_nasdaq/ALHC/ALHC_Weekly_20260925_074517.png'
rm 'charts/screenshots_nasdaq/AMD/AMD_1H_20260925_073136.png'
rm 'charts/screenshots_nasdaq/AMD/AMD_4H_20260925_073136.png'
rm 'charts/screenshots_nasdaq/AMD/AMD_Daily_20260925_073136.png'
rm 'charts/screenshots_nasdaq/AMD/AMD_Monthly_20260925_073136.png'
rm 'charts/screenshots_nasdaq/AMD/AMD_Weekly_20260925_073136.png'
rm 'charts/screenshots_nasdaq/APP/APP_1H_20260925_080919.png'
rm 'charts/screenshots_nasdaq/APP/APP_4H_20260925_080919.png'
rm 'charts/screenshots_nasdaq/APP/APP_Daily_20260925_080919.png'
rm 'charts/screenshots_nasdaq/APP/APP_Monthly_20260925_080919.png'
rm 'charts/screenshots_nasdaq/APP/APP_Weekly_20260925_080919.png'
rm 'charts/screenshots_nasdaq/ARRY/ARRY_1H_20260925_074655.png'
rm 'charts/screenshots_nasdaq/ARRY/ARRY_4H_20260925_074655.png'
rm 'charts/screenshots_nasdaq/ARRY/ARRY_Daily_20260925_074655.png'
rm 'charts/screenshots_nasdaq/ARRY/ARRY_Monthly_20260925_074655.png'
rm 'charts/screenshots_nasdaq/ARRY/ARRY_Weekly_20260925_074655.png'
rm 'charts/screenshots_nasdaq/ASX/ASX_1H_20260925_073104.png'
rm 'charts/screenshots_nasdaq/ASX/ASX_4H_20260925_073104.png'
rm 'charts/screenshots_nasdaq/ASX/ASX_Daily_20260925_073104.png'
rm 'charts/screenshots_nasdaq/ASX/ASX_Monthly_20260925_073104.png'
rm 'charts/screenshots_nasdaq/ASX/ASX_Weekly_20260925_073104.png'
rm 'charts/screenshots_nasdaq/ATRC/ATRC_1H_20260925_072958.png'
rm 'charts/screenshots_nasdaq/ATRC/ATRC_4H_20260925_072958.png'
rm 'charts/screenshots_nasdaq/ATRC/ATRC_Daily_20260925_072958.png'
rm 'charts/screenshots_nasdaq/ATRC/ATRC_Monthly_20260925_072958.png'
rm 'charts/screenshots_nasdaq/ATRC/ATRC_Weekly_20260925_072958.png'
rm 'charts/screenshots_nasdaq/BBAI/BBAI_1H_20260925_080952.png'
rm 'charts/screenshots_nasdaq/BBAI/BBAI_4H_20260925_080952.png'
rm 'charts/screenshots_nasdaq/BBAI/BBAI_Daily_20260925_080952.png'
rm 'charts/screenshots_nasdaq/BBAI/BBAI_Monthly_20260925_080952.png'
rm 'charts/screenshots_nasdaq/BBAI/BBAI_Weekly_20260925_080952.png'
rm 'charts/screenshots_nasdaq/BBW/BBW_1H_20260925_075928.png'
rm 'charts/screenshots_nasdaq/BBW/BBW_4H_20260925_075928.png'
rm 'charts/screenshots_nasdaq/BBW/BBW_Daily_20260925_075928.png'
rm 'charts/screenshots_nasdaq/BBW/BBW_Monthly_20260925_075928.png'
rm 'charts/screenshots_nasdaq/BBW/BBW_Weekly_20260925_075928.png'
rm 'charts/screenshots_nasdaq/BL/BL_1H_20260925_081732.png'
rm 'charts/screenshots_nasdaq/BL/BL_4H_20260925_081732.png'
rm 'charts/screenshots_nasdaq/BL/BL_Daily_20260925_081732.png'
rm 'charts/screenshots_nasdaq/BL/BL_Monthly_20260925_081732.png'
rm 'charts/screenshots_nasdaq/BL/BL_Weekly_20260925_081732.png'
rm 'charts/screenshots_nasdaq/BLDR/BLDR_1H_20260925_080001.png'
rm 'charts/screenshots_nasdaq/BLDR/BLDR_4H_20260925_080001.png'
rm 'charts/screenshots_nasdaq/BLDR/BLDR_Daily_20260925_080001.png'
rm 'charts/screenshots_nasdaq/BLDR/BLDR_Monthly_20260925_080001.png'
rm 'charts/screenshots_nasdaq/BLDR/BLDR_Weekly_20260925_080001.png'
rm 'charts/screenshots_nasdaq/BMNR/BMNR_1H_20260925_072041.png'
rm 'charts/screenshots_nasdaq/BMNR/BMNR_4H_20260925_072041.png'
rm 'charts/screenshots_nasdaq/BMNR/BMNR_Daily_20260925_072041.png'
rm 'charts/screenshots_nasdaq/BMNR/BMNR_Monthly_20260925_072041.png'
rm 'charts/screenshots_nasdaq/BMNR/BMNR_Weekly_20260925_072041.png'
rm 'charts/screenshots_nasdaq/BSX/BSX_1H_20260925_080603.png'
rm 'charts/screenshots_nasdaq/BSX/BSX_4H_20260925_080603.png'
rm 'charts/screenshots_nasdaq/BSX/BSX_Daily_20260925_080603.png'
rm 'charts/screenshots_nasdaq/BSX/BSX_Monthly_20260925_080603.png'
rm 'charts/screenshots_nasdaq/BSX/BSX_Weekly_20260925_080603.png'
rm 'charts/screenshots_nasdaq/BTBT/BTBT_1H_20260925_072820.png'
rm 'charts/screenshots_nasdaq/BTBT/BTBT_4H_20260925_072820.png'
rm 'charts/screenshots_nasdaq/BTBT/BTBT_Daily_20260925_072820.png'
rm 'charts/screenshots_nasdaq/BTBT/BTBT_Monthly_20260925_072820.png'
rm 'charts/screenshots_nasdaq/BTBT/BTBT_Weekly_20260925_072820.png'
rm 'charts/screenshots_nasdaq/BULL/BULL_1H_20260925_074200.png'
rm 'charts/screenshots_nasdaq/BULL/BULL_4H_20260925_074200.png'
rm 'charts/screenshots_nasdaq/BULL/BULL_Daily_20260925_074200.png'
rm 'charts/screenshots_nasdaq/BULL/BULL_Monthly_20260925_074200.png'
rm 'charts/screenshots_nasdaq/BULL/BULL_Weekly_20260925_074200.png'
rm 'charts/screenshots_nasdaq/CAI/CAI_1H_20260925_073452.png'
rm 'charts/screenshots_nasdaq/CAI/CAI_4H_20260925_073452.png'
rm 'charts/screenshots_nasdaq/CAI/CAI_Daily_20260925_073452.png'
rm 'charts/screenshots_nasdaq/CAI/CAI_Monthly_20260925_073452.png'
rm 'charts/screenshots_nasdaq/CAI/CAI_Weekly_20260925_073452.png'
rm 'charts/screenshots_nasdaq/CALX/CALX_1H_20260925_075116.png'
rm 'charts/screenshots_nasdaq/CALX/CALX_4H_20260925_075116.png'
rm 'charts/screenshots_nasdaq/CALX/CALX_Daily_20260925_075116.png'
rm 'charts/screenshots_nasdaq/CALX/CALX_Monthly_20260925_075116.png'
rm 'charts/screenshots_nasdaq/CALX/CALX_Weekly_20260925_075116.png'
rm 'charts/screenshots_nasdaq/CDNA/CDNA_1H_20260925_071903.png'
rm 'charts/screenshots_nasdaq/CDNA/CDNA_4H_20260925_071903.png'
rm 'charts/screenshots_nasdaq/CDNA/CDNA_Daily_20260925_071903.png'
rm 'charts/screenshots_nasdaq/CDNA/CDNA_Monthly_20260925_071903.png'
rm 'charts/screenshots_nasdaq/CDNA/CDNA_Weekly_20260925_071903.png'
rm 'charts/screenshots_nasdaq/CHTR/CHTR_1H_20260925_075401.png'
rm 'charts/screenshots_nasdaq/CHTR/CHTR_4H_20260925_075401.png'
rm 'charts/screenshots_nasdaq/CHTR/CHTR_Daily_20260925_075401.png'
rm 'charts/screenshots_nasdaq/CHTR/CHTR_Monthly_20260925_075401.png'
rm 'charts/screenshots_nasdaq/CHTR/CHTR_Weekly_20260925_075401.png'
rm 'charts/screenshots_nasdaq/CHWY/CHWY_1H_20260925_075149.png'
rm 'charts/screenshots_nasdaq/CHWY/CHWY_4H_20260925_075149.png'
rm 'charts/screenshots_nasdaq/CHWY/CHWY_Daily_20260925_075149.png'
rm 'charts/screenshots_nasdaq/CHWY/CHWY_Monthly_20260925_075149.png'
rm 'charts/screenshots_nasdaq/CHWY/CHWY_Weekly_20260925_075149.png'
rm 'charts/screenshots_nasdaq/COUR/COUR_1H_20260925_081024.png'
rm 'charts/screenshots_nasdaq/COUR/COUR_4H_20260925_081024.png'
rm 'charts/screenshots_nasdaq/COUR/COUR_Daily_20260925_081024.png'
rm 'charts/screenshots_nasdaq/COUR/COUR_Monthly_20260925_081024.png'
rm 'charts/screenshots_nasdaq/COUR/COUR_Weekly_20260925_081024.png'
rm 'charts/screenshots_nasdaq/CPNG/CPNG_1H_20260925_080034.png'
rm 'charts/screenshots_nasdaq/CPNG/CPNG_4H_20260925_080034.png'
rm 'charts/screenshots_nasdaq/CPNG/CPNG_Daily_20260925_080034.png'
rm 'charts/screenshots_nasdaq/CPNG/CPNG_Monthly_20260925_080034.png'
rm 'charts/screenshots_nasdaq/CPNG/CPNG_Weekly_20260925_080034.png'
rm 'charts/screenshots_nasdaq/CRWD/CRWD_1H_20260925_072326.png'
rm 'charts/screenshots_nasdaq/CRWD/CRWD_4H_20260925_072326.png'
rm 'charts/screenshots_nasdaq/CRWD/CRWD_Daily_20260925_072326.png'
rm 'charts/screenshots_nasdaq/CRWD/CRWD_Monthly_20260925_072326.png'
rm 'charts/screenshots_nasdaq/CRWD/CRWD_Weekly_20260925_072326.png'
rm 'charts/screenshots_nasdaq/CTRI/CTRI_1H_20260925_074939.png'
rm 'charts/screenshots_nasdaq/CTRI/CTRI_4H_20260925_074939.png'
rm 'charts/screenshots_nasdaq/CTRI/CTRI_Daily_20260925_074939.png'
rm 'charts/screenshots_nasdaq/CTRI/CTRI_Monthly_20260925_074939.png'
rm 'charts/screenshots_nasdaq/CTRI/CTRI_Weekly_20260925_074939.png'
rm 'charts/screenshots_nasdaq/CYPH/CYPH_1H_20260925_072220.png'
rm 'charts/screenshots_nasdaq/CYPH/CYPH_4H_20260925_072220.png'
rm 'charts/screenshots_nasdaq/CYPH/CYPH_Daily_20260925_072220.png'
rm 'charts/screenshots_nasdaq/CYPH/CYPH_Monthly_20260925_072220.png'
rm 'charts/screenshots_nasdaq/CYPH/CYPH_Weekly_20260925_072220.png'
rm 'charts/screenshots_nasdaq/DOCS/DOCS_1H_20260925_074232.png'
rm 'charts/screenshots_nasdaq/DOCS/DOCS_4H_20260925_074232.png'
rm 'charts/screenshots_nasdaq/DOCS/DOCS_Daily_20260925_074232.png'
rm 'charts/screenshots_nasdaq/DOCS/DOCS_Monthly_20260925_074232.png'
rm 'charts/screenshots_nasdaq/DOCS/DOCS_Weekly_20260925_074232.png'
rm 'charts/screenshots_nasdaq/DUOL/DUOL_1H_20260925_073031.png'
rm 'charts/screenshots_nasdaq/DUOL/DUOL_4H_20260925_073031.png'
rm 'charts/screenshots_nasdaq/DUOL/DUOL_Daily_20260925_073031.png'
rm 'charts/screenshots_nasdaq/DUOL/DUOL_Monthly_20260925_073031.png'
rm 'charts/screenshots_nasdaq/DUOL/DUOL_Weekly_20260925_073031.png'
rm 'charts/screenshots_nasdaq/DXYZ/DXYZ_1H_20260925_074305.png'
rm 'charts/screenshots_nasdaq/DXYZ/DXYZ_4H_20260925_074305.png'
rm 'charts/screenshots_nasdaq/DXYZ/DXYZ_Daily_20260925_074305.png'
rm 'charts/screenshots_nasdaq/DXYZ/DXYZ_Monthly_20260925_074305.png'
rm 'charts/screenshots_nasdaq/DXYZ/DXYZ_Weekly_20260925_074305.png'
rm 'charts/screenshots_nasdaq/FICO/FICO_1H_20260925_075222.png'
rm 'charts/screenshots_nasdaq/FICO/FICO_4H_20260925_075222.png'
rm 'charts/screenshots_nasdaq/FICO/FICO_Daily_20260925_075222.png'
rm 'charts/screenshots_nasdaq/FICO/FICO_Monthly_20260925_075222.png'
rm 'charts/screenshots_nasdaq/FICO/FICO_Weekly_20260925_075222.png'
rm 'charts/screenshots_nasdaq/FIG/FIG_1H_20260925_074338.png'
rm 'charts/screenshots_nasdaq/FIG/FIG_4H_20260925_074338.png'
rm 'charts/screenshots_nasdaq/FIG/FIG_Daily_20260925_074338.png'
rm 'charts/screenshots_nasdaq/FIG/FIG_Monthly_20260925_074338.png'
rm 'charts/screenshots_nasdaq/FIG/FIG_Weekly_20260925_074338.png'
rm 'charts/screenshots_nasdaq/FLNC/FLNC_1H_20260925_075434.png'
rm 'charts/screenshots_nasdaq/FLNC/FLNC_4H_20260925_075434.png'
rm 'charts/screenshots_nasdaq/FLNC/FLNC_Daily_20260925_075434.png'
rm 'charts/screenshots_nasdaq/FLNC/FLNC_Monthly_20260925_075434.png'
rm 'charts/screenshots_nasdaq/FLNC/FLNC_Weekly_20260925_075434.png'
rm 'charts/screenshots_nasdaq/FRMI/FRMI_1H_20260925_080636.png'
rm 'charts/screenshots_nasdaq/FRMI/FRMI_4H_20260925_080636.png'
rm 'charts/screenshots_nasdaq/FRMI/FRMI_Daily_20260925_080636.png'
rm 'charts/screenshots_nasdaq/FRMI/FRMI_Monthly_20260925_080636.png'
rm 'charts/screenshots_nasdaq/FRMI/FRMI_Weekly_20260925_080636.png'
rm 'charts/screenshots_nasdaq/FUN/FUN_1H_20260925_080107.png'
rm 'charts/screenshots_nasdaq/FUN/FUN_4H_20260925_080107.png'
rm 'charts/screenshots_nasdaq/FUN/FUN_Daily_20260925_080107.png'
rm 'charts/screenshots_nasdaq/FUN/FUN_Monthly_20260925_080107.png'
rm 'charts/screenshots_nasdaq/FUN/FUN_Weekly_20260925_080107.png'
rm 'charts/screenshots_nasdaq/GENI/GENI_1H_20260925_073948.png'
rm 'charts/screenshots_nasdaq/GENI/GENI_4H_20260925_073948.png'
rm 'charts/screenshots_nasdaq/GENI/GENI_Daily_20260925_073948.png'
rm 'charts/screenshots_nasdaq/GENI/GENI_Monthly_20260925_073948.png'
rm 'charts/screenshots_nasdaq/GENI/GENI_Weekly_20260925_073948.png'
rm 'charts/screenshots_nasdaq/GLND/GLND_1H_20260925_074053.png'
rm 'charts/screenshots_nasdaq/GLND/GLND_4H_20260925_074053.png'
rm 'charts/screenshots_nasdaq/GLND/GLND_Daily_20260925_074053.png'
rm 'charts/screenshots_nasdaq/GLND/GLND_Monthly_20260925_074053.png'
rm 'charts/screenshots_nasdaq/GLND/GLND_Weekly_20260925_074053.png'
rm 'charts/screenshots_nasdaq/GPCR/GPCR_1H_20260925_074728.png'
rm 'charts/screenshots_nasdaq/GPCR/GPCR_4H_20260925_074728.png'
rm 'charts/screenshots_nasdaq/GPCR/GPCR_Daily_20260925_074728.png'
rm 'charts/screenshots_nasdaq/GPCR/GPCR_Monthly_20260925_074728.png'
rm 'charts/screenshots_nasdaq/GPCR/GPCR_Weekly_20260925_074728.png'
rm 'charts/screenshots_nasdaq/GPGI/GPGI_1H_20260925_081057.png'
rm 'charts/screenshots_nasdaq/GPGI/GPGI_4H_20260925_081057.png'
rm 'charts/screenshots_nasdaq/GPGI/GPGI_Daily_20260925_081057.png'
rm 'charts/screenshots_nasdaq/GPGI/GPGI_Monthly_20260925_081057.png'
rm 'charts/screenshots_nasdaq/GPGI/GPGI_Weekly_20260925_081057.png'
rm 'charts/screenshots_nasdaq/GPK/GPK_1H_20260925_080140.png'
rm 'charts/screenshots_nasdaq/GPK/GPK_4H_20260925_080140.png'
rm 'charts/screenshots_nasdaq/GPK/GPK_Daily_20260925_080140.png'
rm 'charts/screenshots_nasdaq/GPK/GPK_Monthly_20260925_080140.png'
rm 'charts/screenshots_nasdaq/GPK/GPK_Weekly_20260925_080140.png'
rm 'charts/screenshots_nasdaq/GRAL/GRAL_1H_20260925_072146.png'
rm 'charts/screenshots_nasdaq/GRAL/GRAL_4H_20260925_072146.png'
rm 'charts/screenshots_nasdaq/GRAL/GRAL_Daily_20260925_072146.png'
rm 'charts/screenshots_nasdaq/GRAL/GRAL_Monthly_20260925_072146.png'
rm 'charts/screenshots_nasdaq/GRAL/GRAL_Weekly_20260925_072146.png'
rm 'charts/screenshots_nasdaq/HIMS/HIMS_1H_20260925_073809.png'
rm 'charts/screenshots_nasdaq/HIMS/HIMS_4H_20260925_073809.png'
rm 'charts/screenshots_nasdaq/HIMS/HIMS_Daily_20260925_073809.png'
rm 'charts/screenshots_nasdaq/HIMS/HIMS_Monthly_20260925_073809.png'
rm 'charts/screenshots_nasdaq/HIMS/HIMS_Weekly_20260925_073809.png'
rm 'charts/screenshots_nasdaq/HIVE/HIVE_1H_20260925_071726.png'
rm 'charts/screenshots_nasdaq/HIVE/HIVE_4H_20260925_071726.png'
rm 'charts/screenshots_nasdaq/HIVE/HIVE_Daily_20260925_071726.png'
rm 'charts/screenshots_nasdaq/HIVE/HIVE_Monthly_20260925_071726.png'
rm 'charts/screenshots_nasdaq/HIVE/HIVE_Weekly_20260925_071726.png'
rm 'charts/screenshots_nasdaq/HPE/HPE_1H_20260925_072358.png'
rm 'charts/screenshots_nasdaq/HPE/HPE_4H_20260925_072358.png'
rm 'charts/screenshots_nasdaq/HPE/HPE_Daily_20260925_072358.png'
rm 'charts/screenshots_nasdaq/HPE/HPE_Monthly_20260925_072358.png'
rm 'charts/screenshots_nasdaq/HPE/HPE_Weekly_20260925_072358.png'
rm 'charts/screenshots_nasdaq/HYMC/HYMC_1H_20260925_081129.png'
rm 'charts/screenshots_nasdaq/HYMC/HYMC_4H_20260925_081129.png'
rm 'charts/screenshots_nasdaq/HYMC/HYMC_Daily_20260925_081129.png'
rm 'charts/screenshots_nasdaq/HYMC/HYMC_Monthly_20260925_081129.png'
rm 'charts/screenshots_nasdaq/HYMC/HYMC_Weekly_20260925_081129.png'
rm 'charts/screenshots_nasdaq/ILMN/ILMN_1H_20260925_073914.png'
rm 'charts/screenshots_nasdaq/ILMN/ILMN_4H_20260925_073914.png'
rm 'charts/screenshots_nasdaq/ILMN/ILMN_Daily_20260925_073914.png'
rm 'charts/screenshots_nasdaq/ILMN/ILMN_Monthly_20260925_073914.png'
rm 'charts/screenshots_nasdaq/ILMN/ILMN_Weekly_20260925_073914.png'
rm 'charts/screenshots_nasdaq/INSP/INSP_1H_20260925_072009.png'
rm 'charts/screenshots_nasdaq/INSP/INSP_4H_20260925_072009.png'
rm 'charts/screenshots_nasdaq/INSP/INSP_Daily_20260925_072009.png'
rm 'charts/screenshots_nasdaq/INSP/INSP_Monthly_20260925_072009.png'
rm 'charts/screenshots_nasdaq/INSP/INSP_Weekly_20260925_072009.png'
rm 'charts/screenshots_nasdaq/IOVA/IOVA_1H_20260925_072609.png'
rm 'charts/screenshots_nasdaq/IOVA/IOVA_4H_20260925_072609.png'
rm 'charts/screenshots_nasdaq/IOVA/IOVA_Daily_20260925_072609.png'
rm 'charts/screenshots_nasdaq/IOVA/IOVA_Monthly_20260925_072609.png'
rm 'charts/screenshots_nasdaq/IOVA/IOVA_Weekly_20260925_072609.png'
rm 'charts/screenshots_nasdaq/JOBY/JOBY_1H_20260925_080709.png'
rm 'charts/screenshots_nasdaq/JOBY/JOBY_4H_20260925_080709.png'
rm 'charts/screenshots_nasdaq/JOBY/JOBY_Daily_20260925_080709.png'
rm 'charts/screenshots_nasdaq/JOBY/JOBY_Monthly_20260925_080709.png'
rm 'charts/screenshots_nasdaq/JOBY/JOBY_Weekly_20260925_080709.png'
rm 'charts/screenshots_nasdaq/KLAR/KLAR_1H_20260925_074444.png'
rm 'charts/screenshots_nasdaq/KLAR/KLAR_4H_20260925_074444.png'
rm 'charts/screenshots_nasdaq/KLAR/KLAR_Daily_20260925_074444.png'
rm 'charts/screenshots_nasdaq/KLAR/KLAR_Monthly_20260925_074444.png'
rm 'charts/screenshots_nasdaq/KLAR/KLAR_Weekly_20260925_074444.png'
rm 'charts/screenshots_nasdaq/KRMN/KRMN_1H_20260925_074549.png'
rm 'charts/screenshots_nasdaq/KRMN/KRMN_4H_20260925_074549.png'
rm 'charts/screenshots_nasdaq/KRMN/KRMN_Daily_20260925_074549.png'
rm 'charts/screenshots_nasdaq/KRMN/KRMN_Monthly_20260925_074549.png'
rm 'charts/screenshots_nasdaq/KRMN/KRMN_Weekly_20260925_074549.png'
rm 'charts/screenshots_nasdaq/KTOS/KTOS_1H_20260925_075012.png'
rm 'charts/screenshots_nasdaq/KTOS/KTOS_4H_20260925_075012.png'
rm 'charts/screenshots_nasdaq/KTOS/KTOS_Daily_20260925_075012.png'
rm 'charts/screenshots_nasdaq/KTOS/KTOS_Monthly_20260925_075012.png'
rm 'charts/screenshots_nasdaq/KTOS/KTOS_Weekly_20260925_075012.png'
rm 'charts/screenshots_nasdaq/KVYO/KVYO_1H_20260925_081804.png'
rm 'charts/screenshots_nasdaq/KVYO/KVYO_4H_20260925_081804.png'
rm 'charts/screenshots_nasdaq/KVYO/KVYO_Daily_20260925_081804.png'
rm 'charts/screenshots_nasdaq/KVYO/KVYO_Monthly_20260925_081804.png'
rm 'charts/screenshots_nasdaq/KVYO/KVYO_Weekly_20260925_081804.png'
rm 'charts/screenshots_nasdaq/LAC/LAC_1H_20260925_081202.png'
rm 'charts/screenshots_nasdaq/LAC/LAC_4H_20260925_081202.png'
rm 'charts/screenshots_nasdaq/LAC/LAC_Daily_20260925_081202.png'
rm 'charts/screenshots_nasdaq/LAC/LAC_Monthly_20260925_081202.png'
rm 'charts/screenshots_nasdaq/LAC/LAC_Weekly_20260925_081202.png'
rm 'charts/screenshots_nasdaq/LI/LI_1H_20260925_081837.png'
rm 'charts/screenshots_nasdaq/LI/LI_4H_20260925_081837.png'
rm 'charts/screenshots_nasdaq/LI/LI_Daily_20260925_081837.png'
rm 'charts/screenshots_nasdaq/LI/LI_Monthly_20260925_081837.png'
rm 'charts/screenshots_nasdaq/LI/LI_Weekly_20260925_081837.png'
rm 'charts/screenshots_nasdaq/LIF/LIF_1H_20260925_081235.png'
rm 'charts/screenshots_nasdaq/LIF/LIF_4H_20260925_081235.png'
rm 'charts/screenshots_nasdaq/LIF/LIF_Daily_20260925_081235.png'
rm 'charts/screenshots_nasdaq/LIF/LIF_Monthly_20260925_081235.png'
rm 'charts/screenshots_nasdaq/LIF/LIF_Weekly_20260925_081235.png'
rm 'charts/screenshots_nasdaq/LMND/LMND_1H_20260925_074801.png'
rm 'charts/screenshots_nasdaq/LMND/LMND_4H_20260925_074801.png'
rm 'charts/screenshots_nasdaq/LMND/LMND_Daily_20260925_074801.png'
rm 'charts/screenshots_nasdaq/LMND/LMND_Monthly_20260925_074801.png'
rm 'charts/screenshots_nasdaq/LMND/LMND_Weekly_20260925_074801.png'
rm 'charts/screenshots_nasdaq/LULU/LULU_1H_20260925_080425.png'
rm 'charts/screenshots_nasdaq/LULU/LULU_4H_20260925_080425.png'
rm 'charts/screenshots_nasdaq/LULU/LULU_Daily_20260925_080425.png'
rm 'charts/screenshots_nasdaq/LULU/LULU_Monthly_20260925_080425.png'
rm 'charts/screenshots_nasdaq/LULU/LULU_Weekly_20260925_080425.png'
rm 'charts/screenshots_nasdaq/LUMN/LUMN_1H_20260925_080741.png'
rm 'charts/screenshots_nasdaq/LUMN/LUMN_4H_20260925_080741.png'
rm 'charts/screenshots_nasdaq/LUMN/LUMN_Daily_20260925_080741.png'
rm 'charts/screenshots_nasdaq/LUMN/LUMN_Monthly_20260925_080741.png'
rm 'charts/screenshots_nasdaq/LUMN/LUMN_Weekly_20260925_080741.png'
rm 'charts/screenshots_nasdaq/MBLY/MBLY_1H_20260925_075255.png'
rm 'charts/screenshots_nasdaq/MBLY/MBLY_4H_20260925_075255.png'
rm 'charts/screenshots_nasdaq/MBLY/MBLY_Daily_20260925_075255.png'
rm 'charts/screenshots_nasdaq/MBLY/MBLY_Monthly_20260925_075255.png'
rm 'charts/screenshots_nasdaq/MBLY/MBLY_Weekly_20260925_075255.png'
rm 'charts/screenshots_nasdaq/MEDS/MEDS_1H_20260925_073419.png'
rm 'charts/screenshots_nasdaq/MEDS/MEDS_4H_20260925_073419.png'
rm 'charts/screenshots_nasdaq/MEDS/MEDS_Daily_20260925_073419.png'
rm 'charts/screenshots_nasdaq/MEDS/MEDS_Monthly_20260925_073419.png'
rm 'charts/screenshots_nasdaq/MEDS/MEDS_Weekly_20260925_073419.png'
rm 'charts/screenshots_nasdaq/META/META_1H_20260925_071831.png'
rm 'charts/screenshots_nasdaq/META/META_4H_20260925_071831.png'
rm 'charts/screenshots_nasdaq/META/META_Daily_20260925_071831.png'
rm 'charts/screenshots_nasdaq/META/META_Monthly_20260925_071831.png'
rm 'charts/screenshots_nasdaq/META/META_Weekly_20260925_071831.png'
rm 'charts/screenshots_nasdaq/MMYT/MMYT_1H_20260925_073524.png'
rm 'charts/screenshots_nasdaq/MMYT/MMYT_4H_20260925_073524.png'
rm 'charts/screenshots_nasdaq/MMYT/MMYT_Daily_20260925_073524.png'
rm 'charts/screenshots_nasdaq/MMYT/MMYT_Monthly_20260925_073524.png'
rm 'charts/screenshots_nasdaq/MMYT/MMYT_Weekly_20260925_073524.png'
rm 'charts/screenshots_nasdaq/MNDY/MNDY_1H_20260925_074127.png'
rm 'charts/screenshots_nasdaq/MNDY/MNDY_4H_20260925_074127.png'
rm 'charts/screenshots_nasdaq/MNDY/MNDY_Daily_20260925_074127.png'
rm 'charts/screenshots_nasdaq/MNDY/MNDY_Monthly_20260925_074127.png'
rm 'charts/screenshots_nasdaq/MNDY/MNDY_Weekly_20260925_074127.png'
rm 'charts/screenshots_nasdaq/MP/MP_1H_20260925_081307.png'
rm 'charts/screenshots_nasdaq/MP/MP_4H_20260925_081307.png'
rm 'charts/screenshots_nasdaq/MP/MP_Daily_20260925_081307.png'
rm 'charts/screenshots_nasdaq/MP/MP_Monthly_20260925_081307.png'
rm 'charts/screenshots_nasdaq/MP/MP_Weekly_20260925_081307.png'
rm 'charts/screenshots_nasdaq/MRNA/MRNA_1H_20260925_073736.png'
rm 'charts/screenshots_nasdaq/MRNA/MRNA_4H_20260925_073736.png'
rm 'charts/screenshots_nasdaq/MRNA/MRNA_Daily_20260925_073736.png'
rm 'charts/screenshots_nasdaq/MRNA/MRNA_Monthly_20260925_073736.png'
rm 'charts/screenshots_nasdaq/MRNA/MRNA_Weekly_20260925_073736.png'
rm 'charts/screenshots_nasdaq/MSTR/MSTR_1H_20260925_073209.png'
rm 'charts/screenshots_nasdaq/MSTR/MSTR_4H_20260925_073209.png'
rm 'charts/screenshots_nasdaq/MSTR/MSTR_Daily_20260925_073209.png'
rm 'charts/screenshots_nasdaq/MSTR/MSTR_Monthly_20260925_073209.png'
rm 'charts/screenshots_nasdaq/MSTR/MSTR_Weekly_20260925_073209.png'
rm 'charts/screenshots_nasdaq/MTZ/MTZ_1H_20260925_080212.png'
rm 'charts/screenshots_nasdaq/MTZ/MTZ_4H_20260925_080212.png'
rm 'charts/screenshots_nasdaq/MTZ/MTZ_Daily_20260925_080212.png'
rm 'charts/screenshots_nasdaq/MTZ/MTZ_Monthly_20260925_080212.png'
rm 'charts/screenshots_nasdaq/MTZ/MTZ_Weekly_20260925_080212.png'
rm 'charts/screenshots_nasdaq/NCPL/NCPL_1H_20260925_072925.png'
rm 'charts/screenshots_nasdaq/NCPL/NCPL_4H_20260925_072925.png'
rm 'charts/screenshots_nasdaq/NCPL/NCPL_Daily_20260925_072925.png'
rm 'charts/screenshots_nasdaq/NCPL/NCPL_Monthly_20260925_072925.png'
rm 'charts/screenshots_nasdaq/NCPL/NCPL_Weekly_20260925_072925.png'
rm 'charts/screenshots_nasdaq/NEOG/NEOG_1H_20260925_071759.png'
rm 'charts/screenshots_nasdaq/NEOG/NEOG_4H_20260925_071759.png'
rm 'charts/screenshots_nasdaq/NEOG/NEOG_Daily_20260925_071759.png'
rm 'charts/screenshots_nasdaq/NEOG/NEOG_Monthly_20260925_071759.png'
rm 'charts/screenshots_nasdaq/NEOG/NEOG_Weekly_20260925_071759.png'
rm 'charts/screenshots_nasdaq/NET/NET_1H_20260925_073241.png'
rm 'charts/screenshots_nasdaq/NET/NET_4H_20260925_073241.png'
rm 'charts/screenshots_nasdaq/NET/NET_Daily_20260925_073241.png'
rm 'charts/screenshots_nasdaq/NET/NET_Monthly_20260925_073241.png'
rm 'charts/screenshots_nasdaq/NET/NET_Weekly_20260925_073241.png'
rm 'charts/screenshots_nasdaq/NKE/NKE_1H_20260925_074833.png'
rm 'charts/screenshots_nasdaq/NKE/NKE_4H_20260925_074833.png'
rm 'charts/screenshots_nasdaq/NKE/NKE_Daily_20260925_074833.png'
rm 'charts/screenshots_nasdaq/NKE/NKE_Monthly_20260925_074833.png'
rm 'charts/screenshots_nasdaq/NKE/NKE_Weekly_20260925_074833.png'
rm 'charts/screenshots_nasdaq/NTRA/NTRA_1H_20260925_071936.png'
rm 'charts/screenshots_nasdaq/NTRA/NTRA_4H_20260925_071936.png'
rm 'charts/screenshots_nasdaq/NTRA/NTRA_Daily_20260925_071936.png'
rm 'charts/screenshots_nasdaq/NTRA/NTRA_Monthly_20260925_071936.png'
rm 'charts/screenshots_nasdaq/NTRA/NTRA_Weekly_20260925_071936.png'
rm 'charts/screenshots_nasdaq/ODD/ODD_1H_20260925_073703.png'
rm 'charts/screenshots_nasdaq/ODD/ODD_4H_20260925_073703.png'
rm 'charts/screenshots_nasdaq/ODD/ODD_Daily_20260925_073703.png'
rm 'charts/screenshots_nasdaq/ODD/ODD_Monthly_20260925_073703.png'
rm 'charts/screenshots_nasdaq/ODD/ODD_Weekly_20260925_073703.png'
rm 'charts/screenshots_nasdaq/OKLO/OKLO_1H_20260925_081909.png'
rm 'charts/screenshots_nasdaq/OKLO/OKLO_4H_20260925_081909.png'
rm 'charts/screenshots_nasdaq/OKLO/OKLO_Daily_20260925_081909.png'
rm 'charts/screenshots_nasdaq/OKLO/OKLO_Monthly_20260925_081909.png'
rm 'charts/screenshots_nasdaq/OKLO/OKLO_Weekly_20260925_081909.png'
rm 'charts/screenshots_nasdaq/OKTA/OKTA_1H_20260925_072715.png'
rm 'charts/screenshots_nasdaq/OKTA/OKTA_4H_20260925_072715.png'
rm 'charts/screenshots_nasdaq/OKTA/OKTA_Daily_20260925_072715.png'
rm 'charts/screenshots_nasdaq/OKTA/OKTA_Monthly_20260925_072715.png'
rm 'charts/screenshots_nasdaq/OKTA/OKTA_Weekly_20260925_072715.png'
rm 'charts/screenshots_nasdaq/OPEN/OPEN_1H_20260925_075507.png'
rm 'charts/screenshots_nasdaq/OPEN/OPEN_4H_20260925_075507.png'
rm 'charts/screenshots_nasdaq/OPEN/OPEN_Daily_20260925_075507.png'
rm 'charts/screenshots_nasdaq/OPEN/OPEN_Monthly_20260925_075507.png'
rm 'charts/screenshots_nasdaq/OPEN/OPEN_Weekly_20260925_075507.png'
rm 'charts/screenshots_nasdaq/ORCL/ORCL_1H_20260925_080458.png'
rm 'charts/screenshots_nasdaq/ORCL/ORCL_4H_20260925_080458.png'
rm 'charts/screenshots_nasdaq/ORCL/ORCL_Daily_20260925_080458.png'
rm 'charts/screenshots_nasdaq/ORCL/ORCL_Monthly_20260925_080458.png'
rm 'charts/screenshots_nasdaq/ORCL/ORCL_Weekly_20260925_080458.png'
rm 'charts/screenshots_nasdaq/PATK/PATK_1H_20260925_075540.png'
rm 'charts/screenshots_nasdaq/PATK/PATK_4H_20260925_075540.png'
rm 'charts/screenshots_nasdaq/PATK/PATK_Daily_20260925_075540.png'
rm 'charts/screenshots_nasdaq/PATK/PATK_Monthly_20260925_075540.png'
rm 'charts/screenshots_nasdaq/PATK/PATK_Weekly_20260925_075540.png'
rm 'charts/screenshots_nasdaq/PL/PL_1H_20260925_074411.png'
rm 'charts/screenshots_nasdaq/PL/PL_4H_20260925_074411.png'
rm 'charts/screenshots_nasdaq/PL/PL_Daily_20260925_074411.png'
rm 'charts/screenshots_nasdaq/PL/PL_Monthly_20260925_074411.png'
rm 'charts/screenshots_nasdaq/PL/PL_Weekly_20260925_074411.png'
rm 'charts/screenshots_nasdaq/PNR/PNR_1H_20260925_075612.png'
rm 'charts/screenshots_nasdaq/PNR/PNR_4H_20260925_075612.png'
rm 'charts/screenshots_nasdaq/PNR/PNR_Daily_20260925_075612.png'
rm 'charts/screenshots_nasdaq/PNR/PNR_Monthly_20260925_075612.png'
rm 'charts/screenshots_nasdaq/PNR/PNR_Weekly_20260925_075612.png'
rm 'charts/screenshots_nasdaq/PODD/PODD_1H_20260925_081340.png'
rm 'charts/screenshots_nasdaq/PODD/PODD_4H_20260925_081340.png'
rm 'charts/screenshots_nasdaq/PODD/PODD_Daily_20260925_081340.png'
rm 'charts/screenshots_nasdaq/PODD/PODD_Monthly_20260925_081340.png'
rm 'charts/screenshots_nasdaq/PODD/PODD_Weekly_20260925_081340.png'
rm 'charts/screenshots_nasdaq/PZZA/PZZA_1H_20260925_075645.png'
rm 'charts/screenshots_nasdaq/PZZA/PZZA_4H_20260925_075645.png'
rm 'charts/screenshots_nasdaq/PZZA/PZZA_Daily_20260925_075645.png'
rm 'charts/screenshots_nasdaq/PZZA/PZZA_Monthly_20260925_075645.png'
rm 'charts/screenshots_nasdaq/PZZA/PZZA_Weekly_20260925_075645.png'
rm 'charts/screenshots_nasdaq/QMCO/QMCO_1H_20260925_071653.png'
rm 'charts/screenshots_nasdaq/QMCO/QMCO_4H_20260925_071653.png'
rm 'charts/screenshots_nasdaq/QMCO/QMCO_Daily_20260925_071653.png'
rm 'charts/screenshots_nasdaq/QMCO/QMCO_Monthly_20260925_071653.png'
rm 'charts/screenshots_nasdaq/QMCO/QMCO_Weekly_20260925_071653.png'
rm 'charts/screenshots_nasdaq/QS/QS_1H_20260925_080814.png'
rm 'charts/screenshots_nasdaq/QS/QS_4H_20260925_080814.png'
rm 'charts/screenshots_nasdaq/QS/QS_Daily_20260925_080814.png'
rm 'charts/screenshots_nasdaq/QS/QS_Monthly_20260925_080814.png'
rm 'charts/screenshots_nasdaq/QS/QS_Weekly_20260925_080814.png'
rm 'charts/screenshots_nasdaq/QXO/QXO_1H_20260925_080530.png'
rm 'charts/screenshots_nasdaq/QXO/QXO_4H_20260925_080530.png'
rm 'charts/screenshots_nasdaq/QXO/QXO_Daily_20260925_080530.png'
rm 'charts/screenshots_nasdaq/QXO/QXO_Monthly_20260925_080530.png'
rm 'charts/screenshots_nasdaq/QXO/QXO_Weekly_20260925_080530.png'
rm 'charts/screenshots_nasdaq/RBLX/RBLX_1H_20260925_073557.png'
rm 'charts/screenshots_nasdaq/RBLX/RBLX_4H_20260925_073557.png'
rm 'charts/screenshots_nasdaq/RBLX/RBLX_Daily_20260925_073557.png'
rm 'charts/screenshots_nasdaq/RBLX/RBLX_Monthly_20260925_073557.png'
rm 'charts/screenshots_nasdaq/RBLX/RBLX_Weekly_20260925_073557.png'
rm 'charts/screenshots_nasdaq/RBRK/RBRK_1H_20260925_072431.png'
rm 'charts/screenshots_nasdaq/RBRK/RBRK_4H_20260925_072431.png'
rm 'charts/screenshots_nasdaq/RBRK/RBRK_Daily_20260925_072431.png'
rm 'charts/screenshots_nasdaq/RBRK/RBRK_Monthly_20260925_072431.png'
rm 'charts/screenshots_nasdaq/RBRK/RBRK_Weekly_20260925_072431.png'
rm 'charts/screenshots_nasdaq/RNG/RNG_1H_20260925_072642.png'
rm 'charts/screenshots_nasdaq/RNG/RNG_4H_20260925_072642.png'
rm 'charts/screenshots_nasdaq/RNG/RNG_Daily_20260925_072642.png'
rm 'charts/screenshots_nasdaq/RNG/RNG_Monthly_20260925_072642.png'
rm 'charts/screenshots_nasdaq/RNG/RNG_Weekly_20260925_072642.png'
rm 'charts/screenshots_nasdaq/RVTY/RVTY_1H_20260925_071515.png'
rm 'charts/screenshots_nasdaq/RVTY/RVTY_4H_20260925_071515.png'
rm 'charts/screenshots_nasdaq/RVTY/RVTY_Daily_20260925_071515.png'
rm 'charts/screenshots_nasdaq/RVTY/RVTY_Monthly_20260925_071515.png'
rm 'charts/screenshots_nasdaq/RVTY/RVTY_Weekly_20260925_071515.png'
rm 'charts/screenshots_nasdaq/S/S_1H_20260925_072504.png'
rm 'charts/screenshots_nasdaq/S/S_4H_20260925_072504.png'
rm 'charts/screenshots_nasdaq/S/S_Daily_20260925_072504.png'
rm 'charts/screenshots_nasdaq/S/S_Monthly_20260925_072504.png'
rm 'charts/screenshots_nasdaq/S/S_Weekly_20260925_072504.png'
rm 'charts/screenshots_nasdaq/SDGR/SDGR_1H_20260925_072747.png'
rm 'charts/screenshots_nasdaq/SDGR/SDGR_4H_20260925_072747.png'
rm 'charts/screenshots_nasdaq/SDGR/SDGR_Daily_20260925_072747.png'
rm 'charts/screenshots_nasdaq/SDGR/SDGR_Monthly_20260925_072747.png'
rm 'charts/screenshots_nasdaq/SDGR/SDGR_Weekly_20260925_072747.png'
rm 'charts/screenshots_nasdaq/SEDG/SEDG_1H_20260925_081942.png'
rm 'charts/screenshots_nasdaq/SEDG/SEDG_4H_20260925_081942.png'
rm 'charts/screenshots_nasdaq/SEDG/SEDG_Daily_20260925_081942.png'
rm 'charts/screenshots_nasdaq/SEDG/SEDG_Monthly_20260925_081942.png'
rm 'charts/screenshots_nasdaq/SEDG/SEDG_Weekly_20260925_081942.png'
rm 'charts/screenshots_nasdaq/SMPL/SMPL_1H_20260925_081413.png'
rm 'charts/screenshots_nasdaq/SMPL/SMPL_4H_20260925_081413.png'
rm 'charts/screenshots_nasdaq/SMPL/SMPL_Daily_20260925_081413.png'
rm 'charts/screenshots_nasdaq/SMPL/SMPL_Monthly_20260925_081413.png'
rm 'charts/screenshots_nasdaq/SMPL/SMPL_Weekly_20260925_081413.png'
rm 'charts/screenshots_nasdaq/SMR/SMR_1H_20260925_081446.png'
rm 'charts/screenshots_nasdaq/SMR/SMR_4H_20260925_081446.png'
rm 'charts/screenshots_nasdaq/SMR/SMR_Daily_20260925_081446.png'
rm 'charts/screenshots_nasdaq/SMR/SMR_Monthly_20260925_081446.png'
rm 'charts/screenshots_nasdaq/SMR/SMR_Weekly_20260925_081446.png'
rm 'charts/screenshots_nasdaq/SOUN/SOUN_1H_20260925_081519.png'
rm 'charts/screenshots_nasdaq/SOUN/SOUN_4H_20260925_081519.png'
rm 'charts/screenshots_nasdaq/SOUN/SOUN_Daily_20260925_081519.png'
rm 'charts/screenshots_nasdaq/SOUN/SOUN_Monthly_20260925_081519.png'
rm 'charts/screenshots_nasdaq/SOUN/SOUN_Weekly_20260925_081519.png'
rm 'charts/screenshots_nasdaq/SUNE/SUNE_1H_20260925_074020.png'
rm 'charts/screenshots_nasdaq/SUNE/SUNE_4H_20260925_074020.png'
rm 'charts/screenshots_nasdaq/SUNE/SUNE_Daily_20260925_074020.png'
rm 'charts/screenshots_nasdaq/SUNE/SUNE_Monthly_20260925_074020.png'
rm 'charts/screenshots_nasdaq/SUNE/SUNE_Weekly_20260925_074020.png'
rm 'charts/screenshots_nasdaq/TH/TH_1H_20260925_072537.png'
rm 'charts/screenshots_nasdaq/TH/TH_4H_20260925_072537.png'
rm 'charts/screenshots_nasdaq/TH/TH_Daily_20260925_072537.png'
rm 'charts/screenshots_nasdaq/TH/TH_Monthly_20260925_072537.png'
rm 'charts/screenshots_nasdaq/TH/TH_Weekly_20260925_072537.png'
rm 'charts/screenshots_nasdaq/TPB/TPB_1H_20260925_074622.png'
rm 'charts/screenshots_nasdaq/TPB/TPB_4H_20260925_074622.png'
rm 'charts/screenshots_nasdaq/TPB/TPB_Daily_20260925_074622.png'
rm 'charts/screenshots_nasdaq/TPB/TPB_Monthly_20260925_074622.png'
rm 'charts/screenshots_nasdaq/TPB/TPB_Weekly_20260925_074622.png'
rm 'charts/screenshots_nasdaq/TRIP/TRIP_1H_20260925_074906.png'
rm 'charts/screenshots_nasdaq/TRIP/TRIP_4H_20260925_074906.png'
rm 'charts/screenshots_nasdaq/TRIP/TRIP_Daily_20260925_074906.png'
rm 'charts/screenshots_nasdaq/TRIP/TRIP_Monthly_20260925_074906.png'
rm 'charts/screenshots_nasdaq/TRIP/TRIP_Weekly_20260925_074906.png'
rm 'charts/screenshots_nasdaq/TWLO/TWLO_1H_20260925_072253.png'
rm 'charts/screenshots_nasdaq/TWLO/TWLO_4H_20260925_072253.png'
rm 'charts/screenshots_nasdaq/TWLO/TWLO_Daily_20260925_072253.png'
rm 'charts/screenshots_nasdaq/TWLO/TWLO_Monthly_20260925_072253.png'
rm 'charts/screenshots_nasdaq/TWLO/TWLO_Weekly_20260925_072253.png'
rm 'charts/screenshots_nasdaq/TWST/TWST_1H_20260925_071620.png'
rm 'charts/screenshots_nasdaq/TWST/TWST_4H_20260925_071620.png'
rm 'charts/screenshots_nasdaq/TWST/TWST_Daily_20260925_071620.png'
rm 'charts/screenshots_nasdaq/TWST/TWST_Monthly_20260925_071620.png'
rm 'charts/screenshots_nasdaq/TWST/TWST_Weekly_20260925_071620.png'
rm 'charts/screenshots_nasdaq/TXG/TXG_1H_20260925_071547.png'
rm 'charts/screenshots_nasdaq/TXG/TXG_4H_20260925_071547.png'
rm 'charts/screenshots_nasdaq/TXG/TXG_Daily_20260925_071547.png'
rm 'charts/screenshots_nasdaq/TXG/TXG_Monthly_20260925_071547.png'
rm 'charts/screenshots_nasdaq/TXG/TXG_Weekly_20260925_071547.png'
rm 'charts/screenshots_nasdaq/UAMY/UAMY_1H_20260925_081552.png'
rm 'charts/screenshots_nasdaq/UAMY/UAMY_4H_20260925_081552.png'
rm 'charts/screenshots_nasdaq/UAMY/UAMY_Daily_20260925_081552.png'
rm 'charts/screenshots_nasdaq/UAMY/UAMY_Monthly_20260925_081552.png'
rm 'charts/screenshots_nasdaq/UAMY/UAMY_Weekly_20260925_081552.png'
rm 'charts/screenshots_nasdaq/UEC/UEC_1H_20260925_075717.png'
rm 'charts/screenshots_nasdaq/UEC/UEC_4H_20260925_075717.png'
rm 'charts/screenshots_nasdaq/UEC/UEC_Daily_20260925_075717.png'
rm 'charts/screenshots_nasdaq/UEC/UEC_Monthly_20260925_075717.png'
rm 'charts/screenshots_nasdaq/UEC/UEC_Weekly_20260925_075717.png'
rm 'charts/screenshots_nasdaq/UGP/UGP_1H_20260925_072114.png'
rm 'charts/screenshots_nasdaq/UGP/UGP_4H_20260925_072114.png'
rm 'charts/screenshots_nasdaq/UGP/UGP_Daily_20260925_072114.png'
rm 'charts/screenshots_nasdaq/UGP/UGP_Monthly_20260925_072114.png'
rm 'charts/screenshots_nasdaq/UGP/UGP_Weekly_20260925_072114.png'
rm 'charts/screenshots_nasdaq/UPST/UPST_1H_20260925_075750.png'
rm 'charts/screenshots_nasdaq/UPST/UPST_4H_20260925_075750.png'
rm 'charts/screenshots_nasdaq/UPST/UPST_Daily_20260925_075750.png'
rm 'charts/screenshots_nasdaq/UPST/UPST_Monthly_20260925_075750.png'
rm 'charts/screenshots_nasdaq/UPST/UPST_Weekly_20260925_075750.png'
rm 'charts/screenshots_nasdaq/USAR/USAR_1H_20260925_081625.png'
rm 'charts/screenshots_nasdaq/USAR/USAR_4H_20260925_081625.png'
rm 'charts/screenshots_nasdaq/USAR/USAR_Daily_20260925_081625.png'
rm 'charts/screenshots_nasdaq/USAR/USAR_Monthly_20260925_081625.png'
rm 'charts/screenshots_nasdaq/USAR/USAR_Weekly_20260925_081625.png'
rm 'charts/screenshots_nasdaq/UTI/UTI_1H_20260925_080245.png'
rm 'charts/screenshots_nasdaq/UTI/UTI_4H_20260925_080245.png'
rm 'charts/screenshots_nasdaq/UTI/UTI_Daily_20260925_080245.png'
rm 'charts/screenshots_nasdaq/UTI/UTI_Monthly_20260925_080245.png'
rm 'charts/screenshots_nasdaq/UTI/UTI_Weekly_20260925_080245.png'
rm 'charts/screenshots_nasdaq/UUUU/UUUU_1H_20260925_080847.png'
rm 'charts/screenshots_nasdaq/UUUU/UUUU_4H_20260925_080847.png'
rm 'charts/screenshots_nasdaq/UUUU/UUUU_Daily_20260925_080847.png'
rm 'charts/screenshots_nasdaq/UUUU/UUUU_Monthly_20260925_080847.png'
rm 'charts/screenshots_nasdaq/UUUU/UUUU_Weekly_20260925_080847.png'
rm 'charts/screenshots_nasdaq/VOR/VOR_1H_20260925_073347.png'
rm 'charts/screenshots_nasdaq/VOR/VOR_4H_20260925_073347.png'
rm 'charts/screenshots_nasdaq/VOR/VOR_Daily_20260925_073347.png'
rm 'charts/screenshots_nasdaq/VOR/VOR_Monthly_20260925_073347.png'
rm 'charts/screenshots_nasdaq/VOR/VOR_Weekly_20260925_073347.png'
rm 'charts/screenshots_nasdaq/VRRM/VRRM_1H_20260925_075328.png'
rm 'charts/screenshots_nasdaq/VRRM/VRRM_4H_20260925_075328.png'
rm 'charts/screenshots_nasdaq/VRRM/VRRM_Daily_20260925_075328.png'
rm 'charts/screenshots_nasdaq/VRRM/VRRM_Monthly_20260925_075328.png'
rm 'charts/screenshots_nasdaq/VRRM/VRRM_Weekly_20260925_075328.png'
rm 'charts/screenshots_nasdaq/WETO/WETO_1H_20260925_080318.png'
rm 'charts/screenshots_nasdaq/WETO/WETO_4H_20260925_080318.png'
rm 'charts/screenshots_nasdaq/WETO/WETO_Daily_20260925_080318.png'
rm 'charts/screenshots_nasdaq/WETO/WETO_Monthly_20260925_080318.png'
rm 'charts/screenshots_nasdaq/WETO/WETO_Weekly_20260925_080318.png'
rm 'charts/screenshots_nasdaq/WHR/WHR_1H_20260925_080352.png'
rm 'charts/screenshots_nasdaq/WHR/WHR_4H_20260925_080352.png'
rm 'charts/screenshots_nasdaq/WHR/WHR_Daily_20260925_080352.png'
rm 'charts/screenshots_nasdaq/WHR/WHR_Monthly_20260925_080352.png'
rm 'charts/screenshots_nasdaq/WHR/WHR_Weekly_20260925_080352.png'
rm 'charts/screenshots_nasdaq/WIX/WIX_1H_20260925_073630.png'
rm 'charts/screenshots_nasdaq/WIX/WIX_4H_20260925_073630.png'
rm 'charts/screenshots_nasdaq/WIX/WIX_Daily_20260925_073630.png'
rm 'charts/screenshots_nasdaq/WIX/WIX_Monthly_20260925_073630.png'
rm 'charts/screenshots_nasdaq/WIX/WIX_Weekly_20260925_073630.png'
rm 'charts/screenshots_nasdaq/XHLD/XHLD_1H_20260925_073314.png'
rm 'charts/screenshots_nasdaq/XHLD/XHLD_4H_20260925_073314.png'
rm 'charts/screenshots_nasdaq/XHLD/XHLD_Daily_20260925_073314.png'
rm 'charts/screenshots_nasdaq/XHLD/XHLD_Monthly_20260925_073314.png'
rm 'charts/screenshots_nasdaq/XHLD/XHLD_Weekly_20260925_073314.png'
rm 'charts/screenshots_nasdaq/Z/Z_1H_20260925_075823.png'
rm 'charts/screenshots_nasdaq/Z/Z_4H_20260925_075823.png'
rm 'charts/screenshots_nasdaq/Z/Z_Daily_20260925_075823.png'
rm 'charts/screenshots_nasdaq/Z/Z_Monthly_20260925_075823.png'
rm 'charts/screenshots_nasdaq/Z/Z_Weekly_20260925_075823.png'
rm 'charts/screenshots_nasdaq/ZG/ZG_1H_20260925_075855.png'
rm 'charts/screenshots_nasdaq/ZG/ZG_4H_20260925_075855.png'
rm 'charts/screenshots_nasdaq/ZG/ZG_Daily_20260925_075855.png'
rm 'charts/screenshots_nasdaq/ZG/ZG_Monthly_20260925_075855.png'
rm 'charts/screenshots_nasdaq/ZG/ZG_Weekly_20260925_075855.png'
rm 'charts/screenshots_nasdaq/ZTS/ZTS_1H_20260925_081658.png'
rm 'charts/screenshots_nasdaq/ZTS/ZTS_4H_20260925_081658.png'
rm 'charts/screenshots_nasdaq/ZTS/ZTS_Daily_20260925_081658.png'
rm 'charts/screenshots_nasdaq/ZTS/ZTS_Monthly_20260925_081658.png'
rm 'charts/screenshots_nasdaq/ZTS/ZTS_Weekly_20260925_081658.png'
[main 6dede30] chore: update NASDAQ/NYSE chart screenshots 1790411509 [skip ci]
 1195 files changed, 0 insertions(+), 0 deletions(-)
 delete mode 100644 charts/screenshots_nasdaq/ACVA/ACVA_1H_20260925_072852.png
 create mode 100644 charts/screenshots_nasdaq/ACVA/ACVA_1H_20260926_073652.png
 delete mode 100644 charts/screenshots_nasdaq/ACVA/ACVA_4H_20260925_072852.png
 create mode 100644 charts/screenshots_nasdaq/ACVA/ACVA_4H_20260926_073652.png
 delete mode 100644 charts/screenshots_nasdaq/ACVA/ACVA_Daily_20260925_072852.png
 create mode 100644 charts/screenshots_nasdaq/ACVA/ACVA_Daily_20260926_073652.png
 delete mode 100644 charts/screenshots_nasdaq/ACVA/ACVA_Monthly_20260925_072852.png
 create mode 100644 charts/screenshots_nasdaq/ACVA/ACVA_Monthly_20260926_073652.png
 delete mode 100644 charts/screenshots_nasdaq/ACVA/ACVA_Weekly_20260925_072852.png
 create mode 100644 charts/screenshots_nasdaq/ACVA/ACVA_Weekly_20260926_073652.png
 delete mode 100644 charts/screenshots_nasdaq/ADMA/ADMA_1H_20260925_073842.png
 create mode 100644 charts/screenshots_nasdaq/ADMA/ADMA_1H_20260926_074842.png
 delete mode 100644 charts/screenshots_nasdaq/ADMA/ADMA_4H_20260925_073842.png
 create mode 100644 charts/screenshots_nasdaq/ADMA/ADMA_4H_20260926_074842.png
 delete mode 100644 charts/screenshots_nasdaq/ADMA/ADMA_Daily_20260925_073842.png
 create mode 100644 charts/screenshots_nasdaq/ADMA/ADMA_Daily_20260926_074842.png
 delete mode 100644 charts/screenshots_nasdaq/ADMA/ADMA_Monthly_20260925_073842.png
 create mode 100644 charts/screenshots_nasdaq/ADMA/ADMA_Monthly_20260926_074842.png
 delete mode 100644 charts/screenshots_nasdaq/ADMA/ADMA_Weekly_20260925_073842.png
 create mode 100644 charts/screenshots_nasdaq/ADMA/ADMA_Weekly_20260926_074842.png
 create mode 100644 charts/screenshots_nasdaq/ADPT/ADPT_1H_20260926_073028.png
 create mode 100644 charts/screenshots_nasdaq/ADPT/ADPT_4H_20260926_073028.png
 create mode 100644 charts/screenshots_nasdaq/ADPT/ADPT_Daily_20260926_073028.png
 create mode 100644 charts/screenshots_nasdaq/ADPT/ADPT_Monthly_20260926_073028.png
 create mode 100644 charts/screenshots_nasdaq/ADPT/ADPT_Weekly_20260926_073028.png
 create mode 100644 charts/screenshots_nasdaq/AEMD/AEMD_1H_20260926_074946.png
 create mode 100644 charts/screenshots_nasdaq/AEMD/AEMD_4H_20260926_074946.png
 create mode 100644 charts/screenshots_nasdaq/AEMD/AEMD_Daily_20260926_074946.png
 create mode 100644 charts/screenshots_nasdaq/AEMD/AEMD_Monthly_20260926_074946.png
 create mode 100644 charts/screenshots_nasdaq/AEMD/AEMD_Weekly_20260926_074946.png
 delete mode 100644 charts/screenshots_nasdaq/AGX/AGX_1H_20260925_075044.png
 delete mode 100644 charts/screenshots_nasdaq/AGX/AGX_4H_20260925_075044.png
 delete mode 100644 charts/screenshots_nasdaq/AGX/AGX_Daily_20260925_075044.png
 delete mode 100644 charts/screenshots_nasdaq/AGX/AGX_Monthly_20260925_075044.png
 delete mode 100644 charts/screenshots_nasdaq/AGX/AGX_Weekly_20260925_075044.png
 delete mode 100644 charts/screenshots_nasdaq/ALHC/ALHC_1H_20260925_074517.png
 create mode 100644 charts/screenshots_nasdaq/ALHC/ALHC_1H_20260926_075958.png
 delete mode 100644 charts/screenshots_nasdaq/ALHC/ALHC_4H_20260925_074517.png
 create mode 100644 charts/screenshots_nasdaq/ALHC/ALHC_4H_20260926_075958.png
 delete mode 100644 charts/screenshots_nasdaq/ALHC/ALHC_Daily_20260925_074517.png
 create mode 100644 charts/screenshots_nasdaq/ALHC/ALHC_Daily_20260926_075958.png
 delete mode 100644 charts/screenshots_nasdaq/ALHC/ALHC_Monthly_20260925_074517.png
 create mode 100644 charts/screenshots_nasdaq/ALHC/ALHC_Monthly_20260926_075958.png
 delete mode 100644 charts/screenshots_nasdaq/ALHC/ALHC_Weekly_20260925_074517.png
 create mode 100644 charts/screenshots_nasdaq/ALHC/ALHC_Weekly_20260926_075958.png
 create mode 100644 charts/screenshots_nasdaq/ALNT/ALNT_1H_20260926_073932.png
 create mode 100644 charts/screenshots_nasdaq/ALNT/ALNT_4H_20260926_073932.png
 create mode 100644 charts/screenshots_nasdaq/ALNT/ALNT_Daily_20260926_073932.png
 create mode 100644 charts/screenshots_nasdaq/ALNT/ALNT_Monthly_20260926_073932.png
 create mode 100644 charts/screenshots_nasdaq/ALNT/ALNT_Weekly_20260926_073932.png
 delete mode 100644 charts/screenshots_nasdaq/AMD/AMD_1H_20260925_073136.png
 create mode 100644 charts/screenshots_nasdaq/AMD/AMD_1H_20260926_073100.png
 delete mode 100644 charts/screenshots_nasdaq/AMD/AMD_4H_20260925_073136.png
 create mode 100644 charts/screenshots_nasdaq/AMD/AMD_4H_20260926_073100.png
 delete mode 100644 charts/screenshots_nasdaq/AMD/AMD_Daily_20260925_073136.png
 create mode 100644 charts/screenshots_nasdaq/AMD/AMD_Daily_20260926_073100.png
 delete mode 100644 charts/screenshots_nasdaq/AMD/AMD_Monthly_20260925_073136.png
 create mode 100644 charts/screenshots_nasdaq/AMD/AMD_Monthly_20260926_073100.png
 delete mode 100644 charts/screenshots_nasdaq/AMD/AMD_Weekly_20260925_073136.png
 create mode 100644 charts/screenshots_nasdaq/AMD/AMD_Weekly_20260926_073100.png
 delete mode 100644 charts/screenshots_nasdaq/APP/APP_1H_20260925_080919.png
 create mode 100644 charts/screenshots_nasdaq/APP/APP_1H_20260926_081250.png
 delete mode 100644 charts/screenshots_nasdaq/APP/APP_4H_20260925_080919.png
 create mode 100644 charts/screenshots_nasdaq/APP/APP_4H_20260926_081250.png
 delete mode 100644 charts/screenshots_nasdaq/APP/APP_Daily_20260925_080919.png
 create mode 100644 charts/screenshots_nasdaq/APP/APP_Daily_20260926_081250.png
 delete mode 100644 charts/screenshots_nasdaq/APP/APP_Monthly_20260925_080919.png
 create mode 100644 charts/screenshots_nasdaq/APP/APP_Monthly_20260926_081250.png
 delete mode 100644 charts/screenshots_nasdaq/APP/APP_Weekly_20260925_080919.png
 create mode 100644 charts/screenshots_nasdaq/APP/APP_Weekly_20260926_081250.png
 delete mode 100644 charts/screenshots_nasdaq/ARRY/ARRY_1H_20260925_074655.png
 create mode 100644 charts/screenshots_nasdaq/ARRY/ARRY_1H_20260926_080030.png
 delete mode 100644 charts/screenshots_nasdaq/ARRY/ARRY_4H_20260925_074655.png
 create mode 100644 charts/screenshots_nasdaq/ARRY/ARRY_4H_20260926_080030.png
 delete mode 100644 charts/screenshots_nasdaq/ARRY/ARRY_Daily_20260925_074655.png
 create mode 100644 charts/screenshots_nasdaq/ARRY/ARRY_Daily_20260926_080030.png
 delete mode 100644 charts/screenshots_nasdaq/ARRY/ARRY_Monthly_20260925_074655.png
 create mode 100644 charts/screenshots_nasdaq/ARRY/ARRY_Monthly_20260926_080030.png
 delete mode 100644 charts/screenshots_nasdaq/ARRY/ARRY_Weekly_20260925_074655.png
 create mode 100644 charts/screenshots_nasdaq/ARRY/ARRY_Weekly_20260926_080030.png
 delete mode 100644 charts/screenshots_nasdaq/ASX/ASX_1H_20260925_073104.png
 create mode 100644 charts/screenshots_nasdaq/ASX/ASX_1H_20260926_073444.png
 delete mode 100644 charts/screenshots_nasdaq/ASX/ASX_4H_20260925_073104.png
 create mode 100644 charts/screenshots_nasdaq/ASX/ASX_4H_20260926_073444.png
 delete mode 100644 charts/screenshots_nasdaq/ASX/ASX_Daily_20260925_073104.png
 create mode 100644 charts/screenshots_nasdaq/ASX/ASX_Daily_20260926_073444.png
 delete mode 100644 charts/screenshots_nasdaq/ASX/ASX_Monthly_20260925_073104.png
 create mode 100644 charts/screenshots_nasdaq/ASX/ASX_Monthly_20260926_073444.png
 delete mode 100644 charts/screenshots_nasdaq/ASX/ASX_Weekly_20260925_073104.png
 create mode 100644 charts/screenshots_nasdaq/ASX/ASX_Weekly_20260926_073444.png
 delete mode 100644 charts/screenshots_nasdaq/ATRC/ATRC_1H_20260925_072958.png
 delete mode 100644 charts/screenshots_nasdaq/ATRC/ATRC_4H_20260925_072958.png
 delete mode 100644 charts/screenshots_nasdaq/ATRC/ATRC_Daily_20260925_072958.png
 delete mode 100644 charts/screenshots_nasdaq/ATRC/ATRC_Monthly_20260925_072958.png
 delete mode 100644 charts/screenshots_nasdaq/ATRC/ATRC_Weekly_20260925_072958.png
 create mode 100644 charts/screenshots_nasdaq/AVT/AVT_1H_20260926_074005.png
 create mode 100644 charts/screenshots_nasdaq/AVT/AVT_4H_20260926_074005.png
 create mode 100644 charts/screenshots_nasdaq/AVT/AVT_Daily_20260926_074005.png
 create mode 100644 charts/screenshots_nasdaq/AVT/AVT_Monthly_20260926_074005.png
 create mode 100644 charts/screenshots_nasdaq/AVT/AVT_Weekly_20260926_074005.png
 delete mode 100644 charts/screenshots_nasdaq/BBAI/BBAI_1H_20260925_080952.png
 create mode 100644 charts/screenshots_nasdaq/BBAI/BBAI_1H_20260926_082303.png
 delete mode 100644 charts/screenshots_nasdaq/BBAI/BBAI_4H_20260925_080952.png
 create mode 100644 charts/screenshots_nasdaq/BBAI/BBAI_4H_20260926_082303.png
 delete mode 100644 charts/screenshots_nasdaq/BBAI/BBAI_Daily_20260925_080952.png
 create mode 100644 charts/screenshots_nasdaq/BBAI/BBAI_Daily_20260926_082303.png
 delete mode 100644 charts/screenshots_nasdaq/BBAI/BBAI_Monthly_20260925_080952.png
 create mode 100644 charts/screenshots_nasdaq/BBAI/BBAI_Monthly_20260926_082303.png
 delete mode 100644 charts/screenshots_nasdaq/BBAI/BBAI_Weekly_20260925_080952.png
 create mode 100644 charts/screenshots_nasdaq/BBAI/BBAI_Weekly_20260926_082303.png
 delete mode 100644 charts/screenshots_nasdaq/BBW/BBW_1H_20260925_075928.png
 delete mode 100644 charts/screenshots_nasdaq/BBW/BBW_4H_20260925_075928.png
 delete mode 100644 charts/screenshots_nasdaq/BBW/BBW_Daily_20260925_075928.png
 delete mode 100644 charts/screenshots_nasdaq/BBW/BBW_Monthly_20260925_075928.png
 delete mode 100644 charts/screenshots_nasdaq/BBW/BBW_Weekly_20260925_075928.png
 delete mode 100644 charts/screenshots_nasdaq/BL/BL_1H_20260925_081732.png
 delete mode 100644 charts/screenshots_nasdaq/BL/BL_4H_20260925_081732.png
 delete mode 100644 charts/screenshots_nasdaq/BL/BL_Daily_20260925_081732.png
 delete mode 100644 charts/screenshots_nasdaq/BL/BL_Monthly_20260925_081732.png
 delete mode 100644 charts/screenshots_nasdaq/BL/BL_Weekly_20260925_081732.png
 delete mode 100644 charts/screenshots_nasdaq/BLDR/BLDR_1H_20260925_080001.png
 delete mode 100644 charts/screenshots_nasdaq/BLDR/BLDR_4H_20260925_080001.png
 delete mode 100644 charts/screenshots_nasdaq/BLDR/BLDR_Daily_20260925_080001.png
 delete mode 100644 charts/screenshots_nasdaq/BLDR/BLDR_Monthly_20260925_080001.png
 delete mode 100644 charts/screenshots_nasdaq/BLDR/BLDR_Weekly_20260925_080001.png
 delete mode 100644 charts/screenshots_nasdaq/BMNR/BMNR_1H_20260925_072041.png
 create mode 100644 charts/screenshots_nasdaq/BMNR/BMNR_1H_20260926_072923.png
 delete mode 100644 charts/screenshots_nasdaq/BMNR/BMNR_4H_20260925_072041.png
 create mode 100644 charts/screenshots_nasdaq/BMNR/BMNR_4H_20260926_072923.png
 delete mode 100644 charts/screenshots_nasdaq/BMNR/BMNR_Daily_20260925_072041.png
 create mode 100644 charts/screenshots_nasdaq/BMNR/BMNR_Daily_20260926_072923.png
 delete mode 100644 charts/screenshots_nasdaq/BMNR/BMNR_Monthly_20260925_072041.png
 create mode 100644 charts/screenshots_nasdaq/BMNR/BMNR_Monthly_20260926_072923.png
 delete mode 100644 charts/screenshots_nasdaq/BMNR/BMNR_Weekly_20260925_072041.png
 create mode 100644 charts/screenshots_nasdaq/BMNR/BMNR_Weekly_20260926_072923.png
 create mode 100644 charts/screenshots_nasdaq/BRBR/BRBR_1H_20260926_075437.png
 create mode 100644 charts/screenshots_nasdaq/BRBR/BRBR_4H_20260926_075437.png
 create mode 100644 charts/screenshots_nasdaq/BRBR/BRBR_Daily_20260926_075437.png
 create mode 100644 charts/screenshots_nasdaq/BRBR/BRBR_Monthly_20260926_075437.png
 create mode 100644 charts/screenshots_nasdaq/BRBR/BRBR_Weekly_20260926_075437.png
 delete mode 100644 charts/screenshots_nasdaq/BSX/BSX_1H_20260925_080603.png
 delete mode 100644 charts/screenshots_nasdaq/BSX/BSX_4H_20260925_080603.png
 delete mode 100644 charts/screenshots_nasdaq/BSX/BSX_Daily_20260925_080603.png
 delete mode 100644 charts/screenshots_nasdaq/BSX/BSX_Monthly_20260925_080603.png
 delete mode 100644 charts/screenshots_nasdaq/BSX/BSX_Weekly_20260925_080603.png
 delete mode 100644 charts/screenshots_nasdaq/BTBT/BTBT_1H_20260925_072820.png
 create mode 100644 charts/screenshots_nasdaq/BTBT/BTBT_1H_20260926_074809.png
 delete mode 100644 charts/screenshots_nasdaq/BTBT/BTBT_4H_20260925_072820.png
 create mode 100644 charts/screenshots_nasdaq/BTBT/BTBT_4H_20260926_074809.png
 delete mode 100644 charts/screenshots_nasdaq/BTBT/BTBT_Daily_20260925_072820.png
 create mode 100644 charts/screenshots_nasdaq/BTBT/BTBT_Daily_20260926_074809.png
 delete mode 100644 charts/screenshots_nasdaq/BTBT/BTBT_Monthly_20260925_072820.png
 create mode 100644 charts/screenshots_nasdaq/BTBT/BTBT_Monthly_20260926_074809.png
 delete mode 100644 charts/screenshots_nasdaq/BTBT/BTBT_Weekly_20260925_072820.png
 create mode 100644 charts/screenshots_nasdaq/BTBT/BTBT_Weekly_20260926_074809.png
 delete mode 100644 charts/screenshots_nasdaq/BULL/BULL_1H_20260925_074200.png
 create mode 100644 charts/screenshots_nasdaq/BULL/BULL_1H_20260926_075051.png
 delete mode 100644 charts/screenshots_nasdaq/BULL/BULL_4H_20260925_074200.png
 create mode 100644 charts/screenshots_nasdaq/BULL/BULL_4H_20260926_075051.png
 delete mode 100644 charts/screenshots_nasdaq/BULL/BULL_Daily_20260925_074200.png
 create mode 100644 charts/screenshots_nasdaq/BULL/BULL_Daily_20260926_075051.png
 delete mode 100644 charts/screenshots_nasdaq/BULL/BULL_Monthly_20260925_074200.png
 create mode 100644 charts/screenshots_nasdaq/BULL/BULL_Monthly_20260926_075051.png
 delete mode 100644 charts/screenshots_nasdaq/BULL/BULL_Weekly_20260925_074200.png
 create mode 100644 charts/screenshots_nasdaq/BULL/BULL_Weekly_20260926_075051.png
 create mode 100644 charts/screenshots_nasdaq/BW/BW_1H_20260926_080103.png
 create mode 100644 charts/screenshots_nasdaq/BW/BW_4H_20260926_080103.png
 create mode 100644 charts/screenshots_nasdaq/BW/BW_Daily_20260926_080103.png
 create mode 100644 charts/screenshots_nasdaq/BW/BW_Monthly_20260926_080103.png
 create mode 100644 charts/screenshots_nasdaq/BW/BW_Weekly_20260926_080103.png
 delete mode 100644 charts/screenshots_nasdaq/CAI/CAI_1H_20260925_073452.png
 delete mode 100644 charts/screenshots_nasdaq/CAI/CAI_4H_20260925_073452.png
 delete mode 100644 charts/screenshots_nasdaq/CAI/CAI_Daily_20260925_073452.png
 delete mode 100644 charts/screenshots_nasdaq/CAI/CAI_Monthly_20260925_073452.png
 delete mode 100644 charts/screenshots_nasdaq/CAI/CAI_Weekly_20260925_073452.png
 delete mode 100644 charts/screenshots_nasdaq/CALX/CALX_1H_20260925_075116.png
 create mode 100644 charts/screenshots_nasdaq/CALX/CALX_1H_20260926_075926.png
 delete mode 100644 charts/screenshots_nasdaq/CALX/CALX_4H_20260925_075116.png
 create mode 100644 charts/screenshots_nasdaq/CALX/CALX_4H_20260926_075926.png
 delete mode 100644 charts/screenshots_nasdaq/CALX/CALX_Daily_20260925_075116.png
 create mode 100644 charts/screenshots_nasdaq/CALX/CALX_Daily_20260926_075926.png
 delete mode 100644 charts/screenshots_nasdaq/CALX/CALX_Monthly_20260925_075116.png
 create mode 100644 charts/screenshots_nasdaq/CALX/CALX_Monthly_20260926_075926.png
 delete mode 100644 charts/screenshots_nasdaq/CALX/CALX_Weekly_20260925_075116.png
 create mode 100644 charts/screenshots_nasdaq/CALX/CALX_Weekly_20260926_075926.png
 create mode 100644 charts/screenshots_nasdaq/CAR/CAR_1H_20260926_075854.png
 create mode 100644 charts/screenshots_nasdaq/CAR/CAR_4H_20260926_075854.png
 create mode 100644 charts/screenshots_nasdaq/CAR/CAR_Daily_20260926_075854.png
 create mode 100644 charts/screenshots_nasdaq/CAR/CAR_Monthly_20260926_075854.png
 create mode 100644 charts/screenshots_nasdaq/CAR/CAR_Weekly_20260926_075854.png
 delete mode 100644 charts/screenshots_nasdaq/CDNA/CDNA_1H_20260925_071903.png
 create mode 100644 charts/screenshots_nasdaq/CDNA/CDNA_1H_20260926_073756.png
 delete mode 100644 charts/screenshots_nasdaq/CDNA/CDNA_4H_20260925_071903.png
 create mode 100644 charts/screenshots_nasdaq/CDNA/CDNA_4H_20260926_073756.png
 delete mode 100644 charts/screenshots_nasdaq/CDNA/CDNA_Daily_20260925_071903.png
 create mode 100644 charts/screenshots_nasdaq/CDNA/CDNA_Daily_20260926_073756.png
 delete mode 100644 charts/screenshots_nasdaq/CDNA/CDNA_Monthly_20260925_071903.png
 create mode 100644 charts/screenshots_nasdaq/CDNA/CDNA_Monthly_20260926_073756.png
 delete mode 100644 charts/screenshots_nasdaq/CDNA/CDNA_Weekly_20260925_071903.png
 create mode 100644 charts/screenshots_nasdaq/CDNA/CDNA_Weekly_20260926_073756.png
 delete mode 100644 charts/screenshots_nasdaq/CHTR/CHTR_1H_20260925_075401.png
 delete mode 100644 charts/screenshots_nasdaq/CHTR/CHTR_4H_20260925_075401.png
 delete mode 100644 charts/screenshots_nasdaq/CHTR/CHTR_Daily_20260925_075401.png
 delete mode 100644 charts/screenshots_nasdaq/CHTR/CHTR_Monthly_20260925_075401.png
 delete mode 100644 charts/screenshots_nasdaq/CHTR/CHTR_Weekly_20260925_075401.png
 delete mode 100644 charts/screenshots_nasdaq/CHWY/CHWY_1H_20260925_075149.png
 create mode 100644 charts/screenshots_nasdaq/CHWY/CHWY_1H_20260926_081459.png
 delete mode 100644 charts/screenshots_nasdaq/CHWY/CHWY_4H_20260925_075149.png
 create mode 100644 charts/screenshots_nasdaq/CHWY/CHWY_4H_20260926_081459.png
 delete mode 100644 charts/screenshots_nasdaq/CHWY/CHWY_Daily_20260925_075149.png
 create mode 100644 charts/screenshots_nasdaq/CHWY/CHWY_Daily_20260926_081459.png
 delete mode 100644 charts/screenshots_nasdaq/CHWY/CHWY_Monthly_20260925_075149.png
 create mode 100644 charts/screenshots_nasdaq/CHWY/CHWY_Monthly_20260926_081459.png
 delete mode 100644 charts/screenshots_nasdaq/CHWY/CHWY_Weekly_20260925_075149.png
 create mode 100644 charts/screenshots_nasdaq/CHWY/CHWY_Weekly_20260926_081459.png
 delete mode 100644 charts/screenshots_nasdaq/COUR/COUR_1H_20260925_081024.png
 delete mode 100644 charts/screenshots_nasdaq/COUR/COUR_4H_20260925_081024.png
 delete mode 100644 charts/screenshots_nasdaq/COUR/COUR_Daily_20260925_081024.png
 delete mode 100644 charts/screenshots_nasdaq/COUR/COUR_Monthly_20260925_081024.png
 delete mode 100644 charts/screenshots_nasdaq/COUR/COUR_Weekly_20260925_081024.png
 delete mode 100644 charts/screenshots_nasdaq/CPNG/CPNG_1H_20260925_080034.png
 delete mode 100644 charts/screenshots_nasdaq/CPNG/CPNG_4H_20260925_080034.png
 delete mode 100644 charts/screenshots_nasdaq/CPNG/CPNG_Daily_20260925_080034.png
 delete mode 100644 charts/screenshots_nasdaq/CPNG/CPNG_Monthly_20260925_080034.png
 delete mode 100644 charts/screenshots_nasdaq/CPNG/CPNG_Weekly_20260925_080034.png
 delete mode 100644 charts/screenshots_nasdaq/CRWD/CRWD_1H_20260925_072326.png
 delete mode 100644 charts/screenshots_nasdaq/CRWD/CRWD_4H_20260925_072326.png
 delete mode 100644 charts/screenshots_nasdaq/CRWD/CRWD_Daily_20260925_072326.png
 delete mode 100644 charts/screenshots_nasdaq/CRWD/CRWD_Monthly_20260925_072326.png
 delete mode 100644 charts/screenshots_nasdaq/CRWD/CRWD_Weekly_20260925_072326.png
 create mode 100644 charts/screenshots_nasdaq/CSIQ/CSIQ_1H_20260926_080135.png
 create mode 100644 charts/screenshots_nasdaq/CSIQ/CSIQ_4H_20260926_080135.png
 create mode 100644 charts/screenshots_nasdaq/CSIQ/CSIQ_Daily_20260926_080135.png
 create mode 100644 charts/screenshots_nasdaq/CSIQ/CSIQ_Monthly_20260926_080135.png
 create mode 100644 charts/screenshots_nasdaq/CSIQ/CSIQ_Weekly_20260926_080135.png
 delete mode 100644 charts/screenshots_nasdaq/CTRI/CTRI_1H_20260925_074939.png
 delete mode 100644 charts/screenshots_nasdaq/CTRI/CTRI_4H_20260925_074939.png
 delete mode 100644 charts/screenshots_nasdaq/CTRI/CTRI_Daily_20260925_074939.png
 delete mode 100644 charts/screenshots_nasdaq/CTRI/CTRI_Monthly_20260925_074939.png
 delete mode 100644 charts/screenshots_nasdaq/CTRI/CTRI_Weekly_20260925_074939.png
 delete mode 100644 charts/screenshots_nasdaq/CYPH/CYPH_1H_20260925_072220.png
 create mode 100644 charts/screenshots_nasdaq/CYPH/CYPH_1H_20260926_074109.png
 delete mode 100644 charts/screenshots_nasdaq/CYPH/CYPH_4H_20260925_072220.png
 create mode 100644 charts/screenshots_nasdaq/CYPH/CYPH_4H_20260926_074109.png
 delete mode 100644 charts/screenshots_nasdaq/CYPH/CYPH_Daily_20260925_072220.png
 create mode 100644 charts/screenshots_nasdaq/CYPH/CYPH_Daily_20260926_074109.png
 delete mode 100644 charts/screenshots_nasdaq/CYPH/CYPH_Monthly_20260925_072220.png
 create mode 100644 charts/screenshots_nasdaq/CYPH/CYPH_Monthly_20260926_074109.png
 delete mode 100644 charts/screenshots_nasdaq/CYPH/CYPH_Weekly_20260925_072220.png
 create mode 100644 charts/screenshots_nasdaq/CYPH/CYPH_Weekly_20260926_074109.png
 delete mode 100644 charts/screenshots_nasdaq/DOCS/DOCS_1H_20260925_074232.png
 create mode 100644 charts/screenshots_nasdaq/DOCS/DOCS_1H_20260926_073900.png
 delete mode 100644 charts/screenshots_nasdaq/DOCS/DOCS_4H_20260925_074232.png
 create mode 100644 charts/screenshots_nasdaq/DOCS/DOCS_4H_20260926_073900.png
 delete mode 100644 charts/screenshots_nasdaq/DOCS/DOCS_Daily_20260925_074232.png
 create mode 100644 charts/screenshots_nasdaq/DOCS/DOCS_Daily_20260926_073900.png
 delete mode 100644 charts/screenshots_nasdaq/DOCS/DOCS_Monthly_20260925_074232.png
 create mode 100644 charts/screenshots_nasdaq/DOCS/DOCS_Monthly_20260926_073900.png
 delete mode 100644 charts/screenshots_nasdaq/DOCS/DOCS_Weekly_20260925_074232.png
 create mode 100644 charts/screenshots_nasdaq/DOCS/DOCS_Weekly_20260926_073900.png
 delete mode 100644 charts/screenshots_nasdaq/DUOL/DUOL_1H_20260925_073031.png
 create mode 100644 charts/screenshots_nasdaq/DUOL/DUOL_1H_20260926_073828.png
 delete mode 100644 charts/screenshots_nasdaq/DUOL/DUOL_4H_20260925_073031.png
 create mode 100644 charts/screenshots_nasdaq/DUOL/DUOL_4H_20260926_073828.png
 delete mode 100644 charts/screenshots_nasdaq/DUOL/DUOL_Daily_20260925_073031.png
 create mode 100644 charts/screenshots_nasdaq/DUOL/DUOL_Daily_20260926_073828.png
 delete mode 100644 charts/screenshots_nasdaq/DUOL/DUOL_Monthly_20260925_073031.png
 create mode 100644 charts/screenshots_nasdaq/DUOL/DUOL_Monthly_20260926_073828.png
 delete mode 100644 charts/screenshots_nasdaq/DUOL/DUOL_Weekly_20260925_073031.png
 create mode 100644 charts/screenshots_nasdaq/DUOL/DUOL_Weekly_20260926_073828.png
 delete mode 100644 charts/screenshots_nasdaq/DXYZ/DXYZ_1H_20260925_074305.png
 create mode 100644 charts/screenshots_nasdaq/DXYZ/DXYZ_1H_20260926_075155.png
 delete mode 100644 charts/screenshots_nasdaq/DXYZ/DXYZ_4H_20260925_074305.png
 create mode 100644 charts/screenshots_nasdaq/DXYZ/DXYZ_4H_20260926_075155.png
 delete mode 100644 charts/screenshots_nasdaq/DXYZ/DXYZ_Daily_20260925_074305.png
 create mode 100644 charts/screenshots_nasdaq/DXYZ/DXYZ_Daily_20260926_075155.png
 delete mode 100644 charts/screenshots_nasdaq/DXYZ/DXYZ_Monthly_20260925_074305.png
 create mode 100644 charts/screenshots_nasdaq/DXYZ/DXYZ_Monthly_20260926_075155.png
 delete mode 100644 charts/screenshots_nasdaq/DXYZ/DXYZ_Weekly_20260925_074305.png
 create mode 100644 charts/screenshots_nasdaq/DXYZ/DXYZ_Weekly_20260926_075155.png
 create mode 100644 charts/screenshots_nasdaq/FEIM/FEIM_1H_20260926_072956.png
 create mode 100644 charts/screenshots_nasdaq/FEIM/FEIM_4H_20260926_072956.png
 create mode 100644 charts/screenshots_nasdaq/FEIM/FEIM_Daily_20260926_072956.png
 create mode 100644 charts/screenshots_nasdaq/FEIM/FEIM_Monthly_20260926_072956.png
 create mode 100644 charts/screenshots_nasdaq/FEIM/FEIM_Weekly_20260926_072956.png
 delete mode 100644 charts/screenshots_nasdaq/FICO/FICO_1H_20260925_075222.png
 delete mode 100644 charts/screenshots_nasdaq/FICO/FICO_4H_20260925_075222.png
 delete mode 100644 charts/screenshots_nasdaq/FICO/FICO_Daily_20260925_075222.png
 delete mode 100644 charts/screenshots_nasdaq/FICO/FICO_Monthly_20260925_075222.png
 delete mode 100644 charts/screenshots_nasdaq/FICO/FICO_Weekly_20260925_075222.png
 delete mode 100644 charts/screenshots_nasdaq/FIG/FIG_1H_20260925_074338.png
 create mode 100644 charts/screenshots_nasdaq/FIG/FIG_1H_20260926_075259.png
 delete mode 100644 charts/screenshots_nasdaq/FIG/FIG_4H_20260925_074338.png
 create mode 100644 charts/screenshots_nasdaq/FIG/FIG_4H_20260926_075259.png
 delete mode 100644 charts/screenshots_nasdaq/FIG/FIG_Daily_20260925_074338.png
 create mode 100644 charts/screenshots_nasdaq/FIG/FIG_Daily_20260926_075259.png
 delete mode 100644 charts/screenshots_nasdaq/FIG/FIG_Monthly_20260925_074338.png
 create mode 100644 charts/screenshots_nasdaq/FIG/FIG_Monthly_20260926_075259.png
 delete mode 100644 charts/screenshots_nasdaq/FIG/FIG_Weekly_20260925_074338.png
 create mode 100644 charts/screenshots_nasdaq/FIG/FIG_Weekly_20260926_075259.png
 create mode 100644 charts/screenshots_nasdaq/FIGR/FIGR_1H_20260926_075332.png
 create mode 100644 charts/screenshots_nasdaq/FIGR/FIGR_4H_20260926_075332.png
 create mode 100644 charts/screenshots_nasdaq/FIGR/FIGR_Daily_20260926_075332.png
 create mode 100644 charts/screenshots_nasdaq/FIGR/FIGR_Monthly_20260926_075332.png
 create mode 100644 charts/screenshots_nasdaq/FIGR/FIGR_Weekly_20260926_075332.png
 create mode 100644 charts/screenshots_nasdaq/FISV/FISV_1H_20260926_081323.png
 create mode 100644 charts/screenshots_nasdaq/FISV/FISV_4H_20260926_081323.png
 create mode 100644 charts/screenshots_nasdaq/FISV/FISV_Daily_20260926_081323.png
 create mode 100644 charts/screenshots_nasdaq/FISV/FISV_Monthly_20260926_081323.png
 create mode 100644 charts/screenshots_nasdaq/FISV/FISV_Weekly_20260926_081323.png
 delete mode 100644 charts/screenshots_nasdaq/FLNC/FLNC_1H_20260925_075434.png
 create mode 100644 charts/screenshots_nasdaq/FLNC/FLNC_1H_20260926_075227.png
 delete mode 100644 charts/screenshots_nasdaq/FLNC/FLNC_4H_20260925_075434.png
 create mode 100644 charts/screenshots_nasdaq/FLNC/FLNC_4H_20260926_075227.png
 delete mode 100644 charts/screenshots_nasdaq/FLNC/FLNC_Daily_20260925_075434.png
 create mode 100644 charts/screenshots_nasdaq/FLNC/FLNC_Daily_20260926_075227.png
 delete mode 100644 charts/screenshots_nasdaq/FLNC/FLNC_Monthly_20260925_075434.png
 create mode 100644 charts/screenshots_nasdaq/FLNC/FLNC_Monthly_20260926_075227.png
 delete mode 100644 charts/screenshots_nasdaq/FLNC/FLNC_Weekly_20260925_075434.png
 create mode 100644 charts/screenshots_nasdaq/FLNC/FLNC_Weekly_20260926_075227.png
 create mode 100644 charts/screenshots_nasdaq/FLUT/FLUT_1H_20260926_082336.png
 create mode 100644 charts/screenshots_nasdaq/FLUT/FLUT_4H_20260926_082336.png
 create mode 100644 charts/screenshots_nasdaq/FLUT/FLUT_Daily_20260926_082336.png
 create mode 100644 charts/screenshots_nasdaq/FLUT/FLUT_Monthly_20260926_082336.png
 create mode 100644 charts/screenshots_nasdaq/FLUT/FLUT_Weekly_20260926_082336.png
 create mode 100644 charts/screenshots_nasdaq/FOUR/FOUR_1H_20260926_082408.png
 create mode 100644 charts/screenshots_nasdaq/FOUR/FOUR_4H_20260926_082408.png
 create mode 100644 charts/screenshots_nasdaq/FOUR/FOUR_Daily_20260926_082408.png
 create mode 100644 charts/screenshots_nasdaq/FOUR/FOUR_Monthly_20260926_082408.png
 create mode 100644 charts/screenshots_nasdaq/FOUR/FOUR_Weekly_20260926_082408.png
 delete mode 100644 charts/screenshots_nasdaq/FRMI/FRMI_1H_20260925_080636.png
 create mode 100644 charts/screenshots_nasdaq/FRMI/FRMI_1H_20260926_075509.png
 delete mode 100644 charts/screenshots_nasdaq/FRMI/FRMI_4H_20260925_080636.png
 create mode 100644 charts/screenshots_nasdaq/FRMI/FRMI_4H_20260926_075509.png
 delete mode 100644 charts/screenshots_nasdaq/FRMI/FRMI_Daily_20260925_080636.png
 create mode 100644 charts/screenshots_nasdaq/FRMI/FRMI_Daily_20260926_075509.png
 delete mode 100644 charts/screenshots_nasdaq/FRMI/FRMI_Monthly_20260925_080636.png
 create mode 100644 charts/screenshots_nasdaq/FRMI/FRMI_Monthly_20260926_075509.png
 delete mode 100644 charts/screenshots_nasdaq/FRMI/FRMI_Weekly_20260925_080636.png
 create mode 100644 charts/screenshots_nasdaq/FRMI/FRMI_Weekly_20260926_075509.png
 delete mode 100644 charts/screenshots_nasdaq/FUN/FUN_1H_20260925_080107.png
 create mode 100644 charts/screenshots_nasdaq/FUN/FUN_1H_20260926_080728.png
 delete mode 100644 charts/screenshots_nasdaq/FUN/FUN_4H_20260925_080107.png
 create mode 100644 charts/screenshots_nasdaq/FUN/FUN_4H_20260926_080728.png
 delete mode 100644 charts/screenshots_nasdaq/FUN/FUN_Daily_20260925_080107.png
 create mode 100644 charts/screenshots_nasdaq/FUN/FUN_Daily_20260926_080728.png
 delete mode 100644 charts/screenshots_nasdaq/FUN/FUN_Monthly_20260925_080107.png
 create mode 100644 charts/screenshots_nasdaq/FUN/FUN_Monthly_20260926_080728.png
 delete mode 100644 charts/screenshots_nasdaq/FUN/FUN_Weekly_20260925_080107.png
 create mode 100644 charts/screenshots_nasdaq/FUN/FUN_Weekly_20260926_080728.png
 delete mode 100644 charts/screenshots_nasdaq/GENI/GENI_1H_20260925_073948.png
 create mode 100644 charts/screenshots_nasdaq/GENI/GENI_1H_20260926_074633.png
 delete mode 100644 charts/screenshots_nasdaq/GENI/GENI_4H_20260925_073948.png
 create mode 100644 charts/screenshots_nasdaq/GENI/GENI_4H_20260926_074633.png
 delete mode 100644 charts/screenshots_nasdaq/GENI/GENI_Daily_20260925_073948.png
 create mode 100644 charts/screenshots_nasdaq/GENI/GENI_Daily_20260926_074633.png
 delete mode 100644 charts/screenshots_nasdaq/GENI/GENI_Monthly_20260925_073948.png
 create mode 100644 charts/screenshots_nasdaq/GENI/GENI_Monthly_20260926_074633.png
 delete mode 100644 charts/screenshots_nasdaq/GENI/GENI_Weekly_20260925_073948.png
 create mode 100644 charts/screenshots_nasdaq/GENI/GENI_Weekly_20260926_074633.png
 delete mode 100644 charts/screenshots_nasdaq/GLND/GLND_1H_20260925_074053.png
 create mode 100644 charts/screenshots_nasdaq/GLND/GLND_1H_20260926_075018.png
 delete mode 100644 charts/screenshots_nasdaq/GLND/GLND_4H_20260925_074053.png
 create mode 100644 charts/screenshots_nasdaq/GLND/GLND_4H_20260926_075018.png
 delete mode 100644 charts/screenshots_nasdaq/GLND/GLND_Daily_20260925_074053.png
 create mode 100644 charts/screenshots_nasdaq/GLND/GLND_Daily_20260926_075018.png
 delete mode 100644 charts/screenshots_nasdaq/GLND/GLND_Monthly_20260925_074053.png
 create mode 100644 charts/screenshots_nasdaq/GLND/GLND_Monthly_20260926_075018.png
 delete mode 100644 charts/screenshots_nasdaq/GLND/GLND_Weekly_20260925_074053.png
 create mode 100644 charts/screenshots_nasdaq/GLND/GLND_Weekly_20260926_075018.png
 delete mode 100644 charts/screenshots_nasdaq/GPCR/GPCR_1H_20260925_074728.png
 create mode 100644 charts/screenshots_nasdaq/GPCR/GPCR_1H_20260926_075541.png
 delete mode 100644 charts/screenshots_nasdaq/GPCR/GPCR_4H_20260925_074728.png
 create mode 100644 charts/screenshots_nasdaq/GPCR/GPCR_4H_20260926_075541.png
 delete mode 100644 charts/screenshots_nasdaq/GPCR/GPCR_Daily_20260925_074728.png
 create mode 100644 charts/screenshots_nasdaq/GPCR/GPCR_Daily_20260926_075541.png
 delete mode 100644 charts/screenshots_nasdaq/GPCR/GPCR_Monthly_20260925_074728.png
 create mode 100644 charts/screenshots_nasdaq/GPCR/GPCR_Monthly_20260926_075541.png
 delete mode 100644 charts/screenshots_nasdaq/GPCR/GPCR_Weekly_20260925_074728.png
 create mode 100644 charts/screenshots_nasdaq/GPCR/GPCR_Weekly_20260926_075541.png
 delete mode 100644 charts/screenshots_nasdaq/GPGI/GPGI_1H_20260925_081057.png
 create mode 100644 charts/screenshots_nasdaq/GPGI/GPGI_1H_20260926_082440.png
 delete mode 100644 charts/screenshots_nasdaq/GPGI/GPGI_4H_20260925_081057.png
 create mode 100644 charts/screenshots_nasdaq/GPGI/GPGI_4H_20260926_082440.png
 delete mode 100644 charts/screenshots_nasdaq/GPGI/GPGI_Daily_20260925_081057.png
 create mode 100644 charts/screenshots_nasdaq/GPGI/GPGI_Daily_20260926_082440.png
 delete mode 100644 charts/screenshots_nasdaq/GPGI/GPGI_Monthly_20260925_081057.png
 create mode 100644 charts/screenshots_nasdaq/GPGI/GPGI_Monthly_20260926_082440.png
 delete mode 100644 charts/screenshots_nasdaq/GPGI/GPGI_Weekly_20260925_081057.png
 create mode 100644 charts/screenshots_nasdaq/GPGI/GPGI_Weekly_20260926_082440.png
 delete mode 100644 charts/screenshots_nasdaq/GPK/GPK_1H_20260925_080140.png
 create mode 100644 charts/screenshots_nasdaq/GPK/GPK_1H_20260926_080800.png
 delete mode 100644 charts/screenshots_nasdaq/GPK/GPK_4H_20260925_080140.png
 create mode 100644 charts/screenshots_nasdaq/GPK/GPK_4H_20260926_080800.png
 delete mode 100644 charts/screenshots_nasdaq/GPK/GPK_Daily_20260925_080140.png
 create mode 100644 charts/screenshots_nasdaq/GPK/GPK_Daily_20260926_080800.png
 delete mode 100644 charts/screenshots_nasdaq/GPK/GPK_Monthly_20260925_080140.png
 create mode 100644 charts/screenshots_nasdaq/GPK/GPK_Monthly_20260926_080800.png
 delete mode 100644 charts/screenshots_nasdaq/GPK/GPK_Weekly_20260925_080140.png
 create mode 100644 charts/screenshots_nasdaq/GPK/GPK_Weekly_20260926_080800.png
 delete mode 100644 charts/screenshots_nasdaq/GRAL/GRAL_1H_20260925_072146.png
 create mode 100644 charts/screenshots_nasdaq/GRAL/GRAL_1H_20260926_074423.png
 delete mode 100644 charts/screenshots_nasdaq/GRAL/GRAL_4H_20260925_072146.png
 create mode 100644 charts/screenshots_nasdaq/GRAL/GRAL_4H_20260926_074423.png
 delete mode 100644 charts/screenshots_nasdaq/GRAL/GRAL_Daily_20260925_072146.png
 create mode 100644 charts/screenshots_nasdaq/GRAL/GRAL_Daily_20260926_074423.png
 delete mode 100644 charts/screenshots_nasdaq/GRAL/GRAL_Monthly_20260925_072146.png
 create mode 100644 charts/screenshots_nasdaq/GRAL/GRAL_Monthly_20260926_074423.png
 delete mode 100644 charts/screenshots_nasdaq/GRAL/GRAL_Weekly_20260925_072146.png
 create mode 100644 charts/screenshots_nasdaq/GRAL/GRAL_Weekly_20260926_074423.png
 create mode 100644 charts/screenshots_nasdaq/GT/GT_1H_20260926_082512.png
 create mode 100644 charts/screenshots_nasdaq/GT/GT_4H_20260926_082512.png
 create mode 100644 charts/screenshots_nasdaq/GT/GT_Daily_20260926_082512.png
 create mode 100644 charts/screenshots_nasdaq/GT/GT_Monthly_20260926_082512.png
 create mode 100644 charts/screenshots_nasdaq/GT/GT_Weekly_20260926_082512.png
 delete mode 100644 charts/screenshots_nasdaq/HIMS/HIMS_1H_20260925_073809.png
 delete mode 100644 charts/screenshots_nasdaq/HIMS/HIMS_4H_20260925_073809.png
 delete mode 100644 charts/screenshots_nasdaq/HIMS/HIMS_Daily_20260925_073809.png
 delete mode 100644 charts/screenshots_nasdaq/HIMS/HIMS_Monthly_20260925_073809.png
 delete mode 100644 charts/screenshots_nasdaq/HIMS/HIMS_Weekly_20260925_073809.png
 delete mode 100644 charts/screenshots_nasdaq/HIVE/HIVE_1H_20260925_071726.png
 create mode 100644 charts/screenshots_nasdaq/HIVE/HIVE_1H_20260926_074318.png
 delete mode 100644 charts/screenshots_nasdaq/HIVE/HIVE_4H_20260925_071726.png
 create mode 100644 charts/screenshots_nasdaq/HIVE/HIVE_4H_20260926_074318.png
 delete mode 100644 charts/screenshots_nasdaq/HIVE/HIVE_Daily_20260925_071726.png
 create mode 100644 charts/screenshots_nasdaq/HIVE/HIVE_Daily_20260926_074318.png
 delete mode 100644 charts/screenshots_nasdaq/HIVE/HIVE_Monthly_20260925_071726.png
 create mode 100644 charts/screenshots_nasdaq/HIVE/HIVE_Monthly_20260926_074318.png
 delete mode 100644 charts/screenshots_nasdaq/HIVE/HIVE_Weekly_20260925_071726.png
 create mode 100644 charts/screenshots_nasdaq/HIVE/HIVE_Weekly_20260926_074318.png
 delete mode 100644 charts/screenshots_nasdaq/HPE/HPE_1H_20260925_072358.png
 create mode 100644 charts/screenshots_nasdaq/HPE/HPE_1H_20260926_073515.png
 delete mode 100644 charts/screenshots_nasdaq/HPE/HPE_4H_20260925_072358.png
 create mode 100644 charts/screenshots_nasdaq/HPE/HPE_4H_20260926_073515.png
 delete mode 100644 charts/screenshots_nasdaq/HPE/HPE_Daily_20260925_072358.png
 create mode 100644 charts/screenshots_nasdaq/HPE/HPE_Daily_20260926_073515.png
 delete mode 100644 charts/screenshots_nasdaq/HPE/HPE_Monthly_20260925_072358.png
 create mode 100644 charts/screenshots_nasdaq/HPE/HPE_Monthly_20260926_073515.png
 delete mode 100644 charts/screenshots_nasdaq/HPE/HPE_Weekly_20260925_072358.png
 create mode 100644 charts/screenshots_nasdaq/HPE/HPE_Weekly_20260926_073515.png
 create mode 100644 charts/screenshots_nasdaq/HTZ/HTZ_1H_20260926_082545.png
 create mode 100644 charts/screenshots_nasdaq/HTZ/HTZ_4H_20260926_082545.png
 create mode 100644 charts/screenshots_nasdaq/HTZ/HTZ_Daily_20260926_082545.png
 create mode 100644 charts/screenshots_nasdaq/HTZ/HTZ_Monthly_20260926_082545.png
 create mode 100644 charts/screenshots_nasdaq/HTZ/HTZ_Weekly_20260926_082545.png
 delete mode 100644 charts/screenshots_nasdaq/HYMC/HYMC_1H_20260925_081129.png
 delete mode 100644 charts/screenshots_nasdaq/HYMC/HYMC_4H_20260925_081129.png
 delete mode 100644 charts/screenshots_nasdaq/HYMC/HYMC_Daily_20260925_081129.png
 delete mode 100644 charts/screenshots_nasdaq/HYMC/HYMC_Monthly_20260925_081129.png
 delete mode 100644 charts/screenshots_nasdaq/HYMC/HYMC_Weekly_20260925_081129.png
 delete mode 100644 charts/screenshots_nasdaq/ILMN/ILMN_1H_20260925_073914.png
 create mode 100644 charts/screenshots_nasdaq/ILMN/ILMN_1H_20260926_073307.png
 delete mode 100644 charts/screenshots_nasdaq/ILMN/ILMN_4H_20260925_073914.png
 create mode 100644 charts/screenshots_nasdaq/ILMN/ILMN_4H_20260926_073307.png
 delete mode 100644 charts/screenshots_nasdaq/ILMN/ILMN_Daily_20260925_073914.png
 create mode 100644 charts/screenshots_nasdaq/ILMN/ILMN_Daily_20260926_073307.png
 delete mode 100644 charts/screenshots_nasdaq/ILMN/ILMN_Monthly_20260925_073914.png
 create mode 100644 charts/screenshots_nasdaq/ILMN/ILMN_Monthly_20260926_073307.png
 delete mode 100644 charts/screenshots_nasdaq/ILMN/ILMN_Weekly_20260925_073914.png
 create mode 100644 charts/screenshots_nasdaq/ILMN/ILMN_Weekly_20260926_073307.png
 delete mode 100644 charts/screenshots_nasdaq/INSP/INSP_1H_20260925_072009.png
 create mode 100644 charts/screenshots_nasdaq/INSP/INSP_1H_20260926_072852.png
 delete mode 100644 charts/screenshots_nasdaq/INSP/INSP_4H_20260925_072009.png
 create mode 100644 charts/screenshots_nasdaq/INSP/INSP_4H_20260926_072852.png
 delete mode 100644 charts/screenshots_nasdaq/INSP/INSP_Daily_20260925_072009.png
 create mode 100644 charts/screenshots_nasdaq/INSP/INSP_Daily_20260926_072852.png
 delete mode 100644 charts/screenshots_nasdaq/INSP/INSP_Monthly_20260925_072009.png
 create mode 100644 charts/screenshots_nasdaq/INSP/INSP_Monthly_20260926_072852.png
 delete mode 100644 charts/screenshots_nasdaq/INSP/INSP_Weekly_20260925_072009.png
 create mode 100644 charts/screenshots_nasdaq/INSP/INSP_Weekly_20260926_072852.png
 create mode 100644 charts/screenshots_nasdaq/INTU/INTU_1H_20260926_081531.png
 create mode 100644 charts/screenshots_nasdaq/INTU/INTU_4H_20260926_081531.png
 create mode 100644 charts/screenshots_nasdaq/INTU/INTU_Daily_20260926_081531.png
 create mode 100644 charts/screenshots_nasdaq/INTU/INTU_Monthly_20260926_081531.png
 create mode 100644 charts/screenshots_nasdaq/INTU/INTU_Weekly_20260926_081531.png
 delete mode 100644 charts/screenshots_nasdaq/IOVA/IOVA_1H_20260925_072609.png
 create mode 100644 charts/screenshots_nasdaq/IOVA/IOVA_1H_20260926_073131.png
 delete mode 100644 charts/screenshots_nasdaq/IOVA/IOVA_4H_20260925_072609.png
 create mode 100644 charts/screenshots_nasdaq/IOVA/IOVA_4H_20260926_073131.png
 delete mode 100644 charts/screenshots_nasdaq/IOVA/IOVA_Daily_20260925_072609.png
 create mode 100644 charts/screenshots_nasdaq/IOVA/IOVA_Daily_20260926_073131.png
 delete mode 100644 charts/screenshots_nasdaq/IOVA/IOVA_Monthly_20260925_072609.png
 create mode 100644 charts/screenshots_nasdaq/IOVA/IOVA_Monthly_20260926_073131.png
 delete mode 100644 charts/screenshots_nasdaq/IOVA/IOVA_Weekly_20260925_072609.png
 create mode 100644 charts/screenshots_nasdaq/IOVA/IOVA_Weekly_20260926_073131.png
 delete mode 100644 charts/screenshots_nasdaq/JOBY/JOBY_1H_20260925_080709.png
 create mode 100644 charts/screenshots_nasdaq/JOBY/JOBY_1H_20260926_081636.png
 delete mode 100644 charts/screenshots_nasdaq/JOBY/JOBY_4H_20260925_080709.png
 create mode 100644 charts/screenshots_nasdaq/JOBY/JOBY_4H_20260926_081636.png
 delete mode 100644 charts/screenshots_nasdaq/JOBY/JOBY_Daily_20260925_080709.png
 create mode 100644 charts/screenshots_nasdaq/JOBY/JOBY_Daily_20260926_081636.png
 delete mode 100644 charts/screenshots_nasdaq/JOBY/JOBY_Monthly_20260925_080709.png
 create mode 100644 charts/screenshots_nasdaq/JOBY/JOBY_Monthly_20260926_081636.png
 delete mode 100644 charts/screenshots_nasdaq/JOBY/JOBY_Weekly_20260925_080709.png
 create mode 100644 charts/screenshots_nasdaq/JOBY/JOBY_Weekly_20260926_081636.png
 delete mode 100644 charts/screenshots_nasdaq/KLAR/KLAR_1H_20260925_074444.png
 delete mode 100644 charts/screenshots_nasdaq/KLAR/KLAR_4H_20260925_074444.png
 delete mode 100644 charts/screenshots_nasdaq/KLAR/KLAR_Daily_20260925_074444.png
 delete mode 100644 charts/screenshots_nasdaq/KLAR/KLAR_Monthly_20260925_074444.png
 delete mode 100644 charts/screenshots_nasdaq/KLAR/KLAR_Weekly_20260925_074444.png
 delete mode 100644 charts/screenshots_nasdaq/KRMN/KRMN_1H_20260925_074549.png
 create mode 100644 charts/screenshots_nasdaq/KRMN/KRMN_1H_20260926_080832.png
 delete mode 100644 charts/screenshots_nasdaq/KRMN/KRMN_4H_20260925_074549.png
 create mode 100644 charts/screenshots_nasdaq/KRMN/KRMN_4H_20260926_080832.png
 delete mode 100644 charts/screenshots_nasdaq/KRMN/KRMN_Daily_20260925_074549.png
 create mode 100644 charts/screenshots_nasdaq/KRMN/KRMN_Daily_20260926_080832.png
 delete mode 100644 charts/screenshots_nasdaq/KRMN/KRMN_Monthly_20260925_074549.png
 create mode 100644 charts/screenshots_nasdaq/KRMN/KRMN_Monthly_20260926_080832.png
 delete mode 100644 charts/screenshots_nasdaq/KRMN/KRMN_Weekly_20260925_074549.png
 create mode 100644 charts/screenshots_nasdaq/KRMN/KRMN_Weekly_20260926_080832.png
 delete mode 100644 charts/screenshots_nasdaq/KTOS/KTOS_1H_20260925_075012.png
 create mode 100644 charts/screenshots_nasdaq/KTOS/KTOS_1H_20260926_081708.png
 delete mode 100644 charts/screenshots_nasdaq/KTOS/KTOS_4H_20260925_075012.png
 create mode 100644 charts/screenshots_nasdaq/KTOS/KTOS_4H_20260926_081708.png
 delete mode 100644 charts/screenshots_nasdaq/KTOS/KTOS_Daily_20260925_075012.png
 create mode 100644 charts/screenshots_nasdaq/KTOS/KTOS_Daily_20260926_081708.png
 delete mode 100644 charts/screenshots_nasdaq/KTOS/KTOS_Monthly_20260925_075012.png
 create mode 100644 charts/screenshots_nasdaq/KTOS/KTOS_Monthly_20260926_081708.png
 delete mode 100644 charts/screenshots_nasdaq/KTOS/KTOS_Weekly_20260925_075012.png
 create mode 100644 charts/screenshots_nasdaq/KTOS/KTOS_Weekly_20260926_081708.png
 delete mode 100644 charts/screenshots_nasdaq/KVYO/KVYO_1H_20260925_081804.png
 delete mode 100644 charts/screenshots_nasdaq/KVYO/KVYO_4H_20260925_081804.png
 delete mode 100644 charts/screenshots_nasdaq/KVYO/KVYO_Daily_20260925_081804.png
 delete mode 100644 charts/screenshots_nasdaq/KVYO/KVYO_Monthly_20260925_081804.png
 delete mode 100644 charts/screenshots_nasdaq/KVYO/KVYO_Weekly_20260925_081804.png
 delete mode 100644 charts/screenshots_nasdaq/LAC/LAC_1H_20260925_081202.png
 create mode 100644 charts/screenshots_nasdaq/LAC/LAC_1H_20260926_081741.png
 delete mode 100644 charts/screenshots_nasdaq/LAC/LAC_4H_20260925_081202.png
 create mode 100644 charts/screenshots_nasdaq/LAC/LAC_4H_20260926_081741.png
 delete mode 100644 charts/screenshots_nasdaq/LAC/LAC_Daily_20260925_081202.png
 create mode 100644 charts/screenshots_nasdaq/LAC/LAC_Daily_20260926_081741.png
 delete mode 100644 charts/screenshots_nasdaq/LAC/LAC_Monthly_20260925_081202.png
 create mode 100644 charts/screenshots_nasdaq/LAC/LAC_Monthly_20260926_081741.png
 delete mode 100644 charts/screenshots_nasdaq/LAC/LAC_Weekly_20260925_081202.png
 create mode 100644 charts/screenshots_nasdaq/LAC/LAC_Weekly_20260926_081741.png
 delete mode 100644 charts/screenshots_nasdaq/LI/LI_1H_20260925_081837.png
 delete mode 100644 charts/screenshots_nasdaq/LI/LI_4H_20260925_081837.png
 delete mode 100644 charts/screenshots_nasdaq/LI/LI_Daily_20260925_081837.png
 delete mode 100644 charts/screenshots_nasdaq/LI/LI_Monthly_20260925_081837.png
 delete mode 100644 charts/screenshots_nasdaq/LI/LI_Weekly_20260925_081837.png
 delete mode 100644 charts/screenshots_nasdaq/LIF/LIF_1H_20260925_081235.png
 create mode 100644 charts/screenshots_nasdaq/LIF/LIF_1H_20260926_082616.png
 delete mode 100644 charts/screenshots_nasdaq/LIF/LIF_4H_20260925_081235.png
 create mode 100644 charts/screenshots_nasdaq/LIF/LIF_4H_20260926_082616.png
 delete mode 100644 charts/screenshots_nasdaq/LIF/LIF_Daily_20260925_081235.png
 create mode 100644 charts/screenshots_nasdaq/LIF/LIF_Daily_20260926_082616.png
 delete mode 100644 charts/screenshots_nasdaq/LIF/LIF_Monthly_20260925_081235.png
 create mode 100644 charts/screenshots_nasdaq/LIF/LIF_Monthly_20260926_082616.png
 delete mode 100644 charts/screenshots_nasdaq/LIF/LIF_Weekly_20260925_081235.png
 create mode 100644 charts/screenshots_nasdaq/LIF/LIF_Weekly_20260926_082616.png
 delete mode 100644 charts/screenshots_nasdaq/LMND/LMND_1H_20260925_074801.png
 create mode 100644 charts/screenshots_nasdaq/LMND/LMND_1H_20260926_080207.png
 delete mode 100644 charts/screenshots_nasdaq/LMND/LMND_4H_20260925_074801.png
 create mode 100644 charts/screenshots_nasdaq/LMND/LMND_4H_20260926_080207.png
 delete mode 100644 charts/screenshots_nasdaq/LMND/LMND_Daily_20260925_074801.png
 create mode 100644 charts/screenshots_nasdaq/LMND/LMND_Daily_20260926_080207.png
 delete mode 100644 charts/screenshots_nasdaq/LMND/LMND_Monthly_20260925_074801.png
 create mode 100644 charts/screenshots_nasdaq/LMND/LMND_Monthly_20260926_080207.png
 delete mode 100644 charts/screenshots_nasdaq/LMND/LMND_Weekly_20260925_074801.png
 create mode 100644 charts/screenshots_nasdaq/LMND/LMND_Weekly_20260926_080207.png
 delete mode 100644 charts/screenshots_nasdaq/LULU/LULU_1H_20260925_080425.png
 delete mode 100644 charts/screenshots_nasdaq/LULU/LULU_4H_20260925_080425.png
 delete mode 100644 charts/screenshots_nasdaq/LULU/LULU_Daily_20260925_080425.png
 delete mode 100644 charts/screenshots_nasdaq/LULU/LULU_Monthly_20260925_080425.png
 delete mode 100644 charts/screenshots_nasdaq/LULU/LULU_Weekly_20260925_080425.png
 delete mode 100644 charts/screenshots_nasdaq/LUMN/LUMN_1H_20260925_080741.png
 delete mode 100644 charts/screenshots_nasdaq/LUMN/LUMN_4H_20260925_080741.png
 delete mode 100644 charts/screenshots_nasdaq/LUMN/LUMN_Daily_20260925_080741.png
 delete mode 100644 charts/screenshots_nasdaq/LUMN/LUMN_Monthly_20260925_080741.png
 delete mode 100644 charts/screenshots_nasdaq/LUMN/LUMN_Weekly_20260925_080741.png
 delete mode 100644 charts/screenshots_nasdaq/MBLY/MBLY_1H_20260925_075255.png
 delete mode 100644 charts/screenshots_nasdaq/MBLY/MBLY_4H_20260925_075255.png
 delete mode 100644 charts/screenshots_nasdaq/MBLY/MBLY_Daily_20260925_075255.png
 delete mode 100644 charts/screenshots_nasdaq/MBLY/MBLY_Monthly_20260925_075255.png
 delete mode 100644 charts/screenshots_nasdaq/MBLY/MBLY_Weekly_20260925_075255.png
 delete mode 100644 charts/screenshots_nasdaq/MEDS/MEDS_1H_20260925_073419.png
 delete mode 100644 charts/screenshots_nasdaq/MEDS/MEDS_4H_20260925_073419.png
 delete mode 100644 charts/screenshots_nasdaq/MEDS/MEDS_Daily_20260925_073419.png
 delete mode 100644 charts/screenshots_nasdaq/MEDS/MEDS_Monthly_20260925_073419.png
 delete mode 100644 charts/screenshots_nasdaq/MEDS/MEDS_Weekly_20260925_073419.png
 delete mode 100644 charts/screenshots_nasdaq/META/META_1H_20260925_071831.png
 delete mode 100644 charts/screenshots_nasdaq/META/META_4H_20260925_071831.png
 delete mode 100644 charts/screenshots_nasdaq/META/META_Daily_20260925_071831.png
 delete mode 100644 charts/screenshots_nasdaq/META/META_Monthly_20260925_071831.png
 delete mode 100644 charts/screenshots_nasdaq/META/META_Weekly_20260925_071831.png
 create mode 100644 charts/screenshots_nasdaq/METC/METC_1H_20260926_080904.png
 create mode 100644 charts/screenshots_nasdaq/METC/METC_4H_20260926_080904.png
 create mode 100644 charts/screenshots_nasdaq/METC/METC_Daily_20260926_080904.png
 create mode 100644 charts/screenshots_nasdaq/METC/METC_Monthly_20260926_080904.png
 create mode 100644 charts/screenshots_nasdaq/METC/METC_Weekly_20260926_080904.png
 delete mode 100644 charts/screenshots_nasdaq/MMYT/MMYT_1H_20260925_073524.png
 create mode 100644 charts/screenshots_nasdaq/MMYT/MMYT_1H_20260926_074528.png
 delete mode 100644 charts/screenshots_nasdaq/MMYT/MMYT_4H_20260925_073524.png
 create mode 100644 charts/screenshots_nasdaq/MMYT/MMYT_4H_20260926_074528.png
 delete mode 100644 charts/screenshots_nasdaq/MMYT/MMYT_Daily_20260925_073524.png
 create mode 100644 charts/screenshots_nasdaq/MMYT/MMYT_Daily_20260926_074528.png
 delete mode 100644 charts/screenshots_nasdaq/MMYT/MMYT_Monthly_20260925_073524.png
 create mode 100644 charts/screenshots_nasdaq/MMYT/MMYT_Monthly_20260926_074528.png
 delete mode 100644 charts/screenshots_nasdaq/MMYT/MMYT_Weekly_20260925_073524.png
 create mode 100644 charts/screenshots_nasdaq/MMYT/MMYT_Weekly_20260926_074528.png
 delete mode 100644 charts/screenshots_nasdaq/MNDY/MNDY_1H_20260925_074127.png
 create mode 100644 charts/screenshots_nasdaq/MNDY/MNDY_1H_20260926_075123.png
 delete mode 100644 charts/screenshots_nasdaq/MNDY/MNDY_4H_20260925_074127.png
 create mode 100644 charts/screenshots_nasdaq/MNDY/MNDY_4H_20260926_075123.png
 delete mode 100644 charts/screenshots_nasdaq/MNDY/MNDY_Daily_20260925_074127.png
 create mode 100644 charts/screenshots_nasdaq/MNDY/MNDY_Daily_20260926_075123.png
 delete mode 100644 charts/screenshots_nasdaq/MNDY/MNDY_Monthly_20260925_074127.png
 create mode 100644 charts/screenshots_nasdaq/MNDY/MNDY_Monthly_20260926_075123.png
 delete mode 100644 charts/screenshots_nasdaq/MNDY/MNDY_Weekly_20260925_074127.png
 create mode 100644 charts/screenshots_nasdaq/MNDY/MNDY_Weekly_20260926_075123.png
 delete mode 100644 charts/screenshots_nasdaq/MP/MP_1H_20260925_081307.png
 create mode 100644 charts/screenshots_nasdaq/MP/MP_1H_20260926_082649.png
 delete mode 100644 charts/screenshots_nasdaq/MP/MP_4H_20260925_081307.png
 create mode 100644 charts/screenshots_nasdaq/MP/MP_4H_20260926_082649.png
 delete mode 100644 charts/screenshots_nasdaq/MP/MP_Daily_20260925_081307.png
 create mode 100644 charts/screenshots_nasdaq/MP/MP_Daily_20260926_082649.png
 delete mode 100644 charts/screenshots_nasdaq/MP/MP_Monthly_20260925_081307.png
 create mode 100644 charts/screenshots_nasdaq/MP/MP_Monthly_20260926_082649.png
 delete mode 100644 charts/screenshots_nasdaq/MP/MP_Weekly_20260925_081307.png
 create mode 100644 charts/screenshots_nasdaq/MP/MP_Weekly_20260926_082649.png
 delete mode 100644 charts/screenshots_nasdaq/MRNA/MRNA_1H_20260925_073736.png
 create mode 100644 charts/screenshots_nasdaq/MRNA/MRNA_1H_20260926_074456.png
 delete mode 100644 charts/screenshots_nasdaq/MRNA/MRNA_4H_20260925_073736.png
 create mode 100644 charts/screenshots_nasdaq/MRNA/MRNA_4H_20260926_074456.png
 delete mode 100644 charts/screenshots_nasdaq/MRNA/MRNA_Daily_20260925_073736.png
 create mode 100644 charts/screenshots_nasdaq/MRNA/MRNA_Daily_20260926_074456.png
 delete mode 100644 charts/screenshots_nasdaq/MRNA/MRNA_Monthly_20260925_073736.png
 create mode 100644 charts/screenshots_nasdaq/MRNA/MRNA_Monthly_20260926_074456.png
 delete mode 100644 charts/screenshots_nasdaq/MRNA/MRNA_Weekly_20260925_073736.png
 create mode 100644 charts/screenshots_nasdaq/MRNA/MRNA_Weekly_20260926_074456.png
 delete mode 100644 charts/screenshots_nasdaq/MSTR/MSTR_1H_20260925_073209.png
 create mode 100644 charts/screenshots_nasdaq/MSTR/MSTR_1H_20260926_074246.png
 delete mode 100644 charts/screenshots_nasdaq/MSTR/MSTR_4H_20260925_073209.png
 create mode 100644 charts/screenshots_nasdaq/MSTR/MSTR_4H_20260926_074246.png
 delete mode 100644 charts/screenshots_nasdaq/MSTR/MSTR_Daily_20260925_073209.png
 create mode 100644 charts/screenshots_nasdaq/MSTR/MSTR_Daily_20260926_074246.png
 delete mode 100644 charts/screenshots_nasdaq/MSTR/MSTR_Monthly_20260925_073209.png
 create mode 100644 charts/screenshots_nasdaq/MSTR/MSTR_Monthly_20260926_074246.png
 delete mode 100644 charts/screenshots_nasdaq/MSTR/MSTR_Weekly_20260925_073209.png
 create mode 100644 charts/screenshots_nasdaq/MSTR/MSTR_Weekly_20260926_074246.png
 delete mode 100644 charts/screenshots_nasdaq/MTZ/MTZ_1H_20260925_080212.png
 create mode 100644 charts/screenshots_nasdaq/MTZ/MTZ_1H_20260926_080937.png
 delete mode 100644 charts/screenshots_nasdaq/MTZ/MTZ_4H_20260925_080212.png
 create mode 100644 charts/screenshots_nasdaq/MTZ/MTZ_4H_20260926_080937.png
 delete mode 100644 charts/screenshots_nasdaq/MTZ/MTZ_Daily_20260925_080212.png
 create mode 100644 charts/screenshots_nasdaq/MTZ/MTZ_Daily_20260926_080937.png
 delete mode 100644 charts/screenshots_nasdaq/MTZ/MTZ_Monthly_20260925_080212.png
 create mode 100644 charts/screenshots_nasdaq/MTZ/MTZ_Monthly_20260926_080937.png
 delete mode 100644 charts/screenshots_nasdaq/MTZ/MTZ_Weekly_20260925_080212.png
 create mode 100644 charts/screenshots_nasdaq/MTZ/MTZ_Weekly_20260926_080937.png
 delete mode 100644 charts/screenshots_nasdaq/NCPL/NCPL_1H_20260925_072925.png
 delete mode 100644 charts/screenshots_nasdaq/NCPL/NCPL_4H_20260925_072925.png
 delete mode 100644 charts/screenshots_nasdaq/NCPL/NCPL_Daily_20260925_072925.png
 delete mode 100644 charts/screenshots_nasdaq/NCPL/NCPL_Monthly_20260925_072925.png
 delete mode 100644 charts/screenshots_nasdaq/NCPL/NCPL_Weekly_20260925_072925.png
 delete mode 100644 charts/screenshots_nasdaq/NEOG/NEOG_1H_20260925_071759.png
 create mode 100644 charts/screenshots_nasdaq/NEOG/NEOG_1H_20260926_072715.png
 delete mode 100644 charts/screenshots_nasdaq/NEOG/NEOG_4H_20260925_071759.png
 create mode 100644 charts/screenshots_nasdaq/NEOG/NEOG_4H_20260926_072715.png
 delete mode 100644 charts/screenshots_nasdaq/NEOG/NEOG_Daily_20260925_071759.png
 create mode 100644 charts/screenshots_nasdaq/NEOG/NEOG_Daily_20260926_072715.png
 delete mode 100644 charts/screenshots_nasdaq/NEOG/NEOG_Monthly_20260925_071759.png
 create mode 100644 charts/screenshots_nasdaq/NEOG/NEOG_Monthly_20260926_072715.png
 delete mode 100644 charts/screenshots_nasdaq/NEOG/NEOG_Weekly_20260925_071759.png
 create mode 100644 charts/screenshots_nasdaq/NEOG/NEOG_Weekly_20260926_072715.png
 delete mode 100644 charts/screenshots_nasdaq/NET/NET_1H_20260925_073241.png
 create mode 100644 charts/screenshots_nasdaq/NET/NET_1H_20260926_073547.png
 delete mode 100644 charts/screenshots_nasdaq/NET/NET_4H_20260925_073241.png
 create mode 100644 charts/screenshots_nasdaq/NET/NET_4H_20260926_073547.png
 delete mode 100644 charts/screenshots_nasdaq/NET/NET_Daily_20260925_073241.png
 create mode 100644 charts/screenshots_nasdaq/NET/NET_Daily_20260926_073547.png
 delete mode 100644 charts/screenshots_nasdaq/NET/NET_Monthly_20260925_073241.png
 create mode 100644 charts/screenshots_nasdaq/NET/NET_Monthly_20260926_073547.png
 delete mode 100644 charts/screenshots_nasdaq/NET/NET_Weekly_20260925_073241.png
 create mode 100644 charts/screenshots_nasdaq/NET/NET_Weekly_20260926_073547.png
 delete mode 100644 charts/screenshots_nasdaq/NKE/NKE_1H_20260925_074833.png
 create mode 100644 charts/screenshots_nasdaq/NKE/NKE_1H_20260926_080239.png
 delete mode 100644 charts/screenshots_nasdaq/NKE/NKE_4H_20260925_074833.png
 create mode 100644 charts/screenshots_nasdaq/NKE/NKE_4H_20260926_080239.png
 delete mode 100644 charts/screenshots_nasdaq/NKE/NKE_Daily_20260925_074833.png
 create mode 100644 charts/screenshots_nasdaq/NKE/NKE_Daily_20260926_080239.png
 delete mode 100644 charts/screenshots_nasdaq/NKE/NKE_Monthly_20260925_074833.png
 create mode 100644 charts/screenshots_nasdaq/NKE/NKE_Monthly_20260926_080239.png
 delete mode 100644 charts/screenshots_nasdaq/NKE/NKE_Weekly_20260925_074833.png
 create mode 100644 charts/screenshots_nasdaq/NKE/NKE_Weekly_20260926_080239.png
 create mode 100644 charts/screenshots_nasdaq/NTLA/NTLA_1H_20260926_082721.png
 create mode 100644 charts/screenshots_nasdaq/NTLA/NTLA_4H_20260926_082721.png
 create mode 100644 charts/screenshots_nasdaq/NTLA/NTLA_Daily_20260926_082721.png
 create mode 100644 charts/screenshots_nasdaq/NTLA/NTLA_Monthly_20260926_082721.png
 create mode 100644 charts/screenshots_nasdaq/NTLA/NTLA_Weekly_20260926_082721.png
 delete mode 100644 charts/screenshots_nasdaq/NTRA/NTRA_1H_20260925_071936.png
 create mode 100644 charts/screenshots_nasdaq/NTRA/NTRA_1H_20260926_074142.png
 delete mode 100644 charts/screenshots_nasdaq/NTRA/NTRA_4H_20260925_071936.png
 create mode 100644 charts/screenshots_nasdaq/NTRA/NTRA_4H_20260926_074142.png
 delete mode 100644 charts/screenshots_nasdaq/NTRA/NTRA_Daily_20260925_071936.png
 create mode 100644 charts/screenshots_nasdaq/NTRA/NTRA_Daily_20260926_074142.png
 delete mode 100644 charts/screenshots_nasdaq/NTRA/NTRA_Monthly_20260925_071936.png
 create mode 100644 charts/screenshots_nasdaq/NTRA/NTRA_Monthly_20260926_074142.png
 delete mode 100644 charts/screenshots_nasdaq/NTRA/NTRA_Weekly_20260925_071936.png
 create mode 100644 charts/screenshots_nasdaq/NTRA/NTRA_Weekly_20260926_074142.png
 create mode 100644 charts/screenshots_nasdaq/NUTX/NUTX_1H_20260926_072747.png
 create mode 100644 charts/screenshots_nasdaq/NUTX/NUTX_4H_20260926_072747.png
 create mode 100644 charts/screenshots_nasdaq/NUTX/NUTX_Daily_20260926_072747.png
 create mode 100644 charts/screenshots_nasdaq/NUTX/NUTX_Monthly_20260926_072747.png
 create mode 100644 charts/screenshots_nasdaq/NUTX/NUTX_Weekly_20260926_072747.png
 delete mode 100644 charts/screenshots_nasdaq/ODD/ODD_1H_20260925_073703.png
 create mode 100644 charts/screenshots_nasdaq/ODD/ODD_1H_20260926_074601.png
 delete mode 100644 charts/screenshots_nasdaq/ODD/ODD_4H_20260925_073703.png
 create mode 100644 charts/screenshots_nasdaq/ODD/ODD_4H_20260926_074601.png
 delete mode 100644 charts/screenshots_nasdaq/ODD/ODD_Daily_20260925_073703.png
 create mode 100644 charts/screenshots_nasdaq/ODD/ODD_Daily_20260926_074601.png
 delete mode 100644 charts/screenshots_nasdaq/ODD/ODD_Monthly_20260925_073703.png
 create mode 100644 charts/screenshots_nasdaq/ODD/ODD_Monthly_20260926_074601.png
 delete mode 100644 charts/screenshots_nasdaq/ODD/ODD_Weekly_20260925_073703.png
 create mode 100644 charts/screenshots_nasdaq/ODD/ODD_Weekly_20260926_074601.png
 delete mode 100644 charts/screenshots_nasdaq/OKLO/OKLO_1H_20260925_081909.png
 create mode 100644 charts/screenshots_nasdaq/OKLO/OKLO_1H_20260926_082753.png
 delete mode 100644 charts/screenshots_nasdaq/OKLO/OKLO_4H_20260925_081909.png
 create mode 100644 charts/screenshots_nasdaq/OKLO/OKLO_4H_20260926_082753.png
 delete mode 100644 charts/screenshots_nasdaq/OKLO/OKLO_Daily_20260925_081909.png
 create mode 100644 charts/screenshots_nasdaq/OKLO/OKLO_Daily_20260926_082753.png
 delete mode 100644 charts/screenshots_nasdaq/OKLO/OKLO_Monthly_20260925_081909.png
 create mode 100644 charts/screenshots_nasdaq/OKLO/OKLO_Monthly_20260926_082753.png
 delete mode 100644 charts/screenshots_nasdaq/OKLO/OKLO_Weekly_20260925_081909.png
 create mode 100644 charts/screenshots_nasdaq/OKLO/OKLO_Weekly_20260926_082753.png
 delete mode 100644 charts/screenshots_nasdaq/OKTA/OKTA_1H_20260925_072715.png
 delete mode 100644 charts/screenshots_nasdaq/OKTA/OKTA_4H_20260925_072715.png
 delete mode 100644 charts/screenshots_nasdaq/OKTA/OKTA_Daily_20260925_072715.png
 delete mode 100644 charts/screenshots_nasdaq/OKTA/OKTA_Monthly_20260925_072715.png
 delete mode 100644 charts/screenshots_nasdaq/OKTA/OKTA_Weekly_20260925_072715.png
 delete mode 100644 charts/screenshots_nasdaq/OPEN/OPEN_1H_20260925_075507.png
 create mode 100644 charts/screenshots_nasdaq/OPEN/OPEN_1H_20260926_080311.png
 delete mode 100644 charts/screenshots_nasdaq/OPEN/OPEN_4H_20260925_075507.png
 create mode 100644 charts/screenshots_nasdaq/OPEN/OPEN_4H_20260926_080311.png
 delete mode 100644 charts/screenshots_nasdaq/OPEN/OPEN_Daily_20260925_075507.png
 create mode 100644 charts/screenshots_nasdaq/OPEN/OPEN_Daily_20260926_080311.png
 delete mode 100644 charts/screenshots_nasdaq/OPEN/OPEN_Monthly_20260925_075507.png
 create mode 100644 charts/screenshots_nasdaq/OPEN/OPEN_Monthly_20260926_080311.png
 delete mode 100644 charts/screenshots_nasdaq/OPEN/OPEN_Weekly_20260925_075507.png
 create mode 100644 charts/screenshots_nasdaq/OPEN/OPEN_Weekly_20260926_080311.png
 delete mode 100644 charts/screenshots_nasdaq/ORCL/ORCL_1H_20260925_080458.png
 delete mode 100644 charts/screenshots_nasdaq/ORCL/ORCL_4H_20260925_080458.png
 delete mode 100644 charts/screenshots_nasdaq/ORCL/ORCL_Daily_20260925_080458.png
 delete mode 100644 charts/screenshots_nasdaq/ORCL/ORCL_Monthly_20260925_080458.png
 delete mode 100644 charts/screenshots_nasdaq/ORCL/ORCL_Weekly_20260925_080458.png
 create mode 100644 charts/screenshots_nasdaq/P/P_1H_20260926_074037.png
 create mode 100644 charts/screenshots_nasdaq/P/P_4H_20260926_074037.png
 create mode 100644 charts/screenshots_nasdaq/P/P_Daily_20260926_074037.png
 create mode 100644 charts/screenshots_nasdaq/P/P_Monthly_20260926_074037.png
 create mode 100644 charts/screenshots_nasdaq/P/P_Weekly_20260926_074037.png
 delete mode 100644 charts/screenshots_nasdaq/PATK/PATK_1H_20260925_075540.png
 create mode 100644 charts/screenshots_nasdaq/PATK/PATK_1H_20260926_081009.png
 delete mode 100644 charts/screenshots_nasdaq/PATK/PATK_4H_20260925_075540.png
 create mode 100644 charts/screenshots_nasdaq/PATK/PATK_4H_20260926_081009.png
 delete mode 100644 charts/screenshots_nasdaq/PATK/PATK_Daily_20260925_075540.png
 create mode 100644 charts/screenshots_nasdaq/PATK/PATK_Daily_20260926_081009.png
 delete mode 100644 charts/screenshots_nasdaq/PATK/PATK_Monthly_20260925_075540.png
 create mode 100644 charts/screenshots_nasdaq/PATK/PATK_Monthly_20260926_081009.png
 delete mode 100644 charts/screenshots_nasdaq/PATK/PATK_Weekly_20260925_075540.png
 create mode 100644 charts/screenshots_nasdaq/PATK/PATK_Weekly_20260926_081009.png
 create mode 100644 charts/screenshots_nasdaq/PCT/PCT_1H_20260926_075613.png
 create mode 100644 charts/screenshots_nasdaq/PCT/PCT_4H_20260926_075613.png
 create mode 100644 charts/screenshots_nasdaq/PCT/PCT_Daily_20260926_075613.png
 create mode 100644 charts/screenshots_nasdaq/PCT/PCT_Monthly_20260926_075613.png
 create mode 100644 charts/screenshots_nasdaq/PCT/PCT_Weekly_20260926_075613.png
 create mode 100644 charts/screenshots_nasdaq/PFSI/PFSI_1H_20260926_080343.png
 create mode 100644 charts/screenshots_nasdaq/PFSI/PFSI_4H_20260926_080343.png
 create mode 100644 charts/screenshots_nasdaq/PFSI/PFSI_Daily_20260926_080343.png
 create mode 100644 charts/screenshots_nasdaq/PFSI/PFSI_Monthly_20260926_080343.png
 create mode 100644 charts/screenshots_nasdaq/PFSI/PFSI_Weekly_20260926_080343.png
 delete mode 100644 charts/screenshots_nasdaq/PL/PL_1H_20260925_074411.png
 create mode 100644 charts/screenshots_nasdaq/PL/PL_1H_20260926_075822.png
 delete mode 100644 charts/screenshots_nasdaq/PL/PL_4H_20260925_074411.png
 create mode 100644 charts/screenshots_nasdaq/PL/PL_4H_20260926_075822.png
 delete mode 100644 charts/screenshots_nasdaq/PL/PL_Daily_20260925_074411.png
 create mode 100644 charts/screenshots_nasdaq/PL/PL_Daily_20260926_075822.png
 delete mode 100644 charts/screenshots_nasdaq/PL/PL_Monthly_20260925_074411.png
 create mode 100644 charts/screenshots_nasdaq/PL/PL_Monthly_20260926_075822.png
 delete mode 100644 charts/screenshots_nasdaq/PL/PL_Weekly_20260925_074411.png
 create mode 100644 charts/screenshots_nasdaq/PL/PL_Weekly_20260926_075822.png
 create mode 100644 charts/screenshots_nasdaq/PLAY/PLAY_1H_20260926_075750.png
 create mode 100644 charts/screenshots_nasdaq/PLAY/PLAY_4H_20260926_075750.png
 create mode 100644 charts/screenshots_nasdaq/PLAY/PLAY_Daily_20260926_075750.png
 create mode 100644 charts/screenshots_nasdaq/PLAY/PLAY_Monthly_20260926_075750.png
 create mode 100644 charts/screenshots_nasdaq/PLAY/PLAY_Weekly_20260926_075750.png
 create mode 100644 charts/screenshots_nasdaq/PLNT/PLNT_1H_20260926_080415.png
 create mode 100644 charts/screenshots_nasdaq/PLNT/PLNT_4H_20260926_080415.png
 create mode 100644 charts/screenshots_nasdaq/PLNT/PLNT_Daily_20260926_080415.png
 create mode 100644 charts/screenshots_nasdaq/PLNT/PLNT_Monthly_20260926_080415.png
 create mode 100644 charts/screenshots_nasdaq/PLNT/PLNT_Weekly_20260926_080415.png
 create mode 100644 charts/screenshots_nasdaq/PLUG/PLUG_1H_20260926_081813.png
 create mode 100644 charts/screenshots_nasdaq/PLUG/PLUG_4H_20260926_081813.png
 create mode 100644 charts/screenshots_nasdaq/PLUG/PLUG_Daily_20260926_081813.png
 create mode 100644 charts/screenshots_nasdaq/PLUG/PLUG_Monthly_20260926_081813.png
 create mode 100644 charts/screenshots_nasdaq/PLUG/PLUG_Weekly_20260926_081813.png
 delete mode 100644 charts/screenshots_nasdaq/PNR/PNR_1H_20260925_075612.png
 create mode 100644 charts/screenshots_nasdaq/PNR/PNR_1H_20260926_080447.png
 delete mode 100644 charts/screenshots_nasdaq/PNR/PNR_4H_20260925_075612.png
 create mode 100644 charts/screenshots_nasdaq/PNR/PNR_4H_20260926_080447.png
 delete mode 100644 charts/screenshots_nasdaq/PNR/PNR_Daily_20260925_075612.png
 create mode 100644 charts/screenshots_nasdaq/PNR/PNR_Daily_20260926_080447.png
 delete mode 100644 charts/screenshots_nasdaq/PNR/PNR_Monthly_20260925_075612.png
 create mode 100644 charts/screenshots_nasdaq/PNR/PNR_Monthly_20260926_080447.png
 delete mode 100644 charts/screenshots_nasdaq/PNR/PNR_Weekly_20260925_075612.png
 create mode 100644 charts/screenshots_nasdaq/PNR/PNR_Weekly_20260926_080447.png
 delete mode 100644 charts/screenshots_nasdaq/PODD/PODD_1H_20260925_081340.png
 create mode 100644 charts/screenshots_nasdaq/PODD/PODD_1H_20260926_081603.png
 delete mode 100644 charts/screenshots_nasdaq/PODD/PODD_4H_20260925_081340.png
 create mode 100644 charts/screenshots_nasdaq/PODD/PODD_4H_20260926_081603.png
 delete mode 100644 charts/screenshots_nasdaq/PODD/PODD_Daily_20260925_081340.png
 create mode 100644 charts/screenshots_nasdaq/PODD/PODD_Daily_20260926_081603.png
 delete mode 100644 charts/screenshots_nasdaq/PODD/PODD_Monthly_20260925_081340.png
 create mode 100644 charts/screenshots_nasdaq/PODD/PODD_Monthly_20260926_081603.png
 delete mode 100644 charts/screenshots_nasdaq/PODD/PODD_Weekly_20260925_081340.png
 create mode 100644 charts/screenshots_nasdaq/PODD/PODD_Weekly_20260926_081603.png
 create mode 100644 charts/screenshots_nasdaq/PRCT/PRCT_1H_20260926_080519.png
 create mode 100644 charts/screenshots_nasdaq/PRCT/PRCT_4H_20260926_080519.png
 create mode 100644 charts/screenshots_nasdaq/PRCT/PRCT_Daily_20260926_080519.png
 create mode 100644 charts/screenshots_nasdaq/PRCT/PRCT_Monthly_20260926_080519.png
 create mode 100644 charts/screenshots_nasdaq/PRCT/PRCT_Weekly_20260926_080519.png
 create mode 100644 charts/screenshots_nasdaq/PRIM/PRIM_1H_20260926_081845.png
 create mode 100644 charts/screenshots_nasdaq/PRIM/PRIM_4H_20260926_081845.png
 create mode 100644 charts/screenshots_nasdaq/PRIM/PRIM_Daily_20260926_081845.png
 create mode 100644 charts/screenshots_nasdaq/PRIM/PRIM_Monthly_20260926_081845.png
 create mode 100644 charts/screenshots_nasdaq/PRIM/PRIM_Weekly_20260926_081845.png
 delete mode 100644 charts/screenshots_nasdaq/PZZA/PZZA_1H_20260925_075645.png
 create mode 100644 charts/screenshots_nasdaq/PZZA/PZZA_1H_20260926_075645.png
 delete mode 100644 charts/screenshots_nasdaq/PZZA/PZZA_4H_20260925_075645.png
 create mode 100644 charts/screenshots_nasdaq/PZZA/PZZA_4H_20260926_075645.png
 delete mode 100644 charts/screenshots_nasdaq/PZZA/PZZA_Daily_20260925_075645.png
 create mode 100644 charts/screenshots_nasdaq/PZZA/PZZA_Daily_20260926_075645.png
 delete mode 100644 charts/screenshots_nasdaq/PZZA/PZZA_Monthly_20260925_075645.png
 create mode 100644 charts/screenshots_nasdaq/PZZA/PZZA_Monthly_20260926_075645.png
 delete mode 100644 charts/screenshots_nasdaq/PZZA/PZZA_Weekly_20260925_075645.png
 create mode 100644 charts/screenshots_nasdaq/PZZA/PZZA_Weekly_20260926_075645.png
 delete mode 100644 charts/screenshots_nasdaq/QMCO/QMCO_1H_20260925_071653.png
 create mode 100644 charts/screenshots_nasdaq/QMCO/QMCO_1H_20260926_074214.png
 delete mode 100644 charts/screenshots_nasdaq/QMCO/QMCO_4H_20260925_071653.png
 create mode 100644 charts/screenshots_nasdaq/QMCO/QMCO_4H_20260926_074214.png
 delete mode 100644 charts/screenshots_nasdaq/QMCO/QMCO_Daily_20260925_071653.png
 create mode 100644 charts/screenshots_nasdaq/QMCO/QMCO_Daily_20260926_074214.png
 delete mode 100644 charts/screenshots_nasdaq/QMCO/QMCO_Monthly_20260925_071653.png
 create mode 100644 charts/screenshots_nasdaq/QMCO/QMCO_Monthly_20260926_074214.png
 delete mode 100644 charts/screenshots_nasdaq/QMCO/QMCO_Weekly_20260925_071653.png
 create mode 100644 charts/screenshots_nasdaq/QMCO/QMCO_Weekly_20260926_074214.png
 create mode 100644 charts/screenshots_nasdaq/QRVO/QRVO_1H_20260926_072819.png
 create mode 100644 charts/screenshots_nasdaq/QRVO/QRVO_4H_20260926_072819.png
 create mode 100644 charts/screenshots_nasdaq/QRVO/QRVO_Daily_20260926_072819.png
 create mode 100644 charts/screenshots_nasdaq/QRVO/QRVO_Monthly_20260926_072819.png
 create mode 100644 charts/screenshots_nasdaq/QRVO/QRVO_Weekly_20260926_072819.png
 delete mode 100644 charts/screenshots_nasdaq/QS/QS_1H_20260925_080814.png
 create mode 100644 charts/screenshots_nasdaq/QS/QS_1H_20260926_081918.png
 delete mode 100644 charts/screenshots_nasdaq/QS/QS_4H_20260925_080814.png
 create mode 100644 charts/screenshots_nasdaq/QS/QS_4H_20260926_081918.png
 delete mode 100644 charts/screenshots_nasdaq/QS/QS_Daily_20260925_080814.png
 create mode 100644 charts/screenshots_nasdaq/QS/QS_Daily_20260926_081918.png
 delete mode 100644 charts/screenshots_nasdaq/QS/QS_Monthly_20260925_080814.png
 create mode 100644 charts/screenshots_nasdaq/QS/QS_Monthly_20260926_081918.png
 delete mode 100644 charts/screenshots_nasdaq/QS/QS_Weekly_20260925_080814.png
 create mode 100644 charts/screenshots_nasdaq/QS/QS_Weekly_20260926_081918.png
 delete mode 100644 charts/screenshots_nasdaq/QXO/QXO_1H_20260925_080530.png
 delete mode 100644 charts/screenshots_nasdaq/QXO/QXO_4H_20260925_080530.png
 delete mode 100644 charts/screenshots_nasdaq/QXO/QXO_Daily_20260925_080530.png
 delete mode 100644 charts/screenshots_nasdaq/QXO/QXO_Monthly_20260925_080530.png
 delete mode 100644 charts/screenshots_nasdaq/QXO/QXO_Weekly_20260925_080530.png
 delete mode 100644 charts/screenshots_nasdaq/RBLX/RBLX_1H_20260925_073557.png
 create mode 100644 charts/screenshots_nasdaq/RBLX/RBLX_1H_20260926_073235.png
 delete mode 100644 charts/screenshots_nasdaq/RBLX/RBLX_4H_20260925_073557.png
 create mode 100644 charts/screenshots_nasdaq/RBLX/RBLX_4H_20260926_073235.png
 delete mode 100644 charts/screenshots_nasdaq/RBLX/RBLX_Daily_20260925_073557.png
 create mode 100644 charts/screenshots_nasdaq/RBLX/RBLX_Daily_20260926_073235.png
 delete mode 100644 charts/screenshots_nasdaq/RBLX/RBLX_Monthly_20260925_073557.png
 create mode 100644 charts/screenshots_nasdaq/RBLX/RBLX_Monthly_20260926_073235.png
 delete mode 100644 charts/screenshots_nasdaq/RBLX/RBLX_Weekly_20260925_073557.png
 create mode 100644 charts/screenshots_nasdaq/RBLX/RBLX_Weekly_20260926_073235.png
 delete mode 100644 charts/screenshots_nasdaq/RBRK/RBRK_1H_20260925_072431.png
 delete mode 100644 charts/screenshots_nasdaq/RBRK/RBRK_4H_20260925_072431.png
 delete mode 100644 charts/screenshots_nasdaq/RBRK/RBRK_Daily_20260925_072431.png
 delete mode 100644 charts/screenshots_nasdaq/RBRK/RBRK_Monthly_20260925_072431.png
 delete mode 100644 charts/screenshots_nasdaq/RBRK/RBRK_Weekly_20260925_072431.png
 delete mode 100644 charts/screenshots_nasdaq/RNG/RNG_1H_20260925_072642.png
 delete mode 100644 charts/screenshots_nasdaq/RNG/RNG_4H_20260925_072642.png
 delete mode 100644 charts/screenshots_nasdaq/RNG/RNG_Daily_20260925_072642.png
 delete mode 100644 charts/screenshots_nasdaq/RNG/RNG_Monthly_20260925_072642.png
 delete mode 100644 charts/screenshots_nasdaq/RNG/RNG_Weekly_20260925_072642.png
 create mode 100644 charts/screenshots_nasdaq/RUN/RUN_1H_20260926_081950.png
 create mode 100644 charts/screenshots_nasdaq/RUN/RUN_4H_20260926_081950.png
 create mode 100644 charts/screenshots_nasdaq/RUN/RUN_Daily_20260926_081950.png
 create mode 100644 charts/screenshots_nasdaq/RUN/RUN_Monthly_20260926_081950.png
 create mode 100644 charts/screenshots_nasdaq/RUN/RUN_Weekly_20260926_081950.png
 delete mode 100644 charts/screenshots_nasdaq/RVTY/RVTY_1H_20260925_071515.png
 create mode 100644 charts/screenshots_nasdaq/RVTY/RVTY_1H_20260926_073203.png
 delete mode 100644 charts/screenshots_nasdaq/RVTY/RVTY_4H_20260925_071515.png
 create mode 100644 charts/screenshots_nasdaq/RVTY/RVTY_4H_20260926_073203.png
 delete mode 100644 charts/screenshots_nasdaq/RVTY/RVTY_Daily_20260925_071515.png
 create mode 100644 charts/screenshots_nasdaq/RVTY/RVTY_Daily_20260926_073203.png
 delete mode 100644 charts/screenshots_nasdaq/RVTY/RVTY_Monthly_20260925_071515.png
 create mode 100644 charts/screenshots_nasdaq/RVTY/RVTY_Monthly_20260926_073203.png
 delete mode 100644 charts/screenshots_nasdaq/RVTY/RVTY_Weekly_20260925_071515.png
 create mode 100644 charts/screenshots_nasdaq/RVTY/RVTY_Weekly_20260926_073203.png
 delete mode 100644 charts/screenshots_nasdaq/S/S_1H_20260925_072504.png
 delete mode 100644 charts/screenshots_nasdaq/S/S_4H_20260925_072504.png
 delete mode 100644 charts/screenshots_nasdaq/S/S_Daily_20260925_072504.png
 delete mode 100644 charts/screenshots_nasdaq/S/S_Monthly_20260925_072504.png
 delete mode 100644 charts/screenshots_nasdaq/S/S_Weekly_20260925_072504.png
 delete mode 100644 charts/screenshots_nasdaq/SDGR/SDGR_1H_20260925_072747.png
 delete mode 100644 charts/screenshots_nasdaq/SDGR/SDGR_4H_20260925_072747.png
 delete mode 100644 charts/screenshots_nasdaq/SDGR/SDGR_Daily_20260925_072747.png
 delete mode 100644 charts/screenshots_nasdaq/SDGR/SDGR_Monthly_20260925_072747.png
 delete mode 100644 charts/screenshots_nasdaq/SDGR/SDGR_Weekly_20260925_072747.png
 delete mode 100644 charts/screenshots_nasdaq/SEDG/SEDG_1H_20260925_081942.png
 delete mode 100644 charts/screenshots_nasdaq/SEDG/SEDG_4H_20260925_081942.png
 delete mode 100644 charts/screenshots_nasdaq/SEDG/SEDG_Daily_20260925_081942.png
 delete mode 100644 charts/screenshots_nasdaq/SEDG/SEDG_Monthly_20260925_081942.png
 delete mode 100644 charts/screenshots_nasdaq/SEDG/SEDG_Weekly_20260925_081942.png
 create mode 100644 charts/screenshots_nasdaq/SGML/SGML_1H_20260926_081041.png
 create mode 100644 charts/screenshots_nasdaq/SGML/SGML_4H_20260926_081041.png
 create mode 100644 charts/screenshots_nasdaq/SGML/SGML_Daily_20260926_081041.png
 create mode 100644 charts/screenshots_nasdaq/SGML/SGML_Monthly_20260926_081041.png
 create mode 100644 charts/screenshots_nasdaq/SGML/SGML_Weekly_20260926_081041.png
 delete mode 100644 charts/screenshots_nasdaq/SMPL/SMPL_1H_20260925_081413.png
 create mode 100644 charts/screenshots_nasdaq/SMPL/SMPL_1H_20260926_082825.png
 delete mode 100644 charts/screenshots_nasdaq/SMPL/SMPL_4H_20260925_081413.png
 create mode 100644 charts/screenshots_nasdaq/SMPL/SMPL_4H_20260926_082825.png
 delete mode 100644 charts/screenshots_nasdaq/SMPL/SMPL_Daily_20260925_081413.png
 create mode 100644 charts/screenshots_nasdaq/SMPL/SMPL_Daily_20260926_082825.png
 delete mode 100644 charts/screenshots_nasdaq/SMPL/SMPL_Monthly_20260925_081413.png
 create mode 100644 charts/screenshots_nasdaq/SMPL/SMPL_Monthly_20260926_082825.png
 delete mode 100644 charts/screenshots_nasdaq/SMPL/SMPL_Weekly_20260925_081413.png
 create mode 100644 charts/screenshots_nasdaq/SMPL/SMPL_Weekly_20260926_082825.png
 delete mode 100644 charts/screenshots_nasdaq/SMR/SMR_1H_20260925_081446.png
 create mode 100644 charts/screenshots_nasdaq/SMR/SMR_1H_20260926_082857.png
 delete mode 100644 charts/screenshots_nasdaq/SMR/SMR_4H_20260925_081446.png
 create mode 100644 charts/screenshots_nasdaq/SMR/SMR_4H_20260926_082857.png
 delete mode 100644 charts/screenshots_nasdaq/SMR/SMR_Daily_20260925_081446.png
 create mode 100644 charts/screenshots_nasdaq/SMR/SMR_Daily_20260926_082857.png
 delete mode 100644 charts/screenshots_nasdaq/SMR/SMR_Monthly_20260925_081446.png
 create mode 100644 charts/screenshots_nasdaq/SMR/SMR_Monthly_20260926_082857.png
 delete mode 100644 charts/screenshots_nasdaq/SMR/SMR_Weekly_20260925_081446.png
 create mode 100644 charts/screenshots_nasdaq/SMR/SMR_Weekly_20260926_082857.png
 create mode 100644 charts/screenshots_nasdaq/SMTC/SMTC_1H_20260926_073619.png
 create mode 100644 charts/screenshots_nasdaq/SMTC/SMTC_4H_20260926_073619.png
 create mode 100644 charts/screenshots_nasdaq/SMTC/SMTC_Daily_20260926_073619.png
 create mode 100644 charts/screenshots_nasdaq/SMTC/SMTC_Monthly_20260926_073619.png
 create mode 100644 charts/screenshots_nasdaq/SMTC/SMTC_Weekly_20260926_073619.png
 delete mode 100644 charts/screenshots_nasdaq/SOUN/SOUN_1H_20260925_081519.png
 create mode 100644 charts/screenshots_nasdaq/SOUN/SOUN_1H_20260926_082022.png
 delete mode 100644 charts/screenshots_nasdaq/SOUN/SOUN_4H_20260925_081519.png
 create mode 100644 charts/screenshots_nasdaq/SOUN/SOUN_4H_20260926_082022.png
 delete mode 100644 charts/screenshots_nasdaq/SOUN/SOUN_Daily_20260925_081519.png
 create mode 100644 charts/screenshots_nasdaq/SOUN/SOUN_Daily_20260926_082022.png
 delete mode 100644 charts/screenshots_nasdaq/SOUN/SOUN_Monthly_20260925_081519.png
 create mode 100644 charts/screenshots_nasdaq/SOUN/SOUN_Monthly_20260926_082022.png
 delete mode 100644 charts/screenshots_nasdaq/SOUN/SOUN_Weekly_20260925_081519.png
 create mode 100644 charts/screenshots_nasdaq/SOUN/SOUN_Weekly_20260926_082022.png
 create mode 100644 charts/screenshots_nasdaq/STLA/STLA_1H_20260926_082930.png
 create mode 100644 charts/screenshots_nasdaq/STLA/STLA_4H_20260926_082930.png
 create mode 100644 charts/screenshots_nasdaq/STLA/STLA_Daily_20260926_082930.png
 create mode 100644 charts/screenshots_nasdaq/STLA/STLA_Monthly_20260926_082930.png
 create mode 100644 charts/screenshots_nasdaq/STLA/STLA_Weekly_20260926_082930.png
 create mode 100644 charts/screenshots_nasdaq/STUB/STUB_1H_20260926_075718.png
 create mode 100644 charts/screenshots_nasdaq/STUB/STUB_4H_20260926_075718.png
 create mode 100644 charts/screenshots_nasdaq/STUB/STUB_Daily_20260926_075718.png
 create mode 100644 charts/screenshots_nasdaq/STUB/STUB_Monthly_20260926_075718.png
 create mode 100644 charts/screenshots_nasdaq/STUB/STUB_Weekly_20260926_075718.png
 delete mode 100644 charts/screenshots_nasdaq/SUNE/SUNE_1H_20260925_074020.png
 create mode 100644 charts/screenshots_nasdaq/SUNE/SUNE_1H_20260926_074914.png
 delete mode 100644 charts/screenshots_nasdaq/SUNE/SUNE_4H_20260925_074020.png
 create mode 100644 charts/screenshots_nasdaq/SUNE/SUNE_4H_20260926_074914.png
 delete mode 100644 charts/screenshots_nasdaq/SUNE/SUNE_Daily_20260925_074020.png
 create mode 100644 charts/screenshots_nasdaq/SUNE/SUNE_Daily_20260926_074914.png
 delete mode 100644 charts/screenshots_nasdaq/SUNE/SUNE_Monthly_20260925_074020.png
 create mode 100644 charts/screenshots_nasdaq/SUNE/SUNE_Monthly_20260926_074914.png
 delete mode 100644 charts/screenshots_nasdaq/SUNE/SUNE_Weekly_20260925_074020.png
 create mode 100644 charts/screenshots_nasdaq/SUNE/SUNE_Weekly_20260926_074914.png
 create mode 100644 charts/screenshots_nasdaq/SWMR/SWMR_1H_20260926_082055.png
 create mode 100644 charts/screenshots_nasdaq/SWMR/SWMR_4H_20260926_082055.png
 create mode 100644 charts/screenshots_nasdaq/SWMR/SWMR_Daily_20260926_082055.png
 create mode 100644 charts/screenshots_nasdaq/SWMR/SWMR_Monthly_20260926_082055.png
 create mode 100644 charts/screenshots_nasdaq/SWMR/SWMR_Weekly_20260926_082055.png
 delete mode 100644 charts/screenshots_nasdaq/TH/TH_1H_20260925_072537.png
 delete mode 100644 charts/screenshots_nasdaq/TH/TH_4H_20260925_072537.png
 delete mode 100644 charts/screenshots_nasdaq/TH/TH_Daily_20260925_072537.png
 delete mode 100644 charts/screenshots_nasdaq/TH/TH_Monthly_20260925_072537.png
 delete mode 100644 charts/screenshots_nasdaq/TH/TH_Weekly_20260925_072537.png
 delete mode 100644 charts/screenshots_nasdaq/TPB/TPB_1H_20260925_074622.png
 create mode 100644 charts/screenshots_nasdaq/TPB/TPB_1H_20260926_075404.png
 delete mode 100644 charts/screenshots_nasdaq/TPB/TPB_4H_20260925_074622.png
 create mode 100644 charts/screenshots_nasdaq/TPB/TPB_4H_20260926_075404.png
 delete mode 100644 charts/screenshots_nasdaq/TPB/TPB_Daily_20260925_074622.png
 create mode 100644 charts/screenshots_nasdaq/TPB/TPB_Daily_20260926_075404.png
 delete mode 100644 charts/screenshots_nasdaq/TPB/TPB_Monthly_20260925_074622.png
 create mode 100644 charts/screenshots_nasdaq/TPB/TPB_Monthly_20260926_075404.png
 delete mode 100644 charts/screenshots_nasdaq/TPB/TPB_Weekly_20260925_074622.png
 create mode 100644 charts/screenshots_nasdaq/TPB/TPB_Weekly_20260926_075404.png
 delete mode 100644 charts/screenshots_nasdaq/TRIP/TRIP_1H_20260925_074906.png
 create mode 100644 charts/screenshots_nasdaq/TRIP/TRIP_1H_20260926_081113.png
 delete mode 100644 charts/screenshots_nasdaq/TRIP/TRIP_4H_20260925_074906.png
 create mode 100644 charts/screenshots_nasdaq/TRIP/TRIP_4H_20260926_081113.png
 delete mode 100644 charts/screenshots_nasdaq/TRIP/TRIP_Daily_20260925_074906.png
 create mode 100644 charts/screenshots_nasdaq/TRIP/TRIP_Daily_20260926_081113.png
 delete mode 100644 charts/screenshots_nasdaq/TRIP/TRIP_Monthly_20260925_074906.png
 create mode 100644 charts/screenshots_nasdaq/TRIP/TRIP_Monthly_20260926_081113.png
 delete mode 100644 charts/screenshots_nasdaq/TRIP/TRIP_Weekly_20260925_074906.png
 create mode 100644 charts/screenshots_nasdaq/TRIP/TRIP_Weekly_20260926_081113.png
 delete mode 100644 charts/screenshots_nasdaq/TWLO/TWLO_1H_20260925_072253.png
 delete mode 100644 charts/screenshots_nasdaq/TWLO/TWLO_4H_20260925_072253.png
 delete mode 100644 charts/screenshots_nasdaq/TWLO/TWLO_Daily_20260925_072253.png
 delete mode 100644 charts/screenshots_nasdaq/TWLO/TWLO_Monthly_20260925_072253.png
 delete mode 100644 charts/screenshots_nasdaq/TWLO/TWLO_Weekly_20260925_072253.png
 delete mode 100644 charts/screenshots_nasdaq/TWST/TWST_1H_20260925_071620.png
 create mode 100644 charts/screenshots_nasdaq/TWST/TWST_1H_20260926_073339.png
 delete mode 100644 charts/screenshots_nasdaq/TWST/TWST_4H_20260925_071620.png
 create mode 100644 charts/screenshots_nasdaq/TWST/TWST_4H_20260926_073339.png
 delete mode 100644 charts/screenshots_nasdaq/TWST/TWST_Daily_20260925_071620.png
 create mode 100644 charts/screenshots_nasdaq/TWST/TWST_Daily_20260926_073339.png
 delete mode 100644 charts/screenshots_nasdaq/TWST/TWST_Monthly_20260925_071620.png
 create mode 100644 charts/screenshots_nasdaq/TWST/TWST_Monthly_20260926_073339.png
 delete mode 100644 charts/screenshots_nasdaq/TWST/TWST_Weekly_20260925_071620.png
 create mode 100644 charts/screenshots_nasdaq/TWST/TWST_Weekly_20260926_073339.png
 delete mode 100644 charts/screenshots_nasdaq/TXG/TXG_1H_20260925_071547.png
 create mode 100644 charts/screenshots_nasdaq/TXG/TXG_1H_20260926_073412.png
 delete mode 100644 charts/screenshots_nasdaq/TXG/TXG_4H_20260925_071547.png
 create mode 100644 charts/screenshots_nasdaq/TXG/TXG_4H_20260926_073412.png
 delete mode 100644 charts/screenshots_nasdaq/TXG/TXG_Daily_20260925_071547.png
 create mode 100644 charts/screenshots_nasdaq/TXG/TXG_Daily_20260926_073412.png
 delete mode 100644 charts/screenshots_nasdaq/TXG/TXG_Monthly_20260925_071547.png
 create mode 100644 charts/screenshots_nasdaq/TXG/TXG_Monthly_20260926_073412.png
 delete mode 100644 charts/screenshots_nasdaq/TXG/TXG_Weekly_20260925_071547.png
 create mode 100644 charts/screenshots_nasdaq/TXG/TXG_Weekly_20260926_073412.png
 delete mode 100644 charts/screenshots_nasdaq/UAMY/UAMY_1H_20260925_081552.png
 create mode 100644 charts/screenshots_nasdaq/UAMY/UAMY_1H_20260926_082127.png
 delete mode 100644 charts/screenshots_nasdaq/UAMY/UAMY_4H_20260925_081552.png
 create mode 100644 charts/screenshots_nasdaq/UAMY/UAMY_4H_20260926_082127.png
 delete mode 100644 charts/screenshots_nasdaq/UAMY/UAMY_Daily_20260925_081552.png
 create mode 100644 charts/screenshots_nasdaq/UAMY/UAMY_Daily_20260926_082127.png
 delete mode 100644 charts/screenshots_nasdaq/UAMY/UAMY_Monthly_20260925_081552.png
 create mode 100644 charts/screenshots_nasdaq/UAMY/UAMY_Monthly_20260926_082127.png
 delete mode 100644 charts/screenshots_nasdaq/UAMY/UAMY_Weekly_20260925_081552.png
 create mode 100644 charts/screenshots_nasdaq/UAMY/UAMY_Weekly_20260926_082127.png
 delete mode 100644 charts/screenshots_nasdaq/UEC/UEC_1H_20260925_075717.png
 create mode 100644 charts/screenshots_nasdaq/UEC/UEC_1H_20260926_080552.png
 delete mode 100644 charts/screenshots_nasdaq/UEC/UEC_4H_20260925_075717.png
 create mode 100644 charts/screenshots_nasdaq/UEC/UEC_4H_20260926_080552.png
 delete mode 100644 charts/screenshots_nasdaq/UEC/UEC_Daily_20260925_075717.png
 create mode 100644 charts/screenshots_nasdaq/UEC/UEC_Daily_20260926_080552.png
 delete mode 100644 charts/screenshots_nasdaq/UEC/UEC_Monthly_20260925_075717.png
 create mode 100644 charts/screenshots_nasdaq/UEC/UEC_Monthly_20260926_080552.png
 delete mode 100644 charts/screenshots_nasdaq/UEC/UEC_Weekly_20260925_075717.png
 create mode 100644 charts/screenshots_nasdaq/UEC/UEC_Weekly_20260926_080552.png
 delete mode 100644 charts/screenshots_nasdaq/UGP/UGP_1H_20260925_072114.png
 delete mode 100644 charts/screenshots_nasdaq/UGP/UGP_4H_20260925_072114.png
 delete mode 100644 charts/screenshots_nasdaq/UGP/UGP_Daily_20260925_072114.png
 delete mode 100644 charts/screenshots_nasdaq/UGP/UGP_Monthly_20260925_072114.png
 delete mode 100644 charts/screenshots_nasdaq/UGP/UGP_Weekly_20260925_072114.png
 delete mode 100644 charts/screenshots_nasdaq/UPST/UPST_1H_20260925_075750.png
 create mode 100644 charts/screenshots_nasdaq/UPST/UPST_1H_20260926_082159.png
 delete mode 100644 charts/screenshots_nasdaq/UPST/UPST_4H_20260925_075750.png
 create mode 100644 charts/screenshots_nasdaq/UPST/UPST_4H_20260926_082159.png
 delete mode 100644 charts/screenshots_nasdaq/UPST/UPST_Daily_20260925_075750.png
 create mode 100644 charts/screenshots_nasdaq/UPST/UPST_Daily_20260926_082159.png
 delete mode 100644 charts/screenshots_nasdaq/UPST/UPST_Monthly_20260925_075750.png
 create mode 100644 charts/screenshots_nasdaq/UPST/UPST_Monthly_20260926_082159.png
 delete mode 100644 charts/screenshots_nasdaq/UPST/UPST_Weekly_20260925_075750.png
 create mode 100644 charts/screenshots_nasdaq/UPST/UPST_Weekly_20260926_082159.png
 delete mode 100644 charts/screenshots_nasdaq/USAR/USAR_1H_20260925_081625.png
 delete mode 100644 charts/screenshots_nasdaq/USAR/USAR_4H_20260925_081625.png
 delete mode 100644 charts/screenshots_nasdaq/USAR/USAR_Daily_20260925_081625.png
 delete mode 100644 charts/screenshots_nasdaq/USAR/USAR_Monthly_20260925_081625.png
 delete mode 100644 charts/screenshots_nasdaq/USAR/USAR_Weekly_20260925_081625.png
 delete mode 100644 charts/screenshots_nasdaq/UTI/UTI_1H_20260925_080245.png
 create mode 100644 charts/screenshots_nasdaq/UTI/UTI_1H_20260926_081145.png
 delete mode 100644 charts/screenshots_nasdaq/UTI/UTI_4H_20260925_080245.png
 create mode 100644 charts/screenshots_nasdaq/UTI/UTI_4H_20260926_081145.png
 delete mode 100644 charts/screenshots_nasdaq/UTI/UTI_Daily_20260925_080245.png
 create mode 100644 charts/screenshots_nasdaq/UTI/UTI_Daily_20260926_081145.png
 delete mode 100644 charts/screenshots_nasdaq/UTI/UTI_Monthly_20260925_080245.png
 create mode 100644 charts/screenshots_nasdaq/UTI/UTI_Monthly_20260926_081145.png
 delete mode 100644 charts/screenshots_nasdaq/UTI/UTI_Weekly_20260925_080245.png
 create mode 100644 charts/screenshots_nasdaq/UTI/UTI_Weekly_20260926_081145.png
 delete mode 100644 charts/screenshots_nasdaq/UUUU/UUUU_1H_20260925_080847.png
 create mode 100644 charts/screenshots_nasdaq/UUUU/UUUU_1H_20260926_082231.png
 delete mode 100644 charts/screenshots_nasdaq/UUUU/UUUU_4H_20260925_080847.png
 create mode 100644 charts/screenshots_nasdaq/UUUU/UUUU_4H_20260926_082231.png
 delete mode 100644 charts/screenshots_nasdaq/UUUU/UUUU_Daily_20260925_080847.png
 create mode 100644 charts/screenshots_nasdaq/UUUU/UUUU_Daily_20260926_082231.png
 delete mode 100644 charts/screenshots_nasdaq/UUUU/UUUU_Monthly_20260925_080847.png
 create mode 100644 charts/screenshots_nasdaq/UUUU/UUUU_Monthly_20260926_082231.png
 delete mode 100644 charts/screenshots_nasdaq/UUUU/UUUU_Weekly_20260925_080847.png
 create mode 100644 charts/screenshots_nasdaq/UUUU/UUUU_Weekly_20260926_082231.png
 create mode 100644 charts/screenshots_nasdaq/VEEE/VEEE_1H_20260926_074737.png
 create mode 100644 charts/screenshots_nasdaq/VEEE/VEEE_4H_20260926_074737.png
 create mode 100644 charts/screenshots_nasdaq/VEEE/VEEE_Daily_20260926_074737.png
 create mode 100644 charts/screenshots_nasdaq/VEEE/VEEE_Monthly_20260926_074737.png
 create mode 100644 charts/screenshots_nasdaq/VEEE/VEEE_Weekly_20260926_074737.png
 delete mode 100644 charts/screenshots_nasdaq/VOR/VOR_1H_20260925_073347.png
 create mode 100644 charts/screenshots_nasdaq/VOR/VOR_1H_20260926_074350.png
 delete mode 100644 charts/screenshots_nasdaq/VOR/VOR_4H_20260925_073347.png
 create mode 100644 charts/screenshots_nasdaq/VOR/VOR_4H_20260926_074350.png
 delete mode 100644 charts/screenshots_nasdaq/VOR/VOR_Daily_20260925_073347.png
 create mode 100644 charts/screenshots_nasdaq/VOR/VOR_Daily_20260926_074350.png
 delete mode 100644 charts/screenshots_nasdaq/VOR/VOR_Monthly_20260925_073347.png
 create mode 100644 charts/screenshots_nasdaq/VOR/VOR_Monthly_20260926_074350.png
 delete mode 100644 charts/screenshots_nasdaq/VOR/VOR_Weekly_20260925_073347.png
 create mode 100644 charts/screenshots_nasdaq/VOR/VOR_Weekly_20260926_074350.png
 delete mode 100644 charts/screenshots_nasdaq/VRRM/VRRM_1H_20260925_075328.png
 create mode 100644 charts/screenshots_nasdaq/VRRM/VRRM_1H_20260926_080624.png
 delete mode 100644 charts/screenshots_nasdaq/VRRM/VRRM_4H_20260925_075328.png
 create mode 100644 charts/screenshots_nasdaq/VRRM/VRRM_4H_20260926_080624.png
 delete mode 100644 charts/screenshots_nasdaq/VRRM/VRRM_Daily_20260925_075328.png
 create mode 100644 charts/screenshots_nasdaq/VRRM/VRRM_Daily_20260926_080624.png
 delete mode 100644 charts/screenshots_nasdaq/VRRM/VRRM_Monthly_20260925_075328.png
 create mode 100644 charts/screenshots_nasdaq/VRRM/VRRM_Monthly_20260926_080624.png
 delete mode 100644 charts/screenshots_nasdaq/VRRM/VRRM_Weekly_20260925_075328.png
 create mode 100644 charts/screenshots_nasdaq/VRRM/VRRM_Weekly_20260926_080624.png
 delete mode 100644 charts/screenshots_nasdaq/WETO/WETO_1H_20260925_080318.png
 create mode 100644 charts/screenshots_nasdaq/WETO/WETO_1H_20260926_083001.png
 delete mode 100644 charts/screenshots_nasdaq/WETO/WETO_4H_20260925_080318.png
 create mode 100644 charts/screenshots_nasdaq/WETO/WETO_4H_20260926_083001.png
 delete mode 100644 charts/screenshots_nasdaq/WETO/WETO_Daily_20260925_080318.png
 create mode 100644 charts/screenshots_nasdaq/WETO/WETO_Daily_20260926_083001.png
 delete mode 100644 charts/screenshots_nasdaq/WETO/WETO_Monthly_20260925_080318.png
 create mode 100644 charts/screenshots_nasdaq/WETO/WETO_Monthly_20260926_083001.png
 delete mode 100644 charts/screenshots_nasdaq/WETO/WETO_Weekly_20260925_080318.png
 create mode 100644 charts/screenshots_nasdaq/WETO/WETO_Weekly_20260926_083001.png
 delete mode 100644 charts/screenshots_nasdaq/WHR/WHR_1H_20260925_080352.png
 create mode 100644 charts/screenshots_nasdaq/WHR/WHR_1H_20260926_081217.png
 delete mode 100644 charts/screenshots_nasdaq/WHR/WHR_4H_20260925_080352.png
 create mode 100644 charts/screenshots_nasdaq/WHR/WHR_4H_20260926_081217.png
 delete mode 100644 charts/screenshots_nasdaq/WHR/WHR_Daily_20260925_080352.png
 create mode 100644 charts/screenshots_nasdaq/WHR/WHR_Daily_20260926_081217.png
 delete mode 100644 charts/screenshots_nasdaq/WHR/WHR_Monthly_20260925_080352.png
 create mode 100644 charts/screenshots_nasdaq/WHR/WHR_Monthly_20260926_081217.png
 delete mode 100644 charts/screenshots_nasdaq/WHR/WHR_Weekly_20260925_080352.png
 create mode 100644 charts/screenshots_nasdaq/WHR/WHR_Weekly_20260926_081217.png
 create mode 100644 charts/screenshots_nasdaq/WING/WING_1H_20260926_083034.png
 create mode 100644 charts/screenshots_nasdaq/WING/WING_4H_20260926_083034.png
 create mode 100644 charts/screenshots_nasdaq/WING/WING_Daily_20260926_083034.png
 create mode 100644 charts/screenshots_nasdaq/WING/WING_Monthly_20260926_083034.png
 create mode 100644 charts/screenshots_nasdaq/WING/WING_Weekly_20260926_083034.png
 delete mode 100644 charts/screenshots_nasdaq/WIX/WIX_1H_20260925_073630.png
 create mode 100644 charts/screenshots_nasdaq/WIX/WIX_1H_20260926_074705.png
 delete mode 100644 charts/screenshots_nasdaq/WIX/WIX_4H_20260925_073630.png
 create mode 100644 charts/screenshots_nasdaq/WIX/WIX_4H_20260926_074705.png
 delete mode 100644 charts/screenshots_nasdaq/WIX/WIX_Daily_20260925_073630.png
 create mode 100644 charts/screenshots_nasdaq/WIX/WIX_Daily_20260926_074705.png
 delete mode 100644 charts/screenshots_nasdaq/WIX/WIX_Monthly_20260925_073630.png
 create mode 100644 charts/screenshots_nasdaq/WIX/WIX_Monthly_20260926_074705.png
 delete mode 100644 charts/screenshots_nasdaq/WIX/WIX_Weekly_20260925_073630.png
 create mode 100644 charts/screenshots_nasdaq/WIX/WIX_Weekly_20260926_074705.png
 delete mode 100644 charts/screenshots_nasdaq/XHLD/XHLD_1H_20260925_073314.png
 create mode 100644 charts/screenshots_nasdaq/XHLD/XHLD_1H_20260926_073723.png
 delete mode 100644 charts/screenshots_nasdaq/XHLD/XHLD_4H_20260925_073314.png
 create mode 100644 charts/screenshots_nasdaq/XHLD/XHLD_4H_20260926_073723.png
 delete mode 100644 charts/screenshots_nasdaq/XHLD/XHLD_Daily_20260925_073314.png
 create mode 100644 charts/screenshots_nasdaq/XHLD/XHLD_Daily_20260926_073723.png
 delete mode 100644 charts/screenshots_nasdaq/XHLD/XHLD_Monthly_20260925_073314.png
 create mode 100644 charts/screenshots_nasdaq/XHLD/XHLD_Monthly_20260926_073723.png
 delete mode 100644 charts/screenshots_nasdaq/XHLD/XHLD_Weekly_20260925_073314.png
 create mode 100644 charts/screenshots_nasdaq/XHLD/XHLD_Weekly_20260926_073723.png
 create mode 100644 charts/screenshots_nasdaq/XPEV/XPEV_1H_20260926_080656.png
 create mode 100644 charts/screenshots_nasdaq/XPEV/XPEV_4H_20260926_080656.png
 create mode 100644 charts/screenshots_nasdaq/XPEV/XPEV_Daily_20260926_080656.png
 create mode 100644 charts/screenshots_nasdaq/XPEV/XPEV_Monthly_20260926_080656.png
 create mode 100644 charts/screenshots_nasdaq/XPEV/XPEV_Weekly_20260926_080656.png
 delete mode 100644 charts/screenshots_nasdaq/Z/Z_1H_20260925_075823.png
 create mode 100644 charts/screenshots_nasdaq/Z/Z_1H_20260926_081355.png
 delete mode 100644 charts/screenshots_nasdaq/Z/Z_4H_20260925_075823.png
 create mode 100644 charts/screenshots_nasdaq/Z/Z_4H_20260926_081355.png
 delete mode 100644 charts/screenshots_nasdaq/Z/Z_Daily_20260925_075823.png
 create mode 100644 charts/screenshots_nasdaq/Z/Z_Daily_20260926_081355.png
 delete mode 100644 charts/screenshots_nasdaq/Z/Z_Monthly_20260925_075823.png
 create mode 100644 charts/screenshots_nasdaq/Z/Z_Monthly_20260926_081355.png
 delete mode 100644 charts/screenshots_nasdaq/Z/Z_Weekly_20260925_075823.png
 create mode 100644 charts/screenshots_nasdaq/Z/Z_Weekly_20260926_081355.png
 delete mode 100644 charts/screenshots_nasdaq/ZG/ZG_1H_20260925_075855.png
 create mode 100644 charts/screenshots_nasdaq/ZG/ZG_1H_20260926_081428.png
 delete mode 100644 charts/screenshots_nasdaq/ZG/ZG_4H_20260925_075855.png
 create mode 100644 charts/screenshots_nasdaq/ZG/ZG_4H_20260926_081428.png
 delete mode 100644 charts/screenshots_nasdaq/ZG/ZG_Daily_20260925_075855.png
 create mode 100644 charts/screenshots_nasdaq/ZG/ZG_Daily_20260926_081428.png
 delete mode 100644 charts/screenshots_nasdaq/ZG/ZG_Monthly_20260925_075855.png
 create mode 100644 charts/screenshots_nasdaq/ZG/ZG_Monthly_20260926_081428.png
 delete mode 100644 charts/screenshots_nasdaq/ZG/ZG_Weekly_20260925_075855.png
 create mode 100644 charts/screenshots_nasdaq/ZG/ZG_Weekly_20260926_081428.png
 delete mode 100644 charts/screenshots_nasdaq/ZTS/ZTS_1H_20260925_081658.png
 create mode 100644 charts/screenshots_nasdaq/ZTS/ZTS_1H_20260926_083107.png
 delete mode 100644 charts/screenshots_nasdaq/ZTS/ZTS_4H_20260925_081658.png
 create mode 100644 charts/screenshots_nasdaq/ZTS/ZTS_4H_20260926_083107.png
 delete mode 100644 charts/screenshots_nasdaq/ZTS/ZTS_Daily_20260925_081658.png
 create mode 100644 charts/screenshots_nasdaq/ZTS/ZTS_Daily_20260926_083107.png
 delete mode 100644 charts/screenshots_nasdaq/ZTS/ZTS_Monthly_20260925_081658.png
 create mode 100644 charts/screenshots_nasdaq/ZTS/ZTS_Monthly_20260926_083107.png
 delete mode 100644 charts/screenshots_nasdaq/ZTS/ZTS_Weekly_20260925_081658.png
 create mode 100644 charts/screenshots_nasdaq/ZTS/ZTS_Weekly_20260926_083107.png
[[NASDAQ/NYSE 차트분석]] GitHub 푸시 완료
[[NASDAQ/NYSE 차트분석]] Google Sheets 업데이트 완료 (120개 종목)
[Paper Trading] NASDAQ ranked_df 스냅샷 저장 완료 (217개 종목)

[요약] 전 종목 스캔 완료 – 총 6893.3초 (114.89분) 소요
