============================================================
[1단계] 전 종목 리스트 수집 및 기본 필터링
============================================================
[ticker_fetcher] 나스닥 FTP 서버에서 종목 리스트 다운로드 중...
[ticker_fetcher] 총 7514개 종목 로드 → 비표준 심볼 1268개 제거 → 6246개 보통주
[ticker_fetcher] 1단계 필터링 배치 1/42 (150개 종목)...
[ticker_fetcher] 1단계 필터링 배치 2/42 (150개 종목)...
[ticker_fetcher] 1단계 필터링 배치 3/42 (150개 종목)...
[ticker_fetcher] 1단계 필터링 배치 4/42 (150개 종목)...
[ticker_fetcher] 1단계 필터링 배치 5/42 (150개 종목)...
[ticker_fetcher] 1단계 필터링 배치 6/42 (150개 종목)...
[ticker_fetcher] 1단계 필터링 배치 7/42 (150개 종목)...
[ticker_fetcher] 1단계 필터링 배치 8/42 (150개 종목)...
[ticker_fetcher] 1단계 필터링 배치 9/42 (150개 종목)...
[ticker_fetcher] 1단계 필터링 배치 10/42 (150개 종목)...
[ticker_fetcher] 1단계 필터링 배치 11/42 (150개 종목)...
[ticker_fetcher] 1단계 필터링 배치 12/42 (150개 종목)...
[ticker_fetcher] 1단계 필터링 배치 13/42 (150개 종목)...
[ticker_fetcher] 1단계 필터링 배치 14/42 (150개 종목)...
[ticker_fetcher] 1단계 필터링 배치 15/42 (150개 종목)...
[ticker_fetcher] 1단계 필터링 배치 16/42 (150개 종목)...
[ticker_fetcher] 1단계 필터링 배치 17/42 (150개 종목)...
[ticker_fetcher] 1단계 필터링 배치 18/42 (150개 종목)...
[ticker_fetcher] 1단계 필터링 배치 19/42 (150개 종목)...
[ticker_fetcher] 1단계 필터링 배치 20/42 (150개 종목)...
[ticker_fetcher] 1단계 필터링 배치 21/42 (150개 종목)...
[ticker_fetcher] 1단계 필터링 배치 22/42 (150개 종목)...
[ticker_fetcher] 1단계 필터링 배치 23/42 (150개 종목)...
[ticker_fetcher] 1단계 필터링 배치 24/42 (150개 종목)...
[ticker_fetcher] 1단계 필터링 배치 25/42 (150개 종목)...
[ticker_fetcher] 1단계 필터링 배치 26/42 (150개 종목)...
[ticker_fetcher] 1단계 필터링 배치 27/42 (150개 종목)...
[ticker_fetcher] 1단계 필터링 배치 28/42 (150개 종목)...
[ticker_fetcher] 1단계 필터링 배치 29/42 (150개 종목)...
[ticker_fetcher] 1단계 필터링 배치 30/42 (150개 종목)...
[ticker_fetcher] 1단계 필터링 배치 31/42 (150개 종목)...
[ticker_fetcher] 1단계 필터링 배치 32/42 (150개 종목)...
[ticker_fetcher] 1단계 필터링 배치 33/42 (150개 종목)...
[ticker_fetcher] 1단계 필터링 배치 34/42 (150개 종목)...
[ticker_fetcher] 1단계 필터링 배치 35/42 (150개 종목)...
[ticker_fetcher] 1단계 필터링 배치 36/42 (150개 종목)...
[ticker_fetcher] 1단계 필터링 배치 37/42 (150개 종목)...
[ticker_fetcher] 1단계 필터링 배치 38/42 (150개 종목)...
[ticker_fetcher] 1단계 필터링 배치 39/42 (150개 종목)...
[ticker_fetcher] 1단계 필터링 배치 40/42 (150개 종목)...
[ticker_fetcher] 1단계 필터링 배치 41/42 (150개 종목)...
[ticker_fetcher] 1단계 필터링 배치 42/42 (96개 종목)...
[ticker_fetcher] 1단계 필터링 완료: 6246개 → 4201개 (가격 ≥ $1.0, 평균 거래량 ≥ 100,000)

============================================================
[2단계] 바닥 탈출 / 강세 돌파 후보 선별
============================================================
[2단계] 배치 1/29 (150개 종목 분석 중)...
[2단계] 배치 2/29 (150개 종목 분석 중)...
[2단계] 배치 3/29 (150개 종목 분석 중)...
[2단계] 배치 4/29 (150개 종목 분석 중)...
[2단계] 배치 5/29 (150개 종목 분석 중)...
[2단계] 배치 6/29 (150개 종목 분석 중)...
[2단계] 배치 7/29 (150개 종목 분석 중)...
[2단계] 배치 8/29 (150개 종목 분석 중)...
[2단계] 배치 9/29 (150개 종목 분석 중)...
[2단계] 배치 10/29 (150개 종목 분석 중)...
[2단계] 배치 11/29 (150개 종목 분석 중)...
[2단계] 배치 12/29 (150개 종목 분석 중)...
[2단계] 배치 13/29 (150개 종목 분석 중)...
[2단계] 배치 14/29 (150개 종목 분석 중)...
[2단계] 배치 15/29 (150개 종목 분석 중)...
[2단계] 배치 16/29 (150개 종목 분석 중)...
[2단계] 배치 17/29 (150개 종목 분석 중)...
[2단계] 배치 18/29 (150개 종목 분석 중)...
[2단계] 배치 19/29 (150개 종목 분석 중)...
[2단계] 배치 20/29 (150개 종목 분석 중)...
[2단계] 배치 21/29 (150개 종목 분석 중)...
[2단계] 배치 22/29 (150개 종목 분석 중)...
[2단계] 배치 23/29 (150개 종목 분석 중)...
[2단계] 배치 24/29 (150개 종목 분석 중)...
[2단계] 배치 25/29 (150개 종목 분석 중)...
[2단계] 배치 26/29 (150개 종목 분석 중)...
[2단계] 배치 27/29 (150개 종목 분석 중)...
[2단계] 배치 28/29 (150개 종목 분석 중)...
[2단계] 배치 29/29 (1개 종목 분석 중)...
[2단계] 필터링 완료: 4201개 → 861개 후보 선별

============================================================
[3단계] 861개 후보 종목 정밀 분석
============================================================
[OHLCV] 배치 다운로드 1/6 (150개 종목, period=5y)...
[OHLCV] 배치 다운로드 2/6 (150개 종목, period=5y)...
[OHLCV] 배치 다운로드 3/6 (150개 종목, period=5y)...
[OHLCV] 배치 다운로드 4/6 (150개 종목, period=5y)...
[OHLCV] 배치 다운로드 5/6 (150개 종목, period=5y)...
[OHLCV] 배치 다운로드 6/6 (111개 종목, period=5y)...
[DataValidator] 695건의 데이터 품질 경고 발생
Warning:  AAOI: 비정상 가격 변동 67.1% (2023-08-04) — 스플릿/데이터 오류 가능
Warning:  AARD: Close NaN 비율 68.0% (기준: 30%)
Warning:  AARD: 비정상 가격 변동 56.2% (2026-03-02) — 스플릿/데이터 오류 가능
Warning:  ABAT: 비정상 가격 변동 60.4% (2024-12-23) — 스플릿/데이터 오류 가능
Warning:  ABTC: 비정상 가격 변동 173.1% (2025-05-12) — 스플릿/데이터 오류 가능
Warning:  ABTS: 비정상 가격 변동 1381.0% (2025-03-10) — 스플릿/데이터 오류 가능
Warning:  ABVC: 비정상 가격 변동 137.4% (2021-11-01) — 스플릿/데이터 오류 가능
Warning:  ADCT: 비정상 가격 변동 63.1% (2023-12-13) — 스플릿/데이터 오류 가능
Warning:  ADVB: Close NaN 비율 69.2% (기준: 30%)
Warning:  ADVB: 비정상 가격 변동 76.9% (2026-07-20) — 스플릿/데이터 오류 가능
Warning:  ADXN: 비정상 가격 변동 110.5% (2022-07-21) — 스플릿/데이터 오류 가능
Warning:  ADXN: 거래량 0 연속 5일 (기준: 5일) — 상장폐지/거래정지 가능
Warning:  AEHL: 비정상 가격 변동 135.3% (2026-05-08) — 스플릿/데이터 오류 가능
Warning:  AEMD: 비정상 가격 변동 374.1% (2026-09-17) — 스플릿/데이터 오류 가능
Warning:  AGIG: 비정상 가격 변동 494.7% (2022-03-07) — 스플릿/데이터 오류 가능
Warning:  AHMA: Close NaN 비율 81.8% (기준: 30%)
Warning:  AHMA: 비정상 가격 변동 198.1% (2025-12-01) — 스플릿/데이터 오류 가능
Warning:  AIB: Close NaN 비율 89.7% (기준: 30%)
Warning:  AIFF: 비정상 가격 변동 171.0% (2025-02-11) — 스플릿/데이터 오류 가능
Warning:  AIIO: 비정상 가격 변동 116.1% (2026-05-14) — 스플릿/데이터 오류 가능
Warning:  AIRE: Close NaN 비율 41.9% (기준: 30%)
Warning:  AIRE: 비정상 가격 변동 347.4% (2025-07-21) — 스플릿/데이터 오류 가능
Warning:  AIRO: Close NaN 비율 74.7% (기준: 30%)
Warning:  AIRS: 비정상 가격 변동 51.6% (2026-03-16) — 스플릿/데이터 오류 가능
Warning:  AISP: 비정상 가격 변동 200.0% (2024-03-05) — 스플릿/데이터 오류 가능
Warning:  AIXC: 비정상 가격 변동 111.7% (2024-07-12) — 스플릿/데이터 오류 가능
Warning:  AIXI: 비정상 가격 변동 590.7% (2026-09-08) — 스플릿/데이터 오류 가능
Warning:  AKAN: 비정상 가격 변동 214.2% (2026-04-22) — 스플릿/데이터 오류 가능
Warning:  ALAR: 비정상 가격 변동 51.5% (2026-07-06) — 스플릿/데이터 오류 가능
Warning:  ALDX: 비정상 가격 변동 73.3% (2025-04-03) — 스플릿/데이터 오류 가능
Warning:  ALMS: Close NaN 비율 55.5% (기준: 30%)
Warning:  ALMS: 비정상 가격 변동 95.3% (2026-01-06) — 스플릿/데이터 오류 가능
Warning:  ALMU: 비정상 가격 변동 66.7% (2023-03-20) — 스플릿/데이터 오류 가능
Warning:  ALOY: 비정상 가격 변동 226.6% (2025-01-22) — 스플릿/데이터 오류 가능
Warning:  ALP: 비정상 가격 변동 3647.5% (2026-09-10) — 스플릿/데이터 오류 가능
Warning:  AMBR: 비정상 가격 변동 56.3% (2025-11-26) — 스플릿/데이터 오류 가능
Warning:  AMCI: 비정상 가격 변동 168.3% (2025-12-15) — 스플릿/데이터 오류 가능
Warning:  AMIX: Close NaN 비율 47.2% (기준: 30%)
Warning:  AMIX: 비정상 가격 변동 434.2% (2026-08-04) — 스플릿/데이터 오류 가능
Warning:  AMOD: 비정상 가격 변동 103.9% (2025-01-30) — 스플릿/데이터 오류 가능
Warning:  AMPG: 비정상 가격 변동 94.6% (2024-12-11) — 스플릿/데이터 오류 가능
Warning:  AMPX: 비정상 가격 변동 86.4% (2022-09-20) — 스플릿/데이터 오류 가능
Warning:  AMSC: 비정상 가격 변동 60.0% (2023-08-01) — 스플릿/데이터 오류 가능
Warning:  AMST: 비정상 가격 변동 120.1% (2026-05-19) — 스플릿/데이터 오류 가능
Warning:  ANNA: 비정상 가격 변동 86.5% (2026-03-20) — 스플릿/데이터 오류 가능
Warning:  ANPA: Close NaN 비율 75.9% (기준: 30%)
Warning:  ANPA: 비정상 가격 변동 258.9% (2026-01-09) — 스플릿/데이터 오류 가능
Warning:  ANVS: 비정상 가격 변동 76.1% (2024-07-02) — 스플릿/데이터 오류 가능
Warning:  APUS: Close NaN 비율 72.7% (기준: 30%)
Warning:  APUS: 비정상 가격 변동 59.6% (2026-05-05) — 스플릿/데이터 오류 가능
Warning:  APUS: 거래량 0 연속 21일 (기준: 5일) — 상장폐지/거래정지 가능
Warning:  APVO: 비정상 가격 변동 162.8% (2021-11-23) — 스플릿/데이터 오류 가능
Warning:  AREC: 비정상 가격 변동 83.5% (2025-04-16) — 스플릿/데이터 오류 가능
Warning:  ARMP: 비정상 가격 변동 103.2% (2025-10-22) — 스플릿/데이터 오류 가능
Warning:  ARQQ: 비정상 가격 변동 56.9% (2025-03-17) — 스플릿/데이터 오류 가능
Warning:  ASST: 비정상 가격 변동 455.7% (2025-05-07) — 스플릿/데이터 오류 가능
Warning:  ASTI: 비정상 가격 변동 143.8% (2025-06-26) — 스플릿/데이터 오류 가능
Warning:  ASTS: 비정상 가격 변동 69.2% (2024-05-29) — 스플릿/데이터 오류 가능
Warning:  ATLX: 비정상 가격 변동 60.5% (2023-02-23) — 스플릿/데이터 오류 가능
Warning:  ATOM: 비정상 가격 변동 64.0% (2026-02-13) — 스플릿/데이터 오류 가능
Warning:  ATTT: Close NaN 비율 53.1% (기준: 30%)
Warning:  ATTT: 비정상 가격 변동 94.3% (2025-03-11) — 스플릿/데이터 오류 가능
Warning:  AUUD: 비정상 가격 변동 181.8% (2023-06-12) — 스플릿/데이터 오류 가능
Warning:  AVAT: Close NaN 비율 67.4% (기준: 30%)
Warning:  AVAT: 비정상 가격 변동 57.7% (2026-06-10) — 스플릿/데이터 오류 가능
Warning:  AVAT: 거래량 0 연속 5일 (기준: 5일) — 상장폐지/거래정지 가능
Warning:  AVX: 비정상 가격 변동 137.8% (2025-09-22) — 스플릿/데이터 오류 가능
Warning:  AXG: Close NaN 비율 39.4% (기준: 30%)
Warning:  AXG: 비정상 가격 변동 135.0% (2024-03-06) — 스플릿/데이터 오류 가능
Warning:  AXTI: 비정상 가격 변동 69.3% (2024-02-23) — 스플릿/데이터 오류 가능
Warning:  AZI: Close NaN 비율 58.9% (기준: 30%)
Warning:  AZI: 비정상 가격 변동 146.2% (2026-03-09) — 스플릿/데이터 오류 가능
Warning:  AZIO: 비정상 가격 변동 442.1% (2026-01-12) — 스플릿/데이터 오류 가능
Warning:  BATL: 비정상 가격 변동 211.7% (2026-01-26) — 스플릿/데이터 오류 가능
Warning:  BBAI: 비정상 가격 변동 260.5% (2023-01-12) — 스플릿/데이터 오류 가능
Warning:  BBOT: Close NaN 비율 47.9% (기준: 30%)
Warning:  BCTX: 비정상 가격 변동 1494.6% (2025-01-29) — 스플릿/데이터 오류 가능
Warning:  BDTX: 비정상 가격 변동 235.9% (2023-06-27) — 스플릿/데이터 오류 가능
Warning:  BETR: 비정상 가격 변동 223.0% (2023-07-25) — 스플릿/데이터 오류 가능
Warning:  BIAF: 비정상 가격 변동 319.2% (2025-04-01) — 스플릿/데이터 오류 가능
Warning:  BIOA: Close NaN 비율 60.5% (기준: 30%)
Warning:  BIOA: 비정상 가격 변동 76.9% (2024-12-09) — 스플릿/데이터 오류 가능
Warning:  BIRD: 비정상 가격 변동 582.3% (2026-04-15) — 스플릿/데이터 오류 가능
Warning:  BKKT: 비정상 가격 변동 234.4% (2021-10-25) — 스플릿/데이터 오류 가능
Warning:  BKSY: 비정상 가격 변동 97.5% (2022-05-25) — 스플릿/데이터 오류 가능
Warning:  BLNE: 비정상 가격 변동 89.5% (2024-09-05) — 스플릿/데이터 오류 가능
Warning:  BMGL: Close NaN 비율 68.6% (기준: 30%)
Warning:  BMGL: 비정상 가격 변동 484.6% (2025-05-30) — 스플릿/데이터 오류 가능
Warning:  BMNR: Close NaN 비율 74.2% (기준: 30%)
Warning:  BMNR: 비정상 가격 변동 694.8% (2025-06-30) — 스플릿/데이터 오류 가능
Warning:  BNAI: 비정상 가격 변동 276.7% (2026-01-26) — 스플릿/데이터 오류 가능
Warning:  BNKK: 비정상 가격 변동 51.1% (2025-08-11) — 스플릿/데이터 오류 가능
Warning:  BRCB: Close NaN 비율 79.6% (기준: 30%)
Warning:  BRLS: 비정상 가격 변동 134.3% (2026-02-09) — 스플릿/데이터 오류 가능
Warning:  BRNX: 비정상 가격 변동 140.3% (2024-08-30) — 스플릿/데이터 오류 가능
Warning:  BRR: Close NaN 비율 74.3% (기준: 30%)
Warning:  BRTX: 비정상 가격 변동 1751.4% (2026-09-09) — 스플릿/데이터 오류 가능
Warning:  BRUN: Close NaN 비율 65.7% (기준: 30%)
Warning:  BTCS: 비정상 가격 변동 111.1% (2025-07-08) — 스플릿/데이터 오류 가능
Warning:  BTCT: 비정상 가격 변동 316.7% (2024-11-12) — 스플릿/데이터 오류 가능
Warning:  BTGO: Close NaN 비율 86.7% (기준: 30%)
Warning:  BTQ: Close NaN 비율 80.4% (기준: 30%)
Warning:  BTQ: 비정상 가격 변동 51.5% (2025-10-07) — 스플릿/데이터 오류 가능
Warning:  BUR: 비정상 가격 변동 53.2% (2023-03-31) — 스플릿/데이터 오류 가능
Warning:  BW: 비정상 가격 변동 66.9% (2025-06-05) — 스플릿/데이터 오류 가능
Warning:  BXBL: Close NaN 비율 67.9% (기준: 30%)
Warning:  BYAH: Close NaN 비율 65.6% (기준: 30%)
Warning:  BYAH: 비정상 가격 변동 150.0% (2026-06-08) — 스플릿/데이터 오류 가능
Warning:  BYND: 비정상 가격 변동 146.3% (2025-10-21) — 스플릿/데이터 오류 가능
Warning:  CALC: Close NaN 비율 34.7% (기준: 30%)
Warning:  CALC: 비정상 가격 변동 75.6% (2026-01-28) — 스플릿/데이터 오류 가능
Warning:  CANF: 비정상 가격 변동 69.3% (2021-12-20) — 스플릿/데이터 오류 가능
Warning:  CAPR: 비정상 가격 변동 371.1% (2025-12-03) — 스플릿/데이터 오류 가능
Warning:  CAR: 비정상 가격 변동 108.3% (2021-11-02) — 스플릿/데이터 오류 가능
Warning:  CAST: Close NaN 비율 89.3% (기준: 30%)
Warning:  CAST: 비정상 가격 변동 144.2% (2026-08-18) — 스플릿/데이터 오류 가능
Warning:  CBUS: 비정상 가격 변동 89.8% (2023-01-17) — 스플릿/데이터 오류 가능
Warning:  CD: 비정상 가격 변동 81.4% (2024-11-11) — 스플릿/데이터 오류 가능
Warning:  CDNL: Close NaN 비율 84.5% (기준: 30%)
Warning:  CDTG: Close NaN 비율 51.7% (기준: 30%)
Warning:  CDTG: 비정상 가격 변동 88.4% (2025-09-09) — 스플릿/데이터 오류 가능
Warning:  CFND: Close NaN 비율 77.6% (기준: 30%)
Warning:  CHGA: 비정상 가격 변동 316.9% (2024-06-03) — 스플릿/데이터 오류 가능
Warning:  CIIT: 비정상 가격 변동 132.3% (2021-11-15) — 스플릿/데이터 오류 가능
Warning:  CING: 비정상 가격 변동 268.5% (2024-08-16) — 스플릿/데이터 오류 가능
Warning:  CISS: Close NaN 비율 34.7% (기준: 30%)
Warning:  CISS: 비정상 가격 변동 84.2% (2025-10-07) — 스플릿/데이터 오류 가능
Warning:  CJMB: Close NaN 비율 67.6% (기준: 30%)
Warning:  CJMB: 비정상 가격 변동 275.0% (2026-01-15) — 스플릿/데이터 오류 가능
Warning:  CLGN: 비정상 가격 변동 76.2% (2025-05-28) — 스플릿/데이터 오류 가능
Warning:  CLIK: Close NaN 비율 61.2% (기준: 30%)
Warning:  CLIK: 비정상 가격 변동 153.6% (2025-05-15) — 스플릿/데이터 오류 가능
Warning:  CLLS: 비정상 가격 변동 172.2% (2023-11-01) — 스플릿/데이터 오류 가능
Warning:  CLNN: 비정상 가격 변동 53.6% (2025-06-02) — 스플릿/데이터 오류 가능
Warning:  CLPT: 비정상 가격 변동 58.6% (2025-09-24) — 스플릿/데이터 오류 가능
Warning:  CMPX: 비정상 가격 변동 64.4% (2026-04-27) — 스플릿/데이터 오류 가능
Warning:  CMTL: 비정상 가격 변동 87.6% (2024-06-18) — 스플릿/데이터 오류 가능
Warning:  CNTB: 비정상 가격 변동 57.7% (2022-05-04) — 스플릿/데이터 오류 가능
Warning:  CNTN: 비정상 가격 변동 206.8% (2025-08-20) — 스플릿/데이터 오류 가능
Warning:  CPOP: 비정상 가격 변동 1290.0% (2026-09-15) — 스플릿/데이터 오류 가능
Warning:  CPSH: 비정상 가격 변동 85.3% (2026-05-26) — 스플릿/데이터 오류 가능
Warning:  CRBP: 비정상 가격 변동 249.4% (2024-01-26) — 스플릿/데이터 오류 가능
Warning:  CRDF: 비정상 가격 변동 64.4% (2024-03-01) — 스플릿/데이터 오류 가능
Warning:  CRE: Close NaN 비율 76.7% (기준: 30%)
Warning:  CRE: 비정상 가격 변동 165.0% (2026-08-26) — 스플릿/데이터 오류 가능
Warning:  CRIS: 비정상 가격 변동 52.4% (2026-06-26) — 스플릿/데이터 오류 가능
Warning:  CRML: 비정상 가격 변동 120.6% (2024-02-27) — 스플릿/데이터 오류 가능
Warning:  CRMT: 비정상 가격 변동 55.0% (2026-06-10) — 스플릿/데이터 오류 가능
Warning:  CRVO: 비정상 가격 변동 161.4% (2025-03-12) — 스플릿/데이터 오류 가능
Warning:  CRVS: 비정상 가격 변동 166.0% (2026-01-20) — 스플릿/데이터 오류 가능
Warning:  CTEV: 비정상 가격 변동 94.9% (2024-12-24) — 스플릿/데이터 오류 가능
Warning:  CTMX: 비정상 가격 변동 214.7% (2024-05-01) — 스플릿/데이터 오류 가능
Warning:  CTRI: Close NaN 비율 51.7% (기준: 30%)
Warning:  CUE: 비정상 가격 변동 106.4% (2026-05-01) — 스플릿/데이터 오류 가능
Warning:  CUPR: Close NaN 비율 71.2% (기준: 30%)
Warning:  CUPR: 비정상 가격 변동 130.8% (2025-09-10) — 스플릿/데이터 오류 가능
Warning:  CV: Close NaN 비율 75.6% (기준: 30%)
Warning:  CVRX: 비정상 가격 변동 59.8% (2026-08-07) — 스플릿/데이터 오류 가능
Warning:  CXAI: 비정상 가격 변동 345.6% (2023-04-13) — 스플릿/데이터 오류 가능
Warning:  CYCU: Close NaN 비율 68.2% (기준: 30%)
Warning:  CYCU: 비정상 가격 변동 496.3% (2026-07-30) — 스플릿/데이터 오류 가능
Warning:  CYPH: 비정상 가격 변동 368.0% (2025-11-12) — 스플릿/데이터 오류 가능
Warning:  DAIC: Close NaN 비율 75.1% (기준: 30%)
Warning:  DAIC: 비정상 가격 변동 306.1% (2026-08-24) — 스플릿/데이터 오류 가능
Warning:  DBGI: 비정상 가격 변동 150.0% (2025-02-14) — 스플릿/데이터 오류 가능
Warning:  DFDV: Close NaN 비율 36.9% (기준: 30%)
Warning:  DFDV: 비정상 가격 변동 842.5% (2025-04-07) — 스플릿/데이터 오류 가능
Warning:  DFNS: 비정상 가격 변동 754.7% (2024-12-17) — 스플릿/데이터 오류 가능
Warning:  DFSC: 비정상 가격 변동 5714.8% (2022-11-01) — 스플릿/데이터 오류 가능
Warning:  DGNX: Close NaN 비율 66.8% (기준: 30%)
Warning:  DGNX: 비정상 가격 변동 234.6% (2025-01-29) — 스플릿/데이터 오류 가능
Warning:  DOMH: 비정상 가격 변동 91.3% (2025-02-10) — 스플릿/데이터 오류 가능
Warning:  DPRO: 비정상 가격 변동 52.8% (2024-02-22) — 스플릿/데이터 오류 가능
Warning:  DPU: Close NaN 비율 31.6% (기준: 30%)
Warning:  DPU: 비정상 가격 변동 87.1% (2024-11-27) — 스플릿/데이터 오류 가능
Warning:  DRCT: 비정상 가격 변동 900.0% (2024-12-23) — 스플릿/데이터 오류 가능
Warning:  DRK: 비정상 가격 변동 111.6% (2026-06-01) — 스플릿/데이터 오류 가능
Warning:  DTCX: 비정상 가격 변동 69.3% (2023-05-12) — 스플릿/데이터 오류 가능
Warning:  DWSN: 비정상 가격 변동 111.7% (2025-06-16) — 스플릿/데이터 오류 가능
Warning:  DXST: Close NaN 비율 66.8% (기준: 30%)
Warning:  DXST: 비정상 가격 변동 209.4% (2026-06-02) — 스플릿/데이터 오류 가능
Warning:  DXYZ: Close NaN 비율 50.4% (기준: 30%)
Warning:  DXYZ: 비정상 가격 변동 95.6% (2024-03-27) — 스플릿/데이터 오류 가능
Warning:  EBS: 비정상 가격 변동 78.3% (2024-02-21) — 스플릿/데이터 오류 가능
Warning:  ECO: Close NaN 비율 38.0% (기준: 30%)
Warning:  ECX: 비정상 가격 변동 95.9% (2023-02-22) — 스플릿/데이터 오류 가능
Warning:  EDBL: 비정상 가격 변동 80.0% (2025-05-20) — 스플릿/데이터 오류 가능
Warning:  EDHL: Close NaN 비율 71.6% (기준: 30%)
Warning:  EDHL: 비정상 가격 변동 114.4% (2025-10-14) — 스플릿/데이터 오류 가능
Warning:  ELTX: 비정상 가격 변동 81.5% (2023-06-02) — 스플릿/데이터 오류 가능
Warning:  EMAT: Close NaN 비율 86.0% (기준: 30%)
Warning:  EMBC: 비정상 가격 변동 57.8% (2026-05-05) — 스플릿/데이터 오류 가능
Warning:  EMPD: 비정상 가격 변동 134.3% (2025-07-17) — 스플릿/데이터 오류 가능
Warning:  ENGN: 비정상 가격 변동 116.5% (2024-02-14) — 스플릿/데이터 오류 가능
Warning:  ENGS: Close NaN 비율 70.6% (기준: 30%)
Warning:  ENGS: 비정상 가격 변동 67.6% (2025-11-06) — 스플릿/데이터 오류 가능
Warning:  EPOW: 비정상 가격 변동 56.5% (2022-08-15) — 스플릿/데이터 오류 가능
Warning:  ETS: Close NaN 비율 78.4% (기준: 30%)
Warning:  ETS: 비정상 가격 변동 58.0% (2025-08-22) — 스플릿/데이터 오류 가능
Warning:  EVAX: 비정상 가격 변동 113.4% (2024-01-24) — 스플릿/데이터 오류 가능
Warning:  EVGO: 비정상 가격 변동 60.8% (2024-10-03) — 스플릿/데이터 오류 가능
Warning:  EVMN: Close NaN 비율 82.7% (기준: 30%)
Warning:  EVMN: 비정상 가격 변동 70.9% (2026-02-10) — 스플릿/데이터 오류 가능
Warning:  EXOD: 비정상 가격 변동 199.0% (2022-12-12) — 스플릿/데이터 오류 가능
Warning:  EYPT: 비정상 가격 변동 177.5% (2023-12-04) — 스플릿/데이터 오류 가능
Warning:  FAC: Close NaN 비율 75.1% (기준: 30%)
Warning:  FBLG: Close NaN 비율 47.3% (기준: 30%)
Warning:  FBLG: 비정상 가격 변동 88.4% (2024-02-13) — 스플릿/데이터 오류 가능
Warning:  FBYD: Close NaN 비율 41.0% (기준: 30%)
Warning:  FBYD: 비정상 가격 변동 75.4% (2023-10-18) — 스플릿/데이터 오류 가능
Warning:  FCHL: Close NaN 비율 79.1% (기준: 30%)
Warning:  FCHL: 비정상 가격 변동 107.6% (2026-03-26) — 스플릿/데이터 오류 가능
Warning:  FCUV: 비정상 가격 변동 517.0% (2026-07-31) — 스플릿/데이터 오류 가능
Warning:  FEAM: 비정상 가격 변동 51.5% (2024-12-30) — 스플릿/데이터 오류 가능
Warning:  FEMY: 비정상 가격 변동 345.8% (2023-09-26) — 스플릿/데이터 오류 가능
Warning:  FFAI: 비정상 가격 변동 367.2% (2024-05-14) — 스플릿/데이터 오류 가능
Warning:  FGL: Close NaN 비율 62.0% (기준: 30%)
Warning:  FGL: 비정상 가격 변동 56.0% (2026-02-10) — 스플릿/데이터 오류 가능
Warning:  FGNX: 비정상 가격 변동 84.2% (2025-08-01) — 스플릿/데이터 오류 가능
Warning:  FIG: Close NaN 비율 77.2% (기준: 30%)
Warning:  FIGR: Close NaN 비율 79.5% (기준: 30%)
Warning:  FJET: Close NaN 비율 85.0% (기준: 30%)
Warning:  FJET: 비정상 가격 변동 370.9% (2025-12-22) — 스플릿/데이터 오류 가능
Warning:  FLY: Close NaN 비율 77.6% (기준: 30%)
Warning:  FLYE: Close NaN 비율 54.3% (기준: 30%)
Warning:  FLYE: 비정상 가격 변동 252.5% (2025-12-01) — 스플릿/데이터 오류 가능
Warning:  FLYX: Close NaN 비율 45.7% (기준: 30%)
Warning:  FLYX: 비정상 가격 변동 130.3% (2026-01-08) — 스플릿/데이터 오류 가능
Warning:  FNUC: 비정상 가격 변동 348.1% (2024-12-18) — 스플릿/데이터 오류 가능
Warning:  FRMI: Close NaN 비율 80.6% (기준: 30%)
Warning:  FRMM: 비정상 가격 변동 325.7% (2024-10-16) — 스플릿/데이터 오류 가능
Warning:  FRNM: Close NaN 비율 54.7% (기준: 30%)
Warning:  FRNM: 거래량 0 연속 6일 (기준: 5일) — 상장폐지/거래정지 가능
Warning:  FTCI: 비정상 가격 변동 104.0% (2024-09-11) — 스플릿/데이터 오류 가능
Warning:  FTFT: 비정상 가격 변동 179.2% (2026-09-14) — 스플릿/데이터 오류 가능
Warning:  FUBO: 비정상 가격 변동 251.4% (2025-01-06) — 스플릿/데이터 오류 가능
Warning:  FUFU: 비정상 가격 변동 105.8% (2024-03-04) — 스플릿/데이터 오류 가능
Warning:  FULC: 비정상 가격 변동 61.1% (2024-09-12) — 스플릿/데이터 오류 가능
Warning:  FVN: Close NaN 비율 62.6% (기준: 30%)
Warning:  FVN: 비정상 가격 변동 52.6% (2026-08-24) — 스플릿/데이터 오류 가능
Warning:  FVN: 거래량 0 연속 17일 (기준: 5일) — 상장폐지/거래정지 가능
Warning:  FWDI: 비정상 가격 변동 58.7% (2025-09-08) — 스플릿/데이터 오류 가능
Warning:  FXHO: 비정상 가격 변동 223.5% (2023-05-01) — 스플릿/데이터 오류 가능
Warning:  GAME: 비정상 가격 변동 99.2% (2022-12-12) — 스플릿/데이터 오류 가능
Warning:  GAUZ: Close NaN 비율 54.3% (기준: 30%)
Warning:  GAUZ: 비정상 가격 변동 69.3% (2026-08-06) — 스플릿/데이터 오류 가능
Warning:  GDC: 비정상 가격 변동 1140.0% (2023-05-01) — 스플릿/데이터 오류 가능
Warning:  GDHG: Close NaN 비율 31.2% (기준: 30%)
Warning:  GDHG: 비정상 가격 변동 94.4% (2025-03-25) — 스플릿/데이터 오류 가능
Warning:  GEMI: Close NaN 비율 79.6% (기준: 30%)
Warning:  GLND: Close NaN 비율 90.0% (기준: 30%)
Warning:  GLND: 비정상 가격 변동 58.0% (2026-03-26) — 스플릿/데이터 오류 가능
Warning:  GLUE: 비정상 가격 변동 93.9% (2024-10-28) — 스플릿/데이터 오류 가능
Warning:  GNLX: 비정상 가격 변동 60.4% (2023-03-06) — 스플릿/데이터 오류 가능
Warning:  GOAI: Close NaN 비율 87.1% (기준: 30%)
Warning:  GOSS: 비정상 가격 변동 80.1% (2026-02-23) — 스플릿/데이터 오류 가능
Warning:  GPCR: 비정상 가격 변동 102.5% (2025-12-08) — 스플릿/데이터 오류 가능
Warning:  GRAN: Close NaN 비율 75.5% (기준: 30%)
Warning:  GRCE: 비정상 가격 변동 52.3% (2021-12-22) — 스플릿/데이터 오류 가능
Warning:  GRDX: 비정상 가격 변동 72.4% (2024-10-04) — 스플릿/데이터 오류 가능
Warning:  GRI: 비정상 가격 변동 127.6% (2024-10-21) — 스플릿/데이터 오류 가능
Warning:  GRML: 비정상 가격 변동 787.8% (2025-06-09) — 스플릿/데이터 오류 가능
Warning:  GRNQ: 비정상 가격 변동 72.9% (2021-10-25) — 스플릿/데이터 오류 가능
Warning:  GSIT: 비정상 가격 변동 210.4% (2023-05-12) — 스플릿/데이터 오류 가능
Warning:  GVH: Close NaN 비율 42.9% (기준: 30%)
Warning:  GVH: 비정상 가격 변동 74.2% (2025-06-26) — 스플릿/데이터 오류 가능
Warning:  HAFN: Close NaN 비율 51.2% (기준: 30%)
Warning:  HCWB: 비정상 가격 변동 320.3% (2024-11-18) — 스플릿/데이터 오류 가능
Warning:  HHS: 비정상 가격 변동 53.0% (2026-08-14) — 스플릿/데이터 오류 가능
Warning:  HLP: Close NaN 비율 30.5% (기준: 30%)
Warning:  HLP: 비정상 가격 변동 55.3% (2024-01-03) — 스플릿/데이터 오류 가능
Warning:  HMR: Close NaN 비율 68.4% (기준: 30%)
Warning:  HMR: 비정상 가격 변동 69.5% (2025-03-10) — 스플릿/데이터 오류 가능
Warning:  HOLO: 비정상 가격 변동 1092.1% (2024-02-07) — 스플릿/데이터 오류 가능
Warning:  HOVR: Close NaN 비율 30.8% (기준: 30%)
Warning:  HOVR: 비정상 가격 변동 75.6% (2024-03-06) — 스플릿/데이터 오류 가능
Warning:  HQ: Close NaN 비율 90.0% (기준: 30%)
Warning:  HQ: 비정상 가격 변동 63.3% (2026-06-15) — 스플릿/데이터 오류 가능
Warning:  HSCS: 비정상 가격 변동 170.1% (2023-01-30) — 스플릿/데이터 오류 가능
Warning:  HSDT: 비정상 가격 변동 145.3% (2022-08-03) — 스플릿/데이터 오류 가능
Warning:  HSHP: Close NaN 비율 30.7% (기준: 30%)
Warning:  HTOO: 비정상 가격 변동 90.0% (2024-02-16) — 스플릿/데이터 오류 가능
Warning:  HTZ: 비정상 가격 변동 56.4% (2025-04-16) — 스플릿/데이터 오류 가능
Warning:  HUBC: 비정상 가격 변동 1756.3% (2026-09-15) — 스플릿/데이터 오류 가능
Warning:  HUIZ: 비정상 가격 변동 124.4% (2024-12-09) — 스플릿/데이터 오류 가능
Warning:  HYMC: 비정상 가격 변동 203.0% (2022-03-08) — 스플릿/데이터 오류 가능
Warning:  HYPD: 비정상 가격 변동 134.7% (2025-06-17) — 스플릿/데이터 오류 가능
Warning:  IBG: Close NaN 비율 60.5% (기준: 30%)
Warning:  IBG: 비정상 가격 변동 153.5% (2025-04-02) — 스플릿/데이터 오류 가능
Warning:  IBIO: 비정상 가격 변동 192.2% (2024-03-27) — 스플릿/데이터 오류 가능
Warning:  ICCM: 비정상 가격 변동 200.5% (2026-06-17) — 스플릿/데이터 오류 가능
Warning:  IDN: 비정상 가격 변동 74.9% (2024-03-22) — 스플릿/데이터 오류 가능
Warning:  IMCC: 비정상 가격 변동 143.1% (2026-09-18) — 스플릿/데이터 오류 가능
Warning:  IMDX: 비정상 가격 변동 51.5% (2023-03-16) — 스플릿/데이터 오류 가능
Warning:  IMNN: 비정상 가격 변동 179.0% (2024-07-30) — 스플릿/데이터 오류 가능
Warning:  IMRX: 비정상 가격 변동 52.2% (2025-06-18) — 스플릿/데이터 오류 가능
Warning:  IMSR: Close NaN 비율 61.3% (기준: 30%)
Warning:  INBS: 비정상 가격 변동 293.1% (2023-01-23) — 스플릿/데이터 오류 가능
Warning:  INDO: 비정상 가격 변동 110.4% (2022-01-27) — 스플릿/데이터 오류 가능
Warning:  INHD: Close NaN 비율 44.9% (기준: 30%)
Warning:  INHD: 비정상 가격 변동 3661.0% (2026-06-08) — 스플릿/데이터 오류 가능
Warning:  INHD: 거래량 0 연속 36일 (기준: 5일) — 상장폐지/거래정지 가능
Warning:  INOD: 비정상 가격 변동 86.0% (2026-05-08) — 스플릿/데이터 오류 가능
Warning:  INSG: 비정상 가격 변동 53.7% (2023-05-04) — 스플릿/데이터 오류 가능
Warning:  IOVA: 비정상 가격 변동 53.6% (2022-05-27) — 스플릿/데이터 오류 가능
Warning:  IPST: Close NaN 비율 63.7% (기준: 30%)
Warning:  IPST: 비정상 가격 변동 235.9% (2026-08-17) — 스플릿/데이터 오류 가능
Warning:  IPW: 비정상 가격 변동 97.9% (2024-05-17) — 스플릿/데이터 오류 가능
Warning:  IPX: 비정상 가격 변동 99.1% (2023-06-13) — 스플릿/데이터 오류 가능
Warning:  ISPC: 비정상 가격 변동 159.7% (2025-09-09) — 스플릿/데이터 오류 가능
Warning:  JAGU: Close NaN 비율 87.7% (기준: 30%)
Warning:  JAGU: 비정상 가격 변동 57.1% (2026-03-31) — 스플릿/데이터 오류 가능
Warning:  JANX: 비정상 가격 변동 229.5% (2024-02-27) — 스플릿/데이터 오류 가능
Warning:  JDZG: Close NaN 비율 53.1% (기준: 30%)
Warning:  JDZG: 비정상 가격 변동 136.1% (2024-10-17) — 스플릿/데이터 오류 가능
Warning:  JDZG: 거래량 0 연속 38일 (기준: 5일) — 상장폐지/거래정지 가능
Warning:  JEM: Close NaN 비율 74.3% (기준: 30%)
Warning:  JEM: 비정상 가격 변동 267.6% (2026-06-30) — 스플릿/데이터 오류 가능
Warning:  JLHL: Close NaN 비율 75.3% (기준: 30%)
Warning:  JLHL: 비정상 가격 변동 318.0% (2026-07-09) — 스플릿/데이터 오류 가능
Warning:  JMIA: 비정상 가격 변동 53.8% (2024-08-06) — 스플릿/데이터 오류 가능
Warning:  JTAI: 비정상 가격 변동 580.1% (2026-07-15) — 스플릿/데이터 오류 가능
Warning:  JUNS: Close NaN 비율 64.2% (기준: 30%)
Warning:  JUNS: 비정상 가격 변동 105.8% (2025-06-11) — 스플릿/데이터 오류 가능
Warning:  JZXN: 비정상 가격 변동 89.7% (2026-02-10) — 스플릿/데이터 오류 가능
Warning:  KAZR: Close NaN 비율 68.4% (기준: 30%)
Warning:  KAZR: 비정상 가격 변동 87.6% (2025-07-07) — 스플릿/데이터 오류 가능
Warning:  KD: 비정상 가격 변동 54.9% (2026-02-09) — 스플릿/데이터 오류 가능
Warning:  KDK: Close NaN 비율 80.3% (기준: 30%)
Warning:  KIDZ: Close NaN 비율 70.9% (기준: 30%)
Warning:  KIDZ: 비정상 가격 변동 366.1% (2025-05-01) — 스플릿/데이터 오류 가능
Warning:  KLAR: Close NaN 비율 79.5% (기준: 30%)
Warning:  KLC: Close NaN 비율 61.2% (기준: 30%)
Warning:  KPTI: 비정상 가격 변동 72.6% (2026-07-31) — 스플릿/데이터 오류 가능
Warning:  KRMN: Close NaN 비율 68.0% (기준: 30%)
Warning:  KRRO: 비정상 가격 변동 93.7% (2024-10-16) — 스플릿/데이터 오류 가능
Warning:  KSCP: 비정상 가격 변동 175.6% (2022-01-28) — 스플릿/데이터 오류 가능
Warning:  KULR: 비정상 가격 변동 75.6% (2024-11-25) — 스플릿/데이터 오류 가능
Warning:  KVYO: Close NaN 비율 40.1% (기준: 30%)
Warning:  KXIN: 비정상 가격 변동 171.4% (2024-10-02) — 스플릿/데이터 오류 가능
Warning:  LAC: Close NaN 비율 40.7% (기준: 30%)
Warning:  LAC: 비정상 가격 변동 95.8% (2025-09-24) — 스플릿/데이터 오류 가능
Warning:  LAES: Close NaN 비율 33.5% (기준: 30%)
Warning:  LAES: 비정상 가격 변동 102.3% (2023-05-24) — 스플릿/데이터 오류 가능
Warning:  LAW: 비정상 가격 변동 53.6% (2022-08-12) — 스플릿/데이터 오류 가능
Warning:  LBGJ: Close NaN 비율 62.0% (기준: 30%)
Warning:  LBGJ: 비정상 가격 변동 90.8% (2026-07-20) — 스플릿/데이터 오류 가능
Warning:  LGCL: Close NaN 비율 49.2% (기준: 30%)
Warning:  LGCL: 비정상 가격 변동 117.1% (2026-06-30) — 스플릿/데이터 오류 가능
Warning:  LGHL: 비정상 가격 변동 85.9% (2025-12-09) — 스플릿/데이터 오류 가능
Warning:  LGVN: 비정상 가격 변동 181.2% (2021-11-22) — 스플릿/데이터 오류 가능
Warning:  LHAI: Close NaN 비율 76.8% (기준: 30%)
Warning:  LHAI: 비정상 가격 변동 315.2% (2026-07-01) — 스플릿/데이터 오류 가능
Warning:  LIDR: 비정상 가격 변동 158.4% (2025-07-24) — 스플릿/데이터 오류 가능
Warning:  LIF: Close NaN 비율 54.3% (기준: 30%)
Warning:  LITS: 비정상 가격 변동 65.2% (2022-03-25) — 스플릿/데이터 오류 가능
Warning:  LRHC: Close NaN 비율 41.2% (기준: 30%)
Warning:  LRHC: 비정상 가격 변동 481.8% (2026-09-09) — 스플릿/데이터 오류 가능
Warning:  LSTA: 비정상 가격 변동 86.6% (2026-01-21) — 스플릿/데이터 오류 가능
Warning:  LTBR: 비정상 가격 변동 57.5% (2024-10-18) — 스플릿/데이터 오류 가능
Warning:  LUNR: 비정상 가격 변동 251.4% (2023-02-16) — 스플릿/데이터 오류 가능
Warning:  LVWR: 비정상 가격 변동 153.5% (2025-05-27) — 스플릿/데이터 오류 가능
Warning:  LXEO: Close NaN 비율 42.6% (기준: 30%)
Warning:  LXEO: 비정상 가격 변동 50.9% (2025-03-24) — 스플릿/데이터 오류 가능
Warning:  LYEL: 비정상 가격 변동 68.6% (2025-06-04) — 스플릿/데이터 오류 가능
Warning:  MAZE: Close NaN 비율 67.3% (기준: 30%)
Warning:  MAZE: 비정상 가격 변동 54.8% (2025-09-11) — 스플릿/데이터 오류 가능
Warning:  MBOT: 비정상 가격 변동 159.3% (2023-05-22) — 스플릿/데이터 오류 가능
Warning:  MEDS: Close NaN 비율 68.4% (기준: 30%)
Warning:  MEDS: 비정상 가격 변동 274.7% (2026-09-16) — 스플릿/데이터 오류 가능
Warning:  METCB: Close NaN 비율 34.9% (기준: 30%)
Warning:  MF: Close NaN 비율 50.5% (기준: 30%)
Warning:  MF: 비정상 가격 변동 1316.7% (2024-11-27) — 스플릿/데이터 오류 가능
Warning:  MGN: Close NaN 비율 80.4% (기준: 30%)
Warning:  MGN: 비정상 가격 변동 176.0% (2026-09-09) — 스플릿/데이터 오류 가능
Warning:  MGX: Close NaN 비율 47.9% (기준: 30%)
Warning:  MGX: 비정상 가격 변동 125.4% (2024-12-09) — 스플릿/데이터 오류 가능
Warning:  MI: 비정상 가격 변동 9542.9% (2026-05-18) — 스플릿/데이터 오류 가능
Warning:  MKDW: Close NaN 비율 30.4% (기준: 30%)
Warning:  MKDW: 비정상 가격 변동 205.9% (2025-04-07) — 스플릿/데이터 오류 가능
Warning:  MLTX: 비정상 가격 변동 89.9% (2025-09-29) — 스플릿/데이터 오류 가능
Warning:  MNDR: Close NaN 비율 51.2% (기준: 30%)
Warning:  MNDR: 비정상 가격 변동 185.7% (2025-02-20) — 스플릿/데이터 오류 가능
Warning:  MNTS: 비정상 가격 변동 155.4% (2024-10-09) — 스플릿/데이터 오류 가능
Warning:  MOB: 비정상 가격 변동 88.0% (2023-07-10) — 스플릿/데이터 오류 가능
Warning:  MOVE: 비정상 가격 변동 149.7% (2025-11-10) — 스플릿/데이터 오류 가능
Warning:  MP: 비정상 가격 변동 50.6% (2025-07-10) — 스플릿/데이터 오류 가능
Warning:  MPLT: Close NaN 비율 82.1% (기준: 30%)
Warning:  MPLT: 비정상 가격 변동 72.9% (2026-07-27) — 스플릿/데이터 오류 가능
Warning:  MPU: 비정상 가격 변동 1520.0% (2026-09-16) — 스플릿/데이터 오류 가능
Warning:  MRAM: 비정상 가격 변동 63.2% (2021-11-12) — 스플릿/데이터 오류 가능
Warning:  MRLN: Close NaN 비율 64.1% (기준: 30%)
Warning:  MSS: Close NaN 비율 41.0% (기준: 30%)
Warning:  MSS: 비정상 가격 변동 122.4% (2024-09-24) — 스플릿/데이터 오류 가능
Warning:  MTEN: Close NaN 비율 51.7% (기준: 30%)
Warning:  MTEN: 비정상 가격 변동 81.3% (2026-06-08) — 스플릿/데이터 오류 가능
Warning:  MYSZ: 비정상 가격 변동 214.8% (2024-12-20) — 스플릿/데이터 오류 가능
Warning:  NAGE: 비정상 가격 변동 67.9% (2024-11-01) — 스플릿/데이터 오류 가능
Warning:  NAKA: Close NaN 비율 54.0% (기준: 30%)
Warning:  NAKA: 비정상 가격 변동 251.0% (2025-05-12) — 스플릿/데이터 오류 가능
Warning:  NAMI: Close NaN 비율 64.5% (기준: 30%)
Warning:  NAMI: 비정상 가격 변동 53.7% (2025-05-29) — 스플릿/데이터 오류 가능
Warning:  NAMM: Close NaN 비율 74.3% (기준: 30%)
Warning:  NAMM: 비정상 가격 변동 130.6% (2026-01-21) — 스플릿/데이터 오류 가능
Warning:  NB: Close NaN 비율 30.0% (기준: 30%)
Warning:  NCI: Close NaN 비율 51.9% (기준: 30%)
Warning:  NCI: 비정상 가격 변동 238.5% (2026-02-11) — 스플릿/데이터 오류 가능
Warning:  NCMI: 비정상 가격 변동 109.5% (2023-04-12) — 스플릿/데이터 오류 가능
Warning:  NCRA: 비정상 가격 변동 118.2% (2026-07-29) — 스플릿/데이터 오류 가능
Warning:  NCT: Close NaN 비율 70.4% (기준: 30%)
Warning:  NCT: 비정상 가격 변동 89.7% (2026-09-03) — 스플릿/데이터 오류 가능
Warning:  NERV: 비정상 가격 변동 141.0% (2025-10-21) — 스플릿/데이터 오류 가능
Warning:  NEXR: 비정상 가격 변동 1360.0% (2024-11-20) — 스플릿/데이터 오류 가능
Warning:  NFE: 비정상 가격 변동 3769.7% (2026-09-15) — 스플릿/데이터 오류 가능
Warning:  NIKI: 비정상 가격 변동 554.5% (2024-03-06) — 스플릿/데이터 오류 가능
Warning:  NKLR: Close NaN 비율 80.9% (기준: 30%)
Warning:  NMAD: 비정상 가격 변동 133.3% (2023-02-07) — 스플릿/데이터 오류 가능
Warning:  NMG: 비정상 가격 변동 51.8% (2025-10-13) — 스플릿/데이터 오류 가능
Warning:  NNE: Close NaN 비율 52.7% (기준: 30%)
Warning:  NNNN: Close NaN 비율 68.3% (기준: 30%)
Warning:  NNNN: 비정상 가격 변동 57.5% (2025-11-05) — 스플릿/데이터 오류 가능
Warning:  NTHI: Close NaN 비율 70.3% (기준: 30%)
Warning:  NTHI: 비정상 가격 변동 57.9% (2025-07-02) — 스플릿/데이터 오류 가능
Warning:  NUCL: Close NaN 비율 88.6% (기준: 30%)
Warning:  NVA: Close NaN 비율 56.9% (기준: 30%)
Warning:  NVA: 비정상 가격 변동 110.3% (2025-10-14) — 스플릿/데이터 오류 가능
Warning:  NVA: 거래량 0 연속 10일 (기준: 5일) — 상장폐지/거래정지 가능
Warning:  NVTS: 비정상 가격 변동 164.4% (2025-05-22) — 스플릿/데이터 오류 가능
Warning:  NXAT: Close NaN 비율 73.0% (기준: 30%)
Warning:  NXAT: 비정상 가격 변동 133.3% (2025-06-04) — 스플릿/데이터 오류 가능
Warning:  NXTT: 비정상 가격 변동 661.3% (2025-05-09) — 스플릿/데이터 오류 가능
Warning:  NXXT: 비정상 가격 변동 674.0% (2026-09-15) — 스플릿/데이터 오류 가능
Warning:  ODD: Close NaN 비율 36.6% (기준: 30%)
Warning:  OIO: 비정상 가격 변동 58.4% (2026-04-24) — 스플릿/데이터 오류 가능
Warning:  OKLO: 비정상 가격 변동 53.6% (2024-05-10) — 스플릿/데이터 오류 가능
Warning:  OLMA: 비정상 가격 변동 136.4% (2025-11-18) — 스플릿/데이터 오류 가능
Warning:  OLOX: 비정상 가격 변동 124.2% (2025-05-28) — 스플릿/데이터 오류 가능
Warning:  OM: 비정상 가격 변동 68.5% (2024-08-08) — 스플릿/데이터 오류 가능
Warning:  OMH: Close NaN 비율 30.1% (기준: 30%)
Warning:  OMH: 비정상 가격 변동 878.4% (2025-03-10) — 스플릿/데이터 오류 가능
Warning:  OPEN: 비정상 가격 변동 79.5% (2025-09-11) — 스플릿/데이터 오류 가능
Warning:  OPRX: 비정상 가격 변동 51.7% (2025-03-12) — 스플릿/데이터 오류 가능
Warning:  OPTU: 비정상 가격 변동 76.3% (2026-06-01) — 스플릿/데이터 오류 가능
Warning:  OPTX: 비정상 가격 변동 98.3% (2024-12-17) — 스플릿/데이터 오류 가능
Warning:  ORBS: 비정상 가격 변동 3009.0% (2025-09-08) — 스플릿/데이터 오류 가능
Warning:  ORGO: 비정상 가격 변동 102.3% (2025-02-28) — 스플릿/데이터 오류 가능
Warning:  ORKT: Close NaN 비율 57.0% (기준: 30%)
Warning:  ORKT: 비정상 가격 변동 147.6% (2025-12-08) — 스플릿/데이터 오류 가능
Warning:  OSS: 비정상 가격 변동 56.9% (2026-05-06) — 스플릿/데이터 오류 가능
Warning:  PAAI: 비정상 가격 변동 271.1% (2026-09-17) — 스플릿/데이터 오류 가능
Warning:  PAL: Close NaN 비율 52.8% (기준: 30%)
Warning:  PCLA: Close NaN 비율 66.5% (기준: 30%)
Warning:  PCLA: 비정상 가격 변동 194.2% (2026-05-22) — 스플릿/데이터 오류 가능
Warning:  PEPG: 비정상 가격 변동 121.1% (2025-09-25) — 스플릿/데이터 오류 가능
Warning:  PEW: Close NaN 비율 46.3% (기준: 30%)
Warning:  PFSA: Close NaN 비율 76.1% (기준: 30%)
Warning:  PFSA: 비정상 가격 변동 506.6% (2026-08-18) — 스플릿/데이터 오류 가능
Warning:  PGY: 비정상 가격 변동 129.6% (2022-07-20) — 스플릿/데이터 오류 가능
Warning:  PHAT: 비정상 가격 변동 90.2% (2025-06-06) — 스플릿/데이터 오류 가능
Warning:  PHIO: 비정상 가격 변동 290.5% (2025-01-13) — 스플릿/데이터 오류 가능
Warning:  PICS: Close NaN 비율 87.2% (기준: 30%)
Warning:  PLBL: Close NaN 비율 77.7% (기준: 30%)
Warning:  PLCE: 비정상 가격 변동 85.7% (2024-09-11) — 스플릿/데이터 오류 가능
Warning:  PMI: Close NaN 비율 78.9% (기준: 30%)
Warning:  PMI: 비정상 가격 변동 86.2% (2026-08-25) — 스플릿/데이터 오류 가능
Warning:  PMI: 거래량 0 연속 7일 (기준: 5일) — 상장폐지/거래정지 가능
Warning:  PN: Close NaN 비율 69.0% (기준: 30%)
Warning:  PN: 비정상 가격 변동 131.8% (2026-07-22) — 스플릿/데이터 오류 가능
Warning:  PONY: Close NaN 비율 64.0% (기준: 30%)
Warning:  PPBT: 비정상 가격 변동 150.4% (2024-12-02) — 스플릿/데이터 오류 가능
Warning:  PRFX: 비정상 가격 변동 414.3% (2024-12-19) — 스플릿/데이터 오류 가능
Warning:  PRIM: 비정상 가격 변동 50.1% (2026-05-06) — 스플릿/데이터 오류 가능
Warning:  PSIG: Close NaN 비율 56.7% (기준: 30%)
Warning:  PSIG: 비정상 가격 변동 127.7% (2024-08-12) — 스플릿/데이터 오류 가능
Warning:  PSIX: 비정상 가격 변동 68.6% (2022-11-15) — 스플릿/데이터 오류 가능
Warning:  PSQL: Close NaN 비율 87.1% (기준: 30%)
Warning:  PSQL: 비정상 가격 변동 95.2% (2026-08-28) — 스플릿/데이터 오류 가능
Warning:  PTN: 비정상 가격 변동 66.7% (2025-08-06) — 스플릿/데이터 오류 가능
Warning:  PURR: Close NaN 비율 84.1% (기준: 30%)
Warning:  PUSA: Close NaN 비율 68.0% (기준: 30%)
Warning:  PUSA: 비정상 가격 변동 207.6% (2025-07-23) — 스플릿/데이터 오류 가능
Warning:  PXS: 비정상 가격 변동 62.6% (2022-03-07) — 스플릿/데이터 오류 가능
Warning:  QBTS: 비정상 가격 변동 110.7% (2023-05-22) — 스플릿/데이터 오류 가능
Warning:  QNC: Close NaN 비율 88.5% (기준: 30%)
Warning:  QNRX: 비정상 가격 변동 360.5% (2022-08-03) — 스플릿/데이터 오류 가능
Warning:  QNTM: 비정상 가격 변동 119.8% (2024-08-09) — 스플릿/데이터 오류 가능
Warning:  QTRX: 비정상 가격 변동 54.8% (2022-08-09) — 스플릿/데이터 오류 가능
Warning:  QTTB: 비정상 가격 변동 119.9% (2025-07-10) — 스플릿/데이터 오류 가능
Warning:  QUBT: 비정상 가격 변동 92.8% (2024-11-13) — 스플릿/데이터 오류 가능
Warning:  QUCY: 비정상 가격 변동 3377.4% (2024-12-03) — 스플릿/데이터 오류 가능
Warning:  QXO: 비정상 가격 변동 240.3% (2023-12-04) — 스플릿/데이터 오류 가능
Warning:  RAYA: 비정상 가격 변동 108.1% (2026-04-10) — 스플릿/데이터 오류 가능
Warning:  RCON: 비정상 가격 변동 85.4% (2026-08-05) — 스플릿/데이터 오류 가능
Warning:  RDAC: Close NaN 비율 64.1% (기준: 30%)
Warning:  RDAC: 비정상 가격 변동 318.6% (2026-04-29) — 스플릿/데이터 오류 가능
Warning:  RDW: 비정상 가격 변동 51.4% (2025-01-21) — 스플릿/데이터 오류 가능
Warning:  RENT: 비정상 가격 변동 161.9% (2024-04-11) — 스플릿/데이터 오류 가능
Warning:  RENX: Close NaN 비율 40.0% (기준: 30%)
Warning:  RENX: 비정상 가격 변동 531.3% (2023-11-16) — 스플릿/데이터 오류 가능
Warning:  RGC: 비정상 가격 변동 343.9% (2024-07-23) — 스플릿/데이터 오류 가능
Warning:  RGTI: 비정상 가격 변동 58.0% (2024-11-25) — 스플릿/데이터 오류 가능
Warning:  ROOT: 비정상 가격 변동 68.9% (2024-10-31) — 스플릿/데이터 오류 가능
Warning:  RPGL: Close NaN 비율 81.4% (기준: 30%)
Warning:  RPGL: 비정상 가격 변동 173.9% (2026-01-29) — 스플릿/데이터 오류 가능
Warning:  RR: Close NaN 비율 43.4% (기준: 30%)
Warning:  RR: 비정상 가격 변동 73.9% (2024-08-06) — 스플릿/데이터 오류 가능
Warning:  RTB: 비정상 가격 변동 136.8% (2025-06-05) — 스플릿/데이터 오류 가능
Warning:  RUBI: Close NaN 비율 77.4% (기준: 30%)
Warning:  RUBI: 비정상 가격 변동 54.2% (2025-11-25) — 스플릿/데이터 오류 가능
Warning:  RVI: Close NaN 비율 89.2% (기준: 30%)
Warning:  RZLT: 비정상 가격 변동 87.2% (2025-12-11) — 스플릿/데이터 오류 가능
Warning:  RZLV: 비정상 가격 변동 54.5% (2024-12-17) — 스플릿/데이터 오류 가능
Warning:  SBET: 비정상 가격 변동 433.2% (2025-05-27) — 스플릿/데이터 오류 가능
Warning:  SCNI: 비정상 가격 변동 97.3% (2021-12-22) — 스플릿/데이터 오류 가능
Warning:  SDEV: 비정상 가격 변동 102.5% (2026-01-09) — 스플릿/데이터 오류 가능
Warning:  SDOT: 비정상 가격 변동 247.1% (2026-06-26) — 스플릿/데이터 오류 가능
Warning:  SERV: Close NaN 비율 49.4% (기준: 30%)
Warning:  SERV: 비정상 가격 변동 187.1% (2024-07-19) — 스플릿/데이터 오류 가능
Warning:  SEV: Close NaN 비율 81.5% (기준: 30%)
Warning:  SEV: 비정상 가격 변동 57.8% (2025-10-23) — 스플릿/데이터 오류 가능
Warning:  SGLY: 비정상 가격 변동 143.5% (2025-03-21) — 스플릿/데이터 오류 가능
Warning:  SGRX: 비정상 가격 변동 121.4% (2025-03-07) — 스플릿/데이터 오류 가능
Warning:  SHMD: Close NaN 비율 52.4% (기준: 30%)
Warning:  SIDU: 비정상 가격 변동 225.0% (2022-06-15) — 스플릿/데이터 오류 가능
Warning:  SION: Close NaN 비율 67.7% (기준: 30%)
Warning:  SION: 비정상 가격 변동 91.2% (2026-08-10) — 스플릿/데이터 오류 가능
Warning:  SKK: Close NaN 비율 61.1% (기준: 30%)
Warning:  SKK: 비정상 가격 변동 596.6% (2026-05-04) — 스플릿/데이터 오류 가능
Warning:  SKYA: 비정상 가격 변동 141.6% (2024-05-28) — 스플릿/데이터 오류 가능
Warning:  SKYE: 비정상 가격 변동 76.9% (2024-02-27) — 스플릿/데이터 오류 가능
Warning:  SKYQ: Close NaN 비율 61.3% (기준: 30%)
Warning:  SKYQ: 비정상 가격 변동 101.6% (2026-04-02) — 스플릿/데이터 오류 가능
Warning:  SKYX: 비정상 가격 변동 68.6% (2022-07-28) — 스플릿/데이터 오류 가능
Warning:  SLDP: 비정상 가격 변동 51.6% (2025-11-05) — 스플릿/데이터 오류 가능
Warning:  SLE: 비정상 가격 변동 159.5% (2025-09-23) — 스플릿/데이터 오류 가능
Warning:  SLNH: 비정상 가격 변동 94.4% (2025-09-22) — 스플릿/데이터 오류 가능
Warning:  SMJF: Close NaN 비율 84.2% (기준: 30%)
Warning:  SMJF: 비정상 가격 변동 87.0% (2026-08-27) — 스플릿/데이터 오류 가능
Warning:  SMTK: Close NaN 비율 54.0% (기준: 30%)
Warning:  SMTK: 비정상 가격 변동 105.4% (2026-06-08) — 스플릿/데이터 오류 가능
Warning:  SOC: 비정상 가격 변동 56.2% (2025-12-18) — 스플릿/데이터 오류 가능
Warning:  SOUN: 비정상 가격 변동 71.8% (2022-12-30) — 스플릿/데이터 오류 가능
Warning:  SPAI: Close NaN 비율 58.9% (기준: 30%)
Warning:  SPAI: 비정상 가격 변동 65.8% (2025-02-13) — 스플릿/데이터 오류 가능
Warning:  SPRB: 비정상 가격 변동 1378.5% (2025-10-06) — 스플릿/데이터 오류 가능
Warning:  SPRO: 비정상 가격 변동 244.6% (2025-05-28) — 스플릿/데이터 오류 가능
Warning:  SPRU: 비정상 가격 변동 54.8% (2025-11-12) — 스플릿/데이터 오류 가능
Warning:  SPRY: 비정상 가격 변동 77.9% (2023-05-12) — 스플릿/데이터 오류 가능
Warning:  SPWH: 비정상 가격 변동 97.9% (2025-04-02) — 스플릿/데이터 오류 가능
Warning:  SQFT: 비정상 가격 변동 166.1% (2025-07-14) — 스플릿/데이터 오류 가능
Warning:  SRG: 비정상 가격 변동 80.3% (2022-07-08) — 스플릿/데이터 오류 가능
Warning:  SRXH: 비정상 가격 변동 84.5% (2025-08-15) — 스플릿/데이터 오류 가능
Warning:  SRXH: 거래량 0 연속 7일 (기준: 5일) — 상장폐지/거래정지 가능
Warning:  SSM: 비정상 가격 변동 2900.0% (2024-05-29) — 스플릿/데이터 오류 가능
Warning:  SST: 비정상 가격 변동 142.3% (2026-03-27) — 스플릿/데이터 오류 가능
Warning:  STAK: Close NaN 비율 68.7% (기준: 30%)
Warning:  STAK: 비정상 가격 변동 602.3% (2026-07-24) — 스플릿/데이터 오류 가능
Warning:  STKE: 비정상 가격 변동 131.4% (2024-10-14) — 스플릿/데이터 오류 가능
Warning:  STKH: 비정상 가격 변동 166.7% (2026-07-28) — 스플릿/데이터 오류 가능
Warning:  STUB: Close NaN 비율 79.8% (기준: 30%)
Warning:  SUIG: 비정상 가격 변동 218.9% (2025-07-25) — 스플릿/데이터 오류 가능
Warning:  SUNE: 비정상 가격 변동 420.4% (2026-06-08) — 스플릿/데이터 오류 가능
Warning:  SUPX: Close NaN 비율 51.6% (기준: 30%)
Warning:  SVCO: Close NaN 비율 52.8% (기준: 30%)
Warning:  SVCO: 비정상 가격 변동 52.4% (2026-03-13) — 스플릿/데이터 오류 가능
Warning:  SVRN: 비정상 가격 변동 122.7% (2025-06-13) — 스플릿/데이터 오류 가능
Warning:  SWMR: Close NaN 비율 89.7% (기준: 30%)
Warning:  SWMR: 비정상 가격 변동 77.4% (2026-03-18) — 스플릿/데이터 오류 가능
Warning:  SXTC: 비정상 가격 변동 1581.4% (2022-05-19) — 스플릿/데이터 오류 가능
Warning:  SYM: 비정상 가격 변동 120.5% (2022-06-08) — 스플릿/데이터 오류 가능
Warning:  TANH: 비정상 가격 변동 117.7% (2023-05-01) — 스플릿/데이터 오류 가능
Warning:  TAOX: 비정상 가격 변동 74.6% (2022-12-16) — 스플릿/데이터 오류 가능
Warning:  TARA: 비정상 가격 변동 70.1% (2024-12-05) — 스플릿/데이터 오류 가능
Warning:  TC: 비정상 가격 변동 159.5% (2026-07-01) — 스플릿/데이터 오류 가능
Warning:  TCRT: 비정상 가격 변동 64.1% (2023-08-15) — 스플릿/데이터 오류 가능
Warning:  TDUP: 비정상 가격 변동 62.7% (2024-08-06) — 스플릿/데이터 오류 가능
Warning:  TE: 비정상 가격 변동 66.7% (2024-11-06) — 스플릿/데이터 오류 가능
Warning:  TENX: 비정상 가격 변동 297.4% (2023-11-13) — 스플릿/데이터 오류 가능
Warning:  TGL: 비정상 가격 변동 276.3% (2025-12-05) — 스플릿/데이터 오류 가능
Warning:  TJGC: Close NaN 비율 66.8% (기준: 30%)
Warning:  TJGC: 비정상 가격 변동 571.4% (2025-06-03) — 스플릿/데이터 오류 가능
Warning:  TJGC: 거래량 0 연속 11일 (기준: 5일) — 상장폐지/거래정지 가능
Warning:  TLRY: 비정상 가격 변동 60.9% (2025-09-29) — 스플릿/데이터 오류 가능
Warning:  TMQ: 비정상 가격 변동 211.0% (2025-10-07) — 스플릿/데이터 오류 가능
Warning:  TNMG: 비정상 가격 변동 684.9% (2026-09-09) — 스플릿/데이터 오류 가능
Warning:  TNON: 비정상 가격 변동 283.4% (2025-03-25) — 스플릿/데이터 오류 가능
Warning:  TNXP: 비정상 가격 변동 120.8% (2024-12-16) — 스플릿/데이터 오류 가능
Warning:  TONX: 비정상 가격 변동 346.9% (2023-09-05) — 스플릿/데이터 오류 가능
Warning:  TOYO: 비정상 가격 변동 86.6% (2024-11-26) — 스플릿/데이터 오류 가능
Warning:  TPET: Close NaN 비율 31.6% (기준: 30%)
Warning:  TPET: 비정상 가격 변동 166.7% (2026-03-02) — 스플릿/데이터 오류 가능
Warning:  TRDA: 비정상 가격 변동 57.3% (2026-05-07) — 스플릿/데이터 오류 가능
Warning:  TRON: Close NaN 비율 38.1% (기준: 30%)
Warning:  TRON: 비정상 가격 변동 533.8% (2025-06-16) — 스플릿/데이터 오류 가능
Warning:  TROO: 비정상 가격 변동 106.2% (2025-07-14) — 스플릿/데이터 오류 가능
Warning:  TSSI: 비정상 가격 변동 74.1% (2025-05-16) — 스플릿/데이터 오류 가능
Warning:  TTAN: Close NaN 비율 64.8% (기준: 30%)
Warning:  TTEC: 비정상 가격 변동 52.6% (2025-04-02) — 스플릿/데이터 오류 가능
Warning:  TTRX: Close NaN 비율 81.0% (기준: 30%)
Warning:  TURB: Close NaN 비율 40.2% (기준: 30%)
Warning:  TURB: 비정상 가격 변동 359.3% (2025-09-16) — 스플릿/데이터 오류 가능
Warning:  TVRD: 비정상 가격 변동 83.9% (2025-10-13) — 스플릿/데이터 오류 가능
Warning:  UAVS: 비정상 가격 변동 122.4% (2024-11-14) — 스플릿/데이터 오류 가능
Warning:  UCAR: Close NaN 비율 31.9% (기준: 30%)
Warning:  UCAR: 비정상 가격 변동 1471.1% (2026-09-10) — 스플릿/데이터 오류 가능
Warning:  UP: 비정상 가격 변동 60.4% (2023-06-22) — 스플릿/데이터 오류 가능
Warning:  UPB: Close NaN 비율 61.4% (기준: 30%)
Warning:  UPC: 비정상 가격 변동 311.5% (2026-06-29) — 스플릿/데이터 오류 가능
Warning:  UPST: 비정상 가격 변동 56.4% (2022-05-10) — 스플릿/데이터 오류 가능
Warning:  UPXI: 비정상 가격 변동 330.9% (2025-04-21) — 스플릿/데이터 오류 가능
Warning:  USAR: Close NaN 비율 36.4% (기준: 30%)
Warning:  USAR: 비정상 가격 변동 72.0% (2025-03-14) — 스플릿/데이터 오류 가능
Warning:  VATE: 비정상 가격 변동 86.3% (2025-01-21) — 스플릿/데이터 오류 가능
Warning:  VBIO: 비정상 가격 변동 197.9% (2025-02-12) — 스플릿/데이터 오류 가능
Warning:  VCIG: Close NaN 비율 31.3% (기준: 30%)
Warning:  VCIG: 비정상 가격 변동 546.8% (2023-05-02) — 스플릿/데이터 오류 가능
Warning:  VCX: Close NaN 비율 89.9% (기준: 30%)
Warning:  VCX: 비정상 가격 변동 64.2% (2026-03-24) — 스플릿/데이터 오류 가능
Warning:  VEEA: 비정상 가격 변동 149.3% (2026-09-15) — 스플릿/데이터 오류 가능
Warning:  VELO: 비정상 가격 변동 80.7% (2025-04-01) — 스플릿/데이터 오류 가능
Warning:  VENU: Close NaN 비율 64.0% (기준: 30%)
Warning:  VEON: 비정상 가격 변동 53.8% (2022-03-04) — 스플릿/데이터 오류 가능
Warning:  VERI: 비정상 가격 변동 53.7% (2025-10-15) — 스플릿/데이터 오류 가능
Warning:  VHC: 비정상 가격 변동 67.2% (2024-12-30) — 스플릿/데이터 오류 가능
Warning:  VIOT: 비정상 가격 변동 83.5% (2026-09-02) — 스플릿/데이터 오류 가능
Warning:  VLN: 비정상 가격 변동 59.0% (2026-01-09) — 스플릿/데이터 오류 가능
Warning:  VMAR: 비정상 가격 변동 156.8% (2025-12-16) — 스플릿/데이터 오류 가능
Warning:  VNCE: 비정상 가격 변동 89.2% (2025-09-11) — 스플릿/데이터 오류 가능
Warning:  VNET: 비정상 가격 변동 83.2% (2022-03-16) — 스플릿/데이터 오류 가능
Warning:  VOR: 비정상 가격 변동 74.2% (2025-06-25) — 스플릿/데이터 오류 가능
Warning:  VRAX: 비정상 가격 변동 141.8% (2024-08-19) — 스플릿/데이터 오류 가능
Warning:  VRCA: 비정상 가격 변동 63.8% (2022-05-25) — 스플릿/데이터 오류 가능
Warning:  VRRM: 비정상 가격 변동 70.6% (2026-05-27) — 스플릿/데이터 오류 가능
Warning:  VRXA: Close NaN 비율 60.6% (기준: 30%)
Warning:  VRXA: 비정상 가격 변동 55.5% (2026-06-16) — 스플릿/데이터 오류 가능
Warning:  VTIX: Close NaN 비율 87.0% (기준: 30%)
Warning:  VTIX: 비정상 가격 변동 56.3% (2026-01-28) — 스플릿/데이터 오류 가능
Warning:  WATR: Close NaN 비율 74.7% (기준: 30%)
Warning:  WATT: 비정상 가격 변동 554.3% (2024-12-30) — 스플릿/데이터 오류 가능
Warning:  WBTN: Close NaN 비율 55.5% (기준: 30%)
Warning:  WBTN: 비정상 가격 변동 81.2% (2025-08-13) — 스플릿/데이터 오류 가능
Warning:  WCT: Close NaN 비율 60.9% (기준: 30%)
Warning:  WCT: 비정상 가격 변동 381.9% (2026-09-09) — 스플릿/데이터 오류 가능
Warning:  WETO: Close NaN 비율 68.8% (기준: 30%)
Warning:  WETO: 비정상 가격 변동 200.0% (2026-07-31) — 스플릿/데이터 오류 가능
Warning:  WFF: Close NaN 비율 70.4% (기준: 30%)
Warning:  WHLR: 비정상 가격 변동 301.9% (2024-09-05) — 스플릿/데이터 오류 가능
Warning:  WKHS: 비정상 가격 변동 54.9% (2025-07-08) — 스플릿/데이터 오류 가능
Warning:  WLDS: 비정상 가격 변동 407.8% (2025-09-10) — 스플릿/데이터 오류 가능
Warning:  WNW: 비정상 가격 변동 97.6% (2025-04-22) — 스플릿/데이터 오류 가능
Warning:  WOLF: Close NaN 비율 80.5% (기준: 30%)
Warning:  WRD: Close NaN 비율 62.2% (기준: 30%)
Warning:  WRD: 비정상 가격 변동 83.5% (2025-02-14) — 스플릿/데이터 오류 가능
Warning:  WSHP: Close NaN 비율 83.2% (기준: 30%)
Warning:  WSHP: 비정상 가격 변동 506.1% (2025-11-19) — 스플릿/데이터 오류 가능
Warning:  WVE: 비정상 가격 변동 147.3% (2025-12-08) — 스플릿/데이터 오류 가능
Warning:  WW: Close NaN 비율 75.4% (기준: 30%)
Warning:  WYFI: Close NaN 비율 77.6% (기준: 30%)
Warning:  WYHG: Close NaN 비율 63.9% (기준: 30%)
Warning:  WYHG: 비정상 가격 변동 194.2% (2026-08-06) — 스플릿/데이터 오류 가능
Warning:  XAIR: 비정상 가격 변동 150.0% (2026-01-13) — 스플릿/데이터 오류 가능
Warning:  XBIO: 비정상 가격 변동 141.5% (2025-10-08) — 스플릿/데이터 오류 가능
Warning:  XLAB: Close NaN 비율 78.3% (기준: 30%)
Warning:  XNDU: Close NaN 비율 90.0% (기준: 30%)
Warning:  XNDU: 비정상 가격 변동 69.8% (2026-04-15) — 스플릿/데이터 오류 가능
Warning:  XOS: 비정상 가격 변동 234.5% (2026-06-03) — 스플릿/데이터 오류 가능
Warning:  XPON: 비정상 가격 변동 139.1% (2022-12-23) — 스플릿/데이터 오류 가능
Warning:  XRTX: 비정상 가격 변동 134.8% (2024-08-29) — 스플릿/데이터 오류 가능
Warning:  XXI: Close NaN 비율 58.0% (기준: 30%)
Warning:  XXI: 비정상 가격 변동 55.4% (2025-04-23) — 스플릿/데이터 오류 가능
Warning:  YAAS: Close NaN 비율 65.3% (기준: 30%)
Warning:  YAAS: 비정상 가격 변동 312.2% (2026-07-30) — 스플릿/데이터 오류 가능
Warning:  YDDL: Close NaN 비율 81.1% (기준: 30%)
Warning:  YDDL: 비정상 가격 변동 62.9% (2026-04-10) — 스플릿/데이터 오류 가능
Warning:  YDES: Close NaN 비율 78.6% (기준: 30%)
Warning:  YDES: 비정상 가격 변동 135.8% (2025-08-29) — 스플릿/데이터 오류 가능
Warning:  YFOR: Close NaN 비율 51.8% (기준: 30%)
Warning:  YFOR: 비정상 가격 변동 84.3% (2026-08-26) — 스플릿/데이터 오류 가능
Warning:  YJ: 비정상 가격 변동 176.4% (2026-08-07) — 스플릿/데이터 오류 가능
Warning:  YMAT: Close NaN 비율 77.1% (기준: 30%)
Warning:  YMAT: 비정상 가격 변동 203.3% (2026-05-26) — 스플릿/데이터 오류 가능
Warning:  YMT: Close NaN 비율 78.2% (기준: 30%)
Warning:  YSS: Close NaN 비율 87.2% (기준: 30%)
Warning:  ZENA: Close NaN 비율 60.7% (기준: 30%)
Warning:  ZENA: 비정상 가격 변동 258.7% (2024-11-25) — 스플릿/데이터 오류 가능
Warning:  ZJYL: Close NaN 비율 30.4% (기준: 30%)
Warning:  ZJYL: 비정상 가격 변동 263.7% (2023-12-18) — 스플릿/데이터 오류 가능
Warning:  ZNB: 비정상 가격 변동 104.8% (2025-10-07) — 스플릿/데이터 오류 가능
Warning:  ZNTL: 비정상 가격 변동 60.1% (2026-04-09) — 스플릿/데이터 오류 가능
Warning:  ZSQR: 비정상 가격 변동 77.4% (2024-12-31) — 스플릿/데이터 오류 가능
Warning:  ZSTK: 비정상 가격 변동 169.6% (2026-08-19) — 스플릿/데이터 오류 가능
Warning:  ZTG: Close NaN 비율 79.4% (기준: 30%)
Warning:  ZTG: 비정상 가격 변동 75.3% (2026-09-16) — 스플릿/데이터 오류 가능
Warning:  ZYBT: Close NaN 비율 66.1% (기준: 30%)
Warning:  ZYBT: 비정상 가격 변동 1047.6% (2026-07-20) — 스플릿/데이터 오류 가능
[[NASDAQ/NYSE 분석]] 강한 섹터: {'Information Technology', 'Energy'}
[OHLCV] 배치 다운로드 1/2 (150개 종목, period=2y)...
[OHLCV] 배치 다운로드 2/2 (66개 종목, period=2y)...
[DataValidator] 61건의 데이터 품질 경고 발생
Warning:  AAOI: 비정상 가격 변동 56.9% (2026-02-27) — 스플릿/데이터 오류 가능
Warning:  AEHL: 비정상 가격 변동 135.3% (2026-05-08) — 스플릿/데이터 오류 가능
Warning:  AEMD: 비정상 가격 변동 374.1% (2026-09-17) — 스플릿/데이터 오류 가능
Warning:  ALMS: 비정상 가격 변동 95.3% (2026-01-06) — 스플릿/데이터 오류 가능
Warning:  ASST: 비정상 가격 변동 455.7% (2025-05-07) — 스플릿/데이터 오류 가능
Warning:  BIAF: 비정상 가격 변동 319.2% (2025-04-01) — 스플릿/데이터 오류 가능
Warning:  BMNR: Close NaN 비율 35.3% (기준: 30%)
Warning:  BMNR: 비정상 가격 변동 694.8% (2025-06-30) — 스플릿/데이터 오류 가능
Warning:  BTCT: 비정상 가격 변동 316.7% (2024-11-12) — 스플릿/데이터 오류 가능
Warning:  BW: 비정상 가격 변동 66.9% (2025-06-05) — 스플릿/데이터 오류 가능
Warning:  CAPR: 비정상 가격 변동 371.1% (2025-12-03) — 스플릿/데이터 오류 가능
Warning:  CRE: Close NaN 비율 41.7% (기준: 30%)
Warning:  CRE: 비정상 가격 변동 165.0% (2026-08-26) — 스플릿/데이터 오류 가능
Warning:  CRML: 비정상 가격 변동 55.4% (2025-10-13) — 스플릿/데이터 오류 가능
Warning:  CYPH: 비정상 가격 변동 368.0% (2025-11-12) — 스플릿/데이터 오류 가능
Warning:  DAIC: Close NaN 비율 37.5% (기준: 30%)
Warning:  DAIC: 비정상 가격 변동 306.1% (2026-08-24) — 스플릿/데이터 오류 가능
Warning:  DXYZ: 비정상 가격 변동 63.8% (2024-11-08) — 스플릿/데이터 오류 가능
Warning:  FIG: Close NaN 비율 42.9% (기준: 30%)
Warning:  FIGR: Close NaN 비율 48.7% (기준: 30%)
Warning:  FLY: Close NaN 비율 43.9% (기준: 30%)
Warning:  FRMI: Close NaN 비율 51.5% (기준: 30%)
Warning:  FTFT: 비정상 가격 변동 179.2% (2026-09-14) — 스플릿/데이터 오류 가능
Warning:  GPCR: 비정상 가격 변동 102.5% (2025-12-08) — 스플릿/데이터 오류 가능
Warning:  HTZ: 비정상 가격 변동 56.4% (2025-04-16) — 스플릿/데이터 오류 가능
Warning:  IMCC: 비정상 가격 변동 143.1% (2026-09-18) — 스플릿/데이터 오류 가능
Warning:  INOD: 비정상 가격 변동 86.0% (2026-05-08) — 스플릿/데이터 오류 가능
Warning:  KD: 비정상 가격 변동 54.9% (2026-02-09) — 스플릿/데이터 오류 가능
Warning:  KLAR: Close NaN 비율 48.7% (기준: 30%)
Warning:  LAC: 비정상 가격 변동 95.8% (2025-09-24) — 스플릿/데이터 오류 가능
Warning:  MEDS: 비정상 가격 변동 274.7% (2026-09-16) — 스플릿/데이터 오류 가능
Warning:  MP: 비정상 가격 변동 50.6% (2025-07-10) — 스플릿/데이터 오류 가능
Warning:  NVTS: 비정상 가격 변동 164.4% (2025-05-22) — 스플릿/데이터 오류 가능
Warning:  OPEN: 비정상 가격 변동 79.5% (2025-09-11) — 스플릿/데이터 오류 가능
Warning:  PMI: Close NaN 비율 47.1% (기준: 30%)
Warning:  PMI: 비정상 가격 변동 86.2% (2026-08-25) — 스플릿/데이터 오류 가능
Warning:  PMI: 거래량 0 연속 7일 (기준: 5일) — 상장폐지/거래정지 가능
Warning:  PRIM: 비정상 가격 변동 50.1% (2026-05-06) — 스플릿/데이터 오류 가능
Warning:  PURR: Close NaN 비율 60.3% (기준: 30%)
Warning:  QBTS: 비정상 가격 변동 51.2% (2025-05-08) — 스플릿/데이터 오류 가능
Warning:  QUBT: 비정상 가격 변동 92.8% (2024-11-13) — 스플릿/데이터 오류 가능
Warning:  RDW: 비정상 가격 변동 51.4% (2025-01-21) — 스플릿/데이터 오류 가능
Warning:  RGTI: 비정상 가격 변동 58.0% (2024-11-25) — 스플릿/데이터 오류 가능
Warning:  RZLV: 비정상 가격 변동 54.5% (2024-12-17) — 스플릿/데이터 오류 가능
Warning:  SBET: 비정상 가격 변동 433.2% (2025-05-27) — 스플릿/데이터 오류 가능
Warning:  SDOT: 비정상 가격 변동 247.1% (2026-06-26) — 스플릿/데이터 오류 가능
Warning:  SOC: 비정상 가격 변동 56.2% (2025-12-18) — 스플릿/데이터 오류 가능
Warning:  STUB: Close NaN 비율 49.5% (기준: 30%)
Warning:  SUNE: 비정상 가격 변동 420.4% (2026-06-08) — 스플릿/데이터 오류 가능
Warning:  SWMR: Close NaN 비율 74.3% (기준: 30%)
Warning:  SWMR: 비정상 가격 변동 77.4% (2026-03-18) — 스플릿/데이터 오류 가능
Warning:  TE: 비정상 가격 변동 66.7% (2024-11-06) — 스플릿/데이터 오류 가능
Warning:  TNON: 비정상 가격 변동 283.4% (2025-03-25) — 스플릿/데이터 오류 가능
Warning:  USAR: 비정상 가격 변동 72.0% (2025-03-14) — 스플릿/데이터 오류 가능
Warning:  VEEA: 비정상 가격 변동 149.3% (2026-09-15) — 스플릿/데이터 오류 가능
Warning:  VRRM: 비정상 가격 변동 70.6% (2026-05-27) — 스플릿/데이터 오류 가능
Warning:  WETO: 비정상 가격 변동 200.0% (2026-07-31) — 스플릿/데이터 오류 가능
Warning:  WOLF: Close NaN 비율 51.1% (기준: 30%)
Warning:  WYFI: Close NaN 비율 43.9% (기준: 30%)
Warning:  XPON: 비정상 가격 변동 80.5% (2026-08-24) — 스플릿/데이터 오류 가능
Warning:  YSS: Close NaN 비율 67.9% (기준: 30%)
[[NASDAQ/NYSE 분석]] Extreme model 'label_low' ROC 0.56, AP 0.48
[[NASDAQ/NYSE 분석]] Extreme model 'label_high' ROC 0.57, AP 0.55
[[NASDAQ/NYSE 분석]] Google Sheets 업데이트 완료 (216개 종목)
[Email] 바닥반등 82개 + 모멘텀 38개 = 총 120개 종목 리스트를 chunghwan14@gmail.com, roykim0311@gmail.com, ssamjungtan@naver.com로 발송 완료

============================================================
[[NASDAQ/NYSE 차트분석]] 이메일 대상 종목 차트 분석 시작
============================================================
[[NASDAQ/NYSE 차트분석]] 차트분석 대상 120개 종목: ['CTRI', 'LAC', 'ODD', 'TTAN', 'BRBR', 'SOC', 'NIO', 'JOBY', 'HIMS', 'GT', 'MPC', 'PONY', 'KVYO', 'GENI', 'CVI', 'ACM', 'IOVA', 'RUN', 'XPEV', 'COLL', 'PURR', 'ZTS', 'UUUU', 'MMYT', 'PATK', 'BTCT', 'FIGR', 'DINO', 'ATEC', 'SMTC', 'BLDR', 'UPWK', 'WIX', 'PLAY', 'FLNC', 'CLMT', 'AXTI', 'OKLO', 'DELL', 'PGY', 'ATRC', 'CYPH', 'WING', 'AGX', 'FMC', 'BILI', 'UPST', 'UAMY', 'FRMI', 'TE', 'PL', 'LULU', 'ENPH', 'TXG', 'GPRO', 'INSW', 'HYMC', 'APP', 'ZG', 'NAT', 'MTZ', 'YSS', 'FISV', 'GPK', 'UEC', 'NNE', 'BMNR', 'TME', 'AMD', 'CRE', 'QFIN', 'GRAB', 'TRMD', 'VRRM', 'ADMA', 'DHT', 'NKE', 'FRO', 'DOCS', 'TRIP', 'CPNG', 'BW', 'SBET', 'ACHR', 'LASR', 'ASTS', 'DUOL', 'MP', 'LUNR', 'ASST', 'LEGN', 'FOUR', 'BBAI', 'UTI', 'PODD', 'MNDY', 'ACVA', 'TH', 'PZZA', 'ECO', 'COUR', 'NEO', 'HIVE', 'CSIQ', 'LIF', 'INTU', 'CAR', 'KRMN', 'RARE', 'FLO', 'AMPX', 'UGP', 'VLO', 'Z', 'FEIM', 'FIG', 'ALGM', 'PFSI', 'RBLX', 'MSTR']
[[NASDAQ/NYSE 차트분석]] 기존 NASDAQ 차트 파일 삭제 중...
[[NASDAQ/NYSE 차트분석]] TradingView 차트 캡처 시작...
[TradingView] UGP 브라우저 세션 시작  (로그인 세션)...
[TradingView] 1H 캡처 완료 (60)
[TradingView] 4H 캡처 완료 (240)
[TradingView] Daily 캡처 완료 (D)
[TradingView] Weekly 캡처 완료 (W)
[TradingView] Monthly 캡처 완료 (M)
[[NASDAQ/NYSE 차트분석]] UGP 차트 5개 처리 완료
[TradingView] CVI 브라우저 세션 시작  (로그인 세션)...
[TradingView] 1H 캡처 완료 (60)
[TradingView] 4H 캡처 완료 (240)
[TradingView] Daily 캡처 완료 (D)
[TradingView] Weekly 캡처 완료 (W)
[TradingView] Monthly 캡처 완료 (M)
[[NASDAQ/NYSE 차트분석]] CVI 차트 5개 처리 완료
[TradingView] VLO 브라우저 세션 시작  (로그인 세션)...
[TradingView] 1H 캡처 완료 (60)
[TradingView] 4H 캡처 완료 (240)
[TradingView] Daily 캡처 완료 (D)
[TradingView] Weekly 캡처 완료 (W)
[TradingView] Monthly 캡처 완료 (M)
[[NASDAQ/NYSE 차트분석]] VLO 차트 5개 처리 완료
[TradingView] FRO 브라우저 세션 시작  (로그인 세션)...
[TradingView] 1H 캡처 완료 (60)
[TradingView] 4H 캡처 완료 (240)
[TradingView] Daily 캡처 완료 (D)
[TradingView] Weekly 캡처 완료 (W)
[TradingView] Monthly 캡처 완료 (M)
[[NASDAQ/NYSE 차트분석]] FRO 차트 5개 처리 완료
[TradingView] INSW 브라우저 세션 시작  (로그인 세션)...
[TradingView] 1H 캡처 완료 (60)
[TradingView] 4H 캡처 완료 (240)
[TradingView] Daily 캡처 완료 (D)
[TradingView] Weekly 캡처 완료 (W)
[TradingView] Monthly 캡처 완료 (M)
[[NASDAQ/NYSE 차트분석]] INSW 차트 5개 처리 완료
[TradingView] BMNR 브라우저 세션 시작  (로그인 세션)...
[TradingView] 1H 캡처 완료 (60)
[TradingView] 4H 캡처 완료 (240)
[TradingView] Daily 캡처 완료 (D)
[TradingView] Weekly 캡처 완료 (W)
[TradingView] Monthly 캡처 완료 (M)
[[NASDAQ/NYSE 차트분석]] BMNR 차트 5개 처리 완료
[TradingView] FEIM 브라우저 세션 시작  (로그인 세션)...
[TradingView] 1H 캡처 완료 (60)
[TradingView] 4H 캡처 완료 (240)
[TradingView] Daily 캡처 완료 (D)
[TradingView] Weekly 캡처 완료 (W)
[TradingView] Monthly 캡처 완료 (M)
[[NASDAQ/NYSE 차트분석]] FEIM 차트 5개 처리 완료
[TradingView] DINO 브라우저 세션 시작  (로그인 세션)...
[TradingView] 1H 캡처 완료 (60)
[TradingView] 4H 캡처 완료 (240)
[TradingView] Daily 캡처 완료 (D)
[TradingView] Weekly 캡처 완료 (W)
[TradingView] Monthly 캡처 완료 (M)
[[NASDAQ/NYSE 차트분석]] DINO 차트 5개 처리 완료
[TradingView] SBET 브라우저 세션 시작  (로그인 세션)...
[TradingView] 1H 캡처 완료 (60)
[TradingView] 4H 캡처 완료 (240)
[TradingView] Daily 캡처 완료 (D)
[TradingView] Weekly 캡처 완료 (W)
[TradingView] Monthly 캡처 완료 (M)
[[NASDAQ/NYSE 차트분석]] SBET 차트 5개 처리 완료
[TradingView] NEO 브라우저 세션 시작  (로그인 세션)...
[TradingView] 1H 캡처 완료 (60)
[TradingView] 4H 캡처 완료 (240)
[TradingView] Daily 캡처 완료 (D)
[TradingView] Weekly 캡처 완료 (W)
[TradingView] Monthly 캡처 완료 (M)
[[NASDAQ/NYSE 차트분석]] NEO 차트 5개 처리 완료
[TradingView] ASST 브라우저 세션 시작  (로그인 세션)...
[TradingView] 1H 캡처 완료 (60)
[TradingView] 4H 캡처 완료 (240)
[TradingView] Daily 캡처 완료 (D)
[TradingView] Weekly 캡처 완료 (W)
[TradingView] Monthly 캡처 완료 (M)
[[NASDAQ/NYSE 차트분석]] ASST 차트 5개 처리 완료
[TradingView] ATRC 브라우저 세션 시작  (로그인 세션)...
[TradingView] 1H 캡처 완료 (60)
[TradingView] 4H 캡처 완료 (240)
[TradingView] Daily 캡처 완료 (D)
[TradingView] Weekly 캡처 완료 (W)
[TradingView] Monthly 캡처 완료 (M)
[[NASDAQ/NYSE 차트분석]] ATRC 차트 5개 처리 완료
[TradingView] CLMT 브라우저 세션 시작  (로그인 세션)...
[TradingView] 1H 캡처 완료 (60)
[TradingView] 4H 캡처 완료 (240)
[TradingView] Daily 캡처 완료 (D)
[TradingView] Weekly 캡처 완료 (W)
[TradingView] Monthly 캡처 완료 (M)
[[NASDAQ/NYSE 차트분석]] CLMT 차트 5개 처리 완료
[TradingView] ECO 브라우저 세션 시작  (로그인 세션)...
[TradingView] 1H 캡처 완료 (60)
[TradingView] 4H 캡처 완료 (240)
[TradingView] Daily 캡처 완료 (D)
[TradingView] Weekly 캡처 완료 (W)
[TradingView] Monthly 캡처 완료 (M)
[[NASDAQ/NYSE 차트분석]] ECO 차트 5개 처리 완료
[TradingView] MPC 브라우저 세션 시작  (로그인 세션)...
[TradingView] 1H 캡처 완료 (60)
[TradingView] 4H 캡처 완료 (240)
[TradingView] Daily 캡처 완료 (D)
[TradingView] Weekly 캡처 완료 (W)
[TradingView] Monthly 캡처 완료 (M)
[[NASDAQ/NYSE 차트분석]] MPC 차트 5개 처리 완료
[TradingView] AMD 브라우저 세션 시작  (로그인 세션)...
[TradingView] 1H 캡처 완료 (60)
[TradingView] 4H 캡처 완료 (240)
[TradingView] Daily 캡처 완료 (D)
[TradingView] Weekly 캡처 완료 (W)
[TradingView] Monthly 캡처 완료 (M)
[[NASDAQ/NYSE 차트분석]] AMD 차트 5개 처리 완료
[TradingView] DHT 브라우저 세션 시작  (로그인 세션)...
[TradingView] 1H 캡처 완료 (60)
[TradingView] 4H 캡처 완료 (240)
[TradingView] Daily 캡처 완료 (D)
[TradingView] Weekly 캡처 완료 (W)
[TradingView] Monthly 캡처 완료 (M)
[[NASDAQ/NYSE 차트분석]] DHT 차트 5개 처리 완료
[TradingView] TXG 브라우저 세션 시작  (로그인 세션)...
[TradingView] 1H 캡처 완료 (60)
[TradingView] 4H 캡처 완료 (240)
[TradingView] Daily 캡처 완료 (D)
[TradingView] Weekly 캡처 완료 (W)
[TradingView] Monthly 캡처 완료 (M)
[[NASDAQ/NYSE 차트분석]] TXG 차트 5개 처리 완료
[TradingView] ACVA 브라우저 세션 시작  (로그인 세션)...
[TradingView] 1H 캡처 완료 (60)
[TradingView] 4H 캡처 완료 (240)
[TradingView] Daily 캡처 완료 (D)
[TradingView] Weekly 캡처 완료 (W)
[TradingView] Monthly 캡처 완료 (M)
[[NASDAQ/NYSE 차트분석]] ACVA 차트 5개 처리 완료
[TradingView] IOVA 브라우저 세션 시작  (로그인 세션)...
[TradingView] 1H 캡처 완료 (60)
[TradingView] 4H 캡처 완료 (240)
[TradingView] Daily 캡처 완료 (D)
[TradingView] Weekly 캡처 완료 (W)
[TradingView] Monthly 캡처 완료 (M)
[[NASDAQ/NYSE 차트분석]] IOVA 차트 5개 처리 완료
[TradingView] PGY 브라우저 세션 시작  (로그인 세션)...
[TradingView] 1H 캡처 완료 (60)
[TradingView] 4H 캡처 완료 (240)
[TradingView] Daily 캡처 완료 (D)
[TradingView] Weekly 캡처 완료 (W)
[TradingView] Monthly 캡처 완료 (M)
[[NASDAQ/NYSE 차트분석]] PGY 차트 5개 처리 완료
[TradingView] DUOL 브라우저 세션 시작  (로그인 세션)...
[TradingView] 1H 캡처 완료 (60)
[TradingView] 4H 캡처 완료 (240)
[TradingView] Daily 캡처 완료 (D)
[TradingView] Weekly 캡처 완료 (W)
[TradingView] Monthly 캡처 완료 (M)
[[NASDAQ/NYSE 차트분석]] DUOL 차트 5개 처리 완료
[TradingView] CRE 브라우저 세션 시작  (로그인 세션)...
[TradingView] 1H 캡처 완료 (60)
[TradingView] 4H 캡처 완료 (240)
[TradingView] Daily 캡처 완료 (D)
[TradingView] Weekly 캡처 완료 (W)
[TradingView] Monthly 캡처 완료 (M)
[[NASDAQ/NYSE 차트분석]] CRE 차트 5개 처리 완료
[TradingView] NAT 브라우저 세션 시작  (로그인 세션)...
[TradingView] 1H 캡처 완료 (60)
[TradingView] 4H 캡처 완료 (240)
[TradingView] Daily 캡처 완료 (D)
[TradingView] Weekly 캡처 완료 (W)
[TradingView] Monthly 캡처 완료 (M)
[[NASDAQ/NYSE 차트분석]] NAT 차트 5개 처리 완료
[TradingView] FIG 브라우저 세션 시작  (로그인 세션)...
[TradingView] 1H 캡처 완료 (60)
[TradingView] 4H 캡처 완료 (240)
[TradingView] Daily 캡처 완료 (D)
[TradingView] Weekly 캡처 완료 (W)
[TradingView] Monthly 캡처 완료 (M)
[[NASDAQ/NYSE 차트분석]] FIG 차트 5개 처리 완료
[TradingView] CYPH 브라우저 세션 시작  (로그인 세션)...
[TradingView] 1H 캡처 완료 (60)
[TradingView] 4H 캡처 완료 (240)
[TradingView] Daily 캡처 완료 (D)
[TradingView] Weekly 캡처 완료 (W)
[TradingView] Monthly 캡처 완료 (M)
[[NASDAQ/NYSE 차트분석]] CYPH 차트 5개 처리 완료
[TradingView] MMYT 브라우저 세션 시작  (로그인 세션)...
[TradingView] 1H 캡처 완료 (60)
[TradingView] 4H 캡처 완료 (240)
[TradingView] Daily 캡처 완료 (D)
[TradingView] Weekly 캡처 완료 (W)
[TradingView] Monthly 캡처 완료 (M)
[[NASDAQ/NYSE 차트분석]] MMYT 차트 5개 처리 완료
[TradingView] FIGR 브라우저 세션 시작  (로그인 세션)...
[TradingView] 1H 캡처 완료 (60)
[TradingView] 4H 캡처 완료 (240)
[TradingView] Daily 캡처 완료 (D)
[TradingView] Weekly 캡처 완료 (W)
[TradingView] Monthly 캡처 완료 (M)
[[NASDAQ/NYSE 차트분석]] FIGR 차트 5개 처리 완료
[TradingView] DOCS 브라우저 세션 시작  (로그인 세션)...
[TradingView] 1H 캡처 완료 (60)
[TradingView] 4H 캡처 완료 (240)
[TradingView] Daily 캡처 완료 (D)
[TradingView] Weekly 캡처 완료 (W)
[TradingView] Monthly 캡처 완료 (M)
[[NASDAQ/NYSE 차트분석]] DOCS 차트 5개 처리 완료
[TradingView] DELL 브라우저 세션 시작  (로그인 세션)...
[TradingView] 1H 캡처 완료 (60)
[TradingView] 4H 캡처 완료 (240)
[TradingView] Daily 캡처 완료 (D)
[TradingView] Weekly 캡처 완료 (W)
[TradingView] Monthly 캡처 완료 (M)
[[NASDAQ/NYSE 차트분석]] DELL 차트 5개 처리 완료
[TradingView] SMTC 브라우저 세션 시작  (로그인 세션)...
[TradingView] 1H 캡처 완료 (60)
[TradingView] 4H 캡처 완료 (240)
[TradingView] Daily 캡처 완료 (D)
[TradingView] Weekly 캡처 완료 (W)
[TradingView] Monthly 캡처 완료 (M)
[[NASDAQ/NYSE 차트분석]] SMTC 차트 5개 처리 완료
[TradingView] TH 브라우저 세션 시작  (로그인 세션)...
[TradingView] 1H 캡처 완료 (60)
[TradingView] 4H 캡처 완료 (240)
[TradingView] Daily 캡처 완료 (D)
[TradingView] Weekly 캡처 완료 (W)
[TradingView] Monthly 캡처 완료 (M)
[[NASDAQ/NYSE 차트분석]] TH 차트 5개 처리 완료
[TradingView] BTCT 브라우저 세션 시작  (로그인 세션)...
[TradingView] 1H 캡처 완료 (60)
[TradingView] 4H 캡처 완료 (240)
[TradingView] Daily 캡처 완료 (D)
[TradingView] Weekly 캡처 완료 (W)
[TradingView] Monthly 캡처 완료 (M)
[[NASDAQ/NYSE 차트분석]] BTCT 차트 5개 처리 완료
[TradingView] RBLX 브라우저 세션 시작  (로그인 세션)...
[TradingView] 1H 캡처 완료 (60)
[TradingView] 4H 캡처 완료 (240)
[TradingView] Daily 캡처 완료 (D)
[TradingView] Weekly 캡처 완료 (W)
[TradingView] Monthly 캡처 완료 (M)
[[NASDAQ/NYSE 차트분석]] RBLX 차트 5개 처리 완료
[TradingView] GPRO 브라우저 세션 시작  (로그인 세션)...
[TradingView] 1H 캡처 완료 (60)
[TradingView] 4H 캡처 완료 (240)
[TradingView] Daily 캡처 완료 (D)
[TradingView] Weekly 캡처 완료 (W)
[TradingView] Monthly 캡처 완료 (M)
[[NASDAQ/NYSE 차트분석]] GPRO 차트 5개 처리 완료
[TradingView] MSTR 브라우저 세션 시작  (로그인 세션)...
[TradingView] 1H 캡처 완료 (60)
[TradingView] 4H 캡처 완료 (240)
[TradingView] Daily 캡처 완료 (D)
[TradingView] Weekly 캡처 완료 (W)
[TradingView] Monthly 캡처 완료 (M)
[[NASDAQ/NYSE 차트분석]] MSTR 차트 5개 처리 완료
[TradingView] ATEC 브라우저 세션 시작  (로그인 세션)...
[TradingView] 1H 캡처 완료 (60)
[TradingView] 4H 캡처 완료 (240)
[TradingView] Daily 캡처 완료 (D)
[TradingView] Weekly 캡처 완료 (W)
[TradingView] Monthly 캡처 완료 (M)
[[NASDAQ/NYSE 차트분석]] ATEC 차트 5개 처리 완료
[TradingView] TRMD 브라우저 세션 시작  (로그인 세션)...
[TradingView] 1H 캡처 완료 (60)
[TradingView] 4H 캡처 완료 (240)
[TradingView] Daily 캡처 완료 (D)
[TradingView] Weekly 캡처 완료 (W)
[TradingView] Monthly 캡처 완료 (M)
[[NASDAQ/NYSE 차트분석]] TRMD 차트 5개 처리 완료
[TradingView] AXTI 브라우저 세션 시작  (로그인 세션)...
[TradingView] 1H 캡처 완료 (60)
[TradingView] 4H 캡처 완료 (240)
[TradingView] Daily 캡처 완료 (D)
[TradingView] Weekly 캡처 완료 (W)
[TradingView] Monthly 캡처 완료 (M)
[[NASDAQ/NYSE 차트분석]] AXTI 차트 5개 처리 완료
[TradingView] HIVE 브라우저 세션 시작  (로그인 세션)...
[TradingView] 1H 캡처 완료 (60)
[TradingView] 4H 캡처 완료 (240)
[TradingView] Daily 캡처 완료 (D)
[TradingView] Weekly 캡처 완료 (W)
[TradingView] Monthly 캡처 완료 (M)
[[NASDAQ/NYSE 차트분석]] HIVE 차트 5개 처리 완료
[TradingView] PURR 브라우저 세션 시작  (로그인 세션)...
[TradingView] 1H 캡처 완료 (60)
[TradingView] 4H 캡처 완료 (240)
[TradingView] Daily 캡처 완료 (D)
[TradingView] Weekly 캡처 완료 (W)
[TradingView] Monthly 캡처 완료 (M)
[[NASDAQ/NYSE 차트분석]] PURR 차트 5개 처리 완료
[TradingView] MNDY 브라우저 세션 시작  (로그인 세션)...
[TradingView] 1H 캡처 완료 (60)
[TradingView] 4H 캡처 완료 (240)
[TradingView] Daily 캡처 완료 (D)
[TradingView] Weekly 캡처 완료 (W)
[TradingView] Monthly 캡처 완료 (M)
[[NASDAQ/NYSE 차트분석]] MNDY 차트 5개 처리 완료
[TradingView] WIX 브라우저 세션 시작  (로그인 세션)...
[TradingView] 1H 캡처 완료 (60)
[TradingView] 4H 캡처 완료 (240)
[TradingView] Daily 캡처 완료 (D)
[TradingView] Weekly 캡처 완료 (W)
[TradingView] Monthly 캡처 완료 (M)
[[NASDAQ/NYSE 차트분석]] WIX 차트 5개 처리 완료
[TradingView] HIMS 브라우저 세션 시작  (로그인 세션)...
[TradingView] 1H 캡처 완료 (60)
[TradingView] 4H 캡처 완료 (240)
[TradingView] Daily 캡처 완료 (D)
[TradingView] Weekly 캡처 완료 (W)
[TradingView] Monthly 캡처 완료 (M)
[[NASDAQ/NYSE 차트분석]] HIMS 차트 5개 처리 완료
[TradingView] ODD 브라우저 세션 시작  (로그인 세션)...
[TradingView] 1H 캡처 완료 (60)
[TradingView] 4H 캡처 완료 (240)
[TradingView] Daily 캡처 완료 (D)
[TradingView] Weekly 캡처 완료 (W)
[TradingView] Monthly 캡처 완료 (M)
[[NASDAQ/NYSE 차트분석]] ODD 차트 5개 처리 완료
[TradingView] TTAN 브라우저 세션 시작  (로그인 세션)...
[TradingView] 1H 캡처 완료 (60)
[TradingView] 4H 캡처 완료 (240)
[TradingView] Daily 캡처 완료 (D)
[TradingView] Weekly 캡처 완료 (W)
[TradingView] Monthly 캡처 완료 (M)
[[NASDAQ/NYSE 차트분석]] TTAN 차트 5개 처리 완료
[TradingView] GENI 브라우저 세션 시작  (로그인 세션)...
[TradingView] 1H 캡처 완료 (60)
[TradingView] 4H 캡처 완료 (240)
[TradingView] Daily 캡처 완료 (D)
[TradingView] Weekly 캡처 완료 (W)
[TradingView] Monthly 캡처 완료 (M)
[[NASDAQ/NYSE 차트분석]] GENI 차트 5개 처리 완료
[TradingView] YSS 브라우저 세션 시작  (로그인 세션)...
[TradingView] 1H 캡처 완료 (60)
[TradingView] 4H 캡처 완료 (240)
[TradingView] Daily 캡처 완료 (D)
[TradingView] Weekly 캡처 완료 (W)
[TradingView] Monthly 캡처 완료 (M)
[[NASDAQ/NYSE 차트분석]] YSS 차트 5개 처리 완료
[TradingView] BRBR 브라우저 세션 시작  (로그인 세션)...
[TradingView] 1H 캡처 완료 (60)
[TradingView] 4H 캡처 완료 (240)
[TradingView] Daily 캡처 완료 (D)
[TradingView] Weekly 캡처 완료 (W)
[TradingView] Monthly 캡처 완료 (M)
[[NASDAQ/NYSE 차트분석]] BRBR 차트 5개 처리 완료
[TradingView] CTRI 브라우저 세션 시작  (로그인 세션)...
[TradingView] 1H 캡처 완료 (60)
[TradingView] 4H 캡처 완료 (240)
[TradingView] Daily 캡처 완료 (D)
[TradingView] Weekly 캡처 완료 (W)
[TradingView] Monthly 캡처 완료 (M)
[[NASDAQ/NYSE 차트분석]] CTRI 차트 5개 처리 완료
[TradingView] NKE 브라우저 세션 시작  (로그인 세션)...
[TradingView] 1H 캡처 완료 (60)
[TradingView] 4H 캡처 완료 (240)
[TradingView] Daily 캡처 완료 (D)
[TradingView] Weekly 캡처 완료 (W)
[TradingView] Monthly 캡처 완료 (M)
[[NASDAQ/NYSE 차트분석]] NKE 차트 5개 처리 완료
[TradingView] TRIP 브라우저 세션 시작  (로그인 세션)...
[TradingView] 1H 캡처 완료 (60)
[TradingView] 4H 캡처 완료 (240)
[TradingView] Daily 캡처 완료 (D)
[TradingView] Weekly 캡처 완료 (W)
[TradingView] Monthly 캡처 완료 (M)
[[NASDAQ/NYSE 차트분석]] TRIP 차트 5개 처리 완료
[TradingView] UUUU 브라우저 세션 시작  (로그인 세션)...
[TradingView] 1H 캡처 완료 (60)
[TradingView] 4H 캡처 완료 (240)
[TradingView] Daily 캡처 완료 (D)
[TradingView] Weekly 캡처 완료 (W)
[TradingView] Monthly 캡처 완료 (M)
[[NASDAQ/NYSE 차트분석]] UUUU 차트 5개 처리 완료
[TradingView] UEC 브라우저 세션 시작  (로그인 세션)...
[TradingView] 1H 캡처 완료 (60)
[TradingView] 4H 캡처 완료 (240)
[TradingView] Daily 캡처 완료 (D)
[TradingView] Weekly 캡처 완료 (W)
[TradingView] Monthly 캡처 완료 (M)
[[NASDAQ/NYSE 차트분석]] UEC 차트 5개 처리 완료
[TradingView] SOC 브라우저 세션 시작  (로그인 세션)...
[TradingView] 1H 캡처 완료 (60)
[TradingView] 4H 캡처 완료 (240)
[TradingView] Daily 캡처 완료 (D)
[TradingView] Weekly 캡처 완료 (W)
[TradingView] Monthly 캡처 완료 (M)
[[NASDAQ/NYSE 차트분석]] SOC 차트 5개 처리 완료
[TradingView] PL 브라우저 세션 시작  (로그인 세션)...
[TradingView] 1H 캡처 완료 (60)
[TradingView] 4H 캡처 완료 (240)
[TradingView] Daily 캡처 완료 (D)
[TradingView] Weekly 캡처 완료 (W)
[TradingView] Monthly 캡처 완료 (M)
[[NASDAQ/NYSE 차트분석]] PL 차트 5개 처리 완료
[TradingView] PONY 브라우저 세션 시작  (로그인 세션)...
[TradingView] 1H 캡처 완료 (60)
[TradingView] 4H 캡처 완료 (240)
[TradingView] Daily 캡처 완료 (D)
[TradingView] Weekly 캡처 완료 (W)
[TradingView] Monthly 캡처 완료 (M)
[[NASDAQ/NYSE 차트분석]] PONY 차트 5개 처리 완료
[TradingView] ADMA 브라우저 세션 시작  (로그인 세션)...
[TradingView] 1H 캡처 완료 (60)
[TradingView] 4H 캡처 완료 (240)
[TradingView] Daily 캡처 완료 (D)
[TradingView] Weekly 캡처 완료 (W)
[TradingView] Monthly 캡처 완료 (M)
[[NASDAQ/NYSE 차트분석]] ADMA 차트 5개 처리 완료
[TradingView] APP 브라우저 세션 시작  (로그인 세션)...
[TradingView] 1H 캡처 완료 (60)
[TradingView] 4H 캡처 완료 (240)
[TradingView] Daily 캡처 완료 (D)
[TradingView] Weekly 캡처 완료 (W)
[TradingView] Monthly 캡처 완료 (M)
[[NASDAQ/NYSE 차트분석]] APP 차트 5개 처리 완료
[TradingView] CPNG 브라우저 세션 시작  (로그인 세션)...
[TradingView] 1H 캡처 완료 (60)
[TradingView] 4H 캡처 완료 (240)
[TradingView] Daily 캡처 완료 (D)
[TradingView] Weekly 캡처 완료 (W)
[TradingView] Monthly 캡처 완료 (M)
[[NASDAQ/NYSE 차트분석]] CPNG 차트 5개 처리 완료
[TradingView] ENPH 브라우저 세션 시작  (로그인 세션)...
[TradingView] 1H 캡처 완료 (60)
[TradingView] 4H 캡처 완료 (240)
[TradingView] Daily 캡처 완료 (D)
[TradingView] Weekly 캡처 완료 (W)
[TradingView] Monthly 캡처 완료 (M)
[[NASDAQ/NYSE 차트분석]] ENPH 차트 5개 처리 완료
[TradingView] FRMI 브라우저 세션 시작  (로그인 세션)...
[TradingView] 1H 캡처 완료 (60)
[TradingView] 4H 캡처 완료 (240)
[TradingView] Daily 캡처 완료 (D)
[TradingView] Weekly 캡처 완료 (W)
[TradingView] Monthly 캡처 완료 (M)
[[NASDAQ/NYSE 차트분석]] FRMI 차트 5개 처리 완료
[TradingView] LASR 브라우저 세션 시작  (로그인 세션)...
[TradingView] 1H 캡처 완료 (60)
[TradingView] 4H 캡처 완료 (240)
[TradingView] Daily 캡처 완료 (D)
[TradingView] Weekly 캡처 완료 (W)
[TradingView] Monthly 캡처 완료 (M)
[[NASDAQ/NYSE 차트분석]] LASR 차트 5개 처리 완료
[TradingView] MP 브라우저 세션 시작  (로그인 세션)...
[TradingView] 1H 캡처 완료 (60)
[TradingView] 4H 캡처 완료 (240)
[TradingView] Daily 캡처 완료 (D)
[TradingView] Weekly 캡처 완료 (W)
[TradingView] Monthly 캡처 완료 (M)
[[NASDAQ/NYSE 차트분석]] MP 차트 5개 처리 완료
[TradingView] NIO 브라우저 세션 시작  (로그인 세션)...
[TradingView] 1H 캡처 완료 (60)
[TradingView] 4H 캡처 완료 (240)
[TradingView] Daily 캡처 완료 (D)
[TradingView] Weekly 캡처 완료 (W)
[TradingView] Monthly 캡처 완료 (M)
[[NASDAQ/NYSE 차트분석]] NIO 차트 5개 처리 완료
[TradingView] TME 브라우저 세션 시작  (로그인 세션)...
[TradingView] 1H 캡처 완료 (60)
[TradingView] 4H 캡처 완료 (240)
[TradingView] Daily 캡처 완료 (D)
[TradingView] Weekly 캡처 완료 (W)
[TradingView] Monthly 캡처 완료 (M)
[[NASDAQ/NYSE 차트분석]] TME 차트 5개 처리 완료
[TradingView] UPST 브라우저 세션 시작  (로그인 세션)...
[TradingView] 1H 캡처 완료 (60)
[TradingView] 4H 캡처 완료 (240)
[TradingView] Daily 캡처 완료 (D)
[TradingView] Weekly 캡처 완료 (W)
[TradingView] Monthly 캡처 완료 (M)
[[NASDAQ/NYSE 차트분석]] UPST 차트 5개 처리 완료
[TradingView] ACHR 브라우저 세션 시작  (로그인 세션)...
[TradingView] 1H 캡처 완료 (60)
[TradingView] 4H 캡처 완료 (240)
[TradingView] Daily 캡처 완료 (D)
[TradingView] Weekly 캡처 완료 (W)
[TradingView] Monthly 캡처 완료 (M)
[[NASDAQ/NYSE 차트분석]] ACHR 차트 5개 처리 완료
[TradingView] ASTS 브라우저 세션 시작  (로그인 세션)...
[TradingView] 1H 캡처 완료 (60)
[TradingView] 4H 캡처 완료 (240)
[TradingView] Daily 캡처 완료 (D)
[TradingView] Weekly 캡처 완료 (W)
[TradingView] Monthly 캡처 완료 (M)
[[NASDAQ/NYSE 차트분석]] ASTS 차트 5개 처리 완료
[TradingView] BBAI 브라우저 세션 시작  (로그인 세션)...
[TradingView] 1H 캡처 완료 (60)
[TradingView] 4H 캡처 완료 (240)
[TradingView] Daily 캡처 완료 (D)
[TradingView] Weekly 캡처 완료 (W)
[TradingView] Monthly 캡처 완료 (M)
[[NASDAQ/NYSE 차트분석]] BBAI 차트 5개 처리 완료
[TradingView] BW 브라우저 세션 시작  (로그인 세션)...
[TradingView] 1H 캡처 완료 (60)
[TradingView] 4H 캡처 완료 (240)
[TradingView] Daily 캡처 완료 (D)
[TradingView] Weekly 캡처 완료 (W)
[TradingView] Monthly 캡처 완료 (M)
[[NASDAQ/NYSE 차트분석]] BW 차트 5개 처리 완료
[TradingView] CAR 브라우저 세션 시작  (로그인 세션)...
[TradingView] 1H 캡처 완료 (60)
[TradingView] 4H 캡처 완료 (240)
[TradingView] Daily 캡처 완료 (D)
[TradingView] Weekly 캡처 완료 (W)
[TradingView] Monthly 캡처 완료 (M)
[[NASDAQ/NYSE 차트분석]] CAR 차트 5개 처리 완료
[TradingView] COUR 브라우저 세션 시작  (로그인 세션)...
[TradingView] 1H 캡처 완료 (60)
[TradingView] 4H 캡처 완료 (240)
[TradingView] Daily 캡처 완료 (D)
[TradingView] Weekly 캡처 완료 (W)
[TradingView] Monthly 캡처 완료 (M)
[[NASDAQ/NYSE 차트분석]] COUR 차트 5개 처리 완료
[TradingView] HYMC 브라우저 세션 시작  (로그인 세션)...
[TradingView] 1H 캡처 완료 (60)
[TradingView] 4H 캡처 완료 (240)
[TradingView] Daily 캡처 완료 (D)
[TradingView] Weekly 캡처 완료 (W)
[TradingView] Monthly 캡처 완료 (M)
[[NASDAQ/NYSE 차트분석]] HYMC 차트 5개 처리 완료
[TradingView] LUNR 브라우저 세션 시작  (로그인 세션)...
[TradingView] 1H 캡처 완료 (60)
[TradingView] 4H 캡처 완료 (240)
[TradingView] Daily 캡처 완료 (D)
[TradingView] Weekly 캡처 완료 (W)
[TradingView] Monthly 캡처 완료 (M)
[[NASDAQ/NYSE 차트분석]] LUNR 차트 5개 처리 완료
[TradingView] NNE 브라우저 세션 시작  (로그인 세션)...
[TradingView] 1H 캡처 완료 (60)
[TradingView] 4H 캡처 완료 (240)
[TradingView] Daily 캡처 완료 (D)
[TradingView] Weekly 캡처 완료 (W)
[TradingView] Monthly 캡처 완료 (M)
[[NASDAQ/NYSE 차트분석]] NNE 차트 5개 처리 완료
[TradingView] OKLO 브라우저 세션 시작  (로그인 세션)...
[TradingView] 1H 캡처 완료 (60)
[TradingView] 4H 캡처 완료 (240)
[TradingView] Daily 캡처 완료 (D)
[TradingView] Weekly 캡처 완료 (W)
[TradingView] Monthly 캡처 완료 (M)
[[NASDAQ/NYSE 차트분석]] OKLO 차트 5개 처리 완료
[TradingView] PODD 브라우저 세션 시작  (로그인 세션)...
[TradingView] 1H 캡처 완료 (60)
[TradingView] 4H 캡처 완료 (240)
[TradingView] Daily 캡처 완료 (D)
[TradingView] Weekly 캡처 완료 (W)
[TradingView] Monthly 캡처 완료 (M)
[[NASDAQ/NYSE 차트분석]] PODD 차트 5개 처리 완료
[TradingView] RUN 브라우저 세션 시작  (로그인 세션)...
[TradingView] 1H 캡처 완료 (60)
[TradingView] 4H 캡처 완료 (240)
[TradingView] Daily 캡처 완료 (D)
[TradingView] Weekly 캡처 완료 (W)
[TradingView] Monthly 캡처 완료 (M)
[[NASDAQ/NYSE 차트분석]] RUN 차트 5개 처리 완료
[TradingView] UAMY 브라우저 세션 시작  (로그인 세션)...
[TradingView] 1H 캡처 완료 (60)
[TradingView] 4H 캡처 완료 (240)
[TradingView] Daily 캡처 완료 (D)
[TradingView] Weekly 캡처 완료 (W)
[TradingView] Monthly 캡처 완료 (M)
[[NASDAQ/NYSE 차트분석]] UAMY 차트 5개 처리 완료
[TradingView] UPWK 브라우저 세션 시작  (로그인 세션)...
[TradingView] 1H 캡처 완료 (60)
[TradingView] 4H 캡처 완료 (240)
[TradingView] Daily 캡처 완료 (D)
[TradingView] Weekly 캡처 완료 (W)
[TradingView] Monthly 캡처 완료 (M)
[[NASDAQ/NYSE 차트분석]] UPWK 차트 5개 처리 완료
[TradingView] ZTS 브라우저 세션 시작  (로그인 세션)...
[TradingView] 1H 캡처 완료 (60)
[TradingView] 4H 캡처 완료 (240)
[TradingView] Daily 캡처 완료 (D)
[TradingView] Weekly 캡처 완료 (W)
[TradingView] Monthly 캡처 완료 (M)
[[NASDAQ/NYSE 차트분석]] ZTS 차트 5개 처리 완료
[TradingView] INTU 브라우저 세션 시작  (로그인 세션)...
[TradingView] 1H 캡처 완료 (60)
[TradingView] 4H 캡처 완료 (240)
[TradingView] Daily 캡처 완료 (D)
[TradingView] Weekly 캡처 완료 (W)
[TradingView] Monthly 캡처 완료 (M)
[[NASDAQ/NYSE 차트분석]] INTU 차트 5개 처리 완료
[TradingView] CSIQ 브라우저 세션 시작  (로그인 세션)...
[TradingView] 1H 캡처 완료 (60)
[TradingView] 4H 캡처 완료 (240)
[TradingView] Daily 캡처 완료 (D)
[TradingView] Weekly 캡처 완료 (W)
[TradingView] Monthly 캡처 완료 (M)
[[NASDAQ/NYSE 차트분석]] CSIQ 차트 5개 처리 완료
[TradingView] FLNC 브라우저 세션 시작  (로그인 세션)...
[TradingView] 1H 캡처 완료 (60)
[TradingView] 4H 캡처 완료 (240)
[TradingView] Daily 캡처 완료 (D)
[TradingView] Weekly 캡처 완료 (W)
[TradingView] Monthly 캡처 완료 (M)
[[NASDAQ/NYSE 차트분석]] FLNC 차트 5개 처리 완료
[TradingView] GRAB 브라우저 세션 시작  (로그인 세션)...
[TradingView] 1H 캡처 완료 (60)
[TradingView] 4H 캡처 완료 (240)
[TradingView] Daily 캡처 완료 (D)
[TradingView] Weekly 캡처 완료 (W)
[TradingView] Monthly 캡처 완료 (M)
[[NASDAQ/NYSE 차트분석]] GRAB 차트 5개 처리 완료
[TradingView] COLL 브라우저 세션 시작  (로그인 세션)...
[TradingView] 1H 캡처 완료 (60)
[TradingView] 4H 캡처 완료 (240)
[TradingView] Daily 캡처 완료 (D)
[TradingView] Weekly 캡처 완료 (W)
[TradingView] Monthly 캡처 완료 (M)
[[NASDAQ/NYSE 차트분석]] COLL 차트 5개 처리 완료
[TradingView] JOBY 브라우저 세션 시작  (로그인 세션)...
[TradingView] 1H 캡처 완료 (60)
[TradingView] 4H 캡처 완료 (240)
[TradingView] Daily 캡처 완료 (D)
[TradingView] Weekly 캡처 완료 (W)
[TradingView] Monthly 캡처 완료 (M)
[[NASDAQ/NYSE 차트분석]] JOBY 차트 5개 처리 완료
[TradingView] MTZ 브라우저 세션 시작  (로그인 세션)...
[TradingView] 1H 캡처 완료 (60)
[TradingView] 4H 캡처 완료 (240)
[TradingView] Daily 캡처 완료 (D)
[TradingView] Weekly 캡처 완료 (W)
[TradingView] Monthly 캡처 완료 (M)
[[NASDAQ/NYSE 차트분석]] MTZ 차트 5개 처리 완료
[TradingView] PATK 브라우저 세션 시작  (로그인 세션)...
[TradingView] 1H 캡처 완료 (60)
[TradingView] 4H 캡처 완료 (240)
[TradingView] Daily 캡처 완료 (D)
[TradingView] Weekly 캡처 완료 (W)
[TradingView] Monthly 캡처 완료 (M)
[[NASDAQ/NYSE 차트분석]] PATK 차트 5개 처리 완료
[TradingView] PFSI 브라우저 세션 시작  (로그인 세션)...
[TradingView] 1H 캡처 완료 (60)
[TradingView] 4H 캡처 완료 (240)
[TradingView] Daily 캡처 완료 (D)
[TradingView] Weekly 캡처 완료 (W)
[TradingView] Monthly 캡처 완료 (M)
[[NASDAQ/NYSE 차트분석]] PFSI 차트 5개 처리 완료
[TradingView] PZZA 브라우저 세션 시작  (로그인 세션)...
[TradingView] 1H 캡처 완료 (60)
[TradingView] 4H 캡처 완료 (240)
[TradingView] Daily 캡처 완료 (D)
[TradingView] Weekly 캡처 완료 (W)
[TradingView] Monthly 캡처 완료 (M)
[[NASDAQ/NYSE 차트분석]] PZZA 차트 5개 처리 완료
[TradingView] RARE 브라우저 세션 시작  (로그인 세션)...
[TradingView] 1H 캡처 완료 (60)
[TradingView] 4H 캡처 완료 (240)
[TradingView] Daily 캡처 완료 (D)
[TradingView] Weekly 캡처 완료 (W)
[TradingView] Monthly 캡처 완료 (M)
[[NASDAQ/NYSE 차트분석]] RARE 차트 5개 처리 완료
[TradingView] TE 브라우저 세션 시작  (로그인 세션)...
[TradingView] 1H 캡처 완료 (60)
[TradingView] 4H 캡처 완료 (240)
[TradingView] Daily 캡처 완료 (D)
[TradingView] Weekly 캡처 완료 (W)
[TradingView] Monthly 캡처 완료 (M)
[[NASDAQ/NYSE 차트분석]] TE 차트 5개 처리 완료
[TradingView] VRRM 브라우저 세션 시작  (로그인 세션)...
[TradingView] 1H 캡처 완료 (60)
[TradingView] 4H 캡처 완료 (240)
[TradingView] Daily 캡처 완료 (D)
[TradingView] Weekly 캡처 완료 (W)
[TradingView] Monthly 캡처 완료 (M)
[[NASDAQ/NYSE 차트분석]] VRRM 차트 5개 처리 완료
[TradingView] AGX 브라우저 세션 시작  (로그인 세션)...
[TradingView] 1H 캡처 완료 (60)
[TradingView] 4H 캡처 완료 (240)
[TradingView] Daily 캡처 완료 (D)
[TradingView] Weekly 캡처 완료 (W)
[TradingView] Monthly 캡처 완료 (M)
[[NASDAQ/NYSE 차트분석]] AGX 차트 5개 처리 완료
[TradingView] ALGM 브라우저 세션 시작  (로그인 세션)...
[TradingView] 1H 캡처 완료 (60)
[TradingView] 4H 캡처 완료 (240)
[TradingView] Daily 캡처 완료 (D)
[TradingView] Weekly 캡처 완료 (W)
[TradingView] Monthly 캡처 완료 (M)
[[NASDAQ/NYSE 차트분석]] ALGM 차트 5개 처리 완료
[TradingView] AMPX 브라우저 세션 시작  (로그인 세션)...
[TradingView] 1H 캡처 완료 (60)
[TradingView] 4H 캡처 완료 (240)
[TradingView] Daily 캡처 완료 (D)
[TradingView] Weekly 캡처 완료 (W)
[TradingView] Monthly 캡처 완료 (M)
[[NASDAQ/NYSE 차트분석]] AMPX 차트 5개 처리 완료
[TradingView] BILI 브라우저 세션 시작  (로그인 세션)...
[TradingView] 1H 캡처 완료 (60)
[TradingView] 4H 캡처 완료 (240)
[TradingView] Daily 캡처 완료 (D)
[TradingView] Weekly 캡처 완료 (W)
[TradingView] Monthly 캡처 완료 (M)
[[NASDAQ/NYSE 차트분석]] BILI 차트 5개 처리 완료
[TradingView] FLO 브라우저 세션 시작  (로그인 세션)...
[TradingView] 1H 캡처 완료 (60)
[TradingView] 4H 캡처 완료 (240)
[TradingView] Daily 캡처 완료 (D)
[TradingView] Weekly 캡처 완료 (W)
[TradingView] Monthly 캡처 완료 (M)
[[NASDAQ/NYSE 차트분석]] FLO 차트 5개 처리 완료
[TradingView] GPK 브라우저 세션 시작  (로그인 세션)...
[TradingView] 1H 캡처 완료 (60)
[TradingView] 4H 캡처 완료 (240)
[TradingView] Daily 캡처 완료 (D)
[TradingView] Weekly 캡처 완료 (W)
[TradingView] Monthly 캡처 완료 (M)
[[NASDAQ/NYSE 차트분석]] GPK 차트 5개 처리 완료
[TradingView] KRMN 브라우저 세션 시작  (로그인 세션)...
[TradingView] 1H 캡처 완료 (60)
[TradingView] 4H 캡처 완료 (240)
[TradingView] Daily 캡처 완료 (D)
[TradingView] Weekly 캡처 완료 (W)
[TradingView] Monthly 캡처 완료 (M)
[[NASDAQ/NYSE 차트분석]] KRMN 차트 5개 처리 완료
[TradingView] LAC 브라우저 세션 시작  (로그인 세션)...
[TradingView] 1H 캡처 완료 (60)
[TradingView] 4H 캡처 완료 (240)
[TradingView] Daily 캡처 완료 (D)
[TradingView] Weekly 캡처 완료 (W)
[TradingView] Monthly 캡처 완료 (M)
[[NASDAQ/NYSE 차트분석]] LAC 차트 5개 처리 완료
[TradingView] LEGN 브라우저 세션 시작  (로그인 세션)...
[TradingView] 1H 캡처 완료 (60)
[TradingView] 4H 캡처 완료 (240)
[TradingView] Daily 캡처 완료 (D)
[TradingView] Weekly 캡처 완료 (W)
[TradingView] Monthly 캡처 완료 (M)
[[NASDAQ/NYSE 차트분석]] LEGN 차트 5개 처리 완료
[TradingView] UTI 브라우저 세션 시작  (로그인 세션)...
[TradingView] 1H 캡처 완료 (60)
[TradingView] 4H 캡처 완료 (240)
[TradingView] Daily 캡처 완료 (D)
[TradingView] Weekly 캡처 완료 (W)
[TradingView] Monthly 캡처 완료 (M)
[[NASDAQ/NYSE 차트분석]] UTI 차트 5개 처리 완료
[TradingView] XPEV 브라우저 세션 시작  (로그인 세션)...
[TradingView] 1H 캡처 완료 (60)
[TradingView] 4H 캡처 완료 (240)
[TradingView] Daily 캡처 완료 (D)
[TradingView] Weekly 캡처 완료 (W)
[TradingView] Monthly 캡처 완료 (M)
[[NASDAQ/NYSE 차트분석]] XPEV 차트 5개 처리 완료
[TradingView] FISV 브라우저 세션 시작  (로그인 세션)...
[TradingView] 1H 캡처 완료 (60)
[TradingView] 4H 캡처 완료 (240)
[TradingView] Daily 캡처 완료 (D)
[TradingView] Weekly 캡처 완료 (W)
[TradingView] Monthly 캡처 완료 (M)
[[NASDAQ/NYSE 차트분석]] FISV 차트 5개 처리 완료
[TradingView] FMC 브라우저 세션 시작  (로그인 세션)...
[TradingView] 1H 캡처 완료 (60)
[TradingView] 4H 캡처 완료 (240)
[TradingView] Daily 캡처 완료 (D)
[TradingView] Weekly 캡처 완료 (W)
[TradingView] Monthly 캡처 완료 (M)
[[NASDAQ/NYSE 차트분석]] FMC 차트 5개 처리 완료
[TradingView] FOUR 브라우저 세션 시작  (로그인 세션)...
[TradingView] 1H 캡처 완료 (60)
[TradingView] 4H 캡처 완료 (240)
[TradingView] Daily 캡처 완료 (D)
[TradingView] Weekly 캡처 완료 (W)
[TradingView] Monthly 캡처 완료 (M)
[[NASDAQ/NYSE 차트분석]] FOUR 차트 5개 처리 완료
[TradingView] GT 브라우저 세션 시작  (로그인 세션)...
[TradingView] 1H 캡처 완료 (60)
[TradingView] 4H 캡처 완료 (240)
[TradingView] Daily 캡처 완료 (D)
[TradingView] Weekly 캡처 완료 (W)
[TradingView] Monthly 캡처 완료 (M)
[[NASDAQ/NYSE 차트분석]] GT 차트 5개 처리 완료
[TradingView] PLAY 브라우저 세션 시작  (로그인 세션)...
[TradingView] 1H 캡처 완료 (60)
[TradingView] 4H 캡처 완료 (240)
[TradingView] Daily 캡처 완료 (D)
[TradingView] Weekly 캡처 완료 (W)
[TradingView] Monthly 캡처 완료 (M)
[[NASDAQ/NYSE 차트분석]] PLAY 차트 5개 처리 완료
[TradingView] WING 브라우저 세션 시작  (로그인 세션)...
[TradingView] 1H 캡처 완료 (60)
[TradingView] 4H 캡처 완료 (240)
[TradingView] Daily 캡처 완료 (D)
[TradingView] Weekly 캡처 완료 (W)
[TradingView] Monthly 캡처 완료 (M)
[[NASDAQ/NYSE 차트분석]] WING 차트 5개 처리 완료
[TradingView] Z 브라우저 세션 시작  (로그인 세션)...
[TradingView] 1H 캡처 완료 (60)
[TradingView] 4H 캡처 완료 (240)
[TradingView] Daily 캡처 완료 (D)
[TradingView] Weekly 캡처 완료 (W)
[TradingView] Monthly 캡처 완료 (M)
[[NASDAQ/NYSE 차트분석]] Z 차트 5개 처리 완료
[TradingView] ZG 브라우저 세션 시작  (로그인 세션)...
[TradingView] 1H 캡처 완료 (60)
[TradingView] 4H 캡처 완료 (240)
[TradingView] Daily 캡처 완료 (D)
[TradingView] Weekly 캡처 완료 (W)
[TradingView] Monthly 캡처 완료 (M)
[[NASDAQ/NYSE 차트분석]] ZG 차트 5개 처리 완료
[TradingView] ACM 브라우저 세션 시작  (로그인 세션)...
[TradingView] 1H 캡처 완료 (60)
[TradingView] 4H 캡처 완료 (240)
[TradingView] Daily 캡처 완료 (D)
[TradingView] Weekly 캡처 완료 (W)
[TradingView] Monthly 캡처 완료 (M)
[[NASDAQ/NYSE 차트분석]] ACM 차트 5개 처리 완료
[TradingView] BLDR 브라우저 세션 시작  (로그인 세션)...
[TradingView] 1H 캡처 완료 (60)
[TradingView] 4H 캡처 완료 (240)
[TradingView] Daily 캡처 완료 (D)
[TradingView] Weekly 캡처 완료 (W)
[TradingView] Monthly 캡처 완료 (M)
[[NASDAQ/NYSE 차트분석]] BLDR 차트 5개 처리 완료
[TradingView] KVYO 브라우저 세션 시작  (로그인 세션)...
[TradingView] 1H 캡처 완료 (60)
[TradingView] 4H 캡처 완료 (240)
[TradingView] Daily 캡처 완료 (D)
[TradingView] Weekly 캡처 완료 (W)
[TradingView] Monthly 캡처 완료 (M)
[[NASDAQ/NYSE 차트분석]] KVYO 차트 5개 처리 완료
[TradingView] LIF 브라우저 세션 시작  (로그인 세션)...
[TradingView] 1H 캡처 완료 (60)
[TradingView] 4H 캡처 완료 (240)
[TradingView] Daily 캡처 완료 (D)
[TradingView] Weekly 캡처 완료 (W)
[TradingView] Monthly 캡처 완료 (M)
[[NASDAQ/NYSE 차트분석]] LIF 차트 5개 처리 완료
[TradingView] LULU 브라우저 세션 시작  (로그인 세션)...
[TradingView] 1H 캡처 완료 (60)
[TradingView] 4H 캡처 완료 (240)
[TradingView] Daily 캡처 완료 (D)
[TradingView] Weekly 캡처 완료 (W)
[TradingView] Monthly 캡처 완료 (M)
[[NASDAQ/NYSE 차트분석]] LULU 차트 5개 처리 완료
[TradingView] QFIN 브라우저 세션 시작  (로그인 세션)...
[TradingView] 1H 캡처 완료 (60)
[TradingView] 4H 캡처 완료 (240)
[TradingView] Daily 캡처 완료 (D)
[TradingView] Weekly 캡처 완료 (W)
[TradingView] Monthly 캡처 완료 (M)
[[NASDAQ/NYSE 차트분석]] QFIN 차트 5개 처리 완료
[[NASDAQ/NYSE 차트분석]] 차트 캡처 완료
[[NASDAQ/NYSE 차트분석]] GitHub에 차트 이미지 푸시 중...
rm 'charts/screenshots_nasdaq/ACHR/ACHR_1H_20260920_073135.png'
rm 'charts/screenshots_nasdaq/ACHR/ACHR_4H_20260920_073135.png'
rm 'charts/screenshots_nasdaq/ACHR/ACHR_Daily_20260920_073135.png'
rm 'charts/screenshots_nasdaq/ACHR/ACHR_Monthly_20260920_073135.png'
rm 'charts/screenshots_nasdaq/ACHR/ACHR_Weekly_20260920_073135.png'
rm 'charts/screenshots_nasdaq/ACM/ACM_1H_20260920_080020.png'
rm 'charts/screenshots_nasdaq/ACM/ACM_4H_20260920_080020.png'
rm 'charts/screenshots_nasdaq/ACM/ACM_Daily_20260920_080020.png'
rm 'charts/screenshots_nasdaq/ACM/ACM_Monthly_20260920_080020.png'
rm 'charts/screenshots_nasdaq/ACM/ACM_Weekly_20260920_080020.png'
rm 'charts/screenshots_nasdaq/ACVA/ACVA_1H_20260920_070946.png'
rm 'charts/screenshots_nasdaq/ACVA/ACVA_4H_20260920_070946.png'
rm 'charts/screenshots_nasdaq/ACVA/ACVA_Daily_20260920_070946.png'
rm 'charts/screenshots_nasdaq/ACVA/ACVA_Monthly_20260920_070946.png'
rm 'charts/screenshots_nasdaq/ACVA/ACVA_Weekly_20260920_070946.png'
rm 'charts/screenshots_nasdaq/ADMA/ADMA_1H_20260920_073029.png'
rm 'charts/screenshots_nasdaq/ADMA/ADMA_4H_20260920_073029.png'
rm 'charts/screenshots_nasdaq/ADMA/ADMA_Daily_20260920_073029.png'
rm 'charts/screenshots_nasdaq/ADMA/ADMA_Monthly_20260920_073029.png'
rm 'charts/screenshots_nasdaq/ADMA/ADMA_Weekly_20260920_073029.png'
rm 'charts/screenshots_nasdaq/AGX/AGX_1H_20260920_074629.png'
rm 'charts/screenshots_nasdaq/AGX/AGX_4H_20260920_074629.png'
rm 'charts/screenshots_nasdaq/AGX/AGX_Daily_20260920_074629.png'
rm 'charts/screenshots_nasdaq/AGX/AGX_Monthly_20260920_074629.png'
rm 'charts/screenshots_nasdaq/AGX/AGX_Weekly_20260920_074629.png'
rm 'charts/screenshots_nasdaq/ALGM/ALGM_1H_20260920_074702.png'
rm 'charts/screenshots_nasdaq/ALGM/ALGM_4H_20260920_074702.png'
rm 'charts/screenshots_nasdaq/ALGM/ALGM_Daily_20260920_074702.png'
rm 'charts/screenshots_nasdaq/ALGM/ALGM_Monthly_20260920_074702.png'
rm 'charts/screenshots_nasdaq/ALGM/ALGM_Weekly_20260920_074702.png'
rm 'charts/screenshots_nasdaq/AMD/AMD_1H_20260920_071020.png'
rm 'charts/screenshots_nasdaq/AMD/AMD_4H_20260920_071020.png'
rm 'charts/screenshots_nasdaq/AMD/AMD_Daily_20260920_071020.png'
rm 'charts/screenshots_nasdaq/AMD/AMD_Monthly_20260920_071020.png'
rm 'charts/screenshots_nasdaq/AMD/AMD_Weekly_20260920_071020.png'
rm 'charts/screenshots_nasdaq/AMPX/AMPX_1H_20260920_075447.png'
rm 'charts/screenshots_nasdaq/AMPX/AMPX_4H_20260920_075447.png'
rm 'charts/screenshots_nasdaq/AMPX/AMPX_Daily_20260920_075447.png'
rm 'charts/screenshots_nasdaq/AMPX/AMPX_Monthly_20260920_075447.png'
rm 'charts/screenshots_nasdaq/AMPX/AMPX_Weekly_20260920_075447.png'
rm 'charts/screenshots_nasdaq/APP/APP_1H_20260920_073351.png'
rm 'charts/screenshots_nasdaq/APP/APP_4H_20260920_073351.png'
rm 'charts/screenshots_nasdaq/APP/APP_Daily_20260920_073351.png'
rm 'charts/screenshots_nasdaq/APP/APP_Monthly_20260920_073351.png'
rm 'charts/screenshots_nasdaq/APP/APP_Weekly_20260920_073351.png'
rm 'charts/screenshots_nasdaq/ASST/ASST_1H_20260920_070658.png'
rm 'charts/screenshots_nasdaq/ASST/ASST_4H_20260920_070658.png'
rm 'charts/screenshots_nasdaq/ASST/ASST_Daily_20260920_070658.png'
rm 'charts/screenshots_nasdaq/ASST/ASST_Monthly_20260920_070658.png'
rm 'charts/screenshots_nasdaq/ASST/ASST_Weekly_20260920_070658.png'
rm 'charts/screenshots_nasdaq/ASTS/ASTS_1H_20260920_073849.png'
rm 'charts/screenshots_nasdaq/ASTS/ASTS_4H_20260920_073849.png'
rm 'charts/screenshots_nasdaq/ASTS/ASTS_Daily_20260920_073849.png'
rm 'charts/screenshots_nasdaq/ASTS/ASTS_Monthly_20260920_073849.png'
rm 'charts/screenshots_nasdaq/ASTS/ASTS_Weekly_20260920_073849.png'
rm 'charts/screenshots_nasdaq/ATRC/ATRC_1H_20260920_070731.png'
rm 'charts/screenshots_nasdaq/ATRC/ATRC_4H_20260920_070731.png'
rm 'charts/screenshots_nasdaq/ATRC/ATRC_Daily_20260920_070731.png'
rm 'charts/screenshots_nasdaq/ATRC/ATRC_Monthly_20260920_070731.png'
rm 'charts/screenshots_nasdaq/ATRC/ATRC_Weekly_20260920_070731.png'
rm 'charts/screenshots_nasdaq/AXTI/AXTI_1H_20260920_072206.png'
rm 'charts/screenshots_nasdaq/AXTI/AXTI_4H_20260920_072206.png'
rm 'charts/screenshots_nasdaq/AXTI/AXTI_Daily_20260920_072206.png'
rm 'charts/screenshots_nasdaq/AXTI/AXTI_Monthly_20260920_072206.png'
rm 'charts/screenshots_nasdaq/AXTI/AXTI_Weekly_20260920_072206.png'
rm 'charts/screenshots_nasdaq/BBAI/BBAI_1H_20260920_073922.png'
rm 'charts/screenshots_nasdaq/BBAI/BBAI_4H_20260920_073922.png'
rm 'charts/screenshots_nasdaq/BBAI/BBAI_Daily_20260920_073922.png'
rm 'charts/screenshots_nasdaq/BBAI/BBAI_Monthly_20260920_073922.png'
rm 'charts/screenshots_nasdaq/BBAI/BBAI_Weekly_20260920_073922.png'
rm 'charts/screenshots_nasdaq/BILI/BILI_1H_20260920_075520.png'
rm 'charts/screenshots_nasdaq/BILI/BILI_4H_20260920_075520.png'
rm 'charts/screenshots_nasdaq/BILI/BILI_Daily_20260920_075520.png'
rm 'charts/screenshots_nasdaq/BILI/BILI_Monthly_20260920_075520.png'
rm 'charts/screenshots_nasdaq/BILI/BILI_Weekly_20260920_075520.png'
rm 'charts/screenshots_nasdaq/BLDR/BLDR_1H_20260920_080447.png'
rm 'charts/screenshots_nasdaq/BLDR/BLDR_4H_20260920_080447.png'
rm 'charts/screenshots_nasdaq/BLDR/BLDR_Daily_20260920_080447.png'
rm 'charts/screenshots_nasdaq/BLDR/BLDR_Monthly_20260920_080447.png'
rm 'charts/screenshots_nasdaq/BLDR/BLDR_Weekly_20260920_080447.png'
rm 'charts/screenshots_nasdaq/BMNR/BMNR_1H_20260920_070413.png'
rm 'charts/screenshots_nasdaq/BMNR/BMNR_4H_20260920_070413.png'
rm 'charts/screenshots_nasdaq/BMNR/BMNR_Daily_20260920_070413.png'
rm 'charts/screenshots_nasdaq/BMNR/BMNR_Monthly_20260920_070413.png'
rm 'charts/screenshots_nasdaq/BMNR/BMNR_Weekly_20260920_070413.png'
rm 'charts/screenshots_nasdaq/BRBR/BRBR_1H_20260920_072740.png'
rm 'charts/screenshots_nasdaq/BRBR/BRBR_4H_20260920_072740.png'
rm 'charts/screenshots_nasdaq/BRBR/BRBR_Daily_20260920_072740.png'
rm 'charts/screenshots_nasdaq/BRBR/BRBR_Monthly_20260920_072740.png'
rm 'charts/screenshots_nasdaq/BRBR/BRBR_Weekly_20260920_072740.png'
rm 'charts/screenshots_nasdaq/BTCT/BTCT_1H_20260920_071920.png'
rm 'charts/screenshots_nasdaq/BTCT/BTCT_4H_20260920_071920.png'
rm 'charts/screenshots_nasdaq/BTCT/BTCT_Daily_20260920_071920.png'
rm 'charts/screenshots_nasdaq/BTCT/BTCT_Monthly_20260920_071920.png'
rm 'charts/screenshots_nasdaq/BTCT/BTCT_Weekly_20260920_071920.png'
rm 'charts/screenshots_nasdaq/BW/BW_1H_20260920_073955.png'
rm 'charts/screenshots_nasdaq/BW/BW_4H_20260920_073955.png'
rm 'charts/screenshots_nasdaq/BW/BW_Daily_20260920_073955.png'
rm 'charts/screenshots_nasdaq/BW/BW_Monthly_20260920_073955.png'
rm 'charts/screenshots_nasdaq/BW/BW_Weekly_20260920_073955.png'
rm 'charts/screenshots_nasdaq/CAR/CAR_1H_20260920_074028.png'
rm 'charts/screenshots_nasdaq/CAR/CAR_4H_20260920_074028.png'
rm 'charts/screenshots_nasdaq/CAR/CAR_Daily_20260920_074028.png'
rm 'charts/screenshots_nasdaq/CAR/CAR_Monthly_20260920_074028.png'
rm 'charts/screenshots_nasdaq/CAR/CAR_Weekly_20260920_074028.png'
rm 'charts/screenshots_nasdaq/CLMT/CLMT_1H_20260920_070804.png'
rm 'charts/screenshots_nasdaq/CLMT/CLMT_4H_20260920_070804.png'
rm 'charts/screenshots_nasdaq/CLMT/CLMT_Daily_20260920_070804.png'
rm 'charts/screenshots_nasdaq/CLMT/CLMT_Monthly_20260920_070804.png'
rm 'charts/screenshots_nasdaq/CLMT/CLMT_Weekly_20260920_070804.png'
rm 'charts/screenshots_nasdaq/COLL/COLL_1H_20260920_074949.png'
rm 'charts/screenshots_nasdaq/COLL/COLL_4H_20260920_074949.png'
rm 'charts/screenshots_nasdaq/COLL/COLL_Daily_20260920_074949.png'
rm 'charts/screenshots_nasdaq/COLL/COLL_Monthly_20260920_074949.png'
rm 'charts/screenshots_nasdaq/COLL/COLL_Weekly_20260920_074949.png'
rm 'charts/screenshots_nasdaq/COUR/COUR_1H_20260920_074100.png'
rm 'charts/screenshots_nasdaq/COUR/COUR_4H_20260920_074100.png'
rm 'charts/screenshots_nasdaq/COUR/COUR_Daily_20260920_074100.png'
rm 'charts/screenshots_nasdaq/COUR/COUR_Monthly_20260920_074100.png'
rm 'charts/screenshots_nasdaq/COUR/COUR_Weekly_20260920_074100.png'
rm 'charts/screenshots_nasdaq/CPNG/CPNG_1H_20260920_073426.png'
rm 'charts/screenshots_nasdaq/CPNG/CPNG_4H_20260920_073426.png'
rm 'charts/screenshots_nasdaq/CPNG/CPNG_Daily_20260920_073426.png'
rm 'charts/screenshots_nasdaq/CPNG/CPNG_Monthly_20260920_073426.png'
rm 'charts/screenshots_nasdaq/CPNG/CPNG_Weekly_20260920_073426.png'
rm 'charts/screenshots_nasdaq/CRE/CRE_1H_20260920_071346.png'
rm 'charts/screenshots_nasdaq/CRE/CRE_4H_20260920_071346.png'
rm 'charts/screenshots_nasdaq/CRE/CRE_Daily_20260920_071346.png'
rm 'charts/screenshots_nasdaq/CRE/CRE_Monthly_20260920_071346.png'
rm 'charts/screenshots_nasdaq/CRE/CRE_Weekly_20260920_071346.png'
rm 'charts/screenshots_nasdaq/CSIQ/CSIQ_1H_20260920_074810.png'
rm 'charts/screenshots_nasdaq/CSIQ/CSIQ_4H_20260920_074810.png'
rm 'charts/screenshots_nasdaq/CSIQ/CSIQ_Daily_20260920_074810.png'
rm 'charts/screenshots_nasdaq/CSIQ/CSIQ_Monthly_20260920_074810.png'
rm 'charts/screenshots_nasdaq/CSIQ/CSIQ_Weekly_20260920_074810.png'
rm 'charts/screenshots_nasdaq/CTRI/CTRI_1H_20260920_072813.png'
rm 'charts/screenshots_nasdaq/CTRI/CTRI_4H_20260920_072813.png'
rm 'charts/screenshots_nasdaq/CTRI/CTRI_Daily_20260920_072813.png'
rm 'charts/screenshots_nasdaq/CTRI/CTRI_Monthly_20260920_072813.png'
rm 'charts/screenshots_nasdaq/CTRI/CTRI_Weekly_20260920_072813.png'
rm 'charts/screenshots_nasdaq/CVI/CVI_1H_20260920_070159.png'
rm 'charts/screenshots_nasdaq/CVI/CVI_4H_20260920_070159.png'
rm 'charts/screenshots_nasdaq/CVI/CVI_Daily_20260920_070159.png'
rm 'charts/screenshots_nasdaq/CVI/CVI_Monthly_20260920_070159.png'
rm 'charts/screenshots_nasdaq/CVI/CVI_Weekly_20260920_070159.png'
rm 'charts/screenshots_nasdaq/CYPH/CYPH_1H_20260920_071527.png'
rm 'charts/screenshots_nasdaq/CYPH/CYPH_4H_20260920_071527.png'
rm 'charts/screenshots_nasdaq/CYPH/CYPH_Daily_20260920_071527.png'
rm 'charts/screenshots_nasdaq/CYPH/CYPH_Monthly_20260920_071527.png'
rm 'charts/screenshots_nasdaq/CYPH/CYPH_Weekly_20260920_071527.png'
rm 'charts/screenshots_nasdaq/DELL/DELL_1H_20260920_071742.png'
rm 'charts/screenshots_nasdaq/DELL/DELL_4H_20260920_071742.png'
rm 'charts/screenshots_nasdaq/DELL/DELL_Daily_20260920_071742.png'
rm 'charts/screenshots_nasdaq/DELL/DELL_Monthly_20260920_071742.png'
rm 'charts/screenshots_nasdaq/DELL/DELL_Weekly_20260920_071742.png'
rm 'charts/screenshots_nasdaq/DHT/DHT_1H_20260920_071055.png'
rm 'charts/screenshots_nasdaq/DHT/DHT_4H_20260920_071055.png'
rm 'charts/screenshots_nasdaq/DHT/DHT_Daily_20260920_071055.png'
rm 'charts/screenshots_nasdaq/DHT/DHT_Monthly_20260920_071055.png'
rm 'charts/screenshots_nasdaq/DHT/DHT_Weekly_20260920_071055.png'
rm 'charts/screenshots_nasdaq/DINO/DINO_1H_20260920_070519.png'
rm 'charts/screenshots_nasdaq/DINO/DINO_4H_20260920_070519.png'
rm 'charts/screenshots_nasdaq/DINO/DINO_Daily_20260920_070519.png'
rm 'charts/screenshots_nasdaq/DINO/DINO_Monthly_20260920_070519.png'
rm 'charts/screenshots_nasdaq/DINO/DINO_Weekly_20260920_070519.png'
rm 'charts/screenshots_nasdaq/DOCS/DOCS_1H_20260920_071709.png'
rm 'charts/screenshots_nasdaq/DOCS/DOCS_4H_20260920_071709.png'
rm 'charts/screenshots_nasdaq/DOCS/DOCS_Daily_20260920_071709.png'
rm 'charts/screenshots_nasdaq/DOCS/DOCS_Monthly_20260920_071709.png'
rm 'charts/screenshots_nasdaq/DOCS/DOCS_Weekly_20260920_071709.png'
rm 'charts/screenshots_nasdaq/DUOL/DUOL_1H_20260920_071311.png'
rm 'charts/screenshots_nasdaq/DUOL/DUOL_4H_20260920_071311.png'
rm 'charts/screenshots_nasdaq/DUOL/DUOL_Daily_20260920_071311.png'
rm 'charts/screenshots_nasdaq/DUOL/DUOL_Monthly_20260920_071311.png'
rm 'charts/screenshots_nasdaq/DUOL/DUOL_Weekly_20260920_071311.png'
rm 'charts/screenshots_nasdaq/ECO/ECO_1H_20260920_070838.png'
rm 'charts/screenshots_nasdaq/ECO/ECO_4H_20260920_070838.png'
rm 'charts/screenshots_nasdaq/ECO/ECO_Daily_20260920_070838.png'
rm 'charts/screenshots_nasdaq/ECO/ECO_Monthly_20260920_070838.png'
rm 'charts/screenshots_nasdaq/ECO/ECO_Weekly_20260920_070838.png'
rm 'charts/screenshots_nasdaq/ENPH/ENPH_1H_20260920_073500.png'
rm 'charts/screenshots_nasdaq/ENPH/ENPH_4H_20260920_073500.png'
rm 'charts/screenshots_nasdaq/ENPH/ENPH_Daily_20260920_073500.png'
rm 'charts/screenshots_nasdaq/ENPH/ENPH_Monthly_20260920_073500.png'
rm 'charts/screenshots_nasdaq/ENPH/ENPH_Weekly_20260920_073500.png'
rm 'charts/screenshots_nasdaq/FEIM/FEIM_1H_20260920_070446.png'
rm 'charts/screenshots_nasdaq/FEIM/FEIM_4H_20260920_070446.png'
rm 'charts/screenshots_nasdaq/FEIM/FEIM_Daily_20260920_070446.png'
rm 'charts/screenshots_nasdaq/FEIM/FEIM_Monthly_20260920_070446.png'
rm 'charts/screenshots_nasdaq/FEIM/FEIM_Weekly_20260920_070446.png'
rm 'charts/screenshots_nasdaq/FIG/FIG_1H_20260920_071454.png'
rm 'charts/screenshots_nasdaq/FIG/FIG_4H_20260920_071454.png'
rm 'charts/screenshots_nasdaq/FIG/FIG_Daily_20260920_071454.png'
rm 'charts/screenshots_nasdaq/FIG/FIG_Monthly_20260920_071454.png'
rm 'charts/screenshots_nasdaq/FIG/FIG_Weekly_20260920_071454.png'
rm 'charts/screenshots_nasdaq/FIGR/FIGR_1H_20260920_071634.png'
rm 'charts/screenshots_nasdaq/FIGR/FIGR_4H_20260920_071634.png'
rm 'charts/screenshots_nasdaq/FIGR/FIGR_Daily_20260920_071634.png'
rm 'charts/screenshots_nasdaq/FIGR/FIGR_Monthly_20260920_071634.png'
rm 'charts/screenshots_nasdaq/FIGR/FIGR_Weekly_20260920_071634.png'
rm 'charts/screenshots_nasdaq/FISV/FISV_1H_20260920_075946.png'
rm 'charts/screenshots_nasdaq/FISV/FISV_4H_20260920_075946.png'
rm 'charts/screenshots_nasdaq/FISV/FISV_Daily_20260920_075946.png'
rm 'charts/screenshots_nasdaq/FISV/FISV_Monthly_20260920_075946.png'
rm 'charts/screenshots_nasdaq/FISV/FISV_Weekly_20260920_075946.png'
rm 'charts/screenshots_nasdaq/FLNC/FLNC_1H_20260920_074844.png'
rm 'charts/screenshots_nasdaq/FLNC/FLNC_4H_20260920_074844.png'
rm 'charts/screenshots_nasdaq/FLNC/FLNC_Daily_20260920_074844.png'
rm 'charts/screenshots_nasdaq/FLNC/FLNC_Monthly_20260920_074844.png'
rm 'charts/screenshots_nasdaq/FLNC/FLNC_Weekly_20260920_074844.png'
rm 'charts/screenshots_nasdaq/FLO/FLO_1H_20260920_075553.png'
rm 'charts/screenshots_nasdaq/FLO/FLO_4H_20260920_075553.png'
rm 'charts/screenshots_nasdaq/FLO/FLO_Daily_20260920_075553.png'
rm 'charts/screenshots_nasdaq/FLO/FLO_Monthly_20260920_075553.png'
rm 'charts/screenshots_nasdaq/FLO/FLO_Weekly_20260920_075553.png'
rm 'charts/screenshots_nasdaq/FMC/FMC_1H_20260920_080054.png'
rm 'charts/screenshots_nasdaq/FMC/FMC_4H_20260920_080054.png'
rm 'charts/screenshots_nasdaq/FMC/FMC_Daily_20260920_080054.png'
rm 'charts/screenshots_nasdaq/FMC/FMC_Monthly_20260920_080054.png'
rm 'charts/screenshots_nasdaq/FMC/FMC_Weekly_20260920_080054.png'
rm 'charts/screenshots_nasdaq/FOUR/FOUR_1H_20260920_080128.png'
rm 'charts/screenshots_nasdaq/FOUR/FOUR_4H_20260920_080128.png'
rm 'charts/screenshots_nasdaq/FOUR/FOUR_Daily_20260920_080128.png'
rm 'charts/screenshots_nasdaq/FOUR/FOUR_Monthly_20260920_080128.png'
rm 'charts/screenshots_nasdaq/FOUR/FOUR_Weekly_20260920_080128.png'
rm 'charts/screenshots_nasdaq/FRMI/FRMI_1H_20260920_073533.png'
rm 'charts/screenshots_nasdaq/FRMI/FRMI_4H_20260920_073533.png'
rm 'charts/screenshots_nasdaq/FRMI/FRMI_Daily_20260920_073533.png'
rm 'charts/screenshots_nasdaq/FRMI/FRMI_Monthly_20260920_073533.png'
rm 'charts/screenshots_nasdaq/FRMI/FRMI_Weekly_20260920_073533.png'
rm 'charts/screenshots_nasdaq/FRO/FRO_1H_20260920_070306.png'
rm 'charts/screenshots_nasdaq/FRO/FRO_4H_20260920_070306.png'
rm 'charts/screenshots_nasdaq/FRO/FRO_Daily_20260920_070306.png'
rm 'charts/screenshots_nasdaq/FRO/FRO_Monthly_20260920_070306.png'
rm 'charts/screenshots_nasdaq/FRO/FRO_Weekly_20260920_070306.png'
rm 'charts/screenshots_nasdaq/GENI/GENI_1H_20260920_072633.png'
rm 'charts/screenshots_nasdaq/GENI/GENI_4H_20260920_072633.png'
rm 'charts/screenshots_nasdaq/GENI/GENI_Daily_20260920_072633.png'
rm 'charts/screenshots_nasdaq/GENI/GENI_Monthly_20260920_072633.png'
rm 'charts/screenshots_nasdaq/GENI/GENI_Weekly_20260920_072633.png'
rm 'charts/screenshots_nasdaq/GPK/GPK_1H_20260920_075626.png'
rm 'charts/screenshots_nasdaq/GPK/GPK_4H_20260920_075626.png'
rm 'charts/screenshots_nasdaq/GPK/GPK_Daily_20260920_075626.png'
rm 'charts/screenshots_nasdaq/GPK/GPK_Monthly_20260920_075626.png'
rm 'charts/screenshots_nasdaq/GPK/GPK_Weekly_20260920_075626.png'
rm 'charts/screenshots_nasdaq/GPRO/GPRO_1H_20260920_072027.png'
rm 'charts/screenshots_nasdaq/GPRO/GPRO_4H_20260920_072027.png'
rm 'charts/screenshots_nasdaq/GPRO/GPRO_Daily_20260920_072027.png'
rm 'charts/screenshots_nasdaq/GPRO/GPRO_Monthly_20260920_072027.png'
rm 'charts/screenshots_nasdaq/GPRO/GPRO_Weekly_20260920_072027.png'
rm 'charts/screenshots_nasdaq/GRAB/GRAB_1H_20260920_074917.png'
rm 'charts/screenshots_nasdaq/GRAB/GRAB_4H_20260920_074917.png'
rm 'charts/screenshots_nasdaq/GRAB/GRAB_Daily_20260920_074917.png'
rm 'charts/screenshots_nasdaq/GRAB/GRAB_Monthly_20260920_074917.png'
rm 'charts/screenshots_nasdaq/GRAB/GRAB_Weekly_20260920_074917.png'
rm 'charts/screenshots_nasdaq/GT/GT_1H_20260920_080201.png'
rm 'charts/screenshots_nasdaq/GT/GT_4H_20260920_080201.png'
rm 'charts/screenshots_nasdaq/GT/GT_Daily_20260920_080201.png'
rm 'charts/screenshots_nasdaq/GT/GT_Monthly_20260920_080201.png'
rm 'charts/screenshots_nasdaq/GT/GT_Weekly_20260920_080201.png'
rm 'charts/screenshots_nasdaq/HIMS/HIMS_1H_20260920_072454.png'
rm 'charts/screenshots_nasdaq/HIMS/HIMS_4H_20260920_072454.png'
rm 'charts/screenshots_nasdaq/HIMS/HIMS_Daily_20260920_072454.png'
rm 'charts/screenshots_nasdaq/HIMS/HIMS_Monthly_20260920_072454.png'
rm 'charts/screenshots_nasdaq/HIMS/HIMS_Weekly_20260920_072454.png'
rm 'charts/screenshots_nasdaq/HIVE/HIVE_1H_20260920_072239.png'
rm 'charts/screenshots_nasdaq/HIVE/HIVE_4H_20260920_072239.png'
rm 'charts/screenshots_nasdaq/HIVE/HIVE_Daily_20260920_072239.png'
rm 'charts/screenshots_nasdaq/HIVE/HIVE_Monthly_20260920_072239.png'
rm 'charts/screenshots_nasdaq/HIVE/HIVE_Weekly_20260920_072239.png'
rm 'charts/screenshots_nasdaq/HYMC/HYMC_1H_20260920_074133.png'
rm 'charts/screenshots_nasdaq/HYMC/HYMC_4H_20260920_074133.png'
rm 'charts/screenshots_nasdaq/HYMC/HYMC_Daily_20260920_074133.png'
rm 'charts/screenshots_nasdaq/HYMC/HYMC_Monthly_20260920_074133.png'
rm 'charts/screenshots_nasdaq/HYMC/HYMC_Weekly_20260920_074133.png'
rm 'charts/screenshots_nasdaq/INSW/INSW_1H_20260920_070340.png'
rm 'charts/screenshots_nasdaq/INSW/INSW_4H_20260920_070340.png'
rm 'charts/screenshots_nasdaq/INSW/INSW_Daily_20260920_070340.png'
rm 'charts/screenshots_nasdaq/INSW/INSW_Monthly_20260920_070340.png'
rm 'charts/screenshots_nasdaq/INSW/INSW_Weekly_20260920_070340.png'
rm 'charts/screenshots_nasdaq/INTU/INTU_1H_20260920_074736.png'
rm 'charts/screenshots_nasdaq/INTU/INTU_4H_20260920_074736.png'
rm 'charts/screenshots_nasdaq/INTU/INTU_Daily_20260920_074736.png'
rm 'charts/screenshots_nasdaq/INTU/INTU_Monthly_20260920_074736.png'
rm 'charts/screenshots_nasdaq/INTU/INTU_Weekly_20260920_074736.png'
rm 'charts/screenshots_nasdaq/IOVA/IOVA_1H_20260920_071203.png'
rm 'charts/screenshots_nasdaq/IOVA/IOVA_4H_20260920_071203.png'
rm 'charts/screenshots_nasdaq/IOVA/IOVA_Daily_20260920_071203.png'
rm 'charts/screenshots_nasdaq/IOVA/IOVA_Monthly_20260920_071203.png'
rm 'charts/screenshots_nasdaq/IOVA/IOVA_Weekly_20260920_071203.png'
rm 'charts/screenshots_nasdaq/JOBY/JOBY_1H_20260920_075022.png'
rm 'charts/screenshots_nasdaq/JOBY/JOBY_4H_20260920_075022.png'
rm 'charts/screenshots_nasdaq/JOBY/JOBY_Daily_20260920_075022.png'
rm 'charts/screenshots_nasdaq/JOBY/JOBY_Monthly_20260920_075022.png'
rm 'charts/screenshots_nasdaq/JOBY/JOBY_Weekly_20260920_075022.png'
rm 'charts/screenshots_nasdaq/KRMN/KRMN_1H_20260920_075658.png'
rm 'charts/screenshots_nasdaq/KRMN/KRMN_4H_20260920_075658.png'
rm 'charts/screenshots_nasdaq/KRMN/KRMN_Daily_20260920_075658.png'
rm 'charts/screenshots_nasdaq/KRMN/KRMN_Monthly_20260920_075658.png'
rm 'charts/screenshots_nasdaq/KRMN/KRMN_Weekly_20260920_075658.png'
rm 'charts/screenshots_nasdaq/KVYO/KVYO_1H_20260920_080521.png'
rm 'charts/screenshots_nasdaq/KVYO/KVYO_4H_20260920_080521.png'
rm 'charts/screenshots_nasdaq/KVYO/KVYO_Daily_20260920_080521.png'
rm 'charts/screenshots_nasdaq/KVYO/KVYO_Monthly_20260920_080521.png'
rm 'charts/screenshots_nasdaq/KVYO/KVYO_Weekly_20260920_080521.png'
rm 'charts/screenshots_nasdaq/LAC/LAC_1H_20260920_075731.png'
rm 'charts/screenshots_nasdaq/LAC/LAC_4H_20260920_075731.png'
rm 'charts/screenshots_nasdaq/LAC/LAC_Daily_20260920_075731.png'
rm 'charts/screenshots_nasdaq/LAC/LAC_Monthly_20260920_075731.png'
rm 'charts/screenshots_nasdaq/LAC/LAC_Weekly_20260920_075731.png'
rm 'charts/screenshots_nasdaq/LASR/LASR_1H_20260920_073605.png'
rm 'charts/screenshots_nasdaq/LASR/LASR_4H_20260920_073605.png'
rm 'charts/screenshots_nasdaq/LASR/LASR_Daily_20260920_073605.png'
rm 'charts/screenshots_nasdaq/LASR/LASR_Monthly_20260920_073605.png'
rm 'charts/screenshots_nasdaq/LASR/LASR_Weekly_20260920_073605.png'
rm 'charts/screenshots_nasdaq/LEGN/LEGN_1H_20260920_075804.png'
rm 'charts/screenshots_nasdaq/LEGN/LEGN_4H_20260920_075804.png'
rm 'charts/screenshots_nasdaq/LEGN/LEGN_Daily_20260920_075804.png'
rm 'charts/screenshots_nasdaq/LEGN/LEGN_Monthly_20260920_075804.png'
rm 'charts/screenshots_nasdaq/LEGN/LEGN_Weekly_20260920_075804.png'
rm 'charts/screenshots_nasdaq/LIF/LIF_1H_20260920_080555.png'
rm 'charts/screenshots_nasdaq/LIF/LIF_4H_20260920_080555.png'
rm 'charts/screenshots_nasdaq/LIF/LIF_Daily_20260920_080555.png'
rm 'charts/screenshots_nasdaq/LIF/LIF_Monthly_20260920_080555.png'
rm 'charts/screenshots_nasdaq/LIF/LIF_Weekly_20260920_080555.png'
rm 'charts/screenshots_nasdaq/LULU/LULU_1H_20260920_080629.png'
rm 'charts/screenshots_nasdaq/LULU/LULU_4H_20260920_080629.png'
rm 'charts/screenshots_nasdaq/LULU/LULU_Daily_20260920_080629.png'
rm 'charts/screenshots_nasdaq/LULU/LULU_Monthly_20260920_080629.png'
rm 'charts/screenshots_nasdaq/LULU/LULU_Weekly_20260920_080629.png'
rm 'charts/screenshots_nasdaq/LUNR/LUNR_1H_20260920_074206.png'
rm 'charts/screenshots_nasdaq/LUNR/LUNR_4H_20260920_074206.png'
rm 'charts/screenshots_nasdaq/LUNR/LUNR_Daily_20260920_074206.png'
rm 'charts/screenshots_nasdaq/LUNR/LUNR_Monthly_20260920_074206.png'
rm 'charts/screenshots_nasdaq/LUNR/LUNR_Weekly_20260920_074206.png'
rm 'charts/screenshots_nasdaq/MMYT/MMYT_1H_20260920_071600.png'
rm 'charts/screenshots_nasdaq/MMYT/MMYT_4H_20260920_071600.png'
rm 'charts/screenshots_nasdaq/MMYT/MMYT_Daily_20260920_071600.png'
rm 'charts/screenshots_nasdaq/MMYT/MMYT_Monthly_20260920_071600.png'
rm 'charts/screenshots_nasdaq/MMYT/MMYT_Weekly_20260920_071600.png'
rm 'charts/screenshots_nasdaq/MNDY/MNDY_1H_20260920_072345.png'
rm 'charts/screenshots_nasdaq/MNDY/MNDY_4H_20260920_072345.png'
rm 'charts/screenshots_nasdaq/MNDY/MNDY_Daily_20260920_072345.png'
rm 'charts/screenshots_nasdaq/MNDY/MNDY_Monthly_20260920_072345.png'
rm 'charts/screenshots_nasdaq/MNDY/MNDY_Weekly_20260920_072345.png'
rm 'charts/screenshots_nasdaq/MP/MP_1H_20260920_073638.png'
rm 'charts/screenshots_nasdaq/MP/MP_4H_20260920_073638.png'
rm 'charts/screenshots_nasdaq/MP/MP_Daily_20260920_073638.png'
rm 'charts/screenshots_nasdaq/MP/MP_Monthly_20260920_073638.png'
rm 'charts/screenshots_nasdaq/MP/MP_Weekly_20260920_073638.png'
rm 'charts/screenshots_nasdaq/MPC/MPC_1H_20260920_070912.png'
rm 'charts/screenshots_nasdaq/MPC/MPC_4H_20260920_070912.png'
rm 'charts/screenshots_nasdaq/MPC/MPC_Daily_20260920_070912.png'
rm 'charts/screenshots_nasdaq/MPC/MPC_Monthly_20260920_070912.png'
rm 'charts/screenshots_nasdaq/MPC/MPC_Weekly_20260920_070912.png'
rm 'charts/screenshots_nasdaq/MSTR/MSTR_1H_20260920_072100.png'
rm 'charts/screenshots_nasdaq/MSTR/MSTR_4H_20260920_072100.png'
rm 'charts/screenshots_nasdaq/MSTR/MSTR_Daily_20260920_072100.png'
rm 'charts/screenshots_nasdaq/MSTR/MSTR_Monthly_20260920_072100.png'
rm 'charts/screenshots_nasdaq/MSTR/MSTR_Weekly_20260920_072100.png'
rm 'charts/screenshots_nasdaq/MTZ/MTZ_1H_20260920_075055.png'
rm 'charts/screenshots_nasdaq/MTZ/MTZ_4H_20260920_075055.png'
rm 'charts/screenshots_nasdaq/MTZ/MTZ_Daily_20260920_075055.png'
rm 'charts/screenshots_nasdaq/MTZ/MTZ_Monthly_20260920_075055.png'
rm 'charts/screenshots_nasdaq/MTZ/MTZ_Weekly_20260920_075055.png'
rm 'charts/screenshots_nasdaq/NAT/NAT_1H_20260920_071420.png'
rm 'charts/screenshots_nasdaq/NAT/NAT_4H_20260920_071420.png'
rm 'charts/screenshots_nasdaq/NAT/NAT_Daily_20260920_071420.png'
rm 'charts/screenshots_nasdaq/NAT/NAT_Monthly_20260920_071420.png'
rm 'charts/screenshots_nasdaq/NAT/NAT_Weekly_20260920_071420.png'
rm 'charts/screenshots_nasdaq/NEO/NEO_1H_20260920_070625.png'
rm 'charts/screenshots_nasdaq/NEO/NEO_4H_20260920_070625.png'
rm 'charts/screenshots_nasdaq/NEO/NEO_Daily_20260920_070625.png'
rm 'charts/screenshots_nasdaq/NEO/NEO_Monthly_20260920_070625.png'
rm 'charts/screenshots_nasdaq/NEO/NEO_Weekly_20260920_070625.png'
rm 'charts/screenshots_nasdaq/NIO/NIO_1H_20260920_073711.png'
rm 'charts/screenshots_nasdaq/NIO/NIO_4H_20260920_073711.png'
rm 'charts/screenshots_nasdaq/NIO/NIO_Daily_20260920_073711.png'
rm 'charts/screenshots_nasdaq/NIO/NIO_Monthly_20260920_073711.png'
rm 'charts/screenshots_nasdaq/NIO/NIO_Weekly_20260920_073711.png'
rm 'charts/screenshots_nasdaq/NKE/NKE_1H_20260920_072847.png'
rm 'charts/screenshots_nasdaq/NKE/NKE_4H_20260920_072847.png'
rm 'charts/screenshots_nasdaq/NKE/NKE_Daily_20260920_072847.png'
rm 'charts/screenshots_nasdaq/NKE/NKE_Monthly_20260920_072847.png'
rm 'charts/screenshots_nasdaq/NKE/NKE_Weekly_20260920_072847.png'
rm 'charts/screenshots_nasdaq/NNE/NNE_1H_20260920_074239.png'
rm 'charts/screenshots_nasdaq/NNE/NNE_4H_20260920_074239.png'
rm 'charts/screenshots_nasdaq/NNE/NNE_Daily_20260920_074239.png'
rm 'charts/screenshots_nasdaq/NNE/NNE_Monthly_20260920_074239.png'
rm 'charts/screenshots_nasdaq/NNE/NNE_Weekly_20260920_074239.png'
rm 'charts/screenshots_nasdaq/ODD/ODD_1H_20260920_072527.png'
rm 'charts/screenshots_nasdaq/ODD/ODD_4H_20260920_072527.png'
rm 'charts/screenshots_nasdaq/ODD/ODD_Daily_20260920_072527.png'
rm 'charts/screenshots_nasdaq/ODD/ODD_Monthly_20260920_072527.png'
rm 'charts/screenshots_nasdaq/ODD/ODD_Weekly_20260920_072527.png'
rm 'charts/screenshots_nasdaq/OKLO/OKLO_1H_20260920_074312.png'
rm 'charts/screenshots_nasdaq/OKLO/OKLO_4H_20260920_074312.png'
rm 'charts/screenshots_nasdaq/OKLO/OKLO_Daily_20260920_074312.png'
rm 'charts/screenshots_nasdaq/OKLO/OKLO_Monthly_20260920_074312.png'
rm 'charts/screenshots_nasdaq/OKLO/OKLO_Weekly_20260920_074312.png'
rm 'charts/screenshots_nasdaq/PATK/PATK_1H_20260920_075127.png'
rm 'charts/screenshots_nasdaq/PATK/PATK_4H_20260920_075127.png'
rm 'charts/screenshots_nasdaq/PATK/PATK_Daily_20260920_075127.png'
rm 'charts/screenshots_nasdaq/PATK/PATK_Monthly_20260920_075127.png'
rm 'charts/screenshots_nasdaq/PATK/PATK_Weekly_20260920_075127.png'
rm 'charts/screenshots_nasdaq/PFSI/PFSI_1H_20260920_075201.png'
rm 'charts/screenshots_nasdaq/PFSI/PFSI_4H_20260920_075201.png'
rm 'charts/screenshots_nasdaq/PFSI/PFSI_Daily_20260920_075201.png'
rm 'charts/screenshots_nasdaq/PFSI/PFSI_Monthly_20260920_075201.png'
rm 'charts/screenshots_nasdaq/PFSI/PFSI_Weekly_20260920_075201.png'
rm 'charts/screenshots_nasdaq/PGY/PGY_1H_20260920_071237.png'
rm 'charts/screenshots_nasdaq/PGY/PGY_4H_20260920_071237.png'
rm 'charts/screenshots_nasdaq/PGY/PGY_Daily_20260920_071237.png'
rm 'charts/screenshots_nasdaq/PGY/PGY_Monthly_20260920_071237.png'
rm 'charts/screenshots_nasdaq/PGY/PGY_Weekly_20260920_071237.png'
rm 'charts/screenshots_nasdaq/PL/PL_1H_20260920_073244.png'
rm 'charts/screenshots_nasdaq/PL/PL_4H_20260920_073244.png'
rm 'charts/screenshots_nasdaq/PL/PL_Daily_20260920_073244.png'
rm 'charts/screenshots_nasdaq/PL/PL_Monthly_20260920_073244.png'
rm 'charts/screenshots_nasdaq/PL/PL_Weekly_20260920_073244.png'
rm 'charts/screenshots_nasdaq/PLAY/PLAY_1H_20260920_080234.png'
rm 'charts/screenshots_nasdaq/PLAY/PLAY_4H_20260920_080234.png'
rm 'charts/screenshots_nasdaq/PLAY/PLAY_Daily_20260920_080234.png'
rm 'charts/screenshots_nasdaq/PLAY/PLAY_Monthly_20260920_080234.png'
rm 'charts/screenshots_nasdaq/PLAY/PLAY_Weekly_20260920_080234.png'
rm 'charts/screenshots_nasdaq/PODD/PODD_1H_20260920_074345.png'
rm 'charts/screenshots_nasdaq/PODD/PODD_4H_20260920_074345.png'
rm 'charts/screenshots_nasdaq/PODD/PODD_Daily_20260920_074345.png'
rm 'charts/screenshots_nasdaq/PODD/PODD_Monthly_20260920_074345.png'
rm 'charts/screenshots_nasdaq/PODD/PODD_Weekly_20260920_074345.png'
rm 'charts/screenshots_nasdaq/PONY/PONY_1H_20260920_073318.png'
rm 'charts/screenshots_nasdaq/PONY/PONY_4H_20260920_073318.png'
rm 'charts/screenshots_nasdaq/PONY/PONY_Daily_20260920_073318.png'
rm 'charts/screenshots_nasdaq/PONY/PONY_Monthly_20260920_073318.png'
rm 'charts/screenshots_nasdaq/PONY/PONY_Weekly_20260920_073318.png'
rm 'charts/screenshots_nasdaq/PURR/PURR_1H_20260920_072312.png'
rm 'charts/screenshots_nasdaq/PURR/PURR_4H_20260920_072312.png'
rm 'charts/screenshots_nasdaq/PURR/PURR_Daily_20260920_072312.png'
rm 'charts/screenshots_nasdaq/PURR/PURR_Monthly_20260920_072312.png'
rm 'charts/screenshots_nasdaq/PURR/PURR_Weekly_20260920_072312.png'
rm 'charts/screenshots_nasdaq/PZZA/PZZA_1H_20260920_075235.png'
rm 'charts/screenshots_nasdaq/PZZA/PZZA_4H_20260920_075235.png'
rm 'charts/screenshots_nasdaq/PZZA/PZZA_Daily_20260920_075235.png'
rm 'charts/screenshots_nasdaq/PZZA/PZZA_Monthly_20260920_075235.png'
rm 'charts/screenshots_nasdaq/PZZA/PZZA_Weekly_20260920_075235.png'
rm 'charts/screenshots_nasdaq/QFIN/QFIN_1H_20260920_080702.png'
rm 'charts/screenshots_nasdaq/QFIN/QFIN_4H_20260920_080702.png'
rm 'charts/screenshots_nasdaq/QFIN/QFIN_Daily_20260920_080702.png'
rm 'charts/screenshots_nasdaq/QFIN/QFIN_Monthly_20260920_080702.png'
rm 'charts/screenshots_nasdaq/QFIN/QFIN_Weekly_20260920_080702.png'
rm 'charts/screenshots_nasdaq/RARE/RARE_1H_20260920_075308.png'
rm 'charts/screenshots_nasdaq/RARE/RARE_4H_20260920_075308.png'
rm 'charts/screenshots_nasdaq/RARE/RARE_Daily_20260920_075308.png'
rm 'charts/screenshots_nasdaq/RARE/RARE_Monthly_20260920_075308.png'
rm 'charts/screenshots_nasdaq/RARE/RARE_Weekly_20260920_075308.png'
rm 'charts/screenshots_nasdaq/RBLX/RBLX_1H_20260920_071954.png'
rm 'charts/screenshots_nasdaq/RBLX/RBLX_4H_20260920_071954.png'
rm 'charts/screenshots_nasdaq/RBLX/RBLX_Daily_20260920_071954.png'
rm 'charts/screenshots_nasdaq/RBLX/RBLX_Monthly_20260920_071954.png'
rm 'charts/screenshots_nasdaq/RBLX/RBLX_Weekly_20260920_071954.png'
rm 'charts/screenshots_nasdaq/RUN/RUN_1H_20260920_074418.png'
rm 'charts/screenshots_nasdaq/RUN/RUN_4H_20260920_074418.png'
rm 'charts/screenshots_nasdaq/RUN/RUN_Daily_20260920_074418.png'
rm 'charts/screenshots_nasdaq/RUN/RUN_Monthly_20260920_074418.png'
rm 'charts/screenshots_nasdaq/RUN/RUN_Weekly_20260920_074418.png'
rm 'charts/screenshots_nasdaq/SBET/SBET_1H_20260920_070552.png'
rm 'charts/screenshots_nasdaq/SBET/SBET_4H_20260920_070552.png'
rm 'charts/screenshots_nasdaq/SBET/SBET_Daily_20260920_070552.png'
rm 'charts/screenshots_nasdaq/SBET/SBET_Monthly_20260920_070552.png'
rm 'charts/screenshots_nasdaq/SBET/SBET_Weekly_20260920_070552.png'
rm 'charts/screenshots_nasdaq/SMTC/SMTC_1H_20260920_071814.png'
rm 'charts/screenshots_nasdaq/SMTC/SMTC_4H_20260920_071814.png'
rm 'charts/screenshots_nasdaq/SMTC/SMTC_Daily_20260920_071814.png'
rm 'charts/screenshots_nasdaq/SMTC/SMTC_Monthly_20260920_071814.png'
rm 'charts/screenshots_nasdaq/SMTC/SMTC_Weekly_20260920_071814.png'
rm 'charts/screenshots_nasdaq/SOC/SOC_1H_20260920_073210.png'
rm 'charts/screenshots_nasdaq/SOC/SOC_4H_20260920_073210.png'
rm 'charts/screenshots_nasdaq/SOC/SOC_Daily_20260920_073210.png'
rm 'charts/screenshots_nasdaq/SOC/SOC_Monthly_20260920_073210.png'
rm 'charts/screenshots_nasdaq/SOC/SOC_Weekly_20260920_073210.png'
rm 'charts/screenshots_nasdaq/TE/TE_1H_20260920_075341.png'
rm 'charts/screenshots_nasdaq/TE/TE_4H_20260920_075341.png'
rm 'charts/screenshots_nasdaq/TE/TE_Daily_20260920_075341.png'
rm 'charts/screenshots_nasdaq/TE/TE_Monthly_20260920_075341.png'
rm 'charts/screenshots_nasdaq/TE/TE_Weekly_20260920_075341.png'
rm 'charts/screenshots_nasdaq/TH/TH_1H_20260920_071847.png'
rm 'charts/screenshots_nasdaq/TH/TH_4H_20260920_071847.png'
rm 'charts/screenshots_nasdaq/TH/TH_Daily_20260920_071847.png'
rm 'charts/screenshots_nasdaq/TH/TH_Monthly_20260920_071847.png'
rm 'charts/screenshots_nasdaq/TH/TH_Weekly_20260920_071847.png'
rm 'charts/screenshots_nasdaq/TME/TME_1H_20260920_073744.png'
rm 'charts/screenshots_nasdaq/TME/TME_4H_20260920_073744.png'
rm 'charts/screenshots_nasdaq/TME/TME_Daily_20260920_073744.png'
rm 'charts/screenshots_nasdaq/TME/TME_Monthly_20260920_073744.png'
rm 'charts/screenshots_nasdaq/TME/TME_Weekly_20260920_073744.png'
rm 'charts/screenshots_nasdaq/TRIP/TRIP_1H_20260920_072921.png'
rm 'charts/screenshots_nasdaq/TRIP/TRIP_4H_20260920_072921.png'
rm 'charts/screenshots_nasdaq/TRIP/TRIP_Daily_20260920_072921.png'
rm 'charts/screenshots_nasdaq/TRIP/TRIP_Monthly_20260920_072921.png'
rm 'charts/screenshots_nasdaq/TRIP/TRIP_Weekly_20260920_072921.png'
rm 'charts/screenshots_nasdaq/TRMD/TRMD_1H_20260920_072133.png'
rm 'charts/screenshots_nasdaq/TRMD/TRMD_4H_20260920_072133.png'
rm 'charts/screenshots_nasdaq/TRMD/TRMD_Daily_20260920_072133.png'
rm 'charts/screenshots_nasdaq/TRMD/TRMD_Monthly_20260920_072133.png'
rm 'charts/screenshots_nasdaq/TRMD/TRMD_Weekly_20260920_072133.png'
rm 'charts/screenshots_nasdaq/TTAN/TTAN_1H_20260920_072600.png'
rm 'charts/screenshots_nasdaq/TTAN/TTAN_4H_20260920_072600.png'
rm 'charts/screenshots_nasdaq/TTAN/TTAN_Daily_20260920_072600.png'
rm 'charts/screenshots_nasdaq/TTAN/TTAN_Monthly_20260920_072600.png'
rm 'charts/screenshots_nasdaq/TTAN/TTAN_Weekly_20260920_072600.png'
rm 'charts/screenshots_nasdaq/TXG/TXG_1H_20260920_071129.png'
rm 'charts/screenshots_nasdaq/TXG/TXG_4H_20260920_071129.png'
rm 'charts/screenshots_nasdaq/TXG/TXG_Daily_20260920_071129.png'
rm 'charts/screenshots_nasdaq/TXG/TXG_Monthly_20260920_071129.png'
rm 'charts/screenshots_nasdaq/TXG/TXG_Weekly_20260920_071129.png'
rm 'charts/screenshots_nasdaq/UAMY/UAMY_1H_20260920_074451.png'
rm 'charts/screenshots_nasdaq/UAMY/UAMY_4H_20260920_074451.png'
rm 'charts/screenshots_nasdaq/UAMY/UAMY_Daily_20260920_074451.png'
rm 'charts/screenshots_nasdaq/UAMY/UAMY_Monthly_20260920_074451.png'
rm 'charts/screenshots_nasdaq/UAMY/UAMY_Weekly_20260920_074451.png'
rm 'charts/screenshots_nasdaq/UEC/UEC_1H_20260920_073102.png'
rm 'charts/screenshots_nasdaq/UEC/UEC_4H_20260920_073102.png'
rm 'charts/screenshots_nasdaq/UEC/UEC_Daily_20260920_073102.png'
rm 'charts/screenshots_nasdaq/UEC/UEC_Monthly_20260920_073102.png'
rm 'charts/screenshots_nasdaq/UEC/UEC_Weekly_20260920_073102.png'
rm 'charts/screenshots_nasdaq/UGP/UGP_1H_20260920_070126.png'
rm 'charts/screenshots_nasdaq/UGP/UGP_4H_20260920_070126.png'
rm 'charts/screenshots_nasdaq/UGP/UGP_Daily_20260920_070126.png'
rm 'charts/screenshots_nasdaq/UGP/UGP_Monthly_20260920_070126.png'
rm 'charts/screenshots_nasdaq/UGP/UGP_Weekly_20260920_070126.png'
rm 'charts/screenshots_nasdaq/UPST/UPST_1H_20260920_073817.png'
rm 'charts/screenshots_nasdaq/UPST/UPST_4H_20260920_073817.png'
rm 'charts/screenshots_nasdaq/UPST/UPST_Daily_20260920_073817.png'
rm 'charts/screenshots_nasdaq/UPST/UPST_Monthly_20260920_073817.png'
rm 'charts/screenshots_nasdaq/UPST/UPST_Weekly_20260920_073817.png'
rm 'charts/screenshots_nasdaq/UPWK/UPWK_1H_20260920_074524.png'
rm 'charts/screenshots_nasdaq/UPWK/UPWK_4H_20260920_074524.png'
rm 'charts/screenshots_nasdaq/UPWK/UPWK_Daily_20260920_074524.png'
rm 'charts/screenshots_nasdaq/UPWK/UPWK_Monthly_20260920_074524.png'
rm 'charts/screenshots_nasdaq/UPWK/UPWK_Weekly_20260920_074524.png'
rm 'charts/screenshots_nasdaq/UTI/UTI_1H_20260920_075838.png'
rm 'charts/screenshots_nasdaq/UTI/UTI_4H_20260920_075838.png'
rm 'charts/screenshots_nasdaq/UTI/UTI_Daily_20260920_075838.png'
rm 'charts/screenshots_nasdaq/UTI/UTI_Monthly_20260920_075838.png'
rm 'charts/screenshots_nasdaq/UTI/UTI_Weekly_20260920_075838.png'
rm 'charts/screenshots_nasdaq/UUUU/UUUU_1H_20260920_072955.png'
rm 'charts/screenshots_nasdaq/UUUU/UUUU_4H_20260920_072955.png'
rm 'charts/screenshots_nasdaq/UUUU/UUUU_Daily_20260920_072955.png'
rm 'charts/screenshots_nasdaq/UUUU/UUUU_Monthly_20260920_072955.png'
rm 'charts/screenshots_nasdaq/UUUU/UUUU_Weekly_20260920_072955.png'
rm 'charts/screenshots_nasdaq/VLO/VLO_1H_20260920_070231.png'
rm 'charts/screenshots_nasdaq/VLO/VLO_4H_20260920_070231.png'
rm 'charts/screenshots_nasdaq/VLO/VLO_Daily_20260920_070231.png'
rm 'charts/screenshots_nasdaq/VLO/VLO_Monthly_20260920_070231.png'
rm 'charts/screenshots_nasdaq/VLO/VLO_Weekly_20260920_070231.png'
rm 'charts/screenshots_nasdaq/VRRM/VRRM_1H_20260920_075413.png'
rm 'charts/screenshots_nasdaq/VRRM/VRRM_4H_20260920_075413.png'
rm 'charts/screenshots_nasdaq/VRRM/VRRM_Daily_20260920_075413.png'
rm 'charts/screenshots_nasdaq/VRRM/VRRM_Monthly_20260920_075413.png'
rm 'charts/screenshots_nasdaq/VRRM/VRRM_Weekly_20260920_075413.png'
rm 'charts/screenshots_nasdaq/WING/WING_1H_20260920_080307.png'
rm 'charts/screenshots_nasdaq/WING/WING_4H_20260920_080307.png'
rm 'charts/screenshots_nasdaq/WING/WING_Daily_20260920_080307.png'
rm 'charts/screenshots_nasdaq/WING/WING_Monthly_20260920_080307.png'
rm 'charts/screenshots_nasdaq/WING/WING_Weekly_20260920_080307.png'
rm 'charts/screenshots_nasdaq/WIX/WIX_1H_20260920_072419.png'
rm 'charts/screenshots_nasdaq/WIX/WIX_4H_20260920_072419.png'
rm 'charts/screenshots_nasdaq/WIX/WIX_Daily_20260920_072419.png'
rm 'charts/screenshots_nasdaq/WIX/WIX_Monthly_20260920_072419.png'
rm 'charts/screenshots_nasdaq/WIX/WIX_Weekly_20260920_072419.png'
rm 'charts/screenshots_nasdaq/XPEV/XPEV_1H_20260920_075912.png'
rm 'charts/screenshots_nasdaq/XPEV/XPEV_4H_20260920_075912.png'
rm 'charts/screenshots_nasdaq/XPEV/XPEV_Daily_20260920_075912.png'
rm 'charts/screenshots_nasdaq/XPEV/XPEV_Monthly_20260920_075912.png'
rm 'charts/screenshots_nasdaq/XPEV/XPEV_Weekly_20260920_075912.png'
rm 'charts/screenshots_nasdaq/YSS/YSS_1H_20260920_072707.png'
rm 'charts/screenshots_nasdaq/YSS/YSS_4H_20260920_072707.png'
rm 'charts/screenshots_nasdaq/YSS/YSS_Daily_20260920_072707.png'
rm 'charts/screenshots_nasdaq/YSS/YSS_Monthly_20260920_072707.png'
rm 'charts/screenshots_nasdaq/YSS/YSS_Weekly_20260920_072707.png'
rm 'charts/screenshots_nasdaq/Z/Z_1H_20260920_080340.png'
rm 'charts/screenshots_nasdaq/Z/Z_4H_20260920_080340.png'
rm 'charts/screenshots_nasdaq/Z/Z_Daily_20260920_080340.png'
rm 'charts/screenshots_nasdaq/Z/Z_Monthly_20260920_080340.png'
rm 'charts/screenshots_nasdaq/Z/Z_Weekly_20260920_080340.png'
rm 'charts/screenshots_nasdaq/ZG/ZG_1H_20260920_080413.png'
rm 'charts/screenshots_nasdaq/ZG/ZG_4H_20260920_080413.png'
rm 'charts/screenshots_nasdaq/ZG/ZG_Daily_20260920_080413.png'
rm 'charts/screenshots_nasdaq/ZG/ZG_Monthly_20260920_080413.png'
rm 'charts/screenshots_nasdaq/ZG/ZG_Weekly_20260920_080413.png'
rm 'charts/screenshots_nasdaq/ZTS/ZTS_1H_20260920_074557.png'
rm 'charts/screenshots_nasdaq/ZTS/ZTS_4H_20260920_074557.png'
rm 'charts/screenshots_nasdaq/ZTS/ZTS_Daily_20260920_074557.png'
rm 'charts/screenshots_nasdaq/ZTS/ZTS_Monthly_20260920_074557.png'
rm 'charts/screenshots_nasdaq/ZTS/ZTS_Weekly_20260920_074557.png'
[main c5d6c3e] Update NASDAQ/NYSE chart screenshots 1789980571
 1195 files changed, 0 insertions(+), 0 deletions(-)
 delete mode 100644 charts/screenshots_nasdaq/ACHR/ACHR_1H_20260920_073135.png
 create mode 100644 charts/screenshots_nasdaq/ACHR/ACHR_1H_20260921_081658.png
 delete mode 100644 charts/screenshots_nasdaq/ACHR/ACHR_4H_20260920_073135.png
 create mode 100644 charts/screenshots_nasdaq/ACHR/ACHR_4H_20260921_081658.png
 delete mode 100644 charts/screenshots_nasdaq/ACHR/ACHR_Daily_20260920_073135.png
 create mode 100644 charts/screenshots_nasdaq/ACHR/ACHR_Daily_20260921_081658.png
 delete mode 100644 charts/screenshots_nasdaq/ACHR/ACHR_Monthly_20260920_073135.png
 create mode 100644 charts/screenshots_nasdaq/ACHR/ACHR_Monthly_20260921_081658.png
 delete mode 100644 charts/screenshots_nasdaq/ACHR/ACHR_Weekly_20260920_073135.png
 create mode 100644 charts/screenshots_nasdaq/ACHR/ACHR_Weekly_20260921_081658.png
 delete mode 100644 charts/screenshots_nasdaq/ACM/ACM_1H_20260920_080020.png
 create mode 100644 charts/screenshots_nasdaq/ACM/ACM_1H_20260921_084548.png
 delete mode 100644 charts/screenshots_nasdaq/ACM/ACM_4H_20260920_080020.png
 create mode 100644 charts/screenshots_nasdaq/ACM/ACM_4H_20260921_084548.png
 delete mode 100644 charts/screenshots_nasdaq/ACM/ACM_Daily_20260920_080020.png
 create mode 100644 charts/screenshots_nasdaq/ACM/ACM_Daily_20260921_084548.png
 delete mode 100644 charts/screenshots_nasdaq/ACM/ACM_Monthly_20260920_080020.png
 create mode 100644 charts/screenshots_nasdaq/ACM/ACM_Monthly_20260921_084548.png
 delete mode 100644 charts/screenshots_nasdaq/ACM/ACM_Weekly_20260920_080020.png
 create mode 100644 charts/screenshots_nasdaq/ACM/ACM_Weekly_20260921_084548.png
 delete mode 100644 charts/screenshots_nasdaq/ACVA/ACVA_1H_20260920_070946.png
 create mode 100644 charts/screenshots_nasdaq/ACVA/ACVA_1H_20260921_074656.png
 delete mode 100644 charts/screenshots_nasdaq/ACVA/ACVA_4H_20260920_070946.png
 create mode 100644 charts/screenshots_nasdaq/ACVA/ACVA_4H_20260921_074656.png
 delete mode 100644 charts/screenshots_nasdaq/ACVA/ACVA_Daily_20260920_070946.png
 create mode 100644 charts/screenshots_nasdaq/ACVA/ACVA_Daily_20260921_074656.png
 delete mode 100644 charts/screenshots_nasdaq/ACVA/ACVA_Monthly_20260920_070946.png
 create mode 100644 charts/screenshots_nasdaq/ACVA/ACVA_Monthly_20260921_074656.png
 delete mode 100644 charts/screenshots_nasdaq/ACVA/ACVA_Weekly_20260920_070946.png
 create mode 100644 charts/screenshots_nasdaq/ACVA/ACVA_Weekly_20260921_074656.png
 delete mode 100644 charts/screenshots_nasdaq/ADMA/ADMA_1H_20260920_073029.png
 create mode 100644 charts/screenshots_nasdaq/ADMA/ADMA_1H_20260921_081052.png
 delete mode 100644 charts/screenshots_nasdaq/ADMA/ADMA_4H_20260920_073029.png
 create mode 100644 charts/screenshots_nasdaq/ADMA/ADMA_4H_20260921_081052.png
 delete mode 100644 charts/screenshots_nasdaq/ADMA/ADMA_Daily_20260920_073029.png
 create mode 100644 charts/screenshots_nasdaq/ADMA/ADMA_Daily_20260921_081052.png
 delete mode 100644 charts/screenshots_nasdaq/ADMA/ADMA_Monthly_20260920_073029.png
 create mode 100644 charts/screenshots_nasdaq/ADMA/ADMA_Monthly_20260921_081052.png
 delete mode 100644 charts/screenshots_nasdaq/ADMA/ADMA_Weekly_20260920_073029.png
 create mode 100644 charts/screenshots_nasdaq/ADMA/ADMA_Weekly_20260921_081052.png
 delete mode 100644 charts/screenshots_nasdaq/AGX/AGX_1H_20260920_074629.png
 create mode 100644 charts/screenshots_nasdaq/AGX/AGX_1H_20260921_083410.png
 delete mode 100644 charts/screenshots_nasdaq/AGX/AGX_4H_20260920_074629.png
 create mode 100644 charts/screenshots_nasdaq/AGX/AGX_4H_20260921_083410.png
 delete mode 100644 charts/screenshots_nasdaq/AGX/AGX_Daily_20260920_074629.png
 create mode 100644 charts/screenshots_nasdaq/AGX/AGX_Daily_20260921_083410.png
 delete mode 100644 charts/screenshots_nasdaq/AGX/AGX_Monthly_20260920_074629.png
 create mode 100644 charts/screenshots_nasdaq/AGX/AGX_Monthly_20260921_083410.png
 delete mode 100644 charts/screenshots_nasdaq/AGX/AGX_Weekly_20260920_074629.png
 create mode 100644 charts/screenshots_nasdaq/AGX/AGX_Weekly_20260921_083410.png
 delete mode 100644 charts/screenshots_nasdaq/ALGM/ALGM_1H_20260920_074702.png
 create mode 100644 charts/screenshots_nasdaq/ALGM/ALGM_1H_20260921_083448.png
 delete mode 100644 charts/screenshots_nasdaq/ALGM/ALGM_4H_20260920_074702.png
 create mode 100644 charts/screenshots_nasdaq/ALGM/ALGM_4H_20260921_083448.png
 delete mode 100644 charts/screenshots_nasdaq/ALGM/ALGM_Daily_20260920_074702.png
 create mode 100644 charts/screenshots_nasdaq/ALGM/ALGM_Daily_20260921_083448.png
 delete mode 100644 charts/screenshots_nasdaq/ALGM/ALGM_Monthly_20260920_074702.png
 create mode 100644 charts/screenshots_nasdaq/ALGM/ALGM_Monthly_20260921_083448.png
 delete mode 100644 charts/screenshots_nasdaq/ALGM/ALGM_Weekly_20260920_074702.png
 create mode 100644 charts/screenshots_nasdaq/ALGM/ALGM_Weekly_20260921_083448.png
 delete mode 100644 charts/screenshots_nasdaq/AMD/AMD_1H_20260920_071020.png
 create mode 100644 charts/screenshots_nasdaq/AMD/AMD_1H_20260921_074506.png
 delete mode 100644 charts/screenshots_nasdaq/AMD/AMD_4H_20260920_071020.png
 create mode 100644 charts/screenshots_nasdaq/AMD/AMD_4H_20260921_074506.png
 delete mode 100644 charts/screenshots_nasdaq/AMD/AMD_Daily_20260920_071020.png
 create mode 100644 charts/screenshots_nasdaq/AMD/AMD_Daily_20260921_074506.png
 delete mode 100644 charts/screenshots_nasdaq/AMD/AMD_Monthly_20260920_071020.png
 create mode 100644 charts/screenshots_nasdaq/AMD/AMD_Monthly_20260921_074506.png
 delete mode 100644 charts/screenshots_nasdaq/AMD/AMD_Weekly_20260920_071020.png
 create mode 100644 charts/screenshots_nasdaq/AMD/AMD_Weekly_20260921_074506.png
 delete mode 100644 charts/screenshots_nasdaq/AMPX/AMPX_1H_20260920_075447.png
 create mode 100644 charts/screenshots_nasdaq/AMPX/AMPX_1H_20260921_083524.png
 delete mode 100644 charts/screenshots_nasdaq/AMPX/AMPX_4H_20260920_075447.png
 create mode 100644 charts/screenshots_nasdaq/AMPX/AMPX_4H_20260921_083524.png
 delete mode 100644 charts/screenshots_nasdaq/AMPX/AMPX_Daily_20260920_075447.png
 create mode 100644 charts/screenshots_nasdaq/AMPX/AMPX_Daily_20260921_083524.png
 delete mode 100644 charts/screenshots_nasdaq/AMPX/AMPX_Monthly_20260920_075447.png
 create mode 100644 charts/screenshots_nasdaq/AMPX/AMPX_Monthly_20260921_083524.png
 delete mode 100644 charts/screenshots_nasdaq/AMPX/AMPX_Weekly_20260920_075447.png
 create mode 100644 charts/screenshots_nasdaq/AMPX/AMPX_Weekly_20260921_083524.png
 delete mode 100644 charts/screenshots_nasdaq/APP/APP_1H_20260920_073351.png
 create mode 100644 charts/screenshots_nasdaq/APP/APP_1H_20260921_081129.png
 delete mode 100644 charts/screenshots_nasdaq/APP/APP_4H_20260920_073351.png
 create mode 100644 charts/screenshots_nasdaq/APP/APP_4H_20260921_081129.png
 delete mode 100644 charts/screenshots_nasdaq/APP/APP_Daily_20260920_073351.png
 create mode 100644 charts/screenshots_nasdaq/APP/APP_Daily_20260921_081129.png
 delete mode 100644 charts/screenshots_nasdaq/APP/APP_Monthly_20260920_073351.png
 create mode 100644 charts/screenshots_nasdaq/APP/APP_Monthly_20260921_081129.png
 delete mode 100644 charts/screenshots_nasdaq/APP/APP_Weekly_20260920_073351.png
 create mode 100644 charts/screenshots_nasdaq/APP/APP_Weekly_20260921_081129.png
 delete mode 100644 charts/screenshots_nasdaq/ASST/ASST_1H_20260920_070658.png
 create mode 100644 charts/screenshots_nasdaq/ASST/ASST_1H_20260921_074204.png
 delete mode 100644 charts/screenshots_nasdaq/ASST/ASST_4H_20260920_070658.png
 create mode 100644 charts/screenshots_nasdaq/ASST/ASST_4H_20260921_074204.png
 delete mode 100644 charts/screenshots_nasdaq/ASST/ASST_Daily_20260920_070658.png
 create mode 100644 charts/screenshots_nasdaq/ASST/ASST_Daily_20260921_074204.png
 delete mode 100644 charts/screenshots_nasdaq/ASST/ASST_Monthly_20260920_070658.png
 create mode 100644 charts/screenshots_nasdaq/ASST/ASST_Monthly_20260921_074204.png
 delete mode 100644 charts/screenshots_nasdaq/ASST/ASST_Weekly_20260920_070658.png
 create mode 100644 charts/screenshots_nasdaq/ASST/ASST_Weekly_20260921_074204.png
 delete mode 100644 charts/screenshots_nasdaq/ASTS/ASTS_1H_20260920_073849.png
 create mode 100644 charts/screenshots_nasdaq/ASTS/ASTS_1H_20260921_081735.png
 delete mode 100644 charts/screenshots_nasdaq/ASTS/ASTS_4H_20260920_073849.png
 create mode 100644 charts/screenshots_nasdaq/ASTS/ASTS_4H_20260921_081735.png
 delete mode 100644 charts/screenshots_nasdaq/ASTS/ASTS_Daily_20260920_073849.png
 create mode 100644 charts/screenshots_nasdaq/ASTS/ASTS_Daily_20260921_081735.png
 delete mode 100644 charts/screenshots_nasdaq/ASTS/ASTS_Monthly_20260920_073849.png
 create mode 100644 charts/screenshots_nasdaq/ASTS/ASTS_Monthly_20260921_081735.png
 delete mode 100644 charts/screenshots_nasdaq/ASTS/ASTS_Weekly_20260920_073849.png
 create mode 100644 charts/screenshots_nasdaq/ASTS/ASTS_Weekly_20260921_081735.png
 create mode 100644 charts/screenshots_nasdaq/ATEC/ATEC_1H_20260921_075758.png
 create mode 100644 charts/screenshots_nasdaq/ATEC/ATEC_4H_20260921_075758.png
 create mode 100644 charts/screenshots_nasdaq/ATEC/ATEC_Daily_20260921_075758.png
 create mode 100644 charts/screenshots_nasdaq/ATEC/ATEC_Monthly_20260921_075758.png
 create mode 100644 charts/screenshots_nasdaq/ATEC/ATEC_Weekly_20260921_075758.png
 delete mode 100644 charts/screenshots_nasdaq/ATRC/ATRC_1H_20260920_070731.png
 create mode 100644 charts/screenshots_nasdaq/ATRC/ATRC_1H_20260921_074240.png
 delete mode 100644 charts/screenshots_nasdaq/ATRC/ATRC_4H_20260920_070731.png
 create mode 100644 charts/screenshots_nasdaq/ATRC/ATRC_4H_20260921_074240.png
 delete mode 100644 charts/screenshots_nasdaq/ATRC/ATRC_Daily_20260920_070731.png
 create mode 100644 charts/screenshots_nasdaq/ATRC/ATRC_Daily_20260921_074240.png
 delete mode 100644 charts/screenshots_nasdaq/ATRC/ATRC_Monthly_20260920_070731.png
 create mode 100644 charts/screenshots_nasdaq/ATRC/ATRC_Monthly_20260921_074240.png
 delete mode 100644 charts/screenshots_nasdaq/ATRC/ATRC_Weekly_20260920_070731.png
 create mode 100644 charts/screenshots_nasdaq/ATRC/ATRC_Weekly_20260921_074240.png
 delete mode 100644 charts/screenshots_nasdaq/AXTI/AXTI_1H_20260920_072206.png
 create mode 100644 charts/screenshots_nasdaq/AXTI/AXTI_1H_20260921_075911.png
 delete mode 100644 charts/screenshots_nasdaq/AXTI/AXTI_4H_20260920_072206.png
 create mode 100644 charts/screenshots_nasdaq/AXTI/AXTI_4H_20260921_075911.png
 delete mode 100644 charts/screenshots_nasdaq/AXTI/AXTI_Daily_20260920_072206.png
 create mode 100644 charts/screenshots_nasdaq/AXTI/AXTI_Daily_20260921_075911.png
 delete mode 100644 charts/screenshots_nasdaq/AXTI/AXTI_Monthly_20260920_072206.png
 create mode 100644 charts/screenshots_nasdaq/AXTI/AXTI_Monthly_20260921_075911.png
 delete mode 100644 charts/screenshots_nasdaq/AXTI/AXTI_Weekly_20260920_072206.png
 create mode 100644 charts/screenshots_nasdaq/AXTI/AXTI_Weekly_20260921_075911.png
 delete mode 100644 charts/screenshots_nasdaq/BBAI/BBAI_1H_20260920_073922.png
 create mode 100644 charts/screenshots_nasdaq/BBAI/BBAI_1H_20260921_081812.png
 delete mode 100644 charts/screenshots_nasdaq/BBAI/BBAI_4H_20260920_073922.png
 create mode 100644 charts/screenshots_nasdaq/BBAI/BBAI_4H_20260921_081812.png
 delete mode 100644 charts/screenshots_nasdaq/BBAI/BBAI_Daily_20260920_073922.png
 create mode 100644 charts/screenshots_nasdaq/BBAI/BBAI_Daily_20260921_081812.png
 delete mode 100644 charts/screenshots_nasdaq/BBAI/BBAI_Monthly_20260920_073922.png
 create mode 100644 charts/screenshots_nasdaq/BBAI/BBAI_Monthly_20260921_081812.png
 delete mode 100644 charts/screenshots_nasdaq/BBAI/BBAI_Weekly_20260920_073922.png
 create mode 100644 charts/screenshots_nasdaq/BBAI/BBAI_Weekly_20260921_081812.png
 delete mode 100644 charts/screenshots_nasdaq/BILI/BILI_1H_20260920_075520.png
 create mode 100644 charts/screenshots_nasdaq/BILI/BILI_1H_20260921_083601.png
 delete mode 100644 charts/screenshots_nasdaq/BILI/BILI_4H_20260920_075520.png
 create mode 100644 charts/screenshots_nasdaq/BILI/BILI_4H_20260921_083601.png
 delete mode 100644 charts/screenshots_nasdaq/BILI/BILI_Daily_20260920_075520.png
 create mode 100644 charts/screenshots_nasdaq/BILI/BILI_Daily_20260921_083601.png
 delete mode 100644 charts/screenshots_nasdaq/BILI/BILI_Monthly_20260920_075520.png
 create mode 100644 charts/screenshots_nasdaq/BILI/BILI_Monthly_20260921_083601.png
 delete mode 100644 charts/screenshots_nasdaq/BILI/BILI_Weekly_20260920_075520.png
 create mode 100644 charts/screenshots_nasdaq/BILI/BILI_Weekly_20260921_083601.png
 delete mode 100644 charts/screenshots_nasdaq/BLDR/BLDR_1H_20260920_080447.png
 create mode 100644 charts/screenshots_nasdaq/BLDR/BLDR_1H_20260921_084625.png
 delete mode 100644 charts/screenshots_nasdaq/BLDR/BLDR_4H_20260920_080447.png
 create mode 100644 charts/screenshots_nasdaq/BLDR/BLDR_4H_20260921_084625.png
 delete mode 100644 charts/screenshots_nasdaq/BLDR/BLDR_Daily_20260920_080447.png
 create mode 100644 charts/screenshots_nasdaq/BLDR/BLDR_Daily_20260921_084625.png
 delete mode 100644 charts/screenshots_nasdaq/BLDR/BLDR_Monthly_20260920_080447.png
 create mode 100644 charts/screenshots_nasdaq/BLDR/BLDR_Monthly_20260921_084625.png
 delete mode 100644 charts/screenshots_nasdaq/BLDR/BLDR_Weekly_20260920_080447.png
 create mode 100644 charts/screenshots_nasdaq/BLDR/BLDR_Weekly_20260921_084625.png
 delete mode 100644 charts/screenshots_nasdaq/BMNR/BMNR_1H_20260920_070413.png
 create mode 100644 charts/screenshots_nasdaq/BMNR/BMNR_1H_20260921_073901.png
 delete mode 100644 charts/screenshots_nasdaq/BMNR/BMNR_4H_20260920_070413.png
 create mode 100644 charts/screenshots_nasdaq/BMNR/BMNR_4H_20260921_073901.png
 delete mode 100644 charts/screenshots_nasdaq/BMNR/BMNR_Daily_20260920_070413.png
 create mode 100644 charts/screenshots_nasdaq/BMNR/BMNR_Daily_20260921_073901.png
 delete mode 100644 charts/screenshots_nasdaq/BMNR/BMNR_Monthly_20260920_070413.png
 create mode 100644 charts/screenshots_nasdaq/BMNR/BMNR_Monthly_20260921_073901.png
 delete mode 100644 charts/screenshots_nasdaq/BMNR/BMNR_Weekly_20260920_070413.png
 create mode 100644 charts/screenshots_nasdaq/BMNR/BMNR_Weekly_20260921_073901.png
 delete mode 100644 charts/screenshots_nasdaq/BRBR/BRBR_1H_20260920_072740.png
 create mode 100644 charts/screenshots_nasdaq/BRBR/BRBR_1H_20260921_080520.png
 delete mode 100644 charts/screenshots_nasdaq/BRBR/BRBR_4H_20260920_072740.png
 create mode 100644 charts/screenshots_nasdaq/BRBR/BRBR_4H_20260921_080520.png
 delete mode 100644 charts/screenshots_nasdaq/BRBR/BRBR_Daily_20260920_072740.png
 create mode 100644 charts/screenshots_nasdaq/BRBR/BRBR_Daily_20260921_080520.png
 delete mode 100644 charts/screenshots_nasdaq/BRBR/BRBR_Monthly_20260920_072740.png
 create mode 100644 charts/screenshots_nasdaq/BRBR/BRBR_Monthly_20260921_080520.png
 delete mode 100644 charts/screenshots_nasdaq/BRBR/BRBR_Weekly_20260920_072740.png
 create mode 100644 charts/screenshots_nasdaq/BRBR/BRBR_Weekly_20260921_080520.png
 delete mode 100644 charts/screenshots_nasdaq/BTCT/BTCT_1H_20260920_071920.png
 create mode 100644 charts/screenshots_nasdaq/BTCT/BTCT_1H_20260921_075531.png
 delete mode 100644 charts/screenshots_nasdaq/BTCT/BTCT_4H_20260920_071920.png
 create mode 100644 charts/screenshots_nasdaq/BTCT/BTCT_4H_20260921_075531.png
 delete mode 100644 charts/screenshots_nasdaq/BTCT/BTCT_Daily_20260920_071920.png
 create mode 100644 charts/screenshots_nasdaq/BTCT/BTCT_Daily_20260921_075531.png
 delete mode 100644 charts/screenshots_nasdaq/BTCT/BTCT_Monthly_20260920_071920.png
 create mode 100644 charts/screenshots_nasdaq/BTCT/BTCT_Monthly_20260921_075531.png
 delete mode 100644 charts/screenshots_nasdaq/BTCT/BTCT_Weekly_20260920_071920.png
 create mode 100644 charts/screenshots_nasdaq/BTCT/BTCT_Weekly_20260921_075531.png
 delete mode 100644 charts/screenshots_nasdaq/BW/BW_1H_20260920_073955.png
 create mode 100644 charts/screenshots_nasdaq/BW/BW_1H_20260921_081849.png
 delete mode 100644 charts/screenshots_nasdaq/BW/BW_4H_20260920_073955.png
 create mode 100644 charts/screenshots_nasdaq/BW/BW_4H_20260921_081849.png
 delete mode 100644 charts/screenshots_nasdaq/BW/BW_Daily_20260920_073955.png
 create mode 100644 charts/screenshots_nasdaq/BW/BW_Daily_20260921_081849.png
 delete mode 100644 charts/screenshots_nasdaq/BW/BW_Monthly_20260920_073955.png
 create mode 100644 charts/screenshots_nasdaq/BW/BW_Monthly_20260921_081849.png
 delete mode 100644 charts/screenshots_nasdaq/BW/BW_Weekly_20260920_073955.png
 create mode 100644 charts/screenshots_nasdaq/BW/BW_Weekly_20260921_081849.png
 delete mode 100644 charts/screenshots_nasdaq/CAR/CAR_1H_20260920_074028.png
 create mode 100644 charts/screenshots_nasdaq/CAR/CAR_1H_20260921_081926.png
 delete mode 100644 charts/screenshots_nasdaq/CAR/CAR_4H_20260920_074028.png
 create mode 100644 charts/screenshots_nasdaq/CAR/CAR_4H_20260921_081926.png
 delete mode 100644 charts/screenshots_nasdaq/CAR/CAR_Daily_20260920_074028.png
 create mode 100644 charts/screenshots_nasdaq/CAR/CAR_Daily_20260921_081926.png
 delete mode 100644 charts/screenshots_nasdaq/CAR/CAR_Monthly_20260920_074028.png
 create mode 100644 charts/screenshots_nasdaq/CAR/CAR_Monthly_20260921_081926.png
 delete mode 100644 charts/screenshots_nasdaq/CAR/CAR_Weekly_20260920_074028.png
 create mode 100644 charts/screenshots_nasdaq/CAR/CAR_Weekly_20260921_081926.png
 delete mode 100644 charts/screenshots_nasdaq/CLMT/CLMT_1H_20260920_070804.png
 create mode 100644 charts/screenshots_nasdaq/CLMT/CLMT_1H_20260921_074317.png
 delete mode 100644 charts/screenshots_nasdaq/CLMT/CLMT_4H_20260920_070804.png
 create mode 100644 charts/screenshots_nasdaq/CLMT/CLMT_4H_20260921_074317.png
 delete mode 100644 charts/screenshots_nasdaq/CLMT/CLMT_Daily_20260920_070804.png
 create mode 100644 charts/screenshots_nasdaq/CLMT/CLMT_Daily_20260921_074317.png
 delete mode 100644 charts/screenshots_nasdaq/CLMT/CLMT_Monthly_20260920_070804.png
 create mode 100644 charts/screenshots_nasdaq/CLMT/CLMT_Monthly_20260921_074317.png
 delete mode 100644 charts/screenshots_nasdaq/CLMT/CLMT_Weekly_20260920_070804.png
 create mode 100644 charts/screenshots_nasdaq/CLMT/CLMT_Weekly_20260921_074317.png
 delete mode 100644 charts/screenshots_nasdaq/COLL/COLL_1H_20260920_074949.png
 create mode 100644 charts/screenshots_nasdaq/COLL/COLL_1H_20260921_082838.png
 delete mode 100644 charts/screenshots_nasdaq/COLL/COLL_4H_20260920_074949.png
 create mode 100644 charts/screenshots_nasdaq/COLL/COLL_4H_20260921_082838.png
 delete mode 100644 charts/screenshots_nasdaq/COLL/COLL_Daily_20260920_074949.png
 create mode 100644 charts/screenshots_nasdaq/COLL/COLL_Daily_20260921_082838.png
 delete mode 100644 charts/screenshots_nasdaq/COLL/COLL_Monthly_20260920_074949.png
 create mode 100644 charts/screenshots_nasdaq/COLL/COLL_Monthly_20260921_082838.png
 delete mode 100644 charts/screenshots_nasdaq/COLL/COLL_Weekly_20260920_074949.png
 create mode 100644 charts/screenshots_nasdaq/COLL/COLL_Weekly_20260921_082838.png
 delete mode 100644 charts/screenshots_nasdaq/COUR/COUR_1H_20260920_074100.png
 create mode 100644 charts/screenshots_nasdaq/COUR/COUR_1H_20260921_082003.png
 delete mode 100644 charts/screenshots_nasdaq/COUR/COUR_4H_20260920_074100.png
 create mode 100644 charts/screenshots_nasdaq/COUR/COUR_4H_20260921_082003.png
 delete mode 100644 charts/screenshots_nasdaq/COUR/COUR_Daily_20260920_074100.png
 create mode 100644 charts/screenshots_nasdaq/COUR/COUR_Daily_20260921_082003.png
 delete mode 100644 charts/screenshots_nasdaq/COUR/COUR_Monthly_20260920_074100.png
 create mode 100644 charts/screenshots_nasdaq/COUR/COUR_Monthly_20260921_082003.png
 delete mode 100644 charts/screenshots_nasdaq/COUR/COUR_Weekly_20260920_074100.png
 create mode 100644 charts/screenshots_nasdaq/COUR/COUR_Weekly_20260921_082003.png
 delete mode 100644 charts/screenshots_nasdaq/CPNG/CPNG_1H_20260920_073426.png
 create mode 100644 charts/screenshots_nasdaq/CPNG/CPNG_1H_20260921_081205.png
 delete mode 100644 charts/screenshots_nasdaq/CPNG/CPNG_4H_20260920_073426.png
 create mode 100644 charts/screenshots_nasdaq/CPNG/CPNG_4H_20260921_081205.png
 delete mode 100644 charts/screenshots_nasdaq/CPNG/CPNG_Daily_20260920_073426.png
 create mode 100644 charts/screenshots_nasdaq/CPNG/CPNG_Daily_20260921_081205.png
 delete mode 100644 charts/screenshots_nasdaq/CPNG/CPNG_Monthly_20260920_073426.png
 create mode 100644 charts/screenshots_nasdaq/CPNG/CPNG_Monthly_20260921_081205.png
 delete mode 100644 charts/screenshots_nasdaq/CPNG/CPNG_Weekly_20260920_073426.png
 create mode 100644 charts/screenshots_nasdaq/CPNG/CPNG_Weekly_20260921_081205.png
 delete mode 100644 charts/screenshots_nasdaq/CRE/CRE_1H_20260920_071346.png
 create mode 100644 charts/screenshots_nasdaq/CRE/CRE_1H_20260921_074923.png
 delete mode 100644 charts/screenshots_nasdaq/CRE/CRE_4H_20260920_071346.png
 create mode 100644 charts/screenshots_nasdaq/CRE/CRE_4H_20260921_074923.png
 delete mode 100644 charts/screenshots_nasdaq/CRE/CRE_Daily_20260920_071346.png
 create mode 100644 charts/screenshots_nasdaq/CRE/CRE_Daily_20260921_074923.png
 delete mode 100644 charts/screenshots_nasdaq/CRE/CRE_Monthly_20260920_071346.png
 create mode 100644 charts/screenshots_nasdaq/CRE/CRE_Monthly_20260921_074923.png
 delete mode 100644 charts/screenshots_nasdaq/CRE/CRE_Weekly_20260920_071346.png
 create mode 100644 charts/screenshots_nasdaq/CRE/CRE_Weekly_20260921_074923.png
 delete mode 100644 charts/screenshots_nasdaq/CSIQ/CSIQ_1H_20260920_074810.png
 create mode 100644 charts/screenshots_nasdaq/CSIQ/CSIQ_1H_20260921_082648.png
 delete mode 100644 charts/screenshots_nasdaq/CSIQ/CSIQ_4H_20260920_074810.png
 create mode 100644 charts/screenshots_nasdaq/CSIQ/CSIQ_4H_20260921_082648.png
 delete mode 100644 charts/screenshots_nasdaq/CSIQ/CSIQ_Daily_20260920_074810.png
 create mode 100644 charts/screenshots_nasdaq/CSIQ/CSIQ_Daily_20260921_082648.png
 delete mode 100644 charts/screenshots_nasdaq/CSIQ/CSIQ_Monthly_20260920_074810.png
 create mode 100644 charts/screenshots_nasdaq/CSIQ/CSIQ_Monthly_20260921_082648.png
 delete mode 100644 charts/screenshots_nasdaq/CSIQ/CSIQ_Weekly_20260920_074810.png
 create mode 100644 charts/screenshots_nasdaq/CSIQ/CSIQ_Weekly_20260921_082648.png
 delete mode 100644 charts/screenshots_nasdaq/CTRI/CTRI_1H_20260920_072813.png
 create mode 100644 charts/screenshots_nasdaq/CTRI/CTRI_1H_20260921_080557.png
 delete mode 100644 charts/screenshots_nasdaq/CTRI/CTRI_4H_20260920_072813.png
 create mode 100644 charts/screenshots_nasdaq/CTRI/CTRI_4H_20260921_080557.png
 delete mode 100644 charts/screenshots_nasdaq/CTRI/CTRI_Daily_20260920_072813.png
 create mode 100644 charts/screenshots_nasdaq/CTRI/CTRI_Daily_20260921_080557.png
 delete mode 100644 charts/screenshots_nasdaq/CTRI/CTRI_Monthly_20260920_072813.png
 create mode 100644 charts/screenshots_nasdaq/CTRI/CTRI_Monthly_20260921_080557.png
 delete mode 100644 charts/screenshots_nasdaq/CTRI/CTRI_Weekly_20260920_072813.png
 create mode 100644 charts/screenshots_nasdaq/CTRI/CTRI_Weekly_20260921_080557.png
 delete mode 100644 charts/screenshots_nasdaq/CVI/CVI_1H_20260920_070159.png
 create mode 100644 charts/screenshots_nasdaq/CVI/CVI_1H_20260921_073635.png
 delete mode 100644 charts/screenshots_nasdaq/CVI/CVI_4H_20260920_070159.png
 create mode 100644 charts/screenshots_nasdaq/CVI/CVI_4H_20260921_073635.png
 delete mode 100644 charts/screenshots_nasdaq/CVI/CVI_Daily_20260920_070159.png
 create mode 100644 charts/screenshots_nasdaq/CVI/CVI_Daily_20260921_073635.png
 delete mode 100644 charts/screenshots_nasdaq/CVI/CVI_Monthly_20260920_070159.png
 create mode 100644 charts/screenshots_nasdaq/CVI/CVI_Monthly_20260921_073635.png
 delete mode 100644 charts/screenshots_nasdaq/CVI/CVI_Weekly_20260920_070159.png
 create mode 100644 charts/screenshots_nasdaq/CVI/CVI_Weekly_20260921_073635.png
 delete mode 100644 charts/screenshots_nasdaq/CYPH/CYPH_1H_20260920_071527.png
 create mode 100644 charts/screenshots_nasdaq/CYPH/CYPH_1H_20260921_075114.png
 delete mode 100644 charts/screenshots_nasdaq/CYPH/CYPH_4H_20260920_071527.png
 create mode 100644 charts/screenshots_nasdaq/CYPH/CYPH_4H_20260921_075114.png
 delete mode 100644 charts/screenshots_nasdaq/CYPH/CYPH_Daily_20260920_071527.png
 create mode 100644 charts/screenshots_nasdaq/CYPH/CYPH_Daily_20260921_075114.png
 delete mode 100644 charts/screenshots_nasdaq/CYPH/CYPH_Monthly_20260920_071527.png
 create mode 100644 charts/screenshots_nasdaq/CYPH/CYPH_Monthly_20260921_075114.png
 delete mode 100644 charts/screenshots_nasdaq/CYPH/CYPH_Weekly_20260920_071527.png
 create mode 100644 charts/screenshots_nasdaq/CYPH/CYPH_Weekly_20260921_075114.png
 delete mode 100644 charts/screenshots_nasdaq/DELL/DELL_1H_20260920_071742.png
 create mode 100644 charts/screenshots_nasdaq/DELL/DELL_1H_20260921_075341.png
 delete mode 100644 charts/screenshots_nasdaq/DELL/DELL_4H_20260920_071742.png
 create mode 100644 charts/screenshots_nasdaq/DELL/DELL_4H_20260921_075341.png
 delete mode 100644 charts/screenshots_nasdaq/DELL/DELL_Daily_20260920_071742.png
 create mode 100644 charts/screenshots_nasdaq/DELL/DELL_Daily_20260921_075341.png
 delete mode 100644 charts/screenshots_nasdaq/DELL/DELL_Monthly_20260920_071742.png
 create mode 100644 charts/screenshots_nasdaq/DELL/DELL_Monthly_20260921_075341.png
 delete mode 100644 charts/screenshots_nasdaq/DELL/DELL_Weekly_20260920_071742.png
 create mode 100644 charts/screenshots_nasdaq/DELL/DELL_Weekly_20260921_075341.png
 delete mode 100644 charts/screenshots_nasdaq/DHT/DHT_1H_20260920_071055.png
 create mode 100644 charts/screenshots_nasdaq/DHT/DHT_1H_20260921_074543.png
 delete mode 100644 charts/screenshots_nasdaq/DHT/DHT_4H_20260920_071055.png
 create mode 100644 charts/screenshots_nasdaq/DHT/DHT_4H_20260921_074543.png
 delete mode 100644 charts/screenshots_nasdaq/DHT/DHT_Daily_20260920_071055.png
 create mode 100644 charts/screenshots_nasdaq/DHT/DHT_Daily_20260921_074543.png
 delete mode 100644 charts/screenshots_nasdaq/DHT/DHT_Monthly_20260920_071055.png
 create mode 100644 charts/screenshots_nasdaq/DHT/DHT_Monthly_20260921_074543.png
 delete mode 100644 charts/screenshots_nasdaq/DHT/DHT_Weekly_20260920_071055.png
 create mode 100644 charts/screenshots_nasdaq/DHT/DHT_Weekly_20260921_074543.png
 delete mode 100644 charts/screenshots_nasdaq/DINO/DINO_1H_20260920_070519.png
 create mode 100644 charts/screenshots_nasdaq/DINO/DINO_1H_20260921_074014.png
 delete mode 100644 charts/screenshots_nasdaq/DINO/DINO_4H_20260920_070519.png
 create mode 100644 charts/screenshots_nasdaq/DINO/DINO_4H_20260921_074014.png
 delete mode 100644 charts/screenshots_nasdaq/DINO/DINO_Daily_20260920_070519.png
 create mode 100644 charts/screenshots_nasdaq/DINO/DINO_Daily_20260921_074014.png
 delete mode 100644 charts/screenshots_nasdaq/DINO/DINO_Monthly_20260920_070519.png
 create mode 100644 charts/screenshots_nasdaq/DINO/DINO_Monthly_20260921_074014.png
 delete mode 100644 charts/screenshots_nasdaq/DINO/DINO_Weekly_20260920_070519.png
 create mode 100644 charts/screenshots_nasdaq/DINO/DINO_Weekly_20260921_074014.png
 delete mode 100644 charts/screenshots_nasdaq/DOCS/DOCS_1H_20260920_071709.png
 create mode 100644 charts/screenshots_nasdaq/DOCS/DOCS_1H_20260921_075304.png
 delete mode 100644 charts/screenshots_nasdaq/DOCS/DOCS_4H_20260920_071709.png
 create mode 100644 charts/screenshots_nasdaq/DOCS/DOCS_4H_20260921_075304.png
 delete mode 100644 charts/screenshots_nasdaq/DOCS/DOCS_Daily_20260920_071709.png
 create mode 100644 charts/screenshots_nasdaq/DOCS/DOCS_Daily_20260921_075304.png
 delete mode 100644 charts/screenshots_nasdaq/DOCS/DOCS_Monthly_20260920_071709.png
 create mode 100644 charts/screenshots_nasdaq/DOCS/DOCS_Monthly_20260921_075304.png
 delete mode 100644 charts/screenshots_nasdaq/DOCS/DOCS_Weekly_20260920_071709.png
 create mode 100644 charts/screenshots_nasdaq/DOCS/DOCS_Weekly_20260921_075304.png
 delete mode 100644 charts/screenshots_nasdaq/DUOL/DUOL_1H_20260920_071311.png
 create mode 100644 charts/screenshots_nasdaq/DUOL/DUOL_1H_20260921_074846.png
 delete mode 100644 charts/screenshots_nasdaq/DUOL/DUOL_4H_20260920_071311.png
 create mode 100644 charts/screenshots_nasdaq/DUOL/DUOL_4H_20260921_074846.png
 delete mode 100644 charts/screenshots_nasdaq/DUOL/DUOL_Daily_20260920_071311.png
 create mode 100644 charts/screenshots_nasdaq/DUOL/DUOL_Daily_20260921_074846.png
 delete mode 100644 charts/screenshots_nasdaq/DUOL/DUOL_Monthly_20260920_071311.png
 create mode 100644 charts/screenshots_nasdaq/DUOL/DUOL_Monthly_20260921_074846.png
 delete mode 100644 charts/screenshots_nasdaq/DUOL/DUOL_Weekly_20260920_071311.png
 create mode 100644 charts/screenshots_nasdaq/DUOL/DUOL_Weekly_20260921_074846.png
 delete mode 100644 charts/screenshots_nasdaq/ECO/ECO_1H_20260920_070838.png
 create mode 100644 charts/screenshots_nasdaq/ECO/ECO_1H_20260921_074353.png
 delete mode 100644 charts/screenshots_nasdaq/ECO/ECO_4H_20260920_070838.png
 create mode 100644 charts/screenshots_nasdaq/ECO/ECO_4H_20260921_074353.png
 delete mode 100644 charts/screenshots_nasdaq/ECO/ECO_Daily_20260920_070838.png
 create mode 100644 charts/screenshots_nasdaq/ECO/ECO_Daily_20260921_074353.png
 delete mode 100644 charts/screenshots_nasdaq/ECO/ECO_Monthly_20260920_070838.png
 create mode 100644 charts/screenshots_nasdaq/ECO/ECO_Monthly_20260921_074353.png
 delete mode 100644 charts/screenshots_nasdaq/ECO/ECO_Weekly_20260920_070838.png
 create mode 100644 charts/screenshots_nasdaq/ECO/ECO_Weekly_20260921_074353.png
 delete mode 100644 charts/screenshots_nasdaq/ENPH/ENPH_1H_20260920_073500.png
 create mode 100644 charts/screenshots_nasdaq/ENPH/ENPH_1H_20260921_081242.png
 delete mode 100644 charts/screenshots_nasdaq/ENPH/ENPH_4H_20260920_073500.png
 create mode 100644 charts/screenshots_nasdaq/ENPH/ENPH_4H_20260921_081242.png
 delete mode 100644 charts/screenshots_nasdaq/ENPH/ENPH_Daily_20260920_073500.png
 create mode 100644 charts/screenshots_nasdaq/ENPH/ENPH_Daily_20260921_081242.png
 delete mode 100644 charts/screenshots_nasdaq/ENPH/ENPH_Monthly_20260920_073500.png
 create mode 100644 charts/screenshots_nasdaq/ENPH/ENPH_Monthly_20260921_081242.png
 delete mode 100644 charts/screenshots_nasdaq/ENPH/ENPH_Weekly_20260920_073500.png
 create mode 100644 charts/screenshots_nasdaq/ENPH/ENPH_Weekly_20260921_081242.png
 delete mode 100644 charts/screenshots_nasdaq/FEIM/FEIM_1H_20260920_070446.png
 create mode 100644 charts/screenshots_nasdaq/FEIM/FEIM_1H_20260921_073937.png
 delete mode 100644 charts/screenshots_nasdaq/FEIM/FEIM_4H_20260920_070446.png
 create mode 100644 charts/screenshots_nasdaq/FEIM/FEIM_4H_20260921_073937.png
 delete mode 100644 charts/screenshots_nasdaq/FEIM/FEIM_Daily_20260920_070446.png
 create mode 100644 charts/screenshots_nasdaq/FEIM/FEIM_Daily_20260921_073937.png
 delete mode 100644 charts/screenshots_nasdaq/FEIM/FEIM_Monthly_20260920_070446.png
 create mode 100644 charts/screenshots_nasdaq/FEIM/FEIM_Monthly_20260921_073937.png
 delete mode 100644 charts/screenshots_nasdaq/FEIM/FEIM_Weekly_20260920_070446.png
 create mode 100644 charts/screenshots_nasdaq/FEIM/FEIM_Weekly_20260921_073937.png
 delete mode 100644 charts/screenshots_nasdaq/FIG/FIG_1H_20260920_071454.png
 create mode 100644 charts/screenshots_nasdaq/FIG/FIG_1H_20260921_075037.png
 delete mode 100644 charts/screenshots_nasdaq/FIG/FIG_4H_20260920_071454.png
 create mode 100644 charts/screenshots_nasdaq/FIG/FIG_4H_20260921_075037.png
 delete mode 100644 charts/screenshots_nasdaq/FIG/FIG_Daily_20260920_071454.png
 create mode 100644 charts/screenshots_nasdaq/FIG/FIG_Daily_20260921_075037.png
 delete mode 100644 charts/screenshots_nasdaq/FIG/FIG_Monthly_20260920_071454.png
 create mode 100644 charts/screenshots_nasdaq/FIG/FIG_Monthly_20260921_075037.png
 delete mode 100644 charts/screenshots_nasdaq/FIG/FIG_Weekly_20260920_071454.png
 create mode 100644 charts/screenshots_nasdaq/FIG/FIG_Weekly_20260921_075037.png
 delete mode 100644 charts/screenshots_nasdaq/FIGR/FIGR_1H_20260920_071634.png
 create mode 100644 charts/screenshots_nasdaq/FIGR/FIGR_1H_20260921_075227.png
 delete mode 100644 charts/screenshots_nasdaq/FIGR/FIGR_4H_20260920_071634.png
 create mode 100644 charts/screenshots_nasdaq/FIGR/FIGR_4H_20260921_075227.png
 delete mode 100644 charts/screenshots_nasdaq/FIGR/FIGR_Daily_20260920_071634.png
 create mode 100644 charts/screenshots_nasdaq/FIGR/FIGR_Daily_20260921_075227.png
 delete mode 100644 charts/screenshots_nasdaq/FIGR/FIGR_Monthly_20260920_071634.png
 create mode 100644 charts/screenshots_nasdaq/FIGR/FIGR_Monthly_20260921_075227.png
 delete mode 100644 charts/screenshots_nasdaq/FIGR/FIGR_Weekly_20260920_071634.png
 create mode 100644 charts/screenshots_nasdaq/FIGR/FIGR_Weekly_20260921_075227.png
 delete mode 100644 charts/screenshots_nasdaq/FISV/FISV_1H_20260920_075946.png
 create mode 100644 charts/screenshots_nasdaq/FISV/FISV_1H_20260921_084055.png
 delete mode 100644 charts/screenshots_nasdaq/FISV/FISV_4H_20260920_075946.png
 create mode 100644 charts/screenshots_nasdaq/FISV/FISV_4H_20260921_084055.png
 delete mode 100644 charts/screenshots_nasdaq/FISV/FISV_Daily_20260920_075946.png
 create mode 100644 charts/screenshots_nasdaq/FISV/FISV_Daily_20260921_084055.png
 delete mode 100644 charts/screenshots_nasdaq/FISV/FISV_Monthly_20260920_075946.png
 create mode 100644 charts/screenshots_nasdaq/FISV/FISV_Monthly_20260921_084055.png
 delete mode 100644 charts/screenshots_nasdaq/FISV/FISV_Weekly_20260920_075946.png
 create mode 100644 charts/screenshots_nasdaq/FISV/FISV_Weekly_20260921_084055.png
 delete mode 100644 charts/screenshots_nasdaq/FLNC/FLNC_1H_20260920_074844.png
 create mode 100644 charts/screenshots_nasdaq/FLNC/FLNC_1H_20260921_082724.png
 delete mode 100644 charts/screenshots_nasdaq/FLNC/FLNC_4H_20260920_074844.png
 create mode 100644 charts/screenshots_nasdaq/FLNC/FLNC_4H_20260921_082724.png
 delete mode 100644 charts/screenshots_nasdaq/FLNC/FLNC_Daily_20260920_074844.png
 create mode 100644 charts/screenshots_nasdaq/FLNC/FLNC_Daily_20260921_082724.png
 delete mode 100644 charts/screenshots_nasdaq/FLNC/FLNC_Monthly_20260920_074844.png
 create mode 100644 charts/screenshots_nasdaq/FLNC/FLNC_Monthly_20260921_082724.png
 delete mode 100644 charts/screenshots_nasdaq/FLNC/FLNC_Weekly_20260920_074844.png
 create mode 100644 charts/screenshots_nasdaq/FLNC/FLNC_Weekly_20260921_082724.png
 delete mode 100644 charts/screenshots_nasdaq/FLO/FLO_1H_20260920_075553.png
 create mode 100644 charts/screenshots_nasdaq/FLO/FLO_1H_20260921_083637.png
 delete mode 100644 charts/screenshots_nasdaq/FLO/FLO_4H_20260920_075553.png
 create mode 100644 charts/screenshots_nasdaq/FLO/FLO_4H_20260921_083637.png
 delete mode 100644 charts/screenshots_nasdaq/FLO/FLO_Daily_20260920_075553.png
 create mode 100644 charts/screenshots_nasdaq/FLO/FLO_Daily_20260921_083637.png
 delete mode 100644 charts/screenshots_nasdaq/FLO/FLO_Monthly_20260920_075553.png
 create mode 100644 charts/screenshots_nasdaq/FLO/FLO_Monthly_20260921_083637.png
 delete mode 100644 charts/screenshots_nasdaq/FLO/FLO_Weekly_20260920_075553.png
 create mode 100644 charts/screenshots_nasdaq/FLO/FLO_Weekly_20260921_083637.png
 delete mode 100644 charts/screenshots_nasdaq/FMC/FMC_1H_20260920_080054.png
 create mode 100644 charts/screenshots_nasdaq/FMC/FMC_1H_20260921_084132.png
 delete mode 100644 charts/screenshots_nasdaq/FMC/FMC_4H_20260920_080054.png
 create mode 100644 charts/screenshots_nasdaq/FMC/FMC_4H_20260921_084132.png
 delete mode 100644 charts/screenshots_nasdaq/FMC/FMC_Daily_20260920_080054.png
 create mode 100644 charts/screenshots_nasdaq/FMC/FMC_Daily_20260921_084132.png
 delete mode 100644 charts/screenshots_nasdaq/FMC/FMC_Monthly_20260920_080054.png
 create mode 100644 charts/screenshots_nasdaq/FMC/FMC_Monthly_20260921_084132.png
 delete mode 100644 charts/screenshots_nasdaq/FMC/FMC_Weekly_20260920_080054.png
 create mode 100644 charts/screenshots_nasdaq/FMC/FMC_Weekly_20260921_084132.png
 delete mode 100644 charts/screenshots_nasdaq/FOUR/FOUR_1H_20260920_080128.png
 create mode 100644 charts/screenshots_nasdaq/FOUR/FOUR_1H_20260921_084208.png
 delete mode 100644 charts/screenshots_nasdaq/FOUR/FOUR_4H_20260920_080128.png
 create mode 100644 charts/screenshots_nasdaq/FOUR/FOUR_4H_20260921_084208.png
 delete mode 100644 charts/screenshots_nasdaq/FOUR/FOUR_Daily_20260920_080128.png
 create mode 100644 charts/screenshots_nasdaq/FOUR/FOUR_Daily_20260921_084208.png
 delete mode 100644 charts/screenshots_nasdaq/FOUR/FOUR_Monthly_20260920_080128.png
 create mode 100644 charts/screenshots_nasdaq/FOUR/FOUR_Monthly_20260921_084208.png
 delete mode 100644 charts/screenshots_nasdaq/FOUR/FOUR_Weekly_20260920_080128.png
 create mode 100644 charts/screenshots_nasdaq/FOUR/FOUR_Weekly_20260921_084208.png
 delete mode 100644 charts/screenshots_nasdaq/FRMI/FRMI_1H_20260920_073533.png
 create mode 100644 charts/screenshots_nasdaq/FRMI/FRMI_1H_20260921_081319.png
 delete mode 100644 charts/screenshots_nasdaq/FRMI/FRMI_4H_20260920_073533.png
 create mode 100644 charts/screenshots_nasdaq/FRMI/FRMI_4H_20260921_081319.png
 delete mode 100644 charts/screenshots_nasdaq/FRMI/FRMI_Daily_20260920_073533.png
 create mode 100644 charts/screenshots_nasdaq/FRMI/FRMI_Daily_20260921_081319.png
 delete mode 100644 charts/screenshots_nasdaq/FRMI/FRMI_Monthly_20260920_073533.png
 create mode 100644 charts/screenshots_nasdaq/FRMI/FRMI_Monthly_20260921_081319.png
 delete mode 100644 charts/screenshots_nasdaq/FRMI/FRMI_Weekly_20260920_073533.png
 create mode 100644 charts/screenshots_nasdaq/FRMI/FRMI_Weekly_20260921_081319.png
 delete mode 100644 charts/screenshots_nasdaq/FRO/FRO_1H_20260920_070306.png
 create mode 100644 charts/screenshots_nasdaq/FRO/FRO_1H_20260921_073748.png
 delete mode 100644 charts/screenshots_nasdaq/FRO/FRO_4H_20260920_070306.png
 create mode 100644 charts/screenshots_nasdaq/FRO/FRO_4H_20260921_073748.png
 delete mode 100644 charts/screenshots_nasdaq/FRO/FRO_Daily_20260920_070306.png
 create mode 100644 charts/screenshots_nasdaq/FRO/FRO_Daily_20260921_073748.png
 delete mode 100644 charts/screenshots_nasdaq/FRO/FRO_Monthly_20260920_070306.png
 create mode 100644 charts/screenshots_nasdaq/FRO/FRO_Monthly_20260921_073748.png
 delete mode 100644 charts/screenshots_nasdaq/FRO/FRO_Weekly_20260920_070306.png
 create mode 100644 charts/screenshots_nasdaq/FRO/FRO_Weekly_20260921_073748.png
 delete mode 100644 charts/screenshots_nasdaq/GENI/GENI_1H_20260920_072633.png
 create mode 100644 charts/screenshots_nasdaq/GENI/GENI_1H_20260921_080406.png
 delete mode 100644 charts/screenshots_nasdaq/GENI/GENI_4H_20260920_072633.png
 create mode 100644 charts/screenshots_nasdaq/GENI/GENI_4H_20260921_080406.png
 delete mode 100644 charts/screenshots_nasdaq/GENI/GENI_Daily_20260920_072633.png
 create mode 100644 charts/screenshots_nasdaq/GENI/GENI_Daily_20260921_080406.png
 delete mode 100644 charts/screenshots_nasdaq/GENI/GENI_Monthly_20260920_072633.png
 create mode 100644 charts/screenshots_nasdaq/GENI/GENI_Monthly_20260921_080406.png
 delete mode 100644 charts/screenshots_nasdaq/GENI/GENI_Weekly_20260920_072633.png
 create mode 100644 charts/screenshots_nasdaq/GENI/GENI_Weekly_20260921_080406.png
 delete mode 100644 charts/screenshots_nasdaq/GPK/GPK_1H_20260920_075626.png
 create mode 100644 charts/screenshots_nasdaq/GPK/GPK_1H_20260921_083714.png
 delete mode 100644 charts/screenshots_nasdaq/GPK/GPK_4H_20260920_075626.png
 create mode 100644 charts/screenshots_nasdaq/GPK/GPK_4H_20260921_083714.png
 delete mode 100644 charts/screenshots_nasdaq/GPK/GPK_Daily_20260920_075626.png
 create mode 100644 charts/screenshots_nasdaq/GPK/GPK_Daily_20260921_083714.png
 delete mode 100644 charts/screenshots_nasdaq/GPK/GPK_Monthly_20260920_075626.png
 create mode 100644 charts/screenshots_nasdaq/GPK/GPK_Monthly_20260921_083714.png
 delete mode 100644 charts/screenshots_nasdaq/GPK/GPK_Weekly_20260920_075626.png
 create mode 100644 charts/screenshots_nasdaq/GPK/GPK_Weekly_20260921_083714.png
 delete mode 100644 charts/screenshots_nasdaq/GPRO/GPRO_1H_20260920_072027.png
 create mode 100644 charts/screenshots_nasdaq/GPRO/GPRO_1H_20260921_075645.png
 delete mode 100644 charts/screenshots_nasdaq/GPRO/GPRO_4H_20260920_072027.png
 create mode 100644 charts/screenshots_nasdaq/GPRO/GPRO_4H_20260921_075645.png
 delete mode 100644 charts/screenshots_nasdaq/GPRO/GPRO_Daily_20260920_072027.png
 create mode 100644 charts/screenshots_nasdaq/GPRO/GPRO_Daily_20260921_075645.png
 delete mode 100644 charts/screenshots_nasdaq/GPRO/GPRO_Monthly_20260920_072027.png
 create mode 100644 charts/screenshots_nasdaq/GPRO/GPRO_Monthly_20260921_075645.png
 delete mode 100644 charts/screenshots_nasdaq/GPRO/GPRO_Weekly_20260920_072027.png
 create mode 100644 charts/screenshots_nasdaq/GPRO/GPRO_Weekly_20260921_075645.png
 delete mode 100644 charts/screenshots_nasdaq/GRAB/GRAB_1H_20260920_074917.png
 create mode 100644 charts/screenshots_nasdaq/GRAB/GRAB_1H_20260921_082801.png
 delete mode 100644 charts/screenshots_nasdaq/GRAB/GRAB_4H_20260920_074917.png
 create mode 100644 charts/screenshots_nasdaq/GRAB/GRAB_4H_20260921_082801.png
 delete mode 100644 charts/screenshots_nasdaq/GRAB/GRAB_Daily_20260920_074917.png
 create mode 100644 charts/screenshots_nasdaq/GRAB/GRAB_Daily_20260921_082801.png
 delete mode 100644 charts/screenshots_nasdaq/GRAB/GRAB_Monthly_20260920_074917.png
 create mode 100644 charts/screenshots_nasdaq/GRAB/GRAB_Monthly_20260921_082801.png
 delete mode 100644 charts/screenshots_nasdaq/GRAB/GRAB_Weekly_20260920_074917.png
 create mode 100644 charts/screenshots_nasdaq/GRAB/GRAB_Weekly_20260921_082801.png
 delete mode 100644 charts/screenshots_nasdaq/GT/GT_1H_20260920_080201.png
 create mode 100644 charts/screenshots_nasdaq/GT/GT_1H_20260921_084245.png
 delete mode 100644 charts/screenshots_nasdaq/GT/GT_4H_20260920_080201.png
 create mode 100644 charts/screenshots_nasdaq/GT/GT_4H_20260921_084245.png
 delete mode 100644 charts/screenshots_nasdaq/GT/GT_Daily_20260920_080201.png
 create mode 100644 charts/screenshots_nasdaq/GT/GT_Daily_20260921_084245.png
 delete mode 100644 charts/screenshots_nasdaq/GT/GT_Monthly_20260920_080201.png
 create mode 100644 charts/screenshots_nasdaq/GT/GT_Monthly_20260921_084245.png
 delete mode 100644 charts/screenshots_nasdaq/GT/GT_Weekly_20260920_080201.png
 create mode 100644 charts/screenshots_nasdaq/GT/GT_Weekly_20260921_084245.png
 delete mode 100644 charts/screenshots_nasdaq/HIMS/HIMS_1H_20260920_072454.png
 create mode 100644 charts/screenshots_nasdaq/HIMS/HIMS_1H_20260921_080215.png
 delete mode 100644 charts/screenshots_nasdaq/HIMS/HIMS_4H_20260920_072454.png
 create mode 100644 charts/screenshots_nasdaq/HIMS/HIMS_4H_20260921_080215.png
 delete mode 100644 charts/screenshots_nasdaq/HIMS/HIMS_Daily_20260920_072454.png
 create mode 100644 charts/screenshots_nasdaq/HIMS/HIMS_Daily_20260921_080215.png
 delete mode 100644 charts/screenshots_nasdaq/HIMS/HIMS_Monthly_20260920_072454.png
 create mode 100644 charts/screenshots_nasdaq/HIMS/HIMS_Monthly_20260921_080215.png
 delete mode 100644 charts/screenshots_nasdaq/HIMS/HIMS_Weekly_20260920_072454.png
 create mode 100644 charts/screenshots_nasdaq/HIMS/HIMS_Weekly_20260921_080215.png
 delete mode 100644 charts/screenshots_nasdaq/HIVE/HIVE_1H_20260920_072239.png
 create mode 100644 charts/screenshots_nasdaq/HIVE/HIVE_1H_20260921_075948.png
 delete mode 100644 charts/screenshots_nasdaq/HIVE/HIVE_4H_20260920_072239.png
 create mode 100644 charts/screenshots_nasdaq/HIVE/HIVE_4H_20260921_075948.png
 delete mode 100644 charts/screenshots_nasdaq/HIVE/HIVE_Daily_20260920_072239.png
 create mode 100644 charts/screenshots_nasdaq/HIVE/HIVE_Daily_20260921_075948.png
 delete mode 100644 charts/screenshots_nasdaq/HIVE/HIVE_Monthly_20260920_072239.png
 create mode 100644 charts/screenshots_nasdaq/HIVE/HIVE_Monthly_20260921_075948.png
 delete mode 100644 charts/screenshots_nasdaq/HIVE/HIVE_Weekly_20260920_072239.png
 create mode 100644 charts/screenshots_nasdaq/HIVE/HIVE_Weekly_20260921_075948.png
 delete mode 100644 charts/screenshots_nasdaq/HYMC/HYMC_1H_20260920_074133.png
 create mode 100644 charts/screenshots_nasdaq/HYMC/HYMC_1H_20260921_082039.png
 delete mode 100644 charts/screenshots_nasdaq/HYMC/HYMC_4H_20260920_074133.png
 create mode 100644 charts/screenshots_nasdaq/HYMC/HYMC_4H_20260921_082039.png
 delete mode 100644 charts/screenshots_nasdaq/HYMC/HYMC_Daily_20260920_074133.png
 create mode 100644 charts/screenshots_nasdaq/HYMC/HYMC_Daily_20260921_082039.png
 delete mode 100644 charts/screenshots_nasdaq/HYMC/HYMC_Monthly_20260920_074133.png
 create mode 100644 charts/screenshots_nasdaq/HYMC/HYMC_Monthly_20260921_082039.png
 delete mode 100644 charts/screenshots_nasdaq/HYMC/HYMC_Weekly_20260920_074133.png
 create mode 100644 charts/screenshots_nasdaq/HYMC/HYMC_Weekly_20260921_082039.png
 delete mode 100644 charts/screenshots_nasdaq/INSW/INSW_1H_20260920_070340.png
 create mode 100644 charts/screenshots_nasdaq/INSW/INSW_1H_20260921_073824.png
 delete mode 100644 charts/screenshots_nasdaq/INSW/INSW_4H_20260920_070340.png
 create mode 100644 charts/screenshots_nasdaq/INSW/INSW_4H_20260921_073824.png
 delete mode 100644 charts/screenshots_nasdaq/INSW/INSW_Daily_20260920_070340.png
 create mode 100644 charts/screenshots_nasdaq/INSW/INSW_Daily_20260921_073824.png
 delete mode 100644 charts/screenshots_nasdaq/INSW/INSW_Monthly_20260920_070340.png
 create mode 100644 charts/screenshots_nasdaq/INSW/INSW_Monthly_20260921_073824.png
 delete mode 100644 charts/screenshots_nasdaq/INSW/INSW_Weekly_20260920_070340.png
 create mode 100644 charts/screenshots_nasdaq/INSW/INSW_Weekly_20260921_073824.png
 delete mode 100644 charts/screenshots_nasdaq/INTU/INTU_1H_20260920_074736.png
 create mode 100644 charts/screenshots_nasdaq/INTU/INTU_1H_20260921_082611.png
 delete mode 100644 charts/screenshots_nasdaq/INTU/INTU_4H_20260920_074736.png
 create mode 100644 charts/screenshots_nasdaq/INTU/INTU_4H_20260921_082611.png
 delete mode 100644 charts/screenshots_nasdaq/INTU/INTU_Daily_20260920_074736.png
 create mode 100644 charts/screenshots_nasdaq/INTU/INTU_Daily_20260921_082611.png
 delete mode 100644 charts/screenshots_nasdaq/INTU/INTU_Monthly_20260920_074736.png
 create mode 100644 charts/screenshots_nasdaq/INTU/INTU_Monthly_20260921_082611.png
 delete mode 100644 charts/screenshots_nasdaq/INTU/INTU_Weekly_20260920_074736.png
 create mode 100644 charts/screenshots_nasdaq/INTU/INTU_Weekly_20260921_082611.png
 delete mode 100644 charts/screenshots_nasdaq/IOVA/IOVA_1H_20260920_071203.png
 create mode 100644 charts/screenshots_nasdaq/IOVA/IOVA_1H_20260921_074733.png
 delete mode 100644 charts/screenshots_nasdaq/IOVA/IOVA_4H_20260920_071203.png
 create mode 100644 charts/screenshots_nasdaq/IOVA/IOVA_4H_20260921_074733.png
 delete mode 100644 charts/screenshots_nasdaq/IOVA/IOVA_Daily_20260920_071203.png
 create mode 100644 charts/screenshots_nasdaq/IOVA/IOVA_Daily_20260921_074733.png
 delete mode 100644 charts/screenshots_nasdaq/IOVA/IOVA_Monthly_20260920_071203.png
 create mode 100644 charts/screenshots_nasdaq/IOVA/IOVA_Monthly_20260921_074733.png
 delete mode 100644 charts/screenshots_nasdaq/IOVA/IOVA_Weekly_20260920_071203.png
 create mode 100644 charts/screenshots_nasdaq/IOVA/IOVA_Weekly_20260921_074733.png
 delete mode 100644 charts/screenshots_nasdaq/JOBY/JOBY_1H_20260920_075022.png
 create mode 100644 charts/screenshots_nasdaq/JOBY/JOBY_1H_20260921_082915.png
 delete mode 100644 charts/screenshots_nasdaq/JOBY/JOBY_4H_20260920_075022.png
 create mode 100644 charts/screenshots_nasdaq/JOBY/JOBY_4H_20260921_082915.png
 delete mode 100644 charts/screenshots_nasdaq/JOBY/JOBY_Daily_20260920_075022.png
 create mode 100644 charts/screenshots_nasdaq/JOBY/JOBY_Daily_20260921_082915.png
 delete mode 100644 charts/screenshots_nasdaq/JOBY/JOBY_Monthly_20260920_075022.png
 create mode 100644 charts/screenshots_nasdaq/JOBY/JOBY_Monthly_20260921_082915.png
 delete mode 100644 charts/screenshots_nasdaq/JOBY/JOBY_Weekly_20260920_075022.png
 create mode 100644 charts/screenshots_nasdaq/JOBY/JOBY_Weekly_20260921_082915.png
 delete mode 100644 charts/screenshots_nasdaq/KRMN/KRMN_1H_20260920_075658.png
 create mode 100644 charts/screenshots_nasdaq/KRMN/KRMN_1H_20260921_083751.png
 delete mode 100644 charts/screenshots_nasdaq/KRMN/KRMN_4H_20260920_075658.png
 create mode 100644 charts/screenshots_nasdaq/KRMN/KRMN_4H_20260921_083751.png
 delete mode 100644 charts/screenshots_nasdaq/KRMN/KRMN_Daily_20260920_075658.png
 create mode 100644 charts/screenshots_nasdaq/KRMN/KRMN_Daily_20260921_083751.png
 delete mode 100644 charts/screenshots_nasdaq/KRMN/KRMN_Monthly_20260920_075658.png
 create mode 100644 charts/screenshots_nasdaq/KRMN/KRMN_Monthly_20260921_083751.png
 delete mode 100644 charts/screenshots_nasdaq/KRMN/KRMN_Weekly_20260920_075658.png
 create mode 100644 charts/screenshots_nasdaq/KRMN/KRMN_Weekly_20260921_083751.png
 delete mode 100644 charts/screenshots_nasdaq/KVYO/KVYO_1H_20260920_080521.png
 create mode 100644 charts/screenshots_nasdaq/KVYO/KVYO_1H_20260921_084701.png
 delete mode 100644 charts/screenshots_nasdaq/KVYO/KVYO_4H_20260920_080521.png
 create mode 100644 charts/screenshots_nasdaq/KVYO/KVYO_4H_20260921_084701.png
 delete mode 100644 charts/screenshots_nasdaq/KVYO/KVYO_Daily_20260920_080521.png
 create mode 100644 charts/screenshots_nasdaq/KVYO/KVYO_Daily_20260921_084701.png
 delete mode 100644 charts/screenshots_nasdaq/KVYO/KVYO_Monthly_20260920_080521.png
 create mode 100644 charts/screenshots_nasdaq/KVYO/KVYO_Monthly_20260921_084701.png
 delete mode 100644 charts/screenshots_nasdaq/KVYO/KVYO_Weekly_20260920_080521.png
 create mode 100644 charts/screenshots_nasdaq/KVYO/KVYO_Weekly_20260921_084701.png
 delete mode 100644 charts/screenshots_nasdaq/LAC/LAC_1H_20260920_075731.png
 create mode 100644 charts/screenshots_nasdaq/LAC/LAC_1H_20260921_083828.png
 delete mode 100644 charts/screenshots_nasdaq/LAC/LAC_4H_20260920_075731.png
 create mode 100644 charts/screenshots_nasdaq/LAC/LAC_4H_20260921_083828.png
 delete mode 100644 charts/screenshots_nasdaq/LAC/LAC_Daily_20260920_075731.png
 create mode 100644 charts/screenshots_nasdaq/LAC/LAC_Daily_20260921_083828.png
 delete mode 100644 charts/screenshots_nasdaq/LAC/LAC_Monthly_20260920_075731.png
 create mode 100644 charts/screenshots_nasdaq/LAC/LAC_Monthly_20260921_083828.png
 delete mode 100644 charts/screenshots_nasdaq/LAC/LAC_Weekly_20260920_075731.png
 create mode 100644 charts/screenshots_nasdaq/LAC/LAC_Weekly_20260921_083828.png
 delete mode 100644 charts/screenshots_nasdaq/LASR/LASR_1H_20260920_073605.png
 create mode 100644 charts/screenshots_nasdaq/LASR/LASR_1H_20260921_081355.png
 delete mode 100644 charts/screenshots_nasdaq/LASR/LASR_4H_20260920_073605.png
 create mode 100644 charts/screenshots_nasdaq/LASR/LASR_4H_20260921_081355.png
 delete mode 100644 charts/screenshots_nasdaq/LASR/LASR_Daily_20260920_073605.png
 create mode 100644 charts/screenshots_nasdaq/LASR/LASR_Daily_20260921_081355.png
 delete mode 100644 charts/screenshots_nasdaq/LASR/LASR_Monthly_20260920_073605.png
 create mode 100644 charts/screenshots_nasdaq/LASR/LASR_Monthly_20260921_081355.png
 delete mode 100644 charts/screenshots_nasdaq/LASR/LASR_Weekly_20260920_073605.png
 create mode 100644 charts/screenshots_nasdaq/LASR/LASR_Weekly_20260921_081355.png
 delete mode 100644 charts/screenshots_nasdaq/LEGN/LEGN_1H_20260920_075804.png
 create mode 100644 charts/screenshots_nasdaq/LEGN/LEGN_1H_20260921_083904.png
 delete mode 100644 charts/screenshots_nasdaq/LEGN/LEGN_4H_20260920_075804.png
 create mode 100644 charts/screenshots_nasdaq/LEGN/LEGN_4H_20260921_083904.png
 delete mode 100644 charts/screenshots_nasdaq/LEGN/LEGN_Daily_20260920_075804.png
 create mode 100644 charts/screenshots_nasdaq/LEGN/LEGN_Daily_20260921_083904.png
 delete mode 100644 charts/screenshots_nasdaq/LEGN/LEGN_Monthly_20260920_075804.png
 create mode 100644 charts/screenshots_nasdaq/LEGN/LEGN_Monthly_20260921_083904.png
 delete mode 100644 charts/screenshots_nasdaq/LEGN/LEGN_Weekly_20260920_075804.png
 create mode 100644 charts/screenshots_nasdaq/LEGN/LEGN_Weekly_20260921_083904.png
 delete mode 100644 charts/screenshots_nasdaq/LIF/LIF_1H_20260920_080555.png
 create mode 100644 charts/screenshots_nasdaq/LIF/LIF_1H_20260921_084737.png
 delete mode 100644 charts/screenshots_nasdaq/LIF/LIF_4H_20260920_080555.png
 create mode 100644 charts/screenshots_nasdaq/LIF/LIF_4H_20260921_084737.png
 delete mode 100644 charts/screenshots_nasdaq/LIF/LIF_Daily_20260920_080555.png
 create mode 100644 charts/screenshots_nasdaq/LIF/LIF_Daily_20260921_084737.png
 delete mode 100644 charts/screenshots_nasdaq/LIF/LIF_Monthly_20260920_080555.png
 create mode 100644 charts/screenshots_nasdaq/LIF/LIF_Monthly_20260921_084737.png
 delete mode 100644 charts/screenshots_nasdaq/LIF/LIF_Weekly_20260920_080555.png
 create mode 100644 charts/screenshots_nasdaq/LIF/LIF_Weekly_20260921_084737.png
 delete mode 100644 charts/screenshots_nasdaq/LULU/LULU_1H_20260920_080629.png
 create mode 100644 charts/screenshots_nasdaq/LULU/LULU_1H_20260921_084814.png
 delete mode 100644 charts/screenshots_nasdaq/LULU/LULU_4H_20260920_080629.png
 create mode 100644 charts/screenshots_nasdaq/LULU/LULU_4H_20260921_084814.png
 delete mode 100644 charts/screenshots_nasdaq/LULU/LULU_Daily_20260920_080629.png
 create mode 100644 charts/screenshots_nasdaq/LULU/LULU_Daily_20260921_084814.png
 delete mode 100644 charts/screenshots_nasdaq/LULU/LULU_Monthly_20260920_080629.png
 create mode 100644 charts/screenshots_nasdaq/LULU/LULU_Monthly_20260921_084814.png
 delete mode 100644 charts/screenshots_nasdaq/LULU/LULU_Weekly_20260920_080629.png
 create mode 100644 charts/screenshots_nasdaq/LULU/LULU_Weekly_20260921_084814.png
 delete mode 100644 charts/screenshots_nasdaq/LUNR/LUNR_1H_20260920_074206.png
 create mode 100644 charts/screenshots_nasdaq/LUNR/LUNR_1H_20260921_082116.png
 delete mode 100644 charts/screenshots_nasdaq/LUNR/LUNR_4H_20260920_074206.png
 create mode 100644 charts/screenshots_nasdaq/LUNR/LUNR_4H_20260921_082116.png
 delete mode 100644 charts/screenshots_nasdaq/LUNR/LUNR_Daily_20260920_074206.png
 create mode 100644 charts/screenshots_nasdaq/LUNR/LUNR_Daily_20260921_082116.png
 delete mode 100644 charts/screenshots_nasdaq/LUNR/LUNR_Monthly_20260920_074206.png
 create mode 100644 charts/screenshots_nasdaq/LUNR/LUNR_Monthly_20260921_082116.png
 delete mode 100644 charts/screenshots_nasdaq/LUNR/LUNR_Weekly_20260920_074206.png
 create mode 100644 charts/screenshots_nasdaq/LUNR/LUNR_Weekly_20260921_082116.png
 delete mode 100644 charts/screenshots_nasdaq/MMYT/MMYT_1H_20260920_071600.png
 create mode 100644 charts/screenshots_nasdaq/MMYT/MMYT_1H_20260921_075151.png
 delete mode 100644 charts/screenshots_nasdaq/MMYT/MMYT_4H_20260920_071600.png
 create mode 100644 charts/screenshots_nasdaq/MMYT/MMYT_4H_20260921_075151.png
 delete mode 100644 charts/screenshots_nasdaq/MMYT/MMYT_Daily_20260920_071600.png
 create mode 100644 charts/screenshots_nasdaq/MMYT/MMYT_Daily_20260921_075151.png
 delete mode 100644 charts/screenshots_nasdaq/MMYT/MMYT_Monthly_20260920_071600.png
 create mode 100644 charts/screenshots_nasdaq/MMYT/MMYT_Monthly_20260921_075151.png
 delete mode 100644 charts/screenshots_nasdaq/MMYT/MMYT_Weekly_20260920_071600.png
 create mode 100644 charts/screenshots_nasdaq/MMYT/MMYT_Weekly_20260921_075151.png
 delete mode 100644 charts/screenshots_nasdaq/MNDY/MNDY_1H_20260920_072345.png
 create mode 100644 charts/screenshots_nasdaq/MNDY/MNDY_1H_20260921_080102.png
 delete mode 100644 charts/screenshots_nasdaq/MNDY/MNDY_4H_20260920_072345.png
 create mode 100644 charts/screenshots_nasdaq/MNDY/MNDY_4H_20260921_080102.png
 delete mode 100644 charts/screenshots_nasdaq/MNDY/MNDY_Daily_20260920_072345.png
 create mode 100644 charts/screenshots_nasdaq/MNDY/MNDY_Daily_20260921_080102.png
 delete mode 100644 charts/screenshots_nasdaq/MNDY/MNDY_Monthly_20260920_072345.png
 create mode 100644 charts/screenshots_nasdaq/MNDY/MNDY_Monthly_20260921_080102.png
 delete mode 100644 charts/screenshots_nasdaq/MNDY/MNDY_Weekly_20260920_072345.png
 create mode 100644 charts/screenshots_nasdaq/MNDY/MNDY_Weekly_20260921_080102.png
 delete mode 100644 charts/screenshots_nasdaq/MP/MP_1H_20260920_073638.png
 create mode 100644 charts/screenshots_nasdaq/MP/MP_1H_20260921_081432.png
 delete mode 100644 charts/screenshots_nasdaq/MP/MP_4H_20260920_073638.png
 create mode 100644 charts/screenshots_nasdaq/MP/MP_4H_20260921_081432.png
 delete mode 100644 charts/screenshots_nasdaq/MP/MP_Daily_20260920_073638.png
 create mode 100644 charts/screenshots_nasdaq/MP/MP_Daily_20260921_081432.png
 delete mode 100644 charts/screenshots_nasdaq/MP/MP_Monthly_20260920_073638.png
 create mode 100644 charts/screenshots_nasdaq/MP/MP_Monthly_20260921_081432.png
 delete mode 100644 charts/screenshots_nasdaq/MP/MP_Weekly_20260920_073638.png
 create mode 100644 charts/screenshots_nasdaq/MP/MP_Weekly_20260921_081432.png
 delete mode 100644 charts/screenshots_nasdaq/MPC/MPC_1H_20260920_070912.png
 create mode 100644 charts/screenshots_nasdaq/MPC/MPC_1H_20260921_074430.png
 delete mode 100644 charts/screenshots_nasdaq/MPC/MPC_4H_20260920_070912.png
 create mode 100644 charts/screenshots_nasdaq/MPC/MPC_4H_20260921_074430.png
 delete mode 100644 charts/screenshots_nasdaq/MPC/MPC_Daily_20260920_070912.png
 create mode 100644 charts/screenshots_nasdaq/MPC/MPC_Daily_20260921_074430.png
 delete mode 100644 charts/screenshots_nasdaq/MPC/MPC_Monthly_20260920_070912.png
 create mode 100644 charts/screenshots_nasdaq/MPC/MPC_Monthly_20260921_074430.png
 delete mode 100644 charts/screenshots_nasdaq/MPC/MPC_Weekly_20260920_070912.png
 create mode 100644 charts/screenshots_nasdaq/MPC/MPC_Weekly_20260921_074430.png
 delete mode 100644 charts/screenshots_nasdaq/MSTR/MSTR_1H_20260920_072100.png
 create mode 100644 charts/screenshots_nasdaq/MSTR/MSTR_1H_20260921_075722.png
 delete mode 100644 charts/screenshots_nasdaq/MSTR/MSTR_4H_20260920_072100.png
 create mode 100644 charts/screenshots_nasdaq/MSTR/MSTR_4H_20260921_075722.png
 delete mode 100644 charts/screenshots_nasdaq/MSTR/MSTR_Daily_20260920_072100.png
 create mode 100644 charts/screenshots_nasdaq/MSTR/MSTR_Daily_20260921_075722.png
 delete mode 100644 charts/screenshots_nasdaq/MSTR/MSTR_Monthly_20260920_072100.png
 create mode 100644 charts/screenshots_nasdaq/MSTR/MSTR_Monthly_20260921_075722.png
 delete mode 100644 charts/screenshots_nasdaq/MSTR/MSTR_Weekly_20260920_072100.png
 create mode 100644 charts/screenshots_nasdaq/MSTR/MSTR_Weekly_20260921_075722.png
 delete mode 100644 charts/screenshots_nasdaq/MTZ/MTZ_1H_20260920_075055.png
 create mode 100644 charts/screenshots_nasdaq/MTZ/MTZ_1H_20260921_082952.png
 delete mode 100644 charts/screenshots_nasdaq/MTZ/MTZ_4H_20260920_075055.png
 create mode 100644 charts/screenshots_nasdaq/MTZ/MTZ_4H_20260921_082952.png
 delete mode 100644 charts/screenshots_nasdaq/MTZ/MTZ_Daily_20260920_075055.png
 create mode 100644 charts/screenshots_nasdaq/MTZ/MTZ_Daily_20260921_082952.png
 delete mode 100644 charts/screenshots_nasdaq/MTZ/MTZ_Monthly_20260920_075055.png
 create mode 100644 charts/screenshots_nasdaq/MTZ/MTZ_Monthly_20260921_082952.png
 delete mode 100644 charts/screenshots_nasdaq/MTZ/MTZ_Weekly_20260920_075055.png
 create mode 100644 charts/screenshots_nasdaq/MTZ/MTZ_Weekly_20260921_082952.png
 delete mode 100644 charts/screenshots_nasdaq/NAT/NAT_1H_20260920_071420.png
 create mode 100644 charts/screenshots_nasdaq/NAT/NAT_1H_20260921_075000.png
 delete mode 100644 charts/screenshots_nasdaq/NAT/NAT_4H_20260920_071420.png
 create mode 100644 charts/screenshots_nasdaq/NAT/NAT_4H_20260921_075000.png
 delete mode 100644 charts/screenshots_nasdaq/NAT/NAT_Daily_20260920_071420.png
 create mode 100644 charts/screenshots_nasdaq/NAT/NAT_Daily_20260921_075000.png
 delete mode 100644 charts/screenshots_nasdaq/NAT/NAT_Monthly_20260920_071420.png
 create mode 100644 charts/screenshots_nasdaq/NAT/NAT_Monthly_20260921_075000.png
 delete mode 100644 charts/screenshots_nasdaq/NAT/NAT_Weekly_20260920_071420.png
 create mode 100644 charts/screenshots_nasdaq/NAT/NAT_Weekly_20260921_075000.png
 delete mode 100644 charts/screenshots_nasdaq/NEO/NEO_1H_20260920_070625.png
 create mode 100644 charts/screenshots_nasdaq/NEO/NEO_1H_20260921_074127.png
 delete mode 100644 charts/screenshots_nasdaq/NEO/NEO_4H_20260920_070625.png
 create mode 100644 charts/screenshots_nasdaq/NEO/NEO_4H_20260921_074127.png
 delete mode 100644 charts/screenshots_nasdaq/NEO/NEO_Daily_20260920_070625.png
 create mode 100644 charts/screenshots_nasdaq/NEO/NEO_Daily_20260921_074127.png
 delete mode 100644 charts/screenshots_nasdaq/NEO/NEO_Monthly_20260920_070625.png
 create mode 100644 charts/screenshots_nasdaq/NEO/NEO_Monthly_20260921_074127.png
 delete mode 100644 charts/screenshots_nasdaq/NEO/NEO_Weekly_20260920_070625.png
 create mode 100644 charts/screenshots_nasdaq/NEO/NEO_Weekly_20260921_074127.png
 delete mode 100644 charts/screenshots_nasdaq/NIO/NIO_1H_20260920_073711.png
 create mode 100644 charts/screenshots_nasdaq/NIO/NIO_1H_20260921_081508.png
 delete mode 100644 charts/screenshots_nasdaq/NIO/NIO_4H_20260920_073711.png
 create mode 100644 charts/screenshots_nasdaq/NIO/NIO_4H_20260921_081508.png
 delete mode 100644 charts/screenshots_nasdaq/NIO/NIO_Daily_20260920_073711.png
 create mode 100644 charts/screenshots_nasdaq/NIO/NIO_Daily_20260921_081508.png
 delete mode 100644 charts/screenshots_nasdaq/NIO/NIO_Monthly_20260920_073711.png
 create mode 100644 charts/screenshots_nasdaq/NIO/NIO_Monthly_20260921_081508.png
 delete mode 100644 charts/screenshots_nasdaq/NIO/NIO_Weekly_20260920_073711.png
 create mode 100644 charts/screenshots_nasdaq/NIO/NIO_Weekly_20260921_081508.png
 delete mode 100644 charts/screenshots_nasdaq/NKE/NKE_1H_20260920_072847.png
 create mode 100644 charts/screenshots_nasdaq/NKE/NKE_1H_20260921_080634.png
 delete mode 100644 charts/screenshots_nasdaq/NKE/NKE_4H_20260920_072847.png
 create mode 100644 charts/screenshots_nasdaq/NKE/NKE_4H_20260921_080634.png
 delete mode 100644 charts/screenshots_nasdaq/NKE/NKE_Daily_20260920_072847.png
 create mode 100644 charts/screenshots_nasdaq/NKE/NKE_Daily_20260921_080634.png
 delete mode 100644 charts/screenshots_nasdaq/NKE/NKE_Monthly_20260920_072847.png
 create mode 100644 charts/screenshots_nasdaq/NKE/NKE_Monthly_20260921_080634.png
 delete mode 100644 charts/screenshots_nasdaq/NKE/NKE_Weekly_20260920_072847.png
 create mode 100644 charts/screenshots_nasdaq/NKE/NKE_Weekly_20260921_080634.png
 delete mode 100644 charts/screenshots_nasdaq/NNE/NNE_1H_20260920_074239.png
 create mode 100644 charts/screenshots_nasdaq/NNE/NNE_1H_20260921_082153.png
 delete mode 100644 charts/screenshots_nasdaq/NNE/NNE_4H_20260920_074239.png
 create mode 100644 charts/screenshots_nasdaq/NNE/NNE_4H_20260921_082153.png
 delete mode 100644 charts/screenshots_nasdaq/NNE/NNE_Daily_20260920_074239.png
 create mode 100644 charts/screenshots_nasdaq/NNE/NNE_Daily_20260921_082153.png
 delete mode 100644 charts/screenshots_nasdaq/NNE/NNE_Monthly_20260920_074239.png
 create mode 100644 charts/screenshots_nasdaq/NNE/NNE_Monthly_20260921_082153.png
 delete mode 100644 charts/screenshots_nasdaq/NNE/NNE_Weekly_20260920_074239.png
 create mode 100644 charts/screenshots_nasdaq/NNE/NNE_Weekly_20260921_082153.png
 delete mode 100644 charts/screenshots_nasdaq/ODD/ODD_1H_20260920_072527.png
 create mode 100644 charts/screenshots_nasdaq/ODD/ODD_1H_20260921_080252.png
 delete mode 100644 charts/screenshots_nasdaq/ODD/ODD_4H_20260920_072527.png
 create mode 100644 charts/screenshots_nasdaq/ODD/ODD_4H_20260921_080252.png
 delete mode 100644 charts/screenshots_nasdaq/ODD/ODD_Daily_20260920_072527.png
 create mode 100644 charts/screenshots_nasdaq/ODD/ODD_Daily_20260921_080252.png
 delete mode 100644 charts/screenshots_nasdaq/ODD/ODD_Monthly_20260920_072527.png
 create mode 100644 charts/screenshots_nasdaq/ODD/ODD_Monthly_20260921_080252.png
 delete mode 100644 charts/screenshots_nasdaq/ODD/ODD_Weekly_20260920_072527.png
 create mode 100644 charts/screenshots_nasdaq/ODD/ODD_Weekly_20260921_080252.png
 delete mode 100644 charts/screenshots_nasdaq/OKLO/OKLO_1H_20260920_074312.png
 create mode 100644 charts/screenshots_nasdaq/OKLO/OKLO_1H_20260921_082230.png
 delete mode 100644 charts/screenshots_nasdaq/OKLO/OKLO_4H_20260920_074312.png
 create mode 100644 charts/screenshots_nasdaq/OKLO/OKLO_4H_20260921_082230.png
 delete mode 100644 charts/screenshots_nasdaq/OKLO/OKLO_Daily_20260920_074312.png
 create mode 100644 charts/screenshots_nasdaq/OKLO/OKLO_Daily_20260921_082230.png
 delete mode 100644 charts/screenshots_nasdaq/OKLO/OKLO_Monthly_20260920_074312.png
 create mode 100644 charts/screenshots_nasdaq/OKLO/OKLO_Monthly_20260921_082230.png
 delete mode 100644 charts/screenshots_nasdaq/OKLO/OKLO_Weekly_20260920_074312.png
 create mode 100644 charts/screenshots_nasdaq/OKLO/OKLO_Weekly_20260921_082230.png
 delete mode 100644 charts/screenshots_nasdaq/PATK/PATK_1H_20260920_075127.png
 create mode 100644 charts/screenshots_nasdaq/PATK/PATK_1H_20260921_083029.png
 delete mode 100644 charts/screenshots_nasdaq/PATK/PATK_4H_20260920_075127.png
 create mode 100644 charts/screenshots_nasdaq/PATK/PATK_4H_20260921_083029.png
 delete mode 100644 charts/screenshots_nasdaq/PATK/PATK_Daily_20260920_075127.png
 create mode 100644 charts/screenshots_nasdaq/PATK/PATK_Daily_20260921_083029.png
 delete mode 100644 charts/screenshots_nasdaq/PATK/PATK_Monthly_20260920_075127.png
 create mode 100644 charts/screenshots_nasdaq/PATK/PATK_Monthly_20260921_083029.png
 delete mode 100644 charts/screenshots_nasdaq/PATK/PATK_Weekly_20260920_075127.png
 create mode 100644 charts/screenshots_nasdaq/PATK/PATK_Weekly_20260921_083029.png
 delete mode 100644 charts/screenshots_nasdaq/PFSI/PFSI_1H_20260920_075201.png
 create mode 100644 charts/screenshots_nasdaq/PFSI/PFSI_1H_20260921_083106.png
 delete mode 100644 charts/screenshots_nasdaq/PFSI/PFSI_4H_20260920_075201.png
 create mode 100644 charts/screenshots_nasdaq/PFSI/PFSI_4H_20260921_083106.png
 delete mode 100644 charts/screenshots_nasdaq/PFSI/PFSI_Daily_20260920_075201.png
 create mode 100644 charts/screenshots_nasdaq/PFSI/PFSI_Daily_20260921_083106.png
 delete mode 100644 charts/screenshots_nasdaq/PFSI/PFSI_Monthly_20260920_075201.png
 create mode 100644 charts/screenshots_nasdaq/PFSI/PFSI_Monthly_20260921_083106.png
 delete mode 100644 charts/screenshots_nasdaq/PFSI/PFSI_Weekly_20260920_075201.png
 create mode 100644 charts/screenshots_nasdaq/PFSI/PFSI_Weekly_20260921_083106.png
 delete mode 100644 charts/screenshots_nasdaq/PGY/PGY_1H_20260920_071237.png
 create mode 100644 charts/screenshots_nasdaq/PGY/PGY_1H_20260921_074809.png
 delete mode 100644 charts/screenshots_nasdaq/PGY/PGY_4H_20260920_071237.png
 create mode 100644 charts/screenshots_nasdaq/PGY/PGY_4H_20260921_074809.png
 delete mode 100644 charts/screenshots_nasdaq/PGY/PGY_Daily_20260920_071237.png
 create mode 100644 charts/screenshots_nasdaq/PGY/PGY_Daily_20260921_074809.png
 delete mode 100644 charts/screenshots_nasdaq/PGY/PGY_Monthly_20260920_071237.png
 create mode 100644 charts/screenshots_nasdaq/PGY/PGY_Monthly_20260921_074809.png
 delete mode 100644 charts/screenshots_nasdaq/PGY/PGY_Weekly_20260920_071237.png
 create mode 100644 charts/screenshots_nasdaq/PGY/PGY_Weekly_20260921_074809.png
 delete mode 100644 charts/screenshots_nasdaq/PL/PL_1H_20260920_073244.png
 create mode 100644 charts/screenshots_nasdaq/PL/PL_1H_20260921_080938.png
 delete mode 100644 charts/screenshots_nasdaq/PL/PL_4H_20260920_073244.png
 create mode 100644 charts/screenshots_nasdaq/PL/PL_4H_20260921_080938.png
 delete mode 100644 charts/screenshots_nasdaq/PL/PL_Daily_20260920_073244.png
 create mode 100644 charts/screenshots_nasdaq/PL/PL_Daily_20260921_080938.png
 delete mode 100644 charts/screenshots_nasdaq/PL/PL_Monthly_20260920_073244.png
 create mode 100644 charts/screenshots_nasdaq/PL/PL_Monthly_20260921_080938.png
 delete mode 100644 charts/screenshots_nasdaq/PL/PL_Weekly_20260920_073244.png
 create mode 100644 charts/screenshots_nasdaq/PL/PL_Weekly_20260921_080938.png
 delete mode 100644 charts/screenshots_nasdaq/PLAY/PLAY_1H_20260920_080234.png
 create mode 100644 charts/screenshots_nasdaq/PLAY/PLAY_1H_20260921_084321.png
 delete mode 100644 charts/screenshots_nasdaq/PLAY/PLAY_4H_20260920_080234.png
 create mode 100644 charts/screenshots_nasdaq/PLAY/PLAY_4H_20260921_084321.png
 delete mode 100644 charts/screenshots_nasdaq/PLAY/PLAY_Daily_20260920_080234.png
 create mode 100644 charts/screenshots_nasdaq/PLAY/PLAY_Daily_20260921_084321.png
 delete mode 100644 charts/screenshots_nasdaq/PLAY/PLAY_Monthly_20260920_080234.png
 create mode 100644 charts/screenshots_nasdaq/PLAY/PLAY_Monthly_20260921_084321.png
 delete mode 100644 charts/screenshots_nasdaq/PLAY/PLAY_Weekly_20260920_080234.png
 create mode 100644 charts/screenshots_nasdaq/PLAY/PLAY_Weekly_20260921_084321.png
 delete mode 100644 charts/screenshots_nasdaq/PODD/PODD_1H_20260920_074345.png
 create mode 100644 charts/screenshots_nasdaq/PODD/PODD_1H_20260921_082307.png
 delete mode 100644 charts/screenshots_nasdaq/PODD/PODD_4H_20260920_074345.png
 create mode 100644 charts/screenshots_nasdaq/PODD/PODD_4H_20260921_082307.png
 delete mode 100644 charts/screenshots_nasdaq/PODD/PODD_Daily_20260920_074345.png
 create mode 100644 charts/screenshots_nasdaq/PODD/PODD_Daily_20260921_082307.png
 delete mode 100644 charts/screenshots_nasdaq/PODD/PODD_Monthly_20260920_074345.png
 create mode 100644 charts/screenshots_nasdaq/PODD/PODD_Monthly_20260921_082307.png
 delete mode 100644 charts/screenshots_nasdaq/PODD/PODD_Weekly_20260920_074345.png
 create mode 100644 charts/screenshots_nasdaq/PODD/PODD_Weekly_20260921_082307.png
 delete mode 100644 charts/screenshots_nasdaq/PONY/PONY_1H_20260920_073318.png
 create mode 100644 charts/screenshots_nasdaq/PONY/PONY_1H_20260921_081015.png
 delete mode 100644 charts/screenshots_nasdaq/PONY/PONY_4H_20260920_073318.png
 create mode 100644 charts/screenshots_nasdaq/PONY/PONY_4H_20260921_081015.png
 delete mode 100644 charts/screenshots_nasdaq/PONY/PONY_Daily_20260920_073318.png
 create mode 100644 charts/screenshots_nasdaq/PONY/PONY_Daily_20260921_081015.png
 delete mode 100644 charts/screenshots_nasdaq/PONY/PONY_Monthly_20260920_073318.png
 create mode 100644 charts/screenshots_nasdaq/PONY/PONY_Monthly_20260921_081015.png
 delete mode 100644 charts/screenshots_nasdaq/PONY/PONY_Weekly_20260920_073318.png
 create mode 100644 charts/screenshots_nasdaq/PONY/PONY_Weekly_20260921_081015.png
 delete mode 100644 charts/screenshots_nasdaq/PURR/PURR_1H_20260920_072312.png
 create mode 100644 charts/screenshots_nasdaq/PURR/PURR_1H_20260921_080025.png
 delete mode 100644 charts/screenshots_nasdaq/PURR/PURR_4H_20260920_072312.png
 create mode 100644 charts/screenshots_nasdaq/PURR/PURR_4H_20260921_080025.png
 delete mode 100644 charts/screenshots_nasdaq/PURR/PURR_Daily_20260920_072312.png
 create mode 100644 charts/screenshots_nasdaq/PURR/PURR_Daily_20260921_080025.png
 delete mode 100644 charts/screenshots_nasdaq/PURR/PURR_Monthly_20260920_072312.png
 create mode 100644 charts/screenshots_nasdaq/PURR/PURR_Monthly_20260921_080025.png
 delete mode 100644 charts/screenshots_nasdaq/PURR/PURR_Weekly_20260920_072312.png
 create mode 100644 charts/screenshots_nasdaq/PURR/PURR_Weekly_20260921_080025.png
 delete mode 100644 charts/screenshots_nasdaq/PZZA/PZZA_1H_20260920_075235.png
 create mode 100644 charts/screenshots_nasdaq/PZZA/PZZA_1H_20260921_083143.png
 delete mode 100644 charts/screenshots_nasdaq/PZZA/PZZA_4H_20260920_075235.png
 create mode 100644 charts/screenshots_nasdaq/PZZA/PZZA_4H_20260921_083143.png
 delete mode 100644 charts/screenshots_nasdaq/PZZA/PZZA_Daily_20260920_075235.png
 create mode 100644 charts/screenshots_nasdaq/PZZA/PZZA_Daily_20260921_083143.png
 delete mode 100644 charts/screenshots_nasdaq/PZZA/PZZA_Monthly_20260920_075235.png
 create mode 100644 charts/screenshots_nasdaq/PZZA/PZZA_Monthly_20260921_083143.png
 delete mode 100644 charts/screenshots_nasdaq/PZZA/PZZA_Weekly_20260920_075235.png
 create mode 100644 charts/screenshots_nasdaq/PZZA/PZZA_Weekly_20260921_083143.png
 delete mode 100644 charts/screenshots_nasdaq/QFIN/QFIN_1H_20260920_080702.png
 create mode 100644 charts/screenshots_nasdaq/QFIN/QFIN_1H_20260921_084851.png
 delete mode 100644 charts/screenshots_nasdaq/QFIN/QFIN_4H_20260920_080702.png
 create mode 100644 charts/screenshots_nasdaq/QFIN/QFIN_4H_20260921_084851.png
 delete mode 100644 charts/screenshots_nasdaq/QFIN/QFIN_Daily_20260920_080702.png
 create mode 100644 charts/screenshots_nasdaq/QFIN/QFIN_Daily_20260921_084851.png
 delete mode 100644 charts/screenshots_nasdaq/QFIN/QFIN_Monthly_20260920_080702.png
 create mode 100644 charts/screenshots_nasdaq/QFIN/QFIN_Monthly_20260921_084851.png
 delete mode 100644 charts/screenshots_nasdaq/QFIN/QFIN_Weekly_20260920_080702.png
 create mode 100644 charts/screenshots_nasdaq/QFIN/QFIN_Weekly_20260921_084851.png
 delete mode 100644 charts/screenshots_nasdaq/RARE/RARE_1H_20260920_075308.png
 create mode 100644 charts/screenshots_nasdaq/RARE/RARE_1H_20260921_083219.png
 delete mode 100644 charts/screenshots_nasdaq/RARE/RARE_4H_20260920_075308.png
 create mode 100644 charts/screenshots_nasdaq/RARE/RARE_4H_20260921_083219.png
 delete mode 100644 charts/screenshots_nasdaq/RARE/RARE_Daily_20260920_075308.png
 create mode 100644 charts/screenshots_nasdaq/RARE/RARE_Daily_20260921_083219.png
 delete mode 100644 charts/screenshots_nasdaq/RARE/RARE_Monthly_20260920_075308.png
 create mode 100644 charts/screenshots_nasdaq/RARE/RARE_Monthly_20260921_083219.png
 delete mode 100644 charts/screenshots_nasdaq/RARE/RARE_Weekly_20260920_075308.png
 create mode 100644 charts/screenshots_nasdaq/RARE/RARE_Weekly_20260921_083219.png
 delete mode 100644 charts/screenshots_nasdaq/RBLX/RBLX_1H_20260920_071954.png
 create mode 100644 charts/screenshots_nasdaq/RBLX/RBLX_1H_20260921_075608.png
 delete mode 100644 charts/screenshots_nasdaq/RBLX/RBLX_4H_20260920_071954.png
 create mode 100644 charts/screenshots_nasdaq/RBLX/RBLX_4H_20260921_075608.png
 delete mode 100644 charts/screenshots_nasdaq/RBLX/RBLX_Daily_20260920_071954.png
 create mode 100644 charts/screenshots_nasdaq/RBLX/RBLX_Daily_20260921_075608.png
 delete mode 100644 charts/screenshots_nasdaq/RBLX/RBLX_Monthly_20260920_071954.png
 create mode 100644 charts/screenshots_nasdaq/RBLX/RBLX_Monthly_20260921_075608.png
 delete mode 100644 charts/screenshots_nasdaq/RBLX/RBLX_Weekly_20260920_071954.png
 create mode 100644 charts/screenshots_nasdaq/RBLX/RBLX_Weekly_20260921_075608.png
 delete mode 100644 charts/screenshots_nasdaq/RUN/RUN_1H_20260920_074418.png
 create mode 100644 charts/screenshots_nasdaq/RUN/RUN_1H_20260921_082344.png
 delete mode 100644 charts/screenshots_nasdaq/RUN/RUN_4H_20260920_074418.png
 create mode 100644 charts/screenshots_nasdaq/RUN/RUN_4H_20260921_082344.png
 delete mode 100644 charts/screenshots_nasdaq/RUN/RUN_Daily_20260920_074418.png
 create mode 100644 charts/screenshots_nasdaq/RUN/RUN_Daily_20260921_082344.png
 delete mode 100644 charts/screenshots_nasdaq/RUN/RUN_Monthly_20260920_074418.png
 create mode 100644 charts/screenshots_nasdaq/RUN/RUN_Monthly_20260921_082344.png
 delete mode 100644 charts/screenshots_nasdaq/RUN/RUN_Weekly_20260920_074418.png
 create mode 100644 charts/screenshots_nasdaq/RUN/RUN_Weekly_20260921_082344.png
 delete mode 100644 charts/screenshots_nasdaq/SBET/SBET_1H_20260920_070552.png
 create mode 100644 charts/screenshots_nasdaq/SBET/SBET_1H_20260921_074050.png
 delete mode 100644 charts/screenshots_nasdaq/SBET/SBET_4H_20260920_070552.png
 create mode 100644 charts/screenshots_nasdaq/SBET/SBET_4H_20260921_074050.png
 delete mode 100644 charts/screenshots_nasdaq/SBET/SBET_Daily_20260920_070552.png
 create mode 100644 charts/screenshots_nasdaq/SBET/SBET_Daily_20260921_074050.png
 delete mode 100644 charts/screenshots_nasdaq/SBET/SBET_Monthly_20260920_070552.png
 create mode 100644 charts/screenshots_nasdaq/SBET/SBET_Monthly_20260921_074050.png
 delete mode 100644 charts/screenshots_nasdaq/SBET/SBET_Weekly_20260920_070552.png
 create mode 100644 charts/screenshots_nasdaq/SBET/SBET_Weekly_20260921_074050.png
 delete mode 100644 charts/screenshots_nasdaq/SMTC/SMTC_1H_20260920_071814.png
 create mode 100644 charts/screenshots_nasdaq/SMTC/SMTC_1H_20260921_075417.png
 delete mode 100644 charts/screenshots_nasdaq/SMTC/SMTC_4H_20260920_071814.png
 create mode 100644 charts/screenshots_nasdaq/SMTC/SMTC_4H_20260921_075417.png
 delete mode 100644 charts/screenshots_nasdaq/SMTC/SMTC_Daily_20260920_071814.png
 create mode 100644 charts/screenshots_nasdaq/SMTC/SMTC_Daily_20260921_075417.png
 delete mode 100644 charts/screenshots_nasdaq/SMTC/SMTC_Monthly_20260920_071814.png
 create mode 100644 charts/screenshots_nasdaq/SMTC/SMTC_Monthly_20260921_075417.png
 delete mode 100644 charts/screenshots_nasdaq/SMTC/SMTC_Weekly_20260920_071814.png
 create mode 100644 charts/screenshots_nasdaq/SMTC/SMTC_Weekly_20260921_075417.png
 delete mode 100644 charts/screenshots_nasdaq/SOC/SOC_1H_20260920_073210.png
 create mode 100644 charts/screenshots_nasdaq/SOC/SOC_1H_20260921_080901.png
 delete mode 100644 charts/screenshots_nasdaq/SOC/SOC_4H_20260920_073210.png
 create mode 100644 charts/screenshots_nasdaq/SOC/SOC_4H_20260921_080901.png
 delete mode 100644 charts/screenshots_nasdaq/SOC/SOC_Daily_20260920_073210.png
 create mode 100644 charts/screenshots_nasdaq/SOC/SOC_Daily_20260921_080901.png
 delete mode 100644 charts/screenshots_nasdaq/SOC/SOC_Monthly_20260920_073210.png
 create mode 100644 charts/screenshots_nasdaq/SOC/SOC_Monthly_20260921_080901.png
 delete mode 100644 charts/screenshots_nasdaq/SOC/SOC_Weekly_20260920_073210.png
 create mode 100644 charts/screenshots_nasdaq/SOC/SOC_Weekly_20260921_080901.png
 delete mode 100644 charts/screenshots_nasdaq/TE/TE_1H_20260920_075341.png
 create mode 100644 charts/screenshots_nasdaq/TE/TE_1H_20260921_083256.png
 delete mode 100644 charts/screenshots_nasdaq/TE/TE_4H_20260920_075341.png
 create mode 100644 charts/screenshots_nasdaq/TE/TE_4H_20260921_083256.png
 delete mode 100644 charts/screenshots_nasdaq/TE/TE_Daily_20260920_075341.png
 create mode 100644 charts/screenshots_nasdaq/TE/TE_Daily_20260921_083256.png
 delete mode 100644 charts/screenshots_nasdaq/TE/TE_Monthly_20260920_075341.png
 create mode 100644 charts/screenshots_nasdaq/TE/TE_Monthly_20260921_083256.png
 delete mode 100644 charts/screenshots_nasdaq/TE/TE_Weekly_20260920_075341.png
 create mode 100644 charts/screenshots_nasdaq/TE/TE_Weekly_20260921_083256.png
 delete mode 100644 charts/screenshots_nasdaq/TH/TH_1H_20260920_071847.png
 create mode 100644 charts/screenshots_nasdaq/TH/TH_1H_20260921_075454.png
 delete mode 100644 charts/screenshots_nasdaq/TH/TH_4H_20260920_071847.png
 create mode 100644 charts/screenshots_nasdaq/TH/TH_4H_20260921_075454.png
 delete mode 100644 charts/screenshots_nasdaq/TH/TH_Daily_20260920_071847.png
 create mode 100644 charts/screenshots_nasdaq/TH/TH_Daily_20260921_075454.png
 delete mode 100644 charts/screenshots_nasdaq/TH/TH_Monthly_20260920_071847.png
 create mode 100644 charts/screenshots_nasdaq/TH/TH_Monthly_20260921_075454.png
 delete mode 100644 charts/screenshots_nasdaq/TH/TH_Weekly_20260920_071847.png
 create mode 100644 charts/screenshots_nasdaq/TH/TH_Weekly_20260921_075454.png
 delete mode 100644 charts/screenshots_nasdaq/TME/TME_1H_20260920_073744.png
 create mode 100644 charts/screenshots_nasdaq/TME/TME_1H_20260921_081545.png
 delete mode 100644 charts/screenshots_nasdaq/TME/TME_4H_20260920_073744.png
 create mode 100644 charts/screenshots_nasdaq/TME/TME_4H_20260921_081545.png
 delete mode 100644 charts/screenshots_nasdaq/TME/TME_Daily_20260920_073744.png
 create mode 100644 charts/screenshots_nasdaq/TME/TME_Daily_20260921_081545.png
 delete mode 100644 charts/screenshots_nasdaq/TME/TME_Monthly_20260920_073744.png
 create mode 100644 charts/screenshots_nasdaq/TME/TME_Monthly_20260921_081545.png
 delete mode 100644 charts/screenshots_nasdaq/TME/TME_Weekly_20260920_073744.png
 create mode 100644 charts/screenshots_nasdaq/TME/TME_Weekly_20260921_081545.png
 delete mode 100644 charts/screenshots_nasdaq/TRIP/TRIP_1H_20260920_072921.png
 create mode 100644 charts/screenshots_nasdaq/TRIP/TRIP_1H_20260921_080711.png
 delete mode 100644 charts/screenshots_nasdaq/TRIP/TRIP_4H_20260920_072921.png
 create mode 100644 charts/screenshots_nasdaq/TRIP/TRIP_4H_20260921_080711.png
 delete mode 100644 charts/screenshots_nasdaq/TRIP/TRIP_Daily_20260920_072921.png
 create mode 100644 charts/screenshots_nasdaq/TRIP/TRIP_Daily_20260921_080711.png
 delete mode 100644 charts/screenshots_nasdaq/TRIP/TRIP_Monthly_20260920_072921.png
 create mode 100644 charts/screenshots_nasdaq/TRIP/TRIP_Monthly_20260921_080711.png
 delete mode 100644 charts/screenshots_nasdaq/TRIP/TRIP_Weekly_20260920_072921.png
 create mode 100644 charts/screenshots_nasdaq/TRIP/TRIP_Weekly_20260921_080711.png
 delete mode 100644 charts/screenshots_nasdaq/TRMD/TRMD_1H_20260920_072133.png
 create mode 100644 charts/screenshots_nasdaq/TRMD/TRMD_1H_20260921_075835.png
 delete mode 100644 charts/screenshots_nasdaq/TRMD/TRMD_4H_20260920_072133.png
 create mode 100644 charts/screenshots_nasdaq/TRMD/TRMD_4H_20260921_075835.png
 delete mode 100644 charts/screenshots_nasdaq/TRMD/TRMD_Daily_20260920_072133.png
 create mode 100644 charts/screenshots_nasdaq/TRMD/TRMD_Daily_20260921_075835.png
 delete mode 100644 charts/screenshots_nasdaq/TRMD/TRMD_Monthly_20260920_072133.png
 create mode 100644 charts/screenshots_nasdaq/TRMD/TRMD_Monthly_20260921_075835.png
 delete mode 100644 charts/screenshots_nasdaq/TRMD/TRMD_Weekly_20260920_072133.png
 create mode 100644 charts/screenshots_nasdaq/TRMD/TRMD_Weekly_20260921_075835.png
 delete mode 100644 charts/screenshots_nasdaq/TTAN/TTAN_1H_20260920_072600.png
 create mode 100644 charts/screenshots_nasdaq/TTAN/TTAN_1H_20260921_080329.png
 delete mode 100644 charts/screenshots_nasdaq/TTAN/TTAN_4H_20260920_072600.png
 create mode 100644 charts/screenshots_nasdaq/TTAN/TTAN_4H_20260921_080329.png
 delete mode 100644 charts/screenshots_nasdaq/TTAN/TTAN_Daily_20260920_072600.png
 create mode 100644 charts/screenshots_nasdaq/TTAN/TTAN_Daily_20260921_080329.png
 delete mode 100644 charts/screenshots_nasdaq/TTAN/TTAN_Monthly_20260920_072600.png
 create mode 100644 charts/screenshots_nasdaq/TTAN/TTAN_Monthly_20260921_080329.png
 delete mode 100644 charts/screenshots_nasdaq/TTAN/TTAN_Weekly_20260920_072600.png
 create mode 100644 charts/screenshots_nasdaq/TTAN/TTAN_Weekly_20260921_080329.png
 delete mode 100644 charts/screenshots_nasdaq/TXG/TXG_1H_20260920_071129.png
 create mode 100644 charts/screenshots_nasdaq/TXG/TXG_1H_20260921_074619.png
 delete mode 100644 charts/screenshots_nasdaq/TXG/TXG_4H_20260920_071129.png
 create mode 100644 charts/screenshots_nasdaq/TXG/TXG_4H_20260921_074619.png
 delete mode 100644 charts/screenshots_nasdaq/TXG/TXG_Daily_20260920_071129.png
 create mode 100644 charts/screenshots_nasdaq/TXG/TXG_Daily_20260921_074619.png
 delete mode 100644 charts/screenshots_nasdaq/TXG/TXG_Monthly_20260920_071129.png
 create mode 100644 charts/screenshots_nasdaq/TXG/TXG_Monthly_20260921_074619.png
 delete mode 100644 charts/screenshots_nasdaq/TXG/TXG_Weekly_20260920_071129.png
 create mode 100644 charts/screenshots_nasdaq/TXG/TXG_Weekly_20260921_074619.png
 delete mode 100644 charts/screenshots_nasdaq/UAMY/UAMY_1H_20260920_074451.png
 create mode 100644 charts/screenshots_nasdaq/UAMY/UAMY_1H_20260921_082421.png
 delete mode 100644 charts/screenshots_nasdaq/UAMY/UAMY_4H_20260920_074451.png
 create mode 100644 charts/screenshots_nasdaq/UAMY/UAMY_4H_20260921_082421.png
 delete mode 100644 charts/screenshots_nasdaq/UAMY/UAMY_Daily_20260920_074451.png
 create mode 100644 charts/screenshots_nasdaq/UAMY/UAMY_Daily_20260921_082421.png
 delete mode 100644 charts/screenshots_nasdaq/UAMY/UAMY_Monthly_20260920_074451.png
 create mode 100644 charts/screenshots_nasdaq/UAMY/UAMY_Monthly_20260921_082421.png
 delete mode 100644 charts/screenshots_nasdaq/UAMY/UAMY_Weekly_20260920_074451.png
 create mode 100644 charts/screenshots_nasdaq/UAMY/UAMY_Weekly_20260921_082421.png
 delete mode 100644 charts/screenshots_nasdaq/UEC/UEC_1H_20260920_073102.png
 create mode 100644 charts/screenshots_nasdaq/UEC/UEC_1H_20260921_080824.png
 delete mode 100644 charts/screenshots_nasdaq/UEC/UEC_4H_20260920_073102.png
 create mode 100644 charts/screenshots_nasdaq/UEC/UEC_4H_20260921_080824.png
 delete mode 100644 charts/screenshots_nasdaq/UEC/UEC_Daily_20260920_073102.png
 create mode 100644 charts/screenshots_nasdaq/UEC/UEC_Daily_20260921_080824.png
 delete mode 100644 charts/screenshots_nasdaq/UEC/UEC_Monthly_20260920_073102.png
 create mode 100644 charts/screenshots_nasdaq/UEC/UEC_Monthly_20260921_080824.png
 delete mode 100644 charts/screenshots_nasdaq/UEC/UEC_Weekly_20260920_073102.png
 create mode 100644 charts/screenshots_nasdaq/UEC/UEC_Weekly_20260921_080824.png
 delete mode 100644 charts/screenshots_nasdaq/UGP/UGP_1H_20260920_070126.png
 create mode 100644 charts/screenshots_nasdaq/UGP/UGP_1H_20260921_073559.png
 delete mode 100644 charts/screenshots_nasdaq/UGP/UGP_4H_20260920_070126.png
 create mode 100644 charts/screenshots_nasdaq/UGP/UGP_4H_20260921_073559.png
 delete mode 100644 charts/screenshots_nasdaq/UGP/UGP_Daily_20260920_070126.png
 create mode 100644 charts/screenshots_nasdaq/UGP/UGP_Daily_20260921_073559.png
 delete mode 100644 charts/screenshots_nasdaq/UGP/UGP_Monthly_20260920_070126.png
 create mode 100644 charts/screenshots_nasdaq/UGP/UGP_Monthly_20260921_073559.png
 delete mode 100644 charts/screenshots_nasdaq/UGP/UGP_Weekly_20260920_070126.png
 create mode 100644 charts/screenshots_nasdaq/UGP/UGP_Weekly_20260921_073559.png
 delete mode 100644 charts/screenshots_nasdaq/UPST/UPST_1H_20260920_073817.png
 create mode 100644 charts/screenshots_nasdaq/UPST/UPST_1H_20260921_081622.png
 delete mode 100644 charts/screenshots_nasdaq/UPST/UPST_4H_20260920_073817.png
 create mode 100644 charts/screenshots_nasdaq/UPST/UPST_4H_20260921_081622.png
 delete mode 100644 charts/screenshots_nasdaq/UPST/UPST_Daily_20260920_073817.png
 create mode 100644 charts/screenshots_nasdaq/UPST/UPST_Daily_20260921_081622.png
 delete mode 100644 charts/screenshots_nasdaq/UPST/UPST_Monthly_20260920_073817.png
 create mode 100644 charts/screenshots_nasdaq/UPST/UPST_Monthly_20260921_081622.png
 delete mode 100644 charts/screenshots_nasdaq/UPST/UPST_Weekly_20260920_073817.png
 create mode 100644 charts/screenshots_nasdaq/UPST/UPST_Weekly_20260921_081622.png
 delete mode 100644 charts/screenshots_nasdaq/UPWK/UPWK_1H_20260920_074524.png
 create mode 100644 charts/screenshots_nasdaq/UPWK/UPWK_1H_20260921_082458.png
 delete mode 100644 charts/screenshots_nasdaq/UPWK/UPWK_4H_20260920_074524.png
 create mode 100644 charts/screenshots_nasdaq/UPWK/UPWK_4H_20260921_082458.png
 delete mode 100644 charts/screenshots_nasdaq/UPWK/UPWK_Daily_20260920_074524.png
 create mode 100644 charts/screenshots_nasdaq/UPWK/UPWK_Daily_20260921_082458.png
 delete mode 100644 charts/screenshots_nasdaq/UPWK/UPWK_Monthly_20260920_074524.png
 create mode 100644 charts/screenshots_nasdaq/UPWK/UPWK_Monthly_20260921_082458.png
 delete mode 100644 charts/screenshots_nasdaq/UPWK/UPWK_Weekly_20260920_074524.png
 create mode 100644 charts/screenshots_nasdaq/UPWK/UPWK_Weekly_20260921_082458.png
 delete mode 100644 charts/screenshots_nasdaq/UTI/UTI_1H_20260920_075838.png
 create mode 100644 charts/screenshots_nasdaq/UTI/UTI_1H_20260921_083942.png
 delete mode 100644 charts/screenshots_nasdaq/UTI/UTI_4H_20260920_075838.png
 create mode 100644 charts/screenshots_nasdaq/UTI/UTI_4H_20260921_083942.png
 delete mode 100644 charts/screenshots_nasdaq/UTI/UTI_Daily_20260920_075838.png
 create mode 100644 charts/screenshots_nasdaq/UTI/UTI_Daily_20260921_083942.png
 delete mode 100644 charts/screenshots_nasdaq/UTI/UTI_Monthly_20260920_075838.png
 create mode 100644 charts/screenshots_nasdaq/UTI/UTI_Monthly_20260921_083942.png
 delete mode 100644 charts/screenshots_nasdaq/UTI/UTI_Weekly_20260920_075838.png
 create mode 100644 charts/screenshots_nasdaq/UTI/UTI_Weekly_20260921_083942.png
 delete mode 100644 charts/screenshots_nasdaq/UUUU/UUUU_1H_20260920_072955.png
 create mode 100644 charts/screenshots_nasdaq/UUUU/UUUU_1H_20260921_080747.png
 delete mode 100644 charts/screenshots_nasdaq/UUUU/UUUU_4H_20260920_072955.png
 create mode 100644 charts/screenshots_nasdaq/UUUU/UUUU_4H_20260921_080747.png
 delete mode 100644 charts/screenshots_nasdaq/UUUU/UUUU_Daily_20260920_072955.png
 create mode 100644 charts/screenshots_nasdaq/UUUU/UUUU_Daily_20260921_080747.png
 delete mode 100644 charts/screenshots_nasdaq/UUUU/UUUU_Monthly_20260920_072955.png
 create mode 100644 charts/screenshots_nasdaq/UUUU/UUUU_Monthly_20260921_080747.png
 delete mode 100644 charts/screenshots_nasdaq/UUUU/UUUU_Weekly_20260920_072955.png
 create mode 100644 charts/screenshots_nasdaq/UUUU/UUUU_Weekly_20260921_080747.png
 delete mode 100644 charts/screenshots_nasdaq/VLO/VLO_1H_20260920_070231.png
 create mode 100644 charts/screenshots_nasdaq/VLO/VLO_1H_20260921_073712.png
 delete mode 100644 charts/screenshots_nasdaq/VLO/VLO_4H_20260920_070231.png
 create mode 100644 charts/screenshots_nasdaq/VLO/VLO_4H_20260921_073712.png
 delete mode 100644 charts/screenshots_nasdaq/VLO/VLO_Daily_20260920_070231.png
 create mode 100644 charts/screenshots_nasdaq/VLO/VLO_Daily_20260921_073712.png
 delete mode 100644 charts/screenshots_nasdaq/VLO/VLO_Monthly_20260920_070231.png
 create mode 100644 charts/screenshots_nasdaq/VLO/VLO_Monthly_20260921_073712.png
 delete mode 100644 charts/screenshots_nasdaq/VLO/VLO_Weekly_20260920_070231.png
 create mode 100644 charts/screenshots_nasdaq/VLO/VLO_Weekly_20260921_073712.png
 delete mode 100644 charts/screenshots_nasdaq/VRRM/VRRM_1H_20260920_075413.png
 create mode 100644 charts/screenshots_nasdaq/VRRM/VRRM_1H_20260921_083333.png
 delete mode 100644 charts/screenshots_nasdaq/VRRM/VRRM_4H_20260920_075413.png
 create mode 100644 charts/screenshots_nasdaq/VRRM/VRRM_4H_20260921_083333.png
 delete mode 100644 charts/screenshots_nasdaq/VRRM/VRRM_Daily_20260920_075413.png
 create mode 100644 charts/screenshots_nasdaq/VRRM/VRRM_Daily_20260921_083333.png
 delete mode 100644 charts/screenshots_nasdaq/VRRM/VRRM_Monthly_20260920_075413.png
 create mode 100644 charts/screenshots_nasdaq/VRRM/VRRM_Monthly_20260921_083333.png
 delete mode 100644 charts/screenshots_nasdaq/VRRM/VRRM_Weekly_20260920_075413.png
 create mode 100644 charts/screenshots_nasdaq/VRRM/VRRM_Weekly_20260921_083333.png
 delete mode 100644 charts/screenshots_nasdaq/WING/WING_1H_20260920_080307.png
 create mode 100644 charts/screenshots_nasdaq/WING/WING_1H_20260921_084357.png
 delete mode 100644 charts/screenshots_nasdaq/WING/WING_4H_20260920_080307.png
 create mode 100644 charts/screenshots_nasdaq/WING/WING_4H_20260921_084357.png
 delete mode 100644 charts/screenshots_nasdaq/WING/WING_Daily_20260920_080307.png
 create mode 100644 charts/screenshots_nasdaq/WING/WING_Daily_20260921_084357.png
 delete mode 100644 charts/screenshots_nasdaq/WING/WING_Monthly_20260920_080307.png
 create mode 100644 charts/screenshots_nasdaq/WING/WING_Monthly_20260921_084357.png
 delete mode 100644 charts/screenshots_nasdaq/WING/WING_Weekly_20260920_080307.png
 create mode 100644 charts/screenshots_nasdaq/WING/WING_Weekly_20260921_084357.png
 delete mode 100644 charts/screenshots_nasdaq/WIX/WIX_1H_20260920_072419.png
 create mode 100644 charts/screenshots_nasdaq/WIX/WIX_1H_20260921_080138.png
 delete mode 100644 charts/screenshots_nasdaq/WIX/WIX_4H_20260920_072419.png
 create mode 100644 charts/screenshots_nasdaq/WIX/WIX_4H_20260921_080138.png
 delete mode 100644 charts/screenshots_nasdaq/WIX/WIX_Daily_20260920_072419.png
 create mode 100644 charts/screenshots_nasdaq/WIX/WIX_Daily_20260921_080138.png
 delete mode 100644 charts/screenshots_nasdaq/WIX/WIX_Monthly_20260920_072419.png
 create mode 100644 charts/screenshots_nasdaq/WIX/WIX_Monthly_20260921_080138.png
 delete mode 100644 charts/screenshots_nasdaq/WIX/WIX_Weekly_20260920_072419.png
 create mode 100644 charts/screenshots_nasdaq/WIX/WIX_Weekly_20260921_080138.png
 delete mode 100644 charts/screenshots_nasdaq/XPEV/XPEV_1H_20260920_075912.png
 create mode 100644 charts/screenshots_nasdaq/XPEV/XPEV_1H_20260921_084019.png
 delete mode 100644 charts/screenshots_nasdaq/XPEV/XPEV_4H_20260920_075912.png
 create mode 100644 charts/screenshots_nasdaq/XPEV/XPEV_4H_20260921_084019.png
 delete mode 100644 charts/screenshots_nasdaq/XPEV/XPEV_Daily_20260920_075912.png
 create mode 100644 charts/screenshots_nasdaq/XPEV/XPEV_Daily_20260921_084019.png
 delete mode 100644 charts/screenshots_nasdaq/XPEV/XPEV_Monthly_20260920_075912.png
 create mode 100644 charts/screenshots_nasdaq/XPEV/XPEV_Monthly_20260921_084019.png
 delete mode 100644 charts/screenshots_nasdaq/XPEV/XPEV_Weekly_20260920_075912.png
 create mode 100644 charts/screenshots_nasdaq/XPEV/XPEV_Weekly_20260921_084019.png
 delete mode 100644 charts/screenshots_nasdaq/YSS/YSS_1H_20260920_072707.png
 create mode 100644 charts/screenshots_nasdaq/YSS/YSS_1H_20260921_080443.png
 delete mode 100644 charts/screenshots_nasdaq/YSS/YSS_4H_20260920_072707.png
 create mode 100644 charts/screenshots_nasdaq/YSS/YSS_4H_20260921_080443.png
 delete mode 100644 charts/screenshots_nasdaq/YSS/YSS_Daily_20260920_072707.png
 create mode 100644 charts/screenshots_nasdaq/YSS/YSS_Daily_20260921_080443.png
 delete mode 100644 charts/screenshots_nasdaq/YSS/YSS_Monthly_20260920_072707.png
 create mode 100644 charts/screenshots_nasdaq/YSS/YSS_Monthly_20260921_080443.png
 delete mode 100644 charts/screenshots_nasdaq/YSS/YSS_Weekly_20260920_072707.png
 create mode 100644 charts/screenshots_nasdaq/YSS/YSS_Weekly_20260921_080443.png
 delete mode 100644 charts/screenshots_nasdaq/Z/Z_1H_20260920_080340.png
 create mode 100644 charts/screenshots_nasdaq/Z/Z_1H_20260921_084434.png
 delete mode 100644 charts/screenshots_nasdaq/Z/Z_4H_20260920_080340.png
 create mode 100644 charts/screenshots_nasdaq/Z/Z_4H_20260921_084434.png
 delete mode 100644 charts/screenshots_nasdaq/Z/Z_Daily_20260920_080340.png
 create mode 100644 charts/screenshots_nasdaq/Z/Z_Daily_20260921_084434.png
 delete mode 100644 charts/screenshots_nasdaq/Z/Z_Monthly_20260920_080340.png
 create mode 100644 charts/screenshots_nasdaq/Z/Z_Monthly_20260921_084434.png
 delete mode 100644 charts/screenshots_nasdaq/Z/Z_Weekly_20260920_080340.png
 create mode 100644 charts/screenshots_nasdaq/Z/Z_Weekly_20260921_084434.png
 delete mode 100644 charts/screenshots_nasdaq/ZG/ZG_1H_20260920_080413.png
 create mode 100644 charts/screenshots_nasdaq/ZG/ZG_1H_20260921_084511.png
 delete mode 100644 charts/screenshots_nasdaq/ZG/ZG_4H_20260920_080413.png
 create mode 100644 charts/screenshots_nasdaq/ZG/ZG_4H_20260921_084511.png
 delete mode 100644 charts/screenshots_nasdaq/ZG/ZG_Daily_20260920_080413.png
 create mode 100644 charts/screenshots_nasdaq/ZG/ZG_Daily_20260921_084511.png
 delete mode 100644 charts/screenshots_nasdaq/ZG/ZG_Monthly_20260920_080413.png
 create mode 100644 charts/screenshots_nasdaq/ZG/ZG_Monthly_20260921_084511.png
 delete mode 100644 charts/screenshots_nasdaq/ZG/ZG_Weekly_20260920_080413.png
 create mode 100644 charts/screenshots_nasdaq/ZG/ZG_Weekly_20260921_084511.png
 delete mode 100644 charts/screenshots_nasdaq/ZTS/ZTS_1H_20260920_074557.png
 create mode 100644 charts/screenshots_nasdaq/ZTS/ZTS_1H_20260921_082535.png
 delete mode 100644 charts/screenshots_nasdaq/ZTS/ZTS_4H_20260920_074557.png
 create mode 100644 charts/screenshots_nasdaq/ZTS/ZTS_4H_20260921_082535.png
 delete mode 100644 charts/screenshots_nasdaq/ZTS/ZTS_Daily_20260920_074557.png
 create mode 100644 charts/screenshots_nasdaq/ZTS/ZTS_Daily_20260921_082535.png
 delete mode 100644 charts/screenshots_nasdaq/ZTS/ZTS_Monthly_20260920_074557.png
 create mode 100644 charts/screenshots_nasdaq/ZTS/ZTS_Monthly_20260921_082535.png
 delete mode 100644 charts/screenshots_nasdaq/ZTS/ZTS_Weekly_20260920_074557.png
 create mode 100644 charts/screenshots_nasdaq/ZTS/ZTS_Weekly_20260921_082535.png
[[NASDAQ/NYSE 차트분석]] GitHub 푸시 완료
[[NASDAQ/NYSE 차트분석]] Google Sheets 업데이트 완료 (120개 종목)
[Paper Trading] NASDAQ ranked_df 스냅샷 저장 완료 (216개 종목)

[요약] 전 종목 스캔 완료 – 총 7136.4초 (118.94분) 소요
