[OHLCV] 배치 다운로드 1/4 (150개 종목, period=5y)...
[OHLCV] 배치 다운로드 2/4 (150개 종목, period=5y)...
[OHLCV] 배치 다운로드 3/4 (150개 종목, period=5y)...
[OHLCV] 배치 다운로드 4/4 (68개 종목, period=5y)...
[DataValidator] 14건의 데이터 품질 경고 발생
Warning:  EQR: Close NaN 비율 98.8% (기준: 30%)
Warning:  KVUE: Close NaN 비율 32.5% (기준: 30%)
Warning:  MRNA: 비정상 가격 변동 177.0% (2026-08-19) — 스플릿/데이터 오류 가능
Warning:  VLTO: Close NaN 비율 40.9% (기준: 30%)
Warning:  AVB: Close NaN 비율 97.8% (기준: 30%)
Warning:  DAY: Close NaN 비율 100.0% (기준: 30%)
Warning:  GEV: Close NaN 비율 50.4% (기준: 30%)
Warning:  HOLX: Close NaN 비율 100.0% (기준: 30%)
Warning:  SOLV: Close NaN 비율 50.4% (기준: 30%)
Warning:  CTRA: Close NaN 비율 100.0% (기준: 30%)
Warning:  GL: 비정상 가격 변동 53.1% (2024-04-11) — 스플릿/데이터 오류 가능
Warning:  PDD: 비정상 가격 변동 56.1% (2022-03-16) — 스플릿/데이터 오류 가능
Warning:  BK: Close NaN 비율 100.0% (기준: 30%)
Warning:  EA: Close NaN 비율 99.9% (기준: 30%)
[[SP500 분석]] 강한 섹터: {'Information Technology', 'Energy'}
[DataValidator] 1건의 데이터 품질 경고 발생
Warning:  MRNA: 비정상 가격 변동 177.0% (2026-08-19) — 스플릿/데이터 오류 가능
[[SP500 분석]] Extreme model 'label_low' walk-forward ROC 0.63, AP 0.40
[[SP500 분석]] Extreme model 'label_high' walk-forward ROC 0.61, AP 0.31
[[SP500 분석]] Google Sheets 업데이트 완료
[Email] 바닥반등 47개 + 모멘텀 49개 = 총 96개 종목 리스트를 chunghwan14@gmail.com, roykim0311@gmail.com, ssamjungtan@naver.com로 발송 완료
[[SP500 분석]] Signals 결과 기반 차트분석 종목 리스트 생성 중...
[Dynamic Portfolio] 생성된 차트분석 종목 리스트(98개): ['NBM.V', 'VLO', 'T', 'MMYT', 'BRK-B', 'META', 'FCX', 'XOM', 'RTX', 'SMCI', 'DIS', 'IWM', 'AMD', 'PANW', 'C', 'CDNS', 'CRM', 'SLB', 'ABNB', 'LLY', 'OKTA', 'NVDA', 'APP', 'COP', 'SPY', 'MRVL', 'PG', 'WDAY', 'MA', 'MCD', 'MRNA', 'CRWD', 'DDOG', 'MS', 'INTU', 'KO', 'AMZN', 'DELL', 'APH', 'MU', 'NEM', 'LULU', 'MELI', 'CEG', 'HWM', 'GE', 'CSCO', 'PM', 'GOOGL', 'MDT', 'PFE', 'MSFT', 'PLTR', 'ANET', 'HD', 'BAC', 'JPM', 'QQQ', 'COF', 'FTNT', 'TJX', 'CVX', 'PYPL', 'AXP', 'NOW', 'BKNG', 'AAPL', 'MRK', 'ACN', 'ADBE', 'ASML', 'AMGN', 'WFC', 'DHR', 'PSX', 'INTC', 'SPGI', 'HPE', 'COIN', 'JNJ', 'ADI', 'V', 'UNH', 'NKE', 'HOOD', 'ABBV', 'TMO', 'VZ', 'GILD', 'BA', 'DE', 'DASH', 'QCOM', 'ABT', 'SCHW', 'MPC', 'SYK', 'MCK']
[[SP500 차트분석]] [SP500 분석] 결과 기반 [SP500 차트분석] 시트 생성 중 (98개 종목)...
[[SP500 차트분석]] [SP500 분석]에 없는 종목은 별도 분석: ['NBM.V', 'MMYT']
[DataValidator] 1건의 데이터 품질 경고 발생
Warning:  NBM.V: 비정상 가격 변동 56.3% (2024-09-25) — 스플릿/데이터 오류 가능
[[SP500 차트분석]] 강한 섹터: {'Information Technology', 'Energy'}
[[SP500 차트분석]] Extreme model 'global' skipped: insufficient_tickers
[[SP500 차트분석]] 기존 차트 파일 삭제 중...
[[SP500 차트분석]] 차트 저장 디렉토리 준비 완료: charts/screenshots
[[SP500 차트분석]] TradingView 차트 캡처 시작...
[[SP500 차트분석]] 98개 종목 차트 캡처 중...
[TradingView] VLO 브라우저 세션 시작  (로그인 세션)...
[TradingView] 1H 캡처 완료 (60)
[TradingView] 4H 캡처 완료 (240)
[TradingView] Daily 캡처 완료 (D)
[TradingView] Weekly 캡처 완료 (W)
[TradingView] Monthly 캡처 완료 (M)
[[SP500 차트분석]] VLO 차트 5개 처리 완료
[TradingView] PFE 브라우저 세션 시작  (로그인 세션)...
[TradingView] 1H 캡처 완료 (60)
[TradingView] 4H 캡처 완료 (240)
[TradingView] Daily 캡처 완료 (D)
[TradingView] Weekly 캡처 완료 (W)
[TradingView] Monthly 캡처 완료 (M)
[[SP500 차트분석]] PFE 차트 5개 처리 완료
[TradingView] T 브라우저 세션 시작  (로그인 세션)...
[TradingView] 1H 캡처 완료 (60)
[TradingView] 4H 캡처 완료 (240)
[TradingView] Daily 캡처 완료 (D)
[TradingView] Weekly 캡처 완료 (W)
[TradingView] Monthly 캡처 완료 (M)
[[SP500 차트분석]] T 차트 5개 처리 완료
[TradingView] CVX 브라우저 세션 시작  (로그인 세션)...
[TradingView] 1H 캡처 완료 (60)
[TradingView] 4H 캡처 완료 (240)
[TradingView] Daily 캡처 완료 (D)
[TradingView] Weekly 캡처 완료 (W)
[TradingView] Monthly 캡처 완료 (M)
[[SP500 차트분석]] CVX 차트 5개 처리 완료
[TradingView] MPC 브라우저 세션 시작  (로그인 세션)...
[TradingView] 1H 캡처 완료 (60)
[TradingView] 4H 캡처 완료 (240)
[TradingView] Daily 캡처 완료 (D)
[TradingView] Weekly 캡처 완료 (W)
[TradingView] Monthly 캡처 완료 (M)
[[SP500 차트분석]] MPC 차트 5개 처리 완료
[TradingView] V 브라우저 세션 시작  (로그인 세션)...
[TradingView] 1H 캡처 완료 (60)
[TradingView] 4H 캡처 완료 (240)
[TradingView] Daily 캡처 완료 (D)
[TradingView] Weekly 캡처 완료 (W)
[TradingView] Monthly 캡처 완료 (M)
[[SP500 차트분석]] V 차트 5개 처리 완료
[TradingView] WFC 브라우저 세션 시작  (로그인 세션)...
[TradingView] 1H 캡처 완료 (60)
[TradingView] 4H 캡처 완료 (240)
[TradingView] Daily 캡처 완료 (D)
[TradingView] Weekly 캡처 완료 (W)
[TradingView] Monthly 캡처 완료 (M)
[[SP500 차트분석]] WFC 차트 5개 처리 완료
[TradingView] AMGN 브라우저 세션 시작  (로그인 세션)...
[TradingView] 1H 캡처 완료 (60)
[TradingView] 4H 캡처 완료 (240)
[TradingView] Daily 캡처 완료 (D)
[TradingView] Weekly 캡처 완료 (W)
[TradingView] Monthly 캡처 완료 (M)
[[SP500 차트분석]] AMGN 차트 5개 처리 완료
[TradingView] MCK 브라우저 세션 시작  (로그인 세션)...
[TradingView] 1H 캡처 완료 (60)
[TradingView] 4H 캡처 완료 (240)
[TradingView] Daily 캡처 완료 (D)
[TradingView] Weekly 캡처 완료 (W)
[TradingView] Monthly 캡처 완료 (M)
[[SP500 차트분석]] MCK 차트 5개 처리 완료
[TradingView] QQQ 브라우저 세션 시작  (로그인 세션)...
[TradingView] 1H 캡처 완료 (60)
[TradingView] 4H 캡처 완료 (240)
[TradingView] Daily 캡처 완료 (D)
[TradingView] Weekly 캡처 완료 (W)
[TradingView] Monthly 캡처 완료 (M)
[[SP500 차트분석]] QQQ 차트 5개 처리 완료
[TradingView] TMO 브라우저 세션 시작  (로그인 세션)...
[TradingView] 1H 캡처 완료 (60)
[TradingView] 4H 캡처 완료 (240)
[TradingView] Daily 캡처 완료 (D)
[TradingView] Weekly 캡처 완료 (W)
[TradingView] Monthly 캡처 완료 (M)
[[SP500 차트분석]] TMO 차트 5개 처리 완료
[TradingView] GILD 브라우저 세션 시작  (로그인 세션)...
[TradingView] 1H 캡처 완료 (60)
[TradingView] 4H 캡처 완료 (240)
[TradingView] Daily 캡처 완료 (D)
[TradingView] Weekly 캡처 완료 (W)
[TradingView] Monthly 캡처 완료 (M)
[[SP500 차트분석]] GILD 차트 5개 처리 완료
[TradingView] META 브라우저 세션 시작  (로그인 세션)...
[TradingView] 1H 캡처 완료 (60)
[TradingView] 4H 캡처 완료 (240)
[TradingView] Daily 캡처 완료 (D)
[TradingView] Weekly 캡처 완료 (W)
[TradingView] Monthly 캡처 완료 (M)
[[SP500 차트분석]] META 차트 5개 처리 완료
[TradingView] CRM 브라우저 세션 시작  (로그인 세션)...
[TradingView] 1H 캡처 완료 (60)
[TradingView] 4H 캡처 완료 (240)
[TradingView] Daily 캡처 완료 (D)
[TradingView] Weekly 캡처 완료 (W)
[TradingView] Monthly 캡처 완료 (M)
[[SP500 차트분석]] CRM 차트 5개 처리 완료
[TradingView] MRK 브라우저 세션 시작  (로그인 세션)...
[TradingView] 1H 캡처 완료 (60)
[TradingView] 4H 캡처 완료 (240)
[TradingView] Daily 캡처 완료 (D)
[TradingView] Weekly 캡처 완료 (W)
[TradingView] Monthly 캡처 완료 (M)
[[SP500 차트분석]] MRK 차트 5개 처리 완료
[TradingView] OKTA 브라우저 세션 시작  (로그인 세션)...
[TradingView] 1H 캡처 완료 (60)
[TradingView] 4H 캡처 완료 (240)
[TradingView] Daily 캡처 완료 (D)
[TradingView] Weekly 캡처 완료 (W)
[TradingView] Monthly 캡처 완료 (M)
[[SP500 차트분석]] OKTA 차트 5개 처리 완료
[TradingView] ABT 브라우저 세션 시작  (로그인 세션)...
[TradingView] 1H 캡처 완료 (60)
[TradingView] 4H 캡처 완료 (240)
[TradingView] Daily 캡처 완료 (D)
[TradingView] Weekly 캡처 완료 (W)
[TradingView] Monthly 캡처 완료 (M)
[[SP500 차트분석]] ABT 차트 5개 처리 완료
[TradingView] DASH 브라우저 세션 시작  (로그인 세션)...
[TradingView] 1H 캡처 완료 (60)
[TradingView] 4H 캡처 완료 (240)
[TradingView] Daily 캡처 완료 (D)
[TradingView] Weekly 캡처 완료 (W)
[TradingView] Monthly 캡처 완료 (M)
[[SP500 차트분석]] DASH 차트 5개 처리 완료
[TradingView] PYPL 브라우저 세션 시작  (로그인 세션)...
[TradingView] 1H 캡처 완료 (60)
[TradingView] 4H 캡처 완료 (240)
[TradingView] Daily 캡처 완료 (D)
[TradingView] Weekly 캡처 완료 (W)
[TradingView] Monthly 캡처 완료 (M)
[[SP500 차트분석]] PYPL 차트 5개 처리 완료
[TradingView] COP 브라우저 세션 시작  (로그인 세션)...
[TradingView] 1H 캡처 완료 (60)
[TradingView] 4H 캡처 완료 (240)
[TradingView] Daily 캡처 완료 (D)
[TradingView] Weekly 캡처 완료 (W)
[TradingView] Monthly 캡처 완료 (M)
[[SP500 차트분석]] COP 차트 5개 처리 완료
[TradingView] MA 브라우저 세션 시작  (로그인 세션)...
[TradingView] 1H 캡처 완료 (60)
[TradingView] 4H 캡처 완료 (240)
[TradingView] Daily 캡처 완료 (D)
[TradingView] Weekly 캡처 완료 (W)
[TradingView] Monthly 캡처 완료 (M)
[[SP500 차트분석]] MA 차트 5개 처리 완료
[TradingView] SCHW 브라우저 세션 시작  (로그인 세션)...
[TradingView] 1H 캡처 완료 (60)
[TradingView] 4H 캡처 완료 (240)
[TradingView] Daily 캡처 완료 (D)
[TradingView] Weekly 캡처 완료 (W)
[TradingView] Monthly 캡처 완료 (M)
[[SP500 차트분석]] SCHW 차트 5개 처리 완료
[TradingView] WDAY 브라우저 세션 시작  (로그인 세션)...
[TradingView] 1H 캡처 완료 (60)
[TradingView] 4H 캡처 완료 (240)
[TradingView] Daily 캡처 완료 (D)
[TradingView] Weekly 캡처 완료 (W)
[TradingView] Monthly 캡처 완료 (M)
[[SP500 차트분석]] WDAY 차트 5개 처리 완료
[TradingView] ABBV 브라우저 세션 시작  (로그인 세션)...
[TradingView] 1H 캡처 완료 (60)
[TradingView] 4H 캡처 완료 (240)
[TradingView] Daily 캡처 완료 (D)
[TradingView] Weekly 캡처 완료 (W)
[TradingView] Monthly 캡처 완료 (M)
[[SP500 차트분석]] ABBV 차트 5개 처리 완료
[TradingView] AAPL 브라우저 세션 시작  (로그인 세션)...
[TradingView] 1H 캡처 완료 (60)
[TradingView] 4H 캡처 완료 (240)
[TradingView] Daily 캡처 완료 (D)
[TradingView] Weekly 캡처 완료 (W)
[TradingView] Monthly 캡처 완료 (M)
[[SP500 차트분석]] AAPL 차트 5개 처리 완료
[TradingView] JPM 브라우저 세션 시작  (로그인 세션)...
[TradingView] 1H 캡처 완료 (60)
[TradingView] 4H 캡처 완료 (240)
[TradingView] Daily 캡처 완료 (D)
[TradingView] Weekly 캡처 완료 (W)
[TradingView] Monthly 캡처 완료 (M)
[[SP500 차트분석]] JPM 차트 5개 처리 완료
[TradingView] MDT 브라우저 세션 시작  (로그인 세션)...
[TradingView] 1H 캡처 완료 (60)
[TradingView] 4H 캡처 완료 (240)
[TradingView] Daily 캡처 완료 (D)
[TradingView] Weekly 캡처 완료 (W)
[TradingView] Monthly 캡처 완료 (M)
[[SP500 차트분석]] MDT 차트 5개 처리 완료
[TradingView] FTNT 브라우저 세션 시작  (로그인 세션)...
[TradingView] 1H 캡처 완료 (60)
[TradingView] 4H 캡처 완료 (240)
[TradingView] Daily 캡처 완료 (D)
[TradingView] Weekly 캡처 완료 (W)
[TradingView] Monthly 캡처 완료 (M)
[[SP500 차트분석]] FTNT 차트 5개 처리 완료
[TradingView] CRWD 브라우저 세션 시작  (로그인 세션)...
[TradingView] 1H 캡처 완료 (60)
[TradingView] 4H 캡처 완료 (240)
[TradingView] Daily 캡처 완료 (D)
[TradingView] Weekly 캡처 완료 (W)
[TradingView] Monthly 캡처 완료 (M)
[[SP500 차트분석]] CRWD 차트 5개 처리 완료
[TradingView] CSCO 브라우저 세션 시작  (로그인 세션)...
[TradingView] 1H 캡처 완료 (60)
[TradingView] 4H 캡처 완료 (240)
[TradingView] Daily 캡처 완료 (D)
[TradingView] Weekly 캡처 완료 (W)
[TradingView] Monthly 캡처 완료 (M)
[[SP500 차트분석]] CSCO 차트 5개 처리 완료
[TradingView] MRNA 브라우저 세션 시작  (로그인 세션)...
[TradingView] 1H 캡처 완료 (60)
[TradingView] 4H 캡처 완료 (240)
[TradingView] Daily 캡처 완료 (D)
[TradingView] Weekly 캡처 완료 (W)
[TradingView] Monthly 캡처 완료 (M)
[[SP500 차트분석]] MRNA 차트 5개 처리 완료
[TradingView] MSFT 브라우저 세션 시작  (로그인 세션)...
[TradingView] 1H 캡처 완료 (60)
[TradingView] 4H 캡처 완료 (240)
[TradingView] Daily 캡처 완료 (D)
[TradingView] Weekly 캡처 완료 (W)
[TradingView] Monthly 캡처 완료 (M)
[[SP500 차트분석]] MSFT 차트 5개 처리 완료
[TradingView] PANW 브라우저 세션 시작  (로그인 세션)...
[TradingView] 1H 캡처 완료 (60)
[TradingView] 4H 캡처 완료 (240)
[TradingView] Daily 캡처 완료 (D)
[TradingView] Weekly 캡처 완료 (W)
[TradingView] Monthly 캡처 완료 (M)
[[SP500 차트분석]] PANW 차트 5개 처리 완료
[TradingView] COIN 브라우저 세션 시작  (로그인 세션)...
[TradingView] 1H 캡처 완료 (60)
[TradingView] 4H 캡처 완료 (240)
[TradingView] Daily 캡처 완료 (D)
[TradingView] Weekly 캡처 완료 (W)
[TradingView] Monthly 캡처 완료 (M)
[[SP500 차트분석]] COIN 차트 5개 처리 완료
[TradingView] DIS 브라우저 세션 시작  (로그인 세션)...
[TradingView] 1H 캡처 완료 (60)
[TradingView] 4H 캡처 완료 (240)
[TradingView] Daily 캡처 완료 (D)
[TradingView] Weekly 캡처 완료 (W)
[TradingView] Monthly 캡처 완료 (M)
[[SP500 차트분석]] DIS 차트 5개 처리 완료
[TradingView] ADBE 브라우저 세션 시작  (로그인 세션)...
[TradingView] 1H 캡처 완료 (60)
[TradingView] 4H 캡처 완료 (240)
[TradingView] Daily 캡처 완료 (D)
[TradingView] Weekly 캡처 완료 (W)
[TradingView] Monthly 캡처 완료 (M)
[[SP500 차트분석]] ADBE 차트 5개 처리 완료
[TradingView] ABNB 브라우저 세션 시작  (로그인 세션)...
[TradingView] 1H 캡처 완료 (60)
[TradingView] 4H 캡처 완료 (240)
[TradingView] Daily 캡처 완료 (D)
[TradingView] Weekly 캡처 완료 (W)
[TradingView] Monthly 캡처 완료 (M)
[[SP500 차트분석]] ABNB 차트 5개 처리 완료
[TradingView] VZ 브라우저 세션 시작  (로그인 세션)...
[TradingView] 1H 캡처 완료 (60)
[TradingView] 4H 캡처 완료 (240)
[TradingView] Daily 캡처 완료 (D)
[TradingView] Weekly 캡처 완료 (W)
[TradingView] Monthly 캡처 완료 (M)
[[SP500 차트분석]] VZ 차트 5개 처리 완료
[TradingView] COF 브라우저 세션 시작  (로그인 세션)...
[TradingView] 1H 캡처 완료 (60)
[TradingView] 4H 캡처 완료 (240)
[TradingView] Daily 캡처 완료 (D)
[TradingView] Weekly 캡처 완료 (W)
[TradingView] Monthly 캡처 완료 (M)
[[SP500 차트분석]] COF 차트 5개 처리 완료
[TradingView] MELI 브라우저 세션 시작  (로그인 세션)...
[TradingView] 1H 캡처 완료 (60)
[TradingView] 4H 캡처 완료 (240)
[TradingView] Daily 캡처 완료 (D)
[TradingView] Weekly 캡처 완료 (W)
[TradingView] Monthly 캡처 완료 (M)
[[SP500 차트분석]] MELI 차트 5개 처리 완료
[TradingView] BKNG 브라우저 세션 시작  (로그인 세션)...
[TradingView] 1H 캡처 완료 (60)
[TradingView] 4H 캡처 완료 (240)
[TradingView] Daily 캡처 완료 (D)
[TradingView] Weekly 캡처 완료 (W)
[TradingView] Monthly 캡처 완료 (M)
[[SP500 차트분석]] BKNG 차트 5개 처리 완료
[TradingView] RTX 브라우저 세션 시작  (로그인 세션)...
[TradingView] 1H 캡처 완료 (60)
[TradingView] 4H 캡처 완료 (240)
[TradingView] Daily 캡처 완료 (D)
[TradingView] Weekly 캡처 완료 (W)
[TradingView] Monthly 캡처 완료 (M)
[[SP500 차트분석]] RTX 차트 5개 처리 완료
[TradingView] NVDA 브라우저 세션 시작  (로그인 세션)...
[TradingView] 1H 캡처 완료 (60)
[TradingView] 4H 캡처 완료 (240)
[TradingView] Daily 캡처 완료 (D)
[TradingView] Weekly 캡처 완료 (W)
[TradingView] Monthly 캡처 완료 (M)
[[SP500 차트분석]] NVDA 차트 5개 처리 완료
[TradingView] PLTR 브라우저 세션 시작  (로그인 세션)...
[TradingView] 1H 캡처 완료 (60)
[TradingView] 4H 캡처 완료 (240)
[TradingView] Daily 캡처 완료 (D)
[TradingView] Weekly 캡처 완료 (W)
[TradingView] Monthly 캡처 완료 (M)
[[SP500 차트분석]] PLTR 차트 5개 처리 완료
[TradingView] JNJ 브라우저 세션 시작  (로그인 세션)...
[TradingView] 1H 캡처 완료 (60)
[TradingView] 4H 캡처 완료 (240)
[TradingView] Daily 캡처 완료 (D)
[TradingView] Weekly 캡처 완료 (W)
[TradingView] Monthly 캡처 완료 (M)
[[SP500 차트분석]] JNJ 차트 5개 처리 완료
[TradingView] BAC 브라우저 세션 시작  (로그인 세션)...
[TradingView] 1H 캡처 완료 (60)
[TradingView] 4H 캡처 완료 (240)
[TradingView] Daily 캡처 완료 (D)
[TradingView] Weekly 캡처 완료 (W)
[TradingView] Monthly 캡처 완료 (M)
[[SP500 차트분석]] BAC 차트 5개 처리 완료
[TradingView] NOW 브라우저 세션 시작  (로그인 세션)...
[TradingView] 1H 캡처 완료 (60)
[TradingView] 4H 캡처 완료 (240)
[TradingView] Daily 캡처 완료 (D)
[TradingView] Weekly 캡처 완료 (W)
[TradingView] Monthly 캡처 완료 (M)
[[SP500 차트분석]] NOW 차트 5개 처리 완료
[TradingView] SMCI 브라우저 세션 시작  (로그인 세션)...
[TradingView] 1H 캡처 완료 (60)
[TradingView] 4H 캡처 완료 (240)
[TradingView] Daily 캡처 완료 (D)
[TradingView] Weekly 캡처 완료 (W)
[TradingView] Monthly 캡처 완료 (M)
[[SP500 차트분석]] SMCI 차트 5개 처리 완료
[TradingView] HOOD 브라우저 세션 시작  (로그인 세션)...
[TradingView] 1H 캡처 완료 (60)
[TradingView] 4H 캡처 완료 (240)
[TradingView] Daily 캡처 완료 (D)
[TradingView] Weekly 캡처 완료 (W)
[TradingView] Monthly 캡처 완료 (M)
[[SP500 차트분석]] HOOD 차트 5개 처리 완료
[TradingView] ANET 브라우저 세션 시작  (로그인 세션)...
[TradingView] 1H 캡처 완료 (60)
[TradingView] 4H 캡처 완료 (240)
[TradingView] Daily 캡처 완료 (D)
[TradingView] Weekly 캡처 완료 (W)
[TradingView] Monthly 캡처 완료 (M)
[[SP500 차트분석]] ANET 차트 5개 처리 완료
[TradingView] DE 브라우저 세션 시작  (로그인 세션)...
[TradingView] 1H 캡처 완료 (60)
[TradingView] 4H 캡처 완료 (240)
[TradingView] Daily 캡처 완료 (D)
[TradingView] Weekly 캡처 완료 (W)
[TradingView] Monthly 캡처 완료 (M)
[[SP500 차트분석]] DE 차트 5개 처리 완료
[TradingView] DELL 브라우저 세션 시작  (로그인 세션)...
[TradingView] 1H 캡처 완료 (60)
[TradingView] 4H 캡처 완료 (240)
[TradingView] Daily 캡처 완료 (D)
[TradingView] Weekly 캡처 완료 (W)
[TradingView] Monthly 캡처 완료 (M)
[[SP500 차트분석]] DELL 차트 5개 처리 완료
[TradingView] INTC 브라우저 세션 시작  (로그인 세션)...
[TradingView] 1H 캡처 완료 (60)
[TradingView] 4H 캡처 완료 (240)
[TradingView] Daily 캡처 완료 (D)
[TradingView] Weekly 캡처 완료 (W)
[TradingView] Monthly 캡처 완료 (M)
[[SP500 차트분석]] INTC 차트 5개 처리 완료
[TradingView] AMD 브라우저 세션 시작  (로그인 세션)...
[TradingView] 1H 캡처 완료 (60)
[TradingView] 4H 캡처 완료 (240)
[TradingView] Daily 캡처 완료 (D)
[TradingView] Weekly 캡처 완료 (W)
[TradingView] Monthly 캡처 완료 (M)
[[SP500 차트분석]] AMD 차트 5개 처리 완료
[TradingView] PSX 브라우저 세션 시작  (로그인 세션)...
[TradingView] 1H 캡처 완료 (60)
[TradingView] 4H 캡처 완료 (240)
[TradingView] Daily 캡처 완료 (D)
[TradingView] Weekly 캡처 완료 (W)
[TradingView] Monthly 캡처 완료 (M)
[[SP500 차트분석]] PSX 차트 5개 처리 완료
[TradingView] C 브라우저 세션 시작  (로그인 세션)...
[TradingView] 1H 캡처 완료 (60)
[TradingView] 4H 캡처 완료 (240)
[TradingView] Daily 캡처 완료 (D)
[TradingView] Weekly 캡처 완료 (W)
[TradingView] Monthly 캡처 완료 (M)
[[SP500 차트분석]] C 차트 5개 처리 완료
[TradingView] NEM 브라우저 세션 시작  (로그인 세션)...
[TradingView] 1H 캡처 완료 (60)
[TradingView] 4H 캡처 완료 (240)
[TradingView] Daily 캡처 완료 (D)
[TradingView] Weekly 캡처 완료 (W)
[TradingView] Monthly 캡처 완료 (M)
[[SP500 차트분석]] NEM 차트 5개 처리 완료
[TradingView] SPY 브라우저 세션 시작  (로그인 세션)...
[TradingView] 1H 캡처 완료 (60)
[TradingView] 4H 캡처 완료 (240)
[TradingView] Daily 캡처 완료 (D)
[TradingView] Weekly 캡처 완료 (W)
[TradingView] Monthly 캡처 완료 (M)
[[SP500 차트분석]] SPY 차트 5개 처리 완료
[TradingView] XOM 브라우저 세션 시작  (로그인 세션)...
[TradingView] 1H 캡처 완료 (60)
[TradingView] 4H 캡처 완료 (240)
[TradingView] Daily 캡처 완료 (D)
[TradingView] Weekly 캡처 완료 (W)
[TradingView] Monthly 캡처 완료 (M)
[[SP500 차트분석]] XOM 차트 5개 처리 완료
[TradingView] QCOM 브라우저 세션 시작  (로그인 세션)...
[TradingView] 1H 캡처 완료 (60)
[TradingView] 4H 캡처 완료 (240)
[TradingView] Daily 캡처 완료 (D)
[TradingView] Weekly 캡처 완료 (W)
[TradingView] Monthly 캡처 완료 (M)
[[SP500 차트분석]] QCOM 차트 5개 처리 완료
[TradingView] DHR 브라우저 세션 시작  (로그인 세션)...
[TradingView] 1H 캡처 완료 (60)
[TradingView] 4H 캡처 완료 (240)
[TradingView] Daily 캡처 완료 (D)
[TradingView] Weekly 캡처 완료 (W)
[TradingView] Monthly 캡처 완료 (M)
[[SP500 차트분석]] DHR 차트 5개 처리 완료
[TradingView] LLY 브라우저 세션 시작  (로그인 세션)...
[TradingView] 1H 캡처 완료 (60)
[TradingView] 4H 캡처 완료 (240)
[TradingView] Daily 캡처 완료 (D)
[TradingView] Weekly 캡처 완료 (W)
[TradingView] Monthly 캡처 완료 (M)
[[SP500 차트분석]] LLY 차트 5개 처리 완료
[TradingView] MU 브라우저 세션 시작  (로그인 세션)...
[TradingView] 1H 캡처 완료 (60)
[TradingView] 4H 캡처 완료 (240)
[TradingView] Daily 캡처 완료 (D)
[TradingView] Weekly 캡처 완료 (W)
[TradingView] Monthly 캡처 완료 (M)
[[SP500 차트분석]] MU 차트 5개 처리 완료
[TradingView] PM 브라우저 세션 시작  (로그인 세션)...
[TradingView] 1H 캡처 완료 (60)
[TradingView] 4H 캡처 완료 (240)
[TradingView] Daily 캡처 완료 (D)
[TradingView] Weekly 캡처 완료 (W)
[TradingView] Monthly 캡처 완료 (M)
[[SP500 차트분석]] PM 차트 5개 처리 완료
[TradingView] BRK-B 브라우저 세션 시작  (로그인 세션)...
[TradingView] 1H 캡처 완료 (60)
[TradingView] 4H 캡처 완료 (240)
[TradingView] Daily 캡처 완료 (D)
[TradingView] Weekly 캡처 완료 (W)
[TradingView] Monthly 캡처 완료 (M)
[[SP500 차트분석]] BRK-B 차트 5개 처리 완료
[TradingView] IWM 브라우저 세션 시작  (로그인 세션)...
[TradingView] 1H 캡처 완료 (60)
[TradingView] 4H 캡처 완료 (240)
[TradingView] Daily 캡처 완료 (D)
[TradingView] Weekly 캡처 완료 (W)
[TradingView] Monthly 캡처 완료 (M)
[[SP500 차트분석]] IWM 차트 5개 처리 완료
[TradingView] SPGI 브라우저 세션 시작  (로그인 세션)...
[TradingView] 1H 캡처 완료 (60)
[TradingView] 4H 캡처 완료 (240)
[TradingView] Daily 캡처 완료 (D)
[TradingView] Weekly 캡처 완료 (W)
[TradingView] Monthly 캡처 완료 (M)
[[SP500 차트분석]] SPGI 차트 5개 처리 완료
[TradingView] KO 브라우저 세션 시작  (로그인 세션)...
[TradingView] 1H 캡처 완료 (60)
[TradingView] 4H 캡처 완료 (240)
[TradingView] Daily 캡처 완료 (D)
[TradingView] Weekly 캡처 완료 (W)
[TradingView] Monthly 캡처 완료 (M)
[[SP500 차트분석]] KO 차트 5개 처리 완료
[TradingView] APH 브라우저 세션 시작  (로그인 세션)...
[TradingView] 1H 캡처 완료 (60)
[TradingView] 4H 캡처 완료 (240)
[TradingView] Daily 캡처 완료 (D)
[TradingView] Weekly 캡처 완료 (W)
[TradingView] Monthly 캡처 완료 (M)
[[SP500 차트분석]] APH 차트 5개 처리 완료
[TradingView] HPE 브라우저 세션 시작  (로그인 세션)...
[TradingView] 1H 캡처 완료 (60)
[TradingView] 4H 캡처 완료 (240)
[TradingView] Daily 캡처 완료 (D)
[TradingView] Weekly 캡처 완료 (W)
[TradingView] Monthly 캡처 완료 (M)
[[SP500 차트분석]] HPE 차트 5개 처리 완료
[TradingView] SLB 브라우저 세션 시작  (로그인 세션)...
[TradingView] 1H 캡처 완료 (60)
[TradingView] 4H 캡처 완료 (240)
[TradingView] Daily 캡처 완료 (D)
[TradingView] Weekly 캡처 완료 (W)
[TradingView] Monthly 캡처 완료 (M)
[[SP500 차트분석]] SLB 차트 5개 처리 완료
[TradingView] MS 브라우저 세션 시작  (로그인 세션)...
[TradingView] 1H 캡처 완료 (60)
[TradingView] 4H 캡처 완료 (240)
[TradingView] Daily 캡처 완료 (D)
[TradingView] Weekly 캡처 완료 (W)
[TradingView] Monthly 캡처 완료 (M)
[[SP500 차트분석]] MS 차트 5개 처리 완료
[TradingView] ASML 브라우저 세션 시작  (로그인 세션)...
[TradingView] 1H 캡처 완료 (60)
[TradingView] 4H 캡처 완료 (240)
[TradingView] Daily 캡처 완료 (D)
[TradingView] Weekly 캡처 완료 (W)
[TradingView] Monthly 캡처 완료 (M)
[[SP500 차트분석]] ASML 차트 5개 처리 완료
[TradingView] UNH 브라우저 세션 시작  (로그인 세션)...
[TradingView] 1H 캡처 완료 (60)
[TradingView] 4H 캡처 완료 (240)
[TradingView] Daily 캡처 완료 (D)
[TradingView] Weekly 캡처 완료 (W)
[TradingView] Monthly 캡처 완료 (M)
[[SP500 차트분석]] UNH 차트 5개 처리 완료
[TradingView] ADI 브라우저 세션 시작  (로그인 세션)...
[TradingView] 1H 캡처 완료 (60)
[TradingView] 4H 캡처 완료 (240)
[TradingView] Daily 캡처 완료 (D)
[TradingView] Weekly 캡처 완료 (W)
[TradingView] Monthly 캡처 완료 (M)
[[SP500 차트분석]] ADI 차트 5개 처리 완료
[TradingView] ACN 브라우저 세션 시작  (로그인 세션)...
[TradingView] 1H 캡처 완료 (60)
[TradingView] 4H 캡처 완료 (240)
[TradingView] Daily 캡처 완료 (D)
[TradingView] Weekly 캡처 완료 (W)
[TradingView] Monthly 캡처 완료 (M)
[[SP500 차트분석]] ACN 차트 5개 처리 완료
[TradingView] MRVL 브라우저 세션 시작  (로그인 세션)...
[TradingView] 1H 캡처 완료 (60)
[TradingView] 4H 캡처 완료 (240)
[TradingView] Daily 캡처 완료 (D)
[TradingView] Weekly 캡처 완료 (W)
[TradingView] Monthly 캡처 완료 (M)
[[SP500 차트분석]] MRVL 차트 5개 처리 완료
[TradingView] AMZN 브라우저 세션 시작  (로그인 세션)...
[TradingView] 1H 캡처 완료 (60)
[TradingView] 4H 캡처 완료 (240)
[TradingView] Daily 캡처 완료 (D)
[TradingView] Weekly 캡처 완료 (W)
[TradingView] Monthly 캡처 완료 (M)
[[SP500 차트분석]] AMZN 차트 5개 처리 완료
[TradingView] GOOGL 브라우저 세션 시작  (로그인 세션)...
[TradingView] 1H 캡처 완료 (60)
[TradingView] 4H 캡처 완료 (240)
[TradingView] Daily 캡처 완료 (D)
[TradingView] Weekly 캡처 완료 (W)
[TradingView] Monthly 캡처 완료 (M)
[[SP500 차트분석]] GOOGL 차트 5개 처리 완료
[TradingView] DDOG 브라우저 세션 시작  (로그인 세션)...
[TradingView] 1H 캡처 완료 (60)
[TradingView] 4H 캡처 완료 (240)
[TradingView] Daily 캡처 완료 (D)
[TradingView] Weekly 캡처 완료 (W)
[TradingView] Monthly 캡처 완료 (M)
[[SP500 차트분석]] DDOG 차트 5개 처리 완료
[TradingView] FCX 브라우저 세션 시작  (로그인 세션)...
[TradingView] 1H 캡처 완료 (60)
[TradingView] 4H 캡처 완료 (240)
[TradingView] Daily 캡처 완료 (D)
[TradingView] Weekly 캡처 완료 (W)
[TradingView] Monthly 캡처 완료 (M)
[[SP500 차트분석]] FCX 차트 5개 처리 완료
[TradingView] GE 브라우저 세션 시작  (로그인 세션)...
[TradingView] 1H 캡처 완료 (60)
[TradingView] 4H 캡처 완료 (240)
[TradingView] Daily 캡처 완료 (D)
[TradingView] Weekly 캡처 완료 (W)
[TradingView] Monthly 캡처 완료 (M)
[[SP500 차트분석]] GE 차트 5개 처리 완료
[TradingView] CEG 브라우저 세션 시작  (로그인 세션)...
[TradingView] 1H 캡처 완료 (60)
[TradingView] 4H 캡처 완료 (240)
[TradingView] Daily 캡처 완료 (D)
[TradingView] Weekly 캡처 완료 (W)
[TradingView] Monthly 캡처 완료 (M)
[[SP500 차트분석]] CEG 차트 5개 처리 완료
[TradingView] INTU 브라우저 세션 시작  (로그인 세션)...
[TradingView] 1H 캡처 완료 (60)
[TradingView] 4H 캡처 완료 (240)
[TradingView] Daily 캡처 완료 (D)
[TradingView] Weekly 캡처 완료 (W)
[TradingView] Monthly 캡처 완료 (M)
[[SP500 차트분석]] INTU 차트 5개 처리 완료
[TradingView] PG 브라우저 세션 시작  (로그인 세션)...
[TradingView] 1H 캡처 완료 (60)
[TradingView] 4H 캡처 완료 (240)
[TradingView] Daily 캡처 완료 (D)
[TradingView] Weekly 캡처 완료 (W)
[TradingView] Monthly 캡처 완료 (M)
[[SP500 차트분석]] PG 차트 5개 처리 완료
[TradingView] BA 브라우저 세션 시작  (로그인 세션)...
[TradingView] 1H 캡처 완료 (60)
[TradingView] 4H 캡처 완료 (240)
[TradingView] Daily 캡처 완료 (D)
[TradingView] Weekly 캡처 완료 (W)
[TradingView] Monthly 캡처 완료 (M)
[[SP500 차트분석]] BA 차트 5개 처리 완료
[TradingView] CDNS 브라우저 세션 시작  (로그인 세션)...
[TradingView] 1H 캡처 완료 (60)
[TradingView] 4H 캡처 완료 (240)
[TradingView] Daily 캡처 완료 (D)
[TradingView] Weekly 캡처 완료 (W)
[TradingView] Monthly 캡처 완료 (M)
[[SP500 차트분석]] CDNS 차트 5개 처리 완료
[TradingView] MCD 브라우저 세션 시작  (로그인 세션)...
[TradingView] 1H 캡처 완료 (60)
[TradingView] 4H 캡처 완료 (240)
[TradingView] Daily 캡처 완료 (D)
[TradingView] Weekly 캡처 완료 (W)
[TradingView] Monthly 캡처 완료 (M)
[[SP500 차트분석]] MCD 차트 5개 처리 완료
[TradingView] NKE 브라우저 세션 시작  (로그인 세션)...
[TradingView] 1H 캡처 완료 (60)
[TradingView] 4H 캡처 완료 (240)
[TradingView] Daily 캡처 완료 (D)
[TradingView] Weekly 캡처 완료 (W)
[TradingView] Monthly 캡처 완료 (M)
[[SP500 차트분석]] NKE 차트 5개 처리 완료
[TradingView] SYK 브라우저 세션 시작  (로그인 세션)...
[TradingView] 1H 캡처 완료 (60)
[TradingView] 4H 캡처 완료 (240)
[TradingView] Daily 캡처 완료 (D)
[TradingView] Weekly 캡처 완료 (W)
[TradingView] Monthly 캡처 완료 (M)
[[SP500 차트분석]] SYK 차트 5개 처리 완료
[TradingView] TJX 브라우저 세션 시작  (로그인 세션)...
[TradingView] 1H 캡처 완료 (60)
[TradingView] 4H 캡처 완료 (240)
[TradingView] Daily 캡처 완료 (D)
[TradingView] Weekly 캡처 완료 (W)
[TradingView] Monthly 캡처 완료 (M)
[[SP500 차트분석]] TJX 차트 5개 처리 완료
[TradingView] APP 브라우저 세션 시작  (로그인 세션)...
[TradingView] 1H 캡처 완료 (60)
[TradingView] 4H 캡처 완료 (240)
[TradingView] Daily 캡처 완료 (D)
[TradingView] Weekly 캡처 완료 (W)
[TradingView] Monthly 캡처 완료 (M)
[[SP500 차트분석]] APP 차트 5개 처리 완료
[TradingView] AXP 브라우저 세션 시작  (로그인 세션)...
[TradingView] 1H 캡처 완료 (60)
[TradingView] 4H 캡처 완료 (240)
[TradingView] Daily 캡처 완료 (D)
[TradingView] Weekly 캡처 완료 (W)
[TradingView] Monthly 캡처 완료 (M)
[[SP500 차트분석]] AXP 차트 5개 처리 완료
[TradingView] HD 브라우저 세션 시작  (로그인 세션)...
[TradingView] 1H 캡처 완료 (60)
[TradingView] 4H 캡처 완료 (240)
[TradingView] Daily 캡처 완료 (D)
[TradingView] Weekly 캡처 완료 (W)
[TradingView] Monthly 캡처 완료 (M)
[[SP500 차트분석]] HD 차트 5개 처리 완료
[TradingView] HWM 브라우저 세션 시작  (로그인 세션)...
[TradingView] 1H 캡처 완료 (60)
[TradingView] 4H 캡처 완료 (240)
[TradingView] Daily 캡처 완료 (D)
[TradingView] Weekly 캡처 완료 (W)
[TradingView] Monthly 캡처 완료 (M)
[[SP500 차트분석]] HWM 차트 5개 처리 완료
[TradingView] LULU 브라우저 세션 시작  (로그인 세션)...
[TradingView] 1H 캡처 완료 (60)
[TradingView] 4H 캡처 완료 (240)
[TradingView] Daily 캡처 완료 (D)
[TradingView] Weekly 캡처 완료 (W)
[TradingView] Monthly 캡처 완료 (M)
[[SP500 차트분석]] LULU 차트 5개 처리 완료
[TradingView] MMYT 브라우저 세션 시작  (로그인 세션)...
[TradingView] 1H 캡처 완료 (60)
[TradingView] 4H 캡처 완료 (240)
[TradingView] Daily 캡처 완료 (D)
[TradingView] Weekly 캡처 완료 (W)
[TradingView] Monthly 캡처 완료 (M)
[[SP500 차트분석]] MMYT 차트 5개 처리 완료
[TradingView] 티커 매핑 적용: NBM.V -> NBM
[TradingView] NBM.V 브라우저 세션 시작  (로그인 세션)...
[TradingView] 1H 캡처 완료 (60)
[TradingView] 4H 캡처 완료 (240)
[TradingView] Daily 캡처 완료 (D)
[TradingView] Weekly 캡처 완료 (W)
[TradingView] Monthly 캡처 완료 (M)
[[SP500 차트분석]] NBM.V 차트 5개 처리 완료
[[SP500 차트분석]] 차트 캡처 완료
[[SP500 차트분석]] GitHub에 차트 이미지 푸시 중...
rm 'charts/screenshots/AAPL/AAPL_1H_20260920_055106.png'
rm 'charts/screenshots/AAPL/AAPL_4H_20260920_055106.png'
rm 'charts/screenshots/AAPL/AAPL_Daily_20260920_055106.png'
rm 'charts/screenshots/AAPL/AAPL_Monthly_20260920_055106.png'
rm 'charts/screenshots/AAPL/AAPL_Weekly_20260920_055106.png'
rm 'charts/screenshots/ABBV/ABBV_1H_20260920_055031.png'
rm 'charts/screenshots/ABBV/ABBV_4H_20260920_055031.png'
rm 'charts/screenshots/ABBV/ABBV_Daily_20260920_055031.png'
rm 'charts/screenshots/ABBV/ABBV_Monthly_20260920_055031.png'
rm 'charts/screenshots/ABBV/ABBV_Weekly_20260920_055031.png'
rm 'charts/screenshots/ABNB/ABNB_1H_20260920_055749.png'
rm 'charts/screenshots/ABNB/ABNB_4H_20260920_055749.png'
rm 'charts/screenshots/ABNB/ABNB_Daily_20260920_055749.png'
rm 'charts/screenshots/ABNB/ABNB_Monthly_20260920_055749.png'
rm 'charts/screenshots/ABNB/ABNB_Weekly_20260920_055749.png'
rm 'charts/screenshots/ABT/ABT_1H_20260920_054637.png'
rm 'charts/screenshots/ABT/ABT_4H_20260920_054637.png'
rm 'charts/screenshots/ABT/ABT_Daily_20260920_054637.png'
rm 'charts/screenshots/ABT/ABT_Monthly_20260920_054637.png'
rm 'charts/screenshots/ABT/ABT_Weekly_20260920_054637.png'
rm 'charts/screenshots/ACN/ACN_1H_20260920_061935.png'
rm 'charts/screenshots/ACN/ACN_4H_20260920_061935.png'
rm 'charts/screenshots/ACN/ACN_Daily_20260920_061935.png'
rm 'charts/screenshots/ACN/ACN_Monthly_20260920_061935.png'
rm 'charts/screenshots/ACN/ACN_Weekly_20260920_061935.png'
rm 'charts/screenshots/ADBE/ADBE_1H_20260920_055716.png'
rm 'charts/screenshots/ADBE/ADBE_4H_20260920_055716.png'
rm 'charts/screenshots/ADBE/ADBE_Daily_20260920_055716.png'
rm 'charts/screenshots/ADBE/ADBE_Monthly_20260920_055716.png'
rm 'charts/screenshots/ADBE/ADBE_Weekly_20260920_055716.png'
rm 'charts/screenshots/ADI/ADI_1H_20260920_061902.png'
rm 'charts/screenshots/ADI/ADI_4H_20260920_061902.png'
rm 'charts/screenshots/ADI/ADI_Daily_20260920_061902.png'
rm 'charts/screenshots/ADI/ADI_Monthly_20260920_061902.png'
rm 'charts/screenshots/ADI/ADI_Weekly_20260920_061902.png'
rm 'charts/screenshots/AMD/AMD_1H_20260920_060720.png'
rm 'charts/screenshots/AMD/AMD_4H_20260920_060720.png'
rm 'charts/screenshots/AMD/AMD_Daily_20260920_060720.png'
rm 'charts/screenshots/AMD/AMD_Monthly_20260920_060720.png'
rm 'charts/screenshots/AMD/AMD_Weekly_20260920_060720.png'
rm 'charts/screenshots/AMGN/AMGN_1H_20260920_054138.png'
rm 'charts/screenshots/AMGN/AMGN_4H_20260920_054138.png'
rm 'charts/screenshots/AMGN/AMGN_Daily_20260920_054138.png'
rm 'charts/screenshots/AMGN/AMGN_Monthly_20260920_054138.png'
rm 'charts/screenshots/AMGN/AMGN_Weekly_20260920_054138.png'
rm 'charts/screenshots/AMZN/AMZN_1H_20260920_062042.png'
rm 'charts/screenshots/AMZN/AMZN_4H_20260920_062042.png'
rm 'charts/screenshots/AMZN/AMZN_Daily_20260920_062042.png'
rm 'charts/screenshots/AMZN/AMZN_Monthly_20260920_062042.png'
rm 'charts/screenshots/AMZN/AMZN_Weekly_20260920_062042.png'
rm 'charts/screenshots/ANET/ANET_1H_20260920_060506.png'
rm 'charts/screenshots/ANET/ANET_4H_20260920_060506.png'
rm 'charts/screenshots/ANET/ANET_Daily_20260920_060506.png'
rm 'charts/screenshots/ANET/ANET_Monthly_20260920_060506.png'
rm 'charts/screenshots/ANET/ANET_Weekly_20260920_060506.png'
rm 'charts/screenshots/APH/APH_1H_20260920_061538.png'
rm 'charts/screenshots/APH/APH_4H_20260920_061538.png'
rm 'charts/screenshots/APH/APH_Daily_20260920_061538.png'
rm 'charts/screenshots/APH/APH_Monthly_20260920_061538.png'
rm 'charts/screenshots/APH/APH_Weekly_20260920_061538.png'
rm 'charts/screenshots/APP/APP_1H_20260920_062833.png'
rm 'charts/screenshots/APP/APP_4H_20260920_062833.png'
rm 'charts/screenshots/APP/APP_Daily_20260920_062833.png'
rm 'charts/screenshots/APP/APP_Monthly_20260920_062833.png'
rm 'charts/screenshots/APP/APP_Weekly_20260920_062833.png'
rm 'charts/screenshots/ASML/ASML_1H_20260920_061754.png'
rm 'charts/screenshots/ASML/ASML_4H_20260920_061754.png'
rm 'charts/screenshots/ASML/ASML_Daily_20260920_061754.png'
rm 'charts/screenshots/ASML/ASML_Monthly_20260920_061754.png'
rm 'charts/screenshots/ASML/ASML_Weekly_20260920_061754.png'
rm 'charts/screenshots/AXP/AXP_1H_20260920_062907.png'
rm 'charts/screenshots/AXP/AXP_4H_20260920_062907.png'
rm 'charts/screenshots/AXP/AXP_Daily_20260920_062907.png'
rm 'charts/screenshots/AXP/AXP_Monthly_20260920_062907.png'
rm 'charts/screenshots/AXP/AXP_Weekly_20260920_062907.png'
rm 'charts/screenshots/BA/BA_1H_20260920_062510.png'
rm 'charts/screenshots/BA/BA_4H_20260920_062510.png'
rm 'charts/screenshots/BA/BA_Daily_20260920_062510.png'
rm 'charts/screenshots/BA/BA_Monthly_20260920_062510.png'
rm 'charts/screenshots/BA/BA_Weekly_20260920_062510.png'
rm 'charts/screenshots/BAC/BAC_1H_20260920_060251.png'
rm 'charts/screenshots/BAC/BAC_4H_20260920_060251.png'
rm 'charts/screenshots/BAC/BAC_Daily_20260920_060251.png'
rm 'charts/screenshots/BAC/BAC_Monthly_20260920_060251.png'
rm 'charts/screenshots/BAC/BAC_Weekly_20260920_060251.png'
rm 'charts/screenshots/BKNG/BKNG_1H_20260920_060003.png'
rm 'charts/screenshots/BKNG/BKNG_4H_20260920_060003.png'
rm 'charts/screenshots/BKNG/BKNG_Daily_20260920_060003.png'
rm 'charts/screenshots/BKNG/BKNG_Monthly_20260920_060003.png'
rm 'charts/screenshots/BKNG/BKNG_Weekly_20260920_060003.png'
rm 'charts/screenshots/BRK-B/BRK-B_1H_20260920_061326.png'
rm 'charts/screenshots/BRK-B/BRK-B_4H_20260920_061326.png'
rm 'charts/screenshots/BRK-B/BRK-B_Daily_20260920_061326.png'
rm 'charts/screenshots/BRK-B/BRK-B_Monthly_20260920_061326.png'
rm 'charts/screenshots/BRK-B/BRK-B_Weekly_20260920_061326.png'
rm 'charts/screenshots/C/C_1H_20260920_060828.png'
rm 'charts/screenshots/C/C_4H_20260920_060828.png'
rm 'charts/screenshots/C/C_Daily_20260920_060828.png'
rm 'charts/screenshots/C/C_Monthly_20260920_060828.png'
rm 'charts/screenshots/C/C_Weekly_20260920_060828.png'
rm 'charts/screenshots/CDNS/CDNS_1H_20260920_062544.png'
rm 'charts/screenshots/CDNS/CDNS_4H_20260920_062544.png'
rm 'charts/screenshots/CDNS/CDNS_Daily_20260920_062544.png'
rm 'charts/screenshots/CDNS/CDNS_Monthly_20260920_062544.png'
rm 'charts/screenshots/CDNS/CDNS_Weekly_20260920_062544.png'
rm 'charts/screenshots/CEG/CEG_1H_20260920_062330.png'
rm 'charts/screenshots/CEG/CEG_4H_20260920_062330.png'
rm 'charts/screenshots/CEG/CEG_Daily_20260920_062330.png'
rm 'charts/screenshots/CEG/CEG_Monthly_20260920_062330.png'
rm 'charts/screenshots/CEG/CEG_Weekly_20260920_062330.png'
rm 'charts/screenshots/COF/COF_1H_20260920_055854.png'
rm 'charts/screenshots/COF/COF_4H_20260920_055854.png'
rm 'charts/screenshots/COF/COF_Daily_20260920_055854.png'
rm 'charts/screenshots/COF/COF_Monthly_20260920_055854.png'
rm 'charts/screenshots/COF/COF_Weekly_20260920_055854.png'
rm 'charts/screenshots/COIN/COIN_1H_20260920_055608.png'
rm 'charts/screenshots/COIN/COIN_4H_20260920_055608.png'
rm 'charts/screenshots/COIN/COIN_Daily_20260920_055608.png'
rm 'charts/screenshots/COIN/COIN_Monthly_20260920_055608.png'
rm 'charts/screenshots/COIN/COIN_Weekly_20260920_055608.png'
rm 'charts/screenshots/COP/COP_1H_20260920_054818.png'
rm 'charts/screenshots/COP/COP_4H_20260920_054818.png'
rm 'charts/screenshots/COP/COP_Daily_20260920_054818.png'
rm 'charts/screenshots/COP/COP_Monthly_20260920_054818.png'
rm 'charts/screenshots/COP/COP_Weekly_20260920_054818.png'
rm 'charts/screenshots/CRM/CRM_1H_20260920_054458.png'
rm 'charts/screenshots/CRM/CRM_4H_20260920_054458.png'
rm 'charts/screenshots/CRM/CRM_Daily_20260920_054458.png'
rm 'charts/screenshots/CRM/CRM_Monthly_20260920_054458.png'
rm 'charts/screenshots/CRM/CRM_Weekly_20260920_054458.png'
rm 'charts/screenshots/CRWD/CRWD_1H_20260920_055319.png'
rm 'charts/screenshots/CRWD/CRWD_4H_20260920_055319.png'
rm 'charts/screenshots/CRWD/CRWD_Daily_20260920_055319.png'
rm 'charts/screenshots/CRWD/CRWD_Monthly_20260920_055319.png'
rm 'charts/screenshots/CRWD/CRWD_Weekly_20260920_055319.png'
rm 'charts/screenshots/CSCO/CSCO_1H_20260920_055352.png'
rm 'charts/screenshots/CSCO/CSCO_4H_20260920_055352.png'
rm 'charts/screenshots/CSCO/CSCO_Daily_20260920_055352.png'
rm 'charts/screenshots/CSCO/CSCO_Monthly_20260920_055352.png'
rm 'charts/screenshots/CSCO/CSCO_Weekly_20260920_055352.png'
rm 'charts/screenshots/CVX/CVX_1H_20260920_053923.png'
rm 'charts/screenshots/CVX/CVX_4H_20260920_053923.png'
rm 'charts/screenshots/CVX/CVX_Daily_20260920_053923.png'
rm 'charts/screenshots/CVX/CVX_Monthly_20260920_053923.png'
rm 'charts/screenshots/CVX/CVX_Weekly_20260920_053923.png'
rm 'charts/screenshots/DASH/DASH_1H_20260920_054711.png'
rm 'charts/screenshots/DASH/DASH_4H_20260920_054711.png'
rm 'charts/screenshots/DASH/DASH_Daily_20260920_054711.png'
rm 'charts/screenshots/DASH/DASH_Monthly_20260920_054711.png'
rm 'charts/screenshots/DASH/DASH_Weekly_20260920_054711.png'
rm 'charts/screenshots/DDOG/DDOG_1H_20260920_062149.png'
rm 'charts/screenshots/DDOG/DDOG_4H_20260920_062149.png'
rm 'charts/screenshots/DDOG/DDOG_Daily_20260920_062149.png'
rm 'charts/screenshots/DDOG/DDOG_Monthly_20260920_062149.png'
rm 'charts/screenshots/DDOG/DDOG_Weekly_20260920_062149.png'
rm 'charts/screenshots/DE/DE_1H_20260920_060540.png'
rm 'charts/screenshots/DE/DE_4H_20260920_060540.png'
rm 'charts/screenshots/DE/DE_Daily_20260920_060540.png'
rm 'charts/screenshots/DE/DE_Monthly_20260920_060540.png'
rm 'charts/screenshots/DE/DE_Weekly_20260920_060540.png'
rm 'charts/screenshots/DELL/DELL_1H_20260920_060613.png'
rm 'charts/screenshots/DELL/DELL_4H_20260920_060613.png'
rm 'charts/screenshots/DELL/DELL_Daily_20260920_060613.png'
rm 'charts/screenshots/DELL/DELL_Monthly_20260920_060613.png'
rm 'charts/screenshots/DELL/DELL_Weekly_20260920_060613.png'
rm 'charts/screenshots/DHR/DHR_1H_20260920_061114.png'
rm 'charts/screenshots/DHR/DHR_4H_20260920_061114.png'
rm 'charts/screenshots/DHR/DHR_Daily_20260920_061114.png'
rm 'charts/screenshots/DHR/DHR_Monthly_20260920_061114.png'
rm 'charts/screenshots/DHR/DHR_Weekly_20260920_061114.png'
rm 'charts/screenshots/DIS/DIS_1H_20260920_055642.png'
rm 'charts/screenshots/DIS/DIS_4H_20260920_055642.png'
rm 'charts/screenshots/DIS/DIS_Daily_20260920_055642.png'
rm 'charts/screenshots/DIS/DIS_Monthly_20260920_055642.png'
rm 'charts/screenshots/DIS/DIS_Weekly_20260920_055642.png'
rm 'charts/screenshots/FCX/FCX_1H_20260920_062223.png'
rm 'charts/screenshots/FCX/FCX_4H_20260920_062223.png'
rm 'charts/screenshots/FCX/FCX_Daily_20260920_062223.png'
rm 'charts/screenshots/FCX/FCX_Monthly_20260920_062223.png'
rm 'charts/screenshots/FCX/FCX_Weekly_20260920_062223.png'
rm 'charts/screenshots/FTNT/FTNT_1H_20260920_055246.png'
rm 'charts/screenshots/FTNT/FTNT_4H_20260920_055246.png'
rm 'charts/screenshots/FTNT/FTNT_Daily_20260920_055246.png'
rm 'charts/screenshots/FTNT/FTNT_Monthly_20260920_055246.png'
rm 'charts/screenshots/FTNT/FTNT_Weekly_20260920_055246.png'
rm 'charts/screenshots/GE/GE_1H_20260920_062257.png'
rm 'charts/screenshots/GE/GE_4H_20260920_062257.png'
rm 'charts/screenshots/GE/GE_Daily_20260920_062257.png'
rm 'charts/screenshots/GE/GE_Monthly_20260920_062257.png'
rm 'charts/screenshots/GE/GE_Weekly_20260920_062257.png'
rm 'charts/screenshots/GILD/GILD_1H_20260920_054352.png'
rm 'charts/screenshots/GILD/GILD_4H_20260920_054352.png'
rm 'charts/screenshots/GILD/GILD_Daily_20260920_054352.png'
rm 'charts/screenshots/GILD/GILD_Monthly_20260920_054352.png'
rm 'charts/screenshots/GILD/GILD_Weekly_20260920_054352.png'
rm 'charts/screenshots/GOOGL/GOOGL_1H_20260920_062115.png'
rm 'charts/screenshots/GOOGL/GOOGL_4H_20260920_062115.png'
rm 'charts/screenshots/GOOGL/GOOGL_Daily_20260920_062115.png'
rm 'charts/screenshots/GOOGL/GOOGL_Monthly_20260920_062115.png'
rm 'charts/screenshots/GOOGL/GOOGL_Weekly_20260920_062115.png'
rm 'charts/screenshots/HD/HD_1H_20260920_062942.png'
rm 'charts/screenshots/HD/HD_4H_20260920_062942.png'
rm 'charts/screenshots/HD/HD_Daily_20260920_062942.png'
rm 'charts/screenshots/HD/HD_Monthly_20260920_062942.png'
rm 'charts/screenshots/HD/HD_Weekly_20260920_062942.png'
rm 'charts/screenshots/HOOD/HOOD_1H_20260920_060433.png'
rm 'charts/screenshots/HOOD/HOOD_4H_20260920_060433.png'
rm 'charts/screenshots/HOOD/HOOD_Daily_20260920_060433.png'
rm 'charts/screenshots/HOOD/HOOD_Monthly_20260920_060433.png'
rm 'charts/screenshots/HOOD/HOOD_Weekly_20260920_060433.png'
rm 'charts/screenshots/HPE/HPE_1H_20260920_061611.png'
rm 'charts/screenshots/HPE/HPE_4H_20260920_061611.png'
rm 'charts/screenshots/HPE/HPE_Daily_20260920_061611.png'
rm 'charts/screenshots/HPE/HPE_Monthly_20260920_061611.png'
rm 'charts/screenshots/HPE/HPE_Weekly_20260920_061611.png'
rm 'charts/screenshots/HWM/HWM_1H_20260920_063016.png'
rm 'charts/screenshots/HWM/HWM_4H_20260920_063016.png'
rm 'charts/screenshots/HWM/HWM_Daily_20260920_063016.png'
rm 'charts/screenshots/HWM/HWM_Monthly_20260920_063016.png'
rm 'charts/screenshots/HWM/HWM_Weekly_20260920_063016.png'
rm 'charts/screenshots/INTC/INTC_1H_20260920_060646.png'
rm 'charts/screenshots/INTC/INTC_4H_20260920_060646.png'
rm 'charts/screenshots/INTC/INTC_Daily_20260920_060646.png'
rm 'charts/screenshots/INTC/INTC_Monthly_20260920_060646.png'
rm 'charts/screenshots/INTC/INTC_Weekly_20260920_060646.png'
rm 'charts/screenshots/INTU/INTU_1H_20260920_062403.png'
rm 'charts/screenshots/INTU/INTU_4H_20260920_062403.png'
rm 'charts/screenshots/INTU/INTU_Daily_20260920_062403.png'
rm 'charts/screenshots/INTU/INTU_Monthly_20260920_062403.png'
rm 'charts/screenshots/INTU/INTU_Weekly_20260920_062403.png'
rm 'charts/screenshots/IWM/IWM_1H_20260920_061359.png'
rm 'charts/screenshots/IWM/IWM_4H_20260920_061359.png'
rm 'charts/screenshots/IWM/IWM_Daily_20260920_061359.png'
rm 'charts/screenshots/IWM/IWM_Monthly_20260920_061359.png'
rm 'charts/screenshots/IWM/IWM_Weekly_20260920_061359.png'
rm 'charts/screenshots/JNJ/JNJ_1H_20260920_060217.png'
rm 'charts/screenshots/JNJ/JNJ_4H_20260920_060217.png'
rm 'charts/screenshots/JNJ/JNJ_Daily_20260920_060217.png'
rm 'charts/screenshots/JNJ/JNJ_Monthly_20260920_060217.png'
rm 'charts/screenshots/JNJ/JNJ_Weekly_20260920_060217.png'
rm 'charts/screenshots/JPM/JPM_1H_20260920_055139.png'
rm 'charts/screenshots/JPM/JPM_4H_20260920_055139.png'
rm 'charts/screenshots/JPM/JPM_Daily_20260920_055139.png'
rm 'charts/screenshots/JPM/JPM_Monthly_20260920_055139.png'
rm 'charts/screenshots/JPM/JPM_Weekly_20260920_055139.png'
rm 'charts/screenshots/KO/KO_1H_20260920_061505.png'
rm 'charts/screenshots/KO/KO_4H_20260920_061505.png'
rm 'charts/screenshots/KO/KO_Daily_20260920_061505.png'
rm 'charts/screenshots/KO/KO_Monthly_20260920_061505.png'
rm 'charts/screenshots/KO/KO_Weekly_20260920_061505.png'
rm 'charts/screenshots/LLY/LLY_1H_20260920_061147.png'
rm 'charts/screenshots/LLY/LLY_4H_20260920_061147.png'
rm 'charts/screenshots/LLY/LLY_Daily_20260920_061147.png'
rm 'charts/screenshots/LLY/LLY_Monthly_20260920_061147.png'
rm 'charts/screenshots/LLY/LLY_Weekly_20260920_061147.png'
rm 'charts/screenshots/LULU/LULU_1H_20260920_063050.png'
rm 'charts/screenshots/LULU/LULU_4H_20260920_063050.png'
rm 'charts/screenshots/LULU/LULU_Daily_20260920_063050.png'
rm 'charts/screenshots/LULU/LULU_Monthly_20260920_063050.png'
rm 'charts/screenshots/LULU/LULU_Weekly_20260920_063050.png'
rm 'charts/screenshots/MA/MA_1H_20260920_054852.png'
rm 'charts/screenshots/MA/MA_4H_20260920_054852.png'
rm 'charts/screenshots/MA/MA_Daily_20260920_054852.png'
rm 'charts/screenshots/MA/MA_Monthly_20260920_054852.png'
rm 'charts/screenshots/MA/MA_Weekly_20260920_054852.png'
rm 'charts/screenshots/MCD/MCD_1H_20260920_062618.png'
rm 'charts/screenshots/MCD/MCD_4H_20260920_062618.png'
rm 'charts/screenshots/MCD/MCD_Daily_20260920_062618.png'
rm 'charts/screenshots/MCD/MCD_Monthly_20260920_062618.png'
rm 'charts/screenshots/MCD/MCD_Weekly_20260920_062618.png'
rm 'charts/screenshots/MCK/MCK_1H_20260920_054211.png'
rm 'charts/screenshots/MCK/MCK_4H_20260920_054211.png'
rm 'charts/screenshots/MCK/MCK_Daily_20260920_054211.png'
rm 'charts/screenshots/MCK/MCK_Monthly_20260920_054211.png'
rm 'charts/screenshots/MCK/MCK_Weekly_20260920_054211.png'
rm 'charts/screenshots/MDT/MDT_1H_20260920_055213.png'
rm 'charts/screenshots/MDT/MDT_4H_20260920_055213.png'
rm 'charts/screenshots/MDT/MDT_Daily_20260920_055213.png'
rm 'charts/screenshots/MDT/MDT_Monthly_20260920_055213.png'
rm 'charts/screenshots/MDT/MDT_Weekly_20260920_055213.png'
rm 'charts/screenshots/MELI/MELI_1H_20260920_055928.png'
rm 'charts/screenshots/MELI/MELI_4H_20260920_055928.png'
rm 'charts/screenshots/MELI/MELI_Daily_20260920_055928.png'
rm 'charts/screenshots/MELI/MELI_Monthly_20260920_055928.png'
rm 'charts/screenshots/MELI/MELI_Weekly_20260920_055928.png'
rm 'charts/screenshots/META/META_1H_20260920_054425.png'
rm 'charts/screenshots/META/META_4H_20260920_054425.png'
rm 'charts/screenshots/META/META_Daily_20260920_054425.png'
rm 'charts/screenshots/META/META_Monthly_20260920_054425.png'
rm 'charts/screenshots/META/META_Weekly_20260920_054425.png'
rm 'charts/screenshots/MPC/MPC_1H_20260920_053957.png'
rm 'charts/screenshots/MPC/MPC_4H_20260920_053957.png'
rm 'charts/screenshots/MPC/MPC_Daily_20260920_053957.png'
rm 'charts/screenshots/MPC/MPC_Monthly_20260920_053957.png'
rm 'charts/screenshots/MPC/MPC_Weekly_20260920_053957.png'
rm 'charts/screenshots/MRK/MRK_1H_20260920_054531.png'
rm 'charts/screenshots/MRK/MRK_4H_20260920_054531.png'
rm 'charts/screenshots/MRK/MRK_Daily_20260920_054531.png'
rm 'charts/screenshots/MRK/MRK_Monthly_20260920_054531.png'
rm 'charts/screenshots/MRK/MRK_Weekly_20260920_054531.png'
rm 'charts/screenshots/MRNA/MRNA_1H_20260920_055425.png'
rm 'charts/screenshots/MRNA/MRNA_4H_20260920_055425.png'
rm 'charts/screenshots/MRNA/MRNA_Daily_20260920_055425.png'
rm 'charts/screenshots/MRNA/MRNA_Monthly_20260920_055425.png'
rm 'charts/screenshots/MRNA/MRNA_Weekly_20260920_055425.png'
rm 'charts/screenshots/MRVL/MRVL_1H_20260920_062008.png'
rm 'charts/screenshots/MRVL/MRVL_4H_20260920_062008.png'
rm 'charts/screenshots/MRVL/MRVL_Daily_20260920_062008.png'
rm 'charts/screenshots/MRVL/MRVL_Monthly_20260920_062008.png'
rm 'charts/screenshots/MRVL/MRVL_Weekly_20260920_062008.png'
rm 'charts/screenshots/MS/MS_1H_20260920_061719.png'
rm 'charts/screenshots/MS/MS_4H_20260920_061719.png'
rm 'charts/screenshots/MS/MS_Daily_20260920_061719.png'
rm 'charts/screenshots/MS/MS_Monthly_20260920_061719.png'
rm 'charts/screenshots/MS/MS_Weekly_20260920_061719.png'
rm 'charts/screenshots/MSFT/MSFT_1H_20260920_055500.png'
rm 'charts/screenshots/MSFT/MSFT_4H_20260920_055500.png'
rm 'charts/screenshots/MSFT/MSFT_Daily_20260920_055500.png'
rm 'charts/screenshots/MSFT/MSFT_Monthly_20260920_055500.png'
rm 'charts/screenshots/MSFT/MSFT_Weekly_20260920_055500.png'
rm 'charts/screenshots/MU/MU_1H_20260920_061220.png'
rm 'charts/screenshots/MU/MU_4H_20260920_061220.png'
rm 'charts/screenshots/MU/MU_Daily_20260920_061220.png'
rm 'charts/screenshots/MU/MU_Monthly_20260920_061220.png'
rm 'charts/screenshots/MU/MU_Weekly_20260920_061220.png'
rm 'charts/screenshots/NBM.V/NBM.V_1H_20260920_063125.png'
rm 'charts/screenshots/NBM.V/NBM.V_4H_20260920_063125.png'
rm 'charts/screenshots/NBM.V/NBM.V_Daily_20260920_063125.png'
rm 'charts/screenshots/NBM.V/NBM.V_Monthly_20260920_063125.png'
rm 'charts/screenshots/NBM.V/NBM.V_Weekly_20260920_063125.png'
rm 'charts/screenshots/NEM/NEM_1H_20260920_060902.png'
rm 'charts/screenshots/NEM/NEM_4H_20260920_060902.png'
rm 'charts/screenshots/NEM/NEM_Daily_20260920_060902.png'
rm 'charts/screenshots/NEM/NEM_Monthly_20260920_060902.png'
rm 'charts/screenshots/NEM/NEM_Weekly_20260920_060902.png'
rm 'charts/screenshots/NKE/NKE_1H_20260920_062652.png'
rm 'charts/screenshots/NKE/NKE_4H_20260920_062652.png'
rm 'charts/screenshots/NKE/NKE_Daily_20260920_062652.png'
rm 'charts/screenshots/NKE/NKE_Monthly_20260920_062652.png'
rm 'charts/screenshots/NKE/NKE_Weekly_20260920_062652.png'
rm 'charts/screenshots/NOW/NOW_1H_20260920_060325.png'
rm 'charts/screenshots/NOW/NOW_4H_20260920_060325.png'
rm 'charts/screenshots/NOW/NOW_Daily_20260920_060325.png'
rm 'charts/screenshots/NOW/NOW_Monthly_20260920_060325.png'
rm 'charts/screenshots/NOW/NOW_Weekly_20260920_060325.png'
rm 'charts/screenshots/NVDA/NVDA_1H_20260920_060111.png'
rm 'charts/screenshots/NVDA/NVDA_4H_20260920_060111.png'
rm 'charts/screenshots/NVDA/NVDA_Daily_20260920_060111.png'
rm 'charts/screenshots/NVDA/NVDA_Monthly_20260920_060111.png'
rm 'charts/screenshots/NVDA/NVDA_Weekly_20260920_060111.png'
rm 'charts/screenshots/OKTA/OKTA_1H_20260920_054604.png'
rm 'charts/screenshots/OKTA/OKTA_4H_20260920_054604.png'
rm 'charts/screenshots/OKTA/OKTA_Daily_20260920_054604.png'
rm 'charts/screenshots/OKTA/OKTA_Monthly_20260920_054604.png'
rm 'charts/screenshots/OKTA/OKTA_Weekly_20260920_054604.png'
rm 'charts/screenshots/PANW/PANW_1H_20260920_055534.png'
rm 'charts/screenshots/PANW/PANW_4H_20260920_055534.png'
rm 'charts/screenshots/PANW/PANW_Daily_20260920_055534.png'
rm 'charts/screenshots/PANW/PANW_Monthly_20260920_055534.png'
rm 'charts/screenshots/PANW/PANW_Weekly_20260920_055534.png'
rm 'charts/screenshots/PFE/PFE_1H_20260920_053815.png'
rm 'charts/screenshots/PFE/PFE_4H_20260920_053815.png'
rm 'charts/screenshots/PFE/PFE_Daily_20260920_053815.png'
rm 'charts/screenshots/PFE/PFE_Monthly_20260920_053815.png'
rm 'charts/screenshots/PFE/PFE_Weekly_20260920_053815.png'
rm 'charts/screenshots/PG/PG_1H_20260920_062436.png'
rm 'charts/screenshots/PG/PG_4H_20260920_062436.png'
rm 'charts/screenshots/PG/PG_Daily_20260920_062436.png'
rm 'charts/screenshots/PG/PG_Monthly_20260920_062436.png'
rm 'charts/screenshots/PG/PG_Weekly_20260920_062436.png'
rm 'charts/screenshots/PLTR/PLTR_1H_20260920_060144.png'
rm 'charts/screenshots/PLTR/PLTR_4H_20260920_060144.png'
rm 'charts/screenshots/PLTR/PLTR_Daily_20260920_060144.png'
rm 'charts/screenshots/PLTR/PLTR_Monthly_20260920_060144.png'
rm 'charts/screenshots/PLTR/PLTR_Weekly_20260920_060144.png'
rm 'charts/screenshots/PM/PM_1H_20260920_061253.png'
rm 'charts/screenshots/PM/PM_4H_20260920_061253.png'
rm 'charts/screenshots/PM/PM_Daily_20260920_061253.png'
rm 'charts/screenshots/PM/PM_Monthly_20260920_061253.png'
rm 'charts/screenshots/PM/PM_Weekly_20260920_061253.png'
rm 'charts/screenshots/PSX/PSX_1H_20260920_060754.png'
rm 'charts/screenshots/PSX/PSX_4H_20260920_060754.png'
rm 'charts/screenshots/PSX/PSX_Daily_20260920_060754.png'
rm 'charts/screenshots/PSX/PSX_Monthly_20260920_060754.png'
rm 'charts/screenshots/PSX/PSX_Weekly_20260920_060754.png'
rm 'charts/screenshots/PYPL/PYPL_1H_20260920_054745.png'
rm 'charts/screenshots/PYPL/PYPL_4H_20260920_054745.png'
rm 'charts/screenshots/PYPL/PYPL_Daily_20260920_054745.png'
rm 'charts/screenshots/PYPL/PYPL_Monthly_20260920_054745.png'
rm 'charts/screenshots/PYPL/PYPL_Weekly_20260920_054745.png'
rm 'charts/screenshots/QCOM/QCOM_1H_20260920_061041.png'
rm 'charts/screenshots/QCOM/QCOM_4H_20260920_061041.png'
rm 'charts/screenshots/QCOM/QCOM_Daily_20260920_061041.png'
rm 'charts/screenshots/QCOM/QCOM_Monthly_20260920_061041.png'
rm 'charts/screenshots/QCOM/QCOM_Weekly_20260920_061041.png'
rm 'charts/screenshots/QQQ/QQQ_1H_20260920_054245.png'
rm 'charts/screenshots/QQQ/QQQ_4H_20260920_054245.png'
rm 'charts/screenshots/QQQ/QQQ_Daily_20260920_054245.png'
rm 'charts/screenshots/QQQ/QQQ_Monthly_20260920_054245.png'
rm 'charts/screenshots/QQQ/QQQ_Weekly_20260920_054245.png'
rm 'charts/screenshots/RTX/RTX_1H_20260920_060037.png'
rm 'charts/screenshots/RTX/RTX_4H_20260920_060037.png'
rm 'charts/screenshots/RTX/RTX_Daily_20260920_060037.png'
rm 'charts/screenshots/RTX/RTX_Monthly_20260920_060037.png'
rm 'charts/screenshots/RTX/RTX_Weekly_20260920_060037.png'
rm 'charts/screenshots/SCHW/SCHW_1H_20260920_054924.png'
rm 'charts/screenshots/SCHW/SCHW_4H_20260920_054924.png'
rm 'charts/screenshots/SCHW/SCHW_Daily_20260920_054924.png'
rm 'charts/screenshots/SCHW/SCHW_Monthly_20260920_054924.png'
rm 'charts/screenshots/SCHW/SCHW_Weekly_20260920_054924.png'
rm 'charts/screenshots/SLB/SLB_1H_20260920_061645.png'
rm 'charts/screenshots/SLB/SLB_4H_20260920_061645.png'
rm 'charts/screenshots/SLB/SLB_Daily_20260920_061645.png'
rm 'charts/screenshots/SLB/SLB_Monthly_20260920_061645.png'
rm 'charts/screenshots/SLB/SLB_Weekly_20260920_061645.png'
rm 'charts/screenshots/SMCI/SMCI_1H_20260920_060359.png'
rm 'charts/screenshots/SMCI/SMCI_4H_20260920_060359.png'
rm 'charts/screenshots/SMCI/SMCI_Daily_20260920_060359.png'
rm 'charts/screenshots/SMCI/SMCI_Monthly_20260920_060359.png'
rm 'charts/screenshots/SMCI/SMCI_Weekly_20260920_060359.png'
rm 'charts/screenshots/SPGI/SPGI_1H_20260920_061433.png'
rm 'charts/screenshots/SPGI/SPGI_4H_20260920_061433.png'
rm 'charts/screenshots/SPGI/SPGI_Daily_20260920_061433.png'
rm 'charts/screenshots/SPGI/SPGI_Monthly_20260920_061433.png'
rm 'charts/screenshots/SPGI/SPGI_Weekly_20260920_061433.png'
rm 'charts/screenshots/SPY/SPY_1H_20260920_060935.png'
rm 'charts/screenshots/SPY/SPY_4H_20260920_060935.png'
rm 'charts/screenshots/SPY/SPY_Daily_20260920_060935.png'
rm 'charts/screenshots/SPY/SPY_Monthly_20260920_060935.png'
rm 'charts/screenshots/SPY/SPY_Weekly_20260920_060935.png'
rm 'charts/screenshots/SYK/SYK_1H_20260920_062725.png'
rm 'charts/screenshots/SYK/SYK_4H_20260920_062725.png'
rm 'charts/screenshots/SYK/SYK_Daily_20260920_062725.png'
rm 'charts/screenshots/SYK/SYK_Monthly_20260920_062725.png'
rm 'charts/screenshots/SYK/SYK_Weekly_20260920_062725.png'
rm 'charts/screenshots/T/T_1H_20260920_053849.png'
rm 'charts/screenshots/T/T_4H_20260920_053849.png'
rm 'charts/screenshots/T/T_Daily_20260920_053849.png'
rm 'charts/screenshots/T/T_Monthly_20260920_053849.png'
rm 'charts/screenshots/T/T_Weekly_20260920_053849.png'
rm 'charts/screenshots/TJX/TJX_1H_20260920_062758.png'
rm 'charts/screenshots/TJX/TJX_4H_20260920_062758.png'
rm 'charts/screenshots/TJX/TJX_Daily_20260920_062758.png'
rm 'charts/screenshots/TJX/TJX_Monthly_20260920_062758.png'
rm 'charts/screenshots/TJX/TJX_Weekly_20260920_062758.png'
rm 'charts/screenshots/TMO/TMO_1H_20260920_054319.png'
rm 'charts/screenshots/TMO/TMO_4H_20260920_054319.png'
rm 'charts/screenshots/TMO/TMO_Daily_20260920_054319.png'
rm 'charts/screenshots/TMO/TMO_Monthly_20260920_054319.png'
rm 'charts/screenshots/TMO/TMO_Weekly_20260920_054319.png'
rm 'charts/screenshots/UNH/UNH_1H_20260920_061828.png'
rm 'charts/screenshots/UNH/UNH_4H_20260920_061828.png'
rm 'charts/screenshots/UNH/UNH_Daily_20260920_061828.png'
rm 'charts/screenshots/UNH/UNH_Monthly_20260920_061828.png'
rm 'charts/screenshots/UNH/UNH_Weekly_20260920_061828.png'
rm 'charts/screenshots/V/V_1H_20260920_054031.png'
rm 'charts/screenshots/V/V_4H_20260920_054031.png'
rm 'charts/screenshots/V/V_Daily_20260920_054031.png'
rm 'charts/screenshots/V/V_Monthly_20260920_054031.png'
rm 'charts/screenshots/V/V_Weekly_20260920_054031.png'
rm 'charts/screenshots/VLO/VLO_1H_20260920_053742.png'
rm 'charts/screenshots/VLO/VLO_4H_20260920_053742.png'
rm 'charts/screenshots/VLO/VLO_Daily_20260920_053742.png'
rm 'charts/screenshots/VLO/VLO_Monthly_20260920_053742.png'
rm 'charts/screenshots/VLO/VLO_Weekly_20260920_053742.png'
rm 'charts/screenshots/VZ/VZ_1H_20260920_055822.png'
rm 'charts/screenshots/VZ/VZ_4H_20260920_055822.png'
rm 'charts/screenshots/VZ/VZ_Daily_20260920_055822.png'
rm 'charts/screenshots/VZ/VZ_Monthly_20260920_055822.png'
rm 'charts/screenshots/VZ/VZ_Weekly_20260920_055822.png'
rm 'charts/screenshots/WDAY/WDAY_1H_20260920_054957.png'
rm 'charts/screenshots/WDAY/WDAY_4H_20260920_054957.png'
rm 'charts/screenshots/WDAY/WDAY_Daily_20260920_054957.png'
rm 'charts/screenshots/WDAY/WDAY_Monthly_20260920_054957.png'
rm 'charts/screenshots/WDAY/WDAY_Weekly_20260920_054957.png'
rm 'charts/screenshots/WFC/WFC_1H_20260920_054105.png'
rm 'charts/screenshots/WFC/WFC_4H_20260920_054105.png'
rm 'charts/screenshots/WFC/WFC_Daily_20260920_054105.png'
rm 'charts/screenshots/WFC/WFC_Monthly_20260920_054105.png'
rm 'charts/screenshots/WFC/WFC_Weekly_20260920_054105.png'
rm 'charts/screenshots/XOM/XOM_1H_20260920_061008.png'
rm 'charts/screenshots/XOM/XOM_4H_20260920_061008.png'
rm 'charts/screenshots/XOM/XOM_Daily_20260920_061008.png'
rm 'charts/screenshots/XOM/XOM_Monthly_20260920_061008.png'
rm 'charts/screenshots/XOM/XOM_Weekly_20260920_061008.png'
[main 17f69d0] Update chart screenshots 1789973434
 974 files changed, 0 insertions(+), 0 deletions(-)
 delete mode 100644 charts/screenshots/AAPL/AAPL_1H_20260920_055106.png
 create mode 100644 charts/screenshots/AAPL/AAPL_1H_20260921_060524.png
 delete mode 100644 charts/screenshots/AAPL/AAPL_4H_20260920_055106.png
 create mode 100644 charts/screenshots/AAPL/AAPL_4H_20260921_060524.png
 delete mode 100644 charts/screenshots/AAPL/AAPL_Daily_20260920_055106.png
 create mode 100644 charts/screenshots/AAPL/AAPL_Daily_20260921_060524.png
 delete mode 100644 charts/screenshots/AAPL/AAPL_Monthly_20260920_055106.png
 create mode 100644 charts/screenshots/AAPL/AAPL_Monthly_20260921_060524.png
 delete mode 100644 charts/screenshots/AAPL/AAPL_Weekly_20260920_055106.png
 create mode 100644 charts/screenshots/AAPL/AAPL_Weekly_20260921_060524.png
 delete mode 100644 charts/screenshots/ABBV/ABBV_1H_20260920_055031.png
 create mode 100644 charts/screenshots/ABBV/ABBV_1H_20260921_060447.png
 delete mode 100644 charts/screenshots/ABBV/ABBV_4H_20260920_055031.png
 create mode 100644 charts/screenshots/ABBV/ABBV_4H_20260921_060447.png
 delete mode 100644 charts/screenshots/ABBV/ABBV_Daily_20260920_055031.png
 create mode 100644 charts/screenshots/ABBV/ABBV_Daily_20260921_060447.png
 delete mode 100644 charts/screenshots/ABBV/ABBV_Monthly_20260920_055031.png
 create mode 100644 charts/screenshots/ABBV/ABBV_Monthly_20260921_060447.png
 delete mode 100644 charts/screenshots/ABBV/ABBV_Weekly_20260920_055031.png
 create mode 100644 charts/screenshots/ABBV/ABBV_Weekly_20260921_060447.png
 delete mode 100644 charts/screenshots/ABNB/ABNB_1H_20260920_055749.png
 create mode 100644 charts/screenshots/ABNB/ABNB_1H_20260921_061242.png
 delete mode 100644 charts/screenshots/ABNB/ABNB_4H_20260920_055749.png
 create mode 100644 charts/screenshots/ABNB/ABNB_4H_20260921_061242.png
 delete mode 100644 charts/screenshots/ABNB/ABNB_Daily_20260920_055749.png
 create mode 100644 charts/screenshots/ABNB/ABNB_Daily_20260921_061242.png
 delete mode 100644 charts/screenshots/ABNB/ABNB_Monthly_20260920_055749.png
 create mode 100644 charts/screenshots/ABNB/ABNB_Monthly_20260921_061242.png
 delete mode 100644 charts/screenshots/ABNB/ABNB_Weekly_20260920_055749.png
 create mode 100644 charts/screenshots/ABNB/ABNB_Weekly_20260921_061242.png
 delete mode 100644 charts/screenshots/ABT/ABT_1H_20260920_054637.png
 create mode 100644 charts/screenshots/ABT/ABT_1H_20260921_060029.png
 delete mode 100644 charts/screenshots/ABT/ABT_4H_20260920_054637.png
 create mode 100644 charts/screenshots/ABT/ABT_4H_20260921_060029.png
 delete mode 100644 charts/screenshots/ABT/ABT_Daily_20260920_054637.png
 create mode 100644 charts/screenshots/ABT/ABT_Daily_20260921_060029.png
 delete mode 100644 charts/screenshots/ABT/ABT_Monthly_20260920_054637.png
 create mode 100644 charts/screenshots/ABT/ABT_Monthly_20260921_060029.png
 delete mode 100644 charts/screenshots/ABT/ABT_Weekly_20260920_054637.png
 create mode 100644 charts/screenshots/ABT/ABT_Weekly_20260921_060029.png
 delete mode 100644 charts/screenshots/ACN/ACN_1H_20260920_061935.png
 create mode 100644 charts/screenshots/ACN/ACN_1H_20260921_063628.png
 delete mode 100644 charts/screenshots/ACN/ACN_4H_20260920_061935.png
 create mode 100644 charts/screenshots/ACN/ACN_4H_20260921_063628.png
 delete mode 100644 charts/screenshots/ACN/ACN_Daily_20260920_061935.png
 create mode 100644 charts/screenshots/ACN/ACN_Daily_20260921_063628.png
 delete mode 100644 charts/screenshots/ACN/ACN_Monthly_20260920_061935.png
 create mode 100644 charts/screenshots/ACN/ACN_Monthly_20260921_063628.png
 delete mode 100644 charts/screenshots/ACN/ACN_Weekly_20260920_061935.png
 create mode 100644 charts/screenshots/ACN/ACN_Weekly_20260921_063628.png
 delete mode 100644 charts/screenshots/ADBE/ADBE_1H_20260920_055716.png
 create mode 100644 charts/screenshots/ADBE/ADBE_1H_20260921_061206.png
 delete mode 100644 charts/screenshots/ADBE/ADBE_4H_20260920_055716.png
 create mode 100644 charts/screenshots/ADBE/ADBE_4H_20260921_061206.png
 delete mode 100644 charts/screenshots/ADBE/ADBE_Daily_20260920_055716.png
 create mode 100644 charts/screenshots/ADBE/ADBE_Daily_20260921_061206.png
 delete mode 100644 charts/screenshots/ADBE/ADBE_Monthly_20260920_055716.png
 create mode 100644 charts/screenshots/ADBE/ADBE_Monthly_20260921_061206.png
 delete mode 100644 charts/screenshots/ADBE/ADBE_Weekly_20260920_055716.png
 create mode 100644 charts/screenshots/ADBE/ADBE_Weekly_20260921_061206.png
 delete mode 100644 charts/screenshots/ADI/ADI_1H_20260920_061902.png
 create mode 100644 charts/screenshots/ADI/ADI_1H_20260921_063552.png
 delete mode 100644 charts/screenshots/ADI/ADI_4H_20260920_061902.png
 create mode 100644 charts/screenshots/ADI/ADI_4H_20260921_063552.png
 delete mode 100644 charts/screenshots/ADI/ADI_Daily_20260920_061902.png
 create mode 100644 charts/screenshots/ADI/ADI_Daily_20260921_063552.png
 delete mode 100644 charts/screenshots/ADI/ADI_Monthly_20260920_061902.png
 create mode 100644 charts/screenshots/ADI/ADI_Monthly_20260921_063552.png
 delete mode 100644 charts/screenshots/ADI/ADI_Weekly_20260920_061902.png
 create mode 100644 charts/screenshots/ADI/ADI_Weekly_20260921_063552.png
 delete mode 100644 charts/screenshots/AMD/AMD_1H_20260920_060720.png
 create mode 100644 charts/screenshots/AMD/AMD_1H_20260921_062305.png
 delete mode 100644 charts/screenshots/AMD/AMD_4H_20260920_060720.png
 create mode 100644 charts/screenshots/AMD/AMD_4H_20260921_062305.png
 delete mode 100644 charts/screenshots/AMD/AMD_Daily_20260920_060720.png
 create mode 100644 charts/screenshots/AMD/AMD_Daily_20260921_062305.png
 delete mode 100644 charts/screenshots/AMD/AMD_Monthly_20260920_060720.png
 create mode 100644 charts/screenshots/AMD/AMD_Monthly_20260921_062305.png
 delete mode 100644 charts/screenshots/AMD/AMD_Weekly_20260920_060720.png
 create mode 100644 charts/screenshots/AMD/AMD_Weekly_20260921_062305.png
 delete mode 100644 charts/screenshots/AMGN/AMGN_1H_20260920_054138.png
 create mode 100644 charts/screenshots/AMGN/AMGN_1H_20260921_055459.png
 delete mode 100644 charts/screenshots/AMGN/AMGN_4H_20260920_054138.png
 create mode 100644 charts/screenshots/AMGN/AMGN_4H_20260921_055459.png
 delete mode 100644 charts/screenshots/AMGN/AMGN_Daily_20260920_054138.png
 create mode 100644 charts/screenshots/AMGN/AMGN_Daily_20260921_055459.png
 delete mode 100644 charts/screenshots/AMGN/AMGN_Monthly_20260920_054138.png
 create mode 100644 charts/screenshots/AMGN/AMGN_Monthly_20260921_055459.png
 delete mode 100644 charts/screenshots/AMGN/AMGN_Weekly_20260920_054138.png
 create mode 100644 charts/screenshots/AMGN/AMGN_Weekly_20260921_055459.png
 delete mode 100644 charts/screenshots/AMZN/AMZN_1H_20260920_062042.png
 create mode 100644 charts/screenshots/AMZN/AMZN_1H_20260921_063741.png
 delete mode 100644 charts/screenshots/AMZN/AMZN_4H_20260920_062042.png
 create mode 100644 charts/screenshots/AMZN/AMZN_4H_20260921_063741.png
 delete mode 100644 charts/screenshots/AMZN/AMZN_Daily_20260920_062042.png
 create mode 100644 charts/screenshots/AMZN/AMZN_Daily_20260921_063741.png
 delete mode 100644 charts/screenshots/AMZN/AMZN_Monthly_20260920_062042.png
 create mode 100644 charts/screenshots/AMZN/AMZN_Monthly_20260921_063741.png
 delete mode 100644 charts/screenshots/AMZN/AMZN_Weekly_20260920_062042.png
 create mode 100644 charts/screenshots/AMZN/AMZN_Weekly_20260921_063741.png
 delete mode 100644 charts/screenshots/ANET/ANET_1H_20260920_060506.png
 create mode 100644 charts/screenshots/ANET/ANET_1H_20260921_062038.png
 delete mode 100644 charts/screenshots/ANET/ANET_4H_20260920_060506.png
 create mode 100644 charts/screenshots/ANET/ANET_4H_20260921_062038.png
 delete mode 100644 charts/screenshots/ANET/ANET_Daily_20260920_060506.png
 create mode 100644 charts/screenshots/ANET/ANET_Daily_20260921_062038.png
 delete mode 100644 charts/screenshots/ANET/ANET_Monthly_20260920_060506.png
 create mode 100644 charts/screenshots/ANET/ANET_Monthly_20260921_062038.png
 delete mode 100644 charts/screenshots/ANET/ANET_Weekly_20260920_060506.png
 create mode 100644 charts/screenshots/ANET/ANET_Weekly_20260921_062038.png
 delete mode 100644 charts/screenshots/APH/APH_1H_20260920_061538.png
 create mode 100644 charts/screenshots/APH/APH_1H_20260921_063213.png
 delete mode 100644 charts/screenshots/APH/APH_4H_20260920_061538.png
 create mode 100644 charts/screenshots/APH/APH_4H_20260921_063213.png
 delete mode 100644 charts/screenshots/APH/APH_Daily_20260920_061538.png
 create mode 100644 charts/screenshots/APH/APH_Daily_20260921_063213.png
 delete mode 100644 charts/screenshots/APH/APH_Monthly_20260920_061538.png
 create mode 100644 charts/screenshots/APH/APH_Monthly_20260921_063213.png
 delete mode 100644 charts/screenshots/APH/APH_Weekly_20260920_061538.png
 create mode 100644 charts/screenshots/APH/APH_Weekly_20260921_063213.png
 delete mode 100644 charts/screenshots/APP/APP_1H_20260920_062833.png
 create mode 100644 charts/screenshots/APP/APP_1H_20260921_064613.png
 delete mode 100644 charts/screenshots/APP/APP_4H_20260920_062833.png
 create mode 100644 charts/screenshots/APP/APP_4H_20260921_064613.png
 delete mode 100644 charts/screenshots/APP/APP_Daily_20260920_062833.png
 create mode 100644 charts/screenshots/APP/APP_Daily_20260921_064613.png
 delete mode 100644 charts/screenshots/APP/APP_Monthly_20260920_062833.png
 create mode 100644 charts/screenshots/APP/APP_Monthly_20260921_064613.png
 delete mode 100644 charts/screenshots/APP/APP_Weekly_20260920_062833.png
 create mode 100644 charts/screenshots/APP/APP_Weekly_20260921_064613.png
 delete mode 100644 charts/screenshots/ASML/ASML_1H_20260920_061754.png
 create mode 100644 charts/screenshots/ASML/ASML_1H_20260921_063439.png
 delete mode 100644 charts/screenshots/ASML/ASML_4H_20260920_061754.png
 create mode 100644 charts/screenshots/ASML/ASML_4H_20260921_063439.png
 delete mode 100644 charts/screenshots/ASML/ASML_Daily_20260920_061754.png
 create mode 100644 charts/screenshots/ASML/ASML_Daily_20260921_063439.png
 delete mode 100644 charts/screenshots/ASML/ASML_Monthly_20260920_061754.png
 create mode 100644 charts/screenshots/ASML/ASML_Monthly_20260921_063439.png
 delete mode 100644 charts/screenshots/ASML/ASML_Weekly_20260920_061754.png
 create mode 100644 charts/screenshots/ASML/ASML_Weekly_20260921_063439.png
 delete mode 100644 charts/screenshots/AXP/AXP_1H_20260920_062907.png
 create mode 100644 charts/screenshots/AXP/AXP_1H_20260921_064650.png
 delete mode 100644 charts/screenshots/AXP/AXP_4H_20260920_062907.png
 create mode 100644 charts/screenshots/AXP/AXP_4H_20260921_064650.png
 delete mode 100644 charts/screenshots/AXP/AXP_Daily_20260920_062907.png
 create mode 100644 charts/screenshots/AXP/AXP_Daily_20260921_064650.png
 delete mode 100644 charts/screenshots/AXP/AXP_Monthly_20260920_062907.png
 create mode 100644 charts/screenshots/AXP/AXP_Monthly_20260921_064650.png
 delete mode 100644 charts/screenshots/AXP/AXP_Weekly_20260920_062907.png
 create mode 100644 charts/screenshots/AXP/AXP_Weekly_20260921_064650.png
 delete mode 100644 charts/screenshots/BA/BA_1H_20260920_062510.png
 create mode 100644 charts/screenshots/BA/BA_1H_20260921_064234.png
 delete mode 100644 charts/screenshots/BA/BA_4H_20260920_062510.png
 create mode 100644 charts/screenshots/BA/BA_4H_20260921_064234.png
 delete mode 100644 charts/screenshots/BA/BA_Daily_20260920_062510.png
 create mode 100644 charts/screenshots/BA/BA_Daily_20260921_064234.png
 delete mode 100644 charts/screenshots/BA/BA_Monthly_20260920_062510.png
 create mode 100644 charts/screenshots/BA/BA_Monthly_20260921_064234.png
 delete mode 100644 charts/screenshots/BA/BA_Weekly_20260920_062510.png
 create mode 100644 charts/screenshots/BA/BA_Weekly_20260921_064234.png
 delete mode 100644 charts/screenshots/BAC/BAC_1H_20260920_060251.png
 create mode 100644 charts/screenshots/BAC/BAC_1H_20260921_061811.png
 delete mode 100644 charts/screenshots/BAC/BAC_4H_20260920_060251.png
 create mode 100644 charts/screenshots/BAC/BAC_4H_20260921_061811.png
 delete mode 100644 charts/screenshots/BAC/BAC_Daily_20260920_060251.png
 create mode 100644 charts/screenshots/BAC/BAC_Daily_20260921_061811.png
 delete mode 100644 charts/screenshots/BAC/BAC_Monthly_20260920_060251.png
 create mode 100644 charts/screenshots/BAC/BAC_Monthly_20260921_061811.png
 delete mode 100644 charts/screenshots/BAC/BAC_Weekly_20260920_060251.png
 create mode 100644 charts/screenshots/BAC/BAC_Weekly_20260921_061811.png
 delete mode 100644 charts/screenshots/BKNG/BKNG_1H_20260920_060003.png
 create mode 100644 charts/screenshots/BKNG/BKNG_1H_20260921_061508.png
 delete mode 100644 charts/screenshots/BKNG/BKNG_4H_20260920_060003.png
 create mode 100644 charts/screenshots/BKNG/BKNG_4H_20260921_061508.png
 delete mode 100644 charts/screenshots/BKNG/BKNG_Daily_20260920_060003.png
 create mode 100644 charts/screenshots/BKNG/BKNG_Daily_20260921_061508.png
 delete mode 100644 charts/screenshots/BKNG/BKNG_Monthly_20260920_060003.png
 create mode 100644 charts/screenshots/BKNG/BKNG_Monthly_20260921_061508.png
 delete mode 100644 charts/screenshots/BKNG/BKNG_Weekly_20260920_060003.png
 create mode 100644 charts/screenshots/BKNG/BKNG_Weekly_20260921_061508.png
 delete mode 100644 charts/screenshots/BRK-B/BRK-B_1H_20260920_061326.png
 create mode 100644 charts/screenshots/BRK-B/BRK-B_1H_20260921_062947.png
 delete mode 100644 charts/screenshots/BRK-B/BRK-B_4H_20260920_061326.png
 create mode 100644 charts/screenshots/BRK-B/BRK-B_4H_20260921_062947.png
 delete mode 100644 charts/screenshots/BRK-B/BRK-B_Daily_20260920_061326.png
 create mode 100644 charts/screenshots/BRK-B/BRK-B_Daily_20260921_062947.png
 delete mode 100644 charts/screenshots/BRK-B/BRK-B_Monthly_20260920_061326.png
 create mode 100644 charts/screenshots/BRK-B/BRK-B_Monthly_20260921_062947.png
 delete mode 100644 charts/screenshots/BRK-B/BRK-B_Weekly_20260920_061326.png
 create mode 100644 charts/screenshots/BRK-B/BRK-B_Weekly_20260921_062947.png
 delete mode 100644 charts/screenshots/C/C_1H_20260920_060828.png
 create mode 100644 charts/screenshots/C/C_1H_20260921_062418.png
 delete mode 100644 charts/screenshots/C/C_4H_20260920_060828.png
 create mode 100644 charts/screenshots/C/C_4H_20260921_062418.png
 delete mode 100644 charts/screenshots/C/C_Daily_20260920_060828.png
 create mode 100644 charts/screenshots/C/C_Daily_20260921_062418.png
 delete mode 100644 charts/screenshots/C/C_Monthly_20260920_060828.png
 create mode 100644 charts/screenshots/C/C_Monthly_20260921_062418.png
 delete mode 100644 charts/screenshots/C/C_Weekly_20260920_060828.png
 create mode 100644 charts/screenshots/C/C_Weekly_20260921_062418.png
 delete mode 100644 charts/screenshots/CDNS/CDNS_1H_20260920_062544.png
 create mode 100644 charts/screenshots/CDNS/CDNS_1H_20260921_064311.png
 delete mode 100644 charts/screenshots/CDNS/CDNS_4H_20260920_062544.png
 create mode 100644 charts/screenshots/CDNS/CDNS_4H_20260921_064311.png
 delete mode 100644 charts/screenshots/CDNS/CDNS_Daily_20260920_062544.png
 create mode 100644 charts/screenshots/CDNS/CDNS_Daily_20260921_064311.png
 delete mode 100644 charts/screenshots/CDNS/CDNS_Monthly_20260920_062544.png
 create mode 100644 charts/screenshots/CDNS/CDNS_Monthly_20260921_064311.png
 delete mode 100644 charts/screenshots/CDNS/CDNS_Weekly_20260920_062544.png
 create mode 100644 charts/screenshots/CDNS/CDNS_Weekly_20260921_064311.png
 delete mode 100644 charts/screenshots/CEG/CEG_1H_20260920_062330.png
 create mode 100644 charts/screenshots/CEG/CEG_1H_20260921_064044.png
 delete mode 100644 charts/screenshots/CEG/CEG_4H_20260920_062330.png
 create mode 100644 charts/screenshots/CEG/CEG_4H_20260921_064044.png
 delete mode 100644 charts/screenshots/CEG/CEG_Daily_20260920_062330.png
 create mode 100644 charts/screenshots/CEG/CEG_Daily_20260921_064044.png
 delete mode 100644 charts/screenshots/CEG/CEG_Monthly_20260920_062330.png
 create mode 100644 charts/screenshots/CEG/CEG_Monthly_20260921_064044.png
 delete mode 100644 charts/screenshots/CEG/CEG_Weekly_20260920_062330.png
 create mode 100644 charts/screenshots/CEG/CEG_Weekly_20260921_064044.png
 delete mode 100644 charts/screenshots/COF/COF_1H_20260920_055854.png
 create mode 100644 charts/screenshots/COF/COF_1H_20260921_061355.png
 delete mode 100644 charts/screenshots/COF/COF_4H_20260920_055854.png
 create mode 100644 charts/screenshots/COF/COF_4H_20260921_061355.png
 delete mode 100644 charts/screenshots/COF/COF_Daily_20260920_055854.png
 create mode 100644 charts/screenshots/COF/COF_Daily_20260921_061355.png
 delete mode 100644 charts/screenshots/COF/COF_Monthly_20260920_055854.png
 create mode 100644 charts/screenshots/COF/COF_Monthly_20260921_061355.png
 delete mode 100644 charts/screenshots/COF/COF_Weekly_20260920_055854.png
 create mode 100644 charts/screenshots/COF/COF_Weekly_20260921_061355.png
 delete mode 100644 charts/screenshots/COIN/COIN_1H_20260920_055608.png
 create mode 100644 charts/screenshots/COIN/COIN_1H_20260921_061052.png
 delete mode 100644 charts/screenshots/COIN/COIN_4H_20260920_055608.png
 create mode 100644 charts/screenshots/COIN/COIN_4H_20260921_061052.png
 delete mode 100644 charts/screenshots/COIN/COIN_Daily_20260920_055608.png
 create mode 100644 charts/screenshots/COIN/COIN_Daily_20260921_061052.png
 delete mode 100644 charts/screenshots/COIN/COIN_Monthly_20260920_055608.png
 create mode 100644 charts/screenshots/COIN/COIN_Monthly_20260921_061052.png
 delete mode 100644 charts/screenshots/COIN/COIN_Weekly_20260920_055608.png
 create mode 100644 charts/screenshots/COIN/COIN_Weekly_20260921_061052.png
 delete mode 100644 charts/screenshots/COP/COP_1H_20260920_054818.png
 create mode 100644 charts/screenshots/COP/COP_1H_20260921_060219.png
 delete mode 100644 charts/screenshots/COP/COP_4H_20260920_054818.png
 create mode 100644 charts/screenshots/COP/COP_4H_20260921_060219.png
 delete mode 100644 charts/screenshots/COP/COP_Daily_20260920_054818.png
 create mode 100644 charts/screenshots/COP/COP_Daily_20260921_060219.png
 delete mode 100644 charts/screenshots/COP/COP_Monthly_20260920_054818.png
 create mode 100644 charts/screenshots/COP/COP_Monthly_20260921_060219.png
 delete mode 100644 charts/screenshots/COP/COP_Weekly_20260920_054818.png
 create mode 100644 charts/screenshots/COP/COP_Weekly_20260921_060219.png
 delete mode 100644 charts/screenshots/CRM/CRM_1H_20260920_054458.png
 create mode 100644 charts/screenshots/CRM/CRM_1H_20260921_055839.png
 delete mode 100644 charts/screenshots/CRM/CRM_4H_20260920_054458.png
 create mode 100644 charts/screenshots/CRM/CRM_4H_20260921_055839.png
 delete mode 100644 charts/screenshots/CRM/CRM_Daily_20260920_054458.png
 create mode 100644 charts/screenshots/CRM/CRM_Daily_20260921_055839.png
 delete mode 100644 charts/screenshots/CRM/CRM_Monthly_20260920_054458.png
 create mode 100644 charts/screenshots/CRM/CRM_Monthly_20260921_055839.png
 delete mode 100644 charts/screenshots/CRM/CRM_Weekly_20260920_054458.png
 create mode 100644 charts/screenshots/CRM/CRM_Weekly_20260921_055839.png
 delete mode 100644 charts/screenshots/CRWD/CRWD_1H_20260920_055319.png
 create mode 100644 charts/screenshots/CRWD/CRWD_1H_20260921_060749.png
 delete mode 100644 charts/screenshots/CRWD/CRWD_4H_20260920_055319.png
 create mode 100644 charts/screenshots/CRWD/CRWD_4H_20260921_060749.png
 delete mode 100644 charts/screenshots/CRWD/CRWD_Daily_20260920_055319.png
 create mode 100644 charts/screenshots/CRWD/CRWD_Daily_20260921_060749.png
 delete mode 100644 charts/screenshots/CRWD/CRWD_Monthly_20260920_055319.png
 create mode 100644 charts/screenshots/CRWD/CRWD_Monthly_20260921_060749.png
 delete mode 100644 charts/screenshots/CRWD/CRWD_Weekly_20260920_055319.png
 create mode 100644 charts/screenshots/CRWD/CRWD_Weekly_20260921_060749.png
 delete mode 100644 charts/screenshots/CSCO/CSCO_1H_20260920_055352.png
 create mode 100644 charts/screenshots/CSCO/CSCO_1H_20260921_060827.png
 delete mode 100644 charts/screenshots/CSCO/CSCO_4H_20260920_055352.png
 create mode 100644 charts/screenshots/CSCO/CSCO_4H_20260921_060827.png
 delete mode 100644 charts/screenshots/CSCO/CSCO_Daily_20260920_055352.png
 create mode 100644 charts/screenshots/CSCO/CSCO_Daily_20260921_060827.png
 delete mode 100644 charts/screenshots/CSCO/CSCO_Monthly_20260920_055352.png
 create mode 100644 charts/screenshots/CSCO/CSCO_Monthly_20260921_060827.png
 delete mode 100644 charts/screenshots/CSCO/CSCO_Weekly_20260920_055352.png
 create mode 100644 charts/screenshots/CSCO/CSCO_Weekly_20260921_060827.png
 delete mode 100644 charts/screenshots/CVX/CVX_1H_20260920_053923.png
 create mode 100644 charts/screenshots/CVX/CVX_1H_20260921_055234.png
 delete mode 100644 charts/screenshots/CVX/CVX_4H_20260920_053923.png
 create mode 100644 charts/screenshots/CVX/CVX_4H_20260921_055234.png
 delete mode 100644 charts/screenshots/CVX/CVX_Daily_20260920_053923.png
 create mode 100644 charts/screenshots/CVX/CVX_Daily_20260921_055234.png
 delete mode 100644 charts/screenshots/CVX/CVX_Monthly_20260920_053923.png
 create mode 100644 charts/screenshots/CVX/CVX_Monthly_20260921_055234.png
 delete mode 100644 charts/screenshots/CVX/CVX_Weekly_20260920_053923.png
 create mode 100644 charts/screenshots/CVX/CVX_Weekly_20260921_055234.png
 delete mode 100644 charts/screenshots/DASH/DASH_1H_20260920_054711.png
 create mode 100644 charts/screenshots/DASH/DASH_1H_20260921_060106.png
 delete mode 100644 charts/screenshots/DASH/DASH_4H_20260920_054711.png
 create mode 100644 charts/screenshots/DASH/DASH_4H_20260921_060106.png
 delete mode 100644 charts/screenshots/DASH/DASH_Daily_20260920_054711.png
 create mode 100644 charts/screenshots/DASH/DASH_Daily_20260921_060106.png
 delete mode 100644 charts/screenshots/DASH/DASH_Monthly_20260920_054711.png
 create mode 100644 charts/screenshots/DASH/DASH_Monthly_20260921_060106.png
 delete mode 100644 charts/screenshots/DASH/DASH_Weekly_20260920_054711.png
 create mode 100644 charts/screenshots/DASH/DASH_Weekly_20260921_060106.png
 delete mode 100644 charts/screenshots/DDOG/DDOG_1H_20260920_062149.png
 create mode 100644 charts/screenshots/DDOG/DDOG_1H_20260921_063854.png
 delete mode 100644 charts/screenshots/DDOG/DDOG_4H_20260920_062149.png
 create mode 100644 charts/screenshots/DDOG/DDOG_4H_20260921_063854.png
 delete mode 100644 charts/screenshots/DDOG/DDOG_Daily_20260920_062149.png
 create mode 100644 charts/screenshots/DDOG/DDOG_Daily_20260921_063854.png
 delete mode 100644 charts/screenshots/DDOG/DDOG_Monthly_20260920_062149.png
 create mode 100644 charts/screenshots/DDOG/DDOG_Monthly_20260921_063854.png
 delete mode 100644 charts/screenshots/DDOG/DDOG_Weekly_20260920_062149.png
 create mode 100644 charts/screenshots/DDOG/DDOG_Weekly_20260921_063854.png
 delete mode 100644 charts/screenshots/DE/DE_1H_20260920_060540.png
 create mode 100644 charts/screenshots/DE/DE_1H_20260921_062115.png
 delete mode 100644 charts/screenshots/DE/DE_4H_20260920_060540.png
 create mode 100644 charts/screenshots/DE/DE_4H_20260921_062115.png
 delete mode 100644 charts/screenshots/DE/DE_Daily_20260920_060540.png
 create mode 100644 charts/screenshots/DE/DE_Daily_20260921_062115.png
 delete mode 100644 charts/screenshots/DE/DE_Monthly_20260920_060540.png
 create mode 100644 charts/screenshots/DE/DE_Monthly_20260921_062115.png
 delete mode 100644 charts/screenshots/DE/DE_Weekly_20260920_060540.png
 create mode 100644 charts/screenshots/DE/DE_Weekly_20260921_062115.png
 delete mode 100644 charts/screenshots/DELL/DELL_1H_20260920_060613.png
 create mode 100644 charts/screenshots/DELL/DELL_1H_20260921_062152.png
 delete mode 100644 charts/screenshots/DELL/DELL_4H_20260920_060613.png
 create mode 100644 charts/screenshots/DELL/DELL_4H_20260921_062152.png
 delete mode 100644 charts/screenshots/DELL/DELL_Daily_20260920_060613.png
 create mode 100644 charts/screenshots/DELL/DELL_Daily_20260921_062152.png
 delete mode 100644 charts/screenshots/DELL/DELL_Monthly_20260920_060613.png
 create mode 100644 charts/screenshots/DELL/DELL_Monthly_20260921_062152.png
 delete mode 100644 charts/screenshots/DELL/DELL_Weekly_20260920_060613.png
 create mode 100644 charts/screenshots/DELL/DELL_Weekly_20260921_062152.png
 delete mode 100644 charts/screenshots/DHR/DHR_1H_20260920_061114.png
 create mode 100644 charts/screenshots/DHR/DHR_1H_20260921_062720.png
 delete mode 100644 charts/screenshots/DHR/DHR_4H_20260920_061114.png
 create mode 100644 charts/screenshots/DHR/DHR_4H_20260921_062720.png
 delete mode 100644 charts/screenshots/DHR/DHR_Daily_20260920_061114.png
 create mode 100644 charts/screenshots/DHR/DHR_Daily_20260921_062720.png
 delete mode 100644 charts/screenshots/DHR/DHR_Monthly_20260920_061114.png
 create mode 100644 charts/screenshots/DHR/DHR_Monthly_20260921_062720.png
 delete mode 100644 charts/screenshots/DHR/DHR_Weekly_20260920_061114.png
 create mode 100644 charts/screenshots/DHR/DHR_Weekly_20260921_062720.png
 delete mode 100644 charts/screenshots/DIS/DIS_1H_20260920_055642.png
 create mode 100644 charts/screenshots/DIS/DIS_1H_20260921_061129.png
 delete mode 100644 charts/screenshots/DIS/DIS_4H_20260920_055642.png
 create mode 100644 charts/screenshots/DIS/DIS_4H_20260921_061129.png
 delete mode 100644 charts/screenshots/DIS/DIS_Daily_20260920_055642.png
 create mode 100644 charts/screenshots/DIS/DIS_Daily_20260921_061129.png
 delete mode 100644 charts/screenshots/DIS/DIS_Monthly_20260920_055642.png
 create mode 100644 charts/screenshots/DIS/DIS_Monthly_20260921_061129.png
 delete mode 100644 charts/screenshots/DIS/DIS_Weekly_20260920_055642.png
 create mode 100644 charts/screenshots/DIS/DIS_Weekly_20260921_061129.png
 delete mode 100644 charts/screenshots/FCX/FCX_1H_20260920_062223.png
 create mode 100644 charts/screenshots/FCX/FCX_1H_20260921_063931.png
 delete mode 100644 charts/screenshots/FCX/FCX_4H_20260920_062223.png
 create mode 100644 charts/screenshots/FCX/FCX_4H_20260921_063931.png
 delete mode 100644 charts/screenshots/FCX/FCX_Daily_20260920_062223.png
 create mode 100644 charts/screenshots/FCX/FCX_Daily_20260921_063931.png
 delete mode 100644 charts/screenshots/FCX/FCX_Monthly_20260920_062223.png
 create mode 100644 charts/screenshots/FCX/FCX_Monthly_20260921_063931.png
 delete mode 100644 charts/screenshots/FCX/FCX_Weekly_20260920_062223.png
 create mode 100644 charts/screenshots/FCX/FCX_Weekly_20260921_063931.png
 delete mode 100644 charts/screenshots/FTNT/FTNT_1H_20260920_055246.png
 create mode 100644 charts/screenshots/FTNT/FTNT_1H_20260921_060712.png
 delete mode 100644 charts/screenshots/FTNT/FTNT_4H_20260920_055246.png
 create mode 100644 charts/screenshots/FTNT/FTNT_4H_20260921_060712.png
 delete mode 100644 charts/screenshots/FTNT/FTNT_Daily_20260920_055246.png
 create mode 100644 charts/screenshots/FTNT/FTNT_Daily_20260921_060712.png
 delete mode 100644 charts/screenshots/FTNT/FTNT_Monthly_20260920_055246.png
 create mode 100644 charts/screenshots/FTNT/FTNT_Monthly_20260921_060712.png
 delete mode 100644 charts/screenshots/FTNT/FTNT_Weekly_20260920_055246.png
 create mode 100644 charts/screenshots/FTNT/FTNT_Weekly_20260921_060712.png
 delete mode 100644 charts/screenshots/GE/GE_1H_20260920_062257.png
 create mode 100644 charts/screenshots/GE/GE_1H_20260921_064008.png
 delete mode 100644 charts/screenshots/GE/GE_4H_20260920_062257.png
 create mode 100644 charts/screenshots/GE/GE_4H_20260921_064008.png
 delete mode 100644 charts/screenshots/GE/GE_Daily_20260920_062257.png
 create mode 100644 charts/screenshots/GE/GE_Daily_20260921_064008.png
 delete mode 100644 charts/screenshots/GE/GE_Monthly_20260920_062257.png
 create mode 100644 charts/screenshots/GE/GE_Monthly_20260921_064008.png
 delete mode 100644 charts/screenshots/GE/GE_Weekly_20260920_062257.png
 create mode 100644 charts/screenshots/GE/GE_Weekly_20260921_064008.png
 delete mode 100644 charts/screenshots/GILD/GILD_1H_20260920_054352.png
 create mode 100644 charts/screenshots/GILD/GILD_1H_20260921_055726.png
 delete mode 100644 charts/screenshots/GILD/GILD_4H_20260920_054352.png
 create mode 100644 charts/screenshots/GILD/GILD_4H_20260921_055726.png
 delete mode 100644 charts/screenshots/GILD/GILD_Daily_20260920_054352.png
 create mode 100644 charts/screenshots/GILD/GILD_Daily_20260921_055726.png
 delete mode 100644 charts/screenshots/GILD/GILD_Monthly_20260920_054352.png
 create mode 100644 charts/screenshots/GILD/GILD_Monthly_20260921_055726.png
 delete mode 100644 charts/screenshots/GILD/GILD_Weekly_20260920_054352.png
 create mode 100644 charts/screenshots/GILD/GILD_Weekly_20260921_055726.png
 delete mode 100644 charts/screenshots/GOOGL/GOOGL_1H_20260920_062115.png
 create mode 100644 charts/screenshots/GOOGL/GOOGL_1H_20260921_063818.png
 delete mode 100644 charts/screenshots/GOOGL/GOOGL_4H_20260920_062115.png
 create mode 100644 charts/screenshots/GOOGL/GOOGL_4H_20260921_063818.png
 delete mode 100644 charts/screenshots/GOOGL/GOOGL_Daily_20260920_062115.png
 create mode 100644 charts/screenshots/GOOGL/GOOGL_Daily_20260921_063818.png
 delete mode 100644 charts/screenshots/GOOGL/GOOGL_Monthly_20260920_062115.png
 create mode 100644 charts/screenshots/GOOGL/GOOGL_Monthly_20260921_063818.png
 delete mode 100644 charts/screenshots/GOOGL/GOOGL_Weekly_20260920_062115.png
 create mode 100644 charts/screenshots/GOOGL/GOOGL_Weekly_20260921_063818.png
 delete mode 100644 charts/screenshots/HD/HD_1H_20260920_062942.png
 create mode 100644 charts/screenshots/HD/HD_1H_20260921_064727.png
 delete mode 100644 charts/screenshots/HD/HD_4H_20260920_062942.png
 create mode 100644 charts/screenshots/HD/HD_4H_20260921_064727.png
 delete mode 100644 charts/screenshots/HD/HD_Daily_20260920_062942.png
 create mode 100644 charts/screenshots/HD/HD_Daily_20260921_064727.png
 delete mode 100644 charts/screenshots/HD/HD_Monthly_20260920_062942.png
 create mode 100644 charts/screenshots/HD/HD_Monthly_20260921_064727.png
 delete mode 100644 charts/screenshots/HD/HD_Weekly_20260920_062942.png
 create mode 100644 charts/screenshots/HD/HD_Weekly_20260921_064727.png
 delete mode 100644 charts/screenshots/HOOD/HOOD_1H_20260920_060433.png
 create mode 100644 charts/screenshots/HOOD/HOOD_1H_20260921_062001.png
 delete mode 100644 charts/screenshots/HOOD/HOOD_4H_20260920_060433.png
 create mode 100644 charts/screenshots/HOOD/HOOD_4H_20260921_062001.png
 delete mode 100644 charts/screenshots/HOOD/HOOD_Daily_20260920_060433.png
 create mode 100644 charts/screenshots/HOOD/HOOD_Daily_20260921_062001.png
 delete mode 100644 charts/screenshots/HOOD/HOOD_Monthly_20260920_060433.png
 create mode 100644 charts/screenshots/HOOD/HOOD_Monthly_20260921_062001.png
 delete mode 100644 charts/screenshots/HOOD/HOOD_Weekly_20260920_060433.png
 create mode 100644 charts/screenshots/HOOD/HOOD_Weekly_20260921_062001.png
 delete mode 100644 charts/screenshots/HPE/HPE_1H_20260920_061611.png
 create mode 100644 charts/screenshots/HPE/HPE_1H_20260921_063250.png
 delete mode 100644 charts/screenshots/HPE/HPE_4H_20260920_061611.png
 create mode 100644 charts/screenshots/HPE/HPE_4H_20260921_063250.png
 delete mode 100644 charts/screenshots/HPE/HPE_Daily_20260920_061611.png
 create mode 100644 charts/screenshots/HPE/HPE_Daily_20260921_063250.png
 delete mode 100644 charts/screenshots/HPE/HPE_Monthly_20260920_061611.png
 create mode 100644 charts/screenshots/HPE/HPE_Monthly_20260921_063250.png
 delete mode 100644 charts/screenshots/HPE/HPE_Weekly_20260920_061611.png
 create mode 100644 charts/screenshots/HPE/HPE_Weekly_20260921_063250.png
 delete mode 100644 charts/screenshots/HWM/HWM_1H_20260920_063016.png
 create mode 100644 charts/screenshots/HWM/HWM_1H_20260921_064804.png
 delete mode 100644 charts/screenshots/HWM/HWM_4H_20260920_063016.png
 create mode 100644 charts/screenshots/HWM/HWM_4H_20260921_064804.png
 delete mode 100644 charts/screenshots/HWM/HWM_Daily_20260920_063016.png
 create mode 100644 charts/screenshots/HWM/HWM_Daily_20260921_064804.png
 delete mode 100644 charts/screenshots/HWM/HWM_Monthly_20260920_063016.png
 create mode 100644 charts/screenshots/HWM/HWM_Monthly_20260921_064804.png
 delete mode 100644 charts/screenshots/HWM/HWM_Weekly_20260920_063016.png
 create mode 100644 charts/screenshots/HWM/HWM_Weekly_20260921_064804.png
 delete mode 100644 charts/screenshots/INTC/INTC_1H_20260920_060646.png
 create mode 100644 charts/screenshots/INTC/INTC_1H_20260921_062228.png
 delete mode 100644 charts/screenshots/INTC/INTC_4H_20260920_060646.png
 create mode 100644 charts/screenshots/INTC/INTC_4H_20260921_062228.png
 delete mode 100644 charts/screenshots/INTC/INTC_Daily_20260920_060646.png
 create mode 100644 charts/screenshots/INTC/INTC_Daily_20260921_062228.png
 delete mode 100644 charts/screenshots/INTC/INTC_Monthly_20260920_060646.png
 create mode 100644 charts/screenshots/INTC/INTC_Monthly_20260921_062228.png
 delete mode 100644 charts/screenshots/INTC/INTC_Weekly_20260920_060646.png
 create mode 100644 charts/screenshots/INTC/INTC_Weekly_20260921_062228.png
 delete mode 100644 charts/screenshots/INTU/INTU_1H_20260920_062403.png
 create mode 100644 charts/screenshots/INTU/INTU_1H_20260921_064121.png
 delete mode 100644 charts/screenshots/INTU/INTU_4H_20260920_062403.png
 create mode 100644 charts/screenshots/INTU/INTU_4H_20260921_064121.png
 delete mode 100644 charts/screenshots/INTU/INTU_Daily_20260920_062403.png
 create mode 100644 charts/screenshots/INTU/INTU_Daily_20260921_064121.png
 delete mode 100644 charts/screenshots/INTU/INTU_Monthly_20260920_062403.png
 create mode 100644 charts/screenshots/INTU/INTU_Monthly_20260921_064121.png
 delete mode 100644 charts/screenshots/INTU/INTU_Weekly_20260920_062403.png
 create mode 100644 charts/screenshots/INTU/INTU_Weekly_20260921_064121.png
 delete mode 100644 charts/screenshots/IWM/IWM_1H_20260920_061359.png
 create mode 100644 charts/screenshots/IWM/IWM_1H_20260921_063024.png
 delete mode 100644 charts/screenshots/IWM/IWM_4H_20260920_061359.png
 create mode 100644 charts/screenshots/IWM/IWM_4H_20260921_063024.png
 delete mode 100644 charts/screenshots/IWM/IWM_Daily_20260920_061359.png
 create mode 100644 charts/screenshots/IWM/IWM_Daily_20260921_063024.png
 delete mode 100644 charts/screenshots/IWM/IWM_Monthly_20260920_061359.png
 create mode 100644 charts/screenshots/IWM/IWM_Monthly_20260921_063024.png
 delete mode 100644 charts/screenshots/IWM/IWM_Weekly_20260920_061359.png
 create mode 100644 charts/screenshots/IWM/IWM_Weekly_20260921_063024.png
 delete mode 100644 charts/screenshots/JNJ/JNJ_1H_20260920_060217.png
 create mode 100644 charts/screenshots/JNJ/JNJ_1H_20260921_061735.png
 delete mode 100644 charts/screenshots/JNJ/JNJ_4H_20260920_060217.png
 create mode 100644 charts/screenshots/JNJ/JNJ_4H_20260921_061735.png
 delete mode 100644 charts/screenshots/JNJ/JNJ_Daily_20260920_060217.png
 create mode 100644 charts/screenshots/JNJ/JNJ_Daily_20260921_061735.png
 delete mode 100644 charts/screenshots/JNJ/JNJ_Monthly_20260920_060217.png
 create mode 100644 charts/screenshots/JNJ/JNJ_Monthly_20260921_061735.png
 delete mode 100644 charts/screenshots/JNJ/JNJ_Weekly_20260920_060217.png
 create mode 100644 charts/screenshots/JNJ/JNJ_Weekly_20260921_061735.png
 delete mode 100644 charts/screenshots/JPM/JPM_1H_20260920_055139.png
 create mode 100644 charts/screenshots/JPM/JPM_1H_20260921_060600.png
 delete mode 100644 charts/screenshots/JPM/JPM_4H_20260920_055139.png
 create mode 100644 charts/screenshots/JPM/JPM_4H_20260921_060600.png
 delete mode 100644 charts/screenshots/JPM/JPM_Daily_20260920_055139.png
 create mode 100644 charts/screenshots/JPM/JPM_Daily_20260921_060600.png
 delete mode 100644 charts/screenshots/JPM/JPM_Monthly_20260920_055139.png
 create mode 100644 charts/screenshots/JPM/JPM_Monthly_20260921_060600.png
 delete mode 100644 charts/screenshots/JPM/JPM_Weekly_20260920_055139.png
 create mode 100644 charts/screenshots/JPM/JPM_Weekly_20260921_060600.png
 delete mode 100644 charts/screenshots/KO/KO_1H_20260920_061505.png
 create mode 100644 charts/screenshots/KO/KO_1H_20260921_063136.png
 delete mode 100644 charts/screenshots/KO/KO_4H_20260920_061505.png
 create mode 100644 charts/screenshots/KO/KO_4H_20260921_063136.png
 delete mode 100644 charts/screenshots/KO/KO_Daily_20260920_061505.png
 create mode 100644 charts/screenshots/KO/KO_Daily_20260921_063136.png
 delete mode 100644 charts/screenshots/KO/KO_Monthly_20260920_061505.png
 create mode 100644 charts/screenshots/KO/KO_Monthly_20260921_063136.png
 delete mode 100644 charts/screenshots/KO/KO_Weekly_20260920_061505.png
 create mode 100644 charts/screenshots/KO/KO_Weekly_20260921_063136.png
 delete mode 100644 charts/screenshots/LLY/LLY_1H_20260920_061147.png
 create mode 100644 charts/screenshots/LLY/LLY_1H_20260921_062757.png
 delete mode 100644 charts/screenshots/LLY/LLY_4H_20260920_061147.png
 create mode 100644 charts/screenshots/LLY/LLY_4H_20260921_062757.png
 delete mode 100644 charts/screenshots/LLY/LLY_Daily_20260920_061147.png
 create mode 100644 charts/screenshots/LLY/LLY_Daily_20260921_062757.png
 delete mode 100644 charts/screenshots/LLY/LLY_Monthly_20260920_061147.png
 create mode 100644 charts/screenshots/LLY/LLY_Monthly_20260921_062757.png
 delete mode 100644 charts/screenshots/LLY/LLY_Weekly_20260920_061147.png
 create mode 100644 charts/screenshots/LLY/LLY_Weekly_20260921_062757.png
 delete mode 100644 charts/screenshots/LULU/LULU_1H_20260920_063050.png
 create mode 100644 charts/screenshots/LULU/LULU_1H_20260921_064841.png
 delete mode 100644 charts/screenshots/LULU/LULU_4H_20260920_063050.png
 create mode 100644 charts/screenshots/LULU/LULU_4H_20260921_064841.png
 delete mode 100644 charts/screenshots/LULU/LULU_Daily_20260920_063050.png
 create mode 100644 charts/screenshots/LULU/LULU_Daily_20260921_064841.png
 delete mode 100644 charts/screenshots/LULU/LULU_Monthly_20260920_063050.png
 create mode 100644 charts/screenshots/LULU/LULU_Monthly_20260921_064841.png
 delete mode 100644 charts/screenshots/LULU/LULU_Weekly_20260920_063050.png
 create mode 100644 charts/screenshots/LULU/LULU_Weekly_20260921_064841.png
 delete mode 100644 charts/screenshots/MA/MA_1H_20260920_054852.png
 create mode 100644 charts/screenshots/MA/MA_1H_20260921_060256.png
 delete mode 100644 charts/screenshots/MA/MA_4H_20260920_054852.png
 create mode 100644 charts/screenshots/MA/MA_4H_20260921_060256.png
 delete mode 100644 charts/screenshots/MA/MA_Daily_20260920_054852.png
 create mode 100644 charts/screenshots/MA/MA_Daily_20260921_060256.png
 delete mode 100644 charts/screenshots/MA/MA_Monthly_20260920_054852.png
 create mode 100644 charts/screenshots/MA/MA_Monthly_20260921_060256.png
 delete mode 100644 charts/screenshots/MA/MA_Weekly_20260920_054852.png
 create mode 100644 charts/screenshots/MA/MA_Weekly_20260921_060256.png
 delete mode 100644 charts/screenshots/MCD/MCD_1H_20260920_062618.png
 create mode 100644 charts/screenshots/MCD/MCD_1H_20260921_064347.png
 delete mode 100644 charts/screenshots/MCD/MCD_4H_20260920_062618.png
 create mode 100644 charts/screenshots/MCD/MCD_4H_20260921_064347.png
 delete mode 100644 charts/screenshots/MCD/MCD_Daily_20260920_062618.png
 create mode 100644 charts/screenshots/MCD/MCD_Daily_20260921_064347.png
 delete mode 100644 charts/screenshots/MCD/MCD_Monthly_20260920_062618.png
 create mode 100644 charts/screenshots/MCD/MCD_Monthly_20260921_064347.png
 delete mode 100644 charts/screenshots/MCD/MCD_Weekly_20260920_062618.png
 create mode 100644 charts/screenshots/MCD/MCD_Weekly_20260921_064347.png
 delete mode 100644 charts/screenshots/MCK/MCK_1H_20260920_054211.png
 create mode 100644 charts/screenshots/MCK/MCK_1H_20260921_055536.png
 delete mode 100644 charts/screenshots/MCK/MCK_4H_20260920_054211.png
 create mode 100644 charts/screenshots/MCK/MCK_4H_20260921_055536.png
 delete mode 100644 charts/screenshots/MCK/MCK_Daily_20260920_054211.png
 create mode 100644 charts/screenshots/MCK/MCK_Daily_20260921_055536.png
 delete mode 100644 charts/screenshots/MCK/MCK_Monthly_20260920_054211.png
 create mode 100644 charts/screenshots/MCK/MCK_Monthly_20260921_055536.png
 delete mode 100644 charts/screenshots/MCK/MCK_Weekly_20260920_054211.png
 create mode 100644 charts/screenshots/MCK/MCK_Weekly_20260921_055536.png
 delete mode 100644 charts/screenshots/MDT/MDT_1H_20260920_055213.png
 create mode 100644 charts/screenshots/MDT/MDT_1H_20260921_060636.png
 delete mode 100644 charts/screenshots/MDT/MDT_4H_20260920_055213.png
 create mode 100644 charts/screenshots/MDT/MDT_4H_20260921_060636.png
 delete mode 100644 charts/screenshots/MDT/MDT_Daily_20260920_055213.png
 create mode 100644 charts/screenshots/MDT/MDT_Daily_20260921_060636.png
 delete mode 100644 charts/screenshots/MDT/MDT_Monthly_20260920_055213.png
 create mode 100644 charts/screenshots/MDT/MDT_Monthly_20260921_060636.png
 delete mode 100644 charts/screenshots/MDT/MDT_Weekly_20260920_055213.png
 create mode 100644 charts/screenshots/MDT/MDT_Weekly_20260921_060636.png
 delete mode 100644 charts/screenshots/MELI/MELI_1H_20260920_055928.png
 create mode 100644 charts/screenshots/MELI/MELI_1H_20260921_061431.png
 delete mode 100644 charts/screenshots/MELI/MELI_4H_20260920_055928.png
 create mode 100644 charts/screenshots/MELI/MELI_4H_20260921_061431.png
 delete mode 100644 charts/screenshots/MELI/MELI_Daily_20260920_055928.png
 create mode 100644 charts/screenshots/MELI/MELI_Daily_20260921_061431.png
 delete mode 100644 charts/screenshots/MELI/MELI_Monthly_20260920_055928.png
 create mode 100644 charts/screenshots/MELI/MELI_Monthly_20260921_061431.png
 delete mode 100644 charts/screenshots/MELI/MELI_Weekly_20260920_055928.png
 create mode 100644 charts/screenshots/MELI/MELI_Weekly_20260921_061431.png
 delete mode 100644 charts/screenshots/META/META_1H_20260920_054425.png
 create mode 100644 charts/screenshots/META/META_1H_20260921_055802.png
 delete mode 100644 charts/screenshots/META/META_4H_20260920_054425.png
 create mode 100644 charts/screenshots/META/META_4H_20260921_055802.png
 delete mode 100644 charts/screenshots/META/META_Daily_20260920_054425.png
 create mode 100644 charts/screenshots/META/META_Daily_20260921_055802.png
 delete mode 100644 charts/screenshots/META/META_Monthly_20260920_054425.png
 create mode 100644 charts/screenshots/META/META_Monthly_20260921_055802.png
 delete mode 100644 charts/screenshots/META/META_Weekly_20260920_054425.png
 create mode 100644 charts/screenshots/META/META_Weekly_20260921_055802.png
 create mode 100644 charts/screenshots/MMYT/MMYT_1H_20260921_064918.png
 create mode 100644 charts/screenshots/MMYT/MMYT_4H_20260921_064918.png
 create mode 100644 charts/screenshots/MMYT/MMYT_Daily_20260921_064918.png
 create mode 100644 charts/screenshots/MMYT/MMYT_Monthly_20260921_064918.png
 create mode 100644 charts/screenshots/MMYT/MMYT_Weekly_20260921_064918.png
 delete mode 100644 charts/screenshots/MPC/MPC_1H_20260920_053957.png
 create mode 100644 charts/screenshots/MPC/MPC_1H_20260921_055310.png
 delete mode 100644 charts/screenshots/MPC/MPC_4H_20260920_053957.png
 create mode 100644 charts/screenshots/MPC/MPC_4H_20260921_055310.png
 delete mode 100644 charts/screenshots/MPC/MPC_Daily_20260920_053957.png
 create mode 100644 charts/screenshots/MPC/MPC_Daily_20260921_055310.png
 delete mode 100644 charts/screenshots/MPC/MPC_Monthly_20260920_053957.png
 create mode 100644 charts/screenshots/MPC/MPC_Monthly_20260921_055310.png
 delete mode 100644 charts/screenshots/MPC/MPC_Weekly_20260920_053957.png
 create mode 100644 charts/screenshots/MPC/MPC_Weekly_20260921_055310.png
 delete mode 100644 charts/screenshots/MRK/MRK_1H_20260920_054531.png
 create mode 100644 charts/screenshots/MRK/MRK_1H_20260921_055915.png
 delete mode 100644 charts/screenshots/MRK/MRK_4H_20260920_054531.png
 create mode 100644 charts/screenshots/MRK/MRK_4H_20260921_055915.png
 delete mode 100644 charts/screenshots/MRK/MRK_Daily_20260920_054531.png
 create mode 100644 charts/screenshots/MRK/MRK_Daily_20260921_055915.png
 delete mode 100644 charts/screenshots/MRK/MRK_Monthly_20260920_054531.png
 create mode 100644 charts/screenshots/MRK/MRK_Monthly_20260921_055915.png
 delete mode 100644 charts/screenshots/MRK/MRK_Weekly_20260920_054531.png
 create mode 100644 charts/screenshots/MRK/MRK_Weekly_20260921_055915.png
 delete mode 100644 charts/screenshots/MRNA/MRNA_1H_20260920_055425.png
 create mode 100644 charts/screenshots/MRNA/MRNA_1H_20260921_060903.png
 delete mode 100644 charts/screenshots/MRNA/MRNA_4H_20260920_055425.png
 create mode 100644 charts/screenshots/MRNA/MRNA_4H_20260921_060903.png
 delete mode 100644 charts/screenshots/MRNA/MRNA_Daily_20260920_055425.png
 create mode 100644 charts/screenshots/MRNA/MRNA_Daily_20260921_060903.png
 delete mode 100644 charts/screenshots/MRNA/MRNA_Monthly_20260920_055425.png
 create mode 100644 charts/screenshots/MRNA/MRNA_Monthly_20260921_060903.png
 delete mode 100644 charts/screenshots/MRNA/MRNA_Weekly_20260920_055425.png
 create mode 100644 charts/screenshots/MRNA/MRNA_Weekly_20260921_060903.png
 delete mode 100644 charts/screenshots/MRVL/MRVL_1H_20260920_062008.png
 create mode 100644 charts/screenshots/MRVL/MRVL_1H_20260921_063705.png
 delete mode 100644 charts/screenshots/MRVL/MRVL_4H_20260920_062008.png
 create mode 100644 charts/screenshots/MRVL/MRVL_4H_20260921_063705.png
 delete mode 100644 charts/screenshots/MRVL/MRVL_Daily_20260920_062008.png
 create mode 100644 charts/screenshots/MRVL/MRVL_Daily_20260921_063705.png
 delete mode 100644 charts/screenshots/MRVL/MRVL_Monthly_20260920_062008.png
 create mode 100644 charts/screenshots/MRVL/MRVL_Monthly_20260921_063705.png
 delete mode 100644 charts/screenshots/MRVL/MRVL_Weekly_20260920_062008.png
 create mode 100644 charts/screenshots/MRVL/MRVL_Weekly_20260921_063705.png
 delete mode 100644 charts/screenshots/MS/MS_1H_20260920_061719.png
 create mode 100644 charts/screenshots/MS/MS_1H_20260921_063402.png
 delete mode 100644 charts/screenshots/MS/MS_4H_20260920_061719.png
 create mode 100644 charts/screenshots/MS/MS_4H_20260921_063402.png
 delete mode 100644 charts/screenshots/MS/MS_Daily_20260920_061719.png
 create mode 100644 charts/screenshots/MS/MS_Daily_20260921_063402.png
 delete mode 100644 charts/screenshots/MS/MS_Monthly_20260920_061719.png
 create mode 100644 charts/screenshots/MS/MS_Monthly_20260921_063402.png
 delete mode 100644 charts/screenshots/MS/MS_Weekly_20260920_061719.png
 create mode 100644 charts/screenshots/MS/MS_Weekly_20260921_063402.png
 delete mode 100644 charts/screenshots/MSFT/MSFT_1H_20260920_055500.png
 create mode 100644 charts/screenshots/MSFT/MSFT_1H_20260921_060940.png
 delete mode 100644 charts/screenshots/MSFT/MSFT_4H_20260920_055500.png
 create mode 100644 charts/screenshots/MSFT/MSFT_4H_20260921_060940.png
 delete mode 100644 charts/screenshots/MSFT/MSFT_Daily_20260920_055500.png
 create mode 100644 charts/screenshots/MSFT/MSFT_Daily_20260921_060940.png
 delete mode 100644 charts/screenshots/MSFT/MSFT_Monthly_20260920_055500.png
 create mode 100644 charts/screenshots/MSFT/MSFT_Monthly_20260921_060940.png
 delete mode 100644 charts/screenshots/MSFT/MSFT_Weekly_20260920_055500.png
 create mode 100644 charts/screenshots/MSFT/MSFT_Weekly_20260921_060940.png
 delete mode 100644 charts/screenshots/MU/MU_1H_20260920_061220.png
 create mode 100644 charts/screenshots/MU/MU_1H_20260921_062834.png
 delete mode 100644 charts/screenshots/MU/MU_4H_20260920_061220.png
 create mode 100644 charts/screenshots/MU/MU_4H_20260921_062834.png
 delete mode 100644 charts/screenshots/MU/MU_Daily_20260920_061220.png
 create mode 100644 charts/screenshots/MU/MU_Daily_20260921_062834.png
 delete mode 100644 charts/screenshots/MU/MU_Monthly_20260920_061220.png
 create mode 100644 charts/screenshots/MU/MU_Monthly_20260921_062834.png
 delete mode 100644 charts/screenshots/MU/MU_Weekly_20260920_061220.png
 create mode 100644 charts/screenshots/MU/MU_Weekly_20260921_062834.png
 delete mode 100644 charts/screenshots/NBM.V/NBM.V_1H_20260920_063125.png
 create mode 100644 charts/screenshots/NBM.V/NBM.V_1H_20260921_064954.png
 delete mode 100644 charts/screenshots/NBM.V/NBM.V_4H_20260920_063125.png
 create mode 100644 charts/screenshots/NBM.V/NBM.V_4H_20260921_064954.png
 rename charts/screenshots/NBM.V/{NBM.V_Daily_20260920_063125.png => NBM.V_Daily_20260921_064954.png} (54%)
 delete mode 100644 charts/screenshots/NBM.V/NBM.V_Monthly_20260920_063125.png
 create mode 100644 charts/screenshots/NBM.V/NBM.V_Monthly_20260921_064954.png
 delete mode 100644 charts/screenshots/NBM.V/NBM.V_Weekly_20260920_063125.png
 create mode 100644 charts/screenshots/NBM.V/NBM.V_Weekly_20260921_064954.png
 delete mode 100644 charts/screenshots/NEM/NEM_1H_20260920_060902.png
 create mode 100644 charts/screenshots/NEM/NEM_1H_20260921_062454.png
 delete mode 100644 charts/screenshots/NEM/NEM_4H_20260920_060902.png
 create mode 100644 charts/screenshots/NEM/NEM_4H_20260921_062454.png
 delete mode 100644 charts/screenshots/NEM/NEM_Daily_20260920_060902.png
 create mode 100644 charts/screenshots/NEM/NEM_Daily_20260921_062454.png
 delete mode 100644 charts/screenshots/NEM/NEM_Monthly_20260920_060902.png
 create mode 100644 charts/screenshots/NEM/NEM_Monthly_20260921_062454.png
 delete mode 100644 charts/screenshots/NEM/NEM_Weekly_20260920_060902.png
 create mode 100644 charts/screenshots/NEM/NEM_Weekly_20260921_062454.png
 delete mode 100644 charts/screenshots/NKE/NKE_1H_20260920_062652.png
 create mode 100644 charts/screenshots/NKE/NKE_1H_20260921_064424.png
 delete mode 100644 charts/screenshots/NKE/NKE_4H_20260920_062652.png
 create mode 100644 charts/screenshots/NKE/NKE_4H_20260921_064424.png
 delete mode 100644 charts/screenshots/NKE/NKE_Daily_20260920_062652.png
 create mode 100644 charts/screenshots/NKE/NKE_Daily_20260921_064424.png
 delete mode 100644 charts/screenshots/NKE/NKE_Monthly_20260920_062652.png
 create mode 100644 charts/screenshots/NKE/NKE_Monthly_20260921_064424.png
 delete mode 100644 charts/screenshots/NKE/NKE_Weekly_20260920_062652.png
 create mode 100644 charts/screenshots/NKE/NKE_Weekly_20260921_064424.png
 delete mode 100644 charts/screenshots/NOW/NOW_1H_20260920_060325.png
 create mode 100644 charts/screenshots/NOW/NOW_1H_20260921_061848.png
 delete mode 100644 charts/screenshots/NOW/NOW_4H_20260920_060325.png
 create mode 100644 charts/screenshots/NOW/NOW_4H_20260921_061848.png
 delete mode 100644 charts/screenshots/NOW/NOW_Daily_20260920_060325.png
 create mode 100644 charts/screenshots/NOW/NOW_Daily_20260921_061848.png
 delete mode 100644 charts/screenshots/NOW/NOW_Monthly_20260920_060325.png
 create mode 100644 charts/screenshots/NOW/NOW_Monthly_20260921_061848.png
 delete mode 100644 charts/screenshots/NOW/NOW_Weekly_20260920_060325.png
 create mode 100644 charts/screenshots/NOW/NOW_Weekly_20260921_061848.png
 delete mode 100644 charts/screenshots/NVDA/NVDA_1H_20260920_060111.png
 create mode 100644 charts/screenshots/NVDA/NVDA_1H_20260921_061621.png
 delete mode 100644 charts/screenshots/NVDA/NVDA_4H_20260920_060111.png
 create mode 100644 charts/screenshots/NVDA/NVDA_4H_20260921_061621.png
 delete mode 100644 charts/screenshots/NVDA/NVDA_Daily_20260920_060111.png
 create mode 100644 charts/screenshots/NVDA/NVDA_Daily_20260921_061621.png
 delete mode 100644 charts/screenshots/NVDA/NVDA_Monthly_20260920_060111.png
 create mode 100644 charts/screenshots/NVDA/NVDA_Monthly_20260921_061621.png
 delete mode 100644 charts/screenshots/NVDA/NVDA_Weekly_20260920_060111.png
 create mode 100644 charts/screenshots/NVDA/NVDA_Weekly_20260921_061621.png
 delete mode 100644 charts/screenshots/OKTA/OKTA_1H_20260920_054604.png
 create mode 100644 charts/screenshots/OKTA/OKTA_1H_20260921_055951.png
 delete mode 100644 charts/screenshots/OKTA/OKTA_4H_20260920_054604.png
 create mode 100644 charts/screenshots/OKTA/OKTA_4H_20260921_055951.png
 delete mode 100644 charts/screenshots/OKTA/OKTA_Daily_20260920_054604.png
 create mode 100644 charts/screenshots/OKTA/OKTA_Daily_20260921_055951.png
 delete mode 100644 charts/screenshots/OKTA/OKTA_Monthly_20260920_054604.png
 create mode 100644 charts/screenshots/OKTA/OKTA_Monthly_20260921_055951.png
 delete mode 100644 charts/screenshots/OKTA/OKTA_Weekly_20260920_054604.png
 create mode 100644 charts/screenshots/OKTA/OKTA_Weekly_20260921_055951.png
 delete mode 100644 charts/screenshots/PANW/PANW_1H_20260920_055534.png
 create mode 100644 charts/screenshots/PANW/PANW_1H_20260921_061016.png
 delete mode 100644 charts/screenshots/PANW/PANW_4H_20260920_055534.png
 create mode 100644 charts/screenshots/PANW/PANW_4H_20260921_061016.png
 delete mode 100644 charts/screenshots/PANW/PANW_Daily_20260920_055534.png
 create mode 100644 charts/screenshots/PANW/PANW_Daily_20260921_061016.png
 delete mode 100644 charts/screenshots/PANW/PANW_Monthly_20260920_055534.png
 create mode 100644 charts/screenshots/PANW/PANW_Monthly_20260921_061016.png
 delete mode 100644 charts/screenshots/PANW/PANW_Weekly_20260920_055534.png
 create mode 100644 charts/screenshots/PANW/PANW_Weekly_20260921_061016.png
 delete mode 100644 charts/screenshots/PFE/PFE_1H_20260920_053815.png
 create mode 100644 charts/screenshots/PFE/PFE_1H_20260921_055121.png
 delete mode 100644 charts/screenshots/PFE/PFE_4H_20260920_053815.png
 create mode 100644 charts/screenshots/PFE/PFE_4H_20260921_055121.png
 delete mode 100644 charts/screenshots/PFE/PFE_Daily_20260920_053815.png
 create mode 100644 charts/screenshots/PFE/PFE_Daily_20260921_055121.png
 delete mode 100644 charts/screenshots/PFE/PFE_Monthly_20260920_053815.png
 create mode 100644 charts/screenshots/PFE/PFE_Monthly_20260921_055121.png
 delete mode 100644 charts/screenshots/PFE/PFE_Weekly_20260920_053815.png
 create mode 100644 charts/screenshots/PFE/PFE_Weekly_20260921_055121.png
 delete mode 100644 charts/screenshots/PG/PG_1H_20260920_062436.png
 create mode 100644 charts/screenshots/PG/PG_1H_20260921_064158.png
 delete mode 100644 charts/screenshots/PG/PG_4H_20260920_062436.png
 create mode 100644 charts/screenshots/PG/PG_4H_20260921_064158.png
 delete mode 100644 charts/screenshots/PG/PG_Daily_20260920_062436.png
 create mode 100644 charts/screenshots/PG/PG_Daily_20260921_064158.png
 delete mode 100644 charts/screenshots/PG/PG_Monthly_20260920_062436.png
 create mode 100644 charts/screenshots/PG/PG_Monthly_20260921_064158.png
 delete mode 100644 charts/screenshots/PG/PG_Weekly_20260920_062436.png
 create mode 100644 charts/screenshots/PG/PG_Weekly_20260921_064158.png
 delete mode 100644 charts/screenshots/PLTR/PLTR_1H_20260920_060144.png
 create mode 100644 charts/screenshots/PLTR/PLTR_1H_20260921_061658.png
 delete mode 100644 charts/screenshots/PLTR/PLTR_4H_20260920_060144.png
 create mode 100644 charts/screenshots/PLTR/PLTR_4H_20260921_061658.png
 delete mode 100644 charts/screenshots/PLTR/PLTR_Daily_20260920_060144.png
 create mode 100644 charts/screenshots/PLTR/PLTR_Daily_20260921_061658.png
 delete mode 100644 charts/screenshots/PLTR/PLTR_Monthly_20260920_060144.png
 create mode 100644 charts/screenshots/PLTR/PLTR_Monthly_20260921_061658.png
 delete mode 100644 charts/screenshots/PLTR/PLTR_Weekly_20260920_060144.png
 create mode 100644 charts/screenshots/PLTR/PLTR_Weekly_20260921_061658.png
 delete mode 100644 charts/screenshots/PM/PM_1H_20260920_061253.png
 create mode 100644 charts/screenshots/PM/PM_1H_20260921_062910.png
 delete mode 100644 charts/screenshots/PM/PM_4H_20260920_061253.png
 create mode 100644 charts/screenshots/PM/PM_4H_20260921_062910.png
 delete mode 100644 charts/screenshots/PM/PM_Daily_20260920_061253.png
 create mode 100644 charts/screenshots/PM/PM_Daily_20260921_062910.png
 delete mode 100644 charts/screenshots/PM/PM_Monthly_20260920_061253.png
 create mode 100644 charts/screenshots/PM/PM_Monthly_20260921_062910.png
 delete mode 100644 charts/screenshots/PM/PM_Weekly_20260920_061253.png
 create mode 100644 charts/screenshots/PM/PM_Weekly_20260921_062910.png
 delete mode 100644 charts/screenshots/PSX/PSX_1H_20260920_060754.png
 create mode 100644 charts/screenshots/PSX/PSX_1H_20260921_062341.png
 delete mode 100644 charts/screenshots/PSX/PSX_4H_20260920_060754.png
 create mode 100644 charts/screenshots/PSX/PSX_4H_20260921_062341.png
 delete mode 100644 charts/screenshots/PSX/PSX_Daily_20260920_060754.png
 create mode 100644 charts/screenshots/PSX/PSX_Daily_20260921_062341.png
 delete mode 100644 charts/screenshots/PSX/PSX_Monthly_20260920_060754.png
 create mode 100644 charts/screenshots/PSX/PSX_Monthly_20260921_062341.png
 delete mode 100644 charts/screenshots/PSX/PSX_Weekly_20260920_060754.png
 create mode 100644 charts/screenshots/PSX/PSX_Weekly_20260921_062341.png
 delete mode 100644 charts/screenshots/PYPL/PYPL_1H_20260920_054745.png
 create mode 100644 charts/screenshots/PYPL/PYPL_1H_20260921_060143.png
 delete mode 100644 charts/screenshots/PYPL/PYPL_4H_20260920_054745.png
 create mode 100644 charts/screenshots/PYPL/PYPL_4H_20260921_060143.png
 delete mode 100644 charts/screenshots/PYPL/PYPL_Daily_20260920_054745.png
 create mode 100644 charts/screenshots/PYPL/PYPL_Daily_20260921_060143.png
 delete mode 100644 charts/screenshots/PYPL/PYPL_Monthly_20260920_054745.png
 create mode 100644 charts/screenshots/PYPL/PYPL_Monthly_20260921_060143.png
 delete mode 100644 charts/screenshots/PYPL/PYPL_Weekly_20260920_054745.png
 create mode 100644 charts/screenshots/PYPL/PYPL_Weekly_20260921_060143.png
 delete mode 100644 charts/screenshots/QCOM/QCOM_1H_20260920_061041.png
 create mode 100644 charts/screenshots/QCOM/QCOM_1H_20260921_062643.png
 delete mode 100644 charts/screenshots/QCOM/QCOM_4H_20260920_061041.png
 create mode 100644 charts/screenshots/QCOM/QCOM_4H_20260921_062643.png
 delete mode 100644 charts/screenshots/QCOM/QCOM_Daily_20260920_061041.png
 create mode 100644 charts/screenshots/QCOM/QCOM_Daily_20260921_062643.png
 delete mode 100644 charts/screenshots/QCOM/QCOM_Monthly_20260920_061041.png
 create mode 100644 charts/screenshots/QCOM/QCOM_Monthly_20260921_062643.png
 delete mode 100644 charts/screenshots/QCOM/QCOM_Weekly_20260920_061041.png
 create mode 100644 charts/screenshots/QCOM/QCOM_Weekly_20260921_062643.png
 delete mode 100644 charts/screenshots/QQQ/QQQ_1H_20260920_054245.png
 create mode 100644 charts/screenshots/QQQ/QQQ_1H_20260921_055612.png
 delete mode 100644 charts/screenshots/QQQ/QQQ_4H_20260920_054245.png
 create mode 100644 charts/screenshots/QQQ/QQQ_4H_20260921_055612.png
 delete mode 100644 charts/screenshots/QQQ/QQQ_Daily_20260920_054245.png
 create mode 100644 charts/screenshots/QQQ/QQQ_Daily_20260921_055612.png
 delete mode 100644 charts/screenshots/QQQ/QQQ_Monthly_20260920_054245.png
 create mode 100644 charts/screenshots/QQQ/QQQ_Monthly_20260921_055612.png
 delete mode 100644 charts/screenshots/QQQ/QQQ_Weekly_20260920_054245.png
 create mode 100644 charts/screenshots/QQQ/QQQ_Weekly_20260921_055612.png
 delete mode 100644 charts/screenshots/RTX/RTX_1H_20260920_060037.png
 create mode 100644 charts/screenshots/RTX/RTX_1H_20260921_061544.png
 delete mode 100644 charts/screenshots/RTX/RTX_4H_20260920_060037.png
 create mode 100644 charts/screenshots/RTX/RTX_4H_20260921_061544.png
 delete mode 100644 charts/screenshots/RTX/RTX_Daily_20260920_060037.png
 create mode 100644 charts/screenshots/RTX/RTX_Daily_20260921_061544.png
 delete mode 100644 charts/screenshots/RTX/RTX_Monthly_20260920_060037.png
 create mode 100644 charts/screenshots/RTX/RTX_Monthly_20260921_061544.png
 delete mode 100644 charts/screenshots/RTX/RTX_Weekly_20260920_060037.png
 create mode 100644 charts/screenshots/RTX/RTX_Weekly_20260921_061544.png
 delete mode 100644 charts/screenshots/SCHW/SCHW_1H_20260920_054924.png
 create mode 100644 charts/screenshots/SCHW/SCHW_1H_20260921_060333.png
 delete mode 100644 charts/screenshots/SCHW/SCHW_4H_20260920_054924.png
 create mode 100644 charts/screenshots/SCHW/SCHW_4H_20260921_060333.png
 delete mode 100644 charts/screenshots/SCHW/SCHW_Daily_20260920_054924.png
 create mode 100644 charts/screenshots/SCHW/SCHW_Daily_20260921_060333.png
 delete mode 100644 charts/screenshots/SCHW/SCHW_Monthly_20260920_054924.png
 create mode 100644 charts/screenshots/SCHW/SCHW_Monthly_20260921_060333.png
 delete mode 100644 charts/screenshots/SCHW/SCHW_Weekly_20260920_054924.png
 create mode 100644 charts/screenshots/SCHW/SCHW_Weekly_20260921_060333.png
 delete mode 100644 charts/screenshots/SLB/SLB_1H_20260920_061645.png
 create mode 100644 charts/screenshots/SLB/SLB_1H_20260921_063326.png
 delete mode 100644 charts/screenshots/SLB/SLB_4H_20260920_061645.png
 create mode 100644 charts/screenshots/SLB/SLB_4H_20260921_063326.png
 delete mode 100644 charts/screenshots/SLB/SLB_Daily_20260920_061645.png
 create mode 100644 charts/screenshots/SLB/SLB_Daily_20260921_063326.png
 delete mode 100644 charts/screenshots/SLB/SLB_Monthly_20260920_061645.png
 create mode 100644 charts/screenshots/SLB/SLB_Monthly_20260921_063326.png
 delete mode 100644 charts/screenshots/SLB/SLB_Weekly_20260920_061645.png
 create mode 100644 charts/screenshots/SLB/SLB_Weekly_20260921_063326.png
 delete mode 100644 charts/screenshots/SMCI/SMCI_1H_20260920_060359.png
 create mode 100644 charts/screenshots/SMCI/SMCI_1H_20260921_061924.png
 delete mode 100644 charts/screenshots/SMCI/SMCI_4H_20260920_060359.png
 create mode 100644 charts/screenshots/SMCI/SMCI_4H_20260921_061924.png
 delete mode 100644 charts/screenshots/SMCI/SMCI_Daily_20260920_060359.png
 create mode 100644 charts/screenshots/SMCI/SMCI_Daily_20260921_061924.png
 delete mode 100644 charts/screenshots/SMCI/SMCI_Monthly_20260920_060359.png
 create mode 100644 charts/screenshots/SMCI/SMCI_Monthly_20260921_061924.png
 delete mode 100644 charts/screenshots/SMCI/SMCI_Weekly_20260920_060359.png
 create mode 100644 charts/screenshots/SMCI/SMCI_Weekly_20260921_061924.png
 delete mode 100644 charts/screenshots/SPGI/SPGI_1H_20260920_061433.png
 create mode 100644 charts/screenshots/SPGI/SPGI_1H_20260921_063100.png
 delete mode 100644 charts/screenshots/SPGI/SPGI_4H_20260920_061433.png
 create mode 100644 charts/screenshots/SPGI/SPGI_4H_20260921_063100.png
 delete mode 100644 charts/screenshots/SPGI/SPGI_Daily_20260920_061433.png
 create mode 100644 charts/screenshots/SPGI/SPGI_Daily_20260921_063100.png
 delete mode 100644 charts/screenshots/SPGI/SPGI_Monthly_20260920_061433.png
 create mode 100644 charts/screenshots/SPGI/SPGI_Monthly_20260921_063100.png
 delete mode 100644 charts/screenshots/SPGI/SPGI_Weekly_20260920_061433.png
 create mode 100644 charts/screenshots/SPGI/SPGI_Weekly_20260921_063100.png
 delete mode 100644 charts/screenshots/SPY/SPY_1H_20260920_060935.png
 create mode 100644 charts/screenshots/SPY/SPY_1H_20260921_062531.png
 delete mode 100644 charts/screenshots/SPY/SPY_4H_20260920_060935.png
 create mode 100644 charts/screenshots/SPY/SPY_4H_20260921_062531.png
 delete mode 100644 charts/screenshots/SPY/SPY_Daily_20260920_060935.png
 create mode 100644 charts/screenshots/SPY/SPY_Daily_20260921_062531.png
 delete mode 100644 charts/screenshots/SPY/SPY_Monthly_20260920_060935.png
 create mode 100644 charts/screenshots/SPY/SPY_Monthly_20260921_062531.png
 delete mode 100644 charts/screenshots/SPY/SPY_Weekly_20260920_060935.png
 create mode 100644 charts/screenshots/SPY/SPY_Weekly_20260921_062531.png
 delete mode 100644 charts/screenshots/SYK/SYK_1H_20260920_062725.png
 create mode 100644 charts/screenshots/SYK/SYK_1H_20260921_064500.png
 delete mode 100644 charts/screenshots/SYK/SYK_4H_20260920_062725.png
 create mode 100644 charts/screenshots/SYK/SYK_4H_20260921_064500.png
 delete mode 100644 charts/screenshots/SYK/SYK_Daily_20260920_062725.png
 create mode 100644 charts/screenshots/SYK/SYK_Daily_20260921_064500.png
 delete mode 100644 charts/screenshots/SYK/SYK_Monthly_20260920_062725.png
 create mode 100644 charts/screenshots/SYK/SYK_Monthly_20260921_064500.png
 delete mode 100644 charts/screenshots/SYK/SYK_Weekly_20260920_062725.png
 create mode 100644 charts/screenshots/SYK/SYK_Weekly_20260921_064500.png
 delete mode 100644 charts/screenshots/T/T_1H_20260920_053849.png
 create mode 100644 charts/screenshots/T/T_1H_20260921_055157.png
 delete mode 100644 charts/screenshots/T/T_4H_20260920_053849.png
 create mode 100644 charts/screenshots/T/T_4H_20260921_055157.png
 delete mode 100644 charts/screenshots/T/T_Daily_20260920_053849.png
 create mode 100644 charts/screenshots/T/T_Daily_20260921_055157.png
 delete mode 100644 charts/screenshots/T/T_Monthly_20260920_053849.png
 create mode 100644 charts/screenshots/T/T_Monthly_20260921_055157.png
 delete mode 100644 charts/screenshots/T/T_Weekly_20260920_053849.png
 create mode 100644 charts/screenshots/T/T_Weekly_20260921_055157.png
 delete mode 100644 charts/screenshots/TJX/TJX_1H_20260920_062758.png
 create mode 100644 charts/screenshots/TJX/TJX_1H_20260921_064537.png
 delete mode 100644 charts/screenshots/TJX/TJX_4H_20260920_062758.png
 create mode 100644 charts/screenshots/TJX/TJX_4H_20260921_064537.png
 delete mode 100644 charts/screenshots/TJX/TJX_Daily_20260920_062758.png
 create mode 100644 charts/screenshots/TJX/TJX_Daily_20260921_064537.png
 delete mode 100644 charts/screenshots/TJX/TJX_Monthly_20260920_062758.png
 create mode 100644 charts/screenshots/TJX/TJX_Monthly_20260921_064537.png
 delete mode 100644 charts/screenshots/TJX/TJX_Weekly_20260920_062758.png
 create mode 100644 charts/screenshots/TJX/TJX_Weekly_20260921_064537.png
 delete mode 100644 charts/screenshots/TMO/TMO_1H_20260920_054319.png
 create mode 100644 charts/screenshots/TMO/TMO_1H_20260921_055649.png
 delete mode 100644 charts/screenshots/TMO/TMO_4H_20260920_054319.png
 create mode 100644 charts/screenshots/TMO/TMO_4H_20260921_055649.png
 delete mode 100644 charts/screenshots/TMO/TMO_Daily_20260920_054319.png
 create mode 100644 charts/screenshots/TMO/TMO_Daily_20260921_055649.png
 delete mode 100644 charts/screenshots/TMO/TMO_Monthly_20260920_054319.png
 create mode 100644 charts/screenshots/TMO/TMO_Monthly_20260921_055649.png
 delete mode 100644 charts/screenshots/TMO/TMO_Weekly_20260920_054319.png
 create mode 100644 charts/screenshots/TMO/TMO_Weekly_20260921_055649.png
 delete mode 100644 charts/screenshots/UNH/UNH_1H_20260920_061828.png
 create mode 100644 charts/screenshots/UNH/UNH_1H_20260921_063516.png
 delete mode 100644 charts/screenshots/UNH/UNH_4H_20260920_061828.png
 create mode 100644 charts/screenshots/UNH/UNH_4H_20260921_063516.png
 delete mode 100644 charts/screenshots/UNH/UNH_Daily_20260920_061828.png
 create mode 100644 charts/screenshots/UNH/UNH_Daily_20260921_063516.png
 delete mode 100644 charts/screenshots/UNH/UNH_Monthly_20260920_061828.png
 create mode 100644 charts/screenshots/UNH/UNH_Monthly_20260921_063516.png
 delete mode 100644 charts/screenshots/UNH/UNH_Weekly_20260920_061828.png
 create mode 100644 charts/screenshots/UNH/UNH_Weekly_20260921_063516.png
 delete mode 100644 charts/screenshots/V/V_1H_20260920_054031.png
 create mode 100644 charts/screenshots/V/V_1H_20260921_055347.png
 delete mode 100644 charts/screenshots/V/V_4H_20260920_054031.png
 create mode 100644 charts/screenshots/V/V_4H_20260921_055347.png
 delete mode 100644 charts/screenshots/V/V_Daily_20260920_054031.png
 create mode 100644 charts/screenshots/V/V_Daily_20260921_055347.png
 delete mode 100644 charts/screenshots/V/V_Monthly_20260920_054031.png
 create mode 100644 charts/screenshots/V/V_Monthly_20260921_055347.png
 delete mode 100644 charts/screenshots/V/V_Weekly_20260920_054031.png
 create mode 100644 charts/screenshots/V/V_Weekly_20260921_055347.png
 delete mode 100644 charts/screenshots/VLO/VLO_1H_20260920_053742.png
 create mode 100644 charts/screenshots/VLO/VLO_1H_20260921_055044.png
 delete mode 100644 charts/screenshots/VLO/VLO_4H_20260920_053742.png
 create mode 100644 charts/screenshots/VLO/VLO_4H_20260921_055044.png
 delete mode 100644 charts/screenshots/VLO/VLO_Daily_20260920_053742.png
 create mode 100644 charts/screenshots/VLO/VLO_Daily_20260921_055044.png
 delete mode 100644 charts/screenshots/VLO/VLO_Monthly_20260920_053742.png
 create mode 100644 charts/screenshots/VLO/VLO_Monthly_20260921_055044.png
 delete mode 100644 charts/screenshots/VLO/VLO_Weekly_20260920_053742.png
 create mode 100644 charts/screenshots/VLO/VLO_Weekly_20260921_055044.png
 delete mode 100644 charts/screenshots/VZ/VZ_1H_20260920_055822.png
 create mode 100644 charts/screenshots/VZ/VZ_1H_20260921_061319.png
 delete mode 100644 charts/screenshots/VZ/VZ_4H_20260920_055822.png
 create mode 100644 charts/screenshots/VZ/VZ_4H_20260921_061319.png
 delete mode 100644 charts/screenshots/VZ/VZ_Daily_20260920_055822.png
 create mode 100644 charts/screenshots/VZ/VZ_Daily_20260921_061319.png
 delete mode 100644 charts/screenshots/VZ/VZ_Monthly_20260920_055822.png
 create mode 100644 charts/screenshots/VZ/VZ_Monthly_20260921_061319.png
 delete mode 100644 charts/screenshots/VZ/VZ_Weekly_20260920_055822.png
 create mode 100644 charts/screenshots/VZ/VZ_Weekly_20260921_061319.png
 delete mode 100644 charts/screenshots/WDAY/WDAY_1H_20260920_054957.png
 create mode 100644 charts/screenshots/WDAY/WDAY_1H_20260921_060411.png
 delete mode 100644 charts/screenshots/WDAY/WDAY_4H_20260920_054957.png
 create mode 100644 charts/screenshots/WDAY/WDAY_4H_20260921_060411.png
 delete mode 100644 charts/screenshots/WDAY/WDAY_Daily_20260920_054957.png
 create mode 100644 charts/screenshots/WDAY/WDAY_Daily_20260921_060411.png
 delete mode 100644 charts/screenshots/WDAY/WDAY_Monthly_20260920_054957.png
 create mode 100644 charts/screenshots/WDAY/WDAY_Monthly_20260921_060411.png
 delete mode 100644 charts/screenshots/WDAY/WDAY_Weekly_20260920_054957.png
 create mode 100644 charts/screenshots/WDAY/WDAY_Weekly_20260921_060411.png
 delete mode 100644 charts/screenshots/WFC/WFC_1H_20260920_054105.png
 create mode 100644 charts/screenshots/WFC/WFC_1H_20260921_055423.png
 delete mode 100644 charts/screenshots/WFC/WFC_4H_20260920_054105.png
 create mode 100644 charts/screenshots/WFC/WFC_4H_20260921_055423.png
 delete mode 100644 charts/screenshots/WFC/WFC_Daily_20260920_054105.png
 create mode 100644 charts/screenshots/WFC/WFC_Daily_20260921_055423.png
 delete mode 100644 charts/screenshots/WFC/WFC_Monthly_20260920_054105.png
 create mode 100644 charts/screenshots/WFC/WFC_Monthly_20260921_055423.png
 delete mode 100644 charts/screenshots/WFC/WFC_Weekly_20260920_054105.png
 create mode 100644 charts/screenshots/WFC/WFC_Weekly_20260921_055423.png
 delete mode 100644 charts/screenshots/XOM/XOM_1H_20260920_061008.png
 create mode 100644 charts/screenshots/XOM/XOM_1H_20260921_062607.png
 delete mode 100644 charts/screenshots/XOM/XOM_4H_20260920_061008.png
 create mode 100644 charts/screenshots/XOM/XOM_4H_20260921_062607.png
 delete mode 100644 charts/screenshots/XOM/XOM_Daily_20260920_061008.png
 create mode 100644 charts/screenshots/XOM/XOM_Daily_20260921_062607.png
 delete mode 100644 charts/screenshots/XOM/XOM_Monthly_20260920_061008.png
 create mode 100644 charts/screenshots/XOM/XOM_Monthly_20260921_062607.png
 delete mode 100644 charts/screenshots/XOM/XOM_Weekly_20260920_061008.png
 create mode 100644 charts/screenshots/XOM/XOM_Weekly_20260921_062607.png
[[SP500 차트분석]] GitHub 푸시 완료
[[SP500 차트분석]] Google Sheets 업데이트 완료
[Paper Trading] SP500 ranked_df 스냅샷 저장 완료 (128개 종목)

[요약] 파이프라인 완료 – 총 4778.6초 (79.64분) 소요
