============================================================
[1단계] 전 종목 리스트 수집 및 기본 필터링
============================================================
[ticker_fetcher] 나스닥 FTP 서버에서 종목 리스트 다운로드 중...
[ticker_fetcher] 총 7464개 종목 로드 → 비표준 심볼 1237개 제거 → 6227개 보통주
[ticker_fetcher] 1단계 필터링 배치 1/42 (150개 종목)...
[ticker_fetcher] 1단계 필터링 배치 2/42 (150개 종목)...
[ticker_fetcher] 1단계 필터링 배치 3/42 (150개 종목)...
[ticker_fetcher] 1단계 필터링 배치 4/42 (150개 종목)...
[ticker_fetcher] 1단계 필터링 배치 5/42 (150개 종목)...
[ticker_fetcher] 1단계 필터링 배치 6/42 (150개 종목)...
[ticker_fetcher] 1단계 필터링 배치 7/42 (150개 종목)...
[ticker_fetcher] 1단계 필터링 배치 8/42 (150개 종목)...
[ticker_fetcher] 1단계 필터링 배치 9/42 (150개 종목)...
[ticker_fetcher] 1단계 필터링 배치 10/42 (150개 종목)...
[ticker_fetcher] 1단계 필터링 배치 11/42 (150개 종목)...
[ticker_fetcher] 1단계 필터링 배치 12/42 (150개 종목)...
[ticker_fetcher] 1단계 필터링 배치 13/42 (150개 종목)...
[ticker_fetcher] 1단계 필터링 배치 14/42 (150개 종목)...
[ticker_fetcher] 1단계 필터링 배치 15/42 (150개 종목)...
[ticker_fetcher] 1단계 필터링 배치 16/42 (150개 종목)...
[ticker_fetcher] 1단계 필터링 배치 17/42 (150개 종목)...
[ticker_fetcher] 1단계 필터링 배치 18/42 (150개 종목)...
[ticker_fetcher] 1단계 필터링 배치 19/42 (150개 종목)...
[ticker_fetcher] 1단계 필터링 배치 20/42 (150개 종목)...
[ticker_fetcher] 1단계 필터링 배치 21/42 (150개 종목)...
[ticker_fetcher] 1단계 필터링 배치 22/42 (150개 종목)...
[ticker_fetcher] 1단계 필터링 배치 23/42 (150개 종목)...
[ticker_fetcher] 1단계 필터링 배치 24/42 (150개 종목)...
[ticker_fetcher] 1단계 필터링 배치 25/42 (150개 종목)...
[ticker_fetcher] 1단계 필터링 배치 26/42 (150개 종목)...
[ticker_fetcher] 1단계 필터링 배치 27/42 (150개 종목)...
[ticker_fetcher] 1단계 필터링 배치 28/42 (150개 종목)...
[ticker_fetcher] 1단계 필터링 배치 29/42 (150개 종목)...
[ticker_fetcher] 1단계 필터링 배치 30/42 (150개 종목)...
[ticker_fetcher] 1단계 필터링 배치 31/42 (150개 종목)...
[ticker_fetcher] 1단계 필터링 배치 32/42 (150개 종목)...
[ticker_fetcher] 1단계 필터링 배치 33/42 (150개 종목)...
[ticker_fetcher] 1단계 필터링 배치 34/42 (150개 종목)...
[ticker_fetcher] 1단계 필터링 배치 35/42 (150개 종목)...
[ticker_fetcher] 1단계 필터링 배치 36/42 (150개 종목)...
[ticker_fetcher] 1단계 필터링 배치 37/42 (150개 종목)...
[ticker_fetcher] 1단계 필터링 배치 38/42 (150개 종목)...
[ticker_fetcher] 1단계 필터링 배치 39/42 (150개 종목)...
[ticker_fetcher] 1단계 필터링 배치 40/42 (150개 종목)...
[ticker_fetcher] 1단계 필터링 배치 41/42 (150개 종목)...
[ticker_fetcher] 1단계 필터링 배치 42/42 (77개 종목)...
[ticker_fetcher] 1단계 필터링 완료: 6227개 → 4321개 (가격 ≥ $1.0, 평균 거래량 ≥ 100,000)

============================================================
[2단계] 바닥 탈출 / 강세 돌파 후보 선별
============================================================
[2단계] 배치 1/29 (150개 종목 분석 중)...
[2단계] 배치 2/29 (150개 종목 분석 중)...
[2단계] 배치 3/29 (150개 종목 분석 중)...
[2단계] 배치 4/29 (150개 종목 분석 중)...
[2단계] 배치 5/29 (150개 종목 분석 중)...
[2단계] 배치 6/29 (150개 종목 분석 중)...
[2단계] 배치 7/29 (150개 종목 분석 중)...
[2단계] 배치 8/29 (150개 종목 분석 중)...
[2단계] 배치 9/29 (150개 종목 분석 중)...
[2단계] 배치 10/29 (150개 종목 분석 중)...
[2단계] 배치 11/29 (150개 종목 분석 중)...
[2단계] 배치 12/29 (150개 종목 분석 중)...
[2단계] 배치 13/29 (150개 종목 분석 중)...
[2단계] 배치 14/29 (150개 종목 분석 중)...
[2단계] 배치 15/29 (150개 종목 분석 중)...
[2단계] 배치 16/29 (150개 종목 분석 중)...
[2단계] 배치 17/29 (150개 종목 분석 중)...
[2단계] 배치 18/29 (150개 종목 분석 중)...
[2단계] 배치 19/29 (150개 종목 분석 중)...
[2단계] 배치 20/29 (150개 종목 분석 중)...
[2단계] 배치 21/29 (150개 종목 분석 중)...
[2단계] 배치 22/29 (150개 종목 분석 중)...
[2단계] 배치 23/29 (150개 종목 분석 중)...
[2단계] 배치 24/29 (150개 종목 분석 중)...
[2단계] 배치 25/29 (150개 종목 분석 중)...
[2단계] 배치 26/29 (150개 종목 분석 중)...
[2단계] 배치 27/29 (150개 종목 분석 중)...
[2단계] 배치 28/29 (150개 종목 분석 중)...
[2단계] 배치 29/29 (121개 종목 분석 중)...
[2단계] 필터링 완료: 4321개 → 955개 후보 선별

============================================================
[3단계] 955개 후보 종목 정밀 분석
============================================================
[OHLCV] 배치 다운로드 1/7 (150개 종목, period=5y)...
[OHLCV] 배치 다운로드 2/7 (150개 종목, period=5y)...
[OHLCV] 배치 다운로드 3/7 (150개 종목, period=5y)...
[OHLCV] 배치 다운로드 4/7 (150개 종목, period=5y)...
[OHLCV] 배치 다운로드 5/7 (150개 종목, period=5y)...
[OHLCV] 배치 다운로드 6/7 (150개 종목, period=5y)...
[OHLCV] 배치 다운로드 7/7 (55개 종목, period=5y)...
[DataValidator] 717건의 데이터 품질 경고 발생
Warning:  AARD: Close NaN 비율 72.4% (기준: 30%)
Warning:  AARD: 비정상 가격 변동 56.2% (2026-03-02) — 스플릿/데이터 오류 가능
Warning:  ABAT: 비정상 가격 변동 60.4% (2024-12-23) — 스플릿/데이터 오류 가능
Warning:  ABTS: 비정상 가격 변동 1381.0% (2025-03-10) — 스플릿/데이터 오류 가능
Warning:  ABVC: 비정상 가격 변동 137.4% (2021-11-01) — 스플릿/데이터 오류 가능
Warning:  ABVX: Close NaN 비율 46.1% (기준: 30%)
Warning:  ABVX: 비정상 가격 변동 586.0% (2025-07-23) — 스플릿/데이터 오류 가능
Warning:  ACB: 비정상 가격 변동 72.2% (2023-09-11) — 스플릿/데이터 오류 가능
Warning:  ACCL: Close NaN 비율 85.9% (기준: 30%)
Warning:  ACRS: 비정상 가격 변동 86.4% (2023-11-13) — 스플릿/데이터 오류 가능
Warning:  ACTU: Close NaN 비율 62.3% (기준: 30%)
Warning:  ADCT: 비정상 가격 변동 63.1% (2023-12-13) — 스플릿/데이터 오류 가능
Warning:  ADIL: 비정상 가격 변동 106.2% (2024-04-10) — 스플릿/데이터 오류 가능
Warning:  AEHL: 비정상 가격 변동 135.3% (2026-05-08) — 스플릿/데이터 오류 가능
Warning:  AGEN: 비정상 가격 변동 58.8% (2024-07-18) — 스플릿/데이터 오류 가능
Warning:  AGMH: 비정상 가격 변동 363.7% (2025-09-19) — 스플릿/데이터 오류 가능
Warning:  AGPU: 비정상 가격 변동 119.8% (2026-04-01) — 스플릿/데이터 오류 가능
Warning:  AHMA: Close NaN 비율 86.1% (기준: 30%)
Warning:  AHMA: 비정상 가격 변동 198.1% (2025-12-01) — 스플릿/데이터 오류 가능
Warning:  AHR: Close NaN 비율 52.0% (기준: 30%)
Warning:  AIFF: 비정상 가격 변동 171.0% (2025-02-11) — 스플릿/데이터 오류 가능
Warning:  AIIO: 비정상 가격 변동 116.1% (2026-05-14) — 스플릿/데이터 오류 가능
Warning:  AIRO: Close NaN 비율 79.0% (기준: 30%)
Warning:  AIRS: 비정상 가격 변동 51.6% (2026-03-16) — 스플릿/데이터 오류 가능
Warning:  AISP: 비정상 가격 변동 200.0% (2024-03-05) — 스플릿/데이터 오류 가능
Warning:  AIXC: 비정상 가격 변동 111.7% (2024-07-12) — 스플릿/데이터 오류 가능
Warning:  AIXI: Close NaN 비율 33.7% (기준: 30%)
Warning:  AIXI: 비정상 가격 변동 513.7% (2026-04-06) — 스플릿/데이터 오류 가능
Warning:  AKAN: 비정상 가격 변동 214.2% (2026-04-22) — 스플릿/데이터 오류 가능
Warning:  AKBA: 비정상 가격 변동 66.0% (2022-03-30) — 스플릿/데이터 오류 가능
Warning:  AKTS: Close NaN 비율 90.4% (기준: 30%)
Warning:  ALDX: 비정상 가격 변동 73.3% (2025-04-03) — 스플릿/데이터 오류 가능
Warning:  ALIT: 비정상 가격 변동 2371.4% (2026-07-02) — 스플릿/데이터 오류 가능
Warning:  ALOT: 비정상 가격 변동 69.9% (2026-06-17) — 스플릿/데이터 오류 가능
Warning:  ALZN: 비정상 가격 변동 186.8% (2024-08-19) — 스플릿/데이터 오류 가능
Warning:  AMBO: 비정상 가격 변동 226.8% (2024-10-07) — 스플릿/데이터 오류 가능
Warning:  AMLX: 비정상 가격 변동 82.3% (2024-03-08) — 스플릿/데이터 오류 가능
Warning:  AMST: 비정상 가격 변동 120.1% (2026-05-19) — 스플릿/데이터 오류 가능
Warning:  ANGX: Close NaN 비율 83.8% (기준: 30%)
Warning:  ANNA: 비정상 가격 변동 86.5% (2026-03-20) — 스플릿/데이터 오류 가능
Warning:  ANVS: 비정상 가격 변동 76.1% (2024-07-02) — 스플릿/데이터 오류 가능
Warning:  ANY: 비정상 가격 변동 111.6% (2026-06-01) — 스플릿/데이터 오류 가능
Warning:  APGE: Close NaN 비율 40.6% (기준: 30%)
Warning:  AQMS: 비정상 가격 변동 198.9% (2025-10-14) — 스플릿/데이터 오류 가능
Warning:  ARCT: 비정상 가격 변동 68.1% (2021-08-03) — 스플릿/데이터 오류 가능
Warning:  AREC: 비정상 가격 변동 83.5% (2025-04-16) — 스플릿/데이터 오류 가능
Warning:  ARMP: 비정상 가격 변동 103.2% (2025-10-22) — 스플릿/데이터 오류 가능
Warning:  ARQQ: 비정상 가격 변동 56.9% (2025-03-17) — 스플릿/데이터 오류 가능
Warning:  ARTL: 비정상 가격 변동 230.4% (2026-03-27) — 스플릿/데이터 오류 가능
Warning:  ARX: Close NaN 비율 81.1% (기준: 30%)
Warning:  ASBP: 비정상 가격 변동 2883.8% (2026-05-11) — 스플릿/데이터 오류 가능
Warning:  ASST: Close NaN 비율 31.9% (기준: 30%)
Warning:  ASST: 비정상 가격 변동 455.7% (2025-05-07) — 스플릿/데이터 오류 가능
Warning:  ASTC: 비정상 가격 변동 459.1% (2026-05-27) — 스플릿/데이터 오류 가능
Warning:  ASTI: 비정상 가격 변동 143.8% (2025-06-26) — 스플릿/데이터 오류 가능
Warning:  ATLX: 비정상 가격 변동 60.5% (2023-02-23) — 스플릿/데이터 오류 가능
Warning:  ATPC: Close NaN 비율 43.8% (기준: 30%)
Warning:  ATPC: 비정상 가격 변동 164.7% (2025-12-11) — 스플릿/데이터 오류 가능
Warning:  AUID: 비정상 가격 변동 72.2% (2026-01-15) — 스플릿/데이터 오류 가능
Warning:  AUUD: 비정상 가격 변동 181.8% (2023-06-12) — 스플릿/데이터 오류 가능
Warning:  AXTI: 비정상 가격 변동 69.3% (2024-02-23) — 스플릿/데이터 오류 가능
Warning:  AZI: Close NaN 비율 63.2% (기준: 30%)
Warning:  AZI: 비정상 가격 변동 146.2% (2026-03-09) — 스플릿/데이터 오류 가능
Warning:  BATL: 비정상 가격 변동 211.7% (2026-01-26) — 스플릿/데이터 오류 가능
Warning:  BBAI: 비정상 가격 변동 260.5% (2023-01-12) — 스플릿/데이터 오류 가능
Warning:  BBLG: 비정상 가격 변동 136.2% (2024-09-16) — 스플릿/데이터 오류 가능
Warning:  BCAX: Close NaN 비율 64.1% (기준: 30%)
Warning:  BCDA: 비정상 가격 변동 167.5% (2023-11-14) — 스플릿/데이터 오류 가능
Warning:  BCTX: 비정상 가격 변동 1494.6% (2025-01-29) — 스플릿/데이터 오류 가능
Warning:  BDMD: 비정상 가격 변동 623.8% (2024-12-31) — 스플릿/데이터 오류 가능
Warning:  BDRX: 비정상 가격 변동 88.6% (2024-03-28) — 스플릿/데이터 오류 가능
Warning:  BDTX: 비정상 가격 변동 235.9% (2023-06-27) — 스플릿/데이터 오류 가능
Warning:  BEEP: Close NaN 비율 43.1% (기준: 30%)
Warning:  BEEP: 비정상 가격 변동 77.9% (2023-10-05) — 스플릿/데이터 오류 가능
Warning:  BESS: 비정상 가격 변동 7042.9% (2025-02-10) — 스플릿/데이터 오류 가능
Warning:  BESS: 거래량 0 연속 6일 (기준: 5일) — 상장폐지/거래정지 가능
Warning:  BETA: Close NaN 비율 86.9% (기준: 30%)
Warning:  BETR: 비정상 가격 변동 223.0% (2023-07-25) — 스플릿/데이터 오류 가능
Warning:  BGDE: 비정상 가격 변동 94.1% (2024-12-05) — 스플릿/데이터 오류 가능
Warning:  BGLC: 비정상 가격 변동 282.0% (2024-02-13) — 스플릿/데이터 오류 가능
Warning:  BGMS: 비정상 가격 변동 272.5% (2025-07-15) — 스플릿/데이터 오류 가능
Warning:  BIOA: Close NaN 비율 64.8% (기준: 30%)
Warning:  BIOA: 비정상 가격 변동 76.9% (2024-12-09) — 스플릿/데이터 오류 가능
Warning:  BIRD: 비정상 가격 변동 582.3% (2026-04-15) — 스플릿/데이터 오류 가능
Warning:  BIVI: 비정상 가격 변동 109.8% (2024-10-18) — 스플릿/데이터 오류 가능
Warning:  BJDX: 비정상 가격 변동 112.5% (2025-04-07) — 스플릿/데이터 오류 가능
Warning:  BKKT: 비정상 가격 변동 234.4% (2021-10-25) — 스플릿/데이터 오류 가능
Warning:  BLNE: 비정상 가격 변동 89.5% (2024-09-05) — 스플릿/데이터 오류 가능
Warning:  BLSH: Close NaN 비율 82.2% (기준: 30%)
Warning:  BMGL: Close NaN 비율 72.9% (기준: 30%)
Warning:  BMGL: 비정상 가격 변동 484.6% (2025-05-30) — 스플릿/데이터 오류 가능
Warning:  BMNR: Close NaN 비율 78.5% (기준: 30%)
Warning:  BMNR: 비정상 가격 변동 694.8% (2025-06-30) — 스플릿/데이터 오류 가능
Warning:  BNAI: 비정상 가격 변동 276.7% (2026-01-26) — 스플릿/데이터 오류 가능
Warning:  BNC: 비정상 가격 변동 548.8% (2025-07-28) — 스플릿/데이터 오류 가능
Warning:  BNKK: 비정상 가격 변동 51.1% (2025-08-11) — 스플릿/데이터 오류 가능
Warning:  BNRG: 비정상 가격 변동 140.3% (2024-08-30) — 스플릿/데이터 오류 가능
Warning:  BNZI: 비정상 가격 변동 97.6% (2024-09-20) — 스플릿/데이터 오류 가능
Warning:  BOXL: 비정상 가격 변동 265.2% (2025-01-06) — 스플릿/데이터 오류 가능
Warning:  BRCB: Close NaN 비율 83.9% (기준: 30%)
Warning:  BRR: Close NaN 비율 78.6% (기준: 30%)
Warning:  BTAI: 비정상 가격 변동 85.4% (2025-08-04) — 스플릿/데이터 오류 가능
Warning:  BTBT: 비정상 가격 변동 109.7% (2021-07-26) — 스플릿/데이터 오류 가능
Warning:  BTCS: 비정상 가격 변동 111.1% (2025-07-08) — 스플릿/데이터 오류 가능
Warning:  BTCT: 비정상 가격 변동 316.7% (2024-11-12) — 스플릿/데이터 오류 가능
Warning:  BTOG: 비정상 가격 변동 121.4% (2025-03-07) — 스플릿/데이터 오류 가능
Warning:  BTQ: Close NaN 비율 84.7% (기준: 30%)
Warning:  BTQ: 비정상 가격 변동 51.5% (2025-10-07) — 스플릿/데이터 오류 가능
Warning:  BTSG: Close NaN 비율 51.4% (기준: 30%)
Warning:  BULL: 비정상 가격 변동 374.7% (2025-04-14) — 스플릿/데이터 오류 가능
Warning:  BUR: 비정상 가격 변동 53.2% (2023-03-31) — 스플릿/데이터 오류 가능
Warning:  BZAI: 비정상 가격 변동 58.7% (2025-07-18) — 스플릿/데이터 오류 가능
Warning:  CAI: Close NaN 비율 79.2% (기준: 30%)
Warning:  CANF: 비정상 가격 변동 69.3% (2021-12-20) — 스플릿/데이터 오류 가능
Warning:  CAR: 비정상 가격 변동 108.3% (2021-11-02) — 스플릿/데이터 오류 가능
Warning:  CBUS: 비정상 가격 변동 89.8% (2023-01-17) — 스플릿/데이터 오류 가능
Warning:  CD: 비정상 가격 변동 81.4% (2024-11-11) — 스플릿/데이터 오류 가능
Warning:  CDTG: Close NaN 비율 56.0% (기준: 30%)
Warning:  CDTG: 비정상 가격 변동 88.4% (2025-09-09) — 스플릿/데이터 오류 가능
Warning:  CELZ: 비정상 가격 변동 101.0% (2023-02-08) — 스플릿/데이터 오류 가능
Warning:  CETX: 비정상 가격 변동 129.6% (2025-12-08) — 스플릿/데이터 오류 가능
Warning:  CGTX: 비정상 가격 변동 62.2% (2022-08-04) — 스플릿/데이터 오류 가능
Warning:  CHA: Close NaN 비율 75.9% (기준: 30%)
Warning:  CHR: 비정상 가격 변동 70.6% (2025-10-01) — 스플릿/데이터 오류 가능
Warning:  CHSN: Close NaN 비율 34.9% (기준: 30%)
Warning:  CHSN: 비정상 가격 변동 387.2% (2024-10-04) — 스플릿/데이터 오류 가능
Warning:  CING: 비정상 가격 변동 268.5% (2024-08-16) — 스플릿/데이터 오류 가능
Warning:  CISS: Close NaN 비율 39.0% (기준: 30%)
Warning:  CISS: 비정상 가격 변동 84.2% (2025-10-07) — 스플릿/데이터 오류 가능
Warning:  CLIK: Close NaN 비율 65.5% (기준: 30%)
Warning:  CLIK: 비정상 가격 변동 153.6% (2025-05-15) — 스플릿/데이터 오류 가능
Warning:  CLRB: 비정상 가격 변동 75.8% (2024-12-11) — 스플릿/데이터 오류 가능
Warning:  CLYM: 비정상 가격 변동 71.5% (2024-04-11) — 스플릿/데이터 오류 가능
Warning:  CMND: 비정상 가격 변동 62.2% (2023-04-04) — 스플릿/데이터 오류 가능
Warning:  CMPX: 비정상 가격 변동 64.4% (2026-04-27) — 스플릿/데이터 오류 가능
Warning:  CMTL: 비정상 가격 변동 87.6% (2024-06-18) — 스플릿/데이터 오류 가능
Warning:  CNET: 비정상 가격 변동 52.9% (2023-12-05) — 스플릿/데이터 오류 가능
Warning:  CNTN: 비정상 가격 변동 206.8% (2025-08-20) — 스플릿/데이터 오류 가능
Warning:  CNVS: 비정상 가격 변동 51.6% (2024-02-14) — 스플릿/데이터 오류 가능
Warning:  CODX: 비정상 가격 변동 259.0% (2025-10-27) — 스플릿/데이터 오류 가능
Warning:  CON: Close NaN 비율 61.3% (기준: 30%)
Warning:  CORT: 비정상 가격 변동 109.1% (2025-03-31) — 스플릿/데이터 오류 가능
Warning:  CPSH: 비정상 가격 변동 85.3% (2026-05-26) — 스플릿/데이터 오류 가능
Warning:  CRBP: 비정상 가격 변동 249.4% (2024-01-26) — 스플릿/데이터 오류 가능
Warning:  CRCL: Close NaN 비율 78.5% (기준: 30%)
Warning:  CRDF: 비정상 가격 변동 64.4% (2024-03-01) — 스플릿/데이터 오류 가능
Warning:  CRE: Close NaN 비율 81.0% (기준: 30%)
Warning:  CRE: 비정상 가격 변동 78.6% (2025-08-13) — 스플릿/데이터 오류 가능
Warning:  CREG: 비정상 가격 변동 255.0% (2026-05-14) — 스플릿/데이터 오류 가능
Warning:  CRML: 비정상 가격 변동 120.6% (2024-02-27) — 스플릿/데이터 오류 가능
Warning:  CRMT: 비정상 가격 변동 55.0% (2026-06-10) — 스플릿/데이터 오류 가능
Warning:  CRVO: 비정상 가격 변동 161.4% (2025-03-12) — 스플릿/데이터 오류 가능
Warning:  CRWV: Close NaN 비율 74.7% (기준: 30%)
Warning:  CTEV: 비정상 가격 변동 94.9% (2024-12-24) — 스플릿/데이터 오류 가능
Warning:  CTNT: Close NaN 비율 41.6% (기준: 30%)
Warning:  CTNT: 비정상 가격 변동 437.8% (2024-05-14) — 스플릿/데이터 오류 가능
Warning:  CUPR: Close NaN 비율 75.5% (기준: 30%)
Warning:  CUPR: 비정상 가격 변동 130.8% (2025-09-10) — 스플릿/데이터 오류 가능
Warning:  CWD: Close NaN 비율 37.6% (기준: 30%)
Warning:  CWD: 비정상 가격 변동 323.7% (2025-09-09) — 스플릿/데이터 오류 가능
Warning:  CYN: 비정상 가격 변동 208.3% (2025-02-10) — 스플릿/데이터 오류 가능
Warning:  CYTK: 비정상 가격 변동 82.5% (2023-12-27) — 스플릿/데이터 오류 가능
Warning:  DAIC: Close NaN 비율 79.4% (기준: 30%)
Warning:  DAIC: 비정상 가격 변동 77.7% (2025-07-02) — 스플릿/데이터 오류 가능
Warning:  DAVE: 비정상 가격 변동 64.4% (2024-03-05) — 스플릿/데이터 오류 가능
Warning:  DCOY: 비정상 가격 변동 134.5% (2025-01-13) — 스플릿/데이터 오류 가능
Warning:  DCTH: 비정상 가격 변동 81.7% (2023-08-15) — 스플릿/데이터 오류 가능
Warning:  DCX: 비정상 가격 변동 188.1% (2025-09-19) — 스플릿/데이터 오류 가능
Warning:  DFDV: Close NaN 비율 41.2% (기준: 30%)
Warning:  DFDV: 비정상 가격 변동 842.5% (2025-04-07) — 스플릿/데이터 오류 가능
Warning:  DFLI: 비정상 가격 변동 102.6% (2022-10-05) — 스플릿/데이터 오류 가능
Warning:  DGNX: Close NaN 비율 71.1% (기준: 30%)
Warning:  DGNX: 비정상 가격 변동 234.6% (2025-01-29) — 스플릿/데이터 오류 가능
Warning:  DJT: 비정상 가격 변동 356.8% (2021-10-21) — 스플릿/데이터 오류 가능
Warning:  DKI: Close NaN 비율 82.0% (기준: 30%)
Warning:  DKI: 비정상 가격 변동 1569.6% (2026-05-11) — 스플릿/데이터 오류 가능
Warning:  DOGZ: 비정상 가격 변동 76.2% (2026-01-26) — 스플릿/데이터 오류 가능
Warning:  DOMH: 비정상 가격 변동 91.3% (2025-02-10) — 스플릿/데이터 오류 가능
Warning:  DPRO: 비정상 가격 변동 52.8% (2024-02-22) — 스플릿/데이터 오류 가능
Warning:  DSGN: 비정상 가격 변동 70.5% (2023-08-15) — 스플릿/데이터 오류 가능
Warning:  DSY: Close NaN 비율 30.6% (기준: 30%)
Warning:  DSY: 비정상 가격 변동 291.3% (2026-06-10) — 스플릿/데이터 오류 가능
Warning:  DTCX: 비정상 가격 변동 69.3% (2023-05-12) — 스플릿/데이터 오류 가능
Warning:  DXST: Close NaN 비율 71.1% (기준: 30%)
Warning:  DXST: 비정상 가격 변동 209.4% (2026-06-02) — 스플릿/데이터 오류 가능
Warning:  DXYZ: Close NaN 비율 54.7% (기준: 30%)
Warning:  DXYZ: 비정상 가격 변동 95.6% (2024-03-27) — 스플릿/데이터 오류 가능
Warning:  ECX: 비정상 가격 변동 95.9% (2023-02-22) — 스플릿/데이터 오류 가능
Warning:  EDHL: Close NaN 비율 75.9% (기준: 30%)
Warning:  EDHL: 비정상 가격 변동 114.4% (2025-10-14) — 스플릿/데이터 오류 가능
Warning:  EDSA: 비정상 가격 변동 102.7% (2021-09-20) — 스플릿/데이터 오류 가능
Warning:  EEIQ: 비정상 가격 변동 209.2% (2026-03-26) — 스플릿/데이터 오류 가능
Warning:  EFOR: 비정상 가격 변동 51.7% (2026-04-23) — 스플릿/데이터 오류 가능
Warning:  EHGO: Close NaN 비율 60.0% (기준: 30%)
Warning:  EHGO: 비정상 가격 변동 125.6% (2026-06-22) — 스플릿/데이터 오류 가능
Warning:  ELAB: Close NaN 비율 47.9% (기준: 30%)
Warning:  ELAB: 비정상 가격 변동 133.7% (2026-04-01) — 스플릿/데이터 오류 가능
Warning:  ELPW: Close NaN 비율 36.6% (기준: 30%)
Warning:  ELPW: 비정상 가격 변동 3141.9% (2026-01-30) — 스플릿/데이터 오류 가능
Warning:  ELTX: 비정상 가격 변동 81.5% (2023-06-02) — 스플릿/데이터 오류 가능
Warning:  ELVN: 비정상 가격 변동 71.8% (2022-09-07) — 스플릿/데이터 오류 가능
Warning:  EMBC: 비정상 가격 변동 57.8% (2026-05-05) — 스플릿/데이터 오류 가능
Warning:  EMPD: 비정상 가격 변동 134.3% (2025-07-17) — 스플릿/데이터 오류 가능
Warning:  ENGN: 비정상 가격 변동 116.5% (2024-02-14) — 스플릿/데이터 오류 가능
Warning:  ENGS: Close NaN 비율 74.9% (기준: 30%)
Warning:  ENGS: 비정상 가격 변동 67.6% (2025-11-06) — 스플릿/데이터 오류 가능
Warning:  ENVB: 비정상 가격 변동 136.2% (2023-05-18) — 스플릿/데이터 오류 가능
Warning:  EPSM: Close NaN 비율 74.6% (기준: 30%)
Warning:  EPSM: 비정상 가격 변동 411.5% (2025-09-09) — 스플릿/데이터 오류 가능
Warning:  EVC: 비정상 가격 변동 93.2% (2026-05-06) — 스플릿/데이터 오류 가능
Warning:  EVGO: 비정상 가격 변동 60.8% (2024-10-03) — 스플릿/데이터 오류 가능
Warning:  EVMN: Close NaN 비율 87.0% (기준: 30%)
Warning:  EVMN: 비정상 가격 변동 70.9% (2026-02-10) — 스플릿/데이터 오류 가능
Warning:  EVTL: 비정상 가격 변동 72.4% (2022-07-15) — 스플릿/데이터 오류 가능
Warning:  EVTV: 비정상 가격 변동 442.1% (2026-01-12) — 스플릿/데이터 오류 가능
Warning:  EZGO: 비정상 가격 변동 91.6% (2026-05-06) — 스플릿/데이터 오류 가능
Warning:  FAC: Close NaN 비율 79.4% (기준: 30%)
Warning:  FATE: 비정상 가격 변동 61.5% (2023-01-06) — 스플릿/데이터 오류 가능
Warning:  FCHL: Close NaN 비율 83.4% (기준: 30%)
Warning:  FCHL: 비정상 가격 변동 107.6% (2026-03-26) — 스플릿/데이터 오류 가능
Warning:  FCUV: 비정상 가격 변동 278.0% (2021-09-01) — 스플릿/데이터 오류 가능
Warning:  FDMT: 비정상 가격 변동 84.6% (2024-02-05) — 스플릿/데이터 오류 가능
Warning:  FEAM: 비정상 가격 변동 51.5% (2024-12-30) — 스플릿/데이터 오류 가능
Warning:  FGL: Close NaN 비율 66.3% (기준: 30%)
Warning:  FGL: 비정상 가격 변동 56.0% (2026-02-10) — 스플릿/데이터 오류 가능
Warning:  FGNX: 비정상 가격 변동 84.2% (2025-08-01) — 스플릿/데이터 오류 가능
Warning:  FIG: Close NaN 비율 81.5% (기준: 30%)
Warning:  FIGR: Close NaN 비율 83.8% (기준: 30%)
Warning:  FJET: Close NaN 비율 89.3% (기준: 30%)
Warning:  FJET: 비정상 가격 변동 370.9% (2025-12-22) — 스플릿/데이터 오류 가능
Warning:  FLNA: 비정상 가격 변동 83.8% (2024-11-25) — 스플릿/데이터 오류 가능
Warning:  FLY: Close NaN 비율 81.9% (기준: 30%)
Warning:  FLYE: Close NaN 비율 58.6% (기준: 30%)
Warning:  FLYE: 비정상 가격 변동 252.5% (2025-12-01) — 스플릿/데이터 오류 가능
Warning:  FLYX: Close NaN 비율 50.0% (기준: 30%)
Warning:  FLYX: 비정상 가격 변동 130.3% (2026-01-08) — 스플릿/데이터 오류 가능
Warning:  FLZH: 비정상 가격 변동 417.0% (2026-03-25) — 스플릿/데이터 오류 가능
Warning:  FNUC: 비정상 가격 변동 348.1% (2024-12-18) — 스플릿/데이터 오류 가능
Warning:  FOFO: Close NaN 비율 83.9% (기준: 30%)
Warning:  FOFO: 비정상 가격 변동 64.3% (2026-06-03) — 스플릿/데이터 오류 가능
Warning:  FOXX: 비정상 가격 변동 121.1% (2025-01-30) — 스플릿/데이터 오류 가능
Warning:  FRGT: 비정상 가격 변동 114.3% (2023-12-14) — 스플릿/데이터 오류 가능
Warning:  FRMI: Close NaN 비율 84.9% (기준: 30%)
Warning:  FRMM: 비정상 가격 변동 325.7% (2024-10-16) — 스플릿/데이터 오류 가능
Warning:  FTHM: 비정상 가격 변동 75.4% (2026-06-17) — 스플릿/데이터 오류 가능
Warning:  FUBO: 비정상 가격 변동 251.4% (2025-01-06) — 스플릿/데이터 오류 가능
Warning:  FUFU: 비정상 가격 변동 105.8% (2024-03-04) — 스플릿/데이터 오류 가능
Warning:  FULC: 비정상 가격 변동 125.3% (2021-08-10) — 스플릿/데이터 오류 가능
Warning:  FVR: Close NaN 비율 65.1% (기준: 30%)
Warning:  FWDI: 비정상 가격 변동 58.7% (2025-09-08) — 스플릿/데이터 오류 가능
Warning:  FXHO: 비정상 가격 변동 223.5% (2023-05-01) — 스플릿/데이터 오류 가능
Warning:  GAMB: 비정상 가격 변동 66.9% (2021-08-27) — 스플릿/데이터 오류 가능
Warning:  GDC: 비정상 가격 변동 20650.0% (2026-06-29) — 스플릿/데이터 오류 가능
Warning:  GDHG: Close NaN 비율 35.5% (기준: 30%)
Warning:  GDHG: 비정상 가격 변동 94.4% (2025-03-25) — 스플릿/데이터 오류 가능
Warning:  GEMI: Close NaN 비율 83.9% (기준: 30%)
Warning:  GEOS: 비정상 가격 변동 60.1% (2025-06-23) — 스플릿/데이터 오류 가능
Warning:  GITS: Close NaN 비율 41.6% (기준: 30%)
Warning:  GITS: 비정상 가격 변동 3044.3% (2025-01-27) — 스플릿/데이터 오류 가능
Warning:  GL: 비정상 가격 변동 53.1% (2024-04-11) — 스플릿/데이터 오류 가능
Warning:  GLOO: Close NaN 비율 87.6% (기준: 30%)
Warning:  GLXG: Close NaN 비율 64.0% (기준: 30%)
Warning:  GLXG: 비정상 가격 변동 113.1% (2026-06-11) — 스플릿/데이터 오류 가능
Warning:  GMEX: Close NaN 비율 42.0% (기준: 30%)
Warning:  GMEX: 비정상 가격 변동 81.8% (2024-12-18) — 스플릿/데이터 오류 가능
Warning:  GMM: Close NaN 비율 45.4% (기준: 30%)
Warning:  GMM: 비정상 가격 변동 1467.7% (2024-11-26) — 스플릿/데이터 오류 가능
Warning:  GNLX: Close NaN 비율 31.4% (기준: 30%)
Warning:  GNLX: 비정상 가격 변동 60.4% (2023-03-06) — 스플릿/데이터 오류 가능
Warning:  GNTA: 비정상 가격 변동 92.0% (2025-10-24) — 스플릿/데이터 오류 가능
Warning:  GOTU: 비정상 가격 변동 63.3% (2021-07-23) — 스플릿/데이터 오류 가능
Warning:  GOVX: 비정상 가격 변동 150.4% (2022-07-25) — 스플릿/데이터 오류 가능
Warning:  GP: 비정상 가격 변동 51.0% (2026-01-09) — 스플릿/데이터 오류 가능
Warning:  GRAN: Close NaN 비율 79.8% (기준: 30%)
Warning:  GRCE: 비정상 가격 변동 52.3% (2021-12-22) — 스플릿/데이터 오류 가능
Warning:  GRI: 비정상 가격 변동 127.6% (2024-10-21) — 스플릿/데이터 오류 가능
Warning:  GVH: Close NaN 비율 47.2% (기준: 30%)
Warning:  GVH: 비정상 가격 변동 74.2% (2025-06-26) — 스플릿/데이터 오류 가능
Warning:  GXAI: Close NaN 비율 32.5% (기준: 30%)
Warning:  GXAI: 비정상 가격 변동 177.3% (2024-02-16) — 스플릿/데이터 오류 가능
Warning:  HAO: Close NaN 비율 51.4% (기준: 30%)
Warning:  HAO: 비정상 가격 변동 2336.9% (2025-01-27) — 스플릿/데이터 오류 가능
Warning:  HCAI: Close NaN 비율 71.9% (기준: 30%)
Warning:  HCAI: 비정상 가격 변동 142.2% (2026-04-07) — 스플릿/데이터 오류 가능
Warning:  HCTI: 비정상 가격 변동 233.3% (2025-06-12) — 스플릿/데이터 오류 가능
Warning:  HDRN: Close NaN 비율 63.9% (기준: 30%)
Warning:  HDRN: 거래량 0 연속 5일 (기준: 5일) — 상장폐지/거래정지 가능
Warning:  HERE: Close NaN 비율 31.3% (기준: 30%)
Warning:  HERE: 비정상 가격 변동 130.3% (2023-05-24) — 스플릿/데이터 오류 가능
Warning:  HG: Close NaN 비율 47.3% (기준: 30%)
Warning:  HIT: Close NaN 비율 69.6% (기준: 30%)
Warning:  HIT: 비정상 가격 변동 82.3% (2025-03-12) — 스플릿/데이터 오류 가능
Warning:  HNGE: Close NaN 비율 77.8% (기준: 30%)
Warning:  HODO: Close NaN 비율 73.5% (기준: 30%)
Warning:  HODO: 비정상 가격 변동 80.8% (2025-04-01) — 스플릿/데이터 오류 가능
Warning:  HOLO: 비정상 가격 변동 1092.1% (2024-02-07) — 스플릿/데이터 오류 가능
Warning:  HOVR: Close NaN 비율 35.1% (기준: 30%)
Warning:  HOVR: 비정상 가격 변동 75.6% (2024-03-06) — 스플릿/데이터 오류 가능
Warning:  HSCS: 비정상 가격 변동 170.1% (2023-01-30) — 스플릿/데이터 오류 가능
Warning:  HSDT: 비정상 가격 변동 145.3% (2022-08-03) — 스플릿/데이터 오류 가능
Warning:  HTCO: 비정상 가격 변동 239.7% (2026-04-27) — 스플릿/데이터 오류 가능
Warning:  HTZ: 비정상 가격 변동 56.4% (2025-04-16) — 스플릿/데이터 오류 가능
Warning:  HUBC: 비정상 가격 변동 186.8% (2023-10-09) — 스플릿/데이터 오류 가능
Warning:  HWH: 비정상 가격 변동 227.8% (2025-09-02) — 스플릿/데이터 오류 가능
Warning:  HYFT: 비정상 가격 변동 136.5% (2021-07-22) — 스플릿/데이터 오류 가능
Warning:  HYMC: 비정상 가격 변동 203.0% (2022-03-08) — 스플릿/데이터 오류 가능
Warning:  HYPD: 비정상 가격 변동 134.7% (2025-06-17) — 스플릿/데이터 오류 가능
Warning:  IBG: Close NaN 비율 64.8% (기준: 30%)
Warning:  IBG: 비정상 가격 변동 153.5% (2025-04-02) — 스플릿/데이터 오류 가능
Warning:  ICCM: 비정상 가격 변동 200.5% (2026-06-17) — 스플릿/데이터 오류 가능
Warning:  ICON: Close NaN 비율 60.6% (기준: 30%)
Warning:  ICON: 비정상 가격 변동 63.1% (2025-06-13) — 스플릿/데이터 오류 가능
Warning:  ICU: 비정상 가격 변동 70.2% (2023-10-18) — 스플릿/데이터 오류 가능
Warning:  IDAI: 비정상 가격 변동 1349.1% (2025-01-06) — 스플릿/데이터 오류 가능
Warning:  IDN: 비정상 가격 변동 74.9% (2024-03-22) — 스플릿/데이터 오류 가능
Warning:  ILAG: 비정상 가격 변동 77.1% (2022-08-02) — 스플릿/데이터 오류 가능
Warning:  ILLR: 비정상 가격 변동 296.6% (2026-06-25) — 스플릿/데이터 오류 가능
Warning:  IMSR: Close NaN 비율 65.6% (기준: 30%)
Warning:  IMVT: 비정상 가격 변동 97.0% (2023-09-26) — 스플릿/데이터 오류 가능
Warning:  INDO: 비정상 가격 변동 110.4% (2022-01-27) — 스플릿/데이터 오류 가능
Warning:  INDP: 비정상 가격 변동 114.9% (2026-06-04) — 스플릿/데이터 오류 가능
Warning:  INHD: Close NaN 비율 49.2% (기준: 30%)
Warning:  INHD: 비정상 가격 변동 3661.0% (2026-06-08) — 스플릿/데이터 오류 가능
Warning:  INHD: 거래량 0 연속 17일 (기준: 5일) — 상장폐지/거래정지 가능
Warning:  INSG: 비정상 가격 변동 53.7% (2023-05-04) — 스플릿/데이터 오류 가능
Warning:  IPW: 비정상 가격 변동 97.9% (2024-05-17) — 스플릿/데이터 오류 가능
Warning:  IPX: 비정상 가격 변동 99.1% (2023-06-13) — 스플릿/데이터 오류 가능
Warning:  IQST: 비정상 가격 변동 65.2% (2023-07-05) — 스플릿/데이터 오류 가능
Warning:  ISPR: Close NaN 비율 35.1% (기준: 30%)
Warning:  ISPR: 비정상 가격 변동 50.9% (2023-11-14) — 스플릿/데이터 오류 가능
Warning:  IVF: 비정상 가격 변동 292.6% (2023-10-23) — 스플릿/데이터 오류 가능
Warning:  IXHL: 비정상 가격 변동 723.5% (2025-05-14) — 스플릿/데이터 오류 가능
Warning:  JANX: 비정상 가격 변동 229.5% (2024-02-27) — 스플릿/데이터 오류 가능
Warning:  JDZG: Close NaN 비율 57.5% (기준: 30%)
Warning:  JDZG: 비정상 가격 변동 136.1% (2024-10-17) — 스플릿/데이터 오류 가능
Warning:  JDZG: 거래량 0 연속 19일 (기준: 5일) — 상장폐지/거래정지 가능
Warning:  JEM: Close NaN 비율 78.6% (기준: 30%)
Warning:  JEM: 비정상 가격 변동 267.6% (2026-06-30) — 스플릿/데이터 오류 가능
Warning:  JFB: Close NaN 비율 73.5% (기준: 30%)
Warning:  JFB: 비정상 가격 변동 85.4% (2025-09-29) — 스플릿/데이터 오류 가능
Warning:  JMIA: 비정상 가격 변동 53.8% (2024-08-06) — 스플릿/데이터 오류 가능
Warning:  JTAI: 비정상 가격 변동 150.0% (2025-02-19) — 스플릿/데이터 오류 가능
Warning:  JZXN: 비정상 가격 변동 89.7% (2026-02-10) — 스플릿/데이터 오류 가능
Warning:  KALA: 비정상 가격 변동 218.4% (2022-12-28) — 스플릿/데이터 오류 가능
Warning:  KAZR: Close NaN 비율 72.7% (기준: 30%)
Warning:  KAZR: 비정상 가격 변동 87.6% (2025-07-07) — 스플릿/데이터 오류 가능
Warning:  KC: 비정상 가격 변동 72.3% (2022-03-16) — 스플릿/데이터 오류 가능
Warning:  KD: 비정상 가격 변동 54.9% (2026-02-09) — 스플릿/데이터 오류 가능
Warning:  KDK: Close NaN 비율 84.6% (기준: 30%)
Warning:  KITT: 비정상 가격 변동 139.0% (2025-01-03) — 스플릿/데이터 오류 가능
Warning:  KLAR: Close NaN 비율 83.8% (기준: 30%)
Warning:  KLC: Close NaN 비율 65.5% (기준: 30%)
Warning:  KRMN: Close NaN 비율 72.4% (기준: 30%)
Warning:  KRRO: 비정상 가격 변동 93.7% (2024-10-16) — 스플릿/데이터 오류 가능
Warning:  KRYS: 비정상 가격 변동 121.7% (2021-11-29) — 스플릿/데이터 오류 가능
Warning:  KSCP: 비정상 가격 변동 175.6% (2022-01-28) — 스플릿/데이터 오류 가능
Warning:  KUST: 비정상 가격 변동 91.7% (2025-05-07) — 스플릿/데이터 오류 가능
Warning:  KVYO: Close NaN 비율 44.4% (기준: 30%)
Warning:  KXIN: 비정상 가격 변동 171.4% (2024-10-02) — 스플릿/데이터 오류 가능
Warning:  LAC: Close NaN 비율 45.0% (기준: 30%)
Warning:  LAC: 비정상 가격 변동 95.8% (2025-09-24) — 스플릿/데이터 오류 가능
Warning:  LAES: Close NaN 비율 37.8% (기준: 30%)
Warning:  LAES: 비정상 가격 변동 102.3% (2023-05-24) — 스플릿/데이터 오류 가능
Warning:  LASE: 비정상 가격 변동 160.8% (2026-06-02) — 스플릿/데이터 오류 가능
Warning:  LAW: 비정상 가격 변동 53.6% (2022-08-12) — 스플릿/데이터 오류 가능
Warning:  LBGJ: Close NaN 비율 66.3% (기준: 30%)
Warning:  LBGJ: 비정상 가격 변동 83.8% (2026-02-27) — 스플릿/데이터 오류 가능
Warning:  LBRX: Close NaN 비율 83.8% (기준: 30%)
Warning:  LFS: Close NaN 비율 85.4% (기준: 30%)
Warning:  LFS: 비정상 가격 변동 576.8% (2025-11-11) — 스플릿/데이터 오류 가능
Warning:  LGCL: Close NaN 비율 53.5% (기준: 30%)
Warning:  LGCL: 비정상 가격 변동 117.1% (2026-06-30) — 스플릿/데이터 오류 가능
Warning:  LHAI: Close NaN 비율 81.1% (기준: 30%)
Warning:  LHAI: 비정상 가격 변동 315.2% (2026-07-01) — 스플릿/데이터 오류 가능
Warning:  LHSW: Close NaN 비율 75.1% (기준: 30%)
Warning:  LHSW: 비정상 가격 변동 69.4% (2026-02-10) — 스플릿/데이터 오류 가능
Warning:  LICN: Close NaN 비율 32.0% (기준: 30%)
Warning:  LICN: 비정상 가격 변동 15163.2% (2025-03-03) — 스플릿/데이터 오류 가능
Warning:  LIDR: 비정상 가격 변동 158.4% (2025-07-24) — 스플릿/데이터 오류 가능
Warning:  LLYVA: Close NaN 비율 41.8% (기준: 30%)
Warning:  LLYVK: Close NaN 비율 41.8% (기준: 30%)
Warning:  LNAI: 비정상 가격 변동 162.7% (2026-03-17) — 스플릿/데이터 오류 가능
Warning:  LNKS: Close NaN 비율 68.7% (기준: 30%)
Warning:  LNKS: 비정상 가격 변동 86.1% (2026-03-23) — 스플릿/데이터 오류 가능
Warning:  LNZA: 비정상 가격 변동 52.5% (2026-04-07) — 스플릿/데이터 오류 가능
Warning:  LOAR: Close NaN 비율 56.3% (기준: 30%)
Warning:  LPA: Close NaN 비율 54.8% (기준: 30%)
Warning:  LPA: 비정상 가격 변동 684.2% (2024-05-30) — 스플릿/데이터 오류 가능
Warning:  LPCN: 비정상 가격 변동 77.8% (2026-04-02) — 스플릿/데이터 오류 가능
Warning:  LPRO: 비정상 가격 변동 57.6% (2025-04-01) — 스플릿/데이터 오류 가능
Warning:  LRHC: Close NaN 비율 45.4% (기준: 30%)
Warning:  LRHC: 비정상 가격 변동 130.6% (2024-10-23) — 스플릿/데이터 오류 가능
Warning:  LTBR: 비정상 가격 변동 57.5% (2024-10-18) — 스플릿/데이터 오류 가능
Warning:  LUD: Close NaN 비율 73.1% (기준: 30%)
Warning:  LUD: 비정상 가격 변동 62.6% (2025-09-02) — 스플릿/데이터 오류 가능
Warning:  LUNG: 비정상 가격 변동 60.9% (2022-11-04) — 스플릿/데이터 오류 가능
Warning:  LUNR: 비정상 가격 변동 251.4% (2023-02-16) — 스플릿/데이터 오류 가능
Warning:  LVWR: 비정상 가격 변동 153.5% (2025-05-27) — 스플릿/데이터 오류 가능
Warning:  LXEH: 비정상 가격 변동 85.7% (2024-03-21) — 스플릿/데이터 오류 가능
Warning:  LXEO: Close NaN 비율 46.9% (기준: 30%)
Warning:  LXEO: 비정상 가격 변동 50.9% (2025-03-24) — 스플릿/데이터 오류 가능
Warning:  LYEL: 비정상 가격 변동 68.6% (2025-06-04) — 스플릿/데이터 오류 가능
Warning:  LZMH: Close NaN 비율 73.1% (기준: 30%)
Warning:  LZMH: 비정상 가격 변동 84.0% (2026-04-17) — 스플릿/데이터 오류 가능
Warning:  MASK: Close NaN 비율 70.4% (기준: 30%)
Warning:  MASK: 비정상 가격 변동 199.3% (2026-05-28) — 스플릿/데이터 오류 가능
Warning:  MBOT: 비정상 가격 변동 159.3% (2023-05-22) — 스플릿/데이터 오류 가능
Warning:  MBRX: 비정상 가격 변동 202.4% (2025-02-13) — 스플릿/데이터 오류 가능
Warning:  MBX: Close NaN 비율 64.1% (기준: 30%)
Warning:  MBX: 비정상 가격 변동 100.0% (2025-09-22) — 스플릿/데이터 오류 가능
Warning:  MCRB: 비정상 가격 변동 61.8% (2021-07-22) — 스플릿/데이터 오류 가능
Warning:  MCRP: Close NaN 비율 73.5% (기준: 30%)
Warning:  MCRP: 비정상 가격 변동 66.7% (2025-03-13) — 스플릿/데이터 오류 가능
Warning:  MDXG: 비정상 가격 변동 59.6% (2021-09-13) — 스플릿/데이터 오류 가능
Warning:  MENS: Close NaN 비율 79.1% (기준: 30%)
Warning:  MENS: 비정상 가격 변동 81.0% (2025-12-17) — 스플릿/데이터 오류 가능
Warning:  MGX: Close NaN 비율 52.2% (기준: 30%)
Warning:  MGX: 비정상 가격 변동 125.4% (2024-12-09) — 스플릿/데이터 오류 가능
Warning:  MIMI: Close NaN 비율 70.5% (기준: 30%)
Warning:  MIMI: 비정상 가격 변동 104.2% (2026-04-14) — 스플릿/데이터 오류 가능
Warning:  MIST: 비정상 가격 변동 60.9% (2025-03-28) — 스플릿/데이터 오류 가능
Warning:  MLI: 비정상 가격 변동 53.3% (2026-07-01) — 스플릿/데이터 오류 가능
Warning:  MLTX: 비정상 가격 변동 89.9% (2025-09-29) — 스플릿/데이터 오류 가능
Warning:  MNTN: Close NaN 비율 77.8% (기준: 30%)
Warning:  MNTS: 비정상 가격 변동 155.4% (2024-10-09) — 스플릿/데이터 오류 가능
Warning:  MOB: 비정상 가격 변동 88.0% (2023-07-10) — 스플릿/데이터 오류 가능
Warning:  MOBX: 비정상 가격 변동 532.8% (2026-03-03) — 스플릿/데이터 오류 가능
Warning:  MPLT: Close NaN 비율 86.4% (기준: 30%)
Warning:  MQ: 비정상 가격 변동 316.5% (2026-07-02) — 스플릿/데이터 오류 가능
Warning:  MRAM: 비정상 가격 변동 63.2% (2021-11-12) — 스플릿/데이터 오류 가능
Warning:  MRLN: Close NaN 비율 68.4% (기준: 30%)
Warning:  MSAI: 비정상 가격 변동 101.8% (2025-10-23) — 스플릿/데이터 오류 가능
Warning:  MSW: Close NaN 비율 68.0% (기준: 30%)
Warning:  MTEN: Close NaN 비율 56.0% (기준: 30%)
Warning:  MTEN: 비정상 가격 변동 81.3% (2026-06-08) — 스플릿/데이터 오류 가능
Warning:  MTVA: 비정상 가격 변동 115.5% (2025-09-15) — 스플릿/데이터 오류 가능
Warning:  MVST: 비정상 가격 변동 339.2% (2024-11-13) — 스플릿/데이터 오류 가능
Warning:  NAGE: 비정상 가격 변동 67.9% (2024-11-01) — 스플릿/데이터 오류 가능
Warning:  NAKA: Close NaN 비율 58.3% (기준: 30%)
Warning:  NAKA: 비정상 가격 변동 251.0% (2025-05-12) — 스플릿/데이터 오류 가능
Warning:  NAMM: Close NaN 비율 78.6% (기준: 30%)
Warning:  NAMM: 비정상 가격 변동 130.6% (2026-01-21) — 스플릿/데이터 오류 가능
Warning:  NAVN: Close NaN 비율 86.6% (기준: 30%)
Warning:  NB: Close NaN 비율 34.3% (기준: 30%)
Warning:  NCI: Close NaN 비율 56.2% (기준: 30%)
Warning:  NCI: 비정상 가격 변동 238.5% (2026-02-11) — 스플릿/데이터 오류 가능
Warning:  NCT: Close NaN 비율 74.7% (기준: 30%)
Warning:  NCT: 비정상 가격 변동 58.4% (2026-05-28) — 스플릿/데이터 오류 가능
Warning:  NEUP: 비정상 가격 변동 242.1% (2023-09-28) — 스플릿/데이터 오류 가능
Warning:  NKLR: Close NaN 비율 85.2% (기준: 30%)
Warning:  NMG: 비정상 가격 변동 51.8% (2025-10-13) — 스플릿/데이터 오류 가능
Warning:  NMRA: Close NaN 비율 44.1% (기준: 30%)
Warning:  NMRA: 비정상 가격 변동 81.4% (2025-01-02) — 스플릿/데이터 오류 가능
Warning:  NNE: Close NaN 비율 57.1% (기준: 30%)
Warning:  NNOX: 비정상 가격 변동 68.4% (2023-05-01) — 스플릿/데이터 오류 가능
Warning:  NP: Close NaN 비율 84.9% (기준: 30%)
Warning:  NPT: Close NaN 비율 86.1% (기준: 30%)
Warning:  NPT: 비정상 가격 변동 283.7% (2026-06-08) — 스플릿/데이터 오류 가능
Warning:  NTHI: Close NaN 비율 74.6% (기준: 30%)
Warning:  NTHI: 비정상 가격 변동 57.9% (2025-07-02) — 스플릿/데이터 오류 가능
Warning:  NTSK: Close NaN 비율 84.2% (기준: 30%)
Warning:  NUTX: 비정상 가격 변동 73.8% (2022-04-26) — 스플릿/데이터 오류 가능
Warning:  NUVL: 비정상 가격 변동 60.6% (2022-10-28) — 스플릿/데이터 오류 가능
Warning:  NUWE: 비정상 가격 변동 131.7% (2022-08-31) — 스플릿/데이터 오류 가능
Warning:  NVA: Close NaN 비율 61.2% (기준: 30%)
Warning:  NVA: 비정상 가격 변동 110.3% (2025-10-14) — 스플릿/데이터 오류 가능
Warning:  NVA: 거래량 0 연속 10일 (기준: 5일) — 상장폐지/거래정지 가능
Warning:  NVTS: 비정상 가격 변동 164.4% (2025-05-22) — 스플릿/데이터 오류 가능
Warning:  NXTS: 비정상 가격 변동 331.5% (2025-01-02) — 스플릿/데이터 오류 가능
Warning:  NXTT: 비정상 가격 변동 661.3% (2025-05-09) — 스플릿/데이터 오류 가능
Warning:  OCG: 비정상 가격 변동 292.0% (2025-12-09) — 스플릿/데이터 오류 가능
Warning:  ODD: Close NaN 비율 40.9% (기준: 30%)
Warning:  OKLO: 비정상 가격 변동 53.6% (2024-05-10) — 스플릿/데이터 오류 가능
Warning:  OLMA: 비정상 가격 변동 136.4% (2025-11-18) — 스플릿/데이터 오류 가능
Warning:  OM: 비정상 가격 변동 68.5% (2024-08-08) — 스플릿/데이터 오류 가능
Warning:  ONEG: Close NaN 비율 70.0% (기준: 30%)
Warning:  ONEG: 비정상 가격 변동 80.3% (2026-05-07) — 스플릿/데이터 오류 가능
Warning:  OPEN: 비정상 가격 변동 79.5% (2025-09-11) — 스플릿/데이터 오류 가능
Warning:  OPRX: 비정상 가격 변동 51.7% (2025-03-12) — 스플릿/데이터 오류 가능
Warning:  OPTU: 비정상 가격 변동 76.3% (2026-06-01) — 스플릿/데이터 오류 가능
Warning:  ORGO: 비정상 가격 변동 102.3% (2025-02-28) — 스플릿/데이터 오류 가능
Warning:  OSCR: 비정상 가격 변동 56.3% (2023-03-28) — 스플릿/데이터 오류 가능
Warning:  OTLK: 비정상 가격 변동 80.9% (2023-08-30) — 스플릿/데이터 오류 가능
Warning:  PACS: Close NaN 비율 55.5% (기준: 30%)
Warning:  PACS: 비정상 가격 변동 55.3% (2025-11-20) — 스플릿/데이터 오류 가능
Warning:  PASG: 비정상 가격 변동 69.4% (2024-11-29) — 스플릿/데이터 오류 가능
Warning:  PAVS: 비정상 가격 변동 8324.7% (2026-06-29) — 스플릿/데이터 오류 가능
Warning:  PCLA: Close NaN 비율 70.8% (기준: 30%)
Warning:  PCLA: 비정상 가격 변동 194.2% (2026-05-22) — 스플릿/데이터 오류 가능
Warning:  PDYN: 비정상 가격 변동 130.0% (2024-11-22) — 스플릿/데이터 오류 가능
Warning:  PEPG: 비정상 가격 변동 121.1% (2025-09-25) — 스플릿/데이터 오류 가능
Warning:  PETS: 비정상 가격 변동 68.4% (2025-12-11) — 스플릿/데이터 오류 가능
Warning:  PEW: Close NaN 비율 50.6% (기준: 30%)
Warning:  PGY: 비정상 가격 변동 129.6% (2022-07-20) — 스플릿/데이터 오류 가능
Warning:  PHIO: 비정상 가격 변동 290.5% (2025-01-13) — 스플릿/데이터 오류 가능
Warning:  PLCE: 비정상 가격 변동 85.7% (2024-09-11) — 스플릿/데이터 오류 가능
Warning:  PLGO: Close NaN 비율 39.8% (기준: 30%)
Warning:  PMAX: Close NaN 비율 63.6% (기준: 30%)
Warning:  PMAX: 비정상 가격 변동 95.3% (2026-05-06) — 스플릿/데이터 오류 가능
Warning:  PN: Close NaN 비율 73.3% (기준: 30%)
Warning:  PN: 비정상 가격 변동 89.2% (2026-05-04) — 스플릿/데이터 오류 가능
Warning:  PONY: Close NaN 비율 68.3% (기준: 30%)
Warning:  PPBT: 비정상 가격 변동 150.4% (2024-12-02) — 스플릿/데이터 오류 가능
Warning:  PPCB: 비정상 가격 변동 6249900.1% (2025-01-29) — 스플릿/데이터 오류 가능
Warning:  PRFX: 비정상 가격 변동 414.3% (2024-12-19) — 스플릿/데이터 오류 가능
Warning:  PRIM: 비정상 가격 변동 50.1% (2026-05-06) — 스플릿/데이터 오류 가능
Warning:  PROK: 비정상 가격 변동 514.5% (2025-07-08) — 스플릿/데이터 오류 가능
Warning:  PSIG: Close NaN 비율 61.0% (기준: 30%)
Warning:  PSIG: 비정상 가격 변동 127.7% (2024-08-12) — 스플릿/데이터 오류 가능
Warning:  PSIX: 비정상 가격 변동 68.6% (2022-11-15) — 스플릿/데이터 오류 가능
Warning:  PSTV: 비정상 가격 변동 311.4% (2025-03-06) — 스플릿/데이터 오류 가능
Warning:  PTGX: 비정상 가격 변동 93.9% (2021-10-11) — 스플릿/데이터 오류 가능
Warning:  PTRN: Close NaN 비율 84.3% (기준: 30%)
Warning:  PULM: 비정상 가격 변동 73.7% (2024-11-13) — 스플릿/데이터 오류 가능
Warning:  PUSA: Close NaN 비율 72.3% (기준: 30%)
Warning:  PUSA: 비정상 가격 변동 207.6% (2025-07-23) — 스플릿/데이터 오류 가능
Warning:  QH: 비정상 가격 변동 2400.0% (2026-04-27) — 스플릿/데이터 오류 가능
Warning:  QNCX: 비정상 가격 변동 1718.7% (2026-07-01) — 스플릿/데이터 오류 가능
Warning:  QNRX: 비정상 가격 변동 360.5% (2022-08-03) — 스플릿/데이터 오류 가능
Warning:  QNTM: 비정상 가격 변동 119.8% (2024-08-09) — 스플릿/데이터 오류 가능
Warning:  QTEX: 비정상 가격 변동 308.1% (2021-10-26) — 스플릿/데이터 오류 가능
Warning:  QUBT: 비정상 가격 변동 92.8% (2024-11-13) — 스플릿/데이터 오류 가능
Warning:  QUCY: 비정상 가격 변동 3377.4% (2024-12-03) — 스플릿/데이터 오류 가능
Warning:  RDGT: 비정상 가격 변동 114.8% (2022-12-12) — 스플릿/데이터 오류 가능
Warning:  RDW: 비정상 가격 변동 51.4% (2025-01-21) — 스플릿/데이터 오류 가능
Warning:  RENT: 비정상 가격 변동 161.9% (2024-04-11) — 스플릿/데이터 오류 가능
Warning:  RENX: Close NaN 비율 44.3% (기준: 30%)
Warning:  RENX: 비정상 가격 변동 531.3% (2023-11-16) — 스플릿/데이터 오류 가능
Warning:  RGC: 비정상 가격 변동 343.9% (2024-07-23) — 스플릿/데이터 오류 가능
Warning:  RGNT: Close NaN 비율 88.5% (기준: 30%)
Warning:  RGNT: 비정상 가격 변동 526.7% (2026-06-15) — 스플릿/데이터 오류 가능
Warning:  RGTI: 비정상 가격 변동 58.0% (2024-11-25) — 스플릿/데이터 오류 가능
Warning:  RMTI: 비정상 가격 변동 779.7% (2026-07-01) — 스플릿/데이터 오류 가능
Warning:  ROLR: Close NaN 비율 66.3% (기준: 30%)
Warning:  ROLR: 비정상 가격 변동 436.6% (2026-01-14) — 스플릿/데이터 오류 가능
Warning:  ROOT: 비정상 가격 변동 68.9% (2024-10-31) — 스플릿/데이터 오류 가능
Warning:  RPGL: Close NaN 비율 85.7% (기준: 30%)
Warning:  RPGL: 비정상 가격 변동 173.9% (2026-01-29) — 스플릿/데이터 오류 가능
Warning:  RR: Close NaN 비율 47.7% (기준: 30%)
Warning:  RR: 비정상 가격 변동 73.9% (2024-08-06) — 스플릿/데이터 오류 가능
Warning:  RUBI: Close NaN 비율 81.7% (기준: 30%)
Warning:  RUBI: 비정상 가격 변동 54.2% (2025-11-25) — 스플릿/데이터 오류 가능
Warning:  RYET: Close NaN 비율 75.3% (기준: 30%)
Warning:  RYET: 비정상 가격 변동 90.6% (2025-07-14) — 스플릿/데이터 오류 가능
Warning:  RYOJ: Close NaN 비율 82.3% (기준: 30%)
Warning:  RYOJ: 비정상 가격 변동 148.8% (2026-05-22) — 스플릿/데이터 오류 가능
Warning:  RZLT: 비정상 가격 변동 87.2% (2025-12-11) — 스플릿/데이터 오류 가능
Warning:  RZLV: 비정상 가격 변동 54.5% (2024-12-17) — 스플릿/데이터 오류 가능
Warning:  SAGT: Close NaN 비율 73.5% (기준: 30%)
Warning:  SBET: 비정상 가격 변동 433.2% (2025-05-27) — 스플릿/데이터 오류 가능
Warning:  SBFM: 비정상 가격 변동 150.0% (2022-03-09) — 스플릿/데이터 오류 가능
Warning:  SDEV: 비정상 가격 변동 102.5% (2026-01-09) — 스플릿/데이터 오류 가능
Warning:  SDOT: 비정상 가격 변동 247.1% (2026-06-26) — 스플릿/데이터 오류 가능
Warning:  SDST: 비정상 가격 변동 144.7% (2024-07-17) — 스플릿/데이터 오류 가능
Warning:  SENS: 비정상 가격 변동 80.7% (2025-01-10) — 스플릿/데이터 오류 가능
Warning:  SER: 비정상 가격 변동 93.8% (2026-03-19) — 스플릿/데이터 오류 가능
Warning:  SERV: Close NaN 비율 53.7% (기준: 30%)
Warning:  SERV: 비정상 가격 변동 187.1% (2024-07-19) — 스플릿/데이터 오류 가능
Warning:  SEV: Close NaN 비율 85.8% (기준: 30%)
Warning:  SEV: 비정상 가격 변동 57.8% (2025-10-23) — 스플릿/데이터 오류 가능
Warning:  SEZL: Close NaN 비율 44.0% (기준: 30%)
Warning:  SEZL: 비정상 가격 변동 80.5% (2023-09-14) — 스플릿/데이터 오류 가능
Warning:  SHPH: 비정상 가격 변동 91.3% (2022-09-06) — 스플릿/데이터 오류 가능
Warning:  SIDU: 비정상 가격 변동 225.0% (2022-06-15) — 스플릿/데이터 오류 가능
Warning:  SKIL: 비정상 가격 변동 50.6% (2024-04-24) — 스플릿/데이터 오류 가능
Warning:  SKWD: Close NaN 비율 30.8% (기준: 30%)
Warning:  SKYA: 비정상 가격 변동 141.6% (2024-05-28) — 스플릿/데이터 오류 가능
Warning:  SKYQ: Close NaN 비율 65.6% (기준: 30%)
Warning:  SKYQ: 비정상 가격 변동 101.6% (2026-04-02) — 스플릿/데이터 오류 가능
Warning:  SKYX: 비정상 가격 변동 68.6% (2022-07-28) — 스플릿/데이터 오류 가능
Warning:  SLBT: Close NaN 비율 71.9% (기준: 30%)
Warning:  SLBT: 비정상 가격 변동 167.0% (2026-06-16) — 스플릿/데이터 오류 가능
Warning:  SLBT: 거래량 0 연속 8일 (기준: 5일) — 상장폐지/거래정지 가능
Warning:  SLDB: 비정상 가격 변동 68.4% (2023-12-07) — 스플릿/데이터 오류 가능
Warning:  SLDE: Close NaN 비율 79.2% (기준: 30%)
Warning:  SLDP: 비정상 가격 변동 51.6% (2025-11-05) — 스플릿/데이터 오류 가능
Warning:  SLMT: Close NaN 비율 31.5% (기준: 30%)
Warning:  SLMT: 비정상 가격 변동 225.5% (2025-09-18) — 스플릿/데이터 오류 가능
Warning:  SLNH: 비정상 가격 변동 94.4% (2025-09-22) — 스플릿/데이터 오류 가능
Warning:  SLS: 비정상 가격 변동 53.7% (2023-02-24) — 스플릿/데이터 오류 가능
Warning:  SLXN: 비정상 가격 변동 878.9% (2024-11-29) — 스플릿/데이터 오류 가능
Warning:  SMSI: 비정상 가격 변동 119.2% (2024-09-17) — 스플릿/데이터 오류 가능
Warning:  SN: Close NaN 비율 41.5% (기준: 30%)
Warning:  SNAP: 비정상 가격 변동 58.8% (2022-02-04) — 스플릿/데이터 오류 가능
Warning:  SNOA: 비정상 가격 변동 72.8% (2025-08-14) — 스플릿/데이터 오류 가능
Warning:  SNTI: 비정상 가격 변동 363.0% (2024-12-02) — 스플릿/데이터 오류 가능
Warning:  SNWV: Close NaN 비율 66.1% (기준: 30%)
Warning:  SOC: 비정상 가격 변동 56.2% (2025-12-18) — 스플릿/데이터 오류 가능
Warning:  SOUN: 비정상 가격 변동 71.8% (2022-12-30) — 스플릿/데이터 오류 가능
Warning:  SOWG: 비정상 가격 변동 56.8% (2024-11-14) — 스플릿/데이터 오류 가능
Warning:  SPAI: Close NaN 비율 63.2% (기준: 30%)
Warning:  SPAI: 비정상 가격 변동 65.8% (2025-02-13) — 스플릿/데이터 오류 가능
Warning:  SPHL: Close NaN 비율 66.1% (기준: 30%)
Warning:  SPHL: 비정상 가격 변동 673.8% (2026-01-15) — 스플릿/데이터 오류 가능
Warning:  SPRC: 비정상 가격 변동 142.9% (2025-09-17) — 스플릿/데이터 오류 가능
Warning:  SPRY: 비정상 가격 변동 77.9% (2023-05-12) — 스플릿/데이터 오류 가능
Warning:  SPWH: 비정상 가격 변동 97.9% (2025-04-02) — 스플릿/데이터 오류 가능
Warning:  SQNS: 비정상 가격 변동 113.0% (2024-08-23) — 스플릿/데이터 오류 가능
Warning:  SRFM: Close NaN 비율 41.4% (기준: 30%)
Warning:  SRFM: 비정상 가격 변동 88.5% (2025-06-24) — 스플릿/데이터 오류 가능
Warning:  SRRK: 비정상 가격 변동 362.0% (2024-10-07) — 스플릿/데이터 오류 가능
Warning:  STEM: 비정상 가격 변동 57.2% (2025-01-03) — 스플릿/데이터 오류 가능
Warning:  STI: 비정상 가격 변동 350.6% (2026-06-04) — 스플릿/데이터 오류 가능
Warning:  STIM: 비정상 가격 변동 58.1% (2024-08-12) — 스플릿/데이터 오류 가능
Warning:  STKE: 비정상 가격 변동 131.4% (2024-10-14) — 스플릿/데이터 오류 가능
Warning:  SUIG: 비정상 가격 변동 218.9% (2025-07-25) — 스플릿/데이터 오류 가능
Warning:  SUNE: 비정상 가격 변동 420.4% (2026-06-08) — 스플릿/데이터 오류 가능
Warning:  SUPX: Close NaN 비율 55.9% (기준: 30%)
Warning:  SVRE: 비정상 가격 변동 63.2% (2024-12-24) — 스플릿/데이터 오류 가능
Warning:  SXTC: 비정상 가격 변동 1581.4% (2022-05-19) — 스플릿/데이터 오류 가능
Warning:  SXTP: Close NaN 비율 40.5% (기준: 30%)
Warning:  SXTP: 비정상 가격 변동 152.0% (2026-01-22) — 스플릿/데이터 오류 가능
Warning:  SYM: 비정상 가격 변동 120.5% (2022-06-08) — 스플릿/데이터 오류 가능
Warning:  TAOX: 비정상 가격 변동 74.6% (2022-12-16) — 스플릿/데이터 오류 가능
Warning:  TC: 비정상 가격 변동 159.5% (2026-07-01) — 스플릿/데이터 오류 가능
Warning:  TCRX: 비정상 가격 변동 51.1% (2023-05-09) — 스플릿/데이터 오류 가능
Warning:  TDIC: Close NaN 비율 81.0% (기준: 30%)
Warning:  TDIC: 비정상 가격 변동 876.7% (2026-05-13) — 스플릿/데이터 오류 가능
Warning:  TDTH: Close NaN 비율 63.8% (기준: 30%)
Warning:  TDTH: 비정상 가격 변동 61.5% (2025-01-30) — 스플릿/데이터 오류 가능
Warning:  TECX: 비정상 가격 변동 1050.0% (2024-06-24) — 스플릿/데이터 오류 가능
Warning:  TGE: Close NaN 비율 78.5% (기준: 30%)
Warning:  TGE: 비정상 가격 변동 132.6% (2025-11-03) — 스플릿/데이터 오류 가능
Warning:  TGL: 비정상 가격 변동 276.3% (2025-12-05) — 스플릿/데이터 오류 가능
Warning:  TII: 비정상 가격 변동 409.8% (2022-03-23) — 스플릿/데이터 오류 가능
Warning:  TJGC: Close NaN 비율 71.1% (기준: 30%)
Warning:  TJGC: 비정상 가격 변동 571.4% (2025-06-03) — 스플릿/데이터 오류 가능
Warning:  TJGC: 거래량 0 연속 11일 (기준: 5일) — 상장폐지/거래정지 가능
Warning:  TLRY: 비정상 가격 변동 60.9% (2025-09-29) — 스플릿/데이터 오류 가능
Warning:  TMDX: 비정상 가격 변동 51.2% (2023-11-07) — 스플릿/데이터 오류 가능
Warning:  TMQ: 비정상 가격 변동 211.0% (2025-10-07) — 스플릿/데이터 오류 가능
Warning:  TNXP: 비정상 가격 변동 120.8% (2024-12-16) — 스플릿/데이터 오류 가능
Warning:  TONX: 비정상 가격 변동 346.9% (2023-09-05) — 스플릿/데이터 오류 가능
Warning:  TOYO: 비정상 가격 변동 86.6% (2024-11-26) — 스플릿/데이터 오류 가능
Warning:  TPST: 비정상 가격 변동 3970.8% (2023-10-11) — 스플릿/데이터 오류 가능
Warning:  TRDA: 비정상 가격 변동 57.3% (2026-05-07) — 스플릿/데이터 오류 가능
Warning:  TRNR: Close NaN 비율 36.5% (기준: 30%)
Warning:  TRNR: 비정상 가격 변동 712.1% (2026-06-30) — 스플릿/데이터 오류 가능
Warning:  TRON: Close NaN 비율 42.4% (기준: 30%)
Warning:  TRON: 비정상 가격 변동 533.8% (2025-06-16) — 스플릿/데이터 오류 가능
Warning:  TROO: 비정상 가격 변동 279.5% (2021-07-09) — 스플릿/데이터 오류 가능
Warning:  TRUG: 비정상 가격 변동 64.7% (2024-01-31) — 스플릿/데이터 오류 가능
Warning:  TSSI: 비정상 가격 변동 74.1% (2025-05-16) — 스플릿/데이터 오류 가능
Warning:  TTEC: 비정상 가격 변동 52.6% (2025-04-02) — 스플릿/데이터 오류 가능
Warning:  TURB: Close NaN 비율 44.5% (기준: 30%)
Warning:  TURB: 비정상 가격 변동 359.3% (2025-09-16) — 스플릿/데이터 오류 가능
Warning:  TVRD: 비정상 가격 변동 83.9% (2025-10-13) — 스플릿/데이터 오류 가능
Warning:  TWAV: 비정상 가격 변동 166.7% (2022-10-03) — 스플릿/데이터 오류 가능
Warning:  TYGO: 비정상 가격 변동 83.6% (2023-06-01) — 스플릿/데이터 오류 가능
Warning:  UBXG: Close NaN 비율 54.8% (기준: 30%)
Warning:  UBXG: 비정상 가격 변동 1316.7% (2024-11-27) — 스플릿/데이터 오류 가능
Warning:  UCAR: Close NaN 비율 36.0% (기준: 30%)
Warning:  UCAR: 비정상 가격 변동 331.9% (2026-04-08) — 스플릿/데이터 오류 가능
Warning:  UK: 비정상 가격 변동 72.5% (2023-12-28) — 스플릿/데이터 오류 가능
Warning:  UP: 비정상 가격 변동 60.4% (2023-06-22) — 스플릿/데이터 오류 가능
Warning:  UPB: Close NaN 비율 65.7% (기준: 30%)
Warning:  UPST: 비정상 가격 변동 56.4% (2022-05-10) — 스플릿/데이터 오류 가능
Warning:  URGN: 비정상 가격 변동 98.6% (2023-07-27) — 스플릿/데이터 오류 가능
Warning:  USAR: Close NaN 비율 40.7% (기준: 30%)
Warning:  USAR: 비정상 가격 변동 72.0% (2025-03-14) — 스플릿/데이터 오류 가능
Warning:  UXIN: 비정상 가격 변동 83.7% (2024-09-27) — 스플릿/데이터 오류 가능
Warning:  VCIG: Close NaN 비율 35.6% (기준: 30%)
Warning:  VCIG: 비정상 가격 변동 546.8% (2023-05-02) — 스플릿/데이터 오류 가능
Warning:  VENU: Close NaN 비율 68.3% (기준: 30%)
Warning:  VERI: 비정상 가격 변동 53.7% (2025-10-15) — 스플릿/데이터 오류 가능
Warning:  VIA: Close NaN 비율 83.9% (기준: 30%)
Warning:  VMAR: 비정상 가격 변동 156.8% (2025-12-16) — 스플릿/데이터 오류 가능
Warning:  VOR: 비정상 가격 변동 74.2% (2025-06-25) — 스플릿/데이터 오류 가능
Warning:  VRAX: 비정상 가격 변동 141.8% (2024-08-19) — 스플릿/데이터 오류 가능
Warning:  VRRM: 비정상 가격 변동 70.6% (2026-05-27) — 스플릿/데이터 오류 가능
Warning:  VRXA: Close NaN 비율 64.9% (기준: 30%)
Warning:  VRXA: 비정상 가격 변동 55.5% (2026-06-16) — 스플릿/데이터 오류 가능
Warning:  VSA: 비정상 가격 변동 329.8% (2025-01-31) — 스플릿/데이터 오류 가능
Warning:  VSME: Close NaN 비율 44.8% (기준: 30%)
Warning:  VSME: 비정상 가격 변동 149.1% (2026-06-10) — 스플릿/데이터 오류 가능
Warning:  VSTM: 비정상 가격 변동 124.4% (2023-05-26) — 스플릿/데이터 오류 가능
Warning:  VWAV: Close NaN 비율 80.6% (기준: 30%)
Warning:  VWAV: 비정상 가격 변동 368.1% (2025-07-28) — 스플릿/데이터 오류 가능
Warning:  WAI: Close NaN 비율 35.9% (기준: 30%)
Warning:  WAI: 비정상 가격 변동 87.1% (2024-11-27) — 스플릿/데이터 오류 가능
Warning:  WCT: Close NaN 비율 65.1% (기준: 30%)
Warning:  WCT: 비정상 가격 변동 179.3% (2026-06-03) — 스플릿/데이터 오류 가능
Warning:  WETH: Close NaN 비율 52.7% (기준: 30%)
Warning:  WGS: 비정상 가격 변동 55.2% (2024-04-30) — 스플릿/데이터 오류 가능
Warning:  WHLR: 비정상 가격 변동 301.9% (2024-09-05) — 스플릿/데이터 오류 가능
Warning:  WIMI: 비정상 가격 변동 77.5% (2024-12-27) — 스플릿/데이터 오류 가능
Warning:  WKEY: 비정상 가격 변동 139.0% (2024-12-13) — 스플릿/데이터 오류 가능
Warning:  WKHS: 비정상 가격 변동 54.9% (2025-07-08) — 스플릿/데이터 오류 가능
Warning:  WLDS: 비정상 가격 변동 407.8% (2025-09-10) — 스플릿/데이터 오류 가능
Warning:  WNW: 비정상 가격 변동 97.6% (2025-04-22) — 스플릿/데이터 오류 가능
Warning:  WOK: Close NaN 비율 62.9% (기준: 30%)
Warning:  WOK: 비정상 가격 변동 206.2% (2026-05-11) — 스플릿/데이터 오류 가능
Warning:  WOK: 거래량 0 연속 56일 (기준: 5일) — 상장폐지/거래정지 가능
Warning:  WRD: Close NaN 비율 66.5% (기준: 30%)
Warning:  WRD: 비정상 가격 변동 83.5% (2025-02-14) — 스플릿/데이터 오류 가능
Warning:  WSHP: Close NaN 비율 87.5% (기준: 30%)
Warning:  WSHP: 비정상 가격 변동 506.1% (2025-11-19) — 스플릿/데이터 오류 가능
Warning:  WVE: 비정상 가격 변동 147.3% (2025-12-08) — 스플릿/데이터 오류 가능
Warning:  WW: Close NaN 비율 79.7% (기준: 30%)
Warning:  WXM: Close NaN 비율 74.9% (기준: 30%)
Warning:  WXM: 비정상 가격 변동 57.9% (2026-06-04) — 스플릿/데이터 오류 가능
Warning:  XHLD: Close NaN 비율 72.4% (기준: 30%)
Warning:  XHLD: 비정상 가격 변동 177.2% (2026-01-27) — 스플릿/데이터 오류 가능
Warning:  XOS: 비정상 가격 변동 234.5% (2026-06-03) — 스플릿/데이터 오류 가능
Warning:  XTLB: 비정상 가격 변동 128.8% (2024-03-20) — 스플릿/데이터 오류 가능
Warning:  XXI: Close NaN 비율 62.3% (기준: 30%)
Warning:  XXI: 비정상 가격 변동 55.4% (2025-04-23) — 스플릿/데이터 오류 가능
Warning:  YRD: 비정상 가격 변동 59.6% (2026-07-02) — 스플릿/데이터 오류 가능
Warning:  YYGH: Close NaN 비율 56.1% (기준: 30%)
Warning:  YYGH: 비정상 가격 변동 63.6% (2025-09-10) — 스플릿/데이터 오류 가능
Warning:  ZCMD: 비정상 가격 변동 274.2% (2026-06-29) — 스플릿/데이터 오류 가능
Warning:  ZDAI: Close NaN 비율 61.1% (기준: 30%)
Warning:  ZDAI: 비정상 가격 변동 918.6% (2024-11-26) — 스플릿/데이터 오류 가능
Warning:  ZENA: Close NaN 비율 65.0% (기준: 30%)
Warning:  ZENA: 비정상 가격 변동 258.7% (2024-11-25) — 스플릿/데이터 오류 가능
Warning:  ZEPP: 비정상 가격 변동 69.5% (2025-07-11) — 스플릿/데이터 오류 가능
Warning:  ZTG: Close NaN 비율 83.7% (기준: 30%)
[[NASDAQ/NYSE 분석]] 강한 섹터: {'Real Estate', 'Consumer Staples', 'Materials', 'Financials', 'Consumer Discretionary', 'Industrials', 'Health Care', 'Utilities'}
[OHLCV] 배치 다운로드 1/2 (150개 종목, period=2y)...
[OHLCV] 배치 다운로드 2/2 (89개 종목, period=2y)...
[DataValidator] 58건의 데이터 품질 경고 발생
Warning:  ABVX: 비정상 가격 변동 586.0% (2025-07-23) — 스플릿/데이터 오류 가능
Warning:  ASST: 비정상 가격 변동 455.7% (2025-05-07) — 스플릿/데이터 오류 가능
Warning:  BLSH: Close NaN 비율 55.6% (기준: 30%)
Warning:  BMNR: Close NaN 비율 46.2% (기준: 30%)
Warning:  BMNR: 비정상 가격 변동 694.8% (2025-06-30) — 스플릿/데이터 오류 가능
Warning:  BULL: 비정상 가격 변동 374.7% (2025-04-14) — 스플릿/데이터 오류 가능
Warning:  CAI: Close NaN 비율 48.0% (기준: 30%)
Warning:  CORT: 비정상 가격 변동 109.1% (2025-03-31) — 스플릿/데이터 오류 가능
Warning:  CRCL: Close NaN 비율 46.2% (기준: 30%)
Warning:  CRML: 비정상 가격 변동 55.4% (2025-10-13) — 스플릿/데이터 오류 가능
Warning:  CRVO: 비정상 가격 변동 161.4% (2025-03-12) — 스플릿/데이터 오류 가능
Warning:  CRWV: Close NaN 비율 36.9% (기준: 30%)
Warning:  CUPR: Close NaN 비율 38.6% (기준: 30%)
Warning:  CUPR: 비정상 가격 변동 130.8% (2025-09-10) — 스플릿/데이터 오류 가능
Warning:  DSY: 비정상 가격 변동 291.3% (2026-06-10) — 스플릿/데이터 오류 가능
Warning:  DXYZ: 비정상 가격 변동 63.8% (2024-11-08) — 스플릿/데이터 오류 가능
Warning:  EHGO: 비정상 가격 변동 125.6% (2026-06-22) — 스플릿/데이터 오류 가능
Warning:  ELVN: 비정상 가격 변동 50.3% (2026-01-08) — 스플릿/데이터 오류 가능
Warning:  FIG: Close NaN 비율 53.8% (기준: 30%)
Warning:  FIGR: Close NaN 비율 59.6% (기준: 30%)
Warning:  FLY: Close NaN 비율 54.8% (기준: 30%)
Warning:  FRMI: Close NaN 비율 62.4% (기준: 30%)
Warning:  HNGE: Close NaN 비율 44.4% (기준: 30%)
Warning:  HTZ: 비정상 가격 변동 56.4% (2025-04-16) — 스플릿/데이터 오류 가능
Warning:  ICCM: 비정상 가격 변동 200.5% (2026-06-17) — 스플릿/데이터 오류 가능
Warning:  ILLR: 비정상 가격 변동 296.6% (2026-06-25) — 스플릿/데이터 오류 가능
Warning:  INHD: 비정상 가격 변동 3661.0% (2026-06-08) — 스플릿/데이터 오류 가능
Warning:  INHD: 거래량 0 연속 17일 (기준: 5일) — 상장폐지/거래정지 가능
Warning:  KD: 비정상 가격 변동 54.9% (2026-02-09) — 스플릿/데이터 오류 가능
Warning:  KLAR: Close NaN 비율 59.6% (기준: 30%)
Warning:  KRMN: Close NaN 비율 30.9% (기준: 30%)
Warning:  LAES: 비정상 가격 변동 101.4% (2024-12-11) — 스플릿/데이터 오류 가능
Warning:  LHAI: Close NaN 비율 52.8% (기준: 30%)
Warning:  LHAI: 비정상 가격 변동 315.2% (2026-07-01) — 스플릿/데이터 오류 가능
Warning:  MBX: 비정상 가격 변동 100.0% (2025-09-22) — 스플릿/데이터 오류 가능
Warning:  MLI: 비정상 가격 변동 53.3% (2026-07-01) — 스플릿/데이터 오류 가능
Warning:  MNTS: 비정상 가격 변동 155.4% (2024-10-09) — 스플릿/데이터 오류 가능
Warning:  NAVN: Close NaN 비율 66.5% (기준: 30%)
Warning:  NTSK: Close NaN 비율 60.6% (기준: 30%)
Warning:  NVTS: 비정상 가격 변동 164.4% (2025-05-22) — 스플릿/데이터 오류 가능
Warning:  OPEN: 비정상 가격 변동 79.5% (2025-09-11) — 스플릿/데이터 오류 가능
Warning:  PRIM: 비정상 가격 변동 50.1% (2026-05-06) — 스플릿/데이터 오류 가능
Warning:  PTRN: Close NaN 비율 60.8% (기준: 30%)
Warning:  QUBT: 비정상 가격 변동 92.8% (2024-11-13) — 스플릿/데이터 오류 가능
Warning:  RDW: 비정상 가격 변동 51.4% (2025-01-21) — 스플릿/데이터 오류 가능
Warning:  RGNT: Close NaN 비율 71.3% (기준: 30%)
Warning:  RGNT: 비정상 가격 변동 526.7% (2026-06-15) — 스플릿/데이터 오류 가능
Warning:  RGTI: 비정상 가격 변동 58.0% (2024-11-25) — 스플릿/데이터 오류 가능
Warning:  RZLV: 비정상 가격 변동 54.5% (2024-12-17) — 스플릿/데이터 오류 가능
Warning:  SBET: 비정상 가격 변동 433.2% (2025-05-27) — 스플릿/데이터 오류 가능
Warning:  SDOT: 비정상 가격 변동 247.1% (2026-06-26) — 스플릿/데이터 오류 가능
Warning:  SEZL: 비정상 가격 변동 72.3% (2024-11-08) — 스플릿/데이터 오류 가능
Warning:  SIDU: 비정상 가격 변동 220.3% (2024-12-16) — 스플릿/데이터 오류 가능
Warning:  SOC: 비정상 가격 변동 56.2% (2025-12-18) — 스플릿/데이터 오류 가능
Warning:  SRRK: 비정상 가격 변동 362.0% (2024-10-07) — 스플릿/데이터 오류 가능
Warning:  STI: 비정상 가격 변동 350.6% (2026-06-04) — 스플릿/데이터 오류 가능
Warning:  SUNE: 비정상 가격 변동 420.4% (2026-06-08) — 스플릿/데이터 오류 가능
Warning:  USAR: 비정상 가격 변동 72.0% (2025-03-14) — 스플릿/데이터 오류 가능
[[NASDAQ/NYSE 분석]] Extreme model 'label_low' ROC 0.62, AP 0.48
[[NASDAQ/NYSE 분석]] Extreme model 'label_high' ROC 0.68, AP 0.54
[[NASDAQ/NYSE 분석]] Google Sheets 업데이트 완료 (239개 종목)
[Email] 바닥반등 37개 + 모멘텀 112개 = 총 149개 종목 리스트를 chunghwan14@gmail.com, roykim0311@gmail.com, ssamjungtan@naver.com로 발송 완료

============================================================
[[NASDAQ/NYSE 차트분석]] 이메일 대상 종목 차트 분석 시작
============================================================
[[NASDAQ/NYSE 차트분석]] 차트분석 대상 149개 종목: ['VXX', 'ACGL', 'UFPT', 'DCO', 'IMVT', 'UAL', 'CHEF', 'PANW', 'LI', 'MRNA', 'PRIM', 'AHR', 'AI', 'SBSW', 'GEO', 'CUPR', 'LQDA', 'CAKE', 'WSBC', 'ROIV', 'GKOS', 'BMNR', 'LWLG', 'MAS', 'NUVL', 'BAP', 'EG', 'MNTS', 'INCY', 'BTSG', 'CAR', 'AIR', 'AAL', 'KYMR', 'LYV', 'ABBV', 'PFGC', 'SMR', 'ABCL', 'TWST', 'BBAI', 'VTR', 'ALGT', 'LLYVK', 'RELY', 'USFD', 'ALHC', 'PRI', 'SN', 'TVTX', 'BULL', 'RSI', 'CSGP', 'FTDR', 'ABSI', 'TENB', 'ATEX', 'VRTX', 'CACC', 'ZTS', 'ACHC', 'CB', 'SRRK', 'RNR', 'GL', 'IFF', 'ACHR', 'NIC', 'SLS', 'GH', 'HNGE', 'ENVA', 'RZLV', 'ASND', 'LTH', 'MIRM', 'ACA', 'VSEC', 'ACIW', 'TMDX', 'CORT', 'ESTA', 'RVMD', 'FSS', 'SIDU', 'IDYA', 'LOAR', 'TXG', 'ALKS', 'CINF', 'PCT', 'CRL', 'SUNE', 'OKLO', 'STI', 'ASST', 'PTGX', 'SIGI', 'CTSH', 'DNLI', 'JNJ', 'PGY', 'CRWV', 'CYTK', 'ELVN', 'WST', 'DAVE', 'DAL', 'UWMC', 'ACN', 'SMCI', 'SEZL', 'NTRA', 'WELL', 'KRYS', 'AXS', 'SON', 'APGE', 'ILLR', 'SOC', 'CAH', 'OSCR', 'XPEV', 'GE', 'RGNT', 'SPCE', 'TRV', 'CRCL', 'BCRX', 'USAR', 'KNSA', 'NRIX', 'HIW', 'NAVN', 'LGND', 'HIVE', 'UPST', 'THG', 'KTB', 'MBX', 'CNXC', 'DVA', 'FRMI', 'ASH', 'DXYZ', 'ALL', 'BSX', 'ABVX', 'TECH']
[[NASDAQ/NYSE 차트분석]] 기존 NASDAQ 차트 파일 삭제 중...
[[NASDAQ/NYSE 차트분석]] TradingView 차트 캡처 시작...
[TradingView] ACA 브라우저 세션 시작  (로그인 세션)...
[TradingView] 1H 캡처 완료 (60)
[TradingView] 4H 캡처 완료 (240)
[TradingView] Daily 캡처 완료 (D)
[TradingView] Weekly 캡처 완료 (W)
[TradingView] Monthly 캡처 완료 (M)
[[NASDAQ/NYSE 차트분석]] ACA 차트 5개 처리 완료
[TradingView] FSS 브라우저 세션 시작  (로그인 세션)...
[TradingView] 1H 캡처 완료 (60)
[TradingView] 4H 캡처 완료 (240)
[TradingView] Daily 캡처 완료 (D)
[TradingView] Weekly 캡처 완료 (W)
[TradingView] Monthly 캡처 완료 (M)
[[NASDAQ/NYSE 차트분석]] FSS 차트 5개 처리 완료
[TradingView] DCO 브라우저 세션 시작  (로그인 세션)...
[TradingView] 1H 캡처 완료 (60)
[TradingView] 4H 캡처 완료 (240)
[TradingView] Daily 캡처 완료 (D)
[TradingView] Weekly 캡처 완료 (W)
[TradingView] Monthly 캡처 완료 (M)
[[NASDAQ/NYSE 차트분석]] DCO 차트 5개 처리 완료
[TradingView] VTR 브라우저 세션 시작  (로그인 세션)...
[TradingView] 1H 캡처 완료 (60)
[TradingView] 4H 캡처 완료 (240)
[TradingView] Daily 캡처 완료 (D)
[TradingView] Weekly 캡처 완료 (W)
[TradingView] Monthly 캡처 완료 (M)
[[NASDAQ/NYSE 차트분석]] VTR 차트 5개 처리 완료
[TradingView] SN 브라우저 세션 시작  (로그인 세션)...
[TradingView] 1H 캡처 완료 (60)
[TradingView] 4H 캡처 완료 (240)
[TradingView] Daily 캡처 완료 (D)
[TradingView] Weekly 캡처 완료 (W)
[TradingView] Monthly 캡처 완료 (M)
[[NASDAQ/NYSE 차트분석]] SN 차트 5개 처리 완료
[TradingView] BTSG 브라우저 세션 시작  (로그인 세션)...
[TradingView] 1H 캡처 완료 (60)
[TradingView] 4H 캡처 완료 (240)
[TradingView] Daily 캡처 완료 (D)
[TradingView] Weekly 캡처 완료 (W)
[TradingView] Monthly 캡처 완료 (M)
[[NASDAQ/NYSE 차트분석]] BTSG 차트 5개 처리 완료
[TradingView] CYTK 브라우저 세션 시작  (로그인 세션)...
[TradingView] 1H 캡처 완료 (60)
[TradingView] 4H 캡처 완료 (240)
[TradingView] Daily 캡처 완료 (D)
[TradingView] Weekly 캡처 완료 (W)
[TradingView] Monthly 캡처 완료 (M)
[[NASDAQ/NYSE 차트분석]] CYTK 차트 5개 처리 완료
[TradingView] GEO 브라우저 세션 시작  (로그인 세션)...
[TradingView] 1H 캡처 완료 (60)
[TradingView] 4H 캡처 완료 (240)
[TradingView] Daily 캡처 완료 (D)
[TradingView] Weekly 캡처 완료 (W)
[TradingView] Monthly 캡처 완료 (M)
[[NASDAQ/NYSE 차트분석]] GEO 차트 5개 처리 완료
[TradingView] ABSI 브라우저 세션 시작  (로그인 세션)...
[TradingView] 1H 캡처 완료 (60)
[TradingView] 4H 캡처 완료 (240)
[TradingView] Daily 캡처 완료 (D)
[TradingView] Weekly 캡처 완료 (W)
[TradingView] Monthly 캡처 완료 (M)
[[NASDAQ/NYSE 차트분석]] ABSI 차트 5개 처리 완료
[TradingView] CHEF 브라우저 세션 시작  (로그인 세션)...
[TradingView] 1H 캡처 완료 (60)
[TradingView] 4H 캡처 완료 (240)
[TradingView] Daily 캡처 완료 (D)
[TradingView] Weekly 캡처 완료 (W)
[TradingView] Monthly 캡처 완료 (M)
[[NASDAQ/NYSE 차트분석]] CHEF 차트 5개 처리 완료
[TradingView] DAL 브라우저 세션 시작  (로그인 세션)...
[TradingView] 1H 캡처 완료 (60)
[TradingView] 4H 캡처 완료 (240)
[TradingView] Daily 캡처 완료 (D)
[TradingView] Weekly 캡처 완료 (W)
[TradingView] Monthly 캡처 완료 (M)
[[NASDAQ/NYSE 차트분석]] DAL 차트 5개 처리 완료
[TradingView] DNLI 브라우저 세션 시작  (로그인 세션)...
[TradingView] 1H 캡처 완료 (60)
[TradingView] 4H 캡처 완료 (240)
[TradingView] Daily 캡처 완료 (D)
[TradingView] Weekly 캡처 완료 (W)
[TradingView] Monthly 캡처 완료 (M)
[[NASDAQ/NYSE 차트분석]] DNLI 차트 5개 처리 완료
[TradingView] AIR 브라우저 세션 시작  (로그인 세션)...
[TradingView] 1H 캡처 완료 (60)
[TradingView] 4H 캡처 완료 (240)
[TradingView] Daily 캡처 완료 (D)
[TradingView] Weekly 캡처 완료 (W)
[TradingView] Monthly 캡처 완료 (M)
[[NASDAQ/NYSE 차트분석]] AIR 차트 5개 처리 완료
[TradingView] ALHC 브라우저 세션 시작  (로그인 세션)...
[TradingView] 1H 캡처 완료 (60)
[TradingView] 4H 캡처 완료 (240)
[TradingView] Daily 캡처 완료 (D)
[TradingView] Weekly 캡처 완료 (W)
[TradingView] Monthly 캡처 완료 (M)
[[NASDAQ/NYSE 차트분석]] ALHC 차트 5개 처리 완료
[TradingView] CAKE 브라우저 세션 시작  (로그인 세션)...
[TradingView] 1H 캡처 완료 (60)
[TradingView] 4H 캡처 완료 (240)
[TradingView] Daily 캡처 완료 (D)
[TradingView] Weekly 캡처 완료 (W)
[TradingView] Monthly 캡처 완료 (M)
[[NASDAQ/NYSE 차트분석]] CAKE 차트 5개 처리 완료
[TradingView] UAL 브라우저 세션 시작  (로그인 세션)...
[TradingView] 1H 캡처 완료 (60)
[TradingView] 4H 캡처 완료 (240)
[TradingView] Daily 캡처 완료 (D)
[TradingView] Weekly 캡처 완료 (W)
[TradingView] Monthly 캡처 완료 (M)
[[NASDAQ/NYSE 차트분석]] UAL 차트 5개 처리 완료
[TradingView] VSEC 브라우저 세션 시작  (로그인 세션)...
[TradingView] 1H 캡처 완료 (60)
[TradingView] 4H 캡처 완료 (240)
[TradingView] Daily 캡처 완료 (D)
[TradingView] Weekly 캡처 완료 (W)
[TradingView] Monthly 캡처 완료 (M)
[[NASDAQ/NYSE 차트분석]] VSEC 차트 5개 처리 완료
[TradingView] ACHC 브라우저 세션 시작  (로그인 세션)...
[TradingView] 1H 캡처 완료 (60)
[TradingView] 4H 캡처 완료 (240)
[TradingView] Daily 캡처 완료 (D)
[TradingView] Weekly 캡처 완료 (W)
[TradingView] Monthly 캡처 완료 (M)
[[NASDAQ/NYSE 차트분석]] ACHC 차트 5개 처리 완료
[TradingView] IMVT 브라우저 세션 시작  (로그인 세션)...
[TradingView] 1H 캡처 완료 (60)
[TradingView] 4H 캡처 완료 (240)
[TradingView] Daily 캡처 완료 (D)
[TradingView] Weekly 캡처 완료 (W)
[TradingView] Monthly 캡처 완료 (M)
[[NASDAQ/NYSE 차트분석]] IMVT 차트 5개 처리 완료
[TradingView] SRRK 브라우저 세션 시작  (로그인 세션)...
[TradingView] 1H 캡처 완료 (60)
[TradingView] 4H 캡처 완료 (240)
[TradingView] Daily 캡처 완료 (D)
[TradingView] Weekly 캡처 완료 (W)
[TradingView] Monthly 캡처 완료 (M)
[[NASDAQ/NYSE 차트분석]] SRRK 차트 5개 처리 완료
[TradingView] IDYA 브라우저 세션 시작  (로그인 세션)...
[TradingView] 1H 캡처 완료 (60)
[TradingView] 4H 캡처 완료 (240)
[TradingView] Daily 캡처 완료 (D)
[TradingView] Weekly 캡처 완료 (W)
[TradingView] Monthly 캡처 완료 (M)
[[NASDAQ/NYSE 차트분석]] IDYA 차트 5개 처리 완료
[TradingView] KYMR 브라우저 세션 시작  (로그인 세션)...
[TradingView] 1H 캡처 완료 (60)
[TradingView] 4H 캡처 완료 (240)
[TradingView] Daily 캡처 완료 (D)
[TradingView] Weekly 캡처 완료 (W)
[TradingView] Monthly 캡처 완료 (M)
[[NASDAQ/NYSE 차트분석]] KYMR 차트 5개 처리 완료
[TradingView] LQDA 브라우저 세션 시작  (로그인 세션)...
[TradingView] 1H 캡처 완료 (60)
[TradingView] 4H 캡처 완료 (240)
[TradingView] Daily 캡처 완료 (D)
[TradingView] Weekly 캡처 완료 (W)
[TradingView] Monthly 캡처 완료 (M)
[[NASDAQ/NYSE 차트분석]] LQDA 차트 5개 처리 완료
[TradingView] LTH 브라우저 세션 시작  (로그인 세션)...
[TradingView] 1H 캡처 완료 (60)
[TradingView] 4H 캡처 완료 (240)
[TradingView] Daily 캡처 완료 (D)
[TradingView] Weekly 캡처 완료 (W)
[TradingView] Monthly 캡처 완료 (M)
[[NASDAQ/NYSE 차트분석]] LTH 차트 5개 처리 완료
[TradingView] MIRM 브라우저 세션 시작  (로그인 세션)...
[TradingView] 1H 캡처 완료 (60)
[TradingView] 4H 캡처 완료 (240)
[TradingView] Daily 캡처 완료 (D)
[TradingView] Weekly 캡처 완료 (W)
[TradingView] Monthly 캡처 완료 (M)
[[NASDAQ/NYSE 차트분석]] MIRM 차트 5개 처리 완료
[TradingView] NIC 브라우저 세션 시작  (로그인 세션)...
[TradingView] 1H 캡처 완료 (60)
[TradingView] 4H 캡처 완료 (240)
[TradingView] Daily 캡처 완료 (D)
[TradingView] Weekly 캡처 완료 (W)
[TradingView] Monthly 캡처 완료 (M)
[[NASDAQ/NYSE 차트분석]] NIC 차트 5개 처리 완료
[TradingView] RNR 브라우저 세션 시작  (로그인 세션)...
[TradingView] 1H 캡처 완료 (60)
[TradingView] 4H 캡처 완료 (240)
[TradingView] Daily 캡처 완료 (D)
[TradingView] Weekly 캡처 완료 (W)
[TradingView] Monthly 캡처 완료 (M)
[[NASDAQ/NYSE 차트분석]] RNR 차트 5개 처리 완료
[TradingView] RSI 브라우저 세션 시작  (로그인 세션)...
[TradingView] 1H 캡처 완료 (60)
[TradingView] 4H 캡처 완료 (240)
[TradingView] Daily 캡처 완료 (D)
[TradingView] Weekly 캡처 완료 (W)
[TradingView] Monthly 캡처 완료 (M)
[[NASDAQ/NYSE 차트분석]] RSI 차트 5개 처리 완료
[TradingView] RVMD 브라우저 세션 시작  (로그인 세션)...
[TradingView] 1H 캡처 완료 (60)
[TradingView] 4H 캡처 완료 (240)
[TradingView] Daily 캡처 완료 (D)
[TradingView] Weekly 캡처 완료 (W)
[TradingView] Monthly 캡처 완료 (M)
[[NASDAQ/NYSE 차트분석]] RVMD 차트 5개 처리 완료
[TradingView] WSBC 브라우저 세션 시작  (로그인 세션)...
[TradingView] 1H 캡처 완료 (60)
[TradingView] 4H 캡처 완료 (240)
[TradingView] Daily 캡처 완료 (D)
[TradingView] Weekly 캡처 완료 (W)
[TradingView] Monthly 캡처 완료 (M)
[[NASDAQ/NYSE 차트분석]] WSBC 차트 5개 처리 완료
[TradingView] NUVL 브라우저 세션 시작  (로그인 세션)...
[TradingView] 1H 캡처 완료 (60)
[TradingView] 4H 캡처 완료 (240)
[TradingView] Daily 캡처 완료 (D)
[TradingView] Weekly 캡처 완료 (W)
[TradingView] Monthly 캡처 완료 (M)
[[NASDAQ/NYSE 차트분석]] NUVL 차트 5개 처리 완료
[TradingView] TVTX 브라우저 세션 시작  (로그인 세션)...
[TradingView] 1H 캡처 완료 (60)
[TradingView] 4H 캡처 완료 (240)
[TradingView] Daily 캡처 완료 (D)
[TradingView] Weekly 캡처 완료 (W)
[TradingView] Monthly 캡처 완료 (M)
[[NASDAQ/NYSE 차트분석]] TVTX 차트 5개 처리 완료
[TradingView] CUPR 브라우저 세션 시작  (로그인 세션)...
[TradingView] 1H 캡처 완료 (60)
[TradingView] 4H 캡처 완료 (240)
[TradingView] Daily 캡처 완료 (D)
[TradingView] Weekly 캡처 완료 (W)
[TradingView] Monthly 캡처 완료 (M)
[[NASDAQ/NYSE 차트분석]] CUPR 차트 5개 처리 완료
[TradingView] ELVN 브라우저 세션 시작  (로그인 세션)...
[TradingView] 1H 캡처 완료 (60)
[TradingView] 4H 캡처 완료 (240)
[TradingView] Daily 캡처 완료 (D)
[TradingView] Weekly 캡처 완료 (W)
[TradingView] Monthly 캡처 완료 (M)
[[NASDAQ/NYSE 차트분석]] ELVN 차트 5개 처리 완료
[TradingView] KNSA 브라우저 세션 시작  (로그인 세션)...
[TradingView] 1H 캡처 완료 (60)
[TradingView] 4H 캡처 완료 (240)
[TradingView] Daily 캡처 완료 (D)
[TradingView] Weekly 캡처 완료 (W)
[TradingView] Monthly 캡처 완료 (M)
[[NASDAQ/NYSE 차트분석]] KNSA 차트 5개 처리 완료
[TradingView] KRYS 브라우저 세션 시작  (로그인 세션)...
[TradingView] 1H 캡처 완료 (60)
[TradingView] 4H 캡처 완료 (240)
[TradingView] Daily 캡처 완료 (D)
[TradingView] Weekly 캡처 완료 (W)
[TradingView] Monthly 캡처 완료 (M)
[[NASDAQ/NYSE 차트분석]] KRYS 차트 5개 처리 완료
[TradingView] ROIV 브라우저 세션 시작  (로그인 세션)...
[TradingView] 1H 캡처 완료 (60)
[TradingView] 4H 캡처 완료 (240)
[TradingView] Daily 캡처 완료 (D)
[TradingView] Weekly 캡처 완료 (W)
[TradingView] Monthly 캡처 완료 (M)
[[NASDAQ/NYSE 차트분석]] ROIV 차트 5개 처리 완료
[TradingView] TWST 브라우저 세션 시작  (로그인 세션)...
[TradingView] 1H 캡처 완료 (60)
[TradingView] 4H 캡처 완료 (240)
[TradingView] Daily 캡처 완료 (D)
[TradingView] Weekly 캡처 완료 (W)
[TradingView] Monthly 캡처 완료 (M)
[[NASDAQ/NYSE 차트분석]] TWST 차트 5개 처리 완료
[TradingView] TXG 브라우저 세션 시작  (로그인 세션)...
[TradingView] 1H 캡처 완료 (60)
[TradingView] 4H 캡처 완료 (240)
[TradingView] Daily 캡처 완료 (D)
[TradingView] Weekly 캡처 완료 (W)
[TradingView] Monthly 캡처 완료 (M)
[[NASDAQ/NYSE 차트분석]] TXG 차트 5개 처리 완료
[TradingView] ALL 브라우저 세션 시작  (로그인 세션)...
[TradingView] 1H 캡처 완료 (60)
[TradingView] 4H 캡처 완료 (240)
[TradingView] Daily 캡처 완료 (D)
[TradingView] Weekly 캡처 완료 (W)
[TradingView] Monthly 캡처 완료 (M)
[[NASDAQ/NYSE 차트분석]] ALL 차트 5개 처리 완료
[TradingView] AXS 브라우저 세션 시작  (로그인 세션)...
[TradingView] 1H 캡처 완료 (60)
[TradingView] 4H 캡처 완료 (240)
[TradingView] Daily 캡처 완료 (D)
[TradingView] Weekly 캡처 완료 (W)
[TradingView] Monthly 캡처 완료 (M)
[[NASDAQ/NYSE 차트분석]] AXS 차트 5개 처리 완료
[TradingView] ENVA 브라우저 세션 시작  (로그인 세션)...
[TradingView] 1H 캡처 완료 (60)
[TradingView] 4H 캡처 완료 (240)
[TradingView] Daily 캡처 완료 (D)
[TradingView] Weekly 캡처 완료 (W)
[TradingView] Monthly 캡처 완료 (M)
[[NASDAQ/NYSE 차트분석]] ENVA 차트 5개 처리 완료
[TradingView] ASH 브라우저 세션 시작  (로그인 세션)...
[TradingView] 1H 캡처 완료 (60)
[TradingView] 4H 캡처 완료 (240)
[TradingView] Daily 캡처 완료 (D)
[TradingView] Weekly 캡처 완료 (W)
[TradingView] Monthly 캡처 완료 (M)
[[NASDAQ/NYSE 차트분석]] ASH 차트 5개 처리 완료
[TradingView] ALKS 브라우저 세션 시작  (로그인 세션)...
[TradingView] 1H 캡처 완료 (60)
[TradingView] 4H 캡처 완료 (240)
[TradingView] Daily 캡처 완료 (D)
[TradingView] Weekly 캡처 완료 (W)
[TradingView] Monthly 캡처 완료 (M)
[[NASDAQ/NYSE 차트분석]] ALKS 차트 5개 처리 완료
[TradingView] APGE 브라우저 세션 시작  (로그인 세션)...
[TradingView] 1H 캡처 완료 (60)
[TradingView] 4H 캡처 완료 (240)
[TradingView] Daily 캡처 완료 (D)
[TradingView] Weekly 캡처 완료 (W)
[TradingView] Monthly 캡처 완료 (M)
[[NASDAQ/NYSE 차트분석]] APGE 차트 5개 처리 완료
[TradingView] CAH 브라우저 세션 시작  (로그인 세션)...
[TradingView] 1H 캡처 완료 (60)
[TradingView] 4H 캡처 완료 (240)
[TradingView] Daily 캡처 완료 (D)
[TradingView] Weekly 캡처 완료 (W)
[TradingView] Monthly 캡처 완료 (M)
[[NASDAQ/NYSE 차트분석]] CAH 차트 5개 처리 완료
[TradingView] JNJ 브라우저 세션 시작  (로그인 세션)...
[TradingView] 1H 캡처 완료 (60)
[TradingView] 4H 캡처 완료 (240)
[TradingView] Daily 캡처 완료 (D)
[TradingView] Weekly 캡처 완료 (W)
[TradingView] Monthly 캡처 완료 (M)
[[NASDAQ/NYSE 차트분석]] JNJ 차트 5개 처리 완료
[TradingView] GE 브라우저 세션 시작  (로그인 세션)...
[TradingView] 1H 캡처 완료 (60)
[TradingView] 4H 캡처 완료 (240)
[TradingView] Daily 캡처 완료 (D)
[TradingView] Weekly 캡처 완료 (W)
[TradingView] Monthly 캡처 완료 (M)
[[NASDAQ/NYSE 차트분석]] GE 차트 5개 처리 완료
[TradingView] SLS 브라우저 세션 시작  (로그인 세션)...
[TradingView] 1H 캡처 완료 (60)
[TradingView] 4H 캡처 완료 (240)
[TradingView] Daily 캡처 완료 (D)
[TradingView] Weekly 캡처 완료 (W)
[TradingView] Monthly 캡처 완료 (M)
[[NASDAQ/NYSE 차트분석]] SLS 차트 5개 처리 완료
[TradingView] KTB 브라우저 세션 시작  (로그인 세션)...
[TradingView] 1H 캡처 완료 (60)
[TradingView] 4H 캡처 완료 (240)
[TradingView] Daily 캡처 완료 (D)
[TradingView] Weekly 캡처 완료 (W)
[TradingView] Monthly 캡처 완료 (M)
[[NASDAQ/NYSE 차트분석]] KTB 차트 5개 처리 완료
[TradingView] LLYVK 브라우저 세션 시작  (로그인 세션)...
[TradingView] 1H 캡처 완료 (60)
[TradingView] 4H 캡처 완료 (240)
[TradingView] Daily 캡처 완료 (D)
[TradingView] Weekly 캡처 완료 (W)
[TradingView] Monthly 캡처 완료 (M)
[[NASDAQ/NYSE 차트분석]] LLYVK 차트 5개 처리 완료
[TradingView] OSCR 브라우저 세션 시작  (로그인 세션)...
[TradingView] 1H 캡처 완료 (60)
[TradingView] 4H 캡처 완료 (240)
[TradingView] Daily 캡처 완료 (D)
[TradingView] Weekly 캡처 완료 (W)
[TradingView] Monthly 캡처 완료 (M)
[[NASDAQ/NYSE 차트분석]] OSCR 차트 5개 처리 완료
[TradingView] LOAR 브라우저 세션 시작  (로그인 세션)...
[TradingView] 1H 캡처 완료 (60)
[TradingView] 4H 캡처 완료 (240)
[TradingView] Daily 캡처 완료 (D)
[TradingView] Weekly 캡처 완료 (W)
[TradingView] Monthly 캡처 완료 (M)
[[NASDAQ/NYSE 차트분석]] LOAR 차트 5개 처리 완료
[TradingView] AAL 브라우저 세션 시작  (로그인 세션)...
[TradingView] 1H 캡처 완료 (60)
[TradingView] 4H 캡처 완료 (240)
[TradingView] Daily 캡처 완료 (D)
[TradingView] Weekly 캡처 완료 (W)
[TradingView] Monthly 캡처 완료 (M)
[[NASDAQ/NYSE 차트분석]] AAL 차트 5개 처리 완료
[TradingView] ALGT 브라우저 세션 시작  (로그인 세션)...
[TradingView] 1H 캡처 완료 (60)
[TradingView] 4H 캡처 완료 (240)
[TradingView] Daily 캡처 완료 (D)
[TradingView] Weekly 캡처 완료 (W)
[TradingView] Monthly 캡처 완료 (M)
[[NASDAQ/NYSE 차트분석]] ALGT 차트 5개 처리 완료
[TradingView] ASND 브라우저 세션 시작  (로그인 세션)...
[TradingView] 1H 캡처 완료 (60)
[TradingView] 4H 캡처 완료 (240)
[TradingView] Daily 캡처 완료 (D)
[TradingView] Weekly 캡처 완료 (W)
[TradingView] Monthly 캡처 완료 (M)
[[NASDAQ/NYSE 차트분석]] ASND 차트 5개 처리 완료
[TradingView] GKOS 브라우저 세션 시작  (로그인 세션)...
[TradingView] 1H 캡처 완료 (60)
[TradingView] 4H 캡처 완료 (240)
[TradingView] Daily 캡처 완료 (D)
[TradingView] Weekly 캡처 완료 (W)
[TradingView] Monthly 캡처 완료 (M)
[[NASDAQ/NYSE 차트분석]] GKOS 차트 5개 처리 완료
[TradingView] LYV 브라우저 세션 시작  (로그인 세션)...
[TradingView] 1H 캡처 완료 (60)
[TradingView] 4H 캡처 완료 (240)
[TradingView] Daily 캡처 완료 (D)
[TradingView] Weekly 캡처 완료 (W)
[TradingView] Monthly 캡처 완료 (M)
[[NASDAQ/NYSE 차트분석]] LYV 차트 5개 처리 완료
[TradingView] MAS 브라우저 세션 시작  (로그인 세션)...
[TradingView] 1H 캡처 완료 (60)
[TradingView] 4H 캡처 완료 (240)
[TradingView] Daily 캡처 완료 (D)
[TradingView] Weekly 캡처 완료 (W)
[TradingView] Monthly 캡처 완료 (M)
[[NASDAQ/NYSE 차트분석]] MAS 차트 5개 처리 완료
[TradingView] PRI 브라우저 세션 시작  (로그인 세션)...
[TradingView] 1H 캡처 완료 (60)
[TradingView] 4H 캡처 완료 (240)
[TradingView] Daily 캡처 완료 (D)
[TradingView] Weekly 캡처 완료 (W)
[TradingView] Monthly 캡처 완료 (M)
[[NASDAQ/NYSE 차트분석]] PRI 차트 5개 처리 완료
[TradingView] RELY 브라우저 세션 시작  (로그인 세션)...
[TradingView] 1H 캡처 완료 (60)
[TradingView] 4H 캡처 완료 (240)
[TradingView] Daily 캡처 완료 (D)
[TradingView] Weekly 캡처 완료 (W)
[TradingView] Monthly 캡처 완료 (M)
[[NASDAQ/NYSE 차트분석]] RELY 차트 5개 처리 완료
[TradingView] CORT 브라우저 세션 시작  (로그인 세션)...
[TradingView] 1H 캡처 완료 (60)
[TradingView] 4H 캡처 완료 (240)
[TradingView] Daily 캡처 완료 (D)
[TradingView] Weekly 캡처 완료 (W)
[TradingView] Monthly 캡처 완료 (M)
[[NASDAQ/NYSE 차트분석]] CORT 차트 5개 처리 완료
[TradingView] STI 브라우저 세션 시작  (로그인 세션)...
[TradingView] 1H 캡처 완료 (60)
[TradingView] 4H 캡처 완료 (240)
[TradingView] Daily 캡처 완료 (D)
[TradingView] Weekly 캡처 완료 (W)
[TradingView] Monthly 캡처 완료 (M)
[[NASDAQ/NYSE 차트분석]] STI 차트 5개 처리 완료
[TradingView] BCRX 브라우저 세션 시작  (로그인 세션)...
[TradingView] 1H 캡처 완료 (60)
[TradingView] 4H 캡처 완료 (240)
[TradingView] Daily 캡처 완료 (D)
[TradingView] Weekly 캡처 완료 (W)
[TradingView] Monthly 캡처 완료 (M)
[[NASDAQ/NYSE 차트분석]] BCRX 차트 5개 처리 완료
[TradingView] WELL 브라우저 세션 시작  (로그인 세션)...
[TradingView] 1H 캡처 완료 (60)
[TradingView] 4H 캡처 완료 (240)
[TradingView] Daily 캡처 완료 (D)
[TradingView] Weekly 캡처 완료 (W)
[TradingView] Monthly 캡처 완료 (M)
[[NASDAQ/NYSE 차트분석]] WELL 차트 5개 처리 완료
[TradingView] CB 브라우저 세션 시작  (로그인 세션)...
[TradingView] 1H 캡처 완료 (60)
[TradingView] 4H 캡처 완료 (240)
[TradingView] Daily 캡처 완료 (D)
[TradingView] Weekly 캡처 완료 (W)
[TradingView] Monthly 캡처 완료 (M)
[[NASDAQ/NYSE 차트분석]] CB 차트 5개 처리 완료
[TradingView] AHR 브라우저 세션 시작  (로그인 세션)...
[TradingView] 1H 캡처 완료 (60)
[TradingView] 4H 캡처 완료 (240)
[TradingView] Daily 캡처 완료 (D)
[TradingView] Weekly 캡처 완료 (W)
[TradingView] Monthly 캡처 완료 (M)
[[NASDAQ/NYSE 차트분석]] AHR 차트 5개 처리 완료
[TradingView] ACIW 브라우저 세션 시작  (로그인 세션)...
[TradingView] 1H 캡처 완료 (60)
[TradingView] 4H 캡처 완료 (240)
[TradingView] Daily 캡처 완료 (D)
[TradingView] Weekly 캡처 완료 (W)
[TradingView] Monthly 캡처 완료 (M)
[[NASDAQ/NYSE 차트분석]] ACIW 차트 5개 처리 완료
[TradingView] BAP 브라우저 세션 시작  (로그인 세션)...
[TradingView] 1H 캡처 완료 (60)
[TradingView] 4H 캡처 완료 (240)
[TradingView] Daily 캡처 완료 (D)
[TradingView] Weekly 캡처 완료 (W)
[TradingView] Monthly 캡처 완료 (M)
[[NASDAQ/NYSE 차트분석]] BAP 차트 5개 처리 완료
[TradingView] FTDR 브라우저 세션 시작  (로그인 세션)...
[TradingView] 1H 캡처 완료 (60)
[TradingView] 4H 캡처 완료 (240)
[TradingView] Daily 캡처 완료 (D)
[TradingView] Weekly 캡처 완료 (W)
[TradingView] Monthly 캡처 완료 (M)
[[NASDAQ/NYSE 차트분석]] FTDR 차트 5개 처리 완료
[TradingView] GL 브라우저 세션 시작  (로그인 세션)...
[TradingView] 1H 캡처 완료 (60)
[TradingView] 4H 캡처 완료 (240)
[TradingView] Daily 캡처 완료 (D)
[TradingView] Weekly 캡처 완료 (W)
[TradingView] Monthly 캡처 완료 (M)
[[NASDAQ/NYSE 차트분석]] GL 차트 5개 처리 완료
[TradingView] THG 브라우저 세션 시작  (로그인 세션)...
[TradingView] 1H 캡처 완료 (60)
[TradingView] 4H 캡처 완료 (240)
[TradingView] Daily 캡처 완료 (D)
[TradingView] Weekly 캡처 완료 (W)
[TradingView] Monthly 캡처 완료 (M)
[[NASDAQ/NYSE 차트분석]] THG 차트 5개 처리 완료
[TradingView] ABCL 브라우저 세션 시작  (로그인 세션)...
[TradingView] 1H 캡처 완료 (60)
[TradingView] 4H 캡처 완료 (240)
[TradingView] Daily 캡처 완료 (D)
[TradingView] Weekly 캡처 완료 (W)
[TradingView] Monthly 캡처 완료 (M)
[[NASDAQ/NYSE 차트분석]] ABCL 차트 5개 처리 완료
[TradingView] HNGE 브라우저 세션 시작  (로그인 세션)...
[TradingView] 1H 캡처 완료 (60)
[TradingView] 4H 캡처 완료 (240)
[TradingView] Daily 캡처 완료 (D)
[TradingView] Weekly 캡처 완료 (W)
[TradingView] Monthly 캡처 완료 (M)
[[NASDAQ/NYSE 차트분석]] HNGE 차트 5개 처리 완료
[TradingView] MBX 브라우저 세션 시작  (로그인 세션)...
[TradingView] 1H 캡처 완료 (60)
[TradingView] 4H 캡처 완료 (240)
[TradingView] Daily 캡처 완료 (D)
[TradingView] Weekly 캡처 완료 (W)
[TradingView] Monthly 캡처 완료 (M)
[[NASDAQ/NYSE 차트분석]] MBX 차트 5개 처리 완료
[TradingView] NTRA 브라우저 세션 시작  (로그인 세션)...
[TradingView] 1H 캡처 완료 (60)
[TradingView] 4H 캡처 완료 (240)
[TradingView] Daily 캡처 완료 (D)
[TradingView] Weekly 캡처 완료 (W)
[TradingView] Monthly 캡처 완료 (M)
[[NASDAQ/NYSE 차트분석]] NTRA 차트 5개 처리 완료
[TradingView] PFGC 브라우저 세션 시작  (로그인 세션)...
[TradingView] 1H 캡처 완료 (60)
[TradingView] 4H 캡처 완료 (240)
[TradingView] Daily 캡처 완료 (D)
[TradingView] Weekly 캡처 완료 (W)
[TradingView] Monthly 캡처 완료 (M)
[[NASDAQ/NYSE 차트분석]] PFGC 차트 5개 처리 완료
[TradingView] SEZL 브라우저 세션 시작  (로그인 세션)...
[TradingView] 1H 캡처 완료 (60)
[TradingView] 4H 캡처 완료 (240)
[TradingView] Daily 캡처 완료 (D)
[TradingView] Weekly 캡처 완료 (W)
[TradingView] Monthly 캡처 완료 (M)
[[NASDAQ/NYSE 차트분석]] SEZL 차트 5개 처리 완료
[TradingView] LGND 브라우저 세션 시작  (로그인 세션)...
[TradingView] 1H 캡처 완료 (60)
[TradingView] 4H 캡처 완료 (240)
[TradingView] Daily 캡처 완료 (D)
[TradingView] Weekly 캡처 완료 (W)
[TradingView] Monthly 캡처 완료 (M)
[[NASDAQ/NYSE 차트분석]] LGND 차트 5개 처리 완료
[TradingView] NRIX 브라우저 세션 시작  (로그인 세션)...
[TradingView] 1H 캡처 완료 (60)
[TradingView] 4H 캡처 완료 (240)
[TradingView] Daily 캡처 완료 (D)
[TradingView] Weekly 캡처 완료 (W)
[TradingView] Monthly 캡처 완료 (M)
[[NASDAQ/NYSE 차트분석]] NRIX 차트 5개 처리 완료
[TradingView] INCY 브라우저 세션 시작  (로그인 세션)...
[TradingView] 1H 캡처 완료 (60)
[TradingView] 4H 캡처 완료 (240)
[TradingView] Daily 캡처 완료 (D)
[TradingView] Weekly 캡처 완료 (W)
[TradingView] Monthly 캡처 완료 (M)
[[NASDAQ/NYSE 차트분석]] INCY 차트 5개 처리 완료
[TradingView] ABBV 브라우저 세션 시작  (로그인 세션)...
[TradingView] 1H 캡처 완료 (60)
[TradingView] 4H 캡처 완료 (240)
[TradingView] Daily 캡처 완료 (D)
[TradingView] Weekly 캡처 완료 (W)
[TradingView] Monthly 캡처 완료 (M)
[[NASDAQ/NYSE 차트분석]] ABBV 차트 5개 처리 완료
[TradingView] CINF 브라우저 세션 시작  (로그인 세션)...
[TradingView] 1H 캡처 완료 (60)
[TradingView] 4H 캡처 완료 (240)
[TradingView] Daily 캡처 완료 (D)
[TradingView] Weekly 캡처 완료 (W)
[TradingView] Monthly 캡처 완료 (M)
[[NASDAQ/NYSE 차트분석]] CINF 차트 5개 처리 완료
[TradingView] DVA 브라우저 세션 시작  (로그인 세션)...
[TradingView] 1H 캡처 완료 (60)
[TradingView] 4H 캡처 완료 (240)
[TradingView] Daily 캡처 완료 (D)
[TradingView] Weekly 캡처 완료 (W)
[TradingView] Monthly 캡처 완료 (M)
[[NASDAQ/NYSE 차트분석]] DVA 차트 5개 처리 완료
[TradingView] IFF 브라우저 세션 시작  (로그인 세션)...
[TradingView] 1H 캡처 완료 (60)
[TradingView] 4H 캡처 완료 (240)
[TradingView] Daily 캡처 완료 (D)
[TradingView] Weekly 캡처 완료 (W)
[TradingView] Monthly 캡처 완료 (M)
[[NASDAQ/NYSE 차트분석]] IFF 차트 5개 처리 완료
[TradingView] CACC 브라우저 세션 시작  (로그인 세션)...
[TradingView] 1H 캡처 완료 (60)
[TradingView] 4H 캡처 완료 (240)
[TradingView] Daily 캡처 완료 (D)
[TradingView] Weekly 캡처 완료 (W)
[TradingView] Monthly 캡처 완료 (M)
[[NASDAQ/NYSE 차트분석]] CACC 차트 5개 처리 완료
[TradingView] TECH 브라우저 세션 시작  (로그인 세션)...
[TradingView] 1H 캡처 완료 (60)
[TradingView] 4H 캡처 완료 (240)
[TradingView] Daily 캡처 완료 (D)
[TradingView] Weekly 캡처 완료 (W)
[TradingView] Monthly 캡처 완료 (M)
[[NASDAQ/NYSE 차트분석]] TECH 차트 5개 처리 완료
[TradingView] CRL 브라우저 세션 시작  (로그인 세션)...
[TradingView] 1H 캡처 완료 (60)
[TradingView] 4H 캡처 완료 (240)
[TradingView] Daily 캡처 완료 (D)
[TradingView] Weekly 캡처 완료 (W)
[TradingView] Monthly 캡처 완료 (M)
[[NASDAQ/NYSE 차트분석]] CRL 차트 5개 처리 완료
[TradingView] HIW 브라우저 세션 시작  (로그인 세션)...
[TradingView] 1H 캡처 완료 (60)
[TradingView] 4H 캡처 완료 (240)
[TradingView] Daily 캡처 완료 (D)
[TradingView] Weekly 캡처 완료 (W)
[TradingView] Monthly 캡처 완료 (M)
[[NASDAQ/NYSE 차트분석]] HIW 차트 5개 처리 완료
[TradingView] SIGI 브라우저 세션 시작  (로그인 세션)...
[TradingView] 1H 캡처 완료 (60)
[TradingView] 4H 캡처 완료 (240)
[TradingView] Daily 캡처 완료 (D)
[TradingView] Weekly 캡처 완료 (W)
[TradingView] Monthly 캡처 완료 (M)
[[NASDAQ/NYSE 차트분석]] SIGI 차트 5개 처리 완료
[TradingView] WST 브라우저 세션 시작  (로그인 세션)...
[TradingView] 1H 캡처 완료 (60)
[TradingView] 4H 캡처 완료 (240)
[TradingView] Daily 캡처 완료 (D)
[TradingView] Weekly 캡처 완료 (W)
[TradingView] Monthly 캡처 완료 (M)
[[NASDAQ/NYSE 차트분석]] WST 차트 5개 처리 완료
[TradingView] UFPT 브라우저 세션 시작  (로그인 세션)...
[TradingView] 1H 캡처 완료 (60)
[TradingView] 4H 캡처 완료 (240)
[TradingView] Daily 캡처 완료 (D)
[TradingView] Weekly 캡처 완료 (W)
[TradingView] Monthly 캡처 완료 (M)
[[NASDAQ/NYSE 차트분석]] UFPT 차트 5개 처리 완료
[TradingView] PTGX 브라우저 세션 시작  (로그인 세션)...
[TradingView] 1H 캡처 완료 (60)
[TradingView] 4H 캡처 완료 (240)
[TradingView] Daily 캡처 완료 (D)
[TradingView] Weekly 캡처 완료 (W)
[TradingView] Monthly 캡처 완료 (M)
[[NASDAQ/NYSE 차트분석]] PTGX 차트 5개 처리 완료
[TradingView] SON 브라우저 세션 시작  (로그인 세션)...
[TradingView] 1H 캡처 완료 (60)
[TradingView] 4H 캡처 완료 (240)
[TradingView] Daily 캡처 완료 (D)
[TradingView] Weekly 캡처 완료 (W)
[TradingView] Monthly 캡처 완료 (M)
[[NASDAQ/NYSE 차트분석]] SON 차트 5개 처리 완료
[TradingView] FRMI 브라우저 세션 시작  (로그인 세션)...
[TradingView] 1H 캡처 완료 (60)
[TradingView] 4H 캡처 완료 (240)
[TradingView] Daily 캡처 완료 (D)
[TradingView] Weekly 캡처 완료 (W)
[TradingView] Monthly 캡처 완료 (M)
[[NASDAQ/NYSE 차트분석]] FRMI 차트 5개 처리 완료
[TradingView] USFD 브라우저 세션 시작  (로그인 세션)...
[TradingView] 1H 캡처 완료 (60)
[TradingView] 4H 캡처 완료 (240)
[TradingView] Daily 캡처 완료 (D)
[TradingView] Weekly 캡처 완료 (W)
[TradingView] Monthly 캡처 완료 (M)
[[NASDAQ/NYSE 차트분석]] USFD 차트 5개 처리 완료
[TradingView] VRTX 브라우저 세션 시작  (로그인 세션)...
[TradingView] 1H 캡처 완료 (60)
[TradingView] 4H 캡처 완료 (240)
[TradingView] Daily 캡처 완료 (D)
[TradingView] Weekly 캡처 완료 (W)
[TradingView] Monthly 캡처 완료 (M)
[[NASDAQ/NYSE 차트분석]] VRTX 차트 5개 처리 완료
[TradingView] GH 브라우저 세션 시작  (로그인 세션)...
[TradingView] 1H 캡처 완료 (60)
[TradingView] 4H 캡처 완료 (240)
[TradingView] Daily 캡처 완료 (D)
[TradingView] Weekly 캡처 완료 (W)
[TradingView] Monthly 캡처 완료 (M)
[[NASDAQ/NYSE 차트분석]] GH 차트 5개 처리 완료
[TradingView] MRNA 브라우저 세션 시작  (로그인 세션)...
[TradingView] 1H 캡처 완료 (60)
[TradingView] 4H 캡처 완료 (240)
[TradingView] Daily 캡처 완료 (D)
[TradingView] Weekly 캡처 완료 (W)
[TradingView] Monthly 캡처 완료 (M)
[[NASDAQ/NYSE 차트분석]] MRNA 차트 5개 처리 완료
[TradingView] PANW 브라우저 세션 시작  (로그인 세션)...
[TradingView] 1H 캡처 완료 (60)
[TradingView] 4H 캡처 완료 (240)
[TradingView] Daily 캡처 완료 (D)
[TradingView] Weekly 캡처 완료 (W)
[TradingView] Monthly 캡처 완료 (M)
[[NASDAQ/NYSE 차트분석]] PANW 차트 5개 처리 완료
[TradingView] ACGL 브라우저 세션 시작  (로그인 세션)...
[TradingView] 1H 캡처 완료 (60)
[TradingView] 4H 캡처 완료 (240)
[TradingView] Daily 캡처 완료 (D)
[TradingView] Weekly 캡처 완료 (W)
[TradingView] Monthly 캡처 완료 (M)
[[NASDAQ/NYSE 차트분석]] ACGL 차트 5개 처리 완료
[TradingView] ATEX 브라우저 세션 시작  (로그인 세션)...
[TradingView] 1H 캡처 완료 (60)
[TradingView] 4H 캡처 완료 (240)
[TradingView] Daily 캡처 완료 (D)
[TradingView] Weekly 캡처 완료 (W)
[TradingView] Monthly 캡처 완료 (M)
[[NASDAQ/NYSE 차트분석]] ATEX 차트 5개 처리 완료
[TradingView] DAVE 브라우저 세션 시작  (로그인 세션)...
[TradingView] 1H 캡처 완료 (60)
[TradingView] 4H 캡처 완료 (240)
[TradingView] Daily 캡처 완료 (D)
[TradingView] Weekly 캡처 완료 (W)
[TradingView] Monthly 캡처 완료 (M)
[[NASDAQ/NYSE 차트분석]] DAVE 차트 5개 처리 완료
[TradingView] PGY 브라우저 세션 시작  (로그인 세션)...
[TradingView] 1H 캡처 완료 (60)
[TradingView] 4H 캡처 완료 (240)
[TradingView] Daily 캡처 완료 (D)
[TradingView] Weekly 캡처 완료 (W)
[TradingView] Monthly 캡처 완료 (M)
[[NASDAQ/NYSE 차트분석]] PGY 차트 5개 처리 완료
[TradingView] HIVE 브라우저 세션 시작  (로그인 세션)...
[TradingView] 1H 캡처 완료 (60)
[TradingView] 4H 캡처 완료 (240)
[TradingView] Daily 캡처 완료 (D)
[TradingView] Weekly 캡처 완료 (W)
[TradingView] Monthly 캡처 완료 (M)
[[NASDAQ/NYSE 차트분석]] HIVE 차트 5개 처리 완료
[TradingView] TRV 브라우저 세션 시작  (로그인 세션)...
[TradingView] 1H 캡처 완료 (60)
[TradingView] 4H 캡처 완료 (240)
[TradingView] Daily 캡처 완료 (D)
[TradingView] Weekly 캡처 완료 (W)
[TradingView] Monthly 캡처 완료 (M)
[[NASDAQ/NYSE 차트분석]] TRV 차트 5개 처리 완료
[TradingView] TENB 브라우저 세션 시작  (로그인 세션)...
[TradingView] 1H 캡처 완료 (60)
[TradingView] 4H 캡처 완료 (240)
[TradingView] Daily 캡처 완료 (D)
[TradingView] Weekly 캡처 완료 (W)
[TradingView] Monthly 캡처 완료 (M)
[[NASDAQ/NYSE 차트분석]] TENB 차트 5개 처리 완료
[TradingView] EG 브라우저 세션 시작  (로그인 세션)...
[TradingView] 1H 캡처 완료 (60)
[TradingView] 4H 캡처 완료 (240)
[TradingView] Daily 캡처 완료 (D)
[TradingView] Weekly 캡처 완료 (W)
[TradingView] Monthly 캡처 완료 (M)
[[NASDAQ/NYSE 차트분석]] EG 차트 5개 처리 완료
[TradingView] ESTA 브라우저 세션 시작  (로그인 세션)...
[TradingView] 1H 캡처 완료 (60)
[TradingView] 4H 캡처 완료 (240)
[TradingView] Daily 캡처 완료 (D)
[TradingView] Weekly 캡처 완료 (W)
[TradingView] Monthly 캡처 완료 (M)
[[NASDAQ/NYSE 차트분석]] ESTA 차트 5개 처리 완료
[TradingView] SUNE 브라우저 세션 시작  (로그인 세션)...
[TradingView] 1H 캡처 완료 (60)
[TradingView] 4H 캡처 완료 (240)
[TradingView] Daily 캡처 완료 (D)
[TradingView] Weekly 캡처 완료 (W)
[TradingView] Monthly 캡처 완료 (M)
[[NASDAQ/NYSE 차트분석]] SUNE 차트 5개 처리 완료
[TradingView] BULL 브라우저 세션 시작  (로그인 세션)...
[TradingView] 1H 캡처 완료 (60)
[TradingView] 4H 캡처 완료 (240)
[TradingView] Daily 캡처 완료 (D)
[TradingView] Weekly 캡처 완료 (W)
[TradingView] Monthly 캡처 완료 (M)
[[NASDAQ/NYSE 차트분석]] BULL 차트 5개 처리 완료
[TradingView] NAVN 브라우저 세션 시작  (로그인 세션)...
[TradingView] 1H 캡처 완료 (60)
[TradingView] 4H 캡처 완료 (240)
[TradingView] Daily 캡처 완료 (D)
[TradingView] Weekly 캡처 완료 (W)
[TradingView] Monthly 캡처 완료 (M)
[[NASDAQ/NYSE 차트분석]] NAVN 차트 5개 처리 완료
[TradingView] RZLV 브라우저 세션 시작  (로그인 세션)...
[TradingView] 1H 캡처 완료 (60)
[TradingView] 4H 캡처 완료 (240)
[TradingView] Daily 캡처 완료 (D)
[TradingView] Weekly 캡처 완료 (W)
[TradingView] Monthly 캡처 완료 (M)
[[NASDAQ/NYSE 차트분석]] RZLV 차트 5개 처리 완료
[TradingView] ILLR 브라우저 세션 시작  (로그인 세션)...
[TradingView] 1H 캡처 완료 (60)
[TradingView] 4H 캡처 완료 (240)
[TradingView] Daily 캡처 완료 (D)
[TradingView] Weekly 캡처 완료 (W)
[TradingView] Monthly 캡처 완료 (M)
[[NASDAQ/NYSE 차트분석]] ILLR 차트 5개 처리 완료
[TradingView] ABVX 브라우저 세션 시작  (로그인 세션)...
[TradingView] 1H 캡처 완료 (60)
[TradingView] 4H 캡처 완료 (240)
[TradingView] Daily 캡처 완료 (D)
[TradingView] Weekly 캡처 완료 (W)
[TradingView] Monthly 캡처 완료 (M)
[[NASDAQ/NYSE 차트분석]] ABVX 차트 5개 처리 완료
[TradingView] MNTS 브라우저 세션 시작  (로그인 세션)...
[TradingView] 1H 캡처 완료 (60)
[TradingView] 4H 캡처 완료 (240)
[TradingView] Daily 캡처 완료 (D)
[TradingView] Weekly 캡처 완료 (W)
[TradingView] Monthly 캡처 완료 (M)
[[NASDAQ/NYSE 차트분석]] MNTS 차트 5개 처리 완료
[TradingView] UPST 브라우저 세션 시작  (로그인 세션)...
[TradingView] 1H 캡처 완료 (60)
[TradingView] 4H 캡처 완료 (240)
[TradingView] Daily 캡처 완료 (D)
[TradingView] Weekly 캡처 완료 (W)
[TradingView] Monthly 캡처 완료 (M)
[[NASDAQ/NYSE 차트분석]] UPST 차트 5개 처리 완료
[TradingView] RGNT 브라우저 세션 시작  (로그인 세션)...
[TradingView] 1H 캡처 완료 (60)
[TradingView] 4H 캡처 완료 (240)
[TradingView] Daily 캡처 완료 (D)
[TradingView] Weekly 캡처 완료 (W)
[TradingView] Monthly 캡처 완료 (M)
[[NASDAQ/NYSE 차트분석]] RGNT 차트 5개 처리 완료
[TradingView] PCT 브라우저 세션 시작  (로그인 세션)...
[TradingView] 1H 캡처 완료 (60)
[TradingView] 4H 캡처 완료 (240)
[TradingView] Daily 캡처 완료 (D)
[TradingView] Weekly 캡처 완료 (W)
[TradingView] Monthly 캡처 완료 (M)
[[NASDAQ/NYSE 차트분석]] PCT 차트 5개 처리 완료
[TradingView] SPCE 브라우저 세션 시작  (로그인 세션)...
[TradingView] 1H 캡처 완료 (60)
[TradingView] 4H 캡처 완료 (240)
[TradingView] Daily 캡처 완료 (D)
[TradingView] Weekly 캡처 완료 (W)
[TradingView] Monthly 캡처 완료 (M)
[[NASDAQ/NYSE 차트분석]] SPCE 차트 5개 처리 완료
[TradingView] CRWV 브라우저 세션 시작  (로그인 세션)...
[TradingView] 1H 캡처 완료 (60)
[TradingView] 4H 캡처 완료 (240)
[TradingView] Daily 캡처 완료 (D)
[TradingView] Weekly 캡처 완료 (W)
[TradingView] Monthly 캡처 완료 (M)
[[NASDAQ/NYSE 차트분석]] CRWV 차트 5개 처리 완료
[TradingView] SMCI 브라우저 세션 시작  (로그인 세션)...
[TradingView] 1H 캡처 완료 (60)
[TradingView] 4H 캡처 완료 (240)
[TradingView] Daily 캡처 완료 (D)
[TradingView] Weekly 캡처 완료 (W)
[TradingView] Monthly 캡처 완료 (M)
[[NASDAQ/NYSE 차트분석]] SMCI 차트 5개 처리 완료
[TradingView] CAR 브라우저 세션 시작  (로그인 세션)...
[TradingView] 1H 캡처 완료 (60)
[TradingView] 4H 캡처 완료 (240)
[TradingView] Daily 캡처 완료 (D)
[TradingView] Weekly 캡처 완료 (W)
[TradingView] Monthly 캡처 완료 (M)
[[NASDAQ/NYSE 차트분석]] CAR 차트 5개 처리 완료
[TradingView] CRCL 브라우저 세션 시작  (로그인 세션)...
[TradingView] 1H 캡처 완료 (60)
[TradingView] 4H 캡처 완료 (240)
[TradingView] Daily 캡처 완료 (D)
[TradingView] Weekly 캡처 완료 (W)
[TradingView] Monthly 캡처 완료 (M)
[[NASDAQ/NYSE 차트분석]] CRCL 차트 5개 처리 완료
[TradingView] BSX 브라우저 세션 시작  (로그인 세션)...
[TradingView] 1H 캡처 완료 (60)
[TradingView] 4H 캡처 완료 (240)
[TradingView] Daily 캡처 완료 (D)
[TradingView] Weekly 캡처 완료 (W)
[TradingView] Monthly 캡처 완료 (M)
[[NASDAQ/NYSE 차트분석]] BSX 차트 5개 처리 완료
[TradingView] SOC 브라우저 세션 시작  (로그인 세션)...
[TradingView] 1H 캡처 완료 (60)
[TradingView] 4H 캡처 완료 (240)
[TradingView] Daily 캡처 완료 (D)
[TradingView] Weekly 캡처 완료 (W)
[TradingView] Monthly 캡처 완료 (M)
[[NASDAQ/NYSE 차트분석]] SOC 차트 5개 처리 완료
[TradingView] SBSW 브라우저 세션 시작  (로그인 세션)...
[TradingView] 1H 캡처 완료 (60)
[TradingView] 4H 캡처 완료 (240)
[TradingView] Daily 캡처 완료 (D)
[TradingView] Weekly 캡처 완료 (W)
[TradingView] Monthly 캡처 완료 (M)
[[NASDAQ/NYSE 차트분석]] SBSW 차트 5개 처리 완료
[TradingView] BMNR 브라우저 세션 시작  (로그인 세션)...
[TradingView] 1H 캡처 완료 (60)
[TradingView] 4H 캡처 완료 (240)
[TradingView] Daily 캡처 완료 (D)
[TradingView] Weekly 캡처 완료 (W)
[TradingView] Monthly 캡처 완료 (M)
[[NASDAQ/NYSE 차트분석]] BMNR 차트 5개 처리 완료
[TradingView] ACN 브라우저 세션 시작  (로그인 세션)...
[TradingView] 1H 캡처 완료 (60)
[TradingView] 4H 캡처 완료 (240)
[TradingView] Daily 캡처 완료 (D)
[TradingView] Weekly 캡처 완료 (W)
[TradingView] Monthly 캡처 완료 (M)
[[NASDAQ/NYSE 차트분석]] ACN 차트 5개 처리 완료
[TradingView] CTSH 브라우저 세션 시작  (로그인 세션)...
[TradingView] 1H 캡처 완료 (60)
[TradingView] 4H 캡처 완료 (240)
[TradingView] Daily 캡처 완료 (D)
[TradingView] Weekly 캡처 완료 (W)
[TradingView] Monthly 캡처 완료 (M)
[[NASDAQ/NYSE 차트분석]] CTSH 차트 5개 처리 완료
[TradingView] PRIM 브라우저 세션 시작  (로그인 세션)...
[TradingView] 1H 캡처 완료 (60)
[TradingView] 4H 캡처 완료 (240)
[TradingView] Daily 캡처 완료 (D)
[TradingView] Weekly 캡처 완료 (W)
[TradingView] Monthly 캡처 완료 (M)
[[NASDAQ/NYSE 차트분석]] PRIM 차트 5개 처리 완료
[TradingView] ACHR 브라우저 세션 시작  (로그인 세션)...
[TradingView] 1H 캡처 완료 (60)
[TradingView] 4H 캡처 완료 (240)
[TradingView] Daily 캡처 완료 (D)
[TradingView] Weekly 캡처 완료 (W)
[TradingView] Monthly 캡처 완료 (M)
[[NASDAQ/NYSE 차트분석]] ACHR 차트 5개 처리 완료
[TradingView] DXYZ 브라우저 세션 시작  (로그인 세션)...
[TradingView] 1H 캡처 완료 (60)
[TradingView] 4H 캡처 완료 (240)
[TradingView] Daily 캡처 완료 (D)
[TradingView] Weekly 캡처 완료 (W)
[TradingView] Monthly 캡처 완료 (M)
[[NASDAQ/NYSE 차트분석]] DXYZ 차트 5개 처리 완료
[TradingView] LI 브라우저 세션 시작  (로그인 세션)...
[TradingView] 1H 캡처 완료 (60)
[TradingView] 4H 캡처 완료 (240)
[TradingView] Daily 캡처 완료 (D)
[TradingView] Weekly 캡처 완료 (W)
[TradingView] Monthly 캡처 완료 (M)
[[NASDAQ/NYSE 차트분석]] LI 차트 5개 처리 완료
[TradingView] XPEV 브라우저 세션 시작  (로그인 세션)...
[TradingView] 1H 캡처 완료 (60)
[TradingView] 4H 캡처 완료 (240)
[TradingView] Daily 캡처 완료 (D)
[TradingView] Weekly 캡처 완료 (W)
[TradingView] Monthly 캡처 완료 (M)
[[NASDAQ/NYSE 차트분석]] XPEV 차트 5개 처리 완료
[TradingView] ZTS 브라우저 세션 시작  (로그인 세션)...
[TradingView] 1H 캡처 완료 (60)
[TradingView] 4H 캡처 완료 (240)
[TradingView] Daily 캡처 완료 (D)
[TradingView] Weekly 캡처 완료 (W)
[TradingView] Monthly 캡처 완료 (M)
[[NASDAQ/NYSE 차트분석]] ZTS 차트 5개 처리 완료
[TradingView] AI 브라우저 세션 시작  (로그인 세션)...
[TradingView] 1H 캡처 완료 (60)
[TradingView] 4H 캡처 완료 (240)
[TradingView] Daily 캡처 완료 (D)
[TradingView] Weekly 캡처 완료 (W)
[TradingView] Monthly 캡처 완료 (M)
[[NASDAQ/NYSE 차트분석]] AI 차트 5개 처리 완료
[TradingView] BBAI 브라우저 세션 시작  (로그인 세션)...
[TradingView] 1H 캡처 완료 (60)
[TradingView] 4H 캡처 완료 (240)
[TradingView] Daily 캡처 완료 (D)
[TradingView] Weekly 캡처 완료 (W)
[TradingView] Monthly 캡처 완료 (M)
[[NASDAQ/NYSE 차트분석]] BBAI 차트 5개 처리 완료
[TradingView] UWMC 브라우저 세션 시작  (로그인 세션)...
[TradingView] 1H 캡처 완료 (60)
[TradingView] 4H 캡처 완료 (240)
[TradingView] Daily 캡처 완료 (D)
[TradingView] Weekly 캡처 완료 (W)
[TradingView] Monthly 캡처 완료 (M)
[[NASDAQ/NYSE 차트분석]] UWMC 차트 5개 처리 완료
[TradingView] SIDU 브라우저 세션 시작  (로그인 세션)...
[TradingView] 1H 캡처 완료 (60)
[TradingView] 4H 캡처 완료 (240)
[TradingView] Daily 캡처 완료 (D)
[TradingView] Weekly 캡처 완료 (W)
[TradingView] Monthly 캡처 완료 (M)
[[NASDAQ/NYSE 차트분석]] SIDU 차트 5개 처리 완료
[TradingView] VXX 브라우저 세션 시작  (로그인 세션)...
[TradingView] 1H 캡처 완료 (60)
[TradingView] 4H 캡처 완료 (240)
[TradingView] Daily 캡처 완료 (D)
[TradingView] Weekly 캡처 완료 (W)
[TradingView] Monthly 캡처 완료 (M)
[[NASDAQ/NYSE 차트분석]] VXX 차트 5개 처리 완료
[TradingView] ASST 브라우저 세션 시작  (로그인 세션)...
[TradingView] 1H 캡처 완료 (60)
[TradingView] 4H 캡처 완료 (240)
[TradingView] Daily 캡처 완료 (D)
[TradingView] Weekly 캡처 완료 (W)
[TradingView] Monthly 캡처 완료 (M)
[[NASDAQ/NYSE 차트분석]] ASST 차트 5개 처리 완료
[TradingView] CNXC 브라우저 세션 시작  (로그인 세션)...
[TradingView] 1H 캡처 완료 (60)
[TradingView] 4H 캡처 완료 (240)
[TradingView] Daily 캡처 완료 (D)
[TradingView] Weekly 캡처 완료 (W)
[TradingView] Monthly 캡처 완료 (M)
[[NASDAQ/NYSE 차트분석]] CNXC 차트 5개 처리 완료
[TradingView] CSGP 브라우저 세션 시작  (로그인 세션)...
[TradingView] 1H 캡처 완료 (60)
[TradingView] 4H 캡처 완료 (240)
[TradingView] Daily 캡처 완료 (D)
[TradingView] Weekly 캡처 완료 (W)
[TradingView] Monthly 캡처 완료 (M)
[[NASDAQ/NYSE 차트분석]] CSGP 차트 5개 처리 완료
[TradingView] OKLO 브라우저 세션 시작  (로그인 세션)...
[TradingView] 1H 캡처 완료 (60)
[TradingView] 4H 캡처 완료 (240)
[TradingView] Daily 캡처 완료 (D)
[TradingView] Weekly 캡처 완료 (W)
[TradingView] Monthly 캡처 완료 (M)
[[NASDAQ/NYSE 차트분석]] OKLO 차트 5개 처리 완료
[TradingView] SMR 브라우저 세션 시작  (로그인 세션)...
[TradingView] 1H 캡처 완료 (60)
[TradingView] 4H 캡처 완료 (240)
[TradingView] Daily 캡처 완료 (D)
[TradingView] Weekly 캡처 완료 (W)
[TradingView] Monthly 캡처 완료 (M)
[[NASDAQ/NYSE 차트분석]] SMR 차트 5개 처리 완료
[TradingView] LWLG 브라우저 세션 시작  (로그인 세션)...
[TradingView] 1H 캡처 완료 (60)
[TradingView] 4H 캡처 완료 (240)
[TradingView] Daily 캡처 완료 (D)
[TradingView] Weekly 캡처 완료 (W)
[TradingView] Monthly 캡처 완료 (M)
[[NASDAQ/NYSE 차트분석]] LWLG 차트 5개 처리 완료
[TradingView] TMDX 브라우저 세션 시작  (로그인 세션)...
[TradingView] 1H 캡처 완료 (60)
[TradingView] 4H 캡처 완료 (240)
[TradingView] Daily 캡처 완료 (D)
[TradingView] Weekly 캡처 완료 (W)
[TradingView] Monthly 캡처 완료 (M)
[[NASDAQ/NYSE 차트분석]] TMDX 차트 5개 처리 완료
[TradingView] USAR 브라우저 세션 시작  (로그인 세션)...
[TradingView] 1H 캡처 완료 (60)
[TradingView] 4H 캡처 완료 (240)
[TradingView] Daily 캡처 완료 (D)
[TradingView] Weekly 캡처 완료 (W)
[TradingView] Monthly 캡처 완료 (M)
[[NASDAQ/NYSE 차트분석]] USAR 차트 5개 처리 완료
[[NASDAQ/NYSE 차트분석]] 차트 캡처 완료
[[NASDAQ/NYSE 차트분석]] GitHub에 차트 이미지 푸시 중...
[main e1dceeb] Update NASDAQ/NYSE chart screenshots 1783152877
 1470 files changed, 0 insertions(+), 0 deletions(-)
 delete mode 100644 charts/screenshots_nasdaq/AAL/AAL_1H_20260703_070646.png
 create mode 100644 charts/screenshots_nasdaq/AAL/AAL_1H_20260704_071055.png
 delete mode 100644 charts/screenshots_nasdaq/AAL/AAL_4H_20260703_070646.png
 create mode 100644 charts/screenshots_nasdaq/AAL/AAL_4H_20260704_071055.png
 delete mode 100644 charts/screenshots_nasdaq/AAL/AAL_Daily_20260703_070646.png
 create mode 100644 charts/screenshots_nasdaq/AAL/AAL_Daily_20260704_071055.png
 delete mode 100644 charts/screenshots_nasdaq/AAL/AAL_Monthly_20260703_070646.png
 create mode 100644 charts/screenshots_nasdaq/AAL/AAL_Monthly_20260704_071055.png
 delete mode 100644 charts/screenshots_nasdaq/AAL/AAL_Weekly_20260703_070646.png
 create mode 100644 charts/screenshots_nasdaq/AAL/AAL_Weekly_20260704_071055.png
 delete mode 100644 charts/screenshots_nasdaq/ABBV/ABBV_1H_20260703_073145.png
 create mode 100644 charts/screenshots_nasdaq/ABBV/ABBV_1H_20260704_072923.png
 delete mode 100644 charts/screenshots_nasdaq/ABBV/ABBV_4H_20260703_073145.png
 create mode 100644 charts/screenshots_nasdaq/ABBV/ABBV_4H_20260704_072923.png
 delete mode 100644 charts/screenshots_nasdaq/ABBV/ABBV_Daily_20260703_073145.png
 create mode 100644 charts/screenshots_nasdaq/ABBV/ABBV_Daily_20260704_072923.png
 delete mode 100644 charts/screenshots_nasdaq/ABBV/ABBV_Monthly_20260703_073145.png
 create mode 100644 charts/screenshots_nasdaq/ABBV/ABBV_Monthly_20260704_072923.png
 delete mode 100644 charts/screenshots_nasdaq/ABBV/ABBV_Weekly_20260703_073145.png
 create mode 100644 charts/screenshots_nasdaq/ABBV/ABBV_Weekly_20260704_072923.png
 delete mode 100644 charts/screenshots_nasdaq/ABCL/ABCL_1H_20260703_072827.png
 create mode 100644 charts/screenshots_nasdaq/ABCL/ABCL_1H_20260704_072327.png
 delete mode 100644 charts/screenshots_nasdaq/ABCL/ABCL_4H_20260703_072827.png
 create mode 100644 charts/screenshots_nasdaq/ABCL/ABCL_4H_20260704_072327.png
 delete mode 100644 charts/screenshots_nasdaq/ABCL/ABCL_Daily_20260703_072827.png
 create mode 100644 charts/screenshots_nasdaq/ABCL/ABCL_Daily_20260704_072327.png
 delete mode 100644 charts/screenshots_nasdaq/ABCL/ABCL_Monthly_20260703_072827.png
 create mode 100644 charts/screenshots_nasdaq/ABCL/ABCL_Monthly_20260704_072327.png
 delete mode 100644 charts/screenshots_nasdaq/ABCL/ABCL_Weekly_20260703_072827.png
 create mode 100644 charts/screenshots_nasdaq/ABCL/ABCL_Weekly_20260704_072327.png
 delete mode 100644 charts/screenshots_nasdaq/ABSI/ABSI_1H_20260703_064505.png
 create mode 100644 charts/screenshots_nasdaq/ABSI/ABSI_1H_20260704_064113.png
 delete mode 100644 charts/screenshots_nasdaq/ABSI/ABSI_4H_20260703_064505.png
 create mode 100644 charts/screenshots_nasdaq/ABSI/ABSI_4H_20260704_064113.png
 delete mode 100644 charts/screenshots_nasdaq/ABSI/ABSI_Daily_20260703_064505.png
 create mode 100644 charts/screenshots_nasdaq/ABSI/ABSI_Daily_20260704_064113.png
 delete mode 100644 charts/screenshots_nasdaq/ABSI/ABSI_Monthly_20260703_064505.png
 create mode 100644 charts/screenshots_nasdaq/ABSI/ABSI_Monthly_20260704_064113.png
 delete mode 100644 charts/screenshots_nasdaq/ABSI/ABSI_Weekly_20260703_064505.png
 create mode 100644 charts/screenshots_nasdaq/ABSI/ABSI_Weekly_20260704_064113.png
 delete mode 100644 charts/screenshots_nasdaq/ABVX/ABVX_1H_20260703_075127.png
 create mode 100644 charts/screenshots_nasdaq/ABVX/ABVX_1H_20260704_075112.png
 delete mode 100644 charts/screenshots_nasdaq/ABVX/ABVX_4H_20260703_075127.png
 create mode 100644 charts/screenshots_nasdaq/ABVX/ABVX_4H_20260704_075112.png
 delete mode 100644 charts/screenshots_nasdaq/ABVX/ABVX_Daily_20260703_075127.png
 create mode 100644 charts/screenshots_nasdaq/ABVX/ABVX_Daily_20260704_075112.png
 delete mode 100644 charts/screenshots_nasdaq/ABVX/ABVX_Monthly_20260703_075127.png
 create mode 100644 charts/screenshots_nasdaq/ABVX/ABVX_Monthly_20260704_075112.png
 delete mode 100644 charts/screenshots_nasdaq/ABVX/ABVX_Weekly_20260703_075127.png
 create mode 100644 charts/screenshots_nasdaq/ABVX/ABVX_Weekly_20260704_075112.png
 delete mode 100644 charts/screenshots_nasdaq/ACA/ACA_1H_20260703_063556.png
 create mode 100644 charts/screenshots_nasdaq/ACA/ACA_1H_20260704_063556.png
 delete mode 100644 charts/screenshots_nasdaq/ACA/ACA_4H_20260703_063556.png
 create mode 100644 charts/screenshots_nasdaq/ACA/ACA_4H_20260704_063556.png
 delete mode 100644 charts/screenshots_nasdaq/ACA/ACA_Daily_20260703_063556.png
 create mode 100644 charts/screenshots_nasdaq/ACA/ACA_Daily_20260704_063556.png
 delete mode 100644 charts/screenshots_nasdaq/ACA/ACA_Monthly_20260703_063556.png
 create mode 100644 charts/screenshots_nasdaq/ACA/ACA_Monthly_20260704_063556.png
 delete mode 100644 charts/screenshots_nasdaq/ACA/ACA_Weekly_20260703_063556.png
 create mode 100644 charts/screenshots_nasdaq/ACA/ACA_Weekly_20260704_063556.png
 delete mode 100644 charts/screenshots_nasdaq/ACGL/ACGL_1H_20260703_074334.png
 create mode 100644 charts/screenshots_nasdaq/ACGL/ACGL_1H_20260704_074155.png
 delete mode 100644 charts/screenshots_nasdaq/ACGL/ACGL_4H_20260703_074334.png
 create mode 100644 charts/screenshots_nasdaq/ACGL/ACGL_4H_20260704_074155.png
 delete mode 100644 charts/screenshots_nasdaq/ACGL/ACGL_Daily_20260703_074334.png
 create mode 100644 charts/screenshots_nasdaq/ACGL/ACGL_Daily_20260704_074155.png
 delete mode 100644 charts/screenshots_nasdaq/ACGL/ACGL_Monthly_20260703_074334.png
 create mode 100644 charts/screenshots_nasdaq/ACGL/ACGL_Monthly_20260704_074155.png
 delete mode 100644 charts/screenshots_nasdaq/ACGL/ACGL_Weekly_20260703_074334.png
 create mode 100644 charts/screenshots_nasdaq/ACGL/ACGL_Weekly_20260704_074155.png
 delete mode 100644 charts/screenshots_nasdaq/ACHC/ACHC_1H_20260703_073740.png
 create mode 100644 charts/screenshots_nasdaq/ACHC/ACHC_1H_20260704_064708.png
 delete mode 100644 charts/screenshots_nasdaq/ACHC/ACHC_4H_20260703_073740.png
 create mode 100644 charts/screenshots_nasdaq/ACHC/ACHC_4H_20260704_064708.png
 delete mode 100644 charts/screenshots_nasdaq/ACHC/ACHC_Daily_20260703_073740.png
 create mode 100644 charts/screenshots_nasdaq/ACHC/ACHC_Daily_20260704_064708.png
 delete mode 100644 charts/screenshots_nasdaq/ACHC/ACHC_Monthly_20260703_073740.png
 create mode 100644 charts/screenshots_nasdaq/ACHC/ACHC_Monthly_20260704_064708.png
 delete mode 100644 charts/screenshots_nasdaq/ACHC/ACHC_Weekly_20260703_073740.png
 create mode 100644 charts/screenshots_nasdaq/ACHC/ACHC_Weekly_20260704_064708.png
 delete mode 100644 charts/screenshots_nasdaq/ACHR/ACHR_1H_20260703_075841.png
 create mode 100644 charts/screenshots_nasdaq/ACHR/ACHR_1H_20260704_080227.png
 delete mode 100644 charts/screenshots_nasdaq/ACHR/ACHR_4H_20260703_075841.png
 create mode 100644 charts/screenshots_nasdaq/ACHR/ACHR_4H_20260704_080227.png
 delete mode 100644 charts/screenshots_nasdaq/ACHR/ACHR_Daily_20260703_075841.png
 create mode 100644 charts/screenshots_nasdaq/ACHR/ACHR_Daily_20260704_080227.png
 delete mode 100644 charts/screenshots_nasdaq/ACHR/ACHR_Monthly_20260703_075841.png
 create mode 100644 charts/screenshots_nasdaq/ACHR/ACHR_Monthly_20260704_080227.png
 delete mode 100644 charts/screenshots_nasdaq/ACHR/ACHR_Weekly_20260703_075841.png
 create mode 100644 charts/screenshots_nasdaq/ACHR/ACHR_Weekly_20260704_080227.png
 delete mode 100644 charts/screenshots_nasdaq/ACIW/ACIW_1H_20260703_072551.png
 create mode 100644 charts/screenshots_nasdaq/ACIW/ACIW_1H_20260704_072009.png
 delete mode 100644 charts/screenshots_nasdaq/ACIW/ACIW_4H_20260703_072551.png
 create mode 100644 charts/screenshots_nasdaq/ACIW/ACIW_4H_20260704_072009.png
 delete mode 100644 charts/screenshots_nasdaq/ACIW/ACIW_Daily_20260703_072551.png
 create mode 100644 charts/screenshots_nasdaq/ACIW/ACIW_Daily_20260704_072009.png
 delete mode 100644 charts/screenshots_nasdaq/ACIW/ACIW_Monthly_20260703_072551.png
 create mode 100644 charts/screenshots_nasdaq/ACIW/ACIW_Monthly_20260704_072009.png
 delete mode 100644 charts/screenshots_nasdaq/ACIW/ACIW_Weekly_20260703_072551.png
 create mode 100644 charts/screenshots_nasdaq/ACIW/ACIW_Weekly_20260704_072009.png
 delete mode 100644 charts/screenshots_nasdaq/ACN/ACN_1H_20260703_080000.png
 create mode 100644 charts/screenshots_nasdaq/ACN/ACN_1H_20260704_080027.png
 delete mode 100644 charts/screenshots_nasdaq/ACN/ACN_4H_20260703_080000.png
 create mode 100644 charts/screenshots_nasdaq/ACN/ACN_4H_20260704_080027.png
 delete mode 100644 charts/screenshots_nasdaq/ACN/ACN_Daily_20260703_080000.png
 create mode 100644 charts/screenshots_nasdaq/ACN/ACN_Daily_20260704_080027.png
 delete mode 100644 charts/screenshots_nasdaq/ACN/ACN_Monthly_20260703_080000.png
 create mode 100644 charts/screenshots_nasdaq/ACN/ACN_Monthly_20260704_080027.png
 delete mode 100644 charts/screenshots_nasdaq/ACN/ACN_Weekly_20260703_080000.png
 create mode 100644 charts/screenshots_nasdaq/ACN/ACN_Weekly_20260704_080027.png
 delete mode 100644 charts/screenshots_nasdaq/AHR/AHR_1H_20260703_071241.png
 create mode 100644 charts/screenshots_nasdaq/AHR/AHR_1H_20260704_071930.png
 delete mode 100644 charts/screenshots_nasdaq/AHR/AHR_4H_20260703_071241.png
 create mode 100644 charts/screenshots_nasdaq/AHR/AHR_4H_20260704_071930.png
 delete mode 100644 charts/screenshots_nasdaq/AHR/AHR_Daily_20260703_071241.png
 create mode 100644 charts/screenshots_nasdaq/AHR/AHR_Daily_20260704_071930.png
 delete mode 100644 charts/screenshots_nasdaq/AHR/AHR_Monthly_20260703_071241.png
 create mode 100644 charts/screenshots_nasdaq/AHR/AHR_Monthly_20260704_071930.png
 delete mode 100644 charts/screenshots_nasdaq/AHR/AHR_Weekly_20260703_071241.png
 create mode 100644 charts/screenshots_nasdaq/AHR/AHR_Weekly_20260704_071930.png
 delete mode 100644 charts/screenshots_nasdaq/AI/AI_1H_20260703_080755.png
 create mode 100644 charts/screenshots_nasdaq/AI/AI_1H_20260704_080545.png
 delete mode 100644 charts/screenshots_nasdaq/AI/AI_4H_20260703_080755.png
 create mode 100644 charts/screenshots_nasdaq/AI/AI_4H_20260704_080545.png
 delete mode 100644 charts/screenshots_nasdaq/AI/AI_Daily_20260703_080755.png
 create mode 100644 charts/screenshots_nasdaq/AI/AI_Daily_20260704_080545.png
 delete mode 100644 charts/screenshots_nasdaq/AI/AI_Monthly_20260703_080755.png
 create mode 100644 charts/screenshots_nasdaq/AI/AI_Monthly_20260704_080545.png
 delete mode 100644 charts/screenshots_nasdaq/AI/AI_Weekly_20260703_080755.png
 create mode 100644 charts/screenshots_nasdaq/AI/AI_Weekly_20260704_080545.png
 delete mode 100644 charts/screenshots_nasdaq/AIR/AIR_1H_20260703_064030.png
 create mode 100644 charts/screenshots_nasdaq/AIR/AIR_1H_20260704_064349.png
 delete mode 100644 charts/screenshots_nasdaq/AIR/AIR_4H_20260703_064030.png
 create mode 100644 charts/screenshots_nasdaq/AIR/AIR_4H_20260704_064349.png
 delete mode 100644 charts/screenshots_nasdaq/AIR/AIR_Daily_20260703_064030.png
 create mode 100644 charts/screenshots_nasdaq/AIR/AIR_Daily_20260704_064349.png
 delete mode 100644 charts/screenshots_nasdaq/AIR/AIR_Monthly_20260703_064030.png
 create mode 100644 charts/screenshots_nasdaq/AIR/AIR_Monthly_20260704_064349.png
 delete mode 100644 charts/screenshots_nasdaq/AIR/AIR_Weekly_20260703_064030.png
 create mode 100644 charts/screenshots_nasdaq/AIR/AIR_Weekly_20260704_064349.png
 delete mode 100644 charts/screenshots_nasdaq/ALGT/ALGT_1H_20260703_070726.png
 create mode 100644 charts/screenshots_nasdaq/ALGT/ALGT_1H_20260704_071135.png
 delete mode 100644 charts/screenshots_nasdaq/ALGT/ALGT_4H_20260703_070726.png
 create mode 100644 charts/screenshots_nasdaq/ALGT/ALGT_4H_20260704_071135.png
 delete mode 100644 charts/screenshots_nasdaq/ALGT/ALGT_Daily_20260703_070726.png
 create mode 100644 charts/screenshots_nasdaq/ALGT/ALGT_Daily_20260704_071135.png
 delete mode 100644 charts/screenshots_nasdaq/ALGT/ALGT_Monthly_20260703_070726.png
 create mode 100644 charts/screenshots_nasdaq/ALGT/ALGT_Monthly_20260704_071135.png
 delete mode 100644 charts/screenshots_nasdaq/ALGT/ALGT_Weekly_20260703_070726.png
 create mode 100644 charts/screenshots_nasdaq/ALGT/ALGT_Weekly_20260704_071135.png
 delete mode 100644 charts/screenshots_nasdaq/ALHC/ALHC_1H_20260703_065456.png
 create mode 100644 charts/screenshots_nasdaq/ALHC/ALHC_1H_20260704_064429.png
 delete mode 100644 charts/screenshots_nasdaq/ALHC/ALHC_4H_20260703_065456.png
 create mode 100644 charts/screenshots_nasdaq/ALHC/ALHC_4H_20260704_064429.png
 delete mode 100644 charts/screenshots_nasdaq/ALHC/ALHC_Daily_20260703_065456.png
 create mode 100644 charts/screenshots_nasdaq/ALHC/ALHC_Daily_20260704_064429.png
 delete mode 100644 charts/screenshots_nasdaq/ALHC/ALHC_Monthly_20260703_065456.png
 create mode 100644 charts/screenshots_nasdaq/ALHC/ALHC_Monthly_20260704_064429.png
 delete mode 100644 charts/screenshots_nasdaq/ALHC/ALHC_Weekly_20260703_065456.png
 create mode 100644 charts/screenshots_nasdaq/ALHC/ALHC_Weekly_20260704_064429.png
 delete mode 100644 charts/screenshots_nasdaq/ALKS/ALKS_1H_20260703_071320.png
 create mode 100644 charts/screenshots_nasdaq/ALKS/ALKS_1H_20260704_070419.png
 delete mode 100644 charts/screenshots_nasdaq/ALKS/ALKS_4H_20260703_071320.png
 create mode 100644 charts/screenshots_nasdaq/ALKS/ALKS_4H_20260704_070419.png
 delete mode 100644 charts/screenshots_nasdaq/ALKS/ALKS_Daily_20260703_071320.png
 create mode 100644 charts/screenshots_nasdaq/ALKS/ALKS_Daily_20260704_070419.png
 delete mode 100644 charts/screenshots_nasdaq/ALKS/ALKS_Monthly_20260703_071320.png
 create mode 100644 charts/screenshots_nasdaq/ALKS/ALKS_Monthly_20260704_070419.png
 delete mode 100644 charts/screenshots_nasdaq/ALKS/ALKS_Weekly_20260703_071320.png
 create mode 100644 charts/screenshots_nasdaq/ALKS/ALKS_Weekly_20260704_070419.png
 delete mode 100644 charts/screenshots_nasdaq/ALL/ALL_1H_20260703_073224.png
 create mode 100644 charts/screenshots_nasdaq/ALL/ALL_1H_20260704_070139.png
 delete mode 100644 charts/screenshots_nasdaq/ALL/ALL_4H_20260703_073224.png
 create mode 100644 charts/screenshots_nasdaq/ALL/ALL_4H_20260704_070139.png
 delete mode 100644 charts/screenshots_nasdaq/ALL/ALL_Daily_20260703_073224.png
 create mode 100644 charts/screenshots_nasdaq/ALL/ALL_Daily_20260704_070139.png
 delete mode 100644 charts/screenshots_nasdaq/ALL/ALL_Monthly_20260703_073224.png
 create mode 100644 charts/screenshots_nasdaq/ALL/ALL_Monthly_20260704_070139.png
 delete mode 100644 charts/screenshots_nasdaq/ALL/ALL_Weekly_20260703_073224.png
 create mode 100644 charts/screenshots_nasdaq/ALL/ALL_Weekly_20260704_070139.png
 delete mode 100644 charts/screenshots_nasdaq/APGE/APGE_1H_20260703_071359.png
 create mode 100644 charts/screenshots_nasdaq/APGE/APGE_1H_20260704_070458.png
 delete mode 100644 charts/screenshots_nasdaq/APGE/APGE_4H_20260703_071359.png
 create mode 100644 charts/screenshots_nasdaq/APGE/APGE_4H_20260704_070458.png
 delete mode 100644 charts/screenshots_nasdaq/APGE/APGE_Daily_20260703_071359.png
 create mode 100644 charts/screenshots_nasdaq/APGE/APGE_Daily_20260704_070458.png
 delete mode 100644 charts/screenshots_nasdaq/APGE/APGE_Monthly_20260703_071359.png
 create mode 100644 charts/screenshots_nasdaq/APGE/APGE_Monthly_20260704_070458.png
 delete mode 100644 charts/screenshots_nasdaq/APGE/APGE_Weekly_20260703_071359.png
 create mode 100644 charts/screenshots_nasdaq/APGE/APGE_Weekly_20260704_070458.png
 delete mode 100644 charts/screenshots_nasdaq/ASH/ASH_1H_20260703_070329.png
 create mode 100644 charts/screenshots_nasdaq/ASH/ASH_1H_20260704_070340.png
 delete mode 100644 charts/screenshots_nasdaq/ASH/ASH_4H_20260703_070329.png
 create mode 100644 charts/screenshots_nasdaq/ASH/ASH_4H_20260704_070340.png
 delete mode 100644 charts/screenshots_nasdaq/ASH/ASH_Daily_20260703_070329.png
 create mode 100644 charts/screenshots_nasdaq/ASH/ASH_Daily_20260704_070340.png
 delete mode 100644 charts/screenshots_nasdaq/ASH/ASH_Monthly_20260703_070329.png
 create mode 100644 charts/screenshots_nasdaq/ASH/ASH_Monthly_20260704_070340.png
 delete mode 100644 charts/screenshots_nasdaq/ASH/ASH_Weekly_20260703_070329.png
 create mode 100644 charts/screenshots_nasdaq/ASH/ASH_Weekly_20260704_070340.png
 delete mode 100644 charts/screenshots_nasdaq/ASND/ASND_1H_20260703_071717.png
 create mode 100644 charts/screenshots_nasdaq/ASND/ASND_1H_20260704_071214.png
 delete mode 100644 charts/screenshots_nasdaq/ASND/ASND_4H_20260703_071717.png
 create mode 100644 charts/screenshots_nasdaq/ASND/ASND_4H_20260704_071214.png
 delete mode 100644 charts/screenshots_nasdaq/ASND/ASND_Daily_20260703_071717.png
 create mode 100644 charts/screenshots_nasdaq/ASND/ASND_Daily_20260704_071214.png
 delete mode 100644 charts/screenshots_nasdaq/ASND/ASND_Monthly_20260703_071717.png
 create mode 100644 charts/screenshots_nasdaq/ASND/ASND_Monthly_20260704_071214.png
 delete mode 100644 charts/screenshots_nasdaq/ASND/ASND_Weekly_20260703_071717.png
 create mode 100644 charts/screenshots_nasdaq/ASND/ASND_Weekly_20260704_071214.png
 create mode 100644 charts/screenshots_nasdaq/ASST/ASST_1H_20260704_080904.png
 create mode 100644 charts/screenshots_nasdaq/ASST/ASST_4H_20260704_080904.png
 create mode 100644 charts/screenshots_nasdaq/ASST/ASST_Daily_20260704_080904.png
 create mode 100644 charts/screenshots_nasdaq/ASST/ASST_Monthly_20260704_080904.png
 create mode 100644 charts/screenshots_nasdaq/ASST/ASST_Weekly_20260704_080904.png
 delete mode 100644 charts/screenshots_nasdaq/ATEX/ATEX_1H_20260703_074453.png
 create mode 100644 charts/screenshots_nasdaq/ATEX/ATEX_1H_20260704_074235.png
 delete mode 100644 charts/screenshots_nasdaq/ATEX/ATEX_4H_20260703_074453.png
 create mode 100644 charts/screenshots_nasdaq/ATEX/ATEX_4H_20260704_074235.png
 delete mode 100644 charts/screenshots_nasdaq/ATEX/ATEX_Daily_20260703_074453.png
 create mode 100644 charts/screenshots_nasdaq/ATEX/ATEX_Daily_20260704_074235.png
 delete mode 100644 charts/screenshots_nasdaq/ATEX/ATEX_Monthly_20260703_074453.png
 create mode 100644 charts/screenshots_nasdaq/ATEX/ATEX_Monthly_20260704_074235.png
 delete mode 100644 charts/screenshots_nasdaq/ATEX/ATEX_Weekly_20260703_074453.png
 create mode 100644 charts/screenshots_nasdaq/ATEX/ATEX_Weekly_20260704_074235.png
 delete mode 100644 charts/screenshots_nasdaq/AXS/AXS_1H_20260703_070052.png
 create mode 100644 charts/screenshots_nasdaq/AXS/AXS_1H_20260704_070219.png
 delete mode 100644 charts/screenshots_nasdaq/AXS/AXS_4H_20260703_070052.png
 create mode 100644 charts/screenshots_nasdaq/AXS/AXS_4H_20260704_070219.png
 delete mode 100644 charts/screenshots_nasdaq/AXS/AXS_Daily_20260703_070052.png
 create mode 100644 charts/screenshots_nasdaq/AXS/AXS_Daily_20260704_070219.png
 delete mode 100644 charts/screenshots_nasdaq/AXS/AXS_Monthly_20260703_070052.png
 create mode 100644 charts/screenshots_nasdaq/AXS/AXS_Monthly_20260704_070219.png
 delete mode 100644 charts/screenshots_nasdaq/AXS/AXS_Weekly_20260703_070052.png
 create mode 100644 charts/screenshots_nasdaq/AXS/AXS_Weekly_20260704_070219.png
 delete mode 100644 charts/screenshots_nasdaq/BAP/BAP_1H_20260703_072630.png
 create mode 100644 charts/screenshots_nasdaq/BAP/BAP_1H_20260704_072049.png
 delete mode 100644 charts/screenshots_nasdaq/BAP/BAP_4H_20260703_072630.png
 create mode 100644 charts/screenshots_nasdaq/BAP/BAP_4H_20260704_072049.png
 delete mode 100644 charts/screenshots_nasdaq/BAP/BAP_Daily_20260703_072630.png
 create mode 100644 charts/screenshots_nasdaq/BAP/BAP_Daily_20260704_072049.png
 delete mode 100644 charts/screenshots_nasdaq/BAP/BAP_Monthly_20260703_072630.png
 create mode 100644 charts/screenshots_nasdaq/BAP/BAP_Monthly_20260704_072049.png
 delete mode 100644 charts/screenshots_nasdaq/BAP/BAP_Weekly_20260703_072630.png
 create mode 100644 charts/screenshots_nasdaq/BAP/BAP_Weekly_20260704_072049.png
 delete mode 100644 charts/screenshots_nasdaq/BBAI/BBAI_1H_20260703_080834.png
 create mode 100644 charts/screenshots_nasdaq/BBAI/BBAI_1H_20260704_080624.png
 delete mode 100644 charts/screenshots_nasdaq/BBAI/BBAI_4H_20260703_080834.png
 create mode 100644 charts/screenshots_nasdaq/BBAI/BBAI_4H_20260704_080624.png
 delete mode 100644 charts/screenshots_nasdaq/BBAI/BBAI_Daily_20260703_080834.png
 create mode 100644 charts/screenshots_nasdaq/BBAI/BBAI_Daily_20260704_080624.png
 delete mode 100644 charts/screenshots_nasdaq/BBAI/BBAI_Monthly_20260703_080834.png
 create mode 100644 charts/screenshots_nasdaq/BBAI/BBAI_Monthly_20260704_080624.png
 delete mode 100644 charts/screenshots_nasdaq/BBAI/BBAI_Weekly_20260703_080834.png
 create mode 100644 charts/screenshots_nasdaq/BBAI/BBAI_Weekly_20260704_080624.png
 delete mode 100644 charts/screenshots_nasdaq/BCRX/BCRX_1H_20260703_072313.png
 create mode 100644 charts/screenshots_nasdaq/BCRX/BCRX_1H_20260704_071732.png
 delete mode 100644 charts/screenshots_nasdaq/BCRX/BCRX_4H_20260703_072313.png
 create mode 100644 charts/screenshots_nasdaq/BCRX/BCRX_4H_20260704_071732.png
 delete mode 100644 charts/screenshots_nasdaq/BCRX/BCRX_Daily_20260703_072313.png
 create mode 100644 charts/screenshots_nasdaq/BCRX/BCRX_Daily_20260704_071732.png
 delete mode 100644 charts/screenshots_nasdaq/BCRX/BCRX_Monthly_20260703_072313.png
 create mode 100644 charts/screenshots_nasdaq/BCRX/BCRX_Monthly_20260704_071732.png
 delete mode 100644 charts/screenshots_nasdaq/BCRX/BCRX_Weekly_20260703_072313.png
 create mode 100644 charts/screenshots_nasdaq/BCRX/BCRX_Weekly_20260704_071732.png
 delete mode 100644 charts/screenshots_nasdaq/BMNR/BMNR_1H_20260703_075920.png
 create mode 100644 charts/screenshots_nasdaq/BMNR/BMNR_1H_20260704_075948.png
 delete mode 100644 charts/screenshots_nasdaq/BMNR/BMNR_4H_20260703_075920.png
 create mode 100644 charts/screenshots_nasdaq/BMNR/BMNR_4H_20260704_075948.png
 delete mode 100644 charts/screenshots_nasdaq/BMNR/BMNR_Daily_20260703_075920.png
 create mode 100644 charts/screenshots_nasdaq/BMNR/BMNR_Daily_20260704_075948.png
 delete mode 100644 charts/screenshots_nasdaq/BMNR/BMNR_Monthly_20260703_075920.png
 create mode 100644 charts/screenshots_nasdaq/BMNR/BMNR_Monthly_20260704_075948.png
 delete mode 100644 charts/screenshots_nasdaq/BMNR/BMNR_Weekly_20260703_075920.png
 create mode 100644 charts/screenshots_nasdaq/BMNR/BMNR_Weekly_20260704_075948.png
 create mode 100644 charts/screenshots_nasdaq/BSX/BSX_1H_20260704_075749.png
 create mode 100644 charts/screenshots_nasdaq/BSX/BSX_4H_20260704_075749.png
 create mode 100644 charts/screenshots_nasdaq/BSX/BSX_Daily_20260704_075749.png
 create mode 100644 charts/screenshots_nasdaq/BSX/BSX_Monthly_20260704_075749.png
 create mode 100644 charts/screenshots_nasdaq/BSX/BSX_Weekly_20260704_075749.png
 delete mode 100644 charts/screenshots_nasdaq/BTSG/BTSG_1H_20260703_064228.png
 create mode 100644 charts/screenshots_nasdaq/BTSG/BTSG_1H_20260704_063915.png
 delete mode 100644 charts/screenshots_nasdaq/BTSG/BTSG_4H_20260703_064228.png
 create mode 100644 charts/screenshots_nasdaq/BTSG/BTSG_4H_20260704_063915.png
 delete mode 100644 charts/screenshots_nasdaq/BTSG/BTSG_Daily_20260703_064228.png
 create mode 100644 charts/screenshots_nasdaq/BTSG/BTSG_Daily_20260704_063915.png
 delete mode 100644 charts/screenshots_nasdaq/BTSG/BTSG_Monthly_20260703_064228.png
 create mode 100644 charts/screenshots_nasdaq/BTSG/BTSG_Monthly_20260704_063915.png
 delete mode 100644 charts/screenshots_nasdaq/BTSG/BTSG_Weekly_20260703_064228.png
 create mode 100644 charts/screenshots_nasdaq/BTSG/BTSG_Weekly_20260704_063915.png
 create mode 100644 charts/screenshots_nasdaq/BULL/BULL_1H_20260704_074834.png
 create mode 100644 charts/screenshots_nasdaq/BULL/BULL_4H_20260704_074834.png
 create mode 100644 charts/screenshots_nasdaq/BULL/BULL_Daily_20260704_074834.png
 create mode 100644 charts/screenshots_nasdaq/BULL/BULL_Monthly_20260704_074834.png
 create mode 100644 charts/screenshots_nasdaq/BULL/BULL_Weekly_20260704_074834.png
 delete mode 100644 charts/screenshots_nasdaq/CACC/CACC_1H_20260703_073820.png
 create mode 100644 charts/screenshots_nasdaq/CACC/CACC_1H_20260704_073202.png
 delete mode 100644 charts/screenshots_nasdaq/CACC/CACC_4H_20260703_073820.png
 create mode 100644 charts/screenshots_nasdaq/CACC/CACC_4H_20260704_073202.png
 delete mode 100644 charts/screenshots_nasdaq/CACC/CACC_Daily_20260703_073820.png
 create mode 100644 charts/screenshots_nasdaq/CACC/CACC_Daily_20260704_073202.png
 delete mode 100644 charts/screenshots_nasdaq/CACC/CACC_Monthly_20260703_073820.png
 create mode 100644 charts/screenshots_nasdaq/CACC/CACC_Monthly_20260704_073202.png
 delete mode 100644 charts/screenshots_nasdaq/CACC/CACC_Weekly_20260703_073820.png
 create mode 100644 charts/screenshots_nasdaq/CACC/CACC_Weekly_20260704_073202.png
 delete mode 100644 charts/screenshots_nasdaq/CAH/CAH_1H_20260703_071439.png
 create mode 100644 charts/screenshots_nasdaq/CAH/CAH_1H_20260704_070538.png
 delete mode 100644 charts/screenshots_nasdaq/CAH/CAH_4H_20260703_071439.png
 create mode 100644 charts/screenshots_nasdaq/CAH/CAH_4H_20260704_070538.png
 delete mode 100644 charts/screenshots_nasdaq/CAH/CAH_Daily_20260703_071439.png
 create mode 100644 charts/screenshots_nasdaq/CAH/CAH_Daily_20260704_070538.png
 delete mode 100644 charts/screenshots_nasdaq/CAH/CAH_Monthly_20260703_071439.png
 create mode 100644 charts/screenshots_nasdaq/CAH/CAH_Monthly_20260704_070538.png
 delete mode 100644 charts/screenshots_nasdaq/CAH/CAH_Weekly_20260703_071439.png
 create mode 100644 charts/screenshots_nasdaq/CAH/CAH_Weekly_20260704_070538.png
 delete mode 100644 charts/screenshots_nasdaq/CAKE/CAKE_1H_20260703_065536.png
 create mode 100644 charts/screenshots_nasdaq/CAKE/CAKE_1H_20260704_064509.png
 delete mode 100644 charts/screenshots_nasdaq/CAKE/CAKE_4H_20260703_065536.png
 create mode 100644 charts/screenshots_nasdaq/CAKE/CAKE_4H_20260704_064509.png
 delete mode 100644 charts/screenshots_nasdaq/CAKE/CAKE_Daily_20260703_065536.png
 create mode 100644 charts/screenshots_nasdaq/CAKE/CAKE_Daily_20260704_064509.png
 delete mode 100644 charts/screenshots_nasdaq/CAKE/CAKE_Monthly_20260703_065536.png
 create mode 100644 charts/screenshots_nasdaq/CAKE/CAKE_Monthly_20260704_064509.png
 delete mode 100644 charts/screenshots_nasdaq/CAKE/CAKE_Weekly_20260703_065536.png
 create mode 100644 charts/screenshots_nasdaq/CAKE/CAKE_Weekly_20260704_064509.png
 delete mode 100644 charts/screenshots_nasdaq/CAR/CAR_1H_20260703_075524.png
 create mode 100644 charts/screenshots_nasdaq/CAR/CAR_1H_20260704_075629.png
 delete mode 100644 charts/screenshots_nasdaq/CAR/CAR_4H_20260703_075524.png
 create mode 100644 charts/screenshots_nasdaq/CAR/CAR_4H_20260704_075629.png
 delete mode 100644 charts/screenshots_nasdaq/CAR/CAR_Daily_20260703_075524.png
 create mode 100644 charts/screenshots_nasdaq/CAR/CAR_Daily_20260704_075629.png
 delete mode 100644 charts/screenshots_nasdaq/CAR/CAR_Monthly_20260703_075524.png
 create mode 100644 charts/screenshots_nasdaq/CAR/CAR_Monthly_20260704_075629.png
 delete mode 100644 charts/screenshots_nasdaq/CAR/CAR_Weekly_20260703_075524.png
 create mode 100644 charts/screenshots_nasdaq/CAR/CAR_Weekly_20260704_075629.png
 delete mode 100644 charts/screenshots_nasdaq/CB/CB_1H_20260703_072352.png
 create mode 100644 charts/screenshots_nasdaq/CB/CB_1H_20260704_071851.png
 delete mode 100644 charts/screenshots_nasdaq/CB/CB_4H_20260703_072352.png
 create mode 100644 charts/screenshots_nasdaq/CB/CB_4H_20260704_071851.png
 delete mode 100644 charts/screenshots_nasdaq/CB/CB_Daily_20260703_072352.png
 create mode 100644 charts/screenshots_nasdaq/CB/CB_Daily_20260704_071851.png
 delete mode 100644 charts/screenshots_nasdaq/CB/CB_Monthly_20260703_072352.png
 create mode 100644 charts/screenshots_nasdaq/CB/CB_Monthly_20260704_071851.png
 delete mode 100644 charts/screenshots_nasdaq/CB/CB_Weekly_20260703_072352.png
 create mode 100644 charts/screenshots_nasdaq/CB/CB_Weekly_20260704_071851.png
 delete mode 100644 charts/screenshots_nasdaq/CHEF/CHEF_1H_20260703_065219.png
 create mode 100644 charts/screenshots_nasdaq/CHEF/CHEF_1H_20260704_064152.png
 delete mode 100644 charts/screenshots_nasdaq/CHEF/CHEF_4H_20260703_065219.png
 create mode 100644 charts/screenshots_nasdaq/CHEF/CHEF_4H_20260704_064152.png
 delete mode 100644 charts/screenshots_nasdaq/CHEF/CHEF_Daily_20260703_065219.png
 create mode 100644 charts/screenshots_nasdaq/CHEF/CHEF_Daily_20260704_064152.png
 delete mode 100644 charts/screenshots_nasdaq/CHEF/CHEF_Monthly_20260703_065219.png
 create mode 100644 charts/screenshots_nasdaq/CHEF/CHEF_Monthly_20260704_064152.png
 delete mode 100644 charts/screenshots_nasdaq/CHEF/CHEF_Weekly_20260703_065219.png
 create mode 100644 charts/screenshots_nasdaq/CHEF/CHEF_Weekly_20260704_064152.png
 delete mode 100644 charts/screenshots_nasdaq/CINF/CINF_1H_20260703_073502.png
 create mode 100644 charts/screenshots_nasdaq/CINF/CINF_1H_20260704_073003.png
 delete mode 100644 charts/screenshots_nasdaq/CINF/CINF_4H_20260703_073502.png
 create mode 100644 charts/screenshots_nasdaq/CINF/CINF_4H_20260704_073003.png
 delete mode 100644 charts/screenshots_nasdaq/CINF/CINF_Daily_20260703_073502.png
 create mode 100644 charts/screenshots_nasdaq/CINF/CINF_Daily_20260704_073003.png
 delete mode 100644 charts/screenshots_nasdaq/CINF/CINF_Monthly_20260703_073502.png
 create mode 100644 charts/screenshots_nasdaq/CINF/CINF_Monthly_20260704_073003.png
 delete mode 100644 charts/screenshots_nasdaq/CINF/CINF_Weekly_20260703_073502.png
 create mode 100644 charts/screenshots_nasdaq/CINF/CINF_Weekly_20260704_073003.png
 create mode 100644 charts/screenshots_nasdaq/CNXC/CNXC_1H_20260704_080945.png
 create mode 100644 charts/screenshots_nasdaq/CNXC/CNXC_4H_20260704_080945.png
 create mode 100644 charts/screenshots_nasdaq/CNXC/CNXC_Daily_20260704_080945.png
 create mode 100644 charts/screenshots_nasdaq/CNXC/CNXC_Monthly_20260704_080945.png
 create mode 100644 charts/screenshots_nasdaq/CNXC/CNXC_Weekly_20260704_080945.png
 delete mode 100644 charts/screenshots_nasdaq/CORT/CORT_1H_20260703_072114.png
 create mode 100644 charts/screenshots_nasdaq/CORT/CORT_1H_20260704_071613.png
 delete mode 100644 charts/screenshots_nasdaq/CORT/CORT_4H_20260703_072114.png
 create mode 100644 charts/screenshots_nasdaq/CORT/CORT_4H_20260704_071613.png
 delete mode 100644 charts/screenshots_nasdaq/CORT/CORT_Daily_20260703_072114.png
 create mode 100644 charts/screenshots_nasdaq/CORT/CORT_Daily_20260704_071613.png
 delete mode 100644 charts/screenshots_nasdaq/CORT/CORT_Monthly_20260703_072114.png
 create mode 100644 charts/screenshots_nasdaq/CORT/CORT_Monthly_20260704_071613.png
 delete mode 100644 charts/screenshots_nasdaq/CORT/CORT_Weekly_20260703_072114.png
 create mode 100644 charts/screenshots_nasdaq/CORT/CORT_Weekly_20260704_071613.png
 delete mode 100644 charts/screenshots_nasdaq/CRCL/CRCL_1H_20260703_075642.png
 create mode 100644 charts/screenshots_nasdaq/CRCL/CRCL_1H_20260704_075709.png
 delete mode 100644 charts/screenshots_nasdaq/CRCL/CRCL_4H_20260703_075642.png
 create mode 100644 charts/screenshots_nasdaq/CRCL/CRCL_4H_20260704_075709.png
 delete mode 100644 charts/screenshots_nasdaq/CRCL/CRCL_Daily_20260703_075642.png
 create mode 100644 charts/screenshots_nasdaq/CRCL/CRCL_Daily_20260704_075709.png
 delete mode 100644 charts/screenshots_nasdaq/CRCL/CRCL_Monthly_20260703_075642.png
 create mode 100644 charts/screenshots_nasdaq/CRCL/CRCL_Monthly_20260704_075709.png
 delete mode 100644 charts/screenshots_nasdaq/CRCL/CRCL_Weekly_20260703_075642.png
 create mode 100644 charts/screenshots_nasdaq/CRCL/CRCL_Weekly_20260704_075709.png
 delete mode 100644 charts/screenshots_nasdaq/CRL/CRL_1H_20260703_073859.png
 create mode 100644 charts/screenshots_nasdaq/CRL/CRL_1H_20260704_073321.png
 delete mode 100644 charts/screenshots_nasdaq/CRL/CRL_4H_20260703_073859.png
 create mode 100644 charts/screenshots_nasdaq/CRL/CRL_4H_20260704_073321.png
 delete mode 100644 charts/screenshots_nasdaq/CRL/CRL_Daily_20260703_073859.png
 create mode 100644 charts/screenshots_nasdaq/CRL/CRL_Daily_20260704_073321.png
 delete mode 100644 charts/screenshots_nasdaq/CRL/CRL_Monthly_20260703_073859.png
 create mode 100644 charts/screenshots_nasdaq/CRL/CRL_Monthly_20260704_073321.png
 delete mode 100644 charts/screenshots_nasdaq/CRL/CRL_Weekly_20260703_073859.png
 create mode 100644 charts/screenshots_nasdaq/CRL/CRL_Weekly_20260704_073321.png
 delete mode 100644 charts/screenshots_nasdaq/CRWV/CRWV_1H_20260703_075405.png
 create mode 100644 charts/screenshots_nasdaq/CRWV/CRWV_1H_20260704_075510.png
 delete mode 100644 charts/screenshots_nasdaq/CRWV/CRWV_4H_20260703_075405.png
 create mode 100644 charts/screenshots_nasdaq/CRWV/CRWV_4H_20260704_075510.png
 delete mode 100644 charts/screenshots_nasdaq/CRWV/CRWV_Daily_20260703_075405.png
 create mode 100644 charts/screenshots_nasdaq/CRWV/CRWV_Daily_20260704_075510.png
 delete mode 100644 charts/screenshots_nasdaq/CRWV/CRWV_Monthly_20260703_075405.png
 create mode 100644 charts/screenshots_nasdaq/CRWV/CRWV_Monthly_20260704_075510.png
 delete mode 100644 charts/screenshots_nasdaq/CRWV/CRWV_Weekly_20260703_075405.png
 create mode 100644 charts/screenshots_nasdaq/CRWV/CRWV_Weekly_20260704_075510.png
 delete mode 100644 charts/screenshots_nasdaq/CSGP/CSGP_1H_20260703_080556.png
 create mode 100644 charts/screenshots_nasdaq/CSGP/CSGP_1H_20260704_081024.png
 delete mode 100644 charts/screenshots_nasdaq/CSGP/CSGP_4H_20260703_080556.png
 create mode 100644 charts/screenshots_nasdaq/CSGP/CSGP_4H_20260704_081024.png
 delete mode 100644 charts/screenshots_nasdaq/CSGP/CSGP_Daily_20260703_080556.png
 create mode 100644 charts/screenshots_nasdaq/CSGP/CSGP_Daily_20260704_081024.png
 delete mode 100644 charts/screenshots_nasdaq/CSGP/CSGP_Monthly_20260703_080556.png
 create mode 100644 charts/screenshots_nasdaq/CSGP/CSGP_Monthly_20260704_081024.png
 delete mode 100644 charts/screenshots_nasdaq/CSGP/CSGP_Weekly_20260703_080556.png
 create mode 100644 charts/screenshots_nasdaq/CSGP/CSGP_Weekly_20260704_081024.png
 delete mode 100644 charts/screenshots_nasdaq/CTSH/CTSH_1H_20260703_080039.png
 create mode 100644 charts/screenshots_nasdaq/CTSH/CTSH_1H_20260704_080106.png
 delete mode 100644 charts/screenshots_nasdaq/CTSH/CTSH_4H_20260703_080039.png
 create mode 100644 charts/screenshots_nasdaq/CTSH/CTSH_4H_20260704_080106.png
 delete mode 100644 charts/screenshots_nasdaq/CTSH/CTSH_Daily_20260703_080039.png
 create mode 100644 charts/screenshots_nasdaq/CTSH/CTSH_Daily_20260704_080106.png
 delete mode 100644 charts/screenshots_nasdaq/CTSH/CTSH_Monthly_20260703_080039.png
 create mode 100644 charts/screenshots_nasdaq/CTSH/CTSH_Monthly_20260704_080106.png
 delete mode 100644 charts/screenshots_nasdaq/CTSH/CTSH_Weekly_20260703_080039.png
 create mode 100644 charts/screenshots_nasdaq/CTSH/CTSH_Weekly_20260704_080106.png
 delete mode 100644 charts/screenshots_nasdaq/CUPR/CUPR_1H_20260703_074136.png
 create mode 100644 charts/screenshots_nasdaq/CUPR/CUPR_1H_20260704_065702.png
 delete mode 100644 charts/screenshots_nasdaq/CUPR/CUPR_4H_20260703_074136.png
 create mode 100644 charts/screenshots_nasdaq/CUPR/CUPR_4H_20260704_065702.png
 delete mode 100644 charts/screenshots_nasdaq/CUPR/CUPR_Daily_20260703_074136.png
 create mode 100644 charts/screenshots_nasdaq/CUPR/CUPR_Daily_20260704_065702.png
 delete mode 100644 charts/screenshots_nasdaq/CUPR/CUPR_Monthly_20260703_074136.png
 create mode 100644 charts/screenshots_nasdaq/CUPR/CUPR_Monthly_20260704_065702.png
 delete mode 100644 charts/screenshots_nasdaq/CUPR/CUPR_Weekly_20260703_074136.png
 create mode 100644 charts/screenshots_nasdaq/CUPR/CUPR_Weekly_20260704_065702.png
 delete mode 100644 charts/screenshots_nasdaq/CYTK/CYTK_1H_20260703_064307.png
 create mode 100644 charts/screenshots_nasdaq/CYTK/CYTK_1H_20260704_063954.png
 delete mode 100644 charts/screenshots_nasdaq/CYTK/CYTK_4H_20260703_064307.png
 create mode 100644 charts/screenshots_nasdaq/CYTK/CYTK_4H_20260704_063954.png
 delete mode 100644 charts/screenshots_nasdaq/CYTK/CYTK_Daily_20260703_064307.png
 create mode 100644 charts/screenshots_nasdaq/CYTK/CYTK_Daily_20260704_063954.png
 delete mode 100644 charts/screenshots_nasdaq/CYTK/CYTK_Monthly_20260703_064307.png
 create mode 100644 charts/screenshots_nasdaq/CYTK/CYTK_Monthly_20260704_063954.png
 delete mode 100644 charts/screenshots_nasdaq/CYTK/CYTK_Weekly_20260703_064307.png
 create mode 100644 charts/screenshots_nasdaq/CYTK/CYTK_Weekly_20260704_063954.png
 delete mode 100644 charts/screenshots_nasdaq/DAL/DAL_1H_20260703_063952.png
 create mode 100644 charts/screenshots_nasdaq/DAL/DAL_1H_20260704_064231.png
 delete mode 100644 charts/screenshots_nasdaq/DAL/DAL_4H_20260703_063952.png
 create mode 100644 charts/screenshots_nasdaq/DAL/DAL_4H_20260704_064231.png
 delete mode 100644 charts/screenshots_nasdaq/DAL/DAL_Daily_20260703_063952.png
 create mode 100644 charts/screenshots_nasdaq/DAL/DAL_Daily_20260704_064231.png
 delete mode 100644 charts/screenshots_nasdaq/DAL/DAL_Monthly_20260703_063952.png
 create mode 100644 charts/screenshots_nasdaq/DAL/DAL_Monthly_20260704_064231.png
 delete mode 100644 charts/screenshots_nasdaq/DAL/DAL_Weekly_20260703_063952.png
 create mode 100644 charts/screenshots_nasdaq/DAL/DAL_Weekly_20260704_064231.png
 delete mode 100644 charts/screenshots_nasdaq/DAVE/DAVE_1H_20260703_074533.png
 create mode 100644 charts/screenshots_nasdaq/DAVE/DAVE_1H_20260704_074315.png
 delete mode 100644 charts/screenshots_nasdaq/DAVE/DAVE_4H_20260703_074533.png
 create mode 100644 charts/screenshots_nasdaq/DAVE/DAVE_4H_20260704_074315.png
 delete mode 100644 charts/screenshots_nasdaq/DAVE/DAVE_Daily_20260703_074533.png
 create mode 100644 charts/screenshots_nasdaq/DAVE/DAVE_Daily_20260704_074315.png
 delete mode 100644 charts/screenshots_nasdaq/DAVE/DAVE_Monthly_20260703_074533.png
 create mode 100644 charts/screenshots_nasdaq/DAVE/DAVE_Monthly_20260704_074315.png
 delete mode 100644 charts/screenshots_nasdaq/DAVE/DAVE_Weekly_20260703_074533.png
 create mode 100644 charts/screenshots_nasdaq/DAVE/DAVE_Weekly_20260704_074315.png
 delete mode 100644 charts/screenshots_nasdaq/DCO/DCO_1H_20260703_063715.png
 create mode 100644 charts/screenshots_nasdaq/DCO/DCO_1H_20260704_063715.png
 delete mode 100644 charts/screenshots_nasdaq/DCO/DCO_4H_20260703_063715.png
 create mode 100644 charts/screenshots_nasdaq/DCO/DCO_4H_20260704_063715.png
 delete mode 100644 charts/screenshots_nasdaq/DCO/DCO_Daily_20260703_063715.png
 create mode 100644 charts/screenshots_nasdaq/DCO/DCO_Daily_20260704_063715.png
 delete mode 100644 charts/screenshots_nasdaq/DCO/DCO_Monthly_20260703_063715.png
 create mode 100644 charts/screenshots_nasdaq/DCO/DCO_Monthly_20260704_063715.png
 delete mode 100644 charts/screenshots_nasdaq/DCO/DCO_Weekly_20260703_063715.png
 create mode 100644 charts/screenshots_nasdaq/DCO/DCO_Weekly_20260704_063715.png
 delete mode 100644 charts/screenshots_nasdaq/DNLI/DNLI_1H_20260703_065259.png
 create mode 100644 charts/screenshots_nasdaq/DNLI/DNLI_1H_20260704_064310.png
 delete mode 100644 charts/screenshots_nasdaq/DNLI/DNLI_4H_20260703_065259.png
 create mode 100644 charts/screenshots_nasdaq/DNLI/DNLI_4H_20260704_064310.png
 delete mode 100644 charts/screenshots_nasdaq/DNLI/DNLI_Daily_20260703_065259.png
 create mode 100644 charts/screenshots_nasdaq/DNLI/DNLI_Daily_20260704_064310.png
 delete mode 100644 charts/screenshots_nasdaq/DNLI/DNLI_Monthly_20260703_065259.png
 create mode 100644 charts/screenshots_nasdaq/DNLI/DNLI_Monthly_20260704_064310.png
 delete mode 100644 charts/screenshots_nasdaq/DNLI/DNLI_Weekly_20260703_065259.png
 create mode 100644 charts/screenshots_nasdaq/DNLI/DNLI_Weekly_20260704_064310.png
 delete mode 100644 charts/screenshots_nasdaq/DVA/DVA_1H_20260703_073541.png
 create mode 100644 charts/screenshots_nasdaq/DVA/DVA_1H_20260704_073042.png
 delete mode 100644 charts/screenshots_nasdaq/DVA/DVA_4H_20260703_073541.png
 create mode 100644 charts/screenshots_nasdaq/DVA/DVA_4H_20260704_073042.png
 delete mode 100644 charts/screenshots_nasdaq/DVA/DVA_Daily_20260703_073541.png
 create mode 100644 charts/screenshots_nasdaq/DVA/DVA_Daily_20260704_073042.png
 delete mode 100644 charts/screenshots_nasdaq/DVA/DVA_Monthly_20260703_073541.png
 create mode 100644 charts/screenshots_nasdaq/DVA/DVA_Monthly_20260704_073042.png
 delete mode 100644 charts/screenshots_nasdaq/DVA/DVA_Weekly_20260703_073541.png
 create mode 100644 charts/screenshots_nasdaq/DVA/DVA_Weekly_20260704_073042.png
 delete mode 100644 charts/screenshots_nasdaq/DXYZ/DXYZ_1H_20260703_080119.png
 create mode 100644 charts/screenshots_nasdaq/DXYZ/DXYZ_1H_20260704_080306.png
 delete mode 100644 charts/screenshots_nasdaq/DXYZ/DXYZ_4H_20260703_080119.png
 create mode 100644 charts/screenshots_nasdaq/DXYZ/DXYZ_4H_20260704_080306.png
 delete mode 100644 charts/screenshots_nasdaq/DXYZ/DXYZ_Daily_20260703_080119.png
 create mode 100644 charts/screenshots_nasdaq/DXYZ/DXYZ_Daily_20260704_080306.png
 delete mode 100644 charts/screenshots_nasdaq/DXYZ/DXYZ_Monthly_20260703_080119.png
 create mode 100644 charts/screenshots_nasdaq/DXYZ/DXYZ_Monthly_20260704_080306.png
 delete mode 100644 charts/screenshots_nasdaq/DXYZ/DXYZ_Weekly_20260703_080119.png
 create mode 100644 charts/screenshots_nasdaq/DXYZ/DXYZ_Weekly_20260704_080306.png
 delete mode 100644 charts/screenshots_nasdaq/EG/EG_1H_20260703_072432.png
 create mode 100644 charts/screenshots_nasdaq/EG/EG_1H_20260704_074634.png
 delete mode 100644 charts/screenshots_nasdaq/EG/EG_4H_20260703_072432.png
 create mode 100644 charts/screenshots_nasdaq/EG/EG_4H_20260704_074634.png
 delete mode 100644 charts/screenshots_nasdaq/EG/EG_Daily_20260703_072432.png
 create mode 100644 charts/screenshots_nasdaq/EG/EG_Daily_20260704_074634.png
 delete mode 100644 charts/screenshots_nasdaq/EG/EG_Monthly_20260703_072432.png
 create mode 100644 charts/screenshots_nasdaq/EG/EG_Monthly_20260704_074634.png
 delete mode 100644 charts/screenshots_nasdaq/EG/EG_Weekly_20260703_072432.png
 create mode 100644 charts/screenshots_nasdaq/EG/EG_Weekly_20260704_074634.png
 delete mode 100644 charts/screenshots_nasdaq/ELVN/ELVN_1H_20260703_065615.png
 create mode 100644 charts/screenshots_nasdaq/ELVN/ELVN_1H_20260704_065742.png
 delete mode 100644 charts/screenshots_nasdaq/ELVN/ELVN_4H_20260703_065615.png
 create mode 100644 charts/screenshots_nasdaq/ELVN/ELVN_4H_20260704_065742.png
 delete mode 100644 charts/screenshots_nasdaq/ELVN/ELVN_Daily_20260703_065615.png
 create mode 100644 charts/screenshots_nasdaq/ELVN/ELVN_Daily_20260704_065742.png
 delete mode 100644 charts/screenshots_nasdaq/ELVN/ELVN_Monthly_20260703_065615.png
 create mode 100644 charts/screenshots_nasdaq/ELVN/ELVN_Monthly_20260704_065742.png
 delete mode 100644 charts/screenshots_nasdaq/ELVN/ELVN_Weekly_20260703_065615.png
 create mode 100644 charts/screenshots_nasdaq/ELVN/ELVN_Weekly_20260704_065742.png
 delete mode 100644 charts/screenshots_nasdaq/ENVA/ENVA_1H_20260703_070012.png
 create mode 100644 charts/screenshots_nasdaq/ENVA/ENVA_1H_20260704_070300.png
 delete mode 100644 charts/screenshots_nasdaq/ENVA/ENVA_4H_20260703_070012.png
 create mode 100644 charts/screenshots_nasdaq/ENVA/ENVA_4H_20260704_070300.png
 delete mode 100644 charts/screenshots_nasdaq/ENVA/ENVA_Daily_20260703_070012.png
 create mode 100644 charts/screenshots_nasdaq/ENVA/ENVA_Daily_20260704_070300.png
 delete mode 100644 charts/screenshots_nasdaq/ENVA/ENVA_Monthly_20260703_070012.png
 create mode 100644 charts/screenshots_nasdaq/ENVA/ENVA_Monthly_20260704_070300.png
 delete mode 100644 charts/screenshots_nasdaq/ENVA/ENVA_Weekly_20260703_070012.png
 create mode 100644 charts/screenshots_nasdaq/ENVA/ENVA_Weekly_20260704_070300.png
 delete mode 100644 charts/screenshots_nasdaq/ESTA/ESTA_1H_20260703_074652.png
 create mode 100644 charts/screenshots_nasdaq/ESTA/ESTA_1H_20260704_074714.png
 delete mode 100644 charts/screenshots_nasdaq/ESTA/ESTA_4H_20260703_074652.png
 create mode 100644 charts/screenshots_nasdaq/ESTA/ESTA_4H_20260704_074714.png
 delete mode 100644 charts/screenshots_nasdaq/ESTA/ESTA_Daily_20260703_074652.png
 create mode 100644 charts/screenshots_nasdaq/ESTA/ESTA_Daily_20260704_074714.png
 delete mode 100644 charts/screenshots_nasdaq/ESTA/ESTA_Monthly_20260703_074652.png
 create mode 100644 charts/screenshots_nasdaq/ESTA/ESTA_Monthly_20260704_074714.png
 delete mode 100644 charts/screenshots_nasdaq/ESTA/ESTA_Weekly_20260703_074652.png
 create mode 100644 charts/screenshots_nasdaq/ESTA/ESTA_Weekly_20260704_074714.png
 delete mode 100644 charts/screenshots_nasdaq/FRMI/FRMI_1H_20260703_073422.png
 create mode 100644 charts/screenshots_nasdaq/FRMI/FRMI_1H_20260704_073757.png
 delete mode 100644 charts/screenshots_nasdaq/FRMI/FRMI_4H_20260703_073422.png
 create mode 100644 charts/screenshots_nasdaq/FRMI/FRMI_4H_20260704_073757.png
 delete mode 100644 charts/screenshots_nasdaq/FRMI/FRMI_Daily_20260703_073422.png
 create mode 100644 charts/screenshots_nasdaq/FRMI/FRMI_Daily_20260704_073757.png
 delete mode 100644 charts/screenshots_nasdaq/FRMI/FRMI_Monthly_20260703_073422.png
 create mode 100644 charts/screenshots_nasdaq/FRMI/FRMI_Monthly_20260704_073757.png
 delete mode 100644 charts/screenshots_nasdaq/FRMI/FRMI_Weekly_20260703_073422.png
 create mode 100644 charts/screenshots_nasdaq/FRMI/FRMI_Weekly_20260704_073757.png
 delete mode 100644 charts/screenshots_nasdaq/FSS/FSS_1H_20260703_063635.png
 create mode 100644 charts/screenshots_nasdaq/FSS/FSS_1H_20260704_063636.png
 delete mode 100644 charts/screenshots_nasdaq/FSS/FSS_4H_20260703_063635.png
 create mode 100644 charts/screenshots_nasdaq/FSS/FSS_4H_20260704_063636.png
 delete mode 100644 charts/screenshots_nasdaq/FSS/FSS_Daily_20260703_063635.png
 create mode 100644 charts/screenshots_nasdaq/FSS/FSS_Daily_20260704_063636.png
 delete mode 100644 charts/screenshots_nasdaq/FSS/FSS_Monthly_20260703_063635.png
 create mode 100644 charts/screenshots_nasdaq/FSS/FSS_Monthly_20260704_063636.png
 delete mode 100644 charts/screenshots_nasdaq/FSS/FSS_Weekly_20260703_063635.png
 create mode 100644 charts/screenshots_nasdaq/FSS/FSS_Weekly_20260704_063636.png
 delete mode 100644 charts/screenshots_nasdaq/FTDR/FTDR_1H_20260703_071518.png
 create mode 100644 charts/screenshots_nasdaq/FTDR/FTDR_1H_20260704_072129.png
 delete mode 100644 charts/screenshots_nasdaq/FTDR/FTDR_4H_20260703_071518.png
 create mode 100644 charts/screenshots_nasdaq/FTDR/FTDR_4H_20260704_072129.png
 delete mode 100644 charts/screenshots_nasdaq/FTDR/FTDR_Daily_20260703_071518.png
 create mode 100644 charts/screenshots_nasdaq/FTDR/FTDR_Daily_20260704_072129.png
 delete mode 100644 charts/screenshots_nasdaq/FTDR/FTDR_Monthly_20260703_071518.png
 create mode 100644 charts/screenshots_nasdaq/FTDR/FTDR_Monthly_20260704_072129.png
 delete mode 100644 charts/screenshots_nasdaq/FTDR/FTDR_Weekly_20260703_071518.png
 create mode 100644 charts/screenshots_nasdaq/FTDR/FTDR_Weekly_20260704_072129.png
 delete mode 100644 charts/screenshots_nasdaq/GE/GE_1H_20260703_070211.png
 create mode 100644 charts/screenshots_nasdaq/GE/GE_1H_20260704_070657.png
 delete mode 100644 charts/screenshots_nasdaq/GE/GE_4H_20260703_070211.png
 create mode 100644 charts/screenshots_nasdaq/GE/GE_4H_20260704_070657.png
 delete mode 100644 charts/screenshots_nasdaq/GE/GE_Daily_20260703_070211.png
 create mode 100644 charts/screenshots_nasdaq/GE/GE_Daily_20260704_070657.png
 delete mode 100644 charts/screenshots_nasdaq/GE/GE_Monthly_20260703_070211.png
 create mode 100644 charts/screenshots_nasdaq/GE/GE_Monthly_20260704_070657.png
 delete mode 100644 charts/screenshots_nasdaq/GE/GE_Weekly_20260703_070211.png
 create mode 100644 charts/screenshots_nasdaq/GE/GE_Weekly_20260704_070657.png
 delete mode 100644 charts/screenshots_nasdaq/GEO/GEO_1H_20260703_063913.png
 create mode 100644 charts/screenshots_nasdaq/GEO/GEO_1H_20260704_064033.png
 delete mode 100644 charts/screenshots_nasdaq/GEO/GEO_4H_20260703_063913.png
 create mode 100644 charts/screenshots_nasdaq/GEO/GEO_4H_20260704_064033.png
 delete mode 100644 charts/screenshots_nasdaq/GEO/GEO_Daily_20260703_063913.png
 create mode 100644 charts/screenshots_nasdaq/GEO/GEO_Daily_20260704_064033.png
 delete mode 100644 charts/screenshots_nasdaq/GEO/GEO_Monthly_20260703_063913.png
 create mode 100644 charts/screenshots_nasdaq/GEO/GEO_Monthly_20260704_064033.png
 delete mode 100644 charts/screenshots_nasdaq/GEO/GEO_Weekly_20260703_063913.png
 create mode 100644 charts/screenshots_nasdaq/GEO/GEO_Weekly_20260704_064033.png
 delete mode 100644 charts/screenshots_nasdaq/GH/GH_1H_20260703_073938.png
 create mode 100644 charts/screenshots_nasdaq/GH/GH_1H_20260704_073957.png
 delete mode 100644 charts/screenshots_nasdaq/GH/GH_4H_20260703_073938.png
 create mode 100644 charts/screenshots_nasdaq/GH/GH_4H_20260704_073957.png
 delete mode 100644 charts/screenshots_nasdaq/GH/GH_Daily_20260703_073938.png
 create mode 100644 charts/screenshots_nasdaq/GH/GH_Daily_20260704_073957.png
 delete mode 100644 charts/screenshots_nasdaq/GH/GH_Monthly_20260703_073938.png
 create mode 100644 charts/screenshots_nasdaq/GH/GH_Monthly_20260704_073957.png
 delete mode 100644 charts/screenshots_nasdaq/GH/GH_Weekly_20260703_073938.png
 create mode 100644 charts/screenshots_nasdaq/GH/GH_Weekly_20260704_073957.png
 delete mode 100644 charts/screenshots_nasdaq/GKOS/GKOS_1H_20260703_070805.png
 create mode 100644 charts/screenshots_nasdaq/GKOS/GKOS_1H_20260704_071254.png
 delete mode 100644 charts/screenshots_nasdaq/GKOS/GKOS_4H_20260703_070805.png
 create mode 100644 charts/screenshots_nasdaq/GKOS/GKOS_4H_20260704_071254.png
 delete mode 100644 charts/screenshots_nasdaq/GKOS/GKOS_Daily_20260703_070805.png
 create mode 100644 charts/screenshots_nasdaq/GKOS/GKOS_Daily_20260704_071254.png
 delete mode 100644 charts/screenshots_nasdaq/GKOS/GKOS_Monthly_20260703_070805.png
 create mode 100644 charts/screenshots_nasdaq/GKOS/GKOS_Monthly_20260704_071254.png
 delete mode 100644 charts/screenshots_nasdaq/GKOS/GKOS_Weekly_20260703_070805.png
 create mode 100644 charts/screenshots_nasdaq/GKOS/GKOS_Weekly_20260704_071254.png
 delete mode 100644 charts/screenshots_nasdaq/GL/GL_1H_20260703_071558.png
 create mode 100644 charts/screenshots_nasdaq/GL/GL_1H_20260704_072209.png
 delete mode 100644 charts/screenshots_nasdaq/GL/GL_4H_20260703_071558.png
 create mode 100644 charts/screenshots_nasdaq/GL/GL_4H_20260704_072209.png
 delete mode 100644 charts/screenshots_nasdaq/GL/GL_Daily_20260703_071558.png
 create mode 100644 charts/screenshots_nasdaq/GL/GL_Daily_20260704_072209.png
 delete mode 100644 charts/screenshots_nasdaq/GL/GL_Monthly_20260703_071558.png
 create mode 100644 charts/screenshots_nasdaq/GL/GL_Monthly_20260704_072209.png
 delete mode 100644 charts/screenshots_nasdaq/GL/GL_Weekly_20260703_071558.png
 create mode 100644 charts/screenshots_nasdaq/GL/GL_Weekly_20260704_072209.png
 delete mode 100644 charts/screenshots_nasdaq/HIVE/HIVE_1H_20260703_074255.png
 create mode 100644 charts/screenshots_nasdaq/HIVE/HIVE_1H_20260704_074434.png
 delete mode 100644 charts/screenshots_nasdaq/HIVE/HIVE_4H_20260703_074255.png
 create mode 100644 charts/screenshots_nasdaq/HIVE/HIVE_4H_20260704_074434.png
 delete mode 100644 charts/screenshots_nasdaq/HIVE/HIVE_Daily_20260703_074255.png
 create mode 100644 charts/screenshots_nasdaq/HIVE/HIVE_Daily_20260704_074434.png
 delete mode 100644 charts/screenshots_nasdaq/HIVE/HIVE_Monthly_20260703_074255.png
 create mode 100644 charts/screenshots_nasdaq/HIVE/HIVE_Monthly_20260704_074434.png
 delete mode 100644 charts/screenshots_nasdaq/HIVE/HIVE_Weekly_20260703_074255.png
 create mode 100644 charts/screenshots_nasdaq/HIVE/HIVE_Weekly_20260704_074434.png
 delete mode 100644 charts/screenshots_nasdaq/HIW/HIW_1H_20260703_072907.png
 create mode 100644 charts/screenshots_nasdaq/HIW/HIW_1H_20260704_073401.png
 delete mode 100644 charts/screenshots_nasdaq/HIW/HIW_4H_20260703_072907.png
 create mode 100644 charts/screenshots_nasdaq/HIW/HIW_4H_20260704_073401.png
 delete mode 100644 charts/screenshots_nasdaq/HIW/HIW_Daily_20260703_072907.png
 create mode 100644 charts/screenshots_nasdaq/HIW/HIW_Daily_20260704_073401.png
 delete mode 100644 charts/screenshots_nasdaq/HIW/HIW_Monthly_20260703_072907.png
 create mode 100644 charts/screenshots_nasdaq/HIW/HIW_Monthly_20260704_073401.png
 delete mode 100644 charts/screenshots_nasdaq/HIW/HIW_Weekly_20260703_072907.png
 create mode 100644 charts/screenshots_nasdaq/HIW/HIW_Weekly_20260704_073401.png
 delete mode 100644 charts/screenshots_nasdaq/HNGE/HNGE_1H_20260703_071756.png
 create mode 100644 charts/screenshots_nasdaq/HNGE/HNGE_1H_20260704_072406.png
 delete mode 100644 charts/screenshots_nasdaq/HNGE/HNGE_4H_20260703_071756.png
 create mode 100644 charts/screenshots_nasdaq/HNGE/HNGE_4H_20260704_072406.png
 delete mode 100644 charts/screenshots_nasdaq/HNGE/HNGE_Daily_20260703_071756.png
 create mode 100644 charts/screenshots_nasdaq/HNGE/HNGE_Daily_20260704_072406.png
 delete mode 100644 charts/screenshots_nasdaq/HNGE/HNGE_Monthly_20260703_071756.png
 create mode 100644 charts/screenshots_nasdaq/HNGE/HNGE_Monthly_20260704_072406.png
 delete mode 100644 charts/screenshots_nasdaq/HNGE/HNGE_Weekly_20260703_071756.png
 create mode 100644 charts/screenshots_nasdaq/HNGE/HNGE_Weekly_20260704_072406.png
 delete mode 100644 charts/screenshots_nasdaq/IDYA/IDYA_1H_20260703_064545.png
 create mode 100644 charts/screenshots_nasdaq/IDYA/IDYA_1H_20260704_064906.png
 delete mode 100644 charts/screenshots_nasdaq/IDYA/IDYA_4H_20260703_064545.png
 create mode 100644 charts/screenshots_nasdaq/IDYA/IDYA_4H_20260704_064906.png
 delete mode 100644 charts/screenshots_nasdaq/IDYA/IDYA_Daily_20260703_064545.png
 create mode 100644 charts/screenshots_nasdaq/IDYA/IDYA_Daily_20260704_064906.png
 delete mode 100644 charts/screenshots_nasdaq/IDYA/IDYA_Monthly_20260703_064545.png
 create mode 100644 charts/screenshots_nasdaq/IDYA/IDYA_Monthly_20260704_064906.png
 delete mode 100644 charts/screenshots_nasdaq/IDYA/IDYA_Weekly_20260703_064545.png
 create mode 100644 charts/screenshots_nasdaq/IDYA/IDYA_Weekly_20260704_064906.png
 delete mode 100644 charts/screenshots_nasdaq/IFF/IFF_1H_20260703_072709.png
 create mode 100644 charts/screenshots_nasdaq/IFF/IFF_1H_20260704_073122.png
 delete mode 100644 charts/screenshots_nasdaq/IFF/IFF_4H_20260703_072709.png
 create mode 100644 charts/screenshots_nasdaq/IFF/IFF_4H_20260704_073122.png
 delete mode 100644 charts/screenshots_nasdaq/IFF/IFF_Daily_20260703_072709.png
 create mode 100644 charts/screenshots_nasdaq/IFF/IFF_Daily_20260704_073122.png
 delete mode 100644 charts/screenshots_nasdaq/IFF/IFF_Monthly_20260703_072709.png
 create mode 100644 charts/screenshots_nasdaq/IFF/IFF_Monthly_20260704_073122.png
 delete mode 100644 charts/screenshots_nasdaq/IFF/IFF_Weekly_20260703_072709.png
 create mode 100644 charts/screenshots_nasdaq/IFF/IFF_Weekly_20260704_073122.png
 delete mode 100644 charts/screenshots_nasdaq/ILLR/ILLR_1H_20260703_074929.png
 create mode 100644 charts/screenshots_nasdaq/ILLR/ILLR_1H_20260704_075032.png
 delete mode 100644 charts/screenshots_nasdaq/ILLR/ILLR_4H_20260703_074929.png
 create mode 100644 charts/screenshots_nasdaq/ILLR/ILLR_4H_20260704_075032.png
 delete mode 100644 charts/screenshots_nasdaq/ILLR/ILLR_Daily_20260703_074929.png
 create mode 100644 charts/screenshots_nasdaq/ILLR/ILLR_Daily_20260704_075032.png
 delete mode 100644 charts/screenshots_nasdaq/ILLR/ILLR_Monthly_20260703_074929.png
 create mode 100644 charts/screenshots_nasdaq/ILLR/ILLR_Monthly_20260704_075032.png
 delete mode 100644 charts/screenshots_nasdaq/ILLR/ILLR_Weekly_20260703_074929.png
 create mode 100644 charts/screenshots_nasdaq/ILLR/ILLR_Weekly_20260704_075032.png
 delete mode 100644 charts/screenshots_nasdaq/IMVT/IMVT_1H_20260703_064346.png
 create mode 100644 charts/screenshots_nasdaq/IMVT/IMVT_1H_20260704_064747.png
 delete mode 100644 charts/screenshots_nasdaq/IMVT/IMVT_4H_20260703_064346.png
 create mode 100644 charts/screenshots_nasdaq/IMVT/IMVT_4H_20260704_064747.png
 delete mode 100644 charts/screenshots_nasdaq/IMVT/IMVT_Daily_20260703_064346.png
 create mode 100644 charts/screenshots_nasdaq/IMVT/IMVT_Daily_20260704_064747.png
 delete mode 100644 charts/screenshots_nasdaq/IMVT/IMVT_Monthly_20260703_064346.png
 create mode 100644 charts/screenshots_nasdaq/IMVT/IMVT_Monthly_20260704_064747.png
 delete mode 100644 charts/screenshots_nasdaq/IMVT/IMVT_Weekly_20260703_064346.png
 create mode 100644 charts/screenshots_nasdaq/IMVT/IMVT_Weekly_20260704_064747.png
 delete mode 100644 charts/screenshots_nasdaq/INCY/INCY_1H_20260703_072512.png
 create mode 100644 charts/screenshots_nasdaq/INCY/INCY_1H_20260704_072843.png
 delete mode 100644 charts/screenshots_nasdaq/INCY/INCY_4H_20260703_072512.png
 create mode 100644 charts/screenshots_nasdaq/INCY/INCY_4H_20260704_072843.png
 delete mode 100644 charts/screenshots_nasdaq/INCY/INCY_Daily_20260703_072512.png
 create mode 100644 charts/screenshots_nasdaq/INCY/INCY_Daily_20260704_072843.png
 delete mode 100644 charts/screenshots_nasdaq/INCY/INCY_Monthly_20260703_072512.png
 create mode 100644 charts/screenshots_nasdaq/INCY/INCY_Monthly_20260704_072843.png
 delete mode 100644 charts/screenshots_nasdaq/INCY/INCY_Weekly_20260703_072512.png
 create mode 100644 charts/screenshots_nasdaq/INCY/INCY_Weekly_20260704_072843.png
 delete mode 100644 charts/screenshots_nasdaq/JNJ/JNJ_1H_20260703_070132.png
 create mode 100644 charts/screenshots_nasdaq/JNJ/JNJ_1H_20260704_070618.png
 delete mode 100644 charts/screenshots_nasdaq/JNJ/JNJ_4H_20260703_070132.png
 create mode 100644 charts/screenshots_nasdaq/JNJ/JNJ_4H_20260704_070618.png
 delete mode 100644 charts/screenshots_nasdaq/JNJ/JNJ_Daily_20260703_070132.png
 create mode 100644 charts/screenshots_nasdaq/JNJ/JNJ_Daily_20260704_070618.png
 delete mode 100644 charts/screenshots_nasdaq/JNJ/JNJ_Monthly_20260703_070132.png
 create mode 100644 charts/screenshots_nasdaq/JNJ/JNJ_Monthly_20260704_070618.png
 delete mode 100644 charts/screenshots_nasdaq/JNJ/JNJ_Weekly_20260703_070132.png
 create mode 100644 charts/screenshots_nasdaq/JNJ/JNJ_Weekly_20260704_070618.png
 delete mode 100644 charts/screenshots_nasdaq/KNSA/KNSA_1H_20260703_065655.png
 create mode 100644 charts/screenshots_nasdaq/KNSA/KNSA_1H_20260704_065821.png
 delete mode 100644 charts/screenshots_nasdaq/KNSA/KNSA_4H_20260703_065655.png
 create mode 100644 charts/screenshots_nasdaq/KNSA/KNSA_4H_20260704_065821.png
 delete mode 100644 charts/screenshots_nasdaq/KNSA/KNSA_Daily_20260703_065655.png
 create mode 100644 charts/screenshots_nasdaq/KNSA/KNSA_Daily_20260704_065821.png
 delete mode 100644 charts/screenshots_nasdaq/KNSA/KNSA_Monthly_20260703_065655.png
 create mode 100644 charts/screenshots_nasdaq/KNSA/KNSA_Monthly_20260704_065821.png
 delete mode 100644 charts/screenshots_nasdaq/KNSA/KNSA_Weekly_20260703_065655.png
 create mode 100644 charts/screenshots_nasdaq/KNSA/KNSA_Weekly_20260704_065821.png
 delete mode 100644 charts/screenshots_nasdaq/KRYS/KRYS_1H_20260703_065734.png
 create mode 100644 charts/screenshots_nasdaq/KRYS/KRYS_1H_20260704_065901.png
 delete mode 100644 charts/screenshots_nasdaq/KRYS/KRYS_4H_20260703_065734.png
 create mode 100644 charts/screenshots_nasdaq/KRYS/KRYS_4H_20260704_065901.png
 delete mode 100644 charts/screenshots_nasdaq/KRYS/KRYS_Daily_20260703_065734.png
 create mode 100644 charts/screenshots_nasdaq/KRYS/KRYS_Daily_20260704_065901.png
 delete mode 100644 charts/screenshots_nasdaq/KRYS/KRYS_Monthly_20260703_065734.png
 create mode 100644 charts/screenshots_nasdaq/KRYS/KRYS_Monthly_20260704_065901.png
 delete mode 100644 charts/screenshots_nasdaq/KRYS/KRYS_Weekly_20260703_065734.png
 create mode 100644 charts/screenshots_nasdaq/KRYS/KRYS_Weekly_20260704_065901.png
 delete mode 100644 charts/screenshots_nasdaq/KTB/KTB_1H_20260703_070409.png
 create mode 100644 charts/screenshots_nasdaq/KTB/KTB_1H_20260704_070816.png
 delete mode 100644 charts/screenshots_nasdaq/KTB/KTB_4H_20260703_070409.png
 create mode 100644 charts/screenshots_nasdaq/KTB/KTB_4H_20260704_070816.png
 delete mode 100644 charts/screenshots_nasdaq/KTB/KTB_Daily_20260703_070409.png
 create mode 100644 charts/screenshots_nasdaq/KTB/KTB_Daily_20260704_070816.png
 delete mode 100644 charts/screenshots_nasdaq/KTB/KTB_Monthly_20260703_070409.png
 create mode 100644 charts/screenshots_nasdaq/KTB/KTB_Monthly_20260704_070816.png
 delete mode 100644 charts/screenshots_nasdaq/KTB/KTB_Weekly_20260703_070409.png
 create mode 100644 charts/screenshots_nasdaq/KTB/KTB_Weekly_20260704_070816.png
 delete mode 100644 charts/screenshots_nasdaq/KYMR/KYMR_1H_20260703_064624.png
 create mode 100644 charts/screenshots_nasdaq/KYMR/KYMR_1H_20260704_064945.png
 delete mode 100644 charts/screenshots_nasdaq/KYMR/KYMR_4H_20260703_064624.png
 create mode 100644 charts/screenshots_nasdaq/KYMR/KYMR_4H_20260704_064945.png
 delete mode 100644 charts/screenshots_nasdaq/KYMR/KYMR_Daily_20260703_064624.png
 create mode 100644 charts/screenshots_nasdaq/KYMR/KYMR_Daily_20260704_064945.png
 delete mode 100644 charts/screenshots_nasdaq/KYMR/KYMR_Monthly_20260703_064624.png
 create mode 100644 charts/screenshots_nasdaq/KYMR/KYMR_Monthly_20260704_064945.png
 delete mode 100644 charts/screenshots_nasdaq/KYMR/KYMR_Weekly_20260703_064624.png
 create mode 100644 charts/screenshots_nasdaq/KYMR/KYMR_Weekly_20260704_064945.png
 delete mode 100644 charts/screenshots_nasdaq/LGND/LGND_1H_20260703_072154.png
 create mode 100644 charts/screenshots_nasdaq/LGND/LGND_1H_20260704_072724.png
 delete mode 100644 charts/screenshots_nasdaq/LGND/LGND_4H_20260703_072154.png
 create mode 100644 charts/screenshots_nasdaq/LGND/LGND_4H_20260704_072724.png
 delete mode 100644 charts/screenshots_nasdaq/LGND/LGND_Daily_20260703_072154.png
 create mode 100644 charts/screenshots_nasdaq/LGND/LGND_Daily_20260704_072724.png
 delete mode 100644 charts/screenshots_nasdaq/LGND/LGND_Monthly_20260703_072154.png
 create mode 100644 charts/screenshots_nasdaq/LGND/LGND_Monthly_20260704_072724.png
 delete mode 100644 charts/screenshots_nasdaq/LGND/LGND_Weekly_20260703_072154.png
 create mode 100644 charts/screenshots_nasdaq/LGND/LGND_Weekly_20260704_072724.png
 delete mode 100644 charts/screenshots_nasdaq/LI/LI_1H_20260703_080158.png
 create mode 100644 charts/screenshots_nasdaq/LI/LI_1H_20260704_080346.png
 delete mode 100644 charts/screenshots_nasdaq/LI/LI_4H_20260703_080158.png
 create mode 100644 charts/screenshots_nasdaq/LI/LI_4H_20260704_080346.png
 delete mode 100644 charts/screenshots_nasdaq/LI/LI_Daily_20260703_080158.png
 create mode 100644 charts/screenshots_nasdaq/LI/LI_Daily_20260704_080346.png
 delete mode 100644 charts/screenshots_nasdaq/LI/LI_Monthly_20260703_080158.png
 create mode 100644 charts/screenshots_nasdaq/LI/LI_Monthly_20260704_080346.png
 delete mode 100644 charts/screenshots_nasdaq/LI/LI_Weekly_20260703_080158.png
 create mode 100644 charts/screenshots_nasdaq/LI/LI_Weekly_20260704_080346.png
 delete mode 100644 charts/screenshots_nasdaq/LLYVK/LLYVK_1H_20260703_070448.png
 create mode 100644 charts/screenshots_nasdaq/LLYVK/LLYVK_1H_20260704_070856.png
 delete mode 100644 charts/screenshots_nasdaq/LLYVK/LLYVK_4H_20260703_070448.png
 create mode 100644 charts/screenshots_nasdaq/LLYVK/LLYVK_4H_20260704_070856.png
 delete mode 100644 charts/screenshots_nasdaq/LLYVK/LLYVK_Daily_20260703_070448.png
 create mode 100644 charts/screenshots_nasdaq/LLYVK/LLYVK_Daily_20260704_070856.png
 delete mode 100644 charts/screenshots_nasdaq/LLYVK/LLYVK_Monthly_20260703_070448.png
 create mode 100644 charts/screenshots_nasdaq/LLYVK/LLYVK_Monthly_20260704_070856.png
 delete mode 100644 charts/screenshots_nasdaq/LLYVK/LLYVK_Weekly_20260703_070448.png
 create mode 100644 charts/screenshots_nasdaq/LLYVK/LLYVK_Weekly_20260704_070856.png
 delete mode 100644 charts/screenshots_nasdaq/LOAR/LOAR_1H_20260703_070607.png
 create mode 100644 charts/screenshots_nasdaq/LOAR/LOAR_1H_20260704_071015.png
 delete mode 100644 charts/screenshots_nasdaq/LOAR/LOAR_4H_20260703_070607.png
 create mode 100644 charts/screenshots_nasdaq/LOAR/LOAR_4H_20260704_071015.png
 delete mode 100644 charts/screenshots_nasdaq/LOAR/LOAR_Daily_20260703_070607.png
 create mode 100644 charts/screenshots_nasdaq/LOAR/LOAR_Daily_20260704_071015.png
 delete mode 100644 charts/screenshots_nasdaq/LOAR/LOAR_Monthly_20260703_070607.png
 create mode 100644 charts/screenshots_nasdaq/LOAR/LOAR_Monthly_20260704_071015.png
 delete mode 100644 charts/screenshots_nasdaq/LOAR/LOAR_Weekly_20260703_070607.png
 create mode 100644 charts/screenshots_nasdaq/LOAR/LOAR_Weekly_20260704_071015.png
 delete mode 100644 charts/screenshots_nasdaq/LQDA/LQDA_1H_20260703_064703.png
 create mode 100644 charts/screenshots_nasdaq/LQDA/LQDA_1H_20260704_065025.png
 delete mode 100644 charts/screenshots_nasdaq/LQDA/LQDA_4H_20260703_064703.png
 create mode 100644 charts/screenshots_nasdaq/LQDA/LQDA_4H_20260704_065025.png
 delete mode 100644 charts/screenshots_nasdaq/LQDA/LQDA_Daily_20260703_064703.png
 create mode 100644 charts/screenshots_nasdaq/LQDA/LQDA_Daily_20260704_065025.png
 delete mode 100644 charts/screenshots_nasdaq/LQDA/LQDA_Monthly_20260703_064703.png
 create mode 100644 charts/screenshots_nasdaq/LQDA/LQDA_Monthly_20260704_065025.png
 delete mode 100644 charts/screenshots_nasdaq/LQDA/LQDA_Weekly_20260703_064703.png
 create mode 100644 charts/screenshots_nasdaq/LQDA/LQDA_Weekly_20260704_065025.png
 delete mode 100644 charts/screenshots_nasdaq/LTH/LTH_1H_20260703_064743.png
 create mode 100644 charts/screenshots_nasdaq/LTH/LTH_1H_20260704_065105.png
 delete mode 100644 charts/screenshots_nasdaq/LTH/LTH_4H_20260703_064743.png
 create mode 100644 charts/screenshots_nasdaq/LTH/LTH_4H_20260704_065105.png
 delete mode 100644 charts/screenshots_nasdaq/LTH/LTH_Daily_20260703_064743.png
 create mode 100644 charts/screenshots_nasdaq/LTH/LTH_Daily_20260704_065105.png
 delete mode 100644 charts/screenshots_nasdaq/LTH/LTH_Monthly_20260703_064743.png
 create mode 100644 charts/screenshots_nasdaq/LTH/LTH_Monthly_20260704_065105.png
 delete mode 100644 charts/screenshots_nasdaq/LTH/LTH_Weekly_20260703_064743.png
 create mode 100644 charts/screenshots_nasdaq/LTH/LTH_Weekly_20260704_065105.png
 delete mode 100644 charts/screenshots_nasdaq/LWLG/LWLG_1H_20260703_080913.png
 create mode 100644 charts/screenshots_nasdaq/LWLG/LWLG_1H_20260704_081224.png
 delete mode 100644 charts/screenshots_nasdaq/LWLG/LWLG_4H_20260703_080913.png
 create mode 100644 charts/screenshots_nasdaq/LWLG/LWLG_4H_20260704_081224.png
 delete mode 100644 charts/screenshots_nasdaq/LWLG/LWLG_Daily_20260703_080913.png
 create mode 100644 charts/screenshots_nasdaq/LWLG/LWLG_Daily_20260704_081224.png
 delete mode 100644 charts/screenshots_nasdaq/LWLG/LWLG_Monthly_20260703_080913.png
 create mode 100644 charts/screenshots_nasdaq/LWLG/LWLG_Monthly_20260704_081224.png
 delete mode 100644 charts/screenshots_nasdaq/LWLG/LWLG_Weekly_20260703_080913.png
 create mode 100644 charts/screenshots_nasdaq/LWLG/LWLG_Weekly_20260704_081224.png
 delete mode 100644 charts/screenshots_nasdaq/LYV/LYV_1H_20260703_070844.png
 create mode 100644 charts/screenshots_nasdaq/LYV/LYV_1H_20260704_071334.png
 delete mode 100644 charts/screenshots_nasdaq/LYV/LYV_4H_20260703_070844.png
 create mode 100644 charts/screenshots_nasdaq/LYV/LYV_4H_20260704_071334.png
 delete mode 100644 charts/screenshots_nasdaq/LYV/LYV_Daily_20260703_070844.png
 create mode 100644 charts/screenshots_nasdaq/LYV/LYV_Daily_20260704_071334.png
 delete mode 100644 charts/screenshots_nasdaq/LYV/LYV_Monthly_20260703_070844.png
 create mode 100644 charts/screenshots_nasdaq/LYV/LYV_Monthly_20260704_071334.png
 delete mode 100644 charts/screenshots_nasdaq/LYV/LYV_Weekly_20260703_070844.png
 create mode 100644 charts/screenshots_nasdaq/LYV/LYV_Weekly_20260704_071334.png
 delete mode 100644 charts/screenshots_nasdaq/MAS/MAS_1H_20260703_070924.png
 create mode 100644 charts/screenshots_nasdaq/MAS/MAS_1H_20260704_071414.png
 delete mode 100644 charts/screenshots_nasdaq/MAS/MAS_4H_20260703_070924.png
 create mode 100644 charts/screenshots_nasdaq/MAS/MAS_4H_20260704_071414.png
 delete mode 100644 charts/screenshots_nasdaq/MAS/MAS_Daily_20260703_070924.png
 create mode 100644 charts/screenshots_nasdaq/MAS/MAS_Daily_20260704_071414.png
 delete mode 100644 charts/screenshots_nasdaq/MAS/MAS_Monthly_20260703_070924.png
 create mode 100644 charts/screenshots_nasdaq/MAS/MAS_Monthly_20260704_071414.png
 delete mode 100644 charts/screenshots_nasdaq/MAS/MAS_Weekly_20260703_070924.png
 create mode 100644 charts/screenshots_nasdaq/MAS/MAS_Weekly_20260704_071414.png
 delete mode 100644 charts/screenshots_nasdaq/MBX/MBX_1H_20260703_071836.png
 create mode 100644 charts/screenshots_nasdaq/MBX/MBX_1H_20260704_072446.png
 delete mode 100644 charts/screenshots_nasdaq/MBX/MBX_4H_20260703_071836.png
 create mode 100644 charts/screenshots_nasdaq/MBX/MBX_4H_20260704_072446.png
 delete mode 100644 charts/screenshots_nasdaq/MBX/MBX_Daily_20260703_071836.png
 create mode 100644 charts/screenshots_nasdaq/MBX/MBX_Daily_20260704_072446.png
 delete mode 100644 charts/screenshots_nasdaq/MBX/MBX_Monthly_20260703_071836.png
 create mode 100644 charts/screenshots_nasdaq/MBX/MBX_Monthly_20260704_072446.png
 delete mode 100644 charts/screenshots_nasdaq/MBX/MBX_Weekly_20260703_071836.png
 create mode 100644 charts/screenshots_nasdaq/MBX/MBX_Weekly_20260704_072446.png
 delete mode 100644 charts/screenshots_nasdaq/MIRM/MIRM_1H_20260703_064822.png
 create mode 100644 charts/screenshots_nasdaq/MIRM/MIRM_1H_20260704_065145.png
 delete mode 100644 charts/screenshots_nasdaq/MIRM/MIRM_4H_20260703_064822.png
 create mode 100644 charts/screenshots_nasdaq/MIRM/MIRM_4H_20260704_065145.png
 delete mode 100644 charts/screenshots_nasdaq/MIRM/MIRM_Daily_20260703_064822.png
 create mode 100644 charts/screenshots_nasdaq/MIRM/MIRM_Daily_20260704_065145.png
 delete mode 100644 charts/screenshots_nasdaq/MIRM/MIRM_Monthly_20260703_064822.png
 create mode 100644 charts/screenshots_nasdaq/MIRM/MIRM_Monthly_20260704_065145.png
 delete mode 100644 charts/screenshots_nasdaq/MIRM/MIRM_Weekly_20260703_064822.png
 create mode 100644 charts/screenshots_nasdaq/MIRM/MIRM_Weekly_20260704_065145.png
 delete mode 100644 charts/screenshots_nasdaq/MNTS/MNTS_1H_20260703_075009.png
 create mode 100644 charts/screenshots_nasdaq/MNTS/MNTS_1H_20260704_075152.png
 delete mode 100644 charts/screenshots_nasdaq/MNTS/MNTS_4H_20260703_075009.png
 create mode 100644 charts/screenshots_nasdaq/MNTS/MNTS_4H_20260704_075152.png
 delete mode 100644 charts/screenshots_nasdaq/MNTS/MNTS_Daily_20260703_075009.png
 create mode 100644 charts/screenshots_nasdaq/MNTS/MNTS_Daily_20260704_075152.png
 delete mode 100644 charts/screenshots_nasdaq/MNTS/MNTS_Monthly_20260703_075009.png
 create mode 100644 charts/screenshots_nasdaq/MNTS/MNTS_Monthly_20260704_075152.png
 delete mode 100644 charts/screenshots_nasdaq/MNTS/MNTS_Weekly_20260703_075009.png
 create mode 100644 charts/screenshots_nasdaq/MNTS/MNTS_Weekly_20260704_075152.png
 delete mode 100644 charts/screenshots_nasdaq/MRNA/MRNA_1H_20260703_074018.png
 create mode 100644 charts/screenshots_nasdaq/MRNA/MRNA_1H_20260704_074036.png
 delete mode 100644 charts/screenshots_nasdaq/MRNA/MRNA_4H_20260703_074018.png
 create mode 100644 charts/screenshots_nasdaq/MRNA/MRNA_4H_20260704_074036.png
 delete mode 100644 charts/screenshots_nasdaq/MRNA/MRNA_Daily_20260703_074018.png
 create mode 100644 charts/screenshots_nasdaq/MRNA/MRNA_Daily_20260704_074036.png
 delete mode 100644 charts/screenshots_nasdaq/MRNA/MRNA_Monthly_20260703_074018.png
 create mode 100644 charts/screenshots_nasdaq/MRNA/MRNA_Monthly_20260704_074036.png
 delete mode 100644 charts/screenshots_nasdaq/MRNA/MRNA_Weekly_20260703_074018.png
 create mode 100644 charts/screenshots_nasdaq/MRNA/MRNA_Weekly_20260704_074036.png
 delete mode 100644 charts/screenshots_nasdaq/NAVN/NAVN_1H_20260703_074811.png
 create mode 100644 charts/screenshots_nasdaq/NAVN/NAVN_1H_20260704_074913.png
 delete mode 100644 charts/screenshots_nasdaq/NAVN/NAVN_4H_20260703_074811.png
 create mode 100644 charts/screenshots_nasdaq/NAVN/NAVN_4H_20260704_074913.png
 delete mode 100644 charts/screenshots_nasdaq/NAVN/NAVN_Daily_20260703_074811.png
 create mode 100644 charts/screenshots_nasdaq/NAVN/NAVN_Daily_20260704_074913.png
 delete mode 100644 charts/screenshots_nasdaq/NAVN/NAVN_Monthly_20260703_074811.png
 create mode 100644 charts/screenshots_nasdaq/NAVN/NAVN_Monthly_20260704_074913.png
 delete mode 100644 charts/screenshots_nasdaq/NAVN/NAVN_Weekly_20260703_074811.png
 create mode 100644 charts/screenshots_nasdaq/NAVN/NAVN_Weekly_20260704_074913.png
 delete mode 100644 charts/screenshots_nasdaq/NIC/NIC_1H_20260703_064903.png
 create mode 100644 charts/screenshots_nasdaq/NIC/NIC_1H_20260704_065225.png
 delete mode 100644 charts/screenshots_nasdaq/NIC/NIC_4H_20260703_064903.png
 create mode 100644 charts/screenshots_nasdaq/NIC/NIC_4H_20260704_065225.png
 delete mode 100644 charts/screenshots_nasdaq/NIC/NIC_Daily_20260703_064903.png
 create mode 100644 charts/screenshots_nasdaq/NIC/NIC_Daily_20260704_065225.png
 delete mode 100644 charts/screenshots_nasdaq/NIC/NIC_Monthly_20260703_064903.png
 create mode 100644 charts/screenshots_nasdaq/NIC/NIC_Monthly_20260704_065225.png
 delete mode 100644 charts/screenshots_nasdaq/NIC/NIC_Weekly_20260703_064903.png
 create mode 100644 charts/screenshots_nasdaq/NIC/NIC_Weekly_20260704_065225.png
 delete mode 100644 charts/screenshots_nasdaq/NRIX/NRIX_1H_20260703_072233.png
 create mode 100644 charts/screenshots_nasdaq/NRIX/NRIX_1H_20260704_072804.png
 delete mode 100644 charts/screenshots_nasdaq/NRIX/NRIX_4H_20260703_072233.png
 create mode 100644 charts/screenshots_nasdaq/NRIX/NRIX_4H_20260704_072804.png
 delete mode 100644 charts/screenshots_nasdaq/NRIX/NRIX_Daily_20260703_072233.png
 create mode 100644 charts/screenshots_nasdaq/NRIX/NRIX_Daily_20260704_072804.png
 delete mode 100644 charts/screenshots_nasdaq/NRIX/NRIX_Monthly_20260703_072233.png
 create mode 100644 charts/screenshots_nasdaq/NRIX/NRIX_Monthly_20260704_072804.png
 delete mode 100644 charts/screenshots_nasdaq/NRIX/NRIX_Weekly_20260703_072233.png
 create mode 100644 charts/screenshots_nasdaq/NRIX/NRIX_Weekly_20260704_072804.png
 delete mode 100644 charts/screenshots_nasdaq/NTRA/NTRA_1H_20260703_071916.png
 create mode 100644 charts/screenshots_nasdaq/NTRA/NTRA_1H_20260704_072525.png
 delete mode 100644 charts/screenshots_nasdaq/NTRA/NTRA_4H_20260703_071916.png
 create mode 100644 charts/screenshots_nasdaq/NTRA/NTRA_4H_20260704_072525.png
 delete mode 100644 charts/screenshots_nasdaq/NTRA/NTRA_Daily_20260703_071916.png
 create mode 100644 charts/screenshots_nasdaq/NTRA/NTRA_Daily_20260704_072525.png
 delete mode 100644 charts/screenshots_nasdaq/NTRA/NTRA_Monthly_20260703_071916.png
 create mode 100644 charts/screenshots_nasdaq/NTRA/NTRA_Monthly_20260704_072525.png
 delete mode 100644 charts/screenshots_nasdaq/NTRA/NTRA_Weekly_20260703_071916.png
 create mode 100644 charts/screenshots_nasdaq/NTRA/NTRA_Weekly_20260704_072525.png
 delete mode 100644 charts/screenshots_nasdaq/NUVL/NUVL_1H_20260703_065338.png
 create mode 100644 charts/screenshots_nasdaq/NUVL/NUVL_1H_20260704_065543.png
 delete mode 100644 charts/screenshots_nasdaq/NUVL/NUVL_4H_20260703_065338.png
 create mode 100644 charts/screenshots_nasdaq/NUVL/NUVL_4H_20260704_065543.png
 delete mode 100644 charts/screenshots_nasdaq/NUVL/NUVL_Daily_20260703_065338.png
 create mode 100644 charts/screenshots_nasdaq/NUVL/NUVL_Daily_20260704_065543.png
 delete mode 100644 charts/screenshots_nasdaq/NUVL/NUVL_Monthly_20260703_065338.png
 create mode 100644 charts/screenshots_nasdaq/NUVL/NUVL_Monthly_20260704_065543.png
 delete mode 100644 charts/screenshots_nasdaq/NUVL/NUVL_Weekly_20260703_065338.png
 create mode 100644 charts/screenshots_nasdaq/NUVL/NUVL_Weekly_20260704_065543.png
 delete mode 100644 charts/screenshots_nasdaq/OKLO/OKLO_1H_20260703_080636.png
 create mode 100644 charts/screenshots_nasdaq/OKLO/OKLO_1H_20260704_081104.png
 delete mode 100644 charts/screenshots_nasdaq/OKLO/OKLO_4H_20260703_080636.png
 create mode 100644 charts/screenshots_nasdaq/OKLO/OKLO_4H_20260704_081104.png
 delete mode 100644 charts/screenshots_nasdaq/OKLO/OKLO_Daily_20260703_080636.png
 create mode 100644 charts/screenshots_nasdaq/OKLO/OKLO_Daily_20260704_081104.png
 delete mode 100644 charts/screenshots_nasdaq/OKLO/OKLO_Monthly_20260703_080636.png
 create mode 100644 charts/screenshots_nasdaq/OKLO/OKLO_Monthly_20260704_081104.png
 delete mode 100644 charts/screenshots_nasdaq/OKLO/OKLO_Weekly_20260703_080636.png
 create mode 100644 charts/screenshots_nasdaq/OKLO/OKLO_Weekly_20260704_081104.png
 delete mode 100644 charts/screenshots_nasdaq/OSCR/OSCR_1H_20260703_070528.png
 create mode 100644 charts/screenshots_nasdaq/OSCR/OSCR_1H_20260704_070936.png
 delete mode 100644 charts/screenshots_nasdaq/OSCR/OSCR_4H_20260703_070528.png
 create mode 100644 charts/screenshots_nasdaq/OSCR/OSCR_4H_20260704_070936.png
 delete mode 100644 charts/screenshots_nasdaq/OSCR/OSCR_Daily_20260703_070528.png
 create mode 100644 charts/screenshots_nasdaq/OSCR/OSCR_Daily_20260704_070936.png
 delete mode 100644 charts/screenshots_nasdaq/OSCR/OSCR_Monthly_20260703_070528.png
 create mode 100644 charts/screenshots_nasdaq/OSCR/OSCR_Monthly_20260704_070936.png
 delete mode 100644 charts/screenshots_nasdaq/OSCR/OSCR_Weekly_20260703_070528.png
 create mode 100644 charts/screenshots_nasdaq/OSCR/OSCR_Weekly_20260704_070936.png
 delete mode 100644 charts/screenshots_nasdaq/PANW/PANW_1H_20260703_074057.png
 create mode 100644 charts/screenshots_nasdaq/PANW/PANW_1H_20260704_074116.png
 delete mode 100644 charts/screenshots_nasdaq/PANW/PANW_4H_20260703_074057.png
 create mode 100644 charts/screenshots_nasdaq/PANW/PANW_4H_20260704_074116.png
 delete mode 100644 charts/screenshots_nasdaq/PANW/PANW_Daily_20260703_074057.png
 create mode 100644 charts/screenshots_nasdaq/PANW/PANW_Daily_20260704_074116.png
 delete mode 100644 charts/screenshots_nasdaq/PANW/PANW_Monthly_20260703_074057.png
 create mode 100644 charts/screenshots_nasdaq/PANW/PANW_Monthly_20260704_074116.png
 delete mode 100644 charts/screenshots_nasdaq/PANW/PANW_Weekly_20260703_074057.png
 create mode 100644 charts/screenshots_nasdaq/PANW/PANW_Weekly_20260704_074116.png
 delete mode 100644 charts/screenshots_nasdaq/PCT/PCT_1H_20260703_075246.png
 create mode 100644 charts/screenshots_nasdaq/PCT/PCT_1H_20260704_075350.png
 delete mode 100644 charts/screenshots_nasdaq/PCT/PCT_4H_20260703_075246.png
 create mode 100644 charts/screenshots_nasdaq/PCT/PCT_4H_20260704_075350.png
 delete mode 100644 charts/screenshots_nasdaq/PCT/PCT_Daily_20260703_075246.png
 create mode 100644 charts/screenshots_nasdaq/PCT/PCT_Daily_20260704_075350.png
 delete mode 100644 charts/screenshots_nasdaq/PCT/PCT_Monthly_20260703_075246.png
 create mode 100644 charts/screenshots_nasdaq/PCT/PCT_Monthly_20260704_075350.png
 delete mode 100644 charts/screenshots_nasdaq/PCT/PCT_Weekly_20260703_075246.png
 create mode 100644 charts/screenshots_nasdaq/PCT/PCT_Weekly_20260704_075350.png
 delete mode 100644 charts/screenshots_nasdaq/PFGC/PFGC_1H_20260703_071955.png
 create mode 100644 charts/screenshots_nasdaq/PFGC/PFGC_1H_20260704_072605.png
 delete mode 100644 charts/screenshots_nasdaq/PFGC/PFGC_4H_20260703_071955.png
 create mode 100644 charts/screenshots_nasdaq/PFGC/PFGC_4H_20260704_072605.png
 delete mode 100644 charts/screenshots_nasdaq/PFGC/PFGC_Daily_20260703_071955.png
 create mode 100644 charts/screenshots_nasdaq/PFGC/PFGC_Daily_20260704_072605.png
 delete mode 100644 charts/screenshots_nasdaq/PFGC/PFGC_Monthly_20260703_071955.png
 create mode 100644 charts/screenshots_nasdaq/PFGC/PFGC_Monthly_20260704_072605.png
 delete mode 100644 charts/screenshots_nasdaq/PFGC/PFGC_Weekly_20260703_071955.png
 create mode 100644 charts/screenshots_nasdaq/PFGC/PFGC_Weekly_20260704_072605.png
 delete mode 100644 charts/screenshots_nasdaq/PGY/PGY_1H_20260703_074215.png
 create mode 100644 charts/screenshots_nasdaq/PGY/PGY_1H_20260704_074354.png
 delete mode 100644 charts/screenshots_nasdaq/PGY/PGY_4H_20260703_074215.png
 create mode 100644 charts/screenshots_nasdaq/PGY/PGY_4H_20260704_074354.png
 delete mode 100644 charts/screenshots_nasdaq/PGY/PGY_Daily_20260703_074215.png
 create mode 100644 charts/screenshots_nasdaq/PGY/PGY_Daily_20260704_074354.png
 delete mode 100644 charts/screenshots_nasdaq/PGY/PGY_Monthly_20260703_074215.png
 create mode 100644 charts/screenshots_nasdaq/PGY/PGY_Monthly_20260704_074354.png
 delete mode 100644 charts/screenshots_nasdaq/PGY/PGY_Weekly_20260703_074215.png
 create mode 100644 charts/screenshots_nasdaq/PGY/PGY_Weekly_20260704_074354.png
 delete mode 100644 charts/screenshots_nasdaq/PRI/PRI_1H_20260703_071003.png
 create mode 100644 charts/screenshots_nasdaq/PRI/PRI_1H_20260704_071453.png
 delete mode 100644 charts/screenshots_nasdaq/PRI/PRI_4H_20260703_071003.png
 create mode 100644 charts/screenshots_nasdaq/PRI/PRI_4H_20260704_071453.png
 delete mode 100644 charts/screenshots_nasdaq/PRI/PRI_Daily_20260703_071003.png
 create mode 100644 charts/screenshots_nasdaq/PRI/PRI_Daily_20260704_071453.png
 delete mode 100644 charts/screenshots_nasdaq/PRI/PRI_Monthly_20260703_071003.png
 create mode 100644 charts/screenshots_nasdaq/PRI/PRI_Monthly_20260704_071453.png
 delete mode 100644 charts/screenshots_nasdaq/PRI/PRI_Weekly_20260703_071003.png
 create mode 100644 charts/screenshots_nasdaq/PRI/PRI_Weekly_20260704_071453.png
 delete mode 100644 charts/screenshots_nasdaq/PRIM/PRIM_1H_20260703_075801.png
 create mode 100644 charts/screenshots_nasdaq/PRIM/PRIM_1H_20260704_080146.png
 delete mode 100644 charts/screenshots_nasdaq/PRIM/PRIM_4H_20260703_075801.png
 create mode 100644 charts/screenshots_nasdaq/PRIM/PRIM_4H_20260704_080146.png
 delete mode 100644 charts/screenshots_nasdaq/PRIM/PRIM_Daily_20260703_075801.png
 create mode 100644 charts/screenshots_nasdaq/PRIM/PRIM_Daily_20260704_080146.png
 delete mode 100644 charts/screenshots_nasdaq/PRIM/PRIM_Monthly_20260703_075801.png
 create mode 100644 charts/screenshots_nasdaq/PRIM/PRIM_Monthly_20260704_080146.png
 delete mode 100644 charts/screenshots_nasdaq/PRIM/PRIM_Weekly_20260703_075801.png
 create mode 100644 charts/screenshots_nasdaq/PRIM/PRIM_Weekly_20260704_080146.png
 delete mode 100644 charts/screenshots_nasdaq/PTGX/PTGX_1H_20260703_073304.png
 create mode 100644 charts/screenshots_nasdaq/PTGX/PTGX_1H_20260704_073638.png
 delete mode 100644 charts/screenshots_nasdaq/PTGX/PTGX_4H_20260703_073304.png
 create mode 100644 charts/screenshots_nasdaq/PTGX/PTGX_4H_20260704_073638.png
 delete mode 100644 charts/screenshots_nasdaq/PTGX/PTGX_Daily_20260703_073304.png
 create mode 100644 charts/screenshots_nasdaq/PTGX/PTGX_Daily_20260704_073638.png
 delete mode 100644 charts/screenshots_nasdaq/PTGX/PTGX_Monthly_20260703_073304.png
 create mode 100644 charts/screenshots_nasdaq/PTGX/PTGX_Monthly_20260704_073638.png
 delete mode 100644 charts/screenshots_nasdaq/PTGX/PTGX_Weekly_20260703_073304.png
 create mode 100644 charts/screenshots_nasdaq/PTGX/PTGX_Weekly_20260704_073638.png
 delete mode 100644 charts/screenshots_nasdaq/RELY/RELY_1H_20260703_071042.png
 create mode 100644 charts/screenshots_nasdaq/RELY/RELY_1H_20260704_071533.png
 delete mode 100644 charts/screenshots_nasdaq/RELY/RELY_4H_20260703_071042.png
 create mode 100644 charts/screenshots_nasdaq/RELY/RELY_4H_20260704_071533.png
 delete mode 100644 charts/screenshots_nasdaq/RELY/RELY_Daily_20260703_071042.png
 create mode 100644 charts/screenshots_nasdaq/RELY/RELY_Daily_20260704_071533.png
 delete mode 100644 charts/screenshots_nasdaq/RELY/RELY_Monthly_20260703_071042.png
 create mode 100644 charts/screenshots_nasdaq/RELY/RELY_Monthly_20260704_071533.png
 delete mode 100644 charts/screenshots_nasdaq/RELY/RELY_Weekly_20260703_071042.png
 create mode 100644 charts/screenshots_nasdaq/RELY/RELY_Weekly_20260704_071533.png
 delete mode 100644 charts/screenshots_nasdaq/RGNT/RGNT_1H_20260703_075206.png
 create mode 100644 charts/screenshots_nasdaq/RGNT/RGNT_1H_20260704_075310.png
 delete mode 100644 charts/screenshots_nasdaq/RGNT/RGNT_4H_20260703_075206.png
 create mode 100644 charts/screenshots_nasdaq/RGNT/RGNT_4H_20260704_075310.png
 delete mode 100644 charts/screenshots_nasdaq/RGNT/RGNT_Daily_20260703_075206.png
 create mode 100644 charts/screenshots_nasdaq/RGNT/RGNT_Daily_20260704_075310.png
 delete mode 100644 charts/screenshots_nasdaq/RGNT/RGNT_Monthly_20260703_075206.png
 create mode 100644 charts/screenshots_nasdaq/RGNT/RGNT_Monthly_20260704_075310.png
 delete mode 100644 charts/screenshots_nasdaq/RGNT/RGNT_Weekly_20260703_075206.png
 create mode 100644 charts/screenshots_nasdaq/RGNT/RGNT_Weekly_20260704_075310.png
 delete mode 100644 charts/screenshots_nasdaq/RNR/RNR_1H_20260703_064942.png
 create mode 100644 charts/screenshots_nasdaq/RNR/RNR_1H_20260704_065304.png
 delete mode 100644 charts/screenshots_nasdaq/RNR/RNR_4H_20260703_064942.png
 create mode 100644 charts/screenshots_nasdaq/RNR/RNR_4H_20260704_065304.png
 delete mode 100644 charts/screenshots_nasdaq/RNR/RNR_Daily_20260703_064942.png
 create mode 100644 charts/screenshots_nasdaq/RNR/RNR_Daily_20260704_065304.png
 delete mode 100644 charts/screenshots_nasdaq/RNR/RNR_Monthly_20260703_064942.png
 create mode 100644 charts/screenshots_nasdaq/RNR/RNR_Monthly_20260704_065304.png
 delete mode 100644 charts/screenshots_nasdaq/RNR/RNR_Weekly_20260703_064942.png
 create mode 100644 charts/screenshots_nasdaq/RNR/RNR_Weekly_20260704_065304.png
 delete mode 100644 charts/screenshots_nasdaq/ROIV/ROIV_1H_20260703_065814.png
 create mode 100644 charts/screenshots_nasdaq/ROIV/ROIV_1H_20260704_065941.png
 delete mode 100644 charts/screenshots_nasdaq/ROIV/ROIV_4H_20260703_065814.png
 create mode 100644 charts/screenshots_nasdaq/ROIV/ROIV_4H_20260704_065941.png
 delete mode 100644 charts/screenshots_nasdaq/ROIV/ROIV_Daily_20260703_065814.png
 create mode 100644 charts/screenshots_nasdaq/ROIV/ROIV_Daily_20260704_065941.png
 delete mode 100644 charts/screenshots_nasdaq/ROIV/ROIV_Monthly_20260703_065814.png
 create mode 100644 charts/screenshots_nasdaq/ROIV/ROIV_Monthly_20260704_065941.png
 delete mode 100644 charts/screenshots_nasdaq/ROIV/ROIV_Weekly_20260703_065814.png
 create mode 100644 charts/screenshots_nasdaq/ROIV/ROIV_Weekly_20260704_065941.png
 delete mode 100644 charts/screenshots_nasdaq/RSI/RSI_1H_20260703_065021.png
 create mode 100644 charts/screenshots_nasdaq/RSI/RSI_1H_20260704_065344.png
 delete mode 100644 charts/screenshots_nasdaq/RSI/RSI_4H_20260703_065021.png
 create mode 100644 charts/screenshots_nasdaq/RSI/RSI_4H_20260704_065344.png
 delete mode 100644 charts/screenshots_nasdaq/RSI/RSI_Daily_20260703_065021.png
 create mode 100644 charts/screenshots_nasdaq/RSI/RSI_Daily_20260704_065344.png
 delete mode 100644 charts/screenshots_nasdaq/RSI/RSI_Monthly_20260703_065021.png
 create mode 100644 charts/screenshots_nasdaq/RSI/RSI_Monthly_20260704_065344.png
 delete mode 100644 charts/screenshots_nasdaq/RSI/RSI_Weekly_20260703_065021.png
 create mode 100644 charts/screenshots_nasdaq/RSI/RSI_Weekly_20260704_065344.png
 delete mode 100644 charts/screenshots_nasdaq/RVMD/RVMD_1H_20260703_065100.png
 create mode 100644 charts/screenshots_nasdaq/RVMD/RVMD_1H_20260704_065423.png
 delete mode 100644 charts/screenshots_nasdaq/RVMD/RVMD_4H_20260703_065100.png
 create mode 100644 charts/screenshots_nasdaq/RVMD/RVMD_4H_20260704_065423.png
 delete mode 100644 charts/screenshots_nasdaq/RVMD/RVMD_Daily_20260703_065100.png
 create mode 100644 charts/screenshots_nasdaq/RVMD/RVMD_Daily_20260704_065423.png
 delete mode 100644 charts/screenshots_nasdaq/RVMD/RVMD_Monthly_20260703_065100.png
 create mode 100644 charts/screenshots_nasdaq/RVMD/RVMD_Monthly_20260704_065423.png
 delete mode 100644 charts/screenshots_nasdaq/RVMD/RVMD_Weekly_20260703_065100.png
 create mode 100644 charts/screenshots_nasdaq/RVMD/RVMD_Weekly_20260704_065423.png
 delete mode 100644 charts/screenshots_nasdaq/RZLV/RZLV_1H_20260703_074850.png
 create mode 100644 charts/screenshots_nasdaq/RZLV/RZLV_1H_20260704_074953.png
 delete mode 100644 charts/screenshots_nasdaq/RZLV/RZLV_4H_20260703_074850.png
 create mode 100644 charts/screenshots_nasdaq/RZLV/RZLV_4H_20260704_074953.png
 delete mode 100644 charts/screenshots_nasdaq/RZLV/RZLV_Daily_20260703_074850.png
 create mode 100644 charts/screenshots_nasdaq/RZLV/RZLV_Daily_20260704_074953.png
 delete mode 100644 charts/screenshots_nasdaq/RZLV/RZLV_Monthly_20260703_074850.png
 create mode 100644 charts/screenshots_nasdaq/RZLV/RZLV_Monthly_20260704_074953.png
 delete mode 100644 charts/screenshots_nasdaq/RZLV/RZLV_Weekly_20260703_074850.png
 create mode 100644 charts/screenshots_nasdaq/RZLV/RZLV_Weekly_20260704_074953.png
 delete mode 100644 charts/screenshots_nasdaq/SBSW/SBSW_1H_20260703_075722.png
 create mode 100644 charts/screenshots_nasdaq/SBSW/SBSW_1H_20260704_075908.png
 delete mode 100644 charts/screenshots_nasdaq/SBSW/SBSW_4H_20260703_075722.png
 create mode 100644 charts/screenshots_nasdaq/SBSW/SBSW_4H_20260704_075908.png
 delete mode 100644 charts/screenshots_nasdaq/SBSW/SBSW_Daily_20260703_075722.png
 create mode 100644 charts/screenshots_nasdaq/SBSW/SBSW_Daily_20260704_075908.png
 delete mode 100644 charts/screenshots_nasdaq/SBSW/SBSW_Monthly_20260703_075722.png
 create mode 100644 charts/screenshots_nasdaq/SBSW/SBSW_Monthly_20260704_075908.png
 delete mode 100644 charts/screenshots_nasdaq/SBSW/SBSW_Weekly_20260703_075722.png
 create mode 100644 charts/screenshots_nasdaq/SBSW/SBSW_Weekly_20260704_075908.png
 delete mode 100644 charts/screenshots_nasdaq/SEZL/SEZL_1H_20260703_072034.png
 create mode 100644 charts/screenshots_nasdaq/SEZL/SEZL_1H_20260704_072645.png
 delete mode 100644 charts/screenshots_nasdaq/SEZL/SEZL_4H_20260703_072034.png
 create mode 100644 charts/screenshots_nasdaq/SEZL/SEZL_4H_20260704_072645.png
 delete mode 100644 charts/screenshots_nasdaq/SEZL/SEZL_Daily_20260703_072034.png
 create mode 100644 charts/screenshots_nasdaq/SEZL/SEZL_Daily_20260704_072645.png
 delete mode 100644 charts/screenshots_nasdaq/SEZL/SEZL_Monthly_20260703_072034.png
 create mode 100644 charts/screenshots_nasdaq/SEZL/SEZL_Monthly_20260704_072645.png
 delete mode 100644 charts/screenshots_nasdaq/SEZL/SEZL_Weekly_20260703_072034.png
 create mode 100644 charts/screenshots_nasdaq/SEZL/SEZL_Weekly_20260704_072645.png
 delete mode 100644 charts/screenshots_nasdaq/SIDU/SIDU_1H_20260703_080437.png
 create mode 100644 charts/screenshots_nasdaq/SIDU/SIDU_1H_20260704_080744.png
 delete mode 100644 charts/screenshots_nasdaq/SIDU/SIDU_4H_20260703_080437.png
 create mode 100644 charts/screenshots_nasdaq/SIDU/SIDU_4H_20260704_080744.png
 delete mode 100644 charts/screenshots_nasdaq/SIDU/SIDU_Daily_20260703_080437.png
 create mode 100644 charts/screenshots_nasdaq/SIDU/SIDU_Daily_20260704_080744.png
 delete mode 100644 charts/screenshots_nasdaq/SIDU/SIDU_Monthly_20260703_080437.png
 create mode 100644 charts/screenshots_nasdaq/SIDU/SIDU_Monthly_20260704_080744.png
 delete mode 100644 charts/screenshots_nasdaq/SIDU/SIDU_Weekly_20260703_080437.png
 create mode 100644 charts/screenshots_nasdaq/SIDU/SIDU_Weekly_20260704_080744.png
 delete mode 100644 charts/screenshots_nasdaq/SIGI/SIGI_1H_20260703_072946.png
 create mode 100644 charts/screenshots_nasdaq/SIGI/SIGI_1H_20260704_073440.png
 delete mode 100644 charts/screenshots_nasdaq/SIGI/SIGI_4H_20260703_072946.png
 create mode 100644 charts/screenshots_nasdaq/SIGI/SIGI_4H_20260704_073440.png
 delete mode 100644 charts/screenshots_nasdaq/SIGI/SIGI_Daily_20260703_072946.png
 create mode 100644 charts/screenshots_nasdaq/SIGI/SIGI_Daily_20260704_073440.png
 delete mode 100644 charts/screenshots_nasdaq/SIGI/SIGI_Monthly_20260703_072946.png
 create mode 100644 charts/screenshots_nasdaq/SIGI/SIGI_Monthly_20260704_073440.png
 delete mode 100644 charts/screenshots_nasdaq/SIGI/SIGI_Weekly_20260703_072946.png
 create mode 100644 charts/screenshots_nasdaq/SIGI/SIGI_Weekly_20260704_073440.png
 delete mode 100644 charts/screenshots_nasdaq/SLS/SLS_1H_20260703_070250.png
 create mode 100644 charts/screenshots_nasdaq/SLS/SLS_1H_20260704_070736.png
 delete mode 100644 charts/screenshots_nasdaq/SLS/SLS_4H_20260703_070250.png
 create mode 100644 charts/screenshots_nasdaq/SLS/SLS_4H_20260704_070736.png
 delete mode 100644 charts/screenshots_nasdaq/SLS/SLS_Daily_20260703_070250.png
 create mode 100644 charts/screenshots_nasdaq/SLS/SLS_Daily_20260704_070736.png
 delete mode 100644 charts/screenshots_nasdaq/SLS/SLS_Monthly_20260703_070250.png
 create mode 100644 charts/screenshots_nasdaq/SLS/SLS_Monthly_20260704_070736.png
 delete mode 100644 charts/screenshots_nasdaq/SLS/SLS_Weekly_20260703_070250.png
 create mode 100644 charts/screenshots_nasdaq/SLS/SLS_Weekly_20260704_070736.png
 delete mode 100644 charts/screenshots_nasdaq/SMCI/SMCI_1H_20260703_075445.png
 create mode 100644 charts/screenshots_nasdaq/SMCI/SMCI_1H_20260704_075550.png
 delete mode 100644 charts/screenshots_nasdaq/SMCI/SMCI_4H_20260703_075445.png
 create mode 100644 charts/screenshots_nasdaq/SMCI/SMCI_4H_20260704_075550.png
 delete mode 100644 charts/screenshots_nasdaq/SMCI/SMCI_Daily_20260703_075445.png
 create mode 100644 charts/screenshots_nasdaq/SMCI/SMCI_Daily_20260704_075550.png
 delete mode 100644 charts/screenshots_nasdaq/SMCI/SMCI_Monthly_20260703_075445.png
 create mode 100644 charts/screenshots_nasdaq/SMCI/SMCI_Monthly_20260704_075550.png
 delete mode 100644 charts/screenshots_nasdaq/SMCI/SMCI_Weekly_20260703_075445.png
 create mode 100644 charts/screenshots_nasdaq/SMCI/SMCI_Weekly_20260704_075550.png
 delete mode 100644 charts/screenshots_nasdaq/SMR/SMR_1H_20260703_080716.png
 create mode 100644 charts/screenshots_nasdaq/SMR/SMR_1H_20260704_081144.png
 delete mode 100644 charts/screenshots_nasdaq/SMR/SMR_4H_20260703_080716.png
 create mode 100644 charts/screenshots_nasdaq/SMR/SMR_4H_20260704_081144.png
 delete mode 100644 charts/screenshots_nasdaq/SMR/SMR_Daily_20260703_080716.png
 create mode 100644 charts/screenshots_nasdaq/SMR/SMR_Daily_20260704_081144.png
 delete mode 100644 charts/screenshots_nasdaq/SMR/SMR_Monthly_20260703_080716.png
 create mode 100644 charts/screenshots_nasdaq/SMR/SMR_Monthly_20260704_081144.png
 delete mode 100644 charts/screenshots_nasdaq/SMR/SMR_Weekly_20260703_080716.png
 create mode 100644 charts/screenshots_nasdaq/SMR/SMR_Weekly_20260704_081144.png
 delete mode 100644 charts/screenshots_nasdaq/SN/SN_1H_20260703_063833.png
 create mode 100644 charts/screenshots_nasdaq/SN/SN_1H_20260704_063835.png
 delete mode 100644 charts/screenshots_nasdaq/SN/SN_4H_20260703_063833.png
 create mode 100644 charts/screenshots_nasdaq/SN/SN_4H_20260704_063835.png
 delete mode 100644 charts/screenshots_nasdaq/SN/SN_Daily_20260703_063833.png
 create mode 100644 charts/screenshots_nasdaq/SN/SN_Daily_20260704_063835.png
 delete mode 100644 charts/screenshots_nasdaq/SN/SN_Monthly_20260703_063833.png
 create mode 100644 charts/screenshots_nasdaq/SN/SN_Monthly_20260704_063835.png
 delete mode 100644 charts/screenshots_nasdaq/SN/SN_Weekly_20260703_063833.png
 create mode 100644 charts/screenshots_nasdaq/SN/SN_Weekly_20260704_063835.png
 delete mode 100644 charts/screenshots_nasdaq/SOC/SOC_1H_20260703_075603.png
 create mode 100644 charts/screenshots_nasdaq/SOC/SOC_1H_20260704_075828.png
 delete mode 100644 charts/screenshots_nasdaq/SOC/SOC_4H_20260703_075603.png
 create mode 100644 charts/screenshots_nasdaq/SOC/SOC_4H_20260704_075828.png
 delete mode 100644 charts/screenshots_nasdaq/SOC/SOC_Daily_20260703_075603.png
 create mode 100644 charts/screenshots_nasdaq/SOC/SOC_Daily_20260704_075828.png
 delete mode 100644 charts/screenshots_nasdaq/SOC/SOC_Monthly_20260703_075603.png
 create mode 100644 charts/screenshots_nasdaq/SOC/SOC_Monthly_20260704_075828.png
 delete mode 100644 charts/screenshots_nasdaq/SOC/SOC_Weekly_20260703_075603.png
 create mode 100644 charts/screenshots_nasdaq/SOC/SOC_Weekly_20260704_075828.png
 delete mode 100644 charts/screenshots_nasdaq/SON/SON_1H_20260703_073343.png
 create mode 100644 charts/screenshots_nasdaq/SON/SON_1H_20260704_073718.png
 delete mode 100644 charts/screenshots_nasdaq/SON/SON_4H_20260703_073343.png
 create mode 100644 charts/screenshots_nasdaq/SON/SON_4H_20260704_073718.png
 delete mode 100644 charts/screenshots_nasdaq/SON/SON_Daily_20260703_073343.png
 create mode 100644 charts/screenshots_nasdaq/SON/SON_Daily_20260704_073718.png
 delete mode 100644 charts/screenshots_nasdaq/SON/SON_Monthly_20260703_073343.png
 create mode 100644 charts/screenshots_nasdaq/SON/SON_Monthly_20260704_073718.png
 delete mode 100644 charts/screenshots_nasdaq/SON/SON_Weekly_20260703_073343.png
 create mode 100644 charts/screenshots_nasdaq/SON/SON_Weekly_20260704_073718.png
 delete mode 100644 charts/screenshots_nasdaq/SPCE/SPCE_1H_20260703_075326.png
 create mode 100644 charts/screenshots_nasdaq/SPCE/SPCE_1H_20260704_075430.png
 delete mode 100644 charts/screenshots_nasdaq/SPCE/SPCE_4H_20260703_075326.png
 create mode 100644 charts/screenshots_nasdaq/SPCE/SPCE_4H_20260704_075430.png
 delete mode 100644 charts/screenshots_nasdaq/SPCE/SPCE_Daily_20260703_075326.png
 create mode 100644 charts/screenshots_nasdaq/SPCE/SPCE_Daily_20260704_075430.png
 delete mode 100644 charts/screenshots_nasdaq/SPCE/SPCE_Monthly_20260703_075326.png
 create mode 100644 charts/screenshots_nasdaq/SPCE/SPCE_Monthly_20260704_075430.png
 delete mode 100644 charts/screenshots_nasdaq/SPCE/SPCE_Weekly_20260703_075326.png
 create mode 100644 charts/screenshots_nasdaq/SPCE/SPCE_Weekly_20260704_075430.png
 delete mode 100644 charts/screenshots_nasdaq/SRRK/SRRK_1H_20260703_064426.png
 create mode 100644 charts/screenshots_nasdaq/SRRK/SRRK_1H_20260704_064826.png
 delete mode 100644 charts/screenshots_nasdaq/SRRK/SRRK_4H_20260703_064426.png
 create mode 100644 charts/screenshots_nasdaq/SRRK/SRRK_4H_20260704_064826.png
 delete mode 100644 charts/screenshots_nasdaq/SRRK/SRRK_Daily_20260703_064426.png
 create mode 100644 charts/screenshots_nasdaq/SRRK/SRRK_Daily_20260704_064826.png
 delete mode 100644 charts/screenshots_nasdaq/SRRK/SRRK_Monthly_20260703_064426.png
 create mode 100644 charts/screenshots_nasdaq/SRRK/SRRK_Monthly_20260704_064826.png
 delete mode 100644 charts/screenshots_nasdaq/SRRK/SRRK_Weekly_20260703_064426.png
 create mode 100644 charts/screenshots_nasdaq/SRRK/SRRK_Weekly_20260704_064826.png
 delete mode 100644 charts/screenshots_nasdaq/STI/STI_1H_20260703_071122.png
 create mode 100644 charts/screenshots_nasdaq/STI/STI_1H_20260704_071652.png
 delete mode 100644 charts/screenshots_nasdaq/STI/STI_4H_20260703_071122.png
 create mode 100644 charts/screenshots_nasdaq/STI/STI_4H_20260704_071652.png
 delete mode 100644 charts/screenshots_nasdaq/STI/STI_Daily_20260703_071122.png
 create mode 100644 charts/screenshots_nasdaq/STI/STI_Daily_20260704_071652.png
 delete mode 100644 charts/screenshots_nasdaq/STI/STI_Monthly_20260703_071122.png
 create mode 100644 charts/screenshots_nasdaq/STI/STI_Monthly_20260704_071652.png
 delete mode 100644 charts/screenshots_nasdaq/STI/STI_Weekly_20260703_071122.png
 create mode 100644 charts/screenshots_nasdaq/STI/STI_Weekly_20260704_071652.png
 delete mode 100644 charts/screenshots_nasdaq/SUNE/SUNE_1H_20260703_074731.png
 create mode 100644 charts/screenshots_nasdaq/SUNE/SUNE_1H_20260704_074754.png
 delete mode 100644 charts/screenshots_nasdaq/SUNE/SUNE_4H_20260703_074731.png
 create mode 100644 charts/screenshots_nasdaq/SUNE/SUNE_4H_20260704_074754.png
 delete mode 100644 charts/screenshots_nasdaq/SUNE/SUNE_Daily_20260703_074731.png
 create mode 100644 charts/screenshots_nasdaq/SUNE/SUNE_Daily_20260704_074754.png
 delete mode 100644 charts/screenshots_nasdaq/SUNE/SUNE_Monthly_20260703_074731.png
 create mode 100644 charts/screenshots_nasdaq/SUNE/SUNE_Monthly_20260704_074754.png
 delete mode 100644 charts/screenshots_nasdaq/SUNE/SUNE_Weekly_20260703_074731.png
 create mode 100644 charts/screenshots_nasdaq/SUNE/SUNE_Weekly_20260704_074754.png
 delete mode 100644 charts/screenshots_nasdaq/TECH/TECH_1H_20260703_072748.png
 create mode 100644 charts/screenshots_nasdaq/TECH/TECH_1H_20260704_073242.png
 delete mode 100644 charts/screenshots_nasdaq/TECH/TECH_4H_20260703_072748.png
 create mode 100644 charts/screenshots_nasdaq/TECH/TECH_4H_20260704_073242.png
 delete mode 100644 charts/screenshots_nasdaq/TECH/TECH_Daily_20260703_072748.png
 create mode 100644 charts/screenshots_nasdaq/TECH/TECH_Daily_20260704_073242.png
 delete mode 100644 charts/screenshots_nasdaq/TECH/TECH_Monthly_20260703_072748.png
 create mode 100644 charts/screenshots_nasdaq/TECH/TECH_Monthly_20260704_073242.png
 delete mode 100644 charts/screenshots_nasdaq/TECH/TECH_Weekly_20260703_072748.png
 create mode 100644 charts/screenshots_nasdaq/TECH/TECH_Weekly_20260704_073242.png
 delete mode 100644 charts/screenshots_nasdaq/TENB/TENB_1H_20260703_074612.png
 create mode 100644 charts/screenshots_nasdaq/TENB/TENB_1H_20260704_074553.png
 delete mode 100644 charts/screenshots_nasdaq/TENB/TENB_4H_20260703_074612.png
 create mode 100644 charts/screenshots_nasdaq/TENB/TENB_4H_20260704_074553.png
 delete mode 100644 charts/screenshots_nasdaq/TENB/TENB_Daily_20260703_074612.png
 create mode 100644 charts/screenshots_nasdaq/TENB/TENB_Daily_20260704_074553.png
 delete mode 100644 charts/screenshots_nasdaq/TENB/TENB_Monthly_20260703_074612.png
 create mode 100644 charts/screenshots_nasdaq/TENB/TENB_Monthly_20260704_074553.png
 delete mode 100644 charts/screenshots_nasdaq/TENB/TENB_Weekly_20260703_074612.png
 create mode 100644 charts/screenshots_nasdaq/TENB/TENB_Weekly_20260704_074553.png
 delete mode 100644 charts/screenshots_nasdaq/THG/THG_1H_20260703_071638.png
 create mode 100644 charts/screenshots_nasdaq/THG/THG_1H_20260704_072248.png
 delete mode 100644 charts/screenshots_nasdaq/THG/THG_4H_20260703_071638.png
 create mode 100644 charts/screenshots_nasdaq/THG/THG_4H_20260704_072248.png
 delete mode 100644 charts/screenshots_nasdaq/THG/THG_Daily_20260703_071638.png
 create mode 100644 charts/screenshots_nasdaq/THG/THG_Daily_20260704_072248.png
 delete mode 100644 charts/screenshots_nasdaq/THG/THG_Monthly_20260703_071638.png
 create mode 100644 charts/screenshots_nasdaq/THG/THG_Monthly_20260704_072248.png
 delete mode 100644 charts/screenshots_nasdaq/THG/THG_Weekly_20260703_071638.png
 create mode 100644 charts/screenshots_nasdaq/THG/THG_Weekly_20260704_072248.png
 delete mode 100644 charts/screenshots_nasdaq/TMDX/TMDX_1H_20260703_080953.png
 create mode 100644 charts/screenshots_nasdaq/TMDX/TMDX_1H_20260704_081304.png
 delete mode 100644 charts/screenshots_nasdaq/TMDX/TMDX_4H_20260703_080953.png
 create mode 100644 charts/screenshots_nasdaq/TMDX/TMDX_4H_20260704_081304.png
 delete mode 100644 charts/screenshots_nasdaq/TMDX/TMDX_Daily_20260703_080953.png
 create mode 100644 charts/screenshots_nasdaq/TMDX/TMDX_Daily_20260704_081304.png
 delete mode 100644 charts/screenshots_nasdaq/TMDX/TMDX_Monthly_20260703_080953.png
 create mode 100644 charts/screenshots_nasdaq/TMDX/TMDX_Monthly_20260704_081304.png
 delete mode 100644 charts/screenshots_nasdaq/TMDX/TMDX_Weekly_20260703_080953.png
 create mode 100644 charts/screenshots_nasdaq/TMDX/TMDX_Weekly_20260704_081304.png
 delete mode 100644 charts/screenshots_nasdaq/TRV/TRV_1H_20260703_074414.png
 create mode 100644 charts/screenshots_nasdaq/TRV/TRV_1H_20260704_074513.png
 delete mode 100644 charts/screenshots_nasdaq/TRV/TRV_4H_20260703_074414.png
 create mode 100644 charts/screenshots_nasdaq/TRV/TRV_4H_20260704_074513.png
 delete mode 100644 charts/screenshots_nasdaq/TRV/TRV_Daily_20260703_074414.png
 create mode 100644 charts/screenshots_nasdaq/TRV/TRV_Daily_20260704_074513.png
 delete mode 100644 charts/screenshots_nasdaq/TRV/TRV_Monthly_20260703_074414.png
 create mode 100644 charts/screenshots_nasdaq/TRV/TRV_Monthly_20260704_074513.png
 delete mode 100644 charts/screenshots_nasdaq/TRV/TRV_Weekly_20260703_074414.png
 create mode 100644 charts/screenshots_nasdaq/TRV/TRV_Weekly_20260704_074513.png
 delete mode 100644 charts/screenshots_nasdaq/TVTX/TVTX_1H_20260703_065417.png
 create mode 100644 charts/screenshots_nasdaq/TVTX/TVTX_1H_20260704_065623.png
 delete mode 100644 charts/screenshots_nasdaq/TVTX/TVTX_4H_20260703_065417.png
 create mode 100644 charts/screenshots_nasdaq/TVTX/TVTX_4H_20260704_065623.png
 delete mode 100644 charts/screenshots_nasdaq/TVTX/TVTX_Daily_20260703_065417.png
 create mode 100644 charts/screenshots_nasdaq/TVTX/TVTX_Daily_20260704_065623.png
 delete mode 100644 charts/screenshots_nasdaq/TVTX/TVTX_Monthly_20260703_065417.png
 create mode 100644 charts/screenshots_nasdaq/TVTX/TVTX_Monthly_20260704_065623.png
 delete mode 100644 charts/screenshots_nasdaq/TVTX/TVTX_Weekly_20260703_065417.png
 create mode 100644 charts/screenshots_nasdaq/TVTX/TVTX_Weekly_20260704_065623.png
 delete mode 100644 charts/screenshots_nasdaq/TWST/TWST_1H_20260703_065853.png
 create mode 100644 charts/screenshots_nasdaq/TWST/TWST_1H_20260704_070020.png
 delete mode 100644 charts/screenshots_nasdaq/TWST/TWST_4H_20260703_065853.png
 create mode 100644 charts/screenshots_nasdaq/TWST/TWST_4H_20260704_070020.png
 delete mode 100644 charts/screenshots_nasdaq/TWST/TWST_Daily_20260703_065853.png
 create mode 100644 charts/screenshots_nasdaq/TWST/TWST_Daily_20260704_070020.png
 delete mode 100644 charts/screenshots_nasdaq/TWST/TWST_Monthly_20260703_065853.png
 create mode 100644 charts/screenshots_nasdaq/TWST/TWST_Monthly_20260704_070020.png
 delete mode 100644 charts/screenshots_nasdaq/TWST/TWST_Weekly_20260703_065853.png
 create mode 100644 charts/screenshots_nasdaq/TWST/TWST_Weekly_20260704_070020.png
 delete mode 100644 charts/screenshots_nasdaq/TXG/TXG_1H_20260703_065933.png
 create mode 100644 charts/screenshots_nasdaq/TXG/TXG_1H_20260704_070100.png
 delete mode 100644 charts/screenshots_nasdaq/TXG/TXG_4H_20260703_065933.png
 create mode 100644 charts/screenshots_nasdaq/TXG/TXG_4H_20260704_070100.png
 delete mode 100644 charts/screenshots_nasdaq/TXG/TXG_Daily_20260703_065933.png
 create mode 100644 charts/screenshots_nasdaq/TXG/TXG_Daily_20260704_070100.png
 delete mode 100644 charts/screenshots_nasdaq/TXG/TXG_Monthly_20260703_065933.png
 create mode 100644 charts/screenshots_nasdaq/TXG/TXG_Monthly_20260704_070100.png
 delete mode 100644 charts/screenshots_nasdaq/TXG/TXG_Weekly_20260703_065933.png
 create mode 100644 charts/screenshots_nasdaq/TXG/TXG_Weekly_20260704_070100.png
 delete mode 100644 charts/screenshots_nasdaq/UAL/UAL_1H_20260703_064109.png
 create mode 100644 charts/screenshots_nasdaq/UAL/UAL_1H_20260704_064548.png
 delete mode 100644 charts/screenshots_nasdaq/UAL/UAL_4H_20260703_064109.png
 create mode 100644 charts/screenshots_nasdaq/UAL/UAL_4H_20260704_064548.png
 delete mode 100644 charts/screenshots_nasdaq/UAL/UAL_Daily_20260703_064109.png
 create mode 100644 charts/screenshots_nasdaq/UAL/UAL_Daily_20260704_064548.png
 delete mode 100644 charts/screenshots_nasdaq/UAL/UAL_Monthly_20260703_064109.png
 create mode 100644 charts/screenshots_nasdaq/UAL/UAL_Monthly_20260704_064548.png
 delete mode 100644 charts/screenshots_nasdaq/UAL/UAL_Weekly_20260703_064109.png
 create mode 100644 charts/screenshots_nasdaq/UAL/UAL_Weekly_20260704_064548.png
 delete mode 100644 charts/screenshots_nasdaq/UFPT/UFPT_1H_20260703_073105.png
 create mode 100644 charts/screenshots_nasdaq/UFPT/UFPT_1H_20260704_073559.png
 delete mode 100644 charts/screenshots_nasdaq/UFPT/UFPT_4H_20260703_073105.png
 create mode 100644 charts/screenshots_nasdaq/UFPT/UFPT_4H_20260704_073559.png
 delete mode 100644 charts/screenshots_nasdaq/UFPT/UFPT_Daily_20260703_073105.png
 create mode 100644 charts/screenshots_nasdaq/UFPT/UFPT_Daily_20260704_073559.png
 delete mode 100644 charts/screenshots_nasdaq/UFPT/UFPT_Monthly_20260703_073105.png
 create mode 100644 charts/screenshots_nasdaq/UFPT/UFPT_Monthly_20260704_073559.png
 delete mode 100644 charts/screenshots_nasdaq/UFPT/UFPT_Weekly_20260703_073105.png
 create mode 100644 charts/screenshots_nasdaq/UFPT/UFPT_Weekly_20260704_073559.png
 delete mode 100644 charts/screenshots_nasdaq/UPST/UPST_1H_20260703_075048.png
 create mode 100644 charts/screenshots_nasdaq/UPST/UPST_1H_20260704_075231.png
 delete mode 100644 charts/screenshots_nasdaq/UPST/UPST_4H_20260703_075048.png
 create mode 100644 charts/screenshots_nasdaq/UPST/UPST_4H_20260704_075231.png
 delete mode 100644 charts/screenshots_nasdaq/UPST/UPST_Daily_20260703_075048.png
 create mode 100644 charts/screenshots_nasdaq/UPST/UPST_Daily_20260704_075231.png
 delete mode 100644 charts/screenshots_nasdaq/UPST/UPST_Monthly_20260703_075048.png
 create mode 100644 charts/screenshots_nasdaq/UPST/UPST_Monthly_20260704_075231.png
 delete mode 100644 charts/screenshots_nasdaq/UPST/UPST_Weekly_20260703_075048.png
 create mode 100644 charts/screenshots_nasdaq/UPST/UPST_Weekly_20260704_075231.png
 delete mode 100644 charts/screenshots_nasdaq/USAR/USAR_1H_20260703_081032.png
 create mode 100644 charts/screenshots_nasdaq/USAR/USAR_1H_20260704_081344.png
 delete mode 100644 charts/screenshots_nasdaq/USAR/USAR_4H_20260703_081032.png
 create mode 100644 charts/screenshots_nasdaq/USAR/USAR_4H_20260704_081344.png
 delete mode 100644 charts/screenshots_nasdaq/USAR/USAR_Daily_20260703_081032.png
 create mode 100644 charts/screenshots_nasdaq/USAR/USAR_Daily_20260704_081344.png
 delete mode 100644 charts/screenshots_nasdaq/USAR/USAR_Monthly_20260703_081032.png
 create mode 100644 charts/screenshots_nasdaq/USAR/USAR_Monthly_20260704_081344.png
 delete mode 100644 charts/screenshots_nasdaq/USAR/USAR_Weekly_20260703_081032.png
 create mode 100644 charts/screenshots_nasdaq/USAR/USAR_Weekly_20260704_081344.png
 delete mode 100644 charts/screenshots_nasdaq/USFD/USFD_1H_20260703_073621.png
 create mode 100644 charts/screenshots_nasdaq/USFD/USFD_1H_20260704_073837.png
 delete mode 100644 charts/screenshots_nasdaq/USFD/USFD_4H_20260703_073621.png
 create mode 100644 charts/screenshots_nasdaq/USFD/USFD_4H_20260704_073837.png
 delete mode 100644 charts/screenshots_nasdaq/USFD/USFD_Daily_20260703_073621.png
 create mode 100644 charts/screenshots_nasdaq/USFD/USFD_Daily_20260704_073837.png
 delete mode 100644 charts/screenshots_nasdaq/USFD/USFD_Monthly_20260703_073621.png
 create mode 100644 charts/screenshots_nasdaq/USFD/USFD_Monthly_20260704_073837.png
 delete mode 100644 charts/screenshots_nasdaq/USFD/USFD_Weekly_20260703_073621.png
 create mode 100644 charts/screenshots_nasdaq/USFD/USFD_Weekly_20260704_073837.png
 delete mode 100644 charts/screenshots_nasdaq/UWMC/UWMC_1H_20260703_080357.png
 create mode 100644 charts/screenshots_nasdaq/UWMC/UWMC_1H_20260704_080704.png
 delete mode 100644 charts/screenshots_nasdaq/UWMC/UWMC_4H_20260703_080357.png
 create mode 100644 charts/screenshots_nasdaq/UWMC/UWMC_4H_20260704_080704.png
 delete mode 100644 charts/screenshots_nasdaq/UWMC/UWMC_Daily_20260703_080357.png
 create mode 100644 charts/screenshots_nasdaq/UWMC/UWMC_Daily_20260704_080704.png
 delete mode 100644 charts/screenshots_nasdaq/UWMC/UWMC_Monthly_20260703_080357.png
 create mode 100644 charts/screenshots_nasdaq/UWMC/UWMC_Monthly_20260704_080704.png
 delete mode 100644 charts/screenshots_nasdaq/UWMC/UWMC_Weekly_20260703_080357.png
 create mode 100644 charts/screenshots_nasdaq/UWMC/UWMC_Weekly_20260704_080704.png
 delete mode 100644 charts/screenshots_nasdaq/VRTX/VRTX_1H_20260703_073701.png
 create mode 100644 charts/screenshots_nasdaq/VRTX/VRTX_1H_20260704_073917.png
 delete mode 100644 charts/screenshots_nasdaq/VRTX/VRTX_4H_20260703_073701.png
 create mode 100644 charts/screenshots_nasdaq/VRTX/VRTX_4H_20260704_073917.png
 delete mode 100644 charts/screenshots_nasdaq/VRTX/VRTX_Daily_20260703_073701.png
 create mode 100644 charts/screenshots_nasdaq/VRTX/VRTX_Daily_20260704_073917.png
 delete mode 100644 charts/screenshots_nasdaq/VRTX/VRTX_Monthly_20260703_073701.png
 create mode 100644 charts/screenshots_nasdaq/VRTX/VRTX_Monthly_20260704_073917.png
 delete mode 100644 charts/screenshots_nasdaq/VRTX/VRTX_Weekly_20260703_073701.png
 create mode 100644 charts/screenshots_nasdaq/VRTX/VRTX_Weekly_20260704_073917.png
 delete mode 100644 charts/screenshots_nasdaq/VSEC/VSEC_1H_20260703_064149.png
 create mode 100644 charts/screenshots_nasdaq/VSEC/VSEC_1H_20260704_064628.png
 delete mode 100644 charts/screenshots_nasdaq/VSEC/VSEC_4H_20260703_064149.png
 create mode 100644 charts/screenshots_nasdaq/VSEC/VSEC_4H_20260704_064628.png
 delete mode 100644 charts/screenshots_nasdaq/VSEC/VSEC_Daily_20260703_064149.png
 create mode 100644 charts/screenshots_nasdaq/VSEC/VSEC_Daily_20260704_064628.png
 delete mode 100644 charts/screenshots_nasdaq/VSEC/VSEC_Monthly_20260703_064149.png
 create mode 100644 charts/screenshots_nasdaq/VSEC/VSEC_Monthly_20260704_064628.png
 delete mode 100644 charts/screenshots_nasdaq/VSEC/VSEC_Weekly_20260703_064149.png
 create mode 100644 charts/screenshots_nasdaq/VSEC/VSEC_Weekly_20260704_064628.png
 delete mode 100644 charts/screenshots_nasdaq/VTR/VTR_1H_20260703_063754.png
 create mode 100644 charts/screenshots_nasdaq/VTR/VTR_1H_20260704_063755.png
 delete mode 100644 charts/screenshots_nasdaq/VTR/VTR_4H_20260703_063754.png
 create mode 100644 charts/screenshots_nasdaq/VTR/VTR_4H_20260704_063755.png
 delete mode 100644 charts/screenshots_nasdaq/VTR/VTR_Daily_20260703_063754.png
 create mode 100644 charts/screenshots_nasdaq/VTR/VTR_Daily_20260704_063755.png
 delete mode 100644 charts/screenshots_nasdaq/VTR/VTR_Monthly_20260703_063754.png
 create mode 100644 charts/screenshots_nasdaq/VTR/VTR_Monthly_20260704_063755.png
 delete mode 100644 charts/screenshots_nasdaq/VTR/VTR_Weekly_20260703_063754.png
 create mode 100644 charts/screenshots_nasdaq/VTR/VTR_Weekly_20260704_063755.png
 delete mode 100644 charts/screenshots_nasdaq/VXX/VXX_1H_20260703_080517.png
 create mode 100644 charts/screenshots_nasdaq/VXX/VXX_1H_20260704_080824.png
 delete mode 100644 charts/screenshots_nasdaq/VXX/VXX_4H_20260703_080517.png
 create mode 100644 charts/screenshots_nasdaq/VXX/VXX_4H_20260704_080824.png
 delete mode 100644 charts/screenshots_nasdaq/VXX/VXX_Daily_20260703_080517.png
 create mode 100644 charts/screenshots_nasdaq/VXX/VXX_Daily_20260704_080824.png
 delete mode 100644 charts/screenshots_nasdaq/VXX/VXX_Monthly_20260703_080517.png
 create mode 100644 charts/screenshots_nasdaq/VXX/VXX_Monthly_20260704_080824.png
 delete mode 100644 charts/screenshots_nasdaq/VXX/VXX_Weekly_20260703_080517.png
 create mode 100644 charts/screenshots_nasdaq/VXX/VXX_Weekly_20260704_080824.png
 delete mode 100644 charts/screenshots_nasdaq/WELL/WELL_1H_20260703_071201.png
 create mode 100644 charts/screenshots_nasdaq/WELL/WELL_1H_20260704_071811.png
 delete mode 100644 charts/screenshots_nasdaq/WELL/WELL_4H_20260703_071201.png
 create mode 100644 charts/screenshots_nasdaq/WELL/WELL_4H_20260704_071811.png
 delete mode 100644 charts/screenshots_nasdaq/WELL/WELL_Daily_20260703_071201.png
 create mode 100644 charts/screenshots_nasdaq/WELL/WELL_Daily_20260704_071811.png
 delete mode 100644 charts/screenshots_nasdaq/WELL/WELL_Monthly_20260703_071201.png
 create mode 100644 charts/screenshots_nasdaq/WELL/WELL_Monthly_20260704_071811.png
 delete mode 100644 charts/screenshots_nasdaq/WELL/WELL_Weekly_20260703_071201.png
 create mode 100644 charts/screenshots_nasdaq/WELL/WELL_Weekly_20260704_071811.png
 delete mode 100644 charts/screenshots_nasdaq/WSBC/WSBC_1H_20260703_065140.png
 create mode 100644 charts/screenshots_nasdaq/WSBC/WSBC_1H_20260704_065503.png
 delete mode 100644 charts/screenshots_nasdaq/WSBC/WSBC_4H_20260703_065140.png
 create mode 100644 charts/screenshots_nasdaq/WSBC/WSBC_4H_20260704_065503.png
 delete mode 100644 charts/screenshots_nasdaq/WSBC/WSBC_Daily_20260703_065140.png
 create mode 100644 charts/screenshots_nasdaq/WSBC/WSBC_Daily_20260704_065503.png
 delete mode 100644 charts/screenshots_nasdaq/WSBC/WSBC_Monthly_20260703_065140.png
 create mode 100644 charts/screenshots_nasdaq/WSBC/WSBC_Monthly_20260704_065503.png
 delete mode 100644 charts/screenshots_nasdaq/WSBC/WSBC_Weekly_20260703_065140.png
 create mode 100644 charts/screenshots_nasdaq/WSBC/WSBC_Weekly_20260704_065503.png
 delete mode 100644 charts/screenshots_nasdaq/WST/WST_1H_20260703_073026.png
 create mode 100644 charts/screenshots_nasdaq/WST/WST_1H_20260704_073519.png
 delete mode 100644 charts/screenshots_nasdaq/WST/WST_4H_20260703_073026.png
 create mode 100644 charts/screenshots_nasdaq/WST/WST_4H_20260704_073519.png
 delete mode 100644 charts/screenshots_nasdaq/WST/WST_Daily_20260703_073026.png
 create mode 100644 charts/screenshots_nasdaq/WST/WST_Daily_20260704_073519.png
 delete mode 100644 charts/screenshots_nasdaq/WST/WST_Monthly_20260703_073026.png
 create mode 100644 charts/screenshots_nasdaq/WST/WST_Monthly_20260704_073519.png
 delete mode 100644 charts/screenshots_nasdaq/WST/WST_Weekly_20260703_073026.png
 create mode 100644 charts/screenshots_nasdaq/WST/WST_Weekly_20260704_073519.png
 delete mode 100644 charts/screenshots_nasdaq/XPEV/XPEV_1H_20260703_080238.png
 create mode 100644 charts/screenshots_nasdaq/XPEV/XPEV_1H_20260704_080425.png
 delete mode 100644 charts/screenshots_nasdaq/XPEV/XPEV_4H_20260703_080238.png
 create mode 100644 charts/screenshots_nasdaq/XPEV/XPEV_4H_20260704_080425.png
 delete mode 100644 charts/screenshots_nasdaq/XPEV/XPEV_Daily_20260703_080238.png
 create mode 100644 charts/screenshots_nasdaq/XPEV/XPEV_Daily_20260704_080425.png
 delete mode 100644 charts/screenshots_nasdaq/XPEV/XPEV_Monthly_20260703_080238.png
 create mode 100644 charts/screenshots_nasdaq/XPEV/XPEV_Monthly_20260704_080425.png
 delete mode 100644 charts/screenshots_nasdaq/XPEV/XPEV_Weekly_20260703_080238.png
 create mode 100644 charts/screenshots_nasdaq/XPEV/XPEV_Weekly_20260704_080425.png
 delete mode 100644 charts/screenshots_nasdaq/ZTS/ZTS_1H_20260703_080318.png
 create mode 100644 charts/screenshots_nasdaq/ZTS/ZTS_1H_20260704_080505.png
 delete mode 100644 charts/screenshots_nasdaq/ZTS/ZTS_4H_20260703_080318.png
 create mode 100644 charts/screenshots_nasdaq/ZTS/ZTS_4H_20260704_080505.png
 delete mode 100644 charts/screenshots_nasdaq/ZTS/ZTS_Daily_20260703_080318.png
 create mode 100644 charts/screenshots_nasdaq/ZTS/ZTS_Daily_20260704_080505.png
 delete mode 100644 charts/screenshots_nasdaq/ZTS/ZTS_Monthly_20260703_080318.png
 create mode 100644 charts/screenshots_nasdaq/ZTS/ZTS_Monthly_20260704_080505.png
 delete mode 100644 charts/screenshots_nasdaq/ZTS/ZTS_Weekly_20260703_080318.png
 create mode 100644 charts/screenshots_nasdaq/ZTS/ZTS_Weekly_20260704_080505.png
[[NASDAQ/NYSE 차트분석]] GitHub 푸시 완료
[[NASDAQ/NYSE 차트분석]] Google Sheets 업데이트 완료 (149개 종목)
[Paper Trading] NASDAQ ranked_df 스냅샷 저장 완료 (239개 종목)

[요약] 전 종목 스캔 완료 – 총 8932.0초 (148.87분) 소요
