============================================================
[1단계] 전 종목 리스트 수집 및 기본 필터링
============================================================
[ticker_fetcher] 나스닥 FTP 서버에서 종목 리스트 다운로드 중...
[ticker_fetcher] 총 7504개 종목 로드 → 비표준 심볼 1262개 제거 → 6242개 보통주
[ticker_fetcher] 1단계 필터링 배치 1/42 (150개 종목)...
[ticker_fetcher] 1단계 필터링 배치 2/42 (150개 종목)...
[ticker_fetcher] 1단계 필터링 배치 3/42 (150개 종목)...
[ticker_fetcher] 1단계 필터링 배치 4/42 (150개 종목)...
[ticker_fetcher] 1단계 필터링 배치 5/42 (150개 종목)...
[ticker_fetcher] 1단계 필터링 배치 6/42 (150개 종목)...
[ticker_fetcher] 1단계 필터링 배치 7/42 (150개 종목)...
[ticker_fetcher] 1단계 필터링 배치 8/42 (150개 종목)...
[ticker_fetcher] 1단계 필터링 배치 9/42 (150개 종목)...
[ticker_fetcher] 1단계 필터링 배치 10/42 (150개 종목)...
[ticker_fetcher] 1단계 필터링 배치 11/42 (150개 종목)...
[ticker_fetcher] 1단계 필터링 배치 12/42 (150개 종목)...
[ticker_fetcher] 1단계 필터링 배치 13/42 (150개 종목)...
[ticker_fetcher] 1단계 필터링 배치 14/42 (150개 종목)...
[ticker_fetcher] 1단계 필터링 배치 15/42 (150개 종목)...
[ticker_fetcher] 1단계 필터링 배치 16/42 (150개 종목)...
[ticker_fetcher] 1단계 필터링 배치 17/42 (150개 종목)...
[ticker_fetcher] 1단계 필터링 배치 18/42 (150개 종목)...
[ticker_fetcher] 1단계 필터링 배치 19/42 (150개 종목)...
[ticker_fetcher] 1단계 필터링 배치 20/42 (150개 종목)...
[ticker_fetcher] 1단계 필터링 배치 21/42 (150개 종목)...
[ticker_fetcher] 1단계 필터링 배치 22/42 (150개 종목)...
[ticker_fetcher] 1단계 필터링 배치 23/42 (150개 종목)...
[ticker_fetcher] 1단계 필터링 배치 24/42 (150개 종목)...
[ticker_fetcher] 1단계 필터링 배치 25/42 (150개 종목)...
[ticker_fetcher] 1단계 필터링 배치 26/42 (150개 종목)...
[ticker_fetcher] 1단계 필터링 배치 27/42 (150개 종목)...
[ticker_fetcher] 1단계 필터링 배치 28/42 (150개 종목)...
[ticker_fetcher] 1단계 필터링 배치 29/42 (150개 종목)...
[ticker_fetcher] 1단계 필터링 배치 30/42 (150개 종목)...
[ticker_fetcher] 1단계 필터링 배치 31/42 (150개 종목)...
[ticker_fetcher] 1단계 필터링 배치 32/42 (150개 종목)...
[ticker_fetcher] 1단계 필터링 배치 33/42 (150개 종목)...
[ticker_fetcher] 1단계 필터링 배치 34/42 (150개 종목)...
[ticker_fetcher] 1단계 필터링 배치 35/42 (150개 종목)...
[ticker_fetcher] 1단계 필터링 배치 36/42 (150개 종목)...
[ticker_fetcher] 1단계 필터링 배치 37/42 (150개 종목)...
[ticker_fetcher] 1단계 필터링 배치 38/42 (150개 종목)...
[ticker_fetcher] 1단계 필터링 배치 39/42 (150개 종목)...
[ticker_fetcher] 1단계 필터링 배치 40/42 (150개 종목)...
[ticker_fetcher] 1단계 필터링 배치 41/42 (150개 종목)...
[ticker_fetcher] 1단계 필터링 배치 42/42 (92개 종목)...
[ticker_fetcher] 1단계 필터링 완료: 6242개 → 4156개 (가격 ≥ $1.0, 평균 거래량 ≥ 100,000)

============================================================
[2단계] 바닥 탈출 / 강세 돌파 후보 선별
============================================================
[2단계] 배치 1/28 (150개 종목 분석 중)...
[2단계] 배치 2/28 (150개 종목 분석 중)...
[2단계] 배치 3/28 (150개 종목 분석 중)...
[2단계] 배치 4/28 (150개 종목 분석 중)...
[2단계] 배치 5/28 (150개 종목 분석 중)...
[2단계] 배치 6/28 (150개 종목 분석 중)...
[2단계] 배치 7/28 (150개 종목 분석 중)...
[2단계] 배치 8/28 (150개 종목 분석 중)...
[2단계] 배치 9/28 (150개 종목 분석 중)...
[2단계] 배치 10/28 (150개 종목 분석 중)...
[2단계] 배치 11/28 (150개 종목 분석 중)...
[2단계] 배치 12/28 (150개 종목 분석 중)...
[2단계] 배치 13/28 (150개 종목 분석 중)...
[2단계] 배치 14/28 (150개 종목 분석 중)...
[2단계] 배치 15/28 (150개 종목 분석 중)...
[2단계] 배치 16/28 (150개 종목 분석 중)...
[2단계] 배치 17/28 (150개 종목 분석 중)...
[2단계] 배치 18/28 (150개 종목 분석 중)...
[2단계] 배치 19/28 (150개 종목 분석 중)...
[2단계] 배치 20/28 (150개 종목 분석 중)...
[2단계] 배치 21/28 (150개 종목 분석 중)...
[2단계] 배치 22/28 (150개 종목 분석 중)...
[2단계] 배치 23/28 (150개 종목 분석 중)...
[2단계] 배치 24/28 (150개 종목 분석 중)...
[2단계] 배치 25/28 (150개 종목 분석 중)...
[2단계] 배치 26/28 (150개 종목 분석 중)...
[2단계] 배치 27/28 (150개 종목 분석 중)...
[2단계] 배치 28/28 (106개 종목 분석 중)...
[2단계] 필터링 완료: 4156개 → 836개 후보 선별

============================================================
[3단계] 836개 후보 종목 정밀 분석
============================================================
[OHLCV] 배치 다운로드 1/6 (150개 종목, period=5y)...
[OHLCV] 배치 다운로드 2/6 (150개 종목, period=5y)...
[OHLCV] 배치 다운로드 3/6 (150개 종목, period=5y)...
[OHLCV] 배치 다운로드 4/6 (150개 종목, period=5y)...
[OHLCV] 배치 다운로드 5/6 (150개 종목, period=5y)...
[OHLCV] 배치 다운로드 6/6 (86개 종목, period=5y)...
[DataValidator] 700건의 데이터 품질 경고 발생
Warning:  AAOI: 비정상 가격 변동 67.1% (2023-08-04) — 스플릿/데이터 오류 가능
Warning:  AARD: Close NaN 비율 68.4% (기준: 30%)
Warning:  AARD: 비정상 가격 변동 56.2% (2026-03-02) — 스플릿/데이터 오류 가능
Warning:  ABAT: 비정상 가격 변동 60.4% (2024-12-23) — 스플릿/데이터 오류 가능
Warning:  ABTC: 비정상 가격 변동 173.1% (2025-05-12) — 스플릿/데이터 오류 가능
Warning:  ABVC: 비정상 가격 변동 137.4% (2021-11-01) — 스플릿/데이터 오류 가능
Warning:  ACTU: Close NaN 비율 58.3% (기준: 30%)
Warning:  ACXP: 비정상 가격 변동 167.4% (2025-06-17) — 스플릿/데이터 오류 가능
Warning:  ADCT: 비정상 가격 변동 63.1% (2023-12-13) — 스플릿/데이터 오류 가능
Warning:  ADVB: Close NaN 비율 69.5% (기준: 30%)
Warning:  ADVB: 비정상 가격 변동 76.9% (2026-07-20) — 스플릿/데이터 오류 가능
Warning:  ADXN: 비정상 가격 변동 110.5% (2022-07-21) — 스플릿/데이터 오류 가능
Warning:  ADXN: 거래량 0 연속 5일 (기준: 5일) — 상장폐지/거래정지 가능
Warning:  AEHL: 비정상 가격 변동 135.3% (2026-05-08) — 스플릿/데이터 오류 가능
Warning:  AEMD: 비정상 가격 변동 97.3% (2025-08-21) — 스플릿/데이터 오류 가능
Warning:  AGIG: 비정상 가격 변동 494.7% (2022-03-07) — 스플릿/데이터 오류 가능
Warning:  AHMA: Close NaN 비율 82.1% (기준: 30%)
Warning:  AHMA: 비정상 가격 변동 198.1% (2025-12-01) — 스플릿/데이터 오류 가능
Warning:  AIB: Close NaN 비율 90.0% (기준: 30%)
Warning:  AIIO: 비정상 가격 변동 116.1% (2026-05-14) — 스플릿/데이터 오류 가능
Warning:  AIRE: Close NaN 비율 42.2% (기준: 30%)
Warning:  AIRE: 비정상 가격 변동 347.4% (2025-07-21) — 스플릿/데이터 오류 가능
Warning:  AIRO: Close NaN 비율 75.0% (기준: 30%)
Warning:  AIRS: 비정상 가격 변동 51.6% (2026-03-16) — 스플릿/데이터 오류 가능
Warning:  AISP: 비정상 가격 변동 200.0% (2024-03-05) — 스플릿/데이터 오류 가능
Warning:  AIXC: 비정상 가격 변동 111.7% (2024-07-12) — 스플릿/데이터 오류 가능
Warning:  AIXI: 비정상 가격 변동 590.7% (2026-09-08) — 스플릿/데이터 오류 가능
Warning:  AKAN: 비정상 가격 변동 214.2% (2026-04-22) — 스플릿/데이터 오류 가능
Warning:  ALAR: 비정상 가격 변동 51.5% (2026-07-06) — 스플릿/데이터 오류 가능
Warning:  ALDX: 비정상 가격 변동 73.3% (2025-04-03) — 스플릿/데이터 오류 가능
Warning:  ALMS: Close NaN 비율 55.9% (기준: 30%)
Warning:  ALMS: 비정상 가격 변동 95.3% (2026-01-06) — 스플릿/데이터 오류 가능
Warning:  ALMU: 비정상 가격 변동 66.7% (2023-03-20) — 스플릿/데이터 오류 가능
Warning:  ALOY: 비정상 가격 변동 226.6% (2025-01-22) — 스플릿/데이터 오류 가능
Warning:  ALP: 비정상 가격 변동 3647.5% (2026-09-10) — 스플릿/데이터 오류 가능
Warning:  AMBR: 비정상 가격 변동 56.3% (2025-11-26) — 스플릿/데이터 오류 가능
Warning:  AMCI: 비정상 가격 변동 168.3% (2025-12-15) — 스플릿/데이터 오류 가능
Warning:  AMIX: Close NaN 비율 47.5% (기준: 30%)
Warning:  AMIX: 비정상 가격 변동 434.2% (2026-08-04) — 스플릿/데이터 오류 가능
Warning:  AMOD: 비정상 가격 변동 103.9% (2025-01-30) — 스플릿/데이터 오류 가능
Warning:  AMPG: 비정상 가격 변동 94.6% (2024-12-11) — 스플릿/데이터 오류 가능
Warning:  AMPX: 비정상 가격 변동 86.4% (2022-09-20) — 스플릿/데이터 오류 가능
Warning:  AMSC: 비정상 가격 변동 60.0% (2023-08-01) — 스플릿/데이터 오류 가능
Warning:  AMST: 비정상 가격 변동 120.1% (2026-05-19) — 스플릿/데이터 오류 가능
Warning:  ANDG: Close NaN 비율 85.3% (기준: 30%)
Warning:  ANGX: Close NaN 비율 79.8% (기준: 30%)
Warning:  ANL: Close NaN 비율 41.0% (기준: 30%)
Warning:  ANL: 비정상 가격 변동 88.2% (2026-01-29) — 스플릿/데이터 오류 가능
Warning:  ANNA: 비정상 가격 변동 86.5% (2026-03-20) — 스플릿/데이터 오류 가능
Warning:  ANPA: Close NaN 비율 76.2% (기준: 30%)
Warning:  ANPA: 비정상 가격 변동 258.9% (2026-01-09) — 스플릿/데이터 오류 가능
Warning:  ANVS: 비정상 가격 변동 76.1% (2024-07-02) — 스플릿/데이터 오류 가능
Warning:  ANY: 비정상 가격 변동 111.6% (2026-06-01) — 스플릿/데이터 오류 가능
Warning:  APLD: 비정상 가격 변동 100.0% (2022-07-19) — 스플릿/데이터 오류 가능
Warning:  APUS: Close NaN 비율 73.1% (기준: 30%)
Warning:  APUS: 비정상 가격 변동 59.6% (2026-05-05) — 스플릿/데이터 오류 가능
Warning:  APUS: 거래량 0 연속 21일 (기준: 5일) — 상장폐지/거래정지 가능
Warning:  APVO: 비정상 가격 변동 162.8% (2021-11-23) — 스플릿/데이터 오류 가능
Warning:  AREC: 비정상 가격 변동 83.5% (2025-04-16) — 스플릿/데이터 오류 가능
Warning:  ARMP: 비정상 가격 변동 103.2% (2025-10-22) — 스플릿/데이터 오류 가능
Warning:  ARQQ: 비정상 가격 변동 56.9% (2025-03-17) — 스플릿/데이터 오류 가능
Warning:  ARTL: 비정상 가격 변동 230.4% (2026-03-27) — 스플릿/데이터 오류 가능
Warning:  ASST: 비정상 가격 변동 455.7% (2025-05-07) — 스플릿/데이터 오류 가능
Warning:  ASTI: 비정상 가격 변동 143.8% (2025-06-26) — 스플릿/데이터 오류 가능
Warning:  ASTS: 비정상 가격 변동 69.2% (2024-05-29) — 스플릿/데이터 오류 가능
Warning:  ATLX: 비정상 가격 변동 60.5% (2023-02-23) — 스플릿/데이터 오류 가능
Warning:  ATOM: 비정상 가격 변동 64.0% (2026-02-13) — 스플릿/데이터 오류 가능
Warning:  ATTT: Close NaN 비율 53.5% (기준: 30%)
Warning:  ATTT: 비정상 가격 변동 94.3% (2025-03-11) — 스플릿/데이터 오류 가능
Warning:  AUUD: 비정상 가격 변동 181.8% (2023-06-12) — 스플릿/데이터 오류 가능
Warning:  AVAT: Close NaN 비율 67.7% (기준: 30%)
Warning:  AVAT: 비정상 가격 변동 57.7% (2026-06-10) — 스플릿/데이터 오류 가능
Warning:  AVAT: 거래량 0 연속 6일 (기준: 5일) — 상장폐지/거래정지 가능
Warning:  AXG: Close NaN 비율 39.7% (기준: 30%)
Warning:  AXG: 비정상 가격 변동 135.0% (2024-03-06) — 스플릿/데이터 오류 가능
Warning:  AXTI: 비정상 가격 변동 69.3% (2024-02-23) — 스플릿/데이터 오류 가능
Warning:  AZI: Close NaN 비율 59.2% (기준: 30%)
Warning:  AZI: 비정상 가격 변동 146.2% (2026-03-09) — 스플릿/데이터 오류 가능
Warning:  AZIO: 비정상 가격 변동 442.1% (2026-01-12) — 스플릿/데이터 오류 가능
Warning:  BAER: 비정상 가격 변동 116.7% (2023-01-25) — 스플릿/데이터 오류 가능
Warning:  BATL: 비정상 가격 변동 211.7% (2026-01-26) — 스플릿/데이터 오류 가능
Warning:  BBAI: 비정상 가격 변동 260.5% (2023-01-12) — 스플릿/데이터 오류 가능
Warning:  BBOT: Close NaN 비율 48.2% (기준: 30%)
Warning:  BCTX: 비정상 가격 변동 1494.6% (2025-01-29) — 스플릿/데이터 오류 가능
Warning:  BDRX: 비정상 가격 변동 97.0% (2026-09-11) — 스플릿/데이터 오류 가능
Warning:  BDTX: 비정상 가격 변동 235.9% (2023-06-27) — 스플릿/데이터 오류 가능
Warning:  BETR: 비정상 가격 변동 223.0% (2023-07-25) — 스플릿/데이터 오류 가능
Warning:  BIAF: 비정상 가격 변동 319.2% (2025-04-01) — 스플릿/데이터 오류 가능
Warning:  BIOA: Close NaN 비율 60.8% (기준: 30%)
Warning:  BIOA: 비정상 가격 변동 76.9% (2024-12-09) — 스플릿/데이터 오류 가능
Warning:  BIRD: 비정상 가격 변동 582.3% (2026-04-15) — 스플릿/데이터 오류 가능
Warning:  BKKT: 비정상 가격 변동 234.4% (2021-10-25) — 스플릿/데이터 오류 가능
Warning:  BKSY: 비정상 가격 변동 97.5% (2022-05-25) — 스플릿/데이터 오류 가능
Warning:  BLNE: 비정상 가격 변동 89.5% (2024-09-05) — 스플릿/데이터 오류 가능
Warning:  BMGL: Close NaN 비율 68.9% (기준: 30%)
Warning:  BMGL: 비정상 가격 변동 484.6% (2025-05-30) — 스플릿/데이터 오류 가능
Warning:  BMNR: Close NaN 비율 74.5% (기준: 30%)
Warning:  BMNR: 비정상 가격 변동 694.8% (2025-06-30) — 스플릿/데이터 오류 가능
Warning:  BNAI: 비정상 가격 변동 276.7% (2026-01-26) — 스플릿/데이터 오류 가능
Warning:  BNC: 비정상 가격 변동 548.8% (2025-07-28) — 스플릿/데이터 오류 가능
Warning:  BNKK: 비정상 가격 변동 51.1% (2025-08-11) — 스플릿/데이터 오류 가능
Warning:  BOXL: 비정상 가격 변동 265.2% (2025-01-06) — 스플릿/데이터 오류 가능
Warning:  BRCB: Close NaN 비율 79.9% (기준: 30%)
Warning:  BRLS: 비정상 가격 변동 134.3% (2026-02-09) — 스플릿/데이터 오류 가능
Warning:  BRNX: 비정상 가격 변동 140.3% (2024-08-30) — 스플릿/데이터 오류 가능
Warning:  BRR: Close NaN 비율 74.7% (기준: 30%)
Warning:  BRTX: 비정상 가격 변동 1751.4% (2026-09-09) — 스플릿/데이터 오류 가능
Warning:  BRUN: Close NaN 비율 66.0% (기준: 30%)
Warning:  BSIN: 비정상 가격 변동 63.4% (2025-01-21) — 스플릿/데이터 오류 가능
Warning:  BTCS: 비정상 가격 변동 111.1% (2025-07-08) — 스플릿/데이터 오류 가능
Warning:  BTCT: 비정상 가격 변동 316.7% (2024-11-12) — 스플릿/데이터 오류 가능
Warning:  BTDR: 비정상 가격 변동 50.9% (2023-06-16) — 스플릿/데이터 오류 가능
Warning:  BTGO: Close NaN 비율 87.0% (기준: 30%)
Warning:  BTQ: Close NaN 비율 80.7% (기준: 30%)
Warning:  BTQ: 비정상 가격 변동 51.5% (2025-10-07) — 스플릿/데이터 오류 가능
Warning:  BUR: 비정상 가격 변동 53.2% (2023-03-31) — 스플릿/데이터 오류 가능
Warning:  BW: 비정상 가격 변동 66.9% (2025-06-05) — 스플릿/데이터 오류 가능
Warning:  BXBL: Close NaN 비율 68.2% (기준: 30%)
Warning:  BYND: 비정상 가격 변동 146.3% (2025-10-21) — 스플릿/데이터 오류 가능
Warning:  CALC: Close NaN 비율 35.1% (기준: 30%)
Warning:  CALC: 비정상 가격 변동 75.6% (2026-01-28) — 스플릿/데이터 오류 가능
Warning:  CANF: 비정상 가격 변동 69.3% (2021-12-20) — 스플릿/데이터 오류 가능
Warning:  CAPR: 비정상 가격 변동 371.1% (2025-12-03) — 스플릿/데이터 오류 가능
Warning:  CAR: 비정상 가격 변동 108.3% (2021-11-02) — 스플릿/데이터 오류 가능
Warning:  CAST: Close NaN 비율 89.6% (기준: 30%)
Warning:  CAST: 비정상 가격 변동 144.2% (2026-08-18) — 스플릿/데이터 오류 가능
Warning:  CBUS: 비정상 가격 변동 89.8% (2023-01-17) — 스플릿/데이터 오류 가능
Warning:  CD: 비정상 가격 변동 81.4% (2024-11-11) — 스플릿/데이터 오류 가능
Warning:  CDNL: Close NaN 비율 84.9% (기준: 30%)
Warning:  CDTG: Close NaN 비율 52.0% (기준: 30%)
Warning:  CDTG: 비정상 가격 변동 88.4% (2025-09-09) — 스플릿/데이터 오류 가능
Warning:  CFND: Close NaN 비율 77.9% (기준: 30%)
Warning:  CHGA: 비정상 가격 변동 316.9% (2024-06-03) — 스플릿/데이터 오류 가능
Warning:  CIIT: 비정상 가격 변동 132.3% (2021-11-15) — 스플릿/데이터 오류 가능
Warning:  CING: 비정상 가격 변동 268.5% (2024-08-16) — 스플릿/데이터 오류 가능
Warning:  CISS: Close NaN 비율 35.1% (기준: 30%)
Warning:  CISS: 비정상 가격 변동 84.2% (2025-10-07) — 스플릿/데이터 오류 가능
Warning:  CJMB: Close NaN 비율 67.9% (기준: 30%)
Warning:  CJMB: 비정상 가격 변동 275.0% (2026-01-15) — 스플릿/데이터 오류 가능
Warning:  CLGN: 비정상 가격 변동 76.2% (2025-05-28) — 스플릿/데이터 오류 가능
Warning:  CLIK: Close NaN 비율 61.5% (기준: 30%)
Warning:  CLIK: 비정상 가격 변동 153.6% (2025-05-15) — 스플릿/데이터 오류 가능
Warning:  CLPT: 비정상 가격 변동 58.6% (2025-09-24) — 스플릿/데이터 오류 가능
Warning:  CMPX: 비정상 가격 변동 64.4% (2026-04-27) — 스플릿/데이터 오류 가능
Warning:  CMTL: 비정상 가격 변동 87.6% (2024-06-18) — 스플릿/데이터 오류 가능
Warning:  CNTB: 비정상 가격 변동 57.7% (2022-05-04) — 스플릿/데이터 오류 가능
Warning:  CNTN: 비정상 가격 변동 206.8% (2025-08-20) — 스플릿/데이터 오류 가능
Warning:  CODX: 비정상 가격 변동 259.0% (2025-10-27) — 스플릿/데이터 오류 가능
Warning:  CPSH: 비정상 가격 변동 85.3% (2026-05-26) — 스플릿/데이터 오류 가능
Warning:  CRBP: 비정상 가격 변동 249.4% (2024-01-26) — 스플릿/데이터 오류 가능
Warning:  CRDF: 비정상 가격 변동 64.4% (2024-03-01) — 스플릿/데이터 오류 가능
Warning:  CRE: Close NaN 비율 77.1% (기준: 30%)
Warning:  CRE: 비정상 가격 변동 165.0% (2026-08-26) — 스플릿/데이터 오류 가능
Warning:  CRIS: 비정상 가격 변동 52.4% (2026-06-26) — 스플릿/데이터 오류 가능
Warning:  CRML: 비정상 가격 변동 120.6% (2024-02-27) — 스플릿/데이터 오류 가능
Warning:  CRMT: 비정상 가격 변동 55.0% (2026-06-10) — 스플릿/데이터 오류 가능
Warning:  CRVO: 비정상 가격 변동 161.4% (2025-03-12) — 스플릿/데이터 오류 가능
Warning:  CTMX: 비정상 가격 변동 214.7% (2024-05-01) — 스플릿/데이터 오류 가능
Warning:  CTRI: Close NaN 비율 52.0% (기준: 30%)
Warning:  CV: Close NaN 비율 75.9% (기준: 30%)
Warning:  CVRX: 비정상 가격 변동 59.8% (2026-08-07) — 스플릿/데이터 오류 가능
Warning:  CXAI: 비정상 가격 변동 345.6% (2023-04-13) — 스플릿/데이터 오류 가능
Warning:  CYCU: Close NaN 비율 68.5% (기준: 30%)
Warning:  CYCU: 비정상 가격 변동 496.3% (2026-07-30) — 스플릿/데이터 오류 가능
Warning:  DAIC: Close NaN 비율 75.4% (기준: 30%)
Warning:  DAIC: 비정상 가격 변동 306.1% (2026-08-24) — 스플릿/데이터 오류 가능
Warning:  DBGI: 비정상 가격 변동 150.0% (2025-02-14) — 스플릿/데이터 오류 가능
Warning:  DFDV: Close NaN 비율 37.2% (기준: 30%)
Warning:  DFDV: 비정상 가격 변동 842.5% (2025-04-07) — 스플릿/데이터 오류 가능
Warning:  DFNS: 비정상 가격 변동 754.7% (2024-12-17) — 스플릿/데이터 오류 가능
Warning:  DFSC: 비정상 가격 변동 5714.8% (2022-11-01) — 스플릿/데이터 오류 가능
Warning:  DGNX: Close NaN 비율 67.1% (기준: 30%)
Warning:  DGNX: 비정상 가격 변동 234.6% (2025-01-29) — 스플릿/데이터 오류 가능
Warning:  DOMH: 비정상 가격 변동 91.3% (2025-02-10) — 스플릿/데이터 오류 가능
Warning:  DPRO: 비정상 가격 변동 52.8% (2024-02-22) — 스플릿/데이터 오류 가능
Warning:  DPU: Close NaN 비율 31.9% (기준: 30%)
Warning:  DPU: 비정상 가격 변동 87.1% (2024-11-27) — 스플릿/데이터 오류 가능
Warning:  DRCT: 비정상 가격 변동 900.0% (2024-12-23) — 스플릿/데이터 오류 가능
Warning:  DTCX: 비정상 가격 변동 69.3% (2023-05-12) — 스플릿/데이터 오류 가능
Warning:  DWSN: 비정상 가격 변동 111.7% (2025-06-16) — 스플릿/데이터 오류 가능
Warning:  DXST: Close NaN 비율 67.1% (기준: 30%)
Warning:  DXST: 비정상 가격 변동 209.4% (2026-06-02) — 스플릿/데이터 오류 가능
Warning:  DXYZ: Close NaN 비율 50.7% (기준: 30%)
Warning:  DXYZ: 비정상 가격 변동 95.6% (2024-03-27) — 스플릿/데이터 오류 가능
Warning:  EBS: 비정상 가격 변동 78.3% (2024-02-21) — 스플릿/데이터 오류 가능
Warning:  ECO: Close NaN 비율 38.3% (기준: 30%)
Warning:  ECX: 비정상 가격 변동 95.9% (2023-02-22) — 스플릿/데이터 오류 가능
Warning:  EDBL: 비정상 가격 변동 80.0% (2025-05-20) — 스플릿/데이터 오류 가능
Warning:  EDHL: Close NaN 비율 71.9% (기준: 30%)
Warning:  EDHL: 비정상 가격 변동 114.4% (2025-10-14) — 스플릿/데이터 오류 가능
Warning:  EHGO: Close NaN 비율 56.0% (기준: 30%)
Warning:  EHGO: 비정상 가격 변동 125.6% (2026-06-22) — 스플릿/데이터 오류 가능
Warning:  EJH: 비정상 가격 변동 91.8% (2022-12-22) — 스플릿/데이터 오류 가능
Warning:  ELTX: 비정상 가격 변동 81.5% (2023-06-02) — 스플릿/데이터 오류 가능
Warning:  EMAT: Close NaN 비율 86.3% (기준: 30%)
Warning:  EMBC: 비정상 가격 변동 57.8% (2026-05-05) — 스플릿/데이터 오류 가능
Warning:  EMPD: 비정상 가격 변동 134.3% (2025-07-17) — 스플릿/데이터 오류 가능
Warning:  ENGN: 비정상 가격 변동 116.5% (2024-02-14) — 스플릿/데이터 오류 가능
Warning:  ENGS: Close NaN 비율 70.9% (기준: 30%)
Warning:  ENGS: 비정상 가격 변동 67.6% (2025-11-06) — 스플릿/데이터 오류 가능
Warning:  ENVB: 비정상 가격 변동 136.2% (2023-05-18) — 스플릿/데이터 오류 가능
Warning:  ETS: Close NaN 비율 78.7% (기준: 30%)
Warning:  ETS: 비정상 가격 변동 58.0% (2025-08-22) — 스플릿/데이터 오류 가능
Warning:  EVAX: 비정상 가격 변동 113.4% (2024-01-24) — 스플릿/데이터 오류 가능
Warning:  EVGO: 비정상 가격 변동 60.8% (2024-10-03) — 스플릿/데이터 오류 가능
Warning:  EVMN: Close NaN 비율 83.0% (기준: 30%)
Warning:  EVMN: 비정상 가격 변동 70.9% (2026-02-10) — 스플릿/데이터 오류 가능
Warning:  EXOD: 비정상 가격 변동 199.0% (2022-12-12) — 스플릿/데이터 오류 가능
Warning:  EYPT: 비정상 가격 변동 177.5% (2023-12-04) — 스플릿/데이터 오류 가능
Warning:  FAC: Close NaN 비율 75.5% (기준: 30%)
Warning:  FBLG: Close NaN 비율 47.6% (기준: 30%)
Warning:  FBLG: 비정상 가격 변동 88.4% (2024-02-13) — 스플릿/데이터 오류 가능
Warning:  FBYD: Close NaN 비율 41.4% (기준: 30%)
Warning:  FBYD: 비정상 가격 변동 75.4% (2023-10-18) — 스플릿/데이터 오류 가능
Warning:  FCUV: 비정상 가격 변동 517.0% (2026-07-31) — 스플릿/데이터 오류 가능
Warning:  FEAM: 비정상 가격 변동 51.5% (2024-12-30) — 스플릿/데이터 오류 가능
Warning:  FEMY: 비정상 가격 변동 345.8% (2023-09-26) — 스플릿/데이터 오류 가능
Warning:  FFAI: 비정상 가격 변동 367.2% (2024-05-14) — 스플릿/데이터 오류 가능
Warning:  FGL: Close NaN 비율 62.3% (기준: 30%)
Warning:  FGL: 비정상 가격 변동 56.0% (2026-02-10) — 스플릿/데이터 오류 가능
Warning:  FGNX: 비정상 가격 변동 84.2% (2025-08-01) — 스플릿/데이터 오류 가능
Warning:  FIEE: 비정상 가격 변동 392.3% (2023-11-30) — 스플릿/데이터 오류 가능
Warning:  FIG: Close NaN 비율 77.5% (기준: 30%)
Warning:  FIGR: Close NaN 비율 79.8% (기준: 30%)
Warning:  FJET: Close NaN 비율 85.3% (기준: 30%)
Warning:  FJET: 비정상 가격 변동 370.9% (2025-12-22) — 스플릿/데이터 오류 가능
Warning:  FLX: Close NaN 비율 61.3% (기준: 30%)
Warning:  FLX: 비정상 가격 변동 57.0% (2025-04-02) — 스플릿/데이터 오류 가능
Warning:  FLY: Close NaN 비율 77.9% (기준: 30%)
Warning:  FLYE: Close NaN 비율 54.7% (기준: 30%)
Warning:  FLYE: 비정상 가격 변동 252.5% (2025-12-01) — 스플릿/데이터 오류 가능
Warning:  FLYX: Close NaN 비율 46.0% (기준: 30%)
Warning:  FLYX: 비정상 가격 변동 130.3% (2026-01-08) — 스플릿/데이터 오류 가능
Warning:  FNUC: 비정상 가격 변동 348.1% (2024-12-18) — 스플릿/데이터 오류 가능
Warning:  FPS: Close NaN 비율 87.9% (기준: 30%)
Warning:  FRMI: Close NaN 비율 81.0% (기준: 30%)
Warning:  FRMM: 비정상 가격 변동 325.7% (2024-10-16) — 스플릿/데이터 오류 가능
Warning:  FTCI: 비정상 가격 변동 104.0% (2024-09-11) — 스플릿/데이터 오류 가능
Warning:  FTFT: 비정상 가격 변동 179.2% (2026-09-14) — 스플릿/데이터 오류 가능
Warning:  FTH: 비정상 가격 변동 187.5% (2026-02-18) — 스플릿/데이터 오류 가능
Warning:  FUBO: 비정상 가격 변동 251.4% (2025-01-06) — 스플릿/데이터 오류 가능
Warning:  FUFU: 비정상 가격 변동 105.8% (2024-03-04) — 스플릿/데이터 오류 가능
Warning:  FULC: 비정상 가격 변동 61.1% (2024-09-12) — 스플릿/데이터 오류 가능
Warning:  FWDI: 비정상 가격 변동 58.7% (2025-09-08) — 스플릿/데이터 오류 가능
Warning:  FXHO: 비정상 가격 변동 223.5% (2023-05-01) — 스플릿/데이터 오류 가능
Warning:  GAUZ: Close NaN 비율 54.7% (기준: 30%)
Warning:  GAUZ: 비정상 가격 변동 69.3% (2026-08-06) — 스플릿/데이터 오류 가능
Warning:  GCTK: 비정상 가격 변동 238.1% (2023-04-06) — 스플릿/데이터 오류 가능
Warning:  GDC: 비정상 가격 변동 1140.0% (2023-05-01) — 스플릿/데이터 오류 가능
Warning:  GDHG: Close NaN 비율 31.6% (기준: 30%)
Warning:  GDHG: 비정상 가격 변동 94.4% (2025-03-25) — 스플릿/데이터 오류 가능
Warning:  GEMI: Close NaN 비율 79.9% (기준: 30%)
Warning:  GLND: Close NaN 비율 90.4% (기준: 30%)
Warning:  GLND: 비정상 가격 변동 58.0% (2026-03-26) — 스플릿/데이터 오류 가능
Warning:  GLOO: Close NaN 비율 83.7% (기준: 30%)
Warning:  GNLX: 비정상 가격 변동 60.4% (2023-03-06) — 스플릿/데이터 오류 가능
Warning:  GNPX: 비정상 가격 변동 265.6% (2024-10-21) — 스플릿/데이터 오류 가능
Warning:  GOAI: Close NaN 비율 87.4% (기준: 30%)
Warning:  GOSS: 비정상 가격 변동 80.1% (2026-02-23) — 스플릿/데이터 오류 가능
Warning:  GPCR: 비정상 가격 변동 102.5% (2025-12-08) — 스플릿/데이터 오류 가능
Warning:  GRCE: 비정상 가격 변동 52.3% (2021-12-22) — 스플릿/데이터 오류 가능
Warning:  GRDN: Close NaN 비율 60.8% (기준: 30%)
Warning:  GRDX: 비정상 가격 변동 72.4% (2024-10-04) — 스플릿/데이터 오류 가능
Warning:  GRI: 비정상 가격 변동 127.6% (2024-10-21) — 스플릿/데이터 오류 가능
Warning:  GRML: 비정상 가격 변동 787.8% (2025-06-09) — 스플릿/데이터 오류 가능
Warning:  GRNQ: 비정상 가격 변동 72.9% (2021-10-25) — 스플릿/데이터 오류 가능
Warning:  GSIT: 비정상 가격 변동 210.4% (2023-05-12) — 스플릿/데이터 오류 가능
Warning:  GTBP: 비정상 가격 변동 2381.3% (2026-09-09) — 스플릿/데이터 오류 가능
Warning:  GVH: Close NaN 비율 43.2% (기준: 30%)
Warning:  GVH: 비정상 가격 변동 74.2% (2025-06-26) — 스플릿/데이터 오류 가능
Warning:  HAFN: Close NaN 비율 51.5% (기준: 30%)
Warning:  HAO: Close NaN 비율 47.4% (기준: 30%)
Warning:  HAO: 비정상 가격 변동 2336.9% (2025-01-27) — 스플릿/데이터 오류 가능
Warning:  HCAI: Close NaN 비율 67.9% (기준: 30%)
Warning:  HCAI: 비정상 가격 변동 142.2% (2026-04-07) — 스플릿/데이터 오류 가능
Warning:  HCWB: 비정상 가격 변동 320.3% (2024-11-18) — 스플릿/데이터 오류 가능
Warning:  HKIT: Close NaN 비율 31.0% (기준: 30%)
Warning:  HKIT: 비정상 가격 변동 350.7% (2026-06-01) — 스플릿/데이터 오류 가능
Warning:  HMR: Close NaN 비율 68.7% (기준: 30%)
Warning:  HMR: 비정상 가격 변동 69.5% (2025-03-10) — 스플릿/데이터 오류 가능
Warning:  HOLO: 비정상 가격 변동 1092.1% (2024-02-07) — 스플릿/데이터 오류 가능
Warning:  HOVR: Close NaN 비율 31.1% (기준: 30%)
Warning:  HOVR: 비정상 가격 변동 75.6% (2024-03-06) — 스플릿/데이터 오류 가능
Warning:  HQ: Close NaN 비율 90.3% (기준: 30%)
Warning:  HQ: 비정상 가격 변동 63.3% (2026-06-15) — 스플릿/데이터 오류 가능
Warning:  HSDT: 비정상 가격 변동 145.3% (2022-08-03) — 스플릿/데이터 오류 가능
Warning:  HTFL: Close NaN 비율 78.1% (기준: 30%)
Warning:  HTOO: 비정상 가격 변동 90.0% (2024-02-16) — 스플릿/데이터 오류 가능
Warning:  HTZ: 비정상 가격 변동 56.4% (2025-04-16) — 스플릿/데이터 오류 가능
Warning:  HUIZ: 비정상 가격 변동 124.4% (2024-12-09) — 스플릿/데이터 오류 가능
Warning:  HYLN: 비정상 가격 변동 50.0% (2025-05-28) — 스플릿/데이터 오류 가능
Warning:  HYMC: 비정상 가격 변동 203.0% (2022-03-08) — 스플릿/데이터 오류 가능
Warning:  HYPD: 비정상 가격 변동 134.7% (2025-06-17) — 스플릿/데이터 오류 가능
Warning:  IBIO: 비정상 가격 변동 192.2% (2024-03-27) — 스플릿/데이터 오류 가능
Warning:  IBTA: Close NaN 비율 52.0% (기준: 30%)
Warning:  IBTA: 비정상 가격 변동 51.9% (2026-08-04) — 스플릿/데이터 오류 가능
Warning:  ICCM: 비정상 가격 변동 200.5% (2026-06-17) — 스플릿/데이터 오류 가능
Warning:  IDN: 비정상 가격 변동 74.9% (2024-03-22) — 스플릿/데이터 오류 가능
Warning:  IGR: 비정상 가격 변동 188.2% (2026-09-09) — 스플릿/데이터 오류 가능
Warning:  IMCC: 비정상 가격 변동 84.1% (2025-05-29) — 스플릿/데이터 오류 가능
Warning:  IMDX: 비정상 가격 변동 51.5% (2023-03-16) — 스플릿/데이터 오류 가능
Warning:  IMNN: 비정상 가격 변동 179.0% (2024-07-30) — 스플릿/데이터 오류 가능
Warning:  IMRX: 비정상 가격 변동 52.2% (2025-06-18) — 스플릿/데이터 오류 가능
Warning:  IMSR: Close NaN 비율 61.6% (기준: 30%)
Warning:  INBS: 비정상 가격 변동 293.1% (2023-01-23) — 스플릿/데이터 오류 가능
Warning:  INDO: 비정상 가격 변동 110.4% (2022-01-27) — 스플릿/데이터 오류 가능
Warning:  INHD: Close NaN 비율 45.2% (기준: 30%)
Warning:  INHD: 비정상 가격 변동 3661.0% (2026-06-08) — 스플릿/데이터 오류 가능
Warning:  INHD: 거래량 0 연속 36일 (기준: 5일) — 상장폐지/거래정지 가능
Warning:  INLF: Close NaN 비율 66.1% (기준: 30%)
Warning:  INLF: 비정상 가격 변동 285.9% (2026-01-30) — 스플릿/데이터 오류 가능
Warning:  INOD: 비정상 가격 변동 86.0% (2026-05-08) — 스플릿/데이터 오류 가능
Warning:  INSG: 비정상 가격 변동 53.7% (2023-05-04) — 스플릿/데이터 오류 가능
Warning:  IOVA: 비정상 가격 변동 53.6% (2022-05-27) — 스플릿/데이터 오류 가능
Warning:  IPST: Close NaN 비율 64.1% (기준: 30%)
Warning:  IPST: 비정상 가격 변동 235.9% (2026-08-17) — 스플릿/데이터 오류 가능
Warning:  IPW: 비정상 가격 변동 97.9% (2024-05-17) — 스플릿/데이터 오류 가능
Warning:  IPX: 비정상 가격 변동 99.1% (2023-06-13) — 스플릿/데이터 오류 가능
Warning:  IQST: 비정상 가격 변동 65.2% (2023-07-05) — 스플릿/데이터 오류 가능
Warning:  ISPC: 비정상 가격 변동 159.7% (2025-09-09) — 스플릿/데이터 오류 가능
Warning:  JANX: 비정상 가격 변동 229.5% (2024-02-27) — 스플릿/데이터 오류 가능
Warning:  JDZG: Close NaN 비율 53.5% (기준: 30%)
Warning:  JDZG: 비정상 가격 변동 136.1% (2024-10-17) — 스플릿/데이터 오류 가능
Warning:  JDZG: 거래량 0 연속 38일 (기준: 5일) — 상장폐지/거래정지 가능
Warning:  JEM: Close NaN 비율 74.7% (기준: 30%)
Warning:  JEM: 비정상 가격 변동 267.6% (2026-06-30) — 스플릿/데이터 오류 가능
Warning:  JFU: 비정상 가격 변동 83.7% (2022-10-12) — 스플릿/데이터 오류 가능
Warning:  JLHL: Close NaN 비율 75.6% (기준: 30%)
Warning:  JLHL: 비정상 가격 변동 318.0% (2026-07-09) — 스플릿/데이터 오류 가능
Warning:  JTAI: 비정상 가격 변동 580.1% (2026-07-15) — 스플릿/데이터 오류 가능
Warning:  JUNS: Close NaN 비율 64.5% (기준: 30%)
Warning:  JUNS: 비정상 가격 변동 105.8% (2025-06-11) — 스플릿/데이터 오류 가능
Warning:  KAZR: Close NaN 비율 68.7% (기준: 30%)
Warning:  KAZR: 비정상 가격 변동 87.6% (2025-07-07) — 스플릿/데이터 오류 가능
Warning:  KD: 비정상 가격 변동 54.9% (2026-02-09) — 스플릿/데이터 오류 가능
Warning:  KDK: Close NaN 비율 80.6% (기준: 30%)
Warning:  KIDZ: Close NaN 비율 71.2% (기준: 30%)
Warning:  KIDZ: 비정상 가격 변동 366.1% (2025-05-01) — 스플릿/데이터 오류 가능
Warning:  KLAR: Close NaN 비율 79.8% (기준: 30%)
Warning:  KLC: Close NaN 비율 61.5% (기준: 30%)
Warning:  KPTI: 비정상 가격 변동 72.6% (2026-07-31) — 스플릿/데이터 오류 가능
Warning:  KRMN: Close NaN 비율 68.4% (기준: 30%)
Warning:  KSCP: 비정상 가격 변동 175.6% (2022-01-28) — 스플릿/데이터 오류 가능
Warning:  KULR: 비정상 가격 변동 75.6% (2024-11-25) — 스플릿/데이터 오류 가능
Warning:  KVYO: Close NaN 비율 40.4% (기준: 30%)
Warning:  KXIN: 비정상 가격 변동 171.4% (2024-10-02) — 스플릿/데이터 오류 가능
Warning:  LAC: Close NaN 비율 41.0% (기준: 30%)
Warning:  LAC: 비정상 가격 변동 95.8% (2025-09-24) — 스플릿/데이터 오류 가능
Warning:  LAES: Close NaN 비율 33.9% (기준: 30%)
Warning:  LAES: 비정상 가격 변동 102.3% (2023-05-24) — 스플릿/데이터 오류 가능
Warning:  LAW: 비정상 가격 변동 53.6% (2022-08-12) — 스플릿/데이터 오류 가능
Warning:  LBGJ: Close NaN 비율 62.3% (기준: 30%)
Warning:  LBGJ: 비정상 가격 변동 90.8% (2026-07-20) — 스플릿/데이터 오류 가능
Warning:  LFCR: 비정상 가격 변동 85.6% (2023-03-20) — 스플릿/데이터 오류 가능
Warning:  LFS: Close NaN 비율 81.4% (기준: 30%)
Warning:  LFS: 비정상 가격 변동 576.8% (2025-11-11) — 스플릿/데이터 오류 가능
Warning:  LGCL: Close NaN 비율 49.5% (기준: 30%)
Warning:  LGCL: 비정상 가격 변동 117.1% (2026-06-30) — 스플릿/데이터 오류 가능
Warning:  LGHL: 비정상 가격 변동 85.9% (2025-12-09) — 스플릿/데이터 오류 가능
Warning:  LHAI: Close NaN 비율 77.1% (기준: 30%)
Warning:  LHAI: 비정상 가격 변동 315.2% (2026-07-01) — 스플릿/데이터 오류 가능
Warning:  LIDR: 비정상 가격 변동 158.4% (2025-07-24) — 스플릿/데이터 오류 가능
Warning:  LIF: Close NaN 비율 54.7% (기준: 30%)
Warning:  LITS: 비정상 가격 변동 65.2% (2022-03-25) — 스플릿/데이터 오류 가능
Warning:  LRHC: Close NaN 비율 41.5% (기준: 30%)
Warning:  LRHC: 비정상 가격 변동 481.8% (2026-09-09) — 스플릿/데이터 오류 가능
Warning:  LSTA: 비정상 가격 변동 86.6% (2026-01-21) — 스플릿/데이터 오류 가능
Warning:  LTBR: 비정상 가격 변동 57.5% (2024-10-18) — 스플릿/데이터 오류 가능
Warning:  LUNR: 비정상 가격 변동 251.4% (2023-02-16) — 스플릿/데이터 오류 가능
Warning:  LVWR: 비정상 가격 변동 153.5% (2025-05-27) — 스플릿/데이터 오류 가능
Warning:  LXEO: Close NaN 비율 42.9% (기준: 30%)
Warning:  LXEO: 비정상 가격 변동 50.9% (2025-03-24) — 스플릿/데이터 오류 가능
Warning:  LYEL: 비정상 가격 변동 68.6% (2025-06-04) — 스플릿/데이터 오류 가능
Warning:  MASK: Close NaN 비율 66.5% (기준: 30%)
Warning:  MASK: 비정상 가격 변동 199.3% (2026-05-28) — 스플릿/데이터 오류 가능
Warning:  MAZE: Close NaN 비율 67.6% (기준: 30%)
Warning:  MAZE: 비정상 가격 변동 54.8% (2025-09-11) — 스플릿/데이터 오류 가능
Warning:  MBOT: 비정상 가격 변동 159.3% (2023-05-22) — 스플릿/데이터 오류 가능
Warning:  MF: Close NaN 비율 50.8% (기준: 30%)
Warning:  MF: 비정상 가격 변동 1316.7% (2024-11-27) — 스플릿/데이터 오류 가능
Warning:  MGX: Close NaN 비율 48.2% (기준: 30%)
Warning:  MGX: 비정상 가격 변동 125.4% (2024-12-09) — 스플릿/데이터 오류 가능
Warning:  MI: 비정상 가격 변동 9542.9% (2026-05-18) — 스플릿/데이터 오류 가능
Warning:  MLTX: 비정상 가격 변동 89.9% (2025-09-29) — 스플릿/데이터 오류 가능
Warning:  MNDR: Close NaN 비율 51.5% (기준: 30%)
Warning:  MNDR: 비정상 가격 변동 185.7% (2025-02-20) — 스플릿/데이터 오류 가능
Warning:  MNTS: 비정상 가격 변동 155.4% (2024-10-09) — 스플릿/데이터 오류 가능
Warning:  MOB: 비정상 가격 변동 88.0% (2023-07-10) — 스플릿/데이터 오류 가능
Warning:  MOBX: 비정상 가격 변동 532.8% (2026-03-03) — 스플릿/데이터 오류 가능
Warning:  MOVE: 비정상 가격 변동 149.7% (2025-11-10) — 스플릿/데이터 오류 가능
Warning:  MPLT: Close NaN 비율 82.4% (기준: 30%)
Warning:  MPLT: 비정상 가격 변동 72.9% (2026-07-27) — 스플릿/데이터 오류 가능
Warning:  MRAM: 비정상 가격 변동 63.2% (2021-11-12) — 스플릿/데이터 오류 가능
Warning:  MRLN: Close NaN 비율 64.5% (기준: 30%)
Warning:  MSGY: Close NaN 비율 76.2% (기준: 30%)
Warning:  MSGY: 비정상 가격 변동 85.5% (2025-10-02) — 스플릿/데이터 오류 가능
Warning:  MSS: Close NaN 비율 41.3% (기준: 30%)
Warning:  MSS: 비정상 가격 변동 122.4% (2024-09-24) — 스플릿/데이터 오류 가능
Warning:  MTEN: Close NaN 비율 52.0% (기준: 30%)
Warning:  MTEN: 비정상 가격 변동 81.3% (2026-06-08) — 스플릿/데이터 오류 가능
Warning:  MYSZ: 비정상 가격 변동 214.8% (2024-12-20) — 스플릿/데이터 오류 가능
Warning:  NAGE: 비정상 가격 변동 67.9% (2024-11-01) — 스플릿/데이터 오류 가능
Warning:  NAKA: Close NaN 비율 54.3% (기준: 30%)
Warning:  NAKA: 비정상 가격 변동 251.0% (2025-05-12) — 스플릿/데이터 오류 가능
Warning:  NAMM: Close NaN 비율 74.6% (기준: 30%)
Warning:  NAMM: 비정상 가격 변동 130.6% (2026-01-21) — 스플릿/데이터 오류 가능
Warning:  NB: Close NaN 비율 30.4% (기준: 30%)
Warning:  NCI: Close NaN 비율 52.2% (기준: 30%)
Warning:  NCI: 비정상 가격 변동 238.5% (2026-02-11) — 스플릿/데이터 오류 가능
Warning:  NCRA: 비정상 가격 변동 118.2% (2026-07-29) — 스플릿/데이터 오류 가능
Warning:  NERV: 비정상 가격 변동 141.0% (2025-10-21) — 스플릿/데이터 오류 가능
Warning:  NEXR: 비정상 가격 변동 1360.0% (2024-11-20) — 스플릿/데이터 오류 가능
Warning:  NIKI: 비정상 가격 변동 554.5% (2024-03-06) — 스플릿/데이터 오류 가능
Warning:  NKLR: Close NaN 비율 81.2% (기준: 30%)
Warning:  NMAD: 비정상 가격 변동 133.3% (2023-02-07) — 스플릿/데이터 오류 가능
Warning:  NMG: 비정상 가격 변동 51.8% (2025-10-13) — 스플릿/데이터 오류 가능
Warning:  NNE: Close NaN 비율 53.1% (기준: 30%)
Warning:  NNNN: Close NaN 비율 68.6% (기준: 30%)
Warning:  NNNN: 비정상 가격 변동 57.5% (2025-11-05) — 스플릿/데이터 오류 가능
Warning:  NOMA: Close NaN 비율 82.8% (기준: 30%)
Warning:  NTHI: Close NaN 비율 70.6% (기준: 30%)
Warning:  NTHI: 비정상 가격 변동 57.9% (2025-07-02) — 스플릿/데이터 오류 가능
Warning:  NUCL: Close NaN 비율 88.9% (기준: 30%)
Warning:  NUTX: 비정상 가격 변동 73.8% (2022-04-26) — 스플릿/데이터 오류 가능
Warning:  NVA: Close NaN 비율 57.2% (기준: 30%)
Warning:  NVA: 비정상 가격 변동 110.3% (2025-10-14) — 스플릿/데이터 오류 가능
Warning:  NVA: 거래량 0 연속 10일 (기준: 5일) — 상장폐지/거래정지 가능
Warning:  NVTS: 비정상 가격 변동 164.4% (2025-05-22) — 스플릿/데이터 오류 가능
Warning:  NXAT: Close NaN 비율 73.3% (기준: 30%)
Warning:  NXAT: 비정상 가격 변동 133.3% (2025-06-04) — 스플릿/데이터 오류 가능
Warning:  NXTC: 비정상 가격 변동 201.8% (2026-07-14) — 스플릿/데이터 오류 가능
Warning:  NXTT: 비정상 가격 변동 661.3% (2025-05-09) — 스플릿/데이터 오류 가능
Warning:  OCC: 비정상 가격 변동 58.1% (2024-12-23) — 스플릿/데이터 오류 가능
Warning:  ODD: Close NaN 비율 36.9% (기준: 30%)
Warning:  OIO: 비정상 가격 변동 58.4% (2026-04-24) — 스플릿/데이터 오류 가능
Warning:  OKLO: 비정상 가격 변동 53.6% (2024-05-10) — 스플릿/데이터 오류 가능
Warning:  OLMA: 비정상 가격 변동 136.4% (2025-11-18) — 스플릿/데이터 오류 가능
Warning:  OM: 비정상 가격 변동 68.5% (2024-08-08) — 스플릿/데이터 오류 가능
Warning:  OMH: Close NaN 비율 30.4% (기준: 30%)
Warning:  OMH: 비정상 가격 변동 878.4% (2025-03-10) — 스플릿/데이터 오류 가능
Warning:  OPEN: 비정상 가격 변동 79.5% (2025-09-11) — 스플릿/데이터 오류 가능
Warning:  OPRX: 비정상 가격 변동 51.7% (2025-03-12) — 스플릿/데이터 오류 가능
Warning:  OPTX: 비정상 가격 변동 98.3% (2024-12-17) — 스플릿/데이터 오류 가능
Warning:  ORGO: 비정상 가격 변동 102.3% (2025-02-28) — 스플릿/데이터 오류 가능
Warning:  ORIO: 비정상 가격 변동 112.4% (2025-07-02) — 스플릿/데이터 오류 가능
Warning:  ORKT: Close NaN 비율 57.3% (기준: 30%)
Warning:  ORKT: 비정상 가격 변동 147.6% (2025-12-08) — 스플릿/데이터 오류 가능
Warning:  OSS: 비정상 가격 변동 56.9% (2026-05-06) — 스플릿/데이터 오류 가능
Warning:  PAL: Close NaN 비율 53.1% (기준: 30%)
Warning:  PARA: 비정상 가격 변동 97.6% (2024-09-20) — 스플릿/데이터 오류 가능
Warning:  PBM: 비정상 가격 변동 103.8% (2026-04-16) — 스플릿/데이터 오류 가능
Warning:  PCLA: Close NaN 비율 66.9% (기준: 30%)
Warning:  PCLA: 비정상 가격 변동 194.2% (2026-05-22) — 스플릿/데이터 오류 가능
Warning:  PEPG: 비정상 가격 변동 121.1% (2025-09-25) — 스플릿/데이터 오류 가능
Warning:  PEW: Close NaN 비율 46.6% (기준: 30%)
Warning:  PFSA: Close NaN 비율 76.4% (기준: 30%)
Warning:  PFSA: 비정상 가격 변동 506.6% (2026-08-18) — 스플릿/데이터 오류 가능
Warning:  PGY: 비정상 가격 변동 129.6% (2022-07-20) — 스플릿/데이터 오류 가능
Warning:  PHAT: 비정상 가격 변동 90.2% (2025-06-06) — 스플릿/데이터 오류 가능
Warning:  PHIO: 비정상 가격 변동 290.5% (2025-01-13) — 스플릿/데이터 오류 가능
Warning:  PLBL: Close NaN 비율 78.0% (기준: 30%)
Warning:  PLCE: 비정상 가격 변동 85.7% (2024-09-11) — 스플릿/데이터 오류 가능
Warning:  PLSE: 비정상 가격 변동 51.6% (2026-02-06) — 스플릿/데이터 오류 가능
Warning:  PLSM: Close NaN 비율 87.0% (기준: 30%)
Warning:  PLSM: 비정상 가격 변동 93.3% (2026-06-24) — 스플릿/데이터 오류 가능
Warning:  PMI: Close NaN 비율 79.2% (기준: 30%)
Warning:  PMI: 비정상 가격 변동 86.2% (2026-08-25) — 스플릿/데이터 오류 가능
Warning:  PMI: 거래량 0 연속 7일 (기준: 5일) — 상장폐지/거래정지 가능
Warning:  PN: Close NaN 비율 69.3% (기준: 30%)
Warning:  PN: 비정상 가격 변동 131.8% (2026-07-22) — 스플릿/데이터 오류 가능
Warning:  PONY: Close NaN 비율 64.3% (기준: 30%)
Warning:  PPBT: 비정상 가격 변동 150.4% (2024-12-02) — 스플릿/데이터 오류 가능
Warning:  PRIM: 비정상 가격 변동 50.1% (2026-05-06) — 스플릿/데이터 오류 가능
Warning:  PSIG: Close NaN 비율 57.0% (기준: 30%)
Warning:  PSIG: 비정상 가격 변동 127.7% (2024-08-12) — 스플릿/데이터 오류 가능
Warning:  PSIX: 비정상 가격 변동 68.6% (2022-11-15) — 스플릿/데이터 오류 가능
Warning:  PSQL: Close NaN 비율 87.4% (기준: 30%)
Warning:  PSQL: 비정상 가격 변동 95.2% (2026-08-28) — 스플릿/데이터 오류 가능
Warning:  PTN: 비정상 가격 변동 66.7% (2025-08-06) — 스플릿/데이터 오류 가능
Warning:  PUSA: Close NaN 비율 68.3% (기준: 30%)
Warning:  PUSA: 비정상 가격 변동 207.6% (2025-07-23) — 스플릿/데이터 오류 가능
Warning:  PXS: 비정상 가격 변동 62.6% (2022-03-07) — 스플릿/데이터 오류 가능
Warning:  QBTS: 비정상 가격 변동 110.7% (2023-05-22) — 스플릿/데이터 오류 가능
Warning:  QNRX: 비정상 가격 변동 360.5% (2022-08-03) — 스플릿/데이터 오류 가능
Warning:  QNTM: 비정상 가격 변동 119.8% (2024-08-09) — 스플릿/데이터 오류 가능
Warning:  QTRX: 비정상 가격 변동 54.8% (2022-08-09) — 스플릿/데이터 오류 가능
Warning:  QUBT: 비정상 가격 변동 92.8% (2024-11-13) — 스플릿/데이터 오류 가능
Warning:  QUCY: 비정상 가격 변동 3377.4% (2024-12-03) — 스플릿/데이터 오류 가능
Warning:  QXO: 비정상 가격 변동 240.3% (2023-12-04) — 스플릿/데이터 오류 가능
Warning:  RAYA: 비정상 가격 변동 108.1% (2026-04-10) — 스플릿/데이터 오류 가능
Warning:  RCON: 비정상 가격 변동 85.4% (2026-08-05) — 스플릿/데이터 오류 가능
Warning:  RDAC: Close NaN 비율 64.5% (기준: 30%)
Warning:  RDAC: 비정상 가격 변동 318.6% (2026-04-29) — 스플릿/데이터 오류 가능
Warning:  RDW: 비정상 가격 변동 51.4% (2025-01-21) — 스플릿/데이터 오류 가능
Warning:  RDZN: 비정상 가격 변동 82.1% (2024-07-02) — 스플릿/데이터 오류 가능
Warning:  RENT: 비정상 가격 변동 161.9% (2024-04-11) — 스플릿/데이터 오류 가능
Warning:  RENX: Close NaN 비율 40.3% (기준: 30%)
Warning:  RENX: 비정상 가격 변동 531.3% (2023-11-16) — 스플릿/데이터 오류 가능
Warning:  RGC: 비정상 가격 변동 343.9% (2024-07-23) — 스플릿/데이터 오류 가능
Warning:  RGTI: 비정상 가격 변동 58.0% (2024-11-25) — 스플릿/데이터 오류 가능
Warning:  RPGL: Close NaN 비율 81.7% (기준: 30%)
Warning:  RPGL: 비정상 가격 변동 173.9% (2026-01-29) — 스플릿/데이터 오류 가능
Warning:  RR: Close NaN 비율 43.7% (기준: 30%)
Warning:  RR: 비정상 가격 변동 73.9% (2024-08-06) — 스플릿/데이터 오류 가능
Warning:  RVI: Close NaN 비율 89.5% (기준: 30%)
Warning:  RXT: 비정상 가격 변동 227.0% (2026-02-18) — 스플릿/데이터 오류 가능
Warning:  RZLT: 비정상 가격 변동 87.2% (2025-12-11) — 스플릿/데이터 오류 가능
Warning:  RZLV: 비정상 가격 변동 54.5% (2024-12-17) — 스플릿/데이터 오류 가능
Warning:  SBET: 비정상 가격 변동 433.2% (2025-05-27) — 스플릿/데이터 오류 가능
Warning:  SBFM: 비정상 가격 변동 150.0% (2022-03-09) — 스플릿/데이터 오류 가능
Warning:  SCNI: 비정상 가격 변동 97.3% (2021-12-22) — 스플릿/데이터 오류 가능
Warning:  SDOT: 비정상 가격 변동 247.1% (2026-06-26) — 스플릿/데이터 오류 가능
Warning:  SERV: Close NaN 비율 49.7% (기준: 30%)
Warning:  SERV: 비정상 가격 변동 187.1% (2024-07-19) — 스플릿/데이터 오류 가능
Warning:  SEV: Close NaN 비율 81.8% (기준: 30%)
Warning:  SEV: 비정상 가격 변동 57.8% (2025-10-23) — 스플릿/데이터 오류 가능
Warning:  SGLY: 비정상 가격 변동 143.5% (2025-03-21) — 스플릿/데이터 오류 가능
Warning:  SGRX: 비정상 가격 변동 121.4% (2025-03-07) — 스플릿/데이터 오류 가능
Warning:  SHMD: Close NaN 비율 52.7% (기준: 30%)
Warning:  SIDU: 비정상 가격 변동 225.0% (2022-06-15) — 스플릿/데이터 오류 가능
Warning:  SILO: 비정상 가격 변동 4164.7% (2022-09-19) — 스플릿/데이터 오류 가능
Warning:  SION: Close NaN 비율 68.0% (기준: 30%)
Warning:  SION: 비정상 가격 변동 91.2% (2026-08-10) — 스플릿/데이터 오류 가능
Warning:  SKK: Close NaN 비율 61.4% (기준: 30%)
Warning:  SKK: 비정상 가격 변동 596.6% (2026-05-04) — 스플릿/데이터 오류 가능
Warning:  SKYA: 비정상 가격 변동 141.6% (2024-05-28) — 스플릿/데이터 오류 가능
Warning:  SKYE: 비정상 가격 변동 76.9% (2024-02-27) — 스플릿/데이터 오류 가능
Warning:  SKYQ: Close NaN 비율 61.6% (기준: 30%)
Warning:  SKYQ: 비정상 가격 변동 101.6% (2026-04-02) — 스플릿/데이터 오류 가능
Warning:  SKYX: 비정상 가격 변동 68.6% (2022-07-28) — 스플릿/데이터 오류 가능
Warning:  SLDE: Close NaN 비율 75.2% (기준: 30%)
Warning:  SLDP: 비정상 가격 변동 51.6% (2025-11-05) — 스플릿/데이터 오류 가능
Warning:  SLE: 비정상 가격 변동 159.5% (2025-09-23) — 스플릿/데이터 오류 가능
Warning:  SLNH: 비정상 가격 변동 94.4% (2025-09-22) — 스플릿/데이터 오류 가능
Warning:  SMJF: Close NaN 비율 84.5% (기준: 30%)
Warning:  SMJF: 비정상 가격 변동 87.0% (2026-08-27) — 스플릿/데이터 오류 가능
Warning:  SMTK: Close NaN 비율 54.3% (기준: 30%)
Warning:  SMTK: 비정상 가격 변동 105.4% (2026-06-08) — 스플릿/데이터 오류 가능
Warning:  SOC: 비정상 가격 변동 56.2% (2025-12-18) — 스플릿/데이터 오류 가능
Warning:  SOUN: 비정상 가격 변동 71.8% (2022-12-30) — 스플릿/데이터 오류 가능
Warning:  SPAI: Close NaN 비율 59.2% (기준: 30%)
Warning:  SPAI: 비정상 가격 변동 65.8% (2025-02-13) — 스플릿/데이터 오류 가능
Warning:  SPPL: Close NaN 비율 40.0% (기준: 30%)
Warning:  SPPL: 비정상 가격 변동 268.7% (2024-11-04) — 스플릿/데이터 오류 가능
Warning:  SPRO: 비정상 가격 변동 244.6% (2025-05-28) — 스플릿/데이터 오류 가능
Warning:  SPRY: 비정상 가격 변동 77.9% (2023-05-12) — 스플릿/데이터 오류 가능
Warning:  SPWH: 비정상 가격 변동 97.9% (2025-04-02) — 스플릿/데이터 오류 가능
Warning:  SQFT: 비정상 가격 변동 166.1% (2025-07-14) — 스플릿/데이터 오류 가능
Warning:  SRG: 비정상 가격 변동 80.3% (2022-07-08) — 스플릿/데이터 오류 가능
Warning:  SRXH: 비정상 가격 변동 84.5% (2025-08-15) — 스플릿/데이터 오류 가능
Warning:  SRXH: 거래량 0 연속 7일 (기준: 5일) — 상장폐지/거래정지 가능
Warning:  SSM: 비정상 가격 변동 2900.0% (2024-05-29) — 스플릿/데이터 오류 가능
Warning:  SST: 비정상 가격 변동 142.3% (2026-03-27) — 스플릿/데이터 오류 가능
Warning:  STAK: Close NaN 비율 69.0% (기준: 30%)
Warning:  STAK: 비정상 가격 변동 602.3% (2026-07-24) — 스플릿/데이터 오류 가능
Warning:  STFS: Close NaN 비율 61.7% (기준: 30%)
Warning:  STFS: 비정상 가격 변동 96.5% (2026-05-06) — 스플릿/데이터 오류 가능
Warning:  STKE: 비정상 가격 변동 131.4% (2024-10-14) — 스플릿/데이터 오류 가능
Warning:  STKH: 비정상 가격 변동 166.7% (2026-07-28) — 스플릿/데이터 오류 가능
Warning:  STRL: 비정상 가격 변동 52.2% (2026-05-05) — 스플릿/데이터 오류 가능
Warning:  STUB: Close NaN 비율 80.2% (기준: 30%)
Warning:  SUIG: 비정상 가격 변동 218.9% (2025-07-25) — 스플릿/데이터 오류 가능
Warning:  SUPX: Close NaN 비율 51.9% (기준: 30%)
Warning:  SVCO: Close NaN 비율 53.1% (기준: 30%)
Warning:  SVCO: 비정상 가격 변동 52.4% (2026-03-13) — 스플릿/데이터 오류 가능
Warning:  SVRN: 비정상 가격 변동 122.7% (2025-06-13) — 스플릿/데이터 오류 가능
Warning:  SWMR: Close NaN 비율 90.0% (기준: 30%)
Warning:  SWMR: 비정상 가격 변동 77.4% (2026-03-18) — 스플릿/데이터 오류 가능
Warning:  SXTC: 비정상 가격 변동 1581.4% (2022-05-19) — 스플릿/데이터 오류 가능
Warning:  SYM: 비정상 가격 변동 120.5% (2022-06-08) — 스플릿/데이터 오류 가능
Warning:  TANH: 비정상 가격 변동 117.7% (2023-05-01) — 스플릿/데이터 오류 가능
Warning:  TAOX: 비정상 가격 변동 74.6% (2022-12-16) — 스플릿/데이터 오류 가능
Warning:  TC: 비정상 가격 변동 159.5% (2026-07-01) — 스플릿/데이터 오류 가능
Warning:  TDTH: Close NaN 비율 59.8% (기준: 30%)
Warning:  TDTH: 비정상 가격 변동 61.5% (2025-01-30) — 스플릿/데이터 오류 가능
Warning:  TDUP: 비정상 가격 변동 62.7% (2024-08-06) — 스플릿/데이터 오류 가능
Warning:  TE: 비정상 가격 변동 66.7% (2024-11-06) — 스플릿/데이터 오류 가능
Warning:  TENX: 비정상 가격 변동 297.4% (2023-11-13) — 스플릿/데이터 오류 가능
Warning:  TGL: 비정상 가격 변동 276.3% (2025-12-05) — 스플릿/데이터 오류 가능
Warning:  TJGC: Close NaN 비율 67.1% (기준: 30%)
Warning:  TJGC: 비정상 가격 변동 571.4% (2025-06-03) — 스플릿/데이터 오류 가능
Warning:  TJGC: 거래량 0 연속 11일 (기준: 5일) — 상장폐지/거래정지 가능
Warning:  TLRY: 비정상 가격 변동 60.9% (2025-09-29) — 스플릿/데이터 오류 가능
Warning:  TMQ: 비정상 가격 변동 211.0% (2025-10-07) — 스플릿/데이터 오류 가능
Warning:  TNMG: 비정상 가격 변동 684.9% (2026-09-09) — 스플릿/데이터 오류 가능
Warning:  TNON: 비정상 가격 변동 283.4% (2025-03-25) — 스플릿/데이터 오류 가능
Warning:  TNXP: 비정상 가격 변동 120.8% (2024-12-16) — 스플릿/데이터 오류 가능
Warning:  TONX: 비정상 가격 변동 346.9% (2023-09-05) — 스플릿/데이터 오류 가능
Warning:  TOYO: 비정상 가격 변동 86.6% (2024-11-26) — 스플릿/데이터 오류 가능
Warning:  TPET: Close NaN 비율 31.9% (기준: 30%)
Warning:  TPET: 비정상 가격 변동 166.7% (2026-03-02) — 스플릿/데이터 오류 가능
Warning:  TRDA: 비정상 가격 변동 57.3% (2026-05-07) — 스플릿/데이터 오류 가능
Warning:  TRON: Close NaN 비율 38.4% (기준: 30%)
Warning:  TRON: 비정상 가격 변동 533.8% (2025-06-16) — 스플릿/데이터 오류 가능
Warning:  TROO: 비정상 가격 변동 106.2% (2025-07-14) — 스플릿/데이터 오류 가능
Warning:  TRT: 비정상 가격 변동 66.8% (2026-04-23) — 스플릿/데이터 오류 가능
Warning:  TSSI: 비정상 가격 변동 74.1% (2025-05-16) — 스플릿/데이터 오류 가능
Warning:  TTEC: 비정상 가격 변동 52.6% (2025-04-02) — 스플릿/데이터 오류 가능
Warning:  TURB: Close NaN 비율 40.6% (기준: 30%)
Warning:  TURB: 비정상 가격 변동 359.3% (2025-09-16) — 스플릿/데이터 오류 가능
Warning:  TVRD: 비정상 가격 변동 83.9% (2025-10-13) — 스플릿/데이터 오류 가능
Warning:  TYGO: 비정상 가격 변동 83.6% (2023-06-01) — 스플릿/데이터 오류 가능
Warning:  UCAR: Close NaN 비율 32.2% (기준: 30%)
Warning:  UCAR: 비정상 가격 변동 1471.1% (2026-09-10) — 스플릿/데이터 오류 가능
Warning:  UP: 비정상 가격 변동 60.4% (2023-06-22) — 스플릿/데이터 오류 가능
Warning:  UPB: Close NaN 비율 61.7% (기준: 30%)
Warning:  UPC: 비정상 가격 변동 311.5% (2026-06-29) — 스플릿/데이터 오류 가능
Warning:  UPST: 비정상 가격 변동 56.4% (2022-05-10) — 스플릿/데이터 오류 가능
Warning:  UPXI: 비정상 가격 변동 330.9% (2025-04-21) — 스플릿/데이터 오류 가능
Warning:  USAR: Close NaN 비율 36.7% (기준: 30%)
Warning:  USAR: 비정상 가격 변동 72.0% (2025-03-14) — 스플릿/데이터 오류 가능
Warning:  VATE: 비정상 가격 변동 86.3% (2025-01-21) — 스플릿/데이터 오류 가능
Warning:  VBIO: 비정상 가격 변동 197.9% (2025-02-12) — 스플릿/데이터 오류 가능
Warning:  VCIG: Close NaN 비율 31.6% (기준: 30%)
Warning:  VCIG: 비정상 가격 변동 546.8% (2023-05-02) — 스플릿/데이터 오류 가능
Warning:  VCX: Close NaN 비율 90.2% (기준: 30%)
Warning:  VCX: 비정상 가격 변동 64.2% (2026-03-24) — 스플릿/데이터 오류 가능
Warning:  VEEA: 비정상 가격 변동 133.3% (2024-09-18) — 스플릿/데이터 오류 가능
Warning:  VELO: 비정상 가격 변동 80.7% (2025-04-01) — 스플릿/데이터 오류 가능
Warning:  VENU: Close NaN 비율 64.3% (기준: 30%)
Warning:  VEON: 비정상 가격 변동 53.8% (2022-03-04) — 스플릿/데이터 오류 가능
Warning:  VERI: 비정상 가격 변동 53.7% (2025-10-15) — 스플릿/데이터 오류 가능
Warning:  VHC: 비정상 가격 변동 67.2% (2024-12-30) — 스플릿/데이터 오류 가능
Warning:  VIA: Close NaN 비율 79.9% (기준: 30%)
Warning:  VICR: 비정상 가격 변동 57.7% (2023-07-26) — 스플릿/데이터 오류 가능
Warning:  VIOT: 비정상 가격 변동 83.5% (2026-09-02) — 스플릿/데이터 오류 가능
Warning:  VLN: 비정상 가격 변동 59.0% (2026-01-09) — 스플릿/데이터 오류 가능
Warning:  VMAR: 비정상 가격 변동 156.8% (2025-12-16) — 스플릿/데이터 오류 가능
Warning:  VNCE: 비정상 가격 변동 89.2% (2025-09-11) — 스플릿/데이터 오류 가능
Warning:  VNET: 비정상 가격 변동 83.2% (2022-03-16) — 스플릿/데이터 오류 가능
Warning:  VOR: 비정상 가격 변동 74.2% (2025-06-25) — 스플릿/데이터 오류 가능
Warning:  VRAX: 비정상 가격 변동 141.8% (2024-08-19) — 스플릿/데이터 오류 가능
Warning:  VRRM: 비정상 가격 변동 70.6% (2026-05-27) — 스플릿/데이터 오류 가능
Warning:  VRXA: Close NaN 비율 61.0% (기준: 30%)
Warning:  VRXA: 비정상 가격 변동 55.5% (2026-06-16) — 스플릿/데이터 오류 가능
Warning:  VSME: Close NaN 비율 40.8% (기준: 30%)
Warning:  VSME: 비정상 가격 변동 149.1% (2026-06-10) — 스플릿/데이터 오류 가능
Warning:  VTIX: Close NaN 비율 87.3% (기준: 30%)
Warning:  VTIX: 비정상 가격 변동 56.3% (2026-01-28) — 스플릿/데이터 오류 가능
Warning:  WATR: Close NaN 비율 75.1% (기준: 30%)
Warning:  WATT: 비정상 가격 변동 554.3% (2024-12-30) — 스플릿/데이터 오류 가능
Warning:  WCT: Close NaN 비율 61.2% (기준: 30%)
Warning:  WCT: 비정상 가격 변동 381.9% (2026-09-09) — 스플릿/데이터 오류 가능
Warning:  WETO: Close NaN 비율 69.1% (기준: 30%)
Warning:  WETO: 비정상 가격 변동 200.0% (2026-07-31) — 스플릿/데이터 오류 가능
Warning:  WFF: Close NaN 비율 70.7% (기준: 30%)
Warning:  WIMI: 비정상 가격 변동 77.5% (2024-12-27) — 스플릿/데이터 오류 가능
Warning:  WKHS: 비정상 가격 변동 54.9% (2025-07-08) — 스플릿/데이터 오류 가능
Warning:  WLDS: 비정상 가격 변동 407.8% (2025-09-10) — 스플릿/데이터 오류 가능
Warning:  WNW: 비정상 가격 변동 97.6% (2025-04-22) — 스플릿/데이터 오류 가능
Warning:  WOK: Close NaN 비율 59.0% (기준: 30%)
Warning:  WOK: 비정상 가격 변동 206.2% (2026-05-11) — 스플릿/데이터 오류 가능
Warning:  WOK: 거래량 0 연속 6일 (기준: 5일) — 상장폐지/거래정지 가능
Warning:  WOLF: Close NaN 비율 80.8% (기준: 30%)
Warning:  WRD: Close NaN 비율 62.5% (기준: 30%)
Warning:  WRD: 비정상 가격 변동 83.5% (2025-02-14) — 스플릿/데이터 오류 가능
Warning:  WSHP: Close NaN 비율 83.5% (기준: 30%)
Warning:  WSHP: 비정상 가격 변동 506.1% (2025-11-19) — 스플릿/데이터 오류 가능
Warning:  WVE: 비정상 가격 변동 147.3% (2025-12-08) — 스플릿/데이터 오류 가능
Warning:  WW: Close NaN 비율 75.7% (기준: 30%)
Warning:  WXM: Close NaN 비율 70.9% (기준: 30%)
Warning:  WXM: 비정상 가격 변동 97.5% (2026-08-11) — 스플릿/데이터 오류 가능
Warning:  WYFI: Close NaN 비율 77.9% (기준: 30%)
Warning:  WYHG: Close NaN 비율 64.2% (기준: 30%)
Warning:  WYHG: 비정상 가격 변동 194.2% (2026-08-06) — 스플릿/데이터 오류 가능
Warning:  XAIR: 비정상 가격 변동 150.0% (2026-01-13) — 스플릿/데이터 오류 가능
Warning:  XLAB: Close NaN 비율 78.6% (기준: 30%)
Warning:  XNDU: Close NaN 비율 90.4% (기준: 30%)
Warning:  XNDU: 비정상 가격 변동 69.8% (2026-04-15) — 스플릿/데이터 오류 가능
Warning:  XOS: 비정상 가격 변동 234.5% (2026-06-03) — 스플릿/데이터 오류 가능
Warning:  XPON: 비정상 가격 변동 139.1% (2022-12-23) — 스플릿/데이터 오류 가능
Warning:  XRTX: 비정상 가격 변동 134.8% (2024-08-29) — 스플릿/데이터 오류 가능
Warning:  XTIA: 비정상 가격 변동 128.6% (2023-04-13) — 스플릿/데이터 오류 가능
Warning:  XXI: Close NaN 비율 58.3% (기준: 30%)
Warning:  XXI: 비정상 가격 변동 55.4% (2025-04-23) — 스플릿/데이터 오류 가능
Warning:  YAAS: Close NaN 비율 65.6% (기준: 30%)
Warning:  YAAS: 비정상 가격 변동 312.2% (2026-07-30) — 스플릿/데이터 오류 가능
Warning:  YDDL: Close NaN 비율 81.4% (기준: 30%)
Warning:  YDDL: 비정상 가격 변동 62.9% (2026-04-10) — 스플릿/데이터 오류 가능
Warning:  YDES: Close NaN 비율 79.0% (기준: 30%)
Warning:  YDES: 비정상 가격 변동 135.8% (2025-08-29) — 스플릿/데이터 오류 가능
Warning:  YFOR: Close NaN 비율 52.1% (기준: 30%)
Warning:  YFOR: 비정상 가격 변동 84.3% (2026-08-26) — 스플릿/데이터 오류 가능
Warning:  YJ: 비정상 가격 변동 176.4% (2026-08-07) — 스플릿/데이터 오류 가능
Warning:  YMAT: Close NaN 비율 77.5% (기준: 30%)
Warning:  YMAT: 비정상 가격 변동 203.3% (2026-05-26) — 스플릿/데이터 오류 가능
Warning:  YMT: Close NaN 비율 78.6% (기준: 30%)
Warning:  YSS: Close NaN 비율 87.5% (기준: 30%)
Warning:  YXT: Close NaN 비율 58.6% (기준: 30%)
Warning:  YXT: 비정상 가격 변동 801.2% (2026-08-05) — 스플릿/데이터 오류 가능
Warning:  ZENA: Close NaN 비율 61.0% (기준: 30%)
Warning:  ZENA: 비정상 가격 변동 258.7% (2024-11-25) — 스플릿/데이터 오류 가능
Warning:  ZJYL: Close NaN 비율 30.8% (기준: 30%)
Warning:  ZJYL: 비정상 가격 변동 263.7% (2023-12-18) — 스플릿/데이터 오류 가능
Warning:  ZNB: 비정상 가격 변동 104.8% (2025-10-07) — 스플릿/데이터 오류 가능
Warning:  ZSQR: 비정상 가격 변동 77.4% (2024-12-31) — 스플릿/데이터 오류 가능
Warning:  ZSTK: 비정상 가격 변동 169.6% (2026-08-19) — 스플릿/데이터 오류 가능
Warning:  ZVIA: 비정상 가격 변동 51.7% (2025-05-08) — 스플릿/데이터 오류 가능
Warning:  ZYBT: Close NaN 비율 66.4% (기준: 30%)
Warning:  ZYBT: 비정상 가격 변동 1047.6% (2026-07-20) — 스플릿/데이터 오류 가능
[[NASDAQ/NYSE 분석]] 강한 섹터: {'Consumer Staples', 'Energy', 'Communication Services', 'Health Care', 'Financials'}
[OHLCV] 배치 다운로드 1/2 (150개 종목, period=2y)...
[OHLCV] 배치 다운로드 2/2 (59개 종목, period=2y)...
[DataValidator] 72건의 데이터 품질 경고 발생
Warning:  AAOI: 비정상 가격 변동 56.9% (2026-02-27) — 스플릿/데이터 오류 가능
Warning:  AEHL: 비정상 가격 변동 135.3% (2026-05-08) — 스플릿/데이터 오류 가능
Warning:  ALMS: 비정상 가격 변동 95.3% (2026-01-06) — 스플릿/데이터 오류 가능
Warning:  ALOY: 비정상 가격 변동 226.6% (2025-01-22) — 스플릿/데이터 오류 가능
Warning:  ANDG: Close NaN 비율 63.0% (기준: 30%)
Warning:  ASST: 비정상 가격 변동 455.7% (2025-05-07) — 스플릿/데이터 오류 가능
Warning:  BIAF: 비정상 가격 변동 319.2% (2025-04-01) — 스플릿/데이터 오류 가능
Warning:  BMNR: Close NaN 비율 36.0% (기준: 30%)
Warning:  BMNR: 비정상 가격 변동 694.8% (2025-06-30) — 스플릿/데이터 오류 가능
Warning:  BNC: 비정상 가격 변동 548.8% (2025-07-28) — 스플릿/데이터 오류 가능
Warning:  BTCT: 비정상 가격 변동 316.7% (2024-11-12) — 스플릿/데이터 오류 가능
Warning:  BW: 비정상 가격 변동 66.9% (2025-06-05) — 스플릿/데이터 오류 가능
Warning:  CAPR: 비정상 가격 변동 371.1% (2025-12-03) — 스플릿/데이터 오류 가능
Warning:  CAST: Close NaN 비율 74.0% (기준: 30%)
Warning:  CAST: 비정상 가격 변동 144.2% (2026-08-18) — 스플릿/데이터 오류 가능
Warning:  CDNL: Close NaN 비율 62.0% (기준: 30%)
Warning:  CDTG: 비정상 가격 변동 88.4% (2025-09-09) — 스플릿/데이터 오류 가능
Warning:  CRE: Close NaN 비율 42.4% (기준: 30%)
Warning:  CRE: 비정상 가격 변동 165.0% (2026-08-26) — 스플릿/데이터 오류 가능
Warning:  CRML: 비정상 가격 변동 55.4% (2025-10-13) — 스플릿/데이터 오류 가능
Warning:  DAIC: Close NaN 비율 38.2% (기준: 30%)
Warning:  DAIC: 비정상 가격 변동 306.1% (2026-08-24) — 스플릿/데이터 오류 가능
Warning:  DXYZ: 비정상 가격 변동 63.8% (2024-11-08) — 스플릿/데이터 오류 가능
Warning:  EYPT: 비정상 가격 변동 67.0% (2026-08-17) — 스플릿/데이터 오류 가능
Warning:  FIG: Close NaN 비율 43.6% (기준: 30%)
Warning:  FIGR: Close NaN 비율 49.4% (기준: 30%)
Warning:  FLY: Close NaN 비율 44.6% (기준: 30%)
Warning:  FPS: Close NaN 비율 69.6% (기준: 30%)
Warning:  FRMI: Close NaN 비율 52.2% (기준: 30%)
Warning:  FTFT: 비정상 가격 변동 179.2% (2026-09-14) — 스플릿/데이터 오류 가능
Warning:  GPCR: 비정상 가격 변동 102.5% (2025-12-08) — 스플릿/데이터 오류 가능
Warning:  HTFL: Close NaN 비율 45.0% (기준: 30%)
Warning:  HTZ: 비정상 가격 변동 56.4% (2025-04-16) — 스플릿/데이터 오류 가능
Warning:  INOD: 비정상 가격 변동 86.0% (2026-05-08) — 스플릿/데이터 오류 가능
Warning:  IPST: 비정상 가격 변동 235.9% (2026-08-17) — 스플릿/데이터 오류 가능
Warning:  KD: 비정상 가격 변동 54.9% (2026-02-09) — 스플릿/데이터 오류 가능
Warning:  KLAR: Close NaN 비율 49.4% (기준: 30%)
Warning:  LAC: 비정상 가격 변동 95.8% (2025-09-24) — 스플릿/데이터 오류 가능
Warning:  NUTX: 비정상 가격 변동 51.8% (2025-04-01) — 스플릿/데이터 오류 가능
Warning:  NVTS: 비정상 가격 변동 164.4% (2025-05-22) — 스플릿/데이터 오류 가능
Warning:  OPEN: 비정상 가격 변동 79.5% (2025-09-11) — 스플릿/데이터 오류 가능
Warning:  PFSA: Close NaN 비율 40.8% (기준: 30%)
Warning:  PFSA: 비정상 가격 변동 506.6% (2026-08-18) — 스플릿/데이터 오류 가능
Warning:  PLSE: 비정상 가격 변동 51.6% (2026-02-06) — 스플릿/데이터 오류 가능
Warning:  PMI: Close NaN 비율 47.8% (기준: 30%)
Warning:  PMI: 비정상 가격 변동 86.2% (2026-08-25) — 스플릿/데이터 오류 가능
Warning:  PMI: 거래량 0 연속 7일 (기준: 5일) — 상장폐지/거래정지 가능
Warning:  PRIM: 비정상 가격 변동 50.1% (2026-05-06) — 스플릿/데이터 오류 가능
Warning:  QBTS: 비정상 가격 변동 51.2% (2025-05-08) — 스플릿/데이터 오류 가능
Warning:  QUBT: 비정상 가격 변동 92.8% (2024-11-13) — 스플릿/데이터 오류 가능
Warning:  RDW: 비정상 가격 변동 51.4% (2025-01-21) — 스플릿/데이터 오류 가능
Warning:  RGTI: 비정상 가격 변동 58.0% (2024-11-25) — 스플릿/데이터 오류 가능
Warning:  RXT: 비정상 가격 변동 227.0% (2026-02-18) — 스플릿/데이터 오류 가능
Warning:  RZLV: 비정상 가격 변동 54.5% (2024-12-17) — 스플릿/데이터 오류 가능
Warning:  SBET: 비정상 가격 변동 433.2% (2025-05-27) — 스플릿/데이터 오류 가능
Warning:  SDOT: 비정상 가격 변동 247.1% (2026-06-26) — 스플릿/데이터 오류 가능
Warning:  SLDE: Close NaN 비율 37.8% (기준: 30%)
Warning:  SOC: 비정상 가격 변동 56.2% (2025-12-18) — 스플릿/데이터 오류 가능
Warning:  STRL: 비정상 가격 변동 52.2% (2026-05-05) — 스플릿/데이터 오류 가능
Warning:  STUB: Close NaN 비율 50.2% (기준: 30%)
Warning:  TE: 비정상 가격 변동 66.7% (2024-11-06) — 스플릿/데이터 오류 가능
Warning:  TNON: 비정상 가격 변동 283.4% (2025-03-25) — 스플릿/데이터 오류 가능
Warning:  USAR: 비정상 가격 변동 72.0% (2025-03-14) — 스플릿/데이터 오류 가능
Warning:  VCX: Close NaN 비율 75.4% (기준: 30%)
Warning:  VCX: 비정상 가격 변동 64.2% (2026-03-24) — 스플릿/데이터 오류 가능
Warning:  WETO: 비정상 가격 변동 200.0% (2026-07-31) — 스플릿/데이터 오류 가능
Warning:  WOLF: Close NaN 비율 51.8% (기준: 30%)
Warning:  WYFI: Close NaN 비율 44.6% (기준: 30%)
Warning:  XOS: 비정상 가격 변동 234.5% (2026-06-03) — 스플릿/데이터 오류 가능
Warning:  XPON: 비정상 가격 변동 80.5% (2026-08-24) — 스플릿/데이터 오류 가능
Warning:  YJ: 비정상 가격 변동 176.4% (2026-08-07) — 스플릿/데이터 오류 가능
Warning:  YSS: Close NaN 비율 68.6% (기준: 30%)
[[NASDAQ/NYSE 분석]] Extreme model 'label_low' ROC 0.57, AP 0.50
[[NASDAQ/NYSE 분석]] Extreme model 'label_high' ROC 0.57, AP 0.58
[[NASDAQ/NYSE 분석]] Google Sheets 업데이트 완료 (209개 종목)
[Email] 바닥반등 55개 + 모멘텀 40개 = 총 95개 종목 리스트를 chunghwan14@gmail.com, roykim0311@gmail.com, ssamjungtan@naver.com로 발송 완료

============================================================
[[NASDAQ/NYSE 차트분석]] 이메일 대상 종목 차트 분석 시작
============================================================
[[NASDAQ/NYSE 차트분석]] 차트분석 대상 95개 종목: ['MMYT', 'WIX', 'ACVA', 'IRD', 'HAE', 'YJ', 'ANDG', 'PZZA', 'TRMD', 'SSL', 'BILI', 'SBET', 'LULU', 'CPNG', 'UPST', 'VXX', 'ECO', 'PGY', 'XPEV', 'IONQ', 'NVTS', 'COIN', 'HTFL', 'VSH', 'ATRC', 'CSIQ', 'FUN', 'KRMN', 'MTCH', 'FRO', 'TME', 'PLSE', 'TCOM', 'PONY', 'SOUN', 'CRM', 'FIGR', 'PFSI', 'SMR', 'FPS', 'MSTR', 'IOVA', 'MNDY', 'TXG', 'NTLA', 'PBR', 'QFIN', 'FLNC', 'CLMT', 'GPRO', 'QBTS', 'PODD', 'GPK', 'GRAB', 'FIG', 'BLDR', 'VECO', 'TEAM', 'INOD', 'HTZ', 'APLD', 'CRE', 'ASST', 'BSX', 'VNET', 'BNC', 'TRIP', 'CVI', 'RZLV', 'SMPL', 'AMPX', 'BBW', 'BTCT', 'COUR', 'CTRI', 'QUBT', 'RGTI', 'OKTA', 'DUOL', 'BMNR', 'ASTS', 'NAT', 'BBAI', 'DHT', 'DOCS', 'SLDE', 'HUBS', 'RMBS', 'FRMI', 'KLAR', 'NUTX', 'KTOS', 'HIMS', 'ALMS', 'HYMC']
[[NASDAQ/NYSE 차트분석]] 기존 NASDAQ 차트 파일 삭제 중...
[[NASDAQ/NYSE 차트분석]] TradingView 차트 캡처 시작...
[TradingView] CVI 브라우저 세션 시작  (로그인 세션)...
[TradingView] 1H 캡처 완료 (60)
[TradingView] 4H 캡처 완료 (240)
[TradingView] Daily 캡처 완료 (D)
[TradingView] Weekly 캡처 완료 (W)
[TradingView] Monthly 캡처 완료 (M)
[[NASDAQ/NYSE 차트분석]] CVI 차트 5개 처리 완료
[TradingView] TRMD 브라우저 세션 시작  (로그인 세션)...
[TradingView] 1H 캡처 완료 (60)
[TradingView] 4H 캡처 완료 (240)
[TradingView] Daily 캡처 완료 (D)
[TradingView] Weekly 캡처 완료 (W)
[TradingView] Monthly 캡처 완료 (M)
[[NASDAQ/NYSE 차트분석]] TRMD 차트 5개 처리 완료
[TradingView] FRO 브라우저 세션 시작  (로그인 세션)...
[TradingView] 1H 캡처 완료 (60)
[TradingView] 4H 캡처 완료 (240)
[TradingView] Daily 캡처 완료 (D)
[TradingView] Weekly 캡처 완료 (W)
[TradingView] Monthly 캡처 완료 (M)
[[NASDAQ/NYSE 차트분석]] FRO 차트 5개 처리 완료
[TradingView] NAT 브라우저 세션 시작  (로그인 세션)...
[TradingView] 1H 캡처 완료 (60)
[TradingView] 4H 캡처 완료 (240)
[TradingView] Daily 캡처 완료 (D)
[TradingView] Weekly 캡처 완료 (W)
[TradingView] Monthly 캡처 완료 (M)
[[NASDAQ/NYSE 차트분석]] NAT 차트 5개 처리 완료
[TradingView] OKTA 브라우저 세션 시작  (로그인 세션)...
[TradingView] 1H 캡처 완료 (60)
[TradingView] 4H 캡처 완료 (240)
[TradingView] Daily 캡처 완료 (D)
[TradingView] Weekly 캡처 완료 (W)
[TradingView] Monthly 캡처 완료 (M)
[[NASDAQ/NYSE 차트분석]] OKTA 차트 5개 처리 완료
[TradingView] PBR 브라우저 세션 시작  (로그인 세션)...
[TradingView] 1H 캡처 완료 (60)
[TradingView] 4H 캡처 완료 (240)
[TradingView] Daily 캡처 완료 (D)
[TradingView] Weekly 캡처 완료 (W)
[TradingView] Monthly 캡처 완료 (M)
[[NASDAQ/NYSE 차트분석]] PBR 차트 5개 처리 완료
[TradingView] BMNR 브라우저 세션 시작  (로그인 세션)...
[TradingView] 1H 캡처 완료 (60)
[TradingView] 4H 캡처 완료 (240)
[TradingView] Daily 캡처 완료 (D)
[TradingView] Weekly 캡처 완료 (W)
[TradingView] Monthly 캡처 완료 (M)
[[NASDAQ/NYSE 차트분석]] BMNR 차트 5개 처리 완료
[TradingView] SBET 브라우저 세션 시작  (로그인 세션)...
[TradingView] 1H 캡처 완료 (60)
[TradingView] 4H 캡처 완료 (240)
[TradingView] Daily 캡처 완료 (D)
[TradingView] Weekly 캡처 완료 (W)
[TradingView] Monthly 캡처 완료 (M)
[[NASDAQ/NYSE 차트분석]] SBET 차트 5개 처리 완료
[TradingView] YJ 브라우저 세션 시작  (로그인 세션)...
[TradingView] 1H 캡처 완료 (60)
[TradingView] 4H 캡처 완료 (240)
[TradingView] Daily 캡처 완료 (D)
[TradingView] Weekly 캡처 완료 (W)
[TradingView] Monthly 캡처 완료 (M)
[[NASDAQ/NYSE 차트분석]] YJ 차트 5개 처리 완료
[TradingView] BTCT 브라우저 세션 시작  (로그인 세션)...
[TradingView] 1H 캡처 완료 (60)
[TradingView] 4H 캡처 완료 (240)
[TradingView] Daily 캡처 완료 (D)
[TradingView] Weekly 캡처 완료 (W)
[TradingView] Monthly 캡처 완료 (M)
[[NASDAQ/NYSE 차트분석]] BTCT 차트 5개 처리 완료
[TradingView] CRM 브라우저 세션 시작  (로그인 세션)...
[TradingView] 1H 캡처 완료 (60)
[TradingView] 4H 캡처 완료 (240)
[TradingView] Daily 캡처 완료 (D)
[TradingView] Weekly 캡처 완료 (W)
[TradingView] Monthly 캡처 완료 (M)
[[NASDAQ/NYSE 차트분석]] CRM 차트 5개 처리 완료
[TradingView] HAE 브라우저 세션 시작  (로그인 세션)...
[TradingView] 1H 캡처 완료 (60)
[TradingView] 4H 캡처 완료 (240)
[TradingView] Daily 캡처 완료 (D)
[TradingView] Weekly 캡처 완료 (W)
[TradingView] Monthly 캡처 완료 (M)
[[NASDAQ/NYSE 차트분석]] HAE 차트 5개 처리 완료
[TradingView] HTFL 브라우저 세션 시작  (로그인 세션)...
[TradingView] 1H 캡처 완료 (60)
[TradingView] 4H 캡처 완료 (240)
[TradingView] Daily 캡처 완료 (D)
[TradingView] Weekly 캡처 완료 (W)
[TradingView] Monthly 캡처 완료 (M)
[[NASDAQ/NYSE 차트분석]] HTFL 차트 5개 처리 완료
[TradingView] SSL 브라우저 세션 시작  (로그인 세션)...
[TradingView] 1H 캡처 완료 (60)
[TradingView] 4H 캡처 완료 (240)
[TradingView] Daily 캡처 완료 (D)
[TradingView] Weekly 캡처 완료 (W)
[TradingView] Monthly 캡처 완료 (M)
[[NASDAQ/NYSE 차트분석]] SSL 차트 5개 처리 완료
[TradingView] TEAM 브라우저 세션 시작  (로그인 세션)...
[TradingView] 1H 캡처 완료 (60)
[TradingView] 4H 캡처 완료 (240)
[TradingView] Daily 캡처 완료 (D)
[TradingView] Weekly 캡처 완료 (W)
[TradingView] Monthly 캡처 완료 (M)
[[NASDAQ/NYSE 차트분석]] TEAM 차트 5개 처리 완료
[TradingView] CLMT 브라우저 세션 시작  (로그인 세션)...
[TradingView] 1H 캡처 완료 (60)
[TradingView] 4H 캡처 완료 (240)
[TradingView] Daily 캡처 완료 (D)
[TradingView] Weekly 캡처 완료 (W)
[TradingView] Monthly 캡처 완료 (M)
[[NASDAQ/NYSE 차트분석]] CLMT 차트 5개 처리 완료
[TradingView] PLSE 브라우저 세션 시작  (로그인 세션)...
[TradingView] 1H 캡처 완료 (60)
[TradingView] 4H 캡처 완료 (240)
[TradingView] Daily 캡처 완료 (D)
[TradingView] Weekly 캡처 완료 (W)
[TradingView] Monthly 캡처 완료 (M)
[[NASDAQ/NYSE 차트분석]] PLSE 차트 5개 처리 완료
[TradingView] IOVA 브라우저 세션 시작  (로그인 세션)...
[TradingView] 1H 캡처 완료 (60)
[TradingView] 4H 캡처 완료 (240)
[TradingView] Daily 캡처 완료 (D)
[TradingView] Weekly 캡처 완료 (W)
[TradingView] Monthly 캡처 완료 (M)
[[NASDAQ/NYSE 차트분석]] IOVA 차트 5개 처리 완료
[TradingView] NUTX 브라우저 세션 시작  (로그인 세션)...
[TradingView] 1H 캡처 완료 (60)
[TradingView] 4H 캡처 완료 (240)
[TradingView] Daily 캡처 완료 (D)
[TradingView] Weekly 캡처 완료 (W)
[TradingView] Monthly 캡처 완료 (M)
[[NASDAQ/NYSE 차트분석]] NUTX 차트 5개 처리 완료
[TradingView] TXG 브라우저 세션 시작  (로그인 세션)...
[TradingView] 1H 캡처 완료 (60)
[TradingView] 4H 캡처 완료 (240)
[TradingView] Daily 캡처 완료 (D)
[TradingView] Weekly 캡처 완료 (W)
[TradingView] Monthly 캡처 완료 (M)
[[NASDAQ/NYSE 차트분석]] TXG 차트 5개 처리 완료
[TradingView] MNDY 브라우저 세션 시작  (로그인 세션)...
[TradingView] 1H 캡처 완료 (60)
[TradingView] 4H 캡처 완료 (240)
[TradingView] Daily 캡처 완료 (D)
[TradingView] Weekly 캡처 완료 (W)
[TradingView] Monthly 캡처 완료 (M)
[[NASDAQ/NYSE 차트분석]] MNDY 차트 5개 처리 완료
[TradingView] DUOL 브라우저 세션 시작  (로그인 세션)...
[TradingView] 1H 캡처 완료 (60)
[TradingView] 4H 캡처 완료 (240)
[TradingView] Daily 캡처 완료 (D)
[TradingView] Weekly 캡처 완료 (W)
[TradingView] Monthly 캡처 완료 (M)
[[NASDAQ/NYSE 차트분석]] DUOL 차트 5개 처리 완료
[TradingView] WIX 브라우저 세션 시작  (로그인 세션)...
[TradingView] 1H 캡처 완료 (60)
[TradingView] 4H 캡처 완료 (240)
[TradingView] Daily 캡처 완료 (D)
[TradingView] Weekly 캡처 완료 (W)
[TradingView] Monthly 캡처 완료 (M)
[[NASDAQ/NYSE 차트분석]] WIX 차트 5개 처리 완료
[TradingView] COIN 브라우저 세션 시작  (로그인 세션)...
[TradingView] 1H 캡처 완료 (60)
[TradingView] 4H 캡처 완료 (240)
[TradingView] Daily 캡처 완료 (D)
[TradingView] Weekly 캡처 완료 (W)
[TradingView] Monthly 캡처 완료 (M)
[[NASDAQ/NYSE 차트분석]] COIN 차트 5개 처리 완료
[TradingView] SLDE 브라우저 세션 시작  (로그인 세션)...
[TradingView] 1H 캡처 완료 (60)
[TradingView] 4H 캡처 완료 (240)
[TradingView] Daily 캡처 완료 (D)
[TradingView] Weekly 캡처 완료 (W)
[TradingView] Monthly 캡처 완료 (M)
[[NASDAQ/NYSE 차트분석]] SLDE 차트 5개 처리 완료
[TradingView] ACVA 브라우저 세션 시작  (로그인 세션)...
[TradingView] 1H 캡처 완료 (60)
[TradingView] 4H 캡처 완료 (240)
[TradingView] Daily 캡처 완료 (D)
[TradingView] Weekly 캡처 완료 (W)
[TradingView] Monthly 캡처 완료 (M)
[[NASDAQ/NYSE 차트분석]] ACVA 차트 5개 처리 완료
[TradingView] ASST 브라우저 세션 시작  (로그인 세션)...
[TradingView] 1H 캡처 완료 (60)
[TradingView] 4H 캡처 완료 (240)
[TradingView] Daily 캡처 완료 (D)
[TradingView] Weekly 캡처 완료 (W)
[TradingView] Monthly 캡처 완료 (M)
[[NASDAQ/NYSE 차트분석]] ASST 차트 5개 처리 완료
[TradingView] MTCH 브라우저 세션 시작  (로그인 세션)...
[TradingView] 1H 캡처 완료 (60)
[TradingView] 4H 캡처 완료 (240)
[TradingView] Daily 캡처 완료 (D)
[TradingView] Weekly 캡처 완료 (W)
[TradingView] Monthly 캡처 완료 (M)
[[NASDAQ/NYSE 차트분석]] MTCH 차트 5개 처리 완료
[TradingView] ATRC 브라우저 세션 시작  (로그인 세션)...
[TradingView] 1H 캡처 완료 (60)
[TradingView] 4H 캡처 완료 (240)
[TradingView] Daily 캡처 완료 (D)
[TradingView] Weekly 캡처 완료 (W)
[TradingView] Monthly 캡처 완료 (M)
[[NASDAQ/NYSE 차트분석]] ATRC 차트 5개 처리 완료
[TradingView] ECO 브라우저 세션 시작  (로그인 세션)...
[TradingView] 1H 캡처 완료 (60)
[TradingView] 4H 캡처 완료 (240)
[TradingView] Daily 캡처 완료 (D)
[TradingView] Weekly 캡처 완료 (W)
[TradingView] Monthly 캡처 완료 (M)
[[NASDAQ/NYSE 차트분석]] ECO 차트 5개 처리 완료
[TradingView] GPRO 브라우저 세션 시작  (로그인 세션)...
[TradingView] 1H 캡처 완료 (60)
[TradingView] 4H 캡처 완료 (240)
[TradingView] Daily 캡처 완료 (D)
[TradingView] Weekly 캡처 완료 (W)
[TradingView] Monthly 캡처 완료 (M)
[[NASDAQ/NYSE 차트분석]] GPRO 차트 5개 처리 완료
[TradingView] PGY 브라우저 세션 시작  (로그인 세션)...
[TradingView] 1H 캡처 완료 (60)
[TradingView] 4H 캡처 완료 (240)
[TradingView] Daily 캡처 완료 (D)
[TradingView] Weekly 캡처 완료 (W)
[TradingView] Monthly 캡처 완료 (M)
[[NASDAQ/NYSE 차트분석]] PGY 차트 5개 처리 완료
[TradingView] FIGR 브라우저 세션 시작  (로그인 세션)...
[TradingView] 1H 캡처 완료 (60)
[TradingView] 4H 캡처 완료 (240)
[TradingView] Daily 캡처 완료 (D)
[TradingView] Weekly 캡처 완료 (W)
[TradingView] Monthly 캡처 완료 (M)
[[NASDAQ/NYSE 차트분석]] FIGR 차트 5개 처리 완료
[TradingView] BNC 브라우저 세션 시작  (로그인 세션)...
[TradingView] 1H 캡처 완료 (60)
[TradingView] 4H 캡처 완료 (240)
[TradingView] Daily 캡처 완료 (D)
[TradingView] Weekly 캡처 완료 (W)
[TradingView] Monthly 캡처 완료 (M)
[[NASDAQ/NYSE 차트분석]] BNC 차트 5개 처리 완료
[TradingView] DHT 브라우저 세션 시작  (로그인 세션)...
[TradingView] 1H 캡처 완료 (60)
[TradingView] 4H 캡처 완료 (240)
[TradingView] Daily 캡처 완료 (D)
[TradingView] Weekly 캡처 완료 (W)
[TradingView] Monthly 캡처 완료 (M)
[[NASDAQ/NYSE 차트분석]] DHT 차트 5개 처리 완료
[TradingView] ANDG 브라우저 세션 시작  (로그인 세션)...
[TradingView] 1H 캡처 완료 (60)
[TradingView] 4H 캡처 완료 (240)
[TradingView] Daily 캡처 완료 (D)
[TradingView] Weekly 캡처 완료 (W)
[TradingView] Monthly 캡처 완료 (M)
[[NASDAQ/NYSE 차트분석]] ANDG 차트 5개 처리 완료
[TradingView] HIMS 브라우저 세션 시작  (로그인 세션)...
[TradingView] 1H 캡처 완료 (60)
[TradingView] 4H 캡처 완료 (240)
[TradingView] Daily 캡처 완료 (D)
[TradingView] Weekly 캡처 완료 (W)
[TradingView] Monthly 캡처 완료 (M)
[[NASDAQ/NYSE 차트분석]] HIMS 차트 5개 처리 완료
[TradingView] IRD 브라우저 세션 시작  (로그인 세션)...
[TradingView] 1H 캡처 완료 (60)
[TradingView] 4H 캡처 완료 (240)
[TradingView] Daily 캡처 완료 (D)
[TradingView] Weekly 캡처 완료 (W)
[TradingView] Monthly 캡처 완료 (M)
[[NASDAQ/NYSE 차트분석]] IRD 차트 5개 처리 완료
[TradingView] DOCS 브라우저 세션 시작  (로그인 세션)...
[TradingView] 1H 캡처 완료 (60)
[TradingView] 4H 캡처 완료 (240)
[TradingView] Daily 캡처 완료 (D)
[TradingView] Weekly 캡처 완료 (W)
[TradingView] Monthly 캡처 완료 (M)
[[NASDAQ/NYSE 차트분석]] DOCS 차트 5개 처리 완료
[TradingView] MSTR 브라우저 세션 시작  (로그인 세션)...
[TradingView] 1H 캡처 완료 (60)
[TradingView] 4H 캡처 완료 (240)
[TradingView] Daily 캡처 완료 (D)
[TradingView] Weekly 캡처 완료 (W)
[TradingView] Monthly 캡처 완료 (M)
[[NASDAQ/NYSE 차트분석]] MSTR 차트 5개 처리 완료
[TradingView] CRE 브라우저 세션 시작  (로그인 세션)...
[TradingView] 1H 캡처 완료 (60)
[TradingView] 4H 캡처 완료 (240)
[TradingView] Daily 캡처 완료 (D)
[TradingView] Weekly 캡처 완료 (W)
[TradingView] Monthly 캡처 완료 (M)
[[NASDAQ/NYSE 차트분석]] CRE 차트 5개 처리 완료
[TradingView] HUBS 브라우저 세션 시작  (로그인 세션)...
[TradingView] 1H 캡처 완료 (60)
[TradingView] 4H 캡처 완료 (240)
[TradingView] Daily 캡처 완료 (D)
[TradingView] Weekly 캡처 완료 (W)
[TradingView] Monthly 캡처 완료 (M)
[[NASDAQ/NYSE 차트분석]] HUBS 차트 5개 처리 완료
[TradingView] FIG 브라우저 세션 시작  (로그인 세션)...
[TradingView] 1H 캡처 완료 (60)
[TradingView] 4H 캡처 완료 (240)
[TradingView] Daily 캡처 완료 (D)
[TradingView] Weekly 캡처 완료 (W)
[TradingView] Monthly 캡처 완료 (M)
[[NASDAQ/NYSE 차트분석]] FIG 차트 5개 처리 완료
[TradingView] VXX 브라우저 세션 시작  (로그인 세션)...
[TradingView] 1H 캡처 완료 (60)
[TradingView] 4H 캡처 완료 (240)
[TradingView] Daily 캡처 완료 (D)
[TradingView] Weekly 캡처 완료 (W)
[TradingView] Monthly 캡처 완료 (M)
[[NASDAQ/NYSE 차트분석]] VXX 차트 5개 처리 완료
[TradingView] MMYT 브라우저 세션 시작  (로그인 세션)...
[TradingView] 1H 캡처 완료 (60)
[TradingView] 4H 캡처 완료 (240)
[TradingView] Daily 캡처 완료 (D)
[TradingView] Weekly 캡처 완료 (W)
[TradingView] Monthly 캡처 완료 (M)
[[NASDAQ/NYSE 차트분석]] MMYT 차트 5개 처리 완료
[TradingView] COUR 브라우저 세션 시작  (로그인 세션)...
[TradingView] 1H 캡처 완료 (60)
[TradingView] 4H 캡처 완료 (240)
[TradingView] Daily 캡처 완료 (D)
[TradingView] Weekly 캡처 완료 (W)
[TradingView] Monthly 캡처 완료 (M)
[[NASDAQ/NYSE 차트분석]] COUR 차트 5개 처리 완료
[TradingView] RMBS 브라우저 세션 시작  (로그인 세션)...
[TradingView] 1H 캡처 완료 (60)
[TradingView] 4H 캡처 완료 (240)
[TradingView] Daily 캡처 완료 (D)
[TradingView] Weekly 캡처 완료 (W)
[TradingView] Monthly 캡처 완료 (M)
[[NASDAQ/NYSE 차트분석]] RMBS 차트 5개 처리 완료
[TradingView] TRIP 브라우저 세션 시작  (로그인 세션)...
[TradingView] 1H 캡처 완료 (60)
[TradingView] 4H 캡처 완료 (240)
[TradingView] Daily 캡처 완료 (D)
[TradingView] Weekly 캡처 완료 (W)
[TradingView] Monthly 캡처 완료 (M)
[[NASDAQ/NYSE 차트분석]] TRIP 차트 5개 처리 완료
[TradingView] INOD 브라우저 세션 시작  (로그인 세션)...
[TradingView] 1H 캡처 완료 (60)
[TradingView] 4H 캡처 완료 (240)
[TradingView] Daily 캡처 완료 (D)
[TradingView] Weekly 캡처 완료 (W)
[TradingView] Monthly 캡처 완료 (M)
[[NASDAQ/NYSE 차트분석]] INOD 차트 5개 처리 완료
[TradingView] KRMN 브라우저 세션 시작  (로그인 세션)...
[TradingView] 1H 캡처 완료 (60)
[TradingView] 4H 캡처 완료 (240)
[TradingView] Daily 캡처 완료 (D)
[TradingView] Weekly 캡처 완료 (W)
[TradingView] Monthly 캡처 완료 (M)
[[NASDAQ/NYSE 차트분석]] KRMN 차트 5개 처리 완료
[TradingView] FPS 브라우저 세션 시작  (로그인 세션)...
[TradingView] 1H 캡처 완료 (60)
[TradingView] 4H 캡처 완료 (240)
[TradingView] Daily 캡처 완료 (D)
[TradingView] Weekly 캡처 완료 (W)
[TradingView] Monthly 캡처 완료 (M)
[[NASDAQ/NYSE 차트분석]] FPS 차트 5개 처리 완료
[TradingView] NTLA 브라우저 세션 시작  (로그인 세션)...
[TradingView] 1H 캡처 완료 (60)
[TradingView] 4H 캡처 완료 (240)
[TradingView] Daily 캡처 완료 (D)
[TradingView] Weekly 캡처 완료 (W)
[TradingView] Monthly 캡처 완료 (M)
[[NASDAQ/NYSE 차트분석]] NTLA 차트 5개 처리 완료
[TradingView] ALMS 브라우저 세션 시작  (로그인 세션)...
[TradingView] 1H 캡처 완료 (60)
[TradingView] 4H 캡처 완료 (240)
[TradingView] Daily 캡처 완료 (D)
[TradingView] Weekly 캡처 완료 (W)
[TradingView] Monthly 캡처 완료 (M)
[[NASDAQ/NYSE 차트분석]] ALMS 차트 5개 처리 완료
[TradingView] FLNC 브라우저 세션 시작  (로그인 세션)...
[TradingView] 1H 캡처 완료 (60)
[TradingView] 4H 캡처 완료 (240)
[TradingView] Daily 캡처 완료 (D)
[TradingView] Weekly 캡처 완료 (W)
[TradingView] Monthly 캡처 완료 (M)
[[NASDAQ/NYSE 차트분석]] FLNC 차트 5개 처리 완료
[TradingView] BBW 브라우저 세션 시작  (로그인 세션)...
[TradingView] 1H 캡처 완료 (60)
[TradingView] 4H 캡처 완료 (240)
[TradingView] Daily 캡처 완료 (D)
[TradingView] Weekly 캡처 완료 (W)
[TradingView] Monthly 캡처 완료 (M)
[[NASDAQ/NYSE 차트분석]] BBW 차트 5개 처리 완료
[TradingView] CTRI 브라우저 세션 시작  (로그인 세션)...
[TradingView] 1H 캡처 완료 (60)
[TradingView] 4H 캡처 완료 (240)
[TradingView] Daily 캡처 완료 (D)
[TradingView] Weekly 캡처 완료 (W)
[TradingView] Monthly 캡처 완료 (M)
[[NASDAQ/NYSE 차트분석]] CTRI 차트 5개 처리 완료
[TradingView] FUN 브라우저 세션 시작  (로그인 세션)...
[TradingView] 1H 캡처 완료 (60)
[TradingView] 4H 캡처 완료 (240)
[TradingView] Daily 캡처 완료 (D)
[TradingView] Weekly 캡처 완료 (W)
[TradingView] Monthly 캡처 완료 (M)
[[NASDAQ/NYSE 차트분석]] FUN 차트 5개 처리 완료
[TradingView] GPK 브라우저 세션 시작  (로그인 세션)...
[TradingView] 1H 캡처 완료 (60)
[TradingView] 4H 캡처 완료 (240)
[TradingView] Daily 캡처 완료 (D)
[TradingView] Weekly 캡처 완료 (W)
[TradingView] Monthly 캡처 완료 (M)
[[NASDAQ/NYSE 차트분석]] GPK 차트 5개 처리 완료
[TradingView] KLAR 브라우저 세션 시작  (로그인 세션)...
[TradingView] 1H 캡처 완료 (60)
[TradingView] 4H 캡처 완료 (240)
[TradingView] Daily 캡처 완료 (D)
[TradingView] Weekly 캡처 완료 (W)
[TradingView] Monthly 캡처 완료 (M)
[[NASDAQ/NYSE 차트분석]] KLAR 차트 5개 처리 완료
[TradingView] PODD 브라우저 세션 시작  (로그인 세션)...
[TradingView] 1H 캡처 완료 (60)
[TradingView] 4H 캡처 완료 (240)
[TradingView] Daily 캡처 완료 (D)
[TradingView] Weekly 캡처 완료 (W)
[TradingView] Monthly 캡처 완료 (M)
[[NASDAQ/NYSE 차트분석]] PODD 차트 5개 처리 완료
[TradingView] SMPL 브라우저 세션 시작  (로그인 세션)...
[TradingView] 1H 캡처 완료 (60)
[TradingView] 4H 캡처 완료 (240)
[TradingView] Daily 캡처 완료 (D)
[TradingView] Weekly 캡처 완료 (W)
[TradingView] Monthly 캡처 완료 (M)
[[NASDAQ/NYSE 차트분석]] SMPL 차트 5개 처리 완료
[TradingView] TCOM 브라우저 세션 시작  (로그인 세션)...
[TradingView] 1H 캡처 완료 (60)
[TradingView] 4H 캡처 완료 (240)
[TradingView] Daily 캡처 완료 (D)
[TradingView] Weekly 캡처 완료 (W)
[TradingView] Monthly 캡처 완료 (M)
[[NASDAQ/NYSE 차트분석]] TCOM 차트 5개 처리 완료
[TradingView] VECO 브라우저 세션 시작  (로그인 세션)...
[TradingView] 1H 캡처 완료 (60)
[TradingView] 4H 캡처 완료 (240)
[TradingView] Daily 캡처 완료 (D)
[TradingView] Weekly 캡처 완료 (W)
[TradingView] Monthly 캡처 완료 (M)
[[NASDAQ/NYSE 차트분석]] VECO 차트 5개 처리 완료
[TradingView] PFSI 브라우저 세션 시작  (로그인 세션)...
[TradingView] 1H 캡처 완료 (60)
[TradingView] 4H 캡처 완료 (240)
[TradingView] Daily 캡처 완료 (D)
[TradingView] Weekly 캡처 완료 (W)
[TradingView] Monthly 캡처 완료 (M)
[[NASDAQ/NYSE 차트분석]] PFSI 차트 5개 처리 완료
[TradingView] PZZA 브라우저 세션 시작  (로그인 세션)...
[TradingView] 1H 캡처 완료 (60)
[TradingView] 4H 캡처 완료 (240)
[TradingView] Daily 캡처 완료 (D)
[TradingView] Weekly 캡처 완료 (W)
[TradingView] Monthly 캡처 완료 (M)
[[NASDAQ/NYSE 차트분석]] PZZA 차트 5개 처리 완료
[TradingView] QFIN 브라우저 세션 시작  (로그인 세션)...
[TradingView] 1H 캡처 완료 (60)
[TradingView] 4H 캡처 완료 (240)
[TradingView] Daily 캡처 완료 (D)
[TradingView] Weekly 캡처 완료 (W)
[TradingView] Monthly 캡처 완료 (M)
[[NASDAQ/NYSE 차트분석]] QFIN 차트 5개 처리 완료
[TradingView] TME 브라우저 세션 시작  (로그인 세션)...
[TradingView] 1H 캡처 완료 (60)
[TradingView] 4H 캡처 완료 (240)
[TradingView] Daily 캡처 완료 (D)
[TradingView] Weekly 캡처 완료 (W)
[TradingView] Monthly 캡처 완료 (M)
[[NASDAQ/NYSE 차트분석]] TME 차트 5개 처리 완료
[TradingView] BILI 브라우저 세션 시작  (로그인 세션)...
[TradingView] 1H 캡처 완료 (60)
[TradingView] 4H 캡처 완료 (240)
[TradingView] Daily 캡처 완료 (D)
[TradingView] Weekly 캡처 완료 (W)
[TradingView] Monthly 캡처 완료 (M)
[[NASDAQ/NYSE 차트분석]] BILI 차트 5개 처리 완료
[TradingView] PONY 브라우저 세션 시작  (로그인 세션)...
[TradingView] 1H 캡처 완료 (60)
[TradingView] 4H 캡처 완료 (240)
[TradingView] Daily 캡처 완료 (D)
[TradingView] Weekly 캡처 완료 (W)
[TradingView] Monthly 캡처 완료 (M)
[[NASDAQ/NYSE 차트분석]] PONY 차트 5개 처리 완료
[TradingView] KTOS 브라우저 세션 시작  (로그인 세션)...
[TradingView] 1H 캡처 완료 (60)
[TradingView] 4H 캡처 완료 (240)
[TradingView] Daily 캡처 완료 (D)
[TradingView] Weekly 캡처 완료 (W)
[TradingView] Monthly 캡처 완료 (M)
[[NASDAQ/NYSE 차트분석]] KTOS 차트 5개 처리 완료
[TradingView] GRAB 브라우저 세션 시작  (로그인 세션)...
[TradingView] 1H 캡처 완료 (60)
[TradingView] 4H 캡처 완료 (240)
[TradingView] Daily 캡처 완료 (D)
[TradingView] Weekly 캡처 완료 (W)
[TradingView] Monthly 캡처 완료 (M)
[[NASDAQ/NYSE 차트분석]] GRAB 차트 5개 처리 완료
[TradingView] IONQ 브라우저 세션 시작  (로그인 세션)...
[TradingView] 1H 캡처 완료 (60)
[TradingView] 4H 캡처 완료 (240)
[TradingView] Daily 캡처 완료 (D)
[TradingView] Weekly 캡처 완료 (W)
[TradingView] Monthly 캡처 완료 (M)
[[NASDAQ/NYSE 차트분석]] IONQ 차트 5개 처리 완료
[TradingView] QBTS 브라우저 세션 시작  (로그인 세션)...
[TradingView] 1H 캡처 완료 (60)
[TradingView] 4H 캡처 완료 (240)
[TradingView] Daily 캡처 완료 (D)
[TradingView] Weekly 캡처 완료 (W)
[TradingView] Monthly 캡처 완료 (M)
[[NASDAQ/NYSE 차트분석]] QBTS 차트 5개 처리 완료
[TradingView] RZLV 브라우저 세션 시작  (로그인 세션)...
[TradingView] 1H 캡처 완료 (60)
[TradingView] 4H 캡처 완료 (240)
[TradingView] Daily 캡처 완료 (D)
[TradingView] Weekly 캡처 완료 (W)
[TradingView] Monthly 캡처 완료 (M)
[[NASDAQ/NYSE 차트분석]] RZLV 차트 5개 처리 완료
[TradingView] SOUN 브라우저 세션 시작  (로그인 세션)...
[TradingView] 1H 캡처 완료 (60)
[TradingView] 4H 캡처 완료 (240)
[TradingView] Daily 캡처 완료 (D)
[TradingView] Weekly 캡처 완료 (W)
[TradingView] Monthly 캡처 완료 (M)
[[NASDAQ/NYSE 차트분석]] SOUN 차트 5개 처리 완료
[TradingView] AMPX 브라우저 세션 시작  (로그인 세션)...
[TradingView] 1H 캡처 완료 (60)
[TradingView] 4H 캡처 완료 (240)
[TradingView] Daily 캡처 완료 (D)
[TradingView] Weekly 캡처 완료 (W)
[TradingView] Monthly 캡처 완료 (M)
[[NASDAQ/NYSE 차트분석]] AMPX 차트 5개 처리 완료
[TradingView] BLDR 브라우저 세션 시작  (로그인 세션)...
[TradingView] 1H 캡처 완료 (60)
[TradingView] 4H 캡처 완료 (240)
[TradingView] Daily 캡처 완료 (D)
[TradingView] Weekly 캡처 완료 (W)
[TradingView] Monthly 캡처 완료 (M)
[[NASDAQ/NYSE 차트분석]] BLDR 차트 5개 처리 완료
[TradingView] BSX 브라우저 세션 시작  (로그인 세션)...
[TradingView] 1H 캡처 완료 (60)
[TradingView] 4H 캡처 완료 (240)
[TradingView] Daily 캡처 완료 (D)
[TradingView] Weekly 캡처 완료 (W)
[TradingView] Monthly 캡처 완료 (M)
[[NASDAQ/NYSE 차트분석]] BSX 차트 5개 처리 완료
[TradingView] HYMC 브라우저 세션 시작  (로그인 세션)...
[TradingView] 1H 캡처 완료 (60)
[TradingView] 4H 캡처 완료 (240)
[TradingView] Daily 캡처 완료 (D)
[TradingView] Weekly 캡처 완료 (W)
[TradingView] Monthly 캡처 완료 (M)
[[NASDAQ/NYSE 차트분석]] HYMC 차트 5개 처리 완료
[TradingView] UPST 브라우저 세션 시작  (로그인 세션)...
[TradingView] 1H 캡처 완료 (60)
[TradingView] 4H 캡처 완료 (240)
[TradingView] Daily 캡처 완료 (D)
[TradingView] Weekly 캡처 완료 (W)
[TradingView] Monthly 캡처 완료 (M)
[[NASDAQ/NYSE 차트분석]] UPST 차트 5개 처리 완료
[TradingView] VSH 브라우저 세션 시작  (로그인 세션)...
[TradingView] 1H 캡처 완료 (60)
[TradingView] 4H 캡처 완료 (240)
[TradingView] Daily 캡처 완료 (D)
[TradingView] Weekly 캡처 완료 (W)
[TradingView] Monthly 캡처 완료 (M)
[[NASDAQ/NYSE 차트분석]] VSH 차트 5개 처리 완료
[TradingView] XPEV 브라우저 세션 시작  (로그인 세션)...
[TradingView] 1H 캡처 완료 (60)
[TradingView] 4H 캡처 완료 (240)
[TradingView] Daily 캡처 완료 (D)
[TradingView] Weekly 캡처 완료 (W)
[TradingView] Monthly 캡처 완료 (M)
[[NASDAQ/NYSE 차트분석]] XPEV 차트 5개 처리 완료
[TradingView] APLD 브라우저 세션 시작  (로그인 세션)...
[TradingView] 1H 캡처 완료 (60)
[TradingView] 4H 캡처 완료 (240)
[TradingView] Daily 캡처 완료 (D)
[TradingView] Weekly 캡처 완료 (W)
[TradingView] Monthly 캡처 완료 (M)
[[NASDAQ/NYSE 차트분석]] APLD 차트 5개 처리 완료
[TradingView] ASTS 브라우저 세션 시작  (로그인 세션)...
[TradingView] 1H 캡처 완료 (60)
[TradingView] 4H 캡처 완료 (240)
[TradingView] Daily 캡처 완료 (D)
[TradingView] Weekly 캡처 완료 (W)
[TradingView] Monthly 캡처 완료 (M)
[[NASDAQ/NYSE 차트분석]] ASTS 차트 5개 처리 완료
[TradingView] BBAI 브라우저 세션 시작  (로그인 세션)...
[TradingView] 1H 캡처 완료 (60)
[TradingView] 4H 캡처 완료 (240)
[TradingView] Daily 캡처 완료 (D)
[TradingView] Weekly 캡처 완료 (W)
[TradingView] Monthly 캡처 완료 (M)
[[NASDAQ/NYSE 차트분석]] BBAI 차트 5개 처리 완료
[TradingView] CPNG 브라우저 세션 시작  (로그인 세션)...
[TradingView] 1H 캡처 완료 (60)
[TradingView] 4H 캡처 완료 (240)
[TradingView] Daily 캡처 완료 (D)
[TradingView] Weekly 캡처 완료 (W)
[TradingView] Monthly 캡처 완료 (M)
[[NASDAQ/NYSE 차트분석]] CPNG 차트 5개 처리 완료
[TradingView] CSIQ 브라우저 세션 시작  (로그인 세션)...
[TradingView] 1H 캡처 완료 (60)
[TradingView] 4H 캡처 완료 (240)
[TradingView] Daily 캡처 완료 (D)
[TradingView] Weekly 캡처 완료 (W)
[TradingView] Monthly 캡처 완료 (M)
[[NASDAQ/NYSE 차트분석]] CSIQ 차트 5개 처리 완료
[TradingView] FRMI 브라우저 세션 시작  (로그인 세션)...
[TradingView] 1H 캡처 완료 (60)
[TradingView] 4H 캡처 완료 (240)
[TradingView] Daily 캡처 완료 (D)
[TradingView] Weekly 캡처 완료 (W)
[TradingView] Monthly 캡처 완료 (M)
[[NASDAQ/NYSE 차트분석]] FRMI 차트 5개 처리 완료
[TradingView] HTZ 브라우저 세션 시작  (로그인 세션)...
[TradingView] 1H 캡처 완료 (60)
[TradingView] 4H 캡처 완료 (240)
[TradingView] Daily 캡처 완료 (D)
[TradingView] Weekly 캡처 완료 (W)
[TradingView] Monthly 캡처 완료 (M)
[[NASDAQ/NYSE 차트분석]] HTZ 차트 5개 처리 완료
[TradingView] LULU 브라우저 세션 시작  (로그인 세션)...
[TradingView] 1H 캡처 완료 (60)
[TradingView] 4H 캡처 완료 (240)
[TradingView] Daily 캡처 완료 (D)
[TradingView] Weekly 캡처 완료 (W)
[TradingView] Monthly 캡처 완료 (M)
[[NASDAQ/NYSE 차트분석]] LULU 차트 5개 처리 완료
[TradingView] NVTS 브라우저 세션 시작  (로그인 세션)...
[TradingView] 1H 캡처 완료 (60)
[TradingView] 4H 캡처 완료 (240)
[TradingView] Daily 캡처 완료 (D)
[TradingView] Weekly 캡처 완료 (W)
[TradingView] Monthly 캡처 완료 (M)
[[NASDAQ/NYSE 차트분석]] NVTS 차트 5개 처리 완료
[TradingView] QUBT 브라우저 세션 시작  (로그인 세션)...
[TradingView] 1H 캡처 완료 (60)
[TradingView] 4H 캡처 완료 (240)
[TradingView] Daily 캡처 완료 (D)
[TradingView] Weekly 캡처 완료 (W)
[TradingView] Monthly 캡처 완료 (M)
[[NASDAQ/NYSE 차트분석]] QUBT 차트 5개 처리 완료
[TradingView] RGTI 브라우저 세션 시작  (로그인 세션)...
[TradingView] 1H 캡처 완료 (60)
[TradingView] 4H 캡처 완료 (240)
[TradingView] Daily 캡처 완료 (D)
[TradingView] Weekly 캡처 완료 (W)
[TradingView] Monthly 캡처 완료 (M)
[[NASDAQ/NYSE 차트분석]] RGTI 차트 5개 처리 완료
[TradingView] SMR 브라우저 세션 시작  (로그인 세션)...
[TradingView] 1H 캡처 완료 (60)
[TradingView] 4H 캡처 완료 (240)
[TradingView] Daily 캡처 완료 (D)
[TradingView] Weekly 캡처 완료 (W)
[TradingView] Monthly 캡처 완료 (M)
[[NASDAQ/NYSE 차트분석]] SMR 차트 5개 처리 완료
[TradingView] VNET 브라우저 세션 시작  (로그인 세션)...
[TradingView] 1H 캡처 완료 (60)
[TradingView] 4H 캡처 완료 (240)
[TradingView] Daily 캡처 완료 (D)
[TradingView] Weekly 캡처 완료 (W)
[TradingView] Monthly 캡처 완료 (M)
[[NASDAQ/NYSE 차트분석]] VNET 차트 5개 처리 완료
[[NASDAQ/NYSE 차트분석]] 차트 캡처 완료
[[NASDAQ/NYSE 차트분석]] GitHub에 차트 이미지 푸시 중...
rm 'charts/screenshots_nasdaq/ASST/ASST_1H_20260914_073723.png'
rm 'charts/screenshots_nasdaq/ASST/ASST_4H_20260914_073723.png'
rm 'charts/screenshots_nasdaq/ASST/ASST_Daily_20260914_073723.png'
rm 'charts/screenshots_nasdaq/ASST/ASST_Monthly_20260914_073723.png'
rm 'charts/screenshots_nasdaq/ASST/ASST_Weekly_20260914_073723.png'
rm 'charts/screenshots_nasdaq/ASTS/ASTS_1H_20260914_080348.png'
rm 'charts/screenshots_nasdaq/ASTS/ASTS_4H_20260914_080348.png'
rm 'charts/screenshots_nasdaq/ASTS/ASTS_Daily_20260914_080348.png'
rm 'charts/screenshots_nasdaq/ASTS/ASTS_Monthly_20260914_080348.png'
rm 'charts/screenshots_nasdaq/ASTS/ASTS_Weekly_20260914_080348.png'
rm 'charts/screenshots_nasdaq/ATRC/ATRC_1H_20260914_073609.png'
rm 'charts/screenshots_nasdaq/ATRC/ATRC_4H_20260914_073609.png'
rm 'charts/screenshots_nasdaq/ATRC/ATRC_Daily_20260914_073609.png'
rm 'charts/screenshots_nasdaq/ATRC/ATRC_Monthly_20260914_073609.png'
rm 'charts/screenshots_nasdaq/ATRC/ATRC_Weekly_20260914_073609.png'
rm 'charts/screenshots_nasdaq/AVAV/AVAV_1H_20260914_081144.png'
rm 'charts/screenshots_nasdaq/AVAV/AVAV_4H_20260914_081144.png'
rm 'charts/screenshots_nasdaq/AVAV/AVAV_Daily_20260914_081144.png'
rm 'charts/screenshots_nasdaq/AVAV/AVAV_Monthly_20260914_081144.png'
rm 'charts/screenshots_nasdaq/AVAV/AVAV_Weekly_20260914_081144.png'
rm 'charts/screenshots_nasdaq/BBAI/BBAI_1H_20260914_080426.png'
rm 'charts/screenshots_nasdaq/BBAI/BBAI_4H_20260914_080426.png'
rm 'charts/screenshots_nasdaq/BBAI/BBAI_Daily_20260914_080426.png'
rm 'charts/screenshots_nasdaq/BBAI/BBAI_Monthly_20260914_080426.png'
rm 'charts/screenshots_nasdaq/BBAI/BBAI_Weekly_20260914_080426.png'
rm 'charts/screenshots_nasdaq/BBW/BBW_1H_20260914_081523.png'
rm 'charts/screenshots_nasdaq/BBW/BBW_4H_20260914_081523.png'
rm 'charts/screenshots_nasdaq/BBW/BBW_Daily_20260914_081523.png'
rm 'charts/screenshots_nasdaq/BBW/BBW_Monthly_20260914_081523.png'
rm 'charts/screenshots_nasdaq/BBW/BBW_Weekly_20260914_081523.png'
rm 'charts/screenshots_nasdaq/BILI/BILI_1H_20260914_075702.png'
rm 'charts/screenshots_nasdaq/BILI/BILI_4H_20260914_075702.png'
rm 'charts/screenshots_nasdaq/BILI/BILI_Daily_20260914_075702.png'
rm 'charts/screenshots_nasdaq/BILI/BILI_Monthly_20260914_075702.png'
rm 'charts/screenshots_nasdaq/BILI/BILI_Weekly_20260914_075702.png'
rm 'charts/screenshots_nasdaq/BLDR/BLDR_1H_20260914_081828.png'
rm 'charts/screenshots_nasdaq/BLDR/BLDR_4H_20260914_081828.png'
rm 'charts/screenshots_nasdaq/BLDR/BLDR_Daily_20260914_081828.png'
rm 'charts/screenshots_nasdaq/BLDR/BLDR_Monthly_20260914_081828.png'
rm 'charts/screenshots_nasdaq/BLDR/BLDR_Weekly_20260914_081828.png'
rm 'charts/screenshots_nasdaq/BMNR/BMNR_1H_20260914_073148.png'
rm 'charts/screenshots_nasdaq/BMNR/BMNR_4H_20260914_073148.png'
rm 'charts/screenshots_nasdaq/BMNR/BMNR_Daily_20260914_073148.png'
rm 'charts/screenshots_nasdaq/BMNR/BMNR_Monthly_20260914_073148.png'
rm 'charts/screenshots_nasdaq/BMNR/BMNR_Weekly_20260914_073148.png'
rm 'charts/screenshots_nasdaq/BTCT/BTCT_1H_20260914_073952.png'
rm 'charts/screenshots_nasdaq/BTCT/BTCT_4H_20260914_073952.png'
rm 'charts/screenshots_nasdaq/BTCT/BTCT_Daily_20260914_073952.png'
rm 'charts/screenshots_nasdaq/BTCT/BTCT_Monthly_20260914_073952.png'
rm 'charts/screenshots_nasdaq/BTCT/BTCT_Weekly_20260914_073952.png'
rm 'charts/screenshots_nasdaq/CELH/CELH_1H_20260914_081714.png'
rm 'charts/screenshots_nasdaq/CELH/CELH_4H_20260914_081714.png'
rm 'charts/screenshots_nasdaq/CELH/CELH_Daily_20260914_081714.png'
rm 'charts/screenshots_nasdaq/CELH/CELH_Monthly_20260914_081714.png'
rm 'charts/screenshots_nasdaq/CELH/CELH_Weekly_20260914_081714.png'
rm 'charts/screenshots_nasdaq/CLMT/CLMT_1H_20260914_073646.png'
rm 'charts/screenshots_nasdaq/CLMT/CLMT_4H_20260914_073646.png'
rm 'charts/screenshots_nasdaq/CLMT/CLMT_Daily_20260914_073646.png'
rm 'charts/screenshots_nasdaq/CLMT/CLMT_Monthly_20260914_073646.png'
rm 'charts/screenshots_nasdaq/CLMT/CLMT_Weekly_20260914_073646.png'
rm 'charts/screenshots_nasdaq/COIN/COIN_1H_20260914_074641.png'
rm 'charts/screenshots_nasdaq/COIN/COIN_4H_20260914_074641.png'
rm 'charts/screenshots_nasdaq/COIN/COIN_Daily_20260914_074641.png'
rm 'charts/screenshots_nasdaq/COIN/COIN_Monthly_20260914_074641.png'
rm 'charts/screenshots_nasdaq/COIN/COIN_Weekly_20260914_074641.png'
rm 'charts/screenshots_nasdaq/COLL/COLL_1H_20260914_081221.png'
rm 'charts/screenshots_nasdaq/COLL/COLL_4H_20260914_081221.png'
rm 'charts/screenshots_nasdaq/COLL/COLL_Daily_20260914_081221.png'
rm 'charts/screenshots_nasdaq/COLL/COLL_Monthly_20260914_081221.png'
rm 'charts/screenshots_nasdaq/COLL/COLL_Weekly_20260914_081221.png'
rm 'charts/screenshots_nasdaq/CPNG/CPNG_1H_20260914_080502.png'
rm 'charts/screenshots_nasdaq/CPNG/CPNG_4H_20260914_080502.png'
rm 'charts/screenshots_nasdaq/CPNG/CPNG_Daily_20260914_080502.png'
rm 'charts/screenshots_nasdaq/CPNG/CPNG_Monthly_20260914_080502.png'
rm 'charts/screenshots_nasdaq/CPNG/CPNG_Weekly_20260914_080502.png'
rm 'charts/screenshots_nasdaq/CRE/CRE_1H_20260914_074941.png'
rm 'charts/screenshots_nasdaq/CRE/CRE_4H_20260914_074941.png'
rm 'charts/screenshots_nasdaq/CRE/CRE_Daily_20260914_074941.png'
rm 'charts/screenshots_nasdaq/CRE/CRE_Monthly_20260914_074941.png'
rm 'charts/screenshots_nasdaq/CRE/CRE_Weekly_20260914_074941.png'
rm 'charts/screenshots_nasdaq/CRGY/CRGY_1H_20260914_073302.png'
rm 'charts/screenshots_nasdaq/CRGY/CRGY_4H_20260914_073302.png'
rm 'charts/screenshots_nasdaq/CRGY/CRGY_Daily_20260914_073302.png'
rm 'charts/screenshots_nasdaq/CRGY/CRGY_Monthly_20260914_073302.png'
rm 'charts/screenshots_nasdaq/CRGY/CRGY_Weekly_20260914_073302.png'
rm 'charts/screenshots_nasdaq/CSIQ/CSIQ_1H_20260914_075929.png'
rm 'charts/screenshots_nasdaq/CSIQ/CSIQ_4H_20260914_075929.png'
rm 'charts/screenshots_nasdaq/CSIQ/CSIQ_Daily_20260914_075929.png'
rm 'charts/screenshots_nasdaq/CSIQ/CSIQ_Monthly_20260914_075929.png'
rm 'charts/screenshots_nasdaq/CSIQ/CSIQ_Weekly_20260914_075929.png'
rm 'charts/screenshots_nasdaq/CVI/CVI_1H_20260914_072957.png'
rm 'charts/screenshots_nasdaq/CVI/CVI_4H_20260914_072957.png'
rm 'charts/screenshots_nasdaq/CVI/CVI_Daily_20260914_072957.png'
rm 'charts/screenshots_nasdaq/CVI/CVI_Monthly_20260914_072957.png'
rm 'charts/screenshots_nasdaq/CVI/CVI_Weekly_20260914_072957.png'
rm 'charts/screenshots_nasdaq/DELL/DELL_1H_20260914_074335.png'
rm 'charts/screenshots_nasdaq/DELL/DELL_4H_20260914_074335.png'
rm 'charts/screenshots_nasdaq/DELL/DELL_Daily_20260914_074335.png'
rm 'charts/screenshots_nasdaq/DELL/DELL_Monthly_20260914_074335.png'
rm 'charts/screenshots_nasdaq/DELL/DELL_Weekly_20260914_074335.png'
rm 'charts/screenshots_nasdaq/DHT/DHT_1H_20260914_073034.png'
rm 'charts/screenshots_nasdaq/DHT/DHT_4H_20260914_073034.png'
rm 'charts/screenshots_nasdaq/DHT/DHT_Daily_20260914_073034.png'
rm 'charts/screenshots_nasdaq/DHT/DHT_Monthly_20260914_073034.png'
rm 'charts/screenshots_nasdaq/DHT/DHT_Weekly_20260914_073034.png'
rm 'charts/screenshots_nasdaq/DINO/DINO_1H_20260914_072807.png'
rm 'charts/screenshots_nasdaq/DINO/DINO_4H_20260914_072807.png'
rm 'charts/screenshots_nasdaq/DINO/DINO_Daily_20260914_072807.png'
rm 'charts/screenshots_nasdaq/DINO/DINO_Monthly_20260914_072807.png'
rm 'charts/screenshots_nasdaq/DINO/DINO_Weekly_20260914_072807.png'
rm 'charts/screenshots_nasdaq/DK/DK_1H_20260914_072844.png'
rm 'charts/screenshots_nasdaq/DK/DK_4H_20260914_072844.png'
rm 'charts/screenshots_nasdaq/DK/DK_Daily_20260914_072844.png'
rm 'charts/screenshots_nasdaq/DK/DK_Monthly_20260914_072844.png'
rm 'charts/screenshots_nasdaq/DK/DK_Weekly_20260914_072844.png'
rm 'charts/screenshots_nasdaq/DUOL/DUOL_1H_20260914_073914.png'
rm 'charts/screenshots_nasdaq/DUOL/DUOL_4H_20260914_073914.png'
rm 'charts/screenshots_nasdaq/DUOL/DUOL_Daily_20260914_073914.png'
rm 'charts/screenshots_nasdaq/DUOL/DUOL_Monthly_20260914_073914.png'
rm 'charts/screenshots_nasdaq/DUOL/DUOL_Weekly_20260914_073914.png'
rm 'charts/screenshots_nasdaq/ECO/ECO_1H_20260914_073837.png'
rm 'charts/screenshots_nasdaq/ECO/ECO_4H_20260914_073837.png'
rm 'charts/screenshots_nasdaq/ECO/ECO_Daily_20260914_073837.png'
rm 'charts/screenshots_nasdaq/ECO/ECO_Monthly_20260914_073837.png'
rm 'charts/screenshots_nasdaq/ECO/ECO_Weekly_20260914_073837.png'
rm 'charts/screenshots_nasdaq/FIG/FIG_1H_20260914_074450.png'
rm 'charts/screenshots_nasdaq/FIG/FIG_4H_20260914_074450.png'
rm 'charts/screenshots_nasdaq/FIG/FIG_Daily_20260914_074450.png'
rm 'charts/screenshots_nasdaq/FIG/FIG_Monthly_20260914_074450.png'
rm 'charts/screenshots_nasdaq/FIG/FIG_Weekly_20260914_074450.png'
rm 'charts/screenshots_nasdaq/FIGR/FIGR_1H_20260914_074030.png'
rm 'charts/screenshots_nasdaq/FIGR/FIGR_4H_20260914_074030.png'
rm 'charts/screenshots_nasdaq/FIGR/FIGR_Daily_20260914_074030.png'
rm 'charts/screenshots_nasdaq/FIGR/FIGR_Monthly_20260914_074030.png'
rm 'charts/screenshots_nasdaq/FIGR/FIGR_Weekly_20260914_074030.png'
rm 'charts/screenshots_nasdaq/FPS/FPS_1H_20260914_075324.png'
rm 'charts/screenshots_nasdaq/FPS/FPS_4H_20260914_075324.png'
rm 'charts/screenshots_nasdaq/FPS/FPS_Daily_20260914_075324.png'
rm 'charts/screenshots_nasdaq/FPS/FPS_Monthly_20260914_075324.png'
rm 'charts/screenshots_nasdaq/FPS/FPS_Weekly_20260914_075324.png'
rm 'charts/screenshots_nasdaq/FRO/FRO_1H_20260914_072921.png'
rm 'charts/screenshots_nasdaq/FRO/FRO_4H_20260914_072921.png'
rm 'charts/screenshots_nasdaq/FRO/FRO_Daily_20260914_072921.png'
rm 'charts/screenshots_nasdaq/FRO/FRO_Monthly_20260914_072921.png'
rm 'charts/screenshots_nasdaq/FRO/FRO_Weekly_20260914_072921.png'
rm 'charts/screenshots_nasdaq/GPK/GPK_1H_20260914_075625.png'
rm 'charts/screenshots_nasdaq/GPK/GPK_4H_20260914_075625.png'
rm 'charts/screenshots_nasdaq/GPK/GPK_Daily_20260914_075625.png'
rm 'charts/screenshots_nasdaq/GPK/GPK_Monthly_20260914_075625.png'
rm 'charts/screenshots_nasdaq/GPK/GPK_Weekly_20260914_075625.png'
rm 'charts/screenshots_nasdaq/GPRO/GPRO_1H_20260914_074604.png'
rm 'charts/screenshots_nasdaq/GPRO/GPRO_4H_20260914_074604.png'
rm 'charts/screenshots_nasdaq/GPRO/GPRO_Daily_20260914_074604.png'
rm 'charts/screenshots_nasdaq/GPRO/GPRO_Monthly_20260914_074604.png'
rm 'charts/screenshots_nasdaq/GPRO/GPRO_Weekly_20260914_074604.png'
rm 'charts/screenshots_nasdaq/GRAB/GRAB_1H_20260914_081258.png'
rm 'charts/screenshots_nasdaq/GRAB/GRAB_4H_20260914_081258.png'
rm 'charts/screenshots_nasdaq/GRAB/GRAB_Daily_20260914_081258.png'
rm 'charts/screenshots_nasdaq/GRAB/GRAB_Monthly_20260914_081258.png'
rm 'charts/screenshots_nasdaq/GRAB/GRAB_Weekly_20260914_081258.png'
rm 'charts/screenshots_nasdaq/HIMS/HIMS_1H_20260914_075131.png'
rm 'charts/screenshots_nasdaq/HIMS/HIMS_4H_20260914_075131.png'
rm 'charts/screenshots_nasdaq/HIMS/HIMS_Daily_20260914_075131.png'
rm 'charts/screenshots_nasdaq/HIMS/HIMS_Monthly_20260914_075131.png'
rm 'charts/screenshots_nasdaq/HIMS/HIMS_Weekly_20260914_075131.png'
rm 'charts/screenshots_nasdaq/HPQ/HPQ_1H_20260914_074145.png'
rm 'charts/screenshots_nasdaq/HPQ/HPQ_4H_20260914_074145.png'
rm 'charts/screenshots_nasdaq/HPQ/HPQ_Daily_20260914_074145.png'
rm 'charts/screenshots_nasdaq/HPQ/HPQ_Monthly_20260914_074145.png'
rm 'charts/screenshots_nasdaq/HPQ/HPQ_Weekly_20260914_074145.png'
rm 'charts/screenshots_nasdaq/HTFL/HTFL_1H_20260914_073454.png'
rm 'charts/screenshots_nasdaq/HTFL/HTFL_4H_20260914_073454.png'
rm 'charts/screenshots_nasdaq/HTFL/HTFL_Daily_20260914_073454.png'
rm 'charts/screenshots_nasdaq/HTFL/HTFL_Monthly_20260914_073454.png'
rm 'charts/screenshots_nasdaq/HTFL/HTFL_Weekly_20260914_073454.png'
rm 'charts/screenshots_nasdaq/HTZ/HTZ_1H_20260914_081905.png'
rm 'charts/screenshots_nasdaq/HTZ/HTZ_4H_20260914_081905.png'
rm 'charts/screenshots_nasdaq/HTZ/HTZ_Daily_20260914_081905.png'
rm 'charts/screenshots_nasdaq/HTZ/HTZ_Monthly_20260914_081905.png'
rm 'charts/screenshots_nasdaq/HTZ/HTZ_Weekly_20260914_081905.png'
rm 'charts/screenshots_nasdaq/HUBS/HUBS_1H_20260914_074751.png'
rm 'charts/screenshots_nasdaq/HUBS/HUBS_4H_20260914_074751.png'
rm 'charts/screenshots_nasdaq/HUBS/HUBS_Daily_20260914_074751.png'
rm 'charts/screenshots_nasdaq/HUBS/HUBS_Monthly_20260914_074751.png'
rm 'charts/screenshots_nasdaq/HUBS/HUBS_Weekly_20260914_074751.png'
rm 'charts/screenshots_nasdaq/HYMC/HYMC_1H_20260914_075738.png'
rm 'charts/screenshots_nasdaq/HYMC/HYMC_4H_20260914_075738.png'
rm 'charts/screenshots_nasdaq/HYMC/HYMC_Daily_20260914_075738.png'
rm 'charts/screenshots_nasdaq/HYMC/HYMC_Monthly_20260914_075738.png'
rm 'charts/screenshots_nasdaq/HYMC/HYMC_Weekly_20260914_075738.png'
rm 'charts/screenshots_nasdaq/INOD/INOD_1H_20260914_080007.png'
rm 'charts/screenshots_nasdaq/INOD/INOD_4H_20260914_080007.png'
rm 'charts/screenshots_nasdaq/INOD/INOD_Daily_20260914_080007.png'
rm 'charts/screenshots_nasdaq/INOD/INOD_Monthly_20260914_080007.png'
rm 'charts/screenshots_nasdaq/INOD/INOD_Weekly_20260914_080007.png'
rm 'charts/screenshots_nasdaq/IONQ/IONQ_1H_20260914_080539.png'
rm 'charts/screenshots_nasdaq/IONQ/IONQ_4H_20260914_080539.png'
rm 'charts/screenshots_nasdaq/IONQ/IONQ_Daily_20260914_080539.png'
rm 'charts/screenshots_nasdaq/IONQ/IONQ_Monthly_20260914_080539.png'
rm 'charts/screenshots_nasdaq/IONQ/IONQ_Weekly_20260914_080539.png'
rm 'charts/screenshots_nasdaq/JOBY/JOBY_1H_20260914_075512.png'
rm 'charts/screenshots_nasdaq/JOBY/JOBY_4H_20260914_075512.png'
rm 'charts/screenshots_nasdaq/JOBY/JOBY_Daily_20260914_075512.png'
rm 'charts/screenshots_nasdaq/JOBY/JOBY_Monthly_20260914_075512.png'
rm 'charts/screenshots_nasdaq/JOBY/JOBY_Weekly_20260914_075512.png'
rm 'charts/screenshots_nasdaq/KRMN/KRMN_1H_20260914_075814.png'
rm 'charts/screenshots_nasdaq/KRMN/KRMN_4H_20260914_075814.png'
rm 'charts/screenshots_nasdaq/KRMN/KRMN_Daily_20260914_075814.png'
rm 'charts/screenshots_nasdaq/KRMN/KRMN_Monthly_20260914_075814.png'
rm 'charts/screenshots_nasdaq/KRMN/KRMN_Weekly_20260914_075814.png'
rm 'charts/screenshots_nasdaq/KTOS/KTOS_1H_20260914_075548.png'
rm 'charts/screenshots_nasdaq/KTOS/KTOS_4H_20260914_075548.png'
rm 'charts/screenshots_nasdaq/KTOS/KTOS_Daily_20260914_075548.png'
rm 'charts/screenshots_nasdaq/KTOS/KTOS_Monthly_20260914_075548.png'
rm 'charts/screenshots_nasdaq/KTOS/KTOS_Weekly_20260914_075548.png'
rm 'charts/screenshots_nasdaq/KVYO/KVYO_1H_20260914_081107.png'
rm 'charts/screenshots_nasdaq/KVYO/KVYO_4H_20260914_081107.png'
rm 'charts/screenshots_nasdaq/KVYO/KVYO_Daily_20260914_081107.png'
rm 'charts/screenshots_nasdaq/KVYO/KVYO_Monthly_20260914_081107.png'
rm 'charts/screenshots_nasdaq/KVYO/KVYO_Weekly_20260914_081107.png'
rm 'charts/screenshots_nasdaq/LPG/LPG_1H_20260914_073339.png'
rm 'charts/screenshots_nasdaq/LPG/LPG_4H_20260914_073339.png'
rm 'charts/screenshots_nasdaq/LPG/LPG_Daily_20260914_073339.png'
rm 'charts/screenshots_nasdaq/LPG/LPG_Monthly_20260914_073339.png'
rm 'charts/screenshots_nasdaq/LPG/LPG_Weekly_20260914_073339.png'
rm 'charts/screenshots_nasdaq/LULU/LULU_1H_20260914_081750.png'
rm 'charts/screenshots_nasdaq/LULU/LULU_4H_20260914_081750.png'
rm 'charts/screenshots_nasdaq/LULU/LULU_Daily_20260914_081750.png'
rm 'charts/screenshots_nasdaq/LULU/LULU_Monthly_20260914_081750.png'
rm 'charts/screenshots_nasdaq/LULU/LULU_Weekly_20260914_081750.png'
rm 'charts/screenshots_nasdaq/LUNR/LUNR_1H_20260914_080044.png'
rm 'charts/screenshots_nasdaq/LUNR/LUNR_4H_20260914_080044.png'
rm 'charts/screenshots_nasdaq/LUNR/LUNR_Daily_20260914_080044.png'
rm 'charts/screenshots_nasdaq/LUNR/LUNR_Monthly_20260914_080044.png'
rm 'charts/screenshots_nasdaq/LUNR/LUNR_Weekly_20260914_080044.png'
rm 'charts/screenshots_nasdaq/MMYT/MMYT_1H_20260914_074413.png'
rm 'charts/screenshots_nasdaq/MMYT/MMYT_4H_20260914_074413.png'
rm 'charts/screenshots_nasdaq/MMYT/MMYT_Daily_20260914_074413.png'
rm 'charts/screenshots_nasdaq/MMYT/MMYT_Monthly_20260914_074413.png'
rm 'charts/screenshots_nasdaq/MMYT/MMYT_Weekly_20260914_074413.png'
rm 'charts/screenshots_nasdaq/MNDY/MNDY_1H_20260914_075209.png'
rm 'charts/screenshots_nasdaq/MNDY/MNDY_4H_20260914_075209.png'
rm 'charts/screenshots_nasdaq/MNDY/MNDY_Daily_20260914_075209.png'
rm 'charts/screenshots_nasdaq/MNDY/MNDY_Monthly_20260914_075209.png'
rm 'charts/screenshots_nasdaq/MNDY/MNDY_Weekly_20260914_075209.png'
rm 'charts/screenshots_nasdaq/MSTR/MSTR_1H_20260914_074718.png'
rm 'charts/screenshots_nasdaq/MSTR/MSTR_4H_20260914_074718.png'
rm 'charts/screenshots_nasdaq/MSTR/MSTR_Daily_20260914_074718.png'
rm 'charts/screenshots_nasdaq/MSTR/MSTR_Monthly_20260914_074718.png'
rm 'charts/screenshots_nasdaq/MSTR/MSTR_Weekly_20260914_074718.png'
rm 'charts/screenshots_nasdaq/NAT/NAT_1H_20260914_072729.png'
rm 'charts/screenshots_nasdaq/NAT/NAT_4H_20260914_072729.png'
rm 'charts/screenshots_nasdaq/NAT/NAT_Daily_20260914_072729.png'
rm 'charts/screenshots_nasdaq/NAT/NAT_Monthly_20260914_072729.png'
rm 'charts/screenshots_nasdaq/NAT/NAT_Weekly_20260914_072729.png'
rm 'charts/screenshots_nasdaq/NTLA/NTLA_1H_20260914_080615.png'
rm 'charts/screenshots_nasdaq/NTLA/NTLA_4H_20260914_080615.png'
rm 'charts/screenshots_nasdaq/NTLA/NTLA_Daily_20260914_080615.png'
rm 'charts/screenshots_nasdaq/NTLA/NTLA_Monthly_20260914_080615.png'
rm 'charts/screenshots_nasdaq/NTLA/NTLA_Weekly_20260914_080615.png'
rm 'charts/screenshots_nasdaq/NVTS/NVTS_1H_20260914_080652.png'
rm 'charts/screenshots_nasdaq/NVTS/NVTS_4H_20260914_080652.png'
rm 'charts/screenshots_nasdaq/NVTS/NVTS_Daily_20260914_080652.png'
rm 'charts/screenshots_nasdaq/NVTS/NVTS_Monthly_20260914_080652.png'
rm 'charts/screenshots_nasdaq/NVTS/NVTS_Weekly_20260914_080652.png'
rm 'charts/screenshots_nasdaq/OKLO/OKLO_1H_20260914_075436.png'
rm 'charts/screenshots_nasdaq/OKLO/OKLO_4H_20260914_075436.png'
rm 'charts/screenshots_nasdaq/OKLO/OKLO_Daily_20260914_075436.png'
rm 'charts/screenshots_nasdaq/OKLO/OKLO_Monthly_20260914_075436.png'
rm 'charts/screenshots_nasdaq/OKLO/OKLO_Weekly_20260914_075436.png'
rm 'charts/screenshots_nasdaq/PBR/PBR_1H_20260914_073800.png'
rm 'charts/screenshots_nasdaq/PBR/PBR_4H_20260914_073800.png'
rm 'charts/screenshots_nasdaq/PBR/PBR_Daily_20260914_073800.png'
rm 'charts/screenshots_nasdaq/PBR/PBR_Monthly_20260914_073800.png'
rm 'charts/screenshots_nasdaq/PBR/PBR_Weekly_20260914_073800.png'
rm 'charts/screenshots_nasdaq/PCT/PCT_1H_20260914_080728.png'
rm 'charts/screenshots_nasdaq/PCT/PCT_4H_20260914_080728.png'
rm 'charts/screenshots_nasdaq/PCT/PCT_Daily_20260914_080728.png'
rm 'charts/screenshots_nasdaq/PCT/PCT_Monthly_20260914_080728.png'
rm 'charts/screenshots_nasdaq/PCT/PCT_Weekly_20260914_080728.png'
rm 'charts/screenshots_nasdaq/PFSI/PFSI_1H_20260914_081600.png'
rm 'charts/screenshots_nasdaq/PFSI/PFSI_4H_20260914_081600.png'
rm 'charts/screenshots_nasdaq/PFSI/PFSI_Daily_20260914_081600.png'
rm 'charts/screenshots_nasdaq/PFSI/PFSI_Monthly_20260914_081600.png'
rm 'charts/screenshots_nasdaq/PFSI/PFSI_Weekly_20260914_081600.png'
rm 'charts/screenshots_nasdaq/PGY/PGY_1H_20260914_074258.png'
rm 'charts/screenshots_nasdaq/PGY/PGY_4H_20260914_074258.png'
rm 'charts/screenshots_nasdaq/PGY/PGY_Daily_20260914_074258.png'
rm 'charts/screenshots_nasdaq/PGY/PGY_Monthly_20260914_074258.png'
rm 'charts/screenshots_nasdaq/PGY/PGY_Weekly_20260914_074258.png'
rm 'charts/screenshots_nasdaq/PLSE/PLSE_1H_20260914_074107.png'
rm 'charts/screenshots_nasdaq/PLSE/PLSE_4H_20260914_074107.png'
rm 'charts/screenshots_nasdaq/PLSE/PLSE_Daily_20260914_074107.png'
rm 'charts/screenshots_nasdaq/PLSE/PLSE_Monthly_20260914_074107.png'
rm 'charts/screenshots_nasdaq/PLSE/PLSE_Weekly_20260914_074107.png'
rm 'charts/screenshots_nasdaq/PONY/PONY_1H_20260914_080121.png'
rm 'charts/screenshots_nasdaq/PONY/PONY_4H_20260914_080121.png'
rm 'charts/screenshots_nasdaq/PONY/PONY_Daily_20260914_080121.png'
rm 'charts/screenshots_nasdaq/PONY/PONY_Monthly_20260914_080121.png'
rm 'charts/screenshots_nasdaq/PONY/PONY_Weekly_20260914_080121.png'
rm 'charts/screenshots_nasdaq/QBTS/QBTS_1H_20260914_080805.png'
rm 'charts/screenshots_nasdaq/QBTS/QBTS_4H_20260914_080805.png'
rm 'charts/screenshots_nasdaq/QBTS/QBTS_Daily_20260914_080805.png'
rm 'charts/screenshots_nasdaq/QBTS/QBTS_Monthly_20260914_080805.png'
rm 'charts/screenshots_nasdaq/QBTS/QBTS_Weekly_20260914_080805.png'
rm 'charts/screenshots_nasdaq/QFIN/QFIN_1H_20260914_081638.png'
rm 'charts/screenshots_nasdaq/QFIN/QFIN_4H_20260914_081638.png'
rm 'charts/screenshots_nasdaq/QFIN/QFIN_Daily_20260914_081638.png'
rm 'charts/screenshots_nasdaq/QFIN/QFIN_Monthly_20260914_081638.png'
rm 'charts/screenshots_nasdaq/QFIN/QFIN_Weekly_20260914_081638.png'
rm 'charts/screenshots_nasdaq/QRVO/QRVO_1H_20260914_074825.png'
rm 'charts/screenshots_nasdaq/QRVO/QRVO_4H_20260914_074825.png'
rm 'charts/screenshots_nasdaq/QRVO/QRVO_Daily_20260914_074825.png'
rm 'charts/screenshots_nasdaq/QRVO/QRVO_Monthly_20260914_074825.png'
rm 'charts/screenshots_nasdaq/QRVO/QRVO_Weekly_20260914_074825.png'
rm 'charts/screenshots_nasdaq/QS/QS_1H_20260914_080157.png'
rm 'charts/screenshots_nasdaq/QS/QS_4H_20260914_080157.png'
rm 'charts/screenshots_nasdaq/QS/QS_Daily_20260914_080157.png'
rm 'charts/screenshots_nasdaq/QS/QS_Monthly_20260914_080157.png'
rm 'charts/screenshots_nasdaq/QS/QS_Weekly_20260914_080157.png'
rm 'charts/screenshots_nasdaq/RARE/RARE_1H_20260914_081334.png'
rm 'charts/screenshots_nasdaq/RARE/RARE_4H_20260914_081334.png'
rm 'charts/screenshots_nasdaq/RARE/RARE_Daily_20260914_081334.png'
rm 'charts/screenshots_nasdaq/RARE/RARE_Monthly_20260914_081334.png'
rm 'charts/screenshots_nasdaq/RARE/RARE_Weekly_20260914_081334.png'
rm 'charts/screenshots_nasdaq/RCAT/RCAT_1H_20260914_080841.png'
rm 'charts/screenshots_nasdaq/RCAT/RCAT_4H_20260914_080841.png'
rm 'charts/screenshots_nasdaq/RCAT/RCAT_Daily_20260914_080841.png'
rm 'charts/screenshots_nasdaq/RCAT/RCAT_Monthly_20260914_080841.png'
rm 'charts/screenshots_nasdaq/RCAT/RCAT_Weekly_20260914_080841.png'
rm 'charts/screenshots_nasdaq/RGTI/RGTI_1H_20260914_080917.png'
rm 'charts/screenshots_nasdaq/RGTI/RGTI_4H_20260914_080917.png'
rm 'charts/screenshots_nasdaq/RGTI/RGTI_Daily_20260914_080917.png'
rm 'charts/screenshots_nasdaq/RGTI/RGTI_Monthly_20260914_080917.png'
rm 'charts/screenshots_nasdaq/RGTI/RGTI_Weekly_20260914_080917.png'
rm 'charts/screenshots_nasdaq/RKLB/RKLB_1H_20260914_080234.png'
rm 'charts/screenshots_nasdaq/RKLB/RKLB_4H_20260914_080234.png'
rm 'charts/screenshots_nasdaq/RKLB/RKLB_Daily_20260914_080234.png'
rm 'charts/screenshots_nasdaq/RKLB/RKLB_Monthly_20260914_080234.png'
rm 'charts/screenshots_nasdaq/RKLB/RKLB_Weekly_20260914_080234.png'
rm 'charts/screenshots_nasdaq/RPD/RPD_1H_20260914_075246.png'
rm 'charts/screenshots_nasdaq/RPD/RPD_4H_20260914_075246.png'
rm 'charts/screenshots_nasdaq/RPD/RPD_Daily_20260914_075246.png'
rm 'charts/screenshots_nasdaq/RPD/RPD_Monthly_20260914_075246.png'
rm 'charts/screenshots_nasdaq/RPD/RPD_Weekly_20260914_075246.png'
rm 'charts/screenshots_nasdaq/RUN/RUN_1H_20260914_080311.png'
rm 'charts/screenshots_nasdaq/RUN/RUN_4H_20260914_080311.png'
rm 'charts/screenshots_nasdaq/RUN/RUN_Daily_20260914_080311.png'
rm 'charts/screenshots_nasdaq/RUN/RUN_Monthly_20260914_080311.png'
rm 'charts/screenshots_nasdaq/RUN/RUN_Weekly_20260914_080311.png'
rm 'charts/screenshots_nasdaq/RZLV/RZLV_1H_20260914_075852.png'
rm 'charts/screenshots_nasdaq/RZLV/RZLV_4H_20260914_075852.png'
rm 'charts/screenshots_nasdaq/RZLV/RZLV_Daily_20260914_075852.png'
rm 'charts/screenshots_nasdaq/RZLV/RZLV_Monthly_20260914_075852.png'
rm 'charts/screenshots_nasdaq/RZLV/RZLV_Weekly_20260914_075852.png'
rm 'charts/screenshots_nasdaq/SBET/SBET_1H_20260914_073112.png'
rm 'charts/screenshots_nasdaq/SBET/SBET_4H_20260914_073112.png'
rm 'charts/screenshots_nasdaq/SBET/SBET_Daily_20260914_073112.png'
rm 'charts/screenshots_nasdaq/SBET/SBET_Monthly_20260914_073112.png'
rm 'charts/screenshots_nasdaq/SBET/SBET_Weekly_20260914_073112.png'
rm 'charts/screenshots_nasdaq/SMR/SMR_1H_20260914_075055.png'
rm 'charts/screenshots_nasdaq/SMR/SMR_4H_20260914_075055.png'
rm 'charts/screenshots_nasdaq/SMR/SMR_Daily_20260914_075055.png'
rm 'charts/screenshots_nasdaq/SMR/SMR_Monthly_20260914_075055.png'
rm 'charts/screenshots_nasdaq/SMR/SMR_Weekly_20260914_075055.png'
rm 'charts/screenshots_nasdaq/SSL/SSL_1H_20260914_074221.png'
rm 'charts/screenshots_nasdaq/SSL/SSL_4H_20260914_074221.png'
rm 'charts/screenshots_nasdaq/SSL/SSL_Daily_20260914_074221.png'
rm 'charts/screenshots_nasdaq/SSL/SSL_Monthly_20260914_074221.png'
rm 'charts/screenshots_nasdaq/SSL/SSL_Weekly_20260914_074221.png'
rm 'charts/screenshots_nasdaq/TCOM/TCOM_1H_20260914_081411.png'
rm 'charts/screenshots_nasdaq/TCOM/TCOM_4H_20260914_081411.png'
rm 'charts/screenshots_nasdaq/TCOM/TCOM_Daily_20260914_081411.png'
rm 'charts/screenshots_nasdaq/TCOM/TCOM_Monthly_20260914_081411.png'
rm 'charts/screenshots_nasdaq/TCOM/TCOM_Weekly_20260914_081411.png'
rm 'charts/screenshots_nasdaq/TNK/TNK_1H_20260914_072616.png'
rm 'charts/screenshots_nasdaq/TNK/TNK_4H_20260914_072616.png'
rm 'charts/screenshots_nasdaq/TNK/TNK_Daily_20260914_072616.png'
rm 'charts/screenshots_nasdaq/TNK/TNK_Monthly_20260914_072616.png'
rm 'charts/screenshots_nasdaq/TNK/TNK_Weekly_20260914_072616.png'
rm 'charts/screenshots_nasdaq/TRIP/TRIP_1H_20260914_080954.png'
rm 'charts/screenshots_nasdaq/TRIP/TRIP_4H_20260914_080954.png'
rm 'charts/screenshots_nasdaq/TRIP/TRIP_Daily_20260914_080954.png'
rm 'charts/screenshots_nasdaq/TRIP/TRIP_Monthly_20260914_080954.png'
rm 'charts/screenshots_nasdaq/TRIP/TRIP_Weekly_20260914_080954.png'
rm 'charts/screenshots_nasdaq/TRMD/TRMD_1H_20260914_073226.png'
rm 'charts/screenshots_nasdaq/TRMD/TRMD_4H_20260914_073226.png'
rm 'charts/screenshots_nasdaq/TRMD/TRMD_Daily_20260914_073226.png'
rm 'charts/screenshots_nasdaq/TRMD/TRMD_Monthly_20260914_073226.png'
rm 'charts/screenshots_nasdaq/TRMD/TRMD_Weekly_20260914_073226.png'
rm 'charts/screenshots_nasdaq/TTAN/TTAN_1H_20260914_075017.png'
rm 'charts/screenshots_nasdaq/TTAN/TTAN_4H_20260914_075017.png'
rm 'charts/screenshots_nasdaq/TTAN/TTAN_Daily_20260914_075017.png'
rm 'charts/screenshots_nasdaq/TTAN/TTAN_Monthly_20260914_075017.png'
rm 'charts/screenshots_nasdaq/TTAN/TTAN_Weekly_20260914_075017.png'
rm 'charts/screenshots_nasdaq/TXG/TXG_1H_20260914_073532.png'
rm 'charts/screenshots_nasdaq/TXG/TXG_4H_20260914_073532.png'
rm 'charts/screenshots_nasdaq/TXG/TXG_Daily_20260914_073532.png'
rm 'charts/screenshots_nasdaq/TXG/TXG_Monthly_20260914_073532.png'
rm 'charts/screenshots_nasdaq/TXG/TXG_Weekly_20260914_073532.png'
rm 'charts/screenshots_nasdaq/UGP/UGP_1H_20260914_072653.png'
rm 'charts/screenshots_nasdaq/UGP/UGP_4H_20260914_072653.png'
rm 'charts/screenshots_nasdaq/UGP/UGP_Daily_20260914_072653.png'
rm 'charts/screenshots_nasdaq/UGP/UGP_Monthly_20260914_072653.png'
rm 'charts/screenshots_nasdaq/UGP/UGP_Weekly_20260914_072653.png'
rm 'charts/screenshots_nasdaq/VNET/VNET_1H_20260914_081030.png'
rm 'charts/screenshots_nasdaq/VNET/VNET_4H_20260914_081030.png'
rm 'charts/screenshots_nasdaq/VNET/VNET_Daily_20260914_081030.png'
rm 'charts/screenshots_nasdaq/VNET/VNET_Monthly_20260914_081030.png'
rm 'charts/screenshots_nasdaq/VNET/VNET_Weekly_20260914_081030.png'
rm 'charts/screenshots_nasdaq/VXX/VXX_1H_20260914_075400.png'
rm 'charts/screenshots_nasdaq/VXX/VXX_4H_20260914_075400.png'
rm 'charts/screenshots_nasdaq/VXX/VXX_Daily_20260914_075400.png'
rm 'charts/screenshots_nasdaq/VXX/VXX_Monthly_20260914_075400.png'
rm 'charts/screenshots_nasdaq/VXX/VXX_Weekly_20260914_075400.png'
rm 'charts/screenshots_nasdaq/WIX/WIX_1H_20260914_074903.png'
rm 'charts/screenshots_nasdaq/WIX/WIX_4H_20260914_074903.png'
rm 'charts/screenshots_nasdaq/WIX/WIX_Daily_20260914_074903.png'
rm 'charts/screenshots_nasdaq/WIX/WIX_Monthly_20260914_074903.png'
rm 'charts/screenshots_nasdaq/WIX/WIX_Weekly_20260914_074903.png'
rm 'charts/screenshots_nasdaq/XHLD/XHLD_1H_20260914_073416.png'
rm 'charts/screenshots_nasdaq/XHLD/XHLD_4H_20260914_073416.png'
rm 'charts/screenshots_nasdaq/XHLD/XHLD_Daily_20260914_073416.png'
rm 'charts/screenshots_nasdaq/XHLD/XHLD_Monthly_20260914_073416.png'
rm 'charts/screenshots_nasdaq/XHLD/XHLD_Weekly_20260914_073416.png'
rm 'charts/screenshots_nasdaq/YJ/YJ_1H_20260914_074527.png'
rm 'charts/screenshots_nasdaq/YJ/YJ_4H_20260914_074527.png'
rm 'charts/screenshots_nasdaq/YJ/YJ_Daily_20260914_074527.png'
rm 'charts/screenshots_nasdaq/YJ/YJ_Monthly_20260914_074527.png'
rm 'charts/screenshots_nasdaq/YJ/YJ_Weekly_20260914_074527.png'
rm 'charts/screenshots_nasdaq/YSS/YSS_1H_20260914_081447.png'
rm 'charts/screenshots_nasdaq/YSS/YSS_4H_20260914_081447.png'
rm 'charts/screenshots_nasdaq/YSS/YSS_Daily_20260914_081447.png'
rm 'charts/screenshots_nasdaq/YSS/YSS_Monthly_20260914_081447.png'
rm 'charts/screenshots_nasdaq/YSS/YSS_Weekly_20260914_081447.png'
[main 9580bd6] Update NASDAQ/NYSE chart screenshots 1789458916
 910 files changed, 0 insertions(+), 0 deletions(-)
 create mode 100644 charts/screenshots_nasdaq/ACVA/ACVA_1H_20260915_071432.png
 create mode 100644 charts/screenshots_nasdaq/ACVA/ACVA_4H_20260915_071432.png
 create mode 100644 charts/screenshots_nasdaq/ACVA/ACVA_Daily_20260915_071432.png
 create mode 100644 charts/screenshots_nasdaq/ACVA/ACVA_Monthly_20260915_071432.png
 create mode 100644 charts/screenshots_nasdaq/ACVA/ACVA_Weekly_20260915_071432.png
 create mode 100644 charts/screenshots_nasdaq/ALMS/ALMS_1H_20260915_073016.png
 create mode 100644 charts/screenshots_nasdaq/ALMS/ALMS_4H_20260915_073016.png
 create mode 100644 charts/screenshots_nasdaq/ALMS/ALMS_Daily_20260915_073016.png
 create mode 100644 charts/screenshots_nasdaq/ALMS/ALMS_Monthly_20260915_073016.png
 create mode 100644 charts/screenshots_nasdaq/ALMS/ALMS_Weekly_20260915_073016.png
 create mode 100644 charts/screenshots_nasdaq/AMPX/AMPX_1H_20260915_074338.png
 create mode 100644 charts/screenshots_nasdaq/AMPX/AMPX_4H_20260915_074338.png
 create mode 100644 charts/screenshots_nasdaq/AMPX/AMPX_Daily_20260915_074338.png
 create mode 100644 charts/screenshots_nasdaq/AMPX/AMPX_Monthly_20260915_074338.png
 create mode 100644 charts/screenshots_nasdaq/AMPX/AMPX_Weekly_20260915_074338.png
 create mode 100644 charts/screenshots_nasdaq/ANDG/ANDG_1H_20260915_072022.png
 create mode 100644 charts/screenshots_nasdaq/ANDG/ANDG_4H_20260915_072022.png
 create mode 100644 charts/screenshots_nasdaq/ANDG/ANDG_Daily_20260915_072022.png
 create mode 100644 charts/screenshots_nasdaq/ANDG/ANDG_Monthly_20260915_072022.png
 create mode 100644 charts/screenshots_nasdaq/ANDG/ANDG_Weekly_20260915_072022.png
 create mode 100644 charts/screenshots_nasdaq/APLD/APLD_1H_20260915_074745.png
 create mode 100644 charts/screenshots_nasdaq/APLD/APLD_4H_20260915_074745.png
 create mode 100644 charts/screenshots_nasdaq/APLD/APLD_Daily_20260915_074745.png
 create mode 100644 charts/screenshots_nasdaq/APLD/APLD_Monthly_20260915_074745.png
 create mode 100644 charts/screenshots_nasdaq/APLD/APLD_Weekly_20260915_074745.png
 delete mode 100644 charts/screenshots_nasdaq/ASST/ASST_1H_20260914_073723.png
 create mode 100644 charts/screenshots_nasdaq/ASST/ASST_1H_20260915_071506.png
 delete mode 100644 charts/screenshots_nasdaq/ASST/ASST_4H_20260914_073723.png
 create mode 100644 charts/screenshots_nasdaq/ASST/ASST_4H_20260915_071506.png
 delete mode 100644 charts/screenshots_nasdaq/ASST/ASST_Daily_20260914_073723.png
 create mode 100644 charts/screenshots_nasdaq/ASST/ASST_Daily_20260915_071506.png
 delete mode 100644 charts/screenshots_nasdaq/ASST/ASST_Monthly_20260914_073723.png
 create mode 100644 charts/screenshots_nasdaq/ASST/ASST_Monthly_20260915_071506.png
 delete mode 100644 charts/screenshots_nasdaq/ASST/ASST_Weekly_20260914_073723.png
 create mode 100644 charts/screenshots_nasdaq/ASST/ASST_Weekly_20260915_071506.png
 delete mode 100644 charts/screenshots_nasdaq/ASTS/ASTS_1H_20260914_080348.png
 create mode 100644 charts/screenshots_nasdaq/ASTS/ASTS_1H_20260915_074819.png
 delete mode 100644 charts/screenshots_nasdaq/ASTS/ASTS_4H_20260914_080348.png
 create mode 100644 charts/screenshots_nasdaq/ASTS/ASTS_4H_20260915_074819.png
 delete mode 100644 charts/screenshots_nasdaq/ASTS/ASTS_Daily_20260914_080348.png
 create mode 100644 charts/screenshots_nasdaq/ASTS/ASTS_Daily_20260915_074819.png
 delete mode 100644 charts/screenshots_nasdaq/ASTS/ASTS_Monthly_20260914_080348.png
 create mode 100644 charts/screenshots_nasdaq/ASTS/ASTS_Monthly_20260915_074819.png
 delete mode 100644 charts/screenshots_nasdaq/ASTS/ASTS_Weekly_20260914_080348.png
 create mode 100644 charts/screenshots_nasdaq/ASTS/ASTS_Weekly_20260915_074819.png
 delete mode 100644 charts/screenshots_nasdaq/ATRC/ATRC_1H_20260914_073609.png
 create mode 100644 charts/screenshots_nasdaq/ATRC/ATRC_1H_20260915_071617.png
 delete mode 100644 charts/screenshots_nasdaq/ATRC/ATRC_4H_20260914_073609.png
 create mode 100644 charts/screenshots_nasdaq/ATRC/ATRC_4H_20260915_071617.png
 delete mode 100644 charts/screenshots_nasdaq/ATRC/ATRC_Daily_20260914_073609.png
 create mode 100644 charts/screenshots_nasdaq/ATRC/ATRC_Daily_20260915_071617.png
 delete mode 100644 charts/screenshots_nasdaq/ATRC/ATRC_Monthly_20260914_073609.png
 create mode 100644 charts/screenshots_nasdaq/ATRC/ATRC_Monthly_20260915_071617.png
 delete mode 100644 charts/screenshots_nasdaq/ATRC/ATRC_Weekly_20260914_073609.png
 create mode 100644 charts/screenshots_nasdaq/ATRC/ATRC_Weekly_20260915_071617.png
 delete mode 100644 charts/screenshots_nasdaq/AVAV/AVAV_1H_20260914_081144.png
 delete mode 100644 charts/screenshots_nasdaq/AVAV/AVAV_4H_20260914_081144.png
 delete mode 100644 charts/screenshots_nasdaq/AVAV/AVAV_Daily_20260914_081144.png
 delete mode 100644 charts/screenshots_nasdaq/AVAV/AVAV_Monthly_20260914_081144.png
 delete mode 100644 charts/screenshots_nasdaq/AVAV/AVAV_Weekly_20260914_081144.png
 delete mode 100644 charts/screenshots_nasdaq/BBAI/BBAI_1H_20260914_080426.png
 create mode 100644 charts/screenshots_nasdaq/BBAI/BBAI_1H_20260915_074853.png
 delete mode 100644 charts/screenshots_nasdaq/BBAI/BBAI_4H_20260914_080426.png
 create mode 100644 charts/screenshots_nasdaq/BBAI/BBAI_4H_20260915_074853.png
 delete mode 100644 charts/screenshots_nasdaq/BBAI/BBAI_Daily_20260914_080426.png
 create mode 100644 charts/screenshots_nasdaq/BBAI/BBAI_Daily_20260915_074853.png
 delete mode 100644 charts/screenshots_nasdaq/BBAI/BBAI_Monthly_20260914_080426.png
 create mode 100644 charts/screenshots_nasdaq/BBAI/BBAI_Monthly_20260915_074853.png
 delete mode 100644 charts/screenshots_nasdaq/BBAI/BBAI_Weekly_20260914_080426.png
 create mode 100644 charts/screenshots_nasdaq/BBAI/BBAI_Weekly_20260915_074853.png
 delete mode 100644 charts/screenshots_nasdaq/BBW/BBW_1H_20260914_081523.png
 create mode 100644 charts/screenshots_nasdaq/BBW/BBW_1H_20260915_073125.png
 delete mode 100644 charts/screenshots_nasdaq/BBW/BBW_4H_20260914_081523.png
 create mode 100644 charts/screenshots_nasdaq/BBW/BBW_4H_20260915_073125.png
 delete mode 100644 charts/screenshots_nasdaq/BBW/BBW_Daily_20260914_081523.png
 create mode 100644 charts/screenshots_nasdaq/BBW/BBW_Daily_20260915_073125.png
 delete mode 100644 charts/screenshots_nasdaq/BBW/BBW_Monthly_20260914_081523.png
 create mode 100644 charts/screenshots_nasdaq/BBW/BBW_Monthly_20260915_073125.png
 delete mode 100644 charts/screenshots_nasdaq/BBW/BBW_Weekly_20260914_081523.png
 create mode 100644 charts/screenshots_nasdaq/BBW/BBW_Weekly_20260915_073125.png
 delete mode 100644 charts/screenshots_nasdaq/BILI/BILI_1H_20260914_075702.png
 create mode 100644 charts/screenshots_nasdaq/BILI/BILI_1H_20260915_073900.png
 delete mode 100644 charts/screenshots_nasdaq/BILI/BILI_4H_20260914_075702.png
 create mode 100644 charts/screenshots_nasdaq/BILI/BILI_4H_20260915_073900.png
 delete mode 100644 charts/screenshots_nasdaq/BILI/BILI_Daily_20260914_075702.png
 create mode 100644 charts/screenshots_nasdaq/BILI/BILI_Daily_20260915_073900.png
 delete mode 100644 charts/screenshots_nasdaq/BILI/BILI_Monthly_20260914_075702.png
 create mode 100644 charts/screenshots_nasdaq/BILI/BILI_Monthly_20260915_073900.png
 delete mode 100644 charts/screenshots_nasdaq/BILI/BILI_Weekly_20260914_075702.png
 create mode 100644 charts/screenshots_nasdaq/BILI/BILI_Weekly_20260915_073900.png
 delete mode 100644 charts/screenshots_nasdaq/BLDR/BLDR_1H_20260914_081828.png
 create mode 100644 charts/screenshots_nasdaq/BLDR/BLDR_1H_20260915_074413.png
 delete mode 100644 charts/screenshots_nasdaq/BLDR/BLDR_4H_20260914_081828.png
 create mode 100644 charts/screenshots_nasdaq/BLDR/BLDR_4H_20260915_074413.png
 delete mode 100644 charts/screenshots_nasdaq/BLDR/BLDR_Daily_20260914_081828.png
 create mode 100644 charts/screenshots_nasdaq/BLDR/BLDR_Daily_20260915_074413.png
 delete mode 100644 charts/screenshots_nasdaq/BLDR/BLDR_Monthly_20260914_081828.png
 create mode 100644 charts/screenshots_nasdaq/BLDR/BLDR_Monthly_20260915_074413.png
 delete mode 100644 charts/screenshots_nasdaq/BLDR/BLDR_Weekly_20260914_081828.png
 create mode 100644 charts/screenshots_nasdaq/BLDR/BLDR_Weekly_20260915_074413.png
 delete mode 100644 charts/screenshots_nasdaq/BMNR/BMNR_1H_20260914_073148.png
 create mode 100644 charts/screenshots_nasdaq/BMNR/BMNR_1H_20260915_070338.png
 delete mode 100644 charts/screenshots_nasdaq/BMNR/BMNR_4H_20260914_073148.png
 create mode 100644 charts/screenshots_nasdaq/BMNR/BMNR_4H_20260915_070338.png
 delete mode 100644 charts/screenshots_nasdaq/BMNR/BMNR_Daily_20260914_073148.png
 create mode 100644 charts/screenshots_nasdaq/BMNR/BMNR_Daily_20260915_070338.png
 delete mode 100644 charts/screenshots_nasdaq/BMNR/BMNR_Monthly_20260914_073148.png
 create mode 100644 charts/screenshots_nasdaq/BMNR/BMNR_Monthly_20260915_070338.png
 delete mode 100644 charts/screenshots_nasdaq/BMNR/BMNR_Weekly_20260914_073148.png
 create mode 100644 charts/screenshots_nasdaq/BMNR/BMNR_Weekly_20260915_070338.png
 create mode 100644 charts/screenshots_nasdaq/BNC/BNC_1H_20260915_071911.png
 create mode 100644 charts/screenshots_nasdaq/BNC/BNC_4H_20260915_071911.png
 create mode 100644 charts/screenshots_nasdaq/BNC/BNC_Daily_20260915_071911.png
 create mode 100644 charts/screenshots_nasdaq/BNC/BNC_Monthly_20260915_071911.png
 create mode 100644 charts/screenshots_nasdaq/BNC/BNC_Weekly_20260915_071911.png
 create mode 100644 charts/screenshots_nasdaq/BSX/BSX_1H_20260915_074447.png
 create mode 100644 charts/screenshots_nasdaq/BSX/BSX_4H_20260915_074447.png
 create mode 100644 charts/screenshots_nasdaq/BSX/BSX_Daily_20260915_074447.png
 create mode 100644 charts/screenshots_nasdaq/BSX/BSX_Monthly_20260915_074447.png
 create mode 100644 charts/screenshots_nasdaq/BSX/BSX_Weekly_20260915_074447.png
 delete mode 100644 charts/screenshots_nasdaq/BTCT/BTCT_1H_20260914_073952.png
 create mode 100644 charts/screenshots_nasdaq/BTCT/BTCT_1H_20260915_070520.png
 delete mode 100644 charts/screenshots_nasdaq/BTCT/BTCT_4H_20260914_073952.png
 create mode 100644 charts/screenshots_nasdaq/BTCT/BTCT_4H_20260915_070520.png
 delete mode 100644 charts/screenshots_nasdaq/BTCT/BTCT_Daily_20260914_073952.png
 create mode 100644 charts/screenshots_nasdaq/BTCT/BTCT_Daily_20260915_070520.png
 delete mode 100644 charts/screenshots_nasdaq/BTCT/BTCT_Monthly_20260914_073952.png
 create mode 100644 charts/screenshots_nasdaq/BTCT/BTCT_Monthly_20260915_070520.png
 delete mode 100644 charts/screenshots_nasdaq/BTCT/BTCT_Weekly_20260914_073952.png
 create mode 100644 charts/screenshots_nasdaq/BTCT/BTCT_Weekly_20260915_070520.png
 delete mode 100644 charts/screenshots_nasdaq/CELH/CELH_1H_20260914_081714.png
 delete mode 100644 charts/screenshots_nasdaq/CELH/CELH_4H_20260914_081714.png
 delete mode 100644 charts/screenshots_nasdaq/CELH/CELH_Daily_20260914_081714.png
 delete mode 100644 charts/screenshots_nasdaq/CELH/CELH_Monthly_20260914_081714.png
 delete mode 100644 charts/screenshots_nasdaq/CELH/CELH_Weekly_20260914_081714.png
 delete mode 100644 charts/screenshots_nasdaq/CLMT/CLMT_1H_20260914_073646.png
 create mode 100644 charts/screenshots_nasdaq/CLMT/CLMT_1H_20260915_070848.png
 delete mode 100644 charts/screenshots_nasdaq/CLMT/CLMT_4H_20260914_073646.png
 create mode 100644 charts/screenshots_nasdaq/CLMT/CLMT_4H_20260915_070848.png
 delete mode 100644 charts/screenshots_nasdaq/CLMT/CLMT_Daily_20260914_073646.png
 create mode 100644 charts/screenshots_nasdaq/CLMT/CLMT_Daily_20260915_070848.png
 delete mode 100644 charts/screenshots_nasdaq/CLMT/CLMT_Monthly_20260914_073646.png
 create mode 100644 charts/screenshots_nasdaq/CLMT/CLMT_Monthly_20260915_070848.png
 delete mode 100644 charts/screenshots_nasdaq/CLMT/CLMT_Weekly_20260914_073646.png
 create mode 100644 charts/screenshots_nasdaq/CLMT/CLMT_Weekly_20260915_070848.png
 delete mode 100644 charts/screenshots_nasdaq/COIN/COIN_1H_20260914_074641.png
 create mode 100644 charts/screenshots_nasdaq/COIN/COIN_1H_20260915_071325.png
 delete mode 100644 charts/screenshots_nasdaq/COIN/COIN_4H_20260914_074641.png
 create mode 100644 charts/screenshots_nasdaq/COIN/COIN_4H_20260915_071325.png
 delete mode 100644 charts/screenshots_nasdaq/COIN/COIN_Daily_20260914_074641.png
 create mode 100644 charts/screenshots_nasdaq/COIN/COIN_Daily_20260915_071325.png
 delete mode 100644 charts/screenshots_nasdaq/COIN/COIN_Monthly_20260914_074641.png
 create mode 100644 charts/screenshots_nasdaq/COIN/COIN_Monthly_20260915_071325.png
 delete mode 100644 charts/screenshots_nasdaq/COIN/COIN_Weekly_20260914_074641.png
 create mode 100644 charts/screenshots_nasdaq/COIN/COIN_Weekly_20260915_071325.png
 delete mode 100644 charts/screenshots_nasdaq/COLL/COLL_1H_20260914_081221.png
 delete mode 100644 charts/screenshots_nasdaq/COLL/COLL_4H_20260914_081221.png
 delete mode 100644 charts/screenshots_nasdaq/COLL/COLL_Daily_20260914_081221.png
 delete mode 100644 charts/screenshots_nasdaq/COLL/COLL_Monthly_20260914_081221.png
 delete mode 100644 charts/screenshots_nasdaq/COLL/COLL_Weekly_20260914_081221.png
 create mode 100644 charts/screenshots_nasdaq/COUR/COUR_1H_20260915_072613.png
 create mode 100644 charts/screenshots_nasdaq/COUR/COUR_4H_20260915_072613.png
 create mode 100644 charts/screenshots_nasdaq/COUR/COUR_Daily_20260915_072613.png
 create mode 100644 charts/screenshots_nasdaq/COUR/COUR_Monthly_20260915_072613.png
 create mode 100644 charts/screenshots_nasdaq/COUR/COUR_Weekly_20260915_072613.png
 delete mode 100644 charts/screenshots_nasdaq/CPNG/CPNG_1H_20260914_080502.png
 create mode 100644 charts/screenshots_nasdaq/CPNG/CPNG_1H_20260915_074928.png
 delete mode 100644 charts/screenshots_nasdaq/CPNG/CPNG_4H_20260914_080502.png
 create mode 100644 charts/screenshots_nasdaq/CPNG/CPNG_4H_20260915_074928.png
 delete mode 100644 charts/screenshots_nasdaq/CPNG/CPNG_Daily_20260914_080502.png
 create mode 100644 charts/screenshots_nasdaq/CPNG/CPNG_Daily_20260915_074928.png
 delete mode 100644 charts/screenshots_nasdaq/CPNG/CPNG_Monthly_20260914_080502.png
 create mode 100644 charts/screenshots_nasdaq/CPNG/CPNG_Monthly_20260915_074928.png
 delete mode 100644 charts/screenshots_nasdaq/CPNG/CPNG_Weekly_20260914_080502.png
 create mode 100644 charts/screenshots_nasdaq/CPNG/CPNG_Weekly_20260915_074928.png
 delete mode 100644 charts/screenshots_nasdaq/CRE/CRE_1H_20260914_074941.png
 create mode 100644 charts/screenshots_nasdaq/CRE/CRE_1H_20260915_072318.png
 delete mode 100644 charts/screenshots_nasdaq/CRE/CRE_4H_20260914_074941.png
 create mode 100644 charts/screenshots_nasdaq/CRE/CRE_4H_20260915_072318.png
 delete mode 100644 charts/screenshots_nasdaq/CRE/CRE_Daily_20260914_074941.png
 create mode 100644 charts/screenshots_nasdaq/CRE/CRE_Daily_20260915_072318.png
 delete mode 100644 charts/screenshots_nasdaq/CRE/CRE_Monthly_20260914_074941.png
 create mode 100644 charts/screenshots_nasdaq/CRE/CRE_Monthly_20260915_072318.png
 delete mode 100644 charts/screenshots_nasdaq/CRE/CRE_Weekly_20260914_074941.png
 create mode 100644 charts/screenshots_nasdaq/CRE/CRE_Weekly_20260915_072318.png
 delete mode 100644 charts/screenshots_nasdaq/CRGY/CRGY_1H_20260914_073302.png
 delete mode 100644 charts/screenshots_nasdaq/CRGY/CRGY_4H_20260914_073302.png
 delete mode 100644 charts/screenshots_nasdaq/CRGY/CRGY_Daily_20260914_073302.png
 delete mode 100644 charts/screenshots_nasdaq/CRGY/CRGY_Monthly_20260914_073302.png
 delete mode 100644 charts/screenshots_nasdaq/CRGY/CRGY_Weekly_20260914_073302.png
 create mode 100644 charts/screenshots_nasdaq/CRM/CRM_1H_20260915_070554.png
 create mode 100644 charts/screenshots_nasdaq/CRM/CRM_4H_20260915_070554.png
 create mode 100644 charts/screenshots_nasdaq/CRM/CRM_Daily_20260915_070554.png
 create mode 100644 charts/screenshots_nasdaq/CRM/CRM_Monthly_20260915_070554.png
 create mode 100644 charts/screenshots_nasdaq/CRM/CRM_Weekly_20260915_070554.png
 delete mode 100644 charts/screenshots_nasdaq/CSIQ/CSIQ_1H_20260914_075929.png
 create mode 100644 charts/screenshots_nasdaq/CSIQ/CSIQ_1H_20260915_075002.png
 delete mode 100644 charts/screenshots_nasdaq/CSIQ/CSIQ_4H_20260914_075929.png
 create mode 100644 charts/screenshots_nasdaq/CSIQ/CSIQ_4H_20260915_075002.png
 delete mode 100644 charts/screenshots_nasdaq/CSIQ/CSIQ_Daily_20260914_075929.png
 create mode 100644 charts/screenshots_nasdaq/CSIQ/CSIQ_Daily_20260915_075002.png
 delete mode 100644 charts/screenshots_nasdaq/CSIQ/CSIQ_Monthly_20260914_075929.png
 create mode 100644 charts/screenshots_nasdaq/CSIQ/CSIQ_Monthly_20260915_075002.png
 delete mode 100644 charts/screenshots_nasdaq/CSIQ/CSIQ_Weekly_20260914_075929.png
 create mode 100644 charts/screenshots_nasdaq/CSIQ/CSIQ_Weekly_20260915_075002.png
 create mode 100644 charts/screenshots_nasdaq/CTRI/CTRI_1H_20260915_073201.png
 create mode 100644 charts/screenshots_nasdaq/CTRI/CTRI_4H_20260915_073201.png
 create mode 100644 charts/screenshots_nasdaq/CTRI/CTRI_Daily_20260915_073201.png
 create mode 100644 charts/screenshots_nasdaq/CTRI/CTRI_Monthly_20260915_073201.png
 create mode 100644 charts/screenshots_nasdaq/CTRI/CTRI_Weekly_20260915_073201.png
 delete mode 100644 charts/screenshots_nasdaq/CVI/CVI_1H_20260914_072957.png
 create mode 100644 charts/screenshots_nasdaq/CVI/CVI_1H_20260915_070012.png
 delete mode 100644 charts/screenshots_nasdaq/CVI/CVI_4H_20260914_072957.png
 create mode 100644 charts/screenshots_nasdaq/CVI/CVI_4H_20260915_070012.png
 delete mode 100644 charts/screenshots_nasdaq/CVI/CVI_Daily_20260914_072957.png
 create mode 100644 charts/screenshots_nasdaq/CVI/CVI_Daily_20260915_070012.png
 delete mode 100644 charts/screenshots_nasdaq/CVI/CVI_Monthly_20260914_072957.png
 create mode 100644 charts/screenshots_nasdaq/CVI/CVI_Monthly_20260915_070012.png
 delete mode 100644 charts/screenshots_nasdaq/CVI/CVI_Weekly_20260914_072957.png
 create mode 100644 charts/screenshots_nasdaq/CVI/CVI_Weekly_20260915_070012.png
 delete mode 100644 charts/screenshots_nasdaq/DELL/DELL_1H_20260914_074335.png
 delete mode 100644 charts/screenshots_nasdaq/DELL/DELL_4H_20260914_074335.png
 delete mode 100644 charts/screenshots_nasdaq/DELL/DELL_Daily_20260914_074335.png
 delete mode 100644 charts/screenshots_nasdaq/DELL/DELL_Monthly_20260914_074335.png
 delete mode 100644 charts/screenshots_nasdaq/DELL/DELL_Weekly_20260914_074335.png
 delete mode 100644 charts/screenshots_nasdaq/DHT/DHT_1H_20260914_073034.png
 create mode 100644 charts/screenshots_nasdaq/DHT/DHT_1H_20260915_071946.png
 delete mode 100644 charts/screenshots_nasdaq/DHT/DHT_4H_20260914_073034.png
 create mode 100644 charts/screenshots_nasdaq/DHT/DHT_4H_20260915_071946.png
 delete mode 100644 charts/screenshots_nasdaq/DHT/DHT_Daily_20260914_073034.png
 create mode 100644 charts/screenshots_nasdaq/DHT/DHT_Daily_20260915_071946.png
 delete mode 100644 charts/screenshots_nasdaq/DHT/DHT_Monthly_20260914_073034.png
 create mode 100644 charts/screenshots_nasdaq/DHT/DHT_Monthly_20260915_071946.png
 delete mode 100644 charts/screenshots_nasdaq/DHT/DHT_Weekly_20260914_073034.png
 create mode 100644 charts/screenshots_nasdaq/DHT/DHT_Weekly_20260915_071946.png
 delete mode 100644 charts/screenshots_nasdaq/DINO/DINO_1H_20260914_072807.png
 delete mode 100644 charts/screenshots_nasdaq/DINO/DINO_4H_20260914_072807.png
 delete mode 100644 charts/screenshots_nasdaq/DINO/DINO_Daily_20260914_072807.png
 delete mode 100644 charts/screenshots_nasdaq/DINO/DINO_Monthly_20260914_072807.png
 delete mode 100644 charts/screenshots_nasdaq/DINO/DINO_Weekly_20260914_072807.png
 delete mode 100644 charts/screenshots_nasdaq/DK/DK_1H_20260914_072844.png
 delete mode 100644 charts/screenshots_nasdaq/DK/DK_4H_20260914_072844.png
 delete mode 100644 charts/screenshots_nasdaq/DK/DK_Daily_20260914_072844.png
 delete mode 100644 charts/screenshots_nasdaq/DK/DK_Monthly_20260914_072844.png
 delete mode 100644 charts/screenshots_nasdaq/DK/DK_Weekly_20260914_072844.png
 create mode 100644 charts/screenshots_nasdaq/DOCS/DOCS_1H_20260915_072206.png
 create mode 100644 charts/screenshots_nasdaq/DOCS/DOCS_4H_20260915_072206.png
 create mode 100644 charts/screenshots_nasdaq/DOCS/DOCS_Daily_20260915_072206.png
 create mode 100644 charts/screenshots_nasdaq/DOCS/DOCS_Monthly_20260915_072206.png
 create mode 100644 charts/screenshots_nasdaq/DOCS/DOCS_Weekly_20260915_072206.png
 delete mode 100644 charts/screenshots_nasdaq/DUOL/DUOL_1H_20260914_073914.png
 create mode 100644 charts/screenshots_nasdaq/DUOL/DUOL_1H_20260915_071216.png
 delete mode 100644 charts/screenshots_nasdaq/DUOL/DUOL_4H_20260914_073914.png
 create mode 100644 charts/screenshots_nasdaq/DUOL/DUOL_4H_20260915_071216.png
 delete mode 100644 charts/screenshots_nasdaq/DUOL/DUOL_Daily_20260914_073914.png
 create mode 100644 charts/screenshots_nasdaq/DUOL/DUOL_Daily_20260915_071216.png
 delete mode 100644 charts/screenshots_nasdaq/DUOL/DUOL_Monthly_20260914_073914.png
 create mode 100644 charts/screenshots_nasdaq/DUOL/DUOL_Monthly_20260915_071216.png
 delete mode 100644 charts/screenshots_nasdaq/DUOL/DUOL_Weekly_20260914_073914.png
 create mode 100644 charts/screenshots_nasdaq/DUOL/DUOL_Weekly_20260915_071216.png
 delete mode 100644 charts/screenshots_nasdaq/ECO/ECO_1H_20260914_073837.png
 create mode 100644 charts/screenshots_nasdaq/ECO/ECO_1H_20260915_071651.png
 delete mode 100644 charts/screenshots_nasdaq/ECO/ECO_4H_20260914_073837.png
 create mode 100644 charts/screenshots_nasdaq/ECO/ECO_4H_20260915_071651.png
 delete mode 100644 charts/screenshots_nasdaq/ECO/ECO_Daily_20260914_073837.png
 create mode 100644 charts/screenshots_nasdaq/ECO/ECO_Daily_20260915_071651.png
 delete mode 100644 charts/screenshots_nasdaq/ECO/ECO_Monthly_20260914_073837.png
 create mode 100644 charts/screenshots_nasdaq/ECO/ECO_Monthly_20260915_071651.png
 delete mode 100644 charts/screenshots_nasdaq/ECO/ECO_Weekly_20260914_073837.png
 create mode 100644 charts/screenshots_nasdaq/ECO/ECO_Weekly_20260915_071651.png
 delete mode 100644 charts/screenshots_nasdaq/FIG/FIG_1H_20260914_074450.png
 create mode 100644 charts/screenshots_nasdaq/FIG/FIG_1H_20260915_072427.png
 delete mode 100644 charts/screenshots_nasdaq/FIG/FIG_4H_20260914_074450.png
 create mode 100644 charts/screenshots_nasdaq/FIG/FIG_4H_20260915_072427.png
 delete mode 100644 charts/screenshots_nasdaq/FIG/FIG_Daily_20260914_074450.png
 create mode 100644 charts/screenshots_nasdaq/FIG/FIG_Daily_20260915_072427.png
 delete mode 100644 charts/screenshots_nasdaq/FIG/FIG_Monthly_20260914_074450.png
 create mode 100644 charts/screenshots_nasdaq/FIG/FIG_Monthly_20260915_072427.png
 delete mode 100644 charts/screenshots_nasdaq/FIG/FIG_Weekly_20260914_074450.png
 create mode 100644 charts/screenshots_nasdaq/FIG/FIG_Weekly_20260915_072427.png
 delete mode 100644 charts/screenshots_nasdaq/FIGR/FIGR_1H_20260914_074030.png
 create mode 100644 charts/screenshots_nasdaq/FIGR/FIGR_1H_20260915_071835.png
 delete mode 100644 charts/screenshots_nasdaq/FIGR/FIGR_4H_20260914_074030.png
 create mode 100644 charts/screenshots_nasdaq/FIGR/FIGR_4H_20260915_071835.png
 delete mode 100644 charts/screenshots_nasdaq/FIGR/FIGR_Daily_20260914_074030.png
 create mode 100644 charts/screenshots_nasdaq/FIGR/FIGR_Daily_20260915_071835.png
 delete mode 100644 charts/screenshots_nasdaq/FIGR/FIGR_Monthly_20260914_074030.png
 create mode 100644 charts/screenshots_nasdaq/FIGR/FIGR_Monthly_20260915_071835.png
 delete mode 100644 charts/screenshots_nasdaq/FIGR/FIGR_Weekly_20260914_074030.png
 create mode 100644 charts/screenshots_nasdaq/FIGR/FIGR_Weekly_20260915_071835.png
 create mode 100644 charts/screenshots_nasdaq/FLNC/FLNC_1H_20260915_073050.png
 create mode 100644 charts/screenshots_nasdaq/FLNC/FLNC_4H_20260915_073050.png
 create mode 100644 charts/screenshots_nasdaq/FLNC/FLNC_Daily_20260915_073050.png
 create mode 100644 charts/screenshots_nasdaq/FLNC/FLNC_Monthly_20260915_073050.png
 create mode 100644 charts/screenshots_nasdaq/FLNC/FLNC_Weekly_20260915_073050.png
 delete mode 100644 charts/screenshots_nasdaq/FPS/FPS_1H_20260914_075324.png
 create mode 100644 charts/screenshots_nasdaq/FPS/FPS_1H_20260915_072905.png
 delete mode 100644 charts/screenshots_nasdaq/FPS/FPS_4H_20260914_075324.png
 create mode 100644 charts/screenshots_nasdaq/FPS/FPS_4H_20260915_072905.png
 delete mode 100644 charts/screenshots_nasdaq/FPS/FPS_Daily_20260914_075324.png
 create mode 100644 charts/screenshots_nasdaq/FPS/FPS_Daily_20260915_072905.png
 delete mode 100644 charts/screenshots_nasdaq/FPS/FPS_Monthly_20260914_075324.png
 create mode 100644 charts/screenshots_nasdaq/FPS/FPS_Monthly_20260915_072905.png
 delete mode 100644 charts/screenshots_nasdaq/FPS/FPS_Weekly_20260914_075324.png
 create mode 100644 charts/screenshots_nasdaq/FPS/FPS_Weekly_20260915_072905.png
 create mode 100644 charts/screenshots_nasdaq/FRMI/FRMI_1H_20260915_075036.png
 create mode 100644 charts/screenshots_nasdaq/FRMI/FRMI_4H_20260915_075036.png
 create mode 100644 charts/screenshots_nasdaq/FRMI/FRMI_Daily_20260915_075036.png
 create mode 100644 charts/screenshots_nasdaq/FRMI/FRMI_Monthly_20260915_075036.png
 create mode 100644 charts/screenshots_nasdaq/FRMI/FRMI_Weekly_20260915_075036.png
 delete mode 100644 charts/screenshots_nasdaq/FRO/FRO_1H_20260914_072921.png
 create mode 100644 charts/screenshots_nasdaq/FRO/FRO_1H_20260915_070120.png
 delete mode 100644 charts/screenshots_nasdaq/FRO/FRO_4H_20260914_072921.png
 create mode 100644 charts/screenshots_nasdaq/FRO/FRO_4H_20260915_070120.png
 delete mode 100644 charts/screenshots_nasdaq/FRO/FRO_Daily_20260914_072921.png
 create mode 100644 charts/screenshots_nasdaq/FRO/FRO_Daily_20260915_070120.png
 delete mode 100644 charts/screenshots_nasdaq/FRO/FRO_Monthly_20260914_072921.png
 create mode 100644 charts/screenshots_nasdaq/FRO/FRO_Monthly_20260915_070120.png
 delete mode 100644 charts/screenshots_nasdaq/FRO/FRO_Weekly_20260914_072921.png
 create mode 100644 charts/screenshots_nasdaq/FRO/FRO_Weekly_20260915_070120.png
 create mode 100644 charts/screenshots_nasdaq/FUN/FUN_1H_20260915_073236.png
 create mode 100644 charts/screenshots_nasdaq/FUN/FUN_4H_20260915_073236.png
 create mode 100644 charts/screenshots_nasdaq/FUN/FUN_Daily_20260915_073236.png
 create mode 100644 charts/screenshots_nasdaq/FUN/FUN_Monthly_20260915_073236.png
 create mode 100644 charts/screenshots_nasdaq/FUN/FUN_Weekly_20260915_073236.png
 delete mode 100644 charts/screenshots_nasdaq/GPK/GPK_1H_20260914_075625.png
 create mode 100644 charts/screenshots_nasdaq/GPK/GPK_1H_20260915_073312.png
 delete mode 100644 charts/screenshots_nasdaq/GPK/GPK_4H_20260914_075625.png
 create mode 100644 charts/screenshots_nasdaq/GPK/GPK_4H_20260915_073312.png
 delete mode 100644 charts/screenshots_nasdaq/GPK/GPK_Daily_20260914_075625.png
 create mode 100644 charts/screenshots_nasdaq/GPK/GPK_Daily_20260915_073312.png
 delete mode 100644 charts/screenshots_nasdaq/GPK/GPK_Monthly_20260914_075625.png
 create mode 100644 charts/screenshots_nasdaq/GPK/GPK_Monthly_20260915_073312.png
 delete mode 100644 charts/screenshots_nasdaq/GPK/GPK_Weekly_20260914_075625.png
 create mode 100644 charts/screenshots_nasdaq/GPK/GPK_Weekly_20260915_073312.png
 delete mode 100644 charts/screenshots_nasdaq/GPRO/GPRO_1H_20260914_074604.png
 create mode 100644 charts/screenshots_nasdaq/GPRO/GPRO_1H_20260915_071725.png
 delete mode 100644 charts/screenshots_nasdaq/GPRO/GPRO_4H_20260914_074604.png
 create mode 100644 charts/screenshots_nasdaq/GPRO/GPRO_4H_20260915_071725.png
 delete mode 100644 charts/screenshots_nasdaq/GPRO/GPRO_Daily_20260914_074604.png
 create mode 100644 charts/screenshots_nasdaq/GPRO/GPRO_Daily_20260915_071725.png
 delete mode 100644 charts/screenshots_nasdaq/GPRO/GPRO_Monthly_20260914_074604.png
 create mode 100644 charts/screenshots_nasdaq/GPRO/GPRO_Monthly_20260915_071725.png
 delete mode 100644 charts/screenshots_nasdaq/GPRO/GPRO_Weekly_20260914_074604.png
 create mode 100644 charts/screenshots_nasdaq/GPRO/GPRO_Weekly_20260915_071725.png
 delete mode 100644 charts/screenshots_nasdaq/GRAB/GRAB_1H_20260914_081258.png
 create mode 100644 charts/screenshots_nasdaq/GRAB/GRAB_1H_20260915_074046.png
 delete mode 100644 charts/screenshots_nasdaq/GRAB/GRAB_4H_20260914_081258.png
 create mode 100644 charts/screenshots_nasdaq/GRAB/GRAB_4H_20260915_074046.png
 delete mode 100644 charts/screenshots_nasdaq/GRAB/GRAB_Daily_20260914_081258.png
 create mode 100644 charts/screenshots_nasdaq/GRAB/GRAB_Daily_20260915_074046.png
 delete mode 100644 charts/screenshots_nasdaq/GRAB/GRAB_Monthly_20260914_081258.png
 create mode 100644 charts/screenshots_nasdaq/GRAB/GRAB_Monthly_20260915_074046.png
 delete mode 100644 charts/screenshots_nasdaq/GRAB/GRAB_Weekly_20260914_081258.png
 create mode 100644 charts/screenshots_nasdaq/GRAB/GRAB_Weekly_20260915_074046.png
 create mode 100644 charts/screenshots_nasdaq/HAE/HAE_1H_20260915_070628.png
 create mode 100644 charts/screenshots_nasdaq/HAE/HAE_4H_20260915_070628.png
 create mode 100644 charts/screenshots_nasdaq/HAE/HAE_Daily_20260915_070628.png
 create mode 100644 charts/screenshots_nasdaq/HAE/HAE_Monthly_20260915_070628.png
 create mode 100644 charts/screenshots_nasdaq/HAE/HAE_Weekly_20260915_070628.png
 delete mode 100644 charts/screenshots_nasdaq/HIMS/HIMS_1H_20260914_075131.png
 create mode 100644 charts/screenshots_nasdaq/HIMS/HIMS_1H_20260915_072057.png
 delete mode 100644 charts/screenshots_nasdaq/HIMS/HIMS_4H_20260914_075131.png
 create mode 100644 charts/screenshots_nasdaq/HIMS/HIMS_4H_20260915_072057.png
 delete mode 100644 charts/screenshots_nasdaq/HIMS/HIMS_Daily_20260914_075131.png
 create mode 100644 charts/screenshots_nasdaq/HIMS/HIMS_Daily_20260915_072057.png
 delete mode 100644 charts/screenshots_nasdaq/HIMS/HIMS_Monthly_20260914_075131.png
 create mode 100644 charts/screenshots_nasdaq/HIMS/HIMS_Monthly_20260915_072057.png
 delete mode 100644 charts/screenshots_nasdaq/HIMS/HIMS_Weekly_20260914_075131.png
 create mode 100644 charts/screenshots_nasdaq/HIMS/HIMS_Weekly_20260915_072057.png
 delete mode 100644 charts/screenshots_nasdaq/HPQ/HPQ_1H_20260914_074145.png
 delete mode 100644 charts/screenshots_nasdaq/HPQ/HPQ_4H_20260914_074145.png
 delete mode 100644 charts/screenshots_nasdaq/HPQ/HPQ_Daily_20260914_074145.png
 delete mode 100644 charts/screenshots_nasdaq/HPQ/HPQ_Monthly_20260914_074145.png
 delete mode 100644 charts/screenshots_nasdaq/HPQ/HPQ_Weekly_20260914_074145.png
 delete mode 100644 charts/screenshots_nasdaq/HTFL/HTFL_1H_20260914_073454.png
 create mode 100644 charts/screenshots_nasdaq/HTFL/HTFL_1H_20260915_070702.png
 delete mode 100644 charts/screenshots_nasdaq/HTFL/HTFL_4H_20260914_073454.png
 create mode 100644 charts/screenshots_nasdaq/HTFL/HTFL_4H_20260915_070702.png
 delete mode 100644 charts/screenshots_nasdaq/HTFL/HTFL_Daily_20260914_073454.png
 create mode 100644 charts/screenshots_nasdaq/HTFL/HTFL_Daily_20260915_070702.png
 delete mode 100644 charts/screenshots_nasdaq/HTFL/HTFL_Monthly_20260914_073454.png
 create mode 100644 charts/screenshots_nasdaq/HTFL/HTFL_Monthly_20260915_070702.png
 delete mode 100644 charts/screenshots_nasdaq/HTFL/HTFL_Weekly_20260914_073454.png
 create mode 100644 charts/screenshots_nasdaq/HTFL/HTFL_Weekly_20260915_070702.png
 delete mode 100644 charts/screenshots_nasdaq/HTZ/HTZ_1H_20260914_081905.png
 create mode 100644 charts/screenshots_nasdaq/HTZ/HTZ_1H_20260915_075110.png
 delete mode 100644 charts/screenshots_nasdaq/HTZ/HTZ_4H_20260914_081905.png
 create mode 100644 charts/screenshots_nasdaq/HTZ/HTZ_4H_20260915_075110.png
 delete mode 100644 charts/screenshots_nasdaq/HTZ/HTZ_Daily_20260914_081905.png
 create mode 100644 charts/screenshots_nasdaq/HTZ/HTZ_Daily_20260915_075110.png
 delete mode 100644 charts/screenshots_nasdaq/HTZ/HTZ_Monthly_20260914_081905.png
 create mode 100644 charts/screenshots_nasdaq/HTZ/HTZ_Monthly_20260915_075110.png
 delete mode 100644 charts/screenshots_nasdaq/HTZ/HTZ_Weekly_20260914_081905.png
 create mode 100644 charts/screenshots_nasdaq/HTZ/HTZ_Weekly_20260915_075110.png
 delete mode 100644 charts/screenshots_nasdaq/HUBS/HUBS_1H_20260914_074751.png
 create mode 100644 charts/screenshots_nasdaq/HUBS/HUBS_1H_20260915_072353.png
 delete mode 100644 charts/screenshots_nasdaq/HUBS/HUBS_4H_20260914_074751.png
 create mode 100644 charts/screenshots_nasdaq/HUBS/HUBS_4H_20260915_072353.png
 delete mode 100644 charts/screenshots_nasdaq/HUBS/HUBS_Daily_20260914_074751.png
 create mode 100644 charts/screenshots_nasdaq/HUBS/HUBS_Daily_20260915_072353.png
 delete mode 100644 charts/screenshots_nasdaq/HUBS/HUBS_Monthly_20260914_074751.png
 create mode 100644 charts/screenshots_nasdaq/HUBS/HUBS_Monthly_20260915_072353.png
 delete mode 100644 charts/screenshots_nasdaq/HUBS/HUBS_Weekly_20260914_074751.png
 create mode 100644 charts/screenshots_nasdaq/HUBS/HUBS_Weekly_20260915_072353.png
 delete mode 100644 charts/screenshots_nasdaq/HYMC/HYMC_1H_20260914_075738.png
 create mode 100644 charts/screenshots_nasdaq/HYMC/HYMC_1H_20260915_074523.png
 delete mode 100644 charts/screenshots_nasdaq/HYMC/HYMC_4H_20260914_075738.png
 create mode 100644 charts/screenshots_nasdaq/HYMC/HYMC_4H_20260915_074523.png
 delete mode 100644 charts/screenshots_nasdaq/HYMC/HYMC_Daily_20260914_075738.png
 create mode 100644 charts/screenshots_nasdaq/HYMC/HYMC_Daily_20260915_074523.png
 delete mode 100644 charts/screenshots_nasdaq/HYMC/HYMC_Monthly_20260914_075738.png
 create mode 100644 charts/screenshots_nasdaq/HYMC/HYMC_Monthly_20260915_074523.png
 delete mode 100644 charts/screenshots_nasdaq/HYMC/HYMC_Weekly_20260914_075738.png
 create mode 100644 charts/screenshots_nasdaq/HYMC/HYMC_Weekly_20260915_074523.png
 delete mode 100644 charts/screenshots_nasdaq/INOD/INOD_1H_20260914_080007.png
 create mode 100644 charts/screenshots_nasdaq/INOD/INOD_1H_20260915_072756.png
 delete mode 100644 charts/screenshots_nasdaq/INOD/INOD_4H_20260914_080007.png
 create mode 100644 charts/screenshots_nasdaq/INOD/INOD_4H_20260915_072756.png
 delete mode 100644 charts/screenshots_nasdaq/INOD/INOD_Daily_20260914_080007.png
 create mode 100644 charts/screenshots_nasdaq/INOD/INOD_Daily_20260915_072756.png
 delete mode 100644 charts/screenshots_nasdaq/INOD/INOD_Monthly_20260914_080007.png
 create mode 100644 charts/screenshots_nasdaq/INOD/INOD_Monthly_20260915_072756.png
 delete mode 100644 charts/screenshots_nasdaq/INOD/INOD_Weekly_20260914_080007.png
 create mode 100644 charts/screenshots_nasdaq/INOD/INOD_Weekly_20260915_072756.png
 delete mode 100644 charts/screenshots_nasdaq/IONQ/IONQ_1H_20260914_080539.png
 create mode 100644 charts/screenshots_nasdaq/IONQ/IONQ_1H_20260915_074121.png
 delete mode 100644 charts/screenshots_nasdaq/IONQ/IONQ_4H_20260914_080539.png
 create mode 100644 charts/screenshots_nasdaq/IONQ/IONQ_4H_20260915_074121.png
 delete mode 100644 charts/screenshots_nasdaq/IONQ/IONQ_Daily_20260914_080539.png
 create mode 100644 charts/screenshots_nasdaq/IONQ/IONQ_Daily_20260915_074121.png
 delete mode 100644 charts/screenshots_nasdaq/IONQ/IONQ_Monthly_20260914_080539.png
 create mode 100644 charts/screenshots_nasdaq/IONQ/IONQ_Monthly_20260915_074121.png
 delete mode 100644 charts/screenshots_nasdaq/IONQ/IONQ_Weekly_20260914_080539.png
 create mode 100644 charts/screenshots_nasdaq/IONQ/IONQ_Weekly_20260915_074121.png
 create mode 100644 charts/screenshots_nasdaq/IOVA/IOVA_1H_20260915_070958.png
 create mode 100644 charts/screenshots_nasdaq/IOVA/IOVA_4H_20260915_070958.png
 create mode 100644 charts/screenshots_nasdaq/IOVA/IOVA_Daily_20260915_070958.png
 create mode 100644 charts/screenshots_nasdaq/IOVA/IOVA_Monthly_20260915_070958.png
 create mode 100644 charts/screenshots_nasdaq/IOVA/IOVA_Weekly_20260915_070958.png
 create mode 100644 charts/screenshots_nasdaq/IRD/IRD_1H_20260915_072132.png
 create mode 100644 charts/screenshots_nasdaq/IRD/IRD_4H_20260915_072132.png
 create mode 100644 charts/screenshots_nasdaq/IRD/IRD_Daily_20260915_072132.png
 create mode 100644 charts/screenshots_nasdaq/IRD/IRD_Monthly_20260915_072132.png
 create mode 100644 charts/screenshots_nasdaq/IRD/IRD_Weekly_20260915_072132.png
 delete mode 100644 charts/screenshots_nasdaq/JOBY/JOBY_1H_20260914_075512.png
 delete mode 100644 charts/screenshots_nasdaq/JOBY/JOBY_4H_20260914_075512.png
 delete mode 100644 charts/screenshots_nasdaq/JOBY/JOBY_Daily_20260914_075512.png
 delete mode 100644 charts/screenshots_nasdaq/JOBY/JOBY_Monthly_20260914_075512.png
 delete mode 100644 charts/screenshots_nasdaq/JOBY/JOBY_Weekly_20260914_075512.png
 create mode 100644 charts/screenshots_nasdaq/KLAR/KLAR_1H_20260915_073346.png
 create mode 100644 charts/screenshots_nasdaq/KLAR/KLAR_4H_20260915_073346.png
 create mode 100644 charts/screenshots_nasdaq/KLAR/KLAR_Daily_20260915_073346.png
 create mode 100644 charts/screenshots_nasdaq/KLAR/KLAR_Monthly_20260915_073346.png
 create mode 100644 charts/screenshots_nasdaq/KLAR/KLAR_Weekly_20260915_073346.png
 delete mode 100644 charts/screenshots_nasdaq/KRMN/KRMN_1H_20260914_075814.png
 create mode 100644 charts/screenshots_nasdaq/KRMN/KRMN_1H_20260915_072831.png
 delete mode 100644 charts/screenshots_nasdaq/KRMN/KRMN_4H_20260914_075814.png
 create mode 100644 charts/screenshots_nasdaq/KRMN/KRMN_4H_20260915_072831.png
 delete mode 100644 charts/screenshots_nasdaq/KRMN/KRMN_Daily_20260914_075814.png
 create mode 100644 charts/screenshots_nasdaq/KRMN/KRMN_Daily_20260915_072831.png
 delete mode 100644 charts/screenshots_nasdaq/KRMN/KRMN_Monthly_20260914_075814.png
 create mode 100644 charts/screenshots_nasdaq/KRMN/KRMN_Monthly_20260915_072831.png
 delete mode 100644 charts/screenshots_nasdaq/KRMN/KRMN_Weekly_20260914_075814.png
 create mode 100644 charts/screenshots_nasdaq/KRMN/KRMN_Weekly_20260915_072831.png
 delete mode 100644 charts/screenshots_nasdaq/KTOS/KTOS_1H_20260914_075548.png
 create mode 100644 charts/screenshots_nasdaq/KTOS/KTOS_1H_20260915_074011.png
 delete mode 100644 charts/screenshots_nasdaq/KTOS/KTOS_4H_20260914_075548.png
 create mode 100644 charts/screenshots_nasdaq/KTOS/KTOS_4H_20260915_074011.png
 delete mode 100644 charts/screenshots_nasdaq/KTOS/KTOS_Daily_20260914_075548.png
 create mode 100644 charts/screenshots_nasdaq/KTOS/KTOS_Daily_20260915_074011.png
 delete mode 100644 charts/screenshots_nasdaq/KTOS/KTOS_Monthly_20260914_075548.png
 create mode 100644 charts/screenshots_nasdaq/KTOS/KTOS_Monthly_20260915_074011.png
 delete mode 100644 charts/screenshots_nasdaq/KTOS/KTOS_Weekly_20260914_075548.png
 create mode 100644 charts/screenshots_nasdaq/KTOS/KTOS_Weekly_20260915_074011.png
 delete mode 100644 charts/screenshots_nasdaq/KVYO/KVYO_1H_20260914_081107.png
 delete mode 100644 charts/screenshots_nasdaq/KVYO/KVYO_4H_20260914_081107.png
 delete mode 100644 charts/screenshots_nasdaq/KVYO/KVYO_Daily_20260914_081107.png
 delete mode 100644 charts/screenshots_nasdaq/KVYO/KVYO_Monthly_20260914_081107.png
 delete mode 100644 charts/screenshots_nasdaq/KVYO/KVYO_Weekly_20260914_081107.png
 delete mode 100644 charts/screenshots_nasdaq/LPG/LPG_1H_20260914_073339.png
 delete mode 100644 charts/screenshots_nasdaq/LPG/LPG_4H_20260914_073339.png
 delete mode 100644 charts/screenshots_nasdaq/LPG/LPG_Daily_20260914_073339.png
 delete mode 100644 charts/screenshots_nasdaq/LPG/LPG_Monthly_20260914_073339.png
 delete mode 100644 charts/screenshots_nasdaq/LPG/LPG_Weekly_20260914_073339.png
 delete mode 100644 charts/screenshots_nasdaq/LULU/LULU_1H_20260914_081750.png
 create mode 100644 charts/screenshots_nasdaq/LULU/LULU_1H_20260915_075144.png
 delete mode 100644 charts/screenshots_nasdaq/LULU/LULU_4H_20260914_081750.png
 create mode 100644 charts/screenshots_nasdaq/LULU/LULU_4H_20260915_075144.png
 delete mode 100644 charts/screenshots_nasdaq/LULU/LULU_Daily_20260914_081750.png
 create mode 100644 charts/screenshots_nasdaq/LULU/LULU_Daily_20260915_075144.png
 delete mode 100644 charts/screenshots_nasdaq/LULU/LULU_Monthly_20260914_081750.png
 create mode 100644 charts/screenshots_nasdaq/LULU/LULU_Monthly_20260915_075144.png
 delete mode 100644 charts/screenshots_nasdaq/LULU/LULU_Weekly_20260914_081750.png
 create mode 100644 charts/screenshots_nasdaq/LULU/LULU_Weekly_20260915_075144.png
 delete mode 100644 charts/screenshots_nasdaq/LUNR/LUNR_1H_20260914_080044.png
 delete mode 100644 charts/screenshots_nasdaq/LUNR/LUNR_4H_20260914_080044.png
 delete mode 100644 charts/screenshots_nasdaq/LUNR/LUNR_Daily_20260914_080044.png
 delete mode 100644 charts/screenshots_nasdaq/LUNR/LUNR_Monthly_20260914_080044.png
 delete mode 100644 charts/screenshots_nasdaq/LUNR/LUNR_Weekly_20260914_080044.png
 delete mode 100644 charts/screenshots_nasdaq/MMYT/MMYT_1H_20260914_074413.png
 create mode 100644 charts/screenshots_nasdaq/MMYT/MMYT_1H_20260915_072537.png
 delete mode 100644 charts/screenshots_nasdaq/MMYT/MMYT_4H_20260914_074413.png
 create mode 100644 charts/screenshots_nasdaq/MMYT/MMYT_4H_20260915_072537.png
 delete mode 100644 charts/screenshots_nasdaq/MMYT/MMYT_Daily_20260914_074413.png
 create mode 100644 charts/screenshots_nasdaq/MMYT/MMYT_Daily_20260915_072537.png
 delete mode 100644 charts/screenshots_nasdaq/MMYT/MMYT_Monthly_20260914_074413.png
 create mode 100644 charts/screenshots_nasdaq/MMYT/MMYT_Monthly_20260915_072537.png
 delete mode 100644 charts/screenshots_nasdaq/MMYT/MMYT_Weekly_20260914_074413.png
 create mode 100644 charts/screenshots_nasdaq/MMYT/MMYT_Weekly_20260915_072537.png
 delete mode 100644 charts/screenshots_nasdaq/MNDY/MNDY_1H_20260914_075209.png
 create mode 100644 charts/screenshots_nasdaq/MNDY/MNDY_1H_20260915_071141.png
 delete mode 100644 charts/screenshots_nasdaq/MNDY/MNDY_4H_20260914_075209.png
 create mode 100644 charts/screenshots_nasdaq/MNDY/MNDY_4H_20260915_071141.png
 delete mode 100644 charts/screenshots_nasdaq/MNDY/MNDY_Daily_20260914_075209.png
 create mode 100644 charts/screenshots_nasdaq/MNDY/MNDY_Daily_20260915_071141.png
 delete mode 100644 charts/screenshots_nasdaq/MNDY/MNDY_Monthly_20260914_075209.png
 create mode 100644 charts/screenshots_nasdaq/MNDY/MNDY_Monthly_20260915_071141.png
 delete mode 100644 charts/screenshots_nasdaq/MNDY/MNDY_Weekly_20260914_075209.png
 create mode 100644 charts/screenshots_nasdaq/MNDY/MNDY_Weekly_20260915_071141.png
 delete mode 100644 charts/screenshots_nasdaq/MSTR/MSTR_1H_20260914_074718.png
 create mode 100644 charts/screenshots_nasdaq/MSTR/MSTR_1H_20260915_072242.png
 delete mode 100644 charts/screenshots_nasdaq/MSTR/MSTR_4H_20260914_074718.png
 create mode 100644 charts/screenshots_nasdaq/MSTR/MSTR_4H_20260915_072242.png
 delete mode 100644 charts/screenshots_nasdaq/MSTR/MSTR_Daily_20260914_074718.png
 create mode 100644 charts/screenshots_nasdaq/MSTR/MSTR_Daily_20260915_072242.png
 delete mode 100644 charts/screenshots_nasdaq/MSTR/MSTR_Monthly_20260914_074718.png
 create mode 100644 charts/screenshots_nasdaq/MSTR/MSTR_Monthly_20260915_072242.png
 delete mode 100644 charts/screenshots_nasdaq/MSTR/MSTR_Weekly_20260914_074718.png
 create mode 100644 charts/screenshots_nasdaq/MSTR/MSTR_Weekly_20260915_072242.png
 create mode 100644 charts/screenshots_nasdaq/MTCH/MTCH_1H_20260915_071542.png
 create mode 100644 charts/screenshots_nasdaq/MTCH/MTCH_4H_20260915_071542.png
 create mode 100644 charts/screenshots_nasdaq/MTCH/MTCH_Daily_20260915_071542.png
 create mode 100644 charts/screenshots_nasdaq/MTCH/MTCH_Monthly_20260915_071542.png
 create mode 100644 charts/screenshots_nasdaq/MTCH/MTCH_Weekly_20260915_071542.png
 delete mode 100644 charts/screenshots_nasdaq/NAT/NAT_1H_20260914_072729.png
 create mode 100644 charts/screenshots_nasdaq/NAT/NAT_1H_20260915_070154.png
 delete mode 100644 charts/screenshots_nasdaq/NAT/NAT_4H_20260914_072729.png
 create mode 100644 charts/screenshots_nasdaq/NAT/NAT_4H_20260915_070154.png
 delete mode 100644 charts/screenshots_nasdaq/NAT/NAT_Daily_20260914_072729.png
 create mode 100644 charts/screenshots_nasdaq/NAT/NAT_Daily_20260915_070154.png
 delete mode 100644 charts/screenshots_nasdaq/NAT/NAT_Monthly_20260914_072729.png
 create mode 100644 charts/screenshots_nasdaq/NAT/NAT_Monthly_20260915_070154.png
 delete mode 100644 charts/screenshots_nasdaq/NAT/NAT_Weekly_20260914_072729.png
 create mode 100644 charts/screenshots_nasdaq/NAT/NAT_Weekly_20260915_070154.png
 delete mode 100644 charts/screenshots_nasdaq/NTLA/NTLA_1H_20260914_080615.png
 create mode 100644 charts/screenshots_nasdaq/NTLA/NTLA_1H_20260915_072940.png
 delete mode 100644 charts/screenshots_nasdaq/NTLA/NTLA_4H_20260914_080615.png
 create mode 100644 charts/screenshots_nasdaq/NTLA/NTLA_4H_20260915_072940.png
 delete mode 100644 charts/screenshots_nasdaq/NTLA/NTLA_Daily_20260914_080615.png
 create mode 100644 charts/screenshots_nasdaq/NTLA/NTLA_Daily_20260915_072940.png
 delete mode 100644 charts/screenshots_nasdaq/NTLA/NTLA_Monthly_20260914_080615.png
 create mode 100644 charts/screenshots_nasdaq/NTLA/NTLA_Monthly_20260915_072940.png
 delete mode 100644 charts/screenshots_nasdaq/NTLA/NTLA_Weekly_20260914_080615.png
 create mode 100644 charts/screenshots_nasdaq/NTLA/NTLA_Weekly_20260915_072940.png
 create mode 100644 charts/screenshots_nasdaq/NUTX/NUTX_1H_20260915_071032.png
 create mode 100644 charts/screenshots_nasdaq/NUTX/NUTX_4H_20260915_071032.png
 create mode 100644 charts/screenshots_nasdaq/NUTX/NUTX_Daily_20260915_071032.png
 create mode 100644 charts/screenshots_nasdaq/NUTX/NUTX_Monthly_20260915_071032.png
 create mode 100644 charts/screenshots_nasdaq/NUTX/NUTX_Weekly_20260915_071032.png
 delete mode 100644 charts/screenshots_nasdaq/NVTS/NVTS_1H_20260914_080652.png
 create mode 100644 charts/screenshots_nasdaq/NVTS/NVTS_1H_20260915_075218.png
 delete mode 100644 charts/screenshots_nasdaq/NVTS/NVTS_4H_20260914_080652.png
 create mode 100644 charts/screenshots_nasdaq/NVTS/NVTS_4H_20260915_075218.png
 delete mode 100644 charts/screenshots_nasdaq/NVTS/NVTS_Daily_20260914_080652.png
 create mode 100644 charts/screenshots_nasdaq/NVTS/NVTS_Daily_20260915_075218.png
 delete mode 100644 charts/screenshots_nasdaq/NVTS/NVTS_Monthly_20260914_080652.png
 create mode 100644 charts/screenshots_nasdaq/NVTS/NVTS_Monthly_20260915_075218.png
 delete mode 100644 charts/screenshots_nasdaq/NVTS/NVTS_Weekly_20260914_080652.png
 create mode 100644 charts/screenshots_nasdaq/NVTS/NVTS_Weekly_20260915_075218.png
 delete mode 100644 charts/screenshots_nasdaq/OKLO/OKLO_1H_20260914_075436.png
 delete mode 100644 charts/screenshots_nasdaq/OKLO/OKLO_4H_20260914_075436.png
 delete mode 100644 charts/screenshots_nasdaq/OKLO/OKLO_Daily_20260914_075436.png
 delete mode 100644 charts/screenshots_nasdaq/OKLO/OKLO_Monthly_20260914_075436.png
 delete mode 100644 charts/screenshots_nasdaq/OKLO/OKLO_Weekly_20260914_075436.png
 create mode 100644 charts/screenshots_nasdaq/OKTA/OKTA_1H_20260915_070229.png
 create mode 100644 charts/screenshots_nasdaq/OKTA/OKTA_4H_20260915_070229.png
 create mode 100644 charts/screenshots_nasdaq/OKTA/OKTA_Daily_20260915_070229.png
 create mode 100644 charts/screenshots_nasdaq/OKTA/OKTA_Monthly_20260915_070229.png
 create mode 100644 charts/screenshots_nasdaq/OKTA/OKTA_Weekly_20260915_070229.png
 delete mode 100644 charts/screenshots_nasdaq/PBR/PBR_1H_20260914_073800.png
 create mode 100644 charts/screenshots_nasdaq/PBR/PBR_1H_20260915_070303.png
 delete mode 100644 charts/screenshots_nasdaq/PBR/PBR_4H_20260914_073800.png
 create mode 100644 charts/screenshots_nasdaq/PBR/PBR_4H_20260915_070303.png
 delete mode 100644 charts/screenshots_nasdaq/PBR/PBR_Daily_20260914_073800.png
 create mode 100644 charts/screenshots_nasdaq/PBR/PBR_Daily_20260915_070303.png
 delete mode 100644 charts/screenshots_nasdaq/PBR/PBR_Monthly_20260914_073800.png
 create mode 100644 charts/screenshots_nasdaq/PBR/PBR_Monthly_20260915_070303.png
 delete mode 100644 charts/screenshots_nasdaq/PBR/PBR_Weekly_20260914_073800.png
 create mode 100644 charts/screenshots_nasdaq/PBR/PBR_Weekly_20260915_070303.png
 delete mode 100644 charts/screenshots_nasdaq/PCT/PCT_1H_20260914_080728.png
 delete mode 100644 charts/screenshots_nasdaq/PCT/PCT_4H_20260914_080728.png
 delete mode 100644 charts/screenshots_nasdaq/PCT/PCT_Daily_20260914_080728.png
 delete mode 100644 charts/screenshots_nasdaq/PCT/PCT_Monthly_20260914_080728.png
 delete mode 100644 charts/screenshots_nasdaq/PCT/PCT_Weekly_20260914_080728.png
 delete mode 100644 charts/screenshots_nasdaq/PFSI/PFSI_1H_20260914_081600.png
 create mode 100644 charts/screenshots_nasdaq/PFSI/PFSI_1H_20260915_073642.png
 delete mode 100644 charts/screenshots_nasdaq/PFSI/PFSI_4H_20260914_081600.png
 create mode 100644 charts/screenshots_nasdaq/PFSI/PFSI_4H_20260915_073642.png
 delete mode 100644 charts/screenshots_nasdaq/PFSI/PFSI_Daily_20260914_081600.png
 create mode 100644 charts/screenshots_nasdaq/PFSI/PFSI_Daily_20260915_073642.png
 delete mode 100644 charts/screenshots_nasdaq/PFSI/PFSI_Monthly_20260914_081600.png
 create mode 100644 charts/screenshots_nasdaq/PFSI/PFSI_Monthly_20260915_073642.png
 delete mode 100644 charts/screenshots_nasdaq/PFSI/PFSI_Weekly_20260914_081600.png
 create mode 100644 charts/screenshots_nasdaq/PFSI/PFSI_Weekly_20260915_073642.png
 delete mode 100644 charts/screenshots_nasdaq/PGY/PGY_1H_20260914_074258.png
 create mode 100644 charts/screenshots_nasdaq/PGY/PGY_1H_20260915_071800.png
 delete mode 100644 charts/screenshots_nasdaq/PGY/PGY_4H_20260914_074258.png
 create mode 100644 charts/screenshots_nasdaq/PGY/PGY_4H_20260915_071800.png
 delete mode 100644 charts/screenshots_nasdaq/PGY/PGY_Daily_20260914_074258.png
 create mode 100644 charts/screenshots_nasdaq/PGY/PGY_Daily_20260915_071800.png
 delete mode 100644 charts/screenshots_nasdaq/PGY/PGY_Monthly_20260914_074258.png
 create mode 100644 charts/screenshots_nasdaq/PGY/PGY_Monthly_20260915_071800.png
 delete mode 100644 charts/screenshots_nasdaq/PGY/PGY_Weekly_20260914_074258.png
 create mode 100644 charts/screenshots_nasdaq/PGY/PGY_Weekly_20260915_071800.png
 delete mode 100644 charts/screenshots_nasdaq/PLSE/PLSE_1H_20260914_074107.png
 create mode 100644 charts/screenshots_nasdaq/PLSE/PLSE_1H_20260915_070924.png
 delete mode 100644 charts/screenshots_nasdaq/PLSE/PLSE_4H_20260914_074107.png
 create mode 100644 charts/screenshots_nasdaq/PLSE/PLSE_4H_20260915_070924.png
 delete mode 100644 charts/screenshots_nasdaq/PLSE/PLSE_Daily_20260914_074107.png
 create mode 100644 charts/screenshots_nasdaq/PLSE/PLSE_Daily_20260915_070924.png
 delete mode 100644 charts/screenshots_nasdaq/PLSE/PLSE_Monthly_20260914_074107.png
 create mode 100644 charts/screenshots_nasdaq/PLSE/PLSE_Monthly_20260915_070924.png
 delete mode 100644 charts/screenshots_nasdaq/PLSE/PLSE_Weekly_20260914_074107.png
 create mode 100644 charts/screenshots_nasdaq/PLSE/PLSE_Weekly_20260915_070924.png
 create mode 100644 charts/screenshots_nasdaq/PODD/PODD_1H_20260915_073420.png
 create mode 100644 charts/screenshots_nasdaq/PODD/PODD_4H_20260915_073420.png
 create mode 100644 charts/screenshots_nasdaq/PODD/PODD_Daily_20260915_073420.png
 create mode 100644 charts/screenshots_nasdaq/PODD/PODD_Monthly_20260915_073420.png
 create mode 100644 charts/screenshots_nasdaq/PODD/PODD_Weekly_20260915_073420.png
 delete mode 100644 charts/screenshots_nasdaq/PONY/PONY_1H_20260914_080121.png
 create mode 100644 charts/screenshots_nasdaq/PONY/PONY_1H_20260915_073935.png
 delete mode 100644 charts/screenshots_nasdaq/PONY/PONY_4H_20260914_080121.png
 create mode 100644 charts/screenshots_nasdaq/PONY/PONY_4H_20260915_073935.png
 delete mode 100644 charts/screenshots_nasdaq/PONY/PONY_Daily_20260914_080121.png
 create mode 100644 charts/screenshots_nasdaq/PONY/PONY_Daily_20260915_073935.png
 delete mode 100644 charts/screenshots_nasdaq/PONY/PONY_Monthly_20260914_080121.png
 create mode 100644 charts/screenshots_nasdaq/PONY/PONY_Monthly_20260915_073935.png
 delete mode 100644 charts/screenshots_nasdaq/PONY/PONY_Weekly_20260914_080121.png
 create mode 100644 charts/screenshots_nasdaq/PONY/PONY_Weekly_20260915_073935.png
 create mode 100644 charts/screenshots_nasdaq/PZZA/PZZA_1H_20260915_073716.png
 create mode 100644 charts/screenshots_nasdaq/PZZA/PZZA_4H_20260915_073716.png
 create mode 100644 charts/screenshots_nasdaq/PZZA/PZZA_Daily_20260915_073716.png
 create mode 100644 charts/screenshots_nasdaq/PZZA/PZZA_Monthly_20260915_073716.png
 create mode 100644 charts/screenshots_nasdaq/PZZA/PZZA_Weekly_20260915_073716.png
 delete mode 100644 charts/screenshots_nasdaq/QBTS/QBTS_1H_20260914_080805.png
 create mode 100644 charts/screenshots_nasdaq/QBTS/QBTS_1H_20260915_074155.png
 delete mode 100644 charts/screenshots_nasdaq/QBTS/QBTS_4H_20260914_080805.png
 create mode 100644 charts/screenshots_nasdaq/QBTS/QBTS_4H_20260915_074155.png
 delete mode 100644 charts/screenshots_nasdaq/QBTS/QBTS_Daily_20260914_080805.png
 create mode 100644 charts/screenshots_nasdaq/QBTS/QBTS_Daily_20260915_074155.png
 delete mode 100644 charts/screenshots_nasdaq/QBTS/QBTS_Monthly_20260914_080805.png
 create mode 100644 charts/screenshots_nasdaq/QBTS/QBTS_Monthly_20260915_074155.png
 delete mode 100644 charts/screenshots_nasdaq/QBTS/QBTS_Weekly_20260914_080805.png
 create mode 100644 charts/screenshots_nasdaq/QBTS/QBTS_Weekly_20260915_074155.png
 delete mode 100644 charts/screenshots_nasdaq/QFIN/QFIN_1H_20260914_081638.png
 create mode 100644 charts/screenshots_nasdaq/QFIN/QFIN_1H_20260915_073750.png
 delete mode 100644 charts/screenshots_nasdaq/QFIN/QFIN_4H_20260914_081638.png
 create mode 100644 charts/screenshots_nasdaq/QFIN/QFIN_4H_20260915_073750.png
 delete mode 100644 charts/screenshots_nasdaq/QFIN/QFIN_Daily_20260914_081638.png
 create mode 100644 charts/screenshots_nasdaq/QFIN/QFIN_Daily_20260915_073750.png
 delete mode 100644 charts/screenshots_nasdaq/QFIN/QFIN_Monthly_20260914_081638.png
 create mode 100644 charts/screenshots_nasdaq/QFIN/QFIN_Monthly_20260915_073750.png
 delete mode 100644 charts/screenshots_nasdaq/QFIN/QFIN_Weekly_20260914_081638.png
 create mode 100644 charts/screenshots_nasdaq/QFIN/QFIN_Weekly_20260915_073750.png
 delete mode 100644 charts/screenshots_nasdaq/QRVO/QRVO_1H_20260914_074825.png
 delete mode 100644 charts/screenshots_nasdaq/QRVO/QRVO_4H_20260914_074825.png
 delete mode 100644 charts/screenshots_nasdaq/QRVO/QRVO_Daily_20260914_074825.png
 delete mode 100644 charts/screenshots_nasdaq/QRVO/QRVO_Monthly_20260914_074825.png
 delete mode 100644 charts/screenshots_nasdaq/QRVO/QRVO_Weekly_20260914_074825.png
 delete mode 100644 charts/screenshots_nasdaq/QS/QS_1H_20260914_080157.png
 delete mode 100644 charts/screenshots_nasdaq/QS/QS_4H_20260914_080157.png
 delete mode 100644 charts/screenshots_nasdaq/QS/QS_Daily_20260914_080157.png
 delete mode 100644 charts/screenshots_nasdaq/QS/QS_Monthly_20260914_080157.png
 delete mode 100644 charts/screenshots_nasdaq/QS/QS_Weekly_20260914_080157.png
 create mode 100644 charts/screenshots_nasdaq/QUBT/QUBT_1H_20260915_075252.png
 create mode 100644 charts/screenshots_nasdaq/QUBT/QUBT_4H_20260915_075252.png
 create mode 100644 charts/screenshots_nasdaq/QUBT/QUBT_Daily_20260915_075252.png
 create mode 100644 charts/screenshots_nasdaq/QUBT/QUBT_Monthly_20260915_075252.png
 create mode 100644 charts/screenshots_nasdaq/QUBT/QUBT_Weekly_20260915_075252.png
 delete mode 100644 charts/screenshots_nasdaq/RARE/RARE_1H_20260914_081334.png
 delete mode 100644 charts/screenshots_nasdaq/RARE/RARE_4H_20260914_081334.png
 delete mode 100644 charts/screenshots_nasdaq/RARE/RARE_Daily_20260914_081334.png
 delete mode 100644 charts/screenshots_nasdaq/RARE/RARE_Monthly_20260914_081334.png
 delete mode 100644 charts/screenshots_nasdaq/RARE/RARE_Weekly_20260914_081334.png
 delete mode 100644 charts/screenshots_nasdaq/RCAT/RCAT_1H_20260914_080841.png
 delete mode 100644 charts/screenshots_nasdaq/RCAT/RCAT_4H_20260914_080841.png
 delete mode 100644 charts/screenshots_nasdaq/RCAT/RCAT_Daily_20260914_080841.png
 delete mode 100644 charts/screenshots_nasdaq/RCAT/RCAT_Monthly_20260914_080841.png
 delete mode 100644 charts/screenshots_nasdaq/RCAT/RCAT_Weekly_20260914_080841.png
 delete mode 100644 charts/screenshots_nasdaq/RGTI/RGTI_1H_20260914_080917.png
 create mode 100644 charts/screenshots_nasdaq/RGTI/RGTI_1H_20260915_075328.png
 delete mode 100644 charts/screenshots_nasdaq/RGTI/RGTI_4H_20260914_080917.png
 create mode 100644 charts/screenshots_nasdaq/RGTI/RGTI_4H_20260915_075328.png
 delete mode 100644 charts/screenshots_nasdaq/RGTI/RGTI_Daily_20260914_080917.png
 create mode 100644 charts/screenshots_nasdaq/RGTI/RGTI_Daily_20260915_075328.png
 delete mode 100644 charts/screenshots_nasdaq/RGTI/RGTI_Monthly_20260914_080917.png
 create mode 100644 charts/screenshots_nasdaq/RGTI/RGTI_Monthly_20260915_075328.png
 delete mode 100644 charts/screenshots_nasdaq/RGTI/RGTI_Weekly_20260914_080917.png
 create mode 100644 charts/screenshots_nasdaq/RGTI/RGTI_Weekly_20260915_075328.png
 delete mode 100644 charts/screenshots_nasdaq/RKLB/RKLB_1H_20260914_080234.png
 delete mode 100644 charts/screenshots_nasdaq/RKLB/RKLB_4H_20260914_080234.png
 delete mode 100644 charts/screenshots_nasdaq/RKLB/RKLB_Daily_20260914_080234.png
 delete mode 100644 charts/screenshots_nasdaq/RKLB/RKLB_Monthly_20260914_080234.png
 delete mode 100644 charts/screenshots_nasdaq/RKLB/RKLB_Weekly_20260914_080234.png
 create mode 100644 charts/screenshots_nasdaq/RMBS/RMBS_1H_20260915_072648.png
 create mode 100644 charts/screenshots_nasdaq/RMBS/RMBS_4H_20260915_072648.png
 create mode 100644 charts/screenshots_nasdaq/RMBS/RMBS_Daily_20260915_072648.png
 create mode 100644 charts/screenshots_nasdaq/RMBS/RMBS_Monthly_20260915_072648.png
 create mode 100644 charts/screenshots_nasdaq/RMBS/RMBS_Weekly_20260915_072648.png
 delete mode 100644 charts/screenshots_nasdaq/RPD/RPD_1H_20260914_075246.png
 delete mode 100644 charts/screenshots_nasdaq/RPD/RPD_4H_20260914_075246.png
 delete mode 100644 charts/screenshots_nasdaq/RPD/RPD_Daily_20260914_075246.png
 delete mode 100644 charts/screenshots_nasdaq/RPD/RPD_Monthly_20260914_075246.png
 delete mode 100644 charts/screenshots_nasdaq/RPD/RPD_Weekly_20260914_075246.png
 delete mode 100644 charts/screenshots_nasdaq/RUN/RUN_1H_20260914_080311.png
 delete mode 100644 charts/screenshots_nasdaq/RUN/RUN_4H_20260914_080311.png
 delete mode 100644 charts/screenshots_nasdaq/RUN/RUN_Daily_20260914_080311.png
 delete mode 100644 charts/screenshots_nasdaq/RUN/RUN_Monthly_20260914_080311.png
 delete mode 100644 charts/screenshots_nasdaq/RUN/RUN_Weekly_20260914_080311.png
 delete mode 100644 charts/screenshots_nasdaq/RZLV/RZLV_1H_20260914_075852.png
 create mode 100644 charts/screenshots_nasdaq/RZLV/RZLV_1H_20260915_074229.png
 delete mode 100644 charts/screenshots_nasdaq/RZLV/RZLV_4H_20260914_075852.png
 create mode 100644 charts/screenshots_nasdaq/RZLV/RZLV_4H_20260915_074229.png
 delete mode 100644 charts/screenshots_nasdaq/RZLV/RZLV_Daily_20260914_075852.png
 create mode 100644 charts/screenshots_nasdaq/RZLV/RZLV_Daily_20260915_074229.png
 delete mode 100644 charts/screenshots_nasdaq/RZLV/RZLV_Monthly_20260914_075852.png
 create mode 100644 charts/screenshots_nasdaq/RZLV/RZLV_Monthly_20260915_074229.png
 delete mode 100644 charts/screenshots_nasdaq/RZLV/RZLV_Weekly_20260914_075852.png
 create mode 100644 charts/screenshots_nasdaq/RZLV/RZLV_Weekly_20260915_074229.png
 delete mode 100644 charts/screenshots_nasdaq/SBET/SBET_1H_20260914_073112.png
 create mode 100644 charts/screenshots_nasdaq/SBET/SBET_1H_20260915_070412.png
 delete mode 100644 charts/screenshots_nasdaq/SBET/SBET_4H_20260914_073112.png
 create mode 100644 charts/screenshots_nasdaq/SBET/SBET_4H_20260915_070412.png
 delete mode 100644 charts/screenshots_nasdaq/SBET/SBET_Daily_20260914_073112.png
 create mode 100644 charts/screenshots_nasdaq/SBET/SBET_Daily_20260915_070412.png
 delete mode 100644 charts/screenshots_nasdaq/SBET/SBET_Monthly_20260914_073112.png
 create mode 100644 charts/screenshots_nasdaq/SBET/SBET_Monthly_20260915_070412.png
 delete mode 100644 charts/screenshots_nasdaq/SBET/SBET_Weekly_20260914_073112.png
 create mode 100644 charts/screenshots_nasdaq/SBET/SBET_Weekly_20260915_070412.png
 create mode 100644 charts/screenshots_nasdaq/SLDE/SLDE_1H_20260915_071358.png
 create mode 100644 charts/screenshots_nasdaq/SLDE/SLDE_4H_20260915_071358.png
 create mode 100644 charts/screenshots_nasdaq/SLDE/SLDE_Daily_20260915_071358.png
 create mode 100644 charts/screenshots_nasdaq/SLDE/SLDE_Monthly_20260915_071358.png
 create mode 100644 charts/screenshots_nasdaq/SLDE/SLDE_Weekly_20260915_071358.png
 create mode 100644 charts/screenshots_nasdaq/SMPL/SMPL_1H_20260915_073456.png
 create mode 100644 charts/screenshots_nasdaq/SMPL/SMPL_4H_20260915_073456.png
 create mode 100644 charts/screenshots_nasdaq/SMPL/SMPL_Daily_20260915_073456.png
 create mode 100644 charts/screenshots_nasdaq/SMPL/SMPL_Monthly_20260915_073456.png
 create mode 100644 charts/screenshots_nasdaq/SMPL/SMPL_Weekly_20260915_073456.png
 delete mode 100644 charts/screenshots_nasdaq/SMR/SMR_1H_20260914_075055.png
 create mode 100644 charts/screenshots_nasdaq/SMR/SMR_1H_20260915_075404.png
 delete mode 100644 charts/screenshots_nasdaq/SMR/SMR_4H_20260914_075055.png
 create mode 100644 charts/screenshots_nasdaq/SMR/SMR_4H_20260915_075404.png
 delete mode 100644 charts/screenshots_nasdaq/SMR/SMR_Daily_20260914_075055.png
 create mode 100644 charts/screenshots_nasdaq/SMR/SMR_Daily_20260915_075404.png
 delete mode 100644 charts/screenshots_nasdaq/SMR/SMR_Monthly_20260914_075055.png
 create mode 100644 charts/screenshots_nasdaq/SMR/SMR_Monthly_20260915_075404.png
 delete mode 100644 charts/screenshots_nasdaq/SMR/SMR_Weekly_20260914_075055.png
 create mode 100644 charts/screenshots_nasdaq/SMR/SMR_Weekly_20260915_075404.png
 create mode 100644 charts/screenshots_nasdaq/SOUN/SOUN_1H_20260915_074304.png
 create mode 100644 charts/screenshots_nasdaq/SOUN/SOUN_4H_20260915_074304.png
 create mode 100644 charts/screenshots_nasdaq/SOUN/SOUN_Daily_20260915_074304.png
 create mode 100644 charts/screenshots_nasdaq/SOUN/SOUN_Monthly_20260915_074304.png
 create mode 100644 charts/screenshots_nasdaq/SOUN/SOUN_Weekly_20260915_074304.png
 delete mode 100644 charts/screenshots_nasdaq/SSL/SSL_1H_20260914_074221.png
 create mode 100644 charts/screenshots_nasdaq/SSL/SSL_1H_20260915_070738.png
 delete mode 100644 charts/screenshots_nasdaq/SSL/SSL_4H_20260914_074221.png
 create mode 100644 charts/screenshots_nasdaq/SSL/SSL_4H_20260915_070738.png
 delete mode 100644 charts/screenshots_nasdaq/SSL/SSL_Daily_20260914_074221.png
 create mode 100644 charts/screenshots_nasdaq/SSL/SSL_Daily_20260915_070738.png
 delete mode 100644 charts/screenshots_nasdaq/SSL/SSL_Monthly_20260914_074221.png
 create mode 100644 charts/screenshots_nasdaq/SSL/SSL_Monthly_20260915_070738.png
 delete mode 100644 charts/screenshots_nasdaq/SSL/SSL_Weekly_20260914_074221.png
 create mode 100644 charts/screenshots_nasdaq/SSL/SSL_Weekly_20260915_070738.png
 delete mode 100644 charts/screenshots_nasdaq/TCOM/TCOM_1H_20260914_081411.png
 create mode 100644 charts/screenshots_nasdaq/TCOM/TCOM_1H_20260915_073531.png
 delete mode 100644 charts/screenshots_nasdaq/TCOM/TCOM_4H_20260914_081411.png
 create mode 100644 charts/screenshots_nasdaq/TCOM/TCOM_4H_20260915_073531.png
 delete mode 100644 charts/screenshots_nasdaq/TCOM/TCOM_Daily_20260914_081411.png
 create mode 100644 charts/screenshots_nasdaq/TCOM/TCOM_Daily_20260915_073531.png
 delete mode 100644 charts/screenshots_nasdaq/TCOM/TCOM_Monthly_20260914_081411.png
 create mode 100644 charts/screenshots_nasdaq/TCOM/TCOM_Monthly_20260915_073531.png
 delete mode 100644 charts/screenshots_nasdaq/TCOM/TCOM_Weekly_20260914_081411.png
 create mode 100644 charts/screenshots_nasdaq/TCOM/TCOM_Weekly_20260915_073531.png
 create mode 100644 charts/screenshots_nasdaq/TEAM/TEAM_1H_20260915_070813.png
 create mode 100644 charts/screenshots_nasdaq/TEAM/TEAM_4H_20260915_070813.png
 create mode 100644 charts/screenshots_nasdaq/TEAM/TEAM_Daily_20260915_070813.png
 create mode 100644 charts/screenshots_nasdaq/TEAM/TEAM_Monthly_20260915_070813.png
 create mode 100644 charts/screenshots_nasdaq/TEAM/TEAM_Weekly_20260915_070813.png
 create mode 100644 charts/screenshots_nasdaq/TME/TME_1H_20260915_073825.png
 create mode 100644 charts/screenshots_nasdaq/TME/TME_4H_20260915_073825.png
 create mode 100644 charts/screenshots_nasdaq/TME/TME_Daily_20260915_073825.png
 create mode 100644 charts/screenshots_nasdaq/TME/TME_Monthly_20260915_073825.png
 create mode 100644 charts/screenshots_nasdaq/TME/TME_Weekly_20260915_073825.png
 delete mode 100644 charts/screenshots_nasdaq/TNK/TNK_1H_20260914_072616.png
 delete mode 100644 charts/screenshots_nasdaq/TNK/TNK_4H_20260914_072616.png
 delete mode 100644 charts/screenshots_nasdaq/TNK/TNK_Daily_20260914_072616.png
 delete mode 100644 charts/screenshots_nasdaq/TNK/TNK_Monthly_20260914_072616.png
 delete mode 100644 charts/screenshots_nasdaq/TNK/TNK_Weekly_20260914_072616.png
 delete mode 100644 charts/screenshots_nasdaq/TRIP/TRIP_1H_20260914_080954.png
 create mode 100644 charts/screenshots_nasdaq/TRIP/TRIP_1H_20260915_072722.png
 delete mode 100644 charts/screenshots_nasdaq/TRIP/TRIP_4H_20260914_080954.png
 create mode 100644 charts/screenshots_nasdaq/TRIP/TRIP_4H_20260915_072722.png
 delete mode 100644 charts/screenshots_nasdaq/TRIP/TRIP_Daily_20260914_080954.png
 create mode 100644 charts/screenshots_nasdaq/TRIP/TRIP_Daily_20260915_072722.png
 delete mode 100644 charts/screenshots_nasdaq/TRIP/TRIP_Monthly_20260914_080954.png
 create mode 100644 charts/screenshots_nasdaq/TRIP/TRIP_Monthly_20260915_072722.png
 delete mode 100644 charts/screenshots_nasdaq/TRIP/TRIP_Weekly_20260914_080954.png
 create mode 100644 charts/screenshots_nasdaq/TRIP/TRIP_Weekly_20260915_072722.png
 delete mode 100644 charts/screenshots_nasdaq/TRMD/TRMD_1H_20260914_073226.png
 create mode 100644 charts/screenshots_nasdaq/TRMD/TRMD_1H_20260915_070046.png
 delete mode 100644 charts/screenshots_nasdaq/TRMD/TRMD_4H_20260914_073226.png
 create mode 100644 charts/screenshots_nasdaq/TRMD/TRMD_4H_20260915_070046.png
 delete mode 100644 charts/screenshots_nasdaq/TRMD/TRMD_Daily_20260914_073226.png
 create mode 100644 charts/screenshots_nasdaq/TRMD/TRMD_Daily_20260915_070046.png
 delete mode 100644 charts/screenshots_nasdaq/TRMD/TRMD_Monthly_20260914_073226.png
 create mode 100644 charts/screenshots_nasdaq/TRMD/TRMD_Monthly_20260915_070046.png
 delete mode 100644 charts/screenshots_nasdaq/TRMD/TRMD_Weekly_20260914_073226.png
 create mode 100644 charts/screenshots_nasdaq/TRMD/TRMD_Weekly_20260915_070046.png
 delete mode 100644 charts/screenshots_nasdaq/TTAN/TTAN_1H_20260914_075017.png
 delete mode 100644 charts/screenshots_nasdaq/TTAN/TTAN_4H_20260914_075017.png
 delete mode 100644 charts/screenshots_nasdaq/TTAN/TTAN_Daily_20260914_075017.png
 delete mode 100644 charts/screenshots_nasdaq/TTAN/TTAN_Monthly_20260914_075017.png
 delete mode 100644 charts/screenshots_nasdaq/TTAN/TTAN_Weekly_20260914_075017.png
 delete mode 100644 charts/screenshots_nasdaq/TXG/TXG_1H_20260914_073532.png
 create mode 100644 charts/screenshots_nasdaq/TXG/TXG_1H_20260915_071107.png
 delete mode 100644 charts/screenshots_nasdaq/TXG/TXG_4H_20260914_073532.png
 create mode 100644 charts/screenshots_nasdaq/TXG/TXG_4H_20260915_071107.png
 delete mode 100644 charts/screenshots_nasdaq/TXG/TXG_Daily_20260914_073532.png
 create mode 100644 charts/screenshots_nasdaq/TXG/TXG_Daily_20260915_071107.png
 delete mode 100644 charts/screenshots_nasdaq/TXG/TXG_Monthly_20260914_073532.png
 create mode 100644 charts/screenshots_nasdaq/TXG/TXG_Monthly_20260915_071107.png
 delete mode 100644 charts/screenshots_nasdaq/TXG/TXG_Weekly_20260914_073532.png
 create mode 100644 charts/screenshots_nasdaq/TXG/TXG_Weekly_20260915_071107.png
 delete mode 100644 charts/screenshots_nasdaq/UGP/UGP_1H_20260914_072653.png
 delete mode 100644 charts/screenshots_nasdaq/UGP/UGP_4H_20260914_072653.png
 delete mode 100644 charts/screenshots_nasdaq/UGP/UGP_Daily_20260914_072653.png
 delete mode 100644 charts/screenshots_nasdaq/UGP/UGP_Monthly_20260914_072653.png
 delete mode 100644 charts/screenshots_nasdaq/UGP/UGP_Weekly_20260914_072653.png
 create mode 100644 charts/screenshots_nasdaq/UPST/UPST_1H_20260915_074559.png
 create mode 100644 charts/screenshots_nasdaq/UPST/UPST_4H_20260915_074559.png
 create mode 100644 charts/screenshots_nasdaq/UPST/UPST_Daily_20260915_074559.png
 create mode 100644 charts/screenshots_nasdaq/UPST/UPST_Monthly_20260915_074559.png
 create mode 100644 charts/screenshots_nasdaq/UPST/UPST_Weekly_20260915_074559.png
 create mode 100644 charts/screenshots_nasdaq/VECO/VECO_1H_20260915_073606.png
 create mode 100644 charts/screenshots_nasdaq/VECO/VECO_4H_20260915_073606.png
 create mode 100644 charts/screenshots_nasdaq/VECO/VECO_Daily_20260915_073606.png
 create mode 100644 charts/screenshots_nasdaq/VECO/VECO_Monthly_20260915_073606.png
 create mode 100644 charts/screenshots_nasdaq/VECO/VECO_Weekly_20260915_073606.png
 delete mode 100644 charts/screenshots_nasdaq/VNET/VNET_1H_20260914_081030.png
 create mode 100644 charts/screenshots_nasdaq/VNET/VNET_1H_20260915_075439.png
 delete mode 100644 charts/screenshots_nasdaq/VNET/VNET_4H_20260914_081030.png
 create mode 100644 charts/screenshots_nasdaq/VNET/VNET_4H_20260915_075439.png
 delete mode 100644 charts/screenshots_nasdaq/VNET/VNET_Daily_20260914_081030.png
 create mode 100644 charts/screenshots_nasdaq/VNET/VNET_Daily_20260915_075439.png
 delete mode 100644 charts/screenshots_nasdaq/VNET/VNET_Monthly_20260914_081030.png
 create mode 100644 charts/screenshots_nasdaq/VNET/VNET_Monthly_20260915_075439.png
 delete mode 100644 charts/screenshots_nasdaq/VNET/VNET_Weekly_20260914_081030.png
 create mode 100644 charts/screenshots_nasdaq/VNET/VNET_Weekly_20260915_075439.png
 create mode 100644 charts/screenshots_nasdaq/VSH/VSH_1H_20260915_074635.png
 create mode 100644 charts/screenshots_nasdaq/VSH/VSH_4H_20260915_074635.png
 create mode 100644 charts/screenshots_nasdaq/VSH/VSH_Daily_20260915_074635.png
 create mode 100644 charts/screenshots_nasdaq/VSH/VSH_Monthly_20260915_074635.png
 create mode 100644 charts/screenshots_nasdaq/VSH/VSH_Weekly_20260915_074635.png
 delete mode 100644 charts/screenshots_nasdaq/VXX/VXX_1H_20260914_075400.png
 create mode 100644 charts/screenshots_nasdaq/VXX/VXX_1H_20260915_072502.png
 delete mode 100644 charts/screenshots_nasdaq/VXX/VXX_4H_20260914_075400.png
 create mode 100644 charts/screenshots_nasdaq/VXX/VXX_4H_20260915_072502.png
 delete mode 100644 charts/screenshots_nasdaq/VXX/VXX_Daily_20260914_075400.png
 create mode 100644 charts/screenshots_nasdaq/VXX/VXX_Daily_20260915_072502.png
 delete mode 100644 charts/screenshots_nasdaq/VXX/VXX_Monthly_20260914_075400.png
 create mode 100644 charts/screenshots_nasdaq/VXX/VXX_Monthly_20260915_072502.png
 delete mode 100644 charts/screenshots_nasdaq/VXX/VXX_Weekly_20260914_075400.png
 create mode 100644 charts/screenshots_nasdaq/VXX/VXX_Weekly_20260915_072502.png
 delete mode 100644 charts/screenshots_nasdaq/WIX/WIX_1H_20260914_074903.png
 create mode 100644 charts/screenshots_nasdaq/WIX/WIX_1H_20260915_071251.png
 delete mode 100644 charts/screenshots_nasdaq/WIX/WIX_4H_20260914_074903.png
 create mode 100644 charts/screenshots_nasdaq/WIX/WIX_4H_20260915_071251.png
 delete mode 100644 charts/screenshots_nasdaq/WIX/WIX_Daily_20260914_074903.png
 create mode 100644 charts/screenshots_nasdaq/WIX/WIX_Daily_20260915_071251.png
 delete mode 100644 charts/screenshots_nasdaq/WIX/WIX_Monthly_20260914_074903.png
 create mode 100644 charts/screenshots_nasdaq/WIX/WIX_Monthly_20260915_071251.png
 delete mode 100644 charts/screenshots_nasdaq/WIX/WIX_Weekly_20260914_074903.png
 create mode 100644 charts/screenshots_nasdaq/WIX/WIX_Weekly_20260915_071251.png
 delete mode 100644 charts/screenshots_nasdaq/XHLD/XHLD_1H_20260914_073416.png
 delete mode 100644 charts/screenshots_nasdaq/XHLD/XHLD_4H_20260914_073416.png
 delete mode 100644 charts/screenshots_nasdaq/XHLD/XHLD_Daily_20260914_073416.png
 delete mode 100644 charts/screenshots_nasdaq/XHLD/XHLD_Monthly_20260914_073416.png
 delete mode 100644 charts/screenshots_nasdaq/XHLD/XHLD_Weekly_20260914_073416.png
 create mode 100644 charts/screenshots_nasdaq/XPEV/XPEV_1H_20260915_074711.png
 create mode 100644 charts/screenshots_nasdaq/XPEV/XPEV_4H_20260915_074711.png
 create mode 100644 charts/screenshots_nasdaq/XPEV/XPEV_Daily_20260915_074711.png
 create mode 100644 charts/screenshots_nasdaq/XPEV/XPEV_Monthly_20260915_074711.png
 create mode 100644 charts/screenshots_nasdaq/XPEV/XPEV_Weekly_20260915_074711.png
 delete mode 100644 charts/screenshots_nasdaq/YJ/YJ_1H_20260914_074527.png
 create mode 100644 charts/screenshots_nasdaq/YJ/YJ_1H_20260915_070446.png
 delete mode 100644 charts/screenshots_nasdaq/YJ/YJ_4H_20260914_074527.png
 create mode 100644 charts/screenshots_nasdaq/YJ/YJ_4H_20260915_070446.png
 delete mode 100644 charts/screenshots_nasdaq/YJ/YJ_Daily_20260914_074527.png
 create mode 100644 charts/screenshots_nasdaq/YJ/YJ_Daily_20260915_070446.png
 delete mode 100644 charts/screenshots_nasdaq/YJ/YJ_Monthly_20260914_074527.png
 create mode 100644 charts/screenshots_nasdaq/YJ/YJ_Monthly_20260915_070446.png
 delete mode 100644 charts/screenshots_nasdaq/YJ/YJ_Weekly_20260914_074527.png
 create mode 100644 charts/screenshots_nasdaq/YJ/YJ_Weekly_20260915_070446.png
 delete mode 100644 charts/screenshots_nasdaq/YSS/YSS_1H_20260914_081447.png
 delete mode 100644 charts/screenshots_nasdaq/YSS/YSS_4H_20260914_081447.png
 delete mode 100644 charts/screenshots_nasdaq/YSS/YSS_Daily_20260914_081447.png
 delete mode 100644 charts/screenshots_nasdaq/YSS/YSS_Monthly_20260914_081447.png
 delete mode 100644 charts/screenshots_nasdaq/YSS/YSS_Weekly_20260914_081447.png
[[NASDAQ/NYSE 차트분석]] GitHub 푸시 완료
[[NASDAQ/NYSE 차트분석]] Google Sheets 업데이트 완료 (95개 종목)
[Paper Trading] NASDAQ ranked_df 스냅샷 저장 완료 (209개 종목)

[요약] 전 종목 스캔 완료 – 총 5042.8초 (84.05분) 소요
