[OHLCV] 배치 다운로드 1/4 (150개 종목, period=5y)...
[OHLCV] 배치 다운로드 2/4 (150개 종목, period=5y)...
[OHLCV] 배치 다운로드 3/4 (150개 종목, period=5y)...
[OHLCV] 배치 다운로드 4/4 (68개 종목, period=5y)...
[DataValidator] 15건의 데이터 품질 경고 발생
Warning:  EA: Close NaN 비율 99.5% (기준: 30%)
Warning:  GL: 비정상 가격 변동 53.1% (2024-04-11) — 스플릿/데이터 오류 가능
Warning:  MNST: 비정상 가격 변동 95.6% (2026-07-23) — 스플릿/데이터 오류 가능
Warning:  SOLV: Close NaN 비율 51.4% (기준: 30%)
Warning:  VLTO: Close NaN 비율 41.9% (기준: 30%)
Warning:  AVB: Close NaN 비율 97.8% (기준: 30%)
Warning:  BK: Close NaN 비율 100.0% (기준: 30%)
Warning:  GEV: Close NaN 비율 51.5% (기준: 30%)
Warning:  CTRA: Close NaN 비율 100.0% (기준: 30%)
Warning:  DAY: Close NaN 비율 100.0% (기준: 30%)
Warning:  EQR: Close NaN 비율 98.9% (기준: 30%)
Warning:  HOLX: Close NaN 비율 100.0% (기준: 30%)
Warning:  KVUE: Close NaN 비율 33.5% (기준: 30%)
Warning:  MRNA: 비정상 가격 변동 177.0% (2026-08-19) — 스플릿/데이터 오류 가능
Warning:  PDD: 비정상 가격 변동 56.1% (2022-03-16) — 스플릿/데이터 오류 가능
[[SP500 분석]] 강한 섹터: {'Materials', 'Consumer Staples', 'Health Care', 'Information Technology', 'Financials', 'Energy', 'Communication Services'}
[DataValidator] 1건의 데이터 품질 경고 발생
Warning:  MRNA: 비정상 가격 변동 177.0% (2026-08-19) — 스플릿/데이터 오류 가능
[[SP500 분석]] Extreme model 'label_low' walk-forward ROC 0.63, AP 0.42
[[SP500 분석]] Extreme model 'label_high' walk-forward ROC 0.61, AP 0.32
[[SP500 분석]] Google Sheets 업데이트 완료
[Email] 바닥반등 28개 + 모멘텀 55개 = 총 83개 종목 리스트를 chunghwan14@gmail.com, roykim0311@gmail.com, ssamjungtan@naver.com로 발송 완료
[[SP500 분석]] Signals 결과 기반 차트분석 종목 리스트 생성 중...
[Dynamic Portfolio] 생성된 차트분석 종목 리스트(84개): ['NBM.V', 'MPC', 'BAC', 'DIS', 'BRK-B', 'ASML', 'COP', 'UNH', 'VLO', 'T', 'ADBE', 'SPY', 'ANET', 'HOOD', 'C', 'PANW', 'AMZN', 'NXPI', 'MSFT', 'JNJ', 'WFC', 'CRWD', 'VZ', 'FTNT', 'SMCI', 'AXP', 'PFE', 'WELL', 'GOOGL', 'GILD', 'SCHW', 'CVX', 'AAPL', 'JPM', 'UNP', 'MU', 'META', 'QQQ', 'ABT', 'WDAY', 'MCK', 'DHR', 'HPE', 'MS', 'V', 'SPGI', 'AMGN', 'DE', 'NVDA', 'PLTR', 'GEV', 'RTX', 'APP', 'DELL', 'XOM', 'PM', 'NKE', 'TEAM', 'MA', 'MRNA', 'PYPL', 'ABNB', 'MRK', 'CRM', 'UBER', 'LLY', 'ABBV', 'FCX', 'AVGO', 'TMO', 'WMT', 'GOOG', 'DASH', 'HON', 'IWM', 'CVS', 'MELI', 'NOW', 'KO', 'BKNG', 'HWM', 'PG', 'TGT', 'NEM']
[[SP500 차트분석]] [SP500 분석] 결과 기반 [SP500 차트분석] 시트 생성 중 (84개 종목)...
[[SP500 차트분석]] [SP500 분석]에 없는 종목은 별도 분석: ['NBM.V']
[DataValidator] 1건의 데이터 품질 경고 발생
Warning:  NBM.V: 비정상 가격 변동 56.3% (2024-09-25) — 스플릿/데이터 오류 가능
[[SP500 차트분석]] 강한 섹터: {'Materials', 'Consumer Staples', 'Health Care', 'Information Technology', 'Financials', 'Energy', 'Communication Services'}
[[SP500 차트분석]] Extreme model 'global' skipped: insufficient_tickers
[[SP500 차트분석]] 기존 차트 파일 삭제 중...
[[SP500 차트분석]] 차트 저장 디렉토리 준비 완료: charts/screenshots
[[SP500 차트분석]] TradingView 차트 캡처 시작...
[[SP500 차트분석]] 84개 종목 차트 캡처 중...
[TradingView] T 브라우저 세션 시작  (로그인 세션)...
[TradingView] 1H 캡처 완료 (60)
[TradingView] 4H 캡처 완료 (240)
[TradingView] Daily 캡처 완료 (D)
[TradingView] Weekly 캡처 완료 (W)
[TradingView] Monthly 캡처 완료 (M)
[[SP500 차트분석]] T 차트 5개 처리 완료
[TradingView] CRWD 브라우저 세션 시작  (로그인 세션)...
[TradingView] 1H 캡처 완료 (60)
[TradingView] 4H 캡처 완료 (240)
[TradingView] Daily 캡처 완료 (D)
[TradingView] Weekly 캡처 완료 (W)
[TradingView] Monthly 캡처 완료 (M)
[[SP500 차트분석]] CRWD 차트 5개 처리 완료
[TradingView] VLO 브라우저 세션 시작  (로그인 세션)...
[TradingView] 1H 캡처 완료 (60)
[TradingView] 4H 캡처 완료 (240)
[TradingView] Daily 캡처 완료 (D)
[TradingView] Weekly 캡처 완료 (W)
[TradingView] Monthly 캡처 완료 (M)
[[SP500 차트분석]] VLO 차트 5개 처리 완료
[TradingView] COP 브라우저 세션 시작  (로그인 세션)...
[TradingView] 1H 캡처 완료 (60)
[TradingView] 4H 캡처 완료 (240)
[TradingView] Daily 캡처 완료 (D)
[TradingView] Weekly 캡처 완료 (W)
[TradingView] Monthly 캡처 완료 (M)
[[SP500 차트분석]] COP 차트 5개 처리 완료
[TradingView] CVX 브라우저 세션 시작  (로그인 세션)...
[TradingView] 1H 캡처 완료 (60)
[TradingView] 4H 캡처 완료 (240)
[TradingView] Daily 캡처 완료 (D)
[TradingView] Weekly 캡처 완료 (W)
[TradingView] Monthly 캡처 완료 (M)
[[SP500 차트분석]] CVX 차트 5개 처리 완료
[TradingView] MRNA 브라우저 세션 시작  (로그인 세션)...
[TradingView] 1H 캡처 완료 (60)
[TradingView] 4H 캡처 완료 (240)
[TradingView] Daily 캡처 완료 (D)
[TradingView] Weekly 캡처 완료 (W)
[TradingView] Monthly 캡처 완료 (M)
[[SP500 차트분석]] MRNA 차트 5개 처리 완료
[TradingView] TGT 브라우저 세션 시작  (로그인 세션)...
[TradingView] 1H 캡처 완료 (60)
[TradingView] 4H 캡처 완료 (240)
[TradingView] Daily 캡처 완료 (D)
[TradingView] Weekly 캡처 완료 (W)
[TradingView] Monthly 캡처 완료 (M)
[[SP500 차트분석]] TGT 차트 5개 처리 완료
[TradingView] NOW 브라우저 세션 시작  (로그인 세션)...
[TradingView] 1H 캡처 완료 (60)
[TradingView] 4H 캡처 완료 (240)
[TradingView] Daily 캡처 완료 (D)
[TradingView] Weekly 캡처 완료 (W)
[TradingView] Monthly 캡처 완료 (M)
[[SP500 차트분석]] NOW 차트 5개 처리 완료
[TradingView] WDAY 브라우저 세션 시작  (로그인 세션)...
[TradingView] 1H 캡처 완료 (60)
[TradingView] 4H 캡처 완료 (240)
[TradingView] Daily 캡처 완료 (D)
[TradingView] Weekly 캡처 완료 (W)
[TradingView] Monthly 캡처 완료 (M)
[[SP500 차트분석]] WDAY 차트 5개 처리 완료
[TradingView] TEAM 브라우저 세션 시작  (로그인 세션)...
[TradingView] 1H 캡처 완료 (60)
[TradingView] 4H 캡처 완료 (240)
[TradingView] Daily 캡처 완료 (D)
[TradingView] Weekly 캡처 완료 (W)
[TradingView] Monthly 캡처 완료 (M)
[[SP500 차트분석]] TEAM 차트 5개 처리 완료
[TradingView] DASH 브라우저 세션 시작  (로그인 세션)...
[TradingView] 1H 캡처 완료 (60)
[TradingView] 4H 캡처 완료 (240)
[TradingView] Daily 캡처 완료 (D)
[TradingView] Weekly 캡처 완료 (W)
[TradingView] Monthly 캡처 완료 (M)
[[SP500 차트분석]] DASH 차트 5개 처리 완료
[TradingView] MA 브라우저 세션 시작  (로그인 세션)...
[TradingView] 1H 캡처 완료 (60)
[TradingView] 4H 캡처 완료 (240)
[TradingView] Daily 캡처 완료 (D)
[TradingView] Weekly 캡처 완료 (W)
[TradingView] Monthly 캡처 완료 (M)
[[SP500 차트분석]] MA 차트 5개 처리 완료
[TradingView] PLTR 브라우저 세션 시작  (로그인 세션)...
[TradingView] 1H 캡처 완료 (60)
[TradingView] 4H 캡처 완료 (240)
[TradingView] Daily 캡처 완료 (D)
[TradingView] Weekly 캡처 완료 (W)
[TradingView] Monthly 캡처 완료 (M)
[[SP500 차트분석]] PLTR 차트 5개 처리 완료
[TradingView] SCHW 브라우저 세션 시작  (로그인 세션)...
[TradingView] 1H 캡처 완료 (60)
[TradingView] 4H 캡처 완료 (240)
[TradingView] Daily 캡처 완료 (D)
[TradingView] Weekly 캡처 완료 (W)
[TradingView] Monthly 캡처 완료 (M)
[[SP500 차트분석]] SCHW 차트 5개 처리 완료
[TradingView] ABNB 브라우저 세션 시작  (로그인 세션)...
[TradingView] 1H 캡처 완료 (60)
[TradingView] 4H 캡처 완료 (240)
[TradingView] Daily 캡처 완료 (D)
[TradingView] Weekly 캡처 완료 (W)
[TradingView] Monthly 캡처 완료 (M)
[[SP500 차트분석]] ABNB 차트 5개 처리 완료
[TradingView] AMGN 브라우저 세션 시작  (로그인 세션)...
[TradingView] 1H 캡처 완료 (60)
[TradingView] 4H 캡처 완료 (240)
[TradingView] Daily 캡처 완료 (D)
[TradingView] Weekly 캡처 완료 (W)
[TradingView] Monthly 캡처 완료 (M)
[[SP500 차트분석]] AMGN 차트 5개 처리 완료
[TradingView] GILD 브라우저 세션 시작  (로그인 세션)...
[TradingView] 1H 캡처 완료 (60)
[TradingView] 4H 캡처 완료 (240)
[TradingView] Daily 캡처 완료 (D)
[TradingView] Weekly 캡처 완료 (W)
[TradingView] Monthly 캡처 완료 (M)
[[SP500 차트분석]] GILD 차트 5개 처리 완료
[TradingView] HOOD 브라우저 세션 시작  (로그인 세션)...
[TradingView] 1H 캡처 완료 (60)
[TradingView] 4H 캡처 완료 (240)
[TradingView] Daily 캡처 완료 (D)
[TradingView] Weekly 캡처 완료 (W)
[TradingView] Monthly 캡처 완료 (M)
[[SP500 차트분석]] HOOD 차트 5개 처리 완료
[TradingView] MRK 브라우저 세션 시작  (로그인 세션)...
[TradingView] 1H 캡처 완료 (60)
[TradingView] 4H 캡처 완료 (240)
[TradingView] Daily 캡처 완료 (D)
[TradingView] Weekly 캡처 완료 (W)
[TradingView] Monthly 캡처 완료 (M)
[[SP500 차트분석]] MRK 차트 5개 처리 완료
[TradingView] MSFT 브라우저 세션 시작  (로그인 세션)...
[TradingView] 1H 캡처 완료 (60)
[TradingView] 4H 캡처 완료 (240)
[TradingView] Daily 캡처 완료 (D)
[TradingView] Weekly 캡처 완료 (W)
[TradingView] Monthly 캡처 완료 (M)
[[SP500 차트분석]] MSFT 차트 5개 처리 완료
[TradingView] NEM 브라우저 세션 시작  (로그인 세션)...
[TradingView] 1H 캡처 완료 (60)
[TradingView] 4H 캡처 완료 (240)
[TradingView] Daily 캡처 완료 (D)
[TradingView] Weekly 캡처 완료 (W)
[TradingView] Monthly 캡처 완료 (M)
[[SP500 차트분석]] NEM 차트 5개 처리 완료
[TradingView] PFE 브라우저 세션 시작  (로그인 세션)...
[TradingView] 1H 캡처 완료 (60)
[TradingView] 4H 캡처 완료 (240)
[TradingView] Daily 캡처 완료 (D)
[TradingView] Weekly 캡처 완료 (W)
[TradingView] Monthly 캡처 완료 (M)
[[SP500 차트분석]] PFE 차트 5개 처리 완료
[TradingView] TMO 브라우저 세션 시작  (로그인 세션)...
[TradingView] 1H 캡처 완료 (60)
[TradingView] 4H 캡처 완료 (240)
[TradingView] Daily 캡처 완료 (D)
[TradingView] Weekly 캡처 완료 (W)
[TradingView] Monthly 캡처 완료 (M)
[[SP500 차트분석]] TMO 차트 5개 처리 완료
[TradingView] DIS 브라우저 세션 시작  (로그인 세션)...
[TradingView] 1H 캡처 완료 (60)
[TradingView] 4H 캡처 완료 (240)
[TradingView] Daily 캡처 완료 (D)
[TradingView] Weekly 캡처 완료 (W)
[TradingView] Monthly 캡처 완료 (M)
[[SP500 차트분석]] DIS 차트 5개 처리 완료
[TradingView] BKNG 브라우저 세션 시작  (로그인 세션)...
[TradingView] 1H 캡처 완료 (60)
[TradingView] 4H 캡처 완료 (240)
[TradingView] Daily 캡처 완료 (D)
[TradingView] Weekly 캡처 완료 (W)
[TradingView] Monthly 캡처 완료 (M)
[[SP500 차트분석]] BKNG 차트 5개 처리 완료
[TradingView] ABT 브라우저 세션 시작  (로그인 세션)...
[TradingView] 1H 캡처 완료 (60)
[TradingView] 4H 캡처 완료 (240)
[TradingView] Daily 캡처 완료 (D)
[TradingView] Weekly 캡처 완료 (W)
[TradingView] Monthly 캡처 완료 (M)
[[SP500 차트분석]] ABT 차트 5개 처리 완료
[TradingView] DE 브라우저 세션 시작  (로그인 세션)...
[TradingView] 1H 캡처 완료 (60)
[TradingView] 4H 캡처 완료 (240)
[TradingView] Daily 캡처 완료 (D)
[TradingView] Weekly 캡처 완료 (W)
[TradingView] Monthly 캡처 완료 (M)
[[SP500 차트분석]] DE 차트 5개 처리 완료
[TradingView] ADBE 브라우저 세션 시작  (로그인 세션)...
[TradingView] 1H 캡처 완료 (60)
[TradingView] 4H 캡처 완료 (240)
[TradingView] Daily 캡처 완료 (D)
[TradingView] Weekly 캡처 완료 (W)
[TradingView] Monthly 캡처 완료 (M)
[[SP500 차트분석]] ADBE 차트 5개 처리 완료
[TradingView] V 브라우저 세션 시작  (로그인 세션)...
[TradingView] 1H 캡처 완료 (60)
[TradingView] 4H 캡처 완료 (240)
[TradingView] Daily 캡처 완료 (D)
[TradingView] Weekly 캡처 완료 (W)
[TradingView] Monthly 캡처 완료 (M)
[[SP500 차트분석]] V 차트 5개 처리 완료
[TradingView] ABBV 브라우저 세션 시작  (로그인 세션)...
[TradingView] 1H 캡처 완료 (60)
[TradingView] 4H 캡처 완료 (240)
[TradingView] Daily 캡처 완료 (D)
[TradingView] Weekly 캡처 완료 (W)
[TradingView] Monthly 캡처 완료 (M)
[[SP500 차트분석]] ABBV 차트 5개 처리 완료
[TradingView] FCX 브라우저 세션 시작  (로그인 세션)...
[TradingView] 1H 캡처 완료 (60)
[TradingView] 4H 캡처 완료 (240)
[TradingView] Daily 캡처 완료 (D)
[TradingView] Weekly 캡처 완료 (W)
[TradingView] Monthly 캡처 완료 (M)
[[SP500 차트분석]] FCX 차트 5개 처리 완료
[TradingView] JNJ 브라우저 세션 시작  (로그인 세션)...
[TradingView] 1H 캡처 완료 (60)
[TradingView] 4H 캡처 완료 (240)
[TradingView] Daily 캡처 완료 (D)
[TradingView] Weekly 캡처 완료 (W)
[TradingView] Monthly 캡처 완료 (M)
[[SP500 차트분석]] JNJ 차트 5개 처리 완료
[TradingView] PANW 브라우저 세션 시작  (로그인 세션)...
[TradingView] 1H 캡처 완료 (60)
[TradingView] 4H 캡처 완료 (240)
[TradingView] Daily 캡처 완료 (D)
[TradingView] Weekly 캡처 완료 (W)
[TradingView] Monthly 캡처 완료 (M)
[[SP500 차트분석]] PANW 차트 5개 처리 완료
[TradingView] AAPL 브라우저 세션 시작  (로그인 세션)...
[TradingView] 1H 캡처 완료 (60)
[TradingView] 4H 캡처 완료 (240)
[TradingView] Daily 캡처 완료 (D)
[TradingView] Weekly 캡처 완료 (W)
[TradingView] Monthly 캡처 완료 (M)
[[SP500 차트분석]] AAPL 차트 5개 처리 완료
[TradingView] MPC 브라우저 세션 시작  (로그인 세션)...
[TradingView] 1H 캡처 완료 (60)
[TradingView] 4H 캡처 완료 (240)
[TradingView] Daily 캡처 완료 (D)
[TradingView] Weekly 캡처 완료 (W)
[TradingView] Monthly 캡처 완료 (M)
[[SP500 차트분석]] MPC 차트 5개 처리 완료
[TradingView] PYPL 브라우저 세션 시작  (로그인 세션)...
[TradingView] 1H 캡처 완료 (60)
[TradingView] 4H 캡처 완료 (240)
[TradingView] Daily 캡처 완료 (D)
[TradingView] Weekly 캡처 완료 (W)
[TradingView] Monthly 캡처 완료 (M)
[[SP500 차트분석]] PYPL 차트 5개 처리 완료
[TradingView] VZ 브라우저 세션 시작  (로그인 세션)...
[TradingView] 1H 캡처 완료 (60)
[TradingView] 4H 캡처 완료 (240)
[TradingView] Daily 캡처 완료 (D)
[TradingView] Weekly 캡처 완료 (W)
[TradingView] Monthly 캡처 완료 (M)
[[SP500 차트분석]] VZ 차트 5개 처리 완료
[TradingView] MELI 브라우저 세션 시작  (로그인 세션)...
[TradingView] 1H 캡처 완료 (60)
[TradingView] 4H 캡처 완료 (240)
[TradingView] Daily 캡처 완료 (D)
[TradingView] Weekly 캡처 완료 (W)
[TradingView] Monthly 캡처 완료 (M)
[[SP500 차트분석]] MELI 차트 5개 처리 완료
[TradingView] BAC 브라우저 세션 시작  (로그인 세션)...
[TradingView] 1H 캡처 완료 (60)
[TradingView] 4H 캡처 완료 (240)
[TradingView] Daily 캡처 완료 (D)
[TradingView] Weekly 캡처 완료 (W)
[TradingView] Monthly 캡처 완료 (M)
[[SP500 차트분석]] BAC 차트 5개 처리 완료
[TradingView] FTNT 브라우저 세션 시작  (로그인 세션)...
[TradingView] 1H 캡처 완료 (60)
[TradingView] 4H 캡처 완료 (240)
[TradingView] Daily 캡처 완료 (D)
[TradingView] Weekly 캡처 완료 (W)
[TradingView] Monthly 캡처 완료 (M)
[[SP500 차트분석]] FTNT 차트 5개 처리 완료
[TradingView] JPM 브라우저 세션 시작  (로그인 세션)...
[TradingView] 1H 캡처 완료 (60)
[TradingView] 4H 캡처 완료 (240)
[TradingView] Daily 캡처 완료 (D)
[TradingView] Weekly 캡처 완료 (W)
[TradingView] Monthly 캡처 완료 (M)
[[SP500 차트분석]] JPM 차트 5개 처리 완료
[TradingView] WFC 브라우저 세션 시작  (로그인 세션)...
[TradingView] 1H 캡처 완료 (60)
[TradingView] 4H 캡처 완료 (240)
[TradingView] Daily 캡처 완료 (D)
[TradingView] Weekly 캡처 완료 (W)
[TradingView] Monthly 캡처 완료 (M)
[[SP500 차트분석]] WFC 차트 5개 처리 완료
[TradingView] UNP 브라우저 세션 시작  (로그인 세션)...
[TradingView] 1H 캡처 완료 (60)
[TradingView] 4H 캡처 완료 (240)
[TradingView] Daily 캡처 완료 (D)
[TradingView] Weekly 캡처 완료 (W)
[TradingView] Monthly 캡처 완료 (M)
[[SP500 차트분석]] UNP 차트 5개 처리 완료
[TradingView] DHR 브라우저 세션 시작  (로그인 세션)...
[TradingView] 1H 캡처 완료 (60)
[TradingView] 4H 캡처 완료 (240)
[TradingView] Daily 캡처 완료 (D)
[TradingView] Weekly 캡처 완료 (W)
[TradingView] Monthly 캡처 완료 (M)
[[SP500 차트분석]] DHR 차트 5개 처리 완료
[TradingView] ANET 브라우저 세션 시작  (로그인 세션)...
[TradingView] 1H 캡처 완료 (60)
[TradingView] 4H 캡처 완료 (240)
[TradingView] Daily 캡처 완료 (D)
[TradingView] Weekly 캡처 완료 (W)
[TradingView] Monthly 캡처 완료 (M)
[[SP500 차트분석]] ANET 차트 5개 처리 완료
[TradingView] KO 브라우저 세션 시작  (로그인 세션)...
[TradingView] 1H 캡처 완료 (60)
[TradingView] 4H 캡처 완료 (240)
[TradingView] Daily 캡처 완료 (D)
[TradingView] Weekly 캡처 완료 (W)
[TradingView] Monthly 캡처 완료 (M)
[[SP500 차트분석]] KO 차트 5개 처리 완료
[TradingView] WELL 브라우저 세션 시작  (로그인 세션)...
[TradingView] 1H 캡처 완료 (60)
[TradingView] 4H 캡처 완료 (240)
[TradingView] Daily 캡처 완료 (D)
[TradingView] Weekly 캡처 완료 (W)
[TradingView] Monthly 캡처 완료 (M)
[[SP500 차트분석]] WELL 차트 5개 처리 완료
[TradingView] RTX 브라우저 세션 시작  (로그인 세션)...
[TradingView] 1H 캡처 완료 (60)
[TradingView] 4H 캡처 완료 (240)
[TradingView] Daily 캡처 완료 (D)
[TradingView] Weekly 캡처 완료 (W)
[TradingView] Monthly 캡처 완료 (M)
[[SP500 차트분석]] RTX 차트 5개 처리 완료
[TradingView] IWM 브라우저 세션 시작  (로그인 세션)...
[TradingView] 1H 캡처 완료 (60)
[TradingView] 4H 캡처 완료 (240)
[TradingView] Daily 캡처 완료 (D)
[TradingView] Weekly 캡처 완료 (W)
[TradingView] Monthly 캡처 완료 (M)
[[SP500 차트분석]] IWM 차트 5개 처리 완료
[TradingView] C 브라우저 세션 시작  (로그인 세션)...
[TradingView] 1H 캡처 완료 (60)
[TradingView] 4H 캡처 완료 (240)
[TradingView] Daily 캡처 완료 (D)
[TradingView] Weekly 캡처 완료 (W)
[TradingView] Monthly 캡처 완료 (M)
[[SP500 차트분석]] C 차트 5개 처리 완료
[TradingView] UNH 브라우저 세션 시작  (로그인 세션)...
[TradingView] 1H 캡처 완료 (60)
[TradingView] 4H 캡처 완료 (240)
[TradingView] Daily 캡처 완료 (D)
[TradingView] Weekly 캡처 완료 (W)
[TradingView] Monthly 캡처 완료 (M)
[[SP500 차트분석]] UNH 차트 5개 처리 완료
[TradingView] PM 브라우저 세션 시작  (로그인 세션)...
[TradingView] 1H 캡처 완료 (60)
[TradingView] 4H 캡처 완료 (240)
[TradingView] Daily 캡처 완료 (D)
[TradingView] Weekly 캡처 완료 (W)
[TradingView] Monthly 캡처 완료 (M)
[[SP500 차트분석]] PM 차트 5개 처리 완료
[TradingView] SPGI 브라우저 세션 시작  (로그인 세션)...
[TradingView] 1H 캡처 완료 (60)
[TradingView] 4H 캡처 완료 (240)
[TradingView] Daily 캡처 완료 (D)
[TradingView] Weekly 캡처 완료 (W)
[TradingView] Monthly 캡처 완료 (M)
[[SP500 차트분석]] SPGI 차트 5개 처리 완료
[TradingView] CVS 브라우저 세션 시작  (로그인 세션)...
[TradingView] 1H 캡처 완료 (60)
[TradingView] 4H 캡처 완료 (240)
[TradingView] Daily 캡처 완료 (D)
[TradingView] Weekly 캡처 완료 (W)
[TradingView] Monthly 캡처 완료 (M)
[[SP500 차트분석]] CVS 차트 5개 처리 완료
[TradingView] MCK 브라우저 세션 시작  (로그인 세션)...
[TradingView] 1H 캡처 완료 (60)
[TradingView] 4H 캡처 완료 (240)
[TradingView] Daily 캡처 완료 (D)
[TradingView] Weekly 캡처 완료 (W)
[TradingView] Monthly 캡처 완료 (M)
[[SP500 차트분석]] MCK 차트 5개 처리 완료
[TradingView] XOM 브라우저 세션 시작  (로그인 세션)...
[TradingView] 1H 캡처 완료 (60)
[TradingView] 4H 캡처 완료 (240)
[TradingView] Daily 캡처 완료 (D)
[TradingView] Weekly 캡처 완료 (W)
[TradingView] Monthly 캡처 완료 (M)
[[SP500 차트분석]] XOM 차트 5개 처리 완료
[TradingView] CRM 브라우저 세션 시작  (로그인 세션)...
[TradingView] 1H 캡처 완료 (60)
[TradingView] 4H 캡처 완료 (240)
[TradingView] Daily 캡처 완료 (D)
[TradingView] Weekly 캡처 완료 (W)
[TradingView] Monthly 캡처 완료 (M)
[[SP500 차트분석]] CRM 차트 5개 처리 완료
[TradingView] LLY 브라우저 세션 시작  (로그인 세션)...
[TradingView] 1H 캡처 완료 (60)
[TradingView] 4H 캡처 완료 (240)
[TradingView] Daily 캡처 완료 (D)
[TradingView] Weekly 캡처 완료 (W)
[TradingView] Monthly 캡처 완료 (M)
[[SP500 차트분석]] LLY 차트 5개 처리 완료
[TradingView] MU 브라우저 세션 시작  (로그인 세션)...
[TradingView] 1H 캡처 완료 (60)
[TradingView] 4H 캡처 완료 (240)
[TradingView] Daily 캡처 완료 (D)
[TradingView] Weekly 캡처 완료 (W)
[TradingView] Monthly 캡처 완료 (M)
[[SP500 차트분석]] MU 차트 5개 처리 완료
[TradingView] DELL 브라우저 세션 시작  (로그인 세션)...
[TradingView] 1H 캡처 완료 (60)
[TradingView] 4H 캡처 완료 (240)
[TradingView] Daily 캡처 완료 (D)
[TradingView] Weekly 캡처 완료 (W)
[TradingView] Monthly 캡처 완료 (M)
[[SP500 차트분석]] DELL 차트 5개 처리 완료
[TradingView] ASML 브라우저 세션 시작  (로그인 세션)...
[TradingView] 1H 캡처 완료 (60)
[TradingView] 4H 캡처 완료 (240)
[TradingView] Daily 캡처 완료 (D)
[TradingView] Weekly 캡처 완료 (W)
[TradingView] Monthly 캡처 완료 (M)
[[SP500 차트분석]] ASML 차트 5개 처리 완료
[TradingView] HPE 브라우저 세션 시작  (로그인 세션)...
[TradingView] 1H 캡처 완료 (60)
[TradingView] 4H 캡처 완료 (240)
[TradingView] Daily 캡처 완료 (D)
[TradingView] Weekly 캡처 완료 (W)
[TradingView] Monthly 캡처 완료 (M)
[[SP500 차트분석]] HPE 차트 5개 처리 완료
[TradingView] SPY 브라우저 세션 시작  (로그인 세션)...
[TradingView] 1H 캡처 완료 (60)
[TradingView] 4H 캡처 완료 (240)
[TradingView] Daily 캡처 완료 (D)
[TradingView] Weekly 캡처 완료 (W)
[TradingView] Monthly 캡처 완료 (M)
[[SP500 차트분석]] SPY 차트 5개 처리 완료
[TradingView] MS 브라우저 세션 시작  (로그인 세션)...
[TradingView] 1H 캡처 완료 (60)
[TradingView] 4H 캡처 완료 (240)
[TradingView] Daily 캡처 완료 (D)
[TradingView] Weekly 캡처 완료 (W)
[TradingView] Monthly 캡처 완료 (M)
[[SP500 차트분석]] MS 차트 5개 처리 완료
[TradingView] SMCI 브라우저 세션 시작  (로그인 세션)...
[TradingView] 1H 캡처 완료 (60)
[TradingView] 4H 캡처 완료 (240)
[TradingView] Daily 캡처 완료 (D)
[TradingView] Weekly 캡처 완료 (W)
[TradingView] Monthly 캡처 완료 (M)
[[SP500 차트분석]] SMCI 차트 5개 처리 완료
[TradingView] UBER 브라우저 세션 시작  (로그인 세션)...
[TradingView] 1H 캡처 완료 (60)
[TradingView] 4H 캡처 완료 (240)
[TradingView] Daily 캡처 완료 (D)
[TradingView] Weekly 캡처 완료 (W)
[TradingView] Monthly 캡처 완료 (M)
[[SP500 차트분석]] UBER 차트 5개 처리 완료
[TradingView] NVDA 브라우저 세션 시작  (로그인 세션)...
[TradingView] 1H 캡처 완료 (60)
[TradingView] 4H 캡처 완료 (240)
[TradingView] Daily 캡처 완료 (D)
[TradingView] Weekly 캡처 완료 (W)
[TradingView] Monthly 캡처 완료 (M)
[[SP500 차트분석]] NVDA 차트 5개 처리 완료
[TradingView] AMZN 브라우저 세션 시작  (로그인 세션)...
[TradingView] 1H 캡처 완료 (60)
[TradingView] 4H 캡처 완료 (240)
[TradingView] Daily 캡처 완료 (D)
[TradingView] Weekly 캡처 완료 (W)
[TradingView] Monthly 캡처 완료 (M)
[[SP500 차트분석]] AMZN 차트 5개 처리 완료
[TradingView] QQQ 브라우저 세션 시작  (로그인 세션)...
[TradingView] 1H 캡처 완료 (60)
[TradingView] 4H 캡처 완료 (240)
[TradingView] Daily 캡처 완료 (D)
[TradingView] Weekly 캡처 완료 (W)
[TradingView] Monthly 캡처 완료 (M)
[[SP500 차트분석]] QQQ 차트 5개 처리 완료
[TradingView] BRK-B 브라우저 세션 시작  (로그인 세션)...
[TradingView] 1H 캡처 완료 (60)
[TradingView] 4H 캡처 완료 (240)
[TradingView] Daily 캡처 완료 (D)
[TradingView] Weekly 캡처 완료 (W)
[TradingView] Monthly 캡처 완료 (M)
[[SP500 차트분석]] BRK-B 차트 5개 처리 완료
[TradingView] META 브라우저 세션 시작  (로그인 세션)...
[TradingView] 1H 캡처 완료 (60)
[TradingView] 4H 캡처 완료 (240)
[TradingView] Daily 캡처 완료 (D)
[TradingView] Weekly 캡처 완료 (W)
[TradingView] Monthly 캡처 완료 (M)
[[SP500 차트분석]] META 차트 5개 처리 완료
[TradingView] AXP 브라우저 세션 시작  (로그인 세션)...
[TradingView] 1H 캡처 완료 (60)
[TradingView] 4H 캡처 완료 (240)
[TradingView] Daily 캡처 완료 (D)
[TradingView] Weekly 캡처 완료 (W)
[TradingView] Monthly 캡처 완료 (M)
[[SP500 차트분석]] AXP 차트 5개 처리 완료
[TradingView] PG 브라우저 세션 시작  (로그인 세션)...
[TradingView] 1H 캡처 완료 (60)
[TradingView] 4H 캡처 완료 (240)
[TradingView] Daily 캡처 완료 (D)
[TradingView] Weekly 캡처 완료 (W)
[TradingView] Monthly 캡처 완료 (M)
[[SP500 차트분석]] PG 차트 5개 처리 완료
[TradingView] HWM 브라우저 세션 시작  (로그인 세션)...
[TradingView] 1H 캡처 완료 (60)
[TradingView] 4H 캡처 완료 (240)
[TradingView] Daily 캡처 완료 (D)
[TradingView] Weekly 캡처 완료 (W)
[TradingView] Monthly 캡처 완료 (M)
[[SP500 차트분석]] HWM 차트 5개 처리 완료
[TradingView] NXPI 브라우저 세션 시작  (로그인 세션)...
[TradingView] 1H 캡처 완료 (60)
[TradingView] 4H 캡처 완료 (240)
[TradingView] Daily 캡처 완료 (D)
[TradingView] Weekly 캡처 완료 (W)
[TradingView] Monthly 캡처 완료 (M)
[[SP500 차트분석]] NXPI 차트 5개 처리 완료
[TradingView] APP 브라우저 세션 시작  (로그인 세션)...
[TradingView] 1H 캡처 완료 (60)
[TradingView] 4H 캡처 완료 (240)
[TradingView] Daily 캡처 완료 (D)
[TradingView] Weekly 캡처 완료 (W)
[TradingView] Monthly 캡처 완료 (M)
[[SP500 차트분석]] APP 차트 5개 처리 완료
[TradingView] GOOG 브라우저 세션 시작  (로그인 세션)...
[TradingView] 1H 캡처 완료 (60)
[TradingView] 4H 캡처 완료 (240)
[TradingView] Daily 캡처 완료 (D)
[TradingView] Weekly 캡처 완료 (W)
[TradingView] Monthly 캡처 완료 (M)
[[SP500 차트분석]] GOOG 차트 5개 처리 완료
[TradingView] GOOGL 브라우저 세션 시작  (로그인 세션)...
[TradingView] 1H 캡처 완료 (60)
[TradingView] 4H 캡처 완료 (240)
[TradingView] Daily 캡처 완료 (D)
[TradingView] Weekly 캡처 완료 (W)
[TradingView] Monthly 캡처 완료 (M)
[[SP500 차트분석]] GOOGL 차트 5개 처리 완료
[TradingView] HON 브라우저 세션 시작  (로그인 세션)...
[TradingView] 1H 캡처 완료 (60)
[TradingView] 4H 캡처 완료 (240)
[TradingView] Daily 캡처 완료 (D)
[TradingView] Weekly 캡처 완료 (W)
[TradingView] Monthly 캡처 완료 (M)
[[SP500 차트분석]] HON 차트 5개 처리 완료
[TradingView] WMT 브라우저 세션 시작  (로그인 세션)...
[TradingView] 1H 캡처 완료 (60)
[TradingView] 4H 캡처 완료 (240)
[TradingView] Daily 캡처 완료 (D)
[TradingView] Weekly 캡처 완료 (W)
[TradingView] Monthly 캡처 완료 (M)
[[SP500 차트분석]] WMT 차트 5개 처리 완료
[TradingView] AVGO 브라우저 세션 시작  (로그인 세션)...
[TradingView] 1H 캡처 완료 (60)
[TradingView] 4H 캡처 완료 (240)
[TradingView] Daily 캡처 완료 (D)
[TradingView] Weekly 캡처 완료 (W)
[TradingView] Monthly 캡처 완료 (M)
[[SP500 차트분석]] AVGO 차트 5개 처리 완료
[TradingView] GEV 브라우저 세션 시작  (로그인 세션)...
[TradingView] 1H 캡처 완료 (60)
[TradingView] 4H 캡처 완료 (240)
[TradingView] Daily 캡처 완료 (D)
[TradingView] Weekly 캡처 완료 (W)
[TradingView] Monthly 캡처 완료 (M)
[[SP500 차트분석]] GEV 차트 5개 처리 완료
[TradingView] NKE 브라우저 세션 시작  (로그인 세션)...
[TradingView] 1H 캡처 완료 (60)
[TradingView] 4H 캡처 완료 (240)
[TradingView] Daily 캡처 완료 (D)
[TradingView] Weekly 캡처 완료 (W)
[TradingView] Monthly 캡처 완료 (M)
[[SP500 차트분석]] NKE 차트 5개 처리 완료
[TradingView] 티커 매핑 적용: NBM.V -> NBM
[TradingView] NBM.V 브라우저 세션 시작  (로그인 세션)...
[TradingView] 1H 캡처 완료 (60)
[TradingView] 4H 캡처 완료 (240)
[TradingView] Daily 캡처 완료 (D)
[TradingView] Weekly 캡처 완료 (W)
[TradingView] Monthly 캡처 완료 (M)
[[SP500 차트분석]] NBM.V 차트 5개 처리 완료
[[SP500 차트분석]] 차트 캡처 완료
[[SP500 차트분석]] GitHub에 차트 이미지 푸시 중...
rm 'charts/screenshots/AAPL/AAPL_1H_20260901_061810.png'
rm 'charts/screenshots/AAPL/AAPL_4H_20260901_061810.png'
rm 'charts/screenshots/AAPL/AAPL_Daily_20260901_061810.png'
rm 'charts/screenshots/AAPL/AAPL_Monthly_20260901_061810.png'
rm 'charts/screenshots/AAPL/AAPL_Weekly_20260901_061810.png'
rm 'charts/screenshots/ABBV/ABBV_1H_20260901_061847.png'
rm 'charts/screenshots/ABBV/ABBV_4H_20260901_061847.png'
rm 'charts/screenshots/ABBV/ABBV_Daily_20260901_061847.png'
rm 'charts/screenshots/ABBV/ABBV_Monthly_20260901_061847.png'
rm 'charts/screenshots/ABBV/ABBV_Weekly_20260901_061847.png'
rm 'charts/screenshots/ABNB/ABNB_1H_20260901_060158.png'
rm 'charts/screenshots/ABNB/ABNB_4H_20260901_060158.png'
rm 'charts/screenshots/ABNB/ABNB_Daily_20260901_060158.png'
rm 'charts/screenshots/ABNB/ABNB_Monthly_20260901_060158.png'
rm 'charts/screenshots/ABNB/ABNB_Weekly_20260901_060158.png'
rm 'charts/screenshots/ABT/ABT_1H_20260901_060122.png'
rm 'charts/screenshots/ABT/ABT_4H_20260901_060122.png'
rm 'charts/screenshots/ABT/ABT_Daily_20260901_060122.png'
rm 'charts/screenshots/ABT/ABT_Monthly_20260901_060122.png'
rm 'charts/screenshots/ABT/ABT_Weekly_20260901_060122.png'
rm 'charts/screenshots/ADBE/ADBE_1H_20260901_062310.png'
rm 'charts/screenshots/ADBE/ADBE_4H_20260901_062310.png'
rm 'charts/screenshots/ADBE/ADBE_Daily_20260901_062310.png'
rm 'charts/screenshots/ADBE/ADBE_Monthly_20260901_062310.png'
rm 'charts/screenshots/ADBE/ADBE_Weekly_20260901_062310.png'
rm 'charts/screenshots/ADI/ADI_1H_20260901_065023.png'
rm 'charts/screenshots/ADI/ADI_4H_20260901_065023.png'
rm 'charts/screenshots/ADI/ADI_Daily_20260901_065023.png'
rm 'charts/screenshots/ADI/ADI_Monthly_20260901_065023.png'
rm 'charts/screenshots/ADI/ADI_Weekly_20260901_065023.png'
rm 'charts/screenshots/AMGN/AMGN_1H_20260901_060735.png'
rm 'charts/screenshots/AMGN/AMGN_4H_20260901_060735.png'
rm 'charts/screenshots/AMGN/AMGN_Daily_20260901_060735.png'
rm 'charts/screenshots/AMGN/AMGN_Monthly_20260901_060735.png'
rm 'charts/screenshots/AMGN/AMGN_Weekly_20260901_060735.png'
rm 'charts/screenshots/AMZN/AMZN_1H_20260901_064105.png'
rm 'charts/screenshots/AMZN/AMZN_4H_20260901_064105.png'
rm 'charts/screenshots/AMZN/AMZN_Daily_20260901_064105.png'
rm 'charts/screenshots/AMZN/AMZN_Monthly_20260901_064105.png'
rm 'charts/screenshots/AMZN/AMZN_Weekly_20260901_064105.png'
rm 'charts/screenshots/ANET/ANET_1H_20260901_062844.png'
rm 'charts/screenshots/ANET/ANET_4H_20260901_062844.png'
rm 'charts/screenshots/ANET/ANET_Daily_20260901_062844.png'
rm 'charts/screenshots/ANET/ANET_Monthly_20260901_062844.png'
rm 'charts/screenshots/ANET/ANET_Weekly_20260901_062844.png'
rm 'charts/screenshots/APH/APH_1H_20260901_063532.png'
rm 'charts/screenshots/APH/APH_4H_20260901_063532.png'
rm 'charts/screenshots/APH/APH_Daily_20260901_063532.png'
rm 'charts/screenshots/APH/APH_Monthly_20260901_063532.png'
rm 'charts/screenshots/APH/APH_Weekly_20260901_063532.png'
rm 'charts/screenshots/APP/APP_1H_20260901_064753.png'
rm 'charts/screenshots/APP/APP_4H_20260901_064753.png'
rm 'charts/screenshots/APP/APP_Daily_20260901_064753.png'
rm 'charts/screenshots/APP/APP_Monthly_20260901_064753.png'
rm 'charts/screenshots/APP/APP_Weekly_20260901_064753.png'
rm 'charts/screenshots/ASML/ASML_1H_20260901_062730.png'
rm 'charts/screenshots/ASML/ASML_4H_20260901_062730.png'
rm 'charts/screenshots/ASML/ASML_Daily_20260901_062730.png'
rm 'charts/screenshots/ASML/ASML_Monthly_20260901_062730.png'
rm 'charts/screenshots/ASML/ASML_Weekly_20260901_062730.png'
rm 'charts/screenshots/AVGO/AVGO_1H_20260901_065101.png'
rm 'charts/screenshots/AVGO/AVGO_4H_20260901_065101.png'
rm 'charts/screenshots/AVGO/AVGO_Daily_20260901_065101.png'
rm 'charts/screenshots/AVGO/AVGO_Monthly_20260901_065101.png'
rm 'charts/screenshots/AVGO/AVGO_Weekly_20260901_065101.png'
rm 'charts/screenshots/BAC/BAC_1H_20260901_060045.png'
rm 'charts/screenshots/BAC/BAC_4H_20260901_060045.png'
rm 'charts/screenshots/BAC/BAC_Daily_20260901_060045.png'
rm 'charts/screenshots/BAC/BAC_Monthly_20260901_060045.png'
rm 'charts/screenshots/BAC/BAC_Weekly_20260901_060045.png'
rm 'charts/screenshots/BKNG/BKNG_1H_20260901_061655.png'
rm 'charts/screenshots/BKNG/BKNG_4H_20260901_061655.png'
rm 'charts/screenshots/BKNG/BKNG_Daily_20260901_061655.png'
rm 'charts/screenshots/BKNG/BKNG_Monthly_20260901_061655.png'
rm 'charts/screenshots/BKNG/BKNG_Weekly_20260901_061655.png'
rm 'charts/screenshots/BMY/BMY_1H_20260901_060813.png'
rm 'charts/screenshots/BMY/BMY_4H_20260901_060813.png'
rm 'charts/screenshots/BMY/BMY_Daily_20260901_060813.png'
rm 'charts/screenshots/BMY/BMY_Monthly_20260901_060813.png'
rm 'charts/screenshots/BMY/BMY_Weekly_20260901_060813.png'
rm 'charts/screenshots/BRK-B/BRK-B_1H_20260901_063914.png'
rm 'charts/screenshots/BRK-B/BRK-B_4H_20260901_063914.png'
rm 'charts/screenshots/BRK-B/BRK-B_Daily_20260901_063914.png'
rm 'charts/screenshots/BRK-B/BRK-B_Monthly_20260901_063914.png'
rm 'charts/screenshots/BRK-B/BRK-B_Weekly_20260901_063914.png'
rm 'charts/screenshots/BSX/BSX_1H_20260901_064831.png'
rm 'charts/screenshots/BSX/BSX_4H_20260901_064831.png'
rm 'charts/screenshots/BSX/BSX_Daily_20260901_064831.png'
rm 'charts/screenshots/BSX/BSX_Monthly_20260901_064831.png'
rm 'charts/screenshots/BSX/BSX_Weekly_20260901_064831.png'
rm 'charts/screenshots/C/C_1H_20260901_063227.png'
rm 'charts/screenshots/C/C_4H_20260901_063227.png'
rm 'charts/screenshots/C/C_Daily_20260901_063227.png'
rm 'charts/screenshots/C/C_Monthly_20260901_063227.png'
rm 'charts/screenshots/C/C_Weekly_20260901_063227.png'
rm 'charts/screenshots/COP/COP_1H_20260901_055738.png'
rm 'charts/screenshots/COP/COP_4H_20260901_055738.png'
rm 'charts/screenshots/COP/COP_Daily_20260901_055738.png'
rm 'charts/screenshots/COP/COP_Monthly_20260901_055738.png'
rm 'charts/screenshots/COP/COP_Weekly_20260901_055738.png'
rm 'charts/screenshots/CRM/CRM_1H_20260901_063113.png'
rm 'charts/screenshots/CRM/CRM_4H_20260901_063113.png'
rm 'charts/screenshots/CRM/CRM_Daily_20260901_063113.png'
rm 'charts/screenshots/CRM/CRM_Monthly_20260901_063113.png'
rm 'charts/screenshots/CRM/CRM_Weekly_20260901_063113.png'
rm 'charts/screenshots/CRWD/CRWD_1H_20260901_061426.png'
rm 'charts/screenshots/CRWD/CRWD_4H_20260901_061426.png'
rm 'charts/screenshots/CRWD/CRWD_Daily_20260901_061426.png'
rm 'charts/screenshots/CRWD/CRWD_Monthly_20260901_061426.png'
rm 'charts/screenshots/CRWD/CRWD_Weekly_20260901_061426.png'
rm 'charts/screenshots/CVS/CVS_1H_20260901_063609.png'
rm 'charts/screenshots/CVS/CVS_4H_20260901_063609.png'
rm 'charts/screenshots/CVS/CVS_Daily_20260901_063609.png'
rm 'charts/screenshots/CVS/CVS_Monthly_20260901_063609.png'
rm 'charts/screenshots/CVS/CVS_Weekly_20260901_063609.png'
rm 'charts/screenshots/CVX/CVX_1H_20260901_060008.png'
rm 'charts/screenshots/CVX/CVX_4H_20260901_060008.png'
rm 'charts/screenshots/CVX/CVX_Daily_20260901_060008.png'
rm 'charts/screenshots/CVX/CVX_Monthly_20260901_060008.png'
rm 'charts/screenshots/CVX/CVX_Weekly_20260901_060008.png'
rm 'charts/screenshots/DASH/DASH_1H_20260901_060543.png'
rm 'charts/screenshots/DASH/DASH_4H_20260901_060543.png'
rm 'charts/screenshots/DASH/DASH_Daily_20260901_060543.png'
rm 'charts/screenshots/DASH/DASH_Monthly_20260901_060543.png'
rm 'charts/screenshots/DASH/DASH_Weekly_20260901_060543.png'
rm 'charts/screenshots/DE/DE_1H_20260901_063303.png'
rm 'charts/screenshots/DE/DE_4H_20260901_063303.png'
rm 'charts/screenshots/DE/DE_Daily_20260901_063303.png'
rm 'charts/screenshots/DE/DE_Monthly_20260901_063303.png'
rm 'charts/screenshots/DE/DE_Weekly_20260901_063303.png'
rm 'charts/screenshots/DELL/DELL_1H_20260901_063340.png'
rm 'charts/screenshots/DELL/DELL_4H_20260901_063340.png'
rm 'charts/screenshots/DELL/DELL_Daily_20260901_063340.png'
rm 'charts/screenshots/DELL/DELL_Monthly_20260901_063340.png'
rm 'charts/screenshots/DELL/DELL_Weekly_20260901_063340.png'
rm 'charts/screenshots/DHR/DHR_1H_20260901_061733.png'
rm 'charts/screenshots/DHR/DHR_4H_20260901_061733.png'
rm 'charts/screenshots/DHR/DHR_Daily_20260901_061733.png'
rm 'charts/screenshots/DHR/DHR_Monthly_20260901_061733.png'
rm 'charts/screenshots/DHR/DHR_Weekly_20260901_061733.png'
rm 'charts/screenshots/DIS/DIS_1H_20260901_055930.png'
rm 'charts/screenshots/DIS/DIS_4H_20260901_055930.png'
rm 'charts/screenshots/DIS/DIS_Daily_20260901_055930.png'
rm 'charts/screenshots/DIS/DIS_Monthly_20260901_055930.png'
rm 'charts/screenshots/DIS/DIS_Weekly_20260901_055930.png'
rm 'charts/screenshots/FCX/FCX_1H_20260901_061926.png'
rm 'charts/screenshots/FCX/FCX_4H_20260901_061926.png'
rm 'charts/screenshots/FCX/FCX_Daily_20260901_061926.png'
rm 'charts/screenshots/FCX/FCX_Monthly_20260901_061926.png'
rm 'charts/screenshots/FCX/FCX_Weekly_20260901_061926.png'
rm 'charts/screenshots/FTNT/FTNT_1H_20260901_060351.png'
rm 'charts/screenshots/FTNT/FTNT_4H_20260901_060351.png'
rm 'charts/screenshots/FTNT/FTNT_Daily_20260901_060351.png'
rm 'charts/screenshots/FTNT/FTNT_Monthly_20260901_060351.png'
rm 'charts/screenshots/FTNT/FTNT_Weekly_20260901_060351.png'
rm 'charts/screenshots/GILD/GILD_1H_20260901_060850.png'
rm 'charts/screenshots/GILD/GILD_4H_20260901_060850.png'
rm 'charts/screenshots/GILD/GILD_Daily_20260901_060850.png'
rm 'charts/screenshots/GILD/GILD_Monthly_20260901_060850.png'
rm 'charts/screenshots/GILD/GILD_Weekly_20260901_060850.png'
rm 'charts/screenshots/GS/GS_1H_20260901_064255.png'
rm 'charts/screenshots/GS/GS_4H_20260901_064255.png'
rm 'charts/screenshots/GS/GS_Daily_20260901_064255.png'
rm 'charts/screenshots/GS/GS_Monthly_20260901_064255.png'
rm 'charts/screenshots/GS/GS_Weekly_20260901_064255.png'
rm 'charts/screenshots/HON/HON_1H_20260901_064639.png'
rm 'charts/screenshots/HON/HON_4H_20260901_064639.png'
rm 'charts/screenshots/HON/HON_Daily_20260901_064639.png'
rm 'charts/screenshots/HON/HON_Monthly_20260901_064639.png'
rm 'charts/screenshots/HON/HON_Weekly_20260901_064639.png'
rm 'charts/screenshots/HOOD/HOOD_1H_20260901_062003.png'
rm 'charts/screenshots/HOOD/HOOD_4H_20260901_062003.png'
rm 'charts/screenshots/HOOD/HOOD_Daily_20260901_062003.png'
rm 'charts/screenshots/HOOD/HOOD_Monthly_20260901_062003.png'
rm 'charts/screenshots/HOOD/HOOD_Weekly_20260901_062003.png'
rm 'charts/screenshots/HPE/HPE_1H_20260901_063150.png'
rm 'charts/screenshots/HPE/HPE_4H_20260901_063150.png'
rm 'charts/screenshots/HPE/HPE_Daily_20260901_063150.png'
rm 'charts/screenshots/HPE/HPE_Monthly_20260901_063150.png'
rm 'charts/screenshots/HPE/HPE_Weekly_20260901_063150.png'
rm 'charts/screenshots/IWM/IWM_1H_20260901_062348.png'
rm 'charts/screenshots/IWM/IWM_4H_20260901_062348.png'
rm 'charts/screenshots/IWM/IWM_Daily_20260901_062348.png'
rm 'charts/screenshots/IWM/IWM_Monthly_20260901_062348.png'
rm 'charts/screenshots/IWM/IWM_Weekly_20260901_062348.png'
rm 'charts/screenshots/JNJ/JNJ_1H_20260901_060927.png'
rm 'charts/screenshots/JNJ/JNJ_4H_20260901_060927.png'
rm 'charts/screenshots/JNJ/JNJ_Daily_20260901_060927.png'
rm 'charts/screenshots/JNJ/JNJ_Monthly_20260901_060927.png'
rm 'charts/screenshots/JNJ/JNJ_Weekly_20260901_060927.png'
rm 'charts/screenshots/JPM/JPM_1H_20260901_061540.png'
rm 'charts/screenshots/JPM/JPM_4H_20260901_061540.png'
rm 'charts/screenshots/JPM/JPM_Daily_20260901_061540.png'
rm 'charts/screenshots/JPM/JPM_Monthly_20260901_061540.png'
rm 'charts/screenshots/JPM/JPM_Weekly_20260901_061540.png'
rm 'charts/screenshots/KO/KO_1H_20260901_062041.png'
rm 'charts/screenshots/KO/KO_4H_20260901_062041.png'
rm 'charts/screenshots/KO/KO_Daily_20260901_062041.png'
rm 'charts/screenshots/KO/KO_Monthly_20260901_062041.png'
rm 'charts/screenshots/KO/KO_Weekly_20260901_062041.png'
rm 'charts/screenshots/LLY/LLY_1H_20260901_064333.png'
rm 'charts/screenshots/LLY/LLY_4H_20260901_064333.png'
rm 'charts/screenshots/LLY/LLY_Daily_20260901_064333.png'
rm 'charts/screenshots/LLY/LLY_Monthly_20260901_064333.png'
rm 'charts/screenshots/LLY/LLY_Weekly_20260901_064333.png'
rm 'charts/screenshots/MA/MA_1H_20260901_060621.png'
rm 'charts/screenshots/MA/MA_4H_20260901_060621.png'
rm 'charts/screenshots/MA/MA_Daily_20260901_060621.png'
rm 'charts/screenshots/MA/MA_Monthly_20260901_060621.png'
rm 'charts/screenshots/MA/MA_Weekly_20260901_060621.png'
rm 'charts/screenshots/MCK/MCK_1H_20260901_062922.png'
rm 'charts/screenshots/MCK/MCK_4H_20260901_062922.png'
rm 'charts/screenshots/MCK/MCK_Daily_20260901_062922.png'
rm 'charts/screenshots/MCK/MCK_Monthly_20260901_062922.png'
rm 'charts/screenshots/MCK/MCK_Weekly_20260901_062922.png'
rm 'charts/screenshots/MELI/MELI_1H_20260901_062539.png'
rm 'charts/screenshots/MELI/MELI_4H_20260901_062539.png'
rm 'charts/screenshots/MELI/MELI_Daily_20260901_062539.png'
rm 'charts/screenshots/MELI/MELI_Monthly_20260901_062539.png'
rm 'charts/screenshots/MELI/MELI_Weekly_20260901_062539.png'
rm 'charts/screenshots/META/META_1H_20260901_064602.png'
rm 'charts/screenshots/META/META_4H_20260901_064602.png'
rm 'charts/screenshots/META/META_Daily_20260901_064602.png'
rm 'charts/screenshots/META/META_Monthly_20260901_064602.png'
rm 'charts/screenshots/META/META_Weekly_20260901_064602.png'
rm 'charts/screenshots/MPC/MPC_1H_20260901_055815.png'
rm 'charts/screenshots/MPC/MPC_4H_20260901_055815.png'
rm 'charts/screenshots/MPC/MPC_Daily_20260901_055815.png'
rm 'charts/screenshots/MPC/MPC_Monthly_20260901_055815.png'
rm 'charts/screenshots/MPC/MPC_Weekly_20260901_055815.png'
rm 'charts/screenshots/MRK/MRK_1H_20260901_061005.png'
rm 'charts/screenshots/MRK/MRK_4H_20260901_061005.png'
rm 'charts/screenshots/MRK/MRK_Daily_20260901_061005.png'
rm 'charts/screenshots/MRK/MRK_Monthly_20260901_061005.png'
rm 'charts/screenshots/MRK/MRK_Weekly_20260901_061005.png'
rm 'charts/screenshots/MRNA/MRNA_1H_20260901_061042.png'
rm 'charts/screenshots/MRNA/MRNA_4H_20260901_061042.png'
rm 'charts/screenshots/MRNA/MRNA_Daily_20260901_061042.png'
rm 'charts/screenshots/MRNA/MRNA_Monthly_20260901_061042.png'
rm 'charts/screenshots/MRNA/MRNA_Weekly_20260901_061042.png'
rm 'charts/screenshots/MRVL/MRVL_1H_20260901_063646.png'
rm 'charts/screenshots/MRVL/MRVL_4H_20260901_063646.png'
rm 'charts/screenshots/MRVL/MRVL_Daily_20260901_063646.png'
rm 'charts/screenshots/MRVL/MRVL_Monthly_20260901_063646.png'
rm 'charts/screenshots/MRVL/MRVL_Weekly_20260901_063646.png'
rm 'charts/screenshots/MS/MS_1H_20260901_064219.png'
rm 'charts/screenshots/MS/MS_4H_20260901_064219.png'
rm 'charts/screenshots/MS/MS_Daily_20260901_064219.png'
rm 'charts/screenshots/MS/MS_Monthly_20260901_064219.png'
rm 'charts/screenshots/MS/MS_Weekly_20260901_064219.png'
rm 'charts/screenshots/MSFT/MSFT_1H_20260901_061119.png'
rm 'charts/screenshots/MSFT/MSFT_4H_20260901_061119.png'
rm 'charts/screenshots/MSFT/MSFT_Daily_20260901_061119.png'
rm 'charts/screenshots/MSFT/MSFT_Monthly_20260901_061119.png'
rm 'charts/screenshots/MSFT/MSFT_Weekly_20260901_061119.png'
rm 'charts/screenshots/MU/MU_1H_20260901_062118.png'
rm 'charts/screenshots/MU/MU_4H_20260901_062118.png'
rm 'charts/screenshots/MU/MU_Daily_20260901_062118.png'
rm 'charts/screenshots/MU/MU_Monthly_20260901_062118.png'
rm 'charts/screenshots/MU/MU_Weekly_20260901_062118.png'
rm 'charts/screenshots/NBM.V/NBM.V_1H_20260901_065138.png'
rm 'charts/screenshots/NBM.V/NBM.V_4H_20260901_065138.png'
rm 'charts/screenshots/NBM.V/NBM.V_Daily_20260901_065138.png'
rm 'charts/screenshots/NBM.V/NBM.V_Monthly_20260901_065138.png'
rm 'charts/screenshots/NBM.V/NBM.V_Weekly_20260901_065138.png'
rm 'charts/screenshots/NEM/NEM_1H_20260901_060236.png'
rm 'charts/screenshots/NEM/NEM_4H_20260901_060236.png'
rm 'charts/screenshots/NEM/NEM_Daily_20260901_060236.png'
rm 'charts/screenshots/NEM/NEM_Monthly_20260901_060236.png'
rm 'charts/screenshots/NEM/NEM_Weekly_20260901_060236.png'
rm 'charts/screenshots/NOW/NOW_1H_20260901_062155.png'
rm 'charts/screenshots/NOW/NOW_4H_20260901_062155.png'
rm 'charts/screenshots/NOW/NOW_Daily_20260901_062155.png'
rm 'charts/screenshots/NOW/NOW_Monthly_20260901_062155.png'
rm 'charts/screenshots/NOW/NOW_Weekly_20260901_062155.png'
rm 'charts/screenshots/NVDA/NVDA_1H_20260901_063838.png'
rm 'charts/screenshots/NVDA/NVDA_4H_20260901_063838.png'
rm 'charts/screenshots/NVDA/NVDA_Daily_20260901_063838.png'
rm 'charts/screenshots/NVDA/NVDA_Monthly_20260901_063838.png'
rm 'charts/screenshots/NVDA/NVDA_Weekly_20260901_063838.png'
rm 'charts/screenshots/NXPI/NXPI_1H_20260901_064716.png'
rm 'charts/screenshots/NXPI/NXPI_4H_20260901_064716.png'
rm 'charts/screenshots/NXPI/NXPI_Daily_20260901_064716.png'
rm 'charts/screenshots/NXPI/NXPI_Monthly_20260901_064716.png'
rm 'charts/screenshots/NXPI/NXPI_Weekly_20260901_064716.png'
rm 'charts/screenshots/PANW/PANW_1H_20260901_063418.png'
rm 'charts/screenshots/PANW/PANW_4H_20260901_063418.png'
rm 'charts/screenshots/PANW/PANW_Daily_20260901_063418.png'
rm 'charts/screenshots/PANW/PANW_Monthly_20260901_063418.png'
rm 'charts/screenshots/PANW/PANW_Weekly_20260901_063418.png'
rm 'charts/screenshots/PFE/PFE_1H_20260901_061156.png'
rm 'charts/screenshots/PFE/PFE_4H_20260901_061156.png'
rm 'charts/screenshots/PFE/PFE_Daily_20260901_061156.png'
rm 'charts/screenshots/PFE/PFE_Monthly_20260901_061156.png'
rm 'charts/screenshots/PFE/PFE_Weekly_20260901_061156.png'
rm 'charts/screenshots/PG/PG_1H_20260901_064447.png'
rm 'charts/screenshots/PG/PG_4H_20260901_064447.png'
rm 'charts/screenshots/PG/PG_Daily_20260901_064447.png'
rm 'charts/screenshots/PG/PG_Monthly_20260901_064447.png'
rm 'charts/screenshots/PG/PG_Weekly_20260901_064447.png'
rm 'charts/screenshots/PH/PH_1H_20260901_064142.png'
rm 'charts/screenshots/PH/PH_4H_20260901_064142.png'
rm 'charts/screenshots/PH/PH_Daily_20260901_064142.png'
rm 'charts/screenshots/PH/PH_Monthly_20260901_064142.png'
rm 'charts/screenshots/PH/PH_Weekly_20260901_064142.png'
rm 'charts/screenshots/PLTR/PLTR_1H_20260901_060658.png'
rm 'charts/screenshots/PLTR/PLTR_4H_20260901_060658.png'
rm 'charts/screenshots/PLTR/PLTR_Daily_20260901_060658.png'
rm 'charts/screenshots/PLTR/PLTR_Monthly_20260901_060658.png'
rm 'charts/screenshots/PLTR/PLTR_Weekly_20260901_060658.png'
rm 'charts/screenshots/PM/PM_1H_20260901_063455.png'
rm 'charts/screenshots/PM/PM_4H_20260901_063455.png'
rm 'charts/screenshots/PM/PM_Daily_20260901_063455.png'
rm 'charts/screenshots/PM/PM_Monthly_20260901_063455.png'
rm 'charts/screenshots/PM/PM_Weekly_20260901_063455.png'
rm 'charts/screenshots/PWR/PWR_1H_20260901_064945.png'
rm 'charts/screenshots/PWR/PWR_4H_20260901_064945.png'
rm 'charts/screenshots/PWR/PWR_Daily_20260901_064945.png'
rm 'charts/screenshots/PWR/PWR_Monthly_20260901_064945.png'
rm 'charts/screenshots/PWR/PWR_Weekly_20260901_064945.png'
rm 'charts/screenshots/PYPL/PYPL_1H_20260901_061503.png'
rm 'charts/screenshots/PYPL/PYPL_4H_20260901_061503.png'
rm 'charts/screenshots/PYPL/PYPL_Daily_20260901_061503.png'
rm 'charts/screenshots/PYPL/PYPL_Monthly_20260901_061503.png'
rm 'charts/screenshots/PYPL/PYPL_Weekly_20260901_061503.png'
rm 'charts/screenshots/QQQ/QQQ_1H_20260901_064028.png'
rm 'charts/screenshots/QQQ/QQQ_4H_20260901_064028.png'
rm 'charts/screenshots/QQQ/QQQ_Daily_20260901_064028.png'
rm 'charts/screenshots/QQQ/QQQ_Monthly_20260901_064028.png'
rm 'charts/screenshots/QQQ/QQQ_Weekly_20260901_064028.png'
rm 'charts/screenshots/RTX/RTX_1H_20260901_062616.png'
rm 'charts/screenshots/RTX/RTX_4H_20260901_062616.png'
rm 'charts/screenshots/RTX/RTX_Daily_20260901_062616.png'
rm 'charts/screenshots/RTX/RTX_Monthly_20260901_062616.png'
rm 'charts/screenshots/RTX/RTX_Weekly_20260901_062616.png'
rm 'charts/screenshots/SCHW/SCHW_1H_20260901_061234.png'
rm 'charts/screenshots/SCHW/SCHW_4H_20260901_061234.png'
rm 'charts/screenshots/SCHW/SCHW_Daily_20260901_061234.png'
rm 'charts/screenshots/SCHW/SCHW_Monthly_20260901_061234.png'
rm 'charts/screenshots/SCHW/SCHW_Weekly_20260901_061234.png'
rm 'charts/screenshots/SMCI/SMCI_1H_20260901_063723.png'
rm 'charts/screenshots/SMCI/SMCI_4H_20260901_063723.png'
rm 'charts/screenshots/SMCI/SMCI_Daily_20260901_063723.png'
rm 'charts/screenshots/SMCI/SMCI_Monthly_20260901_063723.png'
rm 'charts/screenshots/SMCI/SMCI_Weekly_20260901_063723.png'
rm 'charts/screenshots/SPGI/SPGI_1H_20260901_063801.png'
rm 'charts/screenshots/SPGI/SPGI_4H_20260901_063801.png'
rm 'charts/screenshots/SPGI/SPGI_Daily_20260901_063801.png'
rm 'charts/screenshots/SPGI/SPGI_Monthly_20260901_063801.png'
rm 'charts/screenshots/SPGI/SPGI_Weekly_20260901_063801.png'
rm 'charts/screenshots/SPY/SPY_1H_20260901_063951.png'
rm 'charts/screenshots/SPY/SPY_4H_20260901_063951.png'
rm 'charts/screenshots/SPY/SPY_Daily_20260901_063951.png'
rm 'charts/screenshots/SPY/SPY_Monthly_20260901_063951.png'
rm 'charts/screenshots/SPY/SPY_Weekly_20260901_063951.png'
rm 'charts/screenshots/SYK/SYK_1H_20260901_064410.png'
rm 'charts/screenshots/SYK/SYK_4H_20260901_064410.png'
rm 'charts/screenshots/SYK/SYK_Daily_20260901_064410.png'
rm 'charts/screenshots/SYK/SYK_Monthly_20260901_064410.png'
rm 'charts/screenshots/SYK/SYK_Weekly_20260901_064410.png'
rm 'charts/screenshots/T/T_1H_20260901_061349.png'
rm 'charts/screenshots/T/T_4H_20260901_061349.png'
rm 'charts/screenshots/T/T_Daily_20260901_061349.png'
rm 'charts/screenshots/T/T_Monthly_20260901_061349.png'
rm 'charts/screenshots/T/T_Weekly_20260901_061349.png'
rm 'charts/screenshots/TEAM/TEAM_1H_20260901_062502.png'
rm 'charts/screenshots/TEAM/TEAM_4H_20260901_062502.png'
rm 'charts/screenshots/TEAM/TEAM_Daily_20260901_062502.png'
rm 'charts/screenshots/TEAM/TEAM_Monthly_20260901_062502.png'
rm 'charts/screenshots/TEAM/TEAM_Weekly_20260901_062502.png'
rm 'charts/screenshots/TGT/TGT_1H_20260901_060428.png'
rm 'charts/screenshots/TGT/TGT_4H_20260901_060428.png'
rm 'charts/screenshots/TGT/TGT_Daily_20260901_060428.png'
rm 'charts/screenshots/TGT/TGT_Monthly_20260901_060428.png'
rm 'charts/screenshots/TGT/TGT_Weekly_20260901_060428.png'
rm 'charts/screenshots/TJX/TJX_1H_20260901_064524.png'
rm 'charts/screenshots/TJX/TJX_4H_20260901_064524.png'
rm 'charts/screenshots/TJX/TJX_Daily_20260901_064524.png'
rm 'charts/screenshots/TJX/TJX_Monthly_20260901_064524.png'
rm 'charts/screenshots/TJX/TJX_Weekly_20260901_064524.png'
rm 'charts/screenshots/TMO/TMO_1H_20260901_061311.png'
rm 'charts/screenshots/TMO/TMO_4H_20260901_061311.png'
rm 'charts/screenshots/TMO/TMO_Daily_20260901_061311.png'
rm 'charts/screenshots/TMO/TMO_Monthly_20260901_061311.png'
rm 'charts/screenshots/TMO/TMO_Weekly_20260901_061311.png'
rm 'charts/screenshots/UBER/UBER_1H_20260901_062807.png'
rm 'charts/screenshots/UBER/UBER_4H_20260901_062807.png'
rm 'charts/screenshots/UBER/UBER_Daily_20260901_062807.png'
rm 'charts/screenshots/UBER/UBER_Monthly_20260901_062807.png'
rm 'charts/screenshots/UBER/UBER_Weekly_20260901_062807.png'
rm 'charts/screenshots/UNH/UNH_1H_20260901_062958.png'
rm 'charts/screenshots/UNH/UNH_4H_20260901_062958.png'
rm 'charts/screenshots/UNH/UNH_Daily_20260901_062958.png'
rm 'charts/screenshots/UNH/UNH_Monthly_20260901_062958.png'
rm 'charts/screenshots/UNH/UNH_Weekly_20260901_062958.png'
rm 'charts/screenshots/UNP/UNP_1H_20260901_060313.png'
rm 'charts/screenshots/UNP/UNP_4H_20260901_060313.png'
rm 'charts/screenshots/UNP/UNP_Daily_20260901_060313.png'
rm 'charts/screenshots/UNP/UNP_Monthly_20260901_060313.png'
rm 'charts/screenshots/UNP/UNP_Weekly_20260901_060313.png'
rm 'charts/screenshots/V/V_1H_20260901_061618.png'
rm 'charts/screenshots/V/V_4H_20260901_061618.png'
rm 'charts/screenshots/V/V_Daily_20260901_061618.png'
rm 'charts/screenshots/V/V_Monthly_20260901_061618.png'
rm 'charts/screenshots/V/V_Weekly_20260901_061618.png'
rm 'charts/screenshots/VLO/VLO_1H_20260901_055853.png'
rm 'charts/screenshots/VLO/VLO_4H_20260901_055853.png'
rm 'charts/screenshots/VLO/VLO_Daily_20260901_055853.png'
rm 'charts/screenshots/VLO/VLO_Monthly_20260901_055853.png'
rm 'charts/screenshots/VLO/VLO_Weekly_20260901_055853.png'
rm 'charts/screenshots/VZ/VZ_1H_20260901_062424.png'
rm 'charts/screenshots/VZ/VZ_4H_20260901_062424.png'
rm 'charts/screenshots/VZ/VZ_Daily_20260901_062424.png'
rm 'charts/screenshots/VZ/VZ_Monthly_20260901_062424.png'
rm 'charts/screenshots/VZ/VZ_Weekly_20260901_062424.png'
rm 'charts/screenshots/WDAY/WDAY_1H_20260901_060505.png'
rm 'charts/screenshots/WDAY/WDAY_4H_20260901_060505.png'
rm 'charts/screenshots/WDAY/WDAY_Daily_20260901_060505.png'
rm 'charts/screenshots/WDAY/WDAY_Monthly_20260901_060505.png'
rm 'charts/screenshots/WDAY/WDAY_Weekly_20260901_060505.png'
rm 'charts/screenshots/WELL/WELL_1H_20260901_062233.png'
rm 'charts/screenshots/WELL/WELL_4H_20260901_062233.png'
rm 'charts/screenshots/WELL/WELL_Daily_20260901_062233.png'
rm 'charts/screenshots/WELL/WELL_Monthly_20260901_062233.png'
rm 'charts/screenshots/WELL/WELL_Weekly_20260901_062233.png'
rm 'charts/screenshots/WFC/WFC_1H_20260901_062653.png'
rm 'charts/screenshots/WFC/WFC_4H_20260901_062653.png'
rm 'charts/screenshots/WFC/WFC_Daily_20260901_062653.png'
rm 'charts/screenshots/WFC/WFC_Monthly_20260901_062653.png'
rm 'charts/screenshots/WFC/WFC_Weekly_20260901_062653.png'
rm 'charts/screenshots/WMT/WMT_1H_20260901_064908.png'
rm 'charts/screenshots/WMT/WMT_4H_20260901_064908.png'
rm 'charts/screenshots/WMT/WMT_Daily_20260901_064908.png'
rm 'charts/screenshots/WMT/WMT_Monthly_20260901_064908.png'
rm 'charts/screenshots/WMT/WMT_Weekly_20260901_064908.png'
rm 'charts/screenshots/XOM/XOM_1H_20260901_063036.png'
rm 'charts/screenshots/XOM/XOM_4H_20260901_063036.png'
rm 'charts/screenshots/XOM/XOM_Daily_20260901_063036.png'
rm 'charts/screenshots/XOM/XOM_Monthly_20260901_063036.png'
rm 'charts/screenshots/XOM/XOM_Weekly_20260901_063036.png'
[main 6e27f43] Update chart screenshots 1788329869
 860 files changed, 0 insertions(+), 0 deletions(-)
 delete mode 100644 charts/screenshots/AAPL/AAPL_1H_20260901_061810.png
 create mode 100644 charts/screenshots/AAPL/AAPL_1H_20260902_054544.png
 delete mode 100644 charts/screenshots/AAPL/AAPL_4H_20260901_061810.png
 create mode 100644 charts/screenshots/AAPL/AAPL_4H_20260902_054544.png
 delete mode 100644 charts/screenshots/AAPL/AAPL_Daily_20260901_061810.png
 create mode 100644 charts/screenshots/AAPL/AAPL_Daily_20260902_054544.png
 delete mode 100644 charts/screenshots/AAPL/AAPL_Monthly_20260901_061810.png
 create mode 100644 charts/screenshots/AAPL/AAPL_Monthly_20260902_054544.png
 delete mode 100644 charts/screenshots/AAPL/AAPL_Weekly_20260901_061810.png
 create mode 100644 charts/screenshots/AAPL/AAPL_Weekly_20260902_054544.png
 delete mode 100644 charts/screenshots/ABBV/ABBV_1H_20260901_061847.png
 create mode 100644 charts/screenshots/ABBV/ABBV_1H_20260902_054313.png
 delete mode 100644 charts/screenshots/ABBV/ABBV_4H_20260901_061847.png
 create mode 100644 charts/screenshots/ABBV/ABBV_4H_20260902_054313.png
 delete mode 100644 charts/screenshots/ABBV/ABBV_Daily_20260901_061847.png
 create mode 100644 charts/screenshots/ABBV/ABBV_Daily_20260902_054313.png
 delete mode 100644 charts/screenshots/ABBV/ABBV_Monthly_20260901_061847.png
 create mode 100644 charts/screenshots/ABBV/ABBV_Monthly_20260902_054313.png
 delete mode 100644 charts/screenshots/ABBV/ABBV_Weekly_20260901_061847.png
 create mode 100644 charts/screenshots/ABBV/ABBV_Weekly_20260902_054313.png
 delete mode 100644 charts/screenshots/ABNB/ABNB_1H_20260901_060158.png
 create mode 100644 charts/screenshots/ABNB/ABNB_1H_20260902_053346.png
 delete mode 100644 charts/screenshots/ABNB/ABNB_4H_20260901_060158.png
 create mode 100644 charts/screenshots/ABNB/ABNB_4H_20260902_053346.png
 delete mode 100644 charts/screenshots/ABNB/ABNB_Daily_20260901_060158.png
 create mode 100644 charts/screenshots/ABNB/ABNB_Daily_20260902_053346.png
 delete mode 100644 charts/screenshots/ABNB/ABNB_Monthly_20260901_060158.png
 create mode 100644 charts/screenshots/ABNB/ABNB_Monthly_20260902_053346.png
 delete mode 100644 charts/screenshots/ABNB/ABNB_Weekly_20260901_060158.png
 create mode 100644 charts/screenshots/ABNB/ABNB_Weekly_20260902_053346.png
 delete mode 100644 charts/screenshots/ABT/ABT_1H_20260901_060122.png
 create mode 100644 charts/screenshots/ABT/ABT_1H_20260902_054042.png
 delete mode 100644 charts/screenshots/ABT/ABT_4H_20260901_060122.png
 create mode 100644 charts/screenshots/ABT/ABT_4H_20260902_054042.png
 delete mode 100644 charts/screenshots/ABT/ABT_Daily_20260901_060122.png
 create mode 100644 charts/screenshots/ABT/ABT_Daily_20260902_054042.png
 delete mode 100644 charts/screenshots/ABT/ABT_Monthly_20260901_060122.png
 create mode 100644 charts/screenshots/ABT/ABT_Monthly_20260902_054042.png
 delete mode 100644 charts/screenshots/ABT/ABT_Weekly_20260901_060122.png
 create mode 100644 charts/screenshots/ABT/ABT_Weekly_20260902_054042.png
 delete mode 100644 charts/screenshots/ADBE/ADBE_1H_20260901_062310.png
 create mode 100644 charts/screenshots/ADBE/ADBE_1H_20260902_054157.png
 delete mode 100644 charts/screenshots/ADBE/ADBE_4H_20260901_062310.png
 create mode 100644 charts/screenshots/ADBE/ADBE_4H_20260902_054157.png
 delete mode 100644 charts/screenshots/ADBE/ADBE_Daily_20260901_062310.png
 create mode 100644 charts/screenshots/ADBE/ADBE_Daily_20260902_054157.png
 delete mode 100644 charts/screenshots/ADBE/ADBE_Monthly_20260901_062310.png
 create mode 100644 charts/screenshots/ADBE/ADBE_Monthly_20260902_054157.png
 delete mode 100644 charts/screenshots/ADBE/ADBE_Weekly_20260901_062310.png
 create mode 100644 charts/screenshots/ADBE/ADBE_Weekly_20260902_054157.png
 delete mode 100644 charts/screenshots/ADI/ADI_1H_20260901_065023.png
 delete mode 100644 charts/screenshots/ADI/ADI_4H_20260901_065023.png
 delete mode 100644 charts/screenshots/ADI/ADI_Daily_20260901_065023.png
 delete mode 100644 charts/screenshots/ADI/ADI_Monthly_20260901_065023.png
 delete mode 100644 charts/screenshots/ADI/ADI_Weekly_20260901_065023.png
 delete mode 100644 charts/screenshots/AMGN/AMGN_1H_20260901_060735.png
 create mode 100644 charts/screenshots/AMGN/AMGN_1H_20260902_053424.png
 delete mode 100644 charts/screenshots/AMGN/AMGN_4H_20260901_060735.png
 create mode 100644 charts/screenshots/AMGN/AMGN_4H_20260902_053424.png
 delete mode 100644 charts/screenshots/AMGN/AMGN_Daily_20260901_060735.png
 create mode 100644 charts/screenshots/AMGN/AMGN_Daily_20260902_053424.png
 delete mode 100644 charts/screenshots/AMGN/AMGN_Monthly_20260901_060735.png
 create mode 100644 charts/screenshots/AMGN/AMGN_Monthly_20260902_053424.png
 delete mode 100644 charts/screenshots/AMGN/AMGN_Weekly_20260901_060735.png
 create mode 100644 charts/screenshots/AMGN/AMGN_Weekly_20260902_053424.png
 delete mode 100644 charts/screenshots/AMZN/AMZN_1H_20260901_064105.png
 create mode 100644 charts/screenshots/AMZN/AMZN_1H_20260902_060704.png
 delete mode 100644 charts/screenshots/AMZN/AMZN_4H_20260901_064105.png
 create mode 100644 charts/screenshots/AMZN/AMZN_4H_20260902_060704.png
 delete mode 100644 charts/screenshots/AMZN/AMZN_Daily_20260901_064105.png
 create mode 100644 charts/screenshots/AMZN/AMZN_Daily_20260902_060704.png
 delete mode 100644 charts/screenshots/AMZN/AMZN_Monthly_20260901_064105.png
 create mode 100644 charts/screenshots/AMZN/AMZN_Monthly_20260902_060704.png
 delete mode 100644 charts/screenshots/AMZN/AMZN_Weekly_20260901_064105.png
 create mode 100644 charts/screenshots/AMZN/AMZN_Weekly_20260902_060704.png
 delete mode 100644 charts/screenshots/ANET/ANET_1H_20260901_062844.png
 create mode 100644 charts/screenshots/ANET/ANET_1H_20260902_055237.png
 delete mode 100644 charts/screenshots/ANET/ANET_4H_20260901_062844.png
 create mode 100644 charts/screenshots/ANET/ANET_4H_20260902_055237.png
 delete mode 100644 charts/screenshots/ANET/ANET_Daily_20260901_062844.png
 create mode 100644 charts/screenshots/ANET/ANET_Daily_20260902_055237.png
 delete mode 100644 charts/screenshots/ANET/ANET_Monthly_20260901_062844.png
 create mode 100644 charts/screenshots/ANET/ANET_Monthly_20260902_055237.png
 delete mode 100644 charts/screenshots/ANET/ANET_Weekly_20260901_062844.png
 create mode 100644 charts/screenshots/ANET/ANET_Weekly_20260902_055237.png
 delete mode 100644 charts/screenshots/APH/APH_1H_20260901_063532.png
 delete mode 100644 charts/screenshots/APH/APH_4H_20260901_063532.png
 delete mode 100644 charts/screenshots/APH/APH_Daily_20260901_063532.png
 delete mode 100644 charts/screenshots/APH/APH_Monthly_20260901_063532.png
 delete mode 100644 charts/screenshots/APH/APH_Weekly_20260901_063532.png
 delete mode 100644 charts/screenshots/APP/APP_1H_20260901_064753.png
 create mode 100644 charts/screenshots/APP/APP_1H_20260902_061206.png
 delete mode 100644 charts/screenshots/APP/APP_4H_20260901_064753.png
 create mode 100644 charts/screenshots/APP/APP_4H_20260902_061206.png
 delete mode 100644 charts/screenshots/APP/APP_Daily_20260901_064753.png
 create mode 100644 charts/screenshots/APP/APP_Daily_20260902_061206.png
 delete mode 100644 charts/screenshots/APP/APP_Monthly_20260901_064753.png
 create mode 100644 charts/screenshots/APP/APP_Monthly_20260902_061206.png
 delete mode 100644 charts/screenshots/APP/APP_Weekly_20260901_064753.png
 create mode 100644 charts/screenshots/APP/APP_Weekly_20260902_061206.png
 delete mode 100644 charts/screenshots/ASML/ASML_1H_20260901_062730.png
 create mode 100644 charts/screenshots/ASML/ASML_1H_20260902_060240.png
 delete mode 100644 charts/screenshots/ASML/ASML_4H_20260901_062730.png
 create mode 100644 charts/screenshots/ASML/ASML_4H_20260902_060240.png
 delete mode 100644 charts/screenshots/ASML/ASML_Daily_20260901_062730.png
 create mode 100644 charts/screenshots/ASML/ASML_Daily_20260902_060240.png
 delete mode 100644 charts/screenshots/ASML/ASML_Monthly_20260901_062730.png
 create mode 100644 charts/screenshots/ASML/ASML_Monthly_20260902_060240.png
 delete mode 100644 charts/screenshots/ASML/ASML_Weekly_20260901_062730.png
 create mode 100644 charts/screenshots/ASML/ASML_Weekly_20260902_060240.png
 delete mode 100644 charts/screenshots/AVGO/AVGO_1H_20260901_065101.png
 create mode 100644 charts/screenshots/AVGO/AVGO_1H_20260902_061514.png
 delete mode 100644 charts/screenshots/AVGO/AVGO_4H_20260901_065101.png
 create mode 100644 charts/screenshots/AVGO/AVGO_4H_20260902_061514.png
 delete mode 100644 charts/screenshots/AVGO/AVGO_Daily_20260901_065101.png
 create mode 100644 charts/screenshots/AVGO/AVGO_Daily_20260902_061514.png
 delete mode 100644 charts/screenshots/AVGO/AVGO_Monthly_20260901_065101.png
 create mode 100644 charts/screenshots/AVGO/AVGO_Monthly_20260902_061514.png
 delete mode 100644 charts/screenshots/AVGO/AVGO_Weekly_20260901_065101.png
 create mode 100644 charts/screenshots/AVGO/AVGO_Weekly_20260902_061514.png
 create mode 100644 charts/screenshots/AXP/AXP_1H_20260902_060935.png
 create mode 100644 charts/screenshots/AXP/AXP_4H_20260902_060935.png
 create mode 100644 charts/screenshots/AXP/AXP_Daily_20260902_060935.png
 create mode 100644 charts/screenshots/AXP/AXP_Monthly_20260902_060935.png
 create mode 100644 charts/screenshots/AXP/AXP_Weekly_20260902_060935.png
 delete mode 100644 charts/screenshots/BAC/BAC_1H_20260901_060045.png
 create mode 100644 charts/screenshots/BAC/BAC_1H_20260902_054852.png
 delete mode 100644 charts/screenshots/BAC/BAC_4H_20260901_060045.png
 create mode 100644 charts/screenshots/BAC/BAC_4H_20260902_054852.png
 delete mode 100644 charts/screenshots/BAC/BAC_Daily_20260901_060045.png
 create mode 100644 charts/screenshots/BAC/BAC_Daily_20260902_054852.png
 delete mode 100644 charts/screenshots/BAC/BAC_Monthly_20260901_060045.png
 create mode 100644 charts/screenshots/BAC/BAC_Monthly_20260902_054852.png
 delete mode 100644 charts/screenshots/BAC/BAC_Weekly_20260901_060045.png
 create mode 100644 charts/screenshots/BAC/BAC_Weekly_20260902_054852.png
 delete mode 100644 charts/screenshots/BKNG/BKNG_1H_20260901_061655.png
 create mode 100644 charts/screenshots/BKNG/BKNG_1H_20260902_054004.png
 delete mode 100644 charts/screenshots/BKNG/BKNG_4H_20260901_061655.png
 create mode 100644 charts/screenshots/BKNG/BKNG_4H_20260902_054004.png
 delete mode 100644 charts/screenshots/BKNG/BKNG_Daily_20260901_061655.png
 create mode 100644 charts/screenshots/BKNG/BKNG_Daily_20260902_054004.png
 delete mode 100644 charts/screenshots/BKNG/BKNG_Monthly_20260901_061655.png
 create mode 100644 charts/screenshots/BKNG/BKNG_Monthly_20260902_054004.png
 delete mode 100644 charts/screenshots/BKNG/BKNG_Weekly_20260901_061655.png
 create mode 100644 charts/screenshots/BKNG/BKNG_Weekly_20260902_054004.png
 delete mode 100644 charts/screenshots/BMY/BMY_1H_20260901_060813.png
 delete mode 100644 charts/screenshots/BMY/BMY_4H_20260901_060813.png
 delete mode 100644 charts/screenshots/BMY/BMY_Daily_20260901_060813.png
 delete mode 100644 charts/screenshots/BMY/BMY_Monthly_20260901_060813.png
 delete mode 100644 charts/screenshots/BMY/BMY_Weekly_20260901_060813.png
 delete mode 100644 charts/screenshots/BRK-B/BRK-B_1H_20260901_063914.png
 create mode 100644 charts/screenshots/BRK-B/BRK-B_1H_20260902_060819.png
 delete mode 100644 charts/screenshots/BRK-B/BRK-B_4H_20260901_063914.png
 create mode 100644 charts/screenshots/BRK-B/BRK-B_4H_20260902_060819.png
 delete mode 100644 charts/screenshots/BRK-B/BRK-B_Daily_20260901_063914.png
 create mode 100644 charts/screenshots/BRK-B/BRK-B_Daily_20260902_060819.png
 delete mode 100644 charts/screenshots/BRK-B/BRK-B_Monthly_20260901_063914.png
 create mode 100644 charts/screenshots/BRK-B/BRK-B_Monthly_20260902_060819.png
 delete mode 100644 charts/screenshots/BRK-B/BRK-B_Weekly_20260901_063914.png
 create mode 100644 charts/screenshots/BRK-B/BRK-B_Weekly_20260902_060819.png
 delete mode 100644 charts/screenshots/BSX/BSX_1H_20260901_064831.png
 delete mode 100644 charts/screenshots/BSX/BSX_4H_20260901_064831.png
 delete mode 100644 charts/screenshots/BSX/BSX_Daily_20260901_064831.png
 delete mode 100644 charts/screenshots/BSX/BSX_Monthly_20260901_064831.png
 delete mode 100644 charts/screenshots/BSX/BSX_Weekly_20260901_064831.png
 delete mode 100644 charts/screenshots/C/C_1H_20260901_063227.png
 create mode 100644 charts/screenshots/C/C_1H_20260902_055545.png
 delete mode 100644 charts/screenshots/C/C_4H_20260901_063227.png
 create mode 100644 charts/screenshots/C/C_4H_20260902_055545.png
 delete mode 100644 charts/screenshots/C/C_Daily_20260901_063227.png
 create mode 100644 charts/screenshots/C/C_Daily_20260902_055545.png
 delete mode 100644 charts/screenshots/C/C_Monthly_20260901_063227.png
 create mode 100644 charts/screenshots/C/C_Monthly_20260902_055545.png
 delete mode 100644 charts/screenshots/C/C_Weekly_20260901_063227.png
 create mode 100644 charts/screenshots/C/C_Weekly_20260902_055545.png
 delete mode 100644 charts/screenshots/COP/COP_1H_20260901_055738.png
 create mode 100644 charts/screenshots/COP/COP_1H_20260902_052650.png
 delete mode 100644 charts/screenshots/COP/COP_4H_20260901_055738.png
 create mode 100644 charts/screenshots/COP/COP_4H_20260902_052650.png
 delete mode 100644 charts/screenshots/COP/COP_Daily_20260901_055738.png
 create mode 100644 charts/screenshots/COP/COP_Daily_20260902_052650.png
 delete mode 100644 charts/screenshots/COP/COP_Monthly_20260901_055738.png
 create mode 100644 charts/screenshots/COP/COP_Monthly_20260902_052650.png
 delete mode 100644 charts/screenshots/COP/COP_Weekly_20260901_055738.png
 create mode 100644 charts/screenshots/COP/COP_Weekly_20260902_052650.png
 delete mode 100644 charts/screenshots/CRM/CRM_1H_20260901_063113.png
 create mode 100644 charts/screenshots/CRM/CRM_1H_20260902_060009.png
 delete mode 100644 charts/screenshots/CRM/CRM_4H_20260901_063113.png
 create mode 100644 charts/screenshots/CRM/CRM_4H_20260902_060009.png
 delete mode 100644 charts/screenshots/CRM/CRM_Daily_20260901_063113.png
 create mode 100644 charts/screenshots/CRM/CRM_Daily_20260902_060009.png
 delete mode 100644 charts/screenshots/CRM/CRM_Monthly_20260901_063113.png
 create mode 100644 charts/screenshots/CRM/CRM_Monthly_20260902_060009.png
 delete mode 100644 charts/screenshots/CRM/CRM_Weekly_20260901_063113.png
 create mode 100644 charts/screenshots/CRM/CRM_Weekly_20260902_060009.png
 delete mode 100644 charts/screenshots/CRWD/CRWD_1H_20260901_061426.png
 create mode 100644 charts/screenshots/CRWD/CRWD_1H_20260902_052535.png
 delete mode 100644 charts/screenshots/CRWD/CRWD_4H_20260901_061426.png
 create mode 100644 charts/screenshots/CRWD/CRWD_4H_20260902_052535.png
 delete mode 100644 charts/screenshots/CRWD/CRWD_Daily_20260901_061426.png
 create mode 100644 charts/screenshots/CRWD/CRWD_Daily_20260902_052535.png
 delete mode 100644 charts/screenshots/CRWD/CRWD_Monthly_20260901_061426.png
 create mode 100644 charts/screenshots/CRWD/CRWD_Monthly_20260902_052535.png
 delete mode 100644 charts/screenshots/CRWD/CRWD_Weekly_20260901_061426.png
 create mode 100644 charts/screenshots/CRWD/CRWD_Weekly_20260902_052535.png
 delete mode 100644 charts/screenshots/CVS/CVS_1H_20260901_063609.png
 create mode 100644 charts/screenshots/CVS/CVS_1H_20260902_055817.png
 delete mode 100644 charts/screenshots/CVS/CVS_4H_20260901_063609.png
 create mode 100644 charts/screenshots/CVS/CVS_4H_20260902_055817.png
 delete mode 100644 charts/screenshots/CVS/CVS_Daily_20260901_063609.png
 create mode 100644 charts/screenshots/CVS/CVS_Daily_20260902_055817.png
 delete mode 100644 charts/screenshots/CVS/CVS_Monthly_20260901_063609.png
 create mode 100644 charts/screenshots/CVS/CVS_Monthly_20260902_055817.png
 delete mode 100644 charts/screenshots/CVS/CVS_Weekly_20260901_063609.png
 create mode 100644 charts/screenshots/CVS/CVS_Weekly_20260902_055817.png
 delete mode 100644 charts/screenshots/CVX/CVX_1H_20260901_060008.png
 create mode 100644 charts/screenshots/CVX/CVX_1H_20260902_052728.png
 delete mode 100644 charts/screenshots/CVX/CVX_4H_20260901_060008.png
 create mode 100644 charts/screenshots/CVX/CVX_4H_20260902_052728.png
 delete mode 100644 charts/screenshots/CVX/CVX_Daily_20260901_060008.png
 create mode 100644 charts/screenshots/CVX/CVX_Daily_20260902_052728.png
 delete mode 100644 charts/screenshots/CVX/CVX_Monthly_20260901_060008.png
 create mode 100644 charts/screenshots/CVX/CVX_Monthly_20260902_052728.png
 delete mode 100644 charts/screenshots/CVX/CVX_Weekly_20260901_060008.png
 create mode 100644 charts/screenshots/CVX/CVX_Weekly_20260902_052728.png
 delete mode 100644 charts/screenshots/DASH/DASH_1H_20260901_060543.png
 create mode 100644 charts/screenshots/DASH/DASH_1H_20260902_053115.png
 delete mode 100644 charts/screenshots/DASH/DASH_4H_20260901_060543.png
 create mode 100644 charts/screenshots/DASH/DASH_4H_20260902_053115.png
 delete mode 100644 charts/screenshots/DASH/DASH_Daily_20260901_060543.png
 create mode 100644 charts/screenshots/DASH/DASH_Daily_20260902_053115.png
 delete mode 100644 charts/screenshots/DASH/DASH_Monthly_20260901_060543.png
 create mode 100644 charts/screenshots/DASH/DASH_Monthly_20260902_053115.png
 delete mode 100644 charts/screenshots/DASH/DASH_Weekly_20260901_060543.png
 create mode 100644 charts/screenshots/DASH/DASH_Weekly_20260902_053115.png
 delete mode 100644 charts/screenshots/DE/DE_1H_20260901_063303.png
 create mode 100644 charts/screenshots/DE/DE_1H_20260902_054119.png
 delete mode 100644 charts/screenshots/DE/DE_4H_20260901_063303.png
 create mode 100644 charts/screenshots/DE/DE_4H_20260902_054119.png
 delete mode 100644 charts/screenshots/DE/DE_Daily_20260901_063303.png
 create mode 100644 charts/screenshots/DE/DE_Daily_20260902_054119.png
 delete mode 100644 charts/screenshots/DE/DE_Monthly_20260901_063303.png
 create mode 100644 charts/screenshots/DE/DE_Monthly_20260902_054119.png
 delete mode 100644 charts/screenshots/DE/DE_Weekly_20260901_063303.png
 create mode 100644 charts/screenshots/DE/DE_Weekly_20260902_054119.png
 delete mode 100644 charts/screenshots/DELL/DELL_1H_20260901_063340.png
 create mode 100644 charts/screenshots/DELL/DELL_1H_20260902_060202.png
 delete mode 100644 charts/screenshots/DELL/DELL_4H_20260901_063340.png
 create mode 100644 charts/screenshots/DELL/DELL_4H_20260902_060202.png
 delete mode 100644 charts/screenshots/DELL/DELL_Daily_20260901_063340.png
 create mode 100644 charts/screenshots/DELL/DELL_Daily_20260902_060202.png
 delete mode 100644 charts/screenshots/DELL/DELL_Monthly_20260901_063340.png
 create mode 100644 charts/screenshots/DELL/DELL_Monthly_20260902_060202.png
 delete mode 100644 charts/screenshots/DELL/DELL_Weekly_20260901_063340.png
 create mode 100644 charts/screenshots/DELL/DELL_Weekly_20260902_060202.png
 delete mode 100644 charts/screenshots/DHR/DHR_1H_20260901_061733.png
 create mode 100644 charts/screenshots/DHR/DHR_1H_20260902_055159.png
 delete mode 100644 charts/screenshots/DHR/DHR_4H_20260901_061733.png
 create mode 100644 charts/screenshots/DHR/DHR_4H_20260902_055159.png
 delete mode 100644 charts/screenshots/DHR/DHR_Daily_20260901_061733.png
 create mode 100644 charts/screenshots/DHR/DHR_Daily_20260902_055159.png
 delete mode 100644 charts/screenshots/DHR/DHR_Monthly_20260901_061733.png
 create mode 100644 charts/screenshots/DHR/DHR_Monthly_20260902_055159.png
 delete mode 100644 charts/screenshots/DHR/DHR_Weekly_20260901_061733.png
 create mode 100644 charts/screenshots/DHR/DHR_Weekly_20260902_055159.png
 delete mode 100644 charts/screenshots/DIS/DIS_1H_20260901_055930.png
 create mode 100644 charts/screenshots/DIS/DIS_1H_20260902_053926.png
 delete mode 100644 charts/screenshots/DIS/DIS_4H_20260901_055930.png
 create mode 100644 charts/screenshots/DIS/DIS_4H_20260902_053926.png
 delete mode 100644 charts/screenshots/DIS/DIS_Daily_20260901_055930.png
 create mode 100644 charts/screenshots/DIS/DIS_Daily_20260902_053926.png
 delete mode 100644 charts/screenshots/DIS/DIS_Monthly_20260901_055930.png
 create mode 100644 charts/screenshots/DIS/DIS_Monthly_20260902_053926.png
 delete mode 100644 charts/screenshots/DIS/DIS_Weekly_20260901_055930.png
 create mode 100644 charts/screenshots/DIS/DIS_Weekly_20260902_053926.png
 delete mode 100644 charts/screenshots/FCX/FCX_1H_20260901_061926.png
 create mode 100644 charts/screenshots/FCX/FCX_1H_20260902_054351.png
 delete mode 100644 charts/screenshots/FCX/FCX_4H_20260901_061926.png
 create mode 100644 charts/screenshots/FCX/FCX_4H_20260902_054351.png
 delete mode 100644 charts/screenshots/FCX/FCX_Daily_20260901_061926.png
 create mode 100644 charts/screenshots/FCX/FCX_Daily_20260902_054351.png
 delete mode 100644 charts/screenshots/FCX/FCX_Monthly_20260901_061926.png
 create mode 100644 charts/screenshots/FCX/FCX_Monthly_20260902_054351.png
 delete mode 100644 charts/screenshots/FCX/FCX_Weekly_20260901_061926.png
 create mode 100644 charts/screenshots/FCX/FCX_Weekly_20260902_054351.png
 delete mode 100644 charts/screenshots/FTNT/FTNT_1H_20260901_060351.png
 create mode 100644 charts/screenshots/FTNT/FTNT_1H_20260902_054929.png
 delete mode 100644 charts/screenshots/FTNT/FTNT_4H_20260901_060351.png
 create mode 100644 charts/screenshots/FTNT/FTNT_4H_20260902_054929.png
 delete mode 100644 charts/screenshots/FTNT/FTNT_Daily_20260901_060351.png
 create mode 100644 charts/screenshots/FTNT/FTNT_Daily_20260902_054929.png
 delete mode 100644 charts/screenshots/FTNT/FTNT_Monthly_20260901_060351.png
 create mode 100644 charts/screenshots/FTNT/FTNT_Monthly_20260902_054929.png
 delete mode 100644 charts/screenshots/FTNT/FTNT_Weekly_20260901_060351.png
 create mode 100644 charts/screenshots/FTNT/FTNT_Weekly_20260902_054929.png
 create mode 100644 charts/screenshots/GEV/GEV_1H_20260902_061552.png
 create mode 100644 charts/screenshots/GEV/GEV_4H_20260902_061552.png
 create mode 100644 charts/screenshots/GEV/GEV_Daily_20260902_061552.png
 create mode 100644 charts/screenshots/GEV/GEV_Monthly_20260902_061552.png
 create mode 100644 charts/screenshots/GEV/GEV_Weekly_20260902_061552.png
 delete mode 100644 charts/screenshots/GILD/GILD_1H_20260901_060850.png
 create mode 100644 charts/screenshots/GILD/GILD_1H_20260902_053502.png
 delete mode 100644 charts/screenshots/GILD/GILD_4H_20260901_060850.png
 create mode 100644 charts/screenshots/GILD/GILD_4H_20260902_053502.png
 delete mode 100644 charts/screenshots/GILD/GILD_Daily_20260901_060850.png
 create mode 100644 charts/screenshots/GILD/GILD_Daily_20260902_053502.png
 delete mode 100644 charts/screenshots/GILD/GILD_Monthly_20260901_060850.png
 create mode 100644 charts/screenshots/GILD/GILD_Monthly_20260902_053502.png
 delete mode 100644 charts/screenshots/GILD/GILD_Weekly_20260901_060850.png
 create mode 100644 charts/screenshots/GILD/GILD_Weekly_20260902_053502.png
 create mode 100644 charts/screenshots/GOOG/GOOG_1H_20260902_061244.png
 create mode 100644 charts/screenshots/GOOG/GOOG_4H_20260902_061244.png
 create mode 100644 charts/screenshots/GOOG/GOOG_Daily_20260902_061244.png
 create mode 100644 charts/screenshots/GOOG/GOOG_Monthly_20260902_061244.png
 create mode 100644 charts/screenshots/GOOG/GOOG_Weekly_20260902_061244.png
 create mode 100644 charts/screenshots/GOOGL/GOOGL_1H_20260902_061321.png
 create mode 100644 charts/screenshots/GOOGL/GOOGL_4H_20260902_061321.png
 create mode 100644 charts/screenshots/GOOGL/GOOGL_Daily_20260902_061321.png
 create mode 100644 charts/screenshots/GOOGL/GOOGL_Monthly_20260902_061321.png
 create mode 100644 charts/screenshots/GOOGL/GOOGL_Weekly_20260902_061321.png
 delete mode 100644 charts/screenshots/GS/GS_1H_20260901_064255.png
 delete mode 100644 charts/screenshots/GS/GS_4H_20260901_064255.png
 delete mode 100644 charts/screenshots/GS/GS_Daily_20260901_064255.png
 delete mode 100644 charts/screenshots/GS/GS_Monthly_20260901_064255.png
 delete mode 100644 charts/screenshots/GS/GS_Weekly_20260901_064255.png
 delete mode 100644 charts/screenshots/HON/HON_1H_20260901_064639.png
 create mode 100644 charts/screenshots/HON/HON_1H_20260902_061359.png
 delete mode 100644 charts/screenshots/HON/HON_4H_20260901_064639.png
 create mode 100644 charts/screenshots/HON/HON_4H_20260902_061359.png
 delete mode 100644 charts/screenshots/HON/HON_Daily_20260901_064639.png
 create mode 100644 charts/screenshots/HON/HON_Daily_20260902_061359.png
 delete mode 100644 charts/screenshots/HON/HON_Monthly_20260901_064639.png
 create mode 100644 charts/screenshots/HON/HON_Monthly_20260902_061359.png
 delete mode 100644 charts/screenshots/HON/HON_Weekly_20260901_064639.png
 create mode 100644 charts/screenshots/HON/HON_Weekly_20260902_061359.png
 delete mode 100644 charts/screenshots/HOOD/HOOD_1H_20260901_062003.png
 create mode 100644 charts/screenshots/HOOD/HOOD_1H_20260902_053540.png
 delete mode 100644 charts/screenshots/HOOD/HOOD_4H_20260901_062003.png
 create mode 100644 charts/screenshots/HOOD/HOOD_4H_20260902_053540.png
 delete mode 100644 charts/screenshots/HOOD/HOOD_Daily_20260901_062003.png
 create mode 100644 charts/screenshots/HOOD/HOOD_Daily_20260902_053540.png
 delete mode 100644 charts/screenshots/HOOD/HOOD_Monthly_20260901_062003.png
 create mode 100644 charts/screenshots/HOOD/HOOD_Monthly_20260902_053540.png
 delete mode 100644 charts/screenshots/HOOD/HOOD_Weekly_20260901_062003.png
 create mode 100644 charts/screenshots/HOOD/HOOD_Weekly_20260902_053540.png
 delete mode 100644 charts/screenshots/HPE/HPE_1H_20260901_063150.png
 create mode 100644 charts/screenshots/HPE/HPE_1H_20260902_060318.png
 delete mode 100644 charts/screenshots/HPE/HPE_4H_20260901_063150.png
 create mode 100644 charts/screenshots/HPE/HPE_4H_20260902_060318.png
 delete mode 100644 charts/screenshots/HPE/HPE_Daily_20260901_063150.png
 create mode 100644 charts/screenshots/HPE/HPE_Daily_20260902_060318.png
 delete mode 100644 charts/screenshots/HPE/HPE_Monthly_20260901_063150.png
 create mode 100644 charts/screenshots/HPE/HPE_Monthly_20260902_060318.png
 delete mode 100644 charts/screenshots/HPE/HPE_Weekly_20260901_063150.png
 create mode 100644 charts/screenshots/HPE/HPE_Weekly_20260902_060318.png
 create mode 100644 charts/screenshots/HWM/HWM_1H_20260902_061050.png
 create mode 100644 charts/screenshots/HWM/HWM_4H_20260902_061050.png
 create mode 100644 charts/screenshots/HWM/HWM_Daily_20260902_061050.png
 create mode 100644 charts/screenshots/HWM/HWM_Monthly_20260902_061050.png
 create mode 100644 charts/screenshots/HWM/HWM_Weekly_20260902_061050.png
 delete mode 100644 charts/screenshots/IWM/IWM_1H_20260901_062348.png
 create mode 100644 charts/screenshots/IWM/IWM_1H_20260902_055507.png
 delete mode 100644 charts/screenshots/IWM/IWM_4H_20260901_062348.png
 create mode 100644 charts/screenshots/IWM/IWM_4H_20260902_055507.png
 delete mode 100644 charts/screenshots/IWM/IWM_Daily_20260901_062348.png
 create mode 100644 charts/screenshots/IWM/IWM_Daily_20260902_055507.png
 delete mode 100644 charts/screenshots/IWM/IWM_Monthly_20260901_062348.png
 create mode 100644 charts/screenshots/IWM/IWM_Monthly_20260902_055507.png
 delete mode 100644 charts/screenshots/IWM/IWM_Weekly_20260901_062348.png
 create mode 100644 charts/screenshots/IWM/IWM_Weekly_20260902_055507.png
 delete mode 100644 charts/screenshots/JNJ/JNJ_1H_20260901_060927.png
 create mode 100644 charts/screenshots/JNJ/JNJ_1H_20260902_054429.png
 delete mode 100644 charts/screenshots/JNJ/JNJ_4H_20260901_060927.png
 create mode 100644 charts/screenshots/JNJ/JNJ_4H_20260902_054429.png
 delete mode 100644 charts/screenshots/JNJ/JNJ_Daily_20260901_060927.png
 create mode 100644 charts/screenshots/JNJ/JNJ_Daily_20260902_054429.png
 delete mode 100644 charts/screenshots/JNJ/JNJ_Monthly_20260901_060927.png
 create mode 100644 charts/screenshots/JNJ/JNJ_Monthly_20260902_054429.png
 delete mode 100644 charts/screenshots/JNJ/JNJ_Weekly_20260901_060927.png
 create mode 100644 charts/screenshots/JNJ/JNJ_Weekly_20260902_054429.png
 delete mode 100644 charts/screenshots/JPM/JPM_1H_20260901_061540.png
 create mode 100644 charts/screenshots/JPM/JPM_1H_20260902_055007.png
 delete mode 100644 charts/screenshots/JPM/JPM_4H_20260901_061540.png
 create mode 100644 charts/screenshots/JPM/JPM_4H_20260902_055007.png
 delete mode 100644 charts/screenshots/JPM/JPM_Daily_20260901_061540.png
 create mode 100644 charts/screenshots/JPM/JPM_Daily_20260902_055007.png
 delete mode 100644 charts/screenshots/JPM/JPM_Monthly_20260901_061540.png
 create mode 100644 charts/screenshots/JPM/JPM_Monthly_20260902_055007.png
 delete mode 100644 charts/screenshots/JPM/JPM_Weekly_20260901_061540.png
 create mode 100644 charts/screenshots/JPM/JPM_Weekly_20260902_055007.png
 delete mode 100644 charts/screenshots/KO/KO_1H_20260901_062041.png
 create mode 100644 charts/screenshots/KO/KO_1H_20260902_055315.png
 delete mode 100644 charts/screenshots/KO/KO_4H_20260901_062041.png
 create mode 100644 charts/screenshots/KO/KO_4H_20260902_055315.png
 delete mode 100644 charts/screenshots/KO/KO_Daily_20260901_062041.png
 create mode 100644 charts/screenshots/KO/KO_Daily_20260902_055315.png
 delete mode 100644 charts/screenshots/KO/KO_Monthly_20260901_062041.png
 create mode 100644 charts/screenshots/KO/KO_Monthly_20260902_055315.png
 delete mode 100644 charts/screenshots/KO/KO_Weekly_20260901_062041.png
 create mode 100644 charts/screenshots/KO/KO_Weekly_20260902_055315.png
 delete mode 100644 charts/screenshots/LLY/LLY_1H_20260901_064333.png
 create mode 100644 charts/screenshots/LLY/LLY_1H_20260902_060047.png
 delete mode 100644 charts/screenshots/LLY/LLY_4H_20260901_064333.png
 create mode 100644 charts/screenshots/LLY/LLY_4H_20260902_060047.png
 delete mode 100644 charts/screenshots/LLY/LLY_Daily_20260901_064333.png
 create mode 100644 charts/screenshots/LLY/LLY_Daily_20260902_060047.png
 delete mode 100644 charts/screenshots/LLY/LLY_Monthly_20260901_064333.png
 create mode 100644 charts/screenshots/LLY/LLY_Monthly_20260902_060047.png
 delete mode 100644 charts/screenshots/LLY/LLY_Weekly_20260901_064333.png
 create mode 100644 charts/screenshots/LLY/LLY_Weekly_20260902_060047.png
 delete mode 100644 charts/screenshots/MA/MA_1H_20260901_060621.png
 create mode 100644 charts/screenshots/MA/MA_1H_20260902_053153.png
 delete mode 100644 charts/screenshots/MA/MA_4H_20260901_060621.png
 create mode 100644 charts/screenshots/MA/MA_4H_20260902_053153.png
 delete mode 100644 charts/screenshots/MA/MA_Daily_20260901_060621.png
 create mode 100644 charts/screenshots/MA/MA_Daily_20260902_053153.png
 delete mode 100644 charts/screenshots/MA/MA_Monthly_20260901_060621.png
 create mode 100644 charts/screenshots/MA/MA_Monthly_20260902_053153.png
 delete mode 100644 charts/screenshots/MA/MA_Weekly_20260901_060621.png
 create mode 100644 charts/screenshots/MA/MA_Weekly_20260902_053153.png
 delete mode 100644 charts/screenshots/MCK/MCK_1H_20260901_062922.png
 create mode 100644 charts/screenshots/MCK/MCK_1H_20260902_055854.png
 delete mode 100644 charts/screenshots/MCK/MCK_4H_20260901_062922.png
 create mode 100644 charts/screenshots/MCK/MCK_4H_20260902_055854.png
 delete mode 100644 charts/screenshots/MCK/MCK_Daily_20260901_062922.png
 create mode 100644 charts/screenshots/MCK/MCK_Daily_20260902_055854.png
 delete mode 100644 charts/screenshots/MCK/MCK_Monthly_20260901_062922.png
 create mode 100644 charts/screenshots/MCK/MCK_Monthly_20260902_055854.png
 delete mode 100644 charts/screenshots/MCK/MCK_Weekly_20260901_062922.png
 create mode 100644 charts/screenshots/MCK/MCK_Weekly_20260902_055854.png
 delete mode 100644 charts/screenshots/MELI/MELI_1H_20260901_062539.png
 create mode 100644 charts/screenshots/MELI/MELI_1H_20260902_054815.png
 delete mode 100644 charts/screenshots/MELI/MELI_4H_20260901_062539.png
 create mode 100644 charts/screenshots/MELI/MELI_4H_20260902_054815.png
 delete mode 100644 charts/screenshots/MELI/MELI_Daily_20260901_062539.png
 create mode 100644 charts/screenshots/MELI/MELI_Daily_20260902_054815.png
 delete mode 100644 charts/screenshots/MELI/MELI_Monthly_20260901_062539.png
 create mode 100644 charts/screenshots/MELI/MELI_Monthly_20260902_054815.png
 delete mode 100644 charts/screenshots/MELI/MELI_Weekly_20260901_062539.png
 create mode 100644 charts/screenshots/MELI/MELI_Weekly_20260902_054815.png
 delete mode 100644 charts/screenshots/META/META_1H_20260901_064602.png
 create mode 100644 charts/screenshots/META/META_1H_20260902_060857.png
 delete mode 100644 charts/screenshots/META/META_4H_20260901_064602.png
 create mode 100644 charts/screenshots/META/META_4H_20260902_060857.png
 delete mode 100644 charts/screenshots/META/META_Daily_20260901_064602.png
 create mode 100644 charts/screenshots/META/META_Daily_20260902_060857.png
 delete mode 100644 charts/screenshots/META/META_Monthly_20260901_064602.png
 create mode 100644 charts/screenshots/META/META_Monthly_20260902_060857.png
 delete mode 100644 charts/screenshots/META/META_Weekly_20260901_064602.png
 create mode 100644 charts/screenshots/META/META_Weekly_20260902_060857.png
 delete mode 100644 charts/screenshots/MPC/MPC_1H_20260901_055815.png
 create mode 100644 charts/screenshots/MPC/MPC_1H_20260902_054622.png
 delete mode 100644 charts/screenshots/MPC/MPC_4H_20260901_055815.png
 create mode 100644 charts/screenshots/MPC/MPC_4H_20260902_054622.png
 delete mode 100644 charts/screenshots/MPC/MPC_Daily_20260901_055815.png
 create mode 100644 charts/screenshots/MPC/MPC_Daily_20260902_054622.png
 delete mode 100644 charts/screenshots/MPC/MPC_Monthly_20260901_055815.png
 create mode 100644 charts/screenshots/MPC/MPC_Monthly_20260902_054622.png
 delete mode 100644 charts/screenshots/MPC/MPC_Weekly_20260901_055815.png
 create mode 100644 charts/screenshots/MPC/MPC_Weekly_20260902_054622.png
 delete mode 100644 charts/screenshots/MRK/MRK_1H_20260901_061005.png
 create mode 100644 charts/screenshots/MRK/MRK_1H_20260902_053618.png
 delete mode 100644 charts/screenshots/MRK/MRK_4H_20260901_061005.png
 create mode 100644 charts/screenshots/MRK/MRK_4H_20260902_053618.png
 delete mode 100644 charts/screenshots/MRK/MRK_Daily_20260901_061005.png
 create mode 100644 charts/screenshots/MRK/MRK_Daily_20260902_053618.png
 delete mode 100644 charts/screenshots/MRK/MRK_Monthly_20260901_061005.png
 create mode 100644 charts/screenshots/MRK/MRK_Monthly_20260902_053618.png
 delete mode 100644 charts/screenshots/MRK/MRK_Weekly_20260901_061005.png
 create mode 100644 charts/screenshots/MRK/MRK_Weekly_20260902_053618.png
 delete mode 100644 charts/screenshots/MRNA/MRNA_1H_20260901_061042.png
 create mode 100644 charts/screenshots/MRNA/MRNA_1H_20260902_052806.png
 delete mode 100644 charts/screenshots/MRNA/MRNA_4H_20260901_061042.png
 create mode 100644 charts/screenshots/MRNA/MRNA_4H_20260902_052806.png
 delete mode 100644 charts/screenshots/MRNA/MRNA_Daily_20260901_061042.png
 create mode 100644 charts/screenshots/MRNA/MRNA_Daily_20260902_052806.png
 delete mode 100644 charts/screenshots/MRNA/MRNA_Monthly_20260901_061042.png
 create mode 100644 charts/screenshots/MRNA/MRNA_Monthly_20260902_052806.png
 delete mode 100644 charts/screenshots/MRNA/MRNA_Weekly_20260901_061042.png
 create mode 100644 charts/screenshots/MRNA/MRNA_Weekly_20260902_052806.png
 delete mode 100644 charts/screenshots/MRVL/MRVL_1H_20260901_063646.png
 delete mode 100644 charts/screenshots/MRVL/MRVL_4H_20260901_063646.png
 delete mode 100644 charts/screenshots/MRVL/MRVL_Daily_20260901_063646.png
 delete mode 100644 charts/screenshots/MRVL/MRVL_Monthly_20260901_063646.png
 delete mode 100644 charts/screenshots/MRVL/MRVL_Weekly_20260901_063646.png
 delete mode 100644 charts/screenshots/MS/MS_1H_20260901_064219.png
 create mode 100644 charts/screenshots/MS/MS_1H_20260902_060433.png
 delete mode 100644 charts/screenshots/MS/MS_4H_20260901_064219.png
 create mode 100644 charts/screenshots/MS/MS_4H_20260902_060433.png
 delete mode 100644 charts/screenshots/MS/MS_Daily_20260901_064219.png
 create mode 100644 charts/screenshots/MS/MS_Daily_20260902_060433.png
 delete mode 100644 charts/screenshots/MS/MS_Monthly_20260901_064219.png
 create mode 100644 charts/screenshots/MS/MS_Monthly_20260902_060433.png
 delete mode 100644 charts/screenshots/MS/MS_Weekly_20260901_064219.png
 create mode 100644 charts/screenshots/MS/MS_Weekly_20260902_060433.png
 delete mode 100644 charts/screenshots/MSFT/MSFT_1H_20260901_061119.png
 create mode 100644 charts/screenshots/MSFT/MSFT_1H_20260902_053656.png
 delete mode 100644 charts/screenshots/MSFT/MSFT_4H_20260901_061119.png
 create mode 100644 charts/screenshots/MSFT/MSFT_4H_20260902_053656.png
 delete mode 100644 charts/screenshots/MSFT/MSFT_Daily_20260901_061119.png
 create mode 100644 charts/screenshots/MSFT/MSFT_Daily_20260902_053656.png
 delete mode 100644 charts/screenshots/MSFT/MSFT_Monthly_20260901_061119.png
 create mode 100644 charts/screenshots/MSFT/MSFT_Monthly_20260902_053656.png
 delete mode 100644 charts/screenshots/MSFT/MSFT_Weekly_20260901_061119.png
 create mode 100644 charts/screenshots/MSFT/MSFT_Weekly_20260902_053656.png
 delete mode 100644 charts/screenshots/MU/MU_1H_20260901_062118.png
 create mode 100644 charts/screenshots/MU/MU_1H_20260902_060125.png
 delete mode 100644 charts/screenshots/MU/MU_4H_20260901_062118.png
 create mode 100644 charts/screenshots/MU/MU_4H_20260902_060125.png
 delete mode 100644 charts/screenshots/MU/MU_Daily_20260901_062118.png
 create mode 100644 charts/screenshots/MU/MU_Daily_20260902_060125.png
 delete mode 100644 charts/screenshots/MU/MU_Monthly_20260901_062118.png
 create mode 100644 charts/screenshots/MU/MU_Monthly_20260902_060125.png
 delete mode 100644 charts/screenshots/MU/MU_Weekly_20260901_062118.png
 create mode 100644 charts/screenshots/MU/MU_Weekly_20260902_060125.png
 delete mode 100644 charts/screenshots/NBM.V/NBM.V_1H_20260901_065138.png
 create mode 100644 charts/screenshots/NBM.V/NBM.V_1H_20260902_061709.png
 delete mode 100644 charts/screenshots/NBM.V/NBM.V_4H_20260901_065138.png
 create mode 100644 charts/screenshots/NBM.V/NBM.V_4H_20260902_061709.png
 delete mode 100644 charts/screenshots/NBM.V/NBM.V_Daily_20260901_065138.png
 create mode 100644 charts/screenshots/NBM.V/NBM.V_Daily_20260902_061709.png
 delete mode 100644 charts/screenshots/NBM.V/NBM.V_Monthly_20260901_065138.png
 create mode 100644 charts/screenshots/NBM.V/NBM.V_Monthly_20260902_061709.png
 delete mode 100644 charts/screenshots/NBM.V/NBM.V_Weekly_20260901_065138.png
 create mode 100644 charts/screenshots/NBM.V/NBM.V_Weekly_20260902_061709.png
 delete mode 100644 charts/screenshots/NEM/NEM_1H_20260901_060236.png
 create mode 100644 charts/screenshots/NEM/NEM_1H_20260902_053733.png
 delete mode 100644 charts/screenshots/NEM/NEM_4H_20260901_060236.png
 create mode 100644 charts/screenshots/NEM/NEM_4H_20260902_053733.png
 delete mode 100644 charts/screenshots/NEM/NEM_Daily_20260901_060236.png
 create mode 100644 charts/screenshots/NEM/NEM_Daily_20260902_053733.png
 delete mode 100644 charts/screenshots/NEM/NEM_Monthly_20260901_060236.png
 create mode 100644 charts/screenshots/NEM/NEM_Monthly_20260902_053733.png
 delete mode 100644 charts/screenshots/NEM/NEM_Weekly_20260901_060236.png
 create mode 100644 charts/screenshots/NEM/NEM_Weekly_20260902_053733.png
 create mode 100644 charts/screenshots/NKE/NKE_1H_20260902_061631.png
 create mode 100644 charts/screenshots/NKE/NKE_4H_20260902_061631.png
 create mode 100644 charts/screenshots/NKE/NKE_Daily_20260902_061631.png
 create mode 100644 charts/screenshots/NKE/NKE_Monthly_20260902_061631.png
 create mode 100644 charts/screenshots/NKE/NKE_Weekly_20260902_061631.png
 delete mode 100644 charts/screenshots/NOW/NOW_1H_20260901_062155.png
 create mode 100644 charts/screenshots/NOW/NOW_1H_20260902_052922.png
 delete mode 100644 charts/screenshots/NOW/NOW_4H_20260901_062155.png
 create mode 100644 charts/screenshots/NOW/NOW_4H_20260902_052922.png
 delete mode 100644 charts/screenshots/NOW/NOW_Daily_20260901_062155.png
 create mode 100644 charts/screenshots/NOW/NOW_Daily_20260902_052922.png
 delete mode 100644 charts/screenshots/NOW/NOW_Monthly_20260901_062155.png
 create mode 100644 charts/screenshots/NOW/NOW_Monthly_20260902_052922.png
 delete mode 100644 charts/screenshots/NOW/NOW_Weekly_20260901_062155.png
 create mode 100644 charts/screenshots/NOW/NOW_Weekly_20260902_052922.png
 delete mode 100644 charts/screenshots/NVDA/NVDA_1H_20260901_063838.png
 create mode 100644 charts/screenshots/NVDA/NVDA_1H_20260902_060626.png
 delete mode 100644 charts/screenshots/NVDA/NVDA_4H_20260901_063838.png
 create mode 100644 charts/screenshots/NVDA/NVDA_4H_20260902_060626.png
 delete mode 100644 charts/screenshots/NVDA/NVDA_Daily_20260901_063838.png
 create mode 100644 charts/screenshots/NVDA/NVDA_Daily_20260902_060626.png
 delete mode 100644 charts/screenshots/NVDA/NVDA_Monthly_20260901_063838.png
 create mode 100644 charts/screenshots/NVDA/NVDA_Monthly_20260902_060626.png
 delete mode 100644 charts/screenshots/NVDA/NVDA_Weekly_20260901_063838.png
 create mode 100644 charts/screenshots/NVDA/NVDA_Weekly_20260902_060626.png
 delete mode 100644 charts/screenshots/NXPI/NXPI_1H_20260901_064716.png
 create mode 100644 charts/screenshots/NXPI/NXPI_1H_20260902_061128.png
 delete mode 100644 charts/screenshots/NXPI/NXPI_4H_20260901_064716.png
 create mode 100644 charts/screenshots/NXPI/NXPI_4H_20260902_061128.png
 delete mode 100644 charts/screenshots/NXPI/NXPI_Daily_20260901_064716.png
 create mode 100644 charts/screenshots/NXPI/NXPI_Daily_20260902_061128.png
 delete mode 100644 charts/screenshots/NXPI/NXPI_Monthly_20260901_064716.png
 create mode 100644 charts/screenshots/NXPI/NXPI_Monthly_20260902_061128.png
 delete mode 100644 charts/screenshots/NXPI/NXPI_Weekly_20260901_064716.png
 create mode 100644 charts/screenshots/NXPI/NXPI_Weekly_20260902_061128.png
 delete mode 100644 charts/screenshots/PANW/PANW_1H_20260901_063418.png
 create mode 100644 charts/screenshots/PANW/PANW_1H_20260902_054506.png
 delete mode 100644 charts/screenshots/PANW/PANW_4H_20260901_063418.png
 create mode 100644 charts/screenshots/PANW/PANW_4H_20260902_054506.png
 delete mode 100644 charts/screenshots/PANW/PANW_Daily_20260901_063418.png
 create mode 100644 charts/screenshots/PANW/PANW_Daily_20260902_054506.png
 delete mode 100644 charts/screenshots/PANW/PANW_Monthly_20260901_063418.png
 create mode 100644 charts/screenshots/PANW/PANW_Monthly_20260902_054506.png
 delete mode 100644 charts/screenshots/PANW/PANW_Weekly_20260901_063418.png
 create mode 100644 charts/screenshots/PANW/PANW_Weekly_20260902_054506.png
 delete mode 100644 charts/screenshots/PFE/PFE_1H_20260901_061156.png
 create mode 100644 charts/screenshots/PFE/PFE_1H_20260902_053811.png
 delete mode 100644 charts/screenshots/PFE/PFE_4H_20260901_061156.png
 create mode 100644 charts/screenshots/PFE/PFE_4H_20260902_053811.png
 delete mode 100644 charts/screenshots/PFE/PFE_Daily_20260901_061156.png
 create mode 100644 charts/screenshots/PFE/PFE_Daily_20260902_053811.png
 delete mode 100644 charts/screenshots/PFE/PFE_Monthly_20260901_061156.png
 create mode 100644 charts/screenshots/PFE/PFE_Monthly_20260902_053811.png
 delete mode 100644 charts/screenshots/PFE/PFE_Weekly_20260901_061156.png
 create mode 100644 charts/screenshots/PFE/PFE_Weekly_20260902_053811.png
 delete mode 100644 charts/screenshots/PG/PG_1H_20260901_064447.png
 create mode 100644 charts/screenshots/PG/PG_1H_20260902_061012.png
 delete mode 100644 charts/screenshots/PG/PG_4H_20260901_064447.png
 create mode 100644 charts/screenshots/PG/PG_4H_20260902_061012.png
 delete mode 100644 charts/screenshots/PG/PG_Daily_20260901_064447.png
 create mode 100644 charts/screenshots/PG/PG_Daily_20260902_061012.png
 delete mode 100644 charts/screenshots/PG/PG_Monthly_20260901_064447.png
 create mode 100644 charts/screenshots/PG/PG_Monthly_20260902_061012.png
 delete mode 100644 charts/screenshots/PG/PG_Weekly_20260901_064447.png
 create mode 100644 charts/screenshots/PG/PG_Weekly_20260902_061012.png
 delete mode 100644 charts/screenshots/PH/PH_1H_20260901_064142.png
 delete mode 100644 charts/screenshots/PH/PH_4H_20260901_064142.png
 delete mode 100644 charts/screenshots/PH/PH_Daily_20260901_064142.png
 delete mode 100644 charts/screenshots/PH/PH_Monthly_20260901_064142.png
 delete mode 100644 charts/screenshots/PH/PH_Weekly_20260901_064142.png
 delete mode 100644 charts/screenshots/PLTR/PLTR_1H_20260901_060658.png
 create mode 100644 charts/screenshots/PLTR/PLTR_1H_20260902_053230.png
 delete mode 100644 charts/screenshots/PLTR/PLTR_4H_20260901_060658.png
 create mode 100644 charts/screenshots/PLTR/PLTR_4H_20260902_053230.png
 delete mode 100644 charts/screenshots/PLTR/PLTR_Daily_20260901_060658.png
 create mode 100644 charts/screenshots/PLTR/PLTR_Daily_20260902_053230.png
 delete mode 100644 charts/screenshots/PLTR/PLTR_Monthly_20260901_060658.png
 create mode 100644 charts/screenshots/PLTR/PLTR_Monthly_20260902_053230.png
 delete mode 100644 charts/screenshots/PLTR/PLTR_Weekly_20260901_060658.png
 create mode 100644 charts/screenshots/PLTR/PLTR_Weekly_20260902_053230.png
 delete mode 100644 charts/screenshots/PM/PM_1H_20260901_063455.png
 create mode 100644 charts/screenshots/PM/PM_1H_20260902_055701.png
 delete mode 100644 charts/screenshots/PM/PM_4H_20260901_063455.png
 create mode 100644 charts/screenshots/PM/PM_4H_20260902_055701.png
 delete mode 100644 charts/screenshots/PM/PM_Daily_20260901_063455.png
 create mode 100644 charts/screenshots/PM/PM_Daily_20260902_055701.png
 delete mode 100644 charts/screenshots/PM/PM_Monthly_20260901_063455.png
 create mode 100644 charts/screenshots/PM/PM_Monthly_20260902_055701.png
 delete mode 100644 charts/screenshots/PM/PM_Weekly_20260901_063455.png
 create mode 100644 charts/screenshots/PM/PM_Weekly_20260902_055701.png
 delete mode 100644 charts/screenshots/PWR/PWR_1H_20260901_064945.png
 delete mode 100644 charts/screenshots/PWR/PWR_4H_20260901_064945.png
 delete mode 100644 charts/screenshots/PWR/PWR_Daily_20260901_064945.png
 delete mode 100644 charts/screenshots/PWR/PWR_Monthly_20260901_064945.png
 delete mode 100644 charts/screenshots/PWR/PWR_Weekly_20260901_064945.png
 delete mode 100644 charts/screenshots/PYPL/PYPL_1H_20260901_061503.png
 create mode 100644 charts/screenshots/PYPL/PYPL_1H_20260902_054700.png
 delete mode 100644 charts/screenshots/PYPL/PYPL_4H_20260901_061503.png
 create mode 100644 charts/screenshots/PYPL/PYPL_4H_20260902_054700.png
 delete mode 100644 charts/screenshots/PYPL/PYPL_Daily_20260901_061503.png
 create mode 100644 charts/screenshots/PYPL/PYPL_Daily_20260902_054700.png
 delete mode 100644 charts/screenshots/PYPL/PYPL_Monthly_20260901_061503.png
 create mode 100644 charts/screenshots/PYPL/PYPL_Monthly_20260902_054700.png
 delete mode 100644 charts/screenshots/PYPL/PYPL_Weekly_20260901_061503.png
 create mode 100644 charts/screenshots/PYPL/PYPL_Weekly_20260902_054700.png
 delete mode 100644 charts/screenshots/QQQ/QQQ_1H_20260901_064028.png
 create mode 100644 charts/screenshots/QQQ/QQQ_1H_20260902_060741.png
 delete mode 100644 charts/screenshots/QQQ/QQQ_4H_20260901_064028.png
 create mode 100644 charts/screenshots/QQQ/QQQ_4H_20260902_060741.png
 delete mode 100644 charts/screenshots/QQQ/QQQ_Daily_20260901_064028.png
 create mode 100644 charts/screenshots/QQQ/QQQ_Daily_20260902_060741.png
 delete mode 100644 charts/screenshots/QQQ/QQQ_Monthly_20260901_064028.png
 create mode 100644 charts/screenshots/QQQ/QQQ_Monthly_20260902_060741.png
 delete mode 100644 charts/screenshots/QQQ/QQQ_Weekly_20260901_064028.png
 create mode 100644 charts/screenshots/QQQ/QQQ_Weekly_20260902_060741.png
 delete mode 100644 charts/screenshots/RTX/RTX_1H_20260901_062616.png
 create mode 100644 charts/screenshots/RTX/RTX_1H_20260902_055430.png
 delete mode 100644 charts/screenshots/RTX/RTX_4H_20260901_062616.png
 create mode 100644 charts/screenshots/RTX/RTX_4H_20260902_055430.png
 delete mode 100644 charts/screenshots/RTX/RTX_Daily_20260901_062616.png
 create mode 100644 charts/screenshots/RTX/RTX_Daily_20260902_055430.png
 delete mode 100644 charts/screenshots/RTX/RTX_Monthly_20260901_062616.png
 create mode 100644 charts/screenshots/RTX/RTX_Monthly_20260902_055430.png
 delete mode 100644 charts/screenshots/RTX/RTX_Weekly_20260901_062616.png
 create mode 100644 charts/screenshots/RTX/RTX_Weekly_20260902_055430.png
 delete mode 100644 charts/screenshots/SCHW/SCHW_1H_20260901_061234.png
 create mode 100644 charts/screenshots/SCHW/SCHW_1H_20260902_053308.png
 delete mode 100644 charts/screenshots/SCHW/SCHW_4H_20260901_061234.png
 create mode 100644 charts/screenshots/SCHW/SCHW_4H_20260902_053308.png
 delete mode 100644 charts/screenshots/SCHW/SCHW_Daily_20260901_061234.png
 create mode 100644 charts/screenshots/SCHW/SCHW_Daily_20260902_053308.png
 delete mode 100644 charts/screenshots/SCHW/SCHW_Monthly_20260901_061234.png
 create mode 100644 charts/screenshots/SCHW/SCHW_Monthly_20260902_053308.png
 delete mode 100644 charts/screenshots/SCHW/SCHW_Weekly_20260901_061234.png
 create mode 100644 charts/screenshots/SCHW/SCHW_Weekly_20260902_053308.png
 delete mode 100644 charts/screenshots/SMCI/SMCI_1H_20260901_063723.png
 create mode 100644 charts/screenshots/SMCI/SMCI_1H_20260902_060510.png
 delete mode 100644 charts/screenshots/SMCI/SMCI_4H_20260901_063723.png
 create mode 100644 charts/screenshots/SMCI/SMCI_4H_20260902_060510.png
 delete mode 100644 charts/screenshots/SMCI/SMCI_Daily_20260901_063723.png
 create mode 100644 charts/screenshots/SMCI/SMCI_Daily_20260902_060510.png
 delete mode 100644 charts/screenshots/SMCI/SMCI_Monthly_20260901_063723.png
 create mode 100644 charts/screenshots/SMCI/SMCI_Monthly_20260902_060510.png
 delete mode 100644 charts/screenshots/SMCI/SMCI_Weekly_20260901_063723.png
 create mode 100644 charts/screenshots/SMCI/SMCI_Weekly_20260902_060510.png
 delete mode 100644 charts/screenshots/SPGI/SPGI_1H_20260901_063801.png
 create mode 100644 charts/screenshots/SPGI/SPGI_1H_20260902_055739.png
 delete mode 100644 charts/screenshots/SPGI/SPGI_4H_20260901_063801.png
 create mode 100644 charts/screenshots/SPGI/SPGI_4H_20260902_055739.png
 delete mode 100644 charts/screenshots/SPGI/SPGI_Daily_20260901_063801.png
 create mode 100644 charts/screenshots/SPGI/SPGI_Daily_20260902_055739.png
 delete mode 100644 charts/screenshots/SPGI/SPGI_Monthly_20260901_063801.png
 create mode 100644 charts/screenshots/SPGI/SPGI_Monthly_20260902_055739.png
 delete mode 100644 charts/screenshots/SPGI/SPGI_Weekly_20260901_063801.png
 create mode 100644 charts/screenshots/SPGI/SPGI_Weekly_20260902_055739.png
 delete mode 100644 charts/screenshots/SPY/SPY_1H_20260901_063951.png
 create mode 100644 charts/screenshots/SPY/SPY_1H_20260902_060355.png
 delete mode 100644 charts/screenshots/SPY/SPY_4H_20260901_063951.png
 create mode 100644 charts/screenshots/SPY/SPY_4H_20260902_060355.png
 delete mode 100644 charts/screenshots/SPY/SPY_Daily_20260901_063951.png
 create mode 100644 charts/screenshots/SPY/SPY_Daily_20260902_060355.png
 delete mode 100644 charts/screenshots/SPY/SPY_Monthly_20260901_063951.png
 create mode 100644 charts/screenshots/SPY/SPY_Monthly_20260902_060355.png
 delete mode 100644 charts/screenshots/SPY/SPY_Weekly_20260901_063951.png
 create mode 100644 charts/screenshots/SPY/SPY_Weekly_20260902_060355.png
 delete mode 100644 charts/screenshots/SYK/SYK_1H_20260901_064410.png
 delete mode 100644 charts/screenshots/SYK/SYK_4H_20260901_064410.png
 delete mode 100644 charts/screenshots/SYK/SYK_Daily_20260901_064410.png
 delete mode 100644 charts/screenshots/SYK/SYK_Monthly_20260901_064410.png
 delete mode 100644 charts/screenshots/SYK/SYK_Weekly_20260901_064410.png
 delete mode 100644 charts/screenshots/T/T_1H_20260901_061349.png
 create mode 100644 charts/screenshots/T/T_1H_20260902_052458.png
 delete mode 100644 charts/screenshots/T/T_4H_20260901_061349.png
 create mode 100644 charts/screenshots/T/T_4H_20260902_052458.png
 delete mode 100644 charts/screenshots/T/T_Daily_20260901_061349.png
 create mode 100644 charts/screenshots/T/T_Daily_20260902_052458.png
 delete mode 100644 charts/screenshots/T/T_Monthly_20260901_061349.png
 create mode 100644 charts/screenshots/T/T_Monthly_20260902_052458.png
 delete mode 100644 charts/screenshots/T/T_Weekly_20260901_061349.png
 create mode 100644 charts/screenshots/T/T_Weekly_20260902_052458.png
 delete mode 100644 charts/screenshots/TEAM/TEAM_1H_20260901_062502.png
 create mode 100644 charts/screenshots/TEAM/TEAM_1H_20260902_053037.png
 delete mode 100644 charts/screenshots/TEAM/TEAM_4H_20260901_062502.png
 create mode 100644 charts/screenshots/TEAM/TEAM_4H_20260902_053037.png
 delete mode 100644 charts/screenshots/TEAM/TEAM_Daily_20260901_062502.png
 create mode 100644 charts/screenshots/TEAM/TEAM_Daily_20260902_053037.png
 delete mode 100644 charts/screenshots/TEAM/TEAM_Monthly_20260901_062502.png
 create mode 100644 charts/screenshots/TEAM/TEAM_Monthly_20260902_053037.png
 delete mode 100644 charts/screenshots/TEAM/TEAM_Weekly_20260901_062502.png
 create mode 100644 charts/screenshots/TEAM/TEAM_Weekly_20260902_053037.png
 delete mode 100644 charts/screenshots/TGT/TGT_1H_20260901_060428.png
 create mode 100644 charts/screenshots/TGT/TGT_1H_20260902_052844.png
 delete mode 100644 charts/screenshots/TGT/TGT_4H_20260901_060428.png
 create mode 100644 charts/screenshots/TGT/TGT_4H_20260902_052844.png
 delete mode 100644 charts/screenshots/TGT/TGT_Daily_20260901_060428.png
 create mode 100644 charts/screenshots/TGT/TGT_Daily_20260902_052844.png
 delete mode 100644 charts/screenshots/TGT/TGT_Monthly_20260901_060428.png
 create mode 100644 charts/screenshots/TGT/TGT_Monthly_20260902_052844.png
 delete mode 100644 charts/screenshots/TGT/TGT_Weekly_20260901_060428.png
 create mode 100644 charts/screenshots/TGT/TGT_Weekly_20260902_052844.png
 delete mode 100644 charts/screenshots/TJX/TJX_1H_20260901_064524.png
 delete mode 100644 charts/screenshots/TJX/TJX_4H_20260901_064524.png
 delete mode 100644 charts/screenshots/TJX/TJX_Daily_20260901_064524.png
 delete mode 100644 charts/screenshots/TJX/TJX_Monthly_20260901_064524.png
 delete mode 100644 charts/screenshots/TJX/TJX_Weekly_20260901_064524.png
 delete mode 100644 charts/screenshots/TMO/TMO_1H_20260901_061311.png
 create mode 100644 charts/screenshots/TMO/TMO_1H_20260902_053848.png
 delete mode 100644 charts/screenshots/TMO/TMO_4H_20260901_061311.png
 create mode 100644 charts/screenshots/TMO/TMO_4H_20260902_053848.png
 delete mode 100644 charts/screenshots/TMO/TMO_Daily_20260901_061311.png
 create mode 100644 charts/screenshots/TMO/TMO_Daily_20260902_053848.png
 delete mode 100644 charts/screenshots/TMO/TMO_Monthly_20260901_061311.png
 create mode 100644 charts/screenshots/TMO/TMO_Monthly_20260902_053848.png
 delete mode 100644 charts/screenshots/TMO/TMO_Weekly_20260901_061311.png
 create mode 100644 charts/screenshots/TMO/TMO_Weekly_20260902_053848.png
 delete mode 100644 charts/screenshots/UBER/UBER_1H_20260901_062807.png
 create mode 100644 charts/screenshots/UBER/UBER_1H_20260902_060548.png
 delete mode 100644 charts/screenshots/UBER/UBER_4H_20260901_062807.png
 create mode 100644 charts/screenshots/UBER/UBER_4H_20260902_060548.png
 delete mode 100644 charts/screenshots/UBER/UBER_Daily_20260901_062807.png
 create mode 100644 charts/screenshots/UBER/UBER_Daily_20260902_060548.png
 delete mode 100644 charts/screenshots/UBER/UBER_Monthly_20260901_062807.png
 create mode 100644 charts/screenshots/UBER/UBER_Monthly_20260902_060548.png
 delete mode 100644 charts/screenshots/UBER/UBER_Weekly_20260901_062807.png
 create mode 100644 charts/screenshots/UBER/UBER_Weekly_20260902_060548.png
 delete mode 100644 charts/screenshots/UNH/UNH_1H_20260901_062958.png
 create mode 100644 charts/screenshots/UNH/UNH_1H_20260902_055623.png
 delete mode 100644 charts/screenshots/UNH/UNH_4H_20260901_062958.png
 create mode 100644 charts/screenshots/UNH/UNH_4H_20260902_055623.png
 delete mode 100644 charts/screenshots/UNH/UNH_Daily_20260901_062958.png
 create mode 100644 charts/screenshots/UNH/UNH_Daily_20260902_055623.png
 delete mode 100644 charts/screenshots/UNH/UNH_Monthly_20260901_062958.png
 create mode 100644 charts/screenshots/UNH/UNH_Monthly_20260902_055623.png
 delete mode 100644 charts/screenshots/UNH/UNH_Weekly_20260901_062958.png
 create mode 100644 charts/screenshots/UNH/UNH_Weekly_20260902_055623.png
 delete mode 100644 charts/screenshots/UNP/UNP_1H_20260901_060313.png
 create mode 100644 charts/screenshots/UNP/UNP_1H_20260902_055122.png
 delete mode 100644 charts/screenshots/UNP/UNP_4H_20260901_060313.png
 create mode 100644 charts/screenshots/UNP/UNP_4H_20260902_055122.png
 delete mode 100644 charts/screenshots/UNP/UNP_Daily_20260901_060313.png
 create mode 100644 charts/screenshots/UNP/UNP_Daily_20260902_055122.png
 delete mode 100644 charts/screenshots/UNP/UNP_Monthly_20260901_060313.png
 create mode 100644 charts/screenshots/UNP/UNP_Monthly_20260902_055122.png
 delete mode 100644 charts/screenshots/UNP/UNP_Weekly_20260901_060313.png
 create mode 100644 charts/screenshots/UNP/UNP_Weekly_20260902_055122.png
 delete mode 100644 charts/screenshots/V/V_1H_20260901_061618.png
 create mode 100644 charts/screenshots/V/V_1H_20260902_054235.png
 delete mode 100644 charts/screenshots/V/V_4H_20260901_061618.png
 create mode 100644 charts/screenshots/V/V_4H_20260902_054235.png
 delete mode 100644 charts/screenshots/V/V_Daily_20260901_061618.png
 create mode 100644 charts/screenshots/V/V_Daily_20260902_054235.png
 delete mode 100644 charts/screenshots/V/V_Monthly_20260901_061618.png
 create mode 100644 charts/screenshots/V/V_Monthly_20260902_054235.png
 delete mode 100644 charts/screenshots/V/V_Weekly_20260901_061618.png
 create mode 100644 charts/screenshots/V/V_Weekly_20260902_054235.png
 delete mode 100644 charts/screenshots/VLO/VLO_1H_20260901_055853.png
 create mode 100644 charts/screenshots/VLO/VLO_1H_20260902_052613.png
 delete mode 100644 charts/screenshots/VLO/VLO_4H_20260901_055853.png
 create mode 100644 charts/screenshots/VLO/VLO_4H_20260902_052613.png
 delete mode 100644 charts/screenshots/VLO/VLO_Daily_20260901_055853.png
 create mode 100644 charts/screenshots/VLO/VLO_Daily_20260902_052613.png
 delete mode 100644 charts/screenshots/VLO/VLO_Monthly_20260901_055853.png
 create mode 100644 charts/screenshots/VLO/VLO_Monthly_20260902_052613.png
 delete mode 100644 charts/screenshots/VLO/VLO_Weekly_20260901_055853.png
 create mode 100644 charts/screenshots/VLO/VLO_Weekly_20260902_052613.png
 delete mode 100644 charts/screenshots/VZ/VZ_1H_20260901_062424.png
 create mode 100644 charts/screenshots/VZ/VZ_1H_20260902_054737.png
 delete mode 100644 charts/screenshots/VZ/VZ_4H_20260901_062424.png
 create mode 100644 charts/screenshots/VZ/VZ_4H_20260902_054737.png
 delete mode 100644 charts/screenshots/VZ/VZ_Daily_20260901_062424.png
 create mode 100644 charts/screenshots/VZ/VZ_Daily_20260902_054737.png
 delete mode 100644 charts/screenshots/VZ/VZ_Monthly_20260901_062424.png
 create mode 100644 charts/screenshots/VZ/VZ_Monthly_20260902_054737.png
 delete mode 100644 charts/screenshots/VZ/VZ_Weekly_20260901_062424.png
 create mode 100644 charts/screenshots/VZ/VZ_Weekly_20260902_054737.png
 delete mode 100644 charts/screenshots/WDAY/WDAY_1H_20260901_060505.png
 create mode 100644 charts/screenshots/WDAY/WDAY_1H_20260902_053000.png
 delete mode 100644 charts/screenshots/WDAY/WDAY_4H_20260901_060505.png
 create mode 100644 charts/screenshots/WDAY/WDAY_4H_20260902_053000.png
 delete mode 100644 charts/screenshots/WDAY/WDAY_Daily_20260901_060505.png
 create mode 100644 charts/screenshots/WDAY/WDAY_Daily_20260902_053000.png
 delete mode 100644 charts/screenshots/WDAY/WDAY_Monthly_20260901_060505.png
 create mode 100644 charts/screenshots/WDAY/WDAY_Monthly_20260902_053000.png
 delete mode 100644 charts/screenshots/WDAY/WDAY_Weekly_20260901_060505.png
 create mode 100644 charts/screenshots/WDAY/WDAY_Weekly_20260902_053000.png
 delete mode 100644 charts/screenshots/WELL/WELL_1H_20260901_062233.png
 create mode 100644 charts/screenshots/WELL/WELL_1H_20260902_055352.png
 delete mode 100644 charts/screenshots/WELL/WELL_4H_20260901_062233.png
 create mode 100644 charts/screenshots/WELL/WELL_4H_20260902_055352.png
 delete mode 100644 charts/screenshots/WELL/WELL_Daily_20260901_062233.png
 create mode 100644 charts/screenshots/WELL/WELL_Daily_20260902_055352.png
 delete mode 100644 charts/screenshots/WELL/WELL_Monthly_20260901_062233.png
 create mode 100644 charts/screenshots/WELL/WELL_Monthly_20260902_055352.png
 delete mode 100644 charts/screenshots/WELL/WELL_Weekly_20260901_062233.png
 create mode 100644 charts/screenshots/WELL/WELL_Weekly_20260902_055352.png
 delete mode 100644 charts/screenshots/WFC/WFC_1H_20260901_062653.png
 create mode 100644 charts/screenshots/WFC/WFC_1H_20260902_055045.png
 delete mode 100644 charts/screenshots/WFC/WFC_4H_20260901_062653.png
 create mode 100644 charts/screenshots/WFC/WFC_4H_20260902_055045.png
 delete mode 100644 charts/screenshots/WFC/WFC_Daily_20260901_062653.png
 create mode 100644 charts/screenshots/WFC/WFC_Daily_20260902_055045.png
 delete mode 100644 charts/screenshots/WFC/WFC_Monthly_20260901_062653.png
 create mode 100644 charts/screenshots/WFC/WFC_Monthly_20260902_055045.png
 delete mode 100644 charts/screenshots/WFC/WFC_Weekly_20260901_062653.png
 create mode 100644 charts/screenshots/WFC/WFC_Weekly_20260902_055045.png
 delete mode 100644 charts/screenshots/WMT/WMT_1H_20260901_064908.png
 create mode 100644 charts/screenshots/WMT/WMT_1H_20260902_061437.png
 delete mode 100644 charts/screenshots/WMT/WMT_4H_20260901_064908.png
 create mode 100644 charts/screenshots/WMT/WMT_4H_20260902_061437.png
 delete mode 100644 charts/screenshots/WMT/WMT_Daily_20260901_064908.png
 create mode 100644 charts/screenshots/WMT/WMT_Daily_20260902_061437.png
 delete mode 100644 charts/screenshots/WMT/WMT_Monthly_20260901_064908.png
 create mode 100644 charts/screenshots/WMT/WMT_Monthly_20260902_061437.png
 delete mode 100644 charts/screenshots/WMT/WMT_Weekly_20260901_064908.png
 create mode 100644 charts/screenshots/WMT/WMT_Weekly_20260902_061437.png
 delete mode 100644 charts/screenshots/XOM/XOM_1H_20260901_063036.png
 create mode 100644 charts/screenshots/XOM/XOM_1H_20260902_055932.png
 delete mode 100644 charts/screenshots/XOM/XOM_4H_20260901_063036.png
 create mode 100644 charts/screenshots/XOM/XOM_4H_20260902_055932.png
 delete mode 100644 charts/screenshots/XOM/XOM_Daily_20260901_063036.png
 create mode 100644 charts/screenshots/XOM/XOM_Daily_20260902_055932.png
 delete mode 100644 charts/screenshots/XOM/XOM_Monthly_20260901_063036.png
 create mode 100644 charts/screenshots/XOM/XOM_Monthly_20260902_055932.png
 delete mode 100644 charts/screenshots/XOM/XOM_Weekly_20260901_063036.png
 create mode 100644 charts/screenshots/XOM/XOM_Weekly_20260902_055932.png
[[SP500 차트분석]] GitHub 푸시 완료
[[SP500 차트분석]] Google Sheets 업데이트 완료
[Paper Trading] SP500 ranked_df 스냅샷 저장 완료 (128개 종목)

[요약] 파이프라인 완료 – 총 4271.4초 (71.19분) 소요
