[OHLCV] 배치 다운로드 1/4 (150개 종목, period=5y)...
[OHLCV] 배치 다운로드 2/4 (150개 종목, period=5y)...
[OHLCV] 배치 다운로드 3/4 (150개 종목, period=5y)...
[OHLCV] 배치 다운로드 4/4 (68개 종목, period=5y)...
[DataValidator] 12건의 데이터 품질 경고 발생
Warning:  KVUE: Close NaN 비율 34.1% (기준: 30%)
Warning:  MRNA: 비정상 가격 변동 177.0% (2026-08-19) — 스플릿/데이터 오류 가능
Warning:  CTRA: Close NaN 비율 100.0% (기준: 30%)
Warning:  EA: Close NaN 비율 99.5% (기준: 30%)
Warning:  GEV: Close NaN 비율 52.0% (기준: 30%)
Warning:  PDD: 비정상 가격 변동 56.1% (2022-03-16) — 스플릿/데이터 오류 가능
Warning:  BK: Close NaN 비율 100.0% (기준: 30%)
Warning:  DAY: Close NaN 비율 100.0% (기준: 30%)
Warning:  GL: 비정상 가격 변동 53.1% (2024-04-11) — 스플릿/데이터 오류 가능
Warning:  HOLX: Close NaN 비율 100.0% (기준: 30%)
Warning:  SOLV: Close NaN 비율 52.0% (기준: 30%)
Warning:  VLTO: Close NaN 비율 42.5% (기준: 30%)
[[SP500 분석]] 강한 섹터: {'Health Care', 'Materials', 'Energy', 'Consumer Discretionary'}
[DataValidator] 1건의 데이터 품질 경고 발생
Warning:  MRNA: 비정상 가격 변동 177.0% (2026-08-19) — 스플릿/데이터 오류 가능
[[SP500 분석]] Extreme model 'label_low' walk-forward ROC 0.65, AP 0.42
[[SP500 분석]] Extreme model 'label_high' walk-forward ROC 0.61, AP 0.33
[[SP500 분석]] Google Sheets 업데이트 완료
[Email] 바닥반등 14개 + 모멘텀 70개 = 총 84개 종목 리스트를 chunghwan14@gmail.com, roykim0311@gmail.com, ssamjungtan@naver.com로 발송 완료
[[SP500 분석]] Signals 결과 기반 차트분석 종목 리스트 생성 중...
[Dynamic Portfolio] 생성된 차트분석 종목 리스트(87개): ['NBM.V', 'ARWR', 'CVS', 'WYFI', 'MPC', 'PANW', 'AAPL', 'ETN', 'MA', 'UNP', 'MRK', 'NOW', 'DELL', 'PFE', 'CRWD', 'PG', 'COP', 'DHR', 'HPE', 'BAC', 'CRM', 'BKNG', 'FCX', 'SCHW', 'TEAM', 'DASH', 'SYK', 'GE', 'IWM', 'AVGO', 'VZ', 'UNH', 'TER', 'ABBV', 'ABT', 'LLY', 'JNJ', 'BMY', 'AXP', 'CVX', 'MRVL', 'C', 'MRNA', 'V', 'SPY', 'QQQ', 'ASML', 'WFC', 'KLAC', 'GS', 'MELI', 'VLO', 'AMZN', 'KO', 'UBER', 'MU', 'NVDA', 'MSFT', 'NKE', 'GILD', 'ANET', 'INTU', 'ABNB', 'TMO', 'PLTR', 'DDOG', 'DIS', 'META', 'MCK', 'ON', 'PWR', 'XOM', 'SPGI', 'SMCI', 'STX', 'AMGN', 'TRV', 'NEM', 'MS', 'BRK-B', 'FTNT', 'JPM', 'WDAY', 'RTX', 'COF', 'T', 'HD']
[[SP500 차트분석]] [SP500 분석] 결과 기반 [SP500 차트분석] 시트 생성 중 (87개 종목)...
[[SP500 차트분석]] [SP500 분석]에 없는 종목은 별도 분석: ['NBM.V', 'ARWR', 'WYFI']
[DataValidator] 2건의 데이터 품질 경고 발생
Warning:  NBM.V: 비정상 가격 변동 56.3% (2024-09-25) — 스플릿/데이터 오류 가능
Warning:  WYFI: Close NaN 비율 79.6% (기준: 30%)
[[SP500 차트분석]] 강한 섹터: {'Health Care', 'Materials', 'Energy', 'Consumer Discretionary'}
[[SP500 차트분석]] Extreme model 'global' skipped: insufficient_tickers
[[SP500 차트분석]] 기존 차트 파일 삭제 중...
[[SP500 차트분석]] 차트 저장 디렉토리 준비 완료: charts/screenshots
[[SP500 차트분석]] TradingView 차트 캡처 시작...
[[SP500 차트분석]] 87개 종목 차트 캡처 중...
[TradingView] MPC 브라우저 세션 시작  (로그인 세션)...
[TradingView] 1H 캡처 완료 (60)
[TradingView] 4H 캡처 완료 (240)
[TradingView] Daily 캡처 완료 (D)
[TradingView] Weekly 캡처 완료 (W)
[TradingView] Monthly 캡처 완료 (M)
[[SP500 차트분석]] MPC 차트 5개 처리 완료
[TradingView] COP 브라우저 세션 시작  (로그인 세션)...
[TradingView] 1H 캡처 완료 (60)
[TradingView] 4H 캡처 완료 (240)
[TradingView] Daily 캡처 완료 (D)
[TradingView] Weekly 캡처 완료 (W)
[TradingView] Monthly 캡처 완료 (M)
[[SP500 차트분석]] COP 차트 5개 처리 완료
[TradingView] DASH 브라우저 세션 시작  (로그인 세션)...
[TradingView] 1H 캡처 완료 (60)
[TradingView] 4H 캡처 완료 (240)
[TradingView] Daily 캡처 완료 (D)
[TradingView] Weekly 캡처 완료 (W)
[TradingView] Monthly 캡처 완료 (M)
[[SP500 차트분석]] DASH 차트 5개 처리 완료
[TradingView] BAC 브라우저 세션 시작  (로그인 세션)...
[TradingView] 1H 캡처 완료 (60)
[TradingView] 4H 캡처 완료 (240)
[TradingView] Daily 캡처 완료 (D)
[TradingView] Weekly 캡처 완료 (W)
[TradingView] Monthly 캡처 완료 (M)
[[SP500 차트분석]] BAC 차트 5개 처리 완료
[TradingView] NEM 브라우저 세션 시작  (로그인 세션)...
[TradingView] 1H 캡처 완료 (60)
[TradingView] 4H 캡처 완료 (240)
[TradingView] Daily 캡처 완료 (D)
[TradingView] Weekly 캡처 완료 (W)
[TradingView] Monthly 캡처 완료 (M)
[[SP500 차트분석]] NEM 차트 5개 처리 완료
[TradingView] VLO 브라우저 세션 시작  (로그인 세션)...
[TradingView] 1H 캡처 완료 (60)
[TradingView] 4H 캡처 완료 (240)
[TradingView] Daily 캡처 완료 (D)
[TradingView] Weekly 캡처 완료 (W)
[TradingView] Monthly 캡처 완료 (M)
[[SP500 차트분석]] VLO 차트 5개 처리 완료
[TradingView] RTX 브라우저 세션 시작  (로그인 세션)...
[TradingView] 1H 캡처 완료 (60)
[TradingView] 4H 캡처 완료 (240)
[TradingView] Daily 캡처 완료 (D)
[TradingView] Weekly 캡처 완료 (W)
[TradingView] Monthly 캡처 완료 (M)
[[SP500 차트분석]] RTX 차트 5개 처리 완료
[TradingView] ABNB 브라우저 세션 시작  (로그인 세션)...
[TradingView] 1H 캡처 완료 (60)
[TradingView] 4H 캡처 완료 (240)
[TradingView] Daily 캡처 완료 (D)
[TradingView] Weekly 캡처 완료 (W)
[TradingView] Monthly 캡처 완료 (M)
[[SP500 차트분석]] ABNB 차트 5개 처리 완료
[TradingView] ABT 브라우저 세션 시작  (로그인 세션)...
[TradingView] 1H 캡처 완료 (60)
[TradingView] 4H 캡처 완료 (240)
[TradingView] Daily 캡처 완료 (D)
[TradingView] Weekly 캡처 완료 (W)
[TradingView] Monthly 캡처 완료 (M)
[[SP500 차트분석]] ABT 차트 5개 처리 완료
[TradingView] WDAY 브라우저 세션 시작  (로그인 세션)...
[TradingView] 1H 캡처 완료 (60)
[TradingView] 4H 캡처 완료 (240)
[TradingView] Daily 캡처 완료 (D)
[TradingView] Weekly 캡처 완료 (W)
[TradingView] Monthly 캡처 완료 (M)
[[SP500 차트분석]] WDAY 차트 5개 처리 완료
[TradingView] BKNG 브라우저 세션 시작  (로그인 세션)...
[TradingView] 1H 캡처 완료 (60)
[TradingView] 4H 캡처 완료 (240)
[TradingView] Daily 캡처 완료 (D)
[TradingView] Weekly 캡처 완료 (W)
[TradingView] Monthly 캡처 완료 (M)
[[SP500 차트분석]] BKNG 차트 5개 처리 완료
[TradingView] PLTR 브라우저 세션 시작  (로그인 세션)...
[TradingView] 1H 캡처 완료 (60)
[TradingView] 4H 캡처 완료 (240)
[TradingView] Daily 캡처 완료 (D)
[TradingView] Weekly 캡처 완료 (W)
[TradingView] Monthly 캡처 완료 (M)
[[SP500 차트분석]] PLTR 차트 5개 처리 완료
[TradingView] SCHW 브라우저 세션 시작  (로그인 세션)...
[TradingView] 1H 캡처 완료 (60)
[TradingView] 4H 캡처 완료 (240)
[TradingView] Daily 캡처 완료 (D)
[TradingView] Weekly 캡처 완료 (W)
[TradingView] Monthly 캡처 완료 (M)
[[SP500 차트분석]] SCHW 차트 5개 처리 완료
[TradingView] MSFT 브라우저 세션 시작  (로그인 세션)...
[TradingView] 1H 캡처 완료 (60)
[TradingView] 4H 캡처 완료 (240)
[TradingView] Daily 캡처 완료 (D)
[TradingView] Weekly 캡처 완료 (W)
[TradingView] Monthly 캡처 완료 (M)
[[SP500 차트분석]] MSFT 차트 5개 처리 완료
[TradingView] AMGN 브라우저 세션 시작  (로그인 세션)...
[TradingView] 1H 캡처 완료 (60)
[TradingView] 4H 캡처 완료 (240)
[TradingView] Daily 캡처 완료 (D)
[TradingView] Weekly 캡처 완료 (W)
[TradingView] Monthly 캡처 완료 (M)
[[SP500 차트분석]] AMGN 차트 5개 처리 완료
[TradingView] BMY 브라우저 세션 시작  (로그인 세션)...
[TradingView] 1H 캡처 완료 (60)
[TradingView] 4H 캡처 완료 (240)
[TradingView] Daily 캡처 완료 (D)
[TradingView] Weekly 캡처 완료 (W)
[TradingView] Monthly 캡처 완료 (M)
[[SP500 차트분석]] BMY 차트 5개 처리 완료
[TradingView] GILD 브라우저 세션 시작  (로그인 세션)...
[TradingView] 1H 캡처 완료 (60)
[TradingView] 4H 캡처 완료 (240)
[TradingView] Daily 캡처 완료 (D)
[TradingView] Weekly 캡처 완료 (W)
[TradingView] Monthly 캡처 완료 (M)
[[SP500 차트분석]] GILD 차트 5개 처리 완료
[TradingView] KO 브라우저 세션 시작  (로그인 세션)...
[TradingView] 1H 캡처 완료 (60)
[TradingView] 4H 캡처 완료 (240)
[TradingView] Daily 캡처 완료 (D)
[TradingView] Weekly 캡처 완료 (W)
[TradingView] Monthly 캡처 완료 (M)
[[SP500 차트분석]] KO 차트 5개 처리 완료
[TradingView] PFE 브라우저 세션 시작  (로그인 세션)...
[TradingView] 1H 캡처 완료 (60)
[TradingView] 4H 캡처 완료 (240)
[TradingView] Daily 캡처 완료 (D)
[TradingView] Weekly 캡처 완료 (W)
[TradingView] Monthly 캡처 완료 (M)
[[SP500 차트분석]] PFE 차트 5개 처리 완료
[TradingView] TMO 브라우저 세션 시작  (로그인 세션)...
[TradingView] 1H 캡처 완료 (60)
[TradingView] 4H 캡처 완료 (240)
[TradingView] Daily 캡처 완료 (D)
[TradingView] Weekly 캡처 완료 (W)
[TradingView] Monthly 캡처 완료 (M)
[[SP500 차트분석]] TMO 차트 5개 처리 완료
[TradingView] CVX 브라우저 세션 시작  (로그인 세션)...
[TradingView] 1H 캡처 완료 (60)
[TradingView] 4H 캡처 완료 (240)
[TradingView] Daily 캡처 완료 (D)
[TradingView] Weekly 캡처 완료 (W)
[TradingView] Monthly 캡처 완료 (M)
[[SP500 차트분석]] CVX 차트 5개 처리 완료
[TradingView] MRVL 브라우저 세션 시작  (로그인 세션)...
[TradingView] 1H 캡처 완료 (60)
[TradingView] 4H 캡처 완료 (240)
[TradingView] Daily 캡처 완료 (D)
[TradingView] Weekly 캡처 완료 (W)
[TradingView] Monthly 캡처 완료 (M)
[[SP500 차트분석]] MRVL 차트 5개 처리 완료
[TradingView] ABBV 브라우저 세션 시작  (로그인 세션)...
[TradingView] 1H 캡처 완료 (60)
[TradingView] 4H 캡처 완료 (240)
[TradingView] Daily 캡처 완료 (D)
[TradingView] Weekly 캡처 완료 (W)
[TradingView] Monthly 캡처 완료 (M)
[[SP500 차트분석]] ABBV 차트 5개 처리 완료
[TradingView] CRWD 브라우저 세션 시작  (로그인 세션)...
[TradingView] 1H 캡처 완료 (60)
[TradingView] 4H 캡처 완료 (240)
[TradingView] Daily 캡처 완료 (D)
[TradingView] Weekly 캡처 완료 (W)
[TradingView] Monthly 캡처 완료 (M)
[[SP500 차트분석]] CRWD 차트 5개 처리 완료
[TradingView] FTNT 브라우저 세션 시작  (로그인 세션)...
[TradingView] 1H 캡처 완료 (60)
[TradingView] 4H 캡처 완료 (240)
[TradingView] Daily 캡처 완료 (D)
[TradingView] Weekly 캡처 완료 (W)
[TradingView] Monthly 캡처 완료 (M)
[[SP500 차트분석]] FTNT 차트 5개 처리 완료
[TradingView] COF 브라우저 세션 시작  (로그인 세션)...
[TradingView] 1H 캡처 완료 (60)
[TradingView] 4H 캡처 완료 (240)
[TradingView] Daily 캡처 완료 (D)
[TradingView] Weekly 캡처 완료 (W)
[TradingView] Monthly 캡처 완료 (M)
[[SP500 차트분석]] COF 차트 5개 처리 완료
[TradingView] PANW 브라우저 세션 시작  (로그인 세션)...
[TradingView] 1H 캡처 완료 (60)
[TradingView] 4H 캡처 완료 (240)
[TradingView] Daily 캡처 완료 (D)
[TradingView] Weekly 캡처 완료 (W)
[TradingView] Monthly 캡처 완료 (M)
[[SP500 차트분석]] PANW 차트 5개 처리 완료
[TradingView] FCX 브라우저 세션 시작  (로그인 세션)...
[TradingView] 1H 캡처 완료 (60)
[TradingView] 4H 캡처 완료 (240)
[TradingView] Daily 캡처 완료 (D)
[TradingView] Weekly 캡처 완료 (W)
[TradingView] Monthly 캡처 완료 (M)
[[SP500 차트분석]] FCX 차트 5개 처리 완료
[TradingView] MA 브라우저 세션 시작  (로그인 세션)...
[TradingView] 1H 캡처 완료 (60)
[TradingView] 4H 캡처 완료 (240)
[TradingView] Daily 캡처 완료 (D)
[TradingView] Weekly 캡처 완료 (W)
[TradingView] Monthly 캡처 완료 (M)
[[SP500 차트분석]] MA 차트 5개 처리 완료
[TradingView] MRNA 브라우저 세션 시작  (로그인 세션)...
[TradingView] 1H 캡처 완료 (60)
[TradingView] 4H 캡처 완료 (240)
[TradingView] Daily 캡처 완료 (D)
[TradingView] Weekly 캡처 완료 (W)
[TradingView] Monthly 캡처 완료 (M)
[[SP500 차트분석]] MRNA 차트 5개 처리 완료
[TradingView] TEAM 브라우저 세션 시작  (로그인 세션)...
[TradingView] 1H 캡처 완료 (60)
[TradingView] 4H 캡처 완료 (240)
[TradingView] Daily 캡처 완료 (D)
[TradingView] Weekly 캡처 완료 (W)
[TradingView] Monthly 캡처 완료 (M)
[[SP500 차트분석]] TEAM 차트 5개 처리 완료
[TradingView] MRK 브라우저 세션 시작  (로그인 세션)...
[TradingView] 1H 캡처 완료 (60)
[TradingView] 4H 캡처 완료 (240)
[TradingView] Daily 캡처 완료 (D)
[TradingView] Weekly 캡처 완료 (W)
[TradingView] Monthly 캡처 완료 (M)
[[SP500 차트분석]] MRK 차트 5개 처리 완료
[TradingView] ANET 브라우저 세션 시작  (로그인 세션)...
[TradingView] 1H 캡처 완료 (60)
[TradingView] 4H 캡처 완료 (240)
[TradingView] Daily 캡처 완료 (D)
[TradingView] Weekly 캡처 완료 (W)
[TradingView] Monthly 캡처 완료 (M)
[[SP500 차트분석]] ANET 차트 5개 처리 완료
[TradingView] JPM 브라우저 세션 시작  (로그인 세션)...
[TradingView] 1H 캡처 완료 (60)
[TradingView] 4H 캡처 완료 (240)
[TradingView] Daily 캡처 완료 (D)
[TradingView] Weekly 캡처 완료 (W)
[TradingView] Monthly 캡처 완료 (M)
[[SP500 차트분석]] JPM 차트 5개 처리 완료
[TradingView] UNP 브라우저 세션 시작  (로그인 세션)...
[TradingView] 1H 캡처 완료 (60)
[TradingView] 4H 캡처 완료 (240)
[TradingView] Daily 캡처 완료 (D)
[TradingView] Weekly 캡처 완료 (W)
[TradingView] Monthly 캡처 완료 (M)
[[SP500 차트분석]] UNP 차트 5개 처리 완료
[TradingView] HPE 브라우저 세션 시작  (로그인 세션)...
[TradingView] 1H 캡처 완료 (60)
[TradingView] 4H 캡처 완료 (240)
[TradingView] Daily 캡처 완료 (D)
[TradingView] Weekly 캡처 완료 (W)
[TradingView] Monthly 캡처 완료 (M)
[[SP500 차트분석]] HPE 차트 5개 처리 완료
[TradingView] DIS 브라우저 세션 시작  (로그인 세션)...
[TradingView] 1H 캡처 완료 (60)
[TradingView] 4H 캡처 완료 (240)
[TradingView] Daily 캡처 완료 (D)
[TradingView] Weekly 캡처 완료 (W)
[TradingView] Monthly 캡처 완료 (M)
[[SP500 차트분석]] DIS 차트 5개 처리 완료
[TradingView] AXP 브라우저 세션 시작  (로그인 세션)...
[TradingView] 1H 캡처 완료 (60)
[TradingView] 4H 캡처 완료 (240)
[TradingView] Daily 캡처 완료 (D)
[TradingView] Weekly 캡처 완료 (W)
[TradingView] Monthly 캡처 완료 (M)
[[SP500 차트분석]] AXP 차트 5개 처리 완료
[TradingView] GE 브라우저 세션 시작  (로그인 세션)...
[TradingView] 1H 캡처 완료 (60)
[TradingView] 4H 캡처 완료 (240)
[TradingView] Daily 캡처 완료 (D)
[TradingView] Weekly 캡처 완료 (W)
[TradingView] Monthly 캡처 완료 (M)
[[SP500 차트분석]] GE 차트 5개 처리 완료
[TradingView] IWM 브라우저 세션 시작  (로그인 세션)...
[TradingView] 1H 캡처 완료 (60)
[TradingView] 4H 캡처 완료 (240)
[TradingView] Daily 캡처 완료 (D)
[TradingView] Weekly 캡처 완료 (W)
[TradingView] Monthly 캡처 완료 (M)
[[SP500 차트분석]] IWM 차트 5개 처리 완료
[TradingView] XOM 브라우저 세션 시작  (로그인 세션)...
[TradingView] 1H 캡처 완료 (60)
[TradingView] 4H 캡처 완료 (240)
[TradingView] Daily 캡처 완료 (D)
[TradingView] Weekly 캡처 완료 (W)
[TradingView] Monthly 캡처 완료 (M)
[[SP500 차트분석]] XOM 차트 5개 처리 완료
[TradingView] MU 브라우저 세션 시작  (로그인 세션)...
[TradingView] 1H 캡처 완료 (60)
[TradingView] 4H 캡처 완료 (240)
[TradingView] Daily 캡처 완료 (D)
[TradingView] Weekly 캡처 완료 (W)
[TradingView] Monthly 캡처 완료 (M)
[[SP500 차트분석]] MU 차트 5개 처리 완료
[TradingView] JNJ 브라우저 세션 시작  (로그인 세션)...
[TradingView] 1H 캡처 완료 (60)
[TradingView] 4H 캡처 완료 (240)
[TradingView] Daily 캡처 완료 (D)
[TradingView] Weekly 캡처 완료 (W)
[TradingView] Monthly 캡처 완료 (M)
[[SP500 차트분석]] JNJ 차트 5개 처리 완료
[TradingView] LLY 브라우저 세션 시작  (로그인 세션)...
[TradingView] 1H 캡처 완료 (60)
[TradingView] 4H 캡처 완료 (240)
[TradingView] Daily 캡처 완료 (D)
[TradingView] Weekly 캡처 완료 (W)
[TradingView] Monthly 캡처 완료 (M)
[[SP500 차트분석]] LLY 차트 5개 처리 완료
[TradingView] TER 브라우저 세션 시작  (로그인 세션)...
[TradingView] 1H 캡처 완료 (60)
[TradingView] 4H 캡처 완료 (240)
[TradingView] Daily 캡처 완료 (D)
[TradingView] Weekly 캡처 완료 (W)
[TradingView] Monthly 캡처 완료 (M)
[[SP500 차트분석]] TER 차트 5개 처리 완료
[TradingView] VZ 브라우저 세션 시작  (로그인 세션)...
[TradingView] 1H 캡처 완료 (60)
[TradingView] 4H 캡처 완료 (240)
[TradingView] Daily 캡처 완료 (D)
[TradingView] Weekly 캡처 완료 (W)
[TradingView] Monthly 캡처 완료 (M)
[[SP500 차트분석]] VZ 차트 5개 처리 완료
[TradingView] WFC 브라우저 세션 시작  (로그인 세션)...
[TradingView] 1H 캡처 완료 (60)
[TradingView] 4H 캡처 완료 (240)
[TradingView] Daily 캡처 완료 (D)
[TradingView] Weekly 캡처 완료 (W)
[TradingView] Monthly 캡처 완료 (M)
[[SP500 차트분석]] WFC 차트 5개 처리 완료
[TradingView] MS 브라우저 세션 시작  (로그인 세션)...
[TradingView] 1H 캡처 완료 (60)
[TradingView] 4H 캡처 완료 (240)
[TradingView] Daily 캡처 완료 (D)
[TradingView] Weekly 캡처 완료 (W)
[TradingView] Monthly 캡처 완료 (M)
[[SP500 차트분석]] MS 차트 5개 처리 완료
[TradingView] AAPL 브라우저 세션 시작  (로그인 세션)...
[TradingView] 1H 캡처 완료 (60)
[TradingView] 4H 캡처 완료 (240)
[TradingView] Daily 캡처 완료 (D)
[TradingView] Weekly 캡처 완료 (W)
[TradingView] Monthly 캡처 완료 (M)
[[SP500 차트분석]] AAPL 차트 5개 처리 완료
[TradingView] NOW 브라우저 세션 시작  (로그인 세션)...
[TradingView] 1H 캡처 완료 (60)
[TradingView] 4H 캡처 완료 (240)
[TradingView] Daily 캡처 완료 (D)
[TradingView] Weekly 캡처 완료 (W)
[TradingView] Monthly 캡처 완료 (M)
[[SP500 차트분석]] NOW 차트 5개 처리 완료
[TradingView] MELI 브라우저 세션 시작  (로그인 세션)...
[TradingView] 1H 캡처 완료 (60)
[TradingView] 4H 캡처 완료 (240)
[TradingView] Daily 캡처 완료 (D)
[TradingView] Weekly 캡처 완료 (W)
[TradingView] Monthly 캡처 완료 (M)
[[SP500 차트분석]] MELI 차트 5개 처리 완료
[TradingView] V 브라우저 세션 시작  (로그인 세션)...
[TradingView] 1H 캡처 완료 (60)
[TradingView] 4H 캡처 완료 (240)
[TradingView] Daily 캡처 완료 (D)
[TradingView] Weekly 캡처 완료 (W)
[TradingView] Monthly 캡처 완료 (M)
[[SP500 차트분석]] V 차트 5개 처리 완료
[TradingView] AMZN 브라우저 세션 시작  (로그인 세션)...
[TradingView] 1H 캡처 완료 (60)
[TradingView] 4H 캡처 완료 (240)
[TradingView] Daily 캡처 완료 (D)
[TradingView] Weekly 캡처 완료 (W)
[TradingView] Monthly 캡처 완료 (M)
[[SP500 차트분석]] AMZN 차트 5개 처리 완료
[TradingView] DELL 브라우저 세션 시작  (로그인 세션)...
[TradingView] 1H 캡처 완료 (60)
[TradingView] 4H 캡처 완료 (240)
[TradingView] Daily 캡처 완료 (D)
[TradingView] Weekly 캡처 완료 (W)
[TradingView] Monthly 캡처 완료 (M)
[[SP500 차트분석]] DELL 차트 5개 처리 완료
[TradingView] ASML 브라우저 세션 시작  (로그인 세션)...
[TradingView] 1H 캡처 완료 (60)
[TradingView] 4H 캡처 완료 (240)
[TradingView] Daily 캡처 완료 (D)
[TradingView] Weekly 캡처 완료 (W)
[TradingView] Monthly 캡처 완료 (M)
[[SP500 차트분석]] ASML 차트 5개 처리 완료
[TradingView] UBER 브라우저 세션 시작  (로그인 세션)...
[TradingView] 1H 캡처 완료 (60)
[TradingView] 4H 캡처 완료 (240)
[TradingView] Daily 캡처 완료 (D)
[TradingView] Weekly 캡처 완료 (W)
[TradingView] Monthly 캡처 완료 (M)
[[SP500 차트분석]] UBER 차트 5개 처리 완료
[TradingView] DHR 브라우저 세션 시작  (로그인 세션)...
[TradingView] 1H 캡처 완료 (60)
[TradingView] 4H 캡처 완료 (240)
[TradingView] Daily 캡처 완료 (D)
[TradingView] Weekly 캡처 완료 (W)
[TradingView] Monthly 캡처 완료 (M)
[[SP500 차트분석]] DHR 차트 5개 처리 완료
[TradingView] STX 브라우저 세션 시작  (로그인 세션)...
[TradingView] 1H 캡처 완료 (60)
[TradingView] 4H 캡처 완료 (240)
[TradingView] Daily 캡처 완료 (D)
[TradingView] Weekly 캡처 완료 (W)
[TradingView] Monthly 캡처 완료 (M)
[[SP500 차트분석]] STX 차트 5개 처리 완료
[TradingView] INTU 브라우저 세션 시작  (로그인 세션)...
[TradingView] 1H 캡처 완료 (60)
[TradingView] 4H 캡처 완료 (240)
[TradingView] Daily 캡처 완료 (D)
[TradingView] Weekly 캡처 완료 (W)
[TradingView] Monthly 캡처 완료 (M)
[[SP500 차트분석]] INTU 차트 5개 처리 완료
[TradingView] T 브라우저 세션 시작  (로그인 세션)...
[TradingView] 1H 캡처 완료 (60)
[TradingView] 4H 캡처 완료 (240)
[TradingView] Daily 캡처 완료 (D)
[TradingView] Weekly 캡처 완료 (W)
[TradingView] Monthly 캡처 완료 (M)
[[SP500 차트분석]] T 차트 5개 처리 완료
[TradingView] C 브라우저 세션 시작  (로그인 세션)...
[TradingView] 1H 캡처 완료 (60)
[TradingView] 4H 캡처 완료 (240)
[TradingView] Daily 캡처 완료 (D)
[TradingView] Weekly 캡처 완료 (W)
[TradingView] Monthly 캡처 완료 (M)
[[SP500 차트분석]] C 차트 5개 처리 완료
[TradingView] CVS 브라우저 세션 시작  (로그인 세션)...
[TradingView] 1H 캡처 완료 (60)
[TradingView] 4H 캡처 완료 (240)
[TradingView] Daily 캡처 완료 (D)
[TradingView] Weekly 캡처 완료 (W)
[TradingView] Monthly 캡처 완료 (M)
[[SP500 차트분석]] CVS 차트 5개 처리 완료
[TradingView] SPY 브라우저 세션 시작  (로그인 세션)...
[TradingView] 1H 캡처 완료 (60)
[TradingView] 4H 캡처 완료 (240)
[TradingView] Daily 캡처 완료 (D)
[TradingView] Weekly 캡처 완료 (W)
[TradingView] Monthly 캡처 완료 (M)
[[SP500 차트분석]] SPY 차트 5개 처리 완료
[TradingView] QQQ 브라우저 세션 시작  (로그인 세션)...
[TradingView] 1H 캡처 완료 (60)
[TradingView] 4H 캡처 완료 (240)
[TradingView] Daily 캡처 완료 (D)
[TradingView] Weekly 캡처 완료 (W)
[TradingView] Monthly 캡처 완료 (M)
[[SP500 차트분석]] QQQ 차트 5개 처리 완료
[TradingView] PWR 브라우저 세션 시작  (로그인 세션)...
[TradingView] 1H 캡처 완료 (60)
[TradingView] 4H 캡처 완료 (240)
[TradingView] Daily 캡처 완료 (D)
[TradingView] Weekly 캡처 완료 (W)
[TradingView] Monthly 캡처 완료 (M)
[[SP500 차트분석]] PWR 차트 5개 처리 완료
[TradingView] CRM 브라우저 세션 시작  (로그인 세션)...
[TradingView] 1H 캡처 완료 (60)
[TradingView] 4H 캡처 완료 (240)
[TradingView] Daily 캡처 완료 (D)
[TradingView] Weekly 캡처 완료 (W)
[TradingView] Monthly 캡처 완료 (M)
[[SP500 차트분석]] CRM 차트 5개 처리 완료
[TradingView] SMCI 브라우저 세션 시작  (로그인 세션)...
[TradingView] 1H 캡처 완료 (60)
[TradingView] 4H 캡처 완료 (240)
[TradingView] Daily 캡처 완료 (D)
[TradingView] Weekly 캡처 완료 (W)
[TradingView] Monthly 캡처 완료 (M)
[[SP500 차트분석]] SMCI 차트 5개 처리 완료
[TradingView] TRV 브라우저 세션 시작  (로그인 세션)...
[TradingView] 1H 캡처 완료 (60)
[TradingView] 4H 캡처 완료 (240)
[TradingView] Daily 캡처 완료 (D)
[TradingView] Weekly 캡처 완료 (W)
[TradingView] Monthly 캡처 완료 (M)
[[SP500 차트분석]] TRV 차트 5개 처리 완료
[TradingView] PG 브라우저 세션 시작  (로그인 세션)...
[TradingView] 1H 캡처 완료 (60)
[TradingView] 4H 캡처 완료 (240)
[TradingView] Daily 캡처 완료 (D)
[TradingView] Weekly 캡처 완료 (W)
[TradingView] Monthly 캡처 완료 (M)
[[SP500 차트분석]] PG 차트 5개 처리 완료
[TradingView] BRK-B 브라우저 세션 시작  (로그인 세션)...
[TradingView] 1H 캡처 완료 (60)
[TradingView] 4H 캡처 완료 (240)
[TradingView] Daily 캡처 완료 (D)
[TradingView] Weekly 캡처 완료 (W)
[TradingView] Monthly 캡처 완료 (M)
[[SP500 차트분석]] BRK-B 차트 5개 처리 완료
[TradingView] ETN 브라우저 세션 시작  (로그인 세션)...
[TradingView] 1H 캡처 완료 (60)
[TradingView] 4H 캡처 완료 (240)
[TradingView] Daily 캡처 완료 (D)
[TradingView] Weekly 캡처 완료 (W)
[TradingView] Monthly 캡처 완료 (M)
[[SP500 차트분석]] ETN 차트 5개 처리 완료
[TradingView] HD 브라우저 세션 시작  (로그인 세션)...
[TradingView] 1H 캡처 완료 (60)
[TradingView] 4H 캡처 완료 (240)
[TradingView] Daily 캡처 완료 (D)
[TradingView] Weekly 캡처 완료 (W)
[TradingView] Monthly 캡처 완료 (M)
[[SP500 차트분석]] HD 차트 5개 처리 완료
[TradingView] MCK 브라우저 세션 시작  (로그인 세션)...
[TradingView] 1H 캡처 완료 (60)
[TradingView] 4H 캡처 완료 (240)
[TradingView] Daily 캡처 완료 (D)
[TradingView] Weekly 캡처 완료 (W)
[TradingView] Monthly 캡처 완료 (M)
[[SP500 차트분석]] MCK 차트 5개 처리 완료
[TradingView] NVDA 브라우저 세션 시작  (로그인 세션)...
[TradingView] 1H 캡처 완료 (60)
[TradingView] 4H 캡처 완료 (240)
[TradingView] Daily 캡처 완료 (D)
[TradingView] Weekly 캡처 완료 (W)
[TradingView] Monthly 캡처 완료 (M)
[[SP500 차트분석]] NVDA 차트 5개 처리 완료
[TradingView] SPGI 브라우저 세션 시작  (로그인 세션)...
[TradingView] 1H 캡처 완료 (60)
[TradingView] 4H 캡처 완료 (240)
[TradingView] Daily 캡처 완료 (D)
[TradingView] Weekly 캡처 완료 (W)
[TradingView] Monthly 캡처 완료 (M)
[[SP500 차트분석]] SPGI 차트 5개 처리 완료
[TradingView] GS 브라우저 세션 시작  (로그인 세션)...
[TradingView] 1H 캡처 완료 (60)
[TradingView] 4H 캡처 완료 (240)
[TradingView] Daily 캡처 완료 (D)
[TradingView] Weekly 캡처 완료 (W)
[TradingView] Monthly 캡처 완료 (M)
[[SP500 차트분석]] GS 차트 5개 처리 완료
[TradingView] DDOG 브라우저 세션 시작  (로그인 세션)...
[TradingView] 1H 캡처 완료 (60)
[TradingView] 4H 캡처 완료 (240)
[TradingView] Daily 캡처 완료 (D)
[TradingView] Weekly 캡처 완료 (W)
[TradingView] Monthly 캡처 완료 (M)
[[SP500 차트분석]] DDOG 차트 5개 처리 완료
[TradingView] SYK 브라우저 세션 시작  (로그인 세션)...
[TradingView] 1H 캡처 완료 (60)
[TradingView] 4H 캡처 완료 (240)
[TradingView] Daily 캡처 완료 (D)
[TradingView] Weekly 캡처 완료 (W)
[TradingView] Monthly 캡처 완료 (M)
[[SP500 차트분석]] SYK 차트 5개 처리 완료
[TradingView] UNH 브라우저 세션 시작  (로그인 세션)...
[TradingView] 1H 캡처 완료 (60)
[TradingView] 4H 캡처 완료 (240)
[TradingView] Daily 캡처 완료 (D)
[TradingView] Weekly 캡처 완료 (W)
[TradingView] Monthly 캡처 완료 (M)
[[SP500 차트분석]] UNH 차트 5개 처리 완료
[TradingView] AVGO 브라우저 세션 시작  (로그인 세션)...
[TradingView] 1H 캡처 완료 (60)
[TradingView] 4H 캡처 완료 (240)
[TradingView] Daily 캡처 완료 (D)
[TradingView] Weekly 캡처 완료 (W)
[TradingView] Monthly 캡처 완료 (M)
[[SP500 차트분석]] AVGO 차트 5개 처리 완료
[TradingView] ON 브라우저 세션 시작  (로그인 세션)...
[TradingView] 1H 캡처 완료 (60)
[TradingView] 4H 캡처 완료 (240)
[TradingView] Daily 캡처 완료 (D)
[TradingView] Weekly 캡처 완료 (W)
[TradingView] Monthly 캡처 완료 (M)
[[SP500 차트분석]] ON 차트 5개 처리 완료
[TradingView] NKE 브라우저 세션 시작  (로그인 세션)...
[TradingView] 1H 캡처 완료 (60)
[TradingView] 4H 캡처 완료 (240)
[TradingView] Daily 캡처 완료 (D)
[TradingView] Weekly 캡처 완료 (W)
[TradingView] Monthly 캡처 완료 (M)
[[SP500 차트분석]] NKE 차트 5개 처리 완료
[TradingView] META 브라우저 세션 시작  (로그인 세션)...
[TradingView] 1H 캡처 완료 (60)
[TradingView] 4H 캡처 완료 (240)
[TradingView] Daily 캡처 완료 (D)
[TradingView] Weekly 캡처 완료 (W)
[TradingView] Monthly 캡처 완료 (M)
[[SP500 차트분석]] META 차트 5개 처리 완료
[TradingView] KLAC 브라우저 세션 시작  (로그인 세션)...
[TradingView] 1H 캡처 완료 (60)
[TradingView] 4H 캡처 완료 (240)
[TradingView] Daily 캡처 완료 (D)
[TradingView] Weekly 캡처 완료 (W)
[TradingView] Monthly 캡처 완료 (M)
[[SP500 차트분석]] KLAC 차트 5개 처리 완료
[TradingView] ARWR 브라우저 세션 시작  (로그인 세션)...
[TradingView] 1H 캡처 완료 (60)
[TradingView] 4H 캡처 완료 (240)
[TradingView] Daily 캡처 완료 (D)
[TradingView] Weekly 캡처 완료 (W)
[TradingView] Monthly 캡처 완료 (M)
[[SP500 차트분석]] ARWR 차트 5개 처리 완료
[TradingView] WYFI 브라우저 세션 시작  (로그인 세션)...
[TradingView] 1H 캡처 완료 (60)
[TradingView] 4H 캡처 완료 (240)
[TradingView] Daily 캡처 완료 (D)
[TradingView] Weekly 캡처 완료 (W)
[TradingView] Monthly 캡처 완료 (M)
[[SP500 차트분석]] WYFI 차트 5개 처리 완료
[TradingView] 티커 매핑 적용: NBM.V -> NBM
[TradingView] NBM.V 브라우저 세션 시작  (로그인 세션)...
[TradingView] 1H 캡처 완료 (60)
[TradingView] 4H 캡처 완료 (240)
[TradingView] Daily 캡처 완료 (D)
[TradingView] Weekly 캡처 완료 (W)
[TradingView] Monthly 캡처 완료 (M)
[[SP500 차트분석]] NBM.V 차트 5개 처리 완료
[[SP500 차트분석]] 차트 캡처 완료
[[SP500 차트분석]] GitHub에 차트 이미지 푸시 중...
rm 'charts/screenshots/AAPL/AAPL_1H_20260820_025331.png'
rm 'charts/screenshots/AAPL/AAPL_4H_20260820_025331.png'
rm 'charts/screenshots/AAPL/AAPL_Daily_20260820_025331.png'
rm 'charts/screenshots/AAPL/AAPL_Monthly_20260820_025331.png'
rm 'charts/screenshots/AAPL/AAPL_Weekly_20260820_025331.png'
rm 'charts/screenshots/ABBV/ABBV_1H_20260820_024559.png'
rm 'charts/screenshots/ABBV/ABBV_4H_20260820_024559.png'
rm 'charts/screenshots/ABBV/ABBV_Daily_20260820_024559.png'
rm 'charts/screenshots/ABBV/ABBV_Monthly_20260820_024559.png'
rm 'charts/screenshots/ABBV/ABBV_Weekly_20260820_024559.png'
rm 'charts/screenshots/ABNB/ABNB_1H_20260820_022938.png'
rm 'charts/screenshots/ABNB/ABNB_4H_20260820_022938.png'
rm 'charts/screenshots/ABNB/ABNB_Daily_20260820_022938.png'
rm 'charts/screenshots/ABNB/ABNB_Monthly_20260820_022938.png'
rm 'charts/screenshots/ABNB/ABNB_Weekly_20260820_022938.png'
rm 'charts/screenshots/ABT/ABT_1H_20260820_025025.png'
rm 'charts/screenshots/ABT/ABT_4H_20260820_025025.png'
rm 'charts/screenshots/ABT/ABT_Daily_20260820_025025.png'
rm 'charts/screenshots/ABT/ABT_Monthly_20260820_025025.png'
rm 'charts/screenshots/ABT/ABT_Weekly_20260820_025025.png'
rm 'charts/screenshots/AMGN/AMGN_1H_20260820_025103.png'
rm 'charts/screenshots/AMGN/AMGN_4H_20260820_025103.png'
rm 'charts/screenshots/AMGN/AMGN_Daily_20260820_025103.png'
rm 'charts/screenshots/AMGN/AMGN_Monthly_20260820_025103.png'
rm 'charts/screenshots/AMGN/AMGN_Weekly_20260820_025103.png'
rm 'charts/screenshots/AMZN/AMZN_1H_20260820_030450.png'
rm 'charts/screenshots/AMZN/AMZN_4H_20260820_030450.png'
rm 'charts/screenshots/AMZN/AMZN_Daily_20260820_030450.png'
rm 'charts/screenshots/AMZN/AMZN_Monthly_20260820_030450.png'
rm 'charts/screenshots/AMZN/AMZN_Weekly_20260820_030450.png'
rm 'charts/screenshots/ANET/ANET_1H_20260820_024637.png'
rm 'charts/screenshots/ANET/ANET_4H_20260820_024637.png'
rm 'charts/screenshots/ANET/ANET_Daily_20260820_024637.png'
rm 'charts/screenshots/ANET/ANET_Monthly_20260820_024637.png'
rm 'charts/screenshots/ANET/ANET_Weekly_20260820_024637.png'
rm 'charts/screenshots/APH/APH_1H_20260820_030948.png'
rm 'charts/screenshots/APH/APH_4H_20260820_030948.png'
rm 'charts/screenshots/APH/APH_Daily_20260820_030948.png'
rm 'charts/screenshots/APH/APH_Monthly_20260820_030948.png'
rm 'charts/screenshots/APH/APH_Weekly_20260820_030948.png'
rm 'charts/screenshots/APP/APP_1H_20260820_031643.png'
rm 'charts/screenshots/APP/APP_4H_20260820_031643.png'
rm 'charts/screenshots/APP/APP_Daily_20260820_031643.png'
rm 'charts/screenshots/APP/APP_Monthly_20260820_031643.png'
rm 'charts/screenshots/APP/APP_Weekly_20260820_031643.png'
rm 'charts/screenshots/ARWR/ARWR_1H_20260820_031953.png'
rm 'charts/screenshots/ARWR/ARWR_4H_20260820_031953.png'
rm 'charts/screenshots/ARWR/ARWR_Daily_20260820_031953.png'
rm 'charts/screenshots/ARWR/ARWR_Monthly_20260820_031953.png'
rm 'charts/screenshots/ARWR/ARWR_Weekly_20260820_031953.png'
rm 'charts/screenshots/ASML/ASML_1H_20260820_030756.png'
rm 'charts/screenshots/ASML/ASML_4H_20260820_030756.png'
rm 'charts/screenshots/ASML/ASML_Daily_20260820_030756.png'
rm 'charts/screenshots/ASML/ASML_Monthly_20260820_030756.png'
rm 'charts/screenshots/ASML/ASML_Weekly_20260820_030756.png'
rm 'charts/screenshots/AVGO/AVGO_1H_20260820_031527.png'
rm 'charts/screenshots/AVGO/AVGO_4H_20260820_031527.png'
rm 'charts/screenshots/AVGO/AVGO_Daily_20260820_031527.png'
rm 'charts/screenshots/AVGO/AVGO_Monthly_20260820_031527.png'
rm 'charts/screenshots/AVGO/AVGO_Weekly_20260820_031527.png'
rm 'charts/screenshots/AXP/AXP_1H_20260820_025754.png'
rm 'charts/screenshots/AXP/AXP_4H_20260820_025754.png'
rm 'charts/screenshots/AXP/AXP_Daily_20260820_025754.png'
rm 'charts/screenshots/AXP/AXP_Monthly_20260820_025754.png'
rm 'charts/screenshots/AXP/AXP_Weekly_20260820_025754.png'
rm 'charts/screenshots/BA/BA_1H_20260820_025255.png'
rm 'charts/screenshots/BA/BA_4H_20260820_025255.png'
rm 'charts/screenshots/BA/BA_Daily_20260820_025255.png'
rm 'charts/screenshots/BA/BA_Monthly_20260820_025255.png'
rm 'charts/screenshots/BA/BA_Weekly_20260820_025255.png'
rm 'charts/screenshots/BAC/BAC_1H_20260820_023053.png'
rm 'charts/screenshots/BAC/BAC_4H_20260820_023053.png'
rm 'charts/screenshots/BAC/BAC_Daily_20260820_023053.png'
rm 'charts/screenshots/BAC/BAC_Monthly_20260820_023053.png'
rm 'charts/screenshots/BAC/BAC_Weekly_20260820_023053.png'
rm 'charts/screenshots/BKNG/BKNG_1H_20260820_023130.png'
rm 'charts/screenshots/BKNG/BKNG_4H_20260820_023130.png'
rm 'charts/screenshots/BKNG/BKNG_Daily_20260820_023130.png'
rm 'charts/screenshots/BKNG/BKNG_Monthly_20260820_023130.png'
rm 'charts/screenshots/BKNG/BKNG_Weekly_20260820_023130.png'
rm 'charts/screenshots/BMY/BMY_1H_20260820_024020.png'
rm 'charts/screenshots/BMY/BMY_4H_20260820_024020.png'
rm 'charts/screenshots/BMY/BMY_Daily_20260820_024020.png'
rm 'charts/screenshots/BMY/BMY_Monthly_20260820_024020.png'
rm 'charts/screenshots/BMY/BMY_Weekly_20260820_024020.png'
rm 'charts/screenshots/BRK-B/BRK-B_1H_20260820_031139.png'
rm 'charts/screenshots/BRK-B/BRK-B_4H_20260820_031139.png'
rm 'charts/screenshots/BRK-B/BRK-B_Daily_20260820_031139.png'
rm 'charts/screenshots/BRK-B/BRK-B_Monthly_20260820_031139.png'
rm 'charts/screenshots/BRK-B/BRK-B_Weekly_20260820_031139.png'
rm 'charts/screenshots/C/C_1H_20260820_024521.png'
rm 'charts/screenshots/C/C_4H_20260820_024521.png'
rm 'charts/screenshots/C/C_Daily_20260820_024521.png'
rm 'charts/screenshots/C/C_Monthly_20260820_024521.png'
rm 'charts/screenshots/C/C_Weekly_20260820_024521.png'
rm 'charts/screenshots/COF/COF_1H_20260820_024715.png'
rm 'charts/screenshots/COF/COF_4H_20260820_024715.png'
rm 'charts/screenshots/COF/COF_Daily_20260820_024715.png'
rm 'charts/screenshots/COF/COF_Monthly_20260820_024715.png'
rm 'charts/screenshots/COF/COF_Weekly_20260820_024715.png'
rm 'charts/screenshots/COP/COP_1H_20260820_024327.png'
rm 'charts/screenshots/COP/COP_4H_20260820_024327.png'
rm 'charts/screenshots/COP/COP_Daily_20260820_024327.png'
rm 'charts/screenshots/COP/COP_Monthly_20260820_024327.png'
rm 'charts/screenshots/COP/COP_Weekly_20260820_024327.png'
rm 'charts/screenshots/CRM/CRM_1H_20260820_025946.png'
rm 'charts/screenshots/CRM/CRM_4H_20260820_025946.png'
rm 'charts/screenshots/CRM/CRM_Daily_20260820_025946.png'
rm 'charts/screenshots/CRM/CRM_Monthly_20260820_025946.png'
rm 'charts/screenshots/CRM/CRM_Weekly_20260820_025946.png'
rm 'charts/screenshots/CRWD/CRWD_1H_20260820_022552.png'
rm 'charts/screenshots/CRWD/CRWD_4H_20260820_022552.png'
rm 'charts/screenshots/CRWD/CRWD_Daily_20260820_022552.png'
rm 'charts/screenshots/CRWD/CRWD_Monthly_20260820_022552.png'
rm 'charts/screenshots/CRWD/CRWD_Weekly_20260820_022552.png'
rm 'charts/screenshots/CVS/CVS_1H_20260820_031026.png'
rm 'charts/screenshots/CVS/CVS_4H_20260820_031026.png'
rm 'charts/screenshots/CVS/CVS_Daily_20260820_031026.png'
rm 'charts/screenshots/CVS/CVS_Monthly_20260820_031026.png'
rm 'charts/screenshots/CVS/CVS_Weekly_20260820_031026.png'
rm 'charts/screenshots/CVX/CVX_1H_20260820_023555.png'
rm 'charts/screenshots/CVX/CVX_4H_20260820_023555.png'
rm 'charts/screenshots/CVX/CVX_Daily_20260820_023555.png'
rm 'charts/screenshots/CVX/CVX_Monthly_20260820_023555.png'
rm 'charts/screenshots/CVX/CVX_Weekly_20260820_023555.png'
rm 'charts/screenshots/DASH/DASH_1H_20260820_022900.png'
rm 'charts/screenshots/DASH/DASH_4H_20260820_022900.png'
rm 'charts/screenshots/DASH/DASH_Daily_20260820_022900.png'
rm 'charts/screenshots/DASH/DASH_Monthly_20260820_022900.png'
rm 'charts/screenshots/DASH/DASH_Weekly_20260820_022900.png'
rm 'charts/screenshots/DDOG/DDOG_1H_20260820_031449.png'
rm 'charts/screenshots/DDOG/DDOG_4H_20260820_031449.png'
rm 'charts/screenshots/DDOG/DDOG_Daily_20260820_031449.png'
rm 'charts/screenshots/DDOG/DDOG_Monthly_20260820_031449.png'
rm 'charts/screenshots/DDOG/DDOG_Weekly_20260820_031449.png'
rm 'charts/screenshots/DELL/DELL_1H_20260820_030527.png'
rm 'charts/screenshots/DELL/DELL_4H_20260820_030527.png'
rm 'charts/screenshots/DELL/DELL_Daily_20260820_030527.png'
rm 'charts/screenshots/DELL/DELL_Monthly_20260820_030527.png'
rm 'charts/screenshots/DELL/DELL_Weekly_20260820_030527.png'
rm 'charts/screenshots/DHR/DHR_1H_20260820_031411.png'
rm 'charts/screenshots/DHR/DHR_4H_20260820_031411.png'
rm 'charts/screenshots/DHR/DHR_Daily_20260820_031411.png'
rm 'charts/screenshots/DHR/DHR_Monthly_20260820_031411.png'
rm 'charts/screenshots/DHR/DHR_Weekly_20260820_031411.png'
rm 'charts/screenshots/DIS/DIS_1H_20260820_024909.png'
rm 'charts/screenshots/DIS/DIS_4H_20260820_024909.png'
rm 'charts/screenshots/DIS/DIS_Daily_20260820_024909.png'
rm 'charts/screenshots/DIS/DIS_Monthly_20260820_024909.png'
rm 'charts/screenshots/DIS/DIS_Weekly_20260820_024909.png'
rm 'charts/screenshots/ETN/ETN_1H_20260820_030640.png'
rm 'charts/screenshots/ETN/ETN_4H_20260820_030640.png'
rm 'charts/screenshots/ETN/ETN_Daily_20260820_030640.png'
rm 'charts/screenshots/ETN/ETN_Monthly_20260820_030640.png'
rm 'charts/screenshots/ETN/ETN_Weekly_20260820_030640.png'
rm 'charts/screenshots/F/F_1H_20260820_030833.png'
rm 'charts/screenshots/F/F_4H_20260820_030833.png'
rm 'charts/screenshots/F/F_Daily_20260820_030833.png'
rm 'charts/screenshots/F/F_Monthly_20260820_030833.png'
rm 'charts/screenshots/F/F_Weekly_20260820_030833.png'
rm 'charts/screenshots/FCX/FCX_1H_20260820_023906.png'
rm 'charts/screenshots/FCX/FCX_4H_20260820_023906.png'
rm 'charts/screenshots/FCX/FCX_Daily_20260820_023906.png'
rm 'charts/screenshots/FCX/FCX_Monthly_20260820_023906.png'
rm 'charts/screenshots/FCX/FCX_Weekly_20260820_023906.png'
rm 'charts/screenshots/FTNT/FTNT_1H_20260820_023633.png'
rm 'charts/screenshots/FTNT/FTNT_4H_20260820_023633.png'
rm 'charts/screenshots/FTNT/FTNT_Daily_20260820_023633.png'
rm 'charts/screenshots/FTNT/FTNT_Monthly_20260820_023633.png'
rm 'charts/screenshots/FTNT/FTNT_Weekly_20260820_023633.png'
rm 'charts/screenshots/GE/GE_1H_20260820_023712.png'
rm 'charts/screenshots/GE/GE_4H_20260820_023712.png'
rm 'charts/screenshots/GE/GE_Daily_20260820_023712.png'
rm 'charts/screenshots/GE/GE_Monthly_20260820_023712.png'
rm 'charts/screenshots/GE/GE_Weekly_20260820_023712.png'
rm 'charts/screenshots/GILD/GILD_1H_20260820_023749.png'
rm 'charts/screenshots/GILD/GILD_4H_20260820_023749.png'
rm 'charts/screenshots/GILD/GILD_Daily_20260820_023749.png'
rm 'charts/screenshots/GILD/GILD_Monthly_20260820_023749.png'
rm 'charts/screenshots/GILD/GILD_Weekly_20260820_023749.png'
rm 'charts/screenshots/GS/GS_1H_20260820_030910.png'
rm 'charts/screenshots/GS/GS_4H_20260820_030910.png'
rm 'charts/screenshots/GS/GS_Daily_20260820_030910.png'
rm 'charts/screenshots/GS/GS_Monthly_20260820_030910.png'
rm 'charts/screenshots/GS/GS_Weekly_20260820_030910.png'
rm 'charts/screenshots/HD/HD_1H_20260820_030256.png'
rm 'charts/screenshots/HD/HD_4H_20260820_030256.png'
rm 'charts/screenshots/HD/HD_Daily_20260820_030256.png'
rm 'charts/screenshots/HD/HD_Monthly_20260820_030256.png'
rm 'charts/screenshots/HD/HD_Weekly_20260820_030256.png'
rm 'charts/screenshots/HPE/HPE_1H_20260820_023828.png'
rm 'charts/screenshots/HPE/HPE_4H_20260820_023828.png'
rm 'charts/screenshots/HPE/HPE_Daily_20260820_023828.png'
rm 'charts/screenshots/HPE/HPE_Monthly_20260820_023828.png'
rm 'charts/screenshots/HPE/HPE_Weekly_20260820_023828.png'
rm 'charts/screenshots/IWM/IWM_1H_20260820_024250.png'
rm 'charts/screenshots/IWM/IWM_4H_20260820_024250.png'
rm 'charts/screenshots/IWM/IWM_Daily_20260820_024250.png'
rm 'charts/screenshots/IWM/IWM_Monthly_20260820_024250.png'
rm 'charts/screenshots/IWM/IWM_Weekly_20260820_024250.png'
rm 'charts/screenshots/JNJ/JNJ_1H_20260820_024831.png'
rm 'charts/screenshots/JNJ/JNJ_4H_20260820_024831.png'
rm 'charts/screenshots/JNJ/JNJ_Daily_20260820_024831.png'
rm 'charts/screenshots/JNJ/JNJ_Monthly_20260820_024831.png'
rm 'charts/screenshots/JNJ/JNJ_Weekly_20260820_024831.png'
rm 'charts/screenshots/JPM/JPM_1H_20260820_024753.png'
rm 'charts/screenshots/JPM/JPM_4H_20260820_024753.png'
rm 'charts/screenshots/JPM/JPM_Daily_20260820_024753.png'
rm 'charts/screenshots/JPM/JPM_Monthly_20260820_024753.png'
rm 'charts/screenshots/JPM/JPM_Weekly_20260820_024753.png'
rm 'charts/screenshots/KLAC/KLAC_1H_20260820_031759.png'
rm 'charts/screenshots/KLAC/KLAC_4H_20260820_031759.png'
rm 'charts/screenshots/KLAC/KLAC_Daily_20260820_031759.png'
rm 'charts/screenshots/KLAC/KLAC_Monthly_20260820_031759.png'
rm 'charts/screenshots/KLAC/KLAC_Weekly_20260820_031759.png'
rm 'charts/screenshots/KO/KO_1H_20260820_023944.png'
rm 'charts/screenshots/KO/KO_4H_20260820_023944.png'
rm 'charts/screenshots/KO/KO_Daily_20260820_023944.png'
rm 'charts/screenshots/KO/KO_Monthly_20260820_023944.png'
rm 'charts/screenshots/KO/KO_Weekly_20260820_023944.png'
rm 'charts/screenshots/LLY/LLY_1H_20260820_024057.png'
rm 'charts/screenshots/LLY/LLY_4H_20260820_024057.png'
rm 'charts/screenshots/LLY/LLY_Daily_20260820_024057.png'
rm 'charts/screenshots/LLY/LLY_Monthly_20260820_024057.png'
rm 'charts/screenshots/LLY/LLY_Weekly_20260820_024057.png'
rm 'charts/screenshots/MA/MA_1H_20260820_023517.png'
rm 'charts/screenshots/MA/MA_4H_20260820_023517.png'
rm 'charts/screenshots/MA/MA_Daily_20260820_023517.png'
rm 'charts/screenshots/MA/MA_Monthly_20260820_023517.png'
rm 'charts/screenshots/MA/MA_Weekly_20260820_023517.png'
rm 'charts/screenshots/MCK/MCK_1H_20260820_031217.png'
rm 'charts/screenshots/MCK/MCK_4H_20260820_031217.png'
rm 'charts/screenshots/MCK/MCK_Daily_20260820_031217.png'
rm 'charts/screenshots/MCK/MCK_Monthly_20260820_031217.png'
rm 'charts/screenshots/MCK/MCK_Weekly_20260820_031217.png'
rm 'charts/screenshots/MELI/MELI_1H_20260820_025141.png'
rm 'charts/screenshots/MELI/MELI_4H_20260820_025141.png'
rm 'charts/screenshots/MELI/MELI_Daily_20260820_025141.png'
rm 'charts/screenshots/MELI/MELI_Monthly_20260820_025141.png'
rm 'charts/screenshots/MELI/MELI_Weekly_20260820_025141.png'
rm 'charts/screenshots/META/META_1H_20260820_031915.png'
rm 'charts/screenshots/META/META_4H_20260820_031915.png'
rm 'charts/screenshots/META/META_Daily_20260820_031915.png'
rm 'charts/screenshots/META/META_Monthly_20260820_031915.png'
rm 'charts/screenshots/META/META_Weekly_20260820_031915.png'
rm 'charts/screenshots/MPC/MPC_1H_20260820_022707.png'
rm 'charts/screenshots/MPC/MPC_4H_20260820_022707.png'
rm 'charts/screenshots/MPC/MPC_Daily_20260820_022707.png'
rm 'charts/screenshots/MPC/MPC_Monthly_20260820_022707.png'
rm 'charts/screenshots/MPC/MPC_Weekly_20260820_022707.png'
rm 'charts/screenshots/MPWR/MPWR_1H_20260820_031721.png'
rm 'charts/screenshots/MPWR/MPWR_4H_20260820_031721.png'
rm 'charts/screenshots/MPWR/MPWR_Daily_20260820_031721.png'
rm 'charts/screenshots/MPWR/MPWR_Monthly_20260820_031721.png'
rm 'charts/screenshots/MPWR/MPWR_Weekly_20260820_031721.png'
rm 'charts/screenshots/MRK/MRK_1H_20260820_024405.png'
rm 'charts/screenshots/MRK/MRK_4H_20260820_024405.png'
rm 'charts/screenshots/MRK/MRK_Daily_20260820_024405.png'
rm 'charts/screenshots/MRK/MRK_Monthly_20260820_024405.png'
rm 'charts/screenshots/MRK/MRK_Weekly_20260820_024405.png'
rm 'charts/screenshots/MRNA/MRNA_1H_20260820_030024.png'
rm 'charts/screenshots/MRNA/MRNA_4H_20260820_030024.png'
rm 'charts/screenshots/MRNA/MRNA_Daily_20260820_030024.png'
rm 'charts/screenshots/MRNA/MRNA_Monthly_20260820_030024.png'
rm 'charts/screenshots/MRNA/MRNA_Weekly_20260820_030024.png'
rm 'charts/screenshots/MRVL/MRVL_1H_20260820_022822.png'
rm 'charts/screenshots/MRVL/MRVL_4H_20260820_022822.png'
rm 'charts/screenshots/MRVL/MRVL_Daily_20260820_022822.png'
rm 'charts/screenshots/MRVL/MRVL_Monthly_20260820_022822.png'
rm 'charts/screenshots/MRVL/MRVL_Weekly_20260820_022822.png'
rm 'charts/screenshots/MS/MS_1H_20260820_025408.png'
rm 'charts/screenshots/MS/MS_4H_20260820_025408.png'
rm 'charts/screenshots/MS/MS_Daily_20260820_025408.png'
rm 'charts/screenshots/MS/MS_Monthly_20260820_025408.png'
rm 'charts/screenshots/MS/MS_Weekly_20260820_025408.png'
rm 'charts/screenshots/MSFT/MSFT_1H_20260820_023246.png'
rm 'charts/screenshots/MSFT/MSFT_4H_20260820_023246.png'
rm 'charts/screenshots/MSFT/MSFT_Daily_20260820_023246.png'
rm 'charts/screenshots/MSFT/MSFT_Monthly_20260820_023246.png'
rm 'charts/screenshots/MSFT/MSFT_Weekly_20260820_023246.png'
rm 'charts/screenshots/MU/MU_1H_20260820_025445.png'
rm 'charts/screenshots/MU/MU_4H_20260820_025445.png'
rm 'charts/screenshots/MU/MU_Daily_20260820_025445.png'
rm 'charts/screenshots/MU/MU_Monthly_20260820_025445.png'
rm 'charts/screenshots/MU/MU_Weekly_20260820_025445.png'
rm 'charts/screenshots/NBM.V/NBM.V_1H_20260820_032031.png'
rm 'charts/screenshots/NBM.V/NBM.V_4H_20260820_032031.png'
rm 'charts/screenshots/NBM.V/NBM.V_Daily_20260820_032031.png'
rm 'charts/screenshots/NBM.V/NBM.V_Monthly_20260820_032031.png'
rm 'charts/screenshots/NBM.V/NBM.V_Weekly_20260820_032031.png'
rm 'charts/screenshots/NEE/NEE_1H_20260820_031605.png'
rm 'charts/screenshots/NEE/NEE_4H_20260820_031605.png'
rm 'charts/screenshots/NEE/NEE_Daily_20260820_031605.png'
rm 'charts/screenshots/NEE/NEE_Monthly_20260820_031605.png'
rm 'charts/screenshots/NEE/NEE_Weekly_20260820_031605.png'
rm 'charts/screenshots/NEM/NEM_1H_20260820_022630.png'
rm 'charts/screenshots/NEM/NEM_4H_20260820_022630.png'
rm 'charts/screenshots/NEM/NEM_Daily_20260820_022630.png'
rm 'charts/screenshots/NEM/NEM_Monthly_20260820_022630.png'
rm 'charts/screenshots/NEM/NEM_Weekly_20260820_022630.png'
rm 'charts/screenshots/NKE/NKE_1H_20260820_031837.png'
rm 'charts/screenshots/NKE/NKE_4H_20260820_031837.png'
rm 'charts/screenshots/NKE/NKE_Daily_20260820_031837.png'
rm 'charts/screenshots/NKE/NKE_Monthly_20260820_031837.png'
rm 'charts/screenshots/NKE/NKE_Weekly_20260820_031837.png'
rm 'charts/screenshots/NOW/NOW_1H_20260820_030103.png'
rm 'charts/screenshots/NOW/NOW_4H_20260820_030103.png'
rm 'charts/screenshots/NOW/NOW_Daily_20260820_030103.png'
rm 'charts/screenshots/NOW/NOW_Monthly_20260820_030103.png'
rm 'charts/screenshots/NOW/NOW_Weekly_20260820_030103.png'
rm 'charts/screenshots/NVDA/NVDA_1H_20260820_030604.png'
rm 'charts/screenshots/NVDA/NVDA_4H_20260820_030604.png'
rm 'charts/screenshots/NVDA/NVDA_Daily_20260820_030604.png'
rm 'charts/screenshots/NVDA/NVDA_Monthly_20260820_030604.png'
rm 'charts/screenshots/NVDA/NVDA_Weekly_20260820_030604.png'
rm 'charts/screenshots/PANW/PANW_1H_20260820_023323.png'
rm 'charts/screenshots/PANW/PANW_4H_20260820_023323.png'
rm 'charts/screenshots/PANW/PANW_Daily_20260820_023323.png'
rm 'charts/screenshots/PANW/PANW_Monthly_20260820_023323.png'
rm 'charts/screenshots/PANW/PANW_Weekly_20260820_023323.png'
rm 'charts/screenshots/PFE/PFE_1H_20260820_024443.png'
rm 'charts/screenshots/PFE/PFE_4H_20260820_024443.png'
rm 'charts/screenshots/PFE/PFE_Daily_20260820_024443.png'
rm 'charts/screenshots/PFE/PFE_Monthly_20260820_024443.png'
rm 'charts/screenshots/PFE/PFE_Weekly_20260820_024443.png'
rm 'charts/screenshots/PG/PG_1H_20260820_030141.png'
rm 'charts/screenshots/PG/PG_4H_20260820_030141.png'
rm 'charts/screenshots/PG/PG_Daily_20260820_030141.png'
rm 'charts/screenshots/PG/PG_Monthly_20260820_030141.png'
rm 'charts/screenshots/PG/PG_Weekly_20260820_030141.png'
rm 'charts/screenshots/PLTR/PLTR_1H_20260820_023401.png'
rm 'charts/screenshots/PLTR/PLTR_4H_20260820_023401.png'
rm 'charts/screenshots/PLTR/PLTR_Daily_20260820_023401.png'
rm 'charts/screenshots/PLTR/PLTR_Monthly_20260820_023401.png'
rm 'charts/screenshots/PLTR/PLTR_Weekly_20260820_023401.png'
rm 'charts/screenshots/PWR/PWR_1H_20260820_025909.png'
rm 'charts/screenshots/PWR/PWR_4H_20260820_025909.png'
rm 'charts/screenshots/PWR/PWR_Daily_20260820_025909.png'
rm 'charts/screenshots/PWR/PWR_Monthly_20260820_025909.png'
rm 'charts/screenshots/PWR/PWR_Weekly_20260820_025909.png'
rm 'charts/screenshots/QQQ/QQQ_1H_20260820_025831.png'
rm 'charts/screenshots/QQQ/QQQ_4H_20260820_025831.png'
rm 'charts/screenshots/QQQ/QQQ_Daily_20260820_025831.png'
rm 'charts/screenshots/QQQ/QQQ_Monthly_20260820_025831.png'
rm 'charts/screenshots/QQQ/QQQ_Weekly_20260820_025831.png'
rm 'charts/screenshots/RTX/RTX_1H_20260820_023439.png'
rm 'charts/screenshots/RTX/RTX_4H_20260820_023439.png'
rm 'charts/screenshots/RTX/RTX_Daily_20260820_023439.png'
rm 'charts/screenshots/RTX/RTX_Monthly_20260820_023439.png'
rm 'charts/screenshots/RTX/RTX_Weekly_20260820_023439.png'
rm 'charts/screenshots/SBUX/SBUX_1H_20260820_031255.png'
rm 'charts/screenshots/SBUX/SBUX_4H_20260820_031255.png'
rm 'charts/screenshots/SBUX/SBUX_Daily_20260820_031255.png'
rm 'charts/screenshots/SBUX/SBUX_Monthly_20260820_031255.png'
rm 'charts/screenshots/SBUX/SBUX_Weekly_20260820_031255.png'
rm 'charts/screenshots/SCHW/SCHW_1H_20260820_023208.png'
rm 'charts/screenshots/SCHW/SCHW_4H_20260820_023208.png'
rm 'charts/screenshots/SCHW/SCHW_Daily_20260820_023208.png'
rm 'charts/screenshots/SCHW/SCHW_Monthly_20260820_023208.png'
rm 'charts/screenshots/SCHW/SCHW_Weekly_20260820_023208.png'
rm 'charts/screenshots/SMCI/SMCI_1H_20260820_025716.png'
rm 'charts/screenshots/SMCI/SMCI_4H_20260820_025716.png'
rm 'charts/screenshots/SMCI/SMCI_Daily_20260820_025716.png'
rm 'charts/screenshots/SMCI/SMCI_Monthly_20260820_025716.png'
rm 'charts/screenshots/SMCI/SMCI_Weekly_20260820_025716.png'
rm 'charts/screenshots/SPY/SPY_1H_20260820_022514.png'
rm 'charts/screenshots/SPY/SPY_4H_20260820_022514.png'
rm 'charts/screenshots/SPY/SPY_Daily_20260820_022514.png'
rm 'charts/screenshots/SPY/SPY_Monthly_20260820_022514.png'
rm 'charts/screenshots/SPY/SPY_Weekly_20260820_022514.png'
rm 'charts/screenshots/STX/STX_1H_20260820_031333.png'
rm 'charts/screenshots/STX/STX_4H_20260820_031333.png'
rm 'charts/screenshots/STX/STX_Daily_20260820_031333.png'
rm 'charts/screenshots/STX/STX_Monthly_20260820_031333.png'
rm 'charts/screenshots/STX/STX_Weekly_20260820_031333.png'
rm 'charts/screenshots/SYK/SYK_1H_20260820_030718.png'
rm 'charts/screenshots/SYK/SYK_4H_20260820_030718.png'
rm 'charts/screenshots/SYK/SYK_Daily_20260820_030718.png'
rm 'charts/screenshots/SYK/SYK_Monthly_20260820_030718.png'
rm 'charts/screenshots/SYK/SYK_Weekly_20260820_030718.png'
rm 'charts/screenshots/TEAM/TEAM_1H_20260820_024213.png'
rm 'charts/screenshots/TEAM/TEAM_4H_20260820_024213.png'
rm 'charts/screenshots/TEAM/TEAM_Daily_20260820_024213.png'
rm 'charts/screenshots/TEAM/TEAM_Monthly_20260820_024213.png'
rm 'charts/screenshots/TEAM/TEAM_Weekly_20260820_024213.png'
rm 'charts/screenshots/TER/TER_1H_20260820_025600.png'
rm 'charts/screenshots/TER/TER_4H_20260820_025600.png'
rm 'charts/screenshots/TER/TER_Daily_20260820_025600.png'
rm 'charts/screenshots/TER/TER_Monthly_20260820_025600.png'
rm 'charts/screenshots/TER/TER_Weekly_20260820_025600.png'
rm 'charts/screenshots/TMO/TMO_1H_20260820_024135.png'
rm 'charts/screenshots/TMO/TMO_4H_20260820_024135.png'
rm 'charts/screenshots/TMO/TMO_Daily_20260820_024135.png'
rm 'charts/screenshots/TMO/TMO_Monthly_20260820_024135.png'
rm 'charts/screenshots/TMO/TMO_Weekly_20260820_024135.png'
rm 'charts/screenshots/TRV/TRV_1H_20260820_031102.png'
rm 'charts/screenshots/TRV/TRV_4H_20260820_031102.png'
rm 'charts/screenshots/TRV/TRV_Daily_20260820_031102.png'
rm 'charts/screenshots/TRV/TRV_Monthly_20260820_031102.png'
rm 'charts/screenshots/TRV/TRV_Weekly_20260820_031102.png'
rm 'charts/screenshots/UBER/UBER_1H_20260820_030334.png'
rm 'charts/screenshots/UBER/UBER_4H_20260820_030334.png'
rm 'charts/screenshots/UBER/UBER_Daily_20260820_030334.png'
rm 'charts/screenshots/UBER/UBER_Monthly_20260820_030334.png'
rm 'charts/screenshots/UBER/UBER_Weekly_20260820_030334.png'
rm 'charts/screenshots/UNH/UNH_1H_20260820_030218.png'
rm 'charts/screenshots/UNH/UNH_4H_20260820_030218.png'
rm 'charts/screenshots/UNH/UNH_Daily_20260820_030218.png'
rm 'charts/screenshots/UNH/UNH_Monthly_20260820_030218.png'
rm 'charts/screenshots/UNH/UNH_Weekly_20260820_030218.png'
rm 'charts/screenshots/UNP/UNP_1H_20260820_025523.png'
rm 'charts/screenshots/UNP/UNP_4H_20260820_025523.png'
rm 'charts/screenshots/UNP/UNP_Daily_20260820_025523.png'
rm 'charts/screenshots/UNP/UNP_Monthly_20260820_025523.png'
rm 'charts/screenshots/UNP/UNP_Weekly_20260820_025523.png'
rm 'charts/screenshots/V/V_1H_20260820_030412.png'
rm 'charts/screenshots/V/V_4H_20260820_030412.png'
rm 'charts/screenshots/V/V_Daily_20260820_030412.png'
rm 'charts/screenshots/V/V_Monthly_20260820_030412.png'
rm 'charts/screenshots/V/V_Weekly_20260820_030412.png'
rm 'charts/screenshots/VLO/VLO_1H_20260820_022744.png'
rm 'charts/screenshots/VLO/VLO_4H_20260820_022744.png'
rm 'charts/screenshots/VLO/VLO_Daily_20260820_022744.png'
rm 'charts/screenshots/VLO/VLO_Monthly_20260820_022744.png'
rm 'charts/screenshots/VLO/VLO_Weekly_20260820_022744.png'
rm 'charts/screenshots/VZ/VZ_1H_20260820_025639.png'
rm 'charts/screenshots/VZ/VZ_4H_20260820_025639.png'
rm 'charts/screenshots/VZ/VZ_Daily_20260820_025639.png'
rm 'charts/screenshots/VZ/VZ_Monthly_20260820_025639.png'
rm 'charts/screenshots/VZ/VZ_Weekly_20260820_025639.png'
rm 'charts/screenshots/WDAY/WDAY_1H_20260820_023016.png'
rm 'charts/screenshots/WDAY/WDAY_4H_20260820_023016.png'
rm 'charts/screenshots/WDAY/WDAY_Daily_20260820_023016.png'
rm 'charts/screenshots/WDAY/WDAY_Monthly_20260820_023016.png'
rm 'charts/screenshots/WDAY/WDAY_Weekly_20260820_023016.png'
rm 'charts/screenshots/WFC/WFC_1H_20260820_025218.png'
rm 'charts/screenshots/WFC/WFC_4H_20260820_025218.png'
rm 'charts/screenshots/WFC/WFC_Daily_20260820_025218.png'
rm 'charts/screenshots/WFC/WFC_Monthly_20260820_025218.png'
rm 'charts/screenshots/WFC/WFC_Weekly_20260820_025218.png'
rm 'charts/screenshots/XOM/XOM_1H_20260820_024947.png'
rm 'charts/screenshots/XOM/XOM_4H_20260820_024947.png'
rm 'charts/screenshots/XOM/XOM_Daily_20260820_024947.png'
rm 'charts/screenshots/XOM/XOM_Monthly_20260820_024947.png'
rm 'charts/screenshots/XOM/XOM_Weekly_20260820_024947.png'
[main 48abec6] Update chart screenshots 1787282633
 880 files changed, 0 insertions(+), 0 deletions(-)
 delete mode 100644 charts/screenshots/AAPL/AAPL_1H_20260820_025331.png
 create mode 100644 charts/screenshots/AAPL/AAPL_1H_20260821_025938.png
 delete mode 100644 charts/screenshots/AAPL/AAPL_4H_20260820_025331.png
 create mode 100644 charts/screenshots/AAPL/AAPL_4H_20260821_025938.png
 delete mode 100644 charts/screenshots/AAPL/AAPL_Daily_20260820_025331.png
 create mode 100644 charts/screenshots/AAPL/AAPL_Daily_20260821_025938.png
 delete mode 100644 charts/screenshots/AAPL/AAPL_Monthly_20260820_025331.png
 create mode 100644 charts/screenshots/AAPL/AAPL_Monthly_20260821_025938.png
 delete mode 100644 charts/screenshots/AAPL/AAPL_Weekly_20260820_025331.png
 create mode 100644 charts/screenshots/AAPL/AAPL_Weekly_20260821_025938.png
 delete mode 100644 charts/screenshots/ABBV/ABBV_1H_20260820_024559.png
 create mode 100644 charts/screenshots/ABBV/ABBV_1H_20260821_024331.png
 delete mode 100644 charts/screenshots/ABBV/ABBV_4H_20260820_024559.png
 create mode 100644 charts/screenshots/ABBV/ABBV_4H_20260821_024331.png
 delete mode 100644 charts/screenshots/ABBV/ABBV_Daily_20260820_024559.png
 create mode 100644 charts/screenshots/ABBV/ABBV_Daily_20260821_024331.png
 delete mode 100644 charts/screenshots/ABBV/ABBV_Monthly_20260820_024559.png
 create mode 100644 charts/screenshots/ABBV/ABBV_Monthly_20260821_024331.png
 delete mode 100644 charts/screenshots/ABBV/ABBV_Weekly_20260820_024559.png
 create mode 100644 charts/screenshots/ABBV/ABBV_Weekly_20260821_024331.png
 delete mode 100644 charts/screenshots/ABNB/ABNB_1H_20260820_022938.png
 create mode 100644 charts/screenshots/ABNB/ABNB_1H_20260821_023416.png
 delete mode 100644 charts/screenshots/ABNB/ABNB_4H_20260820_022938.png
 create mode 100644 charts/screenshots/ABNB/ABNB_4H_20260821_023416.png
 delete mode 100644 charts/screenshots/ABNB/ABNB_Daily_20260820_022938.png
 create mode 100644 charts/screenshots/ABNB/ABNB_Daily_20260821_023416.png
 delete mode 100644 charts/screenshots/ABNB/ABNB_Monthly_20260820_022938.png
 create mode 100644 charts/screenshots/ABNB/ABNB_Monthly_20260821_023416.png
 delete mode 100644 charts/screenshots/ABNB/ABNB_Weekly_20260820_022938.png
 create mode 100644 charts/screenshots/ABNB/ABNB_Weekly_20260821_023416.png
 delete mode 100644 charts/screenshots/ABT/ABT_1H_20260820_025025.png
 create mode 100644 charts/screenshots/ABT/ABT_1H_20260821_023452.png
 delete mode 100644 charts/screenshots/ABT/ABT_4H_20260820_025025.png
 create mode 100644 charts/screenshots/ABT/ABT_4H_20260821_023452.png
 delete mode 100644 charts/screenshots/ABT/ABT_Daily_20260820_025025.png
 create mode 100644 charts/screenshots/ABT/ABT_Daily_20260821_023452.png
 delete mode 100644 charts/screenshots/ABT/ABT_Monthly_20260820_025025.png
 create mode 100644 charts/screenshots/ABT/ABT_Monthly_20260821_023452.png
 delete mode 100644 charts/screenshots/ABT/ABT_Weekly_20260820_025025.png
 create mode 100644 charts/screenshots/ABT/ABT_Weekly_20260821_023452.png
 delete mode 100644 charts/screenshots/AMGN/AMGN_1H_20260820_025103.png
 create mode 100644 charts/screenshots/AMGN/AMGN_1H_20260821_023832.png
 delete mode 100644 charts/screenshots/AMGN/AMGN_4H_20260820_025103.png
 create mode 100644 charts/screenshots/AMGN/AMGN_4H_20260821_023832.png
 delete mode 100644 charts/screenshots/AMGN/AMGN_Daily_20260820_025103.png
 create mode 100644 charts/screenshots/AMGN/AMGN_Daily_20260821_023832.png
 delete mode 100644 charts/screenshots/AMGN/AMGN_Monthly_20260820_025103.png
 create mode 100644 charts/screenshots/AMGN/AMGN_Monthly_20260821_023832.png
 delete mode 100644 charts/screenshots/AMGN/AMGN_Weekly_20260820_025103.png
 create mode 100644 charts/screenshots/AMGN/AMGN_Weekly_20260821_023832.png
 delete mode 100644 charts/screenshots/AMZN/AMZN_1H_20260820_030450.png
 create mode 100644 charts/screenshots/AMZN/AMZN_1H_20260821_030209.png
 delete mode 100644 charts/screenshots/AMZN/AMZN_4H_20260820_030450.png
 create mode 100644 charts/screenshots/AMZN/AMZN_4H_20260821_030209.png
 delete mode 100644 charts/screenshots/AMZN/AMZN_Daily_20260820_030450.png
 create mode 100644 charts/screenshots/AMZN/AMZN_Daily_20260821_030209.png
 delete mode 100644 charts/screenshots/AMZN/AMZN_Monthly_20260820_030450.png
 create mode 100644 charts/screenshots/AMZN/AMZN_Monthly_20260821_030209.png
 delete mode 100644 charts/screenshots/AMZN/AMZN_Weekly_20260820_030450.png
 create mode 100644 charts/screenshots/AMZN/AMZN_Weekly_20260821_030209.png
 delete mode 100644 charts/screenshots/ANET/ANET_1H_20260820_024637.png
 create mode 100644 charts/screenshots/ANET/ANET_1H_20260821_024941.png
 delete mode 100644 charts/screenshots/ANET/ANET_4H_20260820_024637.png
 create mode 100644 charts/screenshots/ANET/ANET_4H_20260821_024941.png
 delete mode 100644 charts/screenshots/ANET/ANET_Daily_20260820_024637.png
 create mode 100644 charts/screenshots/ANET/ANET_Daily_20260821_024941.png
 delete mode 100644 charts/screenshots/ANET/ANET_Monthly_20260820_024637.png
 create mode 100644 charts/screenshots/ANET/ANET_Monthly_20260821_024941.png
 delete mode 100644 charts/screenshots/ANET/ANET_Weekly_20260820_024637.png
 create mode 100644 charts/screenshots/ANET/ANET_Weekly_20260821_024941.png
 delete mode 100644 charts/screenshots/APH/APH_1H_20260820_030948.png
 delete mode 100644 charts/screenshots/APH/APH_4H_20260820_030948.png
 delete mode 100644 charts/screenshots/APH/APH_Daily_20260820_030948.png
 delete mode 100644 charts/screenshots/APH/APH_Monthly_20260820_030948.png
 delete mode 100644 charts/screenshots/APH/APH_Weekly_20260820_030948.png
 delete mode 100644 charts/screenshots/APP/APP_1H_20260820_031643.png
 delete mode 100644 charts/screenshots/APP/APP_4H_20260820_031643.png
 delete mode 100644 charts/screenshots/APP/APP_Daily_20260820_031643.png
 delete mode 100644 charts/screenshots/APP/APP_Monthly_20260820_031643.png
 delete mode 100644 charts/screenshots/APP/APP_Weekly_20260820_031643.png
 delete mode 100644 charts/screenshots/ARWR/ARWR_1H_20260820_031953.png
 create mode 100644 charts/screenshots/ARWR/ARWR_1H_20260821_032157.png
 delete mode 100644 charts/screenshots/ARWR/ARWR_4H_20260820_031953.png
 create mode 100644 charts/screenshots/ARWR/ARWR_4H_20260821_032157.png
 delete mode 100644 charts/screenshots/ARWR/ARWR_Daily_20260820_031953.png
 create mode 100644 charts/screenshots/ARWR/ARWR_Daily_20260821_032157.png
 delete mode 100644 charts/screenshots/ARWR/ARWR_Monthly_20260820_031953.png
 create mode 100644 charts/screenshots/ARWR/ARWR_Monthly_20260821_032157.png
 delete mode 100644 charts/screenshots/ARWR/ARWR_Weekly_20260820_031953.png
 create mode 100644 charts/screenshots/ARWR/ARWR_Weekly_20260821_032157.png
 delete mode 100644 charts/screenshots/ASML/ASML_1H_20260820_030756.png
 create mode 100644 charts/screenshots/ASML/ASML_1H_20260821_030324.png
 delete mode 100644 charts/screenshots/ASML/ASML_4H_20260820_030756.png
 create mode 100644 charts/screenshots/ASML/ASML_4H_20260821_030324.png
 delete mode 100644 charts/screenshots/ASML/ASML_Daily_20260820_030756.png
 create mode 100644 charts/screenshots/ASML/ASML_Daily_20260821_030324.png
 delete mode 100644 charts/screenshots/ASML/ASML_Monthly_20260820_030756.png
 create mode 100644 charts/screenshots/ASML/ASML_Monthly_20260821_030324.png
 delete mode 100644 charts/screenshots/ASML/ASML_Weekly_20260820_030756.png
 create mode 100644 charts/screenshots/ASML/ASML_Weekly_20260821_030324.png
 delete mode 100644 charts/screenshots/AVGO/AVGO_1H_20260820_031527.png
 create mode 100644 charts/screenshots/AVGO/AVGO_1H_20260821_031851.png
 delete mode 100644 charts/screenshots/AVGO/AVGO_4H_20260820_031527.png
 create mode 100644 charts/screenshots/AVGO/AVGO_4H_20260821_031851.png
 delete mode 100644 charts/screenshots/AVGO/AVGO_Daily_20260820_031527.png
 create mode 100644 charts/screenshots/AVGO/AVGO_Daily_20260821_031851.png
 delete mode 100644 charts/screenshots/AVGO/AVGO_Monthly_20260820_031527.png
 create mode 100644 charts/screenshots/AVGO/AVGO_Monthly_20260821_031851.png
 delete mode 100644 charts/screenshots/AVGO/AVGO_Weekly_20260820_031527.png
 create mode 100644 charts/screenshots/AVGO/AVGO_Weekly_20260821_031851.png
 delete mode 100644 charts/screenshots/AXP/AXP_1H_20260820_025754.png
 create mode 100644 charts/screenshots/AXP/AXP_1H_20260821_025247.png
 delete mode 100644 charts/screenshots/AXP/AXP_4H_20260820_025754.png
 create mode 100644 charts/screenshots/AXP/AXP_4H_20260821_025247.png
 delete mode 100644 charts/screenshots/AXP/AXP_Daily_20260820_025754.png
 create mode 100644 charts/screenshots/AXP/AXP_Daily_20260821_025247.png
 delete mode 100644 charts/screenshots/AXP/AXP_Monthly_20260820_025754.png
 create mode 100644 charts/screenshots/AXP/AXP_Monthly_20260821_025247.png
 delete mode 100644 charts/screenshots/AXP/AXP_Weekly_20260820_025754.png
 create mode 100644 charts/screenshots/AXP/AXP_Weekly_20260821_025247.png
 delete mode 100644 charts/screenshots/BA/BA_1H_20260820_025255.png
 delete mode 100644 charts/screenshots/BA/BA_4H_20260820_025255.png
 delete mode 100644 charts/screenshots/BA/BA_Daily_20260820_025255.png
 delete mode 100644 charts/screenshots/BA/BA_Monthly_20260820_025255.png
 delete mode 100644 charts/screenshots/BA/BA_Weekly_20260820_025255.png
 delete mode 100644 charts/screenshots/BAC/BAC_1H_20260820_023053.png
 create mode 100644 charts/screenshots/BAC/BAC_1H_20260821_023149.png
 delete mode 100644 charts/screenshots/BAC/BAC_4H_20260820_023053.png
 create mode 100644 charts/screenshots/BAC/BAC_4H_20260821_023149.png
 delete mode 100644 charts/screenshots/BAC/BAC_Daily_20260820_023053.png
 create mode 100644 charts/screenshots/BAC/BAC_Daily_20260821_023149.png
 delete mode 100644 charts/screenshots/BAC/BAC_Monthly_20260820_023053.png
 create mode 100644 charts/screenshots/BAC/BAC_Monthly_20260821_023149.png
 delete mode 100644 charts/screenshots/BAC/BAC_Weekly_20260820_023053.png
 create mode 100644 charts/screenshots/BAC/BAC_Weekly_20260821_023149.png
 delete mode 100644 charts/screenshots/BKNG/BKNG_1H_20260820_023130.png
 create mode 100644 charts/screenshots/BKNG/BKNG_1H_20260821_023605.png
 delete mode 100644 charts/screenshots/BKNG/BKNG_4H_20260820_023130.png
 create mode 100644 charts/screenshots/BKNG/BKNG_4H_20260821_023605.png
 delete mode 100644 charts/screenshots/BKNG/BKNG_Daily_20260820_023130.png
 create mode 100644 charts/screenshots/BKNG/BKNG_Daily_20260821_023605.png
 delete mode 100644 charts/screenshots/BKNG/BKNG_Monthly_20260820_023130.png
 create mode 100644 charts/screenshots/BKNG/BKNG_Monthly_20260821_023605.png
 delete mode 100644 charts/screenshots/BKNG/BKNG_Weekly_20260820_023130.png
 create mode 100644 charts/screenshots/BKNG/BKNG_Weekly_20260821_023605.png
 delete mode 100644 charts/screenshots/BMY/BMY_1H_20260820_024020.png
 create mode 100644 charts/screenshots/BMY/BMY_1H_20260821_023909.png
 delete mode 100644 charts/screenshots/BMY/BMY_4H_20260820_024020.png
 create mode 100644 charts/screenshots/BMY/BMY_4H_20260821_023909.png
 delete mode 100644 charts/screenshots/BMY/BMY_Daily_20260820_024020.png
 create mode 100644 charts/screenshots/BMY/BMY_Daily_20260821_023909.png
 delete mode 100644 charts/screenshots/BMY/BMY_Monthly_20260820_024020.png
 create mode 100644 charts/screenshots/BMY/BMY_Monthly_20260821_023909.png
 delete mode 100644 charts/screenshots/BMY/BMY_Weekly_20260820_024020.png
 create mode 100644 charts/screenshots/BMY/BMY_Weekly_20260821_023909.png
 delete mode 100644 charts/screenshots/BRK-B/BRK-B_1H_20260820_031139.png
 create mode 100644 charts/screenshots/BRK-B/BRK-B_1H_20260821_031241.png
 delete mode 100644 charts/screenshots/BRK-B/BRK-B_4H_20260820_031139.png
 create mode 100644 charts/screenshots/BRK-B/BRK-B_4H_20260821_031241.png
 delete mode 100644 charts/screenshots/BRK-B/BRK-B_Daily_20260820_031139.png
 create mode 100644 charts/screenshots/BRK-B/BRK-B_Daily_20260821_031241.png
 delete mode 100644 charts/screenshots/BRK-B/BRK-B_Monthly_20260820_031139.png
 create mode 100644 charts/screenshots/BRK-B/BRK-B_Monthly_20260821_031241.png
 delete mode 100644 charts/screenshots/BRK-B/BRK-B_Weekly_20260820_031139.png
 create mode 100644 charts/screenshots/BRK-B/BRK-B_Weekly_20260821_031241.png
 delete mode 100644 charts/screenshots/C/C_1H_20260820_024521.png
 create mode 100644 charts/screenshots/C/C_1H_20260821_030707.png
 delete mode 100644 charts/screenshots/C/C_4H_20260820_024521.png
 create mode 100644 charts/screenshots/C/C_4H_20260821_030707.png
 delete mode 100644 charts/screenshots/C/C_Daily_20260820_024521.png
 create mode 100644 charts/screenshots/C/C_Daily_20260821_030707.png
 delete mode 100644 charts/screenshots/C/C_Monthly_20260820_024521.png
 create mode 100644 charts/screenshots/C/C_Monthly_20260821_030707.png
 delete mode 100644 charts/screenshots/C/C_Weekly_20260820_024521.png
 create mode 100644 charts/screenshots/C/C_Weekly_20260821_030707.png
 delete mode 100644 charts/screenshots/COF/COF_1H_20260820_024715.png
 create mode 100644 charts/screenshots/COF/COF_1H_20260821_024522.png
 delete mode 100644 charts/screenshots/COF/COF_4H_20260820_024715.png
 create mode 100644 charts/screenshots/COF/COF_4H_20260821_024522.png
 delete mode 100644 charts/screenshots/COF/COF_Daily_20260820_024715.png
 create mode 100644 charts/screenshots/COF/COF_Daily_20260821_024522.png
 delete mode 100644 charts/screenshots/COF/COF_Monthly_20260820_024715.png
 create mode 100644 charts/screenshots/COF/COF_Monthly_20260821_024522.png
 delete mode 100644 charts/screenshots/COF/COF_Weekly_20260820_024715.png
 create mode 100644 charts/screenshots/COF/COF_Weekly_20260821_024522.png
 delete mode 100644 charts/screenshots/COP/COP_1H_20260820_024327.png
 create mode 100644 charts/screenshots/COP/COP_1H_20260821_023034.png
 delete mode 100644 charts/screenshots/COP/COP_4H_20260820_024327.png
 create mode 100644 charts/screenshots/COP/COP_4H_20260821_023034.png
 delete mode 100644 charts/screenshots/COP/COP_Daily_20260820_024327.png
 create mode 100644 charts/screenshots/COP/COP_Daily_20260821_023034.png
 delete mode 100644 charts/screenshots/COP/COP_Monthly_20260820_024327.png
 create mode 100644 charts/screenshots/COP/COP_Monthly_20260821_023034.png
 delete mode 100644 charts/screenshots/COP/COP_Weekly_20260820_024327.png
 create mode 100644 charts/screenshots/COP/COP_Weekly_20260821_023034.png
 delete mode 100644 charts/screenshots/CRM/CRM_1H_20260820_025946.png
 create mode 100644 charts/screenshots/CRM/CRM_1H_20260821_031014.png
 delete mode 100644 charts/screenshots/CRM/CRM_4H_20260820_025946.png
 create mode 100644 charts/screenshots/CRM/CRM_4H_20260821_031014.png
 delete mode 100644 charts/screenshots/CRM/CRM_Daily_20260820_025946.png
 create mode 100644 charts/screenshots/CRM/CRM_Daily_20260821_031014.png
 delete mode 100644 charts/screenshots/CRM/CRM_Monthly_20260820_025946.png
 create mode 100644 charts/screenshots/CRM/CRM_Monthly_20260821_031014.png
 delete mode 100644 charts/screenshots/CRM/CRM_Weekly_20260820_025946.png
 create mode 100644 charts/screenshots/CRM/CRM_Weekly_20260821_031014.png
 delete mode 100644 charts/screenshots/CRWD/CRWD_1H_20260820_022552.png
 create mode 100644 charts/screenshots/CRWD/CRWD_1H_20260821_024408.png
 delete mode 100644 charts/screenshots/CRWD/CRWD_4H_20260820_022552.png
 create mode 100644 charts/screenshots/CRWD/CRWD_4H_20260821_024408.png
 delete mode 100644 charts/screenshots/CRWD/CRWD_Daily_20260820_022552.png
 create mode 100644 charts/screenshots/CRWD/CRWD_Daily_20260821_024408.png
 delete mode 100644 charts/screenshots/CRWD/CRWD_Monthly_20260820_022552.png
 create mode 100644 charts/screenshots/CRWD/CRWD_Monthly_20260821_024408.png
 delete mode 100644 charts/screenshots/CRWD/CRWD_Weekly_20260820_022552.png
 create mode 100644 charts/screenshots/CRWD/CRWD_Weekly_20260821_024408.png
 delete mode 100644 charts/screenshots/CVS/CVS_1H_20260820_031026.png
 create mode 100644 charts/screenshots/CVS/CVS_1H_20260821_030744.png
 delete mode 100644 charts/screenshots/CVS/CVS_4H_20260820_031026.png
 create mode 100644 charts/screenshots/CVS/CVS_4H_20260821_030744.png
 delete mode 100644 charts/screenshots/CVS/CVS_Daily_20260820_031026.png
 create mode 100644 charts/screenshots/CVS/CVS_Daily_20260821_030744.png
 delete mode 100644 charts/screenshots/CVS/CVS_Monthly_20260820_031026.png
 create mode 100644 charts/screenshots/CVS/CVS_Monthly_20260821_030744.png
 delete mode 100644 charts/screenshots/CVS/CVS_Weekly_20260820_031026.png
 create mode 100644 charts/screenshots/CVS/CVS_Weekly_20260821_030744.png
 delete mode 100644 charts/screenshots/CVX/CVX_1H_20260820_023555.png
 create mode 100644 charts/screenshots/CVX/CVX_1H_20260821_024215.png
 delete mode 100644 charts/screenshots/CVX/CVX_4H_20260820_023555.png
 create mode 100644 charts/screenshots/CVX/CVX_4H_20260821_024215.png
 delete mode 100644 charts/screenshots/CVX/CVX_Daily_20260820_023555.png
 create mode 100644 charts/screenshots/CVX/CVX_Daily_20260821_024215.png
 delete mode 100644 charts/screenshots/CVX/CVX_Monthly_20260820_023555.png
 create mode 100644 charts/screenshots/CVX/CVX_Monthly_20260821_024215.png
 delete mode 100644 charts/screenshots/CVX/CVX_Weekly_20260820_023555.png
 create mode 100644 charts/screenshots/CVX/CVX_Weekly_20260821_024215.png
 delete mode 100644 charts/screenshots/DASH/DASH_1H_20260820_022900.png
 create mode 100644 charts/screenshots/DASH/DASH_1H_20260821_023111.png
 delete mode 100644 charts/screenshots/DASH/DASH_4H_20260820_022900.png
 create mode 100644 charts/screenshots/DASH/DASH_4H_20260821_023111.png
 delete mode 100644 charts/screenshots/DASH/DASH_Daily_20260820_022900.png
 create mode 100644 charts/screenshots/DASH/DASH_Daily_20260821_023111.png
 delete mode 100644 charts/screenshots/DASH/DASH_Monthly_20260820_022900.png
 create mode 100644 charts/screenshots/DASH/DASH_Monthly_20260821_023111.png
 delete mode 100644 charts/screenshots/DASH/DASH_Weekly_20260820_022900.png
 create mode 100644 charts/screenshots/DASH/DASH_Weekly_20260821_023111.png
 delete mode 100644 charts/screenshots/DDOG/DDOG_1H_20260820_031449.png
 create mode 100644 charts/screenshots/DDOG/DDOG_1H_20260821_031659.png
 delete mode 100644 charts/screenshots/DDOG/DDOG_4H_20260820_031449.png
 create mode 100644 charts/screenshots/DDOG/DDOG_4H_20260821_031659.png
 delete mode 100644 charts/screenshots/DDOG/DDOG_Daily_20260820_031449.png
 create mode 100644 charts/screenshots/DDOG/DDOG_Daily_20260821_031659.png
 delete mode 100644 charts/screenshots/DDOG/DDOG_Monthly_20260820_031449.png
 create mode 100644 charts/screenshots/DDOG/DDOG_Monthly_20260821_031659.png
 delete mode 100644 charts/screenshots/DDOG/DDOG_Weekly_20260820_031449.png
 create mode 100644 charts/screenshots/DDOG/DDOG_Weekly_20260821_031659.png
 delete mode 100644 charts/screenshots/DELL/DELL_1H_20260820_030527.png
 create mode 100644 charts/screenshots/DELL/DELL_1H_20260821_030246.png
 delete mode 100644 charts/screenshots/DELL/DELL_4H_20260820_030527.png
 create mode 100644 charts/screenshots/DELL/DELL_4H_20260821_030246.png
 delete mode 100644 charts/screenshots/DELL/DELL_Daily_20260820_030527.png
 create mode 100644 charts/screenshots/DELL/DELL_Daily_20260821_030246.png
 delete mode 100644 charts/screenshots/DELL/DELL_Monthly_20260820_030527.png
 create mode 100644 charts/screenshots/DELL/DELL_Monthly_20260821_030246.png
 delete mode 100644 charts/screenshots/DELL/DELL_Weekly_20260820_030527.png
 create mode 100644 charts/screenshots/DELL/DELL_Weekly_20260821_030246.png
 delete mode 100644 charts/screenshots/DHR/DHR_1H_20260820_031411.png
 create mode 100644 charts/screenshots/DHR/DHR_1H_20260821_030439.png
 delete mode 100644 charts/screenshots/DHR/DHR_4H_20260820_031411.png
 create mode 100644 charts/screenshots/DHR/DHR_4H_20260821_030439.png
 delete mode 100644 charts/screenshots/DHR/DHR_Daily_20260820_031411.png
 create mode 100644 charts/screenshots/DHR/DHR_Daily_20260821_030439.png
 delete mode 100644 charts/screenshots/DHR/DHR_Monthly_20260820_031411.png
 create mode 100644 charts/screenshots/DHR/DHR_Monthly_20260821_030439.png
 delete mode 100644 charts/screenshots/DHR/DHR_Weekly_20260820_031411.png
 create mode 100644 charts/screenshots/DHR/DHR_Weekly_20260821_030439.png
 delete mode 100644 charts/screenshots/DIS/DIS_1H_20260820_024909.png
 create mode 100644 charts/screenshots/DIS/DIS_1H_20260821_025210.png
 delete mode 100644 charts/screenshots/DIS/DIS_4H_20260820_024909.png
 create mode 100644 charts/screenshots/DIS/DIS_4H_20260821_025210.png
 delete mode 100644 charts/screenshots/DIS/DIS_Daily_20260820_024909.png
 create mode 100644 charts/screenshots/DIS/DIS_Daily_20260821_025210.png
 delete mode 100644 charts/screenshots/DIS/DIS_Monthly_20260820_024909.png
 create mode 100644 charts/screenshots/DIS/DIS_Monthly_20260821_025210.png
 delete mode 100644 charts/screenshots/DIS/DIS_Weekly_20260820_024909.png
 create mode 100644 charts/screenshots/DIS/DIS_Weekly_20260821_025210.png
 delete mode 100644 charts/screenshots/ETN/ETN_1H_20260820_030640.png
 create mode 100644 charts/screenshots/ETN/ETN_1H_20260821_031319.png
 delete mode 100644 charts/screenshots/ETN/ETN_4H_20260820_030640.png
 create mode 100644 charts/screenshots/ETN/ETN_4H_20260821_031319.png
 delete mode 100644 charts/screenshots/ETN/ETN_Daily_20260820_030640.png
 create mode 100644 charts/screenshots/ETN/ETN_Daily_20260821_031319.png
 delete mode 100644 charts/screenshots/ETN/ETN_Monthly_20260820_030640.png
 create mode 100644 charts/screenshots/ETN/ETN_Monthly_20260821_031319.png
 delete mode 100644 charts/screenshots/ETN/ETN_Weekly_20260820_030640.png
 create mode 100644 charts/screenshots/ETN/ETN_Weekly_20260821_031319.png
 delete mode 100644 charts/screenshots/F/F_1H_20260820_030833.png
 delete mode 100644 charts/screenshots/F/F_4H_20260820_030833.png
 delete mode 100644 charts/screenshots/F/F_Daily_20260820_030833.png
 delete mode 100644 charts/screenshots/F/F_Monthly_20260820_030833.png
 delete mode 100644 charts/screenshots/F/F_Weekly_20260820_030833.png
 delete mode 100644 charts/screenshots/FCX/FCX_1H_20260820_023906.png
 create mode 100644 charts/screenshots/FCX/FCX_1H_20260821_024636.png
 delete mode 100644 charts/screenshots/FCX/FCX_4H_20260820_023906.png
 create mode 100644 charts/screenshots/FCX/FCX_4H_20260821_024636.png
 delete mode 100644 charts/screenshots/FCX/FCX_Daily_20260820_023906.png
 create mode 100644 charts/screenshots/FCX/FCX_Daily_20260821_024636.png
 delete mode 100644 charts/screenshots/FCX/FCX_Monthly_20260820_023906.png
 create mode 100644 charts/screenshots/FCX/FCX_Monthly_20260821_024636.png
 delete mode 100644 charts/screenshots/FCX/FCX_Weekly_20260820_023906.png
 create mode 100644 charts/screenshots/FCX/FCX_Weekly_20260821_024636.png
 delete mode 100644 charts/screenshots/FTNT/FTNT_1H_20260820_023633.png
 create mode 100644 charts/screenshots/FTNT/FTNT_1H_20260821_024445.png
 delete mode 100644 charts/screenshots/FTNT/FTNT_4H_20260820_023633.png
 create mode 100644 charts/screenshots/FTNT/FTNT_4H_20260821_024445.png
 delete mode 100644 charts/screenshots/FTNT/FTNT_Daily_20260820_023633.png
 create mode 100644 charts/screenshots/FTNT/FTNT_Daily_20260821_024445.png
 delete mode 100644 charts/screenshots/FTNT/FTNT_Monthly_20260820_023633.png
 create mode 100644 charts/screenshots/FTNT/FTNT_Monthly_20260821_024445.png
 delete mode 100644 charts/screenshots/FTNT/FTNT_Weekly_20260820_023633.png
 create mode 100644 charts/screenshots/FTNT/FTNT_Weekly_20260821_024445.png
 delete mode 100644 charts/screenshots/GE/GE_1H_20260820_023712.png
 create mode 100644 charts/screenshots/GE/GE_1H_20260821_025324.png
 delete mode 100644 charts/screenshots/GE/GE_4H_20260820_023712.png
 create mode 100644 charts/screenshots/GE/GE_4H_20260821_025324.png
 delete mode 100644 charts/screenshots/GE/GE_Daily_20260820_023712.png
 create mode 100644 charts/screenshots/GE/GE_Daily_20260821_025324.png
 delete mode 100644 charts/screenshots/GE/GE_Monthly_20260820_023712.png
 create mode 100644 charts/screenshots/GE/GE_Monthly_20260821_025324.png
 delete mode 100644 charts/screenshots/GE/GE_Weekly_20260820_023712.png
 create mode 100644 charts/screenshots/GE/GE_Weekly_20260821_025324.png
 delete mode 100644 charts/screenshots/GILD/GILD_1H_20260820_023749.png
 create mode 100644 charts/screenshots/GILD/GILD_1H_20260821_023945.png
 delete mode 100644 charts/screenshots/GILD/GILD_4H_20260820_023749.png
 create mode 100644 charts/screenshots/GILD/GILD_4H_20260821_023945.png
 delete mode 100644 charts/screenshots/GILD/GILD_Daily_20260820_023749.png
 create mode 100644 charts/screenshots/GILD/GILD_Daily_20260821_023945.png
 delete mode 100644 charts/screenshots/GILD/GILD_Monthly_20260820_023749.png
 create mode 100644 charts/screenshots/GILD/GILD_Monthly_20260821_023945.png
 delete mode 100644 charts/screenshots/GILD/GILD_Weekly_20260820_023749.png
 create mode 100644 charts/screenshots/GILD/GILD_Weekly_20260821_023945.png
 delete mode 100644 charts/screenshots/GS/GS_1H_20260820_030910.png
 create mode 100644 charts/screenshots/GS/GS_1H_20260821_031622.png
 delete mode 100644 charts/screenshots/GS/GS_4H_20260820_030910.png
 create mode 100644 charts/screenshots/GS/GS_4H_20260821_031622.png
 delete mode 100644 charts/screenshots/GS/GS_Daily_20260820_030910.png
 create mode 100644 charts/screenshots/GS/GS_Daily_20260821_031622.png
 delete mode 100644 charts/screenshots/GS/GS_Monthly_20260820_030910.png
 create mode 100644 charts/screenshots/GS/GS_Monthly_20260821_031622.png
 delete mode 100644 charts/screenshots/GS/GS_Weekly_20260820_030910.png
 create mode 100644 charts/screenshots/GS/GS_Weekly_20260821_031622.png
 delete mode 100644 charts/screenshots/HD/HD_1H_20260820_030256.png
 create mode 100644 charts/screenshots/HD/HD_1H_20260821_031355.png
 delete mode 100644 charts/screenshots/HD/HD_4H_20260820_030256.png
 create mode 100644 charts/screenshots/HD/HD_4H_20260821_031355.png
 delete mode 100644 charts/screenshots/HD/HD_Daily_20260820_030256.png
 create mode 100644 charts/screenshots/HD/HD_Daily_20260821_031355.png
 delete mode 100644 charts/screenshots/HD/HD_Monthly_20260820_030256.png
 create mode 100644 charts/screenshots/HD/HD_Monthly_20260821_031355.png
 delete mode 100644 charts/screenshots/HD/HD_Weekly_20260820_030256.png
 create mode 100644 charts/screenshots/HD/HD_Weekly_20260821_031355.png
 delete mode 100644 charts/screenshots/HPE/HPE_1H_20260820_023828.png
 create mode 100644 charts/screenshots/HPE/HPE_1H_20260821_025133.png
 delete mode 100644 charts/screenshots/HPE/HPE_4H_20260820_023828.png
 create mode 100644 charts/screenshots/HPE/HPE_4H_20260821_025133.png
 delete mode 100644 charts/screenshots/HPE/HPE_Daily_20260820_023828.png
 create mode 100644 charts/screenshots/HPE/HPE_Daily_20260821_025133.png
 delete mode 100644 charts/screenshots/HPE/HPE_Monthly_20260820_023828.png
 create mode 100644 charts/screenshots/HPE/HPE_Monthly_20260821_025133.png
 delete mode 100644 charts/screenshots/HPE/HPE_Weekly_20260820_023828.png
 create mode 100644 charts/screenshots/HPE/HPE_Weekly_20260821_025133.png
 create mode 100644 charts/screenshots/INTU/INTU_1H_20260821_030554.png
 create mode 100644 charts/screenshots/INTU/INTU_4H_20260821_030554.png
 create mode 100644 charts/screenshots/INTU/INTU_Daily_20260821_030554.png
 create mode 100644 charts/screenshots/INTU/INTU_Monthly_20260821_030554.png
 create mode 100644 charts/screenshots/INTU/INTU_Weekly_20260821_030554.png
 delete mode 100644 charts/screenshots/IWM/IWM_1H_20260820_024250.png
 create mode 100644 charts/screenshots/IWM/IWM_1H_20260821_025401.png
 delete mode 100644 charts/screenshots/IWM/IWM_4H_20260820_024250.png
 create mode 100644 charts/screenshots/IWM/IWM_4H_20260821_025401.png
 delete mode 100644 charts/screenshots/IWM/IWM_Daily_20260820_024250.png
 create mode 100644 charts/screenshots/IWM/IWM_Daily_20260821_025401.png
 delete mode 100644 charts/screenshots/IWM/IWM_Monthly_20260820_024250.png
 create mode 100644 charts/screenshots/IWM/IWM_Monthly_20260821_025401.png
 delete mode 100644 charts/screenshots/IWM/IWM_Weekly_20260820_024250.png
 create mode 100644 charts/screenshots/IWM/IWM_Weekly_20260821_025401.png
 delete mode 100644 charts/screenshots/JNJ/JNJ_1H_20260820_024831.png
 create mode 100644 charts/screenshots/JNJ/JNJ_1H_20260821_025553.png
 delete mode 100644 charts/screenshots/JNJ/JNJ_4H_20260820_024831.png
 create mode 100644 charts/screenshots/JNJ/JNJ_4H_20260821_025553.png
 delete mode 100644 charts/screenshots/JNJ/JNJ_Daily_20260820_024831.png
 create mode 100644 charts/screenshots/JNJ/JNJ_Daily_20260821_025553.png
 delete mode 100644 charts/screenshots/JNJ/JNJ_Monthly_20260820_024831.png
 create mode 100644 charts/screenshots/JNJ/JNJ_Monthly_20260821_025553.png
 delete mode 100644 charts/screenshots/JNJ/JNJ_Weekly_20260820_024831.png
 create mode 100644 charts/screenshots/JNJ/JNJ_Weekly_20260821_025553.png
 delete mode 100644 charts/screenshots/JPM/JPM_1H_20260820_024753.png
 create mode 100644 charts/screenshots/JPM/JPM_1H_20260821_025018.png
 delete mode 100644 charts/screenshots/JPM/JPM_4H_20260820_024753.png
 create mode 100644 charts/screenshots/JPM/JPM_4H_20260821_025018.png
 delete mode 100644 charts/screenshots/JPM/JPM_Daily_20260820_024753.png
 create mode 100644 charts/screenshots/JPM/JPM_Daily_20260821_025018.png
 delete mode 100644 charts/screenshots/JPM/JPM_Monthly_20260820_024753.png
 create mode 100644 charts/screenshots/JPM/JPM_Monthly_20260821_025018.png
 delete mode 100644 charts/screenshots/JPM/JPM_Weekly_20260820_024753.png
 create mode 100644 charts/screenshots/JPM/JPM_Weekly_20260821_025018.png
 delete mode 100644 charts/screenshots/KLAC/KLAC_1H_20260820_031759.png
 create mode 100644 charts/screenshots/KLAC/KLAC_1H_20260821_032121.png
 delete mode 100644 charts/screenshots/KLAC/KLAC_4H_20260820_031759.png
 create mode 100644 charts/screenshots/KLAC/KLAC_4H_20260821_032121.png
 delete mode 100644 charts/screenshots/KLAC/KLAC_Daily_20260820_031759.png
 create mode 100644 charts/screenshots/KLAC/KLAC_Daily_20260821_032121.png
 delete mode 100644 charts/screenshots/KLAC/KLAC_Monthly_20260820_031759.png
 create mode 100644 charts/screenshots/KLAC/KLAC_Monthly_20260821_032121.png
 delete mode 100644 charts/screenshots/KLAC/KLAC_Weekly_20260820_031759.png
 create mode 100644 charts/screenshots/KLAC/KLAC_Weekly_20260821_032121.png
 delete mode 100644 charts/screenshots/KO/KO_1H_20260820_023944.png
 create mode 100644 charts/screenshots/KO/KO_1H_20260821_024023.png
 delete mode 100644 charts/screenshots/KO/KO_4H_20260820_023944.png
 create mode 100644 charts/screenshots/KO/KO_4H_20260821_024023.png
 delete mode 100644 charts/screenshots/KO/KO_Daily_20260820_023944.png
 create mode 100644 charts/screenshots/KO/KO_Daily_20260821_024023.png
 delete mode 100644 charts/screenshots/KO/KO_Monthly_20260820_023944.png
 create mode 100644 charts/screenshots/KO/KO_Monthly_20260821_024023.png
 delete mode 100644 charts/screenshots/KO/KO_Weekly_20260820_023944.png
 create mode 100644 charts/screenshots/KO/KO_Weekly_20260821_024023.png
 delete mode 100644 charts/screenshots/LLY/LLY_1H_20260820_024057.png
 create mode 100644 charts/screenshots/LLY/LLY_1H_20260821_025630.png
 delete mode 100644 charts/screenshots/LLY/LLY_4H_20260820_024057.png
 create mode 100644 charts/screenshots/LLY/LLY_4H_20260821_025630.png
 delete mode 100644 charts/screenshots/LLY/LLY_Daily_20260820_024057.png
 create mode 100644 charts/screenshots/LLY/LLY_Daily_20260821_025630.png
 delete mode 100644 charts/screenshots/LLY/LLY_Monthly_20260820_024057.png
 create mode 100644 charts/screenshots/LLY/LLY_Monthly_20260821_025630.png
 delete mode 100644 charts/screenshots/LLY/LLY_Weekly_20260820_024057.png
 create mode 100644 charts/screenshots/LLY/LLY_Weekly_20260821_025630.png
 delete mode 100644 charts/screenshots/MA/MA_1H_20260820_023517.png
 create mode 100644 charts/screenshots/MA/MA_1H_20260821_024713.png
 delete mode 100644 charts/screenshots/MA/MA_4H_20260820_023517.png
 create mode 100644 charts/screenshots/MA/MA_4H_20260821_024713.png
 delete mode 100644 charts/screenshots/MA/MA_Daily_20260820_023517.png
 create mode 100644 charts/screenshots/MA/MA_Daily_20260821_024713.png
 delete mode 100644 charts/screenshots/MA/MA_Monthly_20260820_023517.png
 create mode 100644 charts/screenshots/MA/MA_Monthly_20260821_024713.png
 delete mode 100644 charts/screenshots/MA/MA_Weekly_20260820_023517.png
 create mode 100644 charts/screenshots/MA/MA_Weekly_20260821_024713.png
 delete mode 100644 charts/screenshots/MCK/MCK_1H_20260820_031217.png
 create mode 100644 charts/screenshots/MCK/MCK_1H_20260821_031431.png
 delete mode 100644 charts/screenshots/MCK/MCK_4H_20260820_031217.png
 create mode 100644 charts/screenshots/MCK/MCK_4H_20260821_031431.png
 delete mode 100644 charts/screenshots/MCK/MCK_Daily_20260820_031217.png
 create mode 100644 charts/screenshots/MCK/MCK_Daily_20260821_031431.png
 delete mode 100644 charts/screenshots/MCK/MCK_Monthly_20260820_031217.png
 create mode 100644 charts/screenshots/MCK/MCK_Monthly_20260821_031431.png
 delete mode 100644 charts/screenshots/MCK/MCK_Weekly_20260820_031217.png
 create mode 100644 charts/screenshots/MCK/MCK_Weekly_20260821_031431.png
 delete mode 100644 charts/screenshots/MELI/MELI_1H_20260820_025141.png
 create mode 100644 charts/screenshots/MELI/MELI_1H_20260821_030054.png
 delete mode 100644 charts/screenshots/MELI/MELI_4H_20260820_025141.png
 create mode 100644 charts/screenshots/MELI/MELI_4H_20260821_030054.png
 delete mode 100644 charts/screenshots/MELI/MELI_Daily_20260820_025141.png
 create mode 100644 charts/screenshots/MELI/MELI_Daily_20260821_030054.png
 delete mode 100644 charts/screenshots/MELI/MELI_Monthly_20260820_025141.png
 create mode 100644 charts/screenshots/MELI/MELI_Monthly_20260821_030054.png
 delete mode 100644 charts/screenshots/MELI/MELI_Weekly_20260820_025141.png
 create mode 100644 charts/screenshots/MELI/MELI_Weekly_20260821_030054.png
 delete mode 100644 charts/screenshots/META/META_1H_20260820_031915.png
 create mode 100644 charts/screenshots/META/META_1H_20260821_032044.png
 delete mode 100644 charts/screenshots/META/META_4H_20260820_031915.png
 create mode 100644 charts/screenshots/META/META_4H_20260821_032044.png
 delete mode 100644 charts/screenshots/META/META_Daily_20260820_031915.png
 create mode 100644 charts/screenshots/META/META_Daily_20260821_032044.png
 delete mode 100644 charts/screenshots/META/META_Monthly_20260820_031915.png
 create mode 100644 charts/screenshots/META/META_Monthly_20260821_032044.png
 delete mode 100644 charts/screenshots/META/META_Weekly_20260820_031915.png
 create mode 100644 charts/screenshots/META/META_Weekly_20260821_032044.png
 delete mode 100644 charts/screenshots/MPC/MPC_1H_20260820_022707.png
 create mode 100644 charts/screenshots/MPC/MPC_1H_20260821_022958.png
 delete mode 100644 charts/screenshots/MPC/MPC_4H_20260820_022707.png
 create mode 100644 charts/screenshots/MPC/MPC_4H_20260821_022958.png
 delete mode 100644 charts/screenshots/MPC/MPC_Daily_20260820_022707.png
 create mode 100644 charts/screenshots/MPC/MPC_Daily_20260821_022958.png
 delete mode 100644 charts/screenshots/MPC/MPC_Monthly_20260820_022707.png
 create mode 100644 charts/screenshots/MPC/MPC_Monthly_20260821_022958.png
 delete mode 100644 charts/screenshots/MPC/MPC_Weekly_20260820_022707.png
 create mode 100644 charts/screenshots/MPC/MPC_Weekly_20260821_022958.png
 delete mode 100644 charts/screenshots/MPWR/MPWR_1H_20260820_031721.png
 delete mode 100644 charts/screenshots/MPWR/MPWR_4H_20260820_031721.png
 delete mode 100644 charts/screenshots/MPWR/MPWR_Daily_20260820_031721.png
 delete mode 100644 charts/screenshots/MPWR/MPWR_Monthly_20260820_031721.png
 delete mode 100644 charts/screenshots/MPWR/MPWR_Weekly_20260820_031721.png
 delete mode 100644 charts/screenshots/MRK/MRK_1H_20260820_024405.png
 create mode 100644 charts/screenshots/MRK/MRK_1H_20260821_024905.png
 delete mode 100644 charts/screenshots/MRK/MRK_4H_20260820_024405.png
 create mode 100644 charts/screenshots/MRK/MRK_4H_20260821_024905.png
 delete mode 100644 charts/screenshots/MRK/MRK_Daily_20260820_024405.png
 create mode 100644 charts/screenshots/MRK/MRK_Daily_20260821_024905.png
 delete mode 100644 charts/screenshots/MRK/MRK_Monthly_20260820_024405.png
 create mode 100644 charts/screenshots/MRK/MRK_Monthly_20260821_024905.png
 delete mode 100644 charts/screenshots/MRK/MRK_Weekly_20260820_024405.png
 create mode 100644 charts/screenshots/MRK/MRK_Weekly_20260821_024905.png
 delete mode 100644 charts/screenshots/MRNA/MRNA_1H_20260820_030024.png
 create mode 100644 charts/screenshots/MRNA/MRNA_1H_20260821_024750.png
 delete mode 100644 charts/screenshots/MRNA/MRNA_4H_20260820_030024.png
 create mode 100644 charts/screenshots/MRNA/MRNA_4H_20260821_024750.png
 delete mode 100644 charts/screenshots/MRNA/MRNA_Daily_20260820_030024.png
 create mode 100644 charts/screenshots/MRNA/MRNA_Daily_20260821_024750.png
 delete mode 100644 charts/screenshots/MRNA/MRNA_Monthly_20260820_030024.png
 create mode 100644 charts/screenshots/MRNA/MRNA_Monthly_20260821_024750.png
 delete mode 100644 charts/screenshots/MRNA/MRNA_Weekly_20260820_030024.png
 create mode 100644 charts/screenshots/MRNA/MRNA_Weekly_20260821_024750.png
 delete mode 100644 charts/screenshots/MRVL/MRVL_1H_20260820_022822.png
 create mode 100644 charts/screenshots/MRVL/MRVL_1H_20260821_024253.png
 delete mode 100644 charts/screenshots/MRVL/MRVL_4H_20260820_022822.png
 create mode 100644 charts/screenshots/MRVL/MRVL_4H_20260821_024253.png
 delete mode 100644 charts/screenshots/MRVL/MRVL_Daily_20260820_022822.png
 create mode 100644 charts/screenshots/MRVL/MRVL_Daily_20260821_024253.png
 delete mode 100644 charts/screenshots/MRVL/MRVL_Monthly_20260820_022822.png
 create mode 100644 charts/screenshots/MRVL/MRVL_Monthly_20260821_024253.png
 delete mode 100644 charts/screenshots/MRVL/MRVL_Weekly_20260820_022822.png
 create mode 100644 charts/screenshots/MRVL/MRVL_Weekly_20260821_024253.png
 delete mode 100644 charts/screenshots/MS/MS_1H_20260820_025408.png
 create mode 100644 charts/screenshots/MS/MS_1H_20260821_025901.png
 delete mode 100644 charts/screenshots/MS/MS_4H_20260820_025408.png
 create mode 100644 charts/screenshots/MS/MS_4H_20260821_025901.png
 delete mode 100644 charts/screenshots/MS/MS_Daily_20260820_025408.png
 create mode 100644 charts/screenshots/MS/MS_Daily_20260821_025901.png
 delete mode 100644 charts/screenshots/MS/MS_Monthly_20260820_025408.png
 create mode 100644 charts/screenshots/MS/MS_Monthly_20260821_025901.png
 delete mode 100644 charts/screenshots/MS/MS_Weekly_20260820_025408.png
 create mode 100644 charts/screenshots/MS/MS_Weekly_20260821_025901.png
 delete mode 100644 charts/screenshots/MSFT/MSFT_1H_20260820_023246.png
 create mode 100644 charts/screenshots/MSFT/MSFT_1H_20260821_023756.png
 delete mode 100644 charts/screenshots/MSFT/MSFT_4H_20260820_023246.png
 create mode 100644 charts/screenshots/MSFT/MSFT_4H_20260821_023756.png
 delete mode 100644 charts/screenshots/MSFT/MSFT_Daily_20260820_023246.png
 create mode 100644 charts/screenshots/MSFT/MSFT_Daily_20260821_023756.png
 delete mode 100644 charts/screenshots/MSFT/MSFT_Monthly_20260820_023246.png
 create mode 100644 charts/screenshots/MSFT/MSFT_Monthly_20260821_023756.png
 delete mode 100644 charts/screenshots/MSFT/MSFT_Weekly_20260820_023246.png
 create mode 100644 charts/screenshots/MSFT/MSFT_Weekly_20260821_023756.png
 delete mode 100644 charts/screenshots/MU/MU_1H_20260820_025445.png
 create mode 100644 charts/screenshots/MU/MU_1H_20260821_025516.png
 delete mode 100644 charts/screenshots/MU/MU_4H_20260820_025445.png
 create mode 100644 charts/screenshots/MU/MU_4H_20260821_025516.png
 delete mode 100644 charts/screenshots/MU/MU_Daily_20260820_025445.png
 create mode 100644 charts/screenshots/MU/MU_Daily_20260821_025516.png
 delete mode 100644 charts/screenshots/MU/MU_Monthly_20260820_025445.png
 create mode 100644 charts/screenshots/MU/MU_Monthly_20260821_025516.png
 delete mode 100644 charts/screenshots/MU/MU_Weekly_20260820_025445.png
 create mode 100644 charts/screenshots/MU/MU_Weekly_20260821_025516.png
 delete mode 100644 charts/screenshots/NBM.V/NBM.V_1H_20260820_032031.png
 create mode 100644 charts/screenshots/NBM.V/NBM.V_1H_20260821_032313.png
 delete mode 100644 charts/screenshots/NBM.V/NBM.V_4H_20260820_032031.png
 create mode 100644 charts/screenshots/NBM.V/NBM.V_4H_20260821_032313.png
 delete mode 100644 charts/screenshots/NBM.V/NBM.V_Daily_20260820_032031.png
 create mode 100644 charts/screenshots/NBM.V/NBM.V_Daily_20260821_032313.png
 delete mode 100644 charts/screenshots/NBM.V/NBM.V_Monthly_20260820_032031.png
 create mode 100644 charts/screenshots/NBM.V/NBM.V_Monthly_20260821_032313.png
 delete mode 100644 charts/screenshots/NBM.V/NBM.V_Weekly_20260820_032031.png
 create mode 100644 charts/screenshots/NBM.V/NBM.V_Weekly_20260821_032313.png
 delete mode 100644 charts/screenshots/NEE/NEE_1H_20260820_031605.png
 delete mode 100644 charts/screenshots/NEE/NEE_4H_20260820_031605.png
 delete mode 100644 charts/screenshots/NEE/NEE_Daily_20260820_031605.png
 delete mode 100644 charts/screenshots/NEE/NEE_Monthly_20260820_031605.png
 delete mode 100644 charts/screenshots/NEE/NEE_Weekly_20260820_031605.png
 delete mode 100644 charts/screenshots/NEM/NEM_1H_20260820_022630.png
 create mode 100644 charts/screenshots/NEM/NEM_1H_20260821_023226.png
 delete mode 100644 charts/screenshots/NEM/NEM_4H_20260820_022630.png
 create mode 100644 charts/screenshots/NEM/NEM_4H_20260821_023226.png
 delete mode 100644 charts/screenshots/NEM/NEM_Daily_20260820_022630.png
 create mode 100644 charts/screenshots/NEM/NEM_Daily_20260821_023226.png
 delete mode 100644 charts/screenshots/NEM/NEM_Monthly_20260820_022630.png
 create mode 100644 charts/screenshots/NEM/NEM_Monthly_20260821_023226.png
 delete mode 100644 charts/screenshots/NEM/NEM_Weekly_20260820_022630.png
 create mode 100644 charts/screenshots/NEM/NEM_Weekly_20260821_023226.png
 delete mode 100644 charts/screenshots/NKE/NKE_1H_20260820_031837.png
 create mode 100644 charts/screenshots/NKE/NKE_1H_20260821_032006.png
 delete mode 100644 charts/screenshots/NKE/NKE_4H_20260820_031837.png
 create mode 100644 charts/screenshots/NKE/NKE_4H_20260821_032006.png
 delete mode 100644 charts/screenshots/NKE/NKE_Daily_20260820_031837.png
 create mode 100644 charts/screenshots/NKE/NKE_Daily_20260821_032006.png
 delete mode 100644 charts/screenshots/NKE/NKE_Monthly_20260820_031837.png
 create mode 100644 charts/screenshots/NKE/NKE_Monthly_20260821_032006.png
 delete mode 100644 charts/screenshots/NKE/NKE_Weekly_20260820_031837.png
 create mode 100644 charts/screenshots/NKE/NKE_Weekly_20260821_032006.png
 delete mode 100644 charts/screenshots/NOW/NOW_1H_20260820_030103.png
 create mode 100644 charts/screenshots/NOW/NOW_1H_20260821_030016.png
 delete mode 100644 charts/screenshots/NOW/NOW_4H_20260820_030103.png
 create mode 100644 charts/screenshots/NOW/NOW_4H_20260821_030016.png
 delete mode 100644 charts/screenshots/NOW/NOW_Daily_20260820_030103.png
 create mode 100644 charts/screenshots/NOW/NOW_Daily_20260821_030016.png
 delete mode 100644 charts/screenshots/NOW/NOW_Monthly_20260820_030103.png
 create mode 100644 charts/screenshots/NOW/NOW_Monthly_20260821_030016.png
 delete mode 100644 charts/screenshots/NOW/NOW_Weekly_20260820_030103.png
 create mode 100644 charts/screenshots/NOW/NOW_Weekly_20260821_030016.png
 delete mode 100644 charts/screenshots/NVDA/NVDA_1H_20260820_030604.png
 create mode 100644 charts/screenshots/NVDA/NVDA_1H_20260821_031508.png
 delete mode 100644 charts/screenshots/NVDA/NVDA_4H_20260820_030604.png
 create mode 100644 charts/screenshots/NVDA/NVDA_4H_20260821_031508.png
 delete mode 100644 charts/screenshots/NVDA/NVDA_Daily_20260820_030604.png
 create mode 100644 charts/screenshots/NVDA/NVDA_Daily_20260821_031508.png
 delete mode 100644 charts/screenshots/NVDA/NVDA_Monthly_20260820_030604.png
 create mode 100644 charts/screenshots/NVDA/NVDA_Monthly_20260821_031508.png
 delete mode 100644 charts/screenshots/NVDA/NVDA_Weekly_20260820_030604.png
 create mode 100644 charts/screenshots/NVDA/NVDA_Weekly_20260821_031508.png
 create mode 100644 charts/screenshots/ON/ON_1H_20260821_031929.png
 create mode 100644 charts/screenshots/ON/ON_4H_20260821_031929.png
 create mode 100644 charts/screenshots/ON/ON_Daily_20260821_031929.png
 create mode 100644 charts/screenshots/ON/ON_Monthly_20260821_031929.png
 create mode 100644 charts/screenshots/ON/ON_Weekly_20260821_031929.png
 delete mode 100644 charts/screenshots/PANW/PANW_1H_20260820_023323.png
 create mode 100644 charts/screenshots/PANW/PANW_1H_20260821_024559.png
 delete mode 100644 charts/screenshots/PANW/PANW_4H_20260820_023323.png
 create mode 100644 charts/screenshots/PANW/PANW_4H_20260821_024559.png
 delete mode 100644 charts/screenshots/PANW/PANW_Daily_20260820_023323.png
 create mode 100644 charts/screenshots/PANW/PANW_Daily_20260821_024559.png
 delete mode 100644 charts/screenshots/PANW/PANW_Monthly_20260820_023323.png
 create mode 100644 charts/screenshots/PANW/PANW_Monthly_20260821_024559.png
 delete mode 100644 charts/screenshots/PANW/PANW_Weekly_20260820_023323.png
 create mode 100644 charts/screenshots/PANW/PANW_Weekly_20260821_024559.png
 delete mode 100644 charts/screenshots/PFE/PFE_1H_20260820_024443.png
 create mode 100644 charts/screenshots/PFE/PFE_1H_20260821_024100.png
 delete mode 100644 charts/screenshots/PFE/PFE_4H_20260820_024443.png
 create mode 100644 charts/screenshots/PFE/PFE_4H_20260821_024100.png
 delete mode 100644 charts/screenshots/PFE/PFE_Daily_20260820_024443.png
 create mode 100644 charts/screenshots/PFE/PFE_Daily_20260821_024100.png
 delete mode 100644 charts/screenshots/PFE/PFE_Monthly_20260820_024443.png
 create mode 100644 charts/screenshots/PFE/PFE_Monthly_20260821_024100.png
 delete mode 100644 charts/screenshots/PFE/PFE_Weekly_20260820_024443.png
 create mode 100644 charts/screenshots/PFE/PFE_Weekly_20260821_024100.png
 delete mode 100644 charts/screenshots/PG/PG_1H_20260820_030141.png
 create mode 100644 charts/screenshots/PG/PG_1H_20260821_031204.png
 delete mode 100644 charts/screenshots/PG/PG_4H_20260820_030141.png
 create mode 100644 charts/screenshots/PG/PG_4H_20260821_031204.png
 delete mode 100644 charts/screenshots/PG/PG_Daily_20260820_030141.png
 create mode 100644 charts/screenshots/PG/PG_Daily_20260821_031204.png
 delete mode 100644 charts/screenshots/PG/PG_Monthly_20260820_030141.png
 create mode 100644 charts/screenshots/PG/PG_Monthly_20260821_031204.png
 delete mode 100644 charts/screenshots/PG/PG_Weekly_20260820_030141.png
 create mode 100644 charts/screenshots/PG/PG_Weekly_20260821_031204.png
 delete mode 100644 charts/screenshots/PLTR/PLTR_1H_20260820_023401.png
 create mode 100644 charts/screenshots/PLTR/PLTR_1H_20260821_023642.png
 delete mode 100644 charts/screenshots/PLTR/PLTR_4H_20260820_023401.png
 create mode 100644 charts/screenshots/PLTR/PLTR_4H_20260821_023642.png
 delete mode 100644 charts/screenshots/PLTR/PLTR_Daily_20260820_023401.png
 create mode 100644 charts/screenshots/PLTR/PLTR_Daily_20260821_023642.png
 delete mode 100644 charts/screenshots/PLTR/PLTR_Monthly_20260820_023401.png
 create mode 100644 charts/screenshots/PLTR/PLTR_Monthly_20260821_023642.png
 delete mode 100644 charts/screenshots/PLTR/PLTR_Weekly_20260820_023401.png
 create mode 100644 charts/screenshots/PLTR/PLTR_Weekly_20260821_023642.png
 delete mode 100644 charts/screenshots/PWR/PWR_1H_20260820_025909.png
 create mode 100644 charts/screenshots/PWR/PWR_1H_20260821_030936.png
 delete mode 100644 charts/screenshots/PWR/PWR_4H_20260820_025909.png
 create mode 100644 charts/screenshots/PWR/PWR_4H_20260821_030936.png
 delete mode 100644 charts/screenshots/PWR/PWR_Daily_20260820_025909.png
 create mode 100644 charts/screenshots/PWR/PWR_Daily_20260821_030936.png
 delete mode 100644 charts/screenshots/PWR/PWR_Monthly_20260820_025909.png
 create mode 100644 charts/screenshots/PWR/PWR_Monthly_20260821_030936.png
 delete mode 100644 charts/screenshots/PWR/PWR_Weekly_20260820_025909.png
 create mode 100644 charts/screenshots/PWR/PWR_Weekly_20260821_030936.png
 delete mode 100644 charts/screenshots/QQQ/QQQ_1H_20260820_025831.png
 create mode 100644 charts/screenshots/QQQ/QQQ_1H_20260821_030858.png
 delete mode 100644 charts/screenshots/QQQ/QQQ_4H_20260820_025831.png
 create mode 100644 charts/screenshots/QQQ/QQQ_4H_20260821_030858.png
 delete mode 100644 charts/screenshots/QQQ/QQQ_Daily_20260820_025831.png
 create mode 100644 charts/screenshots/QQQ/QQQ_Daily_20260821_030858.png
 delete mode 100644 charts/screenshots/QQQ/QQQ_Monthly_20260820_025831.png
 create mode 100644 charts/screenshots/QQQ/QQQ_Monthly_20260821_030858.png
 delete mode 100644 charts/screenshots/QQQ/QQQ_Weekly_20260820_025831.png
 create mode 100644 charts/screenshots/QQQ/QQQ_Weekly_20260821_030858.png
 delete mode 100644 charts/screenshots/RTX/RTX_1H_20260820_023439.png
 create mode 100644 charts/screenshots/RTX/RTX_1H_20260821_023339.png
 delete mode 100644 charts/screenshots/RTX/RTX_4H_20260820_023439.png
 create mode 100644 charts/screenshots/RTX/RTX_4H_20260821_023339.png
 delete mode 100644 charts/screenshots/RTX/RTX_Daily_20260820_023439.png
 create mode 100644 charts/screenshots/RTX/RTX_Daily_20260821_023339.png
 delete mode 100644 charts/screenshots/RTX/RTX_Monthly_20260820_023439.png
 create mode 100644 charts/screenshots/RTX/RTX_Monthly_20260821_023339.png
 delete mode 100644 charts/screenshots/RTX/RTX_Weekly_20260820_023439.png
 create mode 100644 charts/screenshots/RTX/RTX_Weekly_20260821_023339.png
 delete mode 100644 charts/screenshots/SBUX/SBUX_1H_20260820_031255.png
 delete mode 100644 charts/screenshots/SBUX/SBUX_4H_20260820_031255.png
 delete mode 100644 charts/screenshots/SBUX/SBUX_Daily_20260820_031255.png
 delete mode 100644 charts/screenshots/SBUX/SBUX_Monthly_20260820_031255.png
 delete mode 100644 charts/screenshots/SBUX/SBUX_Weekly_20260820_031255.png
 delete mode 100644 charts/screenshots/SCHW/SCHW_1H_20260820_023208.png
 create mode 100644 charts/screenshots/SCHW/SCHW_1H_20260821_023719.png
 delete mode 100644 charts/screenshots/SCHW/SCHW_4H_20260820_023208.png
 create mode 100644 charts/screenshots/SCHW/SCHW_4H_20260821_023719.png
 delete mode 100644 charts/screenshots/SCHW/SCHW_Daily_20260820_023208.png
 create mode 100644 charts/screenshots/SCHW/SCHW_Daily_20260821_023719.png
 delete mode 100644 charts/screenshots/SCHW/SCHW_Monthly_20260820_023208.png
 create mode 100644 charts/screenshots/SCHW/SCHW_Monthly_20260821_023719.png
 delete mode 100644 charts/screenshots/SCHW/SCHW_Weekly_20260820_023208.png
 create mode 100644 charts/screenshots/SCHW/SCHW_Weekly_20260821_023719.png
 delete mode 100644 charts/screenshots/SMCI/SMCI_1H_20260820_025716.png
 create mode 100644 charts/screenshots/SMCI/SMCI_1H_20260821_031050.png
 delete mode 100644 charts/screenshots/SMCI/SMCI_4H_20260820_025716.png
 create mode 100644 charts/screenshots/SMCI/SMCI_4H_20260821_031050.png
 delete mode 100644 charts/screenshots/SMCI/SMCI_Daily_20260820_025716.png
 create mode 100644 charts/screenshots/SMCI/SMCI_Daily_20260821_031050.png
 delete mode 100644 charts/screenshots/SMCI/SMCI_Monthly_20260820_025716.png
 create mode 100644 charts/screenshots/SMCI/SMCI_Monthly_20260821_031050.png
 delete mode 100644 charts/screenshots/SMCI/SMCI_Weekly_20260820_025716.png
 create mode 100644 charts/screenshots/SMCI/SMCI_Weekly_20260821_031050.png
 create mode 100644 charts/screenshots/SPGI/SPGI_1H_20260821_031544.png
 create mode 100644 charts/screenshots/SPGI/SPGI_4H_20260821_031544.png
 create mode 100644 charts/screenshots/SPGI/SPGI_Daily_20260821_031544.png
 create mode 100644 charts/screenshots/SPGI/SPGI_Monthly_20260821_031544.png
 create mode 100644 charts/screenshots/SPGI/SPGI_Weekly_20260821_031544.png
 delete mode 100644 charts/screenshots/SPY/SPY_1H_20260820_022514.png
 create mode 100644 charts/screenshots/SPY/SPY_1H_20260821_030821.png
 delete mode 100644 charts/screenshots/SPY/SPY_4H_20260820_022514.png
 create mode 100644 charts/screenshots/SPY/SPY_4H_20260821_030821.png
 delete mode 100644 charts/screenshots/SPY/SPY_Daily_20260820_022514.png
 create mode 100644 charts/screenshots/SPY/SPY_Daily_20260821_030821.png
 delete mode 100644 charts/screenshots/SPY/SPY_Monthly_20260820_022514.png
 create mode 100644 charts/screenshots/SPY/SPY_Monthly_20260821_030821.png
 delete mode 100644 charts/screenshots/SPY/SPY_Weekly_20260820_022514.png
 create mode 100644 charts/screenshots/SPY/SPY_Weekly_20260821_030821.png
 delete mode 100644 charts/screenshots/STX/STX_1H_20260820_031333.png
 create mode 100644 charts/screenshots/STX/STX_1H_20260821_030516.png
 delete mode 100644 charts/screenshots/STX/STX_4H_20260820_031333.png
 create mode 100644 charts/screenshots/STX/STX_4H_20260821_030516.png
 delete mode 100644 charts/screenshots/STX/STX_Daily_20260820_031333.png
 create mode 100644 charts/screenshots/STX/STX_Daily_20260821_030516.png
 delete mode 100644 charts/screenshots/STX/STX_Monthly_20260820_031333.png
 create mode 100644 charts/screenshots/STX/STX_Monthly_20260821_030516.png
 delete mode 100644 charts/screenshots/STX/STX_Weekly_20260820_031333.png
 create mode 100644 charts/screenshots/STX/STX_Weekly_20260821_030516.png
 delete mode 100644 charts/screenshots/SYK/SYK_1H_20260820_030718.png
 create mode 100644 charts/screenshots/SYK/SYK_1H_20260821_031737.png
 delete mode 100644 charts/screenshots/SYK/SYK_4H_20260820_030718.png
 create mode 100644 charts/screenshots/SYK/SYK_4H_20260821_031737.png
 delete mode 100644 charts/screenshots/SYK/SYK_Daily_20260820_030718.png
 create mode 100644 charts/screenshots/SYK/SYK_Daily_20260821_031737.png
 delete mode 100644 charts/screenshots/SYK/SYK_Monthly_20260820_030718.png
 create mode 100644 charts/screenshots/SYK/SYK_Monthly_20260821_031737.png
 delete mode 100644 charts/screenshots/SYK/SYK_Weekly_20260820_030718.png
 create mode 100644 charts/screenshots/SYK/SYK_Weekly_20260821_031737.png
 create mode 100644 charts/screenshots/T/T_1H_20260821_030630.png
 create mode 100644 charts/screenshots/T/T_4H_20260821_030630.png
 create mode 100644 charts/screenshots/T/T_Daily_20260821_030630.png
 create mode 100644 charts/screenshots/T/T_Monthly_20260821_030630.png
 create mode 100644 charts/screenshots/T/T_Weekly_20260821_030630.png
 delete mode 100644 charts/screenshots/TEAM/TEAM_1H_20260820_024213.png
 create mode 100644 charts/screenshots/TEAM/TEAM_1H_20260821_024828.png
 delete mode 100644 charts/screenshots/TEAM/TEAM_4H_20260820_024213.png
 create mode 100644 charts/screenshots/TEAM/TEAM_4H_20260821_024828.png
 delete mode 100644 charts/screenshots/TEAM/TEAM_Daily_20260820_024213.png
 create mode 100644 charts/screenshots/TEAM/TEAM_Daily_20260821_024828.png
 delete mode 100644 charts/screenshots/TEAM/TEAM_Monthly_20260820_024213.png
 create mode 100644 charts/screenshots/TEAM/TEAM_Monthly_20260821_024828.png
 delete mode 100644 charts/screenshots/TEAM/TEAM_Weekly_20260820_024213.png
 create mode 100644 charts/screenshots/TEAM/TEAM_Weekly_20260821_024828.png
 delete mode 100644 charts/screenshots/TER/TER_1H_20260820_025600.png
 create mode 100644 charts/screenshots/TER/TER_1H_20260821_025707.png
 delete mode 100644 charts/screenshots/TER/TER_4H_20260820_025600.png
 create mode 100644 charts/screenshots/TER/TER_4H_20260821_025707.png
 delete mode 100644 charts/screenshots/TER/TER_Daily_20260820_025600.png
 create mode 100644 charts/screenshots/TER/TER_Daily_20260821_025707.png
 delete mode 100644 charts/screenshots/TER/TER_Monthly_20260820_025600.png
 create mode 100644 charts/screenshots/TER/TER_Monthly_20260821_025707.png
 delete mode 100644 charts/screenshots/TER/TER_Weekly_20260820_025600.png
 create mode 100644 charts/screenshots/TER/TER_Weekly_20260821_025707.png
 delete mode 100644 charts/screenshots/TMO/TMO_1H_20260820_024135.png
 create mode 100644 charts/screenshots/TMO/TMO_1H_20260821_024137.png
 delete mode 100644 charts/screenshots/TMO/TMO_4H_20260820_024135.png
 create mode 100644 charts/screenshots/TMO/TMO_4H_20260821_024137.png
 delete mode 100644 charts/screenshots/TMO/TMO_Daily_20260820_024135.png
 create mode 100644 charts/screenshots/TMO/TMO_Daily_20260821_024137.png
 delete mode 100644 charts/screenshots/TMO/TMO_Monthly_20260820_024135.png
 create mode 100644 charts/screenshots/TMO/TMO_Monthly_20260821_024137.png
 delete mode 100644 charts/screenshots/TMO/TMO_Weekly_20260820_024135.png
 create mode 100644 charts/screenshots/TMO/TMO_Weekly_20260821_024137.png
 delete mode 100644 charts/screenshots/TRV/TRV_1H_20260820_031102.png
 create mode 100644 charts/screenshots/TRV/TRV_1H_20260821_031127.png
 delete mode 100644 charts/screenshots/TRV/TRV_4H_20260820_031102.png
 create mode 100644 charts/screenshots/TRV/TRV_4H_20260821_031127.png
 delete mode 100644 charts/screenshots/TRV/TRV_Daily_20260820_031102.png
 create mode 100644 charts/screenshots/TRV/TRV_Daily_20260821_031127.png
 delete mode 100644 charts/screenshots/TRV/TRV_Monthly_20260820_031102.png
 create mode 100644 charts/screenshots/TRV/TRV_Monthly_20260821_031127.png
 delete mode 100644 charts/screenshots/TRV/TRV_Weekly_20260820_031102.png
 create mode 100644 charts/screenshots/TRV/TRV_Weekly_20260821_031127.png
 delete mode 100644 charts/screenshots/UBER/UBER_1H_20260820_030334.png
 create mode 100644 charts/screenshots/UBER/UBER_1H_20260821_030401.png
 delete mode 100644 charts/screenshots/UBER/UBER_4H_20260820_030334.png
 create mode 100644 charts/screenshots/UBER/UBER_4H_20260821_030401.png
 delete mode 100644 charts/screenshots/UBER/UBER_Daily_20260820_030334.png
 create mode 100644 charts/screenshots/UBER/UBER_Daily_20260821_030401.png
 delete mode 100644 charts/screenshots/UBER/UBER_Monthly_20260820_030334.png
 create mode 100644 charts/screenshots/UBER/UBER_Monthly_20260821_030401.png
 delete mode 100644 charts/screenshots/UBER/UBER_Weekly_20260820_030334.png
 create mode 100644 charts/screenshots/UBER/UBER_Weekly_20260821_030401.png
 delete mode 100644 charts/screenshots/UNH/UNH_1H_20260820_030218.png
 create mode 100644 charts/screenshots/UNH/UNH_1H_20260821_031814.png
 delete mode 100644 charts/screenshots/UNH/UNH_4H_20260820_030218.png
 create mode 100644 charts/screenshots/UNH/UNH_4H_20260821_031814.png
 delete mode 100644 charts/screenshots/UNH/UNH_Daily_20260820_030218.png
 create mode 100644 charts/screenshots/UNH/UNH_Daily_20260821_031814.png
 delete mode 100644 charts/screenshots/UNH/UNH_Monthly_20260820_030218.png
 create mode 100644 charts/screenshots/UNH/UNH_Monthly_20260821_031814.png
 delete mode 100644 charts/screenshots/UNH/UNH_Weekly_20260820_030218.png
 create mode 100644 charts/screenshots/UNH/UNH_Weekly_20260821_031814.png
 delete mode 100644 charts/screenshots/UNP/UNP_1H_20260820_025523.png
 create mode 100644 charts/screenshots/UNP/UNP_1H_20260821_025055.png
 delete mode 100644 charts/screenshots/UNP/UNP_4H_20260820_025523.png
 create mode 100644 charts/screenshots/UNP/UNP_4H_20260821_025055.png
 delete mode 100644 charts/screenshots/UNP/UNP_Daily_20260820_025523.png
 create mode 100644 charts/screenshots/UNP/UNP_Daily_20260821_025055.png
 delete mode 100644 charts/screenshots/UNP/UNP_Monthly_20260820_025523.png
 create mode 100644 charts/screenshots/UNP/UNP_Monthly_20260821_025055.png
 delete mode 100644 charts/screenshots/UNP/UNP_Weekly_20260820_025523.png
 create mode 100644 charts/screenshots/UNP/UNP_Weekly_20260821_025055.png
 delete mode 100644 charts/screenshots/V/V_1H_20260820_030412.png
 create mode 100644 charts/screenshots/V/V_1H_20260821_030132.png
 delete mode 100644 charts/screenshots/V/V_4H_20260820_030412.png
 create mode 100644 charts/screenshots/V/V_4H_20260821_030132.png
 delete mode 100644 charts/screenshots/V/V_Daily_20260820_030412.png
 create mode 100644 charts/screenshots/V/V_Daily_20260821_030132.png
 delete mode 100644 charts/screenshots/V/V_Monthly_20260820_030412.png
 create mode 100644 charts/screenshots/V/V_Monthly_20260821_030132.png
 delete mode 100644 charts/screenshots/V/V_Weekly_20260820_030412.png
 create mode 100644 charts/screenshots/V/V_Weekly_20260821_030132.png
 delete mode 100644 charts/screenshots/VLO/VLO_1H_20260820_022744.png
 create mode 100644 charts/screenshots/VLO/VLO_1H_20260821_023303.png
 delete mode 100644 charts/screenshots/VLO/VLO_4H_20260820_022744.png
 create mode 100644 charts/screenshots/VLO/VLO_4H_20260821_023303.png
 delete mode 100644 charts/screenshots/VLO/VLO_Daily_20260820_022744.png
 create mode 100644 charts/screenshots/VLO/VLO_Daily_20260821_023303.png
 delete mode 100644 charts/screenshots/VLO/VLO_Monthly_20260820_022744.png
 create mode 100644 charts/screenshots/VLO/VLO_Monthly_20260821_023303.png
 delete mode 100644 charts/screenshots/VLO/VLO_Weekly_20260820_022744.png
 create mode 100644 charts/screenshots/VLO/VLO_Weekly_20260821_023303.png
 delete mode 100644 charts/screenshots/VZ/VZ_1H_20260820_025639.png
 create mode 100644 charts/screenshots/VZ/VZ_1H_20260821_025745.png
 delete mode 100644 charts/screenshots/VZ/VZ_4H_20260820_025639.png
 create mode 100644 charts/screenshots/VZ/VZ_4H_20260821_025745.png
 delete mode 100644 charts/screenshots/VZ/VZ_Daily_20260820_025639.png
 create mode 100644 charts/screenshots/VZ/VZ_Daily_20260821_025745.png
 delete mode 100644 charts/screenshots/VZ/VZ_Monthly_20260820_025639.png
 create mode 100644 charts/screenshots/VZ/VZ_Monthly_20260821_025745.png
 delete mode 100644 charts/screenshots/VZ/VZ_Weekly_20260820_025639.png
 create mode 100644 charts/screenshots/VZ/VZ_Weekly_20260821_025745.png
 delete mode 100644 charts/screenshots/WDAY/WDAY_1H_20260820_023016.png
 create mode 100644 charts/screenshots/WDAY/WDAY_1H_20260821_023529.png
 delete mode 100644 charts/screenshots/WDAY/WDAY_4H_20260820_023016.png
 create mode 100644 charts/screenshots/WDAY/WDAY_4H_20260821_023529.png
 delete mode 100644 charts/screenshots/WDAY/WDAY_Daily_20260820_023016.png
 create mode 100644 charts/screenshots/WDAY/WDAY_Daily_20260821_023529.png
 delete mode 100644 charts/screenshots/WDAY/WDAY_Monthly_20260820_023016.png
 create mode 100644 charts/screenshots/WDAY/WDAY_Monthly_20260821_023529.png
 delete mode 100644 charts/screenshots/WDAY/WDAY_Weekly_20260820_023016.png
 create mode 100644 charts/screenshots/WDAY/WDAY_Weekly_20260821_023529.png
 delete mode 100644 charts/screenshots/WFC/WFC_1H_20260820_025218.png
 create mode 100644 charts/screenshots/WFC/WFC_1H_20260821_025823.png
 delete mode 100644 charts/screenshots/WFC/WFC_4H_20260820_025218.png
 create mode 100644 charts/screenshots/WFC/WFC_4H_20260821_025823.png
 delete mode 100644 charts/screenshots/WFC/WFC_Daily_20260820_025218.png
 create mode 100644 charts/screenshots/WFC/WFC_Daily_20260821_025823.png
 delete mode 100644 charts/screenshots/WFC/WFC_Monthly_20260820_025218.png
 create mode 100644 charts/screenshots/WFC/WFC_Monthly_20260821_025823.png
 delete mode 100644 charts/screenshots/WFC/WFC_Weekly_20260820_025218.png
 create mode 100644 charts/screenshots/WFC/WFC_Weekly_20260821_025823.png
 create mode 100644 charts/screenshots/WYFI/WYFI_1H_20260821_032235.png
 create mode 100644 charts/screenshots/WYFI/WYFI_4H_20260821_032235.png
 create mode 100644 charts/screenshots/WYFI/WYFI_Daily_20260821_032235.png
 create mode 100644 charts/screenshots/WYFI/WYFI_Monthly_20260821_032235.png
 create mode 100644 charts/screenshots/WYFI/WYFI_Weekly_20260821_032235.png
 delete mode 100644 charts/screenshots/XOM/XOM_1H_20260820_024947.png
 create mode 100644 charts/screenshots/XOM/XOM_1H_20260821_025438.png
 delete mode 100644 charts/screenshots/XOM/XOM_4H_20260820_024947.png
 create mode 100644 charts/screenshots/XOM/XOM_4H_20260821_025438.png
 delete mode 100644 charts/screenshots/XOM/XOM_Daily_20260820_024947.png
 create mode 100644 charts/screenshots/XOM/XOM_Daily_20260821_025438.png
 delete mode 100644 charts/screenshots/XOM/XOM_Monthly_20260820_024947.png
 create mode 100644 charts/screenshots/XOM/XOM_Monthly_20260821_025438.png
 delete mode 100644 charts/screenshots/XOM/XOM_Weekly_20260820_024947.png
 create mode 100644 charts/screenshots/XOM/XOM_Weekly_20260821_025438.png
[[SP500 차트분석]] GitHub 푸시 완료
[[SP500 차트분석]] Google Sheets 업데이트 완료
[Paper Trading] SP500 ranked_df 스냅샷 저장 완료 (129개 종목)

[요약] 파이프라인 완료 – 총 4239.3초 (70.65분) 소요
