============================================================
[1단계] 전 종목 리스트 수집 및 기본 필터링
============================================================
[ticker_fetcher] 나스닥 FTP 서버에서 종목 리스트 다운로드 중...
[ticker_fetcher] 총 7392개 종목 로드 → 비표준 심볼 1189개 제거 → 6203개 보통주
[ticker_fetcher] 1단계 필터링 배치 1/42 (150개 종목)...
[ticker_fetcher] 1단계 필터링 배치 2/42 (150개 종목)...
[ticker_fetcher] 1단계 필터링 배치 3/42 (150개 종목)...
[ticker_fetcher] 1단계 필터링 배치 4/42 (150개 종목)...
[ticker_fetcher] 1단계 필터링 배치 5/42 (150개 종목)...
[ticker_fetcher] 1단계 필터링 배치 6/42 (150개 종목)...
[ticker_fetcher] 1단계 필터링 배치 7/42 (150개 종목)...
[ticker_fetcher] 1단계 필터링 배치 8/42 (150개 종목)...
[ticker_fetcher] 1단계 필터링 배치 9/42 (150개 종목)...
[ticker_fetcher] 1단계 필터링 배치 10/42 (150개 종목)...
[ticker_fetcher] 1단계 필터링 배치 11/42 (150개 종목)...
[ticker_fetcher] 1단계 필터링 배치 12/42 (150개 종목)...
[ticker_fetcher] 1단계 필터링 배치 13/42 (150개 종목)...
[ticker_fetcher] 1단계 필터링 배치 14/42 (150개 종목)...
[ticker_fetcher] 1단계 필터링 배치 15/42 (150개 종목)...
[ticker_fetcher] 1단계 필터링 배치 16/42 (150개 종목)...
[ticker_fetcher] 1단계 필터링 배치 17/42 (150개 종목)...
[ticker_fetcher] 1단계 필터링 배치 18/42 (150개 종목)...
[ticker_fetcher] 1단계 필터링 배치 19/42 (150개 종목)...
[ticker_fetcher] 1단계 필터링 배치 20/42 (150개 종목)...
[ticker_fetcher] 1단계 필터링 배치 21/42 (150개 종목)...
[ticker_fetcher] 1단계 필터링 배치 22/42 (150개 종목)...
[ticker_fetcher] 1단계 필터링 배치 23/42 (150개 종목)...
[ticker_fetcher] 1단계 필터링 배치 24/42 (150개 종목)...
[ticker_fetcher] 1단계 필터링 배치 25/42 (150개 종목)...
[ticker_fetcher] 1단계 필터링 배치 26/42 (150개 종목)...
[ticker_fetcher] 1단계 필터링 배치 27/42 (150개 종목)...
[ticker_fetcher] 1단계 필터링 배치 28/42 (150개 종목)...
[ticker_fetcher] 1단계 필터링 배치 29/42 (150개 종목)...
[ticker_fetcher] 1단계 필터링 배치 30/42 (150개 종목)...
[ticker_fetcher] 1단계 필터링 배치 31/42 (150개 종목)...
[ticker_fetcher] 1단계 필터링 배치 32/42 (150개 종목)...
[ticker_fetcher] 1단계 필터링 배치 33/42 (150개 종목)...
[ticker_fetcher] 1단계 필터링 배치 34/42 (150개 종목)...
[ticker_fetcher] 1단계 필터링 배치 35/42 (150개 종목)...
[ticker_fetcher] 1단계 필터링 배치 36/42 (150개 종목)...
[ticker_fetcher] 1단계 필터링 배치 37/42 (150개 종목)...
[ticker_fetcher] 1단계 필터링 배치 38/42 (150개 종목)...
[ticker_fetcher] 1단계 필터링 배치 39/42 (150개 종목)...
[ticker_fetcher] 1단계 필터링 배치 40/42 (150개 종목)...
[ticker_fetcher] 1단계 필터링 배치 41/42 (150개 종목)...
[ticker_fetcher] 1단계 필터링 배치 42/42 (53개 종목)...
[ticker_fetcher] 1단계 필터링 완료: 6203개 → 4075개 (가격 ≥ $1.0, 평균 거래량 ≥ 100,000)

============================================================
[2단계] 바닥 탈출 / 강세 돌파 후보 선별
============================================================
[2단계] 배치 1/28 (150개 종목 분석 중)...
[2단계] 배치 2/28 (150개 종목 분석 중)...
[2단계] 배치 3/28 (150개 종목 분석 중)...
[2단계] 배치 4/28 (150개 종목 분석 중)...
[2단계] 배치 5/28 (150개 종목 분석 중)...
[2단계] 배치 6/28 (150개 종목 분석 중)...
[2단계] 배치 7/28 (150개 종목 분석 중)...
[2단계] 배치 8/28 (150개 종목 분석 중)...
[2단계] 배치 9/28 (150개 종목 분석 중)...
[2단계] 배치 10/28 (150개 종목 분석 중)...
[2단계] 배치 11/28 (150개 종목 분석 중)...
[2단계] 배치 12/28 (150개 종목 분석 중)...
[2단계] 배치 13/28 (150개 종목 분석 중)...
[2단계] 배치 14/28 (150개 종목 분석 중)...
[2단계] 배치 15/28 (150개 종목 분석 중)...
[2단계] 배치 16/28 (150개 종목 분석 중)...
[2단계] 배치 17/28 (150개 종목 분석 중)...
[2단계] 배치 18/28 (150개 종목 분석 중)...
[2단계] 배치 19/28 (150개 종목 분석 중)...
[2단계] 배치 20/28 (150개 종목 분석 중)...
[2단계] 배치 21/28 (150개 종목 분석 중)...
[2단계] 배치 22/28 (150개 종목 분석 중)...
[2단계] 배치 23/28 (150개 종목 분석 중)...
[2단계] 배치 24/28 (150개 종목 분석 중)...
[2단계] 배치 25/28 (150개 종목 분석 중)...
[2단계] 배치 26/28 (150개 종목 분석 중)...
[2단계] 배치 27/28 (150개 종목 분석 중)...
[2단계] 배치 28/28 (25개 종목 분석 중)...
[2단계] 필터링 완료: 4075개 → 921개 후보 선별

============================================================
[3단계] 921개 후보 종목 정밀 분석
============================================================
[OHLCV] 배치 다운로드 1/7 (150개 종목, period=5y)...
[OHLCV] 배치 다운로드 2/7 (150개 종목, period=5y)...
[OHLCV] 배치 다운로드 3/7 (150개 종목, period=5y)...
[OHLCV] 배치 다운로드 4/7 (150개 종목, period=5y)...
[OHLCV] 배치 다운로드 5/7 (150개 종목, period=5y)...
[OHLCV] 배치 다운로드 6/7 (150개 종목, period=5y)...
[OHLCV] 배치 다운로드 7/7 (21개 종목, period=5y)...
[DataValidator] 579건의 데이터 품질 경고 발생
Warning:  AAOI: 비정상 가격 변동 67.1% (2023-08-04) — 스플릿/데이터 오류 가능
Warning:  AARD: Close NaN 비율 75.7% (기준: 30%)
Warning:  AARD: 비정상 가격 변동 56.2% (2026-03-02) — 스플릿/데이터 오류 가능
Warning:  ABAT: 비정상 가격 변동 60.4% (2024-12-23) — 스플릿/데이터 오류 가능
Warning:  ABTC: 비정상 가격 변동 173.1% (2025-05-12) — 스플릿/데이터 오류 가능
Warning:  ABTS: 비정상 가격 변동 1381.0% (2025-03-10) — 스플릿/데이터 오류 가능
Warning:  ABVC: 비정상 가격 변동 137.4% (2021-11-01) — 스플릿/데이터 오류 가능
Warning:  ACET: 비정상 가격 변동 54.3% (2023-06-27) — 스플릿/데이터 오류 가능
Warning:  ACON: 비정상 가격 변동 126.9% (2025-03-03) — 스플릿/데이터 오류 가능
Warning:  ACRS: 비정상 가격 변동 86.4% (2023-11-13) — 스플릿/데이터 오류 가능
Warning:  ACTU: Close NaN 비율 65.7% (기준: 30%)
Warning:  ACXP: 비정상 가격 변동 167.4% (2025-06-17) — 스플릿/데이터 오류 가능
Warning:  ADGM: Close NaN 비율 65.0% (기준: 30%)
Warning:  ADGM: 비정상 가격 변동 92.8% (2025-04-17) — 스플릿/데이터 오류 가능
Warning:  ADVB: Close NaN 비율 76.8% (기준: 30%)
Warning:  AEHR: 비정상 가격 변동 87.9% (2021-07-19) — 스플릿/데이터 오류 가능
Warning:  AESI: Close NaN 비율 37.1% (기준: 30%)
Warning:  AGIG: 비정상 가격 변동 494.7% (2022-03-07) — 스플릿/데이터 오류 가능
Warning:  AGL: 비정상 가격 변동 51.5% (2025-08-05) — 스플릿/데이터 오류 가능
Warning:  AGPU: 비정상 가격 변동 119.8% (2026-04-01) — 스플릿/데이터 오류 가능
Warning:  AHMA: Close NaN 비율 89.4% (기준: 30%)
Warning:  AHMA: 비정상 가격 변동 198.1% (2025-12-01) — 스플릿/데이터 오류 가능
Warning:  AIOS: 비정상 가격 변동 136.1% (2026-05-01) — 스플릿/데이터 오류 가능
Warning:  AIRE: Close NaN 비율 49.6% (기준: 30%)
Warning:  AIRE: 비정상 가격 변동 347.4% (2025-07-21) — 스플릿/데이터 오류 가능
Warning:  AIRJ: 비정상 가격 변동 181.4% (2024-03-11) — 스플릿/데이터 오류 가능
Warning:  AIRO: Close NaN 비율 82.3% (기준: 30%)
Warning:  AIRS: 비정상 가격 변동 51.6% (2026-03-16) — 스플릿/데이터 오류 가능
Warning:  AISP: 비정상 가격 변동 200.0% (2024-03-05) — 스플릿/데이터 오류 가능
Warning:  AKBA: 비정상 가격 변동 66.0% (2022-03-30) — 스플릿/데이터 오류 가능
Warning:  ALDX: 비정상 가격 변동 73.3% (2025-04-03) — 스플릿/데이터 오류 가능
Warning:  ALGS: 비정상 가격 변동 56.7% (2022-01-06) — 스플릿/데이터 오류 가능
Warning:  ALMU: Close NaN 비율 36.5% (기준: 30%)
Warning:  ALMU: 비정상 가격 변동 66.7% (2023-03-20) — 스플릿/데이터 오류 가능
Warning:  ALOY: 비정상 가격 변동 226.6% (2025-01-22) — 스플릿/데이터 오류 가능
Warning:  ALT: 비정상 가격 변동 54.7% (2023-03-21) — 스플릿/데이터 오류 가능
Warning:  ALTO: 비정상 가격 변동 60.8% (2023-11-07) — 스플릿/데이터 오류 가능
Warning:  AMC: 비정상 가격 변동 95.2% (2021-06-02) — 스플릿/데이터 오류 가능
Warning:  AMPG: 비정상 가격 변동 94.6% (2024-12-11) — 스플릿/데이터 오류 가능
Warning:  AMST: 비정상 가격 변동 81.5% (2023-02-14) — 스플릿/데이터 오류 가능
Warning:  ANGX: Close NaN 비율 87.2% (기준: 30%)
Warning:  ANNA: 비정상 가격 변동 86.5% (2026-03-20) — 스플릿/데이터 오류 가능
Warning:  ANVS: 비정상 가격 변동 127.3% (2021-05-21) — 스플릿/데이터 오류 가능
Warning:  ANY: 비정상 가격 변동 62.6% (2023-12-05) — 스플릿/데이터 오류 가능
Warning:  AP: 비정상 가격 변동 61.8% (2024-07-10) — 스플릿/데이터 오류 가능
Warning:  APPS: 비정상 가격 변동 96.5% (2025-02-06) — 스플릿/데이터 오류 가능
Warning:  ARCT: 비정상 가격 변동 68.1% (2021-08-03) — 스플릿/데이터 오류 가능
Warning:  AREC: 비정상 가격 변동 83.5% (2025-04-16) — 스플릿/데이터 오류 가능
Warning:  ARQQ: 비정상 가격 변동 56.9% (2025-03-17) — 스플릿/데이터 오류 가능
Warning:  ARTL: 비정상 가격 변동 230.4% (2026-03-27) — 스플릿/데이터 오류 가능
Warning:  ARX: Close NaN 비율 84.5% (기준: 30%)
Warning:  ASPI: Close NaN 비율 30.7% (기준: 30%)
Warning:  ASPN: 비정상 가격 변동 56.7% (2024-05-02) — 스플릿/데이터 오류 가능
Warning:  ASST: Close NaN 비율 35.3% (기준: 30%)
Warning:  ASST: 비정상 가격 변동 455.7% (2025-05-07) — 스플릿/데이터 오류 가능
Warning:  ASTC: 비정상 가격 변동 96.2% (2026-03-30) — 스플릿/데이터 오류 가능
Warning:  ATER: 비정상 가격 변동 68.9% (2026-04-28) — 스플릿/데이터 오류 가능
Warning:  ATLN: 비정상 가격 변동 185.2% (2023-02-07) — 스플릿/데이터 오류 가능
Warning:  ATOM: 비정상 가격 변동 64.0% (2026-02-13) — 스플릿/데이터 오류 가능
Warning:  ATXG: 비정상 가격 변동 8653.9% (2022-08-31) — 스플릿/데이터 오류 가능
Warning:  AUID: 비정상 가격 변동 72.2% (2026-01-15) — 스플릿/데이터 오류 가능
Warning:  AURE: Close NaN 비율 43.6% (기준: 30%)
Warning:  AURE: 비정상 가격 변동 89.7% (2024-08-26) — 스플릿/데이터 오류 가능
Warning:  AUUD: 비정상 가격 변동 181.8% (2023-06-12) — 스플릿/데이터 오류 가능
Warning:  AVNS: 비정상 가격 변동 69.5% (2026-04-14) — 스플릿/데이터 오류 가능
Warning:  AXSM: 비정상 가격 변동 51.4% (2022-06-27) — 스플릿/데이터 오류 가능
Warning:  AXTI: 비정상 가격 변동 69.3% (2024-02-23) — 스플릿/데이터 오류 가능
Warning:  AZI: Close NaN 비율 66.6% (기준: 30%)
Warning:  AZI: 비정상 가격 변동 146.2% (2026-03-09) — 스플릿/데이터 오류 가능
Warning:  BAND: 비정상 가격 변동 52.1% (2026-04-30) — 스플릿/데이터 오류 가능
Warning:  BATL: 비정상 가격 변동 211.7% (2026-01-26) — 스플릿/데이터 오류 가능
Warning:  BBAI: 비정상 가격 변동 260.5% (2023-01-12) — 스플릿/데이터 오류 가능
Warning:  BBNX: Close NaN 비율 74.9% (기준: 30%)
Warning:  BCTX: 비정상 가격 변동 1494.6% (2025-01-29) — 스플릿/데이터 오류 가능
Warning:  BDMD: 비정상 가격 변동 623.8% (2024-12-31) — 스플릿/데이터 오류 가능
Warning:  BDRX: 비정상 가격 변동 88.6% (2024-03-28) — 스플릿/데이터 오류 가능
Warning:  BE: 비정상 가격 변동 59.2% (2024-11-15) — 스플릿/데이터 오류 가능
Warning:  BENF: 비정상 가격 변동 255.2% (2024-05-03) — 스플릿/데이터 오류 가능
Warning:  BETA: Close NaN 비율 90.2% (기준: 30%)
Warning:  BFLY: 비정상 가격 변동 50.6% (2026-02-26) — 스플릿/데이터 오류 가능
Warning:  BGDE: 비정상 가격 변동 94.1% (2024-12-05) — 스플릿/데이터 오류 가능
Warning:  BGL: Close NaN 비율 83.0% (기준: 30%)
Warning:  BGL: 비정상 가격 변동 210.8% (2025-06-27) — 스플릿/데이터 오류 가능
Warning:  BIAF: 비정상 가격 변동 319.2% (2025-04-01) — 스플릿/데이터 오류 가능
Warning:  BIRD: 비정상 가격 변동 582.3% (2026-04-15) — 스플릿/데이터 오류 가능
Warning:  BIYA: Close NaN 비율 77.7% (기준: 30%)
Warning:  BIYA: 비정상 가격 변동 96.4% (2026-04-28) — 스플릿/데이터 오류 가능
Warning:  BKKT: 비정상 가격 변동 234.4% (2021-10-25) — 스플릿/데이터 오류 가능
Warning:  BLNE: 비정상 가격 변동 89.5% (2024-09-05) — 스플릿/데이터 오류 가능
Warning:  BMEA: 비정상 가격 변동 99.0% (2023-03-28) — 스플릿/데이터 오류 가능
Warning:  BMNR: Close NaN 비율 81.8% (기준: 30%)
Warning:  BMNR: 비정상 가격 변동 694.8% (2025-06-30) — 스플릿/데이터 오류 가능
Warning:  BNAI: 비정상 가격 변동 276.7% (2026-01-26) — 스플릿/데이터 오류 가능
Warning:  BNC: 비정상 가격 변동 548.8% (2025-07-28) — 스플릿/데이터 오류 가능
Warning:  BOXL: 비정상 가격 변동 265.2% (2025-01-06) — 스플릿/데이터 오류 가능
Warning:  BRCB: Close NaN 비율 87.3% (기준: 30%)
Warning:  BRLS: 비정상 가격 변동 134.3% (2026-02-09) — 스플릿/데이터 오류 가능
Warning:  BRR: Close NaN 비율 82.0% (기준: 30%)
Warning:  BTAI: 비정상 가격 변동 85.4% (2025-08-04) — 스플릿/데이터 오류 가능
Warning:  BTBT: 비정상 가격 변동 109.7% (2021-07-26) — 스플릿/데이터 오류 가능
Warning:  BTCS: 비정상 가격 변동 111.1% (2025-07-08) — 스플릿/데이터 오류 가능
Warning:  BTCT: 비정상 가격 변동 316.7% (2024-11-12) — 스플릿/데이터 오류 가능
Warning:  BTDR: 비정상 가격 변동 50.9% (2023-06-16) — 스플릿/데이터 오류 가능
Warning:  BTM: 비정상 가격 변동 54.0% (2024-11-11) — 스플릿/데이터 오류 가능
Warning:  BTOG: 비정상 가격 변동 121.4% (2025-03-07) — 스플릿/데이터 오류 가능
Warning:  BTQ: Close NaN 비율 88.1% (기준: 30%)
Warning:  BTQ: 비정상 가격 변동 51.5% (2025-10-07) — 스플릿/데이터 오류 가능
Warning:  BTSG: Close NaN 비율 54.8% (기준: 30%)
Warning:  BULL: 비정상 가격 변동 374.7% (2025-04-14) — 스플릿/데이터 오류 가능
Warning:  BUR: 비정상 가격 변동 53.2% (2023-03-31) — 스플릿/데이터 오류 가능
Warning:  BZAI: 비정상 가격 변동 58.7% (2025-07-18) — 스플릿/데이터 오류 가능
Warning:  CAI: Close NaN 비율 82.6% (기준: 30%)
Warning:  CANF: 비정상 가격 변동 69.3% (2021-12-20) — 스플릿/데이터 오류 가능
Warning:  CAR: 비정상 가격 변동 108.3% (2021-11-02) — 스플릿/데이터 오류 가능
Warning:  CBUS: 비정상 가격 변동 89.8% (2023-01-17) — 스플릿/데이터 오류 가능
Warning:  CETX: 비정상 가격 변동 129.6% (2025-12-08) — 스플릿/데이터 오류 가능
Warning:  CGTX: 비정상 가격 변동 62.2% (2022-08-04) — 스플릿/데이터 오류 가능
Warning:  CHA: Close NaN 비율 79.2% (기준: 30%)
Warning:  CHAI: 비정상 가격 변동 101.2% (2025-05-20) — 스플릿/데이터 오류 가능
Warning:  CIIT: 비정상 가격 변동 132.3% (2021-11-15) — 스플릿/데이터 오류 가능
Warning:  CING: 비정상 가격 변동 268.5% (2024-08-16) — 스플릿/데이터 오류 가능
Warning:  CJMB: Close NaN 비율 75.2% (기준: 30%)
Warning:  CJMB: 비정상 가격 변동 275.0% (2026-01-15) — 스플릿/데이터 오류 가능
Warning:  CLIK: Close NaN 비율 68.9% (기준: 30%)
Warning:  CLIK: 비정상 가격 변동 153.6% (2025-05-15) — 스플릿/데이터 오류 가능
Warning:  CLPT: 비정상 가격 변동 58.6% (2025-09-24) — 스플릿/데이터 오류 가능
Warning:  CMCT: 비정상 가격 변동 888.2% (2025-01-06) — 스플릿/데이터 오류 가능
Warning:  CMPX: 비정상 가격 변동 64.4% (2026-04-27) — 스플릿/데이터 오류 가능
Warning:  CNCK: 비정상 가격 변동 143.2% (2025-12-01) — 스플릿/데이터 오류 가능
Warning:  CNTN: 비정상 가격 변동 206.8% (2025-08-20) — 스플릿/데이터 오류 가능
Warning:  CNVS: 비정상 가격 변동 51.6% (2024-02-14) — 스플릿/데이터 오류 가능
Warning:  CODX: 비정상 가격 변동 259.0% (2025-10-27) — 스플릿/데이터 오류 가능
Warning:  CRCL: Close NaN 비율 81.8% (기준: 30%)
Warning:  CRDF: 비정상 가격 변동 64.4% (2024-03-01) — 스플릿/데이터 오류 가능
Warning:  CRMD: 비정상 가격 변동 57.4% (2022-08-09) — 스플릿/데이터 오류 가능
Warning:  CRML: 비정상 가격 변동 120.6% (2024-02-27) — 스플릿/데이터 오류 가능
Warning:  CTNT: Close NaN 비율 45.0% (기준: 30%)
Warning:  CTNT: 비정상 가격 변동 437.8% (2024-05-14) — 스플릿/데이터 오류 가능
Warning:  CTRI: Close NaN 비율 59.4% (기준: 30%)
Warning:  CUE: 비정상 가격 변동 106.4% (2026-05-01) — 스플릿/데이터 오류 가능
Warning:  CYN: 비정상 가격 변동 208.3% (2025-02-10) — 스플릿/데이터 오류 가능
Warning:  DBGI: 비정상 가격 변동 150.0% (2025-02-14) — 스플릿/데이터 오류 가능
Warning:  DCX: 비정상 가격 변동 188.1% (2025-09-19) — 스플릿/데이터 오류 가능
Warning:  DFDV: Close NaN 비율 44.6% (기준: 30%)
Warning:  DFDV: 비정상 가격 변동 842.5% (2025-04-07) — 스플릿/데이터 오류 가능
Warning:  DFLI: 비정상 가격 변동 102.6% (2022-10-05) — 스플릿/데이터 오류 가능
Warning:  DFSC: 비정상 가격 변동 5714.8% (2022-11-01) — 스플릿/데이터 오류 가능
Warning:  DGNX: Close NaN 비율 74.4% (기준: 30%)
Warning:  DGNX: 비정상 가격 변동 234.6% (2025-01-29) — 스플릿/데이터 오류 가능
Warning:  DJT: 비정상 가격 변동 356.8% (2021-10-21) — 스플릿/데이터 오류 가능
Warning:  DPRO: 비정상 가격 변동 52.8% (2024-02-22) — 스플릿/데이터 오류 가능
Warning:  DRCT: 비정상 가격 변동 900.0% (2024-12-23) — 스플릿/데이터 오류 가능
Warning:  DTCX: 비정상 가격 변동 69.3% (2023-05-12) — 스플릿/데이터 오류 가능
Warning:  DWTX: 비정상 가격 변동 376.8% (2025-01-23) — 스플릿/데이터 오류 가능
Warning:  ECG: Close NaN 비율 69.9% (기준: 30%)
Warning:  ECX: 비정상 가격 변동 95.9% (2023-02-22) — 스플릿/데이터 오류 가능
Warning:  EDSA: 비정상 가격 변동 102.7% (2021-09-20) — 스플릿/데이터 오류 가능
Warning:  EEIQ: 비정상 가격 변동 209.2% (2026-03-26) — 스플릿/데이터 오류 가능
Warning:  EFOR: 비정상 가격 변동 51.7% (2026-04-23) — 스플릿/데이터 오류 가능
Warning:  ELAB: Close NaN 비율 51.3% (기준: 30%)
Warning:  ELAB: 비정상 가격 변동 133.7% (2026-04-01) — 스플릿/데이터 오류 가능
Warning:  ELPW: Close NaN 비율 40.0% (기준: 30%)
Warning:  ELPW: 비정상 가격 변동 3141.9% (2026-01-30) — 스플릿/데이터 오류 가능
Warning:  ELVR: Close NaN 비율 86.6% (기준: 30%)
Warning:  EMPD: 비정상 가격 변동 134.3% (2025-07-17) — 스플릿/데이터 오류 가능
Warning:  ENGS: Close NaN 비율 78.3% (기준: 30%)
Warning:  ENGS: 비정상 가격 변동 67.6% (2025-11-06) — 스플릿/데이터 오류 가능
Warning:  ENLT: Close NaN 비율 33.5% (기준: 30%)
Warning:  ENLT: 비정상 가격 변동 582.7% (2023-02-10) — 스플릿/데이터 오류 가능
Warning:  ENVB: 비정상 가격 변동 136.2% (2023-05-18) — 스플릿/데이터 오류 가능
Warning:  ETOR: Close NaN 비율 80.6% (기준: 30%)
Warning:  EUDA: 비정상 가격 변동 89.7% (2026-04-23) — 스플릿/데이터 오류 가능
Warning:  EVGO: 비정상 가격 변동 60.8% (2024-10-03) — 스플릿/데이터 오류 가능
Warning:  EVTL: 비정상 가격 변동 72.4% (2022-07-15) — 스플릿/데이터 오류 가능
Warning:  EVTV: 비정상 가격 변동 442.1% (2026-01-12) — 스플릿/데이터 오류 가능
Warning:  FATN: Close NaN 비율 78.7% (기준: 30%)
Warning:  FBLG: Close NaN 비율 55.0% (기준: 30%)
Warning:  FBLG: 비정상 가격 변동 88.4% (2024-02-13) — 스플릿/데이터 오류 가능
Warning:  FCHL: Close NaN 비율 86.8% (기준: 30%)
Warning:  FCHL: 비정상 가격 변동 107.6% (2026-03-26) — 스플릿/데이터 오류 가능
Warning:  FCUV: 비정상 가격 변동 278.0% (2021-09-01) — 스플릿/데이터 오류 가능
Warning:  FEAM: 비정상 가격 변동 51.5% (2024-12-30) — 스플릿/데이터 오류 가능
Warning:  FEED: 비정상 가격 변동 248.0% (2021-07-23) — 스플릿/데이터 오류 가능
Warning:  FGL: Close NaN 비율 69.7% (기준: 30%)
Warning:  FGL: 비정상 가격 변동 56.0% (2026-02-10) — 스플릿/데이터 오류 가능
Warning:  FIG: Close NaN 비율 84.9% (기준: 30%)
Warning:  FIGR: Close NaN 비율 87.2% (기준: 30%)
Warning:  FLNA: 비정상 가격 변동 83.8% (2024-11-25) — 스플릿/데이터 오류 가능
Warning:  FLOC: Close NaN 비율 74.2% (기준: 30%)
Warning:  FLUX: 비정상 가격 변동 52.2% (2025-09-16) — 스플릿/데이터 오류 가능
Warning:  FLYX: Close NaN 비율 53.3% (기준: 30%)
Warning:  FLYX: 비정상 가격 변동 130.3% (2026-01-08) — 스플릿/데이터 오류 가능
Warning:  FMST: Close NaN 비율 43.5% (기준: 30%)
Warning:  FMST: 비정상 가격 변동 51.1% (2025-05-12) — 스플릿/데이터 오류 가능
Warning:  FNUC: 비정상 가격 변동 348.1% (2024-12-18) — 스플릿/데이터 오류 가능
Warning:  FRMI: Close NaN 비율 88.3% (기준: 30%)
Warning:  FRMM: 비정상 가격 변동 325.7% (2024-10-16) — 스플릿/데이터 오류 가능
Warning:  FTCI: 비정상 가격 변동 104.0% (2024-09-11) — 스플릿/데이터 오류 가능
Warning:  FTFT: 비정상 가격 변동 160.9% (2025-07-11) — 스플릿/데이터 오류 가능
Warning:  FUBO: 비정상 가격 변동 251.4% (2025-01-06) — 스플릿/데이터 오류 가능
Warning:  FUSE: 비정상 가격 변동 117.0% (2025-08-19) — 스플릿/데이터 오류 가능
Warning:  FUSE: 거래량 0 연속 37일 (기준: 5일) — 상장폐지/거래정지 가능
Warning:  FWDI: 비정상 가격 변동 58.7% (2025-09-08) — 스플릿/데이터 오류 가능
Warning:  GALT: 비정상 가격 변동 60.4% (2025-06-17) — 스플릿/데이터 오류 가능
Warning:  GAMB: 비정상 가격 변동 66.9% (2021-08-27) — 스플릿/데이터 오류 가능
Warning:  GEMI: Close NaN 비율 87.3% (기준: 30%)
Warning:  GEOS: 비정상 가격 변동 60.1% (2025-06-23) — 스플릿/데이터 오류 가능
Warning:  GMEX: Close NaN 비율 45.4% (기준: 30%)
Warning:  GMEX: 비정상 가격 변동 613.3% (2026-05-01) — 스플릿/데이터 오류 가능
Warning:  GNLN: 비정상 가격 변동 365.4% (2024-08-12) — 스플릿/데이터 오류 가능
Warning:  GNLX: Close NaN 비율 34.8% (기준: 30%)
Warning:  GNLX: 비정상 가격 변동 60.4% (2023-03-06) — 스플릿/데이터 오류 가능
Warning:  GOTU: 비정상 가격 변동 63.3% (2021-07-23) — 스플릿/데이터 오류 가능
Warning:  GOVX: 비정상 가격 변동 150.4% (2022-07-25) — 스플릿/데이터 오류 가능
Warning:  GP: 비정상 가격 변동 51.0% (2026-01-09) — 스플릿/데이터 오류 가능
Warning:  GPCR: Close NaN 비율 35.3% (기준: 30%)
Warning:  GPCR: 비정상 가격 변동 102.5% (2025-12-08) — 스플릿/데이터 오류 가능
Warning:  GRAL: Close NaN 비율 62.3% (기준: 30%)
Warning:  GRAL: 비정상 가격 변동 50.5% (2026-02-20) — 스플릿/데이터 오류 가능
Warning:  GRCE: 비정상 가격 변동 52.3% (2021-12-22) — 스플릿/데이터 오류 가능
Warning:  GRDX: 비정상 가격 변동 72.4% (2024-10-04) — 스플릿/데이터 오류 가능
Warning:  GRI: 비정상 가격 변동 127.6% (2024-10-21) — 스플릿/데이터 오류 가능
Warning:  GVH: Close NaN 비율 50.6% (기준: 30%)
Warning:  GVH: 비정상 가격 변동 74.2% (2025-06-26) — 스플릿/데이터 오류 가능
Warning:  GWH: 비정상 가격 변동 141.9% (2025-10-10) — 스플릿/데이터 오류 가능
Warning:  GXAI: Close NaN 비율 35.9% (기준: 30%)
Warning:  GXAI: 비정상 가격 변동 177.3% (2024-02-16) — 스플릿/데이터 오류 가능
Warning:  HCAI: Close NaN 비율 75.2% (기준: 30%)
Warning:  HCAI: 비정상 가격 변동 142.2% (2026-04-07) — 스플릿/데이터 오류 가능
Warning:  HCTI: 비정상 가격 변동 233.3% (2025-06-12) — 스플릿/데이터 오류 가능
Warning:  HIT: Close NaN 비율 73.0% (기준: 30%)
Warning:  HIT: 비정상 가격 변동 82.3% (2025-03-12) — 스플릿/데이터 오류 가능
Warning:  HOLO: 비정상 가격 변동 1092.1% (2024-02-07) — 스플릿/데이터 오류 가능
Warning:  HOOD: 비정상 가격 변동 50.4% (2021-08-04) — 스플릿/데이터 오류 가능
Warning:  HSDT: 비정상 가격 변동 145.3% (2022-08-03) — 스플릿/데이터 오류 가능
Warning:  HTCO: 비정상 가격 변동 239.7% (2026-04-27) — 스플릿/데이터 오류 가능
Warning:  HUIZ: 비정상 가격 변동 124.4% (2024-12-09) — 스플릿/데이터 오류 가능
Warning:  HYFT: 비정상 가격 변동 136.5% (2021-07-22) — 스플릿/데이터 오류 가능
Warning:  HYPD: 비정상 가격 변동 134.7% (2025-06-17) — 스플릿/데이터 오류 가능
Warning:  IBG: Close NaN 비율 68.2% (기준: 30%)
Warning:  IBG: 비정상 가격 변동 153.5% (2025-04-02) — 스플릿/데이터 오류 가능
Warning:  ICG: Close NaN 비율 37.5% (기준: 30%)
Warning:  ICG: 비정상 가격 변동 88.6% (2024-12-20) — 스플릿/데이터 오류 가능
Warning:  ICON: Close NaN 비율 63.9% (기준: 30%)
Warning:  ICON: 비정상 가격 변동 63.1% (2025-06-13) — 스플릿/데이터 오류 가능
Warning:  ICU: 비정상 가격 변동 70.2% (2023-10-18) — 스플릿/데이터 오류 가능
Warning:  IFRX: 비정상 가격 변동 83.9% (2023-04-04) — 스플릿/데이터 오류 가능
Warning:  IMA: 비정상 가격 변동 67.8% (2023-11-09) — 스플릿/데이터 오류 가능
Warning:  IMDX: 비정상 가격 변동 51.5% (2023-03-16) — 스플릿/데이터 오류 가능
Warning:  IMSR: Close NaN 비율 68.9% (기준: 30%)
Warning:  INBS: 비정상 가격 변동 293.1% (2023-01-23) — 스플릿/데이터 오류 가능
Warning:  INBX: Close NaN 비율 61.5% (기준: 30%)
Warning:  INBX: 비정상 가격 변동 102.0% (2025-10-24) — 스플릿/데이터 오류 가능
Warning:  INDO: 비정상 가격 변동 110.4% (2022-01-27) — 스플릿/데이터 오류 가능
Warning:  INDV: 비정상 가격 변동 571.9% (2022-11-28) — 스플릿/데이터 오류 가능
Warning:  INHD: Close NaN 비율 52.5% (기준: 30%)
Warning:  INHD: 비정상 가격 변동 262.6% (2025-08-25) — 스플릿/데이터 오류 가능
Warning:  INMB: 비정상 가격 변동 56.7% (2025-06-30) — 스플릿/데이터 오류 가능
Warning:  INOD: 비정상 가격 변동 75.8% (2024-11-08) — 스플릿/데이터 오류 가능
Warning:  INSG: 비정상 가격 변동 53.7% (2023-05-04) — 스플릿/데이터 오류 가능
Warning:  IOTR: Close NaN 비율 78.8% (기준: 30%)
Warning:  IOTR: 비정상 가격 변동 74.1% (2026-01-22) — 스플릿/데이터 오류 가능
Warning:  IPST: Close NaN 비율 71.4% (기준: 30%)
Warning:  IPST: 비정상 가격 변동 66.7% (2025-09-22) — 스플릿/데이터 오류 가능
Warning:  IQST: 비정상 가격 변동 65.2% (2023-07-05) — 스플릿/데이터 오류 가능
Warning:  ISPC: 비정상 가격 변동 159.7% (2025-09-09) — 스플릿/데이터 오류 가능
Warning:  IXHL: 비정상 가격 변동 723.5% (2025-05-14) — 스플릿/데이터 오류 가능
Warning:  JANX: 비정상 가격 변동 229.5% (2024-02-27) — 스플릿/데이터 오류 가능
Warning:  JDZG: Close NaN 비율 60.8% (기준: 30%)
Warning:  JDZG: 비정상 가격 변동 136.1% (2024-10-17) — 스플릿/데이터 오류 가능
Warning:  JEM: Close NaN 비율 82.0% (기준: 30%)
Warning:  JEM: 비정상 가격 변동 130.5% (2025-09-09) — 스플릿/데이터 오류 가능
Warning:  JFB: Close NaN 비율 76.8% (기준: 30%)
Warning:  JFB: 비정상 가격 변동 85.4% (2025-09-29) — 스플릿/데이터 오류 가능
Warning:  JMIA: 비정상 가격 변동 53.8% (2024-08-06) — 스플릿/데이터 오류 가능
Warning:  JTAI: 비정상 가격 변동 150.0% (2025-02-19) — 스플릿/데이터 오류 가능
Warning:  KALV: 비정상 가격 변동 58.9% (2022-10-04) — 스플릿/데이터 오류 가능
Warning:  KD: 비정상 가격 변동 54.9% (2026-02-09) — 스플릿/데이터 오류 가능
Warning:  KGS: Close NaN 비율 43.2% (기준: 30%)
Warning:  KITT: 비정상 가격 변동 139.0% (2025-01-03) — 스플릿/데이터 오류 가능
Warning:  KLAR: Close NaN 비율 87.2% (기준: 30%)
Warning:  KLC: Close NaN 비율 68.9% (기준: 30%)
Warning:  KMRK: Close NaN 비율 84.0% (기준: 30%)
Warning:  KNRX: Close NaN 비율 88.1% (기준: 30%)
Warning:  KNRX: 비정상 가격 변동 165.3% (2026-02-19) — 스플릿/데이터 오류 가능
Warning:  KODK: 비정상 가격 변동 52.6% (2024-02-29) — 스플릿/데이터 오류 가능
Warning:  KRRO: 비정상 가격 변동 93.7% (2024-10-16) — 스플릿/데이터 오류 가능
Warning:  KSCP: 비정상 가격 변동 175.6% (2022-01-28) — 스플릿/데이터 오류 가능
Warning:  KULR: 비정상 가격 변동 75.6% (2024-11-25) — 스플릿/데이터 오류 가능
Warning:  LAES: Close NaN 비율 41.2% (기준: 30%)
Warning:  LAES: 비정상 가격 변동 102.3% (2023-05-24) — 스플릿/데이터 오류 가능
Warning:  LBRX: Close NaN 비율 87.2% (기준: 30%)
Warning:  LGN: Close NaN 비율 87.3% (기준: 30%)
Warning:  LIDR: 비정상 가격 변동 158.4% (2025-07-24) — 스플릿/데이터 오류 가능
Warning:  LIF: Close NaN 비율 62.0% (기준: 30%)
Warning:  LITS: 비정상 가격 변동 65.2% (2022-03-25) — 스플릿/데이터 오류 가능
Warning:  LNKS: Close NaN 비율 72.1% (기준: 30%)
Warning:  LNKS: 비정상 가격 변동 86.1% (2026-03-23) — 스플릿/데이터 오류 가능
Warning:  LPCN: 비정상 가격 변동 77.8% (2026-04-02) — 스플릿/데이터 오류 가능
Warning:  LPSN: 비정상 가격 변동 57.7% (2023-03-16) — 스플릿/데이터 오류 가능
Warning:  LRHC: Close NaN 비율 48.8% (기준: 30%)
Warning:  LRHC: 비정상 가격 변동 130.6% (2024-10-23) — 스플릿/데이터 오류 가능
Warning:  LTBR: 비정상 가격 변동 57.5% (2024-10-18) — 스플릿/데이터 오류 가능
Warning:  LUD: Close NaN 비율 76.4% (기준: 30%)
Warning:  LUD: 비정상 가격 변동 62.6% (2025-09-02) — 스플릿/데이터 오류 가능
Warning:  LUNG: 비정상 가격 변동 60.9% (2022-11-04) — 스플릿/데이터 오류 가능
Warning:  LVWR: 비정상 가격 변동 153.5% (2025-05-27) — 스플릿/데이터 오류 가능
Warning:  MAMO: Close NaN 비율 58.4% (기준: 30%)
Warning:  MAMO: 비정상 가격 변동 59.5% (2026-02-03) — 스플릿/데이터 오류 가능
Warning:  MASK: Close NaN 비율 73.8% (기준: 30%)
Warning:  MASK: 비정상 가격 변동 83.1% (2026-03-31) — 스플릿/데이터 오류 가능
Warning:  MBAI: 비정상 가격 변동 281.4% (2024-12-23) — 스플릿/데이터 오류 가능
Warning:  MBOT: 비정상 가격 변동 159.3% (2023-05-22) — 스플릿/데이터 오류 가능
Warning:  MBRX: 비정상 가격 변동 202.4% (2025-02-13) — 스플릿/데이터 오류 가능
Warning:  MCHPP: Close NaN 비율 77.7% (기준: 30%)
Warning:  MDXG: 비정상 가격 변동 59.6% (2021-09-13) — 스플릿/데이터 오류 가능
Warning:  MDXH: 비정상 가격 변동 834.3% (2023-11-28) — 스플릿/데이터 오류 가능
Warning:  MGX: Close NaN 비율 55.6% (기준: 30%)
Warning:  MGX: 비정상 가격 변동 125.4% (2024-12-09) — 스플릿/데이터 오류 가능
Warning:  MLEC: 비정상 가격 변동 251.3% (2023-01-06) — 스플릿/데이터 오류 가능
Warning:  MLGO: 비정상 가격 변동 669.9% (2024-06-04) — 스플릿/데이터 오류 가능
Warning:  MLTX: 비정상 가격 변동 89.9% (2025-09-29) — 스플릿/데이터 오류 가능
Warning:  MNTN: Close NaN 비율 81.1% (기준: 30%)
Warning:  MNTS: 비정상 가격 변동 155.4% (2024-10-09) — 스플릿/데이터 오류 가능
Warning:  MOBX: 비정상 가격 변동 532.8% (2026-03-03) — 스플릿/데이터 오류 가능
Warning:  MRAM: 비정상 가격 변동 63.2% (2021-11-12) — 스플릿/데이터 오류 가능
Warning:  MSS: Close NaN 비율 48.6% (기준: 30%)
Warning:  MSS: 비정상 가격 변동 122.4% (2024-09-24) — 스플릿/데이터 오류 가능
Warning:  MTEK: 비정상 가격 변동 50.6% (2025-09-29) — 스플릿/데이터 오류 가능
Warning:  MTVA: 비정상 가격 변동 115.5% (2025-09-15) — 스플릿/데이터 오류 가능
Warning:  MVST: 비정상 가격 변동 339.2% (2024-11-13) — 스플릿/데이터 오류 가능
Warning:  MXL: 비정상 가격 변동 76.1% (2026-04-24) — 스플릿/데이터 오류 가능
Warning:  NAGE: 비정상 가격 변동 67.9% (2024-11-01) — 스플릿/데이터 오류 가능
Warning:  NAMM: Close NaN 비율 81.9% (기준: 30%)
Warning:  NAMM: 비정상 가격 변동 130.6% (2026-01-21) — 스플릿/데이터 오류 가능
Warning:  NCI: Close NaN 비율 59.6% (기준: 30%)
Warning:  NCI: 비정상 가격 변동 238.5% (2026-02-11) — 스플릿/데이터 오류 가능
Warning:  NCT: Close NaN 비율 78.1% (기준: 30%)
Warning:  NEXR: 비정상 가격 변동 1360.0% (2024-11-20) — 스플릿/데이터 오류 가능
Warning:  NKLR: Close NaN 비율 88.5% (기준: 30%)
Warning:  NMAX: Close NaN 비율 78.2% (기준: 30%)
Warning:  NMAX: 비정상 가격 변동 179.0% (2025-04-01) — 스플릿/데이터 오류 가능
Warning:  NMG: 비정상 가격 변동 51.8% (2025-10-13) — 스플릿/데이터 오류 가능
Warning:  NNE: Close NaN 비율 60.4% (기준: 30%)
Warning:  NNOX: 비정상 가격 변동 68.4% (2023-05-01) — 스플릿/데이터 오류 가능
Warning:  NPT: Close NaN 비율 89.5% (기준: 30%)
Warning:  NPT: 비정상 가격 변동 81.6% (2026-03-03) — 스플릿/데이터 오류 가능
Warning:  NSRX: Close NaN 비율 85.6% (기준: 30%)
Warning:  NTLA: 비정상 가격 변동 50.2% (2021-06-28) — 스플릿/데이터 오류 가능
Warning:  NTSK: Close NaN 비율 87.6% (기준: 30%)
Warning:  NVA: Close NaN 비율 64.6% (기준: 30%)
Warning:  NVA: 비정상 가격 변동 110.3% (2025-10-14) — 스플릿/데이터 오류 가능
Warning:  NVA: 거래량 0 연속 6일 (기준: 5일) — 상장폐지/거래정지 가능
Warning:  NVNI: 비정상 가격 변동 317.2% (2024-12-19) — 스플릿/데이터 오류 가능
Warning:  NXTT: 비정상 가격 변동 661.3% (2025-05-09) — 스플릿/데이터 오류 가능
Warning:  OCG: 비정상 가격 변동 292.0% (2025-12-09) — 스플릿/데이터 오류 가능
Warning:  ODD: Close NaN 비율 44.3% (기준: 30%)
Warning:  OIO: 비정상 가격 변동 58.4% (2026-04-24) — 스플릿/데이터 오류 가능
Warning:  OKLO: 비정상 가격 변동 53.6% (2024-05-10) — 스플릿/데이터 오류 가능
Warning:  OLMA: 비정상 가격 변동 136.4% (2025-11-18) — 스플릿/데이터 오류 가능
Warning:  OM: 비정상 가격 변동 68.5% (2024-08-08) — 스플릿/데이터 오류 가능
Warning:  OMEX: 비정상 가격 변동 182.3% (2024-09-18) — 스플릿/데이터 오류 가능
Warning:  OPRX: 비정상 가격 변동 51.7% (2025-03-12) — 스플릿/데이터 오류 가능
Warning:  ORGO: 비정상 가격 변동 102.3% (2025-02-28) — 스플릿/데이터 오류 가능
Warning:  ORKT: Close NaN 비율 64.6% (기준: 30%)
Warning:  ORKT: 비정상 가격 변동 147.6% (2025-12-08) — 스플릿/데이터 오류 가능
Warning:  PAPL: Close NaN 비율 50.2% (기준: 30%)
Warning:  PAPL: 비정상 가격 변동 73.8% (2025-08-08) — 스플릿/데이터 오류 가능
Warning:  PASG: 비정상 가격 변동 69.4% (2024-11-29) — 스플릿/데이터 오류 가능
Warning:  PAVS: 비정상 가격 변동 93.3% (2024-10-01) — 스플릿/데이터 오류 가능
Warning:  PBM: 비정상 가격 변동 103.8% (2026-04-16) — 스플릿/데이터 오류 가능
Warning:  PDYN: 비정상 가격 변동 130.0% (2024-11-22) — 스플릿/데이터 오류 가능
Warning:  PEPG: 비정상 가격 변동 121.1% (2025-09-25) — 스플릿/데이터 오류 가능
Warning:  PEW: Close NaN 비율 54.0% (기준: 30%)
Warning:  PGY: 비정상 가격 변동 129.6% (2022-07-20) — 스플릿/데이터 오류 가능
Warning:  PHIO: 비정상 가격 변동 290.5% (2025-01-13) — 스플릿/데이터 오류 가능
Warning:  PLCE: 비정상 가격 변동 85.7% (2024-09-11) — 스플릿/데이터 오류 가능
Warning:  PMAX: Close NaN 비율 67.0% (기준: 30%)
Warning:  PMAX: 비정상 가격 변동 57.4% (2025-05-23) — 스플릿/데이터 오류 가능
Warning:  PN: Close NaN 비율 76.7% (기준: 30%)
Warning:  PN: 비정상 가격 변동 68.9% (2026-03-30) — 스플릿/데이터 오류 가능
Warning:  PNBK: 비정상 가격 변동 73.5% (2025-04-17) — 스플릿/데이터 오류 가능
Warning:  PONY: Close NaN 비율 71.7% (기준: 30%)
Warning:  PRFX: 비정상 가격 변동 414.3% (2024-12-19) — 스플릿/데이터 오류 가능
Warning:  PROK: 비정상 가격 변동 514.5% (2025-07-08) — 스플릿/데이터 오류 가능
Warning:  PROP: 비정상 가격 변동 100.0% (2022-08-11) — 스플릿/데이터 오류 가능
Warning:  PRSO: 비정상 가격 변동 151.9% (2026-03-06) — 스플릿/데이터 오류 가능
Warning:  PSTV: 비정상 가격 변동 311.4% (2025-03-06) — 스플릿/데이터 오류 가능
Warning:  Q: Close NaN 비율 89.7% (기준: 30%)
Warning:  QBTS: 비정상 가격 변동 110.7% (2023-05-22) — 스플릿/데이터 오류 가능
Warning:  QNCX: 비정상 가격 변동 306.2% (2026-02-10) — 스플릿/데이터 오류 가능
Warning:  QNTM: 비정상 가격 변동 119.8% (2024-08-09) — 스플릿/데이터 오류 가능
Warning:  QTRX: 비정상 가격 변동 54.8% (2022-08-09) — 스플릿/데이터 오류 가능
Warning:  QUBT: 비정상 가격 변동 92.8% (2024-11-13) — 스플릿/데이터 오류 가능
Warning:  QURE: 비정상 가격 변동 247.7% (2025-09-24) — 스플릿/데이터 오류 가능
Warning:  RAYA: Close NaN 비율 32.6% (기준: 30%)
Warning:  RAYA: 비정상 가격 변동 108.1% (2026-04-10) — 스플릿/데이터 오류 가능
Warning:  RBNE: Close NaN 비율 78.9% (기준: 30%)
Warning:  RBNE: 비정상 가격 변동 317.9% (2025-06-13) — 스플릿/데이터 오류 가능
Warning:  RCKT: 비정상 가격 변동 62.8% (2025-05-27) — 스플릿/데이터 오류 가능
Warning:  RDAC: Close NaN 비율 71.8% (기준: 30%)
Warning:  RDAC: 비정상 가격 변동 318.6% (2026-04-29) — 스플릿/데이터 오류 가능
Warning:  RDAC: 거래량 0 연속 12일 (기준: 5일) — 상장폐지/거래정지 가능
Warning:  RDGT: 비정상 가격 변동 114.8% (2022-12-12) — 스플릿/데이터 오류 가능
Warning:  RDW: 비정상 가격 변동 51.4% (2025-01-21) — 스플릿/데이터 오류 가능
Warning:  RECT: Close NaN 비율 62.8% (기준: 30%)
Warning:  RECT: 비정상 가격 변동 85.8% (2026-04-13) — 스플릿/데이터 오류 가능
Warning:  RENX: Close NaN 비율 47.7% (기준: 30%)
Warning:  RENX: 비정상 가격 변동 531.3% (2023-11-16) — 스플릿/데이터 오류 가능
Warning:  REPL: 비정상 가격 변동 101.3% (2025-07-30) — 스플릿/데이터 오류 가능
Warning:  RGC: 비정상 가격 변동 343.9% (2024-07-23) — 스플릿/데이터 오류 가능
Warning:  RGTI: 비정상 가격 변동 58.0% (2024-11-25) — 스플릿/데이터 오류 가능
Warning:  RIME: 비정상 가격 변동 222.2% (2026-02-13) — 스플릿/데이터 오류 가능
Warning:  RMSG: 비정상 가격 변동 474.5% (2026-04-13) — 스플릿/데이터 오류 가능
Warning:  RNTX: 비정상 가격 변동 115.7% (2023-12-14) — 스플릿/데이터 오류 가능
Warning:  ROLR: Close NaN 비율 69.7% (기준: 30%)
Warning:  ROLR: 비정상 가격 변동 436.6% (2026-01-14) — 스플릿/데이터 오류 가능
Warning:  ROOT: 비정상 가격 변동 68.9% (2024-10-31) — 스플릿/데이터 오류 가능
Warning:  RPGL: Close NaN 비율 89.0% (기준: 30%)
Warning:  RPGL: 비정상 가격 변동 173.9% (2026-01-29) — 스플릿/데이터 오류 가능
Warning:  RR: Close NaN 비율 51.1% (기준: 30%)
Warning:  RR: 비정상 가격 변동 73.9% (2024-08-06) — 스플릿/데이터 오류 가능
Warning:  RRGB: 비정상 가격 변동 62.9% (2025-05-30) — 스플릿/데이터 오류 가능
Warning:  RUBI: Close NaN 비율 85.0% (기준: 30%)
Warning:  RUBI: 비정상 가격 변동 54.2% (2025-11-25) — 스플릿/데이터 오류 가능
Warning:  RXRX: 비정상 가격 변동 78.2% (2023-07-12) — 스플릿/데이터 오류 가능
Warning:  RZLT: 비정상 가격 변동 87.2% (2025-12-11) — 스플릿/데이터 오류 가능
Warning:  RZLV: 비정상 가격 변동 54.5% (2024-12-17) — 스플릿/데이터 오류 가능
Warning:  SAGT: Close NaN 비율 76.9% (기준: 30%)
Warning:  SAIL: Close NaN 비율 75.7% (기준: 30%)
Warning:  SBET: 비정상 가격 변동 433.2% (2025-05-27) — 스플릿/데이터 오류 가능
Warning:  SDA: 비정상 가격 변동 120.9% (2023-05-31) — 스플릿/데이터 오류 가능
Warning:  SDEV: 비정상 가격 변동 102.5% (2026-01-09) — 스플릿/데이터 오류 가능
Warning:  SDST: 비정상 가격 변동 144.7% (2024-07-17) — 스플릿/데이터 오류 가능
Warning:  SEGG: Close NaN 비율 42.5% (기준: 30%)
Warning:  SEGG: 비정상 가격 변동 187.8% (2025-02-06) — 스플릿/데이터 오류 가능
Warning:  SENS: 비정상 가격 변동 80.7% (2025-01-10) — 스플릿/데이터 오류 가능
Warning:  SER: 비정상 가격 변동 93.8% (2026-03-19) — 스플릿/데이터 오류 가능
Warning:  SES: 비정상 가격 변동 100.0% (2024-12-26) — 스플릿/데이터 오류 가능
Warning:  SEV: Close NaN 비율 89.2% (기준: 30%)
Warning:  SEV: 비정상 가격 변동 57.8% (2025-10-23) — 스플릿/데이터 오류 가능
Warning:  SEZL: Close NaN 비율 47.4% (기준: 30%)
Warning:  SEZL: 비정상 가격 변동 80.5% (2023-09-14) — 스플릿/데이터 오류 가능
Warning:  SGHT: 비정상 가격 변동 64.3% (2023-10-26) — 스플릿/데이터 오류 가능
Warning:  SILA: Close NaN 비율 62.4% (기준: 30%)
Warning:  SKBL: Close NaN 비율 76.0% (기준: 30%)
Warning:  SKBL: 비정상 가격 변동 87.6% (2025-07-07) — 스플릿/데이터 오류 가능
Warning:  SKIL: 비정상 가격 변동 50.6% (2024-04-24) — 스플릿/데이터 오류 가능
Warning:  SKK: Close NaN 비율 68.8% (기준: 30%)
Warning:  SKK: 비정상 가격 변동 84.5% (2024-12-26) — 스플릿/데이터 오류 가능
Warning:  SKYQ: Close NaN 비율 68.9% (기준: 30%)
Warning:  SKYQ: 비정상 가격 변동 101.6% (2026-04-02) — 스플릿/데이터 오류 가능
Warning:  SKYX: 비정상 가격 변동 68.6% (2022-07-28) — 스플릿/데이터 오류 가능
Warning:  SLDP: 비정상 가격 변동 51.6% (2025-11-05) — 스플릿/데이터 오류 가능
Warning:  SLNH: 비정상 가격 변동 94.4% (2025-09-22) — 스플릿/데이터 오류 가능
Warning:  SMX: 비정상 가격 변동 402.9% (2025-11-18) — 스플릿/데이터 오류 가능
Warning:  SNBR: 비정상 가격 변동 60.0% (2026-04-08) — 스플릿/데이터 오류 가능
Warning:  SNDK: Close NaN 비율 75.7% (기준: 30%)
Warning:  SNOA: 비정상 가격 변동 72.8% (2025-08-14) — 스플릿/데이터 오류 가능
Warning:  SNTI: 비정상 가격 변동 363.0% (2024-12-02) — 스플릿/데이터 오류 가능
Warning:  SOC: 비정상 가격 변동 56.2% (2025-12-18) — 스플릿/데이터 오류 가능
Warning:  SOUN: 비정상 가격 변동 71.8% (2022-12-30) — 스플릿/데이터 오류 가능
Warning:  SOWG: 비정상 가격 변동 56.8% (2024-11-14) — 스플릿/데이터 오류 가능
Warning:  SPPL: Close NaN 비율 47.4% (기준: 30%)
Warning:  SPPL: 비정상 가격 변동 268.7% (2024-11-04) — 스플릿/데이터 오류 가능
Warning:  SPRC: 비정상 가격 변동 142.9% (2025-09-17) — 스플릿/데이터 오류 가능
Warning:  SPRY: 비정상 가격 변동 77.9% (2023-05-12) — 스플릿/데이터 오류 가능
Warning:  SPWH: 비정상 가격 변동 97.9% (2025-04-02) — 스플릿/데이터 오류 가능
Warning:  SQFT: 비정상 가격 변동 166.1% (2025-07-14) — 스플릿/데이터 오류 가능
Warning:  SQNS: 비정상 가격 변동 113.0% (2024-08-23) — 스플릿/데이터 오류 가능
Warning:  SRFM: Close NaN 비율 44.7% (기준: 30%)
Warning:  SRFM: 비정상 가격 변동 88.5% (2025-06-24) — 스플릿/데이터 오류 가능
Warning:  SST: 비정상 가격 변동 142.3% (2026-03-27) — 스플릿/데이터 오류 가능
Warning:  STAK: Close NaN 비율 76.4% (기준: 30%)
Warning:  STAK: 비정상 가격 변동 149.4% (2026-03-02) — 스플릿/데이터 오류 가능
Warning:  STEM: 비정상 가격 변동 57.2% (2025-01-03) — 스플릿/데이터 오류 가능
Warning:  STEX: 비정상 가격 변동 91.7% (2024-04-08) — 스플릿/데이터 오류 가능
Warning:  STIM: 비정상 가격 변동 58.1% (2024-08-12) — 스플릿/데이터 오류 가능
Warning:  STKE: 비정상 가격 변동 131.4% (2024-10-14) — 스플릿/데이터 오류 가능
Warning:  STSS: 비정상 가격 변동 141.6% (2024-05-28) — 스플릿/데이터 오류 가능
Warning:  STUB: Close NaN 비율 87.5% (기준: 30%)
Warning:  SUIG: 비정상 가격 변동 218.9% (2025-07-25) — 스플릿/데이터 오류 가능
Warning:  SUNE: 비정상 가격 변동 122.2% (2025-03-07) — 스플릿/데이터 오류 가능
Warning:  SUPX: Close NaN 비율 59.2% (기준: 30%)
Warning:  SVCO: Close NaN 비율 60.5% (기준: 30%)
Warning:  SVCO: 비정상 가격 변동 52.4% (2026-03-13) — 스플릿/데이터 오류 가능
Warning:  SXTP: Close NaN 비율 43.9% (기준: 30%)
Warning:  SXTP: 비정상 가격 변동 152.0% (2026-01-22) — 스플릿/데이터 오류 가능
Warning:  TCRX: 비정상 가격 변동 51.1% (2023-05-09) — 스플릿/데이터 오류 가능
Warning:  TDIC: Close NaN 비율 84.4% (기준: 30%)
Warning:  TDIC: 비정상 가격 변동 81.0% (2025-10-10) — 스플릿/데이터 오류 가능
Warning:  TDTH: Close NaN 비율 67.2% (기준: 30%)
Warning:  TDTH: 비정상 가격 변동 61.5% (2025-01-30) — 스플릿/데이터 오류 가능
Warning:  TDUP: 비정상 가격 변동 62.7% (2024-08-06) — 스플릿/데이터 오류 가능
Warning:  TLIH: Close NaN 비율 83.5% (기준: 30%)
Warning:  TLIH: 비정상 가격 변동 75.6% (2025-07-24) — 스플릿/데이터 오류 가능
Warning:  TLRY: 비정상 가격 변동 60.9% (2025-09-29) — 스플릿/데이터 오류 가능
Warning:  TMCI: 비정상 가격 변동 62.5% (2024-05-08) — 스플릿/데이터 오류 가능
Warning:  TMDE: Close NaN 비율 79.3% (기준: 30%)
Warning:  TMDE: 비정상 가격 변동 231.9% (2026-03-02) — 스플릿/데이터 오류 가능
Warning:  TMQ: 비정상 가격 변동 211.0% (2025-10-07) — 스플릿/데이터 오류 가능
Warning:  TNXP: 비정상 가격 변동 120.8% (2024-12-16) — 스플릿/데이터 오류 가능
Warning:  TONX: 비정상 가격 변동 346.9% (2023-09-05) — 스플릿/데이터 오류 가능
Warning:  TORO: Close NaN 비율 36.8% (기준: 30%)
Warning:  TORO: 비정상 가격 변동 72.8% (2026-04-22) — 스플릿/데이터 오류 가능
Warning:  TPST: 비정상 가격 변동 3970.8% (2023-10-11) — 스플릿/데이터 오류 가능
Warning:  TRAW: 비정상 가격 변동 150.4% (2024-12-23) — 스플릿/데이터 오류 가능
Warning:  TRNR: Close NaN 비율 39.9% (기준: 30%)
Warning:  TRNR: 비정상 가격 변동 79.0% (2024-08-12) — 스플릿/데이터 오류 가능
Warning:  TRON: Close NaN 비율 45.8% (기준: 30%)
Warning:  TRON: 비정상 가격 변동 533.8% (2025-06-16) — 스플릿/데이터 오류 가능
Warning:  TRUG: 비정상 가격 변동 64.7% (2024-01-31) — 스플릿/데이터 오류 가능
Warning:  TSSI: 비정상 가격 변동 74.1% (2025-05-16) — 스플릿/데이터 오류 가능
Warning:  TTAN: Close NaN 비율 72.5% (기준: 30%)
Warning:  TURB: Close NaN 비율 47.9% (기준: 30%)
Warning:  TURB: 비정상 가격 변동 359.3% (2025-09-16) — 스플릿/데이터 오류 가능
Warning:  TWG: Close NaN 비율 59.2% (기준: 30%)
Warning:  TWG: 비정상 가격 변동 266.2% (2025-12-08) — 스플릿/데이터 오류 가능
Warning:  UAVS: 비정상 가격 변동 122.4% (2024-11-14) — 스플릿/데이터 오류 가능
Warning:  UBXG: Close NaN 비율 58.2% (기준: 30%)
Warning:  UBXG: 비정상 가격 변동 1316.7% (2024-11-27) — 스플릿/데이터 오류 가능
Warning:  UCAR: Close NaN 비율 39.4% (기준: 30%)
Warning:  UCAR: 비정상 가격 변동 331.9% (2026-04-08) — 스플릿/데이터 오류 가능
Warning:  UGRO: 비정상 가격 변동 417.0% (2026-03-25) — 스플릿/데이터 오류 가능
Warning:  UHG: 비정상 가격 변동 82.6% (2023-03-23) — 스플릿/데이터 오류 가능
Warning:  UONE: 비정상 가격 변동 59.1% (2021-05-20) — 스플릿/데이터 오류 가능
Warning:  UP: 비정상 가격 변동 60.4% (2023-06-22) — 스플릿/데이터 오류 가능
Warning:  UPB: Close NaN 비율 69.0% (기준: 30%)
Warning:  UPST: 비정상 가격 변동 56.4% (2022-05-10) — 스플릿/데이터 오류 가능
Warning:  UPXI: 비정상 가격 변동 330.9% (2025-04-21) — 스플릿/데이터 오류 가능
Warning:  VEEE: 비정상 가격 변동 192.2% (2025-05-08) — 스플릿/데이터 오류 가능
Warning:  VENU: Close NaN 비율 71.7% (기준: 30%)
Warning:  VERI: 비정상 가격 변동 53.7% (2025-10-15) — 스플릿/데이터 오류 가능
Warning:  VIA: Close NaN 비율 87.3% (기준: 30%)
Warning:  VICR: 비정상 가격 변동 57.7% (2023-07-26) — 스플릿/데이터 오류 가능
Warning:  VIVK: 비정상 가격 변동 113.5% (2022-04-27) — 스플릿/데이터 오류 가능
Warning:  VIVO: 비정상 가격 변동 306.9% (2024-04-02) — 스플릿/데이터 오류 가능
Warning:  VMAR: 비정상 가격 변동 156.8% (2025-12-16) — 스플릿/데이터 오류 가능
Warning:  VNCE: 비정상 가격 변동 89.2% (2025-09-11) — 스플릿/데이터 오류 가능
Warning:  VOR: 비정상 가격 변동 74.2% (2025-06-25) — 스플릿/데이터 오류 가능
Warning:  VOYG: Close NaN 비율 82.2% (기준: 30%)
Warning:  VS: 비정상 가격 변동 243.5% (2024-10-16) — 스플릿/데이터 오류 가능
Warning:  VWAV: Close NaN 비율 83.9% (기준: 30%)
Warning:  VWAV: 비정상 가격 변동 368.1% (2025-07-28) — 스플릿/데이터 오류 가능
Warning:  WATT: 비정상 가격 변동 554.3% (2024-12-30) — 스플릿/데이터 오류 가능
Warning:  WBI: Close NaN 비율 87.5% (기준: 30%)
Warning:  WBUY: Close NaN 비율 49.4% (기준: 30%)
Warning:  WBUY: 비정상 가격 변동 132.4% (2025-05-08) — 스플릿/데이터 오류 가능
Warning:  WGS: 비정상 가격 변동 55.2% (2024-04-30) — 스플릿/데이터 오류 가능
Warning:  WHLR: 비정상 가격 변동 301.9% (2024-09-05) — 스플릿/데이터 오류 가능
Warning:  WIMI: 비정상 가격 변동 77.5% (2024-12-27) — 스플릿/데이터 오류 가능
Warning:  WKHS: 비정상 가격 변동 54.9% (2025-07-08) — 스플릿/데이터 오류 가능
Warning:  WLAC: Close NaN 비율 73.3% (기준: 30%)
Warning:  WLDS: 비정상 가격 변동 407.8% (2025-09-10) — 스플릿/데이터 오류 가능
Warning:  WNW: 비정상 가격 변동 97.6% (2025-04-22) — 스플릿/데이터 오류 가능
Warning:  WOLF: Close NaN 비율 88.1% (기준: 30%)
Warning:  WTO: 비정상 가격 변동 223.5% (2023-05-01) — 스플릿/데이터 오류 가능
Warning:  WULF: 비정상 가격 변동 64.2% (2021-06-25) — 스플릿/데이터 오류 가능
Warning:  WVE: 비정상 가격 변동 147.3% (2025-12-08) — 스플릿/데이터 오류 가능
Warning:  WW: Close NaN 비율 83.0% (기준: 30%)
Warning:  WYFI: Close NaN 비율 85.3% (기준: 30%)
Warning:  XTIA: 비정상 가격 변동 128.6% (2023-04-13) — 스플릿/데이터 오류 가능
Warning:  XTLB: 비정상 가격 변동 128.8% (2024-03-20) — 스플릿/데이터 오류 가능
Warning:  XXI: Close NaN 비율 65.7% (기준: 30%)
Warning:  XXI: 비정상 가격 변동 55.4% (2025-04-23) — 스플릿/데이터 오류 가능
Warning:  XXII: 비정상 가격 변동 140.5% (2024-04-05) — 스플릿/데이터 오류 가능
Warning:  YAAS: Close NaN 비율 72.9% (기준: 30%)
Warning:  YAAS: 비정상 가격 변동 149.7% (2026-04-27) — 스플릿/데이터 오류 가능
Warning:  YDDL: Close NaN 비율 88.8% (기준: 30%)
Warning:  YDDL: 비정상 가격 변동 62.9% (2026-04-10) — 스플릿/데이터 오류 가능
Warning:  YOOV: Close NaN 비율 79.3% (기준: 30%)
Warning:  YOOV: 비정상 가격 변동 98.0% (2025-09-04) — 스플릿/데이터 오류 가능
Warning:  ZBIO: Close NaN 비율 67.4% (기준: 30%)
Warning:  ZBIO: 비정상 가격 변동 51.9% (2026-01-05) — 스플릿/데이터 오류 가능
Warning:  ZDAI: Close NaN 비율 64.5% (기준: 30%)
Warning:  ZDAI: 비정상 가격 변동 918.6% (2024-11-26) — 스플릿/데이터 오류 가능
Warning:  ZENA: Close NaN 비율 68.4% (기준: 30%)
Warning:  ZENA: 비정상 가격 변동 258.7% (2024-11-25) — 스플릿/데이터 오류 가능
Warning:  ZVIA: 비정상 가격 변동 51.7% (2025-05-08) — 스플릿/데이터 오류 가능
[[NASDAQ/NYSE 분석]] 강한 섹터: {'Information Technology'}
[OHLCV] 배치 다운로드 1/2 (150개 종목, period=2y)...
[OHLCV] 배치 다운로드 2/2 (81개 종목, period=2y)...
[DataValidator] 35건의 데이터 품질 경고 발생
Warning:  AAOI: 비정상 가격 변동 56.9% (2026-02-27) — 스플릿/데이터 오류 가능
Warning:  AMC: 비정상 가격 변동 78.4% (2024-05-13) — 스플릿/데이터 오류 가능
Warning:  ASST: 비정상 가격 변동 455.7% (2025-05-07) — 스플릿/데이터 오류 가능
Warning:  AVNS: 비정상 가격 변동 69.5% (2026-04-14) — 스플릿/데이터 오류 가능
Warning:  BE: 비정상 가격 변동 59.2% (2024-11-15) — 스플릿/데이터 오류 가능
Warning:  BIRD: 비정상 가격 변동 582.3% (2026-04-15) — 스플릿/데이터 오류 가능
Warning:  BMNR: Close NaN 비율 54.5% (기준: 30%)
Warning:  BMNR: 비정상 가격 변동 694.8% (2025-06-30) — 스플릿/데이터 오류 가능
Warning:  BULL: 비정상 가격 변동 374.7% (2025-04-14) — 스플릿/데이터 오류 가능
Warning:  CRCL: Close NaN 비율 54.5% (기준: 30%)
Warning:  CRML: 비정상 가격 변동 55.4% (2025-10-13) — 스플릿/데이터 오류 가능
Warning:  FIG: Close NaN 비율 62.1% (기준: 30%)
Warning:  FIGR: Close NaN 비율 67.9% (기준: 30%)
Warning:  FRMI: Close NaN 비율 70.7% (기준: 30%)
Warning:  INBX: 비정상 가격 변동 102.0% (2025-10-24) — 스플릿/데이터 오류 가능
Warning:  KLAR: Close NaN 비율 67.9% (기준: 30%)
Warning:  LGN: Close NaN 비율 68.1% (기준: 30%)
Warning:  MXL: 비정상 가격 변동 76.1% (2026-04-24) — 스플릿/데이터 오류 가능
Warning:  OKLO: 비정상 가격 변동 53.6% (2024-05-10) — 스플릿/데이터 오류 가능
Warning:  PBM: 비정상 가격 변동 103.8% (2026-04-16) — 스플릿/데이터 오류 가능
Warning:  Q: Close NaN 비율 74.3% (기준: 30%)
Warning:  QBTS: 비정상 가격 변동 51.2% (2025-05-08) — 스플릿/데이터 오류 가능
Warning:  QUBT: 비정상 가격 변동 92.8% (2024-11-13) — 스플릿/데이터 오류 가능
Warning:  RDW: 비정상 가격 변동 51.4% (2025-01-21) — 스플릿/데이터 오류 가능
Warning:  RGTI: 비정상 가격 변동 58.0% (2024-11-25) — 스플릿/데이터 오류 가능
Warning:  RMSG: 비정상 가격 변동 474.5% (2026-04-13) — 스플릿/데이터 오류 가능
Warning:  SBET: 비정상 가격 변동 433.2% (2025-05-27) — 스플릿/데이터 오류 가능
Warning:  SEZL: 비정상 가격 변동 75.7% (2024-05-09) — 스플릿/데이터 오류 가능
Warning:  SKYQ: 비정상 가격 변동 101.6% (2026-04-02) — 스플릿/데이터 오류 가능
Warning:  SNDK: Close NaN 비율 39.1% (기준: 30%)
Warning:  TLRY: 비정상 가격 변동 60.9% (2025-09-29) — 스플릿/데이터 오류 가능
Warning:  TTAN: Close NaN 비율 30.9% (기준: 30%)
Warning:  UCAR: 비정상 가격 변동 331.9% (2026-04-08) — 스플릿/데이터 오류 가능
Warning:  WOLF: Close NaN 비율 70.3% (기준: 30%)
Warning:  WULF: 비정상 가격 변동 59.5% (2025-08-14) — 스플릿/데이터 오류 가능
[[NASDAQ/NYSE 분석]] Extreme model 'label_low' ROC 0.58, AP 0.49
[[NASDAQ/NYSE 분석]] Extreme model 'label_high' ROC 0.62, AP 0.43
[[NASDAQ/NYSE 분석]] Google Sheets 업데이트 완료 (231개 종목)
[Email] 바닥반등 20개 + 모멘텀 139개 = 총 159개 종목 리스트를 chunghwan14@gmail.com, roykim0311@gmail.com, ssamjungtan@naver.com로 발송 완료

============================================================
[[NASDAQ/NYSE 차트분석]] 이메일 대상 종목 차트 분석 시작
============================================================
[[NASDAQ/NYSE 차트분석]] 차트분석 대상 159개 종목: ['GGB', 'STT', 'COCO', 'EME', 'IRM', 'MCHP', 'TWLO', 'MPWR', 'AEIS', 'GVA', 'HOOD', 'AXTI', 'SRAD', 'ZM', 'HPE', 'SKYQ', 'VECO', 'SITM', 'GKOS', 'DIOD', 'INDV', 'CAT', 'SNEX', 'DOCN', 'AMD', 'SRPT', 'VMI', 'INTC', 'KTOS', 'PLXS', 'KGS', 'BTSG', 'TTMI', 'VICR', 'PWR', 'FCEL', 'MKSI', 'TLRY', 'CAR', 'SNDK', 'RNG', 'POET', 'CC', 'STM', 'LGN', 'ST', 'AESI', 'WULF', 'ERAS', 'STRL', 'POWL', 'ENS', 'HUN', 'FCFS', 'ALGM', 'SEZL', 'GOOGL', 'NXPI', 'DELL', 'AMZN', 'ARW', 'STLD', 'WOLF', 'BMI', 'BIRD', 'BEN', 'VOYA', 'CHTR', 'LBRDK', 'POWI', 'APLE', 'PRIM', 'NUE', 'MOD', 'WFRD', 'AEHR', 'KEEL', 'SGML', 'CRML', 'MTSI', 'AAOI', 'ECG', 'SYNA', 'MUSA', 'SAIA', 'KALV', 'FN', 'VSH', 'SIMO', 'MXL', 'JBL', 'TVTX', 'SEI', 'LWLG', 'ARWR', 'AXSM', 'WDC', 'LFUS', 'NOK', 'SQM', 'CMI', 'FLEX', 'AVGO', 'CSTM', 'ADI', 'ASX', 'UMC', 'BE', 'TFII', 'PODD', 'FLNC', 'LBRT', 'WCC', 'VRT', 'KEYS', 'NVT', 'FIX', 'MU', 'TXN', 'SMTC', 'SANM', 'ELF', 'ACLS', 'CM', 'LCID', 'ON', 'R', 'AVNS', 'CIEN', 'CLS', 'NTLA', 'GLOB', 'ROKU', 'FISV', 'CSGP', 'MTZ', 'DY', 'LITE', 'GNRC', 'IESC', 'TSM', 'LSCC', 'GFS', 'ESI', 'MYRG', 'IBKR', 'RS', 'MTCH', 'GOOG', 'OGN', 'INBX', 'ARE', 'STX', 'MRVL', 'VSAT', 'WING', 'SNX', 'VIAV', 'AGX']
[[NASDAQ/NYSE 차트분석]] 기존 NASDAQ 차트 파일 삭제 중...
[[NASDAQ/NYSE 차트분석]] TradingView 차트 캡처 시작...
[TradingView] NTLA 브라우저 세션 시작...
[TradingView] 1H 캡처 완료 (60)
[TradingView] 4H 캡처 완료 (240)
[TradingView] Daily 캡처 완료 (D)
[TradingView] Weekly 캡처 완료 (W)
[TradingView] Monthly 캡처 완료 (M)
[[NASDAQ/NYSE 차트분석]] NTLA 차트 5개 처리 완료
[TradingView] SRPT 브라우저 세션 시작...
[TradingView] 1H 캡처 완료 (60)
[TradingView] 4H 캡처 완료 (240)
[TradingView] Daily 캡처 완료 (D)
[TradingView] Weekly 캡처 완료 (W)
[TradingView] Monthly 캡처 완료 (M)
[[NASDAQ/NYSE 차트분석]] SRPT 차트 5개 처리 완료
[TradingView] ERAS 브라우저 세션 시작...
[TradingView] 1H 캡처 완료 (60)
[TradingView] 4H 캡처 완료 (240)
[TradingView] Daily 캡처 완료 (D)
[TradingView] Weekly 캡처 완료 (W)
[TradingView] Monthly 캡처 완료 (M)
[[NASDAQ/NYSE 차트분석]] ERAS 차트 5개 처리 완료
[TradingView] CHTR 브라우저 세션 시작...
[TradingView] 1H 캡처 완료 (60)
[TradingView] 4H 캡처 완료 (240)
[TradingView] Daily 캡처 완료 (D)
[TradingView] Weekly 캡처 완료 (W)
[TradingView] Monthly 캡처 완료 (M)
[[NASDAQ/NYSE 차트분석]] CHTR 차트 5개 처리 완료
[TradingView] ARE 브라우저 세션 시작...
[TradingView] 1H 캡처 완료 (60)
[TradingView] 4H 캡처 완료 (240)
[TradingView] Daily 캡처 완료 (D)
[TradingView] Weekly 캡처 완료 (W)
[TradingView] Monthly 캡처 완료 (M)
[[NASDAQ/NYSE 차트분석]] ARE 차트 5개 처리 완료
[TradingView] ELF 브라우저 세션 시작...
[TradingView] 1H 캡처 완료 (60)
[TradingView] 4H 캡처 완료 (240)
[TradingView] Daily 캡처 완료 (D)
[TradingView] Weekly 캡처 완료 (W)
[TradingView] Monthly 캡처 완료 (M)
[[NASDAQ/NYSE 차트분석]] ELF 차트 5개 처리 완료
[TradingView] BMI 브라우저 세션 시작...
[TradingView] 1H 캡처 완료 (60)
[TradingView] 4H 캡처 완료 (240)
[TradingView] Daily 캡처 완료 (D)
[TradingView] Weekly 캡처 완료 (W)
[TradingView] Monthly 캡처 완료 (M)
[[NASDAQ/NYSE 차트분석]] BMI 차트 5개 처리 완료
[TradingView] CSGP 브라우저 세션 시작...
[TradingView] 1H 캡처 완료 (60)
[TradingView] 4H 캡처 완료 (240)
[TradingView] Daily 캡처 완료 (D)
[TradingView] Weekly 캡처 완료 (W)
[TradingView] Monthly 캡처 완료 (M)
[[NASDAQ/NYSE 차트분석]] CSGP 차트 5개 처리 완료
[TradingView] LBRDK 브라우저 세션 시작...
[TradingView] 1H 캡처 완료 (60)
[TradingView] 4H 캡처 완료 (240)
[TradingView] Daily 캡처 완료 (D)
[TradingView] Weekly 캡처 완료 (W)
[TradingView] Monthly 캡처 완료 (M)
[[NASDAQ/NYSE 차트분석]] LBRDK 차트 5개 처리 완료
[TradingView] LCID 브라우저 세션 시작...
[TradingView] 1H 캡처 완료 (60)
[TradingView] 4H 캡처 완료 (240)
[TradingView] Daily 캡처 완료 (D)
[TradingView] Weekly 캡처 완료 (W)
[TradingView] Monthly 캡처 완료 (M)
[[NASDAQ/NYSE 차트분석]] LCID 차트 5개 처리 완료
[TradingView] PODD 브라우저 세션 시작...
[TradingView] 1H 캡처 완료 (60)
[TradingView] 4H 캡처 완료 (240)
[TradingView] Daily 캡처 완료 (D)
[TradingView] Weekly 캡처 완료 (W)
[TradingView] Monthly 캡처 완료 (M)
[[NASDAQ/NYSE 차트분석]] PODD 차트 5개 처리 완료
[TradingView] SRAD 브라우저 세션 시작...
[TradingView] 1H 캡처 완료 (60)
[TradingView] 4H 캡처 완료 (240)
[TradingView] Daily 캡처 완료 (D)
[TradingView] Weekly 캡처 완료 (W)
[TradingView] Monthly 캡처 완료 (M)
[[NASDAQ/NYSE 차트분석]] SRAD 차트 5개 처리 완료
[TradingView] FLNC 브라우저 세션 시작...
[TradingView] 1H 캡처 완료 (60)
[TradingView] 4H 캡처 완료 (240)
[TradingView] Daily 캡처 완료 (D)
[TradingView] Weekly 캡처 완료 (W)
[TradingView] Monthly 캡처 완료 (M)
[[NASDAQ/NYSE 차트분석]] FLNC 차트 5개 처리 완료
[TradingView] WING 브라우저 세션 시작...
[TradingView] 1H 캡처 완료 (60)
[TradingView] 4H 캡처 완료 (240)
[TradingView] Daily 캡처 완료 (D)
[TradingView] Weekly 캡처 완료 (W)
[TradingView] Monthly 캡처 완료 (M)
[[NASDAQ/NYSE 차트분석]] WING 차트 5개 처리 완료
[TradingView] GLOB 브라우저 세션 시작...
[TradingView] 1H 캡처 완료 (60)
[TradingView] 4H 캡처 완료 (240)
[TradingView] Daily 캡처 완료 (D)
[TradingView] Weekly 캡처 완료 (W)
[TradingView] Monthly 캡처 완료 (M)
[[NASDAQ/NYSE 차트분석]] GLOB 차트 5개 처리 완료
[TradingView] HOOD 브라우저 세션 시작...
[TradingView] 1H 캡처 완료 (60)
[TradingView] 4H 캡처 완료 (240)
[TradingView] Daily 캡처 완료 (D)
[TradingView] Weekly 캡처 완료 (W)
[TradingView] Monthly 캡처 완료 (M)
[[NASDAQ/NYSE 차트분석]] HOOD 차트 5개 처리 완료
[TradingView] KTOS 브라우저 세션 시작...
[TradingView] 1H 캡처 완료 (60)
[TradingView] 4H 캡처 완료 (240)
[TradingView] Daily 캡처 완료 (D)
[TradingView] Weekly 캡처 완료 (W)
[TradingView] Monthly 캡처 완료 (M)
[[NASDAQ/NYSE 차트분석]] KTOS 차트 5개 처리 완료
[TradingView] TLRY 브라우저 세션 시작...
[TradingView] 1H 캡처 완료 (60)
[TradingView] 4H 캡처 완료 (240)
[TradingView] Daily 캡처 완료 (D)
[TradingView] Weekly 캡처 완료 (W)
[TradingView] Monthly 캡처 완료 (M)
[[NASDAQ/NYSE 차트분석]] TLRY 차트 5개 처리 완료
[TradingView] FCEL 브라우저 세션 시작...
[TradingView] 1H 캡처 완료 (60)
[TradingView] 4H 캡처 완료 (240)
[TradingView] Daily 캡처 완료 (D)
[TradingView] Weekly 캡처 완료 (W)
[TradingView] Monthly 캡처 완료 (M)
[[NASDAQ/NYSE 차트분석]] FCEL 차트 5개 처리 완료
[TradingView] CAR 브라우저 세션 시작...
[TradingView] 1H 캡처 완료 (60)
[TradingView] 4H 캡처 완료 (240)
[TradingView] Daily 캡처 완료 (D)
[TradingView] Weekly 캡처 완료 (W)
[TradingView] Monthly 캡처 완료 (M)
[[NASDAQ/NYSE 차트분석]] CAR 차트 5개 처리 완료
[TradingView] POWI 브라우저 세션 시작...
[TradingView] 1H 캡처 완료 (60)
[TradingView] 4H 캡처 완료 (240)
[TradingView] Daily 캡처 완료 (D)
[TradingView] Weekly 캡처 완료 (W)
[TradingView] Monthly 캡처 완료 (M)
[[NASDAQ/NYSE 차트분석]] POWI 차트 5개 처리 완료
[TradingView] LBRT 브라우저 세션 시작...
[TradingView] 1H 캡처 완료 (60)
[TradingView] 4H 캡처 완료 (240)
[TradingView] Daily 캡처 완료 (D)
[TradingView] Weekly 캡처 완료 (W)
[TradingView] Monthly 캡처 완료 (M)
[[NASDAQ/NYSE 차트분석]] LBRT 차트 5개 처리 완료
[TradingView] SKYQ 브라우저 세션 시작...
[TradingView] 1H 캡처 완료 (60)
[TradingView] 4H 캡처 완료 (240)
[TradingView] Daily 캡처 완료 (D)
[TradingView] Weekly 캡처 완료 (W)
[TradingView] Monthly 캡처 완료 (M)
[[NASDAQ/NYSE 차트분석]] SKYQ 차트 5개 처리 완료
[TradingView] ACLS 브라우저 세션 시작...
[TradingView] 1H 캡처 완료 (60)
[TradingView] 4H 캡처 완료 (240)
[TradingView] Daily 캡처 완료 (D)
[TradingView] Weekly 캡처 완료 (W)
[TradingView] Monthly 캡처 완료 (M)
[[NASDAQ/NYSE 차트분석]] ACLS 차트 5개 처리 완료
[TradingView] CLS 브라우저 세션 시작...
[TradingView] 1H 캡처 완료 (60)
[TradingView] 4H 캡처 완료 (240)
[TradingView] Daily 캡처 완료 (D)
[TradingView] Weekly 캡처 완료 (W)
[TradingView] Monthly 캡처 완료 (M)
[[NASDAQ/NYSE 차트분석]] CLS 차트 5개 처리 완료
[TradingView] ROKU 브라우저 세션 시작...
[TradingView] 1H 캡처 완료 (60)
[TradingView] 4H 캡처 완료 (240)
[TradingView] Daily 캡처 완료 (D)
[TradingView] Weekly 캡처 완료 (W)
[TradingView] Monthly 캡처 완료 (M)
[[NASDAQ/NYSE 차트분석]] ROKU 차트 5개 처리 완료
[TradingView] AVGO 브라우저 세션 시작...
[TradingView] 1H 캡처 완료 (60)
[TradingView] 4H 캡처 완료 (240)
[TradingView] Daily 캡처 완료 (D)
[TradingView] Weekly 캡처 완료 (W)
[TradingView] Monthly 캡처 완료 (M)
[[NASDAQ/NYSE 차트분석]] AVGO 차트 5개 처리 완료
[TradingView] KEEL 브라우저 세션 시작...
[TradingView] 1H 캡처 완료 (60)
[TradingView] 4H 캡처 완료 (240)
[TradingView] Daily 캡처 완료 (D)
[TradingView] Weekly 캡처 완료 (W)
[TradingView] Monthly 캡처 완료 (M)
[[NASDAQ/NYSE 차트분석]] KEEL 차트 5개 처리 완료
[TradingView] GKOS 브라우저 세션 시작...
[TradingView] 1H 캡처 완료 (60)
[TradingView] 4H 캡처 완료 (240)
[TradingView] Daily 캡처 완료 (D)
[TradingView] Weekly 캡처 완료 (W)
[TradingView] Monthly 캡처 완료 (M)
[[NASDAQ/NYSE 차트분석]] GKOS 차트 5개 처리 완료
[TradingView] LSCC 브라우저 세션 시작...
[TradingView] 1H 캡처 완료 (60)
[TradingView] 4H 캡처 완료 (240)
[TradingView] Daily 캡처 완료 (D)
[TradingView] Weekly 캡처 완료 (W)
[TradingView] Monthly 캡처 완료 (M)
[[NASDAQ/NYSE 차트분석]] LSCC 차트 5개 처리 완료
[TradingView] DELL 브라우저 세션 시작...
[TradingView] 1H 캡처 완료 (60)
[TradingView] 4H 캡처 완료 (240)
[TradingView] Daily 캡처 완료 (D)
[TradingView] Weekly 캡처 완료 (W)
[TradingView] Monthly 캡처 완료 (M)
[[NASDAQ/NYSE 차트분석]] DELL 차트 5개 처리 완료
[TradingView] HPE 브라우저 세션 시작...
[TradingView] 1H 캡처 완료 (60)
[TradingView] 4H 캡처 완료 (240)
[TradingView] Daily 캡처 완료 (D)
[TradingView] Weekly 캡처 완료 (W)
[TradingView] Monthly 캡처 완료 (M)
[[NASDAQ/NYSE 차트분석]] HPE 차트 5개 처리 완료
[TradingView] APLE 브라우저 세션 시작...
[TradingView] 1H 캡처 완료 (60)
[TradingView] 4H 캡처 완료 (240)
[TradingView] Daily 캡처 완료 (D)
[TradingView] Weekly 캡처 완료 (W)
[TradingView] Monthly 캡처 완료 (M)
[[NASDAQ/NYSE 차트분석]] APLE 차트 5개 처리 완료
[TradingView] CSTM 브라우저 세션 시작...
[TradingView] 1H 캡처 완료 (60)
[TradingView] 4H 캡처 완료 (240)
[TradingView] Daily 캡처 완료 (D)
[TradingView] Weekly 캡처 완료 (W)
[TradingView] Monthly 캡처 완료 (M)
[[NASDAQ/NYSE 차트분석]] CSTM 차트 5개 처리 완료
[TradingView] FLEX 브라우저 세션 시작...
[TradingView] 1H 캡처 완료 (60)
[TradingView] 4H 캡처 완료 (240)
[TradingView] Daily 캡처 완료 (D)
[TradingView] Weekly 캡처 완료 (W)
[TradingView] Monthly 캡처 완료 (M)
[[NASDAQ/NYSE 차트분석]] FLEX 차트 5개 처리 완료
[TradingView] MPWR 브라우저 세션 시작...
[TradingView] 1H 캡처 완료 (60)
[TradingView] 4H 캡처 완료 (240)
[TradingView] Daily 캡처 완료 (D)
[TradingView] Weekly 캡처 완료 (W)
[TradingView] Monthly 캡처 완료 (M)
[[NASDAQ/NYSE 차트분석]] MPWR 차트 5개 처리 완료
[TradingView] SEI 브라우저 세션 시작...
[TradingView] 1H 캡처 완료 (60)
[TradingView] 4H 캡처 완료 (240)
[TradingView] Daily 캡처 완료 (D)
[TradingView] Weekly 캡처 완료 (W)
[TradingView] Monthly 캡처 완료 (M)
[[NASDAQ/NYSE 차트분석]] SEI 차트 5개 처리 완료
[TradingView] ARWR 브라우저 세션 시작...
[TradingView] 1H 캡처 완료 (60)
[TradingView] 4H 캡처 완료 (240)
[TradingView] Daily 캡처 완료 (D)
[TradingView] Weekly 캡처 완료 (W)
[TradingView] Monthly 캡처 완료 (M)
[[NASDAQ/NYSE 차트분석]] ARWR 차트 5개 처리 완료
[TradingView] BIRD 브라우저 세션 시작...
[TradingView] 1H 캡처 완료 (60)
[TradingView] 4H 캡처 완료 (240)
[TradingView] Daily 캡처 완료 (D)
[TradingView] Weekly 캡처 완료 (W)
[TradingView] Monthly 캡처 완료 (M)
[[NASDAQ/NYSE 차트분석]] BIRD 차트 5개 처리 완료
[TradingView] GVA 브라우저 세션 시작...
[TradingView] 1H 캡처 완료 (60)
[TradingView] 4H 캡처 완료 (240)
[TradingView] Daily 캡처 완료 (D)
[TradingView] Weekly 캡처 완료 (W)
[TradingView] Monthly 캡처 완료 (M)
[[NASDAQ/NYSE 차트분석]] GVA 차트 5개 처리 완료
[TradingView] SGML 브라우저 세션 시작...
[TradingView] 1H 캡처 완료 (60)
[TradingView] 4H 캡처 완료 (240)
[TradingView] Daily 캡처 완료 (D)
[TradingView] Weekly 캡처 완료 (W)
[TradingView] Monthly 캡처 완료 (M)
[[NASDAQ/NYSE 차트분석]] SGML 차트 5개 처리 완료
[TradingView] ST 브라우저 세션 시작...
[TradingView] 1H 캡처 완료 (60)
[TradingView] 4H 캡처 완료 (240)
[TradingView] Daily 캡처 완료 (D)
[TradingView] Weekly 캡처 완료 (W)
[TradingView] Monthly 캡처 완료 (M)
[[NASDAQ/NYSE 차트분석]] ST 차트 5개 처리 완료
[TradingView] VSAT 브라우저 세션 시작...
[TradingView] 1H 캡처 완료 (60)
[TradingView] 4H 캡처 완료 (240)
[TradingView] Daily 캡처 완료 (D)
[TradingView] Weekly 캡처 완료 (W)
[TradingView] Monthly 캡처 완료 (M)
[[NASDAQ/NYSE 차트분석]] VSAT 차트 5개 처리 완료
[TradingView] WULF 브라우저 세션 시작...
[TradingView] 1H 캡처 완료 (60)
[TradingView] 4H 캡처 완료 (240)
[TradingView] Daily 캡처 완료 (D)
[TradingView] Weekly 캡처 완료 (W)
[TradingView] Monthly 캡처 완료 (M)
[[NASDAQ/NYSE 차트분석]] WULF 차트 5개 처리 완료
[TradingView] IRM 브라우저 세션 시작...
[TradingView] 1H 캡처 완료 (60)
[TradingView] 4H 캡처 완료 (240)
[TradingView] Daily 캡처 완료 (D)
[TradingView] Weekly 캡처 완료 (W)
[TradingView] Monthly 캡처 완료 (M)
[[NASDAQ/NYSE 차트분석]] IRM 차트 5개 처리 완료
[TradingView] MTCH 브라우저 세션 시작...
[TradingView] 1H 캡처 완료 (60)
[TradingView] 4H 캡처 완료 (240)
[TradingView] Daily 캡처 완료 (D)
[TradingView] Weekly 캡처 완료 (W)
[TradingView] Monthly 캡처 완료 (M)
[[NASDAQ/NYSE 차트분석]] MTCH 차트 5개 처리 완료
[TradingView] ADI 브라우저 세션 시작...
[TradingView] 1H 캡처 완료 (60)
[TradingView] 4H 캡처 완료 (240)
[TradingView] Daily 캡처 완료 (D)
[TradingView] Weekly 캡처 완료 (W)
[TradingView] Monthly 캡처 완료 (M)
[[NASDAQ/NYSE 차트분석]] ADI 차트 5개 처리 완료
[TradingView] AEHR 브라우저 세션 시작...
[TradingView] 1H 캡처 완료 (60)
[TradingView] 4H 캡처 완료 (240)
[TradingView] Daily 캡처 완료 (D)
[TradingView] Weekly 캡처 완료 (W)
[TradingView] Monthly 캡처 완료 (M)
[[NASDAQ/NYSE 차트분석]] AEHR 차트 5개 처리 완료
[TradingView] ARW 브라우저 세션 시작...
[TradingView] 1H 캡처 완료 (60)
[TradingView] 4H 캡처 완료 (240)
[TradingView] Daily 캡처 완료 (D)
[TradingView] Weekly 캡처 완료 (W)
[TradingView] Monthly 캡처 완료 (M)
[[NASDAQ/NYSE 차트분석]] ARW 차트 5개 처리 완료
[TradingView] ASX 브라우저 세션 시작...
[TradingView] 1H 캡처 완료 (60)
[TradingView] 4H 캡처 완료 (240)
[TradingView] Daily 캡처 완료 (D)
[TradingView] Weekly 캡처 완료 (W)
[TradingView] Monthly 캡처 완료 (M)
[[NASDAQ/NYSE 차트분석]] ASX 차트 5개 처리 완료
[TradingView] BEN 브라우저 세션 시작...
[TradingView] 1H 캡처 완료 (60)
[TradingView] 4H 캡처 완료 (240)
[TradingView] Daily 캡처 완료 (D)
[TradingView] Weekly 캡처 완료 (W)
[TradingView] Monthly 캡처 완료 (M)
[[NASDAQ/NYSE 차트분석]] BEN 차트 5개 처리 완료
[TradingView] CM 브라우저 세션 시작...
[TradingView] 1H 캡처 완료 (60)
[TradingView] 4H 캡처 완료 (240)
[TradingView] Daily 캡처 완료 (D)
[TradingView] Weekly 캡처 완료 (W)
[TradingView] Monthly 캡처 완료 (M)
[[NASDAQ/NYSE 차트분석]] CM 차트 5개 처리 완료
[TradingView] CMI 브라우저 세션 시작...
[TradingView] 1H 캡처 완료 (60)
[TradingView] 4H 캡처 완료 (240)
[TradingView] Daily 캡처 완료 (D)
[TradingView] Weekly 캡처 완료 (W)
[TradingView] Monthly 캡처 완료 (M)
[[NASDAQ/NYSE 차트분석]] CMI 차트 5개 처리 완료
[TradingView] ENS 브라우저 세션 시작...
[TradingView] 1H 캡처 완료 (60)
[TradingView] 4H 캡처 완료 (240)
[TradingView] Daily 캡처 완료 (D)
[TradingView] Weekly 캡처 완료 (W)
[TradingView] Monthly 캡처 완료 (M)
[[NASDAQ/NYSE 차트분석]] ENS 차트 5개 처리 완료
[TradingView] FCFS 브라우저 세션 시작...
[TradingView] 1H 캡처 완료 (60)
[TradingView] 4H 캡처 완료 (240)
[TradingView] Daily 캡처 완료 (D)
[TradingView] Weekly 캡처 완료 (W)
[TradingView] Monthly 캡처 완료 (M)
[[NASDAQ/NYSE 차트분석]] FCFS 차트 5개 처리 완료
[TradingView] FIX 브라우저 세션 시작...
[TradingView] 1H 캡처 완료 (60)
[TradingView] 4H 캡처 완료 (240)
[TradingView] Daily 캡처 완료 (D)
[TradingView] Weekly 캡처 완료 (W)
[TradingView] Monthly 캡처 완료 (M)
[[NASDAQ/NYSE 차트분석]] FIX 차트 5개 처리 완료
[TradingView] GGB 브라우저 세션 시작...
[TradingView] 1H 캡처 완료 (60)
[TradingView] 4H 캡처 완료 (240)
[TradingView] Daily 캡처 완료 (D)
[TradingView] Weekly 캡처 완료 (W)
[TradingView] Monthly 캡처 완료 (M)
[[NASDAQ/NYSE 차트분석]] GGB 차트 5개 처리 완료
[TradingView] JBL 브라우저 세션 시작...
[TradingView] 1H 캡처 완료 (60)
[TradingView] 4H 캡처 완료 (240)
[TradingView] Daily 캡처 완료 (D)
[TradingView] Weekly 캡처 완료 (W)
[TradingView] Monthly 캡처 완료 (M)
[[NASDAQ/NYSE 차트분석]] JBL 차트 5개 처리 완료
[TradingView] KEYS 브라우저 세션 시작...
[TradingView] 1H 캡처 완료 (60)
[TradingView] 4H 캡처 완료 (240)
[TradingView] Daily 캡처 완료 (D)
[TradingView] Weekly 캡처 완료 (W)
[TradingView] Monthly 캡처 완료 (M)
[[NASDAQ/NYSE 차트분석]] KEYS 차트 5개 처리 완료
[TradingView] MU 브라우저 세션 시작...
[TradingView] 1H 캡처 완료 (60)
[TradingView] 4H 캡처 완료 (240)
[TradingView] Daily 캡처 완료 (D)
[TradingView] Weekly 캡처 완료 (W)
[TradingView] Monthly 캡처 완료 (M)
[[NASDAQ/NYSE 차트분석]] MU 차트 5개 처리 완료
[TradingView] PRIM 브라우저 세션 시작...
[TradingView] 1H 캡처 완료 (60)
[TradingView] 4H 캡처 완료 (240)
[TradingView] Daily 캡처 완료 (D)
[TradingView] Weekly 캡처 완료 (W)
[TradingView] Monthly 캡처 완료 (M)
[[NASDAQ/NYSE 차트분석]] PRIM 차트 5개 처리 완료
[TradingView] R 브라우저 세션 시작...
[TradingView] 1H 캡처 완료 (60)
[TradingView] 4H 캡처 완료 (240)
[TradingView] Daily 캡처 완료 (D)
[TradingView] Weekly 캡처 완료 (W)
[TradingView] Monthly 캡처 완료 (M)
[[NASDAQ/NYSE 차트분석]] R 차트 5개 처리 완료
[TradingView] SITM 브라우저 세션 시작...
[TradingView] 1H 캡처 완료 (60)
[TradingView] 4H 캡처 완료 (240)
[TradingView] Daily 캡처 완료 (D)
[TradingView] Weekly 캡처 완료 (W)
[TradingView] Monthly 캡처 완료 (M)
[[NASDAQ/NYSE 차트분석]] SITM 차트 5개 처리 완료
[TradingView] SNEX 브라우저 세션 시작...
[TradingView] 1H 캡처 완료 (60)
[TradingView] 4H 캡처 완료 (240)
[TradingView] Daily 캡처 완료 (D)
[TradingView] Weekly 캡처 완료 (W)
[TradingView] Monthly 캡처 완료 (M)
[[NASDAQ/NYSE 차트분석]] SNEX 차트 5개 처리 완료
[TradingView] SQM 브라우저 세션 시작...
[TradingView] 1H 캡처 완료 (60)
[TradingView] 4H 캡처 완료 (240)
[TradingView] Daily 캡처 완료 (D)
[TradingView] Weekly 캡처 완료 (W)
[TradingView] Monthly 캡처 완료 (M)
[[NASDAQ/NYSE 차트분석]] SQM 차트 5개 처리 완료
[TradingView] STT 브라우저 세션 시작...
[TradingView] 1H 캡처 완료 (60)
[TradingView] 4H 캡처 완료 (240)
[TradingView] Daily 캡처 완료 (D)
[TradingView] Weekly 캡처 완료 (W)
[TradingView] Monthly 캡처 완료 (M)
[[NASDAQ/NYSE 차트분석]] STT 차트 5개 처리 완료
[TradingView] TFII 브라우저 세션 시작...
[TradingView] 1H 캡처 완료 (60)
[TradingView] 4H 캡처 완료 (240)
[TradingView] Daily 캡처 완료 (D)
[TradingView] Weekly 캡처 완료 (W)
[TradingView] Monthly 캡처 완료 (M)
[[NASDAQ/NYSE 차트분석]] TFII 차트 5개 처리 완료
[TradingView] TTMI 브라우저 세션 시작...
[TradingView] 1H 캡처 완료 (60)
[TradingView] 4H 캡처 완료 (240)
[TradingView] Daily 캡처 완료 (D)
[TradingView] Weekly 캡처 완료 (W)
[TradingView] Monthly 캡처 완료 (M)
[[NASDAQ/NYSE 차트분석]] TTMI 차트 5개 처리 완료
[TradingView] TVTX 브라우저 세션 시작...
[TradingView] 1H 캡처 완료 (60)
[TradingView] 4H 캡처 완료 (240)
[TradingView] Daily 캡처 완료 (D)
[TradingView] Weekly 캡처 완료 (W)
[TradingView] Monthly 캡처 완료 (M)
[[NASDAQ/NYSE 차트분석]] TVTX 차트 5개 처리 완료
[TradingView] UMC 브라우저 세션 시작...
[TradingView] 1H 캡처 완료 (60)
[TradingView] 4H 캡처 완료 (240)
[TradingView] Daily 캡처 완료 (D)
[TradingView] Weekly 캡처 완료 (W)
[TradingView] Monthly 캡처 완료 (M)
[[NASDAQ/NYSE 차트분석]] UMC 차트 5개 처리 완료
[TradingView] VECO 브라우저 세션 시작...
[TradingView] 1H 캡처 완료 (60)
[TradingView] 4H 캡처 완료 (240)
[TradingView] Daily 캡처 완료 (D)
[TradingView] Weekly 캡처 완료 (W)
[TradingView] Monthly 캡처 완료 (M)
[[NASDAQ/NYSE 차트분석]] VECO 차트 5개 처리 완료
[TradingView] VICR 브라우저 세션 시작...
[TradingView] 1H 캡처 완료 (60)
[TradingView] 4H 캡처 완료 (240)
[TradingView] Daily 캡처 완료 (D)
[TradingView] Weekly 캡처 완료 (W)
[TradingView] Monthly 캡처 완료 (M)
[[NASDAQ/NYSE 차트분석]] VICR 차트 5개 처리 완료
[TradingView] VMI 브라우저 세션 시작...
[TradingView] 1H 캡처 완료 (60)
[TradingView] 4H 캡처 완료 (240)
[TradingView] Daily 캡처 완료 (D)
[TradingView] Weekly 캡처 완료 (W)
[TradingView] Monthly 캡처 완료 (M)
[[NASDAQ/NYSE 차트분석]] VMI 차트 5개 처리 완료
[TradingView] CRML 브라우저 세션 시작...
[TradingView] 1H 캡처 완료 (60)
[TradingView] 4H 캡처 완료 (240)
[TradingView] Daily 캡처 완료 (D)
[TradingView] Weekly 캡처 완료 (W)
[TradingView] Monthly 캡처 완료 (M)
[[NASDAQ/NYSE 차트분석]] CRML 차트 5개 처리 완료
[TradingView] POET 브라우저 세션 시작...
[TradingView] 1H 캡처 완료 (60)
[TradingView] 4H 캡처 완료 (240)
[TradingView] Daily 캡처 완료 (D)
[TradingView] Weekly 캡처 완료 (W)
[TradingView] Monthly 캡처 완료 (M)
[[NASDAQ/NYSE 차트분석]] POET 차트 5개 처리 완료
[TradingView] SEZL 브라우저 세션 시작...
[TradingView] 1H 캡처 완료 (60)
[TradingView] 4H 캡처 완료 (240)
[TradingView] Daily 캡처 완료 (D)
[TradingView] Weekly 캡처 완료 (W)
[TradingView] Monthly 캡처 완료 (M)
[[NASDAQ/NYSE 차트분석]] SEZL 차트 5개 처리 완료
[TradingView] SNDK 브라우저 세션 시작...
[TradingView] 1H 캡처 완료 (60)
[TradingView] 4H 캡처 완료 (240)
[TradingView] Daily 캡처 완료 (D)
[TradingView] Weekly 캡처 완료 (W)
[TradingView] Monthly 캡처 완료 (M)
[[NASDAQ/NYSE 차트분석]] SNDK 차트 5개 처리 완료
[TradingView] STLD 브라우저 세션 시작...
[TradingView] 1H 캡처 완료 (60)
[TradingView] 4H 캡처 완료 (240)
[TradingView] Daily 캡처 완료 (D)
[TradingView] Weekly 캡처 완료 (W)
[TradingView] Monthly 캡처 완료 (M)
[[NASDAQ/NYSE 차트분석]] STLD 차트 5개 처리 완료
[TradingView] AMZN 브라우저 세션 시작...
[TradingView] 1H 캡처 완료 (60)
[TradingView] 4H 캡처 완료 (240)
[TradingView] Daily 캡처 완료 (D)
[TradingView] Weekly 캡처 완료 (W)
[TradingView] Monthly 캡처 완료 (M)
[[NASDAQ/NYSE 차트분석]] AMZN 차트 5개 처리 완료
[TradingView] AXSM 브라우저 세션 시작...
[TradingView] 1H 캡처 완료 (60)
[TradingView] 4H 캡처 완료 (240)
[TradingView] Daily 캡처 완료 (D)
[TradingView] Weekly 캡처 완료 (W)
[TradingView] Monthly 캡처 완료 (M)
[[NASDAQ/NYSE 차트분석]] AXSM 차트 5개 처리 완료
[TradingView] CIEN 브라우저 세션 시작...
[TradingView] 1H 캡처 완료 (60)
[TradingView] 4H 캡처 완료 (240)
[TradingView] Daily 캡처 완료 (D)
[TradingView] Weekly 캡처 완료 (W)
[TradingView] Monthly 캡처 완료 (M)
[[NASDAQ/NYSE 차트분석]] CIEN 차트 5개 처리 완료
[TradingView] DOCN 브라우저 세션 시작...
[TradingView] 1H 캡처 완료 (60)
[TradingView] 4H 캡처 완료 (240)
[TradingView] Daily 캡처 완료 (D)
[TradingView] Weekly 캡처 완료 (W)
[TradingView] Monthly 캡처 완료 (M)
[[NASDAQ/NYSE 차트분석]] DOCN 차트 5개 처리 완료
[TradingView] DY 브라우저 세션 시작...
[TradingView] 1H 캡처 완료 (60)
[TradingView] 4H 캡처 완료 (240)
[TradingView] Daily 캡처 완료 (D)
[TradingView] Weekly 캡처 완료 (W)
[TradingView] Monthly 캡처 완료 (M)
[[NASDAQ/NYSE 차트분석]] DY 차트 5개 처리 완료
[TradingView] EME 브라우저 세션 시작...
[TradingView] 1H 캡처 완료 (60)
[TradingView] 4H 캡처 완료 (240)
[TradingView] Daily 캡처 완료 (D)
[TradingView] Weekly 캡처 완료 (W)
[TradingView] Monthly 캡처 완료 (M)
[[NASDAQ/NYSE 차트분석]] EME 차트 5개 처리 완료
[TradingView] HUN 브라우저 세션 시작...
[TradingView] 1H 캡처 완료 (60)
[TradingView] 4H 캡처 완료 (240)
[TradingView] Daily 캡처 완료 (D)
[TradingView] Weekly 캡처 완료 (W)
[TradingView] Monthly 캡처 완료 (M)
[[NASDAQ/NYSE 차트분석]] HUN 차트 5개 처리 완료
[TradingView] LFUS 브라우저 세션 시작...
[TradingView] 1H 캡처 완료 (60)
[TradingView] 4H 캡처 완료 (240)
[TradingView] Daily 캡처 완료 (D)
[TradingView] Weekly 캡처 완료 (W)
[TradingView] Monthly 캡처 완료 (M)
[[NASDAQ/NYSE 차트분석]] LFUS 차트 5개 처리 완료
[TradingView] MKSI 브라우저 세션 시작...
[TradingView] 1H 캡처 완료 (60)
[TradingView] 4H 캡처 완료 (240)
[TradingView] Daily 캡처 완료 (D)
[TradingView] Weekly 캡처 완료 (W)
[TradingView] Monthly 캡처 완료 (M)
[[NASDAQ/NYSE 차트분석]] MKSI 차트 5개 처리 완료
[TradingView] SAIA 브라우저 세션 시작...
[TradingView] 1H 캡처 완료 (60)
[TradingView] 4H 캡처 완료 (240)
[TradingView] Daily 캡처 완료 (D)
[TradingView] Weekly 캡처 완료 (W)
[TradingView] Monthly 캡처 완료 (M)
[[NASDAQ/NYSE 차트분석]] SAIA 차트 5개 처리 완료
[TradingView] SMTC 브라우저 세션 시작...
[TradingView] 1H 캡처 완료 (60)
[TradingView] 4H 캡처 완료 (240)
[TradingView] Daily 캡처 완료 (D)
[TradingView] Weekly 캡처 완료 (W)
[TradingView] Monthly 캡처 완료 (M)
[[NASDAQ/NYSE 차트분석]] SMTC 차트 5개 처리 완료
[TradingView] TSM 브라우저 세션 시작...
[TradingView] 1H 캡처 완료 (60)
[TradingView] 4H 캡처 완료 (240)
[TradingView] Daily 캡처 완료 (D)
[TradingView] Weekly 캡처 완료 (W)
[TradingView] Monthly 캡처 완료 (M)
[[NASDAQ/NYSE 차트분석]] TSM 차트 5개 처리 완료
[TradingView] VIAV 브라우저 세션 시작...
[TradingView] 1H 캡처 완료 (60)
[TradingView] 4H 캡처 완료 (240)
[TradingView] Daily 캡처 완료 (D)
[TradingView] Weekly 캡처 완료 (W)
[TradingView] Monthly 캡처 완료 (M)
[[NASDAQ/NYSE 차트분석]] VIAV 차트 5개 처리 완료
[TradingView] VRT 브라우저 세션 시작...
[TradingView] 1H 캡처 완료 (60)
[TradingView] 4H 캡처 완료 (240)
[TradingView] Daily 캡처 완료 (D)
[TradingView] Weekly 캡처 완료 (W)
[TradingView] Monthly 캡처 완료 (M)
[[NASDAQ/NYSE 차트분석]] VRT 차트 5개 처리 완료
[TradingView] WCC 브라우저 세션 시작...
[TradingView] 1H 캡처 완료 (60)
[TradingView] 4H 캡처 완료 (240)
[TradingView] Daily 캡처 완료 (D)
[TradingView] Weekly 캡처 완료 (W)
[TradingView] Monthly 캡처 완료 (M)
[[NASDAQ/NYSE 차트분석]] WCC 차트 5개 처리 완료
[TradingView] WFRD 브라우저 세션 시작...
[TradingView] 1H 캡처 완료 (60)
[TradingView] 4H 캡처 완료 (240)
[TradingView] Daily 캡처 완료 (D)
[TradingView] Weekly 캡처 완료 (W)
[TradingView] Monthly 캡처 완료 (M)
[[NASDAQ/NYSE 차트분석]] WFRD 차트 5개 처리 완료
[TradingView] AGX 브라우저 세션 시작...
[TradingView] 1H 캡처 완료 (60)
[TradingView] 4H 캡처 완료 (240)
[TradingView] Daily 캡처 완료 (D)
[TradingView] Weekly 캡처 완료 (W)
[TradingView] Monthly 캡처 완료 (M)
[[NASDAQ/NYSE 차트분석]] AGX 차트 5개 처리 완료
[TradingView] MRVL 브라우저 세션 시작...
[TradingView] 1H 캡처 완료 (60)
[TradingView] 4H 캡처 완료 (240)
[TradingView] Daily 캡처 완료 (D)
[TradingView] Weekly 캡처 완료 (W)
[TradingView] Monthly 캡처 완료 (M)
[[NASDAQ/NYSE 차트분석]] MRVL 차트 5개 처리 완료
[TradingView] VOYA 브라우저 세션 시작...
[TradingView] 1H 캡처 완료 (60)
[TradingView] 4H 캡처 완료 (240)
[TradingView] Daily 캡처 완료 (D)
[TradingView] Weekly 캡처 완료 (W)
[TradingView] Monthly 캡처 완료 (M)
[[NASDAQ/NYSE 차트분석]] VOYA 차트 5개 처리 완료
[TradingView] AAOI 브라우저 세션 시작...
[TradingView] 1H 캡처 완료 (60)
[TradingView] 4H 캡처 완료 (240)
[TradingView] Daily 캡처 완료 (D)
[TradingView] Weekly 캡처 완료 (W)
[TradingView] Monthly 캡처 완료 (M)
[[NASDAQ/NYSE 차트분석]] AAOI 차트 5개 처리 완료
[TradingView] AEIS 브라우저 세션 시작...
[TradingView] 1H 캡처 완료 (60)
[TradingView] 4H 캡처 완료 (240)
[TradingView] Daily 캡처 완료 (D)
[TradingView] Weekly 캡처 완료 (W)
[TradingView] Monthly 캡처 완료 (M)
[[NASDAQ/NYSE 차트분석]] AEIS 차트 5개 처리 완료
[TradingView] AESI 브라우저 세션 시작...
[TradingView] 1H 캡처 완료 (60)
[TradingView] 4H 캡처 완료 (240)
[TradingView] Daily 캡처 완료 (D)
[TradingView] Weekly 캡처 완료 (W)
[TradingView] Monthly 캡처 완료 (M)
[[NASDAQ/NYSE 차트분석]] AESI 차트 5개 처리 완료
[TradingView] BTSG 브라우저 세션 시작...
[TradingView] 1H 캡처 완료 (60)
[TradingView] 4H 캡처 완료 (240)
[TradingView] Daily 캡처 완료 (D)
[TradingView] Weekly 캡처 완료 (W)
[TradingView] Monthly 캡처 완료 (M)
[[NASDAQ/NYSE 차트분석]] BTSG 차트 5개 처리 완료
[TradingView] ECG 브라우저 세션 시작...
[TradingView] 1H 캡처 완료 (60)
[TradingView] 4H 캡처 완료 (240)
[TradingView] Daily 캡처 완료 (D)
[TradingView] Weekly 캡처 완료 (W)
[TradingView] Monthly 캡처 완료 (M)
[[NASDAQ/NYSE 차트분석]] ECG 차트 5개 처리 완료
[TradingView] FN 브라우저 세션 시작...
[TradingView] 1H 캡처 완료 (60)
[TradingView] 4H 캡처 완료 (240)
[TradingView] Daily 캡처 완료 (D)
[TradingView] Weekly 캡처 완료 (W)
[TradingView] Monthly 캡처 완료 (M)
[[NASDAQ/NYSE 차트분석]] FN 차트 5개 처리 완료
[TradingView] GFS 브라우저 세션 시작...
[TradingView] 1H 캡처 완료 (60)
[TradingView] 4H 캡처 완료 (240)
[TradingView] Daily 캡처 완료 (D)
[TradingView] Weekly 캡처 완료 (W)
[TradingView] Monthly 캡처 완료 (M)
[[NASDAQ/NYSE 차트분석]] GFS 차트 5개 처리 완료
[TradingView] IBKR 브라우저 세션 시작...
[TradingView] 1H 캡처 완료 (60)
[TradingView] 4H 캡처 완료 (240)
[TradingView] Daily 캡처 완료 (D)
[TradingView] Weekly 캡처 완료 (W)
[TradingView] Monthly 캡처 완료 (M)
[[NASDAQ/NYSE 차트분석]] IBKR 차트 5개 처리 완료
[TradingView] IESC 브라우저 세션 시작...
[TradingView] 1H 캡처 완료 (60)
[TradingView] 4H 캡처 완료 (240)
[TradingView] Daily 캡처 완료 (D)
[TradingView] Weekly 캡처 완료 (W)
[TradingView] Monthly 캡처 완료 (M)
[[NASDAQ/NYSE 차트분석]] IESC 차트 5개 처리 완료
[TradingView] INDV 브라우저 세션 시작...
[TradingView] 1H 캡처 완료 (60)
[TradingView] 4H 캡처 완료 (240)
[TradingView] Daily 캡처 완료 (D)
[TradingView] Weekly 캡처 완료 (W)
[TradingView] Monthly 캡처 완료 (M)
[[NASDAQ/NYSE 차트분석]] INDV 차트 5개 처리 완료
[TradingView] MTSI 브라우저 세션 시작...
[TradingView] 1H 캡처 완료 (60)
[TradingView] 4H 캡처 완료 (240)
[TradingView] Daily 캡처 완료 (D)
[TradingView] Weekly 캡처 완료 (W)
[TradingView] Monthly 캡처 완료 (M)
[[NASDAQ/NYSE 차트분석]] MTSI 차트 5개 처리 완료
[TradingView] OGN 브라우저 세션 시작...
[TradingView] 1H 캡처 완료 (60)
[TradingView] 4H 캡처 완료 (240)
[TradingView] Daily 캡처 완료 (D)
[TradingView] Weekly 캡처 완료 (W)
[TradingView] Monthly 캡처 완료 (M)
[[NASDAQ/NYSE 차트분석]] OGN 차트 5개 처리 완료
[TradingView] SYNA 브라우저 세션 시작...
[TradingView] 1H 캡처 완료 (60)
[TradingView] 4H 캡처 완료 (240)
[TradingView] Daily 캡처 완료 (D)
[TradingView] Weekly 캡처 완료 (W)
[TradingView] Monthly 캡처 완료 (M)
[[NASDAQ/NYSE 차트분석]] SYNA 차트 5개 처리 완료
[TradingView] WDC 브라우저 세션 시작...
[TradingView] 1H 캡처 완료 (60)
[TradingView] 4H 캡처 완료 (240)
[TradingView] Daily 캡처 완료 (D)
[TradingView] Weekly 캡처 완료 (W)
[TradingView] Monthly 캡처 완료 (M)
[[NASDAQ/NYSE 차트분석]] WDC 차트 5개 처리 완료
[TradingView] AXTI 브라우저 세션 시작...
[TradingView] 1H 캡처 완료 (60)
[TradingView] 4H 캡처 완료 (240)
[TradingView] Daily 캡처 완료 (D)
[TradingView] Weekly 캡처 완료 (W)
[TradingView] Monthly 캡처 완료 (M)
[[NASDAQ/NYSE 차트분석]] AXTI 차트 5개 처리 완료
[TradingView] LWLG 브라우저 세션 시작...
[TradingView] 1H 캡처 완료 (60)
[TradingView] 4H 캡처 완료 (240)
[TradingView] Daily 캡처 완료 (D)
[TradingView] Weekly 캡처 완료 (W)
[TradingView] Monthly 캡처 완료 (M)
[[NASDAQ/NYSE 차트분석]] LWLG 차트 5개 처리 완료
[TradingView] ZM 브라우저 세션 시작...
[TradingView] 1H 캡처 완료 (60)
[TradingView] 4H 캡처 완료 (240)
[TradingView] Daily 캡처 완료 (D)
[TradingView] Weekly 캡처 완료 (W)
[TradingView] Monthly 캡처 완료 (M)
[[NASDAQ/NYSE 차트분석]] ZM 차트 5개 처리 완료
[TradingView] AMD 브라우저 세션 시작...
[TradingView] 1H 캡처 완료 (60)
[TradingView] 4H 캡처 완료 (240)
[TradingView] Daily 캡처 완료 (D)
[TradingView] Weekly 캡처 완료 (W)
[TradingView] Monthly 캡처 완료 (M)
[[NASDAQ/NYSE 차트분석]] AMD 차트 5개 처리 완료
[TradingView] AVNS 브라우저 세션 시작...
[TradingView] 1H 캡처 완료 (60)
[TradingView] 4H 캡처 완료 (240)
[TradingView] Daily 캡처 완료 (D)
[TradingView] Weekly 캡처 완료 (W)
[TradingView] Monthly 캡처 완료 (M)
[[NASDAQ/NYSE 차트분석]] AVNS 차트 5개 처리 완료
[TradingView] DIOD 브라우저 세션 시작...
[TradingView] 1H 캡처 완료 (60)
[TradingView] 4H 캡처 완료 (240)
[TradingView] Daily 캡처 완료 (D)
[TradingView] Weekly 캡처 완료 (W)
[TradingView] Monthly 캡처 완료 (M)
[[NASDAQ/NYSE 차트분석]] DIOD 차트 5개 처리 완료
[TradingView] ESI 브라우저 세션 시작...
[TradingView] 1H 캡처 완료 (60)
[TradingView] 4H 캡처 완료 (240)
[TradingView] Daily 캡처 완료 (D)
[TradingView] Weekly 캡처 완료 (W)
[TradingView] Monthly 캡처 완료 (M)
[[NASDAQ/NYSE 차트분석]] ESI 차트 5개 처리 완료
[TradingView] INBX 브라우저 세션 시작...
[TradingView] 1H 캡처 완료 (60)
[TradingView] 4H 캡처 완료 (240)
[TradingView] Daily 캡처 완료 (D)
[TradingView] Weekly 캡처 완료 (W)
[TradingView] Monthly 캡처 완료 (M)
[[NASDAQ/NYSE 차트분석]] INBX 차트 5개 처리 완료
[TradingView] MCHP 브라우저 세션 시작...
[TradingView] 1H 캡처 완료 (60)
[TradingView] 4H 캡처 완료 (240)
[TradingView] Daily 캡처 완료 (D)
[TradingView] Weekly 캡처 완료 (W)
[TradingView] Monthly 캡처 완료 (M)
[[NASDAQ/NYSE 차트분석]] MCHP 차트 5개 처리 완료
[TradingView] MOD 브라우저 세션 시작...
[TradingView] 1H 캡처 완료 (60)
[TradingView] 4H 캡처 완료 (240)
[TradingView] Daily 캡처 완료 (D)
[TradingView] Weekly 캡처 완료 (W)
[TradingView] Monthly 캡처 완료 (M)
[[NASDAQ/NYSE 차트분석]] MOD 차트 5개 처리 완료
[TradingView] NUE 브라우저 세션 시작...
[TradingView] 1H 캡처 완료 (60)
[TradingView] 4H 캡처 완료 (240)
[TradingView] Daily 캡처 완료 (D)
[TradingView] Weekly 캡처 완료 (W)
[TradingView] Monthly 캡처 완료 (M)
[[NASDAQ/NYSE 차트분석]] NUE 차트 5개 처리 완료
[TradingView] POWL 브라우저 세션 시작...
[TradingView] 1H 캡처 완료 (60)
[TradingView] 4H 캡처 완료 (240)
[TradingView] Daily 캡처 완료 (D)
[TradingView] Weekly 캡처 완료 (W)
[TradingView] Monthly 캡처 완료 (M)
[[NASDAQ/NYSE 차트분석]] POWL 차트 5개 처리 완료
[TradingView] RNG 브라우저 세션 시작...
[TradingView] 1H 캡처 완료 (60)
[TradingView] 4H 캡처 완료 (240)
[TradingView] Daily 캡처 완료 (D)
[TradingView] Weekly 캡처 완료 (W)
[TradingView] Monthly 캡처 완료 (M)
[[NASDAQ/NYSE 차트분석]] RNG 차트 5개 처리 완료
[TradingView] RS 브라우저 세션 시작...
[TradingView] 1H 캡처 완료 (60)
[TradingView] 4H 캡처 완료 (240)
[TradingView] Daily 캡처 완료 (D)
[TradingView] Weekly 캡처 완료 (W)
[TradingView] Monthly 캡처 완료 (M)
[[NASDAQ/NYSE 차트분석]] RS 차트 5개 처리 완료
[TradingView] SNX 브라우저 세션 시작...
[TradingView] 1H 캡처 완료 (60)
[TradingView] 4H 캡처 완료 (240)
[TradingView] Daily 캡처 완료 (D)
[TradingView] Weekly 캡처 완료 (W)
[TradingView] Monthly 캡처 완료 (M)
[[NASDAQ/NYSE 차트분석]] SNX 차트 5개 처리 완료
[TradingView] STRL 브라우저 세션 시작...
[TradingView] 1H 캡처 완료 (60)
[TradingView] 4H 캡처 완료 (240)
[TradingView] Daily 캡처 완료 (D)
[TradingView] Weekly 캡처 완료 (W)
[TradingView] Monthly 캡처 완료 (M)
[[NASDAQ/NYSE 차트분석]] STRL 차트 5개 처리 완료
[TradingView] TXN 브라우저 세션 시작...
[TradingView] 1H 캡처 완료 (60)
[TradingView] 4H 캡처 완료 (240)
[TradingView] Daily 캡처 완료 (D)
[TradingView] Weekly 캡처 완료 (W)
[TradingView] Monthly 캡처 완료 (M)
[[NASDAQ/NYSE 차트분석]] TXN 차트 5개 처리 완료
[TradingView] VSH 브라우저 세션 시작...
[TradingView] 1H 캡처 완료 (60)
[TradingView] 4H 캡처 완료 (240)
[TradingView] Daily 캡처 완료 (D)
[TradingView] Weekly 캡처 완료 (W)
[TradingView] Monthly 캡처 완료 (M)
[[NASDAQ/NYSE 차트분석]] VSH 차트 5개 처리 완료
[TradingView] ALGM 브라우저 세션 시작...
[TradingView] 1H 캡처 완료 (60)
[TradingView] 4H 캡처 완료 (240)
[TradingView] Daily 캡처 완료 (D)
[TradingView] Weekly 캡처 완료 (W)
[TradingView] Monthly 캡처 완료 (M)
[[NASDAQ/NYSE 차트분석]] ALGM 차트 5개 처리 완료
[TradingView] GOOG 브라우저 세션 시작...
[TradingView] 1H 캡처 완료 (60)
[TradingView] 4H 캡처 완료 (240)
[TradingView] Daily 캡처 완료 (D)
[TradingView] Weekly 캡처 완료 (W)
[TradingView] Monthly 캡처 완료 (M)
[[NASDAQ/NYSE 차트분석]] GOOG 차트 5개 처리 완료
[TradingView] KGS 브라우저 세션 시작...
[TradingView] 1H 캡처 완료 (60)
[TradingView] 4H 캡처 완료 (240)
[TradingView] Daily 캡처 완료 (D)
[TradingView] Weekly 캡처 완료 (W)
[TradingView] Monthly 캡처 완료 (M)
[[NASDAQ/NYSE 차트분석]] KGS 차트 5개 처리 완료
[TradingView] MTZ 브라우저 세션 시작...
[TradingView] 1H 캡처 완료 (60)
[TradingView] 4H 캡처 완료 (240)
[TradingView] Daily 캡처 완료 (D)
[TradingView] Weekly 캡처 완료 (W)
[TradingView] Monthly 캡처 완료 (M)
[[NASDAQ/NYSE 차트분석]] MTZ 차트 5개 처리 완료
[TradingView] ON 브라우저 세션 시작...
[TradingView] 1H 캡처 완료 (60)
[TradingView] 4H 캡처 완료 (240)
[TradingView] Daily 캡처 완료 (D)
[TradingView] Weekly 캡처 완료 (W)
[TradingView] Monthly 캡처 완료 (M)
[[NASDAQ/NYSE 차트분석]] ON 차트 5개 처리 완료
[TradingView] PWR 브라우저 세션 시작...
[TradingView] 1H 캡처 완료 (60)
[TradingView] 4H 캡처 완료 (240)
[TradingView] Daily 캡처 완료 (D)
[TradingView] Weekly 캡처 완료 (W)
[TradingView] Monthly 캡처 완료 (M)
[[NASDAQ/NYSE 차트분석]] PWR 차트 5개 처리 완료
[TradingView] WOLF 브라우저 세션 시작...
[TradingView] 1H 캡처 완료 (60)
[TradingView] 4H 캡처 완료 (240)
[TradingView] Daily 캡처 완료 (D)
[TradingView] Weekly 캡처 완료 (W)
[TradingView] Monthly 캡처 완료 (M)
[[NASDAQ/NYSE 차트분석]] WOLF 차트 5개 처리 완료
[TradingView] COCO 브라우저 세션 시작...
[TradingView] 1H 캡처 완료 (60)
[TradingView] 4H 캡처 완료 (240)
[TradingView] Daily 캡처 완료 (D)
[TradingView] Weekly 캡처 완료 (W)
[TradingView] Monthly 캡처 완료 (M)
[[NASDAQ/NYSE 차트분석]] COCO 차트 5개 처리 완료
[TradingView] KALV 브라우저 세션 시작...
[TradingView] 1H 캡처 완료 (60)
[TradingView] 4H 캡처 완료 (240)
[TradingView] Daily 캡처 완료 (D)
[TradingView] Weekly 캡처 완료 (W)
[TradingView] Monthly 캡처 완료 (M)
[[NASDAQ/NYSE 차트분석]] KALV 차트 5개 처리 완료
[TradingView] LITE 브라우저 세션 시작...
[TradingView] 1H 캡처 완료 (60)
[TradingView] 4H 캡처 완료 (240)
[TradingView] Daily 캡처 완료 (D)
[TradingView] Weekly 캡처 완료 (W)
[TradingView] Monthly 캡처 완료 (M)
[[NASDAQ/NYSE 차트분석]] LITE 차트 5개 처리 완료
[TradingView] MXL 브라우저 세션 시작...
[TradingView] 1H 캡처 완료 (60)
[TradingView] 4H 캡처 완료 (240)
[TradingView] Daily 캡처 완료 (D)
[TradingView] Weekly 캡처 완료 (W)
[TradingView] Monthly 캡처 완료 (M)
[[NASDAQ/NYSE 차트분석]] MXL 차트 5개 처리 완료
[TradingView] BE 브라우저 세션 시작...
[TradingView] 1H 캡처 완료 (60)
[TradingView] 4H 캡처 완료 (240)
[TradingView] Daily 캡처 완료 (D)
[TradingView] Weekly 캡처 완료 (W)
[TradingView] Monthly 캡처 완료 (M)
[[NASDAQ/NYSE 차트분석]] BE 차트 5개 처리 완료
[TradingView] CAT 브라우저 세션 시작...
[TradingView] 1H 캡처 완료 (60)
[TradingView] 4H 캡처 완료 (240)
[TradingView] Daily 캡처 완료 (D)
[TradingView] Weekly 캡처 완료 (W)
[TradingView] Monthly 캡처 완료 (M)
[[NASDAQ/NYSE 차트분석]] CAT 차트 5개 처리 완료
[TradingView] CC 브라우저 세션 시작...
[TradingView] 1H 캡처 완료 (60)
[TradingView] 4H 캡처 완료 (240)
[TradingView] Daily 캡처 완료 (D)
[TradingView] Weekly 캡처 완료 (W)
[TradingView] Monthly 캡처 완료 (M)
[[NASDAQ/NYSE 차트분석]] CC 차트 5개 처리 완료
[TradingView] GOOGL 브라우저 세션 시작...
[TradingView] 1H 캡처 완료 (60)
[TradingView] 4H 캡처 완료 (240)
[TradingView] Daily 캡처 완료 (D)
[TradingView] Weekly 캡처 완료 (W)
[TradingView] Monthly 캡처 완료 (M)
[[NASDAQ/NYSE 차트분석]] GOOGL 차트 5개 처리 완료
[TradingView] NOK 브라우저 세션 시작...
[TradingView] 1H 캡처 완료 (60)
[TradingView] 4H 캡처 완료 (240)
[TradingView] Daily 캡처 완료 (D)
[TradingView] Weekly 캡처 완료 (W)
[TradingView] Monthly 캡처 완료 (M)
[[NASDAQ/NYSE 차트분석]] NOK 차트 5개 처리 완료
[TradingView] NVT 브라우저 세션 시작...
[TradingView] 1H 캡처 완료 (60)
[TradingView] 4H 캡처 완료 (240)
[TradingView] Daily 캡처 완료 (D)
[TradingView] Weekly 캡처 완료 (W)
[TradingView] Monthly 캡처 완료 (M)
[[NASDAQ/NYSE 차트분석]] NVT 차트 5개 처리 완료
[TradingView] SANM 브라우저 세션 시작...
[TradingView] 1H 캡처 완료 (60)
[TradingView] 4H 캡처 완료 (240)
[TradingView] Daily 캡처 완료 (D)
[TradingView] Weekly 캡처 완료 (W)
[TradingView] Monthly 캡처 완료 (M)
[[NASDAQ/NYSE 차트분석]] SANM 차트 5개 처리 완료
[TradingView] SIMO 브라우저 세션 시작...
[TradingView] 1H 캡처 완료 (60)
[TradingView] 4H 캡처 완료 (240)
[TradingView] Daily 캡처 완료 (D)
[TradingView] Weekly 캡처 완료 (W)
[TradingView] Monthly 캡처 완료 (M)
[[NASDAQ/NYSE 차트분석]] SIMO 차트 5개 처리 완료
[TradingView] STM 브라우저 세션 시작...
[TradingView] 1H 캡처 완료 (60)
[TradingView] 4H 캡처 완료 (240)
[TradingView] Daily 캡처 완료 (D)
[TradingView] Weekly 캡처 완료 (W)
[TradingView] Monthly 캡처 완료 (M)
[[NASDAQ/NYSE 차트분석]] STM 차트 5개 처리 완료
[TradingView] STX 브라우저 세션 시작...
[TradingView] 1H 캡처 완료 (60)
[TradingView] 4H 캡처 완료 (240)
[TradingView] Daily 캡처 완료 (D)
[TradingView] Weekly 캡처 완료 (W)
[TradingView] Monthly 캡처 완료 (M)
[[NASDAQ/NYSE 차트분석]] STX 차트 5개 처리 완료
[TradingView] GNRC 브라우저 세션 시작...
[TradingView] 1H 캡처 완료 (60)
[TradingView] 4H 캡처 완료 (240)
[TradingView] Daily 캡처 완료 (D)
[TradingView] Weekly 캡처 완료 (W)
[TradingView] Monthly 캡처 완료 (M)
[[NASDAQ/NYSE 차트분석]] GNRC 차트 5개 처리 완료
[TradingView] INTC 브라우저 세션 시작...
[TradingView] 1H 캡처 완료 (60)
[TradingView] 4H 캡처 완료 (240)
[TradingView] Daily 캡처 완료 (D)
[TradingView] Weekly 캡처 완료 (W)
[TradingView] Monthly 캡처 완료 (M)
[[NASDAQ/NYSE 차트분석]] INTC 차트 5개 처리 완료
[TradingView] MUSA 브라우저 세션 시작...
[TradingView] 1H 캡처 완료 (60)
[TradingView] 4H 캡처 완료 (240)
[TradingView] Daily 캡처 완료 (D)
[TradingView] Weekly 캡처 완료 (W)
[TradingView] Monthly 캡처 완료 (M)
[[NASDAQ/NYSE 차트분석]] MUSA 차트 5개 처리 완료
[TradingView] MYRG 브라우저 세션 시작...
[TradingView] 1H 캡처 완료 (60)
[TradingView] 4H 캡처 완료 (240)
[TradingView] Daily 캡처 완료 (D)
[TradingView] Weekly 캡처 완료 (W)
[TradingView] Monthly 캡처 완료 (M)
[[NASDAQ/NYSE 차트분석]] MYRG 차트 5개 처리 완료
[TradingView] NXPI 브라우저 세션 시작...
[TradingView] 1H 캡처 완료 (60)
[TradingView] 4H 캡처 완료 (240)
[TradingView] Daily 캡처 완료 (D)
[TradingView] Weekly 캡처 완료 (W)
[TradingView] Monthly 캡처 완료 (M)
[[NASDAQ/NYSE 차트분석]] NXPI 차트 5개 처리 완료
[TradingView] PLXS 브라우저 세션 시작...
[TradingView] 1H 캡처 완료 (60)
[TradingView] 4H 캡처 완료 (240)
[TradingView] Daily 캡처 완료 (D)
[TradingView] Weekly 캡처 완료 (W)
[TradingView] Monthly 캡처 완료 (M)
[[NASDAQ/NYSE 차트분석]] PLXS 차트 5개 처리 완료
[TradingView] TWLO 브라우저 세션 시작...
[TradingView] 1H 캡처 완료 (60)
[TradingView] 4H 캡처 완료 (240)
[TradingView] Daily 캡처 완료 (D)
[TradingView] Weekly 캡처 완료 (W)
[TradingView] Monthly 캡처 완료 (M)
[[NASDAQ/NYSE 차트분석]] TWLO 차트 5개 처리 완료
[TradingView] FISV 브라우저 세션 시작...
[TradingView] 1H 캡처 완료 (60)
[TradingView] 4H 캡처 완료 (240)
[TradingView] Daily 캡처 완료 (D)
[TradingView] Weekly 캡처 완료 (W)
[TradingView] Monthly 캡처 완료 (M)
[[NASDAQ/NYSE 차트분석]] FISV 차트 5개 처리 완료
[TradingView] LGN 브라우저 세션 시작...
[TradingView] 1H 캡처 완료 (60)
[TradingView] 4H 캡처 완료 (240)
[TradingView] Daily 캡처 완료 (D)
[TradingView] Weekly 캡처 완료 (W)
[TradingView] Monthly 캡처 완료 (M)
[[NASDAQ/NYSE 차트분석]] LGN 차트 5개 처리 완료
[[NASDAQ/NYSE 차트분석]] 차트 캡처 완료
[[NASDAQ/NYSE 차트분석]] GitHub에 차트 이미지 푸시 중...
[main b5c5f22] Update NASDAQ/NYSE chart screenshots 1777793211
 1532 files changed, 0 insertions(+), 0 deletions(-)
 delete mode 100644 charts/screenshots_nasdaq/AAOI/AAOI_1H_20260502_062804.png
 create mode 100644 charts/screenshots_nasdaq/AAOI/AAOI_1H_20260503_065404.png
 delete mode 100644 charts/screenshots_nasdaq/AAOI/AAOI_4H_20260502_062804.png
 create mode 100644 charts/screenshots_nasdaq/AAOI/AAOI_4H_20260503_065404.png
 delete mode 100644 charts/screenshots_nasdaq/AAOI/AAOI_Daily_20260502_062804.png
 create mode 100644 charts/screenshots_nasdaq/AAOI/AAOI_Daily_20260503_065404.png
 delete mode 100644 charts/screenshots_nasdaq/AAOI/AAOI_Monthly_20260502_062804.png
 create mode 100644 charts/screenshots_nasdaq/AAOI/AAOI_Monthly_20260503_065404.png
 delete mode 100644 charts/screenshots_nasdaq/AAOI/AAOI_Weekly_20260502_062804.png
 create mode 100644 charts/screenshots_nasdaq/AAOI/AAOI_Weekly_20260503_065404.png
 delete mode 100644 charts/screenshots_nasdaq/ACLS/ACLS_1H_20260502_054936.png
 create mode 100644 charts/screenshots_nasdaq/ACLS/ACLS_1H_20260503_061501.png
 delete mode 100644 charts/screenshots_nasdaq/ACLS/ACLS_4H_20260502_054936.png
 create mode 100644 charts/screenshots_nasdaq/ACLS/ACLS_4H_20260503_061501.png
 delete mode 100644 charts/screenshots_nasdaq/ACLS/ACLS_Daily_20260502_054936.png
 create mode 100644 charts/screenshots_nasdaq/ACLS/ACLS_Daily_20260503_061501.png
 delete mode 100644 charts/screenshots_nasdaq/ACLS/ACLS_Monthly_20260502_054936.png
 create mode 100644 charts/screenshots_nasdaq/ACLS/ACLS_Monthly_20260503_061501.png
 delete mode 100644 charts/screenshots_nasdaq/ACLS/ACLS_Weekly_20260502_054936.png
 create mode 100644 charts/screenshots_nasdaq/ACLS/ACLS_Weekly_20260503_061501.png
 rename charts/screenshots_nasdaq/ADI/{ADI_1H_20260502_060138.png => ADI_1H_20260503_062723.png} (51%)
 delete mode 100644 charts/screenshots_nasdaq/ADI/ADI_4H_20260502_060138.png
 create mode 100644 charts/screenshots_nasdaq/ADI/ADI_4H_20260503_062723.png
 delete mode 100644 charts/screenshots_nasdaq/ADI/ADI_Daily_20260502_060138.png
 create mode 100644 charts/screenshots_nasdaq/ADI/ADI_Daily_20260503_062723.png
 delete mode 100644 charts/screenshots_nasdaq/ADI/ADI_Monthly_20260502_060138.png
 create mode 100644 charts/screenshots_nasdaq/ADI/ADI_Monthly_20260503_062723.png
 delete mode 100644 charts/screenshots_nasdaq/ADI/ADI_Weekly_20260502_060138.png
 create mode 100644 charts/screenshots_nasdaq/ADI/ADI_Weekly_20260503_062723.png
 delete mode 100644 charts/screenshots_nasdaq/AEHR/AEHR_1H_20260502_060209.png
 create mode 100644 charts/screenshots_nasdaq/AEHR/AEHR_1H_20260503_062754.png
 delete mode 100644 charts/screenshots_nasdaq/AEHR/AEHR_4H_20260502_060209.png
 create mode 100644 charts/screenshots_nasdaq/AEHR/AEHR_4H_20260503_062754.png
 rename charts/screenshots_nasdaq/AEHR/{AEHR_Daily_20260502_060209.png => AEHR_Daily_20260503_062754.png} (100%)
 delete mode 100644 charts/screenshots_nasdaq/AEHR/AEHR_Monthly_20260502_060209.png
 create mode 100644 charts/screenshots_nasdaq/AEHR/AEHR_Monthly_20260503_062754.png
 rename charts/screenshots_nasdaq/AEHR/{AEHR_Weekly_20260502_060209.png => AEHR_Weekly_20260503_062754.png} (100%)
 delete mode 100644 charts/screenshots_nasdaq/AEIS/AEIS_1H_20260502_062835.png
 create mode 100644 charts/screenshots_nasdaq/AEIS/AEIS_1H_20260503_065434.png
 delete mode 100644 charts/screenshots_nasdaq/AEIS/AEIS_4H_20260502_062835.png
 create mode 100644 charts/screenshots_nasdaq/AEIS/AEIS_4H_20260503_065434.png
 delete mode 100644 charts/screenshots_nasdaq/AEIS/AEIS_Daily_20260502_062835.png
 create mode 100644 charts/screenshots_nasdaq/AEIS/AEIS_Daily_20260503_065434.png
 delete mode 100644 charts/screenshots_nasdaq/AEIS/AEIS_Monthly_20260502_062835.png
 create mode 100644 charts/screenshots_nasdaq/AEIS/AEIS_Monthly_20260503_065434.png
 delete mode 100644 charts/screenshots_nasdaq/AEIS/AEIS_Weekly_20260502_062835.png
 create mode 100644 charts/screenshots_nasdaq/AEIS/AEIS_Weekly_20260503_065434.png
 delete mode 100644 charts/screenshots_nasdaq/AESI/AESI_1H_20260502_062906.png
 create mode 100644 charts/screenshots_nasdaq/AESI/AESI_1H_20260503_065505.png
 delete mode 100644 charts/screenshots_nasdaq/AESI/AESI_4H_20260502_062906.png
 create mode 100644 charts/screenshots_nasdaq/AESI/AESI_4H_20260503_065505.png
 delete mode 100644 charts/screenshots_nasdaq/AESI/AESI_Daily_20260502_062906.png
 create mode 100644 charts/screenshots_nasdaq/AESI/AESI_Daily_20260503_065505.png
 delete mode 100644 charts/screenshots_nasdaq/AESI/AESI_Monthly_20260502_062906.png
 create mode 100644 charts/screenshots_nasdaq/AESI/AESI_Monthly_20260503_065505.png
 delete mode 100644 charts/screenshots_nasdaq/AESI/AESI_Weekly_20260502_062906.png
 create mode 100644 charts/screenshots_nasdaq/AESI/AESI_Weekly_20260503_065505.png
 delete mode 100644 charts/screenshots_nasdaq/AGX/AGX_1H_20260502_062631.png
 create mode 100644 charts/screenshots_nasdaq/AGX/AGX_1H_20260503_065229.png
 delete mode 100644 charts/screenshots_nasdaq/AGX/AGX_4H_20260502_062631.png
 create mode 100644 charts/screenshots_nasdaq/AGX/AGX_4H_20260503_065229.png
 delete mode 100644 charts/screenshots_nasdaq/AGX/AGX_Daily_20260502_062631.png
 create mode 100644 charts/screenshots_nasdaq/AGX/AGX_Daily_20260503_065229.png
 delete mode 100644 charts/screenshots_nasdaq/AGX/AGX_Monthly_20260502_062631.png
 create mode 100644 charts/screenshots_nasdaq/AGX/AGX_Monthly_20260503_065229.png
 delete mode 100644 charts/screenshots_nasdaq/AGX/AGX_Weekly_20260502_062631.png
 create mode 100644 charts/screenshots_nasdaq/AGX/AGX_Weekly_20260503_065229.png
 delete mode 100644 charts/screenshots_nasdaq/ALGM/ALGM_1H_20260502_064446.png
 create mode 100644 charts/screenshots_nasdaq/ALGM/ALGM_1H_20260503_071038.png
 delete mode 100644 charts/screenshots_nasdaq/ALGM/ALGM_4H_20260502_064446.png
 create mode 100644 charts/screenshots_nasdaq/ALGM/ALGM_4H_20260503_071038.png
 rename charts/screenshots_nasdaq/ALGM/{ALGM_Daily_20260502_064446.png => ALGM_Daily_20260503_071038.png} (100%)
 delete mode 100644 charts/screenshots_nasdaq/ALGM/ALGM_Monthly_20260502_064446.png
 create mode 100644 charts/screenshots_nasdaq/ALGM/ALGM_Monthly_20260503_071038.png
 delete mode 100644 charts/screenshots_nasdaq/ALGM/ALGM_Weekly_20260502_064446.png
 create mode 100644 charts/screenshots_nasdaq/ALGM/ALGM_Weekly_20260503_071038.png
 delete mode 100644 charts/screenshots_nasdaq/AMD/AMD_1H_20260502_063653.png
 create mode 100644 charts/screenshots_nasdaq/AMD/AMD_1H_20260503_070248.png
 delete mode 100644 charts/screenshots_nasdaq/AMD/AMD_4H_20260502_063653.png
 create mode 100644 charts/screenshots_nasdaq/AMD/AMD_4H_20260503_070248.png
 delete mode 100644 charts/screenshots_nasdaq/AMD/AMD_Daily_20260502_063653.png
 create mode 100644 charts/screenshots_nasdaq/AMD/AMD_Daily_20260503_070248.png
 delete mode 100644 charts/screenshots_nasdaq/AMD/AMD_Monthly_20260502_063653.png
 create mode 100644 charts/screenshots_nasdaq/AMD/AMD_Monthly_20260503_070248.png
 delete mode 100644 charts/screenshots_nasdaq/AMD/AMD_Weekly_20260502_063653.png
 create mode 100644 charts/screenshots_nasdaq/AMD/AMD_Weekly_20260503_070248.png
 delete mode 100644 charts/screenshots_nasdaq/AMZN/AMZN_1H_20260502_061813.png
 create mode 100644 charts/screenshots_nasdaq/AMZN/AMZN_1H_20260503_064409.png
 delete mode 100644 charts/screenshots_nasdaq/AMZN/AMZN_4H_20260502_061813.png
 create mode 100644 charts/screenshots_nasdaq/AMZN/AMZN_4H_20260503_064409.png
 delete mode 100644 charts/screenshots_nasdaq/AMZN/AMZN_Daily_20260502_061813.png
 create mode 100644 charts/screenshots_nasdaq/AMZN/AMZN_Daily_20260503_064409.png
 delete mode 100644 charts/screenshots_nasdaq/AMZN/AMZN_Monthly_20260502_061813.png
 create mode 100644 charts/screenshots_nasdaq/AMZN/AMZN_Monthly_20260503_064409.png
 delete mode 100644 charts/screenshots_nasdaq/AMZN/AMZN_Weekly_20260502_061813.png
 create mode 100644 charts/screenshots_nasdaq/AMZN/AMZN_Weekly_20260503_064409.png
 delete mode 100644 charts/screenshots_nasdaq/APLE/APLE_1H_20260502_055416.png
 create mode 100644 charts/screenshots_nasdaq/APLE/APLE_1H_20260503_061943.png
 delete mode 100644 charts/screenshots_nasdaq/APLE/APLE_4H_20260502_055416.png
 create mode 100644 charts/screenshots_nasdaq/APLE/APLE_4H_20260503_061943.png
 delete mode 100644 charts/screenshots_nasdaq/APLE/APLE_Daily_20260502_055416.png
 create mode 100644 charts/screenshots_nasdaq/APLE/APLE_Daily_20260503_061943.png
 delete mode 100644 charts/screenshots_nasdaq/APLE/APLE_Monthly_20260502_055416.png
 create mode 100644 charts/screenshots_nasdaq/APLE/APLE_Monthly_20260503_061943.png
 delete mode 100644 charts/screenshots_nasdaq/APLE/APLE_Weekly_20260502_055416.png
 create mode 100644 charts/screenshots_nasdaq/APLE/APLE_Weekly_20260503_061943.png
 delete mode 100644 charts/screenshots_nasdaq/ARE/ARE_1H_20260502_054017.png
 create mode 100644 charts/screenshots_nasdaq/ARE/ARE_1H_20260503_060507.png
 delete mode 100644 charts/screenshots_nasdaq/ARE/ARE_4H_20260502_054017.png
 create mode 100644 charts/screenshots_nasdaq/ARE/ARE_4H_20260503_060507.png
 delete mode 100644 charts/screenshots_nasdaq/ARE/ARE_Daily_20260502_054017.png
 create mode 100644 charts/screenshots_nasdaq/ARE/ARE_Daily_20260503_060507.png
 delete mode 100644 charts/screenshots_nasdaq/ARE/ARE_Monthly_20260502_054017.png
 create mode 100644 charts/screenshots_nasdaq/ARE/ARE_Monthly_20260503_060507.png
 delete mode 100644 charts/screenshots_nasdaq/ARE/ARE_Weekly_20260502_054017.png
 create mode 100644 charts/screenshots_nasdaq/ARE/ARE_Weekly_20260503_060507.png
 delete mode 100644 charts/screenshots_nasdaq/ARW/ARW_1H_20260502_060240.png
 create mode 100644 charts/screenshots_nasdaq/ARW/ARW_1H_20260503_062826.png
 delete mode 100644 charts/screenshots_nasdaq/ARW/ARW_4H_20260502_060240.png
 create mode 100644 charts/screenshots_nasdaq/ARW/ARW_4H_20260503_062826.png
 delete mode 100644 charts/screenshots_nasdaq/ARW/ARW_Daily_20260502_060240.png
 create mode 100644 charts/screenshots_nasdaq/ARW/ARW_Daily_20260503_062826.png
 delete mode 100644 charts/screenshots_nasdaq/ARW/ARW_Monthly_20260502_060240.png
 create mode 100644 charts/screenshots_nasdaq/ARW/ARW_Monthly_20260503_062826.png
 rename charts/screenshots_nasdaq/ARW/{ARW_Weekly_20260502_060240.png => ARW_Weekly_20260503_062826.png} (100%)
 delete mode 100644 charts/screenshots_nasdaq/ARWR/ARWR_1H_20260502_055652.png
 create mode 100644 charts/screenshots_nasdaq/ARWR/ARWR_1H_20260503_062235.png
 delete mode 100644 charts/screenshots_nasdaq/ARWR/ARWR_4H_20260502_055652.png
 create mode 100644 charts/screenshots_nasdaq/ARWR/ARWR_4H_20260503_062235.png
 delete mode 100644 charts/screenshots_nasdaq/ARWR/ARWR_Daily_20260502_055652.png
 create mode 100644 charts/screenshots_nasdaq/ARWR/ARWR_Daily_20260503_062235.png
 delete mode 100644 charts/screenshots_nasdaq/ARWR/ARWR_Monthly_20260502_055652.png
 create mode 100644 charts/screenshots_nasdaq/ARWR/ARWR_Monthly_20260503_062235.png
 delete mode 100644 charts/screenshots_nasdaq/ARWR/ARWR_Weekly_20260502_055652.png
 create mode 100644 charts/screenshots_nasdaq/ARWR/ARWR_Weekly_20260503_062235.png
 rename charts/screenshots_nasdaq/ASX/{ASX_1H_20260502_060311.png => ASX_1H_20260503_062857.png} (84%)
 delete mode 100644 charts/screenshots_nasdaq/ASX/ASX_4H_20260502_060311.png
 create mode 100644 charts/screenshots_nasdaq/ASX/ASX_4H_20260503_062857.png
 delete mode 100644 charts/screenshots_nasdaq/ASX/ASX_Daily_20260502_060311.png
 create mode 100644 charts/screenshots_nasdaq/ASX/ASX_Daily_20260503_062857.png
 delete mode 100644 charts/screenshots_nasdaq/ASX/ASX_Monthly_20260502_060311.png
 create mode 100644 charts/screenshots_nasdaq/ASX/ASX_Monthly_20260503_062857.png
 delete mode 100644 charts/screenshots_nasdaq/ASX/ASX_Weekly_20260502_060311.png
 create mode 100644 charts/screenshots_nasdaq/ASX/ASX_Weekly_20260503_062857.png
 delete mode 100644 charts/screenshots_nasdaq/AVGO/AVGO_1H_20260502_055110.png
 create mode 100644 charts/screenshots_nasdaq/AVGO/AVGO_1H_20260503_061636.png
 delete mode 100644 charts/screenshots_nasdaq/AVGO/AVGO_4H_20260502_055110.png
 create mode 100644 charts/screenshots_nasdaq/AVGO/AVGO_4H_20260503_061636.png
 delete mode 100644 charts/screenshots_nasdaq/AVGO/AVGO_Daily_20260502_055110.png
 create mode 100644 charts/screenshots_nasdaq/AVGO/AVGO_Daily_20260503_061636.png
 delete mode 100644 charts/screenshots_nasdaq/AVGO/AVGO_Monthly_20260502_055110.png
 create mode 100644 charts/screenshots_nasdaq/AVGO/AVGO_Monthly_20260503_061636.png
 delete mode 100644 charts/screenshots_nasdaq/AVGO/AVGO_Weekly_20260502_055110.png
 create mode 100644 charts/screenshots_nasdaq/AVGO/AVGO_Weekly_20260503_061636.png
 delete mode 100644 charts/screenshots_nasdaq/AVNS/AVNS_1H_20260502_063724.png
 create mode 100644 charts/screenshots_nasdaq/AVNS/AVNS_1H_20260503_070319.png
 delete mode 100644 charts/screenshots_nasdaq/AVNS/AVNS_4H_20260502_063724.png
 create mode 100644 charts/screenshots_nasdaq/AVNS/AVNS_4H_20260503_070319.png
 delete mode 100644 charts/screenshots_nasdaq/AVNS/AVNS_Daily_20260502_063724.png
 create mode 100644 charts/screenshots_nasdaq/AVNS/AVNS_Daily_20260503_070319.png
 delete mode 100644 charts/screenshots_nasdaq/AVNS/AVNS_Monthly_20260502_063724.png
 create mode 100644 charts/screenshots_nasdaq/AVNS/AVNS_Monthly_20260503_070319.png
 delete mode 100644 charts/screenshots_nasdaq/AVNS/AVNS_Weekly_20260502_063724.png
 create mode 100644 charts/screenshots_nasdaq/AVNS/AVNS_Weekly_20260503_070319.png
 delete mode 100644 charts/screenshots_nasdaq/AXSM/AXSM_1H_20260502_061844.png
 create mode 100644 charts/screenshots_nasdaq/AXSM/AXSM_1H_20260503_064440.png
 delete mode 100644 charts/screenshots_nasdaq/AXSM/AXSM_4H_20260502_061844.png
 create mode 100644 charts/screenshots_nasdaq/AXSM/AXSM_4H_20260503_064440.png
 delete mode 100644 charts/screenshots_nasdaq/AXSM/AXSM_Daily_20260502_061844.png
 create mode 100644 charts/screenshots_nasdaq/AXSM/AXSM_Daily_20260503_064440.png
 delete mode 100644 charts/screenshots_nasdaq/AXSM/AXSM_Monthly_20260502_061844.png
 create mode 100644 charts/screenshots_nasdaq/AXSM/AXSM_Monthly_20260503_064440.png
 delete mode 100644 charts/screenshots_nasdaq/AXSM/AXSM_Weekly_20260502_061844.png
 create mode 100644 charts/screenshots_nasdaq/AXSM/AXSM_Weekly_20260503_064440.png
 delete mode 100644 charts/screenshots_nasdaq/AXTI/AXTI_1H_20260502_063520.png
 create mode 100644 charts/screenshots_nasdaq/AXTI/AXTI_1H_20260503_070115.png
 delete mode 100644 charts/screenshots_nasdaq/AXTI/AXTI_4H_20260502_063520.png
 create mode 100644 charts/screenshots_nasdaq/AXTI/AXTI_4H_20260503_070115.png
 delete mode 100644 charts/screenshots_nasdaq/AXTI/AXTI_Daily_20260502_063520.png
 create mode 100644 charts/screenshots_nasdaq/AXTI/AXTI_Daily_20260503_070115.png
 delete mode 100644 charts/screenshots_nasdaq/AXTI/AXTI_Monthly_20260502_063520.png
 create mode 100644 charts/screenshots_nasdaq/AXTI/AXTI_Monthly_20260503_070115.png
 delete mode 100644 charts/screenshots_nasdaq/AXTI/AXTI_Weekly_20260502_063520.png
 create mode 100644 charts/screenshots_nasdaq/AXTI/AXTI_Weekly_20260503_070115.png
 delete mode 100644 charts/screenshots_nasdaq/BE/BE_1H_20260502_065028.png
 create mode 100644 charts/screenshots_nasdaq/BE/BE_1H_20260503_071646.png
 delete mode 100644 charts/screenshots_nasdaq/BE/BE_4H_20260502_065028.png
 create mode 100644 charts/screenshots_nasdaq/BE/BE_4H_20260503_071646.png
 delete mode 100644 charts/screenshots_nasdaq/BE/BE_Daily_20260502_065028.png
 create mode 100644 charts/screenshots_nasdaq/BE/BE_Daily_20260503_071646.png
 delete mode 100644 charts/screenshots_nasdaq/BE/BE_Monthly_20260502_065028.png
 create mode 100644 charts/screenshots_nasdaq/BE/BE_Monthly_20260503_071646.png
 delete mode 100644 charts/screenshots_nasdaq/BE/BE_Weekly_20260502_065028.png
 create mode 100644 charts/screenshots_nasdaq/BE/BE_Weekly_20260503_071646.png
 delete mode 100644 charts/screenshots_nasdaq/BEN/BEN_1H_20260502_060341.png
 create mode 100644 charts/screenshots_nasdaq/BEN/BEN_1H_20260503_062928.png
 delete mode 100644 charts/screenshots_nasdaq/BEN/BEN_4H_20260502_060341.png
 create mode 100644 charts/screenshots_nasdaq/BEN/BEN_4H_20260503_062928.png
 delete mode 100644 charts/screenshots_nasdaq/BEN/BEN_Daily_20260502_060341.png
 create mode 100644 charts/screenshots_nasdaq/BEN/BEN_Daily_20260503_062928.png
 delete mode 100644 charts/screenshots_nasdaq/BEN/BEN_Monthly_20260502_060341.png
 create mode 100644 charts/screenshots_nasdaq/BEN/BEN_Monthly_20260503_062928.png
 delete mode 100644 charts/screenshots_nasdaq/BEN/BEN_Weekly_20260502_060341.png
 create mode 100644 charts/screenshots_nasdaq/BEN/BEN_Weekly_20260503_062928.png
 rename charts/screenshots_nasdaq/BIRD/{BIRD_1H_20260502_055723.png => BIRD_1H_20260503_062306.png} (50%)
 delete mode 100644 charts/screenshots_nasdaq/BIRD/BIRD_4H_20260502_055723.png
 create mode 100644 charts/screenshots_nasdaq/BIRD/BIRD_4H_20260503_062306.png
 delete mode 100644 charts/screenshots_nasdaq/BIRD/BIRD_Daily_20260502_055723.png
 create mode 100644 charts/screenshots_nasdaq/BIRD/BIRD_Daily_20260503_062306.png
 delete mode 100644 charts/screenshots_nasdaq/BIRD/BIRD_Monthly_20260502_055723.png
 create mode 100644 charts/screenshots_nasdaq/BIRD/BIRD_Monthly_20260503_062306.png
 delete mode 100644 charts/screenshots_nasdaq/BIRD/BIRD_Weekly_20260502_055723.png
 create mode 100644 charts/screenshots_nasdaq/BIRD/BIRD_Weekly_20260503_062306.png
 delete mode 100644 charts/screenshots_nasdaq/BMI/BMI_1H_20260502_054119.png
 create mode 100644 charts/screenshots_nasdaq/BMI/BMI_1H_20260503_060610.png
 rename charts/screenshots_nasdaq/BMI/{BMI_4H_20260502_054119.png => BMI_4H_20260503_060610.png} (100%)
 delete mode 100644 charts/screenshots_nasdaq/BMI/BMI_Daily_20260502_054119.png
 create mode 100644 charts/screenshots_nasdaq/BMI/BMI_Daily_20260503_060610.png
 delete mode 100644 charts/screenshots_nasdaq/BMI/BMI_Monthly_20260502_054119.png
 create mode 100644 charts/screenshots_nasdaq/BMI/BMI_Monthly_20260503_060610.png
 delete mode 100644 charts/screenshots_nasdaq/BMI/BMI_Weekly_20260502_054119.png
 create mode 100644 charts/screenshots_nasdaq/BMI/BMI_Weekly_20260503_060610.png
 delete mode 100644 charts/screenshots_nasdaq/BTSG/BTSG_1H_20260502_062937.png
 create mode 100644 charts/screenshots_nasdaq/BTSG/BTSG_1H_20260503_065536.png
 delete mode 100644 charts/screenshots_nasdaq/BTSG/BTSG_4H_20260502_062937.png
 create mode 100644 charts/screenshots_nasdaq/BTSG/BTSG_4H_20260503_065536.png
 delete mode 100644 charts/screenshots_nasdaq/BTSG/BTSG_Daily_20260502_062937.png
 create mode 100644 charts/screenshots_nasdaq/BTSG/BTSG_Daily_20260503_065536.png
 delete mode 100644 charts/screenshots_nasdaq/BTSG/BTSG_Monthly_20260502_062937.png
 create mode 100644 charts/screenshots_nasdaq/BTSG/BTSG_Monthly_20260503_065536.png
 delete mode 100644 charts/screenshots_nasdaq/BTSG/BTSG_Weekly_20260502_062937.png
 create mode 100644 charts/screenshots_nasdaq/BTSG/BTSG_Weekly_20260503_065536.png
 delete mode 100644 charts/screenshots_nasdaq/CAR/CAR_1H_20260502_054731.png
 create mode 100644 charts/screenshots_nasdaq/CAR/CAR_1H_20260503_061257.png
 rename charts/screenshots_nasdaq/CAR/{CAR_4H_20260502_054731.png => CAR_4H_20260503_061257.png} (79%)
 delete mode 100644 charts/screenshots_nasdaq/CAR/CAR_Daily_20260502_054731.png
 create mode 100644 charts/screenshots_nasdaq/CAR/CAR_Daily_20260503_061257.png
 delete mode 100644 charts/screenshots_nasdaq/CAR/CAR_Monthly_20260502_054731.png
 create mode 100644 charts/screenshots_nasdaq/CAR/CAR_Monthly_20260503_061257.png
 delete mode 100644 charts/screenshots_nasdaq/CAR/CAR_Weekly_20260502_054731.png
 create mode 100644 charts/screenshots_nasdaq/CAR/CAR_Weekly_20260503_061257.png
 delete mode 100644 charts/screenshots_nasdaq/CAT/CAT_1H_20260502_065059.png
 create mode 100644 charts/screenshots_nasdaq/CAT/CAT_1H_20260503_071717.png
 delete mode 100644 charts/screenshots_nasdaq/CAT/CAT_4H_20260502_065059.png
 create mode 100644 charts/screenshots_nasdaq/CAT/CAT_4H_20260503_071717.png
 rename charts/screenshots_nasdaq/CAT/{CAT_Daily_20260502_065059.png => CAT_Daily_20260503_071717.png} (94%)
 delete mode 100644 charts/screenshots_nasdaq/CAT/CAT_Monthly_20260502_065059.png
 create mode 100644 charts/screenshots_nasdaq/CAT/CAT_Monthly_20260503_071717.png
 delete mode 100644 charts/screenshots_nasdaq/CAT/CAT_Weekly_20260502_065059.png
 create mode 100644 charts/screenshots_nasdaq/CAT/CAT_Weekly_20260503_071717.png
 delete mode 100644 charts/screenshots_nasdaq/CC/CC_1H_20260502_065131.png
 create mode 100644 charts/screenshots_nasdaq/CC/CC_1H_20260503_071749.png
 delete mode 100644 charts/screenshots_nasdaq/CC/CC_4H_20260502_065131.png
 create mode 100644 charts/screenshots_nasdaq/CC/CC_4H_20260503_071749.png
 delete mode 100644 charts/screenshots_nasdaq/CC/CC_Daily_20260502_065131.png
 create mode 100644 charts/screenshots_nasdaq/CC/CC_Daily_20260503_071749.png
 delete mode 100644 charts/screenshots_nasdaq/CC/CC_Monthly_20260502_065131.png
 create mode 100644 charts/screenshots_nasdaq/CC/CC_Monthly_20260503_071749.png
 delete mode 100644 charts/screenshots_nasdaq/CC/CC_Weekly_20260502_065131.png
 create mode 100644 charts/screenshots_nasdaq/CC/CC_Weekly_20260503_071749.png
 delete mode 100644 charts/screenshots_nasdaq/CHTR/CHTR_1H_20260502_053945.png
 create mode 100644 charts/screenshots_nasdaq/CHTR/CHTR_1H_20260503_060436.png
 rename charts/screenshots_nasdaq/CHTR/{CHTR_4H_20260502_053945.png => CHTR_4H_20260503_060436.png} (100%)
 delete mode 100644 charts/screenshots_nasdaq/CHTR/CHTR_Daily_20260502_053945.png
 create mode 100644 charts/screenshots_nasdaq/CHTR/CHTR_Daily_20260503_060436.png
 delete mode 100644 charts/screenshots_nasdaq/CHTR/CHTR_Monthly_20260502_053945.png
 create mode 100644 charts/screenshots_nasdaq/CHTR/CHTR_Monthly_20260503_060436.png
 delete mode 100644 charts/screenshots_nasdaq/CHTR/CHTR_Weekly_20260502_053945.png
 create mode 100644 charts/screenshots_nasdaq/CHTR/CHTR_Weekly_20260503_060436.png
 delete mode 100644 charts/screenshots_nasdaq/CIEN/CIEN_1H_20260502_061915.png
 create mode 100644 charts/screenshots_nasdaq/CIEN/CIEN_1H_20260503_064511.png
 delete mode 100644 charts/screenshots_nasdaq/CIEN/CIEN_4H_20260502_061915.png
 create mode 100644 charts/screenshots_nasdaq/CIEN/CIEN_4H_20260503_064511.png
 delete mode 100644 charts/screenshots_nasdaq/CIEN/CIEN_Daily_20260502_061915.png
 create mode 100644 charts/screenshots_nasdaq/CIEN/CIEN_Daily_20260503_064511.png
 delete mode 100644 charts/screenshots_nasdaq/CIEN/CIEN_Monthly_20260502_061915.png
 create mode 100644 charts/screenshots_nasdaq/CIEN/CIEN_Monthly_20260503_064511.png
 delete mode 100644 charts/screenshots_nasdaq/CIEN/CIEN_Weekly_20260502_061915.png
 create mode 100644 charts/screenshots_nasdaq/CIEN/CIEN_Weekly_20260503_064511.png
 delete mode 100644 charts/screenshots_nasdaq/CLS/CLS_1H_20260502_055007.png
 create mode 100644 charts/screenshots_nasdaq/CLS/CLS_1H_20260503_061533.png
 delete mode 100644 charts/screenshots_nasdaq/CLS/CLS_4H_20260502_055007.png
 create mode 100644 charts/screenshots_nasdaq/CLS/CLS_4H_20260503_061533.png
 delete mode 100644 charts/screenshots_nasdaq/CLS/CLS_Daily_20260502_055007.png
 create mode 100644 charts/screenshots_nasdaq/CLS/CLS_Daily_20260503_061533.png
 delete mode 100644 charts/screenshots_nasdaq/CLS/CLS_Monthly_20260502_055007.png
 create mode 100644 charts/screenshots_nasdaq/CLS/CLS_Monthly_20260503_061533.png
 delete mode 100644 charts/screenshots_nasdaq/CLS/CLS_Weekly_20260502_055007.png
 create mode 100644 charts/screenshots_nasdaq/CLS/CLS_Weekly_20260503_061533.png
 delete mode 100644 charts/screenshots_nasdaq/CM/CM_1H_20260502_060412.png
 create mode 100644 charts/screenshots_nasdaq/CM/CM_1H_20260503_062959.png
 delete mode 100644 charts/screenshots_nasdaq/CM/CM_4H_20260502_060412.png
 create mode 100644 charts/screenshots_nasdaq/CM/CM_4H_20260503_062959.png
 delete mode 100644 charts/screenshots_nasdaq/CM/CM_Daily_20260502_060412.png
 create mode 100644 charts/screenshots_nasdaq/CM/CM_Daily_20260503_062959.png
 delete mode 100644 charts/screenshots_nasdaq/CM/CM_Monthly_20260502_060412.png
 create mode 100644 charts/screenshots_nasdaq/CM/CM_Monthly_20260503_062959.png
 delete mode 100644 charts/screenshots_nasdaq/CM/CM_Weekly_20260502_060412.png
 create mode 100644 charts/screenshots_nasdaq/CM/CM_Weekly_20260503_062959.png
 rename charts/screenshots_nasdaq/CMI/{CMI_1H_20260502_060442.png => CMI_1H_20260503_063030.png} (54%)
 rename charts/screenshots_nasdaq/CMI/{CMI_4H_20260502_060442.png => CMI_4H_20260503_063030.png} (100%)
 delete mode 100644 charts/screenshots_nasdaq/CMI/CMI_Daily_20260502_060442.png
 create mode 100644 charts/screenshots_nasdaq/CMI/CMI_Daily_20260503_063030.png
 delete mode 100644 charts/screenshots_nasdaq/CMI/CMI_Monthly_20260502_060442.png
 create mode 100644 charts/screenshots_nasdaq/CMI/CMI_Monthly_20260503_063030.png
 delete mode 100644 charts/screenshots_nasdaq/CMI/CMI_Weekly_20260502_060442.png
 create mode 100644 charts/screenshots_nasdaq/CMI/CMI_Weekly_20260503_063030.png
 delete mode 100644 charts/screenshots_nasdaq/COCO/COCO_1H_20260502_064825.png
 create mode 100644 charts/screenshots_nasdaq/COCO/COCO_1H_20260503_071441.png
 delete mode 100644 charts/screenshots_nasdaq/COCO/COCO_4H_20260502_064825.png
 create mode 100644 charts/screenshots_nasdaq/COCO/COCO_4H_20260503_071441.png
 delete mode 100644 charts/screenshots_nasdaq/COCO/COCO_Daily_20260502_064825.png
 create mode 100644 charts/screenshots_nasdaq/COCO/COCO_Daily_20260503_071441.png
 delete mode 100644 charts/screenshots_nasdaq/COCO/COCO_Monthly_20260502_064825.png
 create mode 100644 charts/screenshots_nasdaq/COCO/COCO_Monthly_20260503_071441.png
 delete mode 100644 charts/screenshots_nasdaq/COCO/COCO_Weekly_20260502_064825.png
 create mode 100644 charts/screenshots_nasdaq/COCO/COCO_Weekly_20260503_071441.png
 delete mode 100644 charts/screenshots_nasdaq/CRML/CRML_1H_20260502_061535.png
 create mode 100644 charts/screenshots_nasdaq/CRML/CRML_1H_20260503_064132.png
 delete mode 100644 charts/screenshots_nasdaq/CRML/CRML_4H_20260502_061535.png
 create mode 100644 charts/screenshots_nasdaq/CRML/CRML_4H_20260503_064132.png
 delete mode 100644 charts/screenshots_nasdaq/CRML/CRML_Daily_20260502_061535.png
 create mode 100644 charts/screenshots_nasdaq/CRML/CRML_Daily_20260503_064132.png
 delete mode 100644 charts/screenshots_nasdaq/CRML/CRML_Monthly_20260502_061535.png
 create mode 100644 charts/screenshots_nasdaq/CRML/CRML_Monthly_20260503_064132.png
 delete mode 100644 charts/screenshots_nasdaq/CRML/CRML_Weekly_20260502_061535.png
 create mode 100644 charts/screenshots_nasdaq/CRML/CRML_Weekly_20260503_064132.png
 delete mode 100644 charts/screenshots_nasdaq/CSGP/CSGP_1H_20260502_054150.png
 create mode 100644 charts/screenshots_nasdaq/CSGP/CSGP_1H_20260503_060641.png
 delete mode 100644 charts/screenshots_nasdaq/CSGP/CSGP_4H_20260502_054150.png
 create mode 100644 charts/screenshots_nasdaq/CSGP/CSGP_4H_20260503_060641.png
 delete mode 100644 charts/screenshots_nasdaq/CSGP/CSGP_Daily_20260502_054150.png
 create mode 100644 charts/screenshots_nasdaq/CSGP/CSGP_Daily_20260503_060641.png
 delete mode 100644 charts/screenshots_nasdaq/CSGP/CSGP_Monthly_20260502_054150.png
 create mode 100644 charts/screenshots_nasdaq/CSGP/CSGP_Monthly_20260503_060641.png
 delete mode 100644 charts/screenshots_nasdaq/CSGP/CSGP_Weekly_20260502_054150.png
 create mode 100644 charts/screenshots_nasdaq/CSGP/CSGP_Weekly_20260503_060641.png
 delete mode 100644 charts/screenshots_nasdaq/CSTM/CSTM_1H_20260502_055447.png
 create mode 100644 charts/screenshots_nasdaq/CSTM/CSTM_1H_20260503_062013.png
 delete mode 100644 charts/screenshots_nasdaq/CSTM/CSTM_4H_20260502_055447.png
 create mode 100644 charts/screenshots_nasdaq/CSTM/CSTM_4H_20260503_062013.png
 delete mode 100644 charts/screenshots_nasdaq/CSTM/CSTM_Daily_20260502_055447.png
 create mode 100644 charts/screenshots_nasdaq/CSTM/CSTM_Daily_20260503_062013.png
 delete mode 100644 charts/screenshots_nasdaq/CSTM/CSTM_Monthly_20260502_055447.png
 create mode 100644 charts/screenshots_nasdaq/CSTM/CSTM_Monthly_20260503_062013.png
 delete mode 100644 charts/screenshots_nasdaq/CSTM/CSTM_Weekly_20260502_055447.png
 create mode 100644 charts/screenshots_nasdaq/CSTM/CSTM_Weekly_20260503_062013.png
 delete mode 100644 charts/screenshots_nasdaq/DELL/DELL_1H_20260502_055314.png
 create mode 100644 charts/screenshots_nasdaq/DELL/DELL_1H_20260503_061841.png
 delete mode 100644 charts/screenshots_nasdaq/DELL/DELL_4H_20260502_055314.png
 create mode 100644 charts/screenshots_nasdaq/DELL/DELL_4H_20260503_061841.png
 delete mode 100644 charts/screenshots_nasdaq/DELL/DELL_Daily_20260502_055314.png
 create mode 100644 charts/screenshots_nasdaq/DELL/DELL_Daily_20260503_061841.png
 delete mode 100644 charts/screenshots_nasdaq/DELL/DELL_Monthly_20260502_055314.png
 create mode 100644 charts/screenshots_nasdaq/DELL/DELL_Monthly_20260503_061841.png
 delete mode 100644 charts/screenshots_nasdaq/DELL/DELL_Weekly_20260502_055314.png
 create mode 100644 charts/screenshots_nasdaq/DELL/DELL_Weekly_20260503_061841.png
 delete mode 100644 charts/screenshots_nasdaq/DIOD/DIOD_1H_20260502_063756.png
 create mode 100644 charts/screenshots_nasdaq/DIOD/DIOD_1H_20260503_070351.png
 delete mode 100644 charts/screenshots_nasdaq/DIOD/DIOD_4H_20260502_063756.png
 create mode 100644 charts/screenshots_nasdaq/DIOD/DIOD_4H_20260503_070351.png
 delete mode 100644 charts/screenshots_nasdaq/DIOD/DIOD_Daily_20260502_063756.png
 create mode 100644 charts/screenshots_nasdaq/DIOD/DIOD_Daily_20260503_070351.png
 delete mode 100644 charts/screenshots_nasdaq/DIOD/DIOD_Monthly_20260502_063756.png
 create mode 100644 charts/screenshots_nasdaq/DIOD/DIOD_Monthly_20260503_070351.png
 delete mode 100644 charts/screenshots_nasdaq/DIOD/DIOD_Weekly_20260502_063756.png
 create mode 100644 charts/screenshots_nasdaq/DIOD/DIOD_Weekly_20260503_070351.png
 delete mode 100644 charts/screenshots_nasdaq/DOCN/DOCN_1H_20260502_061946.png
 create mode 100644 charts/screenshots_nasdaq/DOCN/DOCN_1H_20260503_064542.png
 delete mode 100644 charts/screenshots_nasdaq/DOCN/DOCN_4H_20260502_061946.png
 create mode 100644 charts/screenshots_nasdaq/DOCN/DOCN_4H_20260503_064542.png
 delete mode 100644 charts/screenshots_nasdaq/DOCN/DOCN_Daily_20260502_061946.png
 create mode 100644 charts/screenshots_nasdaq/DOCN/DOCN_Daily_20260503_064542.png
 delete mode 100644 charts/screenshots_nasdaq/DOCN/DOCN_Monthly_20260502_061946.png
 create mode 100644 charts/screenshots_nasdaq/DOCN/DOCN_Monthly_20260503_064542.png
 rename charts/screenshots_nasdaq/DOCN/{DOCN_Weekly_20260502_061946.png => DOCN_Weekly_20260503_064542.png} (74%)
 delete mode 100644 charts/screenshots_nasdaq/DY/DY_1H_20260502_062017.png
 create mode 100644 charts/screenshots_nasdaq/DY/DY_1H_20260503_064613.png
 delete mode 100644 charts/screenshots_nasdaq/DY/DY_4H_20260502_062017.png
 create mode 100644 charts/screenshots_nasdaq/DY/DY_4H_20260503_064613.png
 delete mode 100644 charts/screenshots_nasdaq/DY/DY_Daily_20260502_062017.png
 create mode 100644 charts/screenshots_nasdaq/DY/DY_Daily_20260503_064613.png
 delete mode 100644 charts/screenshots_nasdaq/DY/DY_Monthly_20260502_062017.png
 create mode 100644 charts/screenshots_nasdaq/DY/DY_Monthly_20260503_064613.png
 delete mode 100644 charts/screenshots_nasdaq/DY/DY_Weekly_20260502_062017.png
 create mode 100644 charts/screenshots_nasdaq/DY/DY_Weekly_20260503_064613.png
 delete mode 100644 charts/screenshots_nasdaq/ECG/ECG_1H_20260502_063008.png
 create mode 100644 charts/screenshots_nasdaq/ECG/ECG_1H_20260503_065607.png
 delete mode 100644 charts/screenshots_nasdaq/ECG/ECG_4H_20260502_063008.png
 create mode 100644 charts/screenshots_nasdaq/ECG/ECG_4H_20260503_065607.png
 rename charts/screenshots_nasdaq/ECG/{ECG_Daily_20260502_063008.png => ECG_Daily_20260503_065607.png} (84%)
 delete mode 100644 charts/screenshots_nasdaq/ECG/ECG_Monthly_20260502_063008.png
 create mode 100644 charts/screenshots_nasdaq/ECG/ECG_Monthly_20260503_065607.png
 rename charts/screenshots_nasdaq/ECG/{ECG_Weekly_20260502_063008.png => ECG_Weekly_20260503_065607.png} (100%)
 delete mode 100644 charts/screenshots_nasdaq/ELF/ELF_1H_20260502_054048.png
 create mode 100644 charts/screenshots_nasdaq/ELF/ELF_1H_20260503_060538.png
 delete mode 100644 charts/screenshots_nasdaq/ELF/ELF_4H_20260502_054048.png
 create mode 100644 charts/screenshots_nasdaq/ELF/ELF_4H_20260503_060538.png
 delete mode 100644 charts/screenshots_nasdaq/ELF/ELF_Daily_20260502_054048.png
 create mode 100644 charts/screenshots_nasdaq/ELF/ELF_Daily_20260503_060538.png
 delete mode 100644 charts/screenshots_nasdaq/ELF/ELF_Monthly_20260502_054048.png
 create mode 100644 charts/screenshots_nasdaq/ELF/ELF_Monthly_20260503_060538.png
 delete mode 100644 charts/screenshots_nasdaq/ELF/ELF_Weekly_20260502_054048.png
 create mode 100644 charts/screenshots_nasdaq/ELF/ELF_Weekly_20260503_060538.png
 delete mode 100644 charts/screenshots_nasdaq/EME/EME_1H_20260502_062048.png
 create mode 100644 charts/screenshots_nasdaq/EME/EME_1H_20260503_064644.png
 delete mode 100644 charts/screenshots_nasdaq/EME/EME_4H_20260502_062048.png
 create mode 100644 charts/screenshots_nasdaq/EME/EME_4H_20260503_064644.png
 delete mode 100644 charts/screenshots_nasdaq/EME/EME_Daily_20260502_062048.png
 create mode 100644 charts/screenshots_nasdaq/EME/EME_Daily_20260503_064644.png
 delete mode 100644 charts/screenshots_nasdaq/EME/EME_Monthly_20260502_062048.png
 create mode 100644 charts/screenshots_nasdaq/EME/EME_Monthly_20260503_064644.png
 rename charts/screenshots_nasdaq/EME/{EME_Weekly_20260502_062048.png => EME_Weekly_20260503_064644.png} (100%)
 delete mode 100644 charts/screenshots_nasdaq/ENS/ENS_1H_20260502_060513.png
 create mode 100644 charts/screenshots_nasdaq/ENS/ENS_1H_20260503_063101.png
 delete mode 100644 charts/screenshots_nasdaq/ENS/ENS_4H_20260502_060513.png
 create mode 100644 charts/screenshots_nasdaq/ENS/ENS_4H_20260503_063101.png
 delete mode 100644 charts/screenshots_nasdaq/ENS/ENS_Daily_20260502_060513.png
 create mode 100644 charts/screenshots_nasdaq/ENS/ENS_Daily_20260503_063101.png
 delete mode 100644 charts/screenshots_nasdaq/ENS/ENS_Monthly_20260502_060513.png
 create mode 100644 charts/screenshots_nasdaq/ENS/ENS_Monthly_20260503_063101.png
 delete mode 100644 charts/screenshots_nasdaq/ENS/ENS_Weekly_20260502_060513.png
 create mode 100644 charts/screenshots_nasdaq/ENS/ENS_Weekly_20260503_063101.png
 delete mode 100644 charts/screenshots_nasdaq/ERAS/ERAS_1H_20260502_053914.png
 create mode 100644 charts/screenshots_nasdaq/ERAS/ERAS_1H_20260503_060405.png
 delete mode 100644 charts/screenshots_nasdaq/ERAS/ERAS_4H_20260502_053914.png
 create mode 100644 charts/screenshots_nasdaq/ERAS/ERAS_4H_20260503_060405.png
 delete mode 100644 charts/screenshots_nasdaq/ERAS/ERAS_Daily_20260502_053914.png
 create mode 100644 charts/screenshots_nasdaq/ERAS/ERAS_Daily_20260503_060405.png
 delete mode 100644 charts/screenshots_nasdaq/ERAS/ERAS_Monthly_20260502_053914.png
 create mode 100644 charts/screenshots_nasdaq/ERAS/ERAS_Monthly_20260503_060405.png
 delete mode 100644 charts/screenshots_nasdaq/ERAS/ERAS_Weekly_20260502_053914.png
 create mode 100644 charts/screenshots_nasdaq/ERAS/ERAS_Weekly_20260503_060405.png
 delete mode 100644 charts/screenshots_nasdaq/ESI/ESI_1H_20260502_063827.png
 create mode 100644 charts/screenshots_nasdaq/ESI/ESI_1H_20260503_070422.png
 delete mode 100644 charts/screenshots_nasdaq/ESI/ESI_4H_20260502_063827.png
 create mode 100644 charts/screenshots_nasdaq/ESI/ESI_4H_20260503_070422.png
 delete mode 100644 charts/screenshots_nasdaq/ESI/ESI_Daily_20260502_063827.png
 create mode 100644 charts/screenshots_nasdaq/ESI/ESI_Daily_20260503_070422.png
 delete mode 100644 charts/screenshots_nasdaq/ESI/ESI_Monthly_20260502_063827.png
 create mode 100644 charts/screenshots_nasdaq/ESI/ESI_Monthly_20260503_070422.png
 delete mode 100644 charts/screenshots_nasdaq/ESI/ESI_Weekly_20260502_063827.png
 create mode 100644 charts/screenshots_nasdaq/ESI/ESI_Weekly_20260503_070422.png
 delete mode 100644 charts/screenshots_nasdaq/FCEL/FCEL_1H_20260502_054701.png
 create mode 100644 charts/screenshots_nasdaq/FCEL/FCEL_1H_20260503_061225.png
 delete mode 100644 charts/screenshots_nasdaq/FCEL/FCEL_4H_20260502_054701.png
 create mode 100644 charts/screenshots_nasdaq/FCEL/FCEL_4H_20260503_061225.png
 delete mode 100644 charts/screenshots_nasdaq/FCEL/FCEL_Daily_20260502_054701.png
 create mode 100644 charts/screenshots_nasdaq/FCEL/FCEL_Daily_20260503_061225.png
 rename charts/screenshots_nasdaq/FCEL/{FCEL_Monthly_20260502_054701.png => FCEL_Monthly_20260503_061225.png} (54%)
 delete mode 100644 charts/screenshots_nasdaq/FCEL/FCEL_Weekly_20260502_054701.png
 create mode 100644 charts/screenshots_nasdaq/FCEL/FCEL_Weekly_20260503_061225.png
 delete mode 100644 charts/screenshots_nasdaq/FCFS/FCFS_1H_20260502_060545.png
 create mode 100644 charts/screenshots_nasdaq/FCFS/FCFS_1H_20260503_063132.png
 delete mode 100644 charts/screenshots_nasdaq/FCFS/FCFS_4H_20260502_060545.png
 create mode 100644 charts/screenshots_nasdaq/FCFS/FCFS_4H_20260503_063132.png
 delete mode 100644 charts/screenshots_nasdaq/FCFS/FCFS_Daily_20260502_060545.png
 create mode 100644 charts/screenshots_nasdaq/FCFS/FCFS_Daily_20260503_063132.png
 delete mode 100644 charts/screenshots_nasdaq/FCFS/FCFS_Monthly_20260502_060545.png
 create mode 100644 charts/screenshots_nasdaq/FCFS/FCFS_Monthly_20260503_063132.png
 delete mode 100644 charts/screenshots_nasdaq/FCFS/FCFS_Weekly_20260502_060545.png
 create mode 100644 charts/screenshots_nasdaq/FCFS/FCFS_Weekly_20260503_063132.png
 delete mode 100644 charts/screenshots_nasdaq/FISV/FISV_1H_20260502_065917.png
 create mode 100644 charts/screenshots_nasdaq/FISV/FISV_1H_20260503_072544.png
 delete mode 100644 charts/screenshots_nasdaq/FISV/FISV_4H_20260502_065917.png
 create mode 100644 charts/screenshots_nasdaq/FISV/FISV_4H_20260503_072544.png
 rename charts/screenshots_nasdaq/FISV/{FISV_Daily_20260502_065917.png => FISV_Daily_20260503_072544.png} (100%)
 delete mode 100644 charts/screenshots_nasdaq/FISV/FISV_Monthly_20260502_065917.png
 create mode 100644 charts/screenshots_nasdaq/FISV/FISV_Monthly_20260503_072544.png
 delete mode 100644 charts/screenshots_nasdaq/FISV/FISV_Weekly_20260502_065917.png
 create mode 100644 charts/screenshots_nasdaq/FISV/FISV_Weekly_20260503_072544.png
 delete mode 100644 charts/screenshots_nasdaq/FIX/FIX_1H_20260502_060616.png
 create mode 100644 charts/screenshots_nasdaq/FIX/FIX_1H_20260503_063204.png
 delete mode 100644 charts/screenshots_nasdaq/FIX/FIX_4H_20260502_060616.png
 create mode 100644 charts/screenshots_nasdaq/FIX/FIX_4H_20260503_063204.png
 delete mode 100644 charts/screenshots_nasdaq/FIX/FIX_Daily_20260502_060616.png
 create mode 100644 charts/screenshots_nasdaq/FIX/FIX_Daily_20260503_063204.png
 delete mode 100644 charts/screenshots_nasdaq/FIX/FIX_Monthly_20260502_060616.png
 create mode 100644 charts/screenshots_nasdaq/FIX/FIX_Monthly_20260503_063204.png
 delete mode 100644 charts/screenshots_nasdaq/FIX/FIX_Weekly_20260502_060616.png
 create mode 100644 charts/screenshots_nasdaq/FIX/FIX_Weekly_20260503_063204.png
 delete mode 100644 charts/screenshots_nasdaq/FLEX/FLEX_1H_20260502_055518.png
 create mode 100644 charts/screenshots_nasdaq/FLEX/FLEX_1H_20260503_062102.png
 rename charts/screenshots_nasdaq/FLEX/{FLEX_4H_20260502_055518.png => FLEX_4H_20260503_062102.png} (100%)
 delete mode 100644 charts/screenshots_nasdaq/FLEX/FLEX_Daily_20260502_055518.png
 create mode 100644 charts/screenshots_nasdaq/FLEX/FLEX_Daily_20260503_062102.png
 delete mode 100644 charts/screenshots_nasdaq/FLEX/FLEX_Monthly_20260502_055518.png
 create mode 100644 charts/screenshots_nasdaq/FLEX/FLEX_Monthly_20260503_062102.png
 delete mode 100644 charts/screenshots_nasdaq/FLEX/FLEX_Weekly_20260502_055518.png
 create mode 100644 charts/screenshots_nasdaq/FLEX/FLEX_Weekly_20260503_062102.png
 delete mode 100644 charts/screenshots_nasdaq/FLNC/FLNC_1H_20260502_054425.png
 create mode 100644 charts/screenshots_nasdaq/FLNC/FLNC_1H_20260503_060917.png
 rename charts/screenshots_nasdaq/FLNC/{FLNC_4H_20260502_054425.png => FLNC_4H_20260503_060917.png} (100%)
 delete mode 100644 charts/screenshots_nasdaq/FLNC/FLNC_Daily_20260502_054425.png
 create mode 100644 charts/screenshots_nasdaq/FLNC/FLNC_Daily_20260503_060917.png
 delete mode 100644 charts/screenshots_nasdaq/FLNC/FLNC_Monthly_20260502_054425.png
 create mode 100644 charts/screenshots_nasdaq/FLNC/FLNC_Monthly_20260503_060917.png
 delete mode 100644 charts/screenshots_nasdaq/FLNC/FLNC_Weekly_20260502_054425.png
 create mode 100644 charts/screenshots_nasdaq/FLNC/FLNC_Weekly_20260503_060917.png
 delete mode 100644 charts/screenshots_nasdaq/FN/FN_1H_20260502_063039.png
 create mode 100644 charts/screenshots_nasdaq/FN/FN_1H_20260503_065635.png
 delete mode 100644 charts/screenshots_nasdaq/FN/FN_4H_20260502_063039.png
 create mode 100644 charts/screenshots_nasdaq/FN/FN_4H_20260503_065635.png
 delete mode 100644 charts/screenshots_nasdaq/FN/FN_Daily_20260502_063039.png
 create mode 100644 charts/screenshots_nasdaq/FN/FN_Daily_20260503_065635.png
 delete mode 100644 charts/screenshots_nasdaq/FN/FN_Monthly_20260502_063039.png
 create mode 100644 charts/screenshots_nasdaq/FN/FN_Monthly_20260503_065635.png
 delete mode 100644 charts/screenshots_nasdaq/FN/FN_Weekly_20260502_063039.png
 create mode 100644 charts/screenshots_nasdaq/FN/FN_Weekly_20260503_065635.png
 delete mode 100644 charts/screenshots_nasdaq/GFS/GFS_1H_20260502_063110.png
 create mode 100644 charts/screenshots_nasdaq/GFS/GFS_1H_20260503_065705.png
 delete mode 100644 charts/screenshots_nasdaq/GFS/GFS_4H_20260502_063110.png
 create mode 100644 charts/screenshots_nasdaq/GFS/GFS_4H_20260503_065705.png
 delete mode 100644 charts/screenshots_nasdaq/GFS/GFS_Daily_20260502_063110.png
 create mode 100644 charts/screenshots_nasdaq/GFS/GFS_Daily_20260503_065705.png
 delete mode 100644 charts/screenshots_nasdaq/GFS/GFS_Monthly_20260502_063110.png
 create mode 100644 charts/screenshots_nasdaq/GFS/GFS_Monthly_20260503_065705.png
 delete mode 100644 charts/screenshots_nasdaq/GFS/GFS_Weekly_20260502_063110.png
 create mode 100644 charts/screenshots_nasdaq/GFS/GFS_Weekly_20260503_065705.png
 delete mode 100644 charts/screenshots_nasdaq/GGB/GGB_1H_20260502_060647.png
 create mode 100644 charts/screenshots_nasdaq/GGB/GGB_1H_20260503_063235.png
 delete mode 100644 charts/screenshots_nasdaq/GGB/GGB_4H_20260502_060647.png
 create mode 100644 charts/screenshots_nasdaq/GGB/GGB_4H_20260503_063235.png
 delete mode 100644 charts/screenshots_nasdaq/GGB/GGB_Daily_20260502_060647.png
 create mode 100644 charts/screenshots_nasdaq/GGB/GGB_Daily_20260503_063235.png
 delete mode 100644 charts/screenshots_nasdaq/GGB/GGB_Monthly_20260502_060647.png
 create mode 100644 charts/screenshots_nasdaq/GGB/GGB_Monthly_20260503_063235.png
 delete mode 100644 charts/screenshots_nasdaq/GGB/GGB_Weekly_20260502_060647.png
 create mode 100644 charts/screenshots_nasdaq/GGB/GGB_Weekly_20260503_063235.png
 delete mode 100644 charts/screenshots_nasdaq/GKOS/GKOS_1H_20260502_055212.png
 create mode 100644 charts/screenshots_nasdaq/GKOS/GKOS_1H_20260503_061738.png
 rename charts/screenshots_nasdaq/GKOS/{GKOS_4H_20260502_055212.png => GKOS_4H_20260503_061738.png} (100%)
 delete mode 100644 charts/screenshots_nasdaq/GKOS/GKOS_Daily_20260502_055212.png
 create mode 100644 charts/screenshots_nasdaq/GKOS/GKOS_Daily_20260503_061738.png
 delete mode 100644 charts/screenshots_nasdaq/GKOS/GKOS_Monthly_20260502_055212.png
 create mode 100644 charts/screenshots_nasdaq/GKOS/GKOS_Monthly_20260503_061738.png
 delete mode 100644 charts/screenshots_nasdaq/GKOS/GKOS_Weekly_20260502_055212.png
 create mode 100644 charts/screenshots_nasdaq/GKOS/GKOS_Weekly_20260503_061738.png
 delete mode 100644 charts/screenshots_nasdaq/GLOB/GLOB_1H_20260502_054528.png
 create mode 100644 charts/screenshots_nasdaq/GLOB/GLOB_1H_20260503_061020.png
 delete mode 100644 charts/screenshots_nasdaq/GLOB/GLOB_4H_20260502_054528.png
 create mode 100644 charts/screenshots_nasdaq/GLOB/GLOB_4H_20260503_061020.png
 delete mode 100644 charts/screenshots_nasdaq/GLOB/GLOB_Daily_20260502_054528.png
 create mode 100644 charts/screenshots_nasdaq/GLOB/GLOB_Daily_20260503_061020.png
 delete mode 100644 charts/screenshots_nasdaq/GLOB/GLOB_Monthly_20260502_054528.png
 create mode 100644 charts/screenshots_nasdaq/GLOB/GLOB_Monthly_20260503_061020.png
 delete mode 100644 charts/screenshots_nasdaq/GLOB/GLOB_Weekly_20260502_054528.png
 create mode 100644 charts/screenshots_nasdaq/GLOB/GLOB_Weekly_20260503_061020.png
 delete mode 100644 charts/screenshots_nasdaq/GNRC/GNRC_1H_20260502_065538.png
 create mode 100644 charts/screenshots_nasdaq/GNRC/GNRC_1H_20260503_072204.png
 delete mode 100644 charts/screenshots_nasdaq/GNRC/GNRC_4H_20260502_065538.png
 create mode 100644 charts/screenshots_nasdaq/GNRC/GNRC_4H_20260503_072204.png
 delete mode 100644 charts/screenshots_nasdaq/GNRC/GNRC_Daily_20260502_065538.png
 create mode 100644 charts/screenshots_nasdaq/GNRC/GNRC_Daily_20260503_072204.png
 delete mode 100644 charts/screenshots_nasdaq/GNRC/GNRC_Monthly_20260502_065538.png
 create mode 100644 charts/screenshots_nasdaq/GNRC/GNRC_Monthly_20260503_072204.png
 delete mode 100644 charts/screenshots_nasdaq/GNRC/GNRC_Weekly_20260502_065538.png
 create mode 100644 charts/screenshots_nasdaq/GNRC/GNRC_Weekly_20260503_072204.png
 delete mode 100644 charts/screenshots_nasdaq/GOOG/GOOG_1H_20260502_064517.png
 create mode 100644 charts/screenshots_nasdaq/GOOG/GOOG_1H_20260503_071109.png
 delete mode 100644 charts/screenshots_nasdaq/GOOG/GOOG_4H_20260502_064517.png
 create mode 100644 charts/screenshots_nasdaq/GOOG/GOOG_4H_20260503_071109.png
 delete mode 100644 charts/screenshots_nasdaq/GOOG/GOOG_Daily_20260502_064517.png
 create mode 100644 charts/screenshots_nasdaq/GOOG/GOOG_Daily_20260503_071109.png
 delete mode 100644 charts/screenshots_nasdaq/GOOG/GOOG_Monthly_20260502_064517.png
 create mode 100644 charts/screenshots_nasdaq/GOOG/GOOG_Monthly_20260503_071109.png
 delete mode 100644 charts/screenshots_nasdaq/GOOG/GOOG_Weekly_20260502_064517.png
 create mode 100644 charts/screenshots_nasdaq/GOOG/GOOG_Weekly_20260503_071109.png
 delete mode 100644 charts/screenshots_nasdaq/GOOGL/GOOGL_1H_20260502_065202.png
 create mode 100644 charts/screenshots_nasdaq/GOOGL/GOOGL_1H_20260503_071820.png
 delete mode 100644 charts/screenshots_nasdaq/GOOGL/GOOGL_4H_20260502_065202.png
 create mode 100644 charts/screenshots_nasdaq/GOOGL/GOOGL_4H_20260503_071820.png
 delete mode 100644 charts/screenshots_nasdaq/GOOGL/GOOGL_Daily_20260502_065202.png
 create mode 100644 charts/screenshots_nasdaq/GOOGL/GOOGL_Daily_20260503_071820.png
 delete mode 100644 charts/screenshots_nasdaq/GOOGL/GOOGL_Monthly_20260502_065202.png
 create mode 100644 charts/screenshots_nasdaq/GOOGL/GOOGL_Monthly_20260503_071820.png
 delete mode 100644 charts/screenshots_nasdaq/GOOGL/GOOGL_Weekly_20260502_065202.png
 create mode 100644 charts/screenshots_nasdaq/GOOGL/GOOGL_Weekly_20260503_071820.png
 delete mode 100644 charts/screenshots_nasdaq/GVA/GVA_1H_20260502_055754.png
 create mode 100644 charts/screenshots_nasdaq/GVA/GVA_1H_20260503_062337.png
 delete mode 100644 charts/screenshots_nasdaq/GVA/GVA_4H_20260502_055754.png
 create mode 100644 charts/screenshots_nasdaq/GVA/GVA_4H_20260503_062337.png
 delete mode 100644 charts/screenshots_nasdaq/GVA/GVA_Daily_20260502_055754.png
 create mode 100644 charts/screenshots_nasdaq/GVA/GVA_Daily_20260503_062337.png
 delete mode 100644 charts/screenshots_nasdaq/GVA/GVA_Monthly_20260502_055754.png
 create mode 100644 charts/screenshots_nasdaq/GVA/GVA_Monthly_20260503_062337.png
 delete mode 100644 charts/screenshots_nasdaq/GVA/GVA_Weekly_20260502_055754.png
 create mode 100644 charts/screenshots_nasdaq/GVA/GVA_Weekly_20260503_062337.png
 delete mode 100644 charts/screenshots_nasdaq/HOOD/HOOD_1H_20260502_054559.png
 create mode 100644 charts/screenshots_nasdaq/HOOD/HOOD_1H_20260503_061051.png
 delete mode 100644 charts/screenshots_nasdaq/HOOD/HOOD_4H_20260502_054559.png
 create mode 100644 charts/screenshots_nasdaq/HOOD/HOOD_4H_20260503_061051.png
 delete mode 100644 charts/screenshots_nasdaq/HOOD/HOOD_Daily_20260502_054559.png
 create mode 100644 charts/screenshots_nasdaq/HOOD/HOOD_Daily_20260503_061051.png
 delete mode 100644 charts/screenshots_nasdaq/HOOD/HOOD_Monthly_20260502_054559.png
 create mode 100644 charts/screenshots_nasdaq/HOOD/HOOD_Monthly_20260503_061051.png
 delete mode 100644 charts/screenshots_nasdaq/HOOD/HOOD_Weekly_20260502_054559.png
 create mode 100644 charts/screenshots_nasdaq/HOOD/HOOD_Weekly_20260503_061051.png
 delete mode 100644 charts/screenshots_nasdaq/HPE/HPE_1H_20260502_055345.png
 create mode 100644 charts/screenshots_nasdaq/HPE/HPE_1H_20260503_061912.png
 delete mode 100644 charts/screenshots_nasdaq/HPE/HPE_4H_20260502_055345.png
 create mode 100644 charts/screenshots_nasdaq/HPE/HPE_4H_20260503_061912.png
 delete mode 100644 charts/screenshots_nasdaq/HPE/HPE_Daily_20260502_055345.png
 create mode 100644 charts/screenshots_nasdaq/HPE/HPE_Daily_20260503_061912.png
 delete mode 100644 charts/screenshots_nasdaq/HPE/HPE_Monthly_20260502_055345.png
 create mode 100644 charts/screenshots_nasdaq/HPE/HPE_Monthly_20260503_061912.png
 delete mode 100644 charts/screenshots_nasdaq/HPE/HPE_Weekly_20260502_055345.png
 create mode 100644 charts/screenshots_nasdaq/HPE/HPE_Weekly_20260503_061912.png
 delete mode 100644 charts/screenshots_nasdaq/HUN/HUN_1H_20260502_062120.png
 create mode 100644 charts/screenshots_nasdaq/HUN/HUN_1H_20260503_064716.png
 delete mode 100644 charts/screenshots_nasdaq/HUN/HUN_4H_20260502_062120.png
 create mode 100644 charts/screenshots_nasdaq/HUN/HUN_4H_20260503_064716.png
 delete mode 100644 charts/screenshots_nasdaq/HUN/HUN_Daily_20260502_062120.png
 create mode 100644 charts/screenshots_nasdaq/HUN/HUN_Daily_20260503_064716.png
 rename charts/screenshots_nasdaq/HUN/{HUN_Monthly_20260502_062120.png => HUN_Monthly_20260503_064716.png} (51%)
 delete mode 100644 charts/screenshots_nasdaq/HUN/HUN_Weekly_20260502_062120.png
 create mode 100644 charts/screenshots_nasdaq/HUN/HUN_Weekly_20260503_064716.png
 delete mode 100644 charts/screenshots_nasdaq/IBKR/IBKR_1H_20260502_063141.png
 create mode 100644 charts/screenshots_nasdaq/IBKR/IBKR_1H_20260503_065736.png
 delete mode 100644 charts/screenshots_nasdaq/IBKR/IBKR_4H_20260502_063141.png
 create mode 100644 charts/screenshots_nasdaq/IBKR/IBKR_4H_20260503_065736.png
 delete mode 100644 charts/screenshots_nasdaq/IBKR/IBKR_Daily_20260502_063141.png
 create mode 100644 charts/screenshots_nasdaq/IBKR/IBKR_Daily_20260503_065736.png
 delete mode 100644 charts/screenshots_nasdaq/IBKR/IBKR_Monthly_20260502_063141.png
 create mode 100644 charts/screenshots_nasdaq/IBKR/IBKR_Monthly_20260503_065736.png
 delete mode 100644 charts/screenshots_nasdaq/IBKR/IBKR_Weekly_20260502_063141.png
 create mode 100644 charts/screenshots_nasdaq/IBKR/IBKR_Weekly_20260503_065736.png
 rename charts/screenshots_nasdaq/IESC/{IESC_1H_20260502_063212.png => IESC_1H_20260503_065808.png} (53%)
 delete mode 100644 charts/screenshots_nasdaq/IESC/IESC_4H_20260502_063212.png
 create mode 100644 charts/screenshots_nasdaq/IESC/IESC_4H_20260503_065808.png
 delete mode 100644 charts/screenshots_nasdaq/IESC/IESC_Daily_20260502_063212.png
 create mode 100644 charts/screenshots_nasdaq/IESC/IESC_Daily_20260503_065808.png
 delete mode 100644 charts/screenshots_nasdaq/IESC/IESC_Monthly_20260502_063212.png
 create mode 100644 charts/screenshots_nasdaq/IESC/IESC_Monthly_20260503_065808.png
 delete mode 100644 charts/screenshots_nasdaq/IESC/IESC_Weekly_20260502_063212.png
 create mode 100644 charts/screenshots_nasdaq/IESC/IESC_Weekly_20260503_065808.png
 delete mode 100644 charts/screenshots_nasdaq/INBX/INBX_1H_20260502_063858.png
 create mode 100644 charts/screenshots_nasdaq/INBX/INBX_1H_20260503_070453.png
 delete mode 100644 charts/screenshots_nasdaq/INBX/INBX_4H_20260502_063858.png
 create mode 100644 charts/screenshots_nasdaq/INBX/INBX_4H_20260503_070453.png
 delete mode 100644 charts/screenshots_nasdaq/INBX/INBX_Daily_20260502_063858.png
 create mode 100644 charts/screenshots_nasdaq/INBX/INBX_Daily_20260503_070453.png
 delete mode 100644 charts/screenshots_nasdaq/INBX/INBX_Monthly_20260502_063858.png
 create mode 100644 charts/screenshots_nasdaq/INBX/INBX_Monthly_20260503_070453.png
 delete mode 100644 charts/screenshots_nasdaq/INBX/INBX_Weekly_20260502_063858.png
 create mode 100644 charts/screenshots_nasdaq/INBX/INBX_Weekly_20260503_070453.png
 delete mode 100644 charts/screenshots_nasdaq/INDV/INDV_1H_20260502_063243.png
 create mode 100644 charts/screenshots_nasdaq/INDV/INDV_1H_20260503_065839.png
 delete mode 100644 charts/screenshots_nasdaq/INDV/INDV_4H_20260502_063243.png
 create mode 100644 charts/screenshots_nasdaq/INDV/INDV_4H_20260503_065839.png
 delete mode 100644 charts/screenshots_nasdaq/INDV/INDV_Daily_20260502_063243.png
 create mode 100644 charts/screenshots_nasdaq/INDV/INDV_Daily_20260503_065839.png
 delete mode 100644 charts/screenshots_nasdaq/INDV/INDV_Monthly_20260502_063243.png
 create mode 100644 charts/screenshots_nasdaq/INDV/INDV_Monthly_20260503_065839.png
 delete mode 100644 charts/screenshots_nasdaq/INDV/INDV_Weekly_20260502_063243.png
 create mode 100644 charts/screenshots_nasdaq/INDV/INDV_Weekly_20260503_065839.png
 delete mode 100644 charts/screenshots_nasdaq/INTC/INTC_1H_20260502_065609.png
 create mode 100644 charts/screenshots_nasdaq/INTC/INTC_1H_20260503_072235.png
 delete mode 100644 charts/screenshots_nasdaq/INTC/INTC_4H_20260502_065609.png
 create mode 100644 charts/screenshots_nasdaq/INTC/INTC_4H_20260503_072235.png
 delete mode 100644 charts/screenshots_nasdaq/INTC/INTC_Daily_20260502_065609.png
 create mode 100644 charts/screenshots_nasdaq/INTC/INTC_Daily_20260503_072235.png
 delete mode 100644 charts/screenshots_nasdaq/INTC/INTC_Monthly_20260502_065609.png
 create mode 100644 charts/screenshots_nasdaq/INTC/INTC_Monthly_20260503_072235.png
 delete mode 100644 charts/screenshots_nasdaq/INTC/INTC_Weekly_20260502_065609.png
 create mode 100644 charts/screenshots_nasdaq/INTC/INTC_Weekly_20260503_072235.png
 delete mode 100644 charts/screenshots_nasdaq/IRM/IRM_1H_20260502_060031.png
 create mode 100644 charts/screenshots_nasdaq/IRM/IRM_1H_20260503_062621.png
 delete mode 100644 charts/screenshots_nasdaq/IRM/IRM_4H_20260502_060031.png
 create mode 100644 charts/screenshots_nasdaq/IRM/IRM_4H_20260503_062621.png
 delete mode 100644 charts/screenshots_nasdaq/IRM/IRM_Daily_20260502_060031.png
 create mode 100644 charts/screenshots_nasdaq/IRM/IRM_Daily_20260503_062621.png
 delete mode 100644 charts/screenshots_nasdaq/IRM/IRM_Monthly_20260502_060031.png
 create mode 100644 charts/screenshots_nasdaq/IRM/IRM_Monthly_20260503_062621.png
 delete mode 100644 charts/screenshots_nasdaq/IRM/IRM_Weekly_20260502_060031.png
 create mode 100644 charts/screenshots_nasdaq/IRM/IRM_Weekly_20260503_062621.png
 delete mode 100644 charts/screenshots_nasdaq/JBL/JBL_1H_20260502_060718.png
 create mode 100644 charts/screenshots_nasdaq/JBL/JBL_1H_20260503_063306.png
 rename charts/screenshots_nasdaq/JBL/{JBL_4H_20260502_060718.png => JBL_4H_20260503_063306.png} (100%)
 rename charts/screenshots_nasdaq/JBL/{JBL_Daily_20260502_060718.png => JBL_Daily_20260503_063306.png} (58%)
 delete mode 100644 charts/screenshots_nasdaq/JBL/JBL_Monthly_20260502_060718.png
 create mode 100644 charts/screenshots_nasdaq/JBL/JBL_Monthly_20260503_063306.png
 delete mode 100644 charts/screenshots_nasdaq/JBL/JBL_Weekly_20260502_060718.png
 create mode 100644 charts/screenshots_nasdaq/JBL/JBL_Weekly_20260503_063306.png
 delete mode 100644 charts/screenshots_nasdaq/KALV/KALV_1H_20260502_064856.png
 create mode 100644 charts/screenshots_nasdaq/KALV/KALV_1H_20260503_071512.png
 delete mode 100644 charts/screenshots_nasdaq/KALV/KALV_4H_20260502_064856.png
 create mode 100644 charts/screenshots_nasdaq/KALV/KALV_4H_20260503_071512.png
 delete mode 100644 charts/screenshots_nasdaq/KALV/KALV_Daily_20260502_064856.png
 create mode 100644 charts/screenshots_nasdaq/KALV/KALV_Daily_20260503_071512.png
 delete mode 100644 charts/screenshots_nasdaq/KALV/KALV_Monthly_20260502_064856.png
 create mode 100644 charts/screenshots_nasdaq/KALV/KALV_Monthly_20260503_071512.png
 delete mode 100644 charts/screenshots_nasdaq/KALV/KALV_Weekly_20260502_064856.png
 create mode 100644 charts/screenshots_nasdaq/KALV/KALV_Weekly_20260503_071512.png
 delete mode 100644 charts/screenshots_nasdaq/KEEL/KEEL_1H_20260502_055141.png
 create mode 100644 charts/screenshots_nasdaq/KEEL/KEEL_1H_20260503_061707.png
 delete mode 100644 charts/screenshots_nasdaq/KEEL/KEEL_4H_20260502_055141.png
 create mode 100644 charts/screenshots_nasdaq/KEEL/KEEL_4H_20260503_061707.png
 delete mode 100644 charts/screenshots_nasdaq/KEEL/KEEL_Daily_20260502_055141.png
 create mode 100644 charts/screenshots_nasdaq/KEEL/KEEL_Daily_20260503_061707.png
 delete mode 100644 charts/screenshots_nasdaq/KEEL/KEEL_Monthly_20260502_055141.png
 create mode 100644 charts/screenshots_nasdaq/KEEL/KEEL_Monthly_20260503_061707.png
 delete mode 100644 charts/screenshots_nasdaq/KEEL/KEEL_Weekly_20260502_055141.png
 create mode 100644 charts/screenshots_nasdaq/KEEL/KEEL_Weekly_20260503_061707.png
 delete mode 100644 charts/screenshots_nasdaq/KEYS/KEYS_1H_20260502_060748.png
 create mode 100644 charts/screenshots_nasdaq/KEYS/KEYS_1H_20260503_063337.png
 delete mode 100644 charts/screenshots_nasdaq/KEYS/KEYS_4H_20260502_060748.png
 create mode 100644 charts/screenshots_nasdaq/KEYS/KEYS_4H_20260503_063337.png
 delete mode 100644 charts/screenshots_nasdaq/KEYS/KEYS_Daily_20260502_060748.png
 create mode 100644 charts/screenshots_nasdaq/KEYS/KEYS_Daily_20260503_063337.png
 delete mode 100644 charts/screenshots_nasdaq/KEYS/KEYS_Monthly_20260502_060748.png
 create mode 100644 charts/screenshots_nasdaq/KEYS/KEYS_Monthly_20260503_063337.png
 delete mode 100644 charts/screenshots_nasdaq/KEYS/KEYS_Weekly_20260502_060748.png
 create mode 100644 charts/screenshots_nasdaq/KEYS/KEYS_Weekly_20260503_063337.png
 delete mode 100644 charts/screenshots_nasdaq/KGS/KGS_1H_20260502_064549.png
 create mode 100644 charts/screenshots_nasdaq/KGS/KGS_1H_20260503_071140.png
 rename charts/screenshots_nasdaq/KGS/{KGS_4H_20260502_064549.png => KGS_4H_20260503_071140.png} (100%)
 delete mode 100644 charts/screenshots_nasdaq/KGS/KGS_Daily_20260502_064549.png
 create mode 100644 charts/screenshots_nasdaq/KGS/KGS_Daily_20260503_071140.png
 delete mode 100644 charts/screenshots_nasdaq/KGS/KGS_Monthly_20260502_064549.png
 create mode 100644 charts/screenshots_nasdaq/KGS/KGS_Monthly_20260503_071140.png
 delete mode 100644 charts/screenshots_nasdaq/KGS/KGS_Weekly_20260502_064549.png
 create mode 100644 charts/screenshots_nasdaq/KGS/KGS_Weekly_20260503_071140.png
 delete mode 100644 charts/screenshots_nasdaq/KTOS/KTOS_1H_20260502_054630.png
 create mode 100644 charts/screenshots_nasdaq/KTOS/KTOS_1H_20260503_061123.png
 delete mode 100644 charts/screenshots_nasdaq/KTOS/KTOS_4H_20260502_054630.png
 create mode 100644 charts/screenshots_nasdaq/KTOS/KTOS_4H_20260503_061123.png
 delete mode 100644 charts/screenshots_nasdaq/KTOS/KTOS_Daily_20260502_054630.png
 create mode 100644 charts/screenshots_nasdaq/KTOS/KTOS_Daily_20260503_061123.png
 delete mode 100644 charts/screenshots_nasdaq/KTOS/KTOS_Monthly_20260502_054630.png
 create mode 100644 charts/screenshots_nasdaq/KTOS/KTOS_Monthly_20260503_061123.png
 delete mode 100644 charts/screenshots_nasdaq/KTOS/KTOS_Weekly_20260502_054630.png
 create mode 100644 charts/screenshots_nasdaq/KTOS/KTOS_Weekly_20260503_061123.png
 delete mode 100644 charts/screenshots_nasdaq/LBRDK/LBRDK_1H_20260502_054221.png
 create mode 100644 charts/screenshots_nasdaq/LBRDK/LBRDK_1H_20260503_060712.png
 delete mode 100644 charts/screenshots_nasdaq/LBRDK/LBRDK_4H_20260502_054221.png
 create mode 100644 charts/screenshots_nasdaq/LBRDK/LBRDK_4H_20260503_060712.png
 delete mode 100644 charts/screenshots_nasdaq/LBRDK/LBRDK_Daily_20260502_054221.png
 create mode 100644 charts/screenshots_nasdaq/LBRDK/LBRDK_Daily_20260503_060712.png
 delete mode 100644 charts/screenshots_nasdaq/LBRDK/LBRDK_Monthly_20260502_054221.png
 create mode 100644 charts/screenshots_nasdaq/LBRDK/LBRDK_Monthly_20260503_060712.png
 delete mode 100644 charts/screenshots_nasdaq/LBRDK/LBRDK_Weekly_20260502_054221.png
 create mode 100644 charts/screenshots_nasdaq/LBRDK/LBRDK_Weekly_20260503_060712.png
 delete mode 100644 charts/screenshots_nasdaq/LBRT/LBRT_1H_20260502_054834.png
 create mode 100644 charts/screenshots_nasdaq/LBRT/LBRT_1H_20260503_061359.png
 delete mode 100644 charts/screenshots_nasdaq/LBRT/LBRT_4H_20260502_054834.png
 create mode 100644 charts/screenshots_nasdaq/LBRT/LBRT_4H_20260503_061359.png
 delete mode 100644 charts/screenshots_nasdaq/LBRT/LBRT_Daily_20260502_054834.png
 create mode 100644 charts/screenshots_nasdaq/LBRT/LBRT_Daily_20260503_061359.png
 delete mode 100644 charts/screenshots_nasdaq/LBRT/LBRT_Monthly_20260502_054834.png
 create mode 100644 charts/screenshots_nasdaq/LBRT/LBRT_Monthly_20260503_061359.png
 delete mode 100644 charts/screenshots_nasdaq/LBRT/LBRT_Weekly_20260502_054834.png
 create mode 100644 charts/screenshots_nasdaq/LBRT/LBRT_Weekly_20260503_061359.png
 delete mode 100644 charts/screenshots_nasdaq/LCID/LCID_1H_20260502_054252.png
 create mode 100644 charts/screenshots_nasdaq/LCID/LCID_1H_20260503_060743.png
 delete mode 100644 charts/screenshots_nasdaq/LCID/LCID_4H_20260502_054252.png
 create mode 100644 charts/screenshots_nasdaq/LCID/LCID_4H_20260503_060743.png
 rename charts/screenshots_nasdaq/LCID/{LCID_Daily_20260502_054252.png => LCID_Daily_20260503_060743.png} (100%)
 delete mode 100644 charts/screenshots_nasdaq/LCID/LCID_Monthly_20260502_054252.png
 create mode 100644 charts/screenshots_nasdaq/LCID/LCID_Monthly_20260503_060743.png
 delete mode 100644 charts/screenshots_nasdaq/LCID/LCID_Weekly_20260502_054252.png
 create mode 100644 charts/screenshots_nasdaq/LCID/LCID_Weekly_20260503_060743.png
 delete mode 100644 charts/screenshots_nasdaq/LFUS/LFUS_1H_20260502_062151.png
 create mode 100644 charts/screenshots_nasdaq/LFUS/LFUS_1H_20260503_064747.png
 rename charts/screenshots_nasdaq/LFUS/{LFUS_4H_20260502_062151.png => LFUS_4H_20260503_064747.png} (100%)
 delete mode 100644 charts/screenshots_nasdaq/LFUS/LFUS_Daily_20260502_062151.png
 create mode 100644 charts/screenshots_nasdaq/LFUS/LFUS_Daily_20260503_064747.png
 delete mode 100644 charts/screenshots_nasdaq/LFUS/LFUS_Monthly_20260502_062151.png
 create mode 100644 charts/screenshots_nasdaq/LFUS/LFUS_Monthly_20260503_064747.png
 delete mode 100644 charts/screenshots_nasdaq/LFUS/LFUS_Weekly_20260502_062151.png
 create mode 100644 charts/screenshots_nasdaq/LFUS/LFUS_Weekly_20260503_064747.png
 delete mode 100644 charts/screenshots_nasdaq/LGN/LGN_1H_20260502_065949.png
 create mode 100644 charts/screenshots_nasdaq/LGN/LGN_1H_20260503_072616.png
 delete mode 100644 charts/screenshots_nasdaq/LGN/LGN_4H_20260502_065949.png
 create mode 100644 charts/screenshots_nasdaq/LGN/LGN_4H_20260503_072616.png
 rename charts/screenshots_nasdaq/LGN/{LGN_Daily_20260502_065949.png => LGN_Daily_20260503_072616.png} (100%)
 delete mode 100644 charts/screenshots_nasdaq/LGN/LGN_Monthly_20260502_065949.png
 create mode 100644 charts/screenshots_nasdaq/LGN/LGN_Monthly_20260503_072616.png
 rename charts/screenshots_nasdaq/LGN/{LGN_Weekly_20260502_065949.png => LGN_Weekly_20260503_072616.png} (100%)
 delete mode 100644 charts/screenshots_nasdaq/LITE/LITE_1H_20260502_064926.png
 create mode 100644 charts/screenshots_nasdaq/LITE/LITE_1H_20260503_071544.png
 delete mode 100644 charts/screenshots_nasdaq/LITE/LITE_4H_20260502_064926.png
 create mode 100644 charts/screenshots_nasdaq/LITE/LITE_4H_20260503_071544.png
 delete mode 100644 charts/screenshots_nasdaq/LITE/LITE_Daily_20260502_064926.png
 create mode 100644 charts/screenshots_nasdaq/LITE/LITE_Daily_20260503_071544.png
 delete mode 100644 charts/screenshots_nasdaq/LITE/LITE_Monthly_20260502_064926.png
 create mode 100644 charts/screenshots_nasdaq/LITE/LITE_Monthly_20260503_071544.png
 delete mode 100644 charts/screenshots_nasdaq/LITE/LITE_Weekly_20260502_064926.png
 create mode 100644 charts/screenshots_nasdaq/LITE/LITE_Weekly_20260503_071544.png
 delete mode 100644 charts/screenshots_nasdaq/LSCC/LSCC_1H_20260502_055243.png
 create mode 100644 charts/screenshots_nasdaq/LSCC/LSCC_1H_20260503_061810.png
 delete mode 100644 charts/screenshots_nasdaq/LSCC/LSCC_4H_20260502_055243.png
 create mode 100644 charts/screenshots_nasdaq/LSCC/LSCC_4H_20260503_061810.png
 delete mode 100644 charts/screenshots_nasdaq/LSCC/LSCC_Daily_20260502_055243.png
 create mode 100644 charts/screenshots_nasdaq/LSCC/LSCC_Daily_20260503_061810.png
 delete mode 100644 charts/screenshots_nasdaq/LSCC/LSCC_Monthly_20260502_055243.png
 create mode 100644 charts/screenshots_nasdaq/LSCC/LSCC_Monthly_20260503_061810.png
 rename charts/screenshots_nasdaq/LSCC/{LSCC_Weekly_20260502_055243.png => LSCC_Weekly_20260503_061810.png} (100%)
 delete mode 100644 charts/screenshots_nasdaq/LWLG/LWLG_1H_20260502_063551.png
 create mode 100644 charts/screenshots_nasdaq/LWLG/LWLG_1H_20260503_070146.png
 delete mode 100644 charts/screenshots_nasdaq/LWLG/LWLG_4H_20260502_063551.png
 create mode 100644 charts/screenshots_nasdaq/LWLG/LWLG_4H_20260503_070146.png
 delete mode 100644 charts/screenshots_nasdaq/LWLG/LWLG_Daily_20260502_063551.png
 create mode 100644 charts/screenshots_nasdaq/LWLG/LWLG_Daily_20260503_070146.png
 delete mode 100644 charts/screenshots_nasdaq/LWLG/LWLG_Monthly_20260502_063551.png
 create mode 100644 charts/screenshots_nasdaq/LWLG/LWLG_Monthly_20260503_070146.png
 delete mode 100644 charts/screenshots_nasdaq/LWLG/LWLG_Weekly_20260502_063551.png
 create mode 100644 charts/screenshots_nasdaq/LWLG/LWLG_Weekly_20260503_070146.png
 delete mode 100644 charts/screenshots_nasdaq/MCHP/MCHP_1H_20260502_063929.png
 create mode 100644 charts/screenshots_nasdaq/MCHP/MCHP_1H_20260503_070525.png
 rename charts/screenshots_nasdaq/MCHP/{MCHP_4H_20260502_063929.png => MCHP_4H_20260503_070525.png} (100%)
 delete mode 100644 charts/screenshots_nasdaq/MCHP/MCHP_Daily_20260502_063929.png
 create mode 100644 charts/screenshots_nasdaq/MCHP/MCHP_Daily_20260503_070525.png
 delete mode 100644 charts/screenshots_nasdaq/MCHP/MCHP_Monthly_20260502_063929.png
 create mode 100644 charts/screenshots_nasdaq/MCHP/MCHP_Monthly_20260503_070525.png
 delete mode 100644 charts/screenshots_nasdaq/MCHP/MCHP_Weekly_20260502_063929.png
 create mode 100644 charts/screenshots_nasdaq/MCHP/MCHP_Weekly_20260503_070525.png
 delete mode 100644 charts/screenshots_nasdaq/MKSI/MKSI_1H_20260502_062222.png
 create mode 100644 charts/screenshots_nasdaq/MKSI/MKSI_1H_20260503_064818.png
 rename charts/screenshots_nasdaq/MKSI/{MKSI_4H_20260502_062222.png => MKSI_4H_20260503_064818.png} (100%)
 delete mode 100644 charts/screenshots_nasdaq/MKSI/MKSI_Daily_20260502_062222.png
 create mode 100644 charts/screenshots_nasdaq/MKSI/MKSI_Daily_20260503_064818.png
 delete mode 100644 charts/screenshots_nasdaq/MKSI/MKSI_Monthly_20260502_062222.png
 create mode 100644 charts/screenshots_nasdaq/MKSI/MKSI_Monthly_20260503_064818.png
 delete mode 100644 charts/screenshots_nasdaq/MKSI/MKSI_Weekly_20260502_062222.png
 create mode 100644 charts/screenshots_nasdaq/MKSI/MKSI_Weekly_20260503_064818.png
 delete mode 100644 charts/screenshots_nasdaq/MOD/MOD_1H_20260502_064000.png
 create mode 100644 charts/screenshots_nasdaq/MOD/MOD_1H_20260503_070556.png
 delete mode 100644 charts/screenshots_nasdaq/MOD/MOD_4H_20260502_064000.png
 create mode 100644 charts/screenshots_nasdaq/MOD/MOD_4H_20260503_070556.png
 delete mode 100644 charts/screenshots_nasdaq/MOD/MOD_Daily_20260502_064000.png
 create mode 100644 charts/screenshots_nasdaq/MOD/MOD_Daily_20260503_070556.png
 delete mode 100644 charts/screenshots_nasdaq/MOD/MOD_Monthly_20260502_064000.png
 create mode 100644 charts/screenshots_nasdaq/MOD/MOD_Monthly_20260503_070556.png
 rename charts/screenshots_nasdaq/MOD/{MOD_Weekly_20260502_064000.png => MOD_Weekly_20260503_070556.png} (100%)
 delete mode 100644 charts/screenshots_nasdaq/MPWR/MPWR_1H_20260502_055549.png
 create mode 100644 charts/screenshots_nasdaq/MPWR/MPWR_1H_20260503_062132.png
 delete mode 100644 charts/screenshots_nasdaq/MPWR/MPWR_4H_20260502_055549.png
 create mode 100644 charts/screenshots_nasdaq/MPWR/MPWR_4H_20260503_062132.png
 delete mode 100644 charts/screenshots_nasdaq/MPWR/MPWR_Daily_20260502_055549.png
 create mode 100644 charts/screenshots_nasdaq/MPWR/MPWR_Daily_20260503_062132.png
 delete mode 100644 charts/screenshots_nasdaq/MPWR/MPWR_Monthly_20260502_055549.png
 create mode 100644 charts/screenshots_nasdaq/MPWR/MPWR_Monthly_20260503_062132.png
 delete mode 100644 charts/screenshots_nasdaq/MPWR/MPWR_Weekly_20260502_055549.png
 create mode 100644 charts/screenshots_nasdaq/MPWR/MPWR_Weekly_20260503_062132.png
 rename charts/screenshots_nasdaq/MRVL/{MRVL_1H_20260502_062702.png => MRVL_1H_20260503_065301.png} (52%)
 delete mode 100644 charts/screenshots_nasdaq/MRVL/MRVL_4H_20260502_062702.png
 create mode 100644 charts/screenshots_nasdaq/MRVL/MRVL_4H_20260503_065301.png
 delete mode 100644 charts/screenshots_nasdaq/MRVL/MRVL_Daily_20260502_062702.png
 create mode 100644 charts/screenshots_nasdaq/MRVL/MRVL_Daily_20260503_065301.png
 delete mode 100644 charts/screenshots_nasdaq/MRVL/MRVL_Monthly_20260502_062702.png
 create mode 100644 charts/screenshots_nasdaq/MRVL/MRVL_Monthly_20260503_065301.png
 delete mode 100644 charts/screenshots_nasdaq/MRVL/MRVL_Weekly_20260502_062702.png
 create mode 100644 charts/screenshots_nasdaq/MRVL/MRVL_Weekly_20260503_065301.png
 delete mode 100644 charts/screenshots_nasdaq/MTCH/MTCH_1H_20260502_060107.png
 create mode 100644 charts/screenshots_nasdaq/MTCH/MTCH_1H_20260503_062652.png
 delete mode 100644 charts/screenshots_nasdaq/MTCH/MTCH_4H_20260502_060107.png
 create mode 100644 charts/screenshots_nasdaq/MTCH/MTCH_4H_20260503_062652.png
 delete mode 100644 charts/screenshots_nasdaq/MTCH/MTCH_Daily_20260502_060107.png
 create mode 100644 charts/screenshots_nasdaq/MTCH/MTCH_Daily_20260503_062652.png
 delete mode 100644 charts/screenshots_nasdaq/MTCH/MTCH_Monthly_20260502_060107.png
 create mode 100644 charts/screenshots_nasdaq/MTCH/MTCH_Monthly_20260503_062652.png
 delete mode 100644 charts/screenshots_nasdaq/MTCH/MTCH_Weekly_20260502_060107.png
 create mode 100644 charts/screenshots_nasdaq/MTCH/MTCH_Weekly_20260503_062652.png
 delete mode 100644 charts/screenshots_nasdaq/MTSI/MTSI_1H_20260502_063315.png
 create mode 100644 charts/screenshots_nasdaq/MTSI/MTSI_1H_20260503_065910.png
 delete mode 100644 charts/screenshots_nasdaq/MTSI/MTSI_4H_20260502_063315.png
 create mode 100644 charts/screenshots_nasdaq/MTSI/MTSI_4H_20260503_065910.png
 delete mode 100644 charts/screenshots_nasdaq/MTSI/MTSI_Daily_20260502_063315.png
 create mode 100644 charts/screenshots_nasdaq/MTSI/MTSI_Daily_20260503_065910.png
 delete mode 100644 charts/screenshots_nasdaq/MTSI/MTSI_Monthly_20260502_063315.png
 create mode 100644 charts/screenshots_nasdaq/MTSI/MTSI_Monthly_20260503_065910.png
 delete mode 100644 charts/screenshots_nasdaq/MTSI/MTSI_Weekly_20260502_063315.png
 create mode 100644 charts/screenshots_nasdaq/MTSI/MTSI_Weekly_20260503_065910.png
 delete mode 100644 charts/screenshots_nasdaq/MTZ/MTZ_1H_20260502_064619.png
 create mode 100644 charts/screenshots_nasdaq/MTZ/MTZ_1H_20260503_071212.png
 delete mode 100644 charts/screenshots_nasdaq/MTZ/MTZ_4H_20260502_064619.png
 create mode 100644 charts/screenshots_nasdaq/MTZ/MTZ_4H_20260503_071212.png
 delete mode 100644 charts/screenshots_nasdaq/MTZ/MTZ_Daily_20260502_064619.png
 create mode 100644 charts/screenshots_nasdaq/MTZ/MTZ_Daily_20260503_071212.png
 delete mode 100644 charts/screenshots_nasdaq/MTZ/MTZ_Monthly_20260502_064619.png
 create mode 100644 charts/screenshots_nasdaq/MTZ/MTZ_Monthly_20260503_071212.png
 rename charts/screenshots_nasdaq/MTZ/{MTZ_Weekly_20260502_064619.png => MTZ_Weekly_20260503_071212.png} (100%)
 delete mode 100644 charts/screenshots_nasdaq/MU/MU_1H_20260502_060819.png
 create mode 100644 charts/screenshots_nasdaq/MU/MU_1H_20260503_063408.png
 delete mode 100644 charts/screenshots_nasdaq/MU/MU_4H_20260502_060819.png
 create mode 100644 charts/screenshots_nasdaq/MU/MU_4H_20260503_063408.png
 delete mode 100644 charts/screenshots_nasdaq/MU/MU_Daily_20260502_060819.png
 create mode 100644 charts/screenshots_nasdaq/MU/MU_Daily_20260503_063408.png
 delete mode 100644 charts/screenshots_nasdaq/MU/MU_Monthly_20260502_060819.png
 create mode 100644 charts/screenshots_nasdaq/MU/MU_Monthly_20260503_063408.png
 delete mode 100644 charts/screenshots_nasdaq/MU/MU_Weekly_20260502_060819.png
 create mode 100644 charts/screenshots_nasdaq/MU/MU_Weekly_20260503_063408.png
 delete mode 100644 charts/screenshots_nasdaq/MUSA/MUSA_1H_20260502_065640.png
 create mode 100644 charts/screenshots_nasdaq/MUSA/MUSA_1H_20260503_072306.png
 delete mode 100644 charts/screenshots_nasdaq/MUSA/MUSA_4H_20260502_065640.png
 create mode 100644 charts/screenshots_nasdaq/MUSA/MUSA_4H_20260503_072306.png
 rename charts/screenshots_nasdaq/MUSA/{MUSA_Daily_20260502_065640.png => MUSA_Daily_20260503_072306.png} (100%)
 delete mode 100644 charts/screenshots_nasdaq/MUSA/MUSA_Monthly_20260502_065640.png
 create mode 100644 charts/screenshots_nasdaq/MUSA/MUSA_Monthly_20260503_072306.png
 delete mode 100644 charts/screenshots_nasdaq/MUSA/MUSA_Weekly_20260502_065640.png
 create mode 100644 charts/screenshots_nasdaq/MUSA/MUSA_Weekly_20260503_072306.png
 delete mode 100644 charts/screenshots_nasdaq/MXL/MXL_1H_20260502_064957.png
 create mode 100644 charts/screenshots_nasdaq/MXL/MXL_1H_20260503_071615.png
 delete mode 100644 charts/screenshots_nasdaq/MXL/MXL_4H_20260502_064957.png
 create mode 100644 charts/screenshots_nasdaq/MXL/MXL_4H_20260503_071615.png
 delete mode 100644 charts/screenshots_nasdaq/MXL/MXL_Daily_20260502_064957.png
 create mode 100644 charts/screenshots_nasdaq/MXL/MXL_Daily_20260503_071615.png
 delete mode 100644 charts/screenshots_nasdaq/MXL/MXL_Monthly_20260502_064957.png
 create mode 100644 charts/screenshots_nasdaq/MXL/MXL_Monthly_20260503_071615.png
 rename charts/screenshots_nasdaq/MXL/{MXL_Weekly_20260502_064957.png => MXL_Weekly_20260503_071615.png} (100%)
 delete mode 100644 charts/screenshots_nasdaq/MYRG/MYRG_1H_20260502_065712.png
 create mode 100644 charts/screenshots_nasdaq/MYRG/MYRG_1H_20260503_072338.png
 delete mode 100644 charts/screenshots_nasdaq/MYRG/MYRG_4H_20260502_065712.png
 create mode 100644 charts/screenshots_nasdaq/MYRG/MYRG_4H_20260503_072338.png
 rename charts/screenshots_nasdaq/MYRG/{MYRG_Daily_20260502_065712.png => MYRG_Daily_20260503_072338.png} (100%)
 delete mode 100644 charts/screenshots_nasdaq/MYRG/MYRG_Monthly_20260502_065712.png
 create mode 100644 charts/screenshots_nasdaq/MYRG/MYRG_Monthly_20260503_072338.png
 delete mode 100644 charts/screenshots_nasdaq/MYRG/MYRG_Weekly_20260502_065712.png
 create mode 100644 charts/screenshots_nasdaq/MYRG/MYRG_Weekly_20260503_072338.png
 rename charts/screenshots_nasdaq/NOK/{NOK_1H_20260502_065232.png => NOK_1H_20260503_071852.png} (100%)
 delete mode 100644 charts/screenshots_nasdaq/NOK/NOK_4H_20260502_065232.png
 create mode 100644 charts/screenshots_nasdaq/NOK/NOK_4H_20260503_071852.png
 delete mode 100644 charts/screenshots_nasdaq/NOK/NOK_Daily_20260502_065232.png
 create mode 100644 charts/screenshots_nasdaq/NOK/NOK_Daily_20260503_071852.png
 delete mode 100644 charts/screenshots_nasdaq/NOK/NOK_Monthly_20260502_065232.png
 create mode 100644 charts/screenshots_nasdaq/NOK/NOK_Monthly_20260503_071852.png
 delete mode 100644 charts/screenshots_nasdaq/NOK/NOK_Weekly_20260502_065232.png
 create mode 100644 charts/screenshots_nasdaq/NOK/NOK_Weekly_20260503_071852.png
 delete mode 100644 charts/screenshots_nasdaq/NTLA/NTLA_1H_20260502_053811.png
 create mode 100644 charts/screenshots_nasdaq/NTLA/NTLA_1H_20260503_060243.png
 delete mode 100644 charts/screenshots_nasdaq/NTLA/NTLA_4H_20260502_053811.png
 create mode 100644 charts/screenshots_nasdaq/NTLA/NTLA_4H_20260503_060243.png
 delete mode 100644 charts/screenshots_nasdaq/NTLA/NTLA_Daily_20260502_053811.png
 create mode 100644 charts/screenshots_nasdaq/NTLA/NTLA_Daily_20260503_060243.png
 delete mode 100644 charts/screenshots_nasdaq/NTLA/NTLA_Monthly_20260502_053811.png
 create mode 100644 charts/screenshots_nasdaq/NTLA/NTLA_Monthly_20260503_060243.png
 delete mode 100644 charts/screenshots_nasdaq/NTLA/NTLA_Weekly_20260502_053811.png
 create mode 100644 charts/screenshots_nasdaq/NTLA/NTLA_Weekly_20260503_060243.png
 delete mode 100644 charts/screenshots_nasdaq/NUE/NUE_1H_20260502_064031.png
 create mode 100644 charts/screenshots_nasdaq/NUE/NUE_1H_20260503_070628.png
 delete mode 100644 charts/screenshots_nasdaq/NUE/NUE_4H_20260502_064031.png
 create mode 100644 charts/screenshots_nasdaq/NUE/NUE_4H_20260503_070628.png
 delete mode 100644 charts/screenshots_nasdaq/NUE/NUE_Daily_20260502_064031.png
 create mode 100644 charts/screenshots_nasdaq/NUE/NUE_Daily_20260503_070628.png
 delete mode 100644 charts/screenshots_nasdaq/NUE/NUE_Monthly_20260502_064031.png
 create mode 100644 charts/screenshots_nasdaq/NUE/NUE_Monthly_20260503_070628.png
 delete mode 100644 charts/screenshots_nasdaq/NUE/NUE_Weekly_20260502_064031.png
 create mode 100644 charts/screenshots_nasdaq/NUE/NUE_Weekly_20260503_070628.png
 delete mode 100644 charts/screenshots_nasdaq/NVT/NVT_1H_20260502_065303.png
 create mode 100644 charts/screenshots_nasdaq/NVT/NVT_1H_20260503_071923.png
 delete mode 100644 charts/screenshots_nasdaq/NVT/NVT_4H_20260502_065303.png
 create mode 100644 charts/screenshots_nasdaq/NVT/NVT_4H_20260503_071923.png
 delete mode 100644 charts/screenshots_nasdaq/NVT/NVT_Daily_20260502_065303.png
 create mode 100644 charts/screenshots_nasdaq/NVT/NVT_Daily_20260503_071923.png
 delete mode 100644 charts/screenshots_nasdaq/NVT/NVT_Monthly_20260502_065303.png
 create mode 100644 charts/screenshots_nasdaq/NVT/NVT_Monthly_20260503_071923.png
 delete mode 100644 charts/screenshots_nasdaq/NVT/NVT_Weekly_20260502_065303.png
 create mode 100644 charts/screenshots_nasdaq/NVT/NVT_Weekly_20260503_071923.png
 delete mode 100644 charts/screenshots_nasdaq/NXPI/NXPI_1H_20260502_065743.png
 create mode 100644 charts/screenshots_nasdaq/NXPI/NXPI_1H_20260503_072409.png
 delete mode 100644 charts/screenshots_nasdaq/NXPI/NXPI_4H_20260502_065743.png
 create mode 100644 charts/screenshots_nasdaq/NXPI/NXPI_4H_20260503_072409.png
 delete mode 100644 charts/screenshots_nasdaq/NXPI/NXPI_Daily_20260502_065743.png
 create mode 100644 charts/screenshots_nasdaq/NXPI/NXPI_Daily_20260503_072409.png
 delete mode 100644 charts/screenshots_nasdaq/NXPI/NXPI_Monthly_20260502_065743.png
 create mode 100644 charts/screenshots_nasdaq/NXPI/NXPI_Monthly_20260503_072409.png
 delete mode 100644 charts/screenshots_nasdaq/NXPI/NXPI_Weekly_20260502_065743.png
 create mode 100644 charts/screenshots_nasdaq/NXPI/NXPI_Weekly_20260503_072409.png
 delete mode 100644 charts/screenshots_nasdaq/OGN/OGN_1H_20260502_063346.png
 create mode 100644 charts/screenshots_nasdaq/OGN/OGN_1H_20260503_065941.png
 delete mode 100644 charts/screenshots_nasdaq/OGN/OGN_4H_20260502_063346.png
 create mode 100644 charts/screenshots_nasdaq/OGN/OGN_4H_20260503_065941.png
 delete mode 100644 charts/screenshots_nasdaq/OGN/OGN_Daily_20260502_063346.png
 create mode 100644 charts/screenshots_nasdaq/OGN/OGN_Daily_20260503_065941.png
 delete mode 100644 charts/screenshots_nasdaq/OGN/OGN_Monthly_20260502_063346.png
 create mode 100644 charts/screenshots_nasdaq/OGN/OGN_Monthly_20260503_065941.png
 delete mode 100644 charts/screenshots_nasdaq/OGN/OGN_Weekly_20260502_063346.png
 create mode 100644 charts/screenshots_nasdaq/OGN/OGN_Weekly_20260503_065941.png
 delete mode 100644 charts/screenshots_nasdaq/ON/ON_1H_20260502_064651.png
 create mode 100644 charts/screenshots_nasdaq/ON/ON_1H_20260503_071306.png
 delete mode 100644 charts/screenshots_nasdaq/ON/ON_4H_20260502_064651.png
 create mode 100644 charts/screenshots_nasdaq/ON/ON_4H_20260503_071306.png
 delete mode 100644 charts/screenshots_nasdaq/ON/ON_Daily_20260502_064651.png
 create mode 100644 charts/screenshots_nasdaq/ON/ON_Daily_20260503_071306.png
 delete mode 100644 charts/screenshots_nasdaq/ON/ON_Monthly_20260502_064651.png
 create mode 100644 charts/screenshots_nasdaq/ON/ON_Monthly_20260503_071306.png
 rename charts/screenshots_nasdaq/ON/{ON_Weekly_20260502_064651.png => ON_Weekly_20260503_071306.png} (75%)
 delete mode 100644 charts/screenshots_nasdaq/PLXS/PLXS_1H_20260502_065815.png
 create mode 100644 charts/screenshots_nasdaq/PLXS/PLXS_1H_20260503_072441.png
 delete mode 100644 charts/screenshots_nasdaq/PLXS/PLXS_4H_20260502_065815.png
 create mode 100644 charts/screenshots_nasdaq/PLXS/PLXS_4H_20260503_072441.png
 delete mode 100644 charts/screenshots_nasdaq/PLXS/PLXS_Daily_20260502_065815.png
 create mode 100644 charts/screenshots_nasdaq/PLXS/PLXS_Daily_20260503_072441.png
 delete mode 100644 charts/screenshots_nasdaq/PLXS/PLXS_Monthly_20260502_065815.png
 create mode 100644 charts/screenshots_nasdaq/PLXS/PLXS_Monthly_20260503_072441.png
 delete mode 100644 charts/screenshots_nasdaq/PLXS/PLXS_Weekly_20260502_065815.png
 create mode 100644 charts/screenshots_nasdaq/PLXS/PLXS_Weekly_20260503_072441.png
 delete mode 100644 charts/screenshots_nasdaq/PODD/PODD_1H_20260502_054323.png
 create mode 100644 charts/screenshots_nasdaq/PODD/PODD_1H_20260503_060815.png
 delete mode 100644 charts/screenshots_nasdaq/PODD/PODD_4H_20260502_054323.png
 create mode 100644 charts/screenshots_nasdaq/PODD/PODD_4H_20260503_060815.png
 delete mode 100644 charts/screenshots_nasdaq/PODD/PODD_Daily_20260502_054323.png
 create mode 100644 charts/screenshots_nasdaq/PODD/PODD_Daily_20260503_060815.png
 delete mode 100644 charts/screenshots_nasdaq/PODD/PODD_Monthly_20260502_054323.png
 create mode 100644 charts/screenshots_nasdaq/PODD/PODD_Monthly_20260503_060815.png
 delete mode 100644 charts/screenshots_nasdaq/PODD/PODD_Weekly_20260502_054323.png
 create mode 100644 charts/screenshots_nasdaq/PODD/PODD_Weekly_20260503_060815.png
 delete mode 100644 charts/screenshots_nasdaq/POET/POET_1H_20260502_061607.png
 create mode 100644 charts/screenshots_nasdaq/POET/POET_1H_20260503_064203.png
 delete mode 100644 charts/screenshots_nasdaq/POET/POET_4H_20260502_061607.png
 create mode 100644 charts/screenshots_nasdaq/POET/POET_4H_20260503_064203.png
 rename charts/screenshots_nasdaq/POET/{POET_Daily_20260502_061607.png => POET_Daily_20260503_064203.png} (100%)
 delete mode 100644 charts/screenshots_nasdaq/POET/POET_Monthly_20260502_061607.png
 create mode 100644 charts/screenshots_nasdaq/POET/POET_Monthly_20260503_064203.png
 delete mode 100644 charts/screenshots_nasdaq/POET/POET_Weekly_20260502_061607.png
 create mode 100644 charts/screenshots_nasdaq/POET/POET_Weekly_20260503_064203.png
 delete mode 100644 charts/screenshots_nasdaq/POWI/POWI_1H_20260502_054803.png
 create mode 100644 charts/screenshots_nasdaq/POWI/POWI_1H_20260503_061328.png
 delete mode 100644 charts/screenshots_nasdaq/POWI/POWI_4H_20260502_054803.png
 create mode 100644 charts/screenshots_nasdaq/POWI/POWI_4H_20260503_061328.png
 delete mode 100644 charts/screenshots_nasdaq/POWI/POWI_Daily_20260502_054803.png
 create mode 100644 charts/screenshots_nasdaq/POWI/POWI_Daily_20260503_061328.png
 delete mode 100644 charts/screenshots_nasdaq/POWI/POWI_Monthly_20260502_054803.png
 create mode 100644 charts/screenshots_nasdaq/POWI/POWI_Monthly_20260503_061328.png
 delete mode 100644 charts/screenshots_nasdaq/POWI/POWI_Weekly_20260502_054803.png
 create mode 100644 charts/screenshots_nasdaq/POWI/POWI_Weekly_20260503_061328.png
 delete mode 100644 charts/screenshots_nasdaq/POWL/POWL_1H_20260502_064107.png
 create mode 100644 charts/screenshots_nasdaq/POWL/POWL_1H_20260503_070659.png
 delete mode 100644 charts/screenshots_nasdaq/POWL/POWL_4H_20260502_064107.png
 create mode 100644 charts/screenshots_nasdaq/POWL/POWL_4H_20260503_070659.png
 delete mode 100644 charts/screenshots_nasdaq/POWL/POWL_Daily_20260502_064107.png
 create mode 100644 charts/screenshots_nasdaq/POWL/POWL_Daily_20260503_070659.png
 delete mode 100644 charts/screenshots_nasdaq/POWL/POWL_Monthly_20260502_064107.png
 create mode 100644 charts/screenshots_nasdaq/POWL/POWL_Monthly_20260503_070659.png
 delete mode 100644 charts/screenshots_nasdaq/POWL/POWL_Weekly_20260502_064107.png
 create mode 100644 charts/screenshots_nasdaq/POWL/POWL_Weekly_20260503_070659.png
 delete mode 100644 charts/screenshots_nasdaq/PRIM/PRIM_1H_20260502_060851.png
 create mode 100644 charts/screenshots_nasdaq/PRIM/PRIM_1H_20260503_063440.png
 delete mode 100644 charts/screenshots_nasdaq/PRIM/PRIM_4H_20260502_060851.png
 create mode 100644 charts/screenshots_nasdaq/PRIM/PRIM_4H_20260503_063440.png
 delete mode 100644 charts/screenshots_nasdaq/PRIM/PRIM_Daily_20260502_060851.png
 create mode 100644 charts/screenshots_nasdaq/PRIM/PRIM_Daily_20260503_063440.png
 delete mode 100644 charts/screenshots_nasdaq/PRIM/PRIM_Monthly_20260502_060851.png
 create mode 100644 charts/screenshots_nasdaq/PRIM/PRIM_Monthly_20260503_063440.png
 delete mode 100644 charts/screenshots_nasdaq/PRIM/PRIM_Weekly_20260502_060851.png
 create mode 100644 charts/screenshots_nasdaq/PRIM/PRIM_Weekly_20260503_063440.png
 delete mode 100644 charts/screenshots_nasdaq/PWR/PWR_1H_20260502_064722.png
 create mode 100644 charts/screenshots_nasdaq/PWR/PWR_1H_20260503_071337.png
 delete mode 100644 charts/screenshots_nasdaq/PWR/PWR_4H_20260502_064722.png
 create mode 100644 charts/screenshots_nasdaq/PWR/PWR_4H_20260503_071337.png
 delete mode 100644 charts/screenshots_nasdaq/PWR/PWR_Daily_20260502_064722.png
 create mode 100644 charts/screenshots_nasdaq/PWR/PWR_Daily_20260503_071337.png
 delete mode 100644 charts/screenshots_nasdaq/PWR/PWR_Monthly_20260502_064722.png
 create mode 100644 charts/screenshots_nasdaq/PWR/PWR_Monthly_20260503_071337.png
 delete mode 100644 charts/screenshots_nasdaq/PWR/PWR_Weekly_20260502_064722.png
 create mode 100644 charts/screenshots_nasdaq/PWR/PWR_Weekly_20260503_071337.png
 delete mode 100644 charts/screenshots_nasdaq/R/R_1H_20260502_060922.png
 create mode 100644 charts/screenshots_nasdaq/R/R_1H_20260503_063510.png
 delete mode 100644 charts/screenshots_nasdaq/R/R_4H_20260502_060922.png
 create mode 100644 charts/screenshots_nasdaq/R/R_4H_20260503_063510.png
 delete mode 100644 charts/screenshots_nasdaq/R/R_Daily_20260502_060922.png
 create mode 100644 charts/screenshots_nasdaq/R/R_Daily_20260503_063510.png
 delete mode 100644 charts/screenshots_nasdaq/R/R_Monthly_20260502_060922.png
 create mode 100644 charts/screenshots_nasdaq/R/R_Monthly_20260503_063510.png
 delete mode 100644 charts/screenshots_nasdaq/R/R_Weekly_20260502_060922.png
 create mode 100644 charts/screenshots_nasdaq/R/R_Weekly_20260503_063510.png
 delete mode 100644 charts/screenshots_nasdaq/RNG/RNG_1H_20260502_064138.png
 create mode 100644 charts/screenshots_nasdaq/RNG/RNG_1H_20260503_070730.png
 delete mode 100644 charts/screenshots_nasdaq/RNG/RNG_4H_20260502_064138.png
 create mode 100644 charts/screenshots_nasdaq/RNG/RNG_4H_20260503_070730.png
 delete mode 100644 charts/screenshots_nasdaq/RNG/RNG_Daily_20260502_064138.png
 create mode 100644 charts/screenshots_nasdaq/RNG/RNG_Daily_20260503_070730.png
 delete mode 100644 charts/screenshots_nasdaq/RNG/RNG_Monthly_20260502_064138.png
 create mode 100644 charts/screenshots_nasdaq/RNG/RNG_Monthly_20260503_070730.png
 delete mode 100644 charts/screenshots_nasdaq/RNG/RNG_Weekly_20260502_064138.png
 create mode 100644 charts/screenshots_nasdaq/RNG/RNG_Weekly_20260503_070730.png
 delete mode 100644 charts/screenshots_nasdaq/ROKU/ROKU_1H_20260502_055038.png
 create mode 100644 charts/screenshots_nasdaq/ROKU/ROKU_1H_20260503_061604.png
 rename charts/screenshots_nasdaq/ROKU/{ROKU_4H_20260502_055038.png => ROKU_4H_20260503_061604.png} (81%)
 delete mode 100644 charts/screenshots_nasdaq/ROKU/ROKU_Daily_20260502_055038.png
 create mode 100644 charts/screenshots_nasdaq/ROKU/ROKU_Daily_20260503_061604.png
 delete mode 100644 charts/screenshots_nasdaq/ROKU/ROKU_Monthly_20260502_055038.png
 create mode 100644 charts/screenshots_nasdaq/ROKU/ROKU_Monthly_20260503_061604.png
 delete mode 100644 charts/screenshots_nasdaq/ROKU/ROKU_Weekly_20260502_055038.png
 create mode 100644 charts/screenshots_nasdaq/ROKU/ROKU_Weekly_20260503_061604.png
 delete mode 100644 charts/screenshots_nasdaq/RS/RS_1H_20260502_064210.png
 create mode 100644 charts/screenshots_nasdaq/RS/RS_1H_20260503_070801.png
 delete mode 100644 charts/screenshots_nasdaq/RS/RS_4H_20260502_064210.png
 create mode 100644 charts/screenshots_nasdaq/RS/RS_4H_20260503_070801.png
 delete mode 100644 charts/screenshots_nasdaq/RS/RS_Daily_20260502_064210.png
 create mode 100644 charts/screenshots_nasdaq/RS/RS_Daily_20260503_070801.png
 delete mode 100644 charts/screenshots_nasdaq/RS/RS_Monthly_20260502_064210.png
 create mode 100644 charts/screenshots_nasdaq/RS/RS_Monthly_20260503_070801.png
 delete mode 100644 charts/screenshots_nasdaq/RS/RS_Weekly_20260502_064210.png
 create mode 100644 charts/screenshots_nasdaq/RS/RS_Weekly_20260503_070801.png
 delete mode 100644 charts/screenshots_nasdaq/SAIA/SAIA_1H_20260502_062253.png
 create mode 100644 charts/screenshots_nasdaq/SAIA/SAIA_1H_20260503_064850.png
 delete mode 100644 charts/screenshots_nasdaq/SAIA/SAIA_4H_20260502_062253.png
 create mode 100644 charts/screenshots_nasdaq/SAIA/SAIA_4H_20260503_064850.png
 delete mode 100644 charts/screenshots_nasdaq/SAIA/SAIA_Daily_20260502_062253.png
 create mode 100644 charts/screenshots_nasdaq/SAIA/SAIA_Daily_20260503_064850.png
 delete mode 100644 charts/screenshots_nasdaq/SAIA/SAIA_Monthly_20260502_062253.png
 create mode 100644 charts/screenshots_nasdaq/SAIA/SAIA_Monthly_20260503_064850.png
 delete mode 100644 charts/screenshots_nasdaq/SAIA/SAIA_Weekly_20260502_062253.png
 create mode 100644 charts/screenshots_nasdaq/SAIA/SAIA_Weekly_20260503_064850.png
 delete mode 100644 charts/screenshots_nasdaq/SANM/SANM_1H_20260502_065335.png
 create mode 100644 charts/screenshots_nasdaq/SANM/SANM_1H_20260503_071954.png
 delete mode 100644 charts/screenshots_nasdaq/SANM/SANM_4H_20260502_065335.png
 create mode 100644 charts/screenshots_nasdaq/SANM/SANM_4H_20260503_071954.png
 delete mode 100644 charts/screenshots_nasdaq/SANM/SANM_Daily_20260502_065335.png
 create mode 100644 charts/screenshots_nasdaq/SANM/SANM_Daily_20260503_071954.png
 delete mode 100644 charts/screenshots_nasdaq/SANM/SANM_Monthly_20260502_065335.png
 create mode 100644 charts/screenshots_nasdaq/SANM/SANM_Monthly_20260503_071954.png
 delete mode 100644 charts/screenshots_nasdaq/SANM/SANM_Weekly_20260502_065335.png
 create mode 100644 charts/screenshots_nasdaq/SANM/SANM_Weekly_20260503_071954.png
 delete mode 100644 charts/screenshots_nasdaq/SEI/SEI_1H_20260502_055620.png
 create mode 100644 charts/screenshots_nasdaq/SEI/SEI_1H_20260503_062203.png
 delete mode 100644 charts/screenshots_nasdaq/SEI/SEI_4H_20260502_055620.png
 create mode 100644 charts/screenshots_nasdaq/SEI/SEI_4H_20260503_062203.png
 delete mode 100644 charts/screenshots_nasdaq/SEI/SEI_Daily_20260502_055620.png
 create mode 100644 charts/screenshots_nasdaq/SEI/SEI_Daily_20260503_062203.png
 delete mode 100644 charts/screenshots_nasdaq/SEI/SEI_Monthly_20260502_055620.png
 create mode 100644 charts/screenshots_nasdaq/SEI/SEI_Monthly_20260503_062203.png
 delete mode 100644 charts/screenshots_nasdaq/SEI/SEI_Weekly_20260502_055620.png
 create mode 100644 charts/screenshots_nasdaq/SEI/SEI_Weekly_20260503_062203.png
 delete mode 100644 charts/screenshots_nasdaq/SEZL/SEZL_1H_20260502_061639.png
 create mode 100644 charts/screenshots_nasdaq/SEZL/SEZL_1H_20260503_064235.png
 delete mode 100644 charts/screenshots_nasdaq/SEZL/SEZL_4H_20260502_061639.png
 create mode 100644 charts/screenshots_nasdaq/SEZL/SEZL_4H_20260503_064235.png
 delete mode 100644 charts/screenshots_nasdaq/SEZL/SEZL_Daily_20260502_061639.png
 create mode 100644 charts/screenshots_nasdaq/SEZL/SEZL_Daily_20260503_064235.png
 delete mode 100644 charts/screenshots_nasdaq/SEZL/SEZL_Monthly_20260502_061639.png
 create mode 100644 charts/screenshots_nasdaq/SEZL/SEZL_Monthly_20260503_064235.png
 delete mode 100644 charts/screenshots_nasdaq/SEZL/SEZL_Weekly_20260502_061639.png
 create mode 100644 charts/screenshots_nasdaq/SEZL/SEZL_Weekly_20260503_064235.png
 delete mode 100644 charts/screenshots_nasdaq/SGML/SGML_1H_20260502_055825.png
 create mode 100644 charts/screenshots_nasdaq/SGML/SGML_1H_20260503_062410.png
 delete mode 100644 charts/screenshots_nasdaq/SGML/SGML_4H_20260502_055825.png
 create mode 100644 charts/screenshots_nasdaq/SGML/SGML_4H_20260503_062410.png
 delete mode 100644 charts/screenshots_nasdaq/SGML/SGML_Daily_20260502_055825.png
 create mode 100644 charts/screenshots_nasdaq/SGML/SGML_Daily_20260503_062410.png
 delete mode 100644 charts/screenshots_nasdaq/SGML/SGML_Monthly_20260502_055825.png
 create mode 100644 charts/screenshots_nasdaq/SGML/SGML_Monthly_20260503_062410.png
 delete mode 100644 charts/screenshots_nasdaq/SGML/SGML_Weekly_20260502_055825.png
 create mode 100644 charts/screenshots_nasdaq/SGML/SGML_Weekly_20260503_062410.png
 delete mode 100644 charts/screenshots_nasdaq/SIMO/SIMO_1H_20260502_065405.png
 create mode 100644 charts/screenshots_nasdaq/SIMO/SIMO_1H_20260503_072026.png
 delete mode 100644 charts/screenshots_nasdaq/SIMO/SIMO_4H_20260502_065405.png
 create mode 100644 charts/screenshots_nasdaq/SIMO/SIMO_4H_20260503_072026.png
 delete mode 100644 charts/screenshots_nasdaq/SIMO/SIMO_Daily_20260502_065405.png
 create mode 100644 charts/screenshots_nasdaq/SIMO/SIMO_Daily_20260503_072026.png
 delete mode 100644 charts/screenshots_nasdaq/SIMO/SIMO_Monthly_20260502_065405.png
 create mode 100644 charts/screenshots_nasdaq/SIMO/SIMO_Monthly_20260503_072026.png
 delete mode 100644 charts/screenshots_nasdaq/SIMO/SIMO_Weekly_20260502_065405.png
 create mode 100644 charts/screenshots_nasdaq/SIMO/SIMO_Weekly_20260503_072026.png
 delete mode 100644 charts/screenshots_nasdaq/SITM/SITM_1H_20260502_060953.png
 create mode 100644 charts/screenshots_nasdaq/SITM/SITM_1H_20260503_063546.png
 delete mode 100644 charts/screenshots_nasdaq/SITM/SITM_4H_20260502_060953.png
 create mode 100644 charts/screenshots_nasdaq/SITM/SITM_4H_20260503_063546.png
 delete mode 100644 charts/screenshots_nasdaq/SITM/SITM_Daily_20260502_060953.png
 create mode 100644 charts/screenshots_nasdaq/SITM/SITM_Daily_20260503_063546.png
 delete mode 100644 charts/screenshots_nasdaq/SITM/SITM_Monthly_20260502_060953.png
 create mode 100644 charts/screenshots_nasdaq/SITM/SITM_Monthly_20260503_063546.png
 delete mode 100644 charts/screenshots_nasdaq/SITM/SITM_Weekly_20260502_060953.png
 create mode 100644 charts/screenshots_nasdaq/SITM/SITM_Weekly_20260503_063546.png
 delete mode 100644 charts/screenshots_nasdaq/SKYQ/SKYQ_1H_20260502_054905.png
 create mode 100644 charts/screenshots_nasdaq/SKYQ/SKYQ_1H_20260503_061430.png
 delete mode 100644 charts/screenshots_nasdaq/SKYQ/SKYQ_4H_20260502_054905.png
 create mode 100644 charts/screenshots_nasdaq/SKYQ/SKYQ_4H_20260503_061430.png
 delete mode 100644 charts/screenshots_nasdaq/SKYQ/SKYQ_Daily_20260502_054905.png
 create mode 100644 charts/screenshots_nasdaq/SKYQ/SKYQ_Daily_20260503_061430.png
 delete mode 100644 charts/screenshots_nasdaq/SKYQ/SKYQ_Monthly_20260502_054905.png
 create mode 100644 charts/screenshots_nasdaq/SKYQ/SKYQ_Monthly_20260503_061430.png
 delete mode 100644 charts/screenshots_nasdaq/SKYQ/SKYQ_Weekly_20260502_054905.png
 create mode 100644 charts/screenshots_nasdaq/SKYQ/SKYQ_Weekly_20260503_061430.png
 rename charts/screenshots_nasdaq/SMTC/{SMTC_1H_20260502_062324.png => SMTC_1H_20260503_064921.png} (66%)
 delete mode 100644 charts/screenshots_nasdaq/SMTC/SMTC_4H_20260502_062324.png
 create mode 100644 charts/screenshots_nasdaq/SMTC/SMTC_4H_20260503_064921.png
 rename charts/screenshots_nasdaq/SMTC/{SMTC_Daily_20260502_062324.png => SMTC_Daily_20260503_064921.png} (100%)
 delete mode 100644 charts/screenshots_nasdaq/SMTC/SMTC_Monthly_20260502_062324.png
 create mode 100644 charts/screenshots_nasdaq/SMTC/SMTC_Monthly_20260503_064921.png
 delete mode 100644 charts/screenshots_nasdaq/SMTC/SMTC_Weekly_20260502_062324.png
 create mode 100644 charts/screenshots_nasdaq/SMTC/SMTC_Weekly_20260503_064921.png
 delete mode 100644 charts/screenshots_nasdaq/SNDK/SNDK_1H_20260502_061710.png
 create mode 100644 charts/screenshots_nasdaq/SNDK/SNDK_1H_20260503_064307.png
 delete mode 100644 charts/screenshots_nasdaq/SNDK/SNDK_4H_20260502_061710.png
 create mode 100644 charts/screenshots_nasdaq/SNDK/SNDK_4H_20260503_064307.png
 delete mode 100644 charts/screenshots_nasdaq/SNDK/SNDK_Daily_20260502_061710.png
 create mode 100644 charts/screenshots_nasdaq/SNDK/SNDK_Daily_20260503_064307.png
 delete mode 100644 charts/screenshots_nasdaq/SNDK/SNDK_Monthly_20260502_061710.png
 create mode 100644 charts/screenshots_nasdaq/SNDK/SNDK_Monthly_20260503_064307.png
 delete mode 100644 charts/screenshots_nasdaq/SNDK/SNDK_Weekly_20260502_061710.png
 create mode 100644 charts/screenshots_nasdaq/SNDK/SNDK_Weekly_20260503_064307.png
 delete mode 100644 charts/screenshots_nasdaq/SNEX/SNEX_1H_20260502_061024.png
 create mode 100644 charts/screenshots_nasdaq/SNEX/SNEX_1H_20260503_063617.png
 delete mode 100644 charts/screenshots_nasdaq/SNEX/SNEX_4H_20260502_061024.png
 create mode 100644 charts/screenshots_nasdaq/SNEX/SNEX_4H_20260503_063617.png
 delete mode 100644 charts/screenshots_nasdaq/SNEX/SNEX_Daily_20260502_061024.png
 create mode 100644 charts/screenshots_nasdaq/SNEX/SNEX_Daily_20260503_063617.png
 delete mode 100644 charts/screenshots_nasdaq/SNEX/SNEX_Monthly_20260502_061024.png
 create mode 100644 charts/screenshots_nasdaq/SNEX/SNEX_Monthly_20260503_063617.png
 delete mode 100644 charts/screenshots_nasdaq/SNEX/SNEX_Weekly_20260502_061024.png
 create mode 100644 charts/screenshots_nasdaq/SNEX/SNEX_Weekly_20260503_063617.png
 delete mode 100644 charts/screenshots_nasdaq/SNX/SNX_1H_20260502_064241.png
 create mode 100644 charts/screenshots_nasdaq/SNX/SNX_1H_20260503_070833.png
 delete mode 100644 charts/screenshots_nasdaq/SNX/SNX_4H_20260502_064241.png
 create mode 100644 charts/screenshots_nasdaq/SNX/SNX_4H_20260503_070833.png
 delete mode 100644 charts/screenshots_nasdaq/SNX/SNX_Daily_20260502_064241.png
 create mode 100644 charts/screenshots_nasdaq/SNX/SNX_Daily_20260503_070833.png
 delete mode 100644 charts/screenshots_nasdaq/SNX/SNX_Monthly_20260502_064241.png
 create mode 100644 charts/screenshots_nasdaq/SNX/SNX_Monthly_20260503_070833.png
 delete mode 100644 charts/screenshots_nasdaq/SNX/SNX_Weekly_20260502_064241.png
 create mode 100644 charts/screenshots_nasdaq/SNX/SNX_Weekly_20260503_070833.png
 rename charts/screenshots_nasdaq/SQM/{SQM_1H_20260502_061055.png => SQM_1H_20260503_063649.png} (100%)
 delete mode 100644 charts/screenshots_nasdaq/SQM/SQM_4H_20260502_061055.png
 create mode 100644 charts/screenshots_nasdaq/SQM/SQM_4H_20260503_063649.png
 delete mode 100644 charts/screenshots_nasdaq/SQM/SQM_Daily_20260502_061055.png
 create mode 100644 charts/screenshots_nasdaq/SQM/SQM_Daily_20260503_063649.png
 delete mode 100644 charts/screenshots_nasdaq/SQM/SQM_Monthly_20260502_061055.png
 create mode 100644 charts/screenshots_nasdaq/SQM/SQM_Monthly_20260503_063649.png
 delete mode 100644 charts/screenshots_nasdaq/SQM/SQM_Weekly_20260502_061055.png
 create mode 100644 charts/screenshots_nasdaq/SQM/SQM_Weekly_20260503_063649.png
 delete mode 100644 charts/screenshots_nasdaq/SRAD/SRAD_1H_20260502_054354.png
 create mode 100644 charts/screenshots_nasdaq/SRAD/SRAD_1H_20260503_060846.png
 delete mode 100644 charts/screenshots_nasdaq/SRAD/SRAD_4H_20260502_054354.png
 create mode 100644 charts/screenshots_nasdaq/SRAD/SRAD_4H_20260503_060846.png
 delete mode 100644 charts/screenshots_nasdaq/SRAD/SRAD_Daily_20260502_054354.png
 create mode 100644 charts/screenshots_nasdaq/SRAD/SRAD_Daily_20260503_060846.png
 delete mode 100644 charts/screenshots_nasdaq/SRAD/SRAD_Monthly_20260502_054354.png
 create mode 100644 charts/screenshots_nasdaq/SRAD/SRAD_Monthly_20260503_060846.png
 delete mode 100644 charts/screenshots_nasdaq/SRAD/SRAD_Weekly_20260502_054354.png
 create mode 100644 charts/screenshots_nasdaq/SRAD/SRAD_Weekly_20260503_060846.png
 delete mode 100644 charts/screenshots_nasdaq/SRPT/SRPT_1H_20260502_053843.png
 create mode 100644 charts/screenshots_nasdaq/SRPT/SRPT_1H_20260503_060334.png
 delete mode 100644 charts/screenshots_nasdaq/SRPT/SRPT_4H_20260502_053843.png
 create mode 100644 charts/screenshots_nasdaq/SRPT/SRPT_4H_20260503_060334.png
 delete mode 100644 charts/screenshots_nasdaq/SRPT/SRPT_Daily_20260502_053843.png
 create mode 100644 charts/screenshots_nasdaq/SRPT/SRPT_Daily_20260503_060334.png
 delete mode 100644 charts/screenshots_nasdaq/SRPT/SRPT_Monthly_20260502_053843.png
 create mode 100644 charts/screenshots_nasdaq/SRPT/SRPT_Monthly_20260503_060334.png
 delete mode 100644 charts/screenshots_nasdaq/SRPT/SRPT_Weekly_20260502_053843.png
 create mode 100644 charts/screenshots_nasdaq/SRPT/SRPT_Weekly_20260503_060334.png
 delete mode 100644 charts/screenshots_nasdaq/ST/ST_1H_20260502_055857.png
 create mode 100644 charts/screenshots_nasdaq/ST/ST_1H_20260503_062447.png
 delete mode 100644 charts/screenshots_nasdaq/ST/ST_4H_20260502_055857.png
 create mode 100644 charts/screenshots_nasdaq/ST/ST_4H_20260503_062447.png
 delete mode 100644 charts/screenshots_nasdaq/ST/ST_Daily_20260502_055857.png
 create mode 100644 charts/screenshots_nasdaq/ST/ST_Daily_20260503_062447.png
 delete mode 100644 charts/screenshots_nasdaq/ST/ST_Monthly_20260502_055857.png
 create mode 100644 charts/screenshots_nasdaq/ST/ST_Monthly_20260503_062447.png
 delete mode 100644 charts/screenshots_nasdaq/ST/ST_Weekly_20260502_055857.png
 create mode 100644 charts/screenshots_nasdaq/ST/ST_Weekly_20260503_062447.png
 delete mode 100644 charts/screenshots_nasdaq/STLD/STLD_1H_20260502_061741.png
 create mode 100644 charts/screenshots_nasdaq/STLD/STLD_1H_20260503_064338.png
 delete mode 100644 charts/screenshots_nasdaq/STLD/STLD_4H_20260502_061741.png
 create mode 100644 charts/screenshots_nasdaq/STLD/STLD_4H_20260503_064338.png
 delete mode 100644 charts/screenshots_nasdaq/STLD/STLD_Daily_20260502_061741.png
 create mode 100644 charts/screenshots_nasdaq/STLD/STLD_Daily_20260503_064338.png
 delete mode 100644 charts/screenshots_nasdaq/STLD/STLD_Monthly_20260502_061741.png
 create mode 100644 charts/screenshots_nasdaq/STLD/STLD_Monthly_20260503_064338.png
 delete mode 100644 charts/screenshots_nasdaq/STLD/STLD_Weekly_20260502_061741.png
 create mode 100644 charts/screenshots_nasdaq/STLD/STLD_Weekly_20260503_064338.png
 delete mode 100644 charts/screenshots_nasdaq/STM/STM_1H_20260502_065436.png
 create mode 100644 charts/screenshots_nasdaq/STM/STM_1H_20260503_072057.png
 delete mode 100644 charts/screenshots_nasdaq/STM/STM_4H_20260502_065436.png
 create mode 100644 charts/screenshots_nasdaq/STM/STM_4H_20260503_072057.png
 delete mode 100644 charts/screenshots_nasdaq/STM/STM_Daily_20260502_065436.png
 create mode 100644 charts/screenshots_nasdaq/STM/STM_Daily_20260503_072057.png
 delete mode 100644 charts/screenshots_nasdaq/STM/STM_Monthly_20260502_065436.png
 create mode 100644 charts/screenshots_nasdaq/STM/STM_Monthly_20260503_072057.png
 delete mode 100644 charts/screenshots_nasdaq/STM/STM_Weekly_20260502_065436.png
 create mode 100644 charts/screenshots_nasdaq/STM/STM_Weekly_20260503_072057.png
 delete mode 100644 charts/screenshots_nasdaq/STRL/STRL_1H_20260502_064312.png
 create mode 100644 charts/screenshots_nasdaq/STRL/STRL_1H_20260503_070904.png
 delete mode 100644 charts/screenshots_nasdaq/STRL/STRL_4H_20260502_064312.png
 create mode 100644 charts/screenshots_nasdaq/STRL/STRL_4H_20260503_070904.png
 delete mode 100644 charts/screenshots_nasdaq/STRL/STRL_Daily_20260502_064312.png
 create mode 100644 charts/screenshots_nasdaq/STRL/STRL_Daily_20260503_070904.png
 delete mode 100644 charts/screenshots_nasdaq/STRL/STRL_Monthly_20260502_064312.png
 create mode 100644 charts/screenshots_nasdaq/STRL/STRL_Monthly_20260503_070904.png
 delete mode 100644 charts/screenshots_nasdaq/STRL/STRL_Weekly_20260502_064312.png
 create mode 100644 charts/screenshots_nasdaq/STRL/STRL_Weekly_20260503_070904.png
 delete mode 100644 charts/screenshots_nasdaq/STT/STT_1H_20260502_061126.png
 create mode 100644 charts/screenshots_nasdaq/STT/STT_1H_20260503_063720.png
 delete mode 100644 charts/screenshots_nasdaq/STT/STT_4H_20260502_061126.png
 create mode 100644 charts/screenshots_nasdaq/STT/STT_4H_20260503_063720.png
 delete mode 100644 charts/screenshots_nasdaq/STT/STT_Daily_20260502_061126.png
 create mode 100644 charts/screenshots_nasdaq/STT/STT_Daily_20260503_063720.png
 delete mode 100644 charts/screenshots_nasdaq/STT/STT_Monthly_20260502_061126.png
 create mode 100644 charts/screenshots_nasdaq/STT/STT_Monthly_20260503_063720.png
 rename charts/screenshots_nasdaq/STT/{STT_Weekly_20260502_061126.png => STT_Weekly_20260503_063720.png} (71%)
 delete mode 100644 charts/screenshots_nasdaq/STX/STX_1H_20260502_065507.png
 create mode 100644 charts/screenshots_nasdaq/STX/STX_1H_20260503_072128.png
 delete mode 100644 charts/screenshots_nasdaq/STX/STX_4H_20260502_065507.png
 create mode 100644 charts/screenshots_nasdaq/STX/STX_4H_20260503_072128.png
 delete mode 100644 charts/screenshots_nasdaq/STX/STX_Daily_20260502_065507.png
 create mode 100644 charts/screenshots_nasdaq/STX/STX_Daily_20260503_072128.png
 delete mode 100644 charts/screenshots_nasdaq/STX/STX_Monthly_20260502_065507.png
 create mode 100644 charts/screenshots_nasdaq/STX/STX_Monthly_20260503_072128.png
 delete mode 100644 charts/screenshots_nasdaq/STX/STX_Weekly_20260502_065507.png
 create mode 100644 charts/screenshots_nasdaq/STX/STX_Weekly_20260503_072128.png
 delete mode 100644 charts/screenshots_nasdaq/SYNA/SYNA_1H_20260502_063418.png
 create mode 100644 charts/screenshots_nasdaq/SYNA/SYNA_1H_20260503_070013.png
 delete mode 100644 charts/screenshots_nasdaq/SYNA/SYNA_4H_20260502_063418.png
 create mode 100644 charts/screenshots_nasdaq/SYNA/SYNA_4H_20260503_070013.png
 delete mode 100644 charts/screenshots_nasdaq/SYNA/SYNA_Daily_20260502_063418.png
 create mode 100644 charts/screenshots_nasdaq/SYNA/SYNA_Daily_20260503_070013.png
 delete mode 100644 charts/screenshots_nasdaq/SYNA/SYNA_Monthly_20260502_063418.png
 create mode 100644 charts/screenshots_nasdaq/SYNA/SYNA_Monthly_20260503_070013.png
 delete mode 100644 charts/screenshots_nasdaq/SYNA/SYNA_Weekly_20260502_063418.png
 create mode 100644 charts/screenshots_nasdaq/SYNA/SYNA_Weekly_20260503_070013.png
 delete mode 100644 charts/screenshots_nasdaq/TFII/TFII_1H_20260502_061158.png
 create mode 100644 charts/screenshots_nasdaq/TFII/TFII_1H_20260503_063750.png
 delete mode 100644 charts/screenshots_nasdaq/TFII/TFII_4H_20260502_061158.png
 create mode 100644 charts/screenshots_nasdaq/TFII/TFII_4H_20260503_063750.png
 delete mode 100644 charts/screenshots_nasdaq/TFII/TFII_Daily_20260502_061158.png
 create mode 100644 charts/screenshots_nasdaq/TFII/TFII_Daily_20260503_063750.png
 delete mode 100644 charts/screenshots_nasdaq/TFII/TFII_Monthly_20260502_061158.png
 create mode 100644 charts/screenshots_nasdaq/TFII/TFII_Monthly_20260503_063750.png
 delete mode 100644 charts/screenshots_nasdaq/TFII/TFII_Weekly_20260502_061158.png
 create mode 100644 charts/screenshots_nasdaq/TFII/TFII_Weekly_20260503_063750.png
 create mode 100644 charts/screenshots_nasdaq/TLRY/TLRY_1H_20260503_061154.png
 create mode 100644 charts/screenshots_nasdaq/TLRY/TLRY_4H_20260503_061154.png
 create mode 100644 charts/screenshots_nasdaq/TLRY/TLRY_Daily_20260503_061154.png
 create mode 100644 charts/screenshots_nasdaq/TLRY/TLRY_Monthly_20260503_061154.png
 create mode 100644 charts/screenshots_nasdaq/TLRY/TLRY_Weekly_20260503_061154.png
 delete mode 100644 charts/screenshots_nasdaq/TSM/TSM_1H_20260502_062356.png
 create mode 100644 charts/screenshots_nasdaq/TSM/TSM_1H_20260503_064952.png
 delete mode 100644 charts/screenshots_nasdaq/TSM/TSM_4H_20260502_062356.png
 create mode 100644 charts/screenshots_nasdaq/TSM/TSM_4H_20260503_064952.png
 delete mode 100644 charts/screenshots_nasdaq/TSM/TSM_Daily_20260502_062356.png
 create mode 100644 charts/screenshots_nasdaq/TSM/TSM_Daily_20260503_064952.png
 delete mode 100644 charts/screenshots_nasdaq/TSM/TSM_Monthly_20260502_062356.png
 create mode 100644 charts/screenshots_nasdaq/TSM/TSM_Monthly_20260503_064952.png
 delete mode 100644 charts/screenshots_nasdaq/TSM/TSM_Weekly_20260502_062356.png
 create mode 100644 charts/screenshots_nasdaq/TSM/TSM_Weekly_20260503_064952.png
 delete mode 100644 charts/screenshots_nasdaq/TTMI/TTMI_1H_20260502_061229.png
 create mode 100644 charts/screenshots_nasdaq/TTMI/TTMI_1H_20260503_063822.png
 delete mode 100644 charts/screenshots_nasdaq/TTMI/TTMI_4H_20260502_061229.png
 create mode 100644 charts/screenshots_nasdaq/TTMI/TTMI_4H_20260503_063822.png
 delete mode 100644 charts/screenshots_nasdaq/TTMI/TTMI_Daily_20260502_061229.png
 create mode 100644 charts/screenshots_nasdaq/TTMI/TTMI_Daily_20260503_063822.png
 delete mode 100644 charts/screenshots_nasdaq/TTMI/TTMI_Monthly_20260502_061229.png
 create mode 100644 charts/screenshots_nasdaq/TTMI/TTMI_Monthly_20260503_063822.png
 delete mode 100644 charts/screenshots_nasdaq/TTMI/TTMI_Weekly_20260502_061229.png
 create mode 100644 charts/screenshots_nasdaq/TTMI/TTMI_Weekly_20260503_063822.png
 delete mode 100644 charts/screenshots_nasdaq/TVTX/TVTX_1H_20260502_061300.png
 create mode 100644 charts/screenshots_nasdaq/TVTX/TVTX_1H_20260503_063853.png
 delete mode 100644 charts/screenshots_nasdaq/TVTX/TVTX_4H_20260502_061300.png
 create mode 100644 charts/screenshots_nasdaq/TVTX/TVTX_4H_20260503_063853.png
 delete mode 100644 charts/screenshots_nasdaq/TVTX/TVTX_Daily_20260502_061300.png
 create mode 100644 charts/screenshots_nasdaq/TVTX/TVTX_Daily_20260503_063853.png
 delete mode 100644 charts/screenshots_nasdaq/TVTX/TVTX_Monthly_20260502_061300.png
 create mode 100644 charts/screenshots_nasdaq/TVTX/TVTX_Monthly_20260503_063853.png
 delete mode 100644 charts/screenshots_nasdaq/TVTX/TVTX_Weekly_20260502_061300.png
 create mode 100644 charts/screenshots_nasdaq/TVTX/TVTX_Weekly_20260503_063853.png
 delete mode 100644 charts/screenshots_nasdaq/TWLO/TWLO_1H_20260502_065846.png
 create mode 100644 charts/screenshots_nasdaq/TWLO/TWLO_1H_20260503_072513.png
 delete mode 100644 charts/screenshots_nasdaq/TWLO/TWLO_4H_20260502_065846.png
 create mode 100644 charts/screenshots_nasdaq/TWLO/TWLO_4H_20260503_072513.png
 delete mode 100644 charts/screenshots_nasdaq/TWLO/TWLO_Daily_20260502_065846.png
 create mode 100644 charts/screenshots_nasdaq/TWLO/TWLO_Daily_20260503_072513.png
 delete mode 100644 charts/screenshots_nasdaq/TWLO/TWLO_Monthly_20260502_065846.png
 create mode 100644 charts/screenshots_nasdaq/TWLO/TWLO_Monthly_20260503_072513.png
 delete mode 100644 charts/screenshots_nasdaq/TWLO/TWLO_Weekly_20260502_065846.png
 create mode 100644 charts/screenshots_nasdaq/TWLO/TWLO_Weekly_20260503_072513.png
 delete mode 100644 charts/screenshots_nasdaq/TXN/TXN_1H_20260502_064343.png
 create mode 100644 charts/screenshots_nasdaq/TXN/TXN_1H_20260503_070935.png
 rename charts/screenshots_nasdaq/TXN/{TXN_4H_20260502_064343.png => TXN_4H_20260503_070935.png} (55%)
 delete mode 100644 charts/screenshots_nasdaq/TXN/TXN_Daily_20260502_064343.png
 create mode 100644 charts/screenshots_nasdaq/TXN/TXN_Daily_20260503_070935.png
 delete mode 100644 charts/screenshots_nasdaq/TXN/TXN_Monthly_20260502_064343.png
 create mode 100644 charts/screenshots_nasdaq/TXN/TXN_Monthly_20260503_070935.png
 delete mode 100644 charts/screenshots_nasdaq/TXN/TXN_Weekly_20260502_064343.png
 create mode 100644 charts/screenshots_nasdaq/TXN/TXN_Weekly_20260503_070935.png
 delete mode 100644 charts/screenshots_nasdaq/UMC/UMC_1H_20260502_061331.png
 create mode 100644 charts/screenshots_nasdaq/UMC/UMC_1H_20260503_063924.png
 delete mode 100644 charts/screenshots_nasdaq/UMC/UMC_4H_20260502_061331.png
 create mode 100644 charts/screenshots_nasdaq/UMC/UMC_4H_20260503_063924.png
 delete mode 100644 charts/screenshots_nasdaq/UMC/UMC_Daily_20260502_061331.png
 create mode 100644 charts/screenshots_nasdaq/UMC/UMC_Daily_20260503_063924.png
 delete mode 100644 charts/screenshots_nasdaq/UMC/UMC_Monthly_20260502_061331.png
 create mode 100644 charts/screenshots_nasdaq/UMC/UMC_Monthly_20260503_063924.png
 delete mode 100644 charts/screenshots_nasdaq/UMC/UMC_Weekly_20260502_061331.png
 create mode 100644 charts/screenshots_nasdaq/UMC/UMC_Weekly_20260503_063924.png
 delete mode 100644 charts/screenshots_nasdaq/VECO/VECO_1H_20260502_061403.png
 create mode 100644 charts/screenshots_nasdaq/VECO/VECO_1H_20260503_063959.png
 delete mode 100644 charts/screenshots_nasdaq/VECO/VECO_4H_20260502_061403.png
 create mode 100644 charts/screenshots_nasdaq/VECO/VECO_4H_20260503_063959.png
 delete mode 100644 charts/screenshots_nasdaq/VECO/VECO_Daily_20260502_061403.png
 create mode 100644 charts/screenshots_nasdaq/VECO/VECO_Daily_20260503_063959.png
 delete mode 100644 charts/screenshots_nasdaq/VECO/VECO_Monthly_20260502_061403.png
 create mode 100644 charts/screenshots_nasdaq/VECO/VECO_Monthly_20260503_063959.png
 delete mode 100644 charts/screenshots_nasdaq/VECO/VECO_Weekly_20260502_061403.png
 create mode 100644 charts/screenshots_nasdaq/VECO/VECO_Weekly_20260503_063959.png
 delete mode 100644 charts/screenshots_nasdaq/VIAV/VIAV_1H_20260502_062427.png
 create mode 100644 charts/screenshots_nasdaq/VIAV/VIAV_1H_20260503_065023.png
 delete mode 100644 charts/screenshots_nasdaq/VIAV/VIAV_4H_20260502_062427.png
 create mode 100644 charts/screenshots_nasdaq/VIAV/VIAV_4H_20260503_065023.png
 delete mode 100644 charts/screenshots_nasdaq/VIAV/VIAV_Daily_20260502_062427.png
 create mode 100644 charts/screenshots_nasdaq/VIAV/VIAV_Daily_20260503_065023.png
 delete mode 100644 charts/screenshots_nasdaq/VIAV/VIAV_Monthly_20260502_062427.png
 create mode 100644 charts/screenshots_nasdaq/VIAV/VIAV_Monthly_20260503_065023.png
 delete mode 100644 charts/screenshots_nasdaq/VIAV/VIAV_Weekly_20260502_062427.png
 create mode 100644 charts/screenshots_nasdaq/VIAV/VIAV_Weekly_20260503_065023.png
 delete mode 100644 charts/screenshots_nasdaq/VICR/VICR_1H_20260502_061434.png
 create mode 100644 charts/screenshots_nasdaq/VICR/VICR_1H_20260503_064030.png
 delete mode 100644 charts/screenshots_nasdaq/VICR/VICR_4H_20260502_061434.png
 create mode 100644 charts/screenshots_nasdaq/VICR/VICR_4H_20260503_064030.png
 delete mode 100644 charts/screenshots_nasdaq/VICR/VICR_Daily_20260502_061434.png
 create mode 100644 charts/screenshots_nasdaq/VICR/VICR_Daily_20260503_064030.png
 delete mode 100644 charts/screenshots_nasdaq/VICR/VICR_Monthly_20260502_061434.png
 create mode 100644 charts/screenshots_nasdaq/VICR/VICR_Monthly_20260503_064030.png
 rename charts/screenshots_nasdaq/VICR/{VICR_Weekly_20260502_061434.png => VICR_Weekly_20260503_064030.png} (100%)
 delete mode 100644 charts/screenshots_nasdaq/VMI/VMI_1H_20260502_061504.png
 create mode 100644 charts/screenshots_nasdaq/VMI/VMI_1H_20260503_064101.png
 delete mode 100644 charts/screenshots_nasdaq/VMI/VMI_4H_20260502_061504.png
 create mode 100644 charts/screenshots_nasdaq/VMI/VMI_4H_20260503_064101.png
 rename charts/screenshots_nasdaq/VMI/{VMI_Daily_20260502_061504.png => VMI_Daily_20260503_064101.png} (59%)
 delete mode 100644 charts/screenshots_nasdaq/VMI/VMI_Monthly_20260502_061504.png
 create mode 100644 charts/screenshots_nasdaq/VMI/VMI_Monthly_20260503_064101.png
 delete mode 100644 charts/screenshots_nasdaq/VMI/VMI_Weekly_20260502_061504.png
 create mode 100644 charts/screenshots_nasdaq/VMI/VMI_Weekly_20260503_064101.png
 delete mode 100644 charts/screenshots_nasdaq/VOYA/VOYA_1H_20260502_062733.png
 create mode 100644 charts/screenshots_nasdaq/VOYA/VOYA_1H_20260503_065332.png
 delete mode 100644 charts/screenshots_nasdaq/VOYA/VOYA_4H_20260502_062733.png
 create mode 100644 charts/screenshots_nasdaq/VOYA/VOYA_4H_20260503_065332.png
 delete mode 100644 charts/screenshots_nasdaq/VOYA/VOYA_Daily_20260502_062733.png
 create mode 100644 charts/screenshots_nasdaq/VOYA/VOYA_Daily_20260503_065332.png
 delete mode 100644 charts/screenshots_nasdaq/VOYA/VOYA_Monthly_20260502_062733.png
 create mode 100644 charts/screenshots_nasdaq/VOYA/VOYA_Monthly_20260503_065332.png
 delete mode 100644 charts/screenshots_nasdaq/VOYA/VOYA_Weekly_20260502_062733.png
 create mode 100644 charts/screenshots_nasdaq/VOYA/VOYA_Weekly_20260503_065332.png
 delete mode 100644 charts/screenshots_nasdaq/VRT/VRT_1H_20260502_062458.png
 create mode 100644 charts/screenshots_nasdaq/VRT/VRT_1H_20260503_065055.png
 delete mode 100644 charts/screenshots_nasdaq/VRT/VRT_4H_20260502_062458.png
 create mode 100644 charts/screenshots_nasdaq/VRT/VRT_4H_20260503_065055.png
 delete mode 100644 charts/screenshots_nasdaq/VRT/VRT_Daily_20260502_062458.png
 create mode 100644 charts/screenshots_nasdaq/VRT/VRT_Daily_20260503_065055.png
 delete mode 100644 charts/screenshots_nasdaq/VRT/VRT_Monthly_20260502_062458.png
 create mode 100644 charts/screenshots_nasdaq/VRT/VRT_Monthly_20260503_065055.png
 delete mode 100644 charts/screenshots_nasdaq/VRT/VRT_Weekly_20260502_062458.png
 create mode 100644 charts/screenshots_nasdaq/VRT/VRT_Weekly_20260503_065055.png
 delete mode 100644 charts/screenshots_nasdaq/VSAT/VSAT_1H_20260502_055928.png
 create mode 100644 charts/screenshots_nasdaq/VSAT/VSAT_1H_20260503_062519.png
 delete mode 100644 charts/screenshots_nasdaq/VSAT/VSAT_4H_20260502_055928.png
 create mode 100644 charts/screenshots_nasdaq/VSAT/VSAT_4H_20260503_062519.png
 delete mode 100644 charts/screenshots_nasdaq/VSAT/VSAT_Daily_20260502_055928.png
 create mode 100644 charts/screenshots_nasdaq/VSAT/VSAT_Daily_20260503_062519.png
 delete mode 100644 charts/screenshots_nasdaq/VSAT/VSAT_Monthly_20260502_055928.png
 create mode 100644 charts/screenshots_nasdaq/VSAT/VSAT_Monthly_20260503_062519.png
 delete mode 100644 charts/screenshots_nasdaq/VSAT/VSAT_Weekly_20260502_055928.png
 create mode 100644 charts/screenshots_nasdaq/VSAT/VSAT_Weekly_20260503_062519.png
 delete mode 100644 charts/screenshots_nasdaq/VSH/VSH_1H_20260502_064415.png
 create mode 100644 charts/screenshots_nasdaq/VSH/VSH_1H_20260503_071006.png
 delete mode 100644 charts/screenshots_nasdaq/VSH/VSH_4H_20260502_064415.png
 create mode 100644 charts/screenshots_nasdaq/VSH/VSH_4H_20260503_071006.png
 delete mode 100644 charts/screenshots_nasdaq/VSH/VSH_Daily_20260502_064415.png
 create mode 100644 charts/screenshots_nasdaq/VSH/VSH_Daily_20260503_071006.png
 delete mode 100644 charts/screenshots_nasdaq/VSH/VSH_Monthly_20260502_064415.png
 create mode 100644 charts/screenshots_nasdaq/VSH/VSH_Monthly_20260503_071006.png
 delete mode 100644 charts/screenshots_nasdaq/VSH/VSH_Weekly_20260502_064415.png
 create mode 100644 charts/screenshots_nasdaq/VSH/VSH_Weekly_20260503_071006.png
 delete mode 100644 charts/screenshots_nasdaq/WCC/WCC_1H_20260502_062529.png
 create mode 100644 charts/screenshots_nasdaq/WCC/WCC_1H_20260503_065126.png
 delete mode 100644 charts/screenshots_nasdaq/WCC/WCC_4H_20260502_062529.png
 create mode 100644 charts/screenshots_nasdaq/WCC/WCC_4H_20260503_065126.png
 delete mode 100644 charts/screenshots_nasdaq/WCC/WCC_Daily_20260502_062529.png
 create mode 100644 charts/screenshots_nasdaq/WCC/WCC_Daily_20260503_065126.png
 delete mode 100644 charts/screenshots_nasdaq/WCC/WCC_Monthly_20260502_062529.png
 create mode 100644 charts/screenshots_nasdaq/WCC/WCC_Monthly_20260503_065126.png
 delete mode 100644 charts/screenshots_nasdaq/WCC/WCC_Weekly_20260502_062529.png
 create mode 100644 charts/screenshots_nasdaq/WCC/WCC_Weekly_20260503_065126.png
 delete mode 100644 charts/screenshots_nasdaq/WDC/WDC_1H_20260502_063449.png
 create mode 100644 charts/screenshots_nasdaq/WDC/WDC_1H_20260503_070044.png
 rename charts/screenshots_nasdaq/WDC/{WDC_4H_20260502_063449.png => WDC_4H_20260503_070044.png} (76%)
 delete mode 100644 charts/screenshots_nasdaq/WDC/WDC_Daily_20260502_063449.png
 create mode 100644 charts/screenshots_nasdaq/WDC/WDC_Daily_20260503_070044.png
 delete mode 100644 charts/screenshots_nasdaq/WDC/WDC_Monthly_20260502_063449.png
 create mode 100644 charts/screenshots_nasdaq/WDC/WDC_Monthly_20260503_070044.png
 delete mode 100644 charts/screenshots_nasdaq/WDC/WDC_Weekly_20260502_063449.png
 create mode 100644 charts/screenshots_nasdaq/WDC/WDC_Weekly_20260503_070044.png
 delete mode 100644 charts/screenshots_nasdaq/WFRD/WFRD_1H_20260502_062600.png
 create mode 100644 charts/screenshots_nasdaq/WFRD/WFRD_1H_20260503_065158.png
 delete mode 100644 charts/screenshots_nasdaq/WFRD/WFRD_4H_20260502_062600.png
 create mode 100644 charts/screenshots_nasdaq/WFRD/WFRD_4H_20260503_065158.png
 delete mode 100644 charts/screenshots_nasdaq/WFRD/WFRD_Daily_20260502_062600.png
 create mode 100644 charts/screenshots_nasdaq/WFRD/WFRD_Daily_20260503_065158.png
 delete mode 100644 charts/screenshots_nasdaq/WFRD/WFRD_Monthly_20260502_062600.png
 create mode 100644 charts/screenshots_nasdaq/WFRD/WFRD_Monthly_20260503_065158.png
 delete mode 100644 charts/screenshots_nasdaq/WFRD/WFRD_Weekly_20260502_062600.png
 create mode 100644 charts/screenshots_nasdaq/WFRD/WFRD_Weekly_20260503_065158.png
 delete mode 100644 charts/screenshots_nasdaq/WING/WING_1H_20260502_054456.png
 create mode 100644 charts/screenshots_nasdaq/WING/WING_1H_20260503_060949.png
 delete mode 100644 charts/screenshots_nasdaq/WING/WING_4H_20260502_054456.png
 create mode 100644 charts/screenshots_nasdaq/WING/WING_4H_20260503_060949.png
 delete mode 100644 charts/screenshots_nasdaq/WING/WING_Daily_20260502_054456.png
 create mode 100644 charts/screenshots_nasdaq/WING/WING_Daily_20260503_060949.png
 delete mode 100644 charts/screenshots_nasdaq/WING/WING_Monthly_20260502_054456.png
 create mode 100644 charts/screenshots_nasdaq/WING/WING_Monthly_20260503_060949.png
 delete mode 100644 charts/screenshots_nasdaq/WING/WING_Weekly_20260502_054456.png
 create mode 100644 charts/screenshots_nasdaq/WING/WING_Weekly_20260503_060949.png
 delete mode 100644 charts/screenshots_nasdaq/WOLF/WOLF_1H_20260502_064754.png
 create mode 100644 charts/screenshots_nasdaq/WOLF/WOLF_1H_20260503_071409.png
 delete mode 100644 charts/screenshots_nasdaq/WOLF/WOLF_4H_20260502_064754.png
 create mode 100644 charts/screenshots_nasdaq/WOLF/WOLF_4H_20260503_071409.png
 delete mode 100644 charts/screenshots_nasdaq/WOLF/WOLF_Daily_20260502_064754.png
 create mode 100644 charts/screenshots_nasdaq/WOLF/WOLF_Daily_20260503_071409.png
 delete mode 100644 charts/screenshots_nasdaq/WOLF/WOLF_Monthly_20260502_064754.png
 create mode 100644 charts/screenshots_nasdaq/WOLF/WOLF_Monthly_20260503_071409.png
 delete mode 100644 charts/screenshots_nasdaq/WOLF/WOLF_Weekly_20260502_064754.png
 create mode 100644 charts/screenshots_nasdaq/WOLF/WOLF_Weekly_20260503_071409.png
 delete mode 100644 charts/screenshots_nasdaq/WULF/WULF_1H_20260502_060000.png
 create mode 100644 charts/screenshots_nasdaq/WULF/WULF_1H_20260503_062550.png
 delete mode 100644 charts/screenshots_nasdaq/WULF/WULF_4H_20260502_060000.png
 create mode 100644 charts/screenshots_nasdaq/WULF/WULF_4H_20260503_062550.png
 delete mode 100644 charts/screenshots_nasdaq/WULF/WULF_Daily_20260502_060000.png
 create mode 100644 charts/screenshots_nasdaq/WULF/WULF_Daily_20260503_062550.png
 delete mode 100644 charts/screenshots_nasdaq/WULF/WULF_Monthly_20260502_060000.png
 create mode 100644 charts/screenshots_nasdaq/WULF/WULF_Monthly_20260503_062550.png
 delete mode 100644 charts/screenshots_nasdaq/WULF/WULF_Weekly_20260502_060000.png
 create mode 100644 charts/screenshots_nasdaq/WULF/WULF_Weekly_20260503_062550.png
 delete mode 100644 charts/screenshots_nasdaq/ZM/ZM_1H_20260502_063622.png
 create mode 100644 charts/screenshots_nasdaq/ZM/ZM_1H_20260503_070217.png
 delete mode 100644 charts/screenshots_nasdaq/ZM/ZM_4H_20260502_063622.png
 create mode 100644 charts/screenshots_nasdaq/ZM/ZM_4H_20260503_070217.png
 delete mode 100644 charts/screenshots_nasdaq/ZM/ZM_Daily_20260502_063622.png
 create mode 100644 charts/screenshots_nasdaq/ZM/ZM_Daily_20260503_070217.png
 rename charts/screenshots_nasdaq/ZM/{ZM_Monthly_20260502_063622.png => ZM_Monthly_20260503_070217.png} (52%)
 delete mode 100644 charts/screenshots_nasdaq/ZM/ZM_Weekly_20260502_063622.png
 create mode 100644 charts/screenshots_nasdaq/ZM/ZM_Weekly_20260503_070217.png
[[NASDAQ/NYSE 차트분석]] GitHub 푸시 완료
[[NASDAQ/NYSE 차트분석]] Google Sheets 업데이트 완료 (159개 종목)
[Paper Trading] NASDAQ ranked_df 스냅샷 저장 완료 (231개 종목)

[요약] 전 종목 스캔 완료 – 총 7192.9초 (119.88분) 소요
