============================================================
[1단계] 전 종목 리스트 수집 및 기본 필터링
============================================================
[ticker_fetcher] 나스닥 FTP 서버에서 종목 리스트 다운로드 중...
[ticker_fetcher] 총 7498개 종목 로드 → 비표준 심볼 1261개 제거 → 6237개 보통주
[ticker_fetcher] 1단계 필터링 배치 1/42 (150개 종목)...
[ticker_fetcher] 1단계 필터링 배치 2/42 (150개 종목)...
[ticker_fetcher] 1단계 필터링 배치 3/42 (150개 종목)...
[ticker_fetcher] 1단계 필터링 배치 4/42 (150개 종목)...
[ticker_fetcher] 1단계 필터링 배치 5/42 (150개 종목)...
[ticker_fetcher] 1단계 필터링 배치 6/42 (150개 종목)...
[ticker_fetcher] 1단계 필터링 배치 7/42 (150개 종목)...
[ticker_fetcher] 1단계 필터링 배치 8/42 (150개 종목)...
[ticker_fetcher] 1단계 필터링 배치 9/42 (150개 종목)...
[ticker_fetcher] 1단계 필터링 배치 10/42 (150개 종목)...
[ticker_fetcher] 1단계 필터링 배치 11/42 (150개 종목)...
[ticker_fetcher] 1단계 필터링 배치 12/42 (150개 종목)...
[ticker_fetcher] 1단계 필터링 배치 13/42 (150개 종목)...
[ticker_fetcher] 1단계 필터링 배치 14/42 (150개 종목)...
[ticker_fetcher] 1단계 필터링 배치 15/42 (150개 종목)...
[ticker_fetcher] 1단계 필터링 배치 16/42 (150개 종목)...
[ticker_fetcher] 1단계 필터링 배치 17/42 (150개 종목)...
[ticker_fetcher] 1단계 필터링 배치 18/42 (150개 종목)...
[ticker_fetcher] 1단계 필터링 배치 19/42 (150개 종목)...
[ticker_fetcher] 1단계 필터링 배치 20/42 (150개 종목)...
[ticker_fetcher] 1단계 필터링 배치 21/42 (150개 종목)...
[ticker_fetcher] 1단계 필터링 배치 22/42 (150개 종목)...
[ticker_fetcher] 1단계 필터링 배치 23/42 (150개 종목)...
[ticker_fetcher] 1단계 필터링 배치 24/42 (150개 종목)...
[ticker_fetcher] 1단계 필터링 배치 25/42 (150개 종목)...
[ticker_fetcher] 1단계 필터링 배치 26/42 (150개 종목)...
[ticker_fetcher] 1단계 필터링 배치 27/42 (150개 종목)...
[ticker_fetcher] 1단계 필터링 배치 28/42 (150개 종목)...
[ticker_fetcher] 1단계 필터링 배치 29/42 (150개 종목)...
[ticker_fetcher] 1단계 필터링 배치 30/42 (150개 종목)...
[ticker_fetcher] 1단계 필터링 배치 31/42 (150개 종목)...
[ticker_fetcher] 1단계 필터링 배치 32/42 (150개 종목)...
[ticker_fetcher] 1단계 필터링 배치 33/42 (150개 종목)...
[ticker_fetcher] 1단계 필터링 배치 34/42 (150개 종목)...
[ticker_fetcher] 1단계 필터링 배치 35/42 (150개 종목)...
[ticker_fetcher] 1단계 필터링 배치 36/42 (150개 종목)...
[ticker_fetcher] 1단계 필터링 배치 37/42 (150개 종목)...
[ticker_fetcher] 1단계 필터링 배치 38/42 (150개 종목)...
[ticker_fetcher] 1단계 필터링 배치 39/42 (150개 종목)...
[ticker_fetcher] 1단계 필터링 배치 40/42 (150개 종목)...
[ticker_fetcher] 1단계 필터링 배치 41/42 (150개 종목)...
[ticker_fetcher] 1단계 필터링 배치 42/42 (87개 종목)...
[ticker_fetcher] 1단계 필터링 완료: 6237개 → 4171개 (가격 ≥ $1.0, 평균 거래량 ≥ 100,000)

============================================================
[2단계] 바닥 탈출 / 강세 돌파 후보 선별
============================================================
[2단계] 배치 1/28 (150개 종목 분석 중)...
[2단계] 배치 2/28 (150개 종목 분석 중)...
[2단계] 배치 3/28 (150개 종목 분석 중)...
[2단계] 배치 4/28 (150개 종목 분석 중)...
[2단계] 배치 5/28 (150개 종목 분석 중)...
[2단계] 배치 6/28 (150개 종목 분석 중)...
[2단계] 배치 7/28 (150개 종목 분석 중)...
[2단계] 배치 8/28 (150개 종목 분석 중)...
[2단계] 배치 9/28 (150개 종목 분석 중)...
[2단계] 배치 10/28 (150개 종목 분석 중)...
[2단계] 배치 11/28 (150개 종목 분석 중)...
[2단계] 배치 12/28 (150개 종목 분석 중)...
[2단계] 배치 13/28 (150개 종목 분석 중)...
[2단계] 배치 14/28 (150개 종목 분석 중)...
[2단계] 배치 15/28 (150개 종목 분석 중)...
[2단계] 배치 16/28 (150개 종목 분석 중)...
[2단계] 배치 17/28 (150개 종목 분석 중)...
[2단계] 배치 18/28 (150개 종목 분석 중)...
[2단계] 배치 19/28 (150개 종목 분석 중)...
[2단계] 배치 20/28 (150개 종목 분석 중)...
[2단계] 배치 21/28 (150개 종목 분석 중)...
[2단계] 배치 22/28 (150개 종목 분석 중)...
[2단계] 배치 23/28 (150개 종목 분석 중)...
[2단계] 배치 24/28 (150개 종목 분석 중)...
[2단계] 배치 25/28 (150개 종목 분석 중)...
[2단계] 배치 26/28 (150개 종목 분석 중)...
[2단계] 배치 27/28 (150개 종목 분석 중)...
[2단계] 배치 28/28 (121개 종목 분석 중)...
[2단계] 필터링 완료: 4171개 → 834개 후보 선별

============================================================
[3단계] 834개 후보 종목 정밀 분석
============================================================
[OHLCV] 배치 다운로드 1/6 (150개 종목, period=5y)...
[OHLCV] 배치 다운로드 2/6 (150개 종목, period=5y)...
[OHLCV] 배치 다운로드 3/6 (150개 종목, period=5y)...
[OHLCV] 배치 다운로드 4/6 (150개 종목, period=5y)...
[OHLCV] 배치 다운로드 5/6 (150개 종목, period=5y)...
[OHLCV] 배치 다운로드 6/6 (84개 종목, period=5y)...
[DataValidator] 709건의 데이터 품질 경고 발생
Warning:  AAOI: 비정상 가격 변동 67.1% (2023-08-04) — 스플릿/데이터 오류 가능
Warning:  AARD: Close NaN 비율 68.8% (기준: 30%)
Warning:  AARD: 비정상 가격 변동 56.2% (2026-03-02) — 스플릿/데이터 오류 가능
Warning:  ABAT: 비정상 가격 변동 60.4% (2024-12-23) — 스플릿/데이터 오류 가능
Warning:  ABTC: 비정상 가격 변동 173.1% (2025-05-12) — 스플릿/데이터 오류 가능
Warning:  ACTU: Close NaN 비율 58.7% (기준: 30%)
Warning:  ACXP: 비정상 가격 변동 167.4% (2025-06-17) — 스플릿/데이터 오류 가능
Warning:  ADCT: 비정상 가격 변동 63.1% (2023-12-13) — 스플릿/데이터 오류 가능
Warning:  ADVB: Close NaN 비율 69.9% (기준: 30%)
Warning:  ADVB: 비정상 가격 변동 76.9% (2026-07-20) — 스플릿/데이터 오류 가능
Warning:  ADXN: 비정상 가격 변동 110.5% (2022-07-21) — 스플릿/데이터 오류 가능
Warning:  ADXN: 거래량 0 연속 5일 (기준: 5일) — 상장폐지/거래정지 가능
Warning:  AEHL: 비정상 가격 변동 135.3% (2026-05-08) — 스플릿/데이터 오류 가능
Warning:  AEMD: 비정상 가격 변동 97.3% (2025-08-21) — 스플릿/데이터 오류 가능
Warning:  AGEN: 비정상 가격 변동 82.7% (2026-07-13) — 스플릿/데이터 오류 가능
Warning:  AGIG: 비정상 가격 변동 494.7% (2022-03-07) — 스플릿/데이터 오류 가능
Warning:  AIB: Close NaN 비율 90.4% (기준: 30%)
Warning:  AIFA: 비정상 가격 변동 62.5% (2025-09-12) — 스플릿/데이터 오류 가능
Warning:  AIFF: 비정상 가격 변동 171.0% (2025-02-11) — 스플릿/데이터 오류 가능
Warning:  AIIO: 비정상 가격 변동 116.1% (2026-05-14) — 스플릿/데이터 오류 가능
Warning:  AIRE: Close NaN 비율 42.6% (기준: 30%)
Warning:  AIRE: 비정상 가격 변동 347.4% (2025-07-21) — 스플릿/데이터 오류 가능
Warning:  AIRO: Close NaN 비율 75.4% (기준: 30%)
Warning:  AIRS: 비정상 가격 변동 51.6% (2026-03-16) — 스플릿/데이터 오류 가능
Warning:  AISP: 비정상 가격 변동 200.0% (2024-03-05) — 스플릿/데이터 오류 가능
Warning:  AKAN: 비정상 가격 변동 214.2% (2026-04-22) — 스플릿/데이터 오류 가능
Warning:  ALAR: 비정상 가격 변동 51.5% (2026-07-06) — 스플릿/데이터 오류 가능
Warning:  ALDX: 비정상 가격 변동 73.3% (2025-04-03) — 스플릿/데이터 오류 가능
Warning:  ALGS: 비정상 가격 변동 56.7% (2022-01-06) — 스플릿/데이터 오류 가능
Warning:  ALMS: Close NaN 비율 56.3% (기준: 30%)
Warning:  ALMS: 비정상 가격 변동 95.3% (2026-01-06) — 스플릿/데이터 오류 가능
Warning:  ALMU: 비정상 가격 변동 66.7% (2023-03-20) — 스플릿/데이터 오류 가능
Warning:  ALOY: 비정상 가격 변동 226.6% (2025-01-22) — 스플릿/데이터 오류 가능
Warning:  AMCI: 비정상 가격 변동 168.3% (2025-12-15) — 스플릿/데이터 오류 가능
Warning:  AMIX: Close NaN 비율 47.9% (기준: 30%)
Warning:  AMIX: 비정상 가격 변동 434.2% (2026-08-04) — 스플릿/데이터 오류 가능
Warning:  AMOD: 비정상 가격 변동 103.9% (2025-01-30) — 스플릿/데이터 오류 가능
Warning:  AMPG: 비정상 가격 변동 94.6% (2024-12-11) — 스플릿/데이터 오류 가능
Warning:  AMPX: 비정상 가격 변동 86.4% (2022-09-20) — 스플릿/데이터 오류 가능
Warning:  AMSC: 비정상 가격 변동 60.0% (2023-08-01) — 스플릿/데이터 오류 가능
Warning:  AMST: 비정상 가격 변동 120.1% (2026-05-19) — 스플릿/데이터 오류 가능
Warning:  ANGX: Close NaN 비율 80.2% (기준: 30%)
Warning:  ANNA: 비정상 가격 변동 86.5% (2026-03-20) — 스플릿/데이터 오류 가능
Warning:  ANPA: Close NaN 비율 76.6% (기준: 30%)
Warning:  ANPA: 비정상 가격 변동 258.9% (2026-01-09) — 스플릿/데이터 오류 가능
Warning:  ANRO: Close NaN 비율 48.2% (기준: 30%)
Warning:  ANRO: 비정상 가격 변동 80.9% (2025-10-20) — 스플릿/데이터 오류 가능
Warning:  ANVS: 비정상 가격 변동 76.1% (2024-07-02) — 스플릿/데이터 오류 가능
Warning:  ANY: 비정상 가격 변동 111.6% (2026-06-01) — 스플릿/데이터 오류 가능
Warning:  APUS: Close NaN 비율 73.5% (기준: 30%)
Warning:  APUS: 비정상 가격 변동 59.6% (2026-05-05) — 스플릿/데이터 오류 가능
Warning:  APUS: 거래량 0 연속 21일 (기준: 5일) — 상장폐지/거래정지 가능
Warning:  APVO: 비정상 가격 변동 162.8% (2021-11-23) — 스플릿/데이터 오류 가능
Warning:  AQB: 비정상 가격 변동 50.7% (2025-03-26) — 스플릿/데이터 오류 가능
Warning:  AREC: 비정상 가격 변동 83.5% (2025-04-16) — 스플릿/데이터 오류 가능
Warning:  ARQQ: 비정상 가격 변동 56.9% (2025-03-17) — 스플릿/데이터 오류 가능
Warning:  ARX: Close NaN 비율 77.5% (기준: 30%)
Warning:  ASST: 비정상 가격 변동 455.7% (2025-05-07) — 스플릿/데이터 오류 가능
Warning:  ASTC: 비정상 가격 변동 459.1% (2026-05-27) — 스플릿/데이터 오류 가능
Warning:  ASTI: 비정상 가격 변동 143.8% (2025-06-26) — 스플릿/데이터 오류 가능
Warning:  ASTS: 비정상 가격 변동 69.2% (2024-05-29) — 스플릿/데이터 오류 가능
Warning:  ATLX: 비정상 가격 변동 60.5% (2023-02-23) — 스플릿/데이터 오류 가능
Warning:  ATOM: 비정상 가격 변동 64.0% (2026-02-13) — 스플릿/데이터 오류 가능
Warning:  AUUD: 비정상 가격 변동 181.8% (2023-06-12) — 스플릿/데이터 오류 가능
Warning:  AXG: Close NaN 비율 40.1% (기준: 30%)
Warning:  AXG: 비정상 가격 변동 135.0% (2024-03-06) — 스플릿/데이터 오류 가능
Warning:  AXTI: 비정상 가격 변동 69.3% (2024-02-23) — 스플릿/데이터 오류 가능
Warning:  AZI: Close NaN 비율 59.6% (기준: 30%)
Warning:  AZI: 비정상 가격 변동 146.2% (2026-03-09) — 스플릿/데이터 오류 가능
Warning:  AZIO: 비정상 가격 변동 442.1% (2026-01-12) — 스플릿/데이터 오류 가능
Warning:  BAER: 비정상 가격 변동 116.7% (2023-01-25) — 스플릿/데이터 오류 가능
Warning:  BALY: Close NaN 비율 65.2% (기준: 30%)
Warning:  BATL: 비정상 가격 변동 211.7% (2026-01-26) — 스플릿/데이터 오류 가능
Warning:  BBAI: 비정상 가격 변동 260.5% (2023-01-12) — 스플릿/데이터 오류 가능
Warning:  BCDA: 비정상 가격 변동 167.5% (2023-11-14) — 스플릿/데이터 오류 가능
Warning:  BCTX: 비정상 가격 변동 1494.6% (2025-01-29) — 스플릿/데이터 오류 가능
Warning:  BDTX: 비정상 가격 변동 235.9% (2023-06-27) — 스플릿/데이터 오류 가능
Warning:  BETR: 비정상 가격 변동 223.0% (2023-07-25) — 스플릿/데이터 오류 가능
Warning:  BFRI: 비정상 가격 변동 98.5% (2021-11-24) — 스플릿/데이터 오류 가능
Warning:  BIAF: 비정상 가격 변동 319.2% (2025-04-01) — 스플릿/데이터 오류 가능
Warning:  BIOA: Close NaN 비율 61.2% (기준: 30%)
Warning:  BIOA: 비정상 가격 변동 76.9% (2024-12-09) — 스플릿/데이터 오류 가능
Warning:  BIRD: 비정상 가격 변동 582.3% (2026-04-15) — 스플릿/데이터 오류 가능
Warning:  BIYA: Close NaN 비율 70.8% (기준: 30%)
Warning:  BIYA: 비정상 가격 변동 116.1% (2026-07-27) — 스플릿/데이터 오류 가능
Warning:  BKKT: 비정상 가격 변동 234.4% (2021-10-25) — 스플릿/데이터 오류 가능
Warning:  BKSY: 비정상 가격 변동 97.5% (2022-05-25) — 스플릿/데이터 오류 가능
Warning:  BLNE: 비정상 가격 변동 89.5% (2024-09-05) — 스플릿/데이터 오류 가능
Warning:  BMNR: Close NaN 비율 74.9% (기준: 30%)
Warning:  BMNR: 비정상 가격 변동 694.8% (2025-06-30) — 스플릿/데이터 오류 가능
Warning:  BNAI: 비정상 가격 변동 276.7% (2026-01-26) — 스플릿/데이터 오류 가능
Warning:  BNC: 비정상 가격 변동 548.8% (2025-07-28) — 스플릿/데이터 오류 가능
Warning:  BNKK: 비정상 가격 변동 51.1% (2025-08-11) — 스플릿/데이터 오류 가능
Warning:  BOXL: 비정상 가격 변동 265.2% (2025-01-06) — 스플릿/데이터 오류 가능
Warning:  BRCB: Close NaN 비율 80.3% (기준: 30%)
Warning:  BRLS: 비정상 가격 변동 134.3% (2026-02-09) — 스플릿/데이터 오류 가능
Warning:  BRNX: 비정상 가격 변동 140.3% (2024-08-30) — 스플릿/데이터 오류 가능
Warning:  BRR: Close NaN 비율 75.1% (기준: 30%)
Warning:  BRUN: Close NaN 비율 66.4% (기준: 30%)
Warning:  BSEM: 비정상 가격 변동 72.9% (2021-10-13) — 스플릿/데이터 오류 가능
Warning:  BSIN: 비정상 가격 변동 63.4% (2025-01-21) — 스플릿/데이터 오류 가능
Warning:  BTCS: 비정상 가격 변동 111.1% (2025-07-08) — 스플릿/데이터 오류 가능
Warning:  BTDR: 비정상 가격 변동 50.9% (2023-06-16) — 스플릿/데이터 오류 가능
Warning:  BTGO: Close NaN 비율 87.4% (기준: 30%)
Warning:  BTQ: Close NaN 비율 81.1% (기준: 30%)
Warning:  BTQ: 비정상 가격 변동 51.5% (2025-10-07) — 스플릿/데이터 오류 가능
Warning:  BUR: 비정상 가격 변동 53.2% (2023-03-31) — 스플릿/데이터 오류 가능
Warning:  BW: 비정상 가격 변동 66.9% (2025-06-05) — 스플릿/데이터 오류 가능
Warning:  BXBL: Close NaN 비율 68.6% (기준: 30%)
Warning:  BYAH: Close NaN 비율 66.3% (기준: 30%)
Warning:  BYAH: 비정상 가격 변동 150.0% (2026-06-08) — 스플릿/데이터 오류 가능
Warning:  BYND: 비정상 가격 변동 146.3% (2025-10-21) — 스플릿/데이터 오류 가능
Warning:  CANF: 비정상 가격 변동 69.3% (2021-12-20) — 스플릿/데이터 오류 가능
Warning:  CAPR: 비정상 가격 변동 371.1% (2025-12-03) — 스플릿/데이터 오류 가능
Warning:  CAR: 비정상 가격 변동 108.3% (2021-11-02) — 스플릿/데이터 오류 가능
Warning:  CAST: Close NaN 비율 90.0% (기준: 30%)
Warning:  CAST: 비정상 가격 변동 144.2% (2026-08-18) — 스플릿/데이터 오류 가능
Warning:  CBLL: Close NaN 비율 62.1% (기준: 30%)
Warning:  CBUS: 비정상 가격 변동 89.8% (2023-01-17) — 스플릿/데이터 오류 가능
Warning:  CCHH: Close NaN 비율 81.5% (기준: 30%)
Warning:  CCHH: 비정상 가격 변동 135.2% (2026-02-09) — 스플릿/데이터 오류 가능
Warning:  CD: 비정상 가격 변동 81.4% (2024-11-11) — 스플릿/데이터 오류 가능
Warning:  CDNL: Close NaN 비율 85.3% (기준: 30%)
Warning:  CDTG: Close NaN 비율 52.4% (기준: 30%)
Warning:  CDTG: 비정상 가격 변동 88.4% (2025-09-09) — 스플릿/데이터 오류 가능
Warning:  CELZ: 비정상 가격 변동 101.0% (2023-02-08) — 스플릿/데이터 오류 가능
Warning:  CFND: Close NaN 비율 78.3% (기준: 30%)
Warning:  CGTL: Close NaN 비율 64.6% (기준: 30%)
Warning:  CGTL: 비정상 가격 변동 151.4% (2026-05-28) — 스플릿/데이터 오류 가능
Warning:  CGTX: 비정상 가격 변동 62.2% (2022-08-04) — 스플릿/데이터 오류 가능
Warning:  CHGA: 비정상 가격 변동 316.9% (2024-06-03) — 스플릿/데이터 오류 가능
Warning:  CHSN: Close NaN 비율 31.3% (기준: 30%)
Warning:  CHSN: 비정상 가격 변동 387.2% (2024-10-04) — 스플릿/데이터 오류 가능
Warning:  CIIT: 비정상 가격 변동 132.3% (2021-11-15) — 스플릿/데이터 오류 가능
Warning:  CING: 비정상 가격 변동 268.5% (2024-08-16) — 스플릿/데이터 오류 가능
Warning:  CISS: Close NaN 비율 35.5% (기준: 30%)
Warning:  CISS: 비정상 가격 변동 84.2% (2025-10-07) — 스플릿/데이터 오류 가능
Warning:  CJMB: Close NaN 비율 68.3% (기준: 30%)
Warning:  CJMB: 비정상 가격 변동 275.0% (2026-01-15) — 스플릿/데이터 오류 가능
Warning:  CLDI: 비정상 가격 변동 109.0% (2025-07-09) — 스플릿/데이터 오류 가능
Warning:  CLGN: 비정상 가격 변동 76.2% (2025-05-28) — 스플릿/데이터 오류 가능
Warning:  CLPT: 비정상 가격 변동 58.6% (2025-09-24) — 스플릿/데이터 오류 가능
Warning:  CLRO: 비정상 가격 변동 166.3% (2026-08-06) — 스플릿/데이터 오류 가능
Warning:  CMND: 비정상 가격 변동 62.2% (2023-04-04) — 스플릿/데이터 오류 가능
Warning:  CMPX: 비정상 가격 변동 64.4% (2026-04-27) — 스플릿/데이터 오류 가능
Warning:  CMTL: 비정상 가격 변동 87.6% (2024-06-18) — 스플릿/데이터 오류 가능
Warning:  CNTB: 비정상 가격 변동 57.7% (2022-05-04) — 스플릿/데이터 오류 가능
Warning:  CNTN: 비정상 가격 변동 206.8% (2025-08-20) — 스플릿/데이터 오류 가능
Warning:  CODX: 비정상 가격 변동 259.0% (2025-10-27) — 스플릿/데이터 오류 가능
Warning:  CPRI: 비정상 가격 변동 55.7% (2023-08-10) — 스플릿/데이터 오류 가능
Warning:  CPSH: 비정상 가격 변동 85.3% (2026-05-26) — 스플릿/데이터 오류 가능
Warning:  CRDF: 비정상 가격 변동 64.4% (2024-03-01) — 스플릿/데이터 오류 가능
Warning:  CRE: Close NaN 비율 77.5% (기준: 30%)
Warning:  CRE: 비정상 가격 변동 165.0% (2026-08-26) — 스플릿/데이터 오류 가능
Warning:  CRIS: 비정상 가격 변동 52.4% (2026-06-26) — 스플릿/데이터 오류 가능
Warning:  CRML: 비정상 가격 변동 120.6% (2024-02-27) — 스플릿/데이터 오류 가능
Warning:  CRMT: 비정상 가격 변동 55.0% (2026-06-10) — 스플릿/데이터 오류 가능
Warning:  CRVO: 비정상 가격 변동 161.4% (2025-03-12) — 스플릿/데이터 오류 가능
Warning:  CTNT: Close NaN 비율 38.0% (기준: 30%)
Warning:  CTNT: 비정상 가격 변동 437.8% (2024-05-14) — 스플릿/데이터 오류 가능
Warning:  CTRI: Close NaN 비율 52.4% (기준: 30%)
Warning:  CVRX: 비정상 가격 변동 59.8% (2026-08-07) — 스플릿/데이터 오류 가능
Warning:  CXAI: 비정상 가격 변동 345.6% (2023-04-13) — 스플릿/데이터 오류 가능
Warning:  CYCU: Close NaN 비율 68.9% (기준: 30%)
Warning:  CYCU: 비정상 가격 변동 496.3% (2026-07-30) — 스플릿/데이터 오류 가능
Warning:  DAIC: Close NaN 비율 75.8% (기준: 30%)
Warning:  DAIC: 비정상 가격 변동 306.1% (2026-08-24) — 스플릿/데이터 오류 가능
Warning:  DBGI: 비정상 가격 변동 150.0% (2025-02-14) — 스플릿/데이터 오류 가능
Warning:  DFDV: Close NaN 비율 37.6% (기준: 30%)
Warning:  DFDV: 비정상 가격 변동 842.5% (2025-04-07) — 스플릿/데이터 오류 가능
Warning:  DFLI: 비정상 가격 변동 102.6% (2022-10-05) — 스플릿/데이터 오류 가능
Warning:  DFNS: 비정상 가격 변동 754.7% (2024-12-17) — 스플릿/데이터 오류 가능
Warning:  DFSC: 비정상 가격 변동 5714.8% (2022-11-01) — 스플릿/데이터 오류 가능
Warning:  DGNX: Close NaN 비율 67.5% (기준: 30%)
Warning:  DGNX: 비정상 가격 변동 234.6% (2025-01-29) — 스플릿/데이터 오류 가능
Warning:  DKI: Close NaN 비율 78.4% (기준: 30%)
Warning:  DKI: 비정상 가격 변동 1569.6% (2026-05-11) — 스플릿/데이터 오류 가능
Warning:  DOMH: 비정상 가격 변동 91.3% (2025-02-10) — 스플릿/데이터 오류 가능
Warning:  DPRO: 비정상 가격 변동 52.8% (2024-02-22) — 스플릿/데이터 오류 가능
Warning:  DRMA: 비정상 가격 변동 105.4% (2024-07-24) — 스플릿/데이터 오류 가능
Warning:  DSY: 비정상 가격 변동 291.3% (2026-06-10) — 스플릿/데이터 오류 가능
Warning:  DTCX: 비정상 가격 변동 69.3% (2023-05-12) — 스플릿/데이터 오류 가능
Warning:  DWSN: 비정상 가격 변동 111.7% (2025-06-16) — 스플릿/데이터 오류 가능
Warning:  DXST: Close NaN 비율 67.5% (기준: 30%)
Warning:  DXST: 비정상 가격 변동 209.4% (2026-06-02) — 스플릿/데이터 오류 가능
Warning:  DXYZ: Close NaN 비율 51.1% (기준: 30%)
Warning:  DXYZ: 비정상 가격 변동 95.6% (2024-03-27) — 스플릿/데이터 오류 가능
Warning:  EBS: 비정상 가격 변동 78.3% (2024-02-21) — 스플릿/데이터 오류 가능
Warning:  ECO: Close NaN 비율 38.7% (기준: 30%)
Warning:  ECX: 비정상 가격 변동 95.9% (2023-02-22) — 스플릿/데이터 오류 가능
Warning:  EDBL: 비정상 가격 변동 80.0% (2025-05-20) — 스플릿/데이터 오류 가능
Warning:  EHGO: Close NaN 비율 56.4% (기준: 30%)
Warning:  EHGO: 비정상 가격 변동 125.6% (2026-06-22) — 스플릿/데이터 오류 가능
Warning:  EJH: 비정상 가격 변동 91.8% (2022-12-22) — 스플릿/데이터 오류 가능
Warning:  ELPW: Close NaN 비율 33.0% (기준: 30%)
Warning:  ELPW: 비정상 가격 변동 3141.9% (2026-01-30) — 스플릿/데이터 오류 가능
Warning:  ELTX: 비정상 가격 변동 81.5% (2023-06-02) — 스플릿/데이터 오류 가능
Warning:  EMAT: Close NaN 비율 86.7% (기준: 30%)
Warning:  EMBC: 비정상 가격 변동 57.8% (2026-05-05) — 스플릿/데이터 오류 가능
Warning:  EMPD: 비정상 가격 변동 134.3% (2025-07-17) — 스플릿/데이터 오류 가능
Warning:  ENGN: 비정상 가격 변동 116.5% (2024-02-14) — 스플릿/데이터 오류 가능
Warning:  ENGS: Close NaN 비율 71.3% (기준: 30%)
Warning:  ENGS: 비정상 가격 변동 67.6% (2025-11-06) — 스플릿/데이터 오류 가능
Warning:  ENLV: 비정상 가격 변동 54.0% (2024-04-11) — 스플릿/데이터 오류 가능
Warning:  ENVB: 비정상 가격 변동 136.2% (2023-05-18) — 스플릿/데이터 오류 가능
Warning:  EVAX: 비정상 가격 변동 113.4% (2024-01-24) — 스플릿/데이터 오류 가능
Warning:  EVGO: 비정상 가격 변동 60.8% (2024-10-03) — 스플릿/데이터 오류 가능
Warning:  EVMN: Close NaN 비율 83.4% (기준: 30%)
Warning:  EVMN: 비정상 가격 변동 70.9% (2026-02-10) — 스플릿/데이터 오류 가능
Warning:  EXOD: 비정상 가격 변동 199.0% (2022-12-12) — 스플릿/데이터 오류 가능
Warning:  EYPT: 비정상 가격 변동 177.5% (2023-12-04) — 스플릿/데이터 오류 가능
Warning:  EZRA: 비정상 가격 변동 159.2% (2024-12-23) — 스플릿/데이터 오류 가능
Warning:  FAC: Close NaN 비율 75.9% (기준: 30%)
Warning:  FBLG: Close NaN 비율 48.0% (기준: 30%)
Warning:  FBLG: 비정상 가격 변동 88.4% (2024-02-13) — 스플릿/데이터 오류 가능
Warning:  FCUV: 비정상 가격 변동 517.0% (2026-07-31) — 스플릿/데이터 오류 가능
Warning:  FEAM: 비정상 가격 변동 51.5% (2024-12-30) — 스플릿/데이터 오류 가능
Warning:  FEED: 비정상 가격 변동 144.9% (2025-04-08) — 스플릿/데이터 오류 가능
Warning:  FEMY: 비정상 가격 변동 345.8% (2023-09-26) — 스플릿/데이터 오류 가능
Warning:  FFAI: 비정상 가격 변동 367.2% (2024-05-14) — 스플릿/데이터 오류 가능
Warning:  FGL: Close NaN 비율 62.7% (기준: 30%)
Warning:  FGL: 비정상 가격 변동 56.0% (2026-02-10) — 스플릿/데이터 오류 가능
Warning:  FGNX: 비정상 가격 변동 84.2% (2025-08-01) — 스플릿/데이터 오류 가능
Warning:  FIG: Close NaN 비율 77.9% (기준: 30%)
Warning:  FIGR: Close NaN 비율 80.2% (기준: 30%)
Warning:  FJET: Close NaN 비율 85.7% (기준: 30%)
Warning:  FJET: 비정상 가격 변동 370.9% (2025-12-22) — 스플릿/데이터 오류 가능
Warning:  FLX: Close NaN 비율 61.7% (기준: 30%)
Warning:  FLX: 비정상 가격 변동 57.0% (2025-04-02) — 스플릿/데이터 오류 가능
Warning:  FLY: Close NaN 비율 78.3% (기준: 30%)
Warning:  FLYE: Close NaN 비율 55.1% (기준: 30%)
Warning:  FLYE: 비정상 가격 변동 252.5% (2025-12-01) — 스플릿/데이터 오류 가능
Warning:  FLYX: Close NaN 비율 46.4% (기준: 30%)
Warning:  FLYX: 비정상 가격 변동 130.3% (2026-01-08) — 스플릿/데이터 오류 가능
Warning:  FNUC: 비정상 가격 변동 348.1% (2024-12-18) — 스플릿/데이터 오류 가능
Warning:  FPS: Close NaN 비율 88.3% (기준: 30%)
Warning:  FRGT: 비정상 가격 변동 114.3% (2023-12-14) — 스플릿/데이터 오류 가능
Warning:  FRMI: Close NaN 비율 81.4% (기준: 30%)
Warning:  FRMM: 비정상 가격 변동 325.7% (2024-10-16) — 스플릿/데이터 오류 가능
Warning:  FTCI: 비정상 가격 변동 104.0% (2024-09-11) — 스플릿/데이터 오류 가능
Warning:  FTFT: 비정상 가격 변동 160.9% (2025-07-11) — 스플릿/데이터 오류 가능
Warning:  FTH: 비정상 가격 변동 187.5% (2026-02-18) — 스플릿/데이터 오류 가능
Warning:  FUBO: 비정상 가격 변동 251.4% (2025-01-06) — 스플릿/데이터 오류 가능
Warning:  FUFU: 비정상 가격 변동 105.8% (2024-03-04) — 스플릿/데이터 오류 가능
Warning:  FULC: 비정상 가격 변동 61.1% (2024-09-12) — 스플릿/데이터 오류 가능
Warning:  FWDI: 비정상 가격 변동 58.7% (2025-09-08) — 스플릿/데이터 오류 가능
Warning:  FXHO: 비정상 가격 변동 223.5% (2023-05-01) — 스플릿/데이터 오류 가능
Warning:  GAME: 비정상 가격 변동 99.2% (2022-12-12) — 스플릿/데이터 오류 가능
Warning:  GCTK: 비정상 가격 변동 238.1% (2023-04-06) — 스플릿/데이터 오류 가능
Warning:  GCTS: 비정상 가격 변동 568.7% (2024-03-27) — 스플릿/데이터 오류 가능
Warning:  GDC: 비정상 가격 변동 1140.0% (2023-05-01) — 스플릿/데이터 오류 가능
Warning:  GEMI: Close NaN 비율 80.3% (기준: 30%)
Warning:  GEOS: 비정상 가격 변동 60.1% (2025-06-23) — 스플릿/데이터 오류 가능
Warning:  GITS: Close NaN 비율 38.0% (기준: 30%)
Warning:  GITS: 비정상 가격 변동 3044.3% (2025-01-27) — 스플릿/데이터 오류 가능
Warning:  GLOO: Close NaN 비율 84.1% (기준: 30%)
Warning:  GNLX: 비정상 가격 변동 60.4% (2023-03-06) — 스플릿/데이터 오류 가능
Warning:  GNPX: 비정상 가격 변동 265.6% (2024-10-21) — 스플릿/데이터 오류 가능
Warning:  GOAI: Close NaN 비율 87.8% (기준: 30%)
Warning:  GRCE: 비정상 가격 변동 52.3% (2021-12-22) — 스플릿/데이터 오류 가능
Warning:  GRDX: 비정상 가격 변동 72.4% (2024-10-04) — 스플릿/데이터 오류 가능
Warning:  GRI: 비정상 가격 변동 127.6% (2024-10-21) — 스플릿/데이터 오류 가능
Warning:  GRML: 비정상 가격 변동 787.8% (2025-06-09) — 스플릿/데이터 오류 가능
Warning:  GSIT: 비정상 가격 변동 210.4% (2023-05-12) — 스플릿/데이터 오류 가능
Warning:  GVH: Close NaN 비율 43.6% (기준: 30%)
Warning:  GVH: 비정상 가격 변동 74.2% (2025-06-26) — 스플릿/데이터 오류 가능
Warning:  HAFN: Close NaN 비율 51.9% (기준: 30%)
Warning:  HAO: Close NaN 비율 47.8% (기준: 30%)
Warning:  HAO: 비정상 가격 변동 2336.9% (2025-01-27) — 스플릿/데이터 오류 가능
Warning:  HCWB: 비정상 가격 변동 320.3% (2024-11-18) — 스플릿/데이터 오류 가능
Warning:  HCWC: Close NaN 비율 60.6% (기준: 30%)
Warning:  HCWC: 비정상 가격 변동 64.8% (2025-01-07) — 스플릿/데이터 오류 가능
Warning:  HHS: 비정상 가격 변동 53.0% (2026-08-14) — 스플릿/데이터 오류 가능
Warning:  HKIT: Close NaN 비율 31.4% (기준: 30%)
Warning:  HKIT: 비정상 가격 변동 350.7% (2026-06-01) — 스플릿/데이터 오류 가능
Warning:  HOLO: 비정상 가격 변동 1092.1% (2024-02-07) — 스플릿/데이터 오류 가능
Warning:  HOVR: Close NaN 비율 31.5% (기준: 30%)
Warning:  HOVR: 비정상 가격 변동 75.6% (2024-03-06) — 스플릿/데이터 오류 가능
Warning:  HSCS: 비정상 가격 변동 170.1% (2023-01-30) — 스플릿/데이터 오류 가능
Warning:  HSDT: 비정상 가격 변동 145.3% (2022-08-03) — 스플릿/데이터 오류 가능
Warning:  HSHP: Close NaN 비율 31.4% (기준: 30%)
Warning:  HTZ: 비정상 가격 변동 56.4% (2025-04-16) — 스플릿/데이터 오류 가능
Warning:  HUIZ: 비정상 가격 변동 124.4% (2024-12-09) — 스플릿/데이터 오류 가능
Warning:  HWH: 비정상 가격 변동 227.8% (2025-09-02) — 스플릿/데이터 오류 가능
Warning:  HYLN: 비정상 가격 변동 50.0% (2025-05-28) — 스플릿/데이터 오류 가능
Warning:  HYMC: 비정상 가격 변동 203.0% (2022-03-08) — 스플릿/데이터 오류 가능
Warning:  HYPD: 비정상 가격 변동 134.7% (2025-06-17) — 스플릿/데이터 오류 가능
Warning:  IBG: Close NaN 비율 61.2% (기준: 30%)
Warning:  IBG: 비정상 가격 변동 153.5% (2025-04-02) — 스플릿/데이터 오류 가능
Warning:  IBIO: 비정상 가격 변동 192.2% (2024-03-27) — 스플릿/데이터 오류 가능
Warning:  ICCM: 비정상 가격 변동 200.5% (2026-06-17) — 스플릿/데이터 오류 가능
Warning:  ICG: Close NaN 비율 30.5% (기준: 30%)
Warning:  ICG: 비정상 가격 변동 88.6% (2024-12-20) — 스플릿/데이터 오류 가능
Warning:  IDN: 비정상 가격 변동 74.9% (2024-03-22) — 스플릿/데이터 오류 가능
Warning:  IMCC: 비정상 가격 변동 84.1% (2025-05-29) — 스플릿/데이터 오류 가능
Warning:  IMDX: 비정상 가격 변동 51.5% (2023-03-16) — 스플릿/데이터 오류 가능
Warning:  IMMX: 비정상 가격 변동 62.4% (2022-01-03) — 스플릿/데이터 오류 가능
Warning:  IMSR: Close NaN 비율 62.0% (기준: 30%)
Warning:  INBS: 비정상 가격 변동 293.1% (2023-01-23) — 스플릿/데이터 오류 가능
Warning:  INDO: 비정상 가격 변동 110.4% (2022-01-27) — 스플릿/데이터 오류 가능
Warning:  INDP: 비정상 가격 변동 114.9% (2026-06-04) — 스플릿/데이터 오류 가능
Warning:  INHD: Close NaN 비율 45.6% (기준: 30%)
Warning:  INHD: 비정상 가격 변동 3661.0% (2026-06-08) — 스플릿/데이터 오류 가능
Warning:  INHD: 거래량 0 연속 36일 (기준: 5일) — 상장폐지/거래정지 가능
Warning:  INLF: Close NaN 비율 66.5% (기준: 30%)
Warning:  INLF: 비정상 가격 변동 285.9% (2026-01-30) — 스플릿/데이터 오류 가능
Warning:  INMB: 비정상 가격 변동 56.7% (2025-06-30) — 스플릿/데이터 오류 가능
Warning:  INOD: 비정상 가격 변동 86.0% (2026-05-08) — 스플릿/데이터 오류 가능
Warning:  INSG: 비정상 가격 변동 53.7% (2023-05-04) — 스플릿/데이터 오류 가능
Warning:  INV: 비정상 가격 변동 55.1% (2026-08-14) — 스플릿/데이터 오류 가능
Warning:  IOVA: 비정상 가격 변동 53.6% (2022-05-27) — 스플릿/데이터 오류 가능
Warning:  IPST: Close NaN 비율 64.5% (기준: 30%)
Warning:  IPST: 비정상 가격 변동 235.9% (2026-08-17) — 스플릿/데이터 오류 가능
Warning:  IPW: 비정상 가격 변동 97.9% (2024-05-17) — 스플릿/데이터 오류 가능
Warning:  IPX: 비정상 가격 변동 99.1% (2023-06-13) — 스플릿/데이터 오류 가능
Warning:  ISPC: 비정상 가격 변동 159.7% (2025-09-09) — 스플릿/데이터 오류 가능
Warning:  JDZG: Close NaN 비율 53.9% (기준: 30%)
Warning:  JDZG: 비정상 가격 변동 136.1% (2024-10-17) — 스플릿/데이터 오류 가능
Warning:  JDZG: 거래량 0 연속 38일 (기준: 5일) — 상장폐지/거래정지 가능
Warning:  JEM: Close NaN 비율 75.1% (기준: 30%)
Warning:  JEM: 비정상 가격 변동 267.6% (2026-06-30) — 스플릿/데이터 오류 가능
Warning:  JFU: 비정상 가격 변동 83.7% (2022-10-12) — 스플릿/데이터 오류 가능
Warning:  JLHL: Close NaN 비율 76.0% (기준: 30%)
Warning:  JLHL: 비정상 가격 변동 318.0% (2026-07-09) — 스플릿/데이터 오류 가능
Warning:  JMIA: 비정상 가격 변동 53.8% (2024-08-06) — 스플릿/데이터 오류 가능
Warning:  JTAI: 비정상 가격 변동 580.1% (2026-07-15) — 스플릿/데이터 오류 가능
Warning:  JUNS: Close NaN 비율 64.9% (기준: 30%)
Warning:  JUNS: 비정상 가격 변동 105.8% (2025-06-11) — 스플릿/데이터 오류 가능
Warning:  JZ: 비정상 가격 변동 325.8% (2026-06-01) — 스플릿/데이터 오류 가능
Warning:  JZXN: 비정상 가격 변동 89.7% (2026-02-10) — 스플릿/데이터 오류 가능
Warning:  KAZR: Close NaN 비율 69.1% (기준: 30%)
Warning:  KAZR: 비정상 가격 변동 87.6% (2025-07-07) — 스플릿/데이터 오류 가능
Warning:  KD: 비정상 가격 변동 54.9% (2026-02-09) — 스플릿/데이터 오류 가능
Warning:  KDK: Close NaN 비율 81.0% (기준: 30%)
Warning:  KIDZ: Close NaN 비율 71.6% (기준: 30%)
Warning:  KIDZ: 비정상 가격 변동 366.1% (2025-05-01) — 스플릿/데이터 오류 가능
Warning:  KLAR: Close NaN 비율 80.2% (기준: 30%)
Warning:  KLC: Close NaN 비율 61.9% (기준: 30%)
Warning:  KPTI: 비정상 가격 변동 72.6% (2026-07-31) — 스플릿/데이터 오류 가능
Warning:  KRMN: Close NaN 비율 68.8% (기준: 30%)
Warning:  KSCP: 비정상 가격 변동 175.6% (2022-01-28) — 스플릿/데이터 오류 가능
Warning:  KULR: 비정상 가격 변동 75.6% (2024-11-25) — 스플릿/데이터 오류 가능
Warning:  KWM: Close NaN 비율 73.7% (기준: 30%)
Warning:  KWM: 비정상 가격 변동 133.3% (2025-06-04) — 스플릿/데이터 오류 가능
Warning:  KXIN: 비정상 가격 변동 171.4% (2024-10-02) — 스플릿/데이터 오류 가능
Warning:  LAC: Close NaN 비율 41.4% (기준: 30%)
Warning:  LAC: 비정상 가격 변동 95.8% (2025-09-24) — 스플릿/데이터 오류 가능
Warning:  LAES: Close NaN 비율 34.3% (기준: 30%)
Warning:  LAES: 비정상 가격 변동 102.3% (2023-05-24) — 스플릿/데이터 오류 가능
Warning:  LASE: 비정상 가격 변동 160.8% (2026-06-02) — 스플릿/데이터 오류 가능
Warning:  LAW: 비정상 가격 변동 53.6% (2022-08-12) — 스플릿/데이터 오류 가능
Warning:  LBGJ: Close NaN 비율 62.7% (기준: 30%)
Warning:  LBGJ: 비정상 가격 변동 90.8% (2026-07-20) — 스플릿/데이터 오류 가능
Warning:  LFCR: 비정상 가격 변동 85.6% (2023-03-20) — 스플릿/데이터 오류 가능
Warning:  LFS: Close NaN 비율 81.8% (기준: 30%)
Warning:  LFS: 비정상 가격 변동 576.8% (2025-11-11) — 스플릿/데이터 오류 가능
Warning:  LGCL: Close NaN 비율 49.9% (기준: 30%)
Warning:  LGCL: 비정상 가격 변동 117.1% (2026-06-30) — 스플릿/데이터 오류 가능
Warning:  LHAI: Close NaN 비율 77.5% (기준: 30%)
Warning:  LHAI: 비정상 가격 변동 315.2% (2026-07-01) — 스플릿/데이터 오류 가능
Warning:  LHSW: Close NaN 비율 71.5% (기준: 30%)
Warning:  LHSW: 비정상 가격 변동 277.8% (2026-07-06) — 스플릿/데이터 오류 가능
Warning:  LIDR: 비정상 가격 변동 158.4% (2025-07-24) — 스플릿/데이터 오류 가능
Warning:  LIF: Close NaN 비율 55.1% (기준: 30%)
Warning:  LIFE: Close NaN 비율 87.9% (기준: 30%)
Warning:  LIMN: Close NaN 비율 73.1% (기준: 30%)
Warning:  LIMN: 비정상 가격 변동 139.8% (2025-06-04) — 스플릿/데이터 오류 가능
Warning:  LITS: 비정상 가격 변동 65.2% (2022-03-25) — 스플릿/데이터 오류 가능
Warning:  LNKS: Close NaN 비율 65.1% (기준: 30%)
Warning:  LNKS: 비정상 가격 변동 86.1% (2026-03-23) — 스플릿/데이터 오류 가능
Warning:  LPSN: 비정상 가격 변동 57.7% (2023-03-16) — 스플릿/데이터 오류 가능
Warning:  LSTA: 비정상 가격 변동 86.6% (2026-01-21) — 스플릿/데이터 오류 가능
Warning:  LTBR: 비정상 가격 변동 57.5% (2024-10-18) — 스플릿/데이터 오류 가능
Warning:  LUNR: 비정상 가격 변동 251.4% (2023-02-16) — 스플릿/데이터 오류 가능
Warning:  LVWR: 비정상 가격 변동 153.5% (2025-05-27) — 스플릿/데이터 오류 가능
Warning:  LXEO: Close NaN 비율 43.3% (기준: 30%)
Warning:  LXEO: 비정상 가격 변동 50.9% (2025-03-24) — 스플릿/데이터 오류 가능
Warning:  LYEL: 비정상 가격 변동 68.6% (2025-06-04) — 스플릿/데이터 오류 가능
Warning:  LZMH: Close NaN 비율 69.5% (기준: 30%)
Warning:  LZMH: 비정상 가격 변동 84.0% (2026-04-17) — 스플릿/데이터 오류 가능
Warning:  MASK: Close NaN 비율 66.9% (기준: 30%)
Warning:  MASK: 비정상 가격 변동 199.3% (2026-05-28) — 스플릿/데이터 오류 가능
Warning:  MB: Close NaN 비율 71.9% (기준: 30%)
Warning:  MB: 비정상 가격 변동 137.9% (2026-08-07) — 스플릿/데이터 오류 가능
Warning:  MBOT: 비정상 가격 변동 159.3% (2023-05-22) — 스플릿/데이터 오류 가능
Warning:  MF: Close NaN 비율 51.2% (기준: 30%)
Warning:  MF: 비정상 가격 변동 1316.7% (2024-11-27) — 스플릿/데이터 오류 가능
Warning:  MGX: Close NaN 비율 48.6% (기준: 30%)
Warning:  MGX: 비정상 가격 변동 125.4% (2024-12-09) — 스플릿/데이터 오류 가능
Warning:  MI: 비정상 가격 변동 9542.9% (2026-05-18) — 스플릿/데이터 오류 가능
Warning:  MIST: 비정상 가격 변동 60.9% (2025-03-28) — 스플릿/데이터 오류 가능
Warning:  MLTX: 비정상 가격 변동 89.9% (2025-09-29) — 스플릿/데이터 오류 가능
Warning:  MMED: Close NaN 비율 89.9% (기준: 30%)
Warning:  MNDR: Close NaN 비율 51.9% (기준: 30%)
Warning:  MNDR: 비정상 가격 변동 185.7% (2025-02-20) — 스플릿/데이터 오류 가능
Warning:  MNTS: 비정상 가격 변동 155.4% (2024-10-09) — 스플릿/데이터 오류 가능
Warning:  MOB: 비정상 가격 변동 88.0% (2023-07-10) — 스플릿/데이터 오류 가능
Warning:  MPLT: Close NaN 비율 82.8% (기준: 30%)
Warning:  MPLT: 비정상 가격 변동 72.9% (2026-07-27) — 스플릿/데이터 오류 가능
Warning:  MRAM: 비정상 가격 변동 63.2% (2021-11-12) — 스플릿/데이터 오류 가능
Warning:  MRLN: Close NaN 비율 64.9% (기준: 30%)
Warning:  MRX: Close NaN 비율 52.7% (기준: 30%)
Warning:  MSGY: Close NaN 비율 76.6% (기준: 30%)
Warning:  MSGY: 비정상 가격 변동 85.5% (2025-10-02) — 스플릿/데이터 오류 가능
Warning:  MSS: Close NaN 비율 41.7% (기준: 30%)
Warning:  MSS: 비정상 가격 변동 122.4% (2024-09-24) — 스플릿/데이터 오류 가능
Warning:  MTEN: Close NaN 비율 52.4% (기준: 30%)
Warning:  MTEN: 비정상 가격 변동 81.3% (2026-06-08) — 스플릿/데이터 오류 가능
Warning:  MXL: 비정상 가격 변동 76.1% (2026-04-24) — 스플릿/데이터 오류 가능
Warning:  MYSZ: 비정상 가격 변동 214.8% (2024-12-20) — 스플릿/데이터 오류 가능
Warning:  NAGE: 비정상 가격 변동 67.9% (2024-11-01) — 스플릿/데이터 오류 가능
Warning:  NAKA: Close NaN 비율 54.7% (기준: 30%)
Warning:  NAKA: 비정상 가격 변동 251.0% (2025-05-12) — 스플릿/데이터 오류 가능
Warning:  NAMI: Close NaN 비율 65.2% (기준: 30%)
Warning:  NAMI: 비정상 가격 변동 53.7% (2025-05-29) — 스플릿/데이터 오류 가능
Warning:  NAMM: Close NaN 비율 75.0% (기준: 30%)
Warning:  NAMM: 비정상 가격 변동 130.6% (2026-01-21) — 스플릿/데이터 오류 가능
Warning:  NB: Close NaN 비율 30.8% (기준: 30%)
Warning:  NCI: Close NaN 비율 52.6% (기준: 30%)
Warning:  NCI: 비정상 가격 변동 238.5% (2026-02-11) — 스플릿/데이터 오류 가능
Warning:  NCRA: 비정상 가격 변동 118.2% (2026-07-29) — 스플릿/데이터 오류 가능
Warning:  NEXR: 비정상 가격 변동 1360.0% (2024-11-20) — 스플릿/데이터 오류 가능
Warning:  NIKI: 비정상 가격 변동 554.5% (2024-03-06) — 스플릿/데이터 오류 가능
Warning:  NIVF: 비정상 가격 변동 1583.3% (2025-02-11) — 스플릿/데이터 오류 가능
Warning:  NKLR: Close NaN 비율 81.6% (기준: 30%)
Warning:  NMG: 비정상 가격 변동 51.8% (2025-10-13) — 스플릿/데이터 오류 가능
Warning:  NMRA: Close NaN 비율 40.5% (기준: 30%)
Warning:  NMRA: 비정상 가격 변동 81.4% (2025-01-02) — 스플릿/데이터 오류 가능
Warning:  NNE: Close NaN 비율 53.5% (기준: 30%)
Warning:  NNNN: Close NaN 비율 69.0% (기준: 30%)
Warning:  NNNN: 비정상 가격 변동 57.5% (2025-11-05) — 스플릿/데이터 오류 가능
Warning:  NTHI: Close NaN 비율 71.0% (기준: 30%)
Warning:  NTHI: 비정상 가격 변동 57.9% (2025-07-02) — 스플릿/데이터 오류 가능
Warning:  NVA: Close NaN 비율 57.6% (기준: 30%)
Warning:  NVA: 비정상 가격 변동 110.3% (2025-10-14) — 스플릿/데이터 오류 가능
Warning:  NVA: 거래량 0 연속 10일 (기준: 5일) — 상장폐지/거래정지 가능
Warning:  NVTS: 비정상 가격 변동 164.4% (2025-05-22) — 스플릿/데이터 오류 가능
Warning:  NXTT: 비정상 가격 변동 661.3% (2025-05-09) — 스플릿/데이터 오류 가능
Warning:  ODD: Close NaN 비율 37.3% (기준: 30%)
Warning:  OIO: 비정상 가격 변동 58.4% (2026-04-24) — 스플릿/데이터 오류 가능
Warning:  OKLO: 비정상 가격 변동 53.6% (2024-05-10) — 스플릿/데이터 오류 가능
Warning:  OLMA: 비정상 가격 변동 136.4% (2025-11-18) — 스플릿/데이터 오류 가능
Warning:  OM: 비정상 가격 변동 68.5% (2024-08-08) — 스플릿/데이터 오류 가능
Warning:  OMER: 비정상 가격 변동 154.1% (2025-10-15) — 스플릿/데이터 오류 가능
Warning:  OMH: Close NaN 비율 30.8% (기준: 30%)
Warning:  OMH: 비정상 가격 변동 878.4% (2025-03-10) — 스플릿/데이터 오류 가능
Warning:  ONCO: 비정상 가격 변동 199.6% (2022-08-17) — 스플릿/데이터 오류 가능
Warning:  ONFO: 비정상 가격 변동 124.9% (2026-04-16) — 스플릿/데이터 오류 가능
Warning:  OPEN: 비정상 가격 변동 79.5% (2025-09-11) — 스플릿/데이터 오류 가능
Warning:  OPRX: 비정상 가격 변동 51.7% (2025-03-12) — 스플릿/데이터 오류 가능
Warning:  OPTU: 비정상 가격 변동 76.3% (2026-06-01) — 스플릿/데이터 오류 가능
Warning:  ORGO: 비정상 가격 변동 102.3% (2025-02-28) — 스플릿/데이터 오류 가능
Warning:  ORKT: Close NaN 비율 57.7% (기준: 30%)
Warning:  ORKT: 비정상 가격 변동 147.6% (2025-12-08) — 스플릿/데이터 오류 가능
Warning:  OSCR: 비정상 가격 변동 56.3% (2023-03-28) — 스플릿/데이터 오류 가능
Warning:  OSS: 비정상 가격 변동 56.9% (2026-05-06) — 스플릿/데이터 오류 가능
Warning:  PAAI: 비정상 가격 변동 207.0% (2024-11-15) — 스플릿/데이터 오류 가능
Warning:  PAL: Close NaN 비율 53.5% (기준: 30%)
Warning:  PARA: 비정상 가격 변동 97.6% (2024-09-20) — 스플릿/데이터 오류 가능
Warning:  PAVS: 비정상 가격 변동 93.3% (2024-10-01) — 스플릿/데이터 오류 가능
Warning:  PAVS: 거래량 0 연속 7일 (기준: 5일) — 상장폐지/거래정지 가능
Warning:  PCLA: Close NaN 비율 67.3% (기준: 30%)
Warning:  PCLA: 비정상 가격 변동 194.2% (2026-05-22) — 스플릿/데이터 오류 가능
Warning:  PEPG: 비정상 가격 변동 121.1% (2025-09-25) — 스플릿/데이터 오류 가능
Warning:  PEW: Close NaN 비율 47.0% (기준: 30%)
Warning:  PFSA: Close NaN 비율 76.8% (기준: 30%)
Warning:  PFSA: 비정상 가격 변동 506.6% (2026-08-18) — 스플릿/데이터 오류 가능
Warning:  PHIO: 비정상 가격 변동 290.5% (2025-01-13) — 스플릿/데이터 오류 가능
Warning:  PLBL: Close NaN 비율 78.4% (기준: 30%)
Warning:  PLCE: 비정상 가격 변동 85.7% (2024-09-11) — 스플릿/데이터 오류 가능
Warning:  PLSE: 비정상 가격 변동 51.6% (2026-02-06) — 스플릿/데이터 오류 가능
Warning:  PLYX: Close NaN 비율 88.0% (기준: 30%)
Warning:  PLYX: 비정상 가격 변동 69.6% (2026-03-10) — 스플릿/데이터 오류 가능
Warning:  PMA: Close NaN 비율 64.5% (기준: 30%)
Warning:  PMI: Close NaN 비율 79.6% (기준: 30%)
Warning:  PMI: 비정상 가격 변동 86.2% (2026-08-25) — 스플릿/데이터 오류 가능
Warning:  PMI: 거래량 0 연속 7일 (기준: 5일) — 상장폐지/거래정지 가능
Warning:  PN: Close NaN 비율 69.7% (기준: 30%)
Warning:  PN: 비정상 가격 변동 131.8% (2026-07-22) — 스플릿/데이터 오류 가능
Warning:  PONY: Close NaN 비율 64.7% (기준: 30%)
Warning:  PPBT: 비정상 가격 변동 150.4% (2024-12-02) — 스플릿/데이터 오류 가능
Warning:  PPCB: 비정상 가격 변동 6249900.1% (2025-01-29) — 스플릿/데이터 오류 가능
Warning:  PPSI: 비정상 가격 변동 220.0% (2021-11-08) — 스플릿/데이터 오류 가능
Warning:  PRIM: 비정상 가격 변동 50.1% (2026-05-06) — 스플릿/데이터 오류 가능
Warning:  PSIG: Close NaN 비율 57.4% (기준: 30%)
Warning:  PSIG: 비정상 가격 변동 127.7% (2024-08-12) — 스플릿/데이터 오류 가능
Warning:  PSIX: 비정상 가격 변동 68.6% (2022-11-15) — 스플릿/데이터 오류 가능
Warning:  PSQH: 비정상 가격 변동 270.4% (2024-12-03) — 스플릿/데이터 오류 가능
Warning:  PSQL: Close NaN 비율 87.8% (기준: 30%)
Warning:  PSQL: 비정상 가격 변동 95.2% (2026-08-28) — 스플릿/데이터 오류 가능
Warning:  PUSA: Close NaN 비율 68.7% (기준: 30%)
Warning:  PUSA: 비정상 가격 변동 207.6% (2025-07-23) — 스플릿/데이터 오류 가능
Warning:  QBTS: 비정상 가격 변동 110.7% (2023-05-22) — 스플릿/데이터 오류 가능
Warning:  QNC: Close NaN 비율 89.2% (기준: 30%)
Warning:  QNRX: 비정상 가격 변동 360.5% (2022-08-03) — 스플릿/데이터 오류 가능
Warning:  QNTM: 비정상 가격 변동 119.8% (2024-08-09) — 스플릿/데이터 오류 가능
Warning:  QTRX: 비정상 가격 변동 54.8% (2022-08-09) — 스플릿/데이터 오류 가능
Warning:  QUBT: 비정상 가격 변동 92.8% (2024-11-13) — 스플릿/데이터 오류 가능
Warning:  QUCY: 비정상 가격 변동 3377.4% (2024-12-03) — 스플릿/데이터 오류 가능
Warning:  QXO: 비정상 가격 변동 240.3% (2023-12-04) — 스플릿/데이터 오류 가능
Warning:  RCEL: 비정상 가격 변동 63.6% (2026-08-07) — 스플릿/데이터 오류 가능
Warning:  RCON: 비정상 가격 변동 85.4% (2026-08-05) — 스플릿/데이터 오류 가능
Warning:  RDAC: Close NaN 비율 64.9% (기준: 30%)
Warning:  RDAC: 비정상 가격 변동 318.6% (2026-04-29) — 스플릿/데이터 오류 가능
Warning:  RDAC: 거래량 0 연속 5일 (기준: 5일) — 상장폐지/거래정지 가능
Warning:  RDW: 비정상 가격 변동 51.4% (2025-01-21) — 스플릿/데이터 오류 가능
Warning:  RETO: 비정상 가격 변동 621.3% (2025-03-07) — 스플릿/데이터 오류 가능
Warning:  RGC: 비정상 가격 변동 343.9% (2024-07-23) — 스플릿/데이터 오류 가능
Warning:  RGTI: 비정상 가격 변동 58.0% (2024-11-25) — 스플릿/데이터 오류 가능
Warning:  RPGL: Close NaN 비율 82.1% (기준: 30%)
Warning:  RPGL: 비정상 가격 변동 173.9% (2026-01-29) — 스플릿/데이터 오류 가능
Warning:  RR: Close NaN 비율 44.1% (기준: 30%)
Warning:  RR: 비정상 가격 변동 73.9% (2024-08-06) — 스플릿/데이터 오류 가능
Warning:  RUBI: Close NaN 비율 78.1% (기준: 30%)
Warning:  RUBI: 비정상 가격 변동 54.2% (2025-11-25) — 스플릿/데이터 오류 가능
Warning:  RVI: Close NaN 비율 89.9% (기준: 30%)
Warning:  RXT: 비정상 가격 변동 227.0% (2026-02-18) — 스플릿/데이터 오류 가능
Warning:  RZLT: 비정상 가격 변동 87.2% (2025-12-11) — 스플릿/데이터 오류 가능
Warning:  RZLV: 비정상 가격 변동 54.5% (2024-12-17) — 스플릿/데이터 오류 가능
Warning:  SBET: 비정상 가격 변동 433.2% (2025-05-27) — 스플릿/데이터 오류 가능
Warning:  SBFM: 비정상 가격 변동 150.0% (2022-03-09) — 스플릿/데이터 오류 가능
Warning:  SCNI: 비정상 가격 변동 97.3% (2021-12-22) — 스플릿/데이터 오류 가능
Warning:  SDOT: 비정상 가격 변동 247.1% (2026-06-26) — 스플릿/데이터 오류 가능
Warning:  SERV: Close NaN 비율 50.1% (기준: 30%)
Warning:  SERV: 비정상 가격 변동 187.1% (2024-07-19) — 스플릿/데이터 오류 가능
Warning:  SEV: Close NaN 비율 82.2% (기준: 30%)
Warning:  SEV: 비정상 가격 변동 57.8% (2025-10-23) — 스플릿/데이터 오류 가능
Warning:  SFHG: Close NaN 비율 62.2% (기준: 30%)
Warning:  SFHG: 비정상 가격 변동 85.5% (2024-12-11) — 스플릿/데이터 오류 가능
Warning:  SGLY: 비정상 가격 변동 143.5% (2025-03-21) — 스플릿/데이터 오류 가능
Warning:  SGRX: 비정상 가격 변동 121.4% (2025-03-07) — 스플릿/데이터 오류 가능
Warning:  SHMD: Close NaN 비율 53.1% (기준: 30%)
Warning:  SHPH: 비정상 가격 변동 91.3% (2022-09-06) — 스플릿/데이터 오류 가능
Warning:  SIDU: 비정상 가격 변동 225.0% (2022-06-15) — 스플릿/데이터 오류 가능
Warning:  SILO: 비정상 가격 변동 4164.7% (2022-09-19) — 스플릿/데이터 오류 가능
Warning:  SINT: 비정상 가격 변동 132.7% (2024-05-15) — 스플릿/데이터 오류 가능
Warning:  SION: Close NaN 비율 68.4% (기준: 30%)
Warning:  SION: 비정상 가격 변동 91.2% (2026-08-10) — 스플릿/데이터 오류 가능
Warning:  SKK: Close NaN 비율 61.8% (기준: 30%)
Warning:  SKK: 비정상 가격 변동 596.6% (2026-05-04) — 스플릿/데이터 오류 가능
Warning:  SKYA: 비정상 가격 변동 141.6% (2024-05-28) — 스플릿/데이터 오류 가능
Warning:  SKYE: 비정상 가격 변동 76.9% (2024-02-27) — 스플릿/데이터 오류 가능
Warning:  SKYQ: Close NaN 비율 62.0% (기준: 30%)
Warning:  SKYQ: 비정상 가격 변동 101.6% (2026-04-02) — 스플릿/데이터 오류 가능
Warning:  SKYX: 비정상 가격 변동 68.6% (2022-07-28) — 스플릿/데이터 오류 가능
Warning:  SLDE: Close NaN 비율 75.6% (기준: 30%)
Warning:  SLDP: 비정상 가격 변동 51.6% (2025-11-05) — 스플릿/데이터 오류 가능
Warning:  SLE: 비정상 가격 변동 159.5% (2025-09-23) — 스플릿/데이터 오류 가능
Warning:  SLNH: 비정상 가격 변동 94.4% (2025-09-22) — 스플릿/데이터 오류 가능
Warning:  SMJF: Close NaN 비율 84.9% (기준: 30%)
Warning:  SMJF: 비정상 가격 변동 87.0% (2026-08-27) — 스플릿/데이터 오류 가능
Warning:  SMTK: Close NaN 비율 54.7% (기준: 30%)
Warning:  SMTK: 비정상 가격 변동 105.4% (2026-06-08) — 스플릿/데이터 오류 가능
Warning:  SNAL: 비정상 가격 변동 350.9% (2026-04-14) — 스플릿/데이터 오류 가능
Warning:  SNOA: 비정상 가격 변동 72.8% (2025-08-14) — 스플릿/데이터 오류 가능
Warning:  SOC: 비정상 가격 변동 56.2% (2025-12-18) — 스플릿/데이터 오류 가능
Warning:  SORA: Close NaN 비율 71.4% (기준: 30%)
Warning:  SORA: 비정상 가격 변동 58.2% (2026-02-02) — 스플릿/데이터 오류 가능
Warning:  SOUN: 비정상 가격 변동 71.8% (2022-12-30) — 스플릿/데이터 오류 가능
Warning:  SPPL: Close NaN 비율 40.4% (기준: 30%)
Warning:  SPPL: 비정상 가격 변동 268.7% (2024-11-04) — 스플릿/데이터 오류 가능
Warning:  SPRO: 비정상 가격 변동 244.6% (2025-05-28) — 스플릿/데이터 오류 가능
Warning:  SPRY: 비정상 가격 변동 77.9% (2023-05-12) — 스플릿/데이터 오류 가능
Warning:  SPWH: 비정상 가격 변동 97.9% (2025-04-02) — 스플릿/데이터 오류 가능
Warning:  SQFT: 비정상 가격 변동 166.1% (2025-07-14) — 스플릿/데이터 오류 가능
Warning:  SRG: 비정상 가격 변동 80.3% (2022-07-08) — 스플릿/데이터 오류 가능
Warning:  SRXH: 비정상 가격 변동 84.5% (2025-08-15) — 스플릿/데이터 오류 가능
Warning:  SRXH: 거래량 0 연속 7일 (기준: 5일) — 상장폐지/거래정지 가능
Warning:  SSM: 비정상 가격 변동 2900.0% (2024-05-29) — 스플릿/데이터 오류 가능
Warning:  SST: 비정상 가격 변동 142.3% (2026-03-27) — 스플릿/데이터 오류 가능
Warning:  STAK: Close NaN 비율 69.4% (기준: 30%)
Warning:  STAK: 비정상 가격 변동 602.3% (2026-07-24) — 스플릿/데이터 오류 가능
Warning:  STEM: 비정상 가격 변동 57.2% (2025-01-03) — 스플릿/데이터 오류 가능
Warning:  STFS: Close NaN 비율 62.1% (기준: 30%)
Warning:  STFS: 비정상 가격 변동 96.5% (2026-05-06) — 스플릿/데이터 오류 가능
Warning:  STKE: 비정상 가격 변동 131.4% (2024-10-14) — 스플릿/데이터 오류 가능
Warning:  STKH: 비정상 가격 변동 166.7% (2026-07-28) — 스플릿/데이터 오류 가능
Warning:  STRL: 비정상 가격 변동 52.2% (2026-05-05) — 스플릿/데이터 오류 가능
Warning:  STUB: Close NaN 비율 80.6% (기준: 30%)
Warning:  SUNE: 비정상 가격 변동 420.4% (2026-06-08) — 스플릿/데이터 오류 가능
Warning:  SUPX: Close NaN 비율 52.3% (기준: 30%)
Warning:  SVCO: Close NaN 비율 53.5% (기준: 30%)
Warning:  SVCO: 비정상 가격 변동 52.4% (2026-03-13) — 스플릿/데이터 오류 가능
Warning:  SWMR: Close NaN 비율 90.4% (기준: 30%)
Warning:  SWMR: 비정상 가격 변동 77.4% (2026-03-18) — 스플릿/데이터 오류 가능
Warning:  SXTC: 비정상 가격 변동 1581.4% (2022-05-19) — 스플릿/데이터 오류 가능
Warning:  SYM: 비정상 가격 변동 120.5% (2022-06-08) — 스플릿/데이터 오류 가능
Warning:  TANH: 비정상 가격 변동 117.7% (2023-05-01) — 스플릿/데이터 오류 가능
Warning:  TAOX: 비정상 가격 변동 74.6% (2022-12-16) — 스플릿/데이터 오류 가능
Warning:  TBBB: Close NaN 비율 48.6% (기준: 30%)
Warning:  TC: 비정상 가격 변동 159.5% (2026-07-01) — 스플릿/데이터 오류 가능
Warning:  TDIC: Close NaN 비율 77.5% (기준: 30%)
Warning:  TDIC: 비정상 가격 변동 876.7% (2026-05-13) — 스플릿/데이터 오류 가능
Warning:  TDUP: 비정상 가격 변동 62.7% (2024-08-06) — 스플릿/데이터 오류 가능
Warning:  TE: 비정상 가격 변동 66.7% (2024-11-06) — 스플릿/데이터 오류 가능
Warning:  TENX: 비정상 가격 변동 297.4% (2023-11-13) — 스플릿/데이터 오류 가능
Warning:  TGL: 비정상 가격 변동 276.3% (2025-12-05) — 스플릿/데이터 오류 가능
Warning:  THH: Close NaN 비율 79.4% (기준: 30%)
Warning:  THH: 비정상 가격 변동 138.3% (2026-01-13) — 스플릿/데이터 오류 가능
Warning:  TJGC: Close NaN 비율 67.5% (기준: 30%)
Warning:  TJGC: 비정상 가격 변동 571.4% (2025-06-03) — 스플릿/데이터 오류 가능
Warning:  TJGC: 거래량 0 연속 11일 (기준: 5일) — 상장폐지/거래정지 가능
Warning:  TLRY: 비정상 가격 변동 60.9% (2025-09-29) — 스플릿/데이터 오류 가능
Warning:  TMQ: 비정상 가격 변동 211.0% (2025-10-07) — 스플릿/데이터 오류 가능
Warning:  TNON: 비정상 가격 변동 283.4% (2025-03-25) — 스플릿/데이터 오류 가능
Warning:  TNXP: 비정상 가격 변동 120.8% (2024-12-16) — 스플릿/데이터 오류 가능
Warning:  TONX: 비정상 가격 변동 346.9% (2023-09-05) — 스플릿/데이터 오류 가능
Warning:  TOYO: 비정상 가격 변동 86.6% (2024-11-26) — 스플릿/데이터 오류 가능
Warning:  TPET: Close NaN 비율 32.3% (기준: 30%)
Warning:  TPET: 비정상 가격 변동 166.7% (2026-03-02) — 스플릿/데이터 오류 가능
Warning:  TPST: 비정상 가격 변동 3970.8% (2023-10-11) — 스플릿/데이터 오류 가능
Warning:  TRDA: 비정상 가격 변동 57.3% (2026-05-07) — 스플릿/데이터 오류 가능
Warning:  TRON: Close NaN 비율 38.8% (기준: 30%)
Warning:  TRON: 비정상 가격 변동 533.8% (2025-06-16) — 스플릿/데이터 오류 가능
Warning:  TROO: 비정상 가격 변동 106.2% (2025-07-14) — 스플릿/데이터 오류 가능
Warning:  TSSI: 비정상 가격 변동 74.1% (2025-05-16) — 스플릿/데이터 오류 가능
Warning:  TTEC: 비정상 가격 변동 52.6% (2025-04-02) — 스플릿/데이터 오류 가능
Warning:  TURB: Close NaN 비율 41.0% (기준: 30%)
Warning:  TURB: 비정상 가격 변동 359.3% (2025-09-16) — 스플릿/데이터 오류 가능
Warning:  TVRD: 비정상 가격 변동 83.9% (2025-10-13) — 스플릿/데이터 오류 가능
Warning:  TYGO: 비정상 가격 변동 83.6% (2023-06-01) — 스플릿/데이터 오류 가능
Warning:  UAVS: 비정상 가격 변동 122.4% (2024-11-14) — 스플릿/데이터 오류 가능
Warning:  UP: 비정상 가격 변동 60.4% (2023-06-22) — 스플릿/데이터 오류 가능
Warning:  UPB: Close NaN 비율 62.1% (기준: 30%)
Warning:  UPC: 비정상 가격 변동 311.5% (2026-06-29) — 스플릿/데이터 오류 가능
Warning:  UPST: 비정상 가격 변동 56.4% (2022-05-10) — 스플릿/데이터 오류 가능
Warning:  UPXI: 비정상 가격 변동 330.9% (2025-04-21) — 스플릿/데이터 오류 가능
Warning:  USAR: Close NaN 비율 37.1% (기준: 30%)
Warning:  USAR: 비정상 가격 변동 72.0% (2025-03-14) — 스플릿/데이터 오류 가능
Warning:  UXIN: 비정상 가격 변동 83.7% (2024-09-27) — 스플릿/데이터 오류 가능
Warning:  VATE: 비정상 가격 변동 86.3% (2025-01-21) — 스플릿/데이터 오류 가능
Warning:  VBIO: 비정상 가격 변동 197.9% (2025-02-12) — 스플릿/데이터 오류 가능
Warning:  VCIG: Close NaN 비율 32.0% (기준: 30%)
Warning:  VCIG: 비정상 가격 변동 546.8% (2023-05-02) — 스플릿/데이터 오류 가능
Warning:  VEEA: 비정상 가격 변동 133.3% (2024-09-18) — 스플릿/데이터 오류 가능
Warning:  VELO: 비정상 가격 변동 80.7% (2025-04-01) — 스플릿/데이터 오류 가능
Warning:  VENU: Close NaN 비율 64.7% (기준: 30%)
Warning:  VICR: 비정상 가격 변동 57.7% (2023-07-26) — 스플릿/데이터 오류 가능
Warning:  VIOT: 비정상 가격 변동 83.5% (2026-09-02) — 스플릿/데이터 오류 가능
Warning:  VIR: 비정상 가격 변동 58.2% (2025-01-08) — 스플릿/데이터 오류 가능
Warning:  VLN: 비정상 가격 변동 59.0% (2026-01-09) — 스플릿/데이터 오류 가능
Warning:  VMAR: 비정상 가격 변동 156.8% (2025-12-16) — 스플릿/데이터 오류 가능
Warning:  VNET: 비정상 가격 변동 83.2% (2022-03-16) — 스플릿/데이터 오류 가능
Warning:  VRAX: 비정상 가격 변동 141.8% (2024-08-19) — 스플릿/데이터 오류 가능
Warning:  VRRM: 비정상 가격 변동 70.6% (2026-05-27) — 스플릿/데이터 오류 가능
Warning:  VRXA: Close NaN 비율 61.4% (기준: 30%)
Warning:  VRXA: 비정상 가격 변동 55.5% (2026-06-16) — 스플릿/데이터 오류 가능
Warning:  VSA: 비정상 가격 변동 329.8% (2025-01-31) — 스플릿/데이터 오류 가능
Warning:  VTIX: Close NaN 비율 87.7% (기준: 30%)
Warning:  VTIX: 비정상 가격 변동 56.3% (2026-01-28) — 스플릿/데이터 오류 가능
Warning:  WATR: Close NaN 비율 75.5% (기준: 30%)
Warning:  WATT: 비정상 가격 변동 554.3% (2024-12-30) — 스플릿/데이터 오류 가능
Warning:  WBTN: Close NaN 비율 56.2% (기준: 30%)
Warning:  WBTN: 비정상 가격 변동 81.2% (2025-08-13) — 스플릿/데이터 오류 가능
Warning:  WCT: Close NaN 비율 61.5% (기준: 30%)
Warning:  WCT: 비정상 가격 변동 179.3% (2026-06-03) — 스플릿/데이터 오류 가능
Warning:  WETO: Close NaN 비율 69.5% (기준: 30%)
Warning:  WETO: 비정상 가격 변동 200.0% (2026-07-31) — 스플릿/데이터 오류 가능
Warning:  WFF: Close NaN 비율 71.1% (기준: 30%)
Warning:  WIMI: 비정상 가격 변동 77.5% (2024-12-27) — 스플릿/데이터 오류 가능
Warning:  WKHS: 비정상 가격 변동 54.9% (2025-07-08) — 스플릿/데이터 오류 가능
Warning:  WLDS: 비정상 가격 변동 407.8% (2025-09-10) — 스플릿/데이터 오류 가능
Warning:  WNW: 비정상 가격 변동 97.6% (2025-04-22) — 스플릿/데이터 오류 가능
Warning:  WOK: Close NaN 비율 59.4% (기준: 30%)
Warning:  WOK: 비정상 가격 변동 206.2% (2026-05-11) — 스플릿/데이터 오류 가능
Warning:  WOK: 거래량 0 연속 11일 (기준: 5일) — 상장폐지/거래정지 가능
Warning:  WOLF: Close NaN 비율 81.2% (기준: 30%)
Warning:  WRD: Close NaN 비율 62.9% (기준: 30%)
Warning:  WRD: 비정상 가격 변동 83.5% (2025-02-14) — 스플릿/데이터 오류 가능
Warning:  WSHP: Close NaN 비율 83.9% (기준: 30%)
Warning:  WSHP: 비정상 가격 변동 506.1% (2025-11-19) — 스플릿/데이터 오류 가능
Warning:  WVE: 비정상 가격 변동 147.3% (2025-12-08) — 스플릿/데이터 오류 가능
Warning:  WXM: Close NaN 비율 71.3% (기준: 30%)
Warning:  WXM: 비정상 가격 변동 97.5% (2026-08-11) — 스플릿/데이터 오류 가능
Warning:  WYFI: Close NaN 비율 78.3% (기준: 30%)
Warning:  WYHG: Close NaN 비율 64.6% (기준: 30%)
Warning:  WYHG: 비정상 가격 변동 194.2% (2026-08-06) — 스플릿/데이터 오류 가능
Warning:  XAIR: 비정상 가격 변동 150.0% (2026-01-13) — 스플릿/데이터 오류 가능
Warning:  XHLD: Close NaN 비율 68.8% (기준: 30%)
Warning:  XHLD: 비정상 가격 변동 252.6% (2026-08-06) — 스플릿/데이터 오류 가능
Warning:  XLAB: Close NaN 비율 79.0% (기준: 30%)
Warning:  XOS: 비정상 가격 변동 234.5% (2026-06-03) — 스플릿/데이터 오류 가능
Warning:  XPON: 비정상 가격 변동 139.1% (2022-12-23) — 스플릿/데이터 오류 가능
Warning:  XTIA: 비정상 가격 변동 128.6% (2023-04-13) — 스플릿/데이터 오류 가능
Warning:  XXI: Close NaN 비율 58.7% (기준: 30%)
Warning:  XXI: 비정상 가격 변동 55.4% (2025-04-23) — 스플릿/데이터 오류 가능
Warning:  YAAS: Close NaN 비율 66.0% (기준: 30%)
Warning:  YAAS: 비정상 가격 변동 312.2% (2026-07-30) — 스플릿/데이터 오류 가능
Warning:  YDDL: Close NaN 비율 81.8% (기준: 30%)
Warning:  YDDL: 비정상 가격 변동 62.9% (2026-04-10) — 스플릿/데이터 오류 가능
Warning:  YDES: Close NaN 비율 79.4% (기준: 30%)
Warning:  YDES: 비정상 가격 변동 135.8% (2025-08-29) — 스플릿/데이터 오류 가능
Warning:  YHC: Close NaN 비율 38.6% (기준: 30%)
Warning:  YHC: 비정상 가격 변동 171.6% (2025-07-16) — 스플릿/데이터 오류 가능
Warning:  YJ: 비정상 가격 변동 176.4% (2026-08-07) — 스플릿/데이터 오류 가능
Warning:  YMT: Close NaN 비율 79.0% (기준: 30%)
Warning:  YSS: Close NaN 비율 87.9% (기준: 30%)
Warning:  YXT: Close NaN 비율 59.0% (기준: 30%)
Warning:  YXT: 비정상 가격 변동 801.2% (2026-08-05) — 스플릿/데이터 오류 가능
Warning:  ZENA: Close NaN 비율 61.4% (기준: 30%)
Warning:  ZENA: 비정상 가격 변동 258.7% (2024-11-25) — 스플릿/데이터 오류 가능
Warning:  ZH: 비정상 가격 변동 79.2% (2022-03-16) — 스플릿/데이터 오류 가능
Warning:  ZJYL: Close NaN 비율 31.2% (기준: 30%)
Warning:  ZJYL: 비정상 가격 변동 263.7% (2023-12-18) — 스플릿/데이터 오류 가능
Warning:  ZNB: 비정상 가격 변동 104.8% (2025-10-07) — 스플릿/데이터 오류 가능
Warning:  ZSQR: 비정상 가격 변동 77.4% (2024-12-31) — 스플릿/데이터 오류 가능
Warning:  ZSTK: 비정상 가격 변동 169.6% (2026-08-19) — 스플릿/데이터 오류 가능
Warning:  ZYBT: Close NaN 비율 66.8% (기준: 30%)
Warning:  ZYBT: 비정상 가격 변동 1047.6% (2026-07-20) — 스플릿/데이터 오류 가능
[[NASDAQ/NYSE 분석]] 강한 섹터: {'Information Technology', 'Health Care', 'Communication Services', 'Financials', 'Energy'}
[OHLCV] 배치 다운로드 1/2 (150개 종목, period=2y)...
[OHLCV] 배치 다운로드 2/2 (59개 종목, period=2y)...
[DataValidator] 75건의 데이터 품질 경고 발생
Warning:  AAOI: 비정상 가격 변동 56.9% (2026-02-27) — 스플릿/데이터 오류 가능
Warning:  AEHL: 비정상 가격 변동 135.3% (2026-05-08) — 스플릿/데이터 오류 가능
Warning:  ALMS: 비정상 가격 변동 95.3% (2026-01-06) — 스플릿/데이터 오류 가능
Warning:  ALOY: 비정상 가격 변동 226.6% (2025-01-22) — 스플릿/데이터 오류 가능
Warning:  ARX: Close NaN 비율 43.8% (기준: 30%)
Warning:  ASST: 비정상 가격 변동 455.7% (2025-05-07) — 스플릿/데이터 오류 가능
Warning:  BIAF: 비정상 가격 변동 319.2% (2025-04-01) — 스플릿/데이터 오류 가능
Warning:  BMNR: Close NaN 비율 37.3% (기준: 30%)
Warning:  BMNR: 비정상 가격 변동 694.8% (2025-06-30) — 스플릿/데이터 오류 가능
Warning:  BOXL: 비정상 가격 변동 265.2% (2025-01-06) — 스플릿/데이터 오류 가능
Warning:  BW: 비정상 가격 변동 66.9% (2025-06-05) — 스플릿/데이터 오류 가능
Warning:  BYND: 비정상 가격 변동 146.3% (2025-10-21) — 스플릿/데이터 오류 가능
Warning:  CAPR: 비정상 가격 변동 371.1% (2025-12-03) — 스플릿/데이터 오류 가능
Warning:  CAST: Close NaN 비율 75.1% (기준: 30%)
Warning:  CAST: 비정상 가격 변동 144.2% (2026-08-18) — 스플릿/데이터 오류 가능
Warning:  CDNL: Close NaN 비율 63.1% (기준: 30%)
Warning:  CDTG: 비정상 가격 변동 88.4% (2025-09-09) — 스플릿/데이터 오류 가능
Warning:  CRE: Close NaN 비율 43.6% (기준: 30%)
Warning:  CRE: 비정상 가격 변동 165.0% (2026-08-26) — 스플릿/데이터 오류 가능
Warning:  CRML: 비정상 가격 변동 55.4% (2025-10-13) — 스플릿/데이터 오류 가능
Warning:  DAIC: Close NaN 비율 39.4% (기준: 30%)
Warning:  DAIC: 비정상 가격 변동 306.1% (2026-08-24) — 스플릿/데이터 오류 가능
Warning:  DXYZ: 비정상 가격 변동 63.8% (2024-11-08) — 스플릿/데이터 오류 가능
Warning:  EYPT: 비정상 가격 변동 67.0% (2026-08-17) — 스플릿/데이터 오류 가능
Warning:  FIG: Close NaN 비율 44.8% (기준: 30%)
Warning:  FIGR: Close NaN 비율 50.6% (기준: 30%)
Warning:  FLY: Close NaN 비율 45.8% (기준: 30%)
Warning:  FPS: Close NaN 비율 70.7% (기준: 30%)
Warning:  FRMI: Close NaN 비율 53.4% (기준: 30%)
Warning:  HTZ: 비정상 가격 변동 56.4% (2025-04-16) — 스플릿/데이터 오류 가능
Warning:  INOD: 비정상 가격 변동 86.0% (2026-05-08) — 스플릿/데이터 오류 가능
Warning:  IPST: 비정상 가격 변동 235.9% (2026-08-17) — 스플릿/데이터 오류 가능
Warning:  KD: 비정상 가격 변동 54.9% (2026-02-09) — 스플릿/데이터 오류 가능
Warning:  KLAR: Close NaN 비율 50.6% (기준: 30%)
Warning:  LAC: 비정상 가격 변동 95.8% (2025-09-24) — 스플릿/데이터 오류 가능
Warning:  LIFE: Close NaN 비율 69.7% (기준: 30%)
Warning:  MLTX: 비정상 가격 변동 89.9% (2025-09-29) — 스플릿/데이터 오류 가능
Warning:  MMED: Close NaN 비율 74.7% (기준: 30%)
Warning:  MXL: 비정상 가격 변동 76.1% (2026-04-24) — 스플릿/데이터 오류 가능
Warning:  NVTS: 비정상 가격 변동 164.4% (2025-05-22) — 스플릿/데이터 오류 가능
Warning:  OMER: 비정상 가격 변동 154.1% (2025-10-15) — 스플릿/데이터 오류 가능
Warning:  OPEN: 비정상 가격 변동 79.5% (2025-09-11) — 스플릿/데이터 오류 가능
Warning:  PFSA: Close NaN 비율 42.0% (기준: 30%)
Warning:  PFSA: 비정상 가격 변동 506.6% (2026-08-18) — 스플릿/데이터 오류 가능
Warning:  PLSE: 비정상 가격 변동 51.6% (2026-02-06) — 스플릿/데이터 오류 가능
Warning:  PMI: Close NaN 비율 49.0% (기준: 30%)
Warning:  PMI: 비정상 가격 변동 86.2% (2026-08-25) — 스플릿/데이터 오류 가능
Warning:  PMI: 거래량 0 연속 7일 (기준: 5일) — 상장폐지/거래정지 가능
Warning:  PRIM: 비정상 가격 변동 50.1% (2026-05-06) — 스플릿/데이터 오류 가능
Warning:  QBTS: 비정상 가격 변동 51.2% (2025-05-08) — 스플릿/데이터 오류 가능
Warning:  QUBT: 비정상 가격 변동 92.8% (2024-11-13) — 스플릿/데이터 오류 가능
Warning:  RDW: 비정상 가격 변동 51.4% (2025-01-21) — 스플릿/데이터 오류 가능
Warning:  RGTI: 비정상 가격 변동 58.0% (2024-11-25) — 스플릿/데이터 오류 가능
Warning:  RXT: 비정상 가격 변동 227.0% (2026-02-18) — 스플릿/데이터 오류 가능
Warning:  RZLV: 비정상 가격 변동 54.5% (2024-12-17) — 스플릿/데이터 오류 가능
Warning:  SBET: 비정상 가격 변동 433.2% (2025-05-27) — 스플릿/데이터 오류 가능
Warning:  SDOT: 비정상 가격 변동 247.1% (2026-06-26) — 스플릿/데이터 오류 가능
Warning:  SION: 비정상 가격 변동 91.2% (2026-08-10) — 스플릿/데이터 오류 가능
Warning:  SLDE: Close NaN 비율 39.0% (기준: 30%)
Warning:  SOC: 비정상 가격 변동 56.2% (2025-12-18) — 스플릿/데이터 오류 가능
Warning:  STKH: 비정상 가격 변동 166.7% (2026-07-28) — 스플릿/데이터 오류 가능
Warning:  STRL: 비정상 가격 변동 52.2% (2026-05-05) — 스플릿/데이터 오류 가능
Warning:  STUB: Close NaN 비율 51.4% (기준: 30%)
Warning:  TE: 비정상 가격 변동 66.7% (2024-11-06) — 스플릿/데이터 오류 가능
Warning:  TENX: 비정상 가격 변동 89.8% (2026-08-10) — 스플릿/데이터 오류 가능
Warning:  TNON: 비정상 가격 변동 283.4% (2025-03-25) — 스플릿/데이터 오류 가능
Warning:  USAR: 비정상 가격 변동 72.0% (2025-03-14) — 스플릿/데이터 오류 가능
Warning:  WETO: 비정상 가격 변동 200.0% (2026-07-31) — 스플릿/데이터 오류 가능
Warning:  WOLF: Close NaN 비율 53.0% (기준: 30%)
Warning:  WYFI: Close NaN 비율 45.8% (기준: 30%)
Warning:  XHLD: 비정상 가격 변동 252.6% (2026-08-06) — 스플릿/데이터 오류 가능
Warning:  XOS: 비정상 가격 변동 234.5% (2026-06-03) — 스플릿/데이터 오류 가능
Warning:  XPON: 비정상 가격 변동 80.5% (2026-08-24) — 스플릿/데이터 오류 가능
Warning:  YJ: 비정상 가격 변동 176.4% (2026-08-07) — 스플릿/데이터 오류 가능
Warning:  YSS: Close NaN 비율 69.7% (기준: 30%)
[[NASDAQ/NYSE 분석]] Extreme model 'label_low' ROC 0.56, AP 0.49
[[NASDAQ/NYSE 분석]] Extreme model 'label_high' ROC 0.61, AP 0.60
[[NASDAQ/NYSE 분석]] Google Sheets 업데이트 완료 (209개 종목)
[Email] 바닥반등 49개 + 모멘텀 51개 = 총 100개 종목 리스트를 chunghwan14@gmail.com, roykim0311@gmail.com, ssamjungtan@naver.com로 발송 완료

============================================================
[[NASDAQ/NYSE 차트분석]] 이메일 대상 종목 차트 분석 시작
============================================================
[[NASDAQ/NYSE 차트분석]] 차트분석 대상 100개 종목: ['MRX', 'FIG', 'MLTX', 'VNET', 'NAT', 'FLNC', 'RZLV', 'FRMI', 'COIN', 'PL', 'DHT', 'OKLO', 'ATRC', 'VXX', 'BW', 'XHLD', 'RGTI', 'INSP', 'STUB', 'PZZA', 'QBTS', 'HUBS', 'VPG', 'RUN', 'CRE', 'INOD', 'LCID', 'IOVA', 'CELH', 'WING', 'LINC', 'BBAI', 'FCEL', 'GTLB', 'AVAV', 'WIX', 'BOXL', 'SBET', 'QUBT', 'TNK', 'TBBB', 'UTI', 'LASR', 'RKLB', 'ECO', 'LIFE', 'OMER', 'INSW', 'ALMS', 'ARX', 'MPC', 'TRMD', 'YSS', 'CTRI', 'DINO', 'SBLK', 'MNDY', 'YJ', 'CVI', 'BILI', 'DUOL', 'LIF', 'BLTE', 'SLDE', 'SATL', 'OSCR', 'HIMS', 'FRO', 'PCT', 'PFSI', 'CLMT', 'LEU', 'ANF', 'UGP', 'UPST', 'DXYZ', 'CDNL', 'TARS', 'FPS', 'TRIP', 'BMNR', 'PSX', 'ARRY', 'VLO', 'TEAM', 'BBW', 'ASST', 'KTOS', 'LPG', 'QFIN', 'AVAH', 'OPEN', 'CAR', 'HYMC', 'CSIQ', 'CRM', 'COLL', 'PLSE', 'BLDR', 'FIGR']
[[NASDAQ/NYSE 차트분석]] 기존 NASDAQ 차트 파일 삭제 중...
[[NASDAQ/NYSE 차트분석]] TradingView 차트 캡처 시작...
[TradingView] VLO 브라우저 세션 시작  (로그인 세션)...
[TradingView] 1H 캡처 완료 (60)
[TradingView] 4H 캡처 완료 (240)
[TradingView] Daily 캡처 완료 (D)
[TradingView] Weekly 캡처 완료 (W)
[TradingView] Monthly 캡처 완료 (M)
[[NASDAQ/NYSE 차트분석]] VLO 차트 5개 처리 완료
[TradingView] FRO 브라우저 세션 시작  (로그인 세션)...
[TradingView] 1H 캡처 완료 (60)
[TradingView] 4H 캡처 완료 (240)
[TradingView] Daily 캡처 완료 (D)
[TradingView] Weekly 캡처 완료 (W)
[TradingView] Monthly 캡처 완료 (M)
[[NASDAQ/NYSE 차트분석]] FRO 차트 5개 처리 완료
[TradingView] DHT 브라우저 세션 시작  (로그인 세션)...
[TradingView] 1H 캡처 완료 (60)
[TradingView] 4H 캡처 완료 (240)
[TradingView] Daily 캡처 완료 (D)
[TradingView] Weekly 캡처 완료 (W)
[TradingView] Monthly 캡처 완료 (M)
[[NASDAQ/NYSE 차트분석]] DHT 차트 5개 처리 완료
[TradingView] NAT 브라우저 세션 시작  (로그인 세션)...
[TradingView] 1H 캡처 완료 (60)
[TradingView] 4H 캡처 완료 (240)
[TradingView] Daily 캡처 완료 (D)
[TradingView] Weekly 캡처 완료 (W)
[TradingView] Monthly 캡처 완료 (M)
[[NASDAQ/NYSE 차트분석]] NAT 차트 5개 처리 완료
[TradingView] SLDE 브라우저 세션 시작  (로그인 세션)...
[TradingView] 1H 캡처 완료 (60)
[TradingView] 4H 캡처 완료 (240)
[TradingView] Daily 캡처 완료 (D)
[TradingView] Weekly 캡처 완료 (W)
[TradingView] Monthly 캡처 완료 (M)
[[NASDAQ/NYSE 차트분석]] SLDE 차트 5개 처리 완료
[TradingView] TRMD 브라우저 세션 시작  (로그인 세션)...
[TradingView] 1H 캡처 완료 (60)
[TradingView] 4H 캡처 완료 (240)
[TradingView] Daily 캡처 완료 (D)
[TradingView] Weekly 캡처 완료 (W)
[TradingView] Monthly 캡처 완료 (M)
[[NASDAQ/NYSE 차트분석]] TRMD 차트 5개 처리 완료
[TradingView] BMNR 브라우저 세션 시작  (로그인 세션)...
[TradingView] 1H 캡처 완료 (60)
[TradingView] 4H 캡처 완료 (240)
[TradingView] Daily 캡처 완료 (D)
[TradingView] Weekly 캡처 완료 (W)
[TradingView] Monthly 캡처 완료 (M)
[[NASDAQ/NYSE 차트분석]] BMNR 차트 5개 처리 완료
[TradingView] TEAM 브라우저 세션 시작  (로그인 세션)...
[TradingView] 1H 캡처 완료 (60)
[TradingView] 4H 캡처 완료 (240)
[TradingView] Daily 캡처 완료 (D)
[TradingView] Weekly 캡처 완료 (W)
[TradingView] Monthly 캡처 완료 (M)
[[NASDAQ/NYSE 차트분석]] TEAM 차트 5개 처리 완료
[TradingView] ATRC 브라우저 세션 시작  (로그인 세션)...
[TradingView] 1H 캡처 완료 (60)
[TradingView] 4H 캡처 완료 (240)
[TradingView] Daily 캡처 완료 (D)
[TradingView] Weekly 캡처 완료 (W)
[TradingView] Monthly 캡처 완료 (M)
[[NASDAQ/NYSE 차트분석]] ATRC 차트 5개 처리 완료
[TradingView] INSW 브라우저 세션 시작  (로그인 세션)...
[TradingView] 1H 캡처 완료 (60)
[TradingView] 4H 캡처 완료 (240)
[TradingView] Daily 캡처 완료 (D)
[TradingView] Weekly 캡처 완료 (W)
[TradingView] Monthly 캡처 완료 (M)
[[NASDAQ/NYSE 차트분석]] INSW 차트 5개 처리 완료
[TradingView] IOVA 브라우저 세션 시작  (로그인 세션)...
[TradingView] 1H 캡처 완료 (60)
[TradingView] 4H 캡처 완료 (240)
[TradingView] Daily 캡처 완료 (D)
[TradingView] Weekly 캡처 완료 (W)
[TradingView] Monthly 캡처 완료 (M)
[[NASDAQ/NYSE 차트분석]] IOVA 차트 5개 처리 완료
[TradingView] OMER 브라우저 세션 시작  (로그인 세션)...
[TradingView] 1H 캡처 완료 (60)
[TradingView] 4H 캡처 완료 (240)
[TradingView] Daily 캡처 완료 (D)
[TradingView] Weekly 캡처 완료 (W)
[TradingView] Monthly 캡처 완료 (M)
[[NASDAQ/NYSE 차트분석]] OMER 차트 5개 처리 완료
[TradingView] PLSE 브라우저 세션 시작  (로그인 세션)...
[TradingView] 1H 캡처 완료 (60)
[TradingView] 4H 캡처 완료 (240)
[TradingView] Daily 캡처 완료 (D)
[TradingView] Weekly 캡처 완료 (W)
[TradingView] Monthly 캡처 완료 (M)
[[NASDAQ/NYSE 차트분석]] PLSE 차트 5개 처리 완료
[TradingView] TBBB 브라우저 세션 시작  (로그인 세션)...
[TradingView] 1H 캡처 완료 (60)
[TradingView] 4H 캡처 완료 (240)
[TradingView] Daily 캡처 완료 (D)
[TradingView] Weekly 캡처 완료 (W)
[TradingView] Monthly 캡처 완료 (M)
[[NASDAQ/NYSE 차트분석]] TBBB 차트 5개 처리 완료
[TradingView] INSP 브라우저 세션 시작  (로그인 세션)...
[TradingView] 1H 캡처 완료 (60)
[TradingView] 4H 캡처 완료 (240)
[TradingView] Daily 캡처 완료 (D)
[TradingView] Weekly 캡처 완료 (W)
[TradingView] Monthly 캡처 완료 (M)
[[NASDAQ/NYSE 차트분석]] INSP 차트 5개 처리 완료
[TradingView] SBET 브라우저 세션 시작  (로그인 세션)...
[TradingView] 1H 캡처 완료 (60)
[TradingView] 4H 캡처 완료 (240)
[TradingView] Daily 캡처 완료 (D)
[TradingView] Weekly 캡처 완료 (W)
[TradingView] Monthly 캡처 완료 (M)
[[NASDAQ/NYSE 차트분석]] SBET 차트 5개 처리 완료
[TradingView] XHLD 브라우저 세션 시작  (로그인 세션)...
[TradingView] 1H 캡처 완료 (60)
[TradingView] 4H 캡처 완료 (240)
[TradingView] Daily 캡처 완료 (D)
[TradingView] Weekly 캡처 완료 (W)
[TradingView] Monthly 캡처 완료 (M)
[[NASDAQ/NYSE 차트분석]] XHLD 차트 5개 처리 완료
[TradingView] CVI 브라우저 세션 시작  (로그인 세션)...
[TradingView] 1H 캡처 완료 (60)
[TradingView] 4H 캡처 완료 (240)
[TradingView] Daily 캡처 완료 (D)
[TradingView] Weekly 캡처 완료 (W)
[TradingView] Monthly 캡처 완료 (M)
[[NASDAQ/NYSE 차트분석]] CVI 차트 5개 처리 완료
[TradingView] DINO 브라우저 세션 시작  (로그인 세션)...
[TradingView] 1H 캡처 완료 (60)
[TradingView] 4H 캡처 완료 (240)
[TradingView] Daily 캡처 완료 (D)
[TradingView] Weekly 캡처 완료 (W)
[TradingView] Monthly 캡처 완료 (M)
[[NASDAQ/NYSE 차트분석]] DINO 차트 5개 처리 완료
[TradingView] ARX 브라우저 세션 시작  (로그인 세션)...
[TradingView] 1H 캡처 완료 (60)
[TradingView] 4H 캡처 완료 (240)
[TradingView] Daily 캡처 완료 (D)
[TradingView] Weekly 캡처 완료 (W)
[TradingView] Monthly 캡처 완료 (M)
[[NASDAQ/NYSE 차트분석]] ARX 차트 5개 처리 완료
[TradingView] BLTE 브라우저 세션 시작  (로그인 세션)...
[TradingView] 1H 캡처 완료 (60)
[TradingView] 4H 캡처 완료 (240)
[TradingView] Daily 캡처 완료 (D)
[TradingView] Weekly 캡처 완료 (W)
[TradingView] Monthly 캡처 완료 (M)
[[NASDAQ/NYSE 차트분석]] BLTE 차트 5개 처리 완료
[TradingView] DUOL 브라우저 세션 시작  (로그인 세션)...
[TradingView] 1H 캡처 완료 (60)
[TradingView] 4H 캡처 완료 (240)
[TradingView] Daily 캡처 완료 (D)
[TradingView] Weekly 캡처 완료 (W)
[TradingView] Monthly 캡처 완료 (M)
[[NASDAQ/NYSE 차트분석]] DUOL 차트 5개 처리 완료
[TradingView] OSCR 브라우저 세션 시작  (로그인 세션)...
[TradingView] 1H 캡처 완료 (60)
[TradingView] 4H 캡처 완료 (240)
[TradingView] Daily 캡처 완료 (D)
[TradingView] Weekly 캡처 완료 (W)
[TradingView] Monthly 캡처 완료 (M)
[[NASDAQ/NYSE 차트분석]] OSCR 차트 5개 처리 완료
[TradingView] ANF 브라우저 세션 시작  (로그인 세션)...
[TradingView] 1H 캡처 완료 (60)
[TradingView] 4H 캡처 완료 (240)
[TradingView] Daily 캡처 완료 (D)
[TradingView] Weekly 캡처 완료 (W)
[TradingView] Monthly 캡처 완료 (M)
[[NASDAQ/NYSE 차트분석]] ANF 차트 5개 처리 완료
[TradingView] AVAH 브라우저 세션 시작  (로그인 세션)...
[TradingView] 1H 캡처 완료 (60)
[TradingView] 4H 캡처 완료 (240)
[TradingView] Daily 캡처 완료 (D)
[TradingView] Weekly 캡처 완료 (W)
[TradingView] Monthly 캡처 완료 (M)
[[NASDAQ/NYSE 차트분석]] AVAH 차트 5개 처리 완료
[TradingView] ECO 브라우저 세션 시작  (로그인 세션)...
[TradingView] 1H 캡처 완료 (60)
[TradingView] 4H 캡처 완료 (240)
[TradingView] Daily 캡처 완료 (D)
[TradingView] Weekly 캡처 완료 (W)
[TradingView] Monthly 캡처 완료 (M)
[[NASDAQ/NYSE 차트분석]] ECO 차트 5개 처리 완료
[TradingView] SBLK 브라우저 세션 시작  (로그인 세션)...
[TradingView] 1H 캡처 완료 (60)
[TradingView] 4H 캡처 완료 (240)
[TradingView] Daily 캡처 완료 (D)
[TradingView] Weekly 캡처 완료 (W)
[TradingView] Monthly 캡처 완료 (M)
[[NASDAQ/NYSE 차트분석]] SBLK 차트 5개 처리 완료
[TradingView] TNK 브라우저 세션 시작  (로그인 세션)...
[TradingView] 1H 캡처 완료 (60)
[TradingView] 4H 캡처 완료 (240)
[TradingView] Daily 캡처 완료 (D)
[TradingView] Weekly 캡처 완료 (W)
[TradingView] Monthly 캡처 완료 (M)
[[NASDAQ/NYSE 차트분석]] TNK 차트 5개 처리 완료
[TradingView] ASST 브라우저 세션 시작  (로그인 세션)...
[TradingView] 1H 캡처 완료 (60)
[TradingView] 4H 캡처 완료 (240)
[TradingView] Daily 캡처 완료 (D)
[TradingView] Weekly 캡처 완료 (W)
[TradingView] Monthly 캡처 완료 (M)
[[NASDAQ/NYSE 차트분석]] ASST 차트 5개 처리 완료
[TradingView] FIGR 브라우저 세션 시작  (로그인 세션)...
[TradingView] 1H 캡처 완료 (60)
[TradingView] 4H 캡처 완료 (240)
[TradingView] Daily 캡처 완료 (D)
[TradingView] Weekly 캡처 완료 (W)
[TradingView] Monthly 캡처 완료 (M)
[[NASDAQ/NYSE 차트분석]] FIGR 차트 5개 처리 완료
[TradingView] LPG 브라우저 세션 시작  (로그인 세션)...
[TradingView] 1H 캡처 완료 (60)
[TradingView] 4H 캡처 완료 (240)
[TradingView] Daily 캡처 완료 (D)
[TradingView] Weekly 캡처 완료 (W)
[TradingView] Monthly 캡처 완료 (M)
[[NASDAQ/NYSE 차트분석]] LPG 차트 5개 처리 완료
[TradingView] TARS 브라우저 세션 시작  (로그인 세션)...
[TradingView] 1H 캡처 완료 (60)
[TradingView] 4H 캡처 완료 (240)
[TradingView] Daily 캡처 완료 (D)
[TradingView] Weekly 캡처 완료 (W)
[TradingView] Monthly 캡처 완료 (M)
[[NASDAQ/NYSE 차트분석]] TARS 차트 5개 처리 완료
[TradingView] FIG 브라우저 세션 시작  (로그인 세션)...
[TradingView] 1H 캡처 완료 (60)
[TradingView] 4H 캡처 완료 (240)
[TradingView] Daily 캡처 완료 (D)
[TradingView] Weekly 캡처 완료 (W)
[TradingView] Monthly 캡처 완료 (M)
[[NASDAQ/NYSE 차트분석]] FIG 차트 5개 처리 완료
[TradingView] WIX 브라우저 세션 시작  (로그인 세션)...
[TradingView] 1H 캡처 완료 (60)
[TradingView] 4H 캡처 완료 (240)
[TradingView] Daily 캡처 완료 (D)
[TradingView] Weekly 캡처 완료 (W)
[TradingView] Monthly 캡처 완료 (M)
[[NASDAQ/NYSE 차트분석]] WIX 차트 5개 처리 완료
[TradingView] MRX 브라우저 세션 시작  (로그인 세션)...
[TradingView] 1H 캡처 완료 (60)
[TradingView] 4H 캡처 완료 (240)
[TradingView] Daily 캡처 완료 (D)
[TradingView] Weekly 캡처 완료 (W)
[TradingView] Monthly 캡처 완료 (M)
[[NASDAQ/NYSE 차트분석]] MRX 차트 5개 처리 완료
[TradingView] GTLB 브라우저 세션 시작  (로그인 세션)...
[TradingView] 1H 캡처 완료 (60)
[TradingView] 4H 캡처 완료 (240)
[TradingView] Daily 캡처 완료 (D)
[TradingView] Weekly 캡처 완료 (W)
[TradingView] Monthly 캡처 완료 (M)
[[NASDAQ/NYSE 차트분석]] GTLB 차트 5개 처리 완료
[TradingView] DXYZ 브라우저 세션 시작  (로그인 세션)...
[TradingView] 1H 캡처 완료 (60)
[TradingView] 4H 캡처 완료 (240)
[TradingView] Daily 캡처 완료 (D)
[TradingView] Weekly 캡처 완료 (W)
[TradingView] Monthly 캡처 완료 (M)
[[NASDAQ/NYSE 차트분석]] DXYZ 차트 5개 처리 완료
[TradingView] CLMT 브라우저 세션 시작  (로그인 세션)...
[TradingView] 1H 캡처 완료 (60)
[TradingView] 4H 캡처 완료 (240)
[TradingView] Daily 캡처 완료 (D)
[TradingView] Weekly 캡처 완료 (W)
[TradingView] Monthly 캡처 완료 (M)
[[NASDAQ/NYSE 차트분석]] CLMT 차트 5개 처리 완료
[TradingView] MPC 브라우저 세션 시작  (로그인 세션)...
[TradingView] 1H 캡처 완료 (60)
[TradingView] 4H 캡처 완료 (240)
[TradingView] Daily 캡처 완료 (D)
[TradingView] Weekly 캡처 완료 (W)
[TradingView] Monthly 캡처 완료 (M)
[[NASDAQ/NYSE 차트분석]] MPC 차트 5개 처리 완료
[TradingView] PSX 브라우저 세션 시작  (로그인 세션)...
[TradingView] 1H 캡처 완료 (60)
[TradingView] 4H 캡처 완료 (240)
[TradingView] Daily 캡처 완료 (D)
[TradingView] Weekly 캡처 완료 (W)
[TradingView] Monthly 캡처 완료 (M)
[[NASDAQ/NYSE 차트분석]] PSX 차트 5개 처리 완료
[TradingView] LIFE 브라우저 세션 시작  (로그인 세션)...
[TradingView] 1H 캡처 완료 (60)
[TradingView] 4H 캡처 완료 (240)
[TradingView] Daily 캡처 완료 (D)
[TradingView] Weekly 캡처 완료 (W)
[TradingView] Monthly 캡처 완료 (M)
[[NASDAQ/NYSE 차트분석]] LIFE 차트 5개 처리 완료
[TradingView] YJ 브라우저 세션 시작  (로그인 세션)...
[TradingView] 1H 캡처 완료 (60)
[TradingView] 4H 캡처 완료 (240)
[TradingView] Daily 캡처 완료 (D)
[TradingView] Weekly 캡처 완료 (W)
[TradingView] Monthly 캡처 완료 (M)
[[NASDAQ/NYSE 차트분석]] YJ 차트 5개 처리 완료
[TradingView] CRM 브라우저 세션 시작  (로그인 세션)...
[TradingView] 1H 캡처 완료 (60)
[TradingView] 4H 캡처 완료 (240)
[TradingView] Daily 캡처 완료 (D)
[TradingView] Weekly 캡처 완료 (W)
[TradingView] Monthly 캡처 완료 (M)
[[NASDAQ/NYSE 차트분석]] CRM 차트 5개 처리 완료
[TradingView] COIN 브라우저 세션 시작  (로그인 세션)...
[TradingView] 1H 캡처 완료 (60)
[TradingView] 4H 캡처 완료 (240)
[TradingView] Daily 캡처 완료 (D)
[TradingView] Weekly 캡처 완료 (W)
[TradingView] Monthly 캡처 완료 (M)
[[NASDAQ/NYSE 차트분석]] COIN 차트 5개 처리 완료
[TradingView] BOXL 브라우저 세션 시작  (로그인 세션)...
[TradingView] 1H 캡처 완료 (60)
[TradingView] 4H 캡처 완료 (240)
[TradingView] Daily 캡처 완료 (D)
[TradingView] Weekly 캡처 완료 (W)
[TradingView] Monthly 캡처 완료 (M)
[[NASDAQ/NYSE 차트분석]] BOXL 차트 5개 처리 완료
[TradingView] UGP 브라우저 세션 시작  (로그인 세션)...
[TradingView] 1H 캡처 완료 (60)
[TradingView] 4H 캡처 완료 (240)
[TradingView] Daily 캡처 완료 (D)
[TradingView] Weekly 캡처 완료 (W)
[TradingView] Monthly 캡처 완료 (M)
[[NASDAQ/NYSE 차트분석]] UGP 차트 5개 처리 완료
[TradingView] CRE 브라우저 세션 시작  (로그인 세션)...
[TradingView] 1H 캡처 완료 (60)
[TradingView] 4H 캡처 완료 (240)
[TradingView] Daily 캡처 완료 (D)
[TradingView] Weekly 캡처 완료 (W)
[TradingView] Monthly 캡처 완료 (M)
[[NASDAQ/NYSE 차트분석]] CRE 차트 5개 처리 완료
[TradingView] HIMS 브라우저 세션 시작  (로그인 세션)...
[TradingView] 1H 캡처 완료 (60)
[TradingView] 4H 캡처 완료 (240)
[TradingView] Daily 캡처 완료 (D)
[TradingView] Weekly 캡처 완료 (W)
[TradingView] Monthly 캡처 완료 (M)
[[NASDAQ/NYSE 차트분석]] HIMS 차트 5개 처리 완료
[TradingView] MNDY 브라우저 세션 시작  (로그인 세션)...
[TradingView] 1H 캡처 완료 (60)
[TradingView] 4H 캡처 완료 (240)
[TradingView] Daily 캡처 완료 (D)
[TradingView] Weekly 캡처 완료 (W)
[TradingView] Monthly 캡처 완료 (M)
[[NASDAQ/NYSE 차트분석]] MNDY 차트 5개 처리 완료
[TradingView] HUBS 브라우저 세션 시작  (로그인 세션)...
[TradingView] 1H 캡처 완료 (60)
[TradingView] 4H 캡처 완료 (240)
[TradingView] Daily 캡처 완료 (D)
[TradingView] Weekly 캡처 완료 (W)
[TradingView] Monthly 캡처 완료 (M)
[[NASDAQ/NYSE 차트분석]] HUBS 차트 5개 처리 완료
[TradingView] CELH 브라우저 세션 시작  (로그인 세션)...
[TradingView] 1H 캡처 완료 (60)
[TradingView] 4H 캡처 완료 (240)
[TradingView] Daily 캡처 완료 (D)
[TradingView] Weekly 캡처 완료 (W)
[TradingView] Monthly 캡처 완료 (M)
[[NASDAQ/NYSE 차트분석]] CELH 차트 5개 처리 완료
[TradingView] PL 브라우저 세션 시작  (로그인 세션)...
[TradingView] 1H 캡처 완료 (60)
[TradingView] 4H 캡처 완료 (240)
[TradingView] Daily 캡처 완료 (D)
[TradingView] Weekly 캡처 완료 (W)
[TradingView] Monthly 캡처 완료 (M)
[[NASDAQ/NYSE 차트분석]] PL 차트 5개 처리 완료
[TradingView] PZZA 브라우저 세션 시작  (로그인 세션)...
[TradingView] 1H 캡처 완료 (60)
[TradingView] 4H 캡처 완료 (240)
[TradingView] Daily 캡처 완료 (D)
[TradingView] Weekly 캡처 완료 (W)
[TradingView] Monthly 캡처 완료 (M)
[[NASDAQ/NYSE 차트분석]] PZZA 차트 5개 처리 완료
[TradingView] RZLV 브라우저 세션 시작  (로그인 세션)...
[TradingView] 1H 캡처 완료 (60)
[TradingView] 4H 캡처 완료 (240)
[TradingView] Daily 캡처 완료 (D)
[TradingView] Weekly 캡처 완료 (W)
[TradingView] Monthly 캡처 완료 (M)
[[NASDAQ/NYSE 차트분석]] RZLV 차트 5개 처리 완료
[TradingView] BILI 브라우저 세션 시작  (로그인 세션)...
[TradingView] 1H 캡처 완료 (60)
[TradingView] 4H 캡처 완료 (240)
[TradingView] Daily 캡처 완료 (D)
[TradingView] Weekly 캡처 완료 (W)
[TradingView] Monthly 캡처 완료 (M)
[[NASDAQ/NYSE 차트분석]] BILI 차트 5개 처리 완료
[TradingView] STUB 브라우저 세션 시작  (로그인 세션)...
[TradingView] 1H 캡처 완료 (60)
[TradingView] 4H 캡처 완료 (240)
[TradingView] Daily 캡처 완료 (D)
[TradingView] Weekly 캡처 완료 (W)
[TradingView] Monthly 캡처 완료 (M)
[[NASDAQ/NYSE 차트분석]] STUB 차트 5개 처리 완료
[TradingView] VXX 브라우저 세션 시작  (로그인 세션)...
[TradingView] 1H 캡처 완료 (60)
[TradingView] 4H 캡처 완료 (240)
[TradingView] Daily 캡처 완료 (D)
[TradingView] Weekly 캡처 완료 (W)
[TradingView] Monthly 캡처 완료 (M)
[[NASDAQ/NYSE 차트분석]] VXX 차트 5개 처리 완료
[TradingView] PFSI 브라우저 세션 시작  (로그인 세션)...
[TradingView] 1H 캡처 완료 (60)
[TradingView] 4H 캡처 완료 (240)
[TradingView] Daily 캡처 완료 (D)
[TradingView] Weekly 캡처 완료 (W)
[TradingView] Monthly 캡처 완료 (M)
[[NASDAQ/NYSE 차트분석]] PFSI 차트 5개 처리 완료
[TradingView] LEU 브라우저 세션 시작  (로그인 세션)...
[TradingView] 1H 캡처 완료 (60)
[TradingView] 4H 캡처 완료 (240)
[TradingView] Daily 캡처 완료 (D)
[TradingView] Weekly 캡처 완료 (W)
[TradingView] Monthly 캡처 완료 (M)
[[NASDAQ/NYSE 차트분석]] LEU 차트 5개 처리 완료
[TradingView] FPS 브라우저 세션 시작  (로그인 세션)...
[TradingView] 1H 캡처 완료 (60)
[TradingView] 4H 캡처 완료 (240)
[TradingView] Daily 캡처 완료 (D)
[TradingView] Weekly 캡처 완료 (W)
[TradingView] Monthly 캡처 완료 (M)
[[NASDAQ/NYSE 차트분석]] FPS 차트 5개 처리 완료
[TradingView] YSS 브라우저 세션 시작  (로그인 세션)...
[TradingView] 1H 캡처 완료 (60)
[TradingView] 4H 캡처 완료 (240)
[TradingView] Daily 캡처 완료 (D)
[TradingView] Weekly 캡처 완료 (W)
[TradingView] Monthly 캡처 완료 (M)
[[NASDAQ/NYSE 차트분석]] YSS 차트 5개 처리 완료
[TradingView] FLNC 브라우저 세션 시작  (로그인 세션)...
[TradingView] 1H 캡처 완료 (60)
[TradingView] 4H 캡처 완료 (240)
[TradingView] Daily 캡처 완료 (D)
[TradingView] Weekly 캡처 완료 (W)
[TradingView] Monthly 캡처 완료 (M)
[[NASDAQ/NYSE 차트분석]] FLNC 차트 5개 처리 완료
[TradingView] MLTX 브라우저 세션 시작  (로그인 세션)...
[TradingView] 1H 캡처 완료 (60)
[TradingView] 4H 캡처 완료 (240)
[TradingView] Daily 캡처 완료 (D)
[TradingView] Weekly 캡처 완료 (W)
[TradingView] Monthly 캡처 완료 (M)
[[NASDAQ/NYSE 차트분석]] MLTX 차트 5개 처리 완료
[TradingView] OPEN 브라우저 세션 시작  (로그인 세션)...
[TradingView] 1H 캡처 완료 (60)
[TradingView] 4H 캡처 완료 (240)
[TradingView] Daily 캡처 완료 (D)
[TradingView] Weekly 캡처 완료 (W)
[TradingView] Monthly 캡처 완료 (M)
[[NASDAQ/NYSE 차트분석]] OPEN 차트 5개 처리 완료
[TradingView] AVAV 브라우저 세션 시작  (로그인 세션)...
[TradingView] 1H 캡처 완료 (60)
[TradingView] 4H 캡처 완료 (240)
[TradingView] Daily 캡처 완료 (D)
[TradingView] Weekly 캡처 완료 (W)
[TradingView] Monthly 캡처 완료 (M)
[[NASDAQ/NYSE 차트분석]] AVAV 차트 5개 처리 완료
[TradingView] RUN 브라우저 세션 시작  (로그인 세션)...
[TradingView] 1H 캡처 완료 (60)
[TradingView] 4H 캡처 완료 (240)
[TradingView] Daily 캡처 완료 (D)
[TradingView] Weekly 캡처 완료 (W)
[TradingView] Monthly 캡처 완료 (M)
[[NASDAQ/NYSE 차트분석]] RUN 차트 5개 처리 완료
[TradingView] OKLO 브라우저 세션 시작  (로그인 세션)...
[TradingView] 1H 캡처 완료 (60)
[TradingView] 4H 캡처 완료 (240)
[TradingView] Daily 캡처 완료 (D)
[TradingView] Weekly 캡처 완료 (W)
[TradingView] Monthly 캡처 완료 (M)
[[NASDAQ/NYSE 차트분석]] OKLO 차트 5개 처리 완료
[TradingView] KTOS 브라우저 세션 시작  (로그인 세션)...
[TradingView] 1H 캡처 완료 (60)
[TradingView] 4H 캡처 완료 (240)
[TradingView] Daily 캡처 완료 (D)
[TradingView] Weekly 캡처 완료 (W)
[TradingView] Monthly 캡처 완료 (M)
[[NASDAQ/NYSE 차트분석]] KTOS 차트 5개 처리 완료
[TradingView] ARRY 브라우저 세션 시작  (로그인 세션)...
[TradingView] 1H 캡처 완료 (60)
[TradingView] 4H 캡처 완료 (240)
[TradingView] Daily 캡처 완료 (D)
[TradingView] Weekly 캡처 완료 (W)
[TradingView] Monthly 캡처 완료 (M)
[[NASDAQ/NYSE 차트분석]] ARRY 차트 5개 처리 완료
[TradingView] LIF 브라우저 세션 시작  (로그인 세션)...
[TradingView] 1H 캡처 완료 (60)
[TradingView] 4H 캡처 완료 (240)
[TradingView] Daily 캡처 완료 (D)
[TradingView] Weekly 캡처 완료 (W)
[TradingView] Monthly 캡처 완료 (M)
[[NASDAQ/NYSE 차트분석]] LIF 차트 5개 처리 완료
[TradingView] QBTS 브라우저 세션 시작  (로그인 세션)...
[TradingView] 1H 캡처 완료 (60)
[TradingView] 4H 캡처 완료 (240)
[TradingView] Daily 캡처 완료 (D)
[TradingView] Weekly 캡처 완료 (W)
[TradingView] Monthly 캡처 완료 (M)
[[NASDAQ/NYSE 차트분석]] QBTS 차트 5개 처리 완료
[TradingView] RKLB 브라우저 세션 시작  (로그인 세션)...
[TradingView] 1H 캡처 완료 (60)
[TradingView] 4H 캡처 완료 (240)
[TradingView] Daily 캡처 완료 (D)
[TradingView] Weekly 캡처 완료 (W)
[TradingView] Monthly 캡처 완료 (M)
[[NASDAQ/NYSE 차트분석]] RKLB 차트 5개 처리 완료
[TradingView] BBAI 브라우저 세션 시작  (로그인 세션)...
[TradingView] 1H 캡처 완료 (60)
[TradingView] 4H 캡처 완료 (240)
[TradingView] Daily 캡처 완료 (D)
[TradingView] Weekly 캡처 완료 (W)
[TradingView] Monthly 캡처 완료 (M)
[[NASDAQ/NYSE 차트분석]] BBAI 차트 5개 처리 완료
[TradingView] CAR 브라우저 세션 시작  (로그인 세션)...
[TradingView] 1H 캡처 완료 (60)
[TradingView] 4H 캡처 완료 (240)
[TradingView] Daily 캡처 완료 (D)
[TradingView] Weekly 캡처 완료 (W)
[TradingView] Monthly 캡처 완료 (M)
[[NASDAQ/NYSE 차트분석]] CAR 차트 5개 처리 완료
[TradingView] CSIQ 브라우저 세션 시작  (로그인 세션)...
[TradingView] 1H 캡처 완료 (60)
[TradingView] 4H 캡처 완료 (240)
[TradingView] Daily 캡처 완료 (D)
[TradingView] Weekly 캡처 완료 (W)
[TradingView] Monthly 캡처 완료 (M)
[[NASDAQ/NYSE 차트분석]] CSIQ 차트 5개 처리 완료
[TradingView] FRMI 브라우저 세션 시작  (로그인 세션)...
[TradingView] 1H 캡처 완료 (60)
[TradingView] 4H 캡처 완료 (240)
[TradingView] Daily 캡처 완료 (D)
[TradingView] Weekly 캡처 완료 (W)
[TradingView] Monthly 캡처 완료 (M)
[[NASDAQ/NYSE 차트분석]] FRMI 차트 5개 처리 완료
[TradingView] HYMC 브라우저 세션 시작  (로그인 세션)...
[TradingView] 1H 캡처 완료 (60)
[TradingView] 4H 캡처 완료 (240)
[TradingView] Daily 캡처 완료 (D)
[TradingView] Weekly 캡처 완료 (W)
[TradingView] Monthly 캡처 완료 (M)
[[NASDAQ/NYSE 차트분석]] HYMC 차트 5개 처리 완료
[TradingView] INOD 브라우저 세션 시작  (로그인 세션)...
[TradingView] 1H 캡처 완료 (60)
[TradingView] 4H 캡처 완료 (240)
[TradingView] Daily 캡처 완료 (D)
[TradingView] Weekly 캡처 완료 (W)
[TradingView] Monthly 캡처 완료 (M)
[[NASDAQ/NYSE 차트분석]] INOD 차트 5개 처리 완료
[TradingView] PCT 브라우저 세션 시작  (로그인 세션)...
[TradingView] 1H 캡처 완료 (60)
[TradingView] 4H 캡처 완료 (240)
[TradingView] Daily 캡처 완료 (D)
[TradingView] Weekly 캡처 완료 (W)
[TradingView] Monthly 캡처 완료 (M)
[[NASDAQ/NYSE 차트분석]] PCT 차트 5개 처리 완료
[TradingView] QUBT 브라우저 세션 시작  (로그인 세션)...
[TradingView] 1H 캡처 완료 (60)
[TradingView] 4H 캡처 완료 (240)
[TradingView] Daily 캡처 완료 (D)
[TradingView] Weekly 캡처 완료 (W)
[TradingView] Monthly 캡처 완료 (M)
[[NASDAQ/NYSE 차트분석]] QUBT 차트 5개 처리 완료
[TradingView] RGTI 브라우저 세션 시작  (로그인 세션)...
[TradingView] 1H 캡처 완료 (60)
[TradingView] 4H 캡처 완료 (240)
[TradingView] Daily 캡처 완료 (D)
[TradingView] Weekly 캡처 완료 (W)
[TradingView] Monthly 캡처 완료 (M)
[[NASDAQ/NYSE 차트분석]] RGTI 차트 5개 처리 완료
[TradingView] SATL 브라우저 세션 시작  (로그인 세션)...
[TradingView] 1H 캡처 완료 (60)
[TradingView] 4H 캡처 완료 (240)
[TradingView] Daily 캡처 완료 (D)
[TradingView] Weekly 캡처 완료 (W)
[TradingView] Monthly 캡처 완료 (M)
[[NASDAQ/NYSE 차트분석]] SATL 차트 5개 처리 완료
[TradingView] UPST 브라우저 세션 시작  (로그인 세션)...
[TradingView] 1H 캡처 완료 (60)
[TradingView] 4H 캡처 완료 (240)
[TradingView] Daily 캡처 완료 (D)
[TradingView] Weekly 캡처 완료 (W)
[TradingView] Monthly 캡처 완료 (M)
[[NASDAQ/NYSE 차트분석]] UPST 차트 5개 처리 완료
[TradingView] VNET 브라우저 세션 시작  (로그인 세션)...
[TradingView] 1H 캡처 완료 (60)
[TradingView] 4H 캡처 완료 (240)
[TradingView] Daily 캡처 완료 (D)
[TradingView] Weekly 캡처 완료 (W)
[TradingView] Monthly 캡처 완료 (M)
[[NASDAQ/NYSE 차트분석]] VNET 차트 5개 처리 완료
[TradingView] WING 브라우저 세션 시작  (로그인 세션)...
[TradingView] 1H 캡처 완료 (60)
[TradingView] 4H 캡처 완료 (240)
[TradingView] Daily 캡처 완료 (D)
[TradingView] Weekly 캡처 완료 (W)
[TradingView] Monthly 캡처 완료 (M)
[[NASDAQ/NYSE 차트분석]] WING 차트 5개 처리 완료
[TradingView] ALMS 브라우저 세션 시작  (로그인 세션)...
[TradingView] 1H 캡처 완료 (60)
[TradingView] 4H 캡처 완료 (240)
[TradingView] Daily 캡처 완료 (D)
[TradingView] Weekly 캡처 완료 (W)
[TradingView] Monthly 캡처 완료 (M)
[[NASDAQ/NYSE 차트분석]] ALMS 차트 5개 처리 완료
[TradingView] CDNL 브라우저 세션 시작  (로그인 세션)...
[TradingView] 1H 캡처 완료 (60)
[TradingView] 4H 캡처 완료 (240)
[TradingView] Daily 캡처 완료 (D)
[TradingView] Weekly 캡처 완료 (W)
[TradingView] Monthly 캡처 완료 (M)
[[NASDAQ/NYSE 차트분석]] CDNL 차트 5개 처리 완료
[TradingView] BLDR 브라우저 세션 시작  (로그인 세션)...
[TradingView] 1H 캡처 완료 (60)
[TradingView] 4H 캡처 완료 (240)
[TradingView] Daily 캡처 완료 (D)
[TradingView] Weekly 캡처 완료 (W)
[TradingView] Monthly 캡처 완료 (M)
[[NASDAQ/NYSE 차트분석]] BLDR 차트 5개 처리 완료
[TradingView] COLL 브라우저 세션 시작  (로그인 세션)...
[TradingView] 1H 캡처 완료 (60)
[TradingView] 4H 캡처 완료 (240)
[TradingView] Daily 캡처 완료 (D)
[TradingView] Weekly 캡처 완료 (W)
[TradingView] Monthly 캡처 완료 (M)
[[NASDAQ/NYSE 차트분석]] COLL 차트 5개 처리 완료
[TradingView] LINC 브라우저 세션 시작  (로그인 세션)...
[TradingView] 1H 캡처 완료 (60)
[TradingView] 4H 캡처 완료 (240)
[TradingView] Daily 캡처 완료 (D)
[TradingView] Weekly 캡처 완료 (W)
[TradingView] Monthly 캡처 완료 (M)
[[NASDAQ/NYSE 차트분석]] LINC 차트 5개 처리 완료
[TradingView] QFIN 브라우저 세션 시작  (로그인 세션)...
[TradingView] 1H 캡처 완료 (60)
[TradingView] 4H 캡처 완료 (240)
[TradingView] Daily 캡처 완료 (D)
[TradingView] Weekly 캡처 완료 (W)
[TradingView] Monthly 캡처 완료 (M)
[[NASDAQ/NYSE 차트분석]] QFIN 차트 5개 처리 완료
[TradingView] TRIP 브라우저 세션 시작  (로그인 세션)...
[TradingView] 1H 캡처 완료 (60)
[TradingView] 4H 캡처 완료 (240)
[TradingView] Daily 캡처 완료 (D)
[TradingView] Weekly 캡처 완료 (W)
[TradingView] Monthly 캡처 완료 (M)
[[NASDAQ/NYSE 차트분석]] TRIP 차트 5개 처리 완료
[TradingView] BBW 브라우저 세션 시작  (로그인 세션)...
[TradingView] 1H 캡처 완료 (60)
[TradingView] 4H 캡처 완료 (240)
[TradingView] Daily 캡처 완료 (D)
[TradingView] Weekly 캡처 완료 (W)
[TradingView] Monthly 캡처 완료 (M)
[[NASDAQ/NYSE 차트분석]] BBW 차트 5개 처리 완료
[TradingView] CTRI 브라우저 세션 시작  (로그인 세션)...
[TradingView] 1H 캡처 완료 (60)
[TradingView] 4H 캡처 완료 (240)
[TradingView] Daily 캡처 완료 (D)
[TradingView] Weekly 캡처 완료 (W)
[TradingView] Monthly 캡처 완료 (M)
[[NASDAQ/NYSE 차트분석]] CTRI 차트 5개 처리 완료
[TradingView] LASR 브라우저 세션 시작  (로그인 세션)...
[TradingView] 1H 캡처 완료 (60)
[TradingView] 4H 캡처 완료 (240)
[TradingView] Daily 캡처 완료 (D)
[TradingView] Weekly 캡처 완료 (W)
[TradingView] Monthly 캡처 완료 (M)
[[NASDAQ/NYSE 차트분석]] LASR 차트 5개 처리 완료
[TradingView] LCID 브라우저 세션 시작  (로그인 세션)...
[TradingView] 1H 캡처 완료 (60)
[TradingView] 4H 캡처 완료 (240)
[TradingView] Daily 캡처 완료 (D)
[TradingView] Weekly 캡처 완료 (W)
[TradingView] Monthly 캡처 완료 (M)
[[NASDAQ/NYSE 차트분석]] LCID 차트 5개 처리 완료
[TradingView] UTI 브라우저 세션 시작  (로그인 세션)...
[TradingView] 1H 캡처 완료 (60)
[TradingView] 4H 캡처 완료 (240)
[TradingView] Daily 캡처 완료 (D)
[TradingView] Weekly 캡처 완료 (W)
[TradingView] Monthly 캡처 완료 (M)
[[NASDAQ/NYSE 차트분석]] UTI 차트 5개 처리 완료
[TradingView] VPG 브라우저 세션 시작  (로그인 세션)...
[TradingView] 1H 캡처 완료 (60)
[TradingView] 4H 캡처 완료 (240)
[TradingView] Daily 캡처 완료 (D)
[TradingView] Weekly 캡처 완료 (W)
[TradingView] Monthly 캡처 완료 (M)
[[NASDAQ/NYSE 차트분석]] VPG 차트 5개 처리 완료
[TradingView] FCEL 브라우저 세션 시작  (로그인 세션)...
[TradingView] 1H 캡처 완료 (60)
[TradingView] 4H 캡처 완료 (240)
[TradingView] Daily 캡처 완료 (D)
[TradingView] Weekly 캡처 완료 (W)
[TradingView] Monthly 캡처 완료 (M)
[[NASDAQ/NYSE 차트분석]] FCEL 차트 5개 처리 완료
[TradingView] BW 브라우저 세션 시작  (로그인 세션)...
[TradingView] 1H 캡처 완료 (60)
[TradingView] 4H 캡처 완료 (240)
[TradingView] Daily 캡처 완료 (D)
[TradingView] Weekly 캡처 완료 (W)
[TradingView] Monthly 캡처 완료 (M)
[[NASDAQ/NYSE 차트분석]] BW 차트 5개 처리 완료
[[NASDAQ/NYSE 차트분석]] 차트 캡처 완료
[[NASDAQ/NYSE 차트분석]] GitHub에 차트 이미지 푸시 중...
rm 'charts/screenshots_nasdaq/ALMS/ALMS_1H_20260905_074719.png'
rm 'charts/screenshots_nasdaq/ALMS/ALMS_4H_20260905_074719.png'
rm 'charts/screenshots_nasdaq/ALMS/ALMS_Daily_20260905_074719.png'
rm 'charts/screenshots_nasdaq/ALMS/ALMS_Monthly_20260905_074719.png'
rm 'charts/screenshots_nasdaq/ALMS/ALMS_Weekly_20260905_074719.png'
rm 'charts/screenshots_nasdaq/ANF/ANF_1H_20260905_070520.png'
rm 'charts/screenshots_nasdaq/ANF/ANF_4H_20260905_070520.png'
rm 'charts/screenshots_nasdaq/ANF/ANF_Daily_20260905_070520.png'
rm 'charts/screenshots_nasdaq/ANF/ANF_Monthly_20260905_070520.png'
rm 'charts/screenshots_nasdaq/ANF/ANF_Weekly_20260905_070520.png'
rm 'charts/screenshots_nasdaq/ARRY/ARRY_1H_20260905_073534.png'
rm 'charts/screenshots_nasdaq/ARRY/ARRY_4H_20260905_073534.png'
rm 'charts/screenshots_nasdaq/ARRY/ARRY_Daily_20260905_073534.png'
rm 'charts/screenshots_nasdaq/ARRY/ARRY_Monthly_20260905_073534.png'
rm 'charts/screenshots_nasdaq/ARRY/ARRY_Weekly_20260905_073534.png'
rm 'charts/screenshots_nasdaq/ARX/ARX_1H_20260905_070328.png'
rm 'charts/screenshots_nasdaq/ARX/ARX_4H_20260905_070328.png'
rm 'charts/screenshots_nasdaq/ARX/ARX_Daily_20260905_070328.png'
rm 'charts/screenshots_nasdaq/ARX/ARX_Monthly_20260905_070328.png'
rm 'charts/screenshots_nasdaq/ARX/ARX_Weekly_20260905_070328.png'
rm 'charts/screenshots_nasdaq/ASST/ASST_1H_20260905_070747.png'
rm 'charts/screenshots_nasdaq/ASST/ASST_4H_20260905_070747.png'
rm 'charts/screenshots_nasdaq/ASST/ASST_Daily_20260905_070747.png'
rm 'charts/screenshots_nasdaq/ASST/ASST_Monthly_20260905_070747.png'
rm 'charts/screenshots_nasdaq/ASST/ASST_Weekly_20260905_070747.png'
rm 'charts/screenshots_nasdaq/ATRC/ATRC_1H_20260905_065717.png'
rm 'charts/screenshots_nasdaq/ATRC/ATRC_4H_20260905_065717.png'
rm 'charts/screenshots_nasdaq/ATRC/ATRC_Daily_20260905_065717.png'
rm 'charts/screenshots_nasdaq/ATRC/ATRC_Monthly_20260905_065717.png'
rm 'charts/screenshots_nasdaq/ATRC/ATRC_Weekly_20260905_065717.png'
rm 'charts/screenshots_nasdaq/AVAH/AVAH_1H_20260905_070557.png'
rm 'charts/screenshots_nasdaq/AVAH/AVAH_4H_20260905_070557.png'
rm 'charts/screenshots_nasdaq/AVAH/AVAH_Daily_20260905_070557.png'
rm 'charts/screenshots_nasdaq/AVAH/AVAH_Monthly_20260905_070557.png'
rm 'charts/screenshots_nasdaq/AVAH/AVAH_Weekly_20260905_070557.png'
rm 'charts/screenshots_nasdaq/AVAV/AVAV_1H_20260905_072847.png'
rm 'charts/screenshots_nasdaq/AVAV/AVAV_4H_20260905_072847.png'
rm 'charts/screenshots_nasdaq/AVAV/AVAV_Daily_20260905_072847.png'
rm 'charts/screenshots_nasdaq/AVAV/AVAV_Monthly_20260905_072847.png'
rm 'charts/screenshots_nasdaq/AVAV/AVAV_Weekly_20260905_072847.png'
rm 'charts/screenshots_nasdaq/BBAI/BBAI_1H_20260905_073612.png'
rm 'charts/screenshots_nasdaq/BBAI/BBAI_4H_20260905_073612.png'
rm 'charts/screenshots_nasdaq/BBAI/BBAI_Daily_20260905_073612.png'
rm 'charts/screenshots_nasdaq/BBAI/BBAI_Monthly_20260905_073612.png'
rm 'charts/screenshots_nasdaq/BBAI/BBAI_Weekly_20260905_073612.png'
rm 'charts/screenshots_nasdaq/BBW/BBW_1H_20260905_074910.png'
rm 'charts/screenshots_nasdaq/BBW/BBW_4H_20260905_074910.png'
rm 'charts/screenshots_nasdaq/BBW/BBW_Daily_20260905_074910.png'
rm 'charts/screenshots_nasdaq/BBW/BBW_Monthly_20260905_074910.png'
rm 'charts/screenshots_nasdaq/BBW/BBW_Weekly_20260905_074910.png'
rm 'charts/screenshots_nasdaq/BILI/BILI_1H_20260905_072619.png'
rm 'charts/screenshots_nasdaq/BILI/BILI_4H_20260905_072619.png'
rm 'charts/screenshots_nasdaq/BILI/BILI_Daily_20260905_072619.png'
rm 'charts/screenshots_nasdaq/BILI/BILI_Monthly_20260905_072619.png'
rm 'charts/screenshots_nasdaq/BILI/BILI_Weekly_20260905_072619.png'
rm 'charts/screenshots_nasdaq/BLDR/BLDR_1H_20260905_072657.png'
rm 'charts/screenshots_nasdaq/BLDR/BLDR_4H_20260905_072657.png'
rm 'charts/screenshots_nasdaq/BLDR/BLDR_Daily_20260905_072657.png'
rm 'charts/screenshots_nasdaq/BLDR/BLDR_Monthly_20260905_072657.png'
rm 'charts/screenshots_nasdaq/BLDR/BLDR_Weekly_20260905_072657.png'
rm 'charts/screenshots_nasdaq/BLTE/BLTE_1H_20260905_065448.png'
rm 'charts/screenshots_nasdaq/BLTE/BLTE_4H_20260905_065448.png'
rm 'charts/screenshots_nasdaq/BLTE/BLTE_Daily_20260905_065448.png'
rm 'charts/screenshots_nasdaq/BLTE/BLTE_Monthly_20260905_065448.png'
rm 'charts/screenshots_nasdaq/BLTE/BLTE_Weekly_20260905_065448.png'
rm 'charts/screenshots_nasdaq/BMNR/BMNR_1H_20260905_065640.png'
rm 'charts/screenshots_nasdaq/BMNR/BMNR_4H_20260905_065640.png'
rm 'charts/screenshots_nasdaq/BMNR/BMNR_Daily_20260905_065640.png'
rm 'charts/screenshots_nasdaq/BMNR/BMNR_Monthly_20260905_065640.png'
rm 'charts/screenshots_nasdaq/BMNR/BMNR_Weekly_20260905_065640.png'
rm 'charts/screenshots_nasdaq/BOXL/BOXL_1H_20260905_071933.png'
rm 'charts/screenshots_nasdaq/BOXL/BOXL_4H_20260905_071933.png'
rm 'charts/screenshots_nasdaq/BOXL/BOXL_Daily_20260905_071933.png'
rm 'charts/screenshots_nasdaq/BOXL/BOXL_Monthly_20260905_071933.png'
rm 'charts/screenshots_nasdaq/BOXL/BOXL_Weekly_20260905_071933.png'
rm 'charts/screenshots_nasdaq/BW/BW_1H_20260905_075443.png'
rm 'charts/screenshots_nasdaq/BW/BW_4H_20260905_075443.png'
rm 'charts/screenshots_nasdaq/BW/BW_Daily_20260905_075443.png'
rm 'charts/screenshots_nasdaq/BW/BW_Monthly_20260905_075443.png'
rm 'charts/screenshots_nasdaq/BW/BW_Weekly_20260905_075443.png'
rm 'charts/screenshots_nasdaq/BYND/BYND_1H_20260905_073420.png'
rm 'charts/screenshots_nasdaq/BYND/BYND_4H_20260905_073420.png'
rm 'charts/screenshots_nasdaq/BYND/BYND_Daily_20260905_073420.png'
rm 'charts/screenshots_nasdaq/BYND/BYND_Monthly_20260905_073420.png'
rm 'charts/screenshots_nasdaq/BYND/BYND_Weekly_20260905_073420.png'
rm 'charts/screenshots_nasdaq/CAR/CAR_1H_20260905_073649.png'
rm 'charts/screenshots_nasdaq/CAR/CAR_4H_20260905_073649.png'
rm 'charts/screenshots_nasdaq/CAR/CAR_Daily_20260905_073649.png'
rm 'charts/screenshots_nasdaq/CAR/CAR_Monthly_20260905_073649.png'
rm 'charts/screenshots_nasdaq/CAR/CAR_Weekly_20260905_073649.png'
rm 'charts/screenshots_nasdaq/CDNL/CDNL_1H_20260905_074756.png'
rm 'charts/screenshots_nasdaq/CDNL/CDNL_4H_20260905_074756.png'
rm 'charts/screenshots_nasdaq/CDNL/CDNL_Daily_20260905_074756.png'
rm 'charts/screenshots_nasdaq/CDNL/CDNL_Monthly_20260905_074756.png'
rm 'charts/screenshots_nasdaq/CDNL/CDNL_Weekly_20260905_074756.png'
rm 'charts/screenshots_nasdaq/CLMT/CLMT_1H_20260905_071207.png'
rm 'charts/screenshots_nasdaq/CLMT/CLMT_4H_20260905_071207.png'
rm 'charts/screenshots_nasdaq/CLMT/CLMT_Daily_20260905_071207.png'
rm 'charts/screenshots_nasdaq/CLMT/CLMT_Monthly_20260905_071207.png'
rm 'charts/screenshots_nasdaq/CLMT/CLMT_Weekly_20260905_071207.png'
rm 'charts/screenshots_nasdaq/CNH/CNH_1H_20260905_072352.png'
rm 'charts/screenshots_nasdaq/CNH/CNH_4H_20260905_072352.png'
rm 'charts/screenshots_nasdaq/CNH/CNH_Daily_20260905_072352.png'
rm 'charts/screenshots_nasdaq/CNH/CNH_Monthly_20260905_072352.png'
rm 'charts/screenshots_nasdaq/CNH/CNH_Weekly_20260905_072352.png'
rm 'charts/screenshots_nasdaq/COIN/COIN_1H_20260905_070442.png'
rm 'charts/screenshots_nasdaq/COIN/COIN_4H_20260905_070442.png'
rm 'charts/screenshots_nasdaq/COIN/COIN_Daily_20260905_070442.png'
rm 'charts/screenshots_nasdaq/COIN/COIN_Monthly_20260905_070442.png'
rm 'charts/screenshots_nasdaq/COIN/COIN_Weekly_20260905_070442.png'
rm 'charts/screenshots_nasdaq/COLL/COLL_1H_20260905_074833.png'
rm 'charts/screenshots_nasdaq/COLL/COLL_4H_20260905_074833.png'
rm 'charts/screenshots_nasdaq/COLL/COLL_Daily_20260905_074833.png'
rm 'charts/screenshots_nasdaq/COLL/COLL_Monthly_20260905_074833.png'
rm 'charts/screenshots_nasdaq/COLL/COLL_Weekly_20260905_074833.png'
rm 'charts/screenshots_nasdaq/CPRI/CPRI_1H_20260905_073002.png'
rm 'charts/screenshots_nasdaq/CPRI/CPRI_4H_20260905_073002.png'
rm 'charts/screenshots_nasdaq/CPRI/CPRI_Daily_20260905_073002.png'
rm 'charts/screenshots_nasdaq/CPRI/CPRI_Monthly_20260905_073002.png'
rm 'charts/screenshots_nasdaq/CPRI/CPRI_Weekly_20260905_073002.png'
rm 'charts/screenshots_nasdaq/CRE/CRE_1H_20260905_072124.png'
rm 'charts/screenshots_nasdaq/CRE/CRE_4H_20260905_072124.png'
rm 'charts/screenshots_nasdaq/CRE/CRE_Daily_20260905_072124.png'
rm 'charts/screenshots_nasdaq/CRE/CRE_Monthly_20260905_072124.png'
rm 'charts/screenshots_nasdaq/CRE/CRE_Weekly_20260905_072124.png'
rm 'charts/screenshots_nasdaq/CRM/CRM_1H_20260905_072010.png'
rm 'charts/screenshots_nasdaq/CRM/CRM_4H_20260905_072010.png'
rm 'charts/screenshots_nasdaq/CRM/CRM_Daily_20260905_072010.png'
rm 'charts/screenshots_nasdaq/CRM/CRM_Monthly_20260905_072010.png'
rm 'charts/screenshots_nasdaq/CRM/CRM_Weekly_20260905_072010.png'
rm 'charts/screenshots_nasdaq/CSIQ/CSIQ_1H_20260905_074031.png'
rm 'charts/screenshots_nasdaq/CSIQ/CSIQ_4H_20260905_074031.png'
rm 'charts/screenshots_nasdaq/CSIQ/CSIQ_Daily_20260905_074031.png'
rm 'charts/screenshots_nasdaq/CSIQ/CSIQ_Monthly_20260905_074031.png'
rm 'charts/screenshots_nasdaq/CSIQ/CSIQ_Weekly_20260905_074031.png'
rm 'charts/screenshots_nasdaq/CTRI/CTRI_1H_20260905_075138.png'
rm 'charts/screenshots_nasdaq/CTRI/CTRI_4H_20260905_075138.png'
rm 'charts/screenshots_nasdaq/CTRI/CTRI_Daily_20260905_075138.png'
rm 'charts/screenshots_nasdaq/CTRI/CTRI_Monthly_20260905_075138.png'
rm 'charts/screenshots_nasdaq/CTRI/CTRI_Weekly_20260905_075138.png'
rm 'charts/screenshots_nasdaq/CVI/CVI_1H_20260905_070634.png'
rm 'charts/screenshots_nasdaq/CVI/CVI_4H_20260905_070634.png'
rm 'charts/screenshots_nasdaq/CVI/CVI_Daily_20260905_070634.png'
rm 'charts/screenshots_nasdaq/CVI/CVI_Monthly_20260905_070634.png'
rm 'charts/screenshots_nasdaq/CVI/CVI_Weekly_20260905_070634.png'
rm 'charts/screenshots_nasdaq/DHT/DHT_1H_20260905_065411.png'
rm 'charts/screenshots_nasdaq/DHT/DHT_4H_20260905_065411.png'
rm 'charts/screenshots_nasdaq/DHT/DHT_Daily_20260905_065411.png'
rm 'charts/screenshots_nasdaq/DHT/DHT_Monthly_20260905_065411.png'
rm 'charts/screenshots_nasdaq/DHT/DHT_Weekly_20260905_065411.png'
rm 'charts/screenshots_nasdaq/DINO/DINO_1H_20260905_070711.png'
rm 'charts/screenshots_nasdaq/DINO/DINO_4H_20260905_070711.png'
rm 'charts/screenshots_nasdaq/DINO/DINO_Daily_20260905_070711.png'
rm 'charts/screenshots_nasdaq/DINO/DINO_Monthly_20260905_070711.png'
rm 'charts/screenshots_nasdaq/DINO/DINO_Weekly_20260905_070711.png'
rm 'charts/screenshots_nasdaq/DUOL/DUOL_1H_20260905_070825.png'
rm 'charts/screenshots_nasdaq/DUOL/DUOL_4H_20260905_070825.png'
rm 'charts/screenshots_nasdaq/DUOL/DUOL_Daily_20260905_070825.png'
rm 'charts/screenshots_nasdaq/DUOL/DUOL_Monthly_20260905_070825.png'
rm 'charts/screenshots_nasdaq/DUOL/DUOL_Weekly_20260905_070825.png'
rm 'charts/screenshots_nasdaq/DXYZ/DXYZ_1H_20260905_071627.png'
rm 'charts/screenshots_nasdaq/DXYZ/DXYZ_4H_20260905_071627.png'
rm 'charts/screenshots_nasdaq/DXYZ/DXYZ_Daily_20260905_071627.png'
rm 'charts/screenshots_nasdaq/DXYZ/DXYZ_Monthly_20260905_071627.png'
rm 'charts/screenshots_nasdaq/DXYZ/DXYZ_Weekly_20260905_071627.png'
rm 'charts/screenshots_nasdaq/ECO/ECO_1H_20260905_070939.png'
rm 'charts/screenshots_nasdaq/ECO/ECO_4H_20260905_070939.png'
rm 'charts/screenshots_nasdaq/ECO/ECO_Daily_20260905_070939.png'
rm 'charts/screenshots_nasdaq/ECO/ECO_Monthly_20260905_070939.png'
rm 'charts/screenshots_nasdaq/ECO/ECO_Weekly_20260905_070939.png'
rm 'charts/screenshots_nasdaq/FCEL/FCEL_1H_20260905_075520.png'
rm 'charts/screenshots_nasdaq/FCEL/FCEL_4H_20260905_075520.png'
rm 'charts/screenshots_nasdaq/FCEL/FCEL_Daily_20260905_075520.png'
rm 'charts/screenshots_nasdaq/FCEL/FCEL_Monthly_20260905_075520.png'
rm 'charts/screenshots_nasdaq/FCEL/FCEL_Weekly_20260905_075520.png'
rm 'charts/screenshots_nasdaq/FIG/FIG_1H_20260905_071358.png'
rm 'charts/screenshots_nasdaq/FIG/FIG_4H_20260905_071358.png'
rm 'charts/screenshots_nasdaq/FIG/FIG_Daily_20260905_071358.png'
rm 'charts/screenshots_nasdaq/FIG/FIG_Monthly_20260905_071358.png'
rm 'charts/screenshots_nasdaq/FIG/FIG_Weekly_20260905_071358.png'
rm 'charts/screenshots_nasdaq/FIGR/FIGR_1H_20260905_071130.png'
rm 'charts/screenshots_nasdaq/FIGR/FIGR_4H_20260905_071130.png'
rm 'charts/screenshots_nasdaq/FIGR/FIGR_Daily_20260905_071130.png'
rm 'charts/screenshots_nasdaq/FIGR/FIGR_Monthly_20260905_071130.png'
rm 'charts/screenshots_nasdaq/FIGR/FIGR_Weekly_20260905_071130.png'
rm 'charts/screenshots_nasdaq/FLNC/FLNC_1H_20260905_073230.png'
rm 'charts/screenshots_nasdaq/FLNC/FLNC_4H_20260905_073230.png'
rm 'charts/screenshots_nasdaq/FLNC/FLNC_Daily_20260905_073230.png'
rm 'charts/screenshots_nasdaq/FLNC/FLNC_Monthly_20260905_073230.png'
rm 'charts/screenshots_nasdaq/FLNC/FLNC_Weekly_20260905_073230.png'
rm 'charts/screenshots_nasdaq/FPS/FPS_1H_20260905_073116.png'
rm 'charts/screenshots_nasdaq/FPS/FPS_4H_20260905_073116.png'
rm 'charts/screenshots_nasdaq/FPS/FPS_Daily_20260905_073116.png'
rm 'charts/screenshots_nasdaq/FPS/FPS_Monthly_20260905_073116.png'
rm 'charts/screenshots_nasdaq/FPS/FPS_Weekly_20260905_073116.png'
rm 'charts/screenshots_nasdaq/FRMI/FRMI_1H_20260905_074108.png'
rm 'charts/screenshots_nasdaq/FRMI/FRMI_4H_20260905_074108.png'
rm 'charts/screenshots_nasdaq/FRMI/FRMI_Daily_20260905_074108.png'
rm 'charts/screenshots_nasdaq/FRMI/FRMI_Monthly_20260905_074108.png'
rm 'charts/screenshots_nasdaq/FRMI/FRMI_Weekly_20260905_074108.png'
rm 'charts/screenshots_nasdaq/FRO/FRO_1H_20260905_065335.png'
rm 'charts/screenshots_nasdaq/FRO/FRO_4H_20260905_065335.png'
rm 'charts/screenshots_nasdaq/FRO/FRO_Daily_20260905_065335.png'
rm 'charts/screenshots_nasdaq/FRO/FRO_Monthly_20260905_065335.png'
rm 'charts/screenshots_nasdaq/FRO/FRO_Weekly_20260905_065335.png'
rm 'charts/screenshots_nasdaq/GTLB/GTLB_1H_20260905_071550.png'
rm 'charts/screenshots_nasdaq/GTLB/GTLB_4H_20260905_071550.png'
rm 'charts/screenshots_nasdaq/GTLB/GTLB_Daily_20260905_071550.png'
rm 'charts/screenshots_nasdaq/GTLB/GTLB_Monthly_20260905_071550.png'
rm 'charts/screenshots_nasdaq/GTLB/GTLB_Weekly_20260905_071550.png'
rm 'charts/screenshots_nasdaq/HIMS/HIMS_1H_20260905_072201.png'
rm 'charts/screenshots_nasdaq/HIMS/HIMS_4H_20260905_072201.png'
rm 'charts/screenshots_nasdaq/HIMS/HIMS_Daily_20260905_072201.png'
rm 'charts/screenshots_nasdaq/HIMS/HIMS_Monthly_20260905_072201.png'
rm 'charts/screenshots_nasdaq/HIMS/HIMS_Weekly_20260905_072201.png'
rm 'charts/screenshots_nasdaq/HUBS/HUBS_1H_20260905_072315.png'
rm 'charts/screenshots_nasdaq/HUBS/HUBS_4H_20260905_072315.png'
rm 'charts/screenshots_nasdaq/HUBS/HUBS_Daily_20260905_072315.png'
rm 'charts/screenshots_nasdaq/HUBS/HUBS_Monthly_20260905_072315.png'
rm 'charts/screenshots_nasdaq/HUBS/HUBS_Weekly_20260905_072315.png'
rm 'charts/screenshots_nasdaq/HYMC/HYMC_1H_20260905_074145.png'
rm 'charts/screenshots_nasdaq/HYMC/HYMC_4H_20260905_074145.png'
rm 'charts/screenshots_nasdaq/HYMC/HYMC_Daily_20260905_074145.png'
rm 'charts/screenshots_nasdaq/HYMC/HYMC_Monthly_20260905_074145.png'
rm 'charts/screenshots_nasdaq/HYMC/HYMC_Weekly_20260905_074145.png'
rm 'charts/screenshots_nasdaq/INOD/INOD_1H_20260905_074222.png'
rm 'charts/screenshots_nasdaq/INOD/INOD_4H_20260905_074222.png'
rm 'charts/screenshots_nasdaq/INOD/INOD_Daily_20260905_074222.png'
rm 'charts/screenshots_nasdaq/INOD/INOD_Monthly_20260905_074222.png'
rm 'charts/screenshots_nasdaq/INOD/INOD_Weekly_20260905_074222.png'
rm 'charts/screenshots_nasdaq/INSP/INSP_1H_20260905_070214.png'
rm 'charts/screenshots_nasdaq/INSP/INSP_4H_20260905_070214.png'
rm 'charts/screenshots_nasdaq/INSP/INSP_Daily_20260905_070214.png'
rm 'charts/screenshots_nasdaq/INSP/INSP_Monthly_20260905_070214.png'
rm 'charts/screenshots_nasdaq/INSP/INSP_Weekly_20260905_070214.png'
rm 'charts/screenshots_nasdaq/INSW/INSW_1H_20260905_065908.png'
rm 'charts/screenshots_nasdaq/INSW/INSW_4H_20260905_065908.png'
rm 'charts/screenshots_nasdaq/INSW/INSW_Daily_20260905_065908.png'
rm 'charts/screenshots_nasdaq/INSW/INSW_Monthly_20260905_065908.png'
rm 'charts/screenshots_nasdaq/INSW/INSW_Weekly_20260905_065908.png'
rm 'charts/screenshots_nasdaq/IOVA/IOVA_1H_20260905_065945.png'
rm 'charts/screenshots_nasdaq/IOVA/IOVA_4H_20260905_065945.png'
rm 'charts/screenshots_nasdaq/IOVA/IOVA_Daily_20260905_065945.png'
rm 'charts/screenshots_nasdaq/IOVA/IOVA_Monthly_20260905_065945.png'
rm 'charts/screenshots_nasdaq/IOVA/IOVA_Weekly_20260905_065945.png'
rm 'charts/screenshots_nasdaq/KTOS/KTOS_1H_20260905_073803.png'
rm 'charts/screenshots_nasdaq/KTOS/KTOS_4H_20260905_073803.png'
rm 'charts/screenshots_nasdaq/KTOS/KTOS_Daily_20260905_073803.png'
rm 'charts/screenshots_nasdaq/KTOS/KTOS_Monthly_20260905_073803.png'
rm 'charts/screenshots_nasdaq/KTOS/KTOS_Weekly_20260905_073803.png'
rm 'charts/screenshots_nasdaq/LASR/LASR_1H_20260905_075215.png'
rm 'charts/screenshots_nasdaq/LASR/LASR_4H_20260905_075215.png'
rm 'charts/screenshots_nasdaq/LASR/LASR_Daily_20260905_075215.png'
rm 'charts/screenshots_nasdaq/LASR/LASR_Monthly_20260905_075215.png'
rm 'charts/screenshots_nasdaq/LASR/LASR_Weekly_20260905_075215.png'
rm 'charts/screenshots_nasdaq/LCID/LCID_1H_20260905_075252.png'
rm 'charts/screenshots_nasdaq/LCID/LCID_4H_20260905_075252.png'
rm 'charts/screenshots_nasdaq/LCID/LCID_Daily_20260905_075252.png'
rm 'charts/screenshots_nasdaq/LCID/LCID_Monthly_20260905_075252.png'
rm 'charts/screenshots_nasdaq/LCID/LCID_Weekly_20260905_075252.png'
rm 'charts/screenshots_nasdaq/LEU/LEU_1H_20260905_073039.png'
rm 'charts/screenshots_nasdaq/LEU/LEU_4H_20260905_073039.png'
rm 'charts/screenshots_nasdaq/LEU/LEU_Daily_20260905_073039.png'
rm 'charts/screenshots_nasdaq/LEU/LEU_Monthly_20260905_073039.png'
rm 'charts/screenshots_nasdaq/LEU/LEU_Weekly_20260905_073039.png'
rm 'charts/screenshots_nasdaq/LIF/LIF_1H_20260905_073840.png'
rm 'charts/screenshots_nasdaq/LIF/LIF_4H_20260905_073840.png'
rm 'charts/screenshots_nasdaq/LIF/LIF_Daily_20260905_073840.png'
rm 'charts/screenshots_nasdaq/LIF/LIF_Monthly_20260905_073840.png'
rm 'charts/screenshots_nasdaq/LIF/LIF_Weekly_20260905_073840.png'
rm 'charts/screenshots_nasdaq/LIFE/LIFE_1H_20260905_071818.png'
rm 'charts/screenshots_nasdaq/LIFE/LIFE_4H_20260905_071818.png'
rm 'charts/screenshots_nasdaq/LIFE/LIFE_Daily_20260905_071818.png'
rm 'charts/screenshots_nasdaq/LIFE/LIFE_Monthly_20260905_071818.png'
rm 'charts/screenshots_nasdaq/LIFE/LIFE_Weekly_20260905_071818.png'
rm 'charts/screenshots_nasdaq/LINC/LINC_1H_20260905_074947.png'
rm 'charts/screenshots_nasdaq/LINC/LINC_4H_20260905_074947.png'
rm 'charts/screenshots_nasdaq/LINC/LINC_Daily_20260905_074947.png'
rm 'charts/screenshots_nasdaq/LINC/LINC_Monthly_20260905_074947.png'
rm 'charts/screenshots_nasdaq/LINC/LINC_Weekly_20260905_074947.png'
rm 'charts/screenshots_nasdaq/LPG/LPG_1H_20260905_071244.png'
rm 'charts/screenshots_nasdaq/LPG/LPG_4H_20260905_071244.png'
rm 'charts/screenshots_nasdaq/LPG/LPG_Daily_20260905_071244.png'
rm 'charts/screenshots_nasdaq/LPG/LPG_Monthly_20260905_071244.png'
rm 'charts/screenshots_nasdaq/LPG/LPG_Weekly_20260905_071244.png'
rm 'charts/screenshots_nasdaq/MLTX/MLTX_1H_20260905_073307.png'
rm 'charts/screenshots_nasdaq/MLTX/MLTX_4H_20260905_073307.png'
rm 'charts/screenshots_nasdaq/MLTX/MLTX_Daily_20260905_073307.png'
rm 'charts/screenshots_nasdaq/MLTX/MLTX_Monthly_20260905_073307.png'
rm 'charts/screenshots_nasdaq/MLTX/MLTX_Weekly_20260905_073307.png'
rm 'charts/screenshots_nasdaq/MNDY/MNDY_1H_20260905_072237.png'
rm 'charts/screenshots_nasdaq/MNDY/MNDY_4H_20260905_072237.png'
rm 'charts/screenshots_nasdaq/MNDY/MNDY_Daily_20260905_072237.png'
rm 'charts/screenshots_nasdaq/MNDY/MNDY_Monthly_20260905_072237.png'
rm 'charts/screenshots_nasdaq/MNDY/MNDY_Weekly_20260905_072237.png'
rm 'charts/screenshots_nasdaq/MPC/MPC_1H_20260905_071704.png'
rm 'charts/screenshots_nasdaq/MPC/MPC_4H_20260905_071704.png'
rm 'charts/screenshots_nasdaq/MPC/MPC_Daily_20260905_071704.png'
rm 'charts/screenshots_nasdaq/MPC/MPC_Monthly_20260905_071704.png'
rm 'charts/screenshots_nasdaq/MPC/MPC_Weekly_20260905_071704.png'
rm 'charts/screenshots_nasdaq/MRX/MRX_1H_20260905_071513.png'
rm 'charts/screenshots_nasdaq/MRX/MRX_4H_20260905_071513.png'
rm 'charts/screenshots_nasdaq/MRX/MRX_Daily_20260905_071513.png'
rm 'charts/screenshots_nasdaq/MRX/MRX_Monthly_20260905_071513.png'
rm 'charts/screenshots_nasdaq/MRX/MRX_Weekly_20260905_071513.png'
rm 'charts/screenshots_nasdaq/NAT/NAT_1H_20260905_065526.png'
rm 'charts/screenshots_nasdaq/NAT/NAT_4H_20260905_065526.png'
rm 'charts/screenshots_nasdaq/NAT/NAT_Daily_20260905_065526.png'
rm 'charts/screenshots_nasdaq/NAT/NAT_Monthly_20260905_065526.png'
rm 'charts/screenshots_nasdaq/NAT/NAT_Weekly_20260905_065526.png'
rm 'charts/screenshots_nasdaq/OKLO/OKLO_1H_20260905_073726.png'
rm 'charts/screenshots_nasdaq/OKLO/OKLO_4H_20260905_073726.png'
rm 'charts/screenshots_nasdaq/OKLO/OKLO_Daily_20260905_073726.png'
rm 'charts/screenshots_nasdaq/OKLO/OKLO_Monthly_20260905_073726.png'
rm 'charts/screenshots_nasdaq/OKLO/OKLO_Weekly_20260905_073726.png'
rm 'charts/screenshots_nasdaq/OMER/OMER_1H_20260905_070022.png'
rm 'charts/screenshots_nasdaq/OMER/OMER_4H_20260905_070022.png'
rm 'charts/screenshots_nasdaq/OMER/OMER_Daily_20260905_070022.png'
rm 'charts/screenshots_nasdaq/OMER/OMER_Monthly_20260905_070022.png'
rm 'charts/screenshots_nasdaq/OMER/OMER_Weekly_20260905_070022.png'
rm 'charts/screenshots_nasdaq/OPEN/OPEN_1H_20260905_073344.png'
rm 'charts/screenshots_nasdaq/OPEN/OPEN_4H_20260905_073344.png'
rm 'charts/screenshots_nasdaq/OPEN/OPEN_Daily_20260905_073344.png'
rm 'charts/screenshots_nasdaq/OPEN/OPEN_Monthly_20260905_073344.png'
rm 'charts/screenshots_nasdaq/OPEN/OPEN_Weekly_20260905_073344.png'
rm 'charts/screenshots_nasdaq/OSCR/OSCR_1H_20260905_070902.png'
rm 'charts/screenshots_nasdaq/OSCR/OSCR_4H_20260905_070902.png'
rm 'charts/screenshots_nasdaq/OSCR/OSCR_Daily_20260905_070902.png'
rm 'charts/screenshots_nasdaq/OSCR/OSCR_Monthly_20260905_070902.png'
rm 'charts/screenshots_nasdaq/OSCR/OSCR_Weekly_20260905_070902.png'
rm 'charts/screenshots_nasdaq/PCT/PCT_1H_20260905_074300.png'
rm 'charts/screenshots_nasdaq/PCT/PCT_4H_20260905_074300.png'
rm 'charts/screenshots_nasdaq/PCT/PCT_Daily_20260905_074300.png'
rm 'charts/screenshots_nasdaq/PCT/PCT_Monthly_20260905_074300.png'
rm 'charts/screenshots_nasdaq/PCT/PCT_Weekly_20260905_074300.png'
rm 'charts/screenshots_nasdaq/PFSI/PFSI_1H_20260905_072925.png'
rm 'charts/screenshots_nasdaq/PFSI/PFSI_4H_20260905_072925.png'
rm 'charts/screenshots_nasdaq/PFSI/PFSI_Daily_20260905_072925.png'
rm 'charts/screenshots_nasdaq/PFSI/PFSI_Monthly_20260905_072925.png'
rm 'charts/screenshots_nasdaq/PFSI/PFSI_Weekly_20260905_072925.png'
rm 'charts/screenshots_nasdaq/PL/PL_1H_20260905_072429.png'
rm 'charts/screenshots_nasdaq/PL/PL_4H_20260905_072429.png'
rm 'charts/screenshots_nasdaq/PL/PL_Daily_20260905_072429.png'
rm 'charts/screenshots_nasdaq/PL/PL_Monthly_20260905_072429.png'
rm 'charts/screenshots_nasdaq/PL/PL_Weekly_20260905_072429.png'
rm 'charts/screenshots_nasdaq/PLSE/PLSE_1H_20260905_070059.png'
rm 'charts/screenshots_nasdaq/PLSE/PLSE_4H_20260905_070059.png'
rm 'charts/screenshots_nasdaq/PLSE/PLSE_Daily_20260905_070059.png'
rm 'charts/screenshots_nasdaq/PLSE/PLSE_Monthly_20260905_070059.png'
rm 'charts/screenshots_nasdaq/PLSE/PLSE_Weekly_20260905_070059.png'
rm 'charts/screenshots_nasdaq/PSX/PSX_1H_20260905_071741.png'
rm 'charts/screenshots_nasdaq/PSX/PSX_4H_20260905_071741.png'
rm 'charts/screenshots_nasdaq/PSX/PSX_Daily_20260905_071741.png'
rm 'charts/screenshots_nasdaq/PSX/PSX_Monthly_20260905_071741.png'
rm 'charts/screenshots_nasdaq/PSX/PSX_Weekly_20260905_071741.png'
rm 'charts/screenshots_nasdaq/PZZA/PZZA_1H_20260905_072505.png'
rm 'charts/screenshots_nasdaq/PZZA/PZZA_4H_20260905_072505.png'
rm 'charts/screenshots_nasdaq/PZZA/PZZA_Daily_20260905_072505.png'
rm 'charts/screenshots_nasdaq/PZZA/PZZA_Monthly_20260905_072505.png'
rm 'charts/screenshots_nasdaq/PZZA/PZZA_Weekly_20260905_072505.png'
rm 'charts/screenshots_nasdaq/QBTS/QBTS_1H_20260905_073917.png'
rm 'charts/screenshots_nasdaq/QBTS/QBTS_4H_20260905_073917.png'
rm 'charts/screenshots_nasdaq/QBTS/QBTS_Daily_20260905_073917.png'
rm 'charts/screenshots_nasdaq/QBTS/QBTS_Monthly_20260905_073917.png'
rm 'charts/screenshots_nasdaq/QBTS/QBTS_Weekly_20260905_073917.png'
rm 'charts/screenshots_nasdaq/QFIN/QFIN_1H_20260905_075024.png'
rm 'charts/screenshots_nasdaq/QFIN/QFIN_4H_20260905_075024.png'
rm 'charts/screenshots_nasdaq/QFIN/QFIN_Daily_20260905_075024.png'
rm 'charts/screenshots_nasdaq/QFIN/QFIN_Monthly_20260905_075024.png'
rm 'charts/screenshots_nasdaq/QFIN/QFIN_Weekly_20260905_075024.png'
rm 'charts/screenshots_nasdaq/QUBT/QUBT_1H_20260905_074337.png'
rm 'charts/screenshots_nasdaq/QUBT/QUBT_4H_20260905_074337.png'
rm 'charts/screenshots_nasdaq/QUBT/QUBT_Daily_20260905_074337.png'
rm 'charts/screenshots_nasdaq/QUBT/QUBT_Monthly_20260905_074337.png'
rm 'charts/screenshots_nasdaq/QUBT/QUBT_Weekly_20260905_074337.png'
rm 'charts/screenshots_nasdaq/RGTI/RGTI_1H_20260905_074414.png'
rm 'charts/screenshots_nasdaq/RGTI/RGTI_4H_20260905_074414.png'
rm 'charts/screenshots_nasdaq/RGTI/RGTI_Daily_20260905_074414.png'
rm 'charts/screenshots_nasdaq/RGTI/RGTI_Monthly_20260905_074414.png'
rm 'charts/screenshots_nasdaq/RGTI/RGTI_Weekly_20260905_074414.png'
rm 'charts/screenshots_nasdaq/RKLB/RKLB_1H_20260905_073954.png'
rm 'charts/screenshots_nasdaq/RKLB/RKLB_4H_20260905_073954.png'
rm 'charts/screenshots_nasdaq/RKLB/RKLB_Daily_20260905_073954.png'
rm 'charts/screenshots_nasdaq/RKLB/RKLB_Monthly_20260905_073954.png'
rm 'charts/screenshots_nasdaq/RKLB/RKLB_Weekly_20260905_073954.png'
rm 'charts/screenshots_nasdaq/RUN/RUN_1H_20260905_073457.png'
rm 'charts/screenshots_nasdaq/RUN/RUN_4H_20260905_073457.png'
rm 'charts/screenshots_nasdaq/RUN/RUN_Daily_20260905_073457.png'
rm 'charts/screenshots_nasdaq/RUN/RUN_Monthly_20260905_073457.png'
rm 'charts/screenshots_nasdaq/RUN/RUN_Weekly_20260905_073457.png'
rm 'charts/screenshots_nasdaq/RZLV/RZLV_1H_20260905_072542.png'
rm 'charts/screenshots_nasdaq/RZLV/RZLV_4H_20260905_072542.png'
rm 'charts/screenshots_nasdaq/RZLV/RZLV_Daily_20260905_072542.png'
rm 'charts/screenshots_nasdaq/RZLV/RZLV_Monthly_20260905_072542.png'
rm 'charts/screenshots_nasdaq/RZLV/RZLV_Weekly_20260905_072542.png'
rm 'charts/screenshots_nasdaq/SATL/SATL_1H_20260905_074451.png'
rm 'charts/screenshots_nasdaq/SATL/SATL_4H_20260905_074451.png'
rm 'charts/screenshots_nasdaq/SATL/SATL_Daily_20260905_074451.png'
rm 'charts/screenshots_nasdaq/SATL/SATL_Monthly_20260905_074451.png'
rm 'charts/screenshots_nasdaq/SATL/SATL_Weekly_20260905_074451.png'
rm 'charts/screenshots_nasdaq/SBET/SBET_1H_20260905_070251.png'
rm 'charts/screenshots_nasdaq/SBET/SBET_4H_20260905_070251.png'
rm 'charts/screenshots_nasdaq/SBET/SBET_Daily_20260905_070251.png'
rm 'charts/screenshots_nasdaq/SBET/SBET_Monthly_20260905_070251.png'
rm 'charts/screenshots_nasdaq/SBET/SBET_Weekly_20260905_070251.png'
rm 'charts/screenshots_nasdaq/SBLK/SBLK_1H_20260905_071016.png'
rm 'charts/screenshots_nasdaq/SBLK/SBLK_4H_20260905_071016.png'
rm 'charts/screenshots_nasdaq/SBLK/SBLK_Daily_20260905_071016.png'
rm 'charts/screenshots_nasdaq/SBLK/SBLK_Monthly_20260905_071016.png'
rm 'charts/screenshots_nasdaq/SBLK/SBLK_Weekly_20260905_071016.png'
rm 'charts/screenshots_nasdaq/SLDE/SLDE_1H_20260905_065603.png'
rm 'charts/screenshots_nasdaq/SLDE/SLDE_4H_20260905_065603.png'
rm 'charts/screenshots_nasdaq/SLDE/SLDE_Daily_20260905_065603.png'
rm 'charts/screenshots_nasdaq/SLDE/SLDE_Monthly_20260905_065603.png'
rm 'charts/screenshots_nasdaq/SLDE/SLDE_Weekly_20260905_065603.png'
rm 'charts/screenshots_nasdaq/STUB/STUB_1H_20260905_072734.png'
rm 'charts/screenshots_nasdaq/STUB/STUB_4H_20260905_072734.png'
rm 'charts/screenshots_nasdaq/STUB/STUB_Daily_20260905_072734.png'
rm 'charts/screenshots_nasdaq/STUB/STUB_Monthly_20260905_072734.png'
rm 'charts/screenshots_nasdaq/STUB/STUB_Weekly_20260905_072734.png'
rm 'charts/screenshots_nasdaq/TARS/TARS_1H_20260905_071321.png'
rm 'charts/screenshots_nasdaq/TARS/TARS_4H_20260905_071321.png'
rm 'charts/screenshots_nasdaq/TARS/TARS_Daily_20260905_071321.png'
rm 'charts/screenshots_nasdaq/TARS/TARS_Monthly_20260905_071321.png'
rm 'charts/screenshots_nasdaq/TARS/TARS_Weekly_20260905_071321.png'
rm 'charts/screenshots_nasdaq/TBBB/TBBB_1H_20260905_070136.png'
rm 'charts/screenshots_nasdaq/TBBB/TBBB_4H_20260905_070136.png'
rm 'charts/screenshots_nasdaq/TBBB/TBBB_Daily_20260905_070136.png'
rm 'charts/screenshots_nasdaq/TBBB/TBBB_Monthly_20260905_070136.png'
rm 'charts/screenshots_nasdaq/TBBB/TBBB_Weekly_20260905_070136.png'
rm 'charts/screenshots_nasdaq/TEAM/TEAM_1H_20260905_065831.png'
rm 'charts/screenshots_nasdaq/TEAM/TEAM_4H_20260905_065831.png'
rm 'charts/screenshots_nasdaq/TEAM/TEAM_Daily_20260905_065831.png'
rm 'charts/screenshots_nasdaq/TEAM/TEAM_Monthly_20260905_065831.png'
rm 'charts/screenshots_nasdaq/TEAM/TEAM_Weekly_20260905_065831.png'
rm 'charts/screenshots_nasdaq/TNK/TNK_1H_20260905_071053.png'
rm 'charts/screenshots_nasdaq/TNK/TNK_4H_20260905_071053.png'
rm 'charts/screenshots_nasdaq/TNK/TNK_Daily_20260905_071053.png'
rm 'charts/screenshots_nasdaq/TNK/TNK_Monthly_20260905_071053.png'
rm 'charts/screenshots_nasdaq/TNK/TNK_Weekly_20260905_071053.png'
rm 'charts/screenshots_nasdaq/TRIP/TRIP_1H_20260905_075101.png'
rm 'charts/screenshots_nasdaq/TRIP/TRIP_4H_20260905_075101.png'
rm 'charts/screenshots_nasdaq/TRIP/TRIP_Daily_20260905_075101.png'
rm 'charts/screenshots_nasdaq/TRIP/TRIP_Monthly_20260905_075101.png'
rm 'charts/screenshots_nasdaq/TRIP/TRIP_Weekly_20260905_075101.png'
rm 'charts/screenshots_nasdaq/TRMD/TRMD_1H_20260905_065754.png'
rm 'charts/screenshots_nasdaq/TRMD/TRMD_4H_20260905_065754.png'
rm 'charts/screenshots_nasdaq/TRMD/TRMD_Daily_20260905_065754.png'
rm 'charts/screenshots_nasdaq/TRMD/TRMD_Monthly_20260905_065754.png'
rm 'charts/screenshots_nasdaq/TRMD/TRMD_Weekly_20260905_065754.png'
rm 'charts/screenshots_nasdaq/UGP/UGP_1H_20260905_072047.png'
rm 'charts/screenshots_nasdaq/UGP/UGP_4H_20260905_072047.png'
rm 'charts/screenshots_nasdaq/UGP/UGP_Daily_20260905_072047.png'
rm 'charts/screenshots_nasdaq/UGP/UGP_Monthly_20260905_072047.png'
rm 'charts/screenshots_nasdaq/UGP/UGP_Weekly_20260905_072047.png'
rm 'charts/screenshots_nasdaq/UPST/UPST_1H_20260905_074528.png'
rm 'charts/screenshots_nasdaq/UPST/UPST_4H_20260905_074528.png'
rm 'charts/screenshots_nasdaq/UPST/UPST_Daily_20260905_074528.png'
rm 'charts/screenshots_nasdaq/UPST/UPST_Monthly_20260905_074528.png'
rm 'charts/screenshots_nasdaq/UPST/UPST_Weekly_20260905_074528.png'
rm 'charts/screenshots_nasdaq/UTI/UTI_1H_20260905_075329.png'
rm 'charts/screenshots_nasdaq/UTI/UTI_4H_20260905_075329.png'
rm 'charts/screenshots_nasdaq/UTI/UTI_Daily_20260905_075329.png'
rm 'charts/screenshots_nasdaq/UTI/UTI_Monthly_20260905_075329.png'
rm 'charts/screenshots_nasdaq/UTI/UTI_Weekly_20260905_075329.png'
rm 'charts/screenshots_nasdaq/VLO/VLO_1H_20260905_065258.png'
rm 'charts/screenshots_nasdaq/VLO/VLO_4H_20260905_065258.png'
rm 'charts/screenshots_nasdaq/VLO/VLO_Daily_20260905_065258.png'
rm 'charts/screenshots_nasdaq/VLO/VLO_Monthly_20260905_065258.png'
rm 'charts/screenshots_nasdaq/VLO/VLO_Weekly_20260905_065258.png'
rm 'charts/screenshots_nasdaq/VNET/VNET_1H_20260905_074605.png'
rm 'charts/screenshots_nasdaq/VNET/VNET_4H_20260905_074605.png'
rm 'charts/screenshots_nasdaq/VNET/VNET_Daily_20260905_074605.png'
rm 'charts/screenshots_nasdaq/VNET/VNET_Monthly_20260905_074605.png'
rm 'charts/screenshots_nasdaq/VNET/VNET_Weekly_20260905_074605.png'
rm 'charts/screenshots_nasdaq/VPG/VPG_1H_20260905_075406.png'
rm 'charts/screenshots_nasdaq/VPG/VPG_4H_20260905_075406.png'
rm 'charts/screenshots_nasdaq/VPG/VPG_Daily_20260905_075406.png'
rm 'charts/screenshots_nasdaq/VPG/VPG_Monthly_20260905_075406.png'
rm 'charts/screenshots_nasdaq/VPG/VPG_Weekly_20260905_075406.png'
rm 'charts/screenshots_nasdaq/VXX/VXX_1H_20260905_072811.png'
rm 'charts/screenshots_nasdaq/VXX/VXX_4H_20260905_072811.png'
rm 'charts/screenshots_nasdaq/VXX/VXX_Daily_20260905_072811.png'
rm 'charts/screenshots_nasdaq/VXX/VXX_Monthly_20260905_072811.png'
rm 'charts/screenshots_nasdaq/VXX/VXX_Weekly_20260905_072811.png'
rm 'charts/screenshots_nasdaq/WING/WING_1H_20260905_074642.png'
rm 'charts/screenshots_nasdaq/WING/WING_4H_20260905_074642.png'
rm 'charts/screenshots_nasdaq/WING/WING_Daily_20260905_074642.png'
rm 'charts/screenshots_nasdaq/WING/WING_Monthly_20260905_074642.png'
rm 'charts/screenshots_nasdaq/WING/WING_Weekly_20260905_074642.png'
rm 'charts/screenshots_nasdaq/WIX/WIX_1H_20260905_071435.png'
rm 'charts/screenshots_nasdaq/WIX/WIX_4H_20260905_071435.png'
rm 'charts/screenshots_nasdaq/WIX/WIX_Daily_20260905_071435.png'
rm 'charts/screenshots_nasdaq/WIX/WIX_Monthly_20260905_071435.png'
rm 'charts/screenshots_nasdaq/WIX/WIX_Weekly_20260905_071435.png'
rm 'charts/screenshots_nasdaq/XHLD/XHLD_1H_20260905_070405.png'
rm 'charts/screenshots_nasdaq/XHLD/XHLD_4H_20260905_070405.png'
rm 'charts/screenshots_nasdaq/XHLD/XHLD_Daily_20260905_070405.png'
rm 'charts/screenshots_nasdaq/XHLD/XHLD_Monthly_20260905_070405.png'
rm 'charts/screenshots_nasdaq/XHLD/XHLD_Weekly_20260905_070405.png'
rm 'charts/screenshots_nasdaq/YJ/YJ_1H_20260905_071855.png'
rm 'charts/screenshots_nasdaq/YJ/YJ_4H_20260905_071855.png'
rm 'charts/screenshots_nasdaq/YJ/YJ_Daily_20260905_071855.png'
rm 'charts/screenshots_nasdaq/YJ/YJ_Monthly_20260905_071855.png'
rm 'charts/screenshots_nasdaq/YJ/YJ_Weekly_20260905_071855.png'
rm 'charts/screenshots_nasdaq/YSS/YSS_1H_20260905_073153.png'
rm 'charts/screenshots_nasdaq/YSS/YSS_4H_20260905_073153.png'
rm 'charts/screenshots_nasdaq/YSS/YSS_Daily_20260905_073153.png'
rm 'charts/screenshots_nasdaq/YSS/YSS_Monthly_20260905_073153.png'
rm 'charts/screenshots_nasdaq/YSS/YSS_Weekly_20260905_073153.png'
[main ac7af63] Update NASDAQ/NYSE chart screenshots 1788681863
 967 files changed, 0 insertions(+), 0 deletions(-)
 rename charts/screenshots_nasdaq/ALMS/{ALMS_1H_20260905_074719.png => ALMS_1H_20260906_075505.png} (55%)
 delete mode 100644 charts/screenshots_nasdaq/ALMS/ALMS_4H_20260905_074719.png
 create mode 100644 charts/screenshots_nasdaq/ALMS/ALMS_4H_20260906_075505.png
 delete mode 100644 charts/screenshots_nasdaq/ALMS/ALMS_Daily_20260905_074719.png
 create mode 100644 charts/screenshots_nasdaq/ALMS/ALMS_Daily_20260906_075505.png
 delete mode 100644 charts/screenshots_nasdaq/ALMS/ALMS_Monthly_20260905_074719.png
 create mode 100644 charts/screenshots_nasdaq/ALMS/ALMS_Monthly_20260906_075505.png
 delete mode 100644 charts/screenshots_nasdaq/ALMS/ALMS_Weekly_20260905_074719.png
 create mode 100644 charts/screenshots_nasdaq/ALMS/ALMS_Weekly_20260906_075505.png
 delete mode 100644 charts/screenshots_nasdaq/ANF/ANF_1H_20260905_070520.png
 create mode 100644 charts/screenshots_nasdaq/ANF/ANF_1H_20260906_071634.png
 delete mode 100644 charts/screenshots_nasdaq/ANF/ANF_4H_20260905_070520.png
 create mode 100644 charts/screenshots_nasdaq/ANF/ANF_4H_20260906_071634.png
 delete mode 100644 charts/screenshots_nasdaq/ANF/ANF_Daily_20260905_070520.png
 create mode 100644 charts/screenshots_nasdaq/ANF/ANF_Daily_20260906_071634.png
 delete mode 100644 charts/screenshots_nasdaq/ANF/ANF_Monthly_20260905_070520.png
 create mode 100644 charts/screenshots_nasdaq/ANF/ANF_Monthly_20260906_071634.png
 delete mode 100644 charts/screenshots_nasdaq/ANF/ANF_Weekly_20260905_070520.png
 create mode 100644 charts/screenshots_nasdaq/ANF/ANF_Weekly_20260906_071634.png
 delete mode 100644 charts/screenshots_nasdaq/ARRY/ARRY_1H_20260905_073534.png
 create mode 100644 charts/screenshots_nasdaq/ARRY/ARRY_1H_20260906_074435.png
 delete mode 100644 charts/screenshots_nasdaq/ARRY/ARRY_4H_20260905_073534.png
 create mode 100644 charts/screenshots_nasdaq/ARRY/ARRY_4H_20260906_074435.png
 delete mode 100644 charts/screenshots_nasdaq/ARRY/ARRY_Daily_20260905_073534.png
 create mode 100644 charts/screenshots_nasdaq/ARRY/ARRY_Daily_20260906_074435.png
 delete mode 100644 charts/screenshots_nasdaq/ARRY/ARRY_Monthly_20260905_073534.png
 create mode 100644 charts/screenshots_nasdaq/ARRY/ARRY_Monthly_20260906_074435.png
 delete mode 100644 charts/screenshots_nasdaq/ARRY/ARRY_Weekly_20260905_073534.png
 create mode 100644 charts/screenshots_nasdaq/ARRY/ARRY_Weekly_20260906_074435.png
 delete mode 100644 charts/screenshots_nasdaq/ARX/ARX_1H_20260905_070328.png
 create mode 100644 charts/screenshots_nasdaq/ARX/ARX_1H_20260906_071405.png
 delete mode 100644 charts/screenshots_nasdaq/ARX/ARX_4H_20260905_070328.png
 create mode 100644 charts/screenshots_nasdaq/ARX/ARX_4H_20260906_071405.png
 delete mode 100644 charts/screenshots_nasdaq/ARX/ARX_Daily_20260905_070328.png
 create mode 100644 charts/screenshots_nasdaq/ARX/ARX_Daily_20260906_071405.png
 delete mode 100644 charts/screenshots_nasdaq/ARX/ARX_Monthly_20260905_070328.png
 create mode 100644 charts/screenshots_nasdaq/ARX/ARX_Monthly_20260906_071405.png
 delete mode 100644 charts/screenshots_nasdaq/ARX/ARX_Weekly_20260905_070328.png
 create mode 100644 charts/screenshots_nasdaq/ARX/ARX_Weekly_20260906_071405.png
 rename charts/screenshots_nasdaq/ASST/{ASST_1H_20260905_070747.png => ASST_1H_20260906_071938.png} (71%)
 rename charts/screenshots_nasdaq/ASST/{ASST_4H_20260905_070747.png => ASST_4H_20260906_071938.png} (72%)
 delete mode 100644 charts/screenshots_nasdaq/ASST/ASST_Daily_20260905_070747.png
 create mode 100644 charts/screenshots_nasdaq/ASST/ASST_Daily_20260906_071938.png
 delete mode 100644 charts/screenshots_nasdaq/ASST/ASST_Monthly_20260905_070747.png
 create mode 100644 charts/screenshots_nasdaq/ASST/ASST_Monthly_20260906_071938.png
 delete mode 100644 charts/screenshots_nasdaq/ASST/ASST_Weekly_20260905_070747.png
 create mode 100644 charts/screenshots_nasdaq/ASST/ASST_Weekly_20260906_071938.png
 rename charts/screenshots_nasdaq/ATRC/{ATRC_1H_20260905_065717.png => ATRC_1H_20260906_070719.png} (75%)
 rename charts/screenshots_nasdaq/ATRC/{ATRC_4H_20260905_065717.png => ATRC_4H_20260906_070719.png} (56%)
 delete mode 100644 charts/screenshots_nasdaq/ATRC/ATRC_Daily_20260905_065717.png
 create mode 100644 charts/screenshots_nasdaq/ATRC/ATRC_Daily_20260906_070719.png
 delete mode 100644 charts/screenshots_nasdaq/ATRC/ATRC_Monthly_20260905_065717.png
 create mode 100644 charts/screenshots_nasdaq/ATRC/ATRC_Monthly_20260906_070719.png
 delete mode 100644 charts/screenshots_nasdaq/ATRC/ATRC_Weekly_20260905_065717.png
 create mode 100644 charts/screenshots_nasdaq/ATRC/ATRC_Weekly_20260906_070719.png
 delete mode 100644 charts/screenshots_nasdaq/AVAH/AVAH_1H_20260905_070557.png
 create mode 100644 charts/screenshots_nasdaq/AVAH/AVAH_1H_20260906_071711.png
 delete mode 100644 charts/screenshots_nasdaq/AVAH/AVAH_4H_20260905_070557.png
 create mode 100644 charts/screenshots_nasdaq/AVAH/AVAH_4H_20260906_071711.png
 delete mode 100644 charts/screenshots_nasdaq/AVAH/AVAH_Daily_20260905_070557.png
 create mode 100644 charts/screenshots_nasdaq/AVAH/AVAH_Daily_20260906_071711.png
 delete mode 100644 charts/screenshots_nasdaq/AVAH/AVAH_Monthly_20260905_070557.png
 create mode 100644 charts/screenshots_nasdaq/AVAH/AVAH_Monthly_20260906_071711.png
 delete mode 100644 charts/screenshots_nasdaq/AVAH/AVAH_Weekly_20260905_070557.png
 create mode 100644 charts/screenshots_nasdaq/AVAH/AVAH_Weekly_20260906_071711.png
 delete mode 100644 charts/screenshots_nasdaq/AVAV/AVAV_1H_20260905_072847.png
 create mode 100644 charts/screenshots_nasdaq/AVAV/AVAV_1H_20260906_074206.png
 delete mode 100644 charts/screenshots_nasdaq/AVAV/AVAV_4H_20260905_072847.png
 create mode 100644 charts/screenshots_nasdaq/AVAV/AVAV_4H_20260906_074206.png
 delete mode 100644 charts/screenshots_nasdaq/AVAV/AVAV_Daily_20260905_072847.png
 create mode 100644 charts/screenshots_nasdaq/AVAV/AVAV_Daily_20260906_074206.png
 delete mode 100644 charts/screenshots_nasdaq/AVAV/AVAV_Monthly_20260905_072847.png
 create mode 100644 charts/screenshots_nasdaq/AVAV/AVAV_Monthly_20260906_074206.png
 delete mode 100644 charts/screenshots_nasdaq/AVAV/AVAV_Weekly_20260905_072847.png
 create mode 100644 charts/screenshots_nasdaq/AVAV/AVAV_Weekly_20260906_074206.png
 delete mode 100644 charts/screenshots_nasdaq/BBAI/BBAI_1H_20260905_073612.png
 create mode 100644 charts/screenshots_nasdaq/BBAI/BBAI_1H_20260906_074704.png
 delete mode 100644 charts/screenshots_nasdaq/BBAI/BBAI_4H_20260905_073612.png
 create mode 100644 charts/screenshots_nasdaq/BBAI/BBAI_4H_20260906_074704.png
 delete mode 100644 charts/screenshots_nasdaq/BBAI/BBAI_Daily_20260905_073612.png
 create mode 100644 charts/screenshots_nasdaq/BBAI/BBAI_Daily_20260906_074704.png
 delete mode 100644 charts/screenshots_nasdaq/BBAI/BBAI_Monthly_20260905_073612.png
 create mode 100644 charts/screenshots_nasdaq/BBAI/BBAI_Monthly_20260906_074704.png
 delete mode 100644 charts/screenshots_nasdaq/BBAI/BBAI_Weekly_20260905_073612.png
 create mode 100644 charts/screenshots_nasdaq/BBAI/BBAI_Weekly_20260906_074704.png
 delete mode 100644 charts/screenshots_nasdaq/BBW/BBW_1H_20260905_074910.png
 create mode 100644 charts/screenshots_nasdaq/BBW/BBW_1H_20260906_075926.png
 delete mode 100644 charts/screenshots_nasdaq/BBW/BBW_4H_20260905_074910.png
 create mode 100644 charts/screenshots_nasdaq/BBW/BBW_4H_20260906_075926.png
 delete mode 100644 charts/screenshots_nasdaq/BBW/BBW_Daily_20260905_074910.png
 create mode 100644 charts/screenshots_nasdaq/BBW/BBW_Daily_20260906_075926.png
 delete mode 100644 charts/screenshots_nasdaq/BBW/BBW_Monthly_20260905_074910.png
 create mode 100644 charts/screenshots_nasdaq/BBW/BBW_Monthly_20260906_075926.png
 delete mode 100644 charts/screenshots_nasdaq/BBW/BBW_Weekly_20260905_074910.png
 create mode 100644 charts/screenshots_nasdaq/BBW/BBW_Weekly_20260906_075926.png
 rename charts/screenshots_nasdaq/BILI/{BILI_1H_20260905_072619.png => BILI_1H_20260906_073557.png} (72%)
 delete mode 100644 charts/screenshots_nasdaq/BILI/BILI_4H_20260905_072619.png
 create mode 100644 charts/screenshots_nasdaq/BILI/BILI_4H_20260906_073557.png
 delete mode 100644 charts/screenshots_nasdaq/BILI/BILI_Daily_20260905_072619.png
 create mode 100644 charts/screenshots_nasdaq/BILI/BILI_Daily_20260906_073557.png
 delete mode 100644 charts/screenshots_nasdaq/BILI/BILI_Monthly_20260905_072619.png
 create mode 100644 charts/screenshots_nasdaq/BILI/BILI_Monthly_20260906_073557.png
 delete mode 100644 charts/screenshots_nasdaq/BILI/BILI_Weekly_20260905_072619.png
 create mode 100644 charts/screenshots_nasdaq/BILI/BILI_Weekly_20260906_073557.png
 delete mode 100644 charts/screenshots_nasdaq/BLDR/BLDR_1H_20260905_072657.png
 create mode 100644 charts/screenshots_nasdaq/BLDR/BLDR_1H_20260906_075620.png
 delete mode 100644 charts/screenshots_nasdaq/BLDR/BLDR_4H_20260905_072657.png
 create mode 100644 charts/screenshots_nasdaq/BLDR/BLDR_4H_20260906_075620.png
 delete mode 100644 charts/screenshots_nasdaq/BLDR/BLDR_Daily_20260905_072657.png
 create mode 100644 charts/screenshots_nasdaq/BLDR/BLDR_Daily_20260906_075620.png
 delete mode 100644 charts/screenshots_nasdaq/BLDR/BLDR_Monthly_20260905_072657.png
 create mode 100644 charts/screenshots_nasdaq/BLDR/BLDR_Monthly_20260906_075620.png
 delete mode 100644 charts/screenshots_nasdaq/BLDR/BLDR_Weekly_20260905_072657.png
 create mode 100644 charts/screenshots_nasdaq/BLDR/BLDR_Weekly_20260906_075620.png
 delete mode 100644 charts/screenshots_nasdaq/BLTE/BLTE_1H_20260905_065448.png
 create mode 100644 charts/screenshots_nasdaq/BLTE/BLTE_1H_20260906_071442.png
 rename charts/screenshots_nasdaq/BLTE/{BLTE_4H_20260905_065448.png => BLTE_4H_20260906_071442.png} (69%)
 delete mode 100644 charts/screenshots_nasdaq/BLTE/BLTE_Daily_20260905_065448.png
 create mode 100644 charts/screenshots_nasdaq/BLTE/BLTE_Daily_20260906_071442.png
 delete mode 100644 charts/screenshots_nasdaq/BLTE/BLTE_Monthly_20260905_065448.png
 create mode 100644 charts/screenshots_nasdaq/BLTE/BLTE_Monthly_20260906_071442.png
 delete mode 100644 charts/screenshots_nasdaq/BLTE/BLTE_Weekly_20260905_065448.png
 create mode 100644 charts/screenshots_nasdaq/BLTE/BLTE_Weekly_20260906_071442.png
 delete mode 100644 charts/screenshots_nasdaq/BMNR/BMNR_1H_20260905_065640.png
 create mode 100644 charts/screenshots_nasdaq/BMNR/BMNR_1H_20260906_070605.png
 delete mode 100644 charts/screenshots_nasdaq/BMNR/BMNR_4H_20260905_065640.png
 create mode 100644 charts/screenshots_nasdaq/BMNR/BMNR_4H_20260906_070605.png
 delete mode 100644 charts/screenshots_nasdaq/BMNR/BMNR_Daily_20260905_065640.png
 create mode 100644 charts/screenshots_nasdaq/BMNR/BMNR_Daily_20260906_070605.png
 delete mode 100644 charts/screenshots_nasdaq/BMNR/BMNR_Monthly_20260905_065640.png
 create mode 100644 charts/screenshots_nasdaq/BMNR/BMNR_Monthly_20260906_070605.png
 delete mode 100644 charts/screenshots_nasdaq/BMNR/BMNR_Weekly_20260905_065640.png
 create mode 100644 charts/screenshots_nasdaq/BMNR/BMNR_Weekly_20260906_070605.png
 delete mode 100644 charts/screenshots_nasdaq/BOXL/BOXL_1H_20260905_071933.png
 create mode 100644 charts/screenshots_nasdaq/BOXL/BOXL_1H_20260906_072935.png
 delete mode 100644 charts/screenshots_nasdaq/BOXL/BOXL_4H_20260905_071933.png
 create mode 100644 charts/screenshots_nasdaq/BOXL/BOXL_4H_20260906_072935.png
 delete mode 100644 charts/screenshots_nasdaq/BOXL/BOXL_Daily_20260905_071933.png
 create mode 100644 charts/screenshots_nasdaq/BOXL/BOXL_Daily_20260906_072935.png
 delete mode 100644 charts/screenshots_nasdaq/BOXL/BOXL_Monthly_20260905_071933.png
 create mode 100644 charts/screenshots_nasdaq/BOXL/BOXL_Monthly_20260906_072935.png
 delete mode 100644 charts/screenshots_nasdaq/BOXL/BOXL_Weekly_20260905_071933.png
 create mode 100644 charts/screenshots_nasdaq/BOXL/BOXL_Weekly_20260906_072935.png
 delete mode 100644 charts/screenshots_nasdaq/BW/BW_1H_20260905_075443.png
 create mode 100644 charts/screenshots_nasdaq/BW/BW_1H_20260906_080344.png
 delete mode 100644 charts/screenshots_nasdaq/BW/BW_4H_20260905_075443.png
 create mode 100644 charts/screenshots_nasdaq/BW/BW_4H_20260906_080344.png
 delete mode 100644 charts/screenshots_nasdaq/BW/BW_Daily_20260905_075443.png
 create mode 100644 charts/screenshots_nasdaq/BW/BW_Daily_20260906_080344.png
 delete mode 100644 charts/screenshots_nasdaq/BW/BW_Monthly_20260905_075443.png
 create mode 100644 charts/screenshots_nasdaq/BW/BW_Monthly_20260906_080344.png
 delete mode 100644 charts/screenshots_nasdaq/BW/BW_Weekly_20260905_075443.png
 create mode 100644 charts/screenshots_nasdaq/BW/BW_Weekly_20260906_080344.png
 delete mode 100644 charts/screenshots_nasdaq/BYND/BYND_1H_20260905_073420.png
 delete mode 100644 charts/screenshots_nasdaq/BYND/BYND_4H_20260905_073420.png
 delete mode 100644 charts/screenshots_nasdaq/BYND/BYND_Daily_20260905_073420.png
 delete mode 100644 charts/screenshots_nasdaq/BYND/BYND_Monthly_20260905_073420.png
 delete mode 100644 charts/screenshots_nasdaq/BYND/BYND_Weekly_20260905_073420.png
 delete mode 100644 charts/screenshots_nasdaq/CAR/CAR_1H_20260905_073649.png
 create mode 100644 charts/screenshots_nasdaq/CAR/CAR_1H_20260906_074741.png
 delete mode 100644 charts/screenshots_nasdaq/CAR/CAR_4H_20260905_073649.png
 create mode 100644 charts/screenshots_nasdaq/CAR/CAR_4H_20260906_074741.png
 delete mode 100644 charts/screenshots_nasdaq/CAR/CAR_Daily_20260905_073649.png
 create mode 100644 charts/screenshots_nasdaq/CAR/CAR_Daily_20260906_074741.png
 delete mode 100644 charts/screenshots_nasdaq/CAR/CAR_Monthly_20260905_073649.png
 create mode 100644 charts/screenshots_nasdaq/CAR/CAR_Monthly_20260906_074741.png
 delete mode 100644 charts/screenshots_nasdaq/CAR/CAR_Weekly_20260905_073649.png
 create mode 100644 charts/screenshots_nasdaq/CAR/CAR_Weekly_20260906_074741.png
 delete mode 100644 charts/screenshots_nasdaq/CDNL/CDNL_1H_20260905_074756.png
 create mode 100644 charts/screenshots_nasdaq/CDNL/CDNL_1H_20260906_075542.png
 delete mode 100644 charts/screenshots_nasdaq/CDNL/CDNL_4H_20260905_074756.png
 create mode 100644 charts/screenshots_nasdaq/CDNL/CDNL_4H_20260906_075542.png
 delete mode 100644 charts/screenshots_nasdaq/CDNL/CDNL_Daily_20260905_074756.png
 create mode 100644 charts/screenshots_nasdaq/CDNL/CDNL_Daily_20260906_075542.png
 delete mode 100644 charts/screenshots_nasdaq/CDNL/CDNL_Monthly_20260905_074756.png
 create mode 100644 charts/screenshots_nasdaq/CDNL/CDNL_Monthly_20260906_075542.png
 delete mode 100644 charts/screenshots_nasdaq/CDNL/CDNL_Weekly_20260905_074756.png
 create mode 100644 charts/screenshots_nasdaq/CDNL/CDNL_Weekly_20260906_075542.png
 create mode 100644 charts/screenshots_nasdaq/CELH/CELH_1H_20260906_073330.png
 create mode 100644 charts/screenshots_nasdaq/CELH/CELH_4H_20260906_073330.png
 create mode 100644 charts/screenshots_nasdaq/CELH/CELH_Daily_20260906_073330.png
 create mode 100644 charts/screenshots_nasdaq/CELH/CELH_Monthly_20260906_073330.png
 create mode 100644 charts/screenshots_nasdaq/CELH/CELH_Weekly_20260906_073330.png
 delete mode 100644 charts/screenshots_nasdaq/CLMT/CLMT_1H_20260905_071207.png
 create mode 100644 charts/screenshots_nasdaq/CLMT/CLMT_1H_20260906_072515.png
 delete mode 100644 charts/screenshots_nasdaq/CLMT/CLMT_4H_20260905_071207.png
 create mode 100644 charts/screenshots_nasdaq/CLMT/CLMT_4H_20260906_072515.png
 delete mode 100644 charts/screenshots_nasdaq/CLMT/CLMT_Daily_20260905_071207.png
 create mode 100644 charts/screenshots_nasdaq/CLMT/CLMT_Daily_20260906_072515.png
 delete mode 100644 charts/screenshots_nasdaq/CLMT/CLMT_Monthly_20260905_071207.png
 create mode 100644 charts/screenshots_nasdaq/CLMT/CLMT_Monthly_20260906_072515.png
 delete mode 100644 charts/screenshots_nasdaq/CLMT/CLMT_Weekly_20260905_071207.png
 create mode 100644 charts/screenshots_nasdaq/CLMT/CLMT_Weekly_20260906_072515.png
 delete mode 100644 charts/screenshots_nasdaq/CNH/CNH_1H_20260905_072352.png
 delete mode 100644 charts/screenshots_nasdaq/CNH/CNH_4H_20260905_072352.png
 delete mode 100644 charts/screenshots_nasdaq/CNH/CNH_Daily_20260905_072352.png
 delete mode 100644 charts/screenshots_nasdaq/CNH/CNH_Monthly_20260905_072352.png
 delete mode 100644 charts/screenshots_nasdaq/CNH/CNH_Weekly_20260905_072352.png
 delete mode 100644 charts/screenshots_nasdaq/COIN/COIN_1H_20260905_070442.png
 create mode 100644 charts/screenshots_nasdaq/COIN/COIN_1H_20260906_072858.png
 delete mode 100644 charts/screenshots_nasdaq/COIN/COIN_4H_20260905_070442.png
 create mode 100644 charts/screenshots_nasdaq/COIN/COIN_4H_20260906_072858.png
 delete mode 100644 charts/screenshots_nasdaq/COIN/COIN_Daily_20260905_070442.png
 create mode 100644 charts/screenshots_nasdaq/COIN/COIN_Daily_20260906_072858.png
 delete mode 100644 charts/screenshots_nasdaq/COIN/COIN_Monthly_20260905_070442.png
 create mode 100644 charts/screenshots_nasdaq/COIN/COIN_Monthly_20260906_072858.png
 delete mode 100644 charts/screenshots_nasdaq/COIN/COIN_Weekly_20260905_070442.png
 create mode 100644 charts/screenshots_nasdaq/COIN/COIN_Weekly_20260906_072858.png
 delete mode 100644 charts/screenshots_nasdaq/COLL/COLL_1H_20260905_074833.png
 create mode 100644 charts/screenshots_nasdaq/COLL/COLL_1H_20260906_075657.png
 delete mode 100644 charts/screenshots_nasdaq/COLL/COLL_4H_20260905_074833.png
 create mode 100644 charts/screenshots_nasdaq/COLL/COLL_4H_20260906_075657.png
 delete mode 100644 charts/screenshots_nasdaq/COLL/COLL_Daily_20260905_074833.png
 create mode 100644 charts/screenshots_nasdaq/COLL/COLL_Daily_20260906_075657.png
 delete mode 100644 charts/screenshots_nasdaq/COLL/COLL_Monthly_20260905_074833.png
 create mode 100644 charts/screenshots_nasdaq/COLL/COLL_Monthly_20260906_075657.png
 delete mode 100644 charts/screenshots_nasdaq/COLL/COLL_Weekly_20260905_074833.png
 create mode 100644 charts/screenshots_nasdaq/COLL/COLL_Weekly_20260906_075657.png
 delete mode 100644 charts/screenshots_nasdaq/CPRI/CPRI_1H_20260905_073002.png
 delete mode 100644 charts/screenshots_nasdaq/CPRI/CPRI_4H_20260905_073002.png
 delete mode 100644 charts/screenshots_nasdaq/CPRI/CPRI_Daily_20260905_073002.png
 delete mode 100644 charts/screenshots_nasdaq/CPRI/CPRI_Monthly_20260905_073002.png
 delete mode 100644 charts/screenshots_nasdaq/CPRI/CPRI_Weekly_20260905_073002.png
 rename charts/screenshots_nasdaq/CRE/{CRE_1H_20260905_072124.png => CRE_1H_20260906_073050.png} (100%)
 delete mode 100644 charts/screenshots_nasdaq/CRE/CRE_4H_20260905_072124.png
 create mode 100644 charts/screenshots_nasdaq/CRE/CRE_4H_20260906_073050.png
 delete mode 100644 charts/screenshots_nasdaq/CRE/CRE_Daily_20260905_072124.png
 create mode 100644 charts/screenshots_nasdaq/CRE/CRE_Daily_20260906_073050.png
 delete mode 100644 charts/screenshots_nasdaq/CRE/CRE_Monthly_20260905_072124.png
 create mode 100644 charts/screenshots_nasdaq/CRE/CRE_Monthly_20260906_073050.png
 delete mode 100644 charts/screenshots_nasdaq/CRE/CRE_Weekly_20260905_072124.png
 create mode 100644 charts/screenshots_nasdaq/CRE/CRE_Weekly_20260906_073050.png
 delete mode 100644 charts/screenshots_nasdaq/CRM/CRM_1H_20260905_072010.png
 create mode 100644 charts/screenshots_nasdaq/CRM/CRM_1H_20260906_072821.png
 delete mode 100644 charts/screenshots_nasdaq/CRM/CRM_4H_20260905_072010.png
 create mode 100644 charts/screenshots_nasdaq/CRM/CRM_4H_20260906_072821.png
 delete mode 100644 charts/screenshots_nasdaq/CRM/CRM_Daily_20260905_072010.png
 create mode 100644 charts/screenshots_nasdaq/CRM/CRM_Daily_20260906_072821.png
 delete mode 100644 charts/screenshots_nasdaq/CRM/CRM_Monthly_20260905_072010.png
 create mode 100644 charts/screenshots_nasdaq/CRM/CRM_Monthly_20260906_072821.png
 delete mode 100644 charts/screenshots_nasdaq/CRM/CRM_Weekly_20260905_072010.png
 create mode 100644 charts/screenshots_nasdaq/CRM/CRM_Weekly_20260906_072821.png
 delete mode 100644 charts/screenshots_nasdaq/CSIQ/CSIQ_1H_20260905_074031.png
 create mode 100644 charts/screenshots_nasdaq/CSIQ/CSIQ_1H_20260906_074818.png
 delete mode 100644 charts/screenshots_nasdaq/CSIQ/CSIQ_4H_20260905_074031.png
 create mode 100644 charts/screenshots_nasdaq/CSIQ/CSIQ_4H_20260906_074818.png
 delete mode 100644 charts/screenshots_nasdaq/CSIQ/CSIQ_Daily_20260905_074031.png
 create mode 100644 charts/screenshots_nasdaq/CSIQ/CSIQ_Daily_20260906_074818.png
 delete mode 100644 charts/screenshots_nasdaq/CSIQ/CSIQ_Monthly_20260905_074031.png
 create mode 100644 charts/screenshots_nasdaq/CSIQ/CSIQ_Monthly_20260906_074818.png
 delete mode 100644 charts/screenshots_nasdaq/CSIQ/CSIQ_Weekly_20260905_074031.png
 create mode 100644 charts/screenshots_nasdaq/CSIQ/CSIQ_Weekly_20260906_074818.png
 delete mode 100644 charts/screenshots_nasdaq/CTRI/CTRI_1H_20260905_075138.png
 create mode 100644 charts/screenshots_nasdaq/CTRI/CTRI_1H_20260906_080002.png
 delete mode 100644 charts/screenshots_nasdaq/CTRI/CTRI_4H_20260905_075138.png
 create mode 100644 charts/screenshots_nasdaq/CTRI/CTRI_4H_20260906_080002.png
 delete mode 100644 charts/screenshots_nasdaq/CTRI/CTRI_Daily_20260905_075138.png
 create mode 100644 charts/screenshots_nasdaq/CTRI/CTRI_Daily_20260906_080002.png
 delete mode 100644 charts/screenshots_nasdaq/CTRI/CTRI_Monthly_20260905_075138.png
 create mode 100644 charts/screenshots_nasdaq/CTRI/CTRI_Monthly_20260906_080002.png
 delete mode 100644 charts/screenshots_nasdaq/CTRI/CTRI_Weekly_20260905_075138.png
 create mode 100644 charts/screenshots_nasdaq/CTRI/CTRI_Weekly_20260906_080002.png
 delete mode 100644 charts/screenshots_nasdaq/CVI/CVI_1H_20260905_070634.png
 create mode 100644 charts/screenshots_nasdaq/CVI/CVI_1H_20260906_071251.png
 delete mode 100644 charts/screenshots_nasdaq/CVI/CVI_4H_20260905_070634.png
 create mode 100644 charts/screenshots_nasdaq/CVI/CVI_4H_20260906_071251.png
 delete mode 100644 charts/screenshots_nasdaq/CVI/CVI_Daily_20260905_070634.png
 create mode 100644 charts/screenshots_nasdaq/CVI/CVI_Daily_20260906_071251.png
 delete mode 100644 charts/screenshots_nasdaq/CVI/CVI_Monthly_20260905_070634.png
 create mode 100644 charts/screenshots_nasdaq/CVI/CVI_Monthly_20260906_071251.png
 delete mode 100644 charts/screenshots_nasdaq/CVI/CVI_Weekly_20260905_070634.png
 create mode 100644 charts/screenshots_nasdaq/CVI/CVI_Weekly_20260906_071251.png
 rename charts/screenshots_nasdaq/DHT/{DHT_1H_20260905_065411.png => DHT_1H_20260906_070335.png} (76%)
 delete mode 100644 charts/screenshots_nasdaq/DHT/DHT_4H_20260905_065411.png
 create mode 100644 charts/screenshots_nasdaq/DHT/DHT_4H_20260906_070335.png
 delete mode 100644 charts/screenshots_nasdaq/DHT/DHT_Daily_20260905_065411.png
 create mode 100644 charts/screenshots_nasdaq/DHT/DHT_Daily_20260906_070335.png
 delete mode 100644 charts/screenshots_nasdaq/DHT/DHT_Monthly_20260905_065411.png
 create mode 100644 charts/screenshots_nasdaq/DHT/DHT_Monthly_20260906_070335.png
 delete mode 100644 charts/screenshots_nasdaq/DHT/DHT_Weekly_20260905_065411.png
 create mode 100644 charts/screenshots_nasdaq/DHT/DHT_Weekly_20260906_070335.png
 delete mode 100644 charts/screenshots_nasdaq/DINO/DINO_1H_20260905_070711.png
 create mode 100644 charts/screenshots_nasdaq/DINO/DINO_1H_20260906_071329.png
 rename charts/screenshots_nasdaq/DINO/{DINO_4H_20260905_070711.png => DINO_4H_20260906_071329.png} (100%)
 delete mode 100644 charts/screenshots_nasdaq/DINO/DINO_Daily_20260905_070711.png
 create mode 100644 charts/screenshots_nasdaq/DINO/DINO_Daily_20260906_071329.png
 delete mode 100644 charts/screenshots_nasdaq/DINO/DINO_Monthly_20260905_070711.png
 create mode 100644 charts/screenshots_nasdaq/DINO/DINO_Monthly_20260906_071329.png
 delete mode 100644 charts/screenshots_nasdaq/DINO/DINO_Weekly_20260905_070711.png
 create mode 100644 charts/screenshots_nasdaq/DINO/DINO_Weekly_20260906_071329.png
 delete mode 100644 charts/screenshots_nasdaq/DUOL/DUOL_1H_20260905_070825.png
 create mode 100644 charts/screenshots_nasdaq/DUOL/DUOL_1H_20260906_071520.png
 delete mode 100644 charts/screenshots_nasdaq/DUOL/DUOL_4H_20260905_070825.png
 create mode 100644 charts/screenshots_nasdaq/DUOL/DUOL_4H_20260906_071520.png
 rename charts/screenshots_nasdaq/DUOL/{DUOL_Daily_20260905_070825.png => DUOL_Daily_20260906_071520.png} (64%)
 delete mode 100644 charts/screenshots_nasdaq/DUOL/DUOL_Monthly_20260905_070825.png
 create mode 100644 charts/screenshots_nasdaq/DUOL/DUOL_Monthly_20260906_071520.png
 delete mode 100644 charts/screenshots_nasdaq/DUOL/DUOL_Weekly_20260905_070825.png
 create mode 100644 charts/screenshots_nasdaq/DUOL/DUOL_Weekly_20260906_071520.png
 rename charts/screenshots_nasdaq/DXYZ/{DXYZ_1H_20260905_071627.png => DXYZ_1H_20260906_072437.png} (100%)
 rename charts/screenshots_nasdaq/DXYZ/{DXYZ_4H_20260905_071627.png => DXYZ_4H_20260906_072437.png} (100%)
 delete mode 100644 charts/screenshots_nasdaq/DXYZ/DXYZ_Daily_20260905_071627.png
 create mode 100644 charts/screenshots_nasdaq/DXYZ/DXYZ_Daily_20260906_072437.png
 delete mode 100644 charts/screenshots_nasdaq/DXYZ/DXYZ_Monthly_20260905_071627.png
 create mode 100644 charts/screenshots_nasdaq/DXYZ/DXYZ_Monthly_20260906_072437.png
 delete mode 100644 charts/screenshots_nasdaq/DXYZ/DXYZ_Weekly_20260905_071627.png
 create mode 100644 charts/screenshots_nasdaq/DXYZ/DXYZ_Weekly_20260906_072437.png
 rename charts/screenshots_nasdaq/ECO/{ECO_1H_20260905_070939.png => ECO_1H_20260906_071748.png} (100%)
 delete mode 100644 charts/screenshots_nasdaq/ECO/ECO_4H_20260905_070939.png
 create mode 100644 charts/screenshots_nasdaq/ECO/ECO_4H_20260906_071748.png
 delete mode 100644 charts/screenshots_nasdaq/ECO/ECO_Daily_20260905_070939.png
 create mode 100644 charts/screenshots_nasdaq/ECO/ECO_Daily_20260906_071748.png
 delete mode 100644 charts/screenshots_nasdaq/ECO/ECO_Monthly_20260905_070939.png
 create mode 100644 charts/screenshots_nasdaq/ECO/ECO_Monthly_20260906_071748.png
 delete mode 100644 charts/screenshots_nasdaq/ECO/ECO_Weekly_20260905_070939.png
 create mode 100644 charts/screenshots_nasdaq/ECO/ECO_Weekly_20260906_071748.png
 delete mode 100644 charts/screenshots_nasdaq/FCEL/FCEL_1H_20260905_075520.png
 create mode 100644 charts/screenshots_nasdaq/FCEL/FCEL_1H_20260906_080308.png
 delete mode 100644 charts/screenshots_nasdaq/FCEL/FCEL_4H_20260905_075520.png
 create mode 100644 charts/screenshots_nasdaq/FCEL/FCEL_4H_20260906_080308.png
 delete mode 100644 charts/screenshots_nasdaq/FCEL/FCEL_Daily_20260905_075520.png
 create mode 100644 charts/screenshots_nasdaq/FCEL/FCEL_Daily_20260906_080308.png
 delete mode 100644 charts/screenshots_nasdaq/FCEL/FCEL_Monthly_20260905_075520.png
 create mode 100644 charts/screenshots_nasdaq/FCEL/FCEL_Monthly_20260906_080308.png
 delete mode 100644 charts/screenshots_nasdaq/FCEL/FCEL_Weekly_20260905_075520.png
 create mode 100644 charts/screenshots_nasdaq/FCEL/FCEL_Weekly_20260906_080308.png
 delete mode 100644 charts/screenshots_nasdaq/FIG/FIG_1H_20260905_071358.png
 create mode 100644 charts/screenshots_nasdaq/FIG/FIG_1H_20260906_072207.png
 rename charts/screenshots_nasdaq/FIG/{FIG_4H_20260905_071358.png => FIG_4H_20260906_072207.png} (100%)
 delete mode 100644 charts/screenshots_nasdaq/FIG/FIG_Daily_20260905_071358.png
 create mode 100644 charts/screenshots_nasdaq/FIG/FIG_Daily_20260906_072207.png
 delete mode 100644 charts/screenshots_nasdaq/FIG/FIG_Monthly_20260905_071358.png
 create mode 100644 charts/screenshots_nasdaq/FIG/FIG_Monthly_20260906_072207.png
 delete mode 100644 charts/screenshots_nasdaq/FIG/FIG_Weekly_20260905_071358.png
 create mode 100644 charts/screenshots_nasdaq/FIG/FIG_Weekly_20260906_072207.png
 delete mode 100644 charts/screenshots_nasdaq/FIGR/FIGR_1H_20260905_071130.png
 create mode 100644 charts/screenshots_nasdaq/FIGR/FIGR_1H_20260906_072016.png
 delete mode 100644 charts/screenshots_nasdaq/FIGR/FIGR_4H_20260905_071130.png
 create mode 100644 charts/screenshots_nasdaq/FIGR/FIGR_4H_20260906_072016.png
 delete mode 100644 charts/screenshots_nasdaq/FIGR/FIGR_Daily_20260905_071130.png
 create mode 100644 charts/screenshots_nasdaq/FIGR/FIGR_Daily_20260906_072016.png
 delete mode 100644 charts/screenshots_nasdaq/FIGR/FIGR_Monthly_20260905_071130.png
 create mode 100644 charts/screenshots_nasdaq/FIGR/FIGR_Monthly_20260906_072016.png
 rename charts/screenshots_nasdaq/FIGR/{FIGR_Weekly_20260905_071130.png => FIGR_Weekly_20260906_072016.png} (100%)
 delete mode 100644 charts/screenshots_nasdaq/FLNC/FLNC_1H_20260905_073230.png
 create mode 100644 charts/screenshots_nasdaq/FLNC/FLNC_1H_20260906_074014.png
 delete mode 100644 charts/screenshots_nasdaq/FLNC/FLNC_4H_20260905_073230.png
 create mode 100644 charts/screenshots_nasdaq/FLNC/FLNC_4H_20260906_074014.png
 delete mode 100644 charts/screenshots_nasdaq/FLNC/FLNC_Daily_20260905_073230.png
 create mode 100644 charts/screenshots_nasdaq/FLNC/FLNC_Daily_20260906_074014.png
 delete mode 100644 charts/screenshots_nasdaq/FLNC/FLNC_Monthly_20260905_073230.png
 create mode 100644 charts/screenshots_nasdaq/FLNC/FLNC_Monthly_20260906_074014.png
 delete mode 100644 charts/screenshots_nasdaq/FLNC/FLNC_Weekly_20260905_073230.png
 create mode 100644 charts/screenshots_nasdaq/FLNC/FLNC_Weekly_20260906_074014.png
 rename charts/screenshots_nasdaq/FPS/{FPS_1H_20260905_073116.png => FPS_1H_20260906_073900.png} (100%)
 delete mode 100644 charts/screenshots_nasdaq/FPS/FPS_4H_20260905_073116.png
 create mode 100644 charts/screenshots_nasdaq/FPS/FPS_4H_20260906_073900.png
 delete mode 100644 charts/screenshots_nasdaq/FPS/FPS_Daily_20260905_073116.png
 create mode 100644 charts/screenshots_nasdaq/FPS/FPS_Daily_20260906_073900.png
 delete mode 100644 charts/screenshots_nasdaq/FPS/FPS_Monthly_20260905_073116.png
 create mode 100644 charts/screenshots_nasdaq/FPS/FPS_Monthly_20260906_073900.png
 delete mode 100644 charts/screenshots_nasdaq/FPS/FPS_Weekly_20260905_073116.png
 create mode 100644 charts/screenshots_nasdaq/FPS/FPS_Weekly_20260906_073900.png
 delete mode 100644 charts/screenshots_nasdaq/FRMI/FRMI_1H_20260905_074108.png
 create mode 100644 charts/screenshots_nasdaq/FRMI/FRMI_1H_20260906_074855.png
 delete mode 100644 charts/screenshots_nasdaq/FRMI/FRMI_4H_20260905_074108.png
 create mode 100644 charts/screenshots_nasdaq/FRMI/FRMI_4H_20260906_074855.png
 delete mode 100644 charts/screenshots_nasdaq/FRMI/FRMI_Daily_20260905_074108.png
 create mode 100644 charts/screenshots_nasdaq/FRMI/FRMI_Daily_20260906_074855.png
 delete mode 100644 charts/screenshots_nasdaq/FRMI/FRMI_Monthly_20260905_074108.png
 create mode 100644 charts/screenshots_nasdaq/FRMI/FRMI_Monthly_20260906_074855.png
 rename charts/screenshots_nasdaq/FRMI/{FRMI_Weekly_20260905_074108.png => FRMI_Weekly_20260906_074855.png} (53%)
 delete mode 100644 charts/screenshots_nasdaq/FRO/FRO_1H_20260905_065335.png
 create mode 100644 charts/screenshots_nasdaq/FRO/FRO_1H_20260906_070259.png
 delete mode 100644 charts/screenshots_nasdaq/FRO/FRO_4H_20260905_065335.png
 create mode 100644 charts/screenshots_nasdaq/FRO/FRO_4H_20260906_070259.png
 delete mode 100644 charts/screenshots_nasdaq/FRO/FRO_Daily_20260905_065335.png
 create mode 100644 charts/screenshots_nasdaq/FRO/FRO_Daily_20260906_070259.png
 delete mode 100644 charts/screenshots_nasdaq/FRO/FRO_Monthly_20260905_065335.png
 create mode 100644 charts/screenshots_nasdaq/FRO/FRO_Monthly_20260906_070259.png
 delete mode 100644 charts/screenshots_nasdaq/FRO/FRO_Weekly_20260905_065335.png
 create mode 100644 charts/screenshots_nasdaq/FRO/FRO_Weekly_20260906_070259.png
 delete mode 100644 charts/screenshots_nasdaq/GTLB/GTLB_1H_20260905_071550.png
 create mode 100644 charts/screenshots_nasdaq/GTLB/GTLB_1H_20260906_072400.png
 delete mode 100644 charts/screenshots_nasdaq/GTLB/GTLB_4H_20260905_071550.png
 create mode 100644 charts/screenshots_nasdaq/GTLB/GTLB_4H_20260906_072400.png
 delete mode 100644 charts/screenshots_nasdaq/GTLB/GTLB_Daily_20260905_071550.png
 create mode 100644 charts/screenshots_nasdaq/GTLB/GTLB_Daily_20260906_072400.png
 delete mode 100644 charts/screenshots_nasdaq/GTLB/GTLB_Monthly_20260905_071550.png
 create mode 100644 charts/screenshots_nasdaq/GTLB/GTLB_Monthly_20260906_072400.png
 delete mode 100644 charts/screenshots_nasdaq/GTLB/GTLB_Weekly_20260905_071550.png
 create mode 100644 charts/screenshots_nasdaq/GTLB/GTLB_Weekly_20260906_072400.png
 delete mode 100644 charts/screenshots_nasdaq/HIMS/HIMS_1H_20260905_072201.png
 create mode 100644 charts/screenshots_nasdaq/HIMS/HIMS_1H_20260906_073138.png
 delete mode 100644 charts/screenshots_nasdaq/HIMS/HIMS_4H_20260905_072201.png
 create mode 100644 charts/screenshots_nasdaq/HIMS/HIMS_4H_20260906_073138.png
 delete mode 100644 charts/screenshots_nasdaq/HIMS/HIMS_Daily_20260905_072201.png
 create mode 100644 charts/screenshots_nasdaq/HIMS/HIMS_Daily_20260906_073138.png
 delete mode 100644 charts/screenshots_nasdaq/HIMS/HIMS_Monthly_20260905_072201.png
 create mode 100644 charts/screenshots_nasdaq/HIMS/HIMS_Monthly_20260906_073138.png
 delete mode 100644 charts/screenshots_nasdaq/HIMS/HIMS_Weekly_20260905_072201.png
 create mode 100644 charts/screenshots_nasdaq/HIMS/HIMS_Weekly_20260906_073138.png
 delete mode 100644 charts/screenshots_nasdaq/HUBS/HUBS_1H_20260905_072315.png
 create mode 100644 charts/screenshots_nasdaq/HUBS/HUBS_1H_20260906_073252.png
 rename charts/screenshots_nasdaq/HUBS/{HUBS_4H_20260905_072315.png => HUBS_4H_20260906_073252.png} (100%)
 delete mode 100644 charts/screenshots_nasdaq/HUBS/HUBS_Daily_20260905_072315.png
 create mode 100644 charts/screenshots_nasdaq/HUBS/HUBS_Daily_20260906_073252.png
 delete mode 100644 charts/screenshots_nasdaq/HUBS/HUBS_Monthly_20260905_072315.png
 create mode 100644 charts/screenshots_nasdaq/HUBS/HUBS_Monthly_20260906_073252.png
 delete mode 100644 charts/screenshots_nasdaq/HUBS/HUBS_Weekly_20260905_072315.png
 create mode 100644 charts/screenshots_nasdaq/HUBS/HUBS_Weekly_20260906_073252.png
 delete mode 100644 charts/screenshots_nasdaq/HYMC/HYMC_1H_20260905_074145.png
 create mode 100644 charts/screenshots_nasdaq/HYMC/HYMC_1H_20260906_074933.png
 delete mode 100644 charts/screenshots_nasdaq/HYMC/HYMC_4H_20260905_074145.png
 create mode 100644 charts/screenshots_nasdaq/HYMC/HYMC_4H_20260906_074933.png
 delete mode 100644 charts/screenshots_nasdaq/HYMC/HYMC_Daily_20260905_074145.png
 create mode 100644 charts/screenshots_nasdaq/HYMC/HYMC_Daily_20260906_074933.png
 delete mode 100644 charts/screenshots_nasdaq/HYMC/HYMC_Monthly_20260905_074145.png
 create mode 100644 charts/screenshots_nasdaq/HYMC/HYMC_Monthly_20260906_074933.png
 delete mode 100644 charts/screenshots_nasdaq/HYMC/HYMC_Weekly_20260905_074145.png
 create mode 100644 charts/screenshots_nasdaq/HYMC/HYMC_Weekly_20260906_074933.png
 rename charts/screenshots_nasdaq/INOD/{INOD_1H_20260905_074222.png => INOD_1H_20260906_075009.png} (64%)
 delete mode 100644 charts/screenshots_nasdaq/INOD/INOD_4H_20260905_074222.png
 create mode 100644 charts/screenshots_nasdaq/INOD/INOD_4H_20260906_075009.png
 delete mode 100644 charts/screenshots_nasdaq/INOD/INOD_Daily_20260905_074222.png
 create mode 100644 charts/screenshots_nasdaq/INOD/INOD_Daily_20260906_075009.png
 delete mode 100644 charts/screenshots_nasdaq/INOD/INOD_Monthly_20260905_074222.png
 create mode 100644 charts/screenshots_nasdaq/INOD/INOD_Monthly_20260906_075009.png
 delete mode 100644 charts/screenshots_nasdaq/INOD/INOD_Weekly_20260905_074222.png
 create mode 100644 charts/screenshots_nasdaq/INOD/INOD_Weekly_20260906_075009.png
 rename charts/screenshots_nasdaq/INSP/{INSP_1H_20260905_070214.png => INSP_1H_20260906_071100.png} (100%)
 delete mode 100644 charts/screenshots_nasdaq/INSP/INSP_4H_20260905_070214.png
 create mode 100644 charts/screenshots_nasdaq/INSP/INSP_4H_20260906_071100.png
 delete mode 100644 charts/screenshots_nasdaq/INSP/INSP_Daily_20260905_070214.png
 create mode 100644 charts/screenshots_nasdaq/INSP/INSP_Daily_20260906_071100.png
 delete mode 100644 charts/screenshots_nasdaq/INSP/INSP_Monthly_20260905_070214.png
 create mode 100644 charts/screenshots_nasdaq/INSP/INSP_Monthly_20260906_071100.png
 delete mode 100644 charts/screenshots_nasdaq/INSP/INSP_Weekly_20260905_070214.png
 create mode 100644 charts/screenshots_nasdaq/INSP/INSP_Weekly_20260906_071100.png
 delete mode 100644 charts/screenshots_nasdaq/INSW/INSW_1H_20260905_065908.png
 create mode 100644 charts/screenshots_nasdaq/INSW/INSW_1H_20260906_070755.png
 delete mode 100644 charts/screenshots_nasdaq/INSW/INSW_4H_20260905_065908.png
 create mode 100644 charts/screenshots_nasdaq/INSW/INSW_4H_20260906_070755.png
 delete mode 100644 charts/screenshots_nasdaq/INSW/INSW_Daily_20260905_065908.png
 create mode 100644 charts/screenshots_nasdaq/INSW/INSW_Daily_20260906_070755.png
 delete mode 100644 charts/screenshots_nasdaq/INSW/INSW_Monthly_20260905_065908.png
 create mode 100644 charts/screenshots_nasdaq/INSW/INSW_Monthly_20260906_070755.png
 delete mode 100644 charts/screenshots_nasdaq/INSW/INSW_Weekly_20260905_065908.png
 create mode 100644 charts/screenshots_nasdaq/INSW/INSW_Weekly_20260906_070755.png
 rename charts/screenshots_nasdaq/IOVA/{IOVA_1H_20260905_065945.png => IOVA_1H_20260906_070831.png} (100%)
 delete mode 100644 charts/screenshots_nasdaq/IOVA/IOVA_4H_20260905_065945.png
 create mode 100644 charts/screenshots_nasdaq/IOVA/IOVA_4H_20260906_070831.png
 delete mode 100644 charts/screenshots_nasdaq/IOVA/IOVA_Daily_20260905_065945.png
 create mode 100644 charts/screenshots_nasdaq/IOVA/IOVA_Daily_20260906_070831.png
 delete mode 100644 charts/screenshots_nasdaq/IOVA/IOVA_Monthly_20260905_065945.png
 create mode 100644 charts/screenshots_nasdaq/IOVA/IOVA_Monthly_20260906_070831.png
 delete mode 100644 charts/screenshots_nasdaq/IOVA/IOVA_Weekly_20260905_065945.png
 create mode 100644 charts/screenshots_nasdaq/IOVA/IOVA_Weekly_20260906_070831.png
 rename charts/screenshots_nasdaq/KTOS/{KTOS_1H_20260905_073803.png => KTOS_1H_20260906_074357.png} (75%)
 delete mode 100644 charts/screenshots_nasdaq/KTOS/KTOS_4H_20260905_073803.png
 create mode 100644 charts/screenshots_nasdaq/KTOS/KTOS_4H_20260906_074357.png
 delete mode 100644 charts/screenshots_nasdaq/KTOS/KTOS_Daily_20260905_073803.png
 create mode 100644 charts/screenshots_nasdaq/KTOS/KTOS_Daily_20260906_074357.png
 delete mode 100644 charts/screenshots_nasdaq/KTOS/KTOS_Monthly_20260905_073803.png
 create mode 100644 charts/screenshots_nasdaq/KTOS/KTOS_Monthly_20260906_074357.png
 delete mode 100644 charts/screenshots_nasdaq/KTOS/KTOS_Weekly_20260905_073803.png
 create mode 100644 charts/screenshots_nasdaq/KTOS/KTOS_Weekly_20260906_074357.png
 delete mode 100644 charts/screenshots_nasdaq/LASR/LASR_1H_20260905_075215.png
 create mode 100644 charts/screenshots_nasdaq/LASR/LASR_1H_20260906_080039.png
 delete mode 100644 charts/screenshots_nasdaq/LASR/LASR_4H_20260905_075215.png
 create mode 100644 charts/screenshots_nasdaq/LASR/LASR_4H_20260906_080039.png
 delete mode 100644 charts/screenshots_nasdaq/LASR/LASR_Daily_20260905_075215.png
 create mode 100644 charts/screenshots_nasdaq/LASR/LASR_Daily_20260906_080039.png
 delete mode 100644 charts/screenshots_nasdaq/LASR/LASR_Monthly_20260905_075215.png
 create mode 100644 charts/screenshots_nasdaq/LASR/LASR_Monthly_20260906_080039.png
 delete mode 100644 charts/screenshots_nasdaq/LASR/LASR_Weekly_20260905_075215.png
 create mode 100644 charts/screenshots_nasdaq/LASR/LASR_Weekly_20260906_080039.png
 delete mode 100644 charts/screenshots_nasdaq/LCID/LCID_1H_20260905_075252.png
 create mode 100644 charts/screenshots_nasdaq/LCID/LCID_1H_20260906_080117.png
 delete mode 100644 charts/screenshots_nasdaq/LCID/LCID_4H_20260905_075252.png
 create mode 100644 charts/screenshots_nasdaq/LCID/LCID_4H_20260906_080117.png
 delete mode 100644 charts/screenshots_nasdaq/LCID/LCID_Daily_20260905_075252.png
 create mode 100644 charts/screenshots_nasdaq/LCID/LCID_Daily_20260906_080117.png
 delete mode 100644 charts/screenshots_nasdaq/LCID/LCID_Monthly_20260905_075252.png
 create mode 100644 charts/screenshots_nasdaq/LCID/LCID_Monthly_20260906_080117.png
 delete mode 100644 charts/screenshots_nasdaq/LCID/LCID_Weekly_20260905_075252.png
 create mode 100644 charts/screenshots_nasdaq/LCID/LCID_Weekly_20260906_080117.png
 delete mode 100644 charts/screenshots_nasdaq/LEU/LEU_1H_20260905_073039.png
 create mode 100644 charts/screenshots_nasdaq/LEU/LEU_1H_20260906_073825.png
 delete mode 100644 charts/screenshots_nasdaq/LEU/LEU_4H_20260905_073039.png
 create mode 100644 charts/screenshots_nasdaq/LEU/LEU_4H_20260906_073825.png
 delete mode 100644 charts/screenshots_nasdaq/LEU/LEU_Daily_20260905_073039.png
 create mode 100644 charts/screenshots_nasdaq/LEU/LEU_Daily_20260906_073825.png
 delete mode 100644 charts/screenshots_nasdaq/LEU/LEU_Monthly_20260905_073039.png
 create mode 100644 charts/screenshots_nasdaq/LEU/LEU_Monthly_20260906_073825.png
 delete mode 100644 charts/screenshots_nasdaq/LEU/LEU_Weekly_20260905_073039.png
 create mode 100644 charts/screenshots_nasdaq/LEU/LEU_Weekly_20260906_073825.png
 delete mode 100644 charts/screenshots_nasdaq/LIF/LIF_1H_20260905_073840.png
 create mode 100644 charts/screenshots_nasdaq/LIF/LIF_1H_20260906_074513.png
 delete mode 100644 charts/screenshots_nasdaq/LIF/LIF_4H_20260905_073840.png
 create mode 100644 charts/screenshots_nasdaq/LIF/LIF_4H_20260906_074513.png
 rename charts/screenshots_nasdaq/LIF/{LIF_Daily_20260905_073840.png => LIF_Daily_20260906_074513.png} (100%)
 delete mode 100644 charts/screenshots_nasdaq/LIF/LIF_Monthly_20260905_073840.png
 create mode 100644 charts/screenshots_nasdaq/LIF/LIF_Monthly_20260906_074513.png
 delete mode 100644 charts/screenshots_nasdaq/LIF/LIF_Weekly_20260905_073840.png
 create mode 100644 charts/screenshots_nasdaq/LIF/LIF_Weekly_20260906_074513.png
 delete mode 100644 charts/screenshots_nasdaq/LIFE/LIFE_1H_20260905_071818.png
 create mode 100644 charts/screenshots_nasdaq/LIFE/LIFE_1H_20260906_072708.png
 delete mode 100644 charts/screenshots_nasdaq/LIFE/LIFE_4H_20260905_071818.png
 create mode 100644 charts/screenshots_nasdaq/LIFE/LIFE_4H_20260906_072708.png
 rename charts/screenshots_nasdaq/LIFE/{LIFE_Daily_20260905_071818.png => LIFE_Daily_20260906_072708.png} (100%)
 delete mode 100644 charts/screenshots_nasdaq/LIFE/LIFE_Monthly_20260905_071818.png
 create mode 100644 charts/screenshots_nasdaq/LIFE/LIFE_Monthly_20260906_072708.png
 delete mode 100644 charts/screenshots_nasdaq/LIFE/LIFE_Weekly_20260905_071818.png
 create mode 100644 charts/screenshots_nasdaq/LIFE/LIFE_Weekly_20260906_072708.png
 delete mode 100644 charts/screenshots_nasdaq/LINC/LINC_1H_20260905_074947.png
 create mode 100644 charts/screenshots_nasdaq/LINC/LINC_1H_20260906_075734.png
 delete mode 100644 charts/screenshots_nasdaq/LINC/LINC_4H_20260905_074947.png
 create mode 100644 charts/screenshots_nasdaq/LINC/LINC_4H_20260906_075734.png
 delete mode 100644 charts/screenshots_nasdaq/LINC/LINC_Daily_20260905_074947.png
 create mode 100644 charts/screenshots_nasdaq/LINC/LINC_Daily_20260906_075734.png
 delete mode 100644 charts/screenshots_nasdaq/LINC/LINC_Monthly_20260905_074947.png
 create mode 100644 charts/screenshots_nasdaq/LINC/LINC_Monthly_20260906_075734.png
 delete mode 100644 charts/screenshots_nasdaq/LINC/LINC_Weekly_20260905_074947.png
 create mode 100644 charts/screenshots_nasdaq/LINC/LINC_Weekly_20260906_075734.png
 delete mode 100644 charts/screenshots_nasdaq/LPG/LPG_1H_20260905_071244.png
 create mode 100644 charts/screenshots_nasdaq/LPG/LPG_1H_20260906_072053.png
 delete mode 100644 charts/screenshots_nasdaq/LPG/LPG_4H_20260905_071244.png
 create mode 100644 charts/screenshots_nasdaq/LPG/LPG_4H_20260906_072053.png
 delete mode 100644 charts/screenshots_nasdaq/LPG/LPG_Daily_20260905_071244.png
 create mode 100644 charts/screenshots_nasdaq/LPG/LPG_Daily_20260906_072053.png
 delete mode 100644 charts/screenshots_nasdaq/LPG/LPG_Monthly_20260905_071244.png
 create mode 100644 charts/screenshots_nasdaq/LPG/LPG_Monthly_20260906_072053.png
 delete mode 100644 charts/screenshots_nasdaq/LPG/LPG_Weekly_20260905_071244.png
 create mode 100644 charts/screenshots_nasdaq/LPG/LPG_Weekly_20260906_072053.png
 delete mode 100644 charts/screenshots_nasdaq/MLTX/MLTX_1H_20260905_073307.png
 create mode 100644 charts/screenshots_nasdaq/MLTX/MLTX_1H_20260906_074051.png
 rename charts/screenshots_nasdaq/MLTX/{MLTX_4H_20260905_073307.png => MLTX_4H_20260906_074051.png} (100%)
 delete mode 100644 charts/screenshots_nasdaq/MLTX/MLTX_Daily_20260905_073307.png
 create mode 100644 charts/screenshots_nasdaq/MLTX/MLTX_Daily_20260906_074051.png
 delete mode 100644 charts/screenshots_nasdaq/MLTX/MLTX_Monthly_20260905_073307.png
 create mode 100644 charts/screenshots_nasdaq/MLTX/MLTX_Monthly_20260906_074051.png
 rename charts/screenshots_nasdaq/MLTX/{MLTX_Weekly_20260905_073307.png => MLTX_Weekly_20260906_074051.png} (100%)
 delete mode 100644 charts/screenshots_nasdaq/MNDY/MNDY_1H_20260905_072237.png
 create mode 100644 charts/screenshots_nasdaq/MNDY/MNDY_1H_20260906_073216.png
 rename charts/screenshots_nasdaq/MNDY/{MNDY_4H_20260905_072237.png => MNDY_4H_20260906_073216.png} (100%)
 delete mode 100644 charts/screenshots_nasdaq/MNDY/MNDY_Daily_20260905_072237.png
 create mode 100644 charts/screenshots_nasdaq/MNDY/MNDY_Daily_20260906_073216.png
 delete mode 100644 charts/screenshots_nasdaq/MNDY/MNDY_Monthly_20260905_072237.png
 create mode 100644 charts/screenshots_nasdaq/MNDY/MNDY_Monthly_20260906_073216.png
 delete mode 100644 charts/screenshots_nasdaq/MNDY/MNDY_Weekly_20260905_072237.png
 create mode 100644 charts/screenshots_nasdaq/MNDY/MNDY_Weekly_20260906_073216.png
 delete mode 100644 charts/screenshots_nasdaq/MPC/MPC_1H_20260905_071704.png
 create mode 100644 charts/screenshots_nasdaq/MPC/MPC_1H_20260906_072552.png
 delete mode 100644 charts/screenshots_nasdaq/MPC/MPC_4H_20260905_071704.png
 create mode 100644 charts/screenshots_nasdaq/MPC/MPC_4H_20260906_072552.png
 delete mode 100644 charts/screenshots_nasdaq/MPC/MPC_Daily_20260905_071704.png
 create mode 100644 charts/screenshots_nasdaq/MPC/MPC_Daily_20260906_072552.png
 delete mode 100644 charts/screenshots_nasdaq/MPC/MPC_Monthly_20260905_071704.png
 create mode 100644 charts/screenshots_nasdaq/MPC/MPC_Monthly_20260906_072552.png
 delete mode 100644 charts/screenshots_nasdaq/MPC/MPC_Weekly_20260905_071704.png
 create mode 100644 charts/screenshots_nasdaq/MPC/MPC_Weekly_20260906_072552.png
 delete mode 100644 charts/screenshots_nasdaq/MRX/MRX_1H_20260905_071513.png
 create mode 100644 charts/screenshots_nasdaq/MRX/MRX_1H_20260906_072322.png
 delete mode 100644 charts/screenshots_nasdaq/MRX/MRX_4H_20260905_071513.png
 create mode 100644 charts/screenshots_nasdaq/MRX/MRX_4H_20260906_072322.png
 delete mode 100644 charts/screenshots_nasdaq/MRX/MRX_Daily_20260905_071513.png
 create mode 100644 charts/screenshots_nasdaq/MRX/MRX_Daily_20260906_072322.png
 delete mode 100644 charts/screenshots_nasdaq/MRX/MRX_Monthly_20260905_071513.png
 create mode 100644 charts/screenshots_nasdaq/MRX/MRX_Monthly_20260906_072322.png
 delete mode 100644 charts/screenshots_nasdaq/MRX/MRX_Weekly_20260905_071513.png
 create mode 100644 charts/screenshots_nasdaq/MRX/MRX_Weekly_20260906_072322.png
 delete mode 100644 charts/screenshots_nasdaq/NAT/NAT_1H_20260905_065526.png
 create mode 100644 charts/screenshots_nasdaq/NAT/NAT_1H_20260906_070412.png
 delete mode 100644 charts/screenshots_nasdaq/NAT/NAT_4H_20260905_065526.png
 create mode 100644 charts/screenshots_nasdaq/NAT/NAT_4H_20260906_070412.png
 delete mode 100644 charts/screenshots_nasdaq/NAT/NAT_Daily_20260905_065526.png
 create mode 100644 charts/screenshots_nasdaq/NAT/NAT_Daily_20260906_070412.png
 delete mode 100644 charts/screenshots_nasdaq/NAT/NAT_Monthly_20260905_065526.png
 create mode 100644 charts/screenshots_nasdaq/NAT/NAT_Monthly_20260906_070412.png
 delete mode 100644 charts/screenshots_nasdaq/NAT/NAT_Weekly_20260905_065526.png
 create mode 100644 charts/screenshots_nasdaq/NAT/NAT_Weekly_20260906_070412.png
 rename charts/screenshots_nasdaq/OKLO/{OKLO_1H_20260905_073726.png => OKLO_1H_20260906_074320.png} (100%)
 delete mode 100644 charts/screenshots_nasdaq/OKLO/OKLO_4H_20260905_073726.png
 create mode 100644 charts/screenshots_nasdaq/OKLO/OKLO_4H_20260906_074320.png
 delete mode 100644 charts/screenshots_nasdaq/OKLO/OKLO_Daily_20260905_073726.png
 create mode 100644 charts/screenshots_nasdaq/OKLO/OKLO_Daily_20260906_074320.png
 delete mode 100644 charts/screenshots_nasdaq/OKLO/OKLO_Monthly_20260905_073726.png
 create mode 100644 charts/screenshots_nasdaq/OKLO/OKLO_Monthly_20260906_074320.png
 delete mode 100644 charts/screenshots_nasdaq/OKLO/OKLO_Weekly_20260905_073726.png
 create mode 100644 charts/screenshots_nasdaq/OKLO/OKLO_Weekly_20260906_074320.png
 delete mode 100644 charts/screenshots_nasdaq/OMER/OMER_1H_20260905_070022.png
 create mode 100644 charts/screenshots_nasdaq/OMER/OMER_1H_20260906_070909.png
 rename charts/screenshots_nasdaq/OMER/{OMER_4H_20260905_070022.png => OMER_4H_20260906_070909.png} (100%)
 delete mode 100644 charts/screenshots_nasdaq/OMER/OMER_Daily_20260905_070022.png
 create mode 100644 charts/screenshots_nasdaq/OMER/OMER_Daily_20260906_070909.png
 delete mode 100644 charts/screenshots_nasdaq/OMER/OMER_Monthly_20260905_070022.png
 create mode 100644 charts/screenshots_nasdaq/OMER/OMER_Monthly_20260906_070909.png
 delete mode 100644 charts/screenshots_nasdaq/OMER/OMER_Weekly_20260905_070022.png
 create mode 100644 charts/screenshots_nasdaq/OMER/OMER_Weekly_20260906_070909.png
 delete mode 100644 charts/screenshots_nasdaq/OPEN/OPEN_1H_20260905_073344.png
 create mode 100644 charts/screenshots_nasdaq/OPEN/OPEN_1H_20260906_074129.png
 delete mode 100644 charts/screenshots_nasdaq/OPEN/OPEN_4H_20260905_073344.png
 create mode 100644 charts/screenshots_nasdaq/OPEN/OPEN_4H_20260906_074129.png
 delete mode 100644 charts/screenshots_nasdaq/OPEN/OPEN_Daily_20260905_073344.png
 create mode 100644 charts/screenshots_nasdaq/OPEN/OPEN_Daily_20260906_074129.png
 delete mode 100644 charts/screenshots_nasdaq/OPEN/OPEN_Monthly_20260905_073344.png
 create mode 100644 charts/screenshots_nasdaq/OPEN/OPEN_Monthly_20260906_074129.png
 delete mode 100644 charts/screenshots_nasdaq/OPEN/OPEN_Weekly_20260905_073344.png
 create mode 100644 charts/screenshots_nasdaq/OPEN/OPEN_Weekly_20260906_074129.png
 delete mode 100644 charts/screenshots_nasdaq/OSCR/OSCR_1H_20260905_070902.png
 create mode 100644 charts/screenshots_nasdaq/OSCR/OSCR_1H_20260906_071557.png
 delete mode 100644 charts/screenshots_nasdaq/OSCR/OSCR_4H_20260905_070902.png
 create mode 100644 charts/screenshots_nasdaq/OSCR/OSCR_4H_20260906_071557.png
 delete mode 100644 charts/screenshots_nasdaq/OSCR/OSCR_Daily_20260905_070902.png
 create mode 100644 charts/screenshots_nasdaq/OSCR/OSCR_Daily_20260906_071557.png
 delete mode 100644 charts/screenshots_nasdaq/OSCR/OSCR_Monthly_20260905_070902.png
 create mode 100644 charts/screenshots_nasdaq/OSCR/OSCR_Monthly_20260906_071557.png
 delete mode 100644 charts/screenshots_nasdaq/OSCR/OSCR_Weekly_20260905_070902.png
 create mode 100644 charts/screenshots_nasdaq/OSCR/OSCR_Weekly_20260906_071557.png
 delete mode 100644 charts/screenshots_nasdaq/PCT/PCT_1H_20260905_074300.png
 create mode 100644 charts/screenshots_nasdaq/PCT/PCT_1H_20260906_075045.png
 delete mode 100644 charts/screenshots_nasdaq/PCT/PCT_4H_20260905_074300.png
 create mode 100644 charts/screenshots_nasdaq/PCT/PCT_4H_20260906_075045.png
 rename charts/screenshots_nasdaq/PCT/{PCT_Daily_20260905_074300.png => PCT_Daily_20260906_075045.png} (100%)
 delete mode 100644 charts/screenshots_nasdaq/PCT/PCT_Monthly_20260905_074300.png
 create mode 100644 charts/screenshots_nasdaq/PCT/PCT_Monthly_20260906_075045.png
 delete mode 100644 charts/screenshots_nasdaq/PCT/PCT_Weekly_20260905_074300.png
 create mode 100644 charts/screenshots_nasdaq/PCT/PCT_Weekly_20260906_075045.png
 rename charts/screenshots_nasdaq/PFSI/{PFSI_1H_20260905_072925.png => PFSI_1H_20260906_073748.png} (100%)
 delete mode 100644 charts/screenshots_nasdaq/PFSI/PFSI_4H_20260905_072925.png
 create mode 100644 charts/screenshots_nasdaq/PFSI/PFSI_4H_20260906_073748.png
 delete mode 100644 charts/screenshots_nasdaq/PFSI/PFSI_Daily_20260905_072925.png
 create mode 100644 charts/screenshots_nasdaq/PFSI/PFSI_Daily_20260906_073748.png
 delete mode 100644 charts/screenshots_nasdaq/PFSI/PFSI_Monthly_20260905_072925.png
 create mode 100644 charts/screenshots_nasdaq/PFSI/PFSI_Monthly_20260906_073748.png
 delete mode 100644 charts/screenshots_nasdaq/PFSI/PFSI_Weekly_20260905_072925.png
 create mode 100644 charts/screenshots_nasdaq/PFSI/PFSI_Weekly_20260906_073748.png
 delete mode 100644 charts/screenshots_nasdaq/PL/PL_1H_20260905_072429.png
 create mode 100644 charts/screenshots_nasdaq/PL/PL_1H_20260906_073406.png
 delete mode 100644 charts/screenshots_nasdaq/PL/PL_4H_20260905_072429.png
 create mode 100644 charts/screenshots_nasdaq/PL/PL_4H_20260906_073406.png
 delete mode 100644 charts/screenshots_nasdaq/PL/PL_Daily_20260905_072429.png
 create mode 100644 charts/screenshots_nasdaq/PL/PL_Daily_20260906_073406.png
 delete mode 100644 charts/screenshots_nasdaq/PL/PL_Monthly_20260905_072429.png
 create mode 100644 charts/screenshots_nasdaq/PL/PL_Monthly_20260906_073406.png
 delete mode 100644 charts/screenshots_nasdaq/PL/PL_Weekly_20260905_072429.png
 create mode 100644 charts/screenshots_nasdaq/PL/PL_Weekly_20260906_073406.png
 delete mode 100644 charts/screenshots_nasdaq/PLSE/PLSE_1H_20260905_070059.png
 create mode 100644 charts/screenshots_nasdaq/PLSE/PLSE_1H_20260906_070946.png
 delete mode 100644 charts/screenshots_nasdaq/PLSE/PLSE_4H_20260905_070059.png
 create mode 100644 charts/screenshots_nasdaq/PLSE/PLSE_4H_20260906_070946.png
 delete mode 100644 charts/screenshots_nasdaq/PLSE/PLSE_Daily_20260905_070059.png
 create mode 100644 charts/screenshots_nasdaq/PLSE/PLSE_Daily_20260906_070946.png
 delete mode 100644 charts/screenshots_nasdaq/PLSE/PLSE_Monthly_20260905_070059.png
 create mode 100644 charts/screenshots_nasdaq/PLSE/PLSE_Monthly_20260906_070946.png
 delete mode 100644 charts/screenshots_nasdaq/PLSE/PLSE_Weekly_20260905_070059.png
 create mode 100644 charts/screenshots_nasdaq/PLSE/PLSE_Weekly_20260906_070946.png
 delete mode 100644 charts/screenshots_nasdaq/PSX/PSX_1H_20260905_071741.png
 create mode 100644 charts/screenshots_nasdaq/PSX/PSX_1H_20260906_072630.png
 delete mode 100644 charts/screenshots_nasdaq/PSX/PSX_4H_20260905_071741.png
 create mode 100644 charts/screenshots_nasdaq/PSX/PSX_4H_20260906_072630.png
 delete mode 100644 charts/screenshots_nasdaq/PSX/PSX_Daily_20260905_071741.png
 create mode 100644 charts/screenshots_nasdaq/PSX/PSX_Daily_20260906_072630.png
 delete mode 100644 charts/screenshots_nasdaq/PSX/PSX_Monthly_20260905_071741.png
 create mode 100644 charts/screenshots_nasdaq/PSX/PSX_Monthly_20260906_072630.png
 delete mode 100644 charts/screenshots_nasdaq/PSX/PSX_Weekly_20260905_071741.png
 create mode 100644 charts/screenshots_nasdaq/PSX/PSX_Weekly_20260906_072630.png
 delete mode 100644 charts/screenshots_nasdaq/PZZA/PZZA_1H_20260905_072505.png
 create mode 100644 charts/screenshots_nasdaq/PZZA/PZZA_1H_20260906_073443.png
 delete mode 100644 charts/screenshots_nasdaq/PZZA/PZZA_4H_20260905_072505.png
 create mode 100644 charts/screenshots_nasdaq/PZZA/PZZA_4H_20260906_073443.png
 delete mode 100644 charts/screenshots_nasdaq/PZZA/PZZA_Daily_20260905_072505.png
 create mode 100644 charts/screenshots_nasdaq/PZZA/PZZA_Daily_20260906_073443.png
 delete mode 100644 charts/screenshots_nasdaq/PZZA/PZZA_Monthly_20260905_072505.png
 create mode 100644 charts/screenshots_nasdaq/PZZA/PZZA_Monthly_20260906_073443.png
 delete mode 100644 charts/screenshots_nasdaq/PZZA/PZZA_Weekly_20260905_072505.png
 create mode 100644 charts/screenshots_nasdaq/PZZA/PZZA_Weekly_20260906_073443.png
 delete mode 100644 charts/screenshots_nasdaq/QBTS/QBTS_1H_20260905_073917.png
 create mode 100644 charts/screenshots_nasdaq/QBTS/QBTS_1H_20260906_074550.png
 delete mode 100644 charts/screenshots_nasdaq/QBTS/QBTS_4H_20260905_073917.png
 create mode 100644 charts/screenshots_nasdaq/QBTS/QBTS_4H_20260906_074550.png
 delete mode 100644 charts/screenshots_nasdaq/QBTS/QBTS_Daily_20260905_073917.png
 create mode 100644 charts/screenshots_nasdaq/QBTS/QBTS_Daily_20260906_074550.png
 delete mode 100644 charts/screenshots_nasdaq/QBTS/QBTS_Monthly_20260905_073917.png
 create mode 100644 charts/screenshots_nasdaq/QBTS/QBTS_Monthly_20260906_074550.png
 delete mode 100644 charts/screenshots_nasdaq/QBTS/QBTS_Weekly_20260905_073917.png
 create mode 100644 charts/screenshots_nasdaq/QBTS/QBTS_Weekly_20260906_074550.png
 delete mode 100644 charts/screenshots_nasdaq/QFIN/QFIN_1H_20260905_075024.png
 create mode 100644 charts/screenshots_nasdaq/QFIN/QFIN_1H_20260906_075811.png
 delete mode 100644 charts/screenshots_nasdaq/QFIN/QFIN_4H_20260905_075024.png
 create mode 100644 charts/screenshots_nasdaq/QFIN/QFIN_4H_20260906_075811.png
 rename charts/screenshots_nasdaq/QFIN/{QFIN_Daily_20260905_075024.png => QFIN_Daily_20260906_075811.png} (77%)
 delete mode 100644 charts/screenshots_nasdaq/QFIN/QFIN_Monthly_20260905_075024.png
 create mode 100644 charts/screenshots_nasdaq/QFIN/QFIN_Monthly_20260906_075811.png
 delete mode 100644 charts/screenshots_nasdaq/QFIN/QFIN_Weekly_20260905_075024.png
 create mode 100644 charts/screenshots_nasdaq/QFIN/QFIN_Weekly_20260906_075811.png
 delete mode 100644 charts/screenshots_nasdaq/QUBT/QUBT_1H_20260905_074337.png
 create mode 100644 charts/screenshots_nasdaq/QUBT/QUBT_1H_20260906_075123.png
 delete mode 100644 charts/screenshots_nasdaq/QUBT/QUBT_4H_20260905_074337.png
 create mode 100644 charts/screenshots_nasdaq/QUBT/QUBT_4H_20260906_075123.png
 delete mode 100644 charts/screenshots_nasdaq/QUBT/QUBT_Daily_20260905_074337.png
 create mode 100644 charts/screenshots_nasdaq/QUBT/QUBT_Daily_20260906_075123.png
 delete mode 100644 charts/screenshots_nasdaq/QUBT/QUBT_Monthly_20260905_074337.png
 create mode 100644 charts/screenshots_nasdaq/QUBT/QUBT_Monthly_20260906_075123.png
 delete mode 100644 charts/screenshots_nasdaq/QUBT/QUBT_Weekly_20260905_074337.png
 create mode 100644 charts/screenshots_nasdaq/QUBT/QUBT_Weekly_20260906_075123.png
 rename charts/screenshots_nasdaq/RGTI/{RGTI_1H_20260905_074414.png => RGTI_1H_20260906_075201.png} (100%)
 delete mode 100644 charts/screenshots_nasdaq/RGTI/RGTI_4H_20260905_074414.png
 create mode 100644 charts/screenshots_nasdaq/RGTI/RGTI_4H_20260906_075201.png
 delete mode 100644 charts/screenshots_nasdaq/RGTI/RGTI_Daily_20260905_074414.png
 create mode 100644 charts/screenshots_nasdaq/RGTI/RGTI_Daily_20260906_075201.png
 delete mode 100644 charts/screenshots_nasdaq/RGTI/RGTI_Monthly_20260905_074414.png
 create mode 100644 charts/screenshots_nasdaq/RGTI/RGTI_Monthly_20260906_075201.png
 delete mode 100644 charts/screenshots_nasdaq/RGTI/RGTI_Weekly_20260905_074414.png
 create mode 100644 charts/screenshots_nasdaq/RGTI/RGTI_Weekly_20260906_075201.png
 delete mode 100644 charts/screenshots_nasdaq/RKLB/RKLB_1H_20260905_073954.png
 create mode 100644 charts/screenshots_nasdaq/RKLB/RKLB_1H_20260906_074627.png
 rename charts/screenshots_nasdaq/RKLB/{RKLB_4H_20260905_073954.png => RKLB_4H_20260906_074627.png} (69%)
 delete mode 100644 charts/screenshots_nasdaq/RKLB/RKLB_Daily_20260905_073954.png
 create mode 100644 charts/screenshots_nasdaq/RKLB/RKLB_Daily_20260906_074627.png
 delete mode 100644 charts/screenshots_nasdaq/RKLB/RKLB_Monthly_20260905_073954.png
 create mode 100644 charts/screenshots_nasdaq/RKLB/RKLB_Monthly_20260906_074627.png
 delete mode 100644 charts/screenshots_nasdaq/RKLB/RKLB_Weekly_20260905_073954.png
 create mode 100644 charts/screenshots_nasdaq/RKLB/RKLB_Weekly_20260906_074627.png
 delete mode 100644 charts/screenshots_nasdaq/RUN/RUN_1H_20260905_073457.png
 create mode 100644 charts/screenshots_nasdaq/RUN/RUN_1H_20260906_074244.png
 delete mode 100644 charts/screenshots_nasdaq/RUN/RUN_4H_20260905_073457.png
 create mode 100644 charts/screenshots_nasdaq/RUN/RUN_4H_20260906_074244.png
 delete mode 100644 charts/screenshots_nasdaq/RUN/RUN_Daily_20260905_073457.png
 create mode 100644 charts/screenshots_nasdaq/RUN/RUN_Daily_20260906_074244.png
 delete mode 100644 charts/screenshots_nasdaq/RUN/RUN_Monthly_20260905_073457.png
 create mode 100644 charts/screenshots_nasdaq/RUN/RUN_Monthly_20260906_074244.png
 delete mode 100644 charts/screenshots_nasdaq/RUN/RUN_Weekly_20260905_073457.png
 create mode 100644 charts/screenshots_nasdaq/RUN/RUN_Weekly_20260906_074244.png
 delete mode 100644 charts/screenshots_nasdaq/RZLV/RZLV_1H_20260905_072542.png
 create mode 100644 charts/screenshots_nasdaq/RZLV/RZLV_1H_20260906_073520.png
 rename charts/screenshots_nasdaq/RZLV/{RZLV_4H_20260905_072542.png => RZLV_4H_20260906_073520.png} (100%)
 delete mode 100644 charts/screenshots_nasdaq/RZLV/RZLV_Daily_20260905_072542.png
 create mode 100644 charts/screenshots_nasdaq/RZLV/RZLV_Daily_20260906_073520.png
 delete mode 100644 charts/screenshots_nasdaq/RZLV/RZLV_Monthly_20260905_072542.png
 create mode 100644 charts/screenshots_nasdaq/RZLV/RZLV_Monthly_20260906_073520.png
 delete mode 100644 charts/screenshots_nasdaq/RZLV/RZLV_Weekly_20260905_072542.png
 create mode 100644 charts/screenshots_nasdaq/RZLV/RZLV_Weekly_20260906_073520.png
 delete mode 100644 charts/screenshots_nasdaq/SATL/SATL_1H_20260905_074451.png
 create mode 100644 charts/screenshots_nasdaq/SATL/SATL_1H_20260906_075238.png
 delete mode 100644 charts/screenshots_nasdaq/SATL/SATL_4H_20260905_074451.png
 create mode 100644 charts/screenshots_nasdaq/SATL/SATL_4H_20260906_075238.png
 delete mode 100644 charts/screenshots_nasdaq/SATL/SATL_Daily_20260905_074451.png
 create mode 100644 charts/screenshots_nasdaq/SATL/SATL_Daily_20260906_075238.png
 delete mode 100644 charts/screenshots_nasdaq/SATL/SATL_Monthly_20260905_074451.png
 create mode 100644 charts/screenshots_nasdaq/SATL/SATL_Monthly_20260906_075238.png
 delete mode 100644 charts/screenshots_nasdaq/SATL/SATL_Weekly_20260905_074451.png
 create mode 100644 charts/screenshots_nasdaq/SATL/SATL_Weekly_20260906_075238.png
 rename charts/screenshots_nasdaq/SBET/{SBET_1H_20260905_070251.png => SBET_1H_20260906_071137.png} (100%)
 delete mode 100644 charts/screenshots_nasdaq/SBET/SBET_4H_20260905_070251.png
 create mode 100644 charts/screenshots_nasdaq/SBET/SBET_4H_20260906_071137.png
 delete mode 100644 charts/screenshots_nasdaq/SBET/SBET_Daily_20260905_070251.png
 create mode 100644 charts/screenshots_nasdaq/SBET/SBET_Daily_20260906_071137.png
 delete mode 100644 charts/screenshots_nasdaq/SBET/SBET_Monthly_20260905_070251.png
 create mode 100644 charts/screenshots_nasdaq/SBET/SBET_Monthly_20260906_071137.png
 delete mode 100644 charts/screenshots_nasdaq/SBET/SBET_Weekly_20260905_070251.png
 create mode 100644 charts/screenshots_nasdaq/SBET/SBET_Weekly_20260906_071137.png
 delete mode 100644 charts/screenshots_nasdaq/SBLK/SBLK_1H_20260905_071016.png
 create mode 100644 charts/screenshots_nasdaq/SBLK/SBLK_1H_20260906_071826.png
 delete mode 100644 charts/screenshots_nasdaq/SBLK/SBLK_4H_20260905_071016.png
 create mode 100644 charts/screenshots_nasdaq/SBLK/SBLK_4H_20260906_071826.png
 delete mode 100644 charts/screenshots_nasdaq/SBLK/SBLK_Daily_20260905_071016.png
 create mode 100644 charts/screenshots_nasdaq/SBLK/SBLK_Daily_20260906_071826.png
 delete mode 100644 charts/screenshots_nasdaq/SBLK/SBLK_Monthly_20260905_071016.png
 create mode 100644 charts/screenshots_nasdaq/SBLK/SBLK_Monthly_20260906_071826.png
 rename charts/screenshots_nasdaq/SBLK/{SBLK_Weekly_20260905_071016.png => SBLK_Weekly_20260906_071826.png} (100%)
 delete mode 100644 charts/screenshots_nasdaq/SLDE/SLDE_1H_20260905_065603.png
 create mode 100644 charts/screenshots_nasdaq/SLDE/SLDE_1H_20260906_070450.png
 delete mode 100644 charts/screenshots_nasdaq/SLDE/SLDE_4H_20260905_065603.png
 create mode 100644 charts/screenshots_nasdaq/SLDE/SLDE_4H_20260906_070450.png
 delete mode 100644 charts/screenshots_nasdaq/SLDE/SLDE_Daily_20260905_065603.png
 create mode 100644 charts/screenshots_nasdaq/SLDE/SLDE_Daily_20260906_070450.png
 delete mode 100644 charts/screenshots_nasdaq/SLDE/SLDE_Monthly_20260905_065603.png
 create mode 100644 charts/screenshots_nasdaq/SLDE/SLDE_Monthly_20260906_070450.png
 delete mode 100644 charts/screenshots_nasdaq/SLDE/SLDE_Weekly_20260905_065603.png
 create mode 100644 charts/screenshots_nasdaq/SLDE/SLDE_Weekly_20260906_070450.png
 delete mode 100644 charts/screenshots_nasdaq/STUB/STUB_1H_20260905_072734.png
 create mode 100644 charts/screenshots_nasdaq/STUB/STUB_1H_20260906_073634.png
 delete mode 100644 charts/screenshots_nasdaq/STUB/STUB_4H_20260905_072734.png
 create mode 100644 charts/screenshots_nasdaq/STUB/STUB_4H_20260906_073634.png
 delete mode 100644 charts/screenshots_nasdaq/STUB/STUB_Daily_20260905_072734.png
 create mode 100644 charts/screenshots_nasdaq/STUB/STUB_Daily_20260906_073634.png
 delete mode 100644 charts/screenshots_nasdaq/STUB/STUB_Monthly_20260905_072734.png
 create mode 100644 charts/screenshots_nasdaq/STUB/STUB_Monthly_20260906_073634.png
 delete mode 100644 charts/screenshots_nasdaq/STUB/STUB_Weekly_20260905_072734.png
 create mode 100644 charts/screenshots_nasdaq/STUB/STUB_Weekly_20260906_073634.png
 delete mode 100644 charts/screenshots_nasdaq/TARS/TARS_1H_20260905_071321.png
 create mode 100644 charts/screenshots_nasdaq/TARS/TARS_1H_20260906_072130.png
 delete mode 100644 charts/screenshots_nasdaq/TARS/TARS_4H_20260905_071321.png
 create mode 100644 charts/screenshots_nasdaq/TARS/TARS_4H_20260906_072130.png
 delete mode 100644 charts/screenshots_nasdaq/TARS/TARS_Daily_20260905_071321.png
 create mode 100644 charts/screenshots_nasdaq/TARS/TARS_Daily_20260906_072130.png
 delete mode 100644 charts/screenshots_nasdaq/TARS/TARS_Monthly_20260905_071321.png
 create mode 100644 charts/screenshots_nasdaq/TARS/TARS_Monthly_20260906_072130.png
 delete mode 100644 charts/screenshots_nasdaq/TARS/TARS_Weekly_20260905_071321.png
 create mode 100644 charts/screenshots_nasdaq/TARS/TARS_Weekly_20260906_072130.png
 delete mode 100644 charts/screenshots_nasdaq/TBBB/TBBB_1H_20260905_070136.png
 create mode 100644 charts/screenshots_nasdaq/TBBB/TBBB_1H_20260906_071023.png
 rename charts/screenshots_nasdaq/TBBB/{TBBB_4H_20260905_070136.png => TBBB_4H_20260906_071023.png} (100%)
 delete mode 100644 charts/screenshots_nasdaq/TBBB/TBBB_Daily_20260905_070136.png
 create mode 100644 charts/screenshots_nasdaq/TBBB/TBBB_Daily_20260906_071023.png
 delete mode 100644 charts/screenshots_nasdaq/TBBB/TBBB_Monthly_20260905_070136.png
 create mode 100644 charts/screenshots_nasdaq/TBBB/TBBB_Monthly_20260906_071023.png
 delete mode 100644 charts/screenshots_nasdaq/TBBB/TBBB_Weekly_20260905_070136.png
 create mode 100644 charts/screenshots_nasdaq/TBBB/TBBB_Weekly_20260906_071023.png
 delete mode 100644 charts/screenshots_nasdaq/TEAM/TEAM_1H_20260905_065831.png
 create mode 100644 charts/screenshots_nasdaq/TEAM/TEAM_1H_20260906_070642.png
 delete mode 100644 charts/screenshots_nasdaq/TEAM/TEAM_4H_20260905_065831.png
 create mode 100644 charts/screenshots_nasdaq/TEAM/TEAM_4H_20260906_070642.png
 delete mode 100644 charts/screenshots_nasdaq/TEAM/TEAM_Daily_20260905_065831.png
 create mode 100644 charts/screenshots_nasdaq/TEAM/TEAM_Daily_20260906_070642.png
 delete mode 100644 charts/screenshots_nasdaq/TEAM/TEAM_Monthly_20260905_065831.png
 create mode 100644 charts/screenshots_nasdaq/TEAM/TEAM_Monthly_20260906_070642.png
 delete mode 100644 charts/screenshots_nasdaq/TEAM/TEAM_Weekly_20260905_065831.png
 create mode 100644 charts/screenshots_nasdaq/TEAM/TEAM_Weekly_20260906_070642.png
 delete mode 100644 charts/screenshots_nasdaq/TNK/TNK_1H_20260905_071053.png
 create mode 100644 charts/screenshots_nasdaq/TNK/TNK_1H_20260906_071902.png
 rename charts/screenshots_nasdaq/TNK/{TNK_4H_20260905_071053.png => TNK_4H_20260906_071902.png} (100%)
 delete mode 100644 charts/screenshots_nasdaq/TNK/TNK_Daily_20260905_071053.png
 create mode 100644 charts/screenshots_nasdaq/TNK/TNK_Daily_20260906_071902.png
 delete mode 100644 charts/screenshots_nasdaq/TNK/TNK_Monthly_20260905_071053.png
 create mode 100644 charts/screenshots_nasdaq/TNK/TNK_Monthly_20260906_071902.png
 delete mode 100644 charts/screenshots_nasdaq/TNK/TNK_Weekly_20260905_071053.png
 create mode 100644 charts/screenshots_nasdaq/TNK/TNK_Weekly_20260906_071902.png
 delete mode 100644 charts/screenshots_nasdaq/TRIP/TRIP_1H_20260905_075101.png
 create mode 100644 charts/screenshots_nasdaq/TRIP/TRIP_1H_20260906_075849.png
 delete mode 100644 charts/screenshots_nasdaq/TRIP/TRIP_4H_20260905_075101.png
 create mode 100644 charts/screenshots_nasdaq/TRIP/TRIP_4H_20260906_075849.png
 rename charts/screenshots_nasdaq/TRIP/{TRIP_Daily_20260905_075101.png => TRIP_Daily_20260906_075849.png} (100%)
 delete mode 100644 charts/screenshots_nasdaq/TRIP/TRIP_Monthly_20260905_075101.png
 create mode 100644 charts/screenshots_nasdaq/TRIP/TRIP_Monthly_20260906_075849.png
 delete mode 100644 charts/screenshots_nasdaq/TRIP/TRIP_Weekly_20260905_075101.png
 create mode 100644 charts/screenshots_nasdaq/TRIP/TRIP_Weekly_20260906_075849.png
 delete mode 100644 charts/screenshots_nasdaq/TRMD/TRMD_1H_20260905_065754.png
 create mode 100644 charts/screenshots_nasdaq/TRMD/TRMD_1H_20260906_070527.png
 delete mode 100644 charts/screenshots_nasdaq/TRMD/TRMD_4H_20260905_065754.png
 create mode 100644 charts/screenshots_nasdaq/TRMD/TRMD_4H_20260906_070527.png
 delete mode 100644 charts/screenshots_nasdaq/TRMD/TRMD_Daily_20260905_065754.png
 create mode 100644 charts/screenshots_nasdaq/TRMD/TRMD_Daily_20260906_070527.png
 delete mode 100644 charts/screenshots_nasdaq/TRMD/TRMD_Monthly_20260905_065754.png
 create mode 100644 charts/screenshots_nasdaq/TRMD/TRMD_Monthly_20260906_070527.png
 delete mode 100644 charts/screenshots_nasdaq/TRMD/TRMD_Weekly_20260905_065754.png
 create mode 100644 charts/screenshots_nasdaq/TRMD/TRMD_Weekly_20260906_070527.png
 delete mode 100644 charts/screenshots_nasdaq/UGP/UGP_1H_20260905_072047.png
 create mode 100644 charts/screenshots_nasdaq/UGP/UGP_1H_20260906_073013.png
 delete mode 100644 charts/screenshots_nasdaq/UGP/UGP_4H_20260905_072047.png
 create mode 100644 charts/screenshots_nasdaq/UGP/UGP_4H_20260906_073013.png
 delete mode 100644 charts/screenshots_nasdaq/UGP/UGP_Daily_20260905_072047.png
 create mode 100644 charts/screenshots_nasdaq/UGP/UGP_Daily_20260906_073013.png
 delete mode 100644 charts/screenshots_nasdaq/UGP/UGP_Monthly_20260905_072047.png
 create mode 100644 charts/screenshots_nasdaq/UGP/UGP_Monthly_20260906_073013.png
 delete mode 100644 charts/screenshots_nasdaq/UGP/UGP_Weekly_20260905_072047.png
 create mode 100644 charts/screenshots_nasdaq/UGP/UGP_Weekly_20260906_073013.png
 delete mode 100644 charts/screenshots_nasdaq/UPST/UPST_1H_20260905_074528.png
 create mode 100644 charts/screenshots_nasdaq/UPST/UPST_1H_20260906_075315.png
 delete mode 100644 charts/screenshots_nasdaq/UPST/UPST_4H_20260905_074528.png
 create mode 100644 charts/screenshots_nasdaq/UPST/UPST_4H_20260906_075315.png
 delete mode 100644 charts/screenshots_nasdaq/UPST/UPST_Daily_20260905_074528.png
 create mode 100644 charts/screenshots_nasdaq/UPST/UPST_Daily_20260906_075315.png
 delete mode 100644 charts/screenshots_nasdaq/UPST/UPST_Monthly_20260905_074528.png
 create mode 100644 charts/screenshots_nasdaq/UPST/UPST_Monthly_20260906_075315.png
 delete mode 100644 charts/screenshots_nasdaq/UPST/UPST_Weekly_20260905_074528.png
 create mode 100644 charts/screenshots_nasdaq/UPST/UPST_Weekly_20260906_075315.png
 delete mode 100644 charts/screenshots_nasdaq/UTI/UTI_1H_20260905_075329.png
 create mode 100644 charts/screenshots_nasdaq/UTI/UTI_1H_20260906_080154.png
 delete mode 100644 charts/screenshots_nasdaq/UTI/UTI_4H_20260905_075329.png
 create mode 100644 charts/screenshots_nasdaq/UTI/UTI_4H_20260906_080154.png
 delete mode 100644 charts/screenshots_nasdaq/UTI/UTI_Daily_20260905_075329.png
 create mode 100644 charts/screenshots_nasdaq/UTI/UTI_Daily_20260906_080154.png
 delete mode 100644 charts/screenshots_nasdaq/UTI/UTI_Monthly_20260905_075329.png
 create mode 100644 charts/screenshots_nasdaq/UTI/UTI_Monthly_20260906_080154.png
 delete mode 100644 charts/screenshots_nasdaq/UTI/UTI_Weekly_20260905_075329.png
 create mode 100644 charts/screenshots_nasdaq/UTI/UTI_Weekly_20260906_080154.png
 delete mode 100644 charts/screenshots_nasdaq/VLO/VLO_1H_20260905_065258.png
 create mode 100644 charts/screenshots_nasdaq/VLO/VLO_1H_20260906_070221.png
 delete mode 100644 charts/screenshots_nasdaq/VLO/VLO_4H_20260905_065258.png
 create mode 100644 charts/screenshots_nasdaq/VLO/VLO_4H_20260906_070221.png
 delete mode 100644 charts/screenshots_nasdaq/VLO/VLO_Daily_20260905_065258.png
 create mode 100644 charts/screenshots_nasdaq/VLO/VLO_Daily_20260906_070221.png
 delete mode 100644 charts/screenshots_nasdaq/VLO/VLO_Monthly_20260905_065258.png
 create mode 100644 charts/screenshots_nasdaq/VLO/VLO_Monthly_20260906_070221.png
 delete mode 100644 charts/screenshots_nasdaq/VLO/VLO_Weekly_20260905_065258.png
 create mode 100644 charts/screenshots_nasdaq/VLO/VLO_Weekly_20260906_070221.png
 delete mode 100644 charts/screenshots_nasdaq/VNET/VNET_1H_20260905_074605.png
 create mode 100644 charts/screenshots_nasdaq/VNET/VNET_1H_20260906_075351.png
 delete mode 100644 charts/screenshots_nasdaq/VNET/VNET_4H_20260905_074605.png
 create mode 100644 charts/screenshots_nasdaq/VNET/VNET_4H_20260906_075351.png
 delete mode 100644 charts/screenshots_nasdaq/VNET/VNET_Daily_20260905_074605.png
 create mode 100644 charts/screenshots_nasdaq/VNET/VNET_Daily_20260906_075351.png
 delete mode 100644 charts/screenshots_nasdaq/VNET/VNET_Monthly_20260905_074605.png
 create mode 100644 charts/screenshots_nasdaq/VNET/VNET_Monthly_20260906_075351.png
 delete mode 100644 charts/screenshots_nasdaq/VNET/VNET_Weekly_20260905_074605.png
 create mode 100644 charts/screenshots_nasdaq/VNET/VNET_Weekly_20260906_075351.png
 delete mode 100644 charts/screenshots_nasdaq/VPG/VPG_1H_20260905_075406.png
 create mode 100644 charts/screenshots_nasdaq/VPG/VPG_1H_20260906_080231.png
 delete mode 100644 charts/screenshots_nasdaq/VPG/VPG_4H_20260905_075406.png
 create mode 100644 charts/screenshots_nasdaq/VPG/VPG_4H_20260906_080231.png
 delete mode 100644 charts/screenshots_nasdaq/VPG/VPG_Daily_20260905_075406.png
 create mode 100644 charts/screenshots_nasdaq/VPG/VPG_Daily_20260906_080231.png
 delete mode 100644 charts/screenshots_nasdaq/VPG/VPG_Monthly_20260905_075406.png
 create mode 100644 charts/screenshots_nasdaq/VPG/VPG_Monthly_20260906_080231.png
 delete mode 100644 charts/screenshots_nasdaq/VPG/VPG_Weekly_20260905_075406.png
 create mode 100644 charts/screenshots_nasdaq/VPG/VPG_Weekly_20260906_080231.png
 rename charts/screenshots_nasdaq/VXX/{VXX_1H_20260905_072811.png => VXX_1H_20260906_073711.png} (100%)
 delete mode 100644 charts/screenshots_nasdaq/VXX/VXX_4H_20260905_072811.png
 create mode 100644 charts/screenshots_nasdaq/VXX/VXX_4H_20260906_073711.png
 delete mode 100644 charts/screenshots_nasdaq/VXX/VXX_Daily_20260905_072811.png
 create mode 100644 charts/screenshots_nasdaq/VXX/VXX_Daily_20260906_073711.png
 delete mode 100644 charts/screenshots_nasdaq/VXX/VXX_Monthly_20260905_072811.png
 create mode 100644 charts/screenshots_nasdaq/VXX/VXX_Monthly_20260906_073711.png
 delete mode 100644 charts/screenshots_nasdaq/VXX/VXX_Weekly_20260905_072811.png
 create mode 100644 charts/screenshots_nasdaq/VXX/VXX_Weekly_20260906_073711.png
 delete mode 100644 charts/screenshots_nasdaq/WING/WING_1H_20260905_074642.png
 create mode 100644 charts/screenshots_nasdaq/WING/WING_1H_20260906_075428.png
 delete mode 100644 charts/screenshots_nasdaq/WING/WING_4H_20260905_074642.png
 create mode 100644 charts/screenshots_nasdaq/WING/WING_4H_20260906_075428.png
 delete mode 100644 charts/screenshots_nasdaq/WING/WING_Daily_20260905_074642.png
 create mode 100644 charts/screenshots_nasdaq/WING/WING_Daily_20260906_075428.png
 delete mode 100644 charts/screenshots_nasdaq/WING/WING_Monthly_20260905_074642.png
 create mode 100644 charts/screenshots_nasdaq/WING/WING_Monthly_20260906_075428.png
 delete mode 100644 charts/screenshots_nasdaq/WING/WING_Weekly_20260905_074642.png
 create mode 100644 charts/screenshots_nasdaq/WING/WING_Weekly_20260906_075428.png
 delete mode 100644 charts/screenshots_nasdaq/WIX/WIX_1H_20260905_071435.png
 create mode 100644 charts/screenshots_nasdaq/WIX/WIX_1H_20260906_072245.png
 delete mode 100644 charts/screenshots_nasdaq/WIX/WIX_4H_20260905_071435.png
 create mode 100644 charts/screenshots_nasdaq/WIX/WIX_4H_20260906_072245.png
 delete mode 100644 charts/screenshots_nasdaq/WIX/WIX_Daily_20260905_071435.png
 create mode 100644 charts/screenshots_nasdaq/WIX/WIX_Daily_20260906_072245.png
 delete mode 100644 charts/screenshots_nasdaq/WIX/WIX_Monthly_20260905_071435.png
 create mode 100644 charts/screenshots_nasdaq/WIX/WIX_Monthly_20260906_072245.png
 delete mode 100644 charts/screenshots_nasdaq/WIX/WIX_Weekly_20260905_071435.png
 create mode 100644 charts/screenshots_nasdaq/WIX/WIX_Weekly_20260906_072245.png
 rename charts/screenshots_nasdaq/XHLD/{XHLD_1H_20260905_070405.png => XHLD_1H_20260906_071214.png} (100%)
 delete mode 100644 charts/screenshots_nasdaq/XHLD/XHLD_4H_20260905_070405.png
 create mode 100644 charts/screenshots_nasdaq/XHLD/XHLD_4H_20260906_071214.png
 delete mode 100644 charts/screenshots_nasdaq/XHLD/XHLD_Daily_20260905_070405.png
 create mode 100644 charts/screenshots_nasdaq/XHLD/XHLD_Daily_20260906_071214.png
 delete mode 100644 charts/screenshots_nasdaq/XHLD/XHLD_Monthly_20260905_070405.png
 create mode 100644 charts/screenshots_nasdaq/XHLD/XHLD_Monthly_20260906_071214.png
 delete mode 100644 charts/screenshots_nasdaq/XHLD/XHLD_Weekly_20260905_070405.png
 create mode 100644 charts/screenshots_nasdaq/XHLD/XHLD_Weekly_20260906_071214.png
 delete mode 100644 charts/screenshots_nasdaq/YJ/YJ_1H_20260905_071855.png
 create mode 100644 charts/screenshots_nasdaq/YJ/YJ_1H_20260906_072745.png
 delete mode 100644 charts/screenshots_nasdaq/YJ/YJ_4H_20260905_071855.png
 create mode 100644 charts/screenshots_nasdaq/YJ/YJ_4H_20260906_072745.png
 delete mode 100644 charts/screenshots_nasdaq/YJ/YJ_Daily_20260905_071855.png
 create mode 100644 charts/screenshots_nasdaq/YJ/YJ_Daily_20260906_072745.png
 delete mode 100644 charts/screenshots_nasdaq/YJ/YJ_Monthly_20260905_071855.png
 create mode 100644 charts/screenshots_nasdaq/YJ/YJ_Monthly_20260906_072745.png
 delete mode 100644 charts/screenshots_nasdaq/YJ/YJ_Weekly_20260905_071855.png
 create mode 100644 charts/screenshots_nasdaq/YJ/YJ_Weekly_20260906_072745.png
 delete mode 100644 charts/screenshots_nasdaq/YSS/YSS_1H_20260905_073153.png
 create mode 100644 charts/screenshots_nasdaq/YSS/YSS_1H_20260906_073936.png
 delete mode 100644 charts/screenshots_nasdaq/YSS/YSS_4H_20260905_073153.png
 create mode 100644 charts/screenshots_nasdaq/YSS/YSS_4H_20260906_073936.png
 delete mode 100644 charts/screenshots_nasdaq/YSS/YSS_Daily_20260905_073153.png
 create mode 100644 charts/screenshots_nasdaq/YSS/YSS_Daily_20260906_073936.png
 delete mode 100644 charts/screenshots_nasdaq/YSS/YSS_Monthly_20260905_073153.png
 create mode 100644 charts/screenshots_nasdaq/YSS/YSS_Monthly_20260906_073936.png
 delete mode 100644 charts/screenshots_nasdaq/YSS/YSS_Weekly_20260905_073153.png
 create mode 100644 charts/screenshots_nasdaq/YSS/YSS_Weekly_20260906_073936.png
[[NASDAQ/NYSE 차트분석]] GitHub 푸시 완료
[[NASDAQ/NYSE 차트분석]] Google Sheets 업데이트 완료 (100개 종목)
[Paper Trading] NASDAQ ranked_df 스냅샷 저장 완료 (209개 종목)

[요약] 전 종목 스캔 완료 – 총 5964.8초 (99.41분) 소요
