[OHLCV] 배치 다운로드 1/4 (150개 종목, period=5y)...
[OHLCV] 배치 다운로드 2/4 (150개 종목, period=5y)...
[OHLCV] 배치 다운로드 3/4 (150개 종목, period=5y)...
[OHLCV] 배치 다운로드 4/4 (68개 종목, period=5y)...
[DataValidator] 14건의 데이터 품질 경고 발생
Warning:  EQR: Close NaN 비율 98.8% (기준: 30%)
Warning:  PDD: 비정상 가격 변동 56.1% (2022-03-16) — 스플릿/데이터 오류 가능
Warning:  DAY: Close NaN 비율 100.0% (기준: 30%)
Warning:  GEV: Close NaN 비율 51.2% (기준: 30%)
Warning:  GL: 비정상 가격 변동 53.1% (2024-04-11) — 스플릿/데이터 오류 가능
Warning:  HOLX: Close NaN 비율 100.0% (기준: 30%)
Warning:  KVUE: Close NaN 비율 33.2% (기준: 30%)
Warning:  SOLV: Close NaN 비율 51.1% (기준: 30%)
Warning:  AVB: Close NaN 비율 97.8% (기준: 30%)
Warning:  BK: Close NaN 비율 100.0% (기준: 30%)
Warning:  CTRA: Close NaN 비율 100.0% (기준: 30%)
Warning:  EA: Close NaN 비율 99.5% (기준: 30%)
Warning:  MRNA: 비정상 가격 변동 177.0% (2026-08-19) — 스플릿/데이터 오류 가능
Warning:  VLTO: Close NaN 비율 41.6% (기준: 30%)
[[SP500 분석]] 강한 섹터: {'Information Technology', 'Communication Services', 'Health Care', 'Financials', 'Energy'}
[DataValidator] 1건의 데이터 품질 경고 발생
Warning:  MRNA: 비정상 가격 변동 177.0% (2026-08-19) — 스플릿/데이터 오류 가능
[[SP500 분석]] Extreme model 'label_low' walk-forward ROC 0.65, AP 0.41
[[SP500 분석]] Extreme model 'label_high' walk-forward ROC 0.61, AP 0.31
[[SP500 분석]] Google Sheets 업데이트 완료
[Email] 바닥반등 28개 + 모멘텀 64개 = 총 92개 종목 리스트를 chunghwan14@gmail.com, roykim0311@gmail.com, ssamjungtan@naver.com로 발송 완료
[[SP500 분석]] Signals 결과 기반 차트분석 종목 리스트 생성 중...
[Dynamic Portfolio] 생성된 차트분석 종목 리스트(94개): ['NBM.V', 'BAC', 'DIS', 'DHT', 'PSX', 'PM', 'DASH', 'SMCI', 'AMGN', 'FCX', 'CSCO', 'T', 'ASML', 'GILD', 'AAPL', 'MRNA', 'SPGI', 'WDAY', 'MSFT', 'CAT', 'SCHW', 'LIN', 'SNPS', 'MRK', 'UNP', 'NVDA', 'GOOGL', 'NOW', 'IWM', 'HPE', 'AXP', 'MPC', 'SPY', 'DELL', 'KO', 'TJX', 'AMZN', 'LLY', 'NEE', 'AMAT', 'RTX', 'V', 'MU', 'ROST', 'TEAM', 'ADBE', 'ANET', 'ETN', 'CRM', 'PFE', 'COIN', 'ABBV', 'PLTR', 'CVX', 'VZ', 'MS', 'COP', 'MA', 'ABNB', 'TMO', 'C', 'MDT', 'NEM', 'WFC', 'CRWD', 'JPM', 'GE', 'GOOG', 'PANW', 'NFLX', 'VLO', 'PG', 'FTNT', 'TGT', 'MCK', 'UNH', 'BKNG', 'JNJ', 'HOOD', 'PYPL', 'DE', 'UBER', 'LRCX', 'GS', 'MELI', 'HWM', 'APH', 'DDOG', 'XOM', 'SYK', 'BA', 'QQQ', 'PCG', 'ABT']
[[SP500 차트분석]] [SP500 분석] 결과 기반 [SP500 차트분석] 시트 생성 중 (94개 종목)...
[[SP500 차트분석]] [SP500 분석]에 없는 종목은 별도 분석: ['NBM.V', 'DHT']
[DataValidator] 1건의 데이터 품질 경고 발생
Warning:  NBM.V: 비정상 가격 변동 56.3% (2024-09-25) — 스플릿/데이터 오류 가능
[[SP500 차트분석]] 강한 섹터: {'Information Technology', 'Communication Services', 'Health Care', 'Financials', 'Energy'}
[[SP500 차트분석]] Extreme model 'global' skipped: insufficient_tickers
[[SP500 차트분석]] 기존 차트 파일 삭제 중...
[[SP500 차트분석]] 차트 저장 디렉토리 준비 완료: charts/screenshots
[[SP500 차트분석]] TradingView 차트 캡처 시작...
[[SP500 차트분석]] 94개 종목 차트 캡처 중...
[TradingView] VLO 브라우저 세션 시작  (로그인 세션)...
[TradingView] 1H 캡처 완료 (60)
[TradingView] 4H 캡처 완료 (240)
[TradingView] Daily 캡처 완료 (D)
[TradingView] Weekly 캡처 완료 (W)
[TradingView] Monthly 캡처 완료 (M)
[[SP500 차트분석]] VLO 차트 5개 처리 완료
[TradingView] DASH 브라우저 세션 시작  (로그인 세션)...
[TradingView] 1H 캡처 완료 (60)
[TradingView] 4H 캡처 완료 (240)
[TradingView] Daily 캡처 완료 (D)
[TradingView] Weekly 캡처 완료 (W)
[TradingView] Monthly 캡처 완료 (M)
[[SP500 차트분석]] DASH 차트 5개 처리 완료
[TradingView] SCHW 브라우저 세션 시작  (로그인 세션)...
[TradingView] 1H 캡처 완료 (60)
[TradingView] 4H 캡처 완료 (240)
[TradingView] Daily 캡처 완료 (D)
[TradingView] Weekly 캡처 완료 (W)
[TradingView] Monthly 캡처 완료 (M)
[[SP500 차트분석]] SCHW 차트 5개 처리 완료
[TradingView] PYPL 브라우저 세션 시작  (로그인 세션)...
[TradingView] 1H 캡처 완료 (60)
[TradingView] 4H 캡처 완료 (240)
[TradingView] Daily 캡처 완료 (D)
[TradingView] Weekly 캡처 완료 (W)
[TradingView] Monthly 캡처 완료 (M)
[[SP500 차트분석]] PYPL 차트 5개 처리 완료
[TradingView] T 브라우저 세션 시작  (로그인 세션)...
[TradingView] 1H 캡처 완료 (60)
[TradingView] 4H 캡처 완료 (240)
[TradingView] Daily 캡처 완료 (D)
[TradingView] Weekly 캡처 완료 (W)
[TradingView] Monthly 캡처 완료 (M)
[[SP500 차트분석]] T 차트 5개 처리 완료
[TradingView] KO 브라우저 세션 시작  (로그인 세션)...
[TradingView] 1H 캡처 완료 (60)
[TradingView] 4H 캡처 완료 (240)
[TradingView] Daily 캡처 완료 (D)
[TradingView] Weekly 캡처 완료 (W)
[TradingView] Monthly 캡처 완료 (M)
[[SP500 차트분석]] KO 차트 5개 처리 완료
[TradingView] DIS 브라우저 세션 시작  (로그인 세션)...
[TradingView] 1H 캡처 완료 (60)
[TradingView] 4H 캡처 완료 (240)
[TradingView] Daily 캡처 완료 (D)
[TradingView] Weekly 캡처 완료 (W)
[TradingView] Monthly 캡처 완료 (M)
[[SP500 차트분석]] DIS 차트 5개 처리 완료
[TradingView] COP 브라우저 세션 시작  (로그인 세션)...
[TradingView] 1H 캡처 완료 (60)
[TradingView] 4H 캡처 완료 (240)
[TradingView] Daily 캡처 완료 (D)
[TradingView] Weekly 캡처 완료 (W)
[TradingView] Monthly 캡처 완료 (M)
[[SP500 차트분석]] COP 차트 5개 처리 완료
[TradingView] XOM 브라우저 세션 시작  (로그인 세션)...
[TradingView] 1H 캡처 완료 (60)
[TradingView] 4H 캡처 완료 (240)
[TradingView] Daily 캡처 완료 (D)
[TradingView] Weekly 캡처 완료 (W)
[TradingView] Monthly 캡처 완료 (M)
[[SP500 차트분석]] XOM 차트 5개 처리 완료
[TradingView] CVX 브라우저 세션 시작  (로그인 세션)...
[TradingView] 1H 캡처 완료 (60)
[TradingView] 4H 캡처 완료 (240)
[TradingView] Daily 캡처 완료 (D)
[TradingView] Weekly 캡처 완료 (W)
[TradingView] Monthly 캡처 완료 (M)
[[SP500 차트분석]] CVX 차트 5개 처리 완료
[TradingView] ABT 브라우저 세션 시작  (로그인 세션)...
[TradingView] 1H 캡처 완료 (60)
[TradingView] 4H 캡처 완료 (240)
[TradingView] Daily 캡처 완료 (D)
[TradingView] Weekly 캡처 완료 (W)
[TradingView] Monthly 캡처 완료 (M)
[[SP500 차트분석]] ABT 차트 5개 처리 완료
[TradingView] HPE 브라우저 세션 시작  (로그인 세션)...
[TradingView] 1H 캡처 완료 (60)
[TradingView] 4H 캡처 완료 (240)
[TradingView] Daily 캡처 완료 (D)
[TradingView] Weekly 캡처 완료 (W)
[TradingView] Monthly 캡처 완료 (M)
[[SP500 차트분석]] HPE 차트 5개 처리 완료
[TradingView] UNP 브라우저 세션 시작  (로그인 세션)...
[TradingView] 1H 캡처 완료 (60)
[TradingView] 4H 캡처 완료 (240)
[TradingView] Daily 캡처 완료 (D)
[TradingView] Weekly 캡처 완료 (W)
[TradingView] Monthly 캡처 완료 (M)
[[SP500 차트분석]] UNP 차트 5개 처리 완료
[TradingView] NOW 브라우저 세션 시작  (로그인 세션)...
[TradingView] 1H 캡처 완료 (60)
[TradingView] 4H 캡처 완료 (240)
[TradingView] Daily 캡처 완료 (D)
[TradingView] Weekly 캡처 완료 (W)
[TradingView] Monthly 캡처 완료 (M)
[[SP500 차트분석]] NOW 차트 5개 처리 완료
[TradingView] SMCI 브라우저 세션 시작  (로그인 세션)...
[TradingView] 1H 캡처 완료 (60)
[TradingView] 4H 캡처 완료 (240)
[TradingView] Daily 캡처 완료 (D)
[TradingView] Weekly 캡처 완료 (W)
[TradingView] Monthly 캡처 완료 (M)
[[SP500 차트분석]] SMCI 차트 5개 처리 완료
[TradingView] WDAY 브라우저 세션 시작  (로그인 세션)...
[TradingView] 1H 캡처 완료 (60)
[TradingView] 4H 캡처 완료 (240)
[TradingView] Daily 캡처 완료 (D)
[TradingView] Weekly 캡처 완료 (W)
[TradingView] Monthly 캡처 완료 (M)
[[SP500 차트분석]] WDAY 차트 5개 처리 완료
[TradingView] TEAM 브라우저 세션 시작  (로그인 세션)...
[TradingView] 1H 캡처 완료 (60)
[TradingView] 4H 캡처 완료 (240)
[TradingView] Daily 캡처 완료 (D)
[TradingView] Weekly 캡처 완료 (W)
[TradingView] Monthly 캡처 완료 (M)
[[SP500 차트분석]] TEAM 차트 5개 처리 완료
[TradingView] ABBV 브라우저 세션 시작  (로그인 세션)...
[TradingView] 1H 캡처 완료 (60)
[TradingView] 4H 캡처 완료 (240)
[TradingView] Daily 캡처 완료 (D)
[TradingView] Weekly 캡처 완료 (W)
[TradingView] Monthly 캡처 완료 (M)
[[SP500 차트분석]] ABBV 차트 5개 처리 완료
[TradingView] NEM 브라우저 세션 시작  (로그인 세션)...
[TradingView] 1H 캡처 완료 (60)
[TradingView] 4H 캡처 완료 (240)
[TradingView] Daily 캡처 완료 (D)
[TradingView] Weekly 캡처 완료 (W)
[TradingView] Monthly 캡처 완료 (M)
[[SP500 차트분석]] NEM 차트 5개 처리 완료
[TradingView] ABNB 브라우저 세션 시작  (로그인 세션)...
[TradingView] 1H 캡처 완료 (60)
[TradingView] 4H 캡처 완료 (240)
[TradingView] Daily 캡처 완료 (D)
[TradingView] Weekly 캡처 완료 (W)
[TradingView] Monthly 캡처 완료 (M)
[[SP500 차트분석]] ABNB 차트 5개 처리 완료
[TradingView] AMGN 브라우저 세션 시작  (로그인 세션)...
[TradingView] 1H 캡처 완료 (60)
[TradingView] 4H 캡처 완료 (240)
[TradingView] Daily 캡처 완료 (D)
[TradingView] Weekly 캡처 완료 (W)
[TradingView] Monthly 캡처 완료 (M)
[[SP500 차트분석]] AMGN 차트 5개 처리 완료
[TradingView] GILD 브라우저 세션 시작  (로그인 세션)...
[TradingView] 1H 캡처 완료 (60)
[TradingView] 4H 캡처 완료 (240)
[TradingView] Daily 캡처 완료 (D)
[TradingView] Weekly 캡처 완료 (W)
[TradingView] Monthly 캡처 완료 (M)
[[SP500 차트분석]] GILD 차트 5개 처리 완료
[TradingView] JNJ 브라우저 세션 시작  (로그인 세션)...
[TradingView] 1H 캡처 완료 (60)
[TradingView] 4H 캡처 완료 (240)
[TradingView] Daily 캡처 완료 (D)
[TradingView] Weekly 캡처 완료 (W)
[TradingView] Monthly 캡처 완료 (M)
[[SP500 차트분석]] JNJ 차트 5개 처리 완료
[TradingView] MRK 브라우저 세션 시작  (로그인 세션)...
[TradingView] 1H 캡처 완료 (60)
[TradingView] 4H 캡처 완료 (240)
[TradingView] Daily 캡처 완료 (D)
[TradingView] Weekly 캡처 완료 (W)
[TradingView] Monthly 캡처 완료 (M)
[[SP500 차트분석]] MRK 차트 5개 처리 완료
[TradingView] MRNA 브라우저 세션 시작  (로그인 세션)...
[TradingView] 1H 캡처 완료 (60)
[TradingView] 4H 캡처 완료 (240)
[TradingView] Daily 캡처 완료 (D)
[TradingView] Weekly 캡처 완료 (W)
[TradingView] Monthly 캡처 완료 (M)
[[SP500 차트분석]] MRNA 차트 5개 처리 완료
[TradingView] MSFT 브라우저 세션 시작  (로그인 세션)...
[TradingView] 1H 캡처 완료 (60)
[TradingView] 4H 캡처 완료 (240)
[TradingView] Daily 캡처 완료 (D)
[TradingView] Weekly 캡처 완료 (W)
[TradingView] Monthly 캡처 완료 (M)
[[SP500 차트분석]] MSFT 차트 5개 처리 완료
[TradingView] PFE 브라우저 세션 시작  (로그인 세션)...
[TradingView] 1H 캡처 완료 (60)
[TradingView] 4H 캡처 완료 (240)
[TradingView] Daily 캡처 완료 (D)
[TradingView] Weekly 캡처 완료 (W)
[TradingView] Monthly 캡처 완료 (M)
[[SP500 차트분석]] PFE 차트 5개 처리 완료
[TradingView] TGT 브라우저 세션 시작  (로그인 세션)...
[TradingView] 1H 캡처 완료 (60)
[TradingView] 4H 캡처 완료 (240)
[TradingView] Daily 캡처 완료 (D)
[TradingView] Weekly 캡처 완료 (W)
[TradingView] Monthly 캡처 완료 (M)
[[SP500 차트분석]] TGT 차트 5개 처리 완료
[TradingView] TMO 브라우저 세션 시작  (로그인 세션)...
[TradingView] 1H 캡처 완료 (60)
[TradingView] 4H 캡처 완료 (240)
[TradingView] Daily 캡처 완료 (D)
[TradingView] Weekly 캡처 완료 (W)
[TradingView] Monthly 캡처 완료 (M)
[[SP500 차트분석]] TMO 차트 5개 처리 완료
[TradingView] IWM 브라우저 세션 시작  (로그인 세션)...
[TradingView] 1H 캡처 완료 (60)
[TradingView] 4H 캡처 완료 (240)
[TradingView] Daily 캡처 완료 (D)
[TradingView] Weekly 캡처 완료 (W)
[TradingView] Monthly 캡처 완료 (M)
[[SP500 차트분석]] IWM 차트 5개 처리 완료
[TradingView] BKNG 브라우저 세션 시작  (로그인 세션)...
[TradingView] 1H 캡처 완료 (60)
[TradingView] 4H 캡처 완료 (240)
[TradingView] Daily 캡처 완료 (D)
[TradingView] Weekly 캡처 완료 (W)
[TradingView] Monthly 캡처 완료 (M)
[[SP500 차트분석]] BKNG 차트 5개 처리 완료
[TradingView] ADBE 브라우저 세션 시작  (로그인 세션)...
[TradingView] 1H 캡처 완료 (60)
[TradingView] 4H 캡처 완료 (240)
[TradingView] Daily 캡처 완료 (D)
[TradingView] Weekly 캡처 완료 (W)
[TradingView] Monthly 캡처 완료 (M)
[[SP500 차트분석]] ADBE 차트 5개 처리 완료
[TradingView] VZ 브라우저 세션 시작  (로그인 세션)...
[TradingView] 1H 캡처 완료 (60)
[TradingView] 4H 캡처 완료 (240)
[TradingView] Daily 캡처 완료 (D)
[TradingView] Weekly 캡처 완료 (W)
[TradingView] Monthly 캡처 완료 (M)
[[SP500 차트분석]] VZ 차트 5개 처리 완료
[TradingView] RTX 브라우저 세션 시작  (로그인 세션)...
[TradingView] 1H 캡처 완료 (60)
[TradingView] 4H 캡처 완료 (240)
[TradingView] Daily 캡처 완료 (D)
[TradingView] Weekly 캡처 완료 (W)
[TradingView] Monthly 캡처 완료 (M)
[[SP500 차트분석]] RTX 차트 5개 처리 완료
[TradingView] AMZN 브라우저 세션 시작  (로그인 세션)...
[TradingView] 1H 캡처 완료 (60)
[TradingView] 4H 캡처 완료 (240)
[TradingView] Daily 캡처 완료 (D)
[TradingView] Weekly 캡처 완료 (W)
[TradingView] Monthly 캡처 완료 (M)
[[SP500 차트분석]] AMZN 차트 5개 처리 완료
[TradingView] FTNT 브라우저 세션 시작  (로그인 세션)...
[TradingView] 1H 캡처 완료 (60)
[TradingView] 4H 캡처 완료 (240)
[TradingView] Daily 캡처 완료 (D)
[TradingView] Weekly 캡처 완료 (W)
[TradingView] Monthly 캡처 완료 (M)
[[SP500 차트분석]] FTNT 차트 5개 처리 완료
[TradingView] BAC 브라우저 세션 시작  (로그인 세션)...
[TradingView] 1H 캡처 완료 (60)
[TradingView] 4H 캡처 완료 (240)
[TradingView] Daily 캡처 완료 (D)
[TradingView] Weekly 캡처 완료 (W)
[TradingView] Monthly 캡처 완료 (M)
[[SP500 차트분석]] BAC 차트 5개 처리 완료
[TradingView] UNH 브라우저 세션 시작  (로그인 세션)...
[TradingView] 1H 캡처 완료 (60)
[TradingView] 4H 캡처 완료 (240)
[TradingView] Daily 캡처 완료 (D)
[TradingView] Weekly 캡처 완료 (W)
[TradingView] Monthly 캡처 완료 (M)
[[SP500 차트분석]] UNH 차트 5개 처리 완료
[TradingView] MELI 브라우저 세션 시작  (로그인 세션)...
[TradingView] 1H 캡처 완료 (60)
[TradingView] 4H 캡처 완료 (240)
[TradingView] Daily 캡처 완료 (D)
[TradingView] Weekly 캡처 완료 (W)
[TradingView] Monthly 캡처 완료 (M)
[[SP500 차트분석]] MELI 차트 5개 처리 완료
[TradingView] CSCO 브라우저 세션 시작  (로그인 세션)...
[TradingView] 1H 캡처 완료 (60)
[TradingView] 4H 캡처 완료 (240)
[TradingView] Daily 캡처 완료 (D)
[TradingView] Weekly 캡처 완료 (W)
[TradingView] Monthly 캡처 완료 (M)
[[SP500 차트분석]] CSCO 차트 5개 처리 완료
[TradingView] DELL 브라우저 세션 시작  (로그인 세션)...
[TradingView] 1H 캡처 완료 (60)
[TradingView] 4H 캡처 완료 (240)
[TradingView] Daily 캡처 완료 (D)
[TradingView] Weekly 캡처 완료 (W)
[TradingView] Monthly 캡처 완료 (M)
[[SP500 차트분석]] DELL 차트 5개 처리 완료
[TradingView] UBER 브라우저 세션 시작  (로그인 세션)...
[TradingView] 1H 캡처 완료 (60)
[TradingView] 4H 캡처 완료 (240)
[TradingView] Daily 캡처 완료 (D)
[TradingView] Weekly 캡처 완료 (W)
[TradingView] Monthly 캡처 완료 (M)
[[SP500 차트분석]] UBER 차트 5개 처리 완료
[TradingView] MA 브라우저 세션 시작  (로그인 세션)...
[TradingView] 1H 캡처 완료 (60)
[TradingView] 4H 캡처 완료 (240)
[TradingView] Daily 캡처 완료 (D)
[TradingView] Weekly 캡처 완료 (W)
[TradingView] Monthly 캡처 완료 (M)
[[SP500 차트분석]] MA 차트 5개 처리 완료
[TradingView] AAPL 브라우저 세션 시작  (로그인 세션)...
[TradingView] 1H 캡처 완료 (60)
[TradingView] 4H 캡처 완료 (240)
[TradingView] Daily 캡처 완료 (D)
[TradingView] Weekly 캡처 완료 (W)
[TradingView] Monthly 캡처 완료 (M)
[[SP500 차트분석]] AAPL 차트 5개 처리 완료
[TradingView] CRWD 브라우저 세션 시작  (로그인 세션)...
[TradingView] 1H 캡처 완료 (60)
[TradingView] 4H 캡처 완료 (240)
[TradingView] Daily 캡처 완료 (D)
[TradingView] Weekly 캡처 완료 (W)
[TradingView] Monthly 캡처 완료 (M)
[[SP500 차트분석]] CRWD 차트 5개 처리 완료
[TradingView] DE 브라우저 세션 시작  (로그인 세션)...
[TradingView] 1H 캡처 완료 (60)
[TradingView] 4H 캡처 완료 (240)
[TradingView] Daily 캡처 완료 (D)
[TradingView] Weekly 캡처 완료 (W)
[TradingView] Monthly 캡처 완료 (M)
[[SP500 차트분석]] DE 차트 5개 처리 완료
[TradingView] MCK 브라우저 세션 시작  (로그인 세션)...
[TradingView] 1H 캡처 완료 (60)
[TradingView] 4H 캡처 완료 (240)
[TradingView] Daily 캡처 완료 (D)
[TradingView] Weekly 캡처 완료 (W)
[TradingView] Monthly 캡처 완료 (M)
[[SP500 차트분석]] MCK 차트 5개 처리 완료
[TradingView] NVDA 브라우저 세션 시작  (로그인 세션)...
[TradingView] 1H 캡처 완료 (60)
[TradingView] 4H 캡처 완료 (240)
[TradingView] Daily 캡처 완료 (D)
[TradingView] Weekly 캡처 완료 (W)
[TradingView] Monthly 캡처 완료 (M)
[[SP500 차트분석]] NVDA 차트 5개 처리 완료
[TradingView] PLTR 브라우저 세션 시작  (로그인 세션)...
[TradingView] 1H 캡처 완료 (60)
[TradingView] 4H 캡처 완료 (240)
[TradingView] Daily 캡처 완료 (D)
[TradingView] Weekly 캡처 완료 (W)
[TradingView] Monthly 캡처 완료 (M)
[[SP500 차트분석]] PLTR 차트 5개 처리 완료
[TradingView] MDT 브라우저 세션 시작  (로그인 세션)...
[TradingView] 1H 캡처 완료 (60)
[TradingView] 4H 캡처 완료 (240)
[TradingView] Daily 캡처 완료 (D)
[TradingView] Weekly 캡처 완료 (W)
[TradingView] Monthly 캡처 완료 (M)
[[SP500 차트분석]] MDT 차트 5개 처리 완료
[TradingView] MPC 브라우저 세션 시작  (로그인 세션)...
[TradingView] 1H 캡처 완료 (60)
[TradingView] 4H 캡처 완료 (240)
[TradingView] Daily 캡처 완료 (D)
[TradingView] Weekly 캡처 완료 (W)
[TradingView] Monthly 캡처 완료 (M)
[[SP500 차트분석]] MPC 차트 5개 처리 완료
[TradingView] MU 브라우저 세션 시작  (로그인 세션)...
[TradingView] 1H 캡처 완료 (60)
[TradingView] 4H 캡처 완료 (240)
[TradingView] Daily 캡처 완료 (D)
[TradingView] Weekly 캡처 완료 (W)
[TradingView] Monthly 캡처 완료 (M)
[[SP500 차트분석]] MU 차트 5개 처리 완료
[TradingView] PSX 브라우저 세션 시작  (로그인 세션)...
[TradingView] 1H 캡처 완료 (60)
[TradingView] 4H 캡처 완료 (240)
[TradingView] Daily 캡처 완료 (D)
[TradingView] Weekly 캡처 완료 (W)
[TradingView] Monthly 캡처 완료 (M)
[[SP500 차트분석]] PSX 차트 5개 처리 완료
[TradingView] PANW 브라우저 세션 시작  (로그인 세션)...
[TradingView] 1H 캡처 완료 (60)
[TradingView] 4H 캡처 완료 (240)
[TradingView] Daily 캡처 완료 (D)
[TradingView] Weekly 캡처 완료 (W)
[TradingView] Monthly 캡처 완료 (M)
[[SP500 차트분석]] PANW 차트 5개 처리 완료
[TradingView] LLY 브라우저 세션 시작  (로그인 세션)...
[TradingView] 1H 캡처 완료 (60)
[TradingView] 4H 캡처 완료 (240)
[TradingView] Daily 캡처 완료 (D)
[TradingView] Weekly 캡처 완료 (W)
[TradingView] Monthly 캡처 완료 (M)
[[SP500 차트분석]] LLY 차트 5개 처리 완료
[TradingView] CRM 브라우저 세션 시작  (로그인 세션)...
[TradingView] 1H 캡처 완료 (60)
[TradingView] 4H 캡처 완료 (240)
[TradingView] Daily 캡처 완료 (D)
[TradingView] Weekly 캡처 완료 (W)
[TradingView] Monthly 캡처 완료 (M)
[[SP500 차트분석]] CRM 차트 5개 처리 완료
[TradingView] ROST 브라우저 세션 시작  (로그인 세션)...
[TradingView] 1H 캡처 완료 (60)
[TradingView] 4H 캡처 완료 (240)
[TradingView] Daily 캡처 완료 (D)
[TradingView] Weekly 캡처 완료 (W)
[TradingView] Monthly 캡처 완료 (M)
[[SP500 차트분석]] ROST 차트 5개 처리 완료
[TradingView] WFC 브라우저 세션 시작  (로그인 세션)...
[TradingView] 1H 캡처 완료 (60)
[TradingView] 4H 캡처 완료 (240)
[TradingView] Daily 캡처 완료 (D)
[TradingView] Weekly 캡처 완료 (W)
[TradingView] Monthly 캡처 완료 (M)
[[SP500 차트분석]] WFC 차트 5개 처리 완료
[TradingView] C 브라우저 세션 시작  (로그인 세션)...
[TradingView] 1H 캡처 완료 (60)
[TradingView] 4H 캡처 완료 (240)
[TradingView] Daily 캡처 완료 (D)
[TradingView] Weekly 캡처 완료 (W)
[TradingView] Monthly 캡처 완료 (M)
[[SP500 차트분석]] C 차트 5개 처리 완료
[TradingView] JPM 브라우저 세션 시작  (로그인 세션)...
[TradingView] 1H 캡처 완료 (60)
[TradingView] 4H 캡처 완료 (240)
[TradingView] Daily 캡처 완료 (D)
[TradingView] Weekly 캡처 완료 (W)
[TradingView] Monthly 캡처 완료 (M)
[[SP500 차트분석]] JPM 차트 5개 처리 완료
[TradingView] ANET 브라우저 세션 시작  (로그인 세션)...
[TradingView] 1H 캡처 완료 (60)
[TradingView] 4H 캡처 완료 (240)
[TradingView] Daily 캡처 완료 (D)
[TradingView] Weekly 캡처 완료 (W)
[TradingView] Monthly 캡처 완료 (M)
[[SP500 차트분석]] ANET 차트 5개 처리 완료
[TradingView] SPGI 브라우저 세션 시작  (로그인 세션)...
[TradingView] 1H 캡처 완료 (60)
[TradingView] 4H 캡처 완료 (240)
[TradingView] Daily 캡처 완료 (D)
[TradingView] Weekly 캡처 완료 (W)
[TradingView] Monthly 캡처 완료 (M)
[[SP500 차트분석]] SPGI 차트 5개 처리 완료
[TradingView] APH 브라우저 세션 시작  (로그인 세션)...
[TradingView] 1H 캡처 완료 (60)
[TradingView] 4H 캡처 완료 (240)
[TradingView] Daily 캡처 완료 (D)
[TradingView] Weekly 캡처 완료 (W)
[TradingView] Monthly 캡처 완료 (M)
[[SP500 차트분석]] APH 차트 5개 처리 완료
[TradingView] V 브라우저 세션 시작  (로그인 세션)...
[TradingView] 1H 캡처 완료 (60)
[TradingView] 4H 캡처 완료 (240)
[TradingView] Daily 캡처 완료 (D)
[TradingView] Weekly 캡처 완료 (W)
[TradingView] Monthly 캡처 완료 (M)
[[SP500 차트분석]] V 차트 5개 처리 완료
[TradingView] FCX 브라우저 세션 시작  (로그인 세션)...
[TradingView] 1H 캡처 완료 (60)
[TradingView] 4H 캡처 완료 (240)
[TradingView] Daily 캡처 완료 (D)
[TradingView] Weekly 캡처 완료 (W)
[TradingView] Monthly 캡처 완료 (M)
[[SP500 차트분석]] FCX 차트 5개 처리 완료
[TradingView] COIN 브라우저 세션 시작  (로그인 세션)...
[TradingView] 1H 캡처 완료 (60)
[TradingView] 4H 캡처 완료 (240)
[TradingView] Daily 캡처 완료 (D)
[TradingView] Weekly 캡처 완료 (W)
[TradingView] Monthly 캡처 완료 (M)
[[SP500 차트분석]] COIN 차트 5개 처리 완료
[TradingView] HOOD 브라우저 세션 시작  (로그인 세션)...
[TradingView] 1H 캡처 완료 (60)
[TradingView] 4H 캡처 완료 (240)
[TradingView] Daily 캡처 완료 (D)
[TradingView] Weekly 캡처 완료 (W)
[TradingView] Monthly 캡처 완료 (M)
[[SP500 차트분석]] HOOD 차트 5개 처리 완료
[TradingView] QQQ 브라우저 세션 시작  (로그인 세션)...
[TradingView] 1H 캡처 완료 (60)
[TradingView] 4H 캡처 완료 (240)
[TradingView] Daily 캡처 완료 (D)
[TradingView] Weekly 캡처 완료 (W)
[TradingView] Monthly 캡처 완료 (M)
[[SP500 차트분석]] QQQ 차트 5개 처리 완료
[TradingView] SPY 브라우저 세션 시작  (로그인 세션)...
[TradingView] 1H 캡처 완료 (60)
[TradingView] 4H 캡처 완료 (240)
[TradingView] Daily 캡처 완료 (D)
[TradingView] Weekly 캡처 완료 (W)
[TradingView] Monthly 캡처 완료 (M)
[[SP500 차트분석]] SPY 차트 5개 처리 완료
[TradingView] ASML 브라우저 세션 시작  (로그인 세션)...
[TradingView] 1H 캡처 완료 (60)
[TradingView] 4H 캡처 완료 (240)
[TradingView] Daily 캡처 완료 (D)
[TradingView] Weekly 캡처 완료 (W)
[TradingView] Monthly 캡처 완료 (M)
[[SP500 차트분석]] ASML 차트 5개 처리 완료
[TradingView] AXP 브라우저 세션 시작  (로그인 세션)...
[TradingView] 1H 캡처 완료 (60)
[TradingView] 4H 캡처 완료 (240)
[TradingView] Daily 캡처 완료 (D)
[TradingView] Weekly 캡처 완료 (W)
[TradingView] Monthly 캡처 완료 (M)
[[SP500 차트분석]] AXP 차트 5개 처리 완료
[TradingView] SYK 브라우저 세션 시작  (로그인 세션)...
[TradingView] 1H 캡처 완료 (60)
[TradingView] 4H 캡처 완료 (240)
[TradingView] Daily 캡처 완료 (D)
[TradingView] Weekly 캡처 완료 (W)
[TradingView] Monthly 캡처 완료 (M)
[[SP500 차트분석]] SYK 차트 5개 처리 완료
[TradingView] GS 브라우저 세션 시작  (로그인 세션)...
[TradingView] 1H 캡처 완료 (60)
[TradingView] 4H 캡처 완료 (240)
[TradingView] Daily 캡처 완료 (D)
[TradingView] Weekly 캡처 완료 (W)
[TradingView] Monthly 캡처 완료 (M)
[[SP500 차트분석]] GS 차트 5개 처리 완료
[TradingView] MS 브라우저 세션 시작  (로그인 세션)...
[TradingView] 1H 캡처 완료 (60)
[TradingView] 4H 캡처 완료 (240)
[TradingView] Daily 캡처 완료 (D)
[TradingView] Weekly 캡처 완료 (W)
[TradingView] Monthly 캡처 완료 (M)
[[SP500 차트분석]] MS 차트 5개 처리 완료
[TradingView] PM 브라우저 세션 시작  (로그인 세션)...
[TradingView] 1H 캡처 완료 (60)
[TradingView] 4H 캡처 완료 (240)
[TradingView] Daily 캡처 완료 (D)
[TradingView] Weekly 캡처 완료 (W)
[TradingView] Monthly 캡처 완료 (M)
[[SP500 차트분석]] PM 차트 5개 처리 완료
[TradingView] ETN 브라우저 세션 시작  (로그인 세션)...
[TradingView] 1H 캡처 완료 (60)
[TradingView] 4H 캡처 완료 (240)
[TradingView] Daily 캡처 완료 (D)
[TradingView] Weekly 캡처 완료 (W)
[TradingView] Monthly 캡처 완료 (M)
[[SP500 차트분석]] ETN 차트 5개 처리 완료
[TradingView] LRCX 브라우저 세션 시작  (로그인 세션)...
[TradingView] 1H 캡처 완료 (60)
[TradingView] 4H 캡처 완료 (240)
[TradingView] Daily 캡처 완료 (D)
[TradingView] Weekly 캡처 완료 (W)
[TradingView] Monthly 캡처 완료 (M)
[[SP500 차트분석]] LRCX 차트 5개 처리 완료
[TradingView] NFLX 브라우저 세션 시작  (로그인 세션)...
[TradingView] 1H 캡처 완료 (60)
[TradingView] 4H 캡처 완료 (240)
[TradingView] Daily 캡처 완료 (D)
[TradingView] Weekly 캡처 완료 (W)
[TradingView] Monthly 캡처 완료 (M)
[[SP500 차트분석]] NFLX 차트 5개 처리 완료
[TradingView] HWM 브라우저 세션 시작  (로그인 세션)...
[TradingView] 1H 캡처 완료 (60)
[TradingView] 4H 캡처 완료 (240)
[TradingView] Daily 캡처 완료 (D)
[TradingView] Weekly 캡처 완료 (W)
[TradingView] Monthly 캡처 완료 (M)
[[SP500 차트분석]] HWM 차트 5개 처리 완료
[TradingView] SNPS 브라우저 세션 시작  (로그인 세션)...
[TradingView] 1H 캡처 완료 (60)
[TradingView] 4H 캡처 완료 (240)
[TradingView] Daily 캡처 완료 (D)
[TradingView] Weekly 캡처 완료 (W)
[TradingView] Monthly 캡처 완료 (M)
[[SP500 차트분석]] SNPS 차트 5개 처리 완료
[TradingView] GE 브라우저 세션 시작  (로그인 세션)...
[TradingView] 1H 캡처 완료 (60)
[TradingView] 4H 캡처 완료 (240)
[TradingView] Daily 캡처 완료 (D)
[TradingView] Weekly 캡처 완료 (W)
[TradingView] Monthly 캡처 완료 (M)
[[SP500 차트분석]] GE 차트 5개 처리 완료
[TradingView] PCG 브라우저 세션 시작  (로그인 세션)...
[TradingView] 1H 캡처 완료 (60)
[TradingView] 4H 캡처 완료 (240)
[TradingView] Daily 캡처 완료 (D)
[TradingView] Weekly 캡처 완료 (W)
[TradingView] Monthly 캡처 완료 (M)
[[SP500 차트분석]] PCG 차트 5개 처리 완료
[TradingView] PG 브라우저 세션 시작  (로그인 세션)...
[TradingView] 1H 캡처 완료 (60)
[TradingView] 4H 캡처 완료 (240)
[TradingView] Daily 캡처 완료 (D)
[TradingView] Weekly 캡처 완료 (W)
[TradingView] Monthly 캡처 완료 (M)
[[SP500 차트분석]] PG 차트 5개 처리 완료
[TradingView] TJX 브라우저 세션 시작  (로그인 세션)...
[TradingView] 1H 캡처 완료 (60)
[TradingView] 4H 캡처 완료 (240)
[TradingView] Daily 캡처 완료 (D)
[TradingView] Weekly 캡처 완료 (W)
[TradingView] Monthly 캡처 완료 (M)
[[SP500 차트분석]] TJX 차트 5개 처리 완료
[TradingView] BA 브라우저 세션 시작  (로그인 세션)...
[TradingView] 1H 캡처 완료 (60)
[TradingView] 4H 캡처 완료 (240)
[TradingView] Daily 캡처 완료 (D)
[TradingView] Weekly 캡처 완료 (W)
[TradingView] Monthly 캡처 완료 (M)
[[SP500 차트분석]] BA 차트 5개 처리 완료
[TradingView] GOOG 브라우저 세션 시작  (로그인 세션)...
[TradingView] 1H 캡처 완료 (60)
[TradingView] 4H 캡처 완료 (240)
[TradingView] Daily 캡처 완료 (D)
[TradingView] Weekly 캡처 완료 (W)
[TradingView] Monthly 캡처 완료 (M)
[[SP500 차트분석]] GOOG 차트 5개 처리 완료
[TradingView] GOOGL 브라우저 세션 시작  (로그인 세션)...
[TradingView] 1H 캡처 완료 (60)
[TradingView] 4H 캡처 완료 (240)
[TradingView] Daily 캡처 완료 (D)
[TradingView] Weekly 캡처 완료 (W)
[TradingView] Monthly 캡처 완료 (M)
[[SP500 차트분석]] GOOGL 차트 5개 처리 완료
[TradingView] NEE 브라우저 세션 시작  (로그인 세션)...
[TradingView] 1H 캡처 완료 (60)
[TradingView] 4H 캡처 완료 (240)
[TradingView] Daily 캡처 완료 (D)
[TradingView] Weekly 캡처 완료 (W)
[TradingView] Monthly 캡처 완료 (M)
[[SP500 차트분석]] NEE 차트 5개 처리 완료
[TradingView] AMAT 브라우저 세션 시작  (로그인 세션)...
[TradingView] 1H 캡처 완료 (60)
[TradingView] 4H 캡처 완료 (240)
[TradingView] Daily 캡처 완료 (D)
[TradingView] Weekly 캡처 완료 (W)
[TradingView] Monthly 캡처 완료 (M)
[[SP500 차트분석]] AMAT 차트 5개 처리 완료
[TradingView] DDOG 브라우저 세션 시작  (로그인 세션)...
[TradingView] 1H 캡처 완료 (60)
[TradingView] 4H 캡처 완료 (240)
[TradingView] Daily 캡처 완료 (D)
[TradingView] Weekly 캡처 완료 (W)
[TradingView] Monthly 캡처 완료 (M)
[[SP500 차트분석]] DDOG 차트 5개 처리 완료
[TradingView] CAT 브라우저 세션 시작  (로그인 세션)...
[TradingView] 1H 캡처 완료 (60)
[TradingView] 4H 캡처 완료 (240)
[TradingView] Daily 캡처 완료 (D)
[TradingView] Weekly 캡처 완료 (W)
[TradingView] Monthly 캡처 완료 (M)
[[SP500 차트분석]] CAT 차트 5개 처리 완료
[TradingView] LIN 브라우저 세션 시작  (로그인 세션)...
[TradingView] 1H 캡처 완료 (60)
[TradingView] 4H 캡처 완료 (240)
[TradingView] Daily 캡처 완료 (D)
[TradingView] Weekly 캡처 완료 (W)
[TradingView] Monthly 캡처 완료 (M)
[[SP500 차트분석]] LIN 차트 5개 처리 완료
[TradingView] DHT 브라우저 세션 시작  (로그인 세션)...
[TradingView] 1H 캡처 완료 (60)
[TradingView] 4H 캡처 완료 (240)
[TradingView] Daily 캡처 완료 (D)
[TradingView] Weekly 캡처 완료 (W)
[TradingView] Monthly 캡처 완료 (M)
[[SP500 차트분석]] DHT 차트 5개 처리 완료
[TradingView] 티커 매핑 적용: NBM.V -> NBM
[TradingView] NBM.V 브라우저 세션 시작  (로그인 세션)...
[TradingView] 1H 캡처 완료 (60)
[TradingView] 4H 캡처 완료 (240)
[TradingView] Daily 캡처 완료 (D)
[TradingView] Weekly 캡처 완료 (W)
[TradingView] Monthly 캡처 완료 (M)
[[SP500 차트분석]] NBM.V 차트 5개 처리 완료
[[SP500 차트분석]] 차트 캡처 완료
[[SP500 차트분석]] GitHub에 차트 이미지 푸시 중...
rm 'charts/screenshots/AAPL/AAPL_1H_20260905_054130.png'
rm 'charts/screenshots/AAPL/AAPL_4H_20260905_054130.png'
rm 'charts/screenshots/AAPL/AAPL_Daily_20260905_054130.png'
rm 'charts/screenshots/AAPL/AAPL_Monthly_20260905_054130.png'
rm 'charts/screenshots/AAPL/AAPL_Weekly_20260905_054130.png'
rm 'charts/screenshots/ABBV/ABBV_1H_20260905_052534.png'
rm 'charts/screenshots/ABBV/ABBV_4H_20260905_052534.png'
rm 'charts/screenshots/ABBV/ABBV_Daily_20260905_052534.png'
rm 'charts/screenshots/ABBV/ABBV_Monthly_20260905_052534.png'
rm 'charts/screenshots/ABBV/ABBV_Weekly_20260905_052534.png'
rm 'charts/screenshots/ABNB/ABNB_1H_20260905_052647.png'
rm 'charts/screenshots/ABNB/ABNB_4H_20260905_052647.png'
rm 'charts/screenshots/ABNB/ABNB_Daily_20260905_052647.png'
rm 'charts/screenshots/ABNB/ABNB_Monthly_20260905_052647.png'
rm 'charts/screenshots/ABNB/ABNB_Weekly_20260905_052647.png'
rm 'charts/screenshots/ABT/ABT_1H_20260905_052114.png'
rm 'charts/screenshots/ABT/ABT_4H_20260905_052114.png'
rm 'charts/screenshots/ABT/ABT_Daily_20260905_052114.png'
rm 'charts/screenshots/ABT/ABT_Monthly_20260905_052114.png'
rm 'charts/screenshots/ABT/ABT_Weekly_20260905_052114.png'
rm 'charts/screenshots/ADBE/ADBE_1H_20260905_053409.png'
rm 'charts/screenshots/ADBE/ADBE_4H_20260905_053409.png'
rm 'charts/screenshots/ADBE/ADBE_Daily_20260905_053409.png'
rm 'charts/screenshots/ADBE/ADBE_Monthly_20260905_053409.png'
rm 'charts/screenshots/ADBE/ADBE_Weekly_20260905_053409.png'
rm 'charts/screenshots/AMAT/AMAT_1H_20260905_060914.png'
rm 'charts/screenshots/AMAT/AMAT_4H_20260905_060914.png'
rm 'charts/screenshots/AMAT/AMAT_Daily_20260905_060914.png'
rm 'charts/screenshots/AMAT/AMAT_Monthly_20260905_060914.png'
rm 'charts/screenshots/AMAT/AMAT_Weekly_20260905_060914.png'
rm 'charts/screenshots/AMGN/AMGN_1H_20260905_052724.png'
rm 'charts/screenshots/AMGN/AMGN_4H_20260905_052724.png'
rm 'charts/screenshots/AMGN/AMGN_Daily_20260905_052724.png'
rm 'charts/screenshots/AMGN/AMGN_Monthly_20260905_052724.png'
rm 'charts/screenshots/AMGN/AMGN_Weekly_20260905_052724.png'
rm 'charts/screenshots/AMZN/AMZN_1H_20260905_053558.png'
rm 'charts/screenshots/AMZN/AMZN_4H_20260905_053558.png'
rm 'charts/screenshots/AMZN/AMZN_Daily_20260905_053558.png'
rm 'charts/screenshots/AMZN/AMZN_Monthly_20260905_053558.png'
rm 'charts/screenshots/AMZN/AMZN_Weekly_20260905_053558.png'
rm 'charts/screenshots/ANET/ANET_1H_20260905_055156.png'
rm 'charts/screenshots/ANET/ANET_4H_20260905_055156.png'
rm 'charts/screenshots/ANET/ANET_Daily_20260905_055156.png'
rm 'charts/screenshots/ANET/ANET_Monthly_20260905_055156.png'
rm 'charts/screenshots/ANET/ANET_Weekly_20260905_055156.png'
rm 'charts/screenshots/APH/APH_1H_20260905_055310.png'
rm 'charts/screenshots/APH/APH_4H_20260905_055310.png'
rm 'charts/screenshots/APH/APH_Daily_20260905_055310.png'
rm 'charts/screenshots/APH/APH_Monthly_20260905_055310.png'
rm 'charts/screenshots/APH/APH_Weekly_20260905_055310.png'
rm 'charts/screenshots/ASML/ASML_1H_20260905_055730.png'
rm 'charts/screenshots/ASML/ASML_4H_20260905_055730.png'
rm 'charts/screenshots/ASML/ASML_Daily_20260905_055730.png'
rm 'charts/screenshots/ASML/ASML_Monthly_20260905_055730.png'
rm 'charts/screenshots/ASML/ASML_Weekly_20260905_055730.png'
rm 'charts/screenshots/AXP/AXP_1H_20260905_055807.png'
rm 'charts/screenshots/AXP/AXP_4H_20260905_055807.png'
rm 'charts/screenshots/AXP/AXP_Daily_20260905_055807.png'
rm 'charts/screenshots/AXP/AXP_Monthly_20260905_055807.png'
rm 'charts/screenshots/AXP/AXP_Weekly_20260905_055807.png'
rm 'charts/screenshots/BA/BA_1H_20260905_060646.png'
rm 'charts/screenshots/BA/BA_4H_20260905_060646.png'
rm 'charts/screenshots/BA/BA_Daily_20260905_060646.png'
rm 'charts/screenshots/BA/BA_Monthly_20260905_060646.png'
rm 'charts/screenshots/BA/BA_Weekly_20260905_060646.png'
rm 'charts/screenshots/BAC/BAC_1H_20260905_053713.png'
rm 'charts/screenshots/BAC/BAC_4H_20260905_053713.png'
rm 'charts/screenshots/BAC/BAC_Daily_20260905_053713.png'
rm 'charts/screenshots/BAC/BAC_Monthly_20260905_053713.png'
rm 'charts/screenshots/BAC/BAC_Weekly_20260905_053713.png'
rm 'charts/screenshots/BKNG/BKNG_1H_20260905_053332.png'
rm 'charts/screenshots/BKNG/BKNG_4H_20260905_053332.png'
rm 'charts/screenshots/BKNG/BKNG_Daily_20260905_053332.png'
rm 'charts/screenshots/BKNG/BKNG_Monthly_20260905_053332.png'
rm 'charts/screenshots/BKNG/BKNG_Weekly_20260905_053332.png'
rm 'charts/screenshots/C/C_1H_20260905_055042.png'
rm 'charts/screenshots/C/C_4H_20260905_055042.png'
rm 'charts/screenshots/C/C_Daily_20260905_055042.png'
rm 'charts/screenshots/C/C_Monthly_20260905_055042.png'
rm 'charts/screenshots/C/C_Weekly_20260905_055042.png'
rm 'charts/screenshots/CAT/CAT_1H_20260905_061028.png'
rm 'charts/screenshots/CAT/CAT_4H_20260905_061028.png'
rm 'charts/screenshots/CAT/CAT_Daily_20260905_061028.png'
rm 'charts/screenshots/CAT/CAT_Monthly_20260905_061028.png'
rm 'charts/screenshots/CAT/CAT_Weekly_20260905_061028.png'
rm 'charts/screenshots/COIN/COIN_1H_20260905_055501.png'
rm 'charts/screenshots/COIN/COIN_4H_20260905_055501.png'
rm 'charts/screenshots/COIN/COIN_Daily_20260905_055501.png'
rm 'charts/screenshots/COIN/COIN_Monthly_20260905_055501.png'
rm 'charts/screenshots/COIN/COIN_Weekly_20260905_055501.png'
rm 'charts/screenshots/COP/COP_1H_20260905_051923.png'
rm 'charts/screenshots/COP/COP_4H_20260905_051923.png'
rm 'charts/screenshots/COP/COP_Daily_20260905_051923.png'
rm 'charts/screenshots/COP/COP_Monthly_20260905_051923.png'
rm 'charts/screenshots/COP/COP_Weekly_20260905_051923.png'
rm 'charts/screenshots/CRM/CRM_1H_20260905_054852.png'
rm 'charts/screenshots/CRM/CRM_4H_20260905_054852.png'
rm 'charts/screenshots/CRM/CRM_Daily_20260905_054852.png'
rm 'charts/screenshots/CRM/CRM_Monthly_20260905_054852.png'
rm 'charts/screenshots/CRM/CRM_Weekly_20260905_054852.png'
rm 'charts/screenshots/CRWD/CRWD_1H_20260905_054206.png'
rm 'charts/screenshots/CRWD/CRWD_4H_20260905_054206.png'
rm 'charts/screenshots/CRWD/CRWD_Daily_20260905_054206.png'
rm 'charts/screenshots/CRWD/CRWD_Monthly_20260905_054206.png'
rm 'charts/screenshots/CRWD/CRWD_Weekly_20260905_054206.png'
rm 'charts/screenshots/CSCO/CSCO_1H_20260905_053902.png'
rm 'charts/screenshots/CSCO/CSCO_4H_20260905_053902.png'
rm 'charts/screenshots/CSCO/CSCO_Daily_20260905_053902.png'
rm 'charts/screenshots/CSCO/CSCO_Monthly_20260905_053902.png'
rm 'charts/screenshots/CSCO/CSCO_Weekly_20260905_053902.png'
rm 'charts/screenshots/CVX/CVX_1H_20260905_052037.png'
rm 'charts/screenshots/CVX/CVX_4H_20260905_052037.png'
rm 'charts/screenshots/CVX/CVX_Daily_20260905_052037.png'
rm 'charts/screenshots/CVX/CVX_Monthly_20260905_052037.png'
rm 'charts/screenshots/CVX/CVX_Weekly_20260905_052037.png'
rm 'charts/screenshots/DASH/DASH_1H_20260905_051541.png'
rm 'charts/screenshots/DASH/DASH_4H_20260905_051541.png'
rm 'charts/screenshots/DASH/DASH_Daily_20260905_051541.png'
rm 'charts/screenshots/DASH/DASH_Monthly_20260905_051541.png'
rm 'charts/screenshots/DASH/DASH_Weekly_20260905_051541.png'
rm 'charts/screenshots/DDOG/DDOG_1H_20260905_060950.png'
rm 'charts/screenshots/DDOG/DDOG_4H_20260905_060950.png'
rm 'charts/screenshots/DDOG/DDOG_Daily_20260905_060950.png'
rm 'charts/screenshots/DDOG/DDOG_Monthly_20260905_060950.png'
rm 'charts/screenshots/DDOG/DDOG_Weekly_20260905_060950.png'
rm 'charts/screenshots/DE/DE_1H_20260905_054244.png'
rm 'charts/screenshots/DE/DE_4H_20260905_054244.png'
rm 'charts/screenshots/DE/DE_Daily_20260905_054244.png'
rm 'charts/screenshots/DE/DE_Monthly_20260905_054244.png'
rm 'charts/screenshots/DE/DE_Weekly_20260905_054244.png'
rm 'charts/screenshots/DELL/DELL_1H_20260905_053939.png'
rm 'charts/screenshots/DELL/DELL_4H_20260905_053939.png'
rm 'charts/screenshots/DELL/DELL_Daily_20260905_053939.png'
rm 'charts/screenshots/DELL/DELL_Monthly_20260905_053939.png'
rm 'charts/screenshots/DELL/DELL_Weekly_20260905_053939.png'
rm 'charts/screenshots/DIS/DIS_1H_20260905_051846.png'
rm 'charts/screenshots/DIS/DIS_4H_20260905_051846.png'
rm 'charts/screenshots/DIS/DIS_Daily_20260905_051846.png'
rm 'charts/screenshots/DIS/DIS_Monthly_20260905_051846.png'
rm 'charts/screenshots/DIS/DIS_Weekly_20260905_051846.png'
rm 'charts/screenshots/ETN/ETN_1H_20260905_060112.png'
rm 'charts/screenshots/ETN/ETN_4H_20260905_060112.png'
rm 'charts/screenshots/ETN/ETN_Daily_20260905_060112.png'
rm 'charts/screenshots/ETN/ETN_Monthly_20260905_060112.png'
rm 'charts/screenshots/ETN/ETN_Weekly_20260905_060112.png'
rm 'charts/screenshots/FCX/FCX_1H_20260905_055424.png'
rm 'charts/screenshots/FCX/FCX_4H_20260905_055424.png'
rm 'charts/screenshots/FCX/FCX_Daily_20260905_055424.png'
rm 'charts/screenshots/FCX/FCX_Monthly_20260905_055424.png'
rm 'charts/screenshots/FCX/FCX_Weekly_20260905_055424.png'
rm 'charts/screenshots/FTNT/FTNT_1H_20260905_053636.png'
rm 'charts/screenshots/FTNT/FTNT_4H_20260905_053636.png'
rm 'charts/screenshots/FTNT/FTNT_Daily_20260905_053636.png'
rm 'charts/screenshots/FTNT/FTNT_Monthly_20260905_053636.png'
rm 'charts/screenshots/FTNT/FTNT_Weekly_20260905_053636.png'
rm 'charts/screenshots/GE/GE_1H_20260905_060418.png'
rm 'charts/screenshots/GE/GE_4H_20260905_060418.png'
rm 'charts/screenshots/GE/GE_Daily_20260905_060418.png'
rm 'charts/screenshots/GE/GE_Monthly_20260905_060418.png'
rm 'charts/screenshots/GE/GE_Weekly_20260905_060418.png'
rm 'charts/screenshots/GILD/GILD_1H_20260905_052801.png'
rm 'charts/screenshots/GILD/GILD_4H_20260905_052801.png'
rm 'charts/screenshots/GILD/GILD_Daily_20260905_052801.png'
rm 'charts/screenshots/GILD/GILD_Monthly_20260905_052801.png'
rm 'charts/screenshots/GILD/GILD_Weekly_20260905_052801.png'
rm 'charts/screenshots/GOOG/GOOG_1H_20260905_060723.png'
rm 'charts/screenshots/GOOG/GOOG_4H_20260905_060723.png'
rm 'charts/screenshots/GOOG/GOOG_Daily_20260905_060723.png'
rm 'charts/screenshots/GOOG/GOOG_Monthly_20260905_060723.png'
rm 'charts/screenshots/GOOG/GOOG_Weekly_20260905_060723.png'
rm 'charts/screenshots/GOOGL/GOOGL_1H_20260905_060800.png'
rm 'charts/screenshots/GOOGL/GOOGL_4H_20260905_060800.png'
rm 'charts/screenshots/GOOGL/GOOGL_Daily_20260905_060800.png'
rm 'charts/screenshots/GOOGL/GOOGL_Monthly_20260905_060800.png'
rm 'charts/screenshots/GOOGL/GOOGL_Weekly_20260905_060800.png'
rm 'charts/screenshots/GS/GS_1H_20260905_055922.png'
rm 'charts/screenshots/GS/GS_4H_20260905_055922.png'
rm 'charts/screenshots/GS/GS_Daily_20260905_055922.png'
rm 'charts/screenshots/GS/GS_Monthly_20260905_055922.png'
rm 'charts/screenshots/GS/GS_Weekly_20260905_055922.png'
rm 'charts/screenshots/HOOD/HOOD_1H_20260905_055538.png'
rm 'charts/screenshots/HOOD/HOOD_4H_20260905_055538.png'
rm 'charts/screenshots/HOOD/HOOD_Daily_20260905_055538.png'
rm 'charts/screenshots/HOOD/HOOD_Monthly_20260905_055538.png'
rm 'charts/screenshots/HOOD/HOOD_Weekly_20260905_055538.png'
rm 'charts/screenshots/HPE/HPE_1H_20260905_052151.png'
rm 'charts/screenshots/HPE/HPE_4H_20260905_052151.png'
rm 'charts/screenshots/HPE/HPE_Daily_20260905_052151.png'
rm 'charts/screenshots/HPE/HPE_Monthly_20260905_052151.png'
rm 'charts/screenshots/HPE/HPE_Weekly_20260905_052151.png'
rm 'charts/screenshots/HWM/HWM_1H_20260905_060303.png'
rm 'charts/screenshots/HWM/HWM_4H_20260905_060303.png'
rm 'charts/screenshots/HWM/HWM_Daily_20260905_060303.png'
rm 'charts/screenshots/HWM/HWM_Monthly_20260905_060303.png'
rm 'charts/screenshots/HWM/HWM_Weekly_20260905_060303.png'
rm 'charts/screenshots/IWM/IWM_1H_20260905_053256.png'
rm 'charts/screenshots/IWM/IWM_4H_20260905_053256.png'
rm 'charts/screenshots/IWM/IWM_Daily_20260905_053256.png'
rm 'charts/screenshots/IWM/IWM_Monthly_20260905_053256.png'
rm 'charts/screenshots/IWM/IWM_Weekly_20260905_053256.png'
rm 'charts/screenshots/JNJ/JNJ_1H_20260905_052838.png'
rm 'charts/screenshots/JNJ/JNJ_4H_20260905_052838.png'
rm 'charts/screenshots/JNJ/JNJ_Daily_20260905_052838.png'
rm 'charts/screenshots/JNJ/JNJ_Monthly_20260905_052838.png'
rm 'charts/screenshots/JNJ/JNJ_Weekly_20260905_052838.png'
rm 'charts/screenshots/JPM/JPM_1H_20260905_055119.png'
rm 'charts/screenshots/JPM/JPM_4H_20260905_055119.png'
rm 'charts/screenshots/JPM/JPM_Daily_20260905_055119.png'
rm 'charts/screenshots/JPM/JPM_Monthly_20260905_055119.png'
rm 'charts/screenshots/JPM/JPM_Weekly_20260905_055119.png'
rm 'charts/screenshots/KO/KO_1H_20260905_051810.png'
rm 'charts/screenshots/KO/KO_4H_20260905_051810.png'
rm 'charts/screenshots/KO/KO_Daily_20260905_051810.png'
rm 'charts/screenshots/KO/KO_Monthly_20260905_051810.png'
rm 'charts/screenshots/KO/KO_Weekly_20260905_051810.png'
rm 'charts/screenshots/LIN/LIN_1H_20260905_061105.png'
rm 'charts/screenshots/LIN/LIN_4H_20260905_061105.png'
rm 'charts/screenshots/LIN/LIN_Daily_20260905_061105.png'
rm 'charts/screenshots/LIN/LIN_Monthly_20260905_061105.png'
rm 'charts/screenshots/LIN/LIN_Weekly_20260905_061105.png'
rm 'charts/screenshots/LLY/LLY_1H_20260905_054816.png'
rm 'charts/screenshots/LLY/LLY_4H_20260905_054816.png'
rm 'charts/screenshots/LLY/LLY_Daily_20260905_054816.png'
rm 'charts/screenshots/LLY/LLY_Monthly_20260905_054816.png'
rm 'charts/screenshots/LLY/LLY_Weekly_20260905_054816.png'
rm 'charts/screenshots/LRCX/LRCX_1H_20260905_060150.png'
rm 'charts/screenshots/LRCX/LRCX_4H_20260905_060150.png'
rm 'charts/screenshots/LRCX/LRCX_Daily_20260905_060150.png'
rm 'charts/screenshots/LRCX/LRCX_Monthly_20260905_060150.png'
rm 'charts/screenshots/LRCX/LRCX_Weekly_20260905_060150.png'
rm 'charts/screenshots/MA/MA_1H_20260905_054053.png'
rm 'charts/screenshots/MA/MA_4H_20260905_054053.png'
rm 'charts/screenshots/MA/MA_Daily_20260905_054053.png'
rm 'charts/screenshots/MA/MA_Monthly_20260905_054053.png'
rm 'charts/screenshots/MA/MA_Weekly_20260905_054053.png'
rm 'charts/screenshots/MCK/MCK_1H_20260905_054320.png'
rm 'charts/screenshots/MCK/MCK_4H_20260905_054320.png'
rm 'charts/screenshots/MCK/MCK_Daily_20260905_054320.png'
rm 'charts/screenshots/MCK/MCK_Monthly_20260905_054320.png'
rm 'charts/screenshots/MCK/MCK_Weekly_20260905_054320.png'
rm 'charts/screenshots/MDT/MDT_1H_20260905_054511.png'
rm 'charts/screenshots/MDT/MDT_4H_20260905_054511.png'
rm 'charts/screenshots/MDT/MDT_Daily_20260905_054511.png'
rm 'charts/screenshots/MDT/MDT_Monthly_20260905_054511.png'
rm 'charts/screenshots/MDT/MDT_Weekly_20260905_054511.png'
rm 'charts/screenshots/MELI/MELI_1H_20260905_053826.png'
rm 'charts/screenshots/MELI/MELI_4H_20260905_053826.png'
rm 'charts/screenshots/MELI/MELI_Daily_20260905_053826.png'
rm 'charts/screenshots/MELI/MELI_Monthly_20260905_053826.png'
rm 'charts/screenshots/MELI/MELI_Weekly_20260905_053826.png'
rm 'charts/screenshots/MPC/MPC_1H_20260905_054548.png'
rm 'charts/screenshots/MPC/MPC_4H_20260905_054548.png'
rm 'charts/screenshots/MPC/MPC_Daily_20260905_054548.png'
rm 'charts/screenshots/MPC/MPC_Monthly_20260905_054548.png'
rm 'charts/screenshots/MPC/MPC_Weekly_20260905_054548.png'
rm 'charts/screenshots/MRK/MRK_1H_20260905_052915.png'
rm 'charts/screenshots/MRK/MRK_4H_20260905_052915.png'
rm 'charts/screenshots/MRK/MRK_Daily_20260905_052915.png'
rm 'charts/screenshots/MRK/MRK_Monthly_20260905_052915.png'
rm 'charts/screenshots/MRK/MRK_Weekly_20260905_052915.png'
rm 'charts/screenshots/MRNA/MRNA_1H_20260905_052951.png'
rm 'charts/screenshots/MRNA/MRNA_4H_20260905_052951.png'
rm 'charts/screenshots/MRNA/MRNA_Daily_20260905_052951.png'
rm 'charts/screenshots/MRNA/MRNA_Monthly_20260905_052951.png'
rm 'charts/screenshots/MRNA/MRNA_Weekly_20260905_052951.png'
rm 'charts/screenshots/MS/MS_1H_20260905_055958.png'
rm 'charts/screenshots/MS/MS_4H_20260905_055958.png'
rm 'charts/screenshots/MS/MS_Daily_20260905_055958.png'
rm 'charts/screenshots/MS/MS_Monthly_20260905_055958.png'
rm 'charts/screenshots/MS/MS_Weekly_20260905_055958.png'
rm 'charts/screenshots/MSFT/MSFT_1H_20260905_053029.png'
rm 'charts/screenshots/MSFT/MSFT_4H_20260905_053029.png'
rm 'charts/screenshots/MSFT/MSFT_Daily_20260905_053029.png'
rm 'charts/screenshots/MSFT/MSFT_Monthly_20260905_053029.png'
rm 'charts/screenshots/MSFT/MSFT_Weekly_20260905_053029.png'
rm 'charts/screenshots/MU/MU_1H_20260905_054625.png'
rm 'charts/screenshots/MU/MU_4H_20260905_054625.png'
rm 'charts/screenshots/MU/MU_Daily_20260905_054625.png'
rm 'charts/screenshots/MU/MU_Monthly_20260905_054625.png'
rm 'charts/screenshots/MU/MU_Weekly_20260905_054625.png'
rm 'charts/screenshots/NBM.V/NBM.V_1H_20260905_061142.png'
rm 'charts/screenshots/NBM.V/NBM.V_4H_20260905_061142.png'
rm 'charts/screenshots/NBM.V/NBM.V_Daily_20260905_061142.png'
rm 'charts/screenshots/NBM.V/NBM.V_Monthly_20260905_061142.png'
rm 'charts/screenshots/NBM.V/NBM.V_Weekly_20260905_061142.png'
rm 'charts/screenshots/NEE/NEE_1H_20260905_060837.png'
rm 'charts/screenshots/NEE/NEE_4H_20260905_060837.png'
rm 'charts/screenshots/NEE/NEE_Daily_20260905_060837.png'
rm 'charts/screenshots/NEE/NEE_Monthly_20260905_060837.png'
rm 'charts/screenshots/NEE/NEE_Weekly_20260905_060837.png'
rm 'charts/screenshots/NEM/NEM_1H_20260905_052611.png'
rm 'charts/screenshots/NEM/NEM_4H_20260905_052611.png'
rm 'charts/screenshots/NEM/NEM_Daily_20260905_052611.png'
rm 'charts/screenshots/NEM/NEM_Monthly_20260905_052611.png'
rm 'charts/screenshots/NEM/NEM_Weekly_20260905_052611.png'
rm 'charts/screenshots/NFLX/NFLX_1H_20260905_060226.png'
rm 'charts/screenshots/NFLX/NFLX_4H_20260905_060226.png'
rm 'charts/screenshots/NFLX/NFLX_Daily_20260905_060226.png'
rm 'charts/screenshots/NFLX/NFLX_Monthly_20260905_060226.png'
rm 'charts/screenshots/NFLX/NFLX_Weekly_20260905_060226.png'
rm 'charts/screenshots/NOW/NOW_1H_20260905_052304.png'
rm 'charts/screenshots/NOW/NOW_4H_20260905_052304.png'
rm 'charts/screenshots/NOW/NOW_Daily_20260905_052304.png'
rm 'charts/screenshots/NOW/NOW_Monthly_20260905_052304.png'
rm 'charts/screenshots/NOW/NOW_Weekly_20260905_052304.png'
rm 'charts/screenshots/NVDA/NVDA_1H_20260905_054357.png'
rm 'charts/screenshots/NVDA/NVDA_4H_20260905_054357.png'
rm 'charts/screenshots/NVDA/NVDA_Daily_20260905_054357.png'
rm 'charts/screenshots/NVDA/NVDA_Monthly_20260905_054357.png'
rm 'charts/screenshots/NVDA/NVDA_Weekly_20260905_054357.png'
rm 'charts/screenshots/PANW/PANW_1H_20260905_054739.png'
rm 'charts/screenshots/PANW/PANW_4H_20260905_054739.png'
rm 'charts/screenshots/PANW/PANW_Daily_20260905_054739.png'
rm 'charts/screenshots/PANW/PANW_Monthly_20260905_054739.png'
rm 'charts/screenshots/PANW/PANW_Weekly_20260905_054739.png'
rm 'charts/screenshots/PCG/PCG_1H_20260905_060455.png'
rm 'charts/screenshots/PCG/PCG_4H_20260905_060455.png'
rm 'charts/screenshots/PCG/PCG_Daily_20260905_060455.png'
rm 'charts/screenshots/PCG/PCG_Monthly_20260905_060455.png'
rm 'charts/screenshots/PCG/PCG_Weekly_20260905_060455.png'
rm 'charts/screenshots/PFE/PFE_1H_20260905_053105.png'
rm 'charts/screenshots/PFE/PFE_4H_20260905_053105.png'
rm 'charts/screenshots/PFE/PFE_Daily_20260905_053105.png'
rm 'charts/screenshots/PFE/PFE_Monthly_20260905_053105.png'
rm 'charts/screenshots/PFE/PFE_Weekly_20260905_053105.png'
rm 'charts/screenshots/PG/PG_1H_20260905_060532.png'
rm 'charts/screenshots/PG/PG_4H_20260905_060532.png'
rm 'charts/screenshots/PG/PG_Daily_20260905_060532.png'
rm 'charts/screenshots/PG/PG_Monthly_20260905_060532.png'
rm 'charts/screenshots/PG/PG_Weekly_20260905_060532.png'
rm 'charts/screenshots/PLTR/PLTR_1H_20260905_054433.png'
rm 'charts/screenshots/PLTR/PLTR_4H_20260905_054433.png'
rm 'charts/screenshots/PLTR/PLTR_Daily_20260905_054433.png'
rm 'charts/screenshots/PLTR/PLTR_Monthly_20260905_054433.png'
rm 'charts/screenshots/PLTR/PLTR_Weekly_20260905_054433.png'
rm 'charts/screenshots/PM/PM_1H_20260905_060035.png'
rm 'charts/screenshots/PM/PM_4H_20260905_060035.png'
rm 'charts/screenshots/PM/PM_Daily_20260905_060035.png'
rm 'charts/screenshots/PM/PM_Monthly_20260905_060035.png'
rm 'charts/screenshots/PM/PM_Weekly_20260905_060035.png'
rm 'charts/screenshots/PSX/PSX_1H_20260905_054702.png'
rm 'charts/screenshots/PSX/PSX_4H_20260905_054702.png'
rm 'charts/screenshots/PSX/PSX_Daily_20260905_054702.png'
rm 'charts/screenshots/PSX/PSX_Monthly_20260905_054702.png'
rm 'charts/screenshots/PSX/PSX_Weekly_20260905_054702.png'
rm 'charts/screenshots/PYPL/PYPL_1H_20260905_051656.png'
rm 'charts/screenshots/PYPL/PYPL_4H_20260905_051656.png'
rm 'charts/screenshots/PYPL/PYPL_Daily_20260905_051656.png'
rm 'charts/screenshots/PYPL/PYPL_Monthly_20260905_051656.png'
rm 'charts/screenshots/PYPL/PYPL_Weekly_20260905_051656.png'
rm 'charts/screenshots/QQQ/QQQ_1H_20260905_055616.png'
rm 'charts/screenshots/QQQ/QQQ_4H_20260905_055616.png'
rm 'charts/screenshots/QQQ/QQQ_Daily_20260905_055616.png'
rm 'charts/screenshots/QQQ/QQQ_Monthly_20260905_055616.png'
rm 'charts/screenshots/QQQ/QQQ_Weekly_20260905_055616.png'
rm 'charts/screenshots/ROST/ROST_1H_20260905_054929.png'
rm 'charts/screenshots/ROST/ROST_4H_20260905_054929.png'
rm 'charts/screenshots/ROST/ROST_Daily_20260905_054929.png'
rm 'charts/screenshots/ROST/ROST_Monthly_20260905_054929.png'
rm 'charts/screenshots/ROST/ROST_Weekly_20260905_054929.png'
rm 'charts/screenshots/RTX/RTX_1H_20260905_053522.png'
rm 'charts/screenshots/RTX/RTX_4H_20260905_053522.png'
rm 'charts/screenshots/RTX/RTX_Daily_20260905_053522.png'
rm 'charts/screenshots/RTX/RTX_Monthly_20260905_053522.png'
rm 'charts/screenshots/RTX/RTX_Weekly_20260905_053522.png'
rm 'charts/screenshots/SCHW/SCHW_1H_20260905_051619.png'
rm 'charts/screenshots/SCHW/SCHW_4H_20260905_051619.png'
rm 'charts/screenshots/SCHW/SCHW_Daily_20260905_051619.png'
rm 'charts/screenshots/SCHW/SCHW_Monthly_20260905_051619.png'
rm 'charts/screenshots/SCHW/SCHW_Weekly_20260905_051619.png'
rm 'charts/screenshots/SMCI/SMCI_1H_20260905_052341.png'
rm 'charts/screenshots/SMCI/SMCI_4H_20260905_052341.png'
rm 'charts/screenshots/SMCI/SMCI_Daily_20260905_052341.png'
rm 'charts/screenshots/SMCI/SMCI_Monthly_20260905_052341.png'
rm 'charts/screenshots/SMCI/SMCI_Weekly_20260905_052341.png'
rm 'charts/screenshots/SNPS/SNPS_1H_20260905_060340.png'
rm 'charts/screenshots/SNPS/SNPS_4H_20260905_060340.png'
rm 'charts/screenshots/SNPS/SNPS_Daily_20260905_060340.png'
rm 'charts/screenshots/SNPS/SNPS_Monthly_20260905_060340.png'
rm 'charts/screenshots/SNPS/SNPS_Weekly_20260905_060340.png'
rm 'charts/screenshots/SPGI/SPGI_1H_20260905_055233.png'
rm 'charts/screenshots/SPGI/SPGI_4H_20260905_055233.png'
rm 'charts/screenshots/SPGI/SPGI_Daily_20260905_055233.png'
rm 'charts/screenshots/SPGI/SPGI_Monthly_20260905_055233.png'
rm 'charts/screenshots/SPGI/SPGI_Weekly_20260905_055233.png'
rm 'charts/screenshots/SPY/SPY_1H_20260905_055653.png'
rm 'charts/screenshots/SPY/SPY_4H_20260905_055653.png'
rm 'charts/screenshots/SPY/SPY_Daily_20260905_055653.png'
rm 'charts/screenshots/SPY/SPY_Monthly_20260905_055653.png'
rm 'charts/screenshots/SPY/SPY_Weekly_20260905_055653.png'
rm 'charts/screenshots/SYK/SYK_1H_20260905_055844.png'
rm 'charts/screenshots/SYK/SYK_4H_20260905_055844.png'
rm 'charts/screenshots/SYK/SYK_Daily_20260905_055844.png'
rm 'charts/screenshots/SYK/SYK_Monthly_20260905_055844.png'
rm 'charts/screenshots/SYK/SYK_Weekly_20260905_055844.png'
rm 'charts/screenshots/T/T_1H_20260905_051733.png'
rm 'charts/screenshots/T/T_4H_20260905_051733.png'
rm 'charts/screenshots/T/T_Daily_20260905_051733.png'
rm 'charts/screenshots/T/T_Monthly_20260905_051733.png'
rm 'charts/screenshots/T/T_Weekly_20260905_051733.png'
rm 'charts/screenshots/TEAM/TEAM_1H_20260905_052457.png'
rm 'charts/screenshots/TEAM/TEAM_4H_20260905_052457.png'
rm 'charts/screenshots/TEAM/TEAM_Daily_20260905_052457.png'
rm 'charts/screenshots/TEAM/TEAM_Monthly_20260905_052457.png'
rm 'charts/screenshots/TEAM/TEAM_Weekly_20260905_052457.png'
rm 'charts/screenshots/TGT/TGT_1H_20260905_053142.png'
rm 'charts/screenshots/TGT/TGT_4H_20260905_053142.png'
rm 'charts/screenshots/TGT/TGT_Daily_20260905_053142.png'
rm 'charts/screenshots/TGT/TGT_Monthly_20260905_053142.png'
rm 'charts/screenshots/TGT/TGT_Weekly_20260905_053142.png'
rm 'charts/screenshots/TJX/TJX_1H_20260905_060609.png'
rm 'charts/screenshots/TJX/TJX_4H_20260905_060609.png'
rm 'charts/screenshots/TJX/TJX_Daily_20260905_060609.png'
rm 'charts/screenshots/TJX/TJX_Monthly_20260905_060609.png'
rm 'charts/screenshots/TJX/TJX_Weekly_20260905_060609.png'
rm 'charts/screenshots/TMO/TMO_1H_20260905_053219.png'
rm 'charts/screenshots/TMO/TMO_4H_20260905_053219.png'
rm 'charts/screenshots/TMO/TMO_Daily_20260905_053219.png'
rm 'charts/screenshots/TMO/TMO_Monthly_20260905_053219.png'
rm 'charts/screenshots/TMO/TMO_Weekly_20260905_053219.png'
rm 'charts/screenshots/UBER/UBER_1H_20260905_054016.png'
rm 'charts/screenshots/UBER/UBER_4H_20260905_054016.png'
rm 'charts/screenshots/UBER/UBER_Daily_20260905_054016.png'
rm 'charts/screenshots/UBER/UBER_Monthly_20260905_054016.png'
rm 'charts/screenshots/UBER/UBER_Weekly_20260905_054016.png'
rm 'charts/screenshots/UNH/UNH_1H_20260905_053749.png'
rm 'charts/screenshots/UNH/UNH_4H_20260905_053749.png'
rm 'charts/screenshots/UNH/UNH_Daily_20260905_053749.png'
rm 'charts/screenshots/UNH/UNH_Monthly_20260905_053749.png'
rm 'charts/screenshots/UNH/UNH_Weekly_20260905_053749.png'
rm 'charts/screenshots/UNP/UNP_1H_20260905_052227.png'
rm 'charts/screenshots/UNP/UNP_4H_20260905_052227.png'
rm 'charts/screenshots/UNP/UNP_Daily_20260905_052227.png'
rm 'charts/screenshots/UNP/UNP_Monthly_20260905_052227.png'
rm 'charts/screenshots/UNP/UNP_Weekly_20260905_052227.png'
rm 'charts/screenshots/V/V_1H_20260905_055347.png'
rm 'charts/screenshots/V/V_4H_20260905_055347.png'
rm 'charts/screenshots/V/V_Daily_20260905_055347.png'
rm 'charts/screenshots/V/V_Monthly_20260905_055347.png'
rm 'charts/screenshots/V/V_Weekly_20260905_055347.png'
rm 'charts/screenshots/VLO/VLO_1H_20260905_051504.png'
rm 'charts/screenshots/VLO/VLO_4H_20260905_051504.png'
rm 'charts/screenshots/VLO/VLO_Daily_20260905_051504.png'
rm 'charts/screenshots/VLO/VLO_Monthly_20260905_051504.png'
rm 'charts/screenshots/VLO/VLO_Weekly_20260905_051504.png'
rm 'charts/screenshots/VZ/VZ_1H_20260905_053446.png'
rm 'charts/screenshots/VZ/VZ_4H_20260905_053446.png'
rm 'charts/screenshots/VZ/VZ_Daily_20260905_053446.png'
rm 'charts/screenshots/VZ/VZ_Monthly_20260905_053446.png'
rm 'charts/screenshots/VZ/VZ_Weekly_20260905_053446.png'
rm 'charts/screenshots/WDAY/WDAY_1H_20260905_052420.png'
rm 'charts/screenshots/WDAY/WDAY_4H_20260905_052420.png'
rm 'charts/screenshots/WDAY/WDAY_Daily_20260905_052420.png'
rm 'charts/screenshots/WDAY/WDAY_Monthly_20260905_052420.png'
rm 'charts/screenshots/WDAY/WDAY_Weekly_20260905_052420.png'
rm 'charts/screenshots/WFC/WFC_1H_20260905_055006.png'
rm 'charts/screenshots/WFC/WFC_4H_20260905_055006.png'
rm 'charts/screenshots/WFC/WFC_Daily_20260905_055006.png'
rm 'charts/screenshots/WFC/WFC_Monthly_20260905_055006.png'
rm 'charts/screenshots/WFC/WFC_Weekly_20260905_055006.png'
rm 'charts/screenshots/XOM/XOM_1H_20260905_052000.png'
rm 'charts/screenshots/XOM/XOM_4H_20260905_052000.png'
rm 'charts/screenshots/XOM/XOM_Daily_20260905_052000.png'
rm 'charts/screenshots/XOM/XOM_Monthly_20260905_052000.png'
rm 'charts/screenshots/XOM/XOM_Weekly_20260905_052000.png'
[main 6b6b2ee] Update chart screenshots 1788675894
 912 files changed, 0 insertions(+), 0 deletions(-)
 delete mode 100644 charts/screenshots/AAPL/AAPL_1H_20260905_054130.png
 create mode 100644 charts/screenshots/AAPL/AAPL_1H_20260906_055319.png
 delete mode 100644 charts/screenshots/AAPL/AAPL_4H_20260905_054130.png
 create mode 100644 charts/screenshots/AAPL/AAPL_4H_20260906_055319.png
 delete mode 100644 charts/screenshots/AAPL/AAPL_Daily_20260905_054130.png
 create mode 100644 charts/screenshots/AAPL/AAPL_Daily_20260906_055319.png
 delete mode 100644 charts/screenshots/AAPL/AAPL_Monthly_20260905_054130.png
 create mode 100644 charts/screenshots/AAPL/AAPL_Monthly_20260906_055319.png
 delete mode 100644 charts/screenshots/AAPL/AAPL_Weekly_20260905_054130.png
 create mode 100644 charts/screenshots/AAPL/AAPL_Weekly_20260906_055319.png
 delete mode 100644 charts/screenshots/ABBV/ABBV_1H_20260905_052534.png
 create mode 100644 charts/screenshots/ABBV/ABBV_1H_20260906_053719.png
 delete mode 100644 charts/screenshots/ABBV/ABBV_4H_20260905_052534.png
 create mode 100644 charts/screenshots/ABBV/ABBV_4H_20260906_053719.png
 delete mode 100644 charts/screenshots/ABBV/ABBV_Daily_20260905_052534.png
 create mode 100644 charts/screenshots/ABBV/ABBV_Daily_20260906_053719.png
 delete mode 100644 charts/screenshots/ABBV/ABBV_Monthly_20260905_052534.png
 create mode 100644 charts/screenshots/ABBV/ABBV_Monthly_20260906_053719.png
 delete mode 100644 charts/screenshots/ABBV/ABBV_Weekly_20260905_052534.png
 create mode 100644 charts/screenshots/ABBV/ABBV_Weekly_20260906_053719.png
 delete mode 100644 charts/screenshots/ABNB/ABNB_1H_20260905_052647.png
 create mode 100644 charts/screenshots/ABNB/ABNB_1H_20260906_053833.png
 rename charts/screenshots/ABNB/{ABNB_4H_20260905_052647.png => ABNB_4H_20260906_053833.png} (69%)
 delete mode 100644 charts/screenshots/ABNB/ABNB_Daily_20260905_052647.png
 create mode 100644 charts/screenshots/ABNB/ABNB_Daily_20260906_053833.png
 delete mode 100644 charts/screenshots/ABNB/ABNB_Monthly_20260905_052647.png
 create mode 100644 charts/screenshots/ABNB/ABNB_Monthly_20260906_053833.png
 delete mode 100644 charts/screenshots/ABNB/ABNB_Weekly_20260905_052647.png
 create mode 100644 charts/screenshots/ABNB/ABNB_Weekly_20260906_053833.png
 rename charts/screenshots/ABT/{ABT_1H_20260905_052114.png => ABT_1H_20260906_053301.png} (100%)
 delete mode 100644 charts/screenshots/ABT/ABT_4H_20260905_052114.png
 create mode 100644 charts/screenshots/ABT/ABT_4H_20260906_053301.png
 delete mode 100644 charts/screenshots/ABT/ABT_Daily_20260905_052114.png
 create mode 100644 charts/screenshots/ABT/ABT_Daily_20260906_053301.png
 delete mode 100644 charts/screenshots/ABT/ABT_Monthly_20260905_052114.png
 create mode 100644 charts/screenshots/ABT/ABT_Monthly_20260906_053301.png
 delete mode 100644 charts/screenshots/ABT/ABT_Weekly_20260905_052114.png
 create mode 100644 charts/screenshots/ABT/ABT_Weekly_20260906_053301.png
 delete mode 100644 charts/screenshots/ADBE/ADBE_1H_20260905_053409.png
 create mode 100644 charts/screenshots/ADBE/ADBE_1H_20260906_054556.png
 delete mode 100644 charts/screenshots/ADBE/ADBE_4H_20260905_053409.png
 create mode 100644 charts/screenshots/ADBE/ADBE_4H_20260906_054556.png
 delete mode 100644 charts/screenshots/ADBE/ADBE_Daily_20260905_053409.png
 create mode 100644 charts/screenshots/ADBE/ADBE_Daily_20260906_054556.png
 delete mode 100644 charts/screenshots/ADBE/ADBE_Monthly_20260905_053409.png
 create mode 100644 charts/screenshots/ADBE/ADBE_Monthly_20260906_054556.png
 delete mode 100644 charts/screenshots/ADBE/ADBE_Weekly_20260905_053409.png
 create mode 100644 charts/screenshots/ADBE/ADBE_Weekly_20260906_054556.png
 delete mode 100644 charts/screenshots/AMAT/AMAT_1H_20260905_060914.png
 create mode 100644 charts/screenshots/AMAT/AMAT_1H_20260906_062108.png
 delete mode 100644 charts/screenshots/AMAT/AMAT_4H_20260905_060914.png
 create mode 100644 charts/screenshots/AMAT/AMAT_4H_20260906_062108.png
 delete mode 100644 charts/screenshots/AMAT/AMAT_Daily_20260905_060914.png
 create mode 100644 charts/screenshots/AMAT/AMAT_Daily_20260906_062108.png
 delete mode 100644 charts/screenshots/AMAT/AMAT_Monthly_20260905_060914.png
 create mode 100644 charts/screenshots/AMAT/AMAT_Monthly_20260906_062108.png
 delete mode 100644 charts/screenshots/AMAT/AMAT_Weekly_20260905_060914.png
 create mode 100644 charts/screenshots/AMAT/AMAT_Weekly_20260906_062108.png
 delete mode 100644 charts/screenshots/AMGN/AMGN_1H_20260905_052724.png
 create mode 100644 charts/screenshots/AMGN/AMGN_1H_20260906_053910.png
 delete mode 100644 charts/screenshots/AMGN/AMGN_4H_20260905_052724.png
 create mode 100644 charts/screenshots/AMGN/AMGN_4H_20260906_053910.png
 delete mode 100644 charts/screenshots/AMGN/AMGN_Daily_20260905_052724.png
 create mode 100644 charts/screenshots/AMGN/AMGN_Daily_20260906_053910.png
 delete mode 100644 charts/screenshots/AMGN/AMGN_Monthly_20260905_052724.png
 create mode 100644 charts/screenshots/AMGN/AMGN_Monthly_20260906_053910.png
 delete mode 100644 charts/screenshots/AMGN/AMGN_Weekly_20260905_052724.png
 create mode 100644 charts/screenshots/AMGN/AMGN_Weekly_20260906_053910.png
 delete mode 100644 charts/screenshots/AMZN/AMZN_1H_20260905_053558.png
 create mode 100644 charts/screenshots/AMZN/AMZN_1H_20260906_054746.png
 delete mode 100644 charts/screenshots/AMZN/AMZN_4H_20260905_053558.png
 create mode 100644 charts/screenshots/AMZN/AMZN_4H_20260906_054746.png
 delete mode 100644 charts/screenshots/AMZN/AMZN_Daily_20260905_053558.png
 create mode 100644 charts/screenshots/AMZN/AMZN_Daily_20260906_054746.png
 delete mode 100644 charts/screenshots/AMZN/AMZN_Monthly_20260905_053558.png
 create mode 100644 charts/screenshots/AMZN/AMZN_Monthly_20260906_054746.png
 delete mode 100644 charts/screenshots/AMZN/AMZN_Weekly_20260905_053558.png
 create mode 100644 charts/screenshots/AMZN/AMZN_Weekly_20260906_054746.png
 delete mode 100644 charts/screenshots/ANET/ANET_1H_20260905_055156.png
 create mode 100644 charts/screenshots/ANET/ANET_1H_20260906_060349.png
 rename charts/screenshots/ANET/{ANET_4H_20260905_055156.png => ANET_4H_20260906_060349.png} (69%)
 delete mode 100644 charts/screenshots/ANET/ANET_Daily_20260905_055156.png
 create mode 100644 charts/screenshots/ANET/ANET_Daily_20260906_060349.png
 delete mode 100644 charts/screenshots/ANET/ANET_Monthly_20260905_055156.png
 create mode 100644 charts/screenshots/ANET/ANET_Monthly_20260906_060349.png
 delete mode 100644 charts/screenshots/ANET/ANET_Weekly_20260905_055156.png
 create mode 100644 charts/screenshots/ANET/ANET_Weekly_20260906_060349.png
 delete mode 100644 charts/screenshots/APH/APH_1H_20260905_055310.png
 create mode 100644 charts/screenshots/APH/APH_1H_20260906_060503.png
 delete mode 100644 charts/screenshots/APH/APH_4H_20260905_055310.png
 create mode 100644 charts/screenshots/APH/APH_4H_20260906_060503.png
 delete mode 100644 charts/screenshots/APH/APH_Daily_20260905_055310.png
 create mode 100644 charts/screenshots/APH/APH_Daily_20260906_060503.png
 delete mode 100644 charts/screenshots/APH/APH_Monthly_20260905_055310.png
 create mode 100644 charts/screenshots/APH/APH_Monthly_20260906_060503.png
 delete mode 100644 charts/screenshots/APH/APH_Weekly_20260905_055310.png
 create mode 100644 charts/screenshots/APH/APH_Weekly_20260906_060503.png
 delete mode 100644 charts/screenshots/ASML/ASML_1H_20260905_055730.png
 create mode 100644 charts/screenshots/ASML/ASML_1H_20260906_060922.png
 delete mode 100644 charts/screenshots/ASML/ASML_4H_20260905_055730.png
 create mode 100644 charts/screenshots/ASML/ASML_4H_20260906_060922.png
 delete mode 100644 charts/screenshots/ASML/ASML_Daily_20260905_055730.png
 create mode 100644 charts/screenshots/ASML/ASML_Daily_20260906_060922.png
 delete mode 100644 charts/screenshots/ASML/ASML_Monthly_20260905_055730.png
 create mode 100644 charts/screenshots/ASML/ASML_Monthly_20260906_060922.png
 rename charts/screenshots/ASML/{ASML_Weekly_20260905_055730.png => ASML_Weekly_20260906_060922.png} (61%)
 delete mode 100644 charts/screenshots/AXP/AXP_1H_20260905_055807.png
 create mode 100644 charts/screenshots/AXP/AXP_1H_20260906_060959.png
 delete mode 100644 charts/screenshots/AXP/AXP_4H_20260905_055807.png
 create mode 100644 charts/screenshots/AXP/AXP_4H_20260906_060959.png
 delete mode 100644 charts/screenshots/AXP/AXP_Daily_20260905_055807.png
 create mode 100644 charts/screenshots/AXP/AXP_Daily_20260906_060959.png
 delete mode 100644 charts/screenshots/AXP/AXP_Monthly_20260905_055807.png
 create mode 100644 charts/screenshots/AXP/AXP_Monthly_20260906_060959.png
 delete mode 100644 charts/screenshots/AXP/AXP_Weekly_20260905_055807.png
 create mode 100644 charts/screenshots/AXP/AXP_Weekly_20260906_060959.png
 delete mode 100644 charts/screenshots/BA/BA_1H_20260905_060646.png
 create mode 100644 charts/screenshots/BA/BA_1H_20260906_061840.png
 delete mode 100644 charts/screenshots/BA/BA_4H_20260905_060646.png
 create mode 100644 charts/screenshots/BA/BA_4H_20260906_061840.png
 delete mode 100644 charts/screenshots/BA/BA_Daily_20260905_060646.png
 create mode 100644 charts/screenshots/BA/BA_Daily_20260906_061840.png
 delete mode 100644 charts/screenshots/BA/BA_Monthly_20260905_060646.png
 create mode 100644 charts/screenshots/BA/BA_Monthly_20260906_061840.png
 delete mode 100644 charts/screenshots/BA/BA_Weekly_20260905_060646.png
 create mode 100644 charts/screenshots/BA/BA_Weekly_20260906_061840.png
 delete mode 100644 charts/screenshots/BAC/BAC_1H_20260905_053713.png
 create mode 100644 charts/screenshots/BAC/BAC_1H_20260906_054900.png
 rename charts/screenshots/BAC/{BAC_4H_20260905_053713.png => BAC_4H_20260906_054900.png} (71%)
 delete mode 100644 charts/screenshots/BAC/BAC_Daily_20260905_053713.png
 create mode 100644 charts/screenshots/BAC/BAC_Daily_20260906_054900.png
 delete mode 100644 charts/screenshots/BAC/BAC_Monthly_20260905_053713.png
 create mode 100644 charts/screenshots/BAC/BAC_Monthly_20260906_054900.png
 delete mode 100644 charts/screenshots/BAC/BAC_Weekly_20260905_053713.png
 create mode 100644 charts/screenshots/BAC/BAC_Weekly_20260906_054900.png
 delete mode 100644 charts/screenshots/BKNG/BKNG_1H_20260905_053332.png
 create mode 100644 charts/screenshots/BKNG/BKNG_1H_20260906_054520.png
 delete mode 100644 charts/screenshots/BKNG/BKNG_4H_20260905_053332.png
 create mode 100644 charts/screenshots/BKNG/BKNG_4H_20260906_054520.png
 delete mode 100644 charts/screenshots/BKNG/BKNG_Daily_20260905_053332.png
 create mode 100644 charts/screenshots/BKNG/BKNG_Daily_20260906_054520.png
 delete mode 100644 charts/screenshots/BKNG/BKNG_Monthly_20260905_053332.png
 create mode 100644 charts/screenshots/BKNG/BKNG_Monthly_20260906_054520.png
 delete mode 100644 charts/screenshots/BKNG/BKNG_Weekly_20260905_053332.png
 create mode 100644 charts/screenshots/BKNG/BKNG_Weekly_20260906_054520.png
 delete mode 100644 charts/screenshots/C/C_1H_20260905_055042.png
 create mode 100644 charts/screenshots/C/C_1H_20260906_060235.png
 delete mode 100644 charts/screenshots/C/C_4H_20260905_055042.png
 create mode 100644 charts/screenshots/C/C_4H_20260906_060235.png
 delete mode 100644 charts/screenshots/C/C_Daily_20260905_055042.png
 create mode 100644 charts/screenshots/C/C_Daily_20260906_060235.png
 delete mode 100644 charts/screenshots/C/C_Monthly_20260905_055042.png
 create mode 100644 charts/screenshots/C/C_Monthly_20260906_060235.png
 delete mode 100644 charts/screenshots/C/C_Weekly_20260905_055042.png
 create mode 100644 charts/screenshots/C/C_Weekly_20260906_060235.png
 rename charts/screenshots/CAT/{CAT_1H_20260905_061028.png => CAT_1H_20260906_062223.png} (100%)
 delete mode 100644 charts/screenshots/CAT/CAT_4H_20260905_061028.png
 create mode 100644 charts/screenshots/CAT/CAT_4H_20260906_062223.png
 delete mode 100644 charts/screenshots/CAT/CAT_Daily_20260905_061028.png
 create mode 100644 charts/screenshots/CAT/CAT_Daily_20260906_062223.png
 delete mode 100644 charts/screenshots/CAT/CAT_Monthly_20260905_061028.png
 create mode 100644 charts/screenshots/CAT/CAT_Monthly_20260906_062223.png
 delete mode 100644 charts/screenshots/CAT/CAT_Weekly_20260905_061028.png
 create mode 100644 charts/screenshots/CAT/CAT_Weekly_20260906_062223.png
 delete mode 100644 charts/screenshots/COIN/COIN_1H_20260905_055501.png
 create mode 100644 charts/screenshots/COIN/COIN_1H_20260906_060655.png
 delete mode 100644 charts/screenshots/COIN/COIN_4H_20260905_055501.png
 create mode 100644 charts/screenshots/COIN/COIN_4H_20260906_060655.png
 delete mode 100644 charts/screenshots/COIN/COIN_Daily_20260905_055501.png
 create mode 100644 charts/screenshots/COIN/COIN_Daily_20260906_060655.png
 delete mode 100644 charts/screenshots/COIN/COIN_Monthly_20260905_055501.png
 create mode 100644 charts/screenshots/COIN/COIN_Monthly_20260906_060655.png
 delete mode 100644 charts/screenshots/COIN/COIN_Weekly_20260905_055501.png
 create mode 100644 charts/screenshots/COIN/COIN_Weekly_20260906_060655.png
 delete mode 100644 charts/screenshots/COP/COP_1H_20260905_051923.png
 create mode 100644 charts/screenshots/COP/COP_1H_20260906_053110.png
 delete mode 100644 charts/screenshots/COP/COP_4H_20260905_051923.png
 create mode 100644 charts/screenshots/COP/COP_4H_20260906_053110.png
 delete mode 100644 charts/screenshots/COP/COP_Daily_20260905_051923.png
 create mode 100644 charts/screenshots/COP/COP_Daily_20260906_053110.png
 delete mode 100644 charts/screenshots/COP/COP_Monthly_20260905_051923.png
 create mode 100644 charts/screenshots/COP/COP_Monthly_20260906_053110.png
 delete mode 100644 charts/screenshots/COP/COP_Weekly_20260905_051923.png
 create mode 100644 charts/screenshots/COP/COP_Weekly_20260906_053110.png
 delete mode 100644 charts/screenshots/CRM/CRM_1H_20260905_054852.png
 create mode 100644 charts/screenshots/CRM/CRM_1H_20260906_060044.png
 delete mode 100644 charts/screenshots/CRM/CRM_4H_20260905_054852.png
 create mode 100644 charts/screenshots/CRM/CRM_4H_20260906_060044.png
 delete mode 100644 charts/screenshots/CRM/CRM_Daily_20260905_054852.png
 create mode 100644 charts/screenshots/CRM/CRM_Daily_20260906_060044.png
 delete mode 100644 charts/screenshots/CRM/CRM_Monthly_20260905_054852.png
 create mode 100644 charts/screenshots/CRM/CRM_Monthly_20260906_060044.png
 delete mode 100644 charts/screenshots/CRM/CRM_Weekly_20260905_054852.png
 create mode 100644 charts/screenshots/CRM/CRM_Weekly_20260906_060044.png
 delete mode 100644 charts/screenshots/CRWD/CRWD_1H_20260905_054206.png
 create mode 100644 charts/screenshots/CRWD/CRWD_1H_20260906_055357.png
 delete mode 100644 charts/screenshots/CRWD/CRWD_4H_20260905_054206.png
 create mode 100644 charts/screenshots/CRWD/CRWD_4H_20260906_055357.png
 delete mode 100644 charts/screenshots/CRWD/CRWD_Daily_20260905_054206.png
 create mode 100644 charts/screenshots/CRWD/CRWD_Daily_20260906_055357.png
 delete mode 100644 charts/screenshots/CRWD/CRWD_Monthly_20260905_054206.png
 create mode 100644 charts/screenshots/CRWD/CRWD_Monthly_20260906_055357.png
 rename charts/screenshots/CRWD/{CRWD_Weekly_20260905_054206.png => CRWD_Weekly_20260906_055357.png} (65%)
 delete mode 100644 charts/screenshots/CSCO/CSCO_1H_20260905_053902.png
 create mode 100644 charts/screenshots/CSCO/CSCO_1H_20260906_055050.png
 delete mode 100644 charts/screenshots/CSCO/CSCO_4H_20260905_053902.png
 create mode 100644 charts/screenshots/CSCO/CSCO_4H_20260906_055050.png
 delete mode 100644 charts/screenshots/CSCO/CSCO_Daily_20260905_053902.png
 create mode 100644 charts/screenshots/CSCO/CSCO_Daily_20260906_055050.png
 delete mode 100644 charts/screenshots/CSCO/CSCO_Monthly_20260905_053902.png
 create mode 100644 charts/screenshots/CSCO/CSCO_Monthly_20260906_055050.png
 delete mode 100644 charts/screenshots/CSCO/CSCO_Weekly_20260905_053902.png
 create mode 100644 charts/screenshots/CSCO/CSCO_Weekly_20260906_055050.png
 delete mode 100644 charts/screenshots/CVX/CVX_1H_20260905_052037.png
 create mode 100644 charts/screenshots/CVX/CVX_1H_20260906_053223.png
 delete mode 100644 charts/screenshots/CVX/CVX_4H_20260905_052037.png
 create mode 100644 charts/screenshots/CVX/CVX_4H_20260906_053223.png
 delete mode 100644 charts/screenshots/CVX/CVX_Daily_20260905_052037.png
 create mode 100644 charts/screenshots/CVX/CVX_Daily_20260906_053223.png
 delete mode 100644 charts/screenshots/CVX/CVX_Monthly_20260905_052037.png
 create mode 100644 charts/screenshots/CVX/CVX_Monthly_20260906_053223.png
 delete mode 100644 charts/screenshots/CVX/CVX_Weekly_20260905_052037.png
 create mode 100644 charts/screenshots/CVX/CVX_Weekly_20260906_053223.png
 delete mode 100644 charts/screenshots/DASH/DASH_1H_20260905_051541.png
 create mode 100644 charts/screenshots/DASH/DASH_1H_20260906_052730.png
 delete mode 100644 charts/screenshots/DASH/DASH_4H_20260905_051541.png
 create mode 100644 charts/screenshots/DASH/DASH_4H_20260906_052730.png
 delete mode 100644 charts/screenshots/DASH/DASH_Daily_20260905_051541.png
 create mode 100644 charts/screenshots/DASH/DASH_Daily_20260906_052730.png
 delete mode 100644 charts/screenshots/DASH/DASH_Monthly_20260905_051541.png
 create mode 100644 charts/screenshots/DASH/DASH_Monthly_20260906_052730.png
 delete mode 100644 charts/screenshots/DASH/DASH_Weekly_20260905_051541.png
 create mode 100644 charts/screenshots/DASH/DASH_Weekly_20260906_052730.png
 delete mode 100644 charts/screenshots/DDOG/DDOG_1H_20260905_060950.png
 create mode 100644 charts/screenshots/DDOG/DDOG_1H_20260906_062145.png
 rename charts/screenshots/DDOG/{DDOG_4H_20260905_060950.png => DDOG_4H_20260906_062145.png} (100%)
 delete mode 100644 charts/screenshots/DDOG/DDOG_Daily_20260905_060950.png
 create mode 100644 charts/screenshots/DDOG/DDOG_Daily_20260906_062145.png
 delete mode 100644 charts/screenshots/DDOG/DDOG_Monthly_20260905_060950.png
 create mode 100644 charts/screenshots/DDOG/DDOG_Monthly_20260906_062145.png
 delete mode 100644 charts/screenshots/DDOG/DDOG_Weekly_20260905_060950.png
 create mode 100644 charts/screenshots/DDOG/DDOG_Weekly_20260906_062145.png
 delete mode 100644 charts/screenshots/DE/DE_1H_20260905_054244.png
 create mode 100644 charts/screenshots/DE/DE_1H_20260906_055434.png
 delete mode 100644 charts/screenshots/DE/DE_4H_20260905_054244.png
 create mode 100644 charts/screenshots/DE/DE_4H_20260906_055434.png
 delete mode 100644 charts/screenshots/DE/DE_Daily_20260905_054244.png
 create mode 100644 charts/screenshots/DE/DE_Daily_20260906_055434.png
 delete mode 100644 charts/screenshots/DE/DE_Monthly_20260905_054244.png
 create mode 100644 charts/screenshots/DE/DE_Monthly_20260906_055434.png
 delete mode 100644 charts/screenshots/DE/DE_Weekly_20260905_054244.png
 create mode 100644 charts/screenshots/DE/DE_Weekly_20260906_055434.png
 delete mode 100644 charts/screenshots/DELL/DELL_1H_20260905_053939.png
 create mode 100644 charts/screenshots/DELL/DELL_1H_20260906_055128.png
 delete mode 100644 charts/screenshots/DELL/DELL_4H_20260905_053939.png
 create mode 100644 charts/screenshots/DELL/DELL_4H_20260906_055128.png
 delete mode 100644 charts/screenshots/DELL/DELL_Daily_20260905_053939.png
 create mode 100644 charts/screenshots/DELL/DELL_Daily_20260906_055128.png
 delete mode 100644 charts/screenshots/DELL/DELL_Monthly_20260905_053939.png
 create mode 100644 charts/screenshots/DELL/DELL_Monthly_20260906_055128.png
 delete mode 100644 charts/screenshots/DELL/DELL_Weekly_20260905_053939.png
 create mode 100644 charts/screenshots/DELL/DELL_Weekly_20260906_055128.png
 create mode 100644 charts/screenshots/DHT/DHT_1H_20260906_062337.png
 create mode 100644 charts/screenshots/DHT/DHT_4H_20260906_062337.png
 create mode 100644 charts/screenshots/DHT/DHT_Daily_20260906_062337.png
 create mode 100644 charts/screenshots/DHT/DHT_Monthly_20260906_062337.png
 create mode 100644 charts/screenshots/DHT/DHT_Weekly_20260906_062337.png
 delete mode 100644 charts/screenshots/DIS/DIS_1H_20260905_051846.png
 create mode 100644 charts/screenshots/DIS/DIS_1H_20260906_053034.png
 delete mode 100644 charts/screenshots/DIS/DIS_4H_20260905_051846.png
 create mode 100644 charts/screenshots/DIS/DIS_4H_20260906_053034.png
 delete mode 100644 charts/screenshots/DIS/DIS_Daily_20260905_051846.png
 create mode 100644 charts/screenshots/DIS/DIS_Daily_20260906_053034.png
 delete mode 100644 charts/screenshots/DIS/DIS_Monthly_20260905_051846.png
 create mode 100644 charts/screenshots/DIS/DIS_Monthly_20260906_053034.png
 delete mode 100644 charts/screenshots/DIS/DIS_Weekly_20260905_051846.png
 create mode 100644 charts/screenshots/DIS/DIS_Weekly_20260906_053034.png
 delete mode 100644 charts/screenshots/ETN/ETN_1H_20260905_060112.png
 create mode 100644 charts/screenshots/ETN/ETN_1H_20260906_061305.png
 delete mode 100644 charts/screenshots/ETN/ETN_4H_20260905_060112.png
 create mode 100644 charts/screenshots/ETN/ETN_4H_20260906_061305.png
 rename charts/screenshots/ETN/{ETN_Daily_20260905_060112.png => ETN_Daily_20260906_061305.png} (63%)
 delete mode 100644 charts/screenshots/ETN/ETN_Monthly_20260905_060112.png
 create mode 100644 charts/screenshots/ETN/ETN_Monthly_20260906_061305.png
 delete mode 100644 charts/screenshots/ETN/ETN_Weekly_20260905_060112.png
 create mode 100644 charts/screenshots/ETN/ETN_Weekly_20260906_061305.png
 delete mode 100644 charts/screenshots/FCX/FCX_1H_20260905_055424.png
 create mode 100644 charts/screenshots/FCX/FCX_1H_20260906_060618.png
 delete mode 100644 charts/screenshots/FCX/FCX_4H_20260905_055424.png
 create mode 100644 charts/screenshots/FCX/FCX_4H_20260906_060618.png
 delete mode 100644 charts/screenshots/FCX/FCX_Daily_20260905_055424.png
 create mode 100644 charts/screenshots/FCX/FCX_Daily_20260906_060618.png
 delete mode 100644 charts/screenshots/FCX/FCX_Monthly_20260905_055424.png
 create mode 100644 charts/screenshots/FCX/FCX_Monthly_20260906_060618.png
 delete mode 100644 charts/screenshots/FCX/FCX_Weekly_20260905_055424.png
 create mode 100644 charts/screenshots/FCX/FCX_Weekly_20260906_060618.png
 delete mode 100644 charts/screenshots/FTNT/FTNT_1H_20260905_053636.png
 create mode 100644 charts/screenshots/FTNT/FTNT_1H_20260906_054823.png
 delete mode 100644 charts/screenshots/FTNT/FTNT_4H_20260905_053636.png
 create mode 100644 charts/screenshots/FTNT/FTNT_4H_20260906_054823.png
 delete mode 100644 charts/screenshots/FTNT/FTNT_Daily_20260905_053636.png
 create mode 100644 charts/screenshots/FTNT/FTNT_Daily_20260906_054823.png
 delete mode 100644 charts/screenshots/FTNT/FTNT_Monthly_20260905_053636.png
 create mode 100644 charts/screenshots/FTNT/FTNT_Monthly_20260906_054823.png
 delete mode 100644 charts/screenshots/FTNT/FTNT_Weekly_20260905_053636.png
 create mode 100644 charts/screenshots/FTNT/FTNT_Weekly_20260906_054823.png
 delete mode 100644 charts/screenshots/GE/GE_1H_20260905_060418.png
 create mode 100644 charts/screenshots/GE/GE_1H_20260906_061611.png
 delete mode 100644 charts/screenshots/GE/GE_4H_20260905_060418.png
 create mode 100644 charts/screenshots/GE/GE_4H_20260906_061611.png
 delete mode 100644 charts/screenshots/GE/GE_Daily_20260905_060418.png
 create mode 100644 charts/screenshots/GE/GE_Daily_20260906_061611.png
 delete mode 100644 charts/screenshots/GE/GE_Monthly_20260905_060418.png
 create mode 100644 charts/screenshots/GE/GE_Monthly_20260906_061611.png
 delete mode 100644 charts/screenshots/GE/GE_Weekly_20260905_060418.png
 create mode 100644 charts/screenshots/GE/GE_Weekly_20260906_061611.png
 rename charts/screenshots/GILD/{GILD_1H_20260905_052801.png => GILD_1H_20260906_053947.png} (100%)
 delete mode 100644 charts/screenshots/GILD/GILD_4H_20260905_052801.png
 create mode 100644 charts/screenshots/GILD/GILD_4H_20260906_053947.png
 delete mode 100644 charts/screenshots/GILD/GILD_Daily_20260905_052801.png
 create mode 100644 charts/screenshots/GILD/GILD_Daily_20260906_053947.png
 delete mode 100644 charts/screenshots/GILD/GILD_Monthly_20260905_052801.png
 create mode 100644 charts/screenshots/GILD/GILD_Monthly_20260906_053947.png
 delete mode 100644 charts/screenshots/GILD/GILD_Weekly_20260905_052801.png
 create mode 100644 charts/screenshots/GILD/GILD_Weekly_20260906_053947.png
 delete mode 100644 charts/screenshots/GOOG/GOOG_1H_20260905_060723.png
 create mode 100644 charts/screenshots/GOOG/GOOG_1H_20260906_061917.png
 delete mode 100644 charts/screenshots/GOOG/GOOG_4H_20260905_060723.png
 create mode 100644 charts/screenshots/GOOG/GOOG_4H_20260906_061917.png
 delete mode 100644 charts/screenshots/GOOG/GOOG_Daily_20260905_060723.png
 create mode 100644 charts/screenshots/GOOG/GOOG_Daily_20260906_061917.png
 delete mode 100644 charts/screenshots/GOOG/GOOG_Monthly_20260905_060723.png
 create mode 100644 charts/screenshots/GOOG/GOOG_Monthly_20260906_061917.png
 rename charts/screenshots/GOOG/{GOOG_Weekly_20260905_060723.png => GOOG_Weekly_20260906_061917.png} (100%)
 delete mode 100644 charts/screenshots/GOOGL/GOOGL_1H_20260905_060800.png
 create mode 100644 charts/screenshots/GOOGL/GOOGL_1H_20260906_061954.png
 delete mode 100644 charts/screenshots/GOOGL/GOOGL_4H_20260905_060800.png
 create mode 100644 charts/screenshots/GOOGL/GOOGL_4H_20260906_061954.png
 delete mode 100644 charts/screenshots/GOOGL/GOOGL_Daily_20260905_060800.png
 create mode 100644 charts/screenshots/GOOGL/GOOGL_Daily_20260906_061954.png
 delete mode 100644 charts/screenshots/GOOGL/GOOGL_Monthly_20260905_060800.png
 create mode 100644 charts/screenshots/GOOGL/GOOGL_Monthly_20260906_061954.png
 delete mode 100644 charts/screenshots/GOOGL/GOOGL_Weekly_20260905_060800.png
 create mode 100644 charts/screenshots/GOOGL/GOOGL_Weekly_20260906_061954.png
 delete mode 100644 charts/screenshots/GS/GS_1H_20260905_055922.png
 create mode 100644 charts/screenshots/GS/GS_1H_20260906_061113.png
 delete mode 100644 charts/screenshots/GS/GS_4H_20260905_055922.png
 create mode 100644 charts/screenshots/GS/GS_4H_20260906_061113.png
 delete mode 100644 charts/screenshots/GS/GS_Daily_20260905_055922.png
 create mode 100644 charts/screenshots/GS/GS_Daily_20260906_061113.png
 delete mode 100644 charts/screenshots/GS/GS_Monthly_20260905_055922.png
 create mode 100644 charts/screenshots/GS/GS_Monthly_20260906_061113.png
 delete mode 100644 charts/screenshots/GS/GS_Weekly_20260905_055922.png
 create mode 100644 charts/screenshots/GS/GS_Weekly_20260906_061113.png
 delete mode 100644 charts/screenshots/HOOD/HOOD_1H_20260905_055538.png
 create mode 100644 charts/screenshots/HOOD/HOOD_1H_20260906_060732.png
 delete mode 100644 charts/screenshots/HOOD/HOOD_4H_20260905_055538.png
 create mode 100644 charts/screenshots/HOOD/HOOD_4H_20260906_060732.png
 delete mode 100644 charts/screenshots/HOOD/HOOD_Daily_20260905_055538.png
 create mode 100644 charts/screenshots/HOOD/HOOD_Daily_20260906_060732.png
 delete mode 100644 charts/screenshots/HOOD/HOOD_Monthly_20260905_055538.png
 create mode 100644 charts/screenshots/HOOD/HOOD_Monthly_20260906_060732.png
 delete mode 100644 charts/screenshots/HOOD/HOOD_Weekly_20260905_055538.png
 create mode 100644 charts/screenshots/HOOD/HOOD_Weekly_20260906_060732.png
 delete mode 100644 charts/screenshots/HPE/HPE_1H_20260905_052151.png
 create mode 100644 charts/screenshots/HPE/HPE_1H_20260906_053338.png
 delete mode 100644 charts/screenshots/HPE/HPE_4H_20260905_052151.png
 create mode 100644 charts/screenshots/HPE/HPE_4H_20260906_053338.png
 delete mode 100644 charts/screenshots/HPE/HPE_Daily_20260905_052151.png
 create mode 100644 charts/screenshots/HPE/HPE_Daily_20260906_053338.png
 delete mode 100644 charts/screenshots/HPE/HPE_Monthly_20260905_052151.png
 create mode 100644 charts/screenshots/HPE/HPE_Monthly_20260906_053338.png
 delete mode 100644 charts/screenshots/HPE/HPE_Weekly_20260905_052151.png
 create mode 100644 charts/screenshots/HPE/HPE_Weekly_20260906_053338.png
 delete mode 100644 charts/screenshots/HWM/HWM_1H_20260905_060303.png
 create mode 100644 charts/screenshots/HWM/HWM_1H_20260906_061456.png
 delete mode 100644 charts/screenshots/HWM/HWM_4H_20260905_060303.png
 create mode 100644 charts/screenshots/HWM/HWM_4H_20260906_061456.png
 delete mode 100644 charts/screenshots/HWM/HWM_Daily_20260905_060303.png
 create mode 100644 charts/screenshots/HWM/HWM_Daily_20260906_061456.png
 delete mode 100644 charts/screenshots/HWM/HWM_Monthly_20260905_060303.png
 create mode 100644 charts/screenshots/HWM/HWM_Monthly_20260906_061456.png
 delete mode 100644 charts/screenshots/HWM/HWM_Weekly_20260905_060303.png
 create mode 100644 charts/screenshots/HWM/HWM_Weekly_20260906_061456.png
 delete mode 100644 charts/screenshots/IWM/IWM_1H_20260905_053256.png
 create mode 100644 charts/screenshots/IWM/IWM_1H_20260906_054443.png
 delete mode 100644 charts/screenshots/IWM/IWM_4H_20260905_053256.png
 create mode 100644 charts/screenshots/IWM/IWM_4H_20260906_054443.png
 delete mode 100644 charts/screenshots/IWM/IWM_Daily_20260905_053256.png
 create mode 100644 charts/screenshots/IWM/IWM_Daily_20260906_054443.png
 delete mode 100644 charts/screenshots/IWM/IWM_Monthly_20260905_053256.png
 create mode 100644 charts/screenshots/IWM/IWM_Monthly_20260906_054443.png
 delete mode 100644 charts/screenshots/IWM/IWM_Weekly_20260905_053256.png
 create mode 100644 charts/screenshots/IWM/IWM_Weekly_20260906_054443.png
 delete mode 100644 charts/screenshots/JNJ/JNJ_1H_20260905_052838.png
 create mode 100644 charts/screenshots/JNJ/JNJ_1H_20260906_054024.png
 delete mode 100644 charts/screenshots/JNJ/JNJ_4H_20260905_052838.png
 create mode 100644 charts/screenshots/JNJ/JNJ_4H_20260906_054024.png
 delete mode 100644 charts/screenshots/JNJ/JNJ_Daily_20260905_052838.png
 create mode 100644 charts/screenshots/JNJ/JNJ_Daily_20260906_054024.png
 delete mode 100644 charts/screenshots/JNJ/JNJ_Monthly_20260905_052838.png
 create mode 100644 charts/screenshots/JNJ/JNJ_Monthly_20260906_054024.png
 delete mode 100644 charts/screenshots/JNJ/JNJ_Weekly_20260905_052838.png
 create mode 100644 charts/screenshots/JNJ/JNJ_Weekly_20260906_054024.png
 delete mode 100644 charts/screenshots/JPM/JPM_1H_20260905_055119.png
 create mode 100644 charts/screenshots/JPM/JPM_1H_20260906_060312.png
 delete mode 100644 charts/screenshots/JPM/JPM_4H_20260905_055119.png
 create mode 100644 charts/screenshots/JPM/JPM_4H_20260906_060312.png
 delete mode 100644 charts/screenshots/JPM/JPM_Daily_20260905_055119.png
 create mode 100644 charts/screenshots/JPM/JPM_Daily_20260906_060312.png
 delete mode 100644 charts/screenshots/JPM/JPM_Monthly_20260905_055119.png
 create mode 100644 charts/screenshots/JPM/JPM_Monthly_20260906_060312.png
 delete mode 100644 charts/screenshots/JPM/JPM_Weekly_20260905_055119.png
 create mode 100644 charts/screenshots/JPM/JPM_Weekly_20260906_060312.png
 delete mode 100644 charts/screenshots/KO/KO_1H_20260905_051810.png
 create mode 100644 charts/screenshots/KO/KO_1H_20260906_052957.png
 delete mode 100644 charts/screenshots/KO/KO_4H_20260905_051810.png
 create mode 100644 charts/screenshots/KO/KO_4H_20260906_052957.png
 delete mode 100644 charts/screenshots/KO/KO_Daily_20260905_051810.png
 create mode 100644 charts/screenshots/KO/KO_Daily_20260906_052957.png
 delete mode 100644 charts/screenshots/KO/KO_Monthly_20260905_051810.png
 create mode 100644 charts/screenshots/KO/KO_Monthly_20260906_052957.png
 rename charts/screenshots/KO/{KO_Weekly_20260905_051810.png => KO_Weekly_20260906_052957.png} (100%)
 delete mode 100644 charts/screenshots/LIN/LIN_1H_20260905_061105.png
 create mode 100644 charts/screenshots/LIN/LIN_1H_20260906_062300.png
 delete mode 100644 charts/screenshots/LIN/LIN_4H_20260905_061105.png
 create mode 100644 charts/screenshots/LIN/LIN_4H_20260906_062300.png
 delete mode 100644 charts/screenshots/LIN/LIN_Daily_20260905_061105.png
 create mode 100644 charts/screenshots/LIN/LIN_Daily_20260906_062300.png
 delete mode 100644 charts/screenshots/LIN/LIN_Monthly_20260905_061105.png
 create mode 100644 charts/screenshots/LIN/LIN_Monthly_20260906_062300.png
 delete mode 100644 charts/screenshots/LIN/LIN_Weekly_20260905_061105.png
 create mode 100644 charts/screenshots/LIN/LIN_Weekly_20260906_062300.png
 delete mode 100644 charts/screenshots/LLY/LLY_1H_20260905_054816.png
 create mode 100644 charts/screenshots/LLY/LLY_1H_20260906_060008.png
 rename charts/screenshots/LLY/{LLY_4H_20260905_054816.png => LLY_4H_20260906_060008.png} (67%)
 rename charts/screenshots/LLY/{LLY_Daily_20260905_054816.png => LLY_Daily_20260906_060008.png} (63%)
 delete mode 100644 charts/screenshots/LLY/LLY_Monthly_20260905_054816.png
 create mode 100644 charts/screenshots/LLY/LLY_Monthly_20260906_060008.png
 delete mode 100644 charts/screenshots/LLY/LLY_Weekly_20260905_054816.png
 create mode 100644 charts/screenshots/LLY/LLY_Weekly_20260906_060008.png
 delete mode 100644 charts/screenshots/LRCX/LRCX_1H_20260905_060150.png
 create mode 100644 charts/screenshots/LRCX/LRCX_1H_20260906_061342.png
 delete mode 100644 charts/screenshots/LRCX/LRCX_4H_20260905_060150.png
 create mode 100644 charts/screenshots/LRCX/LRCX_4H_20260906_061342.png
 delete mode 100644 charts/screenshots/LRCX/LRCX_Daily_20260905_060150.png
 create mode 100644 charts/screenshots/LRCX/LRCX_Daily_20260906_061342.png
 delete mode 100644 charts/screenshots/LRCX/LRCX_Monthly_20260905_060150.png
 create mode 100644 charts/screenshots/LRCX/LRCX_Monthly_20260906_061342.png
 delete mode 100644 charts/screenshots/LRCX/LRCX_Weekly_20260905_060150.png
 create mode 100644 charts/screenshots/LRCX/LRCX_Weekly_20260906_061342.png
 delete mode 100644 charts/screenshots/MA/MA_1H_20260905_054053.png
 create mode 100644 charts/screenshots/MA/MA_1H_20260906_055242.png
 delete mode 100644 charts/screenshots/MA/MA_4H_20260905_054053.png
 create mode 100644 charts/screenshots/MA/MA_4H_20260906_055242.png
 delete mode 100644 charts/screenshots/MA/MA_Daily_20260905_054053.png
 create mode 100644 charts/screenshots/MA/MA_Daily_20260906_055242.png
 delete mode 100644 charts/screenshots/MA/MA_Monthly_20260905_054053.png
 create mode 100644 charts/screenshots/MA/MA_Monthly_20260906_055242.png
 delete mode 100644 charts/screenshots/MA/MA_Weekly_20260905_054053.png
 create mode 100644 charts/screenshots/MA/MA_Weekly_20260906_055242.png
 delete mode 100644 charts/screenshots/MCK/MCK_1H_20260905_054320.png
 create mode 100644 charts/screenshots/MCK/MCK_1H_20260906_055511.png
 delete mode 100644 charts/screenshots/MCK/MCK_4H_20260905_054320.png
 create mode 100644 charts/screenshots/MCK/MCK_4H_20260906_055511.png
 delete mode 100644 charts/screenshots/MCK/MCK_Daily_20260905_054320.png
 create mode 100644 charts/screenshots/MCK/MCK_Daily_20260906_055511.png
 delete mode 100644 charts/screenshots/MCK/MCK_Monthly_20260905_054320.png
 create mode 100644 charts/screenshots/MCK/MCK_Monthly_20260906_055511.png
 delete mode 100644 charts/screenshots/MCK/MCK_Weekly_20260905_054320.png
 create mode 100644 charts/screenshots/MCK/MCK_Weekly_20260906_055511.png
 delete mode 100644 charts/screenshots/MDT/MDT_1H_20260905_054511.png
 create mode 100644 charts/screenshots/MDT/MDT_1H_20260906_055702.png
 delete mode 100644 charts/screenshots/MDT/MDT_4H_20260905_054511.png
 create mode 100644 charts/screenshots/MDT/MDT_4H_20260906_055702.png
 delete mode 100644 charts/screenshots/MDT/MDT_Daily_20260905_054511.png
 create mode 100644 charts/screenshots/MDT/MDT_Daily_20260906_055702.png
 delete mode 100644 charts/screenshots/MDT/MDT_Monthly_20260905_054511.png
 create mode 100644 charts/screenshots/MDT/MDT_Monthly_20260906_055702.png
 delete mode 100644 charts/screenshots/MDT/MDT_Weekly_20260905_054511.png
 create mode 100644 charts/screenshots/MDT/MDT_Weekly_20260906_055702.png
 delete mode 100644 charts/screenshots/MELI/MELI_1H_20260905_053826.png
 create mode 100644 charts/screenshots/MELI/MELI_1H_20260906_055013.png
 delete mode 100644 charts/screenshots/MELI/MELI_4H_20260905_053826.png
 create mode 100644 charts/screenshots/MELI/MELI_4H_20260906_055013.png
 delete mode 100644 charts/screenshots/MELI/MELI_Daily_20260905_053826.png
 create mode 100644 charts/screenshots/MELI/MELI_Daily_20260906_055013.png
 delete mode 100644 charts/screenshots/MELI/MELI_Monthly_20260905_053826.png
 create mode 100644 charts/screenshots/MELI/MELI_Monthly_20260906_055013.png
 delete mode 100644 charts/screenshots/MELI/MELI_Weekly_20260905_053826.png
 create mode 100644 charts/screenshots/MELI/MELI_Weekly_20260906_055013.png
 delete mode 100644 charts/screenshots/MPC/MPC_1H_20260905_054548.png
 create mode 100644 charts/screenshots/MPC/MPC_1H_20260906_055739.png
 delete mode 100644 charts/screenshots/MPC/MPC_4H_20260905_054548.png
 create mode 100644 charts/screenshots/MPC/MPC_4H_20260906_055739.png
 delete mode 100644 charts/screenshots/MPC/MPC_Daily_20260905_054548.png
 create mode 100644 charts/screenshots/MPC/MPC_Daily_20260906_055739.png
 delete mode 100644 charts/screenshots/MPC/MPC_Monthly_20260905_054548.png
 create mode 100644 charts/screenshots/MPC/MPC_Monthly_20260906_055739.png
 delete mode 100644 charts/screenshots/MPC/MPC_Weekly_20260905_054548.png
 create mode 100644 charts/screenshots/MPC/MPC_Weekly_20260906_055739.png
 delete mode 100644 charts/screenshots/MRK/MRK_1H_20260905_052915.png
 create mode 100644 charts/screenshots/MRK/MRK_1H_20260906_054100.png
 rename charts/screenshots/MRK/{MRK_4H_20260905_052915.png => MRK_4H_20260906_054100.png} (69%)
 delete mode 100644 charts/screenshots/MRK/MRK_Daily_20260905_052915.png
 create mode 100644 charts/screenshots/MRK/MRK_Daily_20260906_054100.png
 delete mode 100644 charts/screenshots/MRK/MRK_Monthly_20260905_052915.png
 create mode 100644 charts/screenshots/MRK/MRK_Monthly_20260906_054100.png
 delete mode 100644 charts/screenshots/MRK/MRK_Weekly_20260905_052915.png
 create mode 100644 charts/screenshots/MRK/MRK_Weekly_20260906_054100.png
 delete mode 100644 charts/screenshots/MRNA/MRNA_1H_20260905_052951.png
 create mode 100644 charts/screenshots/MRNA/MRNA_1H_20260906_054137.png
 delete mode 100644 charts/screenshots/MRNA/MRNA_4H_20260905_052951.png
 create mode 100644 charts/screenshots/MRNA/MRNA_4H_20260906_054137.png
 delete mode 100644 charts/screenshots/MRNA/MRNA_Daily_20260905_052951.png
 create mode 100644 charts/screenshots/MRNA/MRNA_Daily_20260906_054137.png
 delete mode 100644 charts/screenshots/MRNA/MRNA_Monthly_20260905_052951.png
 create mode 100644 charts/screenshots/MRNA/MRNA_Monthly_20260906_054137.png
 delete mode 100644 charts/screenshots/MRNA/MRNA_Weekly_20260905_052951.png
 create mode 100644 charts/screenshots/MRNA/MRNA_Weekly_20260906_054137.png
 delete mode 100644 charts/screenshots/MS/MS_1H_20260905_055958.png
 create mode 100644 charts/screenshots/MS/MS_1H_20260906_061150.png
 delete mode 100644 charts/screenshots/MS/MS_4H_20260905_055958.png
 create mode 100644 charts/screenshots/MS/MS_4H_20260906_061150.png
 delete mode 100644 charts/screenshots/MS/MS_Daily_20260905_055958.png
 create mode 100644 charts/screenshots/MS/MS_Daily_20260906_061150.png
 delete mode 100644 charts/screenshots/MS/MS_Monthly_20260905_055958.png
 create mode 100644 charts/screenshots/MS/MS_Monthly_20260906_061150.png
 delete mode 100644 charts/screenshots/MS/MS_Weekly_20260905_055958.png
 create mode 100644 charts/screenshots/MS/MS_Weekly_20260906_061150.png
 delete mode 100644 charts/screenshots/MSFT/MSFT_1H_20260905_053029.png
 create mode 100644 charts/screenshots/MSFT/MSFT_1H_20260906_054215.png
 delete mode 100644 charts/screenshots/MSFT/MSFT_4H_20260905_053029.png
 create mode 100644 charts/screenshots/MSFT/MSFT_4H_20260906_054215.png
 delete mode 100644 charts/screenshots/MSFT/MSFT_Daily_20260905_053029.png
 create mode 100644 charts/screenshots/MSFT/MSFT_Daily_20260906_054215.png
 delete mode 100644 charts/screenshots/MSFT/MSFT_Monthly_20260905_053029.png
 create mode 100644 charts/screenshots/MSFT/MSFT_Monthly_20260906_054215.png
 delete mode 100644 charts/screenshots/MSFT/MSFT_Weekly_20260905_053029.png
 create mode 100644 charts/screenshots/MSFT/MSFT_Weekly_20260906_054215.png
 delete mode 100644 charts/screenshots/MU/MU_1H_20260905_054625.png
 create mode 100644 charts/screenshots/MU/MU_1H_20260906_055817.png
 delete mode 100644 charts/screenshots/MU/MU_4H_20260905_054625.png
 create mode 100644 charts/screenshots/MU/MU_4H_20260906_055817.png
 delete mode 100644 charts/screenshots/MU/MU_Daily_20260905_054625.png
 create mode 100644 charts/screenshots/MU/MU_Daily_20260906_055817.png
 delete mode 100644 charts/screenshots/MU/MU_Monthly_20260905_054625.png
 create mode 100644 charts/screenshots/MU/MU_Monthly_20260906_055817.png
 delete mode 100644 charts/screenshots/MU/MU_Weekly_20260905_054625.png
 create mode 100644 charts/screenshots/MU/MU_Weekly_20260906_055817.png
 delete mode 100644 charts/screenshots/NBM.V/NBM.V_1H_20260905_061142.png
 create mode 100644 charts/screenshots/NBM.V/NBM.V_1H_20260906_062415.png
 delete mode 100644 charts/screenshots/NBM.V/NBM.V_4H_20260905_061142.png
 create mode 100644 charts/screenshots/NBM.V/NBM.V_4H_20260906_062415.png
 delete mode 100644 charts/screenshots/NBM.V/NBM.V_Daily_20260905_061142.png
 create mode 100644 charts/screenshots/NBM.V/NBM.V_Daily_20260906_062415.png
 delete mode 100644 charts/screenshots/NBM.V/NBM.V_Monthly_20260905_061142.png
 create mode 100644 charts/screenshots/NBM.V/NBM.V_Monthly_20260906_062415.png
 delete mode 100644 charts/screenshots/NBM.V/NBM.V_Weekly_20260905_061142.png
 create mode 100644 charts/screenshots/NBM.V/NBM.V_Weekly_20260906_062415.png
 delete mode 100644 charts/screenshots/NEE/NEE_1H_20260905_060837.png
 create mode 100644 charts/screenshots/NEE/NEE_1H_20260906_062031.png
 rename charts/screenshots/NEE/{NEE_4H_20260905_060837.png => NEE_4H_20260906_062031.png} (58%)
 rename charts/screenshots/NEE/{NEE_Daily_20260905_060837.png => NEE_Daily_20260906_062031.png} (100%)
 delete mode 100644 charts/screenshots/NEE/NEE_Monthly_20260905_060837.png
 create mode 100644 charts/screenshots/NEE/NEE_Monthly_20260906_062031.png
 delete mode 100644 charts/screenshots/NEE/NEE_Weekly_20260905_060837.png
 create mode 100644 charts/screenshots/NEE/NEE_Weekly_20260906_062031.png
 delete mode 100644 charts/screenshots/NEM/NEM_1H_20260905_052611.png
 create mode 100644 charts/screenshots/NEM/NEM_1H_20260906_053755.png
 delete mode 100644 charts/screenshots/NEM/NEM_4H_20260905_052611.png
 create mode 100644 charts/screenshots/NEM/NEM_4H_20260906_053755.png
 delete mode 100644 charts/screenshots/NEM/NEM_Daily_20260905_052611.png
 create mode 100644 charts/screenshots/NEM/NEM_Daily_20260906_053755.png
 delete mode 100644 charts/screenshots/NEM/NEM_Monthly_20260905_052611.png
 create mode 100644 charts/screenshots/NEM/NEM_Monthly_20260906_053755.png
 delete mode 100644 charts/screenshots/NEM/NEM_Weekly_20260905_052611.png
 create mode 100644 charts/screenshots/NEM/NEM_Weekly_20260906_053755.png
 delete mode 100644 charts/screenshots/NFLX/NFLX_1H_20260905_060226.png
 create mode 100644 charts/screenshots/NFLX/NFLX_1H_20260906_061419.png
 delete mode 100644 charts/screenshots/NFLX/NFLX_4H_20260905_060226.png
 create mode 100644 charts/screenshots/NFLX/NFLX_4H_20260906_061419.png
 delete mode 100644 charts/screenshots/NFLX/NFLX_Daily_20260905_060226.png
 create mode 100644 charts/screenshots/NFLX/NFLX_Daily_20260906_061419.png
 delete mode 100644 charts/screenshots/NFLX/NFLX_Monthly_20260905_060226.png
 create mode 100644 charts/screenshots/NFLX/NFLX_Monthly_20260906_061419.png
 delete mode 100644 charts/screenshots/NFLX/NFLX_Weekly_20260905_060226.png
 create mode 100644 charts/screenshots/NFLX/NFLX_Weekly_20260906_061419.png
 delete mode 100644 charts/screenshots/NOW/NOW_1H_20260905_052304.png
 create mode 100644 charts/screenshots/NOW/NOW_1H_20260906_053452.png
 delete mode 100644 charts/screenshots/NOW/NOW_4H_20260905_052304.png
 create mode 100644 charts/screenshots/NOW/NOW_4H_20260906_053452.png
 delete mode 100644 charts/screenshots/NOW/NOW_Daily_20260905_052304.png
 create mode 100644 charts/screenshots/NOW/NOW_Daily_20260906_053452.png
 delete mode 100644 charts/screenshots/NOW/NOW_Monthly_20260905_052304.png
 create mode 100644 charts/screenshots/NOW/NOW_Monthly_20260906_053452.png
 delete mode 100644 charts/screenshots/NOW/NOW_Weekly_20260905_052304.png
 create mode 100644 charts/screenshots/NOW/NOW_Weekly_20260906_053452.png
 delete mode 100644 charts/screenshots/NVDA/NVDA_1H_20260905_054357.png
 create mode 100644 charts/screenshots/NVDA/NVDA_1H_20260906_055548.png
 delete mode 100644 charts/screenshots/NVDA/NVDA_4H_20260905_054357.png
 create mode 100644 charts/screenshots/NVDA/NVDA_4H_20260906_055548.png
 delete mode 100644 charts/screenshots/NVDA/NVDA_Daily_20260905_054357.png
 create mode 100644 charts/screenshots/NVDA/NVDA_Daily_20260906_055548.png
 delete mode 100644 charts/screenshots/NVDA/NVDA_Monthly_20260905_054357.png
 create mode 100644 charts/screenshots/NVDA/NVDA_Monthly_20260906_055548.png
 delete mode 100644 charts/screenshots/NVDA/NVDA_Weekly_20260905_054357.png
 create mode 100644 charts/screenshots/NVDA/NVDA_Weekly_20260906_055548.png
 delete mode 100644 charts/screenshots/PANW/PANW_1H_20260905_054739.png
 create mode 100644 charts/screenshots/PANW/PANW_1H_20260906_055931.png
 delete mode 100644 charts/screenshots/PANW/PANW_4H_20260905_054739.png
 create mode 100644 charts/screenshots/PANW/PANW_4H_20260906_055931.png
 delete mode 100644 charts/screenshots/PANW/PANW_Daily_20260905_054739.png
 create mode 100644 charts/screenshots/PANW/PANW_Daily_20260906_055931.png
 delete mode 100644 charts/screenshots/PANW/PANW_Monthly_20260905_054739.png
 create mode 100644 charts/screenshots/PANW/PANW_Monthly_20260906_055931.png
 delete mode 100644 charts/screenshots/PANW/PANW_Weekly_20260905_054739.png
 create mode 100644 charts/screenshots/PANW/PANW_Weekly_20260906_055931.png
 delete mode 100644 charts/screenshots/PCG/PCG_1H_20260905_060455.png
 create mode 100644 charts/screenshots/PCG/PCG_1H_20260906_061649.png
 delete mode 100644 charts/screenshots/PCG/PCG_4H_20260905_060455.png
 create mode 100644 charts/screenshots/PCG/PCG_4H_20260906_061649.png
 delete mode 100644 charts/screenshots/PCG/PCG_Daily_20260905_060455.png
 create mode 100644 charts/screenshots/PCG/PCG_Daily_20260906_061649.png
 delete mode 100644 charts/screenshots/PCG/PCG_Monthly_20260905_060455.png
 create mode 100644 charts/screenshots/PCG/PCG_Monthly_20260906_061649.png
 delete mode 100644 charts/screenshots/PCG/PCG_Weekly_20260905_060455.png
 create mode 100644 charts/screenshots/PCG/PCG_Weekly_20260906_061649.png
 delete mode 100644 charts/screenshots/PFE/PFE_1H_20260905_053105.png
 create mode 100644 charts/screenshots/PFE/PFE_1H_20260906_054252.png
 delete mode 100644 charts/screenshots/PFE/PFE_4H_20260905_053105.png
 create mode 100644 charts/screenshots/PFE/PFE_4H_20260906_054252.png
 delete mode 100644 charts/screenshots/PFE/PFE_Daily_20260905_053105.png
 create mode 100644 charts/screenshots/PFE/PFE_Daily_20260906_054252.png
 delete mode 100644 charts/screenshots/PFE/PFE_Monthly_20260905_053105.png
 create mode 100644 charts/screenshots/PFE/PFE_Monthly_20260906_054252.png
 delete mode 100644 charts/screenshots/PFE/PFE_Weekly_20260905_053105.png
 create mode 100644 charts/screenshots/PFE/PFE_Weekly_20260906_054252.png
 delete mode 100644 charts/screenshots/PG/PG_1H_20260905_060532.png
 create mode 100644 charts/screenshots/PG/PG_1H_20260906_061725.png
 delete mode 100644 charts/screenshots/PG/PG_4H_20260905_060532.png
 create mode 100644 charts/screenshots/PG/PG_4H_20260906_061725.png
 delete mode 100644 charts/screenshots/PG/PG_Daily_20260905_060532.png
 create mode 100644 charts/screenshots/PG/PG_Daily_20260906_061725.png
 delete mode 100644 charts/screenshots/PG/PG_Monthly_20260905_060532.png
 create mode 100644 charts/screenshots/PG/PG_Monthly_20260906_061725.png
 delete mode 100644 charts/screenshots/PG/PG_Weekly_20260905_060532.png
 create mode 100644 charts/screenshots/PG/PG_Weekly_20260906_061725.png
 delete mode 100644 charts/screenshots/PLTR/PLTR_1H_20260905_054433.png
 create mode 100644 charts/screenshots/PLTR/PLTR_1H_20260906_055625.png
 delete mode 100644 charts/screenshots/PLTR/PLTR_4H_20260905_054433.png
 create mode 100644 charts/screenshots/PLTR/PLTR_4H_20260906_055625.png
 delete mode 100644 charts/screenshots/PLTR/PLTR_Daily_20260905_054433.png
 create mode 100644 charts/screenshots/PLTR/PLTR_Daily_20260906_055625.png
 delete mode 100644 charts/screenshots/PLTR/PLTR_Monthly_20260905_054433.png
 create mode 100644 charts/screenshots/PLTR/PLTR_Monthly_20260906_055625.png
 delete mode 100644 charts/screenshots/PLTR/PLTR_Weekly_20260905_054433.png
 create mode 100644 charts/screenshots/PLTR/PLTR_Weekly_20260906_055625.png
 delete mode 100644 charts/screenshots/PM/PM_1H_20260905_060035.png
 create mode 100644 charts/screenshots/PM/PM_1H_20260906_061228.png
 delete mode 100644 charts/screenshots/PM/PM_4H_20260905_060035.png
 create mode 100644 charts/screenshots/PM/PM_4H_20260906_061228.png
 delete mode 100644 charts/screenshots/PM/PM_Daily_20260905_060035.png
 create mode 100644 charts/screenshots/PM/PM_Daily_20260906_061228.png
 delete mode 100644 charts/screenshots/PM/PM_Monthly_20260905_060035.png
 create mode 100644 charts/screenshots/PM/PM_Monthly_20260906_061228.png
 delete mode 100644 charts/screenshots/PM/PM_Weekly_20260905_060035.png
 create mode 100644 charts/screenshots/PM/PM_Weekly_20260906_061228.png
 delete mode 100644 charts/screenshots/PSX/PSX_1H_20260905_054702.png
 create mode 100644 charts/screenshots/PSX/PSX_1H_20260906_055854.png
 delete mode 100644 charts/screenshots/PSX/PSX_4H_20260905_054702.png
 create mode 100644 charts/screenshots/PSX/PSX_4H_20260906_055854.png
 delete mode 100644 charts/screenshots/PSX/PSX_Daily_20260905_054702.png
 create mode 100644 charts/screenshots/PSX/PSX_Daily_20260906_055854.png
 delete mode 100644 charts/screenshots/PSX/PSX_Monthly_20260905_054702.png
 create mode 100644 charts/screenshots/PSX/PSX_Monthly_20260906_055854.png
 delete mode 100644 charts/screenshots/PSX/PSX_Weekly_20260905_054702.png
 create mode 100644 charts/screenshots/PSX/PSX_Weekly_20260906_055854.png
 delete mode 100644 charts/screenshots/PYPL/PYPL_1H_20260905_051656.png
 create mode 100644 charts/screenshots/PYPL/PYPL_1H_20260906_052844.png
 delete mode 100644 charts/screenshots/PYPL/PYPL_4H_20260905_051656.png
 create mode 100644 charts/screenshots/PYPL/PYPL_4H_20260906_052844.png
 delete mode 100644 charts/screenshots/PYPL/PYPL_Daily_20260905_051656.png
 create mode 100644 charts/screenshots/PYPL/PYPL_Daily_20260906_052844.png
 delete mode 100644 charts/screenshots/PYPL/PYPL_Monthly_20260905_051656.png
 create mode 100644 charts/screenshots/PYPL/PYPL_Monthly_20260906_052844.png
 delete mode 100644 charts/screenshots/PYPL/PYPL_Weekly_20260905_051656.png
 create mode 100644 charts/screenshots/PYPL/PYPL_Weekly_20260906_052844.png
 delete mode 100644 charts/screenshots/QQQ/QQQ_1H_20260905_055616.png
 create mode 100644 charts/screenshots/QQQ/QQQ_1H_20260906_060808.png
 delete mode 100644 charts/screenshots/QQQ/QQQ_4H_20260905_055616.png
 create mode 100644 charts/screenshots/QQQ/QQQ_4H_20260906_060808.png
 delete mode 100644 charts/screenshots/QQQ/QQQ_Daily_20260905_055616.png
 create mode 100644 charts/screenshots/QQQ/QQQ_Daily_20260906_060808.png
 delete mode 100644 charts/screenshots/QQQ/QQQ_Monthly_20260905_055616.png
 create mode 100644 charts/screenshots/QQQ/QQQ_Monthly_20260906_060808.png
 delete mode 100644 charts/screenshots/QQQ/QQQ_Weekly_20260905_055616.png
 create mode 100644 charts/screenshots/QQQ/QQQ_Weekly_20260906_060808.png
 delete mode 100644 charts/screenshots/ROST/ROST_1H_20260905_054929.png
 create mode 100644 charts/screenshots/ROST/ROST_1H_20260906_060121.png
 delete mode 100644 charts/screenshots/ROST/ROST_4H_20260905_054929.png
 create mode 100644 charts/screenshots/ROST/ROST_4H_20260906_060121.png
 delete mode 100644 charts/screenshots/ROST/ROST_Daily_20260905_054929.png
 create mode 100644 charts/screenshots/ROST/ROST_Daily_20260906_060121.png
 delete mode 100644 charts/screenshots/ROST/ROST_Monthly_20260905_054929.png
 create mode 100644 charts/screenshots/ROST/ROST_Monthly_20260906_060121.png
 delete mode 100644 charts/screenshots/ROST/ROST_Weekly_20260905_054929.png
 create mode 100644 charts/screenshots/ROST/ROST_Weekly_20260906_060121.png
 delete mode 100644 charts/screenshots/RTX/RTX_1H_20260905_053522.png
 create mode 100644 charts/screenshots/RTX/RTX_1H_20260906_054709.png
 rename charts/screenshots/RTX/{RTX_4H_20260905_053522.png => RTX_4H_20260906_054709.png} (66%)
 delete mode 100644 charts/screenshots/RTX/RTX_Daily_20260905_053522.png
 create mode 100644 charts/screenshots/RTX/RTX_Daily_20260906_054709.png
 delete mode 100644 charts/screenshots/RTX/RTX_Monthly_20260905_053522.png
 create mode 100644 charts/screenshots/RTX/RTX_Monthly_20260906_054709.png
 delete mode 100644 charts/screenshots/RTX/RTX_Weekly_20260905_053522.png
 create mode 100644 charts/screenshots/RTX/RTX_Weekly_20260906_054709.png
 delete mode 100644 charts/screenshots/SCHW/SCHW_1H_20260905_051619.png
 create mode 100644 charts/screenshots/SCHW/SCHW_1H_20260906_052807.png
 delete mode 100644 charts/screenshots/SCHW/SCHW_4H_20260905_051619.png
 create mode 100644 charts/screenshots/SCHW/SCHW_4H_20260906_052807.png
 delete mode 100644 charts/screenshots/SCHW/SCHW_Daily_20260905_051619.png
 create mode 100644 charts/screenshots/SCHW/SCHW_Daily_20260906_052807.png
 delete mode 100644 charts/screenshots/SCHW/SCHW_Monthly_20260905_051619.png
 create mode 100644 charts/screenshots/SCHW/SCHW_Monthly_20260906_052807.png
 delete mode 100644 charts/screenshots/SCHW/SCHW_Weekly_20260905_051619.png
 create mode 100644 charts/screenshots/SCHW/SCHW_Weekly_20260906_052807.png
 delete mode 100644 charts/screenshots/SMCI/SMCI_1H_20260905_052341.png
 create mode 100644 charts/screenshots/SMCI/SMCI_1H_20260906_053529.png
 delete mode 100644 charts/screenshots/SMCI/SMCI_4H_20260905_052341.png
 create mode 100644 charts/screenshots/SMCI/SMCI_4H_20260906_053529.png
 delete mode 100644 charts/screenshots/SMCI/SMCI_Daily_20260905_052341.png
 create mode 100644 charts/screenshots/SMCI/SMCI_Daily_20260906_053529.png
 delete mode 100644 charts/screenshots/SMCI/SMCI_Monthly_20260905_052341.png
 create mode 100644 charts/screenshots/SMCI/SMCI_Monthly_20260906_053529.png
 delete mode 100644 charts/screenshots/SMCI/SMCI_Weekly_20260905_052341.png
 create mode 100644 charts/screenshots/SMCI/SMCI_Weekly_20260906_053529.png
 delete mode 100644 charts/screenshots/SNPS/SNPS_1H_20260905_060340.png
 create mode 100644 charts/screenshots/SNPS/SNPS_1H_20260906_061534.png
 delete mode 100644 charts/screenshots/SNPS/SNPS_4H_20260905_060340.png
 create mode 100644 charts/screenshots/SNPS/SNPS_4H_20260906_061534.png
 delete mode 100644 charts/screenshots/SNPS/SNPS_Daily_20260905_060340.png
 create mode 100644 charts/screenshots/SNPS/SNPS_Daily_20260906_061534.png
 delete mode 100644 charts/screenshots/SNPS/SNPS_Monthly_20260905_060340.png
 create mode 100644 charts/screenshots/SNPS/SNPS_Monthly_20260906_061534.png
 delete mode 100644 charts/screenshots/SNPS/SNPS_Weekly_20260905_060340.png
 create mode 100644 charts/screenshots/SNPS/SNPS_Weekly_20260906_061534.png
 delete mode 100644 charts/screenshots/SPGI/SPGI_1H_20260905_055233.png
 create mode 100644 charts/screenshots/SPGI/SPGI_1H_20260906_060426.png
 delete mode 100644 charts/screenshots/SPGI/SPGI_4H_20260905_055233.png
 create mode 100644 charts/screenshots/SPGI/SPGI_4H_20260906_060426.png
 delete mode 100644 charts/screenshots/SPGI/SPGI_Daily_20260905_055233.png
 create mode 100644 charts/screenshots/SPGI/SPGI_Daily_20260906_060426.png
 delete mode 100644 charts/screenshots/SPGI/SPGI_Monthly_20260905_055233.png
 create mode 100644 charts/screenshots/SPGI/SPGI_Monthly_20260906_060426.png
 delete mode 100644 charts/screenshots/SPGI/SPGI_Weekly_20260905_055233.png
 create mode 100644 charts/screenshots/SPGI/SPGI_Weekly_20260906_060426.png
 delete mode 100644 charts/screenshots/SPY/SPY_1H_20260905_055653.png
 create mode 100644 charts/screenshots/SPY/SPY_1H_20260906_060846.png
 delete mode 100644 charts/screenshots/SPY/SPY_4H_20260905_055653.png
 create mode 100644 charts/screenshots/SPY/SPY_4H_20260906_060846.png
 delete mode 100644 charts/screenshots/SPY/SPY_Daily_20260905_055653.png
 create mode 100644 charts/screenshots/SPY/SPY_Daily_20260906_060846.png
 delete mode 100644 charts/screenshots/SPY/SPY_Monthly_20260905_055653.png
 create mode 100644 charts/screenshots/SPY/SPY_Monthly_20260906_060846.png
 delete mode 100644 charts/screenshots/SPY/SPY_Weekly_20260905_055653.png
 create mode 100644 charts/screenshots/SPY/SPY_Weekly_20260906_060846.png
 delete mode 100644 charts/screenshots/SYK/SYK_1H_20260905_055844.png
 create mode 100644 charts/screenshots/SYK/SYK_1H_20260906_061036.png
 delete mode 100644 charts/screenshots/SYK/SYK_4H_20260905_055844.png
 create mode 100644 charts/screenshots/SYK/SYK_4H_20260906_061036.png
 delete mode 100644 charts/screenshots/SYK/SYK_Daily_20260905_055844.png
 create mode 100644 charts/screenshots/SYK/SYK_Daily_20260906_061036.png
 delete mode 100644 charts/screenshots/SYK/SYK_Monthly_20260905_055844.png
 create mode 100644 charts/screenshots/SYK/SYK_Monthly_20260906_061036.png
 rename charts/screenshots/SYK/{SYK_Weekly_20260905_055844.png => SYK_Weekly_20260906_061036.png} (80%)
 delete mode 100644 charts/screenshots/T/T_1H_20260905_051733.png
 create mode 100644 charts/screenshots/T/T_1H_20260906_052920.png
 delete mode 100644 charts/screenshots/T/T_4H_20260905_051733.png
 create mode 100644 charts/screenshots/T/T_4H_20260906_052920.png
 delete mode 100644 charts/screenshots/T/T_Daily_20260905_051733.png
 create mode 100644 charts/screenshots/T/T_Daily_20260906_052920.png
 delete mode 100644 charts/screenshots/T/T_Monthly_20260905_051733.png
 create mode 100644 charts/screenshots/T/T_Monthly_20260906_052920.png
 delete mode 100644 charts/screenshots/T/T_Weekly_20260905_051733.png
 create mode 100644 charts/screenshots/T/T_Weekly_20260906_052920.png
 rename charts/screenshots/TEAM/{TEAM_1H_20260905_052457.png => TEAM_1H_20260906_053642.png} (70%)
 delete mode 100644 charts/screenshots/TEAM/TEAM_4H_20260905_052457.png
 create mode 100644 charts/screenshots/TEAM/TEAM_4H_20260906_053642.png
 delete mode 100644 charts/screenshots/TEAM/TEAM_Daily_20260905_052457.png
 create mode 100644 charts/screenshots/TEAM/TEAM_Daily_20260906_053642.png
 delete mode 100644 charts/screenshots/TEAM/TEAM_Monthly_20260905_052457.png
 create mode 100644 charts/screenshots/TEAM/TEAM_Monthly_20260906_053642.png
 delete mode 100644 charts/screenshots/TEAM/TEAM_Weekly_20260905_052457.png
 create mode 100644 charts/screenshots/TEAM/TEAM_Weekly_20260906_053642.png
 delete mode 100644 charts/screenshots/TGT/TGT_1H_20260905_053142.png
 create mode 100644 charts/screenshots/TGT/TGT_1H_20260906_054329.png
 delete mode 100644 charts/screenshots/TGT/TGT_4H_20260905_053142.png
 create mode 100644 charts/screenshots/TGT/TGT_4H_20260906_054329.png
 delete mode 100644 charts/screenshots/TGT/TGT_Daily_20260905_053142.png
 create mode 100644 charts/screenshots/TGT/TGT_Daily_20260906_054329.png
 delete mode 100644 charts/screenshots/TGT/TGT_Monthly_20260905_053142.png
 create mode 100644 charts/screenshots/TGT/TGT_Monthly_20260906_054329.png
 delete mode 100644 charts/screenshots/TGT/TGT_Weekly_20260905_053142.png
 create mode 100644 charts/screenshots/TGT/TGT_Weekly_20260906_054329.png
 delete mode 100644 charts/screenshots/TJX/TJX_1H_20260905_060609.png
 create mode 100644 charts/screenshots/TJX/TJX_1H_20260906_061803.png
 delete mode 100644 charts/screenshots/TJX/TJX_4H_20260905_060609.png
 create mode 100644 charts/screenshots/TJX/TJX_4H_20260906_061803.png
 delete mode 100644 charts/screenshots/TJX/TJX_Daily_20260905_060609.png
 create mode 100644 charts/screenshots/TJX/TJX_Daily_20260906_061803.png
 delete mode 100644 charts/screenshots/TJX/TJX_Monthly_20260905_060609.png
 create mode 100644 charts/screenshots/TJX/TJX_Monthly_20260906_061803.png
 delete mode 100644 charts/screenshots/TJX/TJX_Weekly_20260905_060609.png
 create mode 100644 charts/screenshots/TJX/TJX_Weekly_20260906_061803.png
 delete mode 100644 charts/screenshots/TMO/TMO_1H_20260905_053219.png
 create mode 100644 charts/screenshots/TMO/TMO_1H_20260906_054406.png
 delete mode 100644 charts/screenshots/TMO/TMO_4H_20260905_053219.png
 create mode 100644 charts/screenshots/TMO/TMO_4H_20260906_054406.png
 delete mode 100644 charts/screenshots/TMO/TMO_Daily_20260905_053219.png
 create mode 100644 charts/screenshots/TMO/TMO_Daily_20260906_054406.png
 delete mode 100644 charts/screenshots/TMO/TMO_Monthly_20260905_053219.png
 create mode 100644 charts/screenshots/TMO/TMO_Monthly_20260906_054406.png
 delete mode 100644 charts/screenshots/TMO/TMO_Weekly_20260905_053219.png
 create mode 100644 charts/screenshots/TMO/TMO_Weekly_20260906_054406.png
 delete mode 100644 charts/screenshots/UBER/UBER_1H_20260905_054016.png
 create mode 100644 charts/screenshots/UBER/UBER_1H_20260906_055205.png
 delete mode 100644 charts/screenshots/UBER/UBER_4H_20260905_054016.png
 create mode 100644 charts/screenshots/UBER/UBER_4H_20260906_055205.png
 delete mode 100644 charts/screenshots/UBER/UBER_Daily_20260905_054016.png
 create mode 100644 charts/screenshots/UBER/UBER_Daily_20260906_055205.png
 delete mode 100644 charts/screenshots/UBER/UBER_Monthly_20260905_054016.png
 create mode 100644 charts/screenshots/UBER/UBER_Monthly_20260906_055205.png
 delete mode 100644 charts/screenshots/UBER/UBER_Weekly_20260905_054016.png
 create mode 100644 charts/screenshots/UBER/UBER_Weekly_20260906_055205.png
 delete mode 100644 charts/screenshots/UNH/UNH_1H_20260905_053749.png
 create mode 100644 charts/screenshots/UNH/UNH_1H_20260906_054936.png
 delete mode 100644 charts/screenshots/UNH/UNH_4H_20260905_053749.png
 create mode 100644 charts/screenshots/UNH/UNH_4H_20260906_054936.png
 delete mode 100644 charts/screenshots/UNH/UNH_Daily_20260905_053749.png
 create mode 100644 charts/screenshots/UNH/UNH_Daily_20260906_054936.png
 delete mode 100644 charts/screenshots/UNH/UNH_Monthly_20260905_053749.png
 create mode 100644 charts/screenshots/UNH/UNH_Monthly_20260906_054936.png
 delete mode 100644 charts/screenshots/UNH/UNH_Weekly_20260905_053749.png
 create mode 100644 charts/screenshots/UNH/UNH_Weekly_20260906_054936.png
 delete mode 100644 charts/screenshots/UNP/UNP_1H_20260905_052227.png
 create mode 100644 charts/screenshots/UNP/UNP_1H_20260906_053415.png
 delete mode 100644 charts/screenshots/UNP/UNP_4H_20260905_052227.png
 create mode 100644 charts/screenshots/UNP/UNP_4H_20260906_053415.png
 delete mode 100644 charts/screenshots/UNP/UNP_Daily_20260905_052227.png
 create mode 100644 charts/screenshots/UNP/UNP_Daily_20260906_053415.png
 delete mode 100644 charts/screenshots/UNP/UNP_Monthly_20260905_052227.png
 create mode 100644 charts/screenshots/UNP/UNP_Monthly_20260906_053415.png
 delete mode 100644 charts/screenshots/UNP/UNP_Weekly_20260905_052227.png
 create mode 100644 charts/screenshots/UNP/UNP_Weekly_20260906_053415.png
 delete mode 100644 charts/screenshots/V/V_1H_20260905_055347.png
 create mode 100644 charts/screenshots/V/V_1H_20260906_060540.png
 delete mode 100644 charts/screenshots/V/V_4H_20260905_055347.png
 create mode 100644 charts/screenshots/V/V_4H_20260906_060540.png
 delete mode 100644 charts/screenshots/V/V_Daily_20260905_055347.png
 create mode 100644 charts/screenshots/V/V_Daily_20260906_060540.png
 delete mode 100644 charts/screenshots/V/V_Monthly_20260905_055347.png
 create mode 100644 charts/screenshots/V/V_Monthly_20260906_060540.png
 delete mode 100644 charts/screenshots/V/V_Weekly_20260905_055347.png
 create mode 100644 charts/screenshots/V/V_Weekly_20260906_060540.png
 delete mode 100644 charts/screenshots/VLO/VLO_1H_20260905_051504.png
 create mode 100644 charts/screenshots/VLO/VLO_1H_20260906_052653.png
 delete mode 100644 charts/screenshots/VLO/VLO_4H_20260905_051504.png
 create mode 100644 charts/screenshots/VLO/VLO_4H_20260906_052653.png
 delete mode 100644 charts/screenshots/VLO/VLO_Daily_20260905_051504.png
 create mode 100644 charts/screenshots/VLO/VLO_Daily_20260906_052653.png
 delete mode 100644 charts/screenshots/VLO/VLO_Monthly_20260905_051504.png
 create mode 100644 charts/screenshots/VLO/VLO_Monthly_20260906_052653.png
 delete mode 100644 charts/screenshots/VLO/VLO_Weekly_20260905_051504.png
 create mode 100644 charts/screenshots/VLO/VLO_Weekly_20260906_052653.png
 rename charts/screenshots/VZ/{VZ_1H_20260905_053446.png => VZ_1H_20260906_054632.png} (70%)
 rename charts/screenshots/VZ/{VZ_4H_20260905_053446.png => VZ_4H_20260906_054632.png} (69%)
 delete mode 100644 charts/screenshots/VZ/VZ_Daily_20260905_053446.png
 create mode 100644 charts/screenshots/VZ/VZ_Daily_20260906_054632.png
 delete mode 100644 charts/screenshots/VZ/VZ_Monthly_20260905_053446.png
 create mode 100644 charts/screenshots/VZ/VZ_Monthly_20260906_054632.png
 delete mode 100644 charts/screenshots/VZ/VZ_Weekly_20260905_053446.png
 create mode 100644 charts/screenshots/VZ/VZ_Weekly_20260906_054632.png
 delete mode 100644 charts/screenshots/WDAY/WDAY_1H_20260905_052420.png
 create mode 100644 charts/screenshots/WDAY/WDAY_1H_20260906_053606.png
 delete mode 100644 charts/screenshots/WDAY/WDAY_4H_20260905_052420.png
 create mode 100644 charts/screenshots/WDAY/WDAY_4H_20260906_053606.png
 delete mode 100644 charts/screenshots/WDAY/WDAY_Daily_20260905_052420.png
 create mode 100644 charts/screenshots/WDAY/WDAY_Daily_20260906_053606.png
 delete mode 100644 charts/screenshots/WDAY/WDAY_Monthly_20260905_052420.png
 create mode 100644 charts/screenshots/WDAY/WDAY_Monthly_20260906_053606.png
 rename charts/screenshots/WDAY/{WDAY_Weekly_20260905_052420.png => WDAY_Weekly_20260906_053606.png} (100%)
 delete mode 100644 charts/screenshots/WFC/WFC_1H_20260905_055006.png
 create mode 100644 charts/screenshots/WFC/WFC_1H_20260906_060158.png
 delete mode 100644 charts/screenshots/WFC/WFC_4H_20260905_055006.png
 create mode 100644 charts/screenshots/WFC/WFC_4H_20260906_060158.png
 delete mode 100644 charts/screenshots/WFC/WFC_Daily_20260905_055006.png
 create mode 100644 charts/screenshots/WFC/WFC_Daily_20260906_060158.png
 delete mode 100644 charts/screenshots/WFC/WFC_Monthly_20260905_055006.png
 create mode 100644 charts/screenshots/WFC/WFC_Monthly_20260906_060158.png
 delete mode 100644 charts/screenshots/WFC/WFC_Weekly_20260905_055006.png
 create mode 100644 charts/screenshots/WFC/WFC_Weekly_20260906_060158.png
 delete mode 100644 charts/screenshots/XOM/XOM_1H_20260905_052000.png
 create mode 100644 charts/screenshots/XOM/XOM_1H_20260906_053147.png
 delete mode 100644 charts/screenshots/XOM/XOM_4H_20260905_052000.png
 create mode 100644 charts/screenshots/XOM/XOM_4H_20260906_053147.png
 delete mode 100644 charts/screenshots/XOM/XOM_Daily_20260905_052000.png
 create mode 100644 charts/screenshots/XOM/XOM_Daily_20260906_053147.png
 delete mode 100644 charts/screenshots/XOM/XOM_Monthly_20260905_052000.png
 create mode 100644 charts/screenshots/XOM/XOM_Monthly_20260906_053147.png
 delete mode 100644 charts/screenshots/XOM/XOM_Weekly_20260905_052000.png
 create mode 100644 charts/screenshots/XOM/XOM_Weekly_20260906_053147.png
[[SP500 차트분석]] GitHub 푸시 완료
[[SP500 차트분석]] Google Sheets 업데이트 완료
[Paper Trading] SP500 ranked_df 스냅샷 저장 완료 (128개 종목)

[요약] 파이프라인 완료 – 총 4657.6초 (77.63분) 소요
