[OHLCV] 배치 다운로드 1/4 (150개 종목, period=5y)...
[OHLCV] 배치 다운로드 2/4 (150개 종목, period=5y)...
[OHLCV] 배치 다운로드 3/4 (150개 종목, period=5y)...
[OHLCV] 배치 다운로드 4/4 (68개 종목, period=5y)...
[DataValidator] 14건의 데이터 품질 경고 발생
Warning:  BK: Close NaN 비율 100.0% (기준: 30%)
Warning:  CTRA: Close NaN 비율 100.0% (기준: 30%)
Warning:  EA: Close NaN 비율 99.5% (기준: 30%)
Warning:  GL: 비정상 가격 변동 53.1% (2024-04-11) — 스플릿/데이터 오류 가능
Warning:  PDD: 비정상 가격 변동 56.1% (2022-03-16) — 스플릿/데이터 오류 가능
Warning:  DAY: Close NaN 비율 100.0% (기준: 30%)
Warning:  KVUE: Close NaN 비율 33.1% (기준: 30%)
Warning:  MRNA: 비정상 가격 변동 177.0% (2026-08-19) — 스플릿/데이터 오류 가능
Warning:  VLTO: Close NaN 비율 41.4% (기준: 30%)
Warning:  AVB: Close NaN 비율 97.8% (기준: 30%)
Warning:  EQR: Close NaN 비율 98.8% (기준: 30%)
Warning:  GEV: Close NaN 비율 51.0% (기준: 30%)
Warning:  HOLX: Close NaN 비율 100.0% (기준: 30%)
Warning:  SOLV: Close NaN 비율 50.9% (기준: 30%)
[[SP500 분석]] 강한 섹터: {'Health Care', 'Information Technology', 'Energy', 'Communication Services'}
[DataValidator] 1건의 데이터 품질 경고 발생
Warning:  MRNA: 비정상 가격 변동 177.0% (2026-08-19) — 스플릿/데이터 오류 가능
[[SP500 분석]] Extreme model 'label_low' walk-forward ROC 0.65, AP 0.41
[[SP500 분석]] Extreme model 'label_high' walk-forward ROC 0.61, AP 0.31
[[SP500 분석]] Google Sheets 업데이트 완료
[Email] 바닥반등 34개 + 모멘텀 58개 = 총 92개 종목 리스트를 chunghwan14@gmail.com, roykim0311@gmail.com, ssamjungtan@naver.com로 발송 완료
[[SP500 분석]] Signals 결과 기반 차트분석 종목 리스트 생성 중...
[Dynamic Portfolio] 생성된 차트분석 종목 리스트(94개): ['NBM.V', 'BAC', 'DIS', 'DHT', 'PM', 'UNH', 'BRK-B', 'ADI', 'DE', 'BSX', 'MCK', 'TJX', 'C', 'BKNG', 'GLW', 'NEM', 'MSFT', 'PYPL', 'APH', 'CRM', 'SPGI', 'TMUS', 'DDOG', 'FCX', 'JPM', 'HOOD', 'TEAM', 'SCHW', 'MELI', 'SLB', 'TER', 'DASH', 'AAPL', 'T', 'GS', 'JNJ', 'UBER', 'TMO', 'ABNB', 'XOM', 'MRK', 'ABBV', 'AMGN', 'HWM', 'META', 'COP', 'INTC', 'ASML', 'AMZN', 'VZ', 'KO', 'V', 'SMCI', 'FTNT', 'RTX', 'HPE', 'AMD', 'CVX', 'CDNS', 'CRWD', 'UNP', 'TXN', 'WFC', 'SPY', 'LRCX', 'WDAY', 'TGT', 'ABT', 'NKE', 'PCG', 'NOW', 'PANW', 'MU', 'DELL', 'MS', 'VLO', 'IWM', 'AMAT', 'MRVL', 'MPC', 'GILD', 'QQQ', 'CSCO', 'MDT', 'STX', 'WDC', 'MA', 'MRNA', 'NVDA', 'ANET', 'SNPS', 'PFE', 'NXPI', 'PLTR']
[[SP500 차트분석]] [SP500 분석] 결과 기반 [SP500 차트분석] 시트 생성 중 (94개 종목)...
[[SP500 차트분석]] [SP500 분석]에 없는 종목은 별도 분석: ['NBM.V', 'DHT']
[DataValidator] 1건의 데이터 품질 경고 발생
Warning:  NBM.V: 비정상 가격 변동 56.3% (2024-09-25) — 스플릿/데이터 오류 가능
[[SP500 차트분석]] 강한 섹터: {'Health Care', 'Information Technology', 'Energy', 'Communication Services'}
[[SP500 차트분석]] Extreme model 'global' skipped: insufficient_tickers
[[SP500 차트분석]] 기존 차트 파일 삭제 중...
[[SP500 차트분석]] 차트 저장 디렉토리 준비 완료: charts/screenshots
[[SP500 차트분석]] TradingView 차트 캡처 시작...
[[SP500 차트분석]] 94개 종목 차트 캡처 중...
[TradingView] SLB 브라우저 세션 시작  (로그인 세션)...
[TradingView] 1H 캡처 완료 (60)
[TradingView] 4H 캡처 완료 (240)
[TradingView] Daily 캡처 완료 (D)
[TradingView] Weekly 캡처 완료 (W)
[TradingView] Monthly 캡처 완료 (M)
[[SP500 차트분석]] SLB 차트 5개 처리 완료
[TradingView] VLO 브라우저 세션 시작  (로그인 세션)...
[TradingView] 1H 캡처 완료 (60)
[TradingView] 4H 캡처 완료 (240)
[TradingView] Daily 캡처 완료 (D)
[TradingView] Weekly 캡처 완료 (W)
[TradingView] Monthly 캡처 완료 (M)
[[SP500 차트분석]] VLO 차트 5개 처리 완료
[TradingView] T 브라우저 세션 시작  (로그인 세션)...
[TradingView] 1H 캡처 완료 (60)
[TradingView] 4H 캡처 완료 (240)
[TradingView] Daily 캡처 완료 (D)
[TradingView] Weekly 캡처 완료 (W)
[TradingView] Monthly 캡처 완료 (M)
[[SP500 차트분석]] T 차트 5개 처리 완료
[TradingView] COP 브라우저 세션 시작  (로그인 세션)...
[TradingView] 1H 캡처 완료 (60)
[TradingView] 4H 캡처 완료 (240)
[TradingView] Daily 캡처 완료 (D)
[TradingView] Weekly 캡처 완료 (W)
[TradingView] Monthly 캡처 완료 (M)
[[SP500 차트분석]] COP 차트 5개 처리 완료
[TradingView] CVX 브라우저 세션 시작  (로그인 세션)...
[TradingView] 1H 캡처 완료 (60)
[TradingView] 4H 캡처 완료 (240)
[TradingView] Daily 캡처 완료 (D)
[TradingView] Weekly 캡처 완료 (W)
[TradingView] Monthly 캡처 완료 (M)
[[SP500 차트분석]] CVX 차트 5개 처리 완료
[TradingView] WDAY 브라우저 세션 시작  (로그인 세션)...
[TradingView] 1H 캡처 완료 (60)
[TradingView] 4H 캡처 완료 (240)
[TradingView] Daily 캡처 완료 (D)
[TradingView] Weekly 캡처 완료 (W)
[TradingView] Monthly 캡처 완료 (M)
[[SP500 차트분석]] WDAY 차트 5개 처리 완료
[TradingView] TGT 브라우저 세션 시작  (로그인 세션)...
[TradingView] 1H 캡처 완료 (60)
[TradingView] 4H 캡처 완료 (240)
[TradingView] Daily 캡처 완료 (D)
[TradingView] Weekly 캡처 완료 (W)
[TradingView] Monthly 캡처 완료 (M)
[[SP500 차트분석]] TGT 차트 5개 처리 완료
[TradingView] CRM 브라우저 세션 시작  (로그인 세션)...
[TradingView] 1H 캡처 완료 (60)
[TradingView] 4H 캡처 완료 (240)
[TradingView] Daily 캡처 완료 (D)
[TradingView] Weekly 캡처 완료 (W)
[TradingView] Monthly 캡처 완료 (M)
[[SP500 차트분석]] CRM 차트 5개 처리 완료
[TradingView] SMCI 브라우저 세션 시작  (로그인 세션)...
[TradingView] 1H 캡처 완료 (60)
[TradingView] 4H 캡처 완료 (240)
[TradingView] Daily 캡처 완료 (D)
[TradingView] Weekly 캡처 완료 (W)
[TradingView] Monthly 캡처 완료 (M)
[[SP500 차트분석]] SMCI 차트 5개 처리 완료
[TradingView] MRNA 브라우저 세션 시작  (로그인 세션)...
[TradingView] 1H 캡처 완료 (60)
[TradingView] 4H 캡처 완료 (240)
[TradingView] Daily 캡처 완료 (D)
[TradingView] Weekly 캡처 완료 (W)
[TradingView] Monthly 캡처 완료 (M)
[[SP500 차트분석]] MRNA 차트 5개 처리 완료
[TradingView] NEM 브라우저 세션 시작  (로그인 세션)...
[TradingView] 1H 캡처 완료 (60)
[TradingView] 4H 캡처 완료 (240)
[TradingView] Daily 캡처 완료 (D)
[TradingView] Weekly 캡처 완료 (W)
[TradingView] Monthly 캡처 완료 (M)
[[SP500 차트분석]] NEM 차트 5개 처리 완료
[TradingView] TEAM 브라우저 세션 시작  (로그인 세션)...
[TradingView] 1H 캡처 완료 (60)
[TradingView] 4H 캡처 완료 (240)
[TradingView] Daily 캡처 완료 (D)
[TradingView] Weekly 캡처 완료 (W)
[TradingView] Monthly 캡처 완료 (M)
[[SP500 차트분석]] TEAM 차트 5개 처리 완료
[TradingView] DE 브라우저 세션 시작  (로그인 세션)...
[TradingView] 1H 캡처 완료 (60)
[TradingView] 4H 캡처 완료 (240)
[TradingView] Daily 캡처 완료 (D)
[TradingView] Weekly 캡처 완료 (W)
[TradingView] Monthly 캡처 완료 (M)
[[SP500 차트분석]] DE 차트 5개 처리 완료
[TradingView] GILD 브라우저 세션 시작  (로그인 세션)...
[TradingView] 1H 캡처 완료 (60)
[TradingView] 4H 캡처 완료 (240)
[TradingView] Daily 캡처 완료 (D)
[TradingView] Weekly 캡처 완료 (W)
[TradingView] Monthly 캡처 완료 (M)
[[SP500 차트분석]] GILD 차트 5개 처리 완료
[TradingView] MRK 브라우저 세션 시작  (로그인 세션)...
[TradingView] 1H 캡처 완료 (60)
[TradingView] 4H 캡처 완료 (240)
[TradingView] Daily 캡처 완료 (D)
[TradingView] Weekly 캡처 완료 (W)
[TradingView] Monthly 캡처 완료 (M)
[[SP500 차트분석]] MRK 차트 5개 처리 완료
[TradingView] MSFT 브라우저 세션 시작  (로그인 세션)...
[TradingView] 1H 캡처 완료 (60)
[TradingView] 4H 캡처 완료 (240)
[TradingView] Daily 캡처 완료 (D)
[TradingView] Weekly 캡처 완료 (W)
[TradingView] Monthly 캡처 완료 (M)
[[SP500 차트분석]] MSFT 차트 5개 처리 완료
[TradingView] PFE 브라우저 세션 시작  (로그인 세션)...
[TradingView] 1H 캡처 완료 (60)
[TradingView] 4H 캡처 완료 (240)
[TradingView] Daily 캡처 완료 (D)
[TradingView] Weekly 캡처 완료 (W)
[TradingView] Monthly 캡처 완료 (M)
[[SP500 차트분석]] PFE 차트 5개 처리 완료
[TradingView] VZ 브라우저 세션 시작  (로그인 세션)...
[TradingView] 1H 캡처 완료 (60)
[TradingView] 4H 캡처 완료 (240)
[TradingView] Daily 캡처 완료 (D)
[TradingView] Weekly 캡처 완료 (W)
[TradingView] Monthly 캡처 완료 (M)
[[SP500 차트분석]] VZ 차트 5개 처리 완료
[TradingView] STX 브라우저 세션 시작  (로그인 세션)...
[TradingView] 1H 캡처 완료 (60)
[TradingView] 4H 캡처 완료 (240)
[TradingView] Daily 캡처 완료 (D)
[TradingView] Weekly 캡처 완료 (W)
[TradingView] Monthly 캡처 완료 (M)
[[SP500 차트분석]] STX 차트 5개 처리 완료
[TradingView] BAC 브라우저 세션 시작  (로그인 세션)...
[TradingView] 1H 캡처 완료 (60)
[TradingView] 4H 캡처 완료 (240)
[TradingView] Daily 캡처 완료 (D)
[TradingView] Weekly 캡처 완료 (W)
[TradingView] Monthly 캡처 완료 (M)
[[SP500 차트분석]] BAC 차트 5개 처리 완료
[TradingView] SCHW 브라우저 세션 시작  (로그인 세션)...
[TradingView] 1H 캡처 완료 (60)
[TradingView] 4H 캡처 완료 (240)
[TradingView] Daily 캡처 완료 (D)
[TradingView] Weekly 캡처 완료 (W)
[TradingView] Monthly 캡처 완료 (M)
[[SP500 차트분석]] SCHW 차트 5개 처리 완료
[TradingView] DASH 브라우저 세션 시작  (로그인 세션)...
[TradingView] 1H 캡처 완료 (60)
[TradingView] 4H 캡처 완료 (240)
[TradingView] Daily 캡처 완료 (D)
[TradingView] Weekly 캡처 완료 (W)
[TradingView] Monthly 캡처 완료 (M)
[[SP500 차트분석]] DASH 차트 5개 처리 완료
[TradingView] ABNB 브라우저 세션 시작  (로그인 세션)...
[TradingView] 1H 캡처 완료 (60)
[TradingView] 4H 캡처 완료 (240)
[TradingView] Daily 캡처 완료 (D)
[TradingView] Weekly 캡처 완료 (W)
[TradingView] Monthly 캡처 완료 (M)
[[SP500 차트분석]] ABNB 차트 5개 처리 완료
[TradingView] MA 브라우저 세션 시작  (로그인 세션)...
[TradingView] 1H 캡처 완료 (60)
[TradingView] 4H 캡처 완료 (240)
[TradingView] Daily 캡처 완료 (D)
[TradingView] Weekly 캡처 완료 (W)
[TradingView] Monthly 캡처 완료 (M)
[[SP500 차트분석]] MA 차트 5개 처리 완료
[TradingView] AAPL 브라우저 세션 시작  (로그인 세션)...
[TradingView] 1H 캡처 완료 (60)
[TradingView] 4H 캡처 완료 (240)
[TradingView] Daily 캡처 완료 (D)
[TradingView] Weekly 캡처 완료 (W)
[TradingView] Monthly 캡처 완료 (M)
[[SP500 차트분석]] AAPL 차트 5개 처리 완료
[TradingView] HOOD 브라우저 세션 시작  (로그인 세션)...
[TradingView] 1H 캡처 완료 (60)
[TradingView] 4H 캡처 완료 (240)
[TradingView] Daily 캡처 완료 (D)
[TradingView] Weekly 캡처 완료 (W)
[TradingView] Monthly 캡처 완료 (M)
[[SP500 차트분석]] HOOD 차트 5개 처리 완료
[TradingView] TMO 브라우저 세션 시작  (로그인 세션)...
[TradingView] 1H 캡처 완료 (60)
[TradingView] 4H 캡처 완료 (240)
[TradingView] Daily 캡처 완료 (D)
[TradingView] Weekly 캡처 완료 (W)
[TradingView] Monthly 캡처 완료 (M)
[[SP500 차트분석]] TMO 차트 5개 처리 완료
[TradingView] PYPL 브라우저 세션 시작  (로그인 세션)...
[TradingView] 1H 캡처 완료 (60)
[TradingView] 4H 캡처 완료 (240)
[TradingView] Daily 캡처 완료 (D)
[TradingView] Weekly 캡처 완료 (W)
[TradingView] Monthly 캡처 완료 (M)
[[SP500 차트분석]] PYPL 차트 5개 처리 완료
[TradingView] WFC 브라우저 세션 시작  (로그인 세션)...
[TradingView] 1H 캡처 완료 (60)
[TradingView] 4H 캡처 완료 (240)
[TradingView] Daily 캡처 완료 (D)
[TradingView] Weekly 캡처 완료 (W)
[TradingView] Monthly 캡처 완료 (M)
[[SP500 차트분석]] WFC 차트 5개 처리 완료
[TradingView] ANET 브라우저 세션 시작  (로그인 세션)...
[TradingView] 1H 캡처 완료 (60)
[TradingView] 4H 캡처 완료 (240)
[TradingView] Daily 캡처 완료 (D)
[TradingView] Weekly 캡처 완료 (W)
[TradingView] Monthly 캡처 완료 (M)
[[SP500 차트분석]] ANET 차트 5개 처리 완료
[TradingView] AMGN 브라우저 세션 시작  (로그인 세션)...
[TradingView] 1H 캡처 완료 (60)
[TradingView] 4H 캡처 완료 (240)
[TradingView] Daily 캡처 완료 (D)
[TradingView] Weekly 캡처 완료 (W)
[TradingView] Monthly 캡처 완료 (M)
[[SP500 차트분석]] AMGN 차트 5개 처리 완료
[TradingView] GS 브라우저 세션 시작  (로그인 세션)...
[TradingView] 1H 캡처 완료 (60)
[TradingView] 4H 캡처 완료 (240)
[TradingView] Daily 캡처 완료 (D)
[TradingView] Weekly 캡처 완료 (W)
[TradingView] Monthly 캡처 완료 (M)
[[SP500 차트분석]] GS 차트 5개 처리 완료
[TradingView] V 브라우저 세션 시작  (로그인 세션)...
[TradingView] 1H 캡처 완료 (60)
[TradingView] 4H 캡처 완료 (240)
[TradingView] Daily 캡처 완료 (D)
[TradingView] Weekly 캡처 완료 (W)
[TradingView] Monthly 캡처 완료 (M)
[[SP500 차트분석]] V 차트 5개 처리 완료
[TradingView] NOW 브라우저 세션 시작  (로그인 세션)...
[TradingView] 1H 캡처 완료 (60)
[TradingView] 4H 캡처 완료 (240)
[TradingView] Daily 캡처 완료 (D)
[TradingView] Weekly 캡처 완료 (W)
[TradingView] Monthly 캡처 완료 (M)
[[SP500 차트분석]] NOW 차트 5개 처리 완료
[TradingView] PLTR 브라우저 세션 시작  (로그인 세션)...
[TradingView] 1H 캡처 완료 (60)
[TradingView] 4H 캡처 완료 (240)
[TradingView] Daily 캡처 완료 (D)
[TradingView] Weekly 캡처 완료 (W)
[TradingView] Monthly 캡처 완료 (M)
[[SP500 차트분석]] PLTR 차트 5개 처리 완료
[TradingView] FCX 브라우저 세션 시작  (로그인 세션)...
[TradingView] 1H 캡처 완료 (60)
[TradingView] 4H 캡처 완료 (240)
[TradingView] Daily 캡처 완료 (D)
[TradingView] Weekly 캡처 완료 (W)
[TradingView] Monthly 캡처 완료 (M)
[[SP500 차트분석]] FCX 차트 5개 처리 완료
[TradingView] GLW 브라우저 세션 시작  (로그인 세션)...
[TradingView] 1H 캡처 완료 (60)
[TradingView] 4H 캡처 완료 (240)
[TradingView] Daily 캡처 완료 (D)
[TradingView] Weekly 캡처 완료 (W)
[TradingView] Monthly 캡처 완료 (M)
[[SP500 차트분석]] GLW 차트 5개 처리 완료
[TradingView] JNJ 브라우저 세션 시작  (로그인 세션)...
[TradingView] 1H 캡처 완료 (60)
[TradingView] 4H 캡처 완료 (240)
[TradingView] Daily 캡처 완료 (D)
[TradingView] Weekly 캡처 완료 (W)
[TradingView] Monthly 캡처 완료 (M)
[[SP500 차트분석]] JNJ 차트 5개 처리 완료
[TradingView] MU 브라우저 세션 시작  (로그인 세션)...
[TradingView] 1H 캡처 완료 (60)
[TradingView] 4H 캡처 완료 (240)
[TradingView] Daily 캡처 완료 (D)
[TradingView] Weekly 캡처 완료 (W)
[TradingView] Monthly 캡처 완료 (M)
[[SP500 차트분석]] MU 차트 5개 처리 완료
[TradingView] MPC 브라우저 세션 시작  (로그인 세션)...
[TradingView] 1H 캡처 완료 (60)
[TradingView] 4H 캡처 완료 (240)
[TradingView] Daily 캡처 완료 (D)
[TradingView] Weekly 캡처 완료 (W)
[TradingView] Monthly 캡처 완료 (M)
[[SP500 차트분석]] MPC 차트 5개 처리 완료
[TradingView] DIS 브라우저 세션 시작  (로그인 세션)...
[TradingView] 1H 캡처 완료 (60)
[TradingView] 4H 캡처 완료 (240)
[TradingView] Daily 캡처 완료 (D)
[TradingView] Weekly 캡처 완료 (W)
[TradingView] Monthly 캡처 완료 (M)
[[SP500 차트분석]] DIS 차트 5개 처리 완료
[TradingView] QQQ 브라우저 세션 시작  (로그인 세션)...
[TradingView] 1H 캡처 완료 (60)
[TradingView] 4H 캡처 완료 (240)
[TradingView] Daily 캡처 완료 (D)
[TradingView] Weekly 캡처 완료 (W)
[TradingView] Monthly 캡처 완료 (M)
[[SP500 차트분석]] QQQ 차트 5개 처리 완료
[TradingView] WDC 브라우저 세션 시작  (로그인 세션)...
[TradingView] 1H 캡처 완료 (60)
[TradingView] 4H 캡처 완료 (240)
[TradingView] Daily 캡처 완료 (D)
[TradingView] Weekly 캡처 완료 (W)
[TradingView] Monthly 캡처 완료 (M)
[[SP500 차트분석]] WDC 차트 5개 처리 완료
[TradingView] AMD 브라우저 세션 시작  (로그인 세션)...
[TradingView] 1H 캡처 완료 (60)
[TradingView] 4H 캡처 완료 (240)
[TradingView] Daily 캡처 완료 (D)
[TradingView] Weekly 캡처 완료 (W)
[TradingView] Monthly 캡처 완료 (M)
[[SP500 차트분석]] AMD 차트 5개 처리 완료
[TradingView] ABBV 브라우저 세션 시작  (로그인 세션)...
[TradingView] 1H 캡처 완료 (60)
[TradingView] 4H 캡처 완료 (240)
[TradingView] Daily 캡처 완료 (D)
[TradingView] Weekly 캡처 완료 (W)
[TradingView] Monthly 캡처 완료 (M)
[[SP500 차트분석]] ABBV 차트 5개 처리 완료
[TradingView] C 브라우저 세션 시작  (로그인 세션)...
[TradingView] 1H 캡처 완료 (60)
[TradingView] 4H 캡처 완료 (240)
[TradingView] Daily 캡처 완료 (D)
[TradingView] Weekly 캡처 완료 (W)
[TradingView] Monthly 캡처 완료 (M)
[[SP500 차트분석]] C 차트 5개 처리 완료
[TradingView] PM 브라우저 세션 시작  (로그인 세션)...
[TradingView] 1H 캡처 완료 (60)
[TradingView] 4H 캡처 완료 (240)
[TradingView] Daily 캡처 완료 (D)
[TradingView] Weekly 캡처 완료 (W)
[TradingView] Monthly 캡처 완료 (M)
[[SP500 차트분석]] PM 차트 5개 처리 완료
[TradingView] JPM 브라우저 세션 시작  (로그인 세션)...
[TradingView] 1H 캡처 완료 (60)
[TradingView] 4H 캡처 완료 (240)
[TradingView] Daily 캡처 완료 (D)
[TradingView] Weekly 캡처 완료 (W)
[TradingView] Monthly 캡처 완료 (M)
[[SP500 차트분석]] JPM 차트 5개 처리 완료
[TradingView] HPE 브라우저 세션 시작  (로그인 세션)...
[TradingView] 1H 캡처 완료 (60)
[TradingView] 4H 캡처 완료 (240)
[TradingView] Daily 캡처 완료 (D)
[TradingView] Weekly 캡처 완료 (W)
[TradingView] Monthly 캡처 완료 (M)
[[SP500 차트분석]] HPE 차트 5개 처리 완료
[TradingView] NVDA 브라우저 세션 시작  (로그인 세션)...
[TradingView] 1H 캡처 완료 (60)
[TradingView] 4H 캡처 완료 (240)
[TradingView] Daily 캡처 완료 (D)
[TradingView] Weekly 캡처 완료 (W)
[TradingView] Monthly 캡처 완료 (M)
[[SP500 차트분석]] NVDA 차트 5개 처리 완료
[TradingView] KO 브라우저 세션 시작  (로그인 세션)...
[TradingView] 1H 캡처 완료 (60)
[TradingView] 4H 캡처 완료 (240)
[TradingView] Daily 캡처 완료 (D)
[TradingView] Weekly 캡처 완료 (W)
[TradingView] Monthly 캡처 완료 (M)
[[SP500 차트분석]] KO 차트 5개 처리 완료
[TradingView] DELL 브라우저 세션 시작  (로그인 세션)...
[TradingView] 1H 캡처 완료 (60)
[TradingView] 4H 캡처 완료 (240)
[TradingView] Daily 캡처 완료 (D)
[TradingView] Weekly 캡처 완료 (W)
[TradingView] Monthly 캡처 완료 (M)
[[SP500 차트분석]] DELL 차트 5개 처리 완료
[TradingView] MDT 브라우저 세션 시작  (로그인 세션)...
[TradingView] 1H 캡처 완료 (60)
[TradingView] 4H 캡처 완료 (240)
[TradingView] Daily 캡처 완료 (D)
[TradingView] Weekly 캡처 완료 (W)
[TradingView] Monthly 캡처 완료 (M)
[[SP500 차트분석]] MDT 차트 5개 처리 완료
[TradingView] INTC 브라우저 세션 시작  (로그인 세션)...
[TradingView] 1H 캡처 완료 (60)
[TradingView] 4H 캡처 완료 (240)
[TradingView] Daily 캡처 완료 (D)
[TradingView] Weekly 캡처 완료 (W)
[TradingView] Monthly 캡처 완료 (M)
[[SP500 차트분석]] INTC 차트 5개 처리 완료
[TradingView] UNH 브라우저 세션 시작  (로그인 세션)...
[TradingView] 1H 캡처 완료 (60)
[TradingView] 4H 캡처 완료 (240)
[TradingView] Daily 캡처 완료 (D)
[TradingView] Weekly 캡처 완료 (W)
[TradingView] Monthly 캡처 완료 (M)
[[SP500 차트분석]] UNH 차트 5개 처리 완료
[TradingView] IWM 브라우저 세션 시작  (로그인 세션)...
[TradingView] 1H 캡처 완료 (60)
[TradingView] 4H 캡처 완료 (240)
[TradingView] Daily 캡처 완료 (D)
[TradingView] Weekly 캡처 완료 (W)
[TradingView] Monthly 캡처 완료 (M)
[[SP500 차트분석]] IWM 차트 5개 처리 완료
[TradingView] APH 브라우저 세션 시작  (로그인 세션)...
[TradingView] 1H 캡처 완료 (60)
[TradingView] 4H 캡처 완료 (240)
[TradingView] Daily 캡처 완료 (D)
[TradingView] Weekly 캡처 완료 (W)
[TradingView] Monthly 캡처 완료 (M)
[[SP500 차트분석]] APH 차트 5개 처리 완료
[TradingView] XOM 브라우저 세션 시작  (로그인 세션)...
[TradingView] 1H 캡처 완료 (60)
[TradingView] 4H 캡처 완료 (240)
[TradingView] Daily 캡처 완료 (D)
[TradingView] Weekly 캡처 완료 (W)
[TradingView] Monthly 캡처 완료 (M)
[[SP500 차트분석]] XOM 차트 5개 처리 완료
[TradingView] LRCX 브라우저 세션 시작  (로그인 세션)...
[TradingView] 1H 캡처 완료 (60)
[TradingView] 4H 캡처 완료 (240)
[TradingView] Daily 캡처 완료 (D)
[TradingView] Weekly 캡처 완료 (W)
[TradingView] Monthly 캡처 완료 (M)
[[SP500 차트분석]] LRCX 차트 5개 처리 완료
[TradingView] MELI 브라우저 세션 시작  (로그인 세션)...
[TradingView] 1H 캡처 완료 (60)
[TradingView] 4H 캡처 완료 (240)
[TradingView] Daily 캡처 완료 (D)
[TradingView] Weekly 캡처 완료 (W)
[TradingView] Monthly 캡처 완료 (M)
[[SP500 차트분석]] MELI 차트 5개 처리 완료
[TradingView] MRVL 브라우저 세션 시작  (로그인 세션)...
[TradingView] 1H 캡처 완료 (60)
[TradingView] 4H 캡처 완료 (240)
[TradingView] Daily 캡처 완료 (D)
[TradingView] Weekly 캡처 완료 (W)
[TradingView] Monthly 캡처 완료 (M)
[[SP500 차트분석]] MRVL 차트 5개 처리 완료
[TradingView] BKNG 브라우저 세션 시작  (로그인 세션)...
[TradingView] 1H 캡처 완료 (60)
[TradingView] 4H 캡처 완료 (240)
[TradingView] Daily 캡처 완료 (D)
[TradingView] Weekly 캡처 완료 (W)
[TradingView] Monthly 캡처 완료 (M)
[[SP500 차트분석]] BKNG 차트 5개 처리 완료
[TradingView] ABT 브라우저 세션 시작  (로그인 세션)...
[TradingView] 1H 캡처 완료 (60)
[TradingView] 4H 캡처 완료 (240)
[TradingView] Daily 캡처 완료 (D)
[TradingView] Weekly 캡처 완료 (W)
[TradingView] Monthly 캡처 완료 (M)
[[SP500 차트분석]] ABT 차트 5개 처리 완료
[TradingView] TER 브라우저 세션 시작  (로그인 세션)...
[TradingView] 1H 캡처 완료 (60)
[TradingView] 4H 캡처 완료 (240)
[TradingView] Daily 캡처 완료 (D)
[TradingView] Weekly 캡처 완료 (W)
[TradingView] Monthly 캡처 완료 (M)
[[SP500 차트분석]] TER 차트 5개 처리 완료
[TradingView] UBER 브라우저 세션 시작  (로그인 세션)...
[TradingView] 1H 캡처 완료 (60)
[TradingView] 4H 캡처 완료 (240)
[TradingView] Daily 캡처 완료 (D)
[TradingView] Weekly 캡처 완료 (W)
[TradingView] Monthly 캡처 완료 (M)
[[SP500 차트분석]] UBER 차트 5개 처리 완료
[TradingView] META 브라우저 세션 시작  (로그인 세션)...
[TradingView] 1H 캡처 완료 (60)
[TradingView] 4H 캡처 완료 (240)
[TradingView] Daily 캡처 완료 (D)
[TradingView] Weekly 캡처 완료 (W)
[TradingView] Monthly 캡처 완료 (M)
[[SP500 차트분석]] META 차트 5개 처리 완료
[TradingView] SPY 브라우저 세션 시작  (로그인 세션)...
[TradingView] 1H 캡처 완료 (60)
[TradingView] 4H 캡처 완료 (240)
[TradingView] Daily 캡처 완료 (D)
[TradingView] Weekly 캡처 완료 (W)
[TradingView] Monthly 캡처 완료 (M)
[[SP500 차트분석]] SPY 차트 5개 처리 완료
[TradingView] AMZN 브라우저 세션 시작  (로그인 세션)...
[TradingView] 1H 캡처 완료 (60)
[TradingView] 4H 캡처 완료 (240)
[TradingView] Daily 캡처 완료 (D)
[TradingView] Weekly 캡처 완료 (W)
[TradingView] Monthly 캡처 완료 (M)
[[SP500 차트분석]] AMZN 차트 5개 처리 완료
[TradingView] CRWD 브라우저 세션 시작  (로그인 세션)...
[TradingView] 1H 캡처 완료 (60)
[TradingView] 4H 캡처 완료 (240)
[TradingView] Daily 캡처 완료 (D)
[TradingView] Weekly 캡처 완료 (W)
[TradingView] Monthly 캡처 완료 (M)
[[SP500 차트분석]] CRWD 차트 5개 처리 완료
[TradingView] MS 브라우저 세션 시작  (로그인 세션)...
[TradingView] 1H 캡처 완료 (60)
[TradingView] 4H 캡처 완료 (240)
[TradingView] Daily 캡처 완료 (D)
[TradingView] Weekly 캡처 완료 (W)
[TradingView] Monthly 캡처 완료 (M)
[[SP500 차트분석]] MS 차트 5개 처리 완료
[TradingView] SPGI 브라우저 세션 시작  (로그인 세션)...
[TradingView] 1H 캡처 완료 (60)
[TradingView] 4H 캡처 완료 (240)
[TradingView] Daily 캡처 완료 (D)
[TradingView] Weekly 캡처 완료 (W)
[TradingView] Monthly 캡처 완료 (M)
[[SP500 차트분석]] SPGI 차트 5개 처리 완료
[TradingView] UNP 브라우저 세션 시작  (로그인 세션)...
[TradingView] 1H 캡처 완료 (60)
[TradingView] 4H 캡처 완료 (240)
[TradingView] Daily 캡처 완료 (D)
[TradingView] Weekly 캡처 완료 (W)
[TradingView] Monthly 캡처 완료 (M)
[[SP500 차트분석]] UNP 차트 5개 처리 완료
[TradingView] CSCO 브라우저 세션 시작  (로그인 세션)...
[TradingView] 1H 캡처 완료 (60)
[TradingView] 4H 캡처 완료 (240)
[TradingView] Daily 캡처 완료 (D)
[TradingView] Weekly 캡처 완료 (W)
[TradingView] Monthly 캡처 완료 (M)
[[SP500 차트분석]] CSCO 차트 5개 처리 완료
[TradingView] FTNT 브라우저 세션 시작  (로그인 세션)...
[TradingView] 1H 캡처 완료 (60)
[TradingView] 4H 캡처 완료 (240)
[TradingView] Daily 캡처 완료 (D)
[TradingView] Weekly 캡처 완료 (W)
[TradingView] Monthly 캡처 완료 (M)
[[SP500 차트분석]] FTNT 차트 5개 처리 완료
[TradingView] ASML 브라우저 세션 시작  (로그인 세션)...
[TradingView] 1H 캡처 완료 (60)
[TradingView] 4H 캡처 완료 (240)
[TradingView] Daily 캡처 완료 (D)
[TradingView] Weekly 캡처 완료 (W)
[TradingView] Monthly 캡처 완료 (M)
[[SP500 차트분석]] ASML 차트 5개 처리 완료
[TradingView] MCK 브라우저 세션 시작  (로그인 세션)...
[TradingView] 1H 캡처 완료 (60)
[TradingView] 4H 캡처 완료 (240)
[TradingView] Daily 캡처 완료 (D)
[TradingView] Weekly 캡처 완료 (W)
[TradingView] Monthly 캡처 완료 (M)
[[SP500 차트분석]] MCK 차트 5개 처리 완료
[TradingView] BRK-B 브라우저 세션 시작  (로그인 세션)...
[TradingView] 1H 캡처 완료 (60)
[TradingView] 4H 캡처 완료 (240)
[TradingView] Daily 캡처 완료 (D)
[TradingView] Weekly 캡처 완료 (W)
[TradingView] Monthly 캡처 완료 (M)
[[SP500 차트분석]] BRK-B 차트 5개 처리 완료
[TradingView] PANW 브라우저 세션 시작  (로그인 세션)...
[TradingView] 1H 캡처 완료 (60)
[TradingView] 4H 캡처 완료 (240)
[TradingView] Daily 캡처 완료 (D)
[TradingView] Weekly 캡처 완료 (W)
[TradingView] Monthly 캡처 완료 (M)
[[SP500 차트분석]] PANW 차트 5개 처리 완료
[TradingView] RTX 브라우저 세션 시작  (로그인 세션)...
[TradingView] 1H 캡처 완료 (60)
[TradingView] 4H 캡처 완료 (240)
[TradingView] Daily 캡처 완료 (D)
[TradingView] Weekly 캡처 완료 (W)
[TradingView] Monthly 캡처 완료 (M)
[[SP500 차트분석]] RTX 차트 5개 처리 완료
[TradingView] DDOG 브라우저 세션 시작  (로그인 세션)...
[TradingView] 1H 캡처 완료 (60)
[TradingView] 4H 캡처 완료 (240)
[TradingView] Daily 캡처 완료 (D)
[TradingView] Weekly 캡처 완료 (W)
[TradingView] Monthly 캡처 완료 (M)
[[SP500 차트분석]] DDOG 차트 5개 처리 완료
[TradingView] NXPI 브라우저 세션 시작  (로그인 세션)...
[TradingView] 1H 캡처 완료 (60)
[TradingView] 4H 캡처 완료 (240)
[TradingView] Daily 캡처 완료 (D)
[TradingView] Weekly 캡처 완료 (W)
[TradingView] Monthly 캡처 완료 (M)
[[SP500 차트분석]] NXPI 차트 5개 처리 완료
[TradingView] HWM 브라우저 세션 시작  (로그인 세션)...
[TradingView] 1H 캡처 완료 (60)
[TradingView] 4H 캡처 완료 (240)
[TradingView] Daily 캡처 완료 (D)
[TradingView] Weekly 캡처 완료 (W)
[TradingView] Monthly 캡처 완료 (M)
[[SP500 차트분석]] HWM 차트 5개 처리 완료
[TradingView] ADI 브라우저 세션 시작  (로그인 세션)...
[TradingView] 1H 캡처 완료 (60)
[TradingView] 4H 캡처 완료 (240)
[TradingView] Daily 캡처 완료 (D)
[TradingView] Weekly 캡처 완료 (W)
[TradingView] Monthly 캡처 완료 (M)
[[SP500 차트분석]] ADI 차트 5개 처리 완료
[TradingView] AMAT 브라우저 세션 시작  (로그인 세션)...
[TradingView] 1H 캡처 완료 (60)
[TradingView] 4H 캡처 완료 (240)
[TradingView] Daily 캡처 완료 (D)
[TradingView] Weekly 캡처 완료 (W)
[TradingView] Monthly 캡처 완료 (M)
[[SP500 차트분석]] AMAT 차트 5개 처리 완료
[TradingView] TJX 브라우저 세션 시작  (로그인 세션)...
[TradingView] 1H 캡처 완료 (60)
[TradingView] 4H 캡처 완료 (240)
[TradingView] Daily 캡처 완료 (D)
[TradingView] Weekly 캡처 완료 (W)
[TradingView] Monthly 캡처 완료 (M)
[[SP500 차트분석]] TJX 차트 5개 처리 완료
[TradingView] TXN 브라우저 세션 시작  (로그인 세션)...
[TradingView] 1H 캡처 완료 (60)
[TradingView] 4H 캡처 완료 (240)
[TradingView] Daily 캡처 완료 (D)
[TradingView] Weekly 캡처 완료 (W)
[TradingView] Monthly 캡처 완료 (M)
[[SP500 차트분석]] TXN 차트 5개 처리 완료
[TradingView] NKE 브라우저 세션 시작  (로그인 세션)...
[TradingView] 1H 캡처 완료 (60)
[TradingView] 4H 캡처 완료 (240)
[TradingView] Daily 캡처 완료 (D)
[TradingView] Weekly 캡처 완료 (W)
[TradingView] Monthly 캡처 완료 (M)
[[SP500 차트분석]] NKE 차트 5개 처리 완료
[TradingView] PCG 브라우저 세션 시작  (로그인 세션)...
[TradingView] 1H 캡처 완료 (60)
[TradingView] 4H 캡처 완료 (240)
[TradingView] Daily 캡처 완료 (D)
[TradingView] Weekly 캡처 완료 (W)
[TradingView] Monthly 캡처 완료 (M)
[[SP500 차트분석]] PCG 차트 5개 처리 완료
[TradingView] SNPS 브라우저 세션 시작  (로그인 세션)...
[TradingView] 1H 캡처 완료 (60)
[TradingView] 4H 캡처 완료 (240)
[TradingView] Daily 캡처 완료 (D)
[TradingView] Weekly 캡처 완료 (W)
[TradingView] Monthly 캡처 완료 (M)
[[SP500 차트분석]] SNPS 차트 5개 처리 완료
[TradingView] TMUS 브라우저 세션 시작  (로그인 세션)...
[TradingView] 1H 캡처 완료 (60)
[TradingView] 4H 캡처 완료 (240)
[TradingView] Daily 캡처 완료 (D)
[TradingView] Weekly 캡처 완료 (W)
[TradingView] Monthly 캡처 완료 (M)
[[SP500 차트분석]] TMUS 차트 5개 처리 완료
[TradingView] CDNS 브라우저 세션 시작  (로그인 세션)...
[TradingView] 1H 캡처 완료 (60)
[TradingView] 4H 캡처 완료 (240)
[TradingView] Daily 캡처 완료 (D)
[TradingView] Weekly 캡처 완료 (W)
[TradingView] Monthly 캡처 완료 (M)
[[SP500 차트분석]] CDNS 차트 5개 처리 완료
[TradingView] BSX 브라우저 세션 시작  (로그인 세션)...
[TradingView] 1H 캡처 완료 (60)
[TradingView] 4H 캡처 완료 (240)
[TradingView] Daily 캡처 완료 (D)
[TradingView] Weekly 캡처 완료 (W)
[TradingView] Monthly 캡처 완료 (M)
[[SP500 차트분석]] BSX 차트 5개 처리 완료
[TradingView] DHT 브라우저 세션 시작  (로그인 세션)...
[TradingView] 1H 캡처 완료 (60)
[TradingView] 4H 캡처 완료 (240)
[TradingView] Daily 캡처 완료 (D)
[TradingView] Weekly 캡처 완료 (W)
[TradingView] Monthly 캡처 완료 (M)
[[SP500 차트분석]] DHT 차트 5개 처리 완료
[TradingView] 티커 매핑 적용: NBM.V -> NBM
[TradingView] NBM.V 브라우저 세션 시작  (로그인 세션)...
[TradingView] 1H 캡처 완료 (60)
[TradingView] 4H 캡처 완료 (240)
[TradingView] Daily 캡처 완료 (D)
[TradingView] Weekly 캡처 완료 (W)
[TradingView] Monthly 캡처 완료 (M)
[[SP500 차트분석]] NBM.V 차트 5개 처리 완료
[[SP500 차트분석]] 차트 캡처 완료
[[SP500 차트분석]] GitHub에 차트 이미지 푸시 중...
rm 'charts/screenshots/AAPL/AAPL_1H_20260909_055216.png'
rm 'charts/screenshots/AAPL/AAPL_4H_20260909_055216.png'
rm 'charts/screenshots/AAPL/AAPL_Daily_20260909_055216.png'
rm 'charts/screenshots/AAPL/AAPL_Monthly_20260909_055216.png'
rm 'charts/screenshots/AAPL/AAPL_Weekly_20260909_055216.png'
rm 'charts/screenshots/ABBV/ABBV_1H_20260909_060514.png'
rm 'charts/screenshots/ABBV/ABBV_4H_20260909_060514.png'
rm 'charts/screenshots/ABBV/ABBV_Daily_20260909_060514.png'
rm 'charts/screenshots/ABBV/ABBV_Monthly_20260909_060514.png'
rm 'charts/screenshots/ABBV/ABBV_Weekly_20260909_060514.png'
rm 'charts/screenshots/ABNB/ABNB_1H_20260909_054222.png'
rm 'charts/screenshots/ABNB/ABNB_4H_20260909_054222.png'
rm 'charts/screenshots/ABNB/ABNB_Daily_20260909_054222.png'
rm 'charts/screenshots/ABNB/ABNB_Monthly_20260909_054222.png'
rm 'charts/screenshots/ABNB/ABNB_Weekly_20260909_054222.png'
rm 'charts/screenshots/ABT/ABT_1H_20260909_061200.png'
rm 'charts/screenshots/ABT/ABT_4H_20260909_061200.png'
rm 'charts/screenshots/ABT/ABT_Daily_20260909_061200.png'
rm 'charts/screenshots/ABT/ABT_Monthly_20260909_061200.png'
rm 'charts/screenshots/ABT/ABT_Weekly_20260909_061200.png'
rm 'charts/screenshots/ADBE/ADBE_1H_20260909_061655.png'
rm 'charts/screenshots/ADBE/ADBE_4H_20260909_061655.png'
rm 'charts/screenshots/ADBE/ADBE_Daily_20260909_061655.png'
rm 'charts/screenshots/ADBE/ADBE_Monthly_20260909_061655.png'
rm 'charts/screenshots/ADBE/ADBE_Weekly_20260909_061655.png'
rm 'charts/screenshots/AMAT/AMAT_1H_20260909_062948.png'
rm 'charts/screenshots/AMAT/AMAT_4H_20260909_062948.png'
rm 'charts/screenshots/AMAT/AMAT_Daily_20260909_062948.png'
rm 'charts/screenshots/AMAT/AMAT_Monthly_20260909_062948.png'
rm 'charts/screenshots/AMAT/AMAT_Weekly_20260909_062948.png'
rm 'charts/screenshots/AMD/AMD_1H_20260909_055749.png'
rm 'charts/screenshots/AMD/AMD_4H_20260909_055749.png'
rm 'charts/screenshots/AMD/AMD_Daily_20260909_055749.png'
rm 'charts/screenshots/AMD/AMD_Monthly_20260909_055749.png'
rm 'charts/screenshots/AMD/AMD_Weekly_20260909_055749.png'
rm 'charts/screenshots/AMGN/AMGN_1H_20260909_055102.png'
rm 'charts/screenshots/AMGN/AMGN_4H_20260909_055102.png'
rm 'charts/screenshots/AMGN/AMGN_Daily_20260909_055102.png'
rm 'charts/screenshots/AMGN/AMGN_Monthly_20260909_055102.png'
rm 'charts/screenshots/AMGN/AMGN_Weekly_20260909_055102.png'
rm 'charts/screenshots/AMZN/AMZN_1H_20260909_062417.png'
rm 'charts/screenshots/AMZN/AMZN_4H_20260909_062417.png'
rm 'charts/screenshots/AMZN/AMZN_Daily_20260909_062417.png'
rm 'charts/screenshots/AMZN/AMZN_Monthly_20260909_062417.png'
rm 'charts/screenshots/AMZN/AMZN_Weekly_20260909_062417.png'
rm 'charts/screenshots/ANET/ANET_1H_20260909_055826.png'
rm 'charts/screenshots/ANET/ANET_4H_20260909_055826.png'
rm 'charts/screenshots/ANET/ANET_Daily_20260909_055826.png'
rm 'charts/screenshots/ANET/ANET_Monthly_20260909_055826.png'
rm 'charts/screenshots/ANET/ANET_Weekly_20260909_055826.png'
rm 'charts/screenshots/APH/APH_1H_20260909_061010.png'
rm 'charts/screenshots/APH/APH_4H_20260909_061010.png'
rm 'charts/screenshots/APH/APH_Daily_20260909_061010.png'
rm 'charts/screenshots/APH/APH_Monthly_20260909_061010.png'
rm 'charts/screenshots/APH/APH_Weekly_20260909_061010.png'
rm 'charts/screenshots/ASML/ASML_1H_20260909_061733.png'
rm 'charts/screenshots/ASML/ASML_4H_20260909_061733.png'
rm 'charts/screenshots/ASML/ASML_Daily_20260909_061733.png'
rm 'charts/screenshots/ASML/ASML_Monthly_20260909_061733.png'
rm 'charts/screenshots/ASML/ASML_Weekly_20260909_061733.png'
rm 'charts/screenshots/BA/BA_1H_20260909_063217.png'
rm 'charts/screenshots/BA/BA_4H_20260909_063217.png'
rm 'charts/screenshots/BA/BA_Daily_20260909_063217.png'
rm 'charts/screenshots/BA/BA_Monthly_20260909_063217.png'
rm 'charts/screenshots/BA/BA_Weekly_20260909_063217.png'
rm 'charts/screenshots/BAC/BAC_1H_20260909_060706.png'
rm 'charts/screenshots/BAC/BAC_4H_20260909_060706.png'
rm 'charts/screenshots/BAC/BAC_Daily_20260909_060706.png'
rm 'charts/screenshots/BAC/BAC_Monthly_20260909_060706.png'
rm 'charts/screenshots/BAC/BAC_Weekly_20260909_060706.png'
rm 'charts/screenshots/BKNG/BKNG_1H_20260909_061618.png'
rm 'charts/screenshots/BKNG/BKNG_4H_20260909_061618.png'
rm 'charts/screenshots/BKNG/BKNG_Daily_20260909_061618.png'
rm 'charts/screenshots/BKNG/BKNG_Monthly_20260909_061618.png'
rm 'charts/screenshots/BKNG/BKNG_Weekly_20260909_061618.png'
rm 'charts/screenshots/C/C_1H_20260909_060743.png'
rm 'charts/screenshots/C/C_4H_20260909_060743.png'
rm 'charts/screenshots/C/C_Daily_20260909_060743.png'
rm 'charts/screenshots/C/C_Monthly_20260909_060743.png'
rm 'charts/screenshots/C/C_Weekly_20260909_060743.png'
rm 'charts/screenshots/CEG/CEG_1H_20260909_053838.png'
rm 'charts/screenshots/CEG/CEG_4H_20260909_053838.png'
rm 'charts/screenshots/CEG/CEG_Daily_20260909_053838.png'
rm 'charts/screenshots/CEG/CEG_Monthly_20260909_053838.png'
rm 'charts/screenshots/CEG/CEG_Weekly_20260909_053838.png'
rm 'charts/screenshots/COP/COP_1H_20260909_053724.png'
rm 'charts/screenshots/COP/COP_4H_20260909_053724.png'
rm 'charts/screenshots/COP/COP_Daily_20260909_053724.png'
rm 'charts/screenshots/COP/COP_Monthly_20260909_053724.png'
rm 'charts/screenshots/COP/COP_Weekly_20260909_053724.png'
rm 'charts/screenshots/CRM/CRM_1H_20260909_054259.png'
rm 'charts/screenshots/CRM/CRM_4H_20260909_054259.png'
rm 'charts/screenshots/CRM/CRM_Daily_20260909_054259.png'
rm 'charts/screenshots/CRM/CRM_Monthly_20260909_054259.png'
rm 'charts/screenshots/CRM/CRM_Weekly_20260909_054259.png'
rm 'charts/screenshots/CRWD/CRWD_1H_20260909_062227.png'
rm 'charts/screenshots/CRWD/CRWD_4H_20260909_062227.png'
rm 'charts/screenshots/CRWD/CRWD_Daily_20260909_062227.png'
rm 'charts/screenshots/CRWD/CRWD_Monthly_20260909_062227.png'
rm 'charts/screenshots/CRWD/CRWD_Weekly_20260909_062227.png'
rm 'charts/screenshots/CSCO/CSCO_1H_20260909_062150.png'
rm 'charts/screenshots/CSCO/CSCO_4H_20260909_062150.png'
rm 'charts/screenshots/CSCO/CSCO_Daily_20260909_062150.png'
rm 'charts/screenshots/CSCO/CSCO_Monthly_20260909_062150.png'
rm 'charts/screenshots/CSCO/CSCO_Weekly_20260909_062150.png'
rm 'charts/screenshots/CVX/CVX_1H_20260909_053916.png'
rm 'charts/screenshots/CVX/CVX_4H_20260909_053916.png'
rm 'charts/screenshots/CVX/CVX_Daily_20260909_053916.png'
rm 'charts/screenshots/CVX/CVX_Monthly_20260909_053916.png'
rm 'charts/screenshots/CVX/CVX_Weekly_20260909_053916.png'
rm 'charts/screenshots/DASH/DASH_1H_20260909_055633.png'
rm 'charts/screenshots/DASH/DASH_4H_20260909_055633.png'
rm 'charts/screenshots/DASH/DASH_Daily_20260909_055633.png'
rm 'charts/screenshots/DASH/DASH_Monthly_20260909_055633.png'
rm 'charts/screenshots/DASH/DASH_Weekly_20260909_055633.png'
rm 'charts/screenshots/DDOG/DDOG_1H_20260909_063102.png'
rm 'charts/screenshots/DDOG/DDOG_4H_20260909_063102.png'
rm 'charts/screenshots/DDOG/DDOG_Daily_20260909_063102.png'
rm 'charts/screenshots/DDOG/DDOG_Monthly_20260909_063102.png'
rm 'charts/screenshots/DDOG/DDOG_Weekly_20260909_063102.png'
rm 'charts/screenshots/DE/DE_1H_20260909_054603.png'
rm 'charts/screenshots/DE/DE_4H_20260909_054603.png'
rm 'charts/screenshots/DE/DE_Daily_20260909_054603.png'
rm 'charts/screenshots/DE/DE_Monthly_20260909_054603.png'
rm 'charts/screenshots/DE/DE_Weekly_20260909_054603.png'
rm 'charts/screenshots/DELL/DELL_1H_20260909_055940.png'
rm 'charts/screenshots/DELL/DELL_4H_20260909_055940.png'
rm 'charts/screenshots/DELL/DELL_Daily_20260909_055940.png'
rm 'charts/screenshots/DELL/DELL_Monthly_20260909_055940.png'
rm 'charts/screenshots/DELL/DELL_Weekly_20260909_055940.png'
rm 'charts/screenshots/DHT/DHT_1H_20260909_063330.png'
rm 'charts/screenshots/DHT/DHT_4H_20260909_063330.png'
rm 'charts/screenshots/DHT/DHT_Daily_20260909_063330.png'
rm 'charts/screenshots/DHT/DHT_Monthly_20260909_063330.png'
rm 'charts/screenshots/DHT/DHT_Weekly_20260909_063330.png'
rm 'charts/screenshots/DIS/DIS_1H_20260909_055713.png'
rm 'charts/screenshots/DIS/DIS_4H_20260909_055713.png'
rm 'charts/screenshots/DIS/DIS_Daily_20260909_055713.png'
rm 'charts/screenshots/DIS/DIS_Monthly_20260909_055713.png'
rm 'charts/screenshots/DIS/DIS_Weekly_20260909_055713.png'
rm 'charts/screenshots/FCX/FCX_1H_20260909_060132.png'
rm 'charts/screenshots/FCX/FCX_4H_20260909_060132.png'
rm 'charts/screenshots/FCX/FCX_Daily_20260909_060132.png'
rm 'charts/screenshots/FCX/FCX_Monthly_20260909_060132.png'
rm 'charts/screenshots/FCX/FCX_Weekly_20260909_060132.png'
rm 'charts/screenshots/FTNT/FTNT_1H_20260909_061922.png'
rm 'charts/screenshots/FTNT/FTNT_4H_20260909_061922.png'
rm 'charts/screenshots/FTNT/FTNT_Daily_20260909_061922.png'
rm 'charts/screenshots/FTNT/FTNT_Monthly_20260909_061922.png'
rm 'charts/screenshots/FTNT/FTNT_Weekly_20260909_061922.png'
rm 'charts/screenshots/GE/GE_1H_20260909_063025.png'
rm 'charts/screenshots/GE/GE_4H_20260909_063025.png'
rm 'charts/screenshots/GE/GE_Daily_20260909_063025.png'
rm 'charts/screenshots/GE/GE_Monthly_20260909_063025.png'
rm 'charts/screenshots/GE/GE_Weekly_20260909_063025.png'
rm 'charts/screenshots/GEV/GEV_1H_20260909_062112.png'
rm 'charts/screenshots/GEV/GEV_4H_20260909_062112.png'
rm 'charts/screenshots/GEV/GEV_Daily_20260909_062112.png'
rm 'charts/screenshots/GEV/GEV_Monthly_20260909_062112.png'
rm 'charts/screenshots/GEV/GEV_Weekly_20260909_062112.png'
rm 'charts/screenshots/GILD/GILD_1H_20260909_054640.png'
rm 'charts/screenshots/GILD/GILD_4H_20260909_054640.png'
rm 'charts/screenshots/GILD/GILD_Daily_20260909_054640.png'
rm 'charts/screenshots/GILD/GILD_Monthly_20260909_054640.png'
rm 'charts/screenshots/GILD/GILD_Weekly_20260909_054640.png'
rm 'charts/screenshots/GLW/GLW_1H_20260909_060209.png'
rm 'charts/screenshots/GLW/GLW_4H_20260909_060209.png'
rm 'charts/screenshots/GLW/GLW_Daily_20260909_060209.png'
rm 'charts/screenshots/GLW/GLW_Monthly_20260909_060209.png'
rm 'charts/screenshots/GLW/GLW_Weekly_20260909_060209.png'
rm 'charts/screenshots/GOOGL/GOOGL_1H_20260909_063254.png'
rm 'charts/screenshots/GOOGL/GOOGL_4H_20260909_063254.png'
rm 'charts/screenshots/GOOGL/GOOGL_Daily_20260909_063254.png'
rm 'charts/screenshots/GOOGL/GOOGL_Monthly_20260909_063254.png'
rm 'charts/screenshots/GOOGL/GOOGL_Weekly_20260909_063254.png'
rm 'charts/screenshots/GS/GS_1H_20260909_061350.png'
rm 'charts/screenshots/GS/GS_4H_20260909_061350.png'
rm 'charts/screenshots/GS/GS_Daily_20260909_061350.png'
rm 'charts/screenshots/GS/GS_Monthly_20260909_061350.png'
rm 'charts/screenshots/GS/GS_Weekly_20260909_061350.png'
rm 'charts/screenshots/HOOD/HOOD_1H_20260909_054718.png'
rm 'charts/screenshots/HOOD/HOOD_4H_20260909_054718.png'
rm 'charts/screenshots/HOOD/HOOD_Daily_20260909_054718.png'
rm 'charts/screenshots/HOOD/HOOD_Monthly_20260909_054718.png'
rm 'charts/screenshots/HOOD/HOOD_Weekly_20260909_054718.png'
rm 'charts/screenshots/HPE/HPE_1H_20260909_060856.png'
rm 'charts/screenshots/HPE/HPE_4H_20260909_060856.png'
rm 'charts/screenshots/HPE/HPE_Daily_20260909_060856.png'
rm 'charts/screenshots/HPE/HPE_Monthly_20260909_060856.png'
rm 'charts/screenshots/HPE/HPE_Weekly_20260909_060856.png'
rm 'charts/screenshots/INTC/INTC_1H_20260909_055253.png'
rm 'charts/screenshots/INTC/INTC_4H_20260909_055253.png'
rm 'charts/screenshots/INTC/INTC_Daily_20260909_055253.png'
rm 'charts/screenshots/INTC/INTC_Monthly_20260909_055253.png'
rm 'charts/screenshots/INTC/INTC_Weekly_20260909_055253.png'
rm 'charts/screenshots/IWM/IWM_1H_20260909_060552.png'
rm 'charts/screenshots/IWM/IWM_4H_20260909_060552.png'
rm 'charts/screenshots/IWM/IWM_Daily_20260909_060552.png'
rm 'charts/screenshots/IWM/IWM_Monthly_20260909_060552.png'
rm 'charts/screenshots/IWM/IWM_Weekly_20260909_060552.png'
rm 'charts/screenshots/JNJ/JNJ_1H_20260909_054755.png'
rm 'charts/screenshots/JNJ/JNJ_4H_20260909_054755.png'
rm 'charts/screenshots/JNJ/JNJ_Daily_20260909_054755.png'
rm 'charts/screenshots/JNJ/JNJ_Monthly_20260909_054755.png'
rm 'charts/screenshots/JNJ/JNJ_Weekly_20260909_054755.png'
rm 'charts/screenshots/JPM/JPM_1H_20260909_060628.png'
rm 'charts/screenshots/JPM/JPM_4H_20260909_060628.png'
rm 'charts/screenshots/JPM/JPM_Daily_20260909_060628.png'
rm 'charts/screenshots/JPM/JPM_Monthly_20260909_060628.png'
rm 'charts/screenshots/JPM/JPM_Weekly_20260909_060628.png'
rm 'charts/screenshots/KO/KO_1H_20260909_055330.png'
rm 'charts/screenshots/KO/KO_4H_20260909_055330.png'
rm 'charts/screenshots/KO/KO_Daily_20260909_055330.png'
rm 'charts/screenshots/KO/KO_Monthly_20260909_055330.png'
rm 'charts/screenshots/KO/KO_Weekly_20260909_055330.png'
rm 'charts/screenshots/LRCX/LRCX_1H_20260909_061314.png'
rm 'charts/screenshots/LRCX/LRCX_4H_20260909_061314.png'
rm 'charts/screenshots/LRCX/LRCX_Daily_20260909_061314.png'
rm 'charts/screenshots/LRCX/LRCX_Monthly_20260909_061314.png'
rm 'charts/screenshots/LRCX/LRCX_Weekly_20260909_061314.png'
rm 'charts/screenshots/LULU/LULU_1H_20260909_063140.png'
rm 'charts/screenshots/LULU/LULU_4H_20260909_063140.png'
rm 'charts/screenshots/LULU/LULU_Daily_20260909_063140.png'
rm 'charts/screenshots/LULU/LULU_Monthly_20260909_063140.png'
rm 'charts/screenshots/LULU/LULU_Weekly_20260909_063140.png'
rm 'charts/screenshots/MA/MA_1H_20260909_055139.png'
rm 'charts/screenshots/MA/MA_4H_20260909_055139.png'
rm 'charts/screenshots/MA/MA_Daily_20260909_055139.png'
rm 'charts/screenshots/MA/MA_Monthly_20260909_055139.png'
rm 'charts/screenshots/MA/MA_Weekly_20260909_055139.png'
rm 'charts/screenshots/MCK/MCK_1H_20260909_061504.png'
rm 'charts/screenshots/MCK/MCK_4H_20260909_061504.png'
rm 'charts/screenshots/MCK/MCK_Daily_20260909_061504.png'
rm 'charts/screenshots/MCK/MCK_Monthly_20260909_061504.png'
rm 'charts/screenshots/MCK/MCK_Weekly_20260909_061504.png'
rm 'charts/screenshots/MDT/MDT_1H_20260909_060246.png'
rm 'charts/screenshots/MDT/MDT_4H_20260909_060246.png'
rm 'charts/screenshots/MDT/MDT_Daily_20260909_060246.png'
rm 'charts/screenshots/MDT/MDT_Monthly_20260909_060246.png'
rm 'charts/screenshots/MDT/MDT_Weekly_20260909_060246.png'
rm 'charts/screenshots/MELI/MELI_1H_20260909_055903.png'
rm 'charts/screenshots/MELI/MELI_4H_20260909_055903.png'
rm 'charts/screenshots/MELI/MELI_Daily_20260909_055903.png'
rm 'charts/screenshots/MELI/MELI_Monthly_20260909_055903.png'
rm 'charts/screenshots/MELI/MELI_Weekly_20260909_055903.png'
rm 'charts/screenshots/MPC/MPC_1H_20260909_060400.png'
rm 'charts/screenshots/MPC/MPC_4H_20260909_060400.png'
rm 'charts/screenshots/MPC/MPC_Daily_20260909_060400.png'
rm 'charts/screenshots/MPC/MPC_Monthly_20260909_060400.png'
rm 'charts/screenshots/MPC/MPC_Weekly_20260909_060400.png'
rm 'charts/screenshots/MRK/MRK_1H_20260909_054832.png'
rm 'charts/screenshots/MRK/MRK_4H_20260909_054832.png'
rm 'charts/screenshots/MRK/MRK_Daily_20260909_054832.png'
rm 'charts/screenshots/MRK/MRK_Monthly_20260909_054832.png'
rm 'charts/screenshots/MRK/MRK_Weekly_20260909_054832.png'
rm 'charts/screenshots/MRNA/MRNA_1H_20260909_054909.png'
rm 'charts/screenshots/MRNA/MRNA_4H_20260909_054909.png'
rm 'charts/screenshots/MRNA/MRNA_Daily_20260909_054909.png'
rm 'charts/screenshots/MRNA/MRNA_Monthly_20260909_054909.png'
rm 'charts/screenshots/MRNA/MRNA_Weekly_20260909_054909.png'
rm 'charts/screenshots/MRVL/MRVL_1H_20260909_062304.png'
rm 'charts/screenshots/MRVL/MRVL_4H_20260909_062304.png'
rm 'charts/screenshots/MRVL/MRVL_Daily_20260909_062304.png'
rm 'charts/screenshots/MRVL/MRVL_Monthly_20260909_062304.png'
rm 'charts/screenshots/MRVL/MRVL_Weekly_20260909_062304.png'
rm 'charts/screenshots/MS/MS_1H_20260909_061959.png'
rm 'charts/screenshots/MS/MS_4H_20260909_061959.png'
rm 'charts/screenshots/MS/MS_Daily_20260909_061959.png'
rm 'charts/screenshots/MS/MS_Monthly_20260909_061959.png'
rm 'charts/screenshots/MS/MS_Weekly_20260909_061959.png'
rm 'charts/screenshots/MSFT/MSFT_1H_20260909_055406.png'
rm 'charts/screenshots/MSFT/MSFT_4H_20260909_055406.png'
rm 'charts/screenshots/MSFT/MSFT_Daily_20260909_055406.png'
rm 'charts/screenshots/MSFT/MSFT_Monthly_20260909_055406.png'
rm 'charts/screenshots/MSFT/MSFT_Weekly_20260909_055406.png'
rm 'charts/screenshots/MU/MU_1H_20260909_055443.png'
rm 'charts/screenshots/MU/MU_4H_20260909_055443.png'
rm 'charts/screenshots/MU/MU_Daily_20260909_055443.png'
rm 'charts/screenshots/MU/MU_Monthly_20260909_055443.png'
rm 'charts/screenshots/MU/MU_Weekly_20260909_055443.png'
rm 'charts/screenshots/NBM.V/NBM.V_1H_20260909_063407.png'
rm 'charts/screenshots/NBM.V/NBM.V_4H_20260909_063407.png'
rm 'charts/screenshots/NBM.V/NBM.V_Daily_20260909_063407.png'
rm 'charts/screenshots/NBM.V/NBM.V_Monthly_20260909_063407.png'
rm 'charts/screenshots/NBM.V/NBM.V_Weekly_20260909_063407.png'
rm 'charts/screenshots/NEE/NEE_1H_20260909_062758.png'
rm 'charts/screenshots/NEE/NEE_4H_20260909_062758.png'
rm 'charts/screenshots/NEE/NEE_Daily_20260909_062758.png'
rm 'charts/screenshots/NEE/NEE_Monthly_20260909_062758.png'
rm 'charts/screenshots/NEE/NEE_Weekly_20260909_062758.png'
rm 'charts/screenshots/NEM/NEM_1H_20260909_054526.png'
rm 'charts/screenshots/NEM/NEM_4H_20260909_054526.png'
rm 'charts/screenshots/NEM/NEM_Daily_20260909_054526.png'
rm 'charts/screenshots/NEM/NEM_Monthly_20260909_054526.png'
rm 'charts/screenshots/NEM/NEM_Weekly_20260909_054526.png'
rm 'charts/screenshots/NOW/NOW_1H_20260909_054145.png'
rm 'charts/screenshots/NOW/NOW_4H_20260909_054145.png'
rm 'charts/screenshots/NOW/NOW_Daily_20260909_054145.png'
rm 'charts/screenshots/NOW/NOW_Monthly_20260909_054145.png'
rm 'charts/screenshots/NOW/NOW_Weekly_20260909_054145.png'
rm 'charts/screenshots/NVDA/NVDA_1H_20260909_060933.png'
rm 'charts/screenshots/NVDA/NVDA_4H_20260909_060933.png'
rm 'charts/screenshots/NVDA/NVDA_Daily_20260909_060933.png'
rm 'charts/screenshots/NVDA/NVDA_Monthly_20260909_060933.png'
rm 'charts/screenshots/NVDA/NVDA_Weekly_20260909_060933.png'
rm 'charts/screenshots/NXPI/NXPI_1H_20260909_062340.png'
rm 'charts/screenshots/NXPI/NXPI_4H_20260909_062340.png'
rm 'charts/screenshots/NXPI/NXPI_Daily_20260909_062340.png'
rm 'charts/screenshots/NXPI/NXPI_Monthly_20260909_062340.png'
rm 'charts/screenshots/NXPI/NXPI_Weekly_20260909_062340.png'
rm 'charts/screenshots/PANW/PANW_1H_20260909_062453.png'
rm 'charts/screenshots/PANW/PANW_4H_20260909_062453.png'
rm 'charts/screenshots/PANW/PANW_Daily_20260909_062453.png'
rm 'charts/screenshots/PANW/PANW_Monthly_20260909_062453.png'
rm 'charts/screenshots/PANW/PANW_Weekly_20260909_062453.png'
rm 'charts/screenshots/PCG/PCG_1H_20260909_062721.png'
rm 'charts/screenshots/PCG/PCG_4H_20260909_062721.png'
rm 'charts/screenshots/PCG/PCG_Daily_20260909_062721.png'
rm 'charts/screenshots/PCG/PCG_Monthly_20260909_062721.png'
rm 'charts/screenshots/PCG/PCG_Weekly_20260909_062721.png'
rm 'charts/screenshots/PEP/PEP_1H_20260909_062607.png'
rm 'charts/screenshots/PEP/PEP_4H_20260909_062607.png'
rm 'charts/screenshots/PEP/PEP_Daily_20260909_062607.png'
rm 'charts/screenshots/PEP/PEP_Monthly_20260909_062607.png'
rm 'charts/screenshots/PEP/PEP_Weekly_20260909_062607.png'
rm 'charts/screenshots/PFE/PFE_1H_20260909_054947.png'
rm 'charts/screenshots/PFE/PFE_4H_20260909_054947.png'
rm 'charts/screenshots/PFE/PFE_Daily_20260909_054947.png'
rm 'charts/screenshots/PFE/PFE_Monthly_20260909_054947.png'
rm 'charts/screenshots/PFE/PFE_Weekly_20260909_054947.png'
rm 'charts/screenshots/PG/PG_1H_20260909_062644.png'
rm 'charts/screenshots/PG/PG_4H_20260909_062644.png'
rm 'charts/screenshots/PG/PG_Daily_20260909_062644.png'
rm 'charts/screenshots/PG/PG_Monthly_20260909_062644.png'
rm 'charts/screenshots/PG/PG_Weekly_20260909_062644.png'
rm 'charts/screenshots/PLTR/PLTR_1H_20260909_060017.png'
rm 'charts/screenshots/PLTR/PLTR_4H_20260909_060017.png'
rm 'charts/screenshots/PLTR/PLTR_Daily_20260909_060017.png'
rm 'charts/screenshots/PLTR/PLTR_Monthly_20260909_060017.png'
rm 'charts/screenshots/PLTR/PLTR_Weekly_20260909_060017.png'
rm 'charts/screenshots/PM/PM_1H_20260909_061237.png'
rm 'charts/screenshots/PM/PM_4H_20260909_061237.png'
rm 'charts/screenshots/PM/PM_Daily_20260909_061237.png'
rm 'charts/screenshots/PM/PM_Monthly_20260909_061237.png'
rm 'charts/screenshots/PM/PM_Weekly_20260909_061237.png'
rm 'charts/screenshots/PSX/PSX_1H_20260909_055520.png'
rm 'charts/screenshots/PSX/PSX_4H_20260909_055520.png'
rm 'charts/screenshots/PSX/PSX_Daily_20260909_055520.png'
rm 'charts/screenshots/PSX/PSX_Monthly_20260909_055520.png'
rm 'charts/screenshots/PSX/PSX_Weekly_20260909_055520.png'
rm 'charts/screenshots/PYPL/PYPL_1H_20260909_055557.png'
rm 'charts/screenshots/PYPL/PYPL_4H_20260909_055557.png'
rm 'charts/screenshots/PYPL/PYPL_Daily_20260909_055557.png'
rm 'charts/screenshots/PYPL/PYPL_Monthly_20260909_055557.png'
rm 'charts/screenshots/PYPL/PYPL_Weekly_20260909_055557.png'
rm 'charts/screenshots/QQQ/QQQ_1H_20260909_060437.png'
rm 'charts/screenshots/QQQ/QQQ_4H_20260909_060437.png'
rm 'charts/screenshots/QQQ/QQQ_Daily_20260909_060437.png'
rm 'charts/screenshots/QQQ/QQQ_Monthly_20260909_060437.png'
rm 'charts/screenshots/QQQ/QQQ_Weekly_20260909_060437.png'
rm 'charts/screenshots/RTX/RTX_1H_20260909_062531.png'
rm 'charts/screenshots/RTX/RTX_4H_20260909_062531.png'
rm 'charts/screenshots/RTX/RTX_Daily_20260909_062531.png'
rm 'charts/screenshots/RTX/RTX_Monthly_20260909_062531.png'
rm 'charts/screenshots/RTX/RTX_Weekly_20260909_062531.png'
rm 'charts/screenshots/SCHW/SCHW_1H_20260909_054030.png'
rm 'charts/screenshots/SCHW/SCHW_4H_20260909_054030.png'
rm 'charts/screenshots/SCHW/SCHW_Daily_20260909_054030.png'
rm 'charts/screenshots/SCHW/SCHW_Monthly_20260909_054030.png'
rm 'charts/screenshots/SCHW/SCHW_Weekly_20260909_054030.png'
rm 'charts/screenshots/SMCI/SMCI_1H_20260909_054336.png'
rm 'charts/screenshots/SMCI/SMCI_4H_20260909_054336.png'
rm 'charts/screenshots/SMCI/SMCI_Daily_20260909_054336.png'
rm 'charts/screenshots/SMCI/SMCI_Monthly_20260909_054336.png'
rm 'charts/screenshots/SMCI/SMCI_Weekly_20260909_054336.png'
rm 'charts/screenshots/SNPS/SNPS_1H_20260909_062911.png'
rm 'charts/screenshots/SNPS/SNPS_4H_20260909_062911.png'
rm 'charts/screenshots/SNPS/SNPS_Daily_20260909_062911.png'
rm 'charts/screenshots/SNPS/SNPS_Monthly_20260909_062911.png'
rm 'charts/screenshots/SNPS/SNPS_Weekly_20260909_062911.png'
rm 'charts/screenshots/SPGI/SPGI_1H_20260909_061427.png'
rm 'charts/screenshots/SPGI/SPGI_4H_20260909_061427.png'
rm 'charts/screenshots/SPGI/SPGI_Daily_20260909_061427.png'
rm 'charts/screenshots/SPGI/SPGI_Monthly_20260909_061427.png'
rm 'charts/screenshots/SPGI/SPGI_Weekly_20260909_061427.png'
rm 'charts/screenshots/SPY/SPY_1H_20260909_061124.png'
rm 'charts/screenshots/SPY/SPY_4H_20260909_061124.png'
rm 'charts/screenshots/SPY/SPY_Daily_20260909_061124.png'
rm 'charts/screenshots/SPY/SPY_Monthly_20260909_061124.png'
rm 'charts/screenshots/SPY/SPY_Weekly_20260909_061124.png'
rm 'charts/screenshots/STX/STX_1H_20260909_053953.png'
rm 'charts/screenshots/STX/STX_4H_20260909_053953.png'
rm 'charts/screenshots/STX/STX_Daily_20260909_053953.png'
rm 'charts/screenshots/STX/STX_Monthly_20260909_053953.png'
rm 'charts/screenshots/STX/STX_Weekly_20260909_053953.png'
rm 'charts/screenshots/T/T_1H_20260909_053648.png'
rm 'charts/screenshots/T/T_4H_20260909_053648.png'
rm 'charts/screenshots/T/T_Daily_20260909_053648.png'
rm 'charts/screenshots/T/T_Monthly_20260909_053648.png'
rm 'charts/screenshots/T/T_Weekly_20260909_053648.png'
rm 'charts/screenshots/TEAM/TEAM_1H_20260909_054413.png'
rm 'charts/screenshots/TEAM/TEAM_4H_20260909_054413.png'
rm 'charts/screenshots/TEAM/TEAM_Daily_20260909_054413.png'
rm 'charts/screenshots/TEAM/TEAM_Monthly_20260909_054413.png'
rm 'charts/screenshots/TEAM/TEAM_Weekly_20260909_054413.png'
rm 'charts/screenshots/TGT/TGT_1H_20260909_055024.png'
rm 'charts/screenshots/TGT/TGT_4H_20260909_055024.png'
rm 'charts/screenshots/TGT/TGT_Daily_20260909_055024.png'
rm 'charts/screenshots/TGT/TGT_Monthly_20260909_055024.png'
rm 'charts/screenshots/TGT/TGT_Weekly_20260909_055024.png'
rm 'charts/screenshots/TJX/TJX_1H_20260909_062835.png'
rm 'charts/screenshots/TJX/TJX_4H_20260909_062835.png'
rm 'charts/screenshots/TJX/TJX_Daily_20260909_062835.png'
rm 'charts/screenshots/TJX/TJX_Monthly_20260909_062835.png'
rm 'charts/screenshots/TJX/TJX_Weekly_20260909_062835.png'
rm 'charts/screenshots/TMO/TMO_1H_20260909_053801.png'
rm 'charts/screenshots/TMO/TMO_4H_20260909_053801.png'
rm 'charts/screenshots/TMO/TMO_Daily_20260909_053801.png'
rm 'charts/screenshots/TMO/TMO_Monthly_20260909_053801.png'
rm 'charts/screenshots/TMO/TMO_Weekly_20260909_053801.png'
rm 'charts/screenshots/UBER/UBER_1H_20260909_061541.png'
rm 'charts/screenshots/UBER/UBER_4H_20260909_061541.png'
rm 'charts/screenshots/UBER/UBER_Daily_20260909_061541.png'
rm 'charts/screenshots/UBER/UBER_Monthly_20260909_061541.png'
rm 'charts/screenshots/UBER/UBER_Weekly_20260909_061541.png'
rm 'charts/screenshots/UNH/UNH_1H_20260909_060819.png'
rm 'charts/screenshots/UNH/UNH_4H_20260909_060819.png'
rm 'charts/screenshots/UNH/UNH_Daily_20260909_060819.png'
rm 'charts/screenshots/UNH/UNH_Monthly_20260909_060819.png'
rm 'charts/screenshots/UNH/UNH_Weekly_20260909_060819.png'
rm 'charts/screenshots/UNP/UNP_1H_20260909_061808.png'
rm 'charts/screenshots/UNP/UNP_4H_20260909_061808.png'
rm 'charts/screenshots/UNP/UNP_Daily_20260909_061808.png'
rm 'charts/screenshots/UNP/UNP_Monthly_20260909_061808.png'
rm 'charts/screenshots/UNP/UNP_Weekly_20260909_061808.png'
rm 'charts/screenshots/V/V_1H_20260909_060055.png'
rm 'charts/screenshots/V/V_4H_20260909_060055.png'
rm 'charts/screenshots/V/V_Daily_20260909_060055.png'
rm 'charts/screenshots/V/V_Monthly_20260909_060055.png'
rm 'charts/screenshots/V/V_Weekly_20260909_060055.png'
rm 'charts/screenshots/VLO/VLO_1H_20260909_060323.png'
rm 'charts/screenshots/VLO/VLO_4H_20260909_060323.png'
rm 'charts/screenshots/VLO/VLO_Daily_20260909_060323.png'
rm 'charts/screenshots/VLO/VLO_Monthly_20260909_060323.png'
rm 'charts/screenshots/VLO/VLO_Weekly_20260909_060323.png'
rm 'charts/screenshots/VZ/VZ_1H_20260909_054450.png'
rm 'charts/screenshots/VZ/VZ_4H_20260909_054450.png'
rm 'charts/screenshots/VZ/VZ_Daily_20260909_054450.png'
rm 'charts/screenshots/VZ/VZ_Monthly_20260909_054450.png'
rm 'charts/screenshots/VZ/VZ_Weekly_20260909_054450.png'
rm 'charts/screenshots/WDAY/WDAY_1H_20260909_054107.png'
rm 'charts/screenshots/WDAY/WDAY_4H_20260909_054107.png'
rm 'charts/screenshots/WDAY/WDAY_Daily_20260909_054107.png'
rm 'charts/screenshots/WDAY/WDAY_Monthly_20260909_054107.png'
rm 'charts/screenshots/WDAY/WDAY_Weekly_20260909_054107.png'
rm 'charts/screenshots/WDC/WDC_1H_20260909_061046.png'
rm 'charts/screenshots/WDC/WDC_4H_20260909_061046.png'
rm 'charts/screenshots/WDC/WDC_Daily_20260909_061046.png'
rm 'charts/screenshots/WDC/WDC_Monthly_20260909_061046.png'
rm 'charts/screenshots/WDC/WDC_Weekly_20260909_061046.png'
rm 'charts/screenshots/WFC/WFC_1H_20260909_062036.png'
rm 'charts/screenshots/WFC/WFC_4H_20260909_062036.png'
rm 'charts/screenshots/WFC/WFC_Daily_20260909_062036.png'
rm 'charts/screenshots/WFC/WFC_Monthly_20260909_062036.png'
rm 'charts/screenshots/WFC/WFC_Weekly_20260909_062036.png'
rm 'charts/screenshots/XOM/XOM_1H_20260909_061845.png'
rm 'charts/screenshots/XOM/XOM_4H_20260909_061845.png'
rm 'charts/screenshots/XOM/XOM_Daily_20260909_061845.png'
rm 'charts/screenshots/XOM/XOM_Monthly_20260909_061845.png'
rm 'charts/screenshots/XOM/XOM_Weekly_20260909_061845.png'
[main 87745ae] Update chart screenshots 1789022151
 940 files changed, 0 insertions(+), 0 deletions(-)
 delete mode 100644 charts/screenshots/AAPL/AAPL_1H_20260909_055216.png
 create mode 100644 charts/screenshots/AAPL/AAPL_1H_20260910_055145.png
 delete mode 100644 charts/screenshots/AAPL/AAPL_4H_20260909_055216.png
 create mode 100644 charts/screenshots/AAPL/AAPL_4H_20260910_055145.png
 delete mode 100644 charts/screenshots/AAPL/AAPL_Daily_20260909_055216.png
 create mode 100644 charts/screenshots/AAPL/AAPL_Daily_20260910_055145.png
 delete mode 100644 charts/screenshots/AAPL/AAPL_Monthly_20260909_055216.png
 create mode 100644 charts/screenshots/AAPL/AAPL_Monthly_20260910_055145.png
 delete mode 100644 charts/screenshots/AAPL/AAPL_Weekly_20260909_055216.png
 create mode 100644 charts/screenshots/AAPL/AAPL_Weekly_20260910_055145.png
 delete mode 100644 charts/screenshots/ABBV/ABBV_1H_20260909_060514.png
 create mode 100644 charts/screenshots/ABBV/ABBV_1H_20260910_060419.png
 delete mode 100644 charts/screenshots/ABBV/ABBV_4H_20260909_060514.png
 create mode 100644 charts/screenshots/ABBV/ABBV_4H_20260910_060419.png
 delete mode 100644 charts/screenshots/ABBV/ABBV_Daily_20260909_060514.png
 create mode 100644 charts/screenshots/ABBV/ABBV_Daily_20260910_060419.png
 delete mode 100644 charts/screenshots/ABBV/ABBV_Monthly_20260909_060514.png
 create mode 100644 charts/screenshots/ABBV/ABBV_Monthly_20260910_060419.png
 delete mode 100644 charts/screenshots/ABBV/ABBV_Weekly_20260909_060514.png
 create mode 100644 charts/screenshots/ABBV/ABBV_Weekly_20260910_060419.png
 delete mode 100644 charts/screenshots/ABNB/ABNB_1H_20260909_054222.png
 create mode 100644 charts/screenshots/ABNB/ABNB_1H_20260910_055028.png
 delete mode 100644 charts/screenshots/ABNB/ABNB_4H_20260909_054222.png
 create mode 100644 charts/screenshots/ABNB/ABNB_4H_20260910_055028.png
 delete mode 100644 charts/screenshots/ABNB/ABNB_Daily_20260909_054222.png
 create mode 100644 charts/screenshots/ABNB/ABNB_Daily_20260910_055028.png
 delete mode 100644 charts/screenshots/ABNB/ABNB_Monthly_20260909_054222.png
 create mode 100644 charts/screenshots/ABNB/ABNB_Monthly_20260910_055028.png
 delete mode 100644 charts/screenshots/ABNB/ABNB_Weekly_20260909_054222.png
 create mode 100644 charts/screenshots/ABNB/ABNB_Weekly_20260910_055028.png
 delete mode 100644 charts/screenshots/ABT/ABT_1H_20260909_061200.png
 create mode 100644 charts/screenshots/ABT/ABT_1H_20260910_061539.png
 delete mode 100644 charts/screenshots/ABT/ABT_4H_20260909_061200.png
 create mode 100644 charts/screenshots/ABT/ABT_4H_20260910_061539.png
 delete mode 100644 charts/screenshots/ABT/ABT_Daily_20260909_061200.png
 create mode 100644 charts/screenshots/ABT/ABT_Daily_20260910_061539.png
 delete mode 100644 charts/screenshots/ABT/ABT_Monthly_20260909_061200.png
 create mode 100644 charts/screenshots/ABT/ABT_Monthly_20260910_061539.png
 delete mode 100644 charts/screenshots/ABT/ABT_Weekly_20260909_061200.png
 create mode 100644 charts/screenshots/ABT/ABT_Weekly_20260910_061539.png
 delete mode 100644 charts/screenshots/ADBE/ADBE_1H_20260909_061655.png
 delete mode 100644 charts/screenshots/ADBE/ADBE_4H_20260909_061655.png
 delete mode 100644 charts/screenshots/ADBE/ADBE_Daily_20260909_061655.png
 delete mode 100644 charts/screenshots/ADBE/ADBE_Monthly_20260909_061655.png
 delete mode 100644 charts/screenshots/ADBE/ADBE_Weekly_20260909_061655.png
 create mode 100644 charts/screenshots/ADI/ADI_1H_20260910_062815.png
 create mode 100644 charts/screenshots/ADI/ADI_4H_20260910_062815.png
 create mode 100644 charts/screenshots/ADI/ADI_Daily_20260910_062815.png
 create mode 100644 charts/screenshots/ADI/ADI_Monthly_20260910_062815.png
 create mode 100644 charts/screenshots/ADI/ADI_Weekly_20260910_062815.png
 delete mode 100644 charts/screenshots/AMAT/AMAT_1H_20260909_062948.png
 create mode 100644 charts/screenshots/AMAT/AMAT_1H_20260910_062853.png
 delete mode 100644 charts/screenshots/AMAT/AMAT_4H_20260909_062948.png
 create mode 100644 charts/screenshots/AMAT/AMAT_4H_20260910_062853.png
 delete mode 100644 charts/screenshots/AMAT/AMAT_Daily_20260909_062948.png
 create mode 100644 charts/screenshots/AMAT/AMAT_Daily_20260910_062853.png
 delete mode 100644 charts/screenshots/AMAT/AMAT_Monthly_20260909_062948.png
 create mode 100644 charts/screenshots/AMAT/AMAT_Monthly_20260910_062853.png
 delete mode 100644 charts/screenshots/AMAT/AMAT_Weekly_20260909_062948.png
 create mode 100644 charts/screenshots/AMAT/AMAT_Weekly_20260910_062853.png
 delete mode 100644 charts/screenshots/AMD/AMD_1H_20260909_055749.png
 create mode 100644 charts/screenshots/AMD/AMD_1H_20260910_060341.png
 delete mode 100644 charts/screenshots/AMD/AMD_4H_20260909_055749.png
 create mode 100644 charts/screenshots/AMD/AMD_4H_20260910_060341.png
 delete mode 100644 charts/screenshots/AMD/AMD_Daily_20260909_055749.png
 create mode 100644 charts/screenshots/AMD/AMD_Daily_20260910_060341.png
 delete mode 100644 charts/screenshots/AMD/AMD_Monthly_20260909_055749.png
 create mode 100644 charts/screenshots/AMD/AMD_Monthly_20260910_060341.png
 delete mode 100644 charts/screenshots/AMD/AMD_Weekly_20260909_055749.png
 create mode 100644 charts/screenshots/AMD/AMD_Weekly_20260910_060341.png
 delete mode 100644 charts/screenshots/AMGN/AMGN_1H_20260909_055102.png
 create mode 100644 charts/screenshots/AMGN/AMGN_1H_20260910_055533.png
 delete mode 100644 charts/screenshots/AMGN/AMGN_4H_20260909_055102.png
 create mode 100644 charts/screenshots/AMGN/AMGN_4H_20260910_055533.png
 delete mode 100644 charts/screenshots/AMGN/AMGN_Daily_20260909_055102.png
 create mode 100644 charts/screenshots/AMGN/AMGN_Daily_20260910_055533.png
 delete mode 100644 charts/screenshots/AMGN/AMGN_Monthly_20260909_055102.png
 create mode 100644 charts/screenshots/AMGN/AMGN_Monthly_20260910_055533.png
 delete mode 100644 charts/screenshots/AMGN/AMGN_Weekly_20260909_055102.png
 create mode 100644 charts/screenshots/AMGN/AMGN_Weekly_20260910_055533.png
 delete mode 100644 charts/screenshots/AMZN/AMZN_1H_20260909_062417.png
 create mode 100644 charts/screenshots/AMZN/AMZN_1H_20260910_061847.png
 delete mode 100644 charts/screenshots/AMZN/AMZN_4H_20260909_062417.png
 create mode 100644 charts/screenshots/AMZN/AMZN_4H_20260910_061847.png
 delete mode 100644 charts/screenshots/AMZN/AMZN_Daily_20260909_062417.png
 create mode 100644 charts/screenshots/AMZN/AMZN_Daily_20260910_061847.png
 delete mode 100644 charts/screenshots/AMZN/AMZN_Monthly_20260909_062417.png
 create mode 100644 charts/screenshots/AMZN/AMZN_Monthly_20260910_061847.png
 delete mode 100644 charts/screenshots/AMZN/AMZN_Weekly_20260909_062417.png
 create mode 100644 charts/screenshots/AMZN/AMZN_Weekly_20260910_061847.png
 delete mode 100644 charts/screenshots/ANET/ANET_1H_20260909_055826.png
 create mode 100644 charts/screenshots/ANET/ANET_1H_20260910_055454.png
 delete mode 100644 charts/screenshots/ANET/ANET_4H_20260909_055826.png
 create mode 100644 charts/screenshots/ANET/ANET_4H_20260910_055454.png
 delete mode 100644 charts/screenshots/ANET/ANET_Daily_20260909_055826.png
 create mode 100644 charts/screenshots/ANET/ANET_Daily_20260910_055454.png
 delete mode 100644 charts/screenshots/ANET/ANET_Monthly_20260909_055826.png
 create mode 100644 charts/screenshots/ANET/ANET_Monthly_20260910_055454.png
 delete mode 100644 charts/screenshots/ANET/ANET_Weekly_20260909_055826.png
 create mode 100644 charts/screenshots/ANET/ANET_Weekly_20260910_055454.png
 delete mode 100644 charts/screenshots/APH/APH_1H_20260909_061010.png
 create mode 100644 charts/screenshots/APH/APH_1H_20260910_061151.png
 delete mode 100644 charts/screenshots/APH/APH_4H_20260909_061010.png
 create mode 100644 charts/screenshots/APH/APH_4H_20260910_061151.png
 delete mode 100644 charts/screenshots/APH/APH_Daily_20260909_061010.png
 create mode 100644 charts/screenshots/APH/APH_Daily_20260910_061151.png
 delete mode 100644 charts/screenshots/APH/APH_Monthly_20260909_061010.png
 create mode 100644 charts/screenshots/APH/APH_Monthly_20260910_061151.png
 delete mode 100644 charts/screenshots/APH/APH_Weekly_20260909_061010.png
 create mode 100644 charts/screenshots/APH/APH_Weekly_20260910_061151.png
 delete mode 100644 charts/screenshots/ASML/ASML_1H_20260909_061733.png
 create mode 100644 charts/screenshots/ASML/ASML_1H_20260910_062313.png
 delete mode 100644 charts/screenshots/ASML/ASML_4H_20260909_061733.png
 create mode 100644 charts/screenshots/ASML/ASML_4H_20260910_062313.png
 delete mode 100644 charts/screenshots/ASML/ASML_Daily_20260909_061733.png
 create mode 100644 charts/screenshots/ASML/ASML_Daily_20260910_062313.png
 delete mode 100644 charts/screenshots/ASML/ASML_Monthly_20260909_061733.png
 create mode 100644 charts/screenshots/ASML/ASML_Monthly_20260910_062313.png
 delete mode 100644 charts/screenshots/ASML/ASML_Weekly_20260909_061733.png
 create mode 100644 charts/screenshots/ASML/ASML_Weekly_20260910_062313.png
 delete mode 100644 charts/screenshots/BA/BA_1H_20260909_063217.png
 delete mode 100644 charts/screenshots/BA/BA_4H_20260909_063217.png
 delete mode 100644 charts/screenshots/BA/BA_Daily_20260909_063217.png
 delete mode 100644 charts/screenshots/BA/BA_Monthly_20260909_063217.png
 delete mode 100644 charts/screenshots/BA/BA_Weekly_20260909_063217.png
 delete mode 100644 charts/screenshots/BAC/BAC_1H_20260909_060706.png
 create mode 100644 charts/screenshots/BAC/BAC_1H_20260910_054837.png
 delete mode 100644 charts/screenshots/BAC/BAC_4H_20260909_060706.png
 create mode 100644 charts/screenshots/BAC/BAC_4H_20260910_054837.png
 delete mode 100644 charts/screenshots/BAC/BAC_Daily_20260909_060706.png
 create mode 100644 charts/screenshots/BAC/BAC_Daily_20260910_054837.png
 delete mode 100644 charts/screenshots/BAC/BAC_Monthly_20260909_060706.png
 create mode 100644 charts/screenshots/BAC/BAC_Monthly_20260910_054837.png
 delete mode 100644 charts/screenshots/BAC/BAC_Weekly_20260909_060706.png
 create mode 100644 charts/screenshots/BAC/BAC_Weekly_20260910_054837.png
 delete mode 100644 charts/screenshots/BKNG/BKNG_1H_20260909_061618.png
 create mode 100644 charts/screenshots/BKNG/BKNG_1H_20260910_061501.png
 delete mode 100644 charts/screenshots/BKNG/BKNG_4H_20260909_061618.png
 create mode 100644 charts/screenshots/BKNG/BKNG_4H_20260910_061501.png
 delete mode 100644 charts/screenshots/BKNG/BKNG_Daily_20260909_061618.png
 create mode 100644 charts/screenshots/BKNG/BKNG_Daily_20260910_061501.png
 delete mode 100644 charts/screenshots/BKNG/BKNG_Monthly_20260909_061618.png
 create mode 100644 charts/screenshots/BKNG/BKNG_Monthly_20260910_061501.png
 delete mode 100644 charts/screenshots/BKNG/BKNG_Weekly_20260909_061618.png
 create mode 100644 charts/screenshots/BKNG/BKNG_Weekly_20260910_061501.png
 create mode 100644 charts/screenshots/BRK-B/BRK-B_1H_20260910_062429.png
 create mode 100644 charts/screenshots/BRK-B/BRK-B_4H_20260910_062429.png
 create mode 100644 charts/screenshots/BRK-B/BRK-B_Daily_20260910_062429.png
 create mode 100644 charts/screenshots/BRK-B/BRK-B_Monthly_20260910_062429.png
 create mode 100644 charts/screenshots/BRK-B/BRK-B_Weekly_20260910_062429.png
 create mode 100644 charts/screenshots/BSX/BSX_1H_20260910_063354.png
 create mode 100644 charts/screenshots/BSX/BSX_4H_20260910_063354.png
 create mode 100644 charts/screenshots/BSX/BSX_Daily_20260910_063354.png
 create mode 100644 charts/screenshots/BSX/BSX_Monthly_20260910_063354.png
 create mode 100644 charts/screenshots/BSX/BSX_Weekly_20260910_063354.png
 delete mode 100644 charts/screenshots/C/C_1H_20260909_060743.png
 create mode 100644 charts/screenshots/C/C_1H_20260910_060457.png
 delete mode 100644 charts/screenshots/C/C_4H_20260909_060743.png
 create mode 100644 charts/screenshots/C/C_4H_20260910_060457.png
 delete mode 100644 charts/screenshots/C/C_Daily_20260909_060743.png
 create mode 100644 charts/screenshots/C/C_Daily_20260910_060457.png
 delete mode 100644 charts/screenshots/C/C_Monthly_20260909_060743.png
 create mode 100644 charts/screenshots/C/C_Monthly_20260910_060457.png
 delete mode 100644 charts/screenshots/C/C_Weekly_20260909_060743.png
 create mode 100644 charts/screenshots/C/C_Weekly_20260910_060457.png
 create mode 100644 charts/screenshots/CDNS/CDNS_1H_20260910_063316.png
 create mode 100644 charts/screenshots/CDNS/CDNS_4H_20260910_063316.png
 create mode 100644 charts/screenshots/CDNS/CDNS_Daily_20260910_063316.png
 create mode 100644 charts/screenshots/CDNS/CDNS_Monthly_20260910_063316.png
 create mode 100644 charts/screenshots/CDNS/CDNS_Weekly_20260910_063316.png
 delete mode 100644 charts/screenshots/CEG/CEG_1H_20260909_053838.png
 delete mode 100644 charts/screenshots/CEG/CEG_4H_20260909_053838.png
 delete mode 100644 charts/screenshots/CEG/CEG_Daily_20260909_053838.png
 delete mode 100644 charts/screenshots/CEG/CEG_Monthly_20260909_053838.png
 delete mode 100644 charts/screenshots/CEG/CEG_Weekly_20260909_053838.png
 delete mode 100644 charts/screenshots/COP/COP_1H_20260909_053724.png
 create mode 100644 charts/screenshots/COP/COP_1H_20260910_053829.png
 delete mode 100644 charts/screenshots/COP/COP_4H_20260909_053724.png
 create mode 100644 charts/screenshots/COP/COP_4H_20260910_053829.png
 delete mode 100644 charts/screenshots/COP/COP_Daily_20260909_053724.png
 create mode 100644 charts/screenshots/COP/COP_Daily_20260910_053829.png
 delete mode 100644 charts/screenshots/COP/COP_Monthly_20260909_053724.png
 create mode 100644 charts/screenshots/COP/COP_Monthly_20260910_053829.png
 delete mode 100644 charts/screenshots/COP/COP_Weekly_20260909_053724.png
 create mode 100644 charts/screenshots/COP/COP_Weekly_20260910_053829.png
 delete mode 100644 charts/screenshots/CRM/CRM_1H_20260909_054259.png
 create mode 100644 charts/screenshots/CRM/CRM_1H_20260910_054103.png
 delete mode 100644 charts/screenshots/CRM/CRM_4H_20260909_054259.png
 create mode 100644 charts/screenshots/CRM/CRM_4H_20260910_054103.png
 delete mode 100644 charts/screenshots/CRM/CRM_Daily_20260909_054259.png
 create mode 100644 charts/screenshots/CRM/CRM_Daily_20260910_054103.png
 delete mode 100644 charts/screenshots/CRM/CRM_Monthly_20260909_054259.png
 create mode 100644 charts/screenshots/CRM/CRM_Monthly_20260910_054103.png
 delete mode 100644 charts/screenshots/CRM/CRM_Weekly_20260909_054259.png
 create mode 100644 charts/screenshots/CRM/CRM_Weekly_20260910_054103.png
 delete mode 100644 charts/screenshots/CRWD/CRWD_1H_20260909_062227.png
 create mode 100644 charts/screenshots/CRWD/CRWD_1H_20260910_061923.png
 delete mode 100644 charts/screenshots/CRWD/CRWD_4H_20260909_062227.png
 create mode 100644 charts/screenshots/CRWD/CRWD_4H_20260910_061923.png
 delete mode 100644 charts/screenshots/CRWD/CRWD_Daily_20260909_062227.png
 create mode 100644 charts/screenshots/CRWD/CRWD_Daily_20260910_061923.png
 delete mode 100644 charts/screenshots/CRWD/CRWD_Monthly_20260909_062227.png
 create mode 100644 charts/screenshots/CRWD/CRWD_Monthly_20260910_061923.png
 delete mode 100644 charts/screenshots/CRWD/CRWD_Weekly_20260909_062227.png
 create mode 100644 charts/screenshots/CRWD/CRWD_Weekly_20260910_061923.png
 delete mode 100644 charts/screenshots/CSCO/CSCO_1H_20260909_062150.png
 create mode 100644 charts/screenshots/CSCO/CSCO_1H_20260910_062157.png
 delete mode 100644 charts/screenshots/CSCO/CSCO_4H_20260909_062150.png
 create mode 100644 charts/screenshots/CSCO/CSCO_4H_20260910_062157.png
 delete mode 100644 charts/screenshots/CSCO/CSCO_Daily_20260909_062150.png
 create mode 100644 charts/screenshots/CSCO/CSCO_Daily_20260910_062157.png
 delete mode 100644 charts/screenshots/CSCO/CSCO_Monthly_20260909_062150.png
 create mode 100644 charts/screenshots/CSCO/CSCO_Monthly_20260910_062157.png
 delete mode 100644 charts/screenshots/CSCO/CSCO_Weekly_20260909_062150.png
 create mode 100644 charts/screenshots/CSCO/CSCO_Weekly_20260910_062157.png
 delete mode 100644 charts/screenshots/CVX/CVX_1H_20260909_053916.png
 create mode 100644 charts/screenshots/CVX/CVX_1H_20260910_053907.png
 delete mode 100644 charts/screenshots/CVX/CVX_4H_20260909_053916.png
 create mode 100644 charts/screenshots/CVX/CVX_4H_20260910_053907.png
 delete mode 100644 charts/screenshots/CVX/CVX_Daily_20260909_053916.png
 create mode 100644 charts/screenshots/CVX/CVX_Daily_20260910_053907.png
 delete mode 100644 charts/screenshots/CVX/CVX_Monthly_20260909_053916.png
 create mode 100644 charts/screenshots/CVX/CVX_Monthly_20260910_053907.png
 delete mode 100644 charts/screenshots/CVX/CVX_Weekly_20260909_053916.png
 create mode 100644 charts/screenshots/CVX/CVX_Weekly_20260910_053907.png
 delete mode 100644 charts/screenshots/DASH/DASH_1H_20260909_055633.png
 create mode 100644 charts/screenshots/DASH/DASH_1H_20260910_054952.png
 delete mode 100644 charts/screenshots/DASH/DASH_4H_20260909_055633.png
 create mode 100644 charts/screenshots/DASH/DASH_4H_20260910_054952.png
 delete mode 100644 charts/screenshots/DASH/DASH_Daily_20260909_055633.png
 create mode 100644 charts/screenshots/DASH/DASH_Daily_20260910_054952.png
 delete mode 100644 charts/screenshots/DASH/DASH_Monthly_20260909_055633.png
 create mode 100644 charts/screenshots/DASH/DASH_Monthly_20260910_054952.png
 delete mode 100644 charts/screenshots/DASH/DASH_Weekly_20260909_055633.png
 create mode 100644 charts/screenshots/DASH/DASH_Weekly_20260910_054952.png
 delete mode 100644 charts/screenshots/DDOG/DDOG_1H_20260909_063102.png
 create mode 100644 charts/screenshots/DDOG/DDOG_1H_20260910_062623.png
 delete mode 100644 charts/screenshots/DDOG/DDOG_4H_20260909_063102.png
 create mode 100644 charts/screenshots/DDOG/DDOG_4H_20260910_062623.png
 delete mode 100644 charts/screenshots/DDOG/DDOG_Daily_20260909_063102.png
 create mode 100644 charts/screenshots/DDOG/DDOG_Daily_20260910_062623.png
 delete mode 100644 charts/screenshots/DDOG/DDOG_Monthly_20260909_063102.png
 create mode 100644 charts/screenshots/DDOG/DDOG_Monthly_20260910_062623.png
 delete mode 100644 charts/screenshots/DDOG/DDOG_Weekly_20260909_063102.png
 create mode 100644 charts/screenshots/DDOG/DDOG_Weekly_20260910_062623.png
 delete mode 100644 charts/screenshots/DE/DE_1H_20260909_054603.png
 create mode 100644 charts/screenshots/DE/DE_1H_20260910_054414.png
 delete mode 100644 charts/screenshots/DE/DE_4H_20260909_054603.png
 create mode 100644 charts/screenshots/DE/DE_4H_20260910_054414.png
 delete mode 100644 charts/screenshots/DE/DE_Daily_20260909_054603.png
 create mode 100644 charts/screenshots/DE/DE_Daily_20260910_054414.png
 delete mode 100644 charts/screenshots/DE/DE_Monthly_20260909_054603.png
 create mode 100644 charts/screenshots/DE/DE_Monthly_20260910_054414.png
 delete mode 100644 charts/screenshots/DE/DE_Weekly_20260909_054603.png
 create mode 100644 charts/screenshots/DE/DE_Weekly_20260910_054414.png
 delete mode 100644 charts/screenshots/DELL/DELL_1H_20260909_055940.png
 create mode 100644 charts/screenshots/DELL/DELL_1H_20260910_060844.png
 delete mode 100644 charts/screenshots/DELL/DELL_4H_20260909_055940.png
 create mode 100644 charts/screenshots/DELL/DELL_4H_20260910_060844.png
 delete mode 100644 charts/screenshots/DELL/DELL_Daily_20260909_055940.png
 create mode 100644 charts/screenshots/DELL/DELL_Daily_20260910_060844.png
 delete mode 100644 charts/screenshots/DELL/DELL_Monthly_20260909_055940.png
 create mode 100644 charts/screenshots/DELL/DELL_Monthly_20260910_060844.png
 delete mode 100644 charts/screenshots/DELL/DELL_Weekly_20260909_055940.png
 create mode 100644 charts/screenshots/DELL/DELL_Weekly_20260910_060844.png
 delete mode 100644 charts/screenshots/DHT/DHT_1H_20260909_063330.png
 create mode 100644 charts/screenshots/DHT/DHT_1H_20260910_063432.png
 delete mode 100644 charts/screenshots/DHT/DHT_4H_20260909_063330.png
 create mode 100644 charts/screenshots/DHT/DHT_4H_20260910_063432.png
 delete mode 100644 charts/screenshots/DHT/DHT_Daily_20260909_063330.png
 create mode 100644 charts/screenshots/DHT/DHT_Daily_20260910_063432.png
 delete mode 100644 charts/screenshots/DHT/DHT_Monthly_20260909_063330.png
 create mode 100644 charts/screenshots/DHT/DHT_Monthly_20260910_063432.png
 delete mode 100644 charts/screenshots/DHT/DHT_Weekly_20260909_063330.png
 create mode 100644 charts/screenshots/DHT/DHT_Weekly_20260910_063432.png
 delete mode 100644 charts/screenshots/DIS/DIS_1H_20260909_055713.png
 create mode 100644 charts/screenshots/DIS/DIS_1H_20260910_060147.png
 delete mode 100644 charts/screenshots/DIS/DIS_4H_20260909_055713.png
 create mode 100644 charts/screenshots/DIS/DIS_4H_20260910_060147.png
 delete mode 100644 charts/screenshots/DIS/DIS_Daily_20260909_055713.png
 create mode 100644 charts/screenshots/DIS/DIS_Daily_20260910_060147.png
 delete mode 100644 charts/screenshots/DIS/DIS_Monthly_20260909_055713.png
 create mode 100644 charts/screenshots/DIS/DIS_Monthly_20260910_060147.png
 delete mode 100644 charts/screenshots/DIS/DIS_Weekly_20260909_055713.png
 create mode 100644 charts/screenshots/DIS/DIS_Weekly_20260910_060147.png
 delete mode 100644 charts/screenshots/FCX/FCX_1H_20260909_060132.png
 create mode 100644 charts/screenshots/FCX/FCX_1H_20260910_055841.png
 delete mode 100644 charts/screenshots/FCX/FCX_4H_20260909_060132.png
 create mode 100644 charts/screenshots/FCX/FCX_4H_20260910_055841.png
 delete mode 100644 charts/screenshots/FCX/FCX_Daily_20260909_060132.png
 create mode 100644 charts/screenshots/FCX/FCX_Daily_20260910_055841.png
 delete mode 100644 charts/screenshots/FCX/FCX_Monthly_20260909_060132.png
 create mode 100644 charts/screenshots/FCX/FCX_Monthly_20260910_055841.png
 delete mode 100644 charts/screenshots/FCX/FCX_Weekly_20260909_060132.png
 create mode 100644 charts/screenshots/FCX/FCX_Weekly_20260910_055841.png
 delete mode 100644 charts/screenshots/FTNT/FTNT_1H_20260909_061922.png
 create mode 100644 charts/screenshots/FTNT/FTNT_1H_20260910_062235.png
 delete mode 100644 charts/screenshots/FTNT/FTNT_4H_20260909_061922.png
 create mode 100644 charts/screenshots/FTNT/FTNT_4H_20260910_062235.png
 delete mode 100644 charts/screenshots/FTNT/FTNT_Daily_20260909_061922.png
 create mode 100644 charts/screenshots/FTNT/FTNT_Daily_20260910_062235.png
 delete mode 100644 charts/screenshots/FTNT/FTNT_Monthly_20260909_061922.png
 create mode 100644 charts/screenshots/FTNT/FTNT_Monthly_20260910_062235.png
 delete mode 100644 charts/screenshots/FTNT/FTNT_Weekly_20260909_061922.png
 create mode 100644 charts/screenshots/FTNT/FTNT_Weekly_20260910_062235.png
 delete mode 100644 charts/screenshots/GE/GE_1H_20260909_063025.png
 delete mode 100644 charts/screenshots/GE/GE_4H_20260909_063025.png
 delete mode 100644 charts/screenshots/GE/GE_Daily_20260909_063025.png
 delete mode 100644 charts/screenshots/GE/GE_Monthly_20260909_063025.png
 delete mode 100644 charts/screenshots/GE/GE_Weekly_20260909_063025.png
 delete mode 100644 charts/screenshots/GEV/GEV_1H_20260909_062112.png
 delete mode 100644 charts/screenshots/GEV/GEV_4H_20260909_062112.png
 delete mode 100644 charts/screenshots/GEV/GEV_Daily_20260909_062112.png
 delete mode 100644 charts/screenshots/GEV/GEV_Monthly_20260909_062112.png
 delete mode 100644 charts/screenshots/GEV/GEV_Weekly_20260909_062112.png
 delete mode 100644 charts/screenshots/GILD/GILD_1H_20260909_054640.png
 create mode 100644 charts/screenshots/GILD/GILD_1H_20260910_054453.png
 delete mode 100644 charts/screenshots/GILD/GILD_4H_20260909_054640.png
 create mode 100644 charts/screenshots/GILD/GILD_4H_20260910_054453.png
 delete mode 100644 charts/screenshots/GILD/GILD_Daily_20260909_054640.png
 create mode 100644 charts/screenshots/GILD/GILD_Daily_20260910_054453.png
 delete mode 100644 charts/screenshots/GILD/GILD_Monthly_20260909_054640.png
 create mode 100644 charts/screenshots/GILD/GILD_Monthly_20260910_054453.png
 delete mode 100644 charts/screenshots/GILD/GILD_Weekly_20260909_054640.png
 create mode 100644 charts/screenshots/GILD/GILD_Weekly_20260910_054453.png
 delete mode 100644 charts/screenshots/GLW/GLW_1H_20260909_060209.png
 create mode 100644 charts/screenshots/GLW/GLW_1H_20260910_055918.png
 delete mode 100644 charts/screenshots/GLW/GLW_4H_20260909_060209.png
 create mode 100644 charts/screenshots/GLW/GLW_4H_20260910_055918.png
 delete mode 100644 charts/screenshots/GLW/GLW_Daily_20260909_060209.png
 create mode 100644 charts/screenshots/GLW/GLW_Daily_20260910_055918.png
 delete mode 100644 charts/screenshots/GLW/GLW_Monthly_20260909_060209.png
 create mode 100644 charts/screenshots/GLW/GLW_Monthly_20260910_055918.png
 delete mode 100644 charts/screenshots/GLW/GLW_Weekly_20260909_060209.png
 create mode 100644 charts/screenshots/GLW/GLW_Weekly_20260910_055918.png
 delete mode 100644 charts/screenshots/GOOGL/GOOGL_1H_20260909_063254.png
 delete mode 100644 charts/screenshots/GOOGL/GOOGL_4H_20260909_063254.png
 delete mode 100644 charts/screenshots/GOOGL/GOOGL_Daily_20260909_063254.png
 delete mode 100644 charts/screenshots/GOOGL/GOOGL_Monthly_20260909_063254.png
 delete mode 100644 charts/screenshots/GOOGL/GOOGL_Weekly_20260909_063254.png
 delete mode 100644 charts/screenshots/GS/GS_1H_20260909_061350.png
 create mode 100644 charts/screenshots/GS/GS_1H_20260910_055611.png
 delete mode 100644 charts/screenshots/GS/GS_4H_20260909_061350.png
 create mode 100644 charts/screenshots/GS/GS_4H_20260910_055611.png
 delete mode 100644 charts/screenshots/GS/GS_Daily_20260909_061350.png
 create mode 100644 charts/screenshots/GS/GS_Daily_20260910_055611.png
 delete mode 100644 charts/screenshots/GS/GS_Monthly_20260909_061350.png
 create mode 100644 charts/screenshots/GS/GS_Monthly_20260910_055611.png
 delete mode 100644 charts/screenshots/GS/GS_Weekly_20260909_061350.png
 create mode 100644 charts/screenshots/GS/GS_Weekly_20260910_055611.png
 delete mode 100644 charts/screenshots/HOOD/HOOD_1H_20260909_054718.png
 create mode 100644 charts/screenshots/HOOD/HOOD_1H_20260910_055223.png
 delete mode 100644 charts/screenshots/HOOD/HOOD_4H_20260909_054718.png
 create mode 100644 charts/screenshots/HOOD/HOOD_4H_20260910_055223.png
 delete mode 100644 charts/screenshots/HOOD/HOOD_Daily_20260909_054718.png
 create mode 100644 charts/screenshots/HOOD/HOOD_Daily_20260910_055223.png
 delete mode 100644 charts/screenshots/HOOD/HOOD_Monthly_20260909_054718.png
 create mode 100644 charts/screenshots/HOOD/HOOD_Monthly_20260910_055223.png
 delete mode 100644 charts/screenshots/HOOD/HOOD_Weekly_20260909_054718.png
 create mode 100644 charts/screenshots/HOOD/HOOD_Weekly_20260910_055223.png
 delete mode 100644 charts/screenshots/HPE/HPE_1H_20260909_060856.png
 create mode 100644 charts/screenshots/HPE/HPE_1H_20260910_060650.png
 delete mode 100644 charts/screenshots/HPE/HPE_4H_20260909_060856.png
 create mode 100644 charts/screenshots/HPE/HPE_4H_20260910_060650.png
 delete mode 100644 charts/screenshots/HPE/HPE_Daily_20260909_060856.png
 create mode 100644 charts/screenshots/HPE/HPE_Daily_20260910_060650.png
 delete mode 100644 charts/screenshots/HPE/HPE_Monthly_20260909_060856.png
 create mode 100644 charts/screenshots/HPE/HPE_Monthly_20260910_060650.png
 delete mode 100644 charts/screenshots/HPE/HPE_Weekly_20260909_060856.png
 create mode 100644 charts/screenshots/HPE/HPE_Weekly_20260910_060650.png
 create mode 100644 charts/screenshots/HWM/HWM_1H_20260910_062738.png
 create mode 100644 charts/screenshots/HWM/HWM_4H_20260910_062738.png
 create mode 100644 charts/screenshots/HWM/HWM_Daily_20260910_062738.png
 create mode 100644 charts/screenshots/HWM/HWM_Monthly_20260910_062738.png
 create mode 100644 charts/screenshots/HWM/HWM_Weekly_20260910_062738.png
 delete mode 100644 charts/screenshots/INTC/INTC_1H_20260909_055253.png
 create mode 100644 charts/screenshots/INTC/INTC_1H_20260910_061000.png
 delete mode 100644 charts/screenshots/INTC/INTC_4H_20260909_055253.png
 create mode 100644 charts/screenshots/INTC/INTC_4H_20260910_061000.png
 delete mode 100644 charts/screenshots/INTC/INTC_Daily_20260909_055253.png
 create mode 100644 charts/screenshots/INTC/INTC_Daily_20260910_061000.png
 delete mode 100644 charts/screenshots/INTC/INTC_Monthly_20260909_055253.png
 create mode 100644 charts/screenshots/INTC/INTC_Monthly_20260910_061000.png
 delete mode 100644 charts/screenshots/INTC/INTC_Weekly_20260909_055253.png
 create mode 100644 charts/screenshots/INTC/INTC_Weekly_20260910_061000.png
 delete mode 100644 charts/screenshots/IWM/IWM_1H_20260909_060552.png
 create mode 100644 charts/screenshots/IWM/IWM_1H_20260910_061114.png
 delete mode 100644 charts/screenshots/IWM/IWM_4H_20260909_060552.png
 create mode 100644 charts/screenshots/IWM/IWM_4H_20260910_061114.png
 delete mode 100644 charts/screenshots/IWM/IWM_Daily_20260909_060552.png
 create mode 100644 charts/screenshots/IWM/IWM_Daily_20260910_061114.png
 delete mode 100644 charts/screenshots/IWM/IWM_Monthly_20260909_060552.png
 create mode 100644 charts/screenshots/IWM/IWM_Monthly_20260910_061114.png
 delete mode 100644 charts/screenshots/IWM/IWM_Weekly_20260909_060552.png
 create mode 100644 charts/screenshots/IWM/IWM_Weekly_20260910_061114.png
 delete mode 100644 charts/screenshots/JNJ/JNJ_1H_20260909_054755.png
 create mode 100644 charts/screenshots/JNJ/JNJ_1H_20260910_055955.png
 delete mode 100644 charts/screenshots/JNJ/JNJ_4H_20260909_054755.png
 create mode 100644 charts/screenshots/JNJ/JNJ_4H_20260910_055955.png
 delete mode 100644 charts/screenshots/JNJ/JNJ_Daily_20260909_054755.png
 create mode 100644 charts/screenshots/JNJ/JNJ_Daily_20260910_055955.png
 delete mode 100644 charts/screenshots/JNJ/JNJ_Monthly_20260909_054755.png
 create mode 100644 charts/screenshots/JNJ/JNJ_Monthly_20260910_055955.png
 delete mode 100644 charts/screenshots/JNJ/JNJ_Weekly_20260909_054755.png
 create mode 100644 charts/screenshots/JNJ/JNJ_Weekly_20260910_055955.png
 delete mode 100644 charts/screenshots/JPM/JPM_1H_20260909_060628.png
 create mode 100644 charts/screenshots/JPM/JPM_1H_20260910_060613.png
 delete mode 100644 charts/screenshots/JPM/JPM_4H_20260909_060628.png
 create mode 100644 charts/screenshots/JPM/JPM_4H_20260910_060613.png
 delete mode 100644 charts/screenshots/JPM/JPM_Daily_20260909_060628.png
 create mode 100644 charts/screenshots/JPM/JPM_Daily_20260910_060613.png
 delete mode 100644 charts/screenshots/JPM/JPM_Monthly_20260909_060628.png
 create mode 100644 charts/screenshots/JPM/JPM_Monthly_20260910_060613.png
 delete mode 100644 charts/screenshots/JPM/JPM_Weekly_20260909_060628.png
 create mode 100644 charts/screenshots/JPM/JPM_Weekly_20260910_060613.png
 delete mode 100644 charts/screenshots/KO/KO_1H_20260909_055330.png
 create mode 100644 charts/screenshots/KO/KO_1H_20260910_060806.png
 delete mode 100644 charts/screenshots/KO/KO_4H_20260909_055330.png
 create mode 100644 charts/screenshots/KO/KO_4H_20260910_060806.png
 delete mode 100644 charts/screenshots/KO/KO_Daily_20260909_055330.png
 create mode 100644 charts/screenshots/KO/KO_Daily_20260910_060806.png
 delete mode 100644 charts/screenshots/KO/KO_Monthly_20260909_055330.png
 create mode 100644 charts/screenshots/KO/KO_Monthly_20260910_060806.png
 delete mode 100644 charts/screenshots/KO/KO_Weekly_20260909_055330.png
 create mode 100644 charts/screenshots/KO/KO_Weekly_20260910_060806.png
 delete mode 100644 charts/screenshots/LRCX/LRCX_1H_20260909_061314.png
 create mode 100644 charts/screenshots/LRCX/LRCX_1H_20260910_061307.png
 delete mode 100644 charts/screenshots/LRCX/LRCX_4H_20260909_061314.png
 create mode 100644 charts/screenshots/LRCX/LRCX_4H_20260910_061307.png
 delete mode 100644 charts/screenshots/LRCX/LRCX_Daily_20260909_061314.png
 create mode 100644 charts/screenshots/LRCX/LRCX_Daily_20260910_061307.png
 delete mode 100644 charts/screenshots/LRCX/LRCX_Monthly_20260909_061314.png
 create mode 100644 charts/screenshots/LRCX/LRCX_Monthly_20260910_061307.png
 delete mode 100644 charts/screenshots/LRCX/LRCX_Weekly_20260909_061314.png
 create mode 100644 charts/screenshots/LRCX/LRCX_Weekly_20260910_061307.png
 delete mode 100644 charts/screenshots/LULU/LULU_1H_20260909_063140.png
 delete mode 100644 charts/screenshots/LULU/LULU_4H_20260909_063140.png
 delete mode 100644 charts/screenshots/LULU/LULU_Daily_20260909_063140.png
 delete mode 100644 charts/screenshots/LULU/LULU_Monthly_20260909_063140.png
 delete mode 100644 charts/screenshots/LULU/LULU_Weekly_20260909_063140.png
 delete mode 100644 charts/screenshots/MA/MA_1H_20260909_055139.png
 create mode 100644 charts/screenshots/MA/MA_1H_20260910_055107.png
 delete mode 100644 charts/screenshots/MA/MA_4H_20260909_055139.png
 create mode 100644 charts/screenshots/MA/MA_4H_20260910_055107.png
 delete mode 100644 charts/screenshots/MA/MA_Daily_20260909_055139.png
 create mode 100644 charts/screenshots/MA/MA_Daily_20260910_055107.png
 delete mode 100644 charts/screenshots/MA/MA_Monthly_20260909_055139.png
 create mode 100644 charts/screenshots/MA/MA_Monthly_20260910_055107.png
 delete mode 100644 charts/screenshots/MA/MA_Weekly_20260909_055139.png
 create mode 100644 charts/screenshots/MA/MA_Weekly_20260910_055107.png
 delete mode 100644 charts/screenshots/MCK/MCK_1H_20260909_061504.png
 create mode 100644 charts/screenshots/MCK/MCK_1H_20260910_062351.png
 delete mode 100644 charts/screenshots/MCK/MCK_4H_20260909_061504.png
 create mode 100644 charts/screenshots/MCK/MCK_4H_20260910_062351.png
 delete mode 100644 charts/screenshots/MCK/MCK_Daily_20260909_061504.png
 create mode 100644 charts/screenshots/MCK/MCK_Daily_20260910_062351.png
 delete mode 100644 charts/screenshots/MCK/MCK_Monthly_20260909_061504.png
 create mode 100644 charts/screenshots/MCK/MCK_Monthly_20260910_062351.png
 delete mode 100644 charts/screenshots/MCK/MCK_Weekly_20260909_061504.png
 create mode 100644 charts/screenshots/MCK/MCK_Weekly_20260910_062351.png
 delete mode 100644 charts/screenshots/MDT/MDT_1H_20260909_060246.png
 create mode 100644 charts/screenshots/MDT/MDT_1H_20260910_060922.png
 delete mode 100644 charts/screenshots/MDT/MDT_4H_20260909_060246.png
 create mode 100644 charts/screenshots/MDT/MDT_4H_20260910_060922.png
 delete mode 100644 charts/screenshots/MDT/MDT_Daily_20260909_060246.png
 create mode 100644 charts/screenshots/MDT/MDT_Daily_20260910_060922.png
 delete mode 100644 charts/screenshots/MDT/MDT_Monthly_20260909_060246.png
 create mode 100644 charts/screenshots/MDT/MDT_Monthly_20260910_060922.png
 delete mode 100644 charts/screenshots/MDT/MDT_Weekly_20260909_060246.png
 create mode 100644 charts/screenshots/MDT/MDT_Weekly_20260910_060922.png
 delete mode 100644 charts/screenshots/MELI/MELI_1H_20260909_055903.png
 create mode 100644 charts/screenshots/MELI/MELI_1H_20260910_061345.png
 delete mode 100644 charts/screenshots/MELI/MELI_4H_20260909_055903.png
 create mode 100644 charts/screenshots/MELI/MELI_4H_20260910_061345.png
 delete mode 100644 charts/screenshots/MELI/MELI_Daily_20260909_055903.png
 create mode 100644 charts/screenshots/MELI/MELI_Daily_20260910_061345.png
 delete mode 100644 charts/screenshots/MELI/MELI_Monthly_20260909_055903.png
 create mode 100644 charts/screenshots/MELI/MELI_Monthly_20260910_061345.png
 delete mode 100644 charts/screenshots/MELI/MELI_Weekly_20260909_055903.png
 create mode 100644 charts/screenshots/MELI/MELI_Weekly_20260910_061345.png
 create mode 100644 charts/screenshots/META/META_1H_20260910_061731.png
 create mode 100644 charts/screenshots/META/META_4H_20260910_061731.png
 create mode 100644 charts/screenshots/META/META_Daily_20260910_061731.png
 create mode 100644 charts/screenshots/META/META_Monthly_20260910_061731.png
 create mode 100644 charts/screenshots/META/META_Weekly_20260910_061731.png
 delete mode 100644 charts/screenshots/MPC/MPC_1H_20260909_060400.png
 create mode 100644 charts/screenshots/MPC/MPC_1H_20260910_060110.png
 delete mode 100644 charts/screenshots/MPC/MPC_4H_20260909_060400.png
 create mode 100644 charts/screenshots/MPC/MPC_4H_20260910_060110.png
 delete mode 100644 charts/screenshots/MPC/MPC_Daily_20260909_060400.png
 create mode 100644 charts/screenshots/MPC/MPC_Daily_20260910_060110.png
 delete mode 100644 charts/screenshots/MPC/MPC_Monthly_20260909_060400.png
 create mode 100644 charts/screenshots/MPC/MPC_Monthly_20260910_060110.png
 delete mode 100644 charts/screenshots/MPC/MPC_Weekly_20260909_060400.png
 create mode 100644 charts/screenshots/MPC/MPC_Weekly_20260910_060110.png
 delete mode 100644 charts/screenshots/MRK/MRK_1H_20260909_054832.png
 create mode 100644 charts/screenshots/MRK/MRK_1H_20260910_054531.png
 delete mode 100644 charts/screenshots/MRK/MRK_4H_20260909_054832.png
 create mode 100644 charts/screenshots/MRK/MRK_4H_20260910_054531.png
 delete mode 100644 charts/screenshots/MRK/MRK_Daily_20260909_054832.png
 create mode 100644 charts/screenshots/MRK/MRK_Daily_20260910_054531.png
 delete mode 100644 charts/screenshots/MRK/MRK_Monthly_20260909_054832.png
 create mode 100644 charts/screenshots/MRK/MRK_Monthly_20260910_054531.png
 delete mode 100644 charts/screenshots/MRK/MRK_Weekly_20260909_054832.png
 create mode 100644 charts/screenshots/MRK/MRK_Weekly_20260910_054531.png
 delete mode 100644 charts/screenshots/MRNA/MRNA_1H_20260909_054909.png
 create mode 100644 charts/screenshots/MRNA/MRNA_1H_20260910_054219.png
 delete mode 100644 charts/screenshots/MRNA/MRNA_4H_20260909_054909.png
 create mode 100644 charts/screenshots/MRNA/MRNA_4H_20260910_054219.png
 delete mode 100644 charts/screenshots/MRNA/MRNA_Daily_20260909_054909.png
 create mode 100644 charts/screenshots/MRNA/MRNA_Daily_20260910_054219.png
 delete mode 100644 charts/screenshots/MRNA/MRNA_Monthly_20260909_054909.png
 create mode 100644 charts/screenshots/MRNA/MRNA_Monthly_20260910_054219.png
 delete mode 100644 charts/screenshots/MRNA/MRNA_Weekly_20260909_054909.png
 create mode 100644 charts/screenshots/MRNA/MRNA_Weekly_20260910_054219.png
 delete mode 100644 charts/screenshots/MRVL/MRVL_1H_20260909_062304.png
 create mode 100644 charts/screenshots/MRVL/MRVL_1H_20260910_061423.png
 delete mode 100644 charts/screenshots/MRVL/MRVL_4H_20260909_062304.png
 create mode 100644 charts/screenshots/MRVL/MRVL_4H_20260910_061423.png
 delete mode 100644 charts/screenshots/MRVL/MRVL_Daily_20260909_062304.png
 create mode 100644 charts/screenshots/MRVL/MRVL_Daily_20260910_061423.png
 delete mode 100644 charts/screenshots/MRVL/MRVL_Monthly_20260909_062304.png
 create mode 100644 charts/screenshots/MRVL/MRVL_Monthly_20260910_061423.png
 delete mode 100644 charts/screenshots/MRVL/MRVL_Weekly_20260909_062304.png
 create mode 100644 charts/screenshots/MRVL/MRVL_Weekly_20260910_061423.png
 delete mode 100644 charts/screenshots/MS/MS_1H_20260909_061959.png
 create mode 100644 charts/screenshots/MS/MS_1H_20260910_062002.png
 delete mode 100644 charts/screenshots/MS/MS_4H_20260909_061959.png
 create mode 100644 charts/screenshots/MS/MS_4H_20260910_062002.png
 delete mode 100644 charts/screenshots/MS/MS_Daily_20260909_061959.png
 create mode 100644 charts/screenshots/MS/MS_Daily_20260910_062002.png
 delete mode 100644 charts/screenshots/MS/MS_Monthly_20260909_061959.png
 create mode 100644 charts/screenshots/MS/MS_Monthly_20260910_062002.png
 delete mode 100644 charts/screenshots/MS/MS_Weekly_20260909_061959.png
 create mode 100644 charts/screenshots/MS/MS_Weekly_20260910_062002.png
 delete mode 100644 charts/screenshots/MSFT/MSFT_1H_20260909_055406.png
 create mode 100644 charts/screenshots/MSFT/MSFT_1H_20260910_054609.png
 delete mode 100644 charts/screenshots/MSFT/MSFT_4H_20260909_055406.png
 create mode 100644 charts/screenshots/MSFT/MSFT_4H_20260910_054609.png
 delete mode 100644 charts/screenshots/MSFT/MSFT_Daily_20260909_055406.png
 create mode 100644 charts/screenshots/MSFT/MSFT_Daily_20260910_054609.png
 delete mode 100644 charts/screenshots/MSFT/MSFT_Monthly_20260909_055406.png
 create mode 100644 charts/screenshots/MSFT/MSFT_Monthly_20260910_054609.png
 delete mode 100644 charts/screenshots/MSFT/MSFT_Weekly_20260909_055406.png
 create mode 100644 charts/screenshots/MSFT/MSFT_Weekly_20260910_054609.png
 delete mode 100644 charts/screenshots/MU/MU_1H_20260909_055443.png
 create mode 100644 charts/screenshots/MU/MU_1H_20260910_060033.png
 delete mode 100644 charts/screenshots/MU/MU_4H_20260909_055443.png
 create mode 100644 charts/screenshots/MU/MU_4H_20260910_060033.png
 delete mode 100644 charts/screenshots/MU/MU_Daily_20260909_055443.png
 create mode 100644 charts/screenshots/MU/MU_Daily_20260910_060033.png
 delete mode 100644 charts/screenshots/MU/MU_Monthly_20260909_055443.png
 create mode 100644 charts/screenshots/MU/MU_Monthly_20260910_060033.png
 delete mode 100644 charts/screenshots/MU/MU_Weekly_20260909_055443.png
 create mode 100644 charts/screenshots/MU/MU_Weekly_20260910_060033.png
 delete mode 100644 charts/screenshots/NBM.V/NBM.V_1H_20260909_063407.png
 create mode 100644 charts/screenshots/NBM.V/NBM.V_1H_20260910_063510.png
 delete mode 100644 charts/screenshots/NBM.V/NBM.V_4H_20260909_063407.png
 create mode 100644 charts/screenshots/NBM.V/NBM.V_4H_20260910_063510.png
 delete mode 100644 charts/screenshots/NBM.V/NBM.V_Daily_20260909_063407.png
 create mode 100644 charts/screenshots/NBM.V/NBM.V_Daily_20260910_063510.png
 delete mode 100644 charts/screenshots/NBM.V/NBM.V_Monthly_20260909_063407.png
 create mode 100644 charts/screenshots/NBM.V/NBM.V_Monthly_20260910_063510.png
 delete mode 100644 charts/screenshots/NBM.V/NBM.V_Weekly_20260909_063407.png
 create mode 100644 charts/screenshots/NBM.V/NBM.V_Weekly_20260910_063510.png
 delete mode 100644 charts/screenshots/NEE/NEE_1H_20260909_062758.png
 delete mode 100644 charts/screenshots/NEE/NEE_4H_20260909_062758.png
 delete mode 100644 charts/screenshots/NEE/NEE_Daily_20260909_062758.png
 delete mode 100644 charts/screenshots/NEE/NEE_Monthly_20260909_062758.png
 delete mode 100644 charts/screenshots/NEE/NEE_Weekly_20260909_062758.png
 delete mode 100644 charts/screenshots/NEM/NEM_1H_20260909_054526.png
 create mode 100644 charts/screenshots/NEM/NEM_1H_20260910_054257.png
 delete mode 100644 charts/screenshots/NEM/NEM_4H_20260909_054526.png
 create mode 100644 charts/screenshots/NEM/NEM_4H_20260910_054257.png
 delete mode 100644 charts/screenshots/NEM/NEM_Daily_20260909_054526.png
 create mode 100644 charts/screenshots/NEM/NEM_Daily_20260910_054257.png
 delete mode 100644 charts/screenshots/NEM/NEM_Monthly_20260909_054526.png
 create mode 100644 charts/screenshots/NEM/NEM_Monthly_20260910_054257.png
 delete mode 100644 charts/screenshots/NEM/NEM_Weekly_20260909_054526.png
 create mode 100644 charts/screenshots/NEM/NEM_Weekly_20260910_054257.png
 create mode 100644 charts/screenshots/NKE/NKE_1H_20260910_063045.png
 create mode 100644 charts/screenshots/NKE/NKE_4H_20260910_063045.png
 create mode 100644 charts/screenshots/NKE/NKE_Daily_20260910_063045.png
 create mode 100644 charts/screenshots/NKE/NKE_Monthly_20260910_063045.png
 create mode 100644 charts/screenshots/NKE/NKE_Weekly_20260910_063045.png
 delete mode 100644 charts/screenshots/NOW/NOW_1H_20260909_054145.png
 create mode 100644 charts/screenshots/NOW/NOW_1H_20260910_055726.png
 delete mode 100644 charts/screenshots/NOW/NOW_4H_20260909_054145.png
 create mode 100644 charts/screenshots/NOW/NOW_4H_20260910_055726.png
 delete mode 100644 charts/screenshots/NOW/NOW_Daily_20260909_054145.png
 create mode 100644 charts/screenshots/NOW/NOW_Daily_20260910_055726.png
 delete mode 100644 charts/screenshots/NOW/NOW_Monthly_20260909_054145.png
 create mode 100644 charts/screenshots/NOW/NOW_Monthly_20260910_055726.png
 delete mode 100644 charts/screenshots/NOW/NOW_Weekly_20260909_054145.png
 create mode 100644 charts/screenshots/NOW/NOW_Weekly_20260910_055726.png
 delete mode 100644 charts/screenshots/NVDA/NVDA_1H_20260909_060933.png
 create mode 100644 charts/screenshots/NVDA/NVDA_1H_20260910_060728.png
 delete mode 100644 charts/screenshots/NVDA/NVDA_4H_20260909_060933.png
 create mode 100644 charts/screenshots/NVDA/NVDA_4H_20260910_060728.png
 delete mode 100644 charts/screenshots/NVDA/NVDA_Daily_20260909_060933.png
 create mode 100644 charts/screenshots/NVDA/NVDA_Daily_20260910_060728.png
 delete mode 100644 charts/screenshots/NVDA/NVDA_Monthly_20260909_060933.png
 create mode 100644 charts/screenshots/NVDA/NVDA_Monthly_20260910_060728.png
 delete mode 100644 charts/screenshots/NVDA/NVDA_Weekly_20260909_060933.png
 create mode 100644 charts/screenshots/NVDA/NVDA_Weekly_20260910_060728.png
 delete mode 100644 charts/screenshots/NXPI/NXPI_1H_20260909_062340.png
 create mode 100644 charts/screenshots/NXPI/NXPI_1H_20260910_062701.png
 delete mode 100644 charts/screenshots/NXPI/NXPI_4H_20260909_062340.png
 create mode 100644 charts/screenshots/NXPI/NXPI_4H_20260910_062701.png
 delete mode 100644 charts/screenshots/NXPI/NXPI_Daily_20260909_062340.png
 create mode 100644 charts/screenshots/NXPI/NXPI_Daily_20260910_062701.png
 delete mode 100644 charts/screenshots/NXPI/NXPI_Monthly_20260909_062340.png
 create mode 100644 charts/screenshots/NXPI/NXPI_Monthly_20260910_062701.png
 delete mode 100644 charts/screenshots/NXPI/NXPI_Weekly_20260909_062340.png
 create mode 100644 charts/screenshots/NXPI/NXPI_Weekly_20260910_062701.png
 delete mode 100644 charts/screenshots/PANW/PANW_1H_20260909_062453.png
 create mode 100644 charts/screenshots/PANW/PANW_1H_20260910_062508.png
 delete mode 100644 charts/screenshots/PANW/PANW_4H_20260909_062453.png
 create mode 100644 charts/screenshots/PANW/PANW_4H_20260910_062508.png
 delete mode 100644 charts/screenshots/PANW/PANW_Daily_20260909_062453.png
 create mode 100644 charts/screenshots/PANW/PANW_Daily_20260910_062508.png
 delete mode 100644 charts/screenshots/PANW/PANW_Monthly_20260909_062453.png
 create mode 100644 charts/screenshots/PANW/PANW_Monthly_20260910_062508.png
 delete mode 100644 charts/screenshots/PANW/PANW_Weekly_20260909_062453.png
 create mode 100644 charts/screenshots/PANW/PANW_Weekly_20260910_062508.png
 delete mode 100644 charts/screenshots/PCG/PCG_1H_20260909_062721.png
 create mode 100644 charts/screenshots/PCG/PCG_1H_20260910_063122.png
 delete mode 100644 charts/screenshots/PCG/PCG_4H_20260909_062721.png
 create mode 100644 charts/screenshots/PCG/PCG_4H_20260910_063122.png
 delete mode 100644 charts/screenshots/PCG/PCG_Daily_20260909_062721.png
 create mode 100644 charts/screenshots/PCG/PCG_Daily_20260910_063122.png
 delete mode 100644 charts/screenshots/PCG/PCG_Monthly_20260909_062721.png
 create mode 100644 charts/screenshots/PCG/PCG_Monthly_20260910_063122.png
 delete mode 100644 charts/screenshots/PCG/PCG_Weekly_20260909_062721.png
 create mode 100644 charts/screenshots/PCG/PCG_Weekly_20260910_063122.png
 delete mode 100644 charts/screenshots/PEP/PEP_1H_20260909_062607.png
 delete mode 100644 charts/screenshots/PEP/PEP_4H_20260909_062607.png
 delete mode 100644 charts/screenshots/PEP/PEP_Daily_20260909_062607.png
 delete mode 100644 charts/screenshots/PEP/PEP_Monthly_20260909_062607.png
 delete mode 100644 charts/screenshots/PEP/PEP_Weekly_20260909_062607.png
 delete mode 100644 charts/screenshots/PFE/PFE_1H_20260909_054947.png
 create mode 100644 charts/screenshots/PFE/PFE_1H_20260910_054645.png
 delete mode 100644 charts/screenshots/PFE/PFE_4H_20260909_054947.png
 create mode 100644 charts/screenshots/PFE/PFE_4H_20260910_054645.png
 delete mode 100644 charts/screenshots/PFE/PFE_Daily_20260909_054947.png
 create mode 100644 charts/screenshots/PFE/PFE_Daily_20260910_054645.png
 delete mode 100644 charts/screenshots/PFE/PFE_Monthly_20260909_054947.png
 create mode 100644 charts/screenshots/PFE/PFE_Monthly_20260910_054645.png
 delete mode 100644 charts/screenshots/PFE/PFE_Weekly_20260909_054947.png
 create mode 100644 charts/screenshots/PFE/PFE_Weekly_20260910_054645.png
 delete mode 100644 charts/screenshots/PG/PG_1H_20260909_062644.png
 delete mode 100644 charts/screenshots/PG/PG_4H_20260909_062644.png
 delete mode 100644 charts/screenshots/PG/PG_Daily_20260909_062644.png
 delete mode 100644 charts/screenshots/PG/PG_Monthly_20260909_062644.png
 delete mode 100644 charts/screenshots/PG/PG_Weekly_20260909_062644.png
 delete mode 100644 charts/screenshots/PLTR/PLTR_1H_20260909_060017.png
 create mode 100644 charts/screenshots/PLTR/PLTR_1H_20260910_055804.png
 delete mode 100644 charts/screenshots/PLTR/PLTR_4H_20260909_060017.png
 create mode 100644 charts/screenshots/PLTR/PLTR_4H_20260910_055804.png
 delete mode 100644 charts/screenshots/PLTR/PLTR_Daily_20260909_060017.png
 create mode 100644 charts/screenshots/PLTR/PLTR_Daily_20260910_055804.png
 delete mode 100644 charts/screenshots/PLTR/PLTR_Monthly_20260909_060017.png
 create mode 100644 charts/screenshots/PLTR/PLTR_Monthly_20260910_055804.png
 delete mode 100644 charts/screenshots/PLTR/PLTR_Weekly_20260909_060017.png
 create mode 100644 charts/screenshots/PLTR/PLTR_Weekly_20260910_055804.png
 delete mode 100644 charts/screenshots/PM/PM_1H_20260909_061237.png
 create mode 100644 charts/screenshots/PM/PM_1H_20260910_060534.png
 delete mode 100644 charts/screenshots/PM/PM_4H_20260909_061237.png
 create mode 100644 charts/screenshots/PM/PM_4H_20260910_060534.png
 delete mode 100644 charts/screenshots/PM/PM_Daily_20260909_061237.png
 create mode 100644 charts/screenshots/PM/PM_Daily_20260910_060534.png
 delete mode 100644 charts/screenshots/PM/PM_Monthly_20260909_061237.png
 create mode 100644 charts/screenshots/PM/PM_Monthly_20260910_060534.png
 delete mode 100644 charts/screenshots/PM/PM_Weekly_20260909_061237.png
 create mode 100644 charts/screenshots/PM/PM_Weekly_20260910_060534.png
 delete mode 100644 charts/screenshots/PSX/PSX_1H_20260909_055520.png
 delete mode 100644 charts/screenshots/PSX/PSX_4H_20260909_055520.png
 delete mode 100644 charts/screenshots/PSX/PSX_Daily_20260909_055520.png
 delete mode 100644 charts/screenshots/PSX/PSX_Monthly_20260909_055520.png
 delete mode 100644 charts/screenshots/PSX/PSX_Weekly_20260909_055520.png
 delete mode 100644 charts/screenshots/PYPL/PYPL_1H_20260909_055557.png
 create mode 100644 charts/screenshots/PYPL/PYPL_1H_20260910_055339.png
 delete mode 100644 charts/screenshots/PYPL/PYPL_4H_20260909_055557.png
 create mode 100644 charts/screenshots/PYPL/PYPL_4H_20260910_055339.png
 delete mode 100644 charts/screenshots/PYPL/PYPL_Daily_20260909_055557.png
 create mode 100644 charts/screenshots/PYPL/PYPL_Daily_20260910_055339.png
 delete mode 100644 charts/screenshots/PYPL/PYPL_Monthly_20260909_055557.png
 create mode 100644 charts/screenshots/PYPL/PYPL_Monthly_20260910_055339.png
 delete mode 100644 charts/screenshots/PYPL/PYPL_Weekly_20260909_055557.png
 create mode 100644 charts/screenshots/PYPL/PYPL_Weekly_20260910_055339.png
 delete mode 100644 charts/screenshots/QQQ/QQQ_1H_20260909_060437.png
 create mode 100644 charts/screenshots/QQQ/QQQ_1H_20260910_060225.png
 delete mode 100644 charts/screenshots/QQQ/QQQ_4H_20260909_060437.png
 create mode 100644 charts/screenshots/QQQ/QQQ_4H_20260910_060225.png
 delete mode 100644 charts/screenshots/QQQ/QQQ_Daily_20260909_060437.png
 create mode 100644 charts/screenshots/QQQ/QQQ_Daily_20260910_060225.png
 delete mode 100644 charts/screenshots/QQQ/QQQ_Monthly_20260909_060437.png
 create mode 100644 charts/screenshots/QQQ/QQQ_Monthly_20260910_060225.png
 delete mode 100644 charts/screenshots/QQQ/QQQ_Weekly_20260909_060437.png
 create mode 100644 charts/screenshots/QQQ/QQQ_Weekly_20260910_060225.png
 delete mode 100644 charts/screenshots/RTX/RTX_1H_20260909_062531.png
 create mode 100644 charts/screenshots/RTX/RTX_1H_20260910_062545.png
 delete mode 100644 charts/screenshots/RTX/RTX_4H_20260909_062531.png
 create mode 100644 charts/screenshots/RTX/RTX_4H_20260910_062545.png
 delete mode 100644 charts/screenshots/RTX/RTX_Daily_20260909_062531.png
 create mode 100644 charts/screenshots/RTX/RTX_Daily_20260910_062545.png
 delete mode 100644 charts/screenshots/RTX/RTX_Monthly_20260909_062531.png
 create mode 100644 charts/screenshots/RTX/RTX_Monthly_20260910_062545.png
 delete mode 100644 charts/screenshots/RTX/RTX_Weekly_20260909_062531.png
 create mode 100644 charts/screenshots/RTX/RTX_Weekly_20260910_062545.png
 delete mode 100644 charts/screenshots/SCHW/SCHW_1H_20260909_054030.png
 create mode 100644 charts/screenshots/SCHW/SCHW_1H_20260910_054914.png
 delete mode 100644 charts/screenshots/SCHW/SCHW_4H_20260909_054030.png
 create mode 100644 charts/screenshots/SCHW/SCHW_4H_20260910_054914.png
 delete mode 100644 charts/screenshots/SCHW/SCHW_Daily_20260909_054030.png
 create mode 100644 charts/screenshots/SCHW/SCHW_Daily_20260910_054914.png
 delete mode 100644 charts/screenshots/SCHW/SCHW_Monthly_20260909_054030.png
 create mode 100644 charts/screenshots/SCHW/SCHW_Monthly_20260910_054914.png
 delete mode 100644 charts/screenshots/SCHW/SCHW_Weekly_20260909_054030.png
 create mode 100644 charts/screenshots/SCHW/SCHW_Weekly_20260910_054914.png
 create mode 100644 charts/screenshots/SLB/SLB_1H_20260910_053638.png
 create mode 100644 charts/screenshots/SLB/SLB_4H_20260910_053638.png
 create mode 100644 charts/screenshots/SLB/SLB_Daily_20260910_053638.png
 create mode 100644 charts/screenshots/SLB/SLB_Monthly_20260910_053638.png
 create mode 100644 charts/screenshots/SLB/SLB_Weekly_20260910_053638.png
 delete mode 100644 charts/screenshots/SMCI/SMCI_1H_20260909_054336.png
 create mode 100644 charts/screenshots/SMCI/SMCI_1H_20260910_054141.png
 delete mode 100644 charts/screenshots/SMCI/SMCI_4H_20260909_054336.png
 create mode 100644 charts/screenshots/SMCI/SMCI_4H_20260910_054141.png
 delete mode 100644 charts/screenshots/SMCI/SMCI_Daily_20260909_054336.png
 create mode 100644 charts/screenshots/SMCI/SMCI_Daily_20260910_054141.png
 delete mode 100644 charts/screenshots/SMCI/SMCI_Monthly_20260909_054336.png
 create mode 100644 charts/screenshots/SMCI/SMCI_Monthly_20260910_054141.png
 delete mode 100644 charts/screenshots/SMCI/SMCI_Weekly_20260909_054336.png
 create mode 100644 charts/screenshots/SMCI/SMCI_Weekly_20260910_054141.png
 delete mode 100644 charts/screenshots/SNPS/SNPS_1H_20260909_062911.png
 create mode 100644 charts/screenshots/SNPS/SNPS_1H_20260910_063200.png
 delete mode 100644 charts/screenshots/SNPS/SNPS_4H_20260909_062911.png
 create mode 100644 charts/screenshots/SNPS/SNPS_4H_20260910_063200.png
 delete mode 100644 charts/screenshots/SNPS/SNPS_Daily_20260909_062911.png
 create mode 100644 charts/screenshots/SNPS/SNPS_Daily_20260910_063200.png
 delete mode 100644 charts/screenshots/SNPS/SNPS_Monthly_20260909_062911.png
 create mode 100644 charts/screenshots/SNPS/SNPS_Monthly_20260910_063200.png
 delete mode 100644 charts/screenshots/SNPS/SNPS_Weekly_20260909_062911.png
 create mode 100644 charts/screenshots/SNPS/SNPS_Weekly_20260910_063200.png
 delete mode 100644 charts/screenshots/SPGI/SPGI_1H_20260909_061427.png
 create mode 100644 charts/screenshots/SPGI/SPGI_1H_20260910_062040.png
 delete mode 100644 charts/screenshots/SPGI/SPGI_4H_20260909_061427.png
 create mode 100644 charts/screenshots/SPGI/SPGI_4H_20260910_062040.png
 delete mode 100644 charts/screenshots/SPGI/SPGI_Daily_20260909_061427.png
 create mode 100644 charts/screenshots/SPGI/SPGI_Daily_20260910_062040.png
 delete mode 100644 charts/screenshots/SPGI/SPGI_Monthly_20260909_061427.png
 create mode 100644 charts/screenshots/SPGI/SPGI_Monthly_20260910_062040.png
 delete mode 100644 charts/screenshots/SPGI/SPGI_Weekly_20260909_061427.png
 create mode 100644 charts/screenshots/SPGI/SPGI_Weekly_20260910_062040.png
 delete mode 100644 charts/screenshots/SPY/SPY_1H_20260909_061124.png
 create mode 100644 charts/screenshots/SPY/SPY_1H_20260910_061809.png
 delete mode 100644 charts/screenshots/SPY/SPY_4H_20260909_061124.png
 create mode 100644 charts/screenshots/SPY/SPY_4H_20260910_061809.png
 delete mode 100644 charts/screenshots/SPY/SPY_Daily_20260909_061124.png
 create mode 100644 charts/screenshots/SPY/SPY_Daily_20260910_061809.png
 delete mode 100644 charts/screenshots/SPY/SPY_Monthly_20260909_061124.png
 create mode 100644 charts/screenshots/SPY/SPY_Monthly_20260910_061809.png
 delete mode 100644 charts/screenshots/SPY/SPY_Weekly_20260909_061124.png
 create mode 100644 charts/screenshots/SPY/SPY_Weekly_20260910_061809.png
 delete mode 100644 charts/screenshots/STX/STX_1H_20260909_053953.png
 create mode 100644 charts/screenshots/STX/STX_1H_20260910_054759.png
 delete mode 100644 charts/screenshots/STX/STX_4H_20260909_053953.png
 create mode 100644 charts/screenshots/STX/STX_4H_20260910_054759.png
 delete mode 100644 charts/screenshots/STX/STX_Daily_20260909_053953.png
 create mode 100644 charts/screenshots/STX/STX_Daily_20260910_054759.png
 delete mode 100644 charts/screenshots/STX/STX_Monthly_20260909_053953.png
 create mode 100644 charts/screenshots/STX/STX_Monthly_20260910_054759.png
 delete mode 100644 charts/screenshots/STX/STX_Weekly_20260909_053953.png
 create mode 100644 charts/screenshots/STX/STX_Weekly_20260910_054759.png
 delete mode 100644 charts/screenshots/T/T_1H_20260909_053648.png
 create mode 100644 charts/screenshots/T/T_1H_20260910_053753.png
 delete mode 100644 charts/screenshots/T/T_4H_20260909_053648.png
 create mode 100644 charts/screenshots/T/T_4H_20260910_053753.png
 delete mode 100644 charts/screenshots/T/T_Daily_20260909_053648.png
 create mode 100644 charts/screenshots/T/T_Daily_20260910_053753.png
 delete mode 100644 charts/screenshots/T/T_Monthly_20260909_053648.png
 create mode 100644 charts/screenshots/T/T_Monthly_20260910_053753.png
 delete mode 100644 charts/screenshots/T/T_Weekly_20260909_053648.png
 create mode 100644 charts/screenshots/T/T_Weekly_20260910_053753.png
 delete mode 100644 charts/screenshots/TEAM/TEAM_1H_20260909_054413.png
 create mode 100644 charts/screenshots/TEAM/TEAM_1H_20260910_054336.png
 delete mode 100644 charts/screenshots/TEAM/TEAM_4H_20260909_054413.png
 create mode 100644 charts/screenshots/TEAM/TEAM_4H_20260910_054336.png
 delete mode 100644 charts/screenshots/TEAM/TEAM_Daily_20260909_054413.png
 create mode 100644 charts/screenshots/TEAM/TEAM_Daily_20260910_054336.png
 delete mode 100644 charts/screenshots/TEAM/TEAM_Monthly_20260909_054413.png
 create mode 100644 charts/screenshots/TEAM/TEAM_Monthly_20260910_054336.png
 delete mode 100644 charts/screenshots/TEAM/TEAM_Weekly_20260909_054413.png
 create mode 100644 charts/screenshots/TEAM/TEAM_Weekly_20260910_054336.png
 create mode 100644 charts/screenshots/TER/TER_1H_20260910_061616.png
 create mode 100644 charts/screenshots/TER/TER_4H_20260910_061616.png
 create mode 100644 charts/screenshots/TER/TER_Daily_20260910_061616.png
 create mode 100644 charts/screenshots/TER/TER_Monthly_20260910_061616.png
 create mode 100644 charts/screenshots/TER/TER_Weekly_20260910_061616.png
 delete mode 100644 charts/screenshots/TGT/TGT_1H_20260909_055024.png
 create mode 100644 charts/screenshots/TGT/TGT_1H_20260910_054025.png
 delete mode 100644 charts/screenshots/TGT/TGT_4H_20260909_055024.png
 create mode 100644 charts/screenshots/TGT/TGT_4H_20260910_054025.png
 delete mode 100644 charts/screenshots/TGT/TGT_Daily_20260909_055024.png
 create mode 100644 charts/screenshots/TGT/TGT_Daily_20260910_054025.png
 delete mode 100644 charts/screenshots/TGT/TGT_Monthly_20260909_055024.png
 create mode 100644 charts/screenshots/TGT/TGT_Monthly_20260910_054025.png
 delete mode 100644 charts/screenshots/TGT/TGT_Weekly_20260909_055024.png
 create mode 100644 charts/screenshots/TGT/TGT_Weekly_20260910_054025.png
 delete mode 100644 charts/screenshots/TJX/TJX_1H_20260909_062835.png
 create mode 100644 charts/screenshots/TJX/TJX_1H_20260910_062930.png
 delete mode 100644 charts/screenshots/TJX/TJX_4H_20260909_062835.png
 create mode 100644 charts/screenshots/TJX/TJX_4H_20260910_062930.png
 delete mode 100644 charts/screenshots/TJX/TJX_Daily_20260909_062835.png
 create mode 100644 charts/screenshots/TJX/TJX_Daily_20260910_062930.png
 delete mode 100644 charts/screenshots/TJX/TJX_Monthly_20260909_062835.png
 create mode 100644 charts/screenshots/TJX/TJX_Monthly_20260910_062930.png
 delete mode 100644 charts/screenshots/TJX/TJX_Weekly_20260909_062835.png
 create mode 100644 charts/screenshots/TJX/TJX_Weekly_20260910_062930.png
 delete mode 100644 charts/screenshots/TMO/TMO_1H_20260909_053801.png
 create mode 100644 charts/screenshots/TMO/TMO_1H_20260910_055301.png
 delete mode 100644 charts/screenshots/TMO/TMO_4H_20260909_053801.png
 create mode 100644 charts/screenshots/TMO/TMO_4H_20260910_055301.png
 delete mode 100644 charts/screenshots/TMO/TMO_Daily_20260909_053801.png
 create mode 100644 charts/screenshots/TMO/TMO_Daily_20260910_055301.png
 delete mode 100644 charts/screenshots/TMO/TMO_Monthly_20260909_053801.png
 create mode 100644 charts/screenshots/TMO/TMO_Monthly_20260910_055301.png
 delete mode 100644 charts/screenshots/TMO/TMO_Weekly_20260909_053801.png
 create mode 100644 charts/screenshots/TMO/TMO_Weekly_20260910_055301.png
 create mode 100644 charts/screenshots/TMUS/TMUS_1H_20260910_063238.png
 create mode 100644 charts/screenshots/TMUS/TMUS_4H_20260910_063238.png
 create mode 100644 charts/screenshots/TMUS/TMUS_Daily_20260910_063238.png
 create mode 100644 charts/screenshots/TMUS/TMUS_Monthly_20260910_063238.png
 create mode 100644 charts/screenshots/TMUS/TMUS_Weekly_20260910_063238.png
 create mode 100644 charts/screenshots/TXN/TXN_1H_20260910_063007.png
 create mode 100644 charts/screenshots/TXN/TXN_4H_20260910_063007.png
 create mode 100644 charts/screenshots/TXN/TXN_Daily_20260910_063007.png
 create mode 100644 charts/screenshots/TXN/TXN_Monthly_20260910_063007.png
 create mode 100644 charts/screenshots/TXN/TXN_Weekly_20260910_063007.png
 delete mode 100644 charts/screenshots/UBER/UBER_1H_20260909_061541.png
 create mode 100644 charts/screenshots/UBER/UBER_1H_20260910_061653.png
 delete mode 100644 charts/screenshots/UBER/UBER_4H_20260909_061541.png
 create mode 100644 charts/screenshots/UBER/UBER_4H_20260910_061653.png
 delete mode 100644 charts/screenshots/UBER/UBER_Daily_20260909_061541.png
 create mode 100644 charts/screenshots/UBER/UBER_Daily_20260910_061653.png
 delete mode 100644 charts/screenshots/UBER/UBER_Monthly_20260909_061541.png
 create mode 100644 charts/screenshots/UBER/UBER_Monthly_20260910_061653.png
 delete mode 100644 charts/screenshots/UBER/UBER_Weekly_20260909_061541.png
 create mode 100644 charts/screenshots/UBER/UBER_Weekly_20260910_061653.png
 delete mode 100644 charts/screenshots/UNH/UNH_1H_20260909_060819.png
 create mode 100644 charts/screenshots/UNH/UNH_1H_20260910_061037.png
 delete mode 100644 charts/screenshots/UNH/UNH_4H_20260909_060819.png
 create mode 100644 charts/screenshots/UNH/UNH_4H_20260910_061037.png
 delete mode 100644 charts/screenshots/UNH/UNH_Daily_20260909_060819.png
 create mode 100644 charts/screenshots/UNH/UNH_Daily_20260910_061037.png
 delete mode 100644 charts/screenshots/UNH/UNH_Monthly_20260909_060819.png
 create mode 100644 charts/screenshots/UNH/UNH_Monthly_20260910_061037.png
 delete mode 100644 charts/screenshots/UNH/UNH_Weekly_20260909_060819.png
 create mode 100644 charts/screenshots/UNH/UNH_Weekly_20260910_061037.png
 delete mode 100644 charts/screenshots/UNP/UNP_1H_20260909_061808.png
 create mode 100644 charts/screenshots/UNP/UNP_1H_20260910_062119.png
 delete mode 100644 charts/screenshots/UNP/UNP_4H_20260909_061808.png
 create mode 100644 charts/screenshots/UNP/UNP_4H_20260910_062119.png
 delete mode 100644 charts/screenshots/UNP/UNP_Daily_20260909_061808.png
 create mode 100644 charts/screenshots/UNP/UNP_Daily_20260910_062119.png
 delete mode 100644 charts/screenshots/UNP/UNP_Monthly_20260909_061808.png
 create mode 100644 charts/screenshots/UNP/UNP_Monthly_20260910_062119.png
 delete mode 100644 charts/screenshots/UNP/UNP_Weekly_20260909_061808.png
 create mode 100644 charts/screenshots/UNP/UNP_Weekly_20260910_062119.png
 delete mode 100644 charts/screenshots/V/V_1H_20260909_060055.png
 create mode 100644 charts/screenshots/V/V_1H_20260910_055649.png
 delete mode 100644 charts/screenshots/V/V_4H_20260909_060055.png
 create mode 100644 charts/screenshots/V/V_4H_20260910_055649.png
 delete mode 100644 charts/screenshots/V/V_Daily_20260909_060055.png
 create mode 100644 charts/screenshots/V/V_Daily_20260910_055649.png
 delete mode 100644 charts/screenshots/V/V_Monthly_20260909_060055.png
 create mode 100644 charts/screenshots/V/V_Monthly_20260910_055649.png
 delete mode 100644 charts/screenshots/V/V_Weekly_20260909_060055.png
 create mode 100644 charts/screenshots/V/V_Weekly_20260910_055649.png
 delete mode 100644 charts/screenshots/VLO/VLO_1H_20260909_060323.png
 create mode 100644 charts/screenshots/VLO/VLO_1H_20260910_053715.png
 delete mode 100644 charts/screenshots/VLO/VLO_4H_20260909_060323.png
 create mode 100644 charts/screenshots/VLO/VLO_4H_20260910_053715.png
 delete mode 100644 charts/screenshots/VLO/VLO_Daily_20260909_060323.png
 create mode 100644 charts/screenshots/VLO/VLO_Daily_20260910_053715.png
 delete mode 100644 charts/screenshots/VLO/VLO_Monthly_20260909_060323.png
 create mode 100644 charts/screenshots/VLO/VLO_Monthly_20260910_053715.png
 delete mode 100644 charts/screenshots/VLO/VLO_Weekly_20260909_060323.png
 create mode 100644 charts/screenshots/VLO/VLO_Weekly_20260910_053715.png
 delete mode 100644 charts/screenshots/VZ/VZ_1H_20260909_054450.png
 create mode 100644 charts/screenshots/VZ/VZ_1H_20260910_054723.png
 delete mode 100644 charts/screenshots/VZ/VZ_4H_20260909_054450.png
 create mode 100644 charts/screenshots/VZ/VZ_4H_20260910_054723.png
 delete mode 100644 charts/screenshots/VZ/VZ_Daily_20260909_054450.png
 create mode 100644 charts/screenshots/VZ/VZ_Daily_20260910_054723.png
 delete mode 100644 charts/screenshots/VZ/VZ_Monthly_20260909_054450.png
 create mode 100644 charts/screenshots/VZ/VZ_Monthly_20260910_054723.png
 delete mode 100644 charts/screenshots/VZ/VZ_Weekly_20260909_054450.png
 create mode 100644 charts/screenshots/VZ/VZ_Weekly_20260910_054723.png
 delete mode 100644 charts/screenshots/WDAY/WDAY_1H_20260909_054107.png
 create mode 100644 charts/screenshots/WDAY/WDAY_1H_20260910_053946.png
 delete mode 100644 charts/screenshots/WDAY/WDAY_4H_20260909_054107.png
 create mode 100644 charts/screenshots/WDAY/WDAY_4H_20260910_053946.png
 delete mode 100644 charts/screenshots/WDAY/WDAY_Daily_20260909_054107.png
 create mode 100644 charts/screenshots/WDAY/WDAY_Daily_20260910_053946.png
 delete mode 100644 charts/screenshots/WDAY/WDAY_Monthly_20260909_054107.png
 create mode 100644 charts/screenshots/WDAY/WDAY_Monthly_20260910_053946.png
 delete mode 100644 charts/screenshots/WDAY/WDAY_Weekly_20260909_054107.png
 create mode 100644 charts/screenshots/WDAY/WDAY_Weekly_20260910_053946.png
 delete mode 100644 charts/screenshots/WDC/WDC_1H_20260909_061046.png
 create mode 100644 charts/screenshots/WDC/WDC_1H_20260910_060304.png
 delete mode 100644 charts/screenshots/WDC/WDC_4H_20260909_061046.png
 create mode 100644 charts/screenshots/WDC/WDC_4H_20260910_060304.png
 delete mode 100644 charts/screenshots/WDC/WDC_Daily_20260909_061046.png
 create mode 100644 charts/screenshots/WDC/WDC_Daily_20260910_060304.png
 delete mode 100644 charts/screenshots/WDC/WDC_Monthly_20260909_061046.png
 create mode 100644 charts/screenshots/WDC/WDC_Monthly_20260910_060304.png
 delete mode 100644 charts/screenshots/WDC/WDC_Weekly_20260909_061046.png
 create mode 100644 charts/screenshots/WDC/WDC_Weekly_20260910_060304.png
 delete mode 100644 charts/screenshots/WFC/WFC_1H_20260909_062036.png
 create mode 100644 charts/screenshots/WFC/WFC_1H_20260910_055417.png
 delete mode 100644 charts/screenshots/WFC/WFC_4H_20260909_062036.png
 create mode 100644 charts/screenshots/WFC/WFC_4H_20260910_055417.png
 delete mode 100644 charts/screenshots/WFC/WFC_Daily_20260909_062036.png
 create mode 100644 charts/screenshots/WFC/WFC_Daily_20260910_055417.png
 delete mode 100644 charts/screenshots/WFC/WFC_Monthly_20260909_062036.png
 create mode 100644 charts/screenshots/WFC/WFC_Monthly_20260910_055417.png
 delete mode 100644 charts/screenshots/WFC/WFC_Weekly_20260909_062036.png
 create mode 100644 charts/screenshots/WFC/WFC_Weekly_20260910_055417.png
 delete mode 100644 charts/screenshots/XOM/XOM_1H_20260909_061845.png
 create mode 100644 charts/screenshots/XOM/XOM_1H_20260910_061229.png
 delete mode 100644 charts/screenshots/XOM/XOM_4H_20260909_061845.png
 create mode 100644 charts/screenshots/XOM/XOM_4H_20260910_061229.png
 delete mode 100644 charts/screenshots/XOM/XOM_Daily_20260909_061845.png
 create mode 100644 charts/screenshots/XOM/XOM_Daily_20260910_061229.png
 delete mode 100644 charts/screenshots/XOM/XOM_Monthly_20260909_061845.png
 create mode 100644 charts/screenshots/XOM/XOM_Monthly_20260910_061229.png
 delete mode 100644 charts/screenshots/XOM/XOM_Weekly_20260909_061845.png
 create mode 100644 charts/screenshots/XOM/XOM_Weekly_20260910_061229.png
[[SP500 차트분석]] GitHub 푸시 완료
[[SP500 차트분석]] Google Sheets 업데이트 완료
[Paper Trading] SP500 ranked_df 스냅샷 저장 완료 (128개 종목)

[요약] 파이프라인 완료 – 총 4597.7초 (76.63분) 소요
