============================================================
[1단계] 전 종목 리스트 수집 및 기본 필터링
============================================================
[ticker_fetcher] 나스닥 FTP 서버에서 종목 리스트 다운로드 중...
[ticker_fetcher] 총 7399개 종목 로드 → 비표준 심볼 1200개 제거 → 6199개 보통주
[ticker_fetcher] 1단계 필터링 배치 1/42 (150개 종목)...
[ticker_fetcher] 1단계 필터링 배치 2/42 (150개 종목)...
[ticker_fetcher] 1단계 필터링 배치 3/42 (150개 종목)...
[ticker_fetcher] 1단계 필터링 배치 4/42 (150개 종목)...
[ticker_fetcher] 1단계 필터링 배치 5/42 (150개 종목)...
[ticker_fetcher] 1단계 필터링 배치 6/42 (150개 종목)...
[ticker_fetcher] 1단계 필터링 배치 7/42 (150개 종목)...
[ticker_fetcher] 1단계 필터링 배치 8/42 (150개 종목)...
[ticker_fetcher] 1단계 필터링 배치 9/42 (150개 종목)...
[ticker_fetcher] 1단계 필터링 배치 10/42 (150개 종목)...
[ticker_fetcher] 1단계 필터링 배치 11/42 (150개 종목)...
[ticker_fetcher] 1단계 필터링 배치 12/42 (150개 종목)...
[ticker_fetcher] 1단계 필터링 배치 13/42 (150개 종목)...
[ticker_fetcher] 1단계 필터링 배치 14/42 (150개 종목)...
[ticker_fetcher] 1단계 필터링 배치 15/42 (150개 종목)...
[ticker_fetcher] 1단계 필터링 배치 16/42 (150개 종목)...
[ticker_fetcher] 1단계 필터링 배치 17/42 (150개 종목)...
[ticker_fetcher] 1단계 필터링 배치 18/42 (150개 종목)...
[ticker_fetcher] 1단계 필터링 배치 19/42 (150개 종목)...
[ticker_fetcher] 1단계 필터링 배치 20/42 (150개 종목)...
[ticker_fetcher] 1단계 필터링 배치 21/42 (150개 종목)...
[ticker_fetcher] 1단계 필터링 배치 22/42 (150개 종목)...
[ticker_fetcher] 1단계 필터링 배치 23/42 (150개 종목)...
[ticker_fetcher] 1단계 필터링 배치 24/42 (150개 종목)...
[ticker_fetcher] 1단계 필터링 배치 25/42 (150개 종목)...
[ticker_fetcher] 1단계 필터링 배치 26/42 (150개 종목)...
[ticker_fetcher] 1단계 필터링 배치 27/42 (150개 종목)...
[ticker_fetcher] 1단계 필터링 배치 28/42 (150개 종목)...
[ticker_fetcher] 1단계 필터링 배치 29/42 (150개 종목)...
[ticker_fetcher] 1단계 필터링 배치 30/42 (150개 종목)...
[ticker_fetcher] 1단계 필터링 배치 31/42 (150개 종목)...
[ticker_fetcher] 1단계 필터링 배치 32/42 (150개 종목)...
[ticker_fetcher] 1단계 필터링 배치 33/42 (150개 종목)...
[ticker_fetcher] 1단계 필터링 배치 34/42 (150개 종목)...
[ticker_fetcher] 1단계 필터링 배치 35/42 (150개 종목)...
[ticker_fetcher] 1단계 필터링 배치 36/42 (150개 종목)...
[ticker_fetcher] 1단계 필터링 배치 37/42 (150개 종목)...
[ticker_fetcher] 1단계 필터링 배치 38/42 (150개 종목)...
[ticker_fetcher] 1단계 필터링 배치 39/42 (150개 종목)...
[ticker_fetcher] 1단계 필터링 배치 40/42 (150개 종목)...
[ticker_fetcher] 1단계 필터링 배치 41/42 (150개 종목)...
[ticker_fetcher] 1단계 필터링 배치 42/42 (49개 종목)...
[ticker_fetcher] 1단계 필터링 완료: 6199개 → 4077개 (가격 ≥ $1.0, 평균 거래량 ≥ 100,000)

============================================================
[2단계] 바닥 탈출 / 강세 돌파 후보 선별
============================================================
[2단계] 배치 1/28 (150개 종목 분석 중)...
[2단계] 배치 2/28 (150개 종목 분석 중)...
[2단계] 배치 3/28 (150개 종목 분석 중)...
[2단계] 배치 4/28 (150개 종목 분석 중)...
[2단계] 배치 5/28 (150개 종목 분석 중)...
[2단계] 배치 6/28 (150개 종목 분석 중)...
[2단계] 배치 7/28 (150개 종목 분석 중)...
[2단계] 배치 8/28 (150개 종목 분석 중)...
[2단계] 배치 9/28 (150개 종목 분석 중)...
[2단계] 배치 10/28 (150개 종목 분석 중)...
[2단계] 배치 11/28 (150개 종목 분석 중)...
[2단계] 배치 12/28 (150개 종목 분석 중)...
[2단계] 배치 13/28 (150개 종목 분석 중)...
[2단계] 배치 14/28 (150개 종목 분석 중)...
[2단계] 배치 15/28 (150개 종목 분석 중)...
[2단계] 배치 16/28 (150개 종목 분석 중)...
[2단계] 배치 17/28 (150개 종목 분석 중)...
[2단계] 배치 18/28 (150개 종목 분석 중)...
[2단계] 배치 19/28 (150개 종목 분석 중)...
[2단계] 배치 20/28 (150개 종목 분석 중)...
[2단계] 배치 21/28 (150개 종목 분석 중)...
[2단계] 배치 22/28 (150개 종목 분석 중)...
[2단계] 배치 23/28 (150개 종목 분석 중)...
[2단계] 배치 24/28 (150개 종목 분석 중)...
[2단계] 배치 25/28 (150개 종목 분석 중)...
[2단계] 배치 26/28 (150개 종목 분석 중)...
[2단계] 배치 27/28 (150개 종목 분석 중)...
[2단계] 배치 28/28 (27개 종목 분석 중)...
[2단계] 필터링 완료: 4077개 → 843개 후보 선별

============================================================
[3단계] 843개 후보 종목 정밀 분석
============================================================
[OHLCV] 배치 다운로드 1/6 (150개 종목, period=5y)...
[OHLCV] 배치 다운로드 2/6 (150개 종목, period=5y)...
[OHLCV] 배치 다운로드 3/6 (150개 종목, period=5y)...
[OHLCV] 배치 다운로드 4/6 (150개 종목, period=5y)...
[OHLCV] 배치 다운로드 5/6 (150개 종목, period=5y)...
[OHLCV] 배치 다운로드 6/6 (93개 종목, period=5y)...
[DataValidator] 596건의 데이터 품질 경고 발생
Warning:  AARD: Close NaN 비율 74.8% (기준: 30%)
Warning:  AARD: 비정상 가격 변동 56.2% (2026-03-02) — 스플릿/데이터 오류 가능
Warning:  ABAT: 비정상 가격 변동 60.4% (2024-12-23) — 스플릿/데이터 오류 가능
Warning:  ABTC: 비정상 가격 변동 173.1% (2025-05-12) — 스플릿/데이터 오류 가능
Warning:  ACON: 비정상 가격 변동 126.9% (2025-03-03) — 스플릿/데이터 오류 가능
Warning:  ACTU: Close NaN 비율 64.7% (기준: 30%)
Warning:  ACXP: 비정상 가격 변동 167.4% (2025-06-17) — 스플릿/데이터 오류 가능
Warning:  ADIL: 비정상 가격 변동 106.2% (2024-04-10) — 스플릿/데이터 오류 가능
Warning:  ADTX: 비정상 가격 변동 461.2% (2023-08-31) — 스플릿/데이터 오류 가능
Warning:  ADVB: Close NaN 비율 75.9% (기준: 30%)
Warning:  AEHL: 비정상 가격 변동 135.3% (2026-05-08) — 스플릿/데이터 오류 가능
Warning:  AESI: Close NaN 비율 36.1% (기준: 30%)
Warning:  AGEN: 비정상 가격 변동 58.8% (2024-07-18) — 스플릿/데이터 오류 가능
Warning:  AGIG: 비정상 가격 변동 494.7% (2022-03-07) — 스플릿/데이터 오류 가능
Warning:  AGL: 비정상 가격 변동 117.8% (2026-05-07) — 스플릿/데이터 오류 가능
Warning:  AGPU: 비정상 가격 변동 119.8% (2026-04-01) — 스플릿/데이터 오류 가능
Warning:  AHMA: Close NaN 비율 88.5% (기준: 30%)
Warning:  AHMA: 비정상 가격 변동 198.1% (2025-12-01) — 스플릿/데이터 오류 가능
Warning:  AIFF: 비정상 가격 변동 171.0% (2025-02-11) — 스플릿/데이터 오류 가능
Warning:  AIIO: 비정상 가격 변동 116.1% (2026-05-14) — 스플릿/데이터 오류 가능
Warning:  AIOS: 비정상 가격 변동 136.1% (2026-05-01) — 스플릿/데이터 오류 가능
Warning:  AIRE: Close NaN 비율 48.6% (기준: 30%)
Warning:  AIRE: 비정상 가격 변동 347.4% (2025-07-21) — 스플릿/데이터 오류 가능
Warning:  AIRO: Close NaN 비율 81.4% (기준: 30%)
Warning:  AIRS: 비정상 가격 변동 51.6% (2026-03-16) — 스플릿/데이터 오류 가능
Warning:  AISP: 비정상 가격 변동 200.0% (2024-03-05) — 스플릿/데이터 오류 가능
Warning:  AKAN: 비정상 가격 변동 214.2% (2026-04-22) — 스플릿/데이터 오류 가능
Warning:  ALAB: Close NaN 비율 56.8% (기준: 30%)
Warning:  ALDX: 비정상 가격 변동 73.3% (2025-04-03) — 스플릿/데이터 오류 가능
Warning:  ALGS: 비정상 가격 변동 56.7% (2022-01-06) — 스플릿/데이터 오류 가능
Warning:  ALOY: 비정상 가격 변동 226.6% (2025-01-22) — 스플릿/데이터 오류 가능
Warning:  ALT: 비정상 가격 변동 54.7% (2023-03-21) — 스플릿/데이터 오류 가능
Warning:  AMBO: 비정상 가격 변동 226.8% (2024-10-07) — 스플릿/데이터 오류 가능
Warning:  AMBQ: Close NaN 비율 83.8% (기준: 30%)
Warning:  AMC: 비정상 가격 변동 95.2% (2021-06-02) — 스플릿/데이터 오류 가능
Warning:  AMPL: 비정상 가격 변동 58.9% (2022-02-17) — 스플릿/데이터 오류 가능
Warning:  AMST: 비정상 가격 변동 120.1% (2026-05-19) — 스플릿/데이터 오류 가능
Warning:  ANGX: Close NaN 비율 86.2% (기준: 30%)
Warning:  ANNA: 비정상 가격 변동 86.5% (2026-03-20) — 스플릿/데이터 오류 가능
Warning:  ANVS: 비정상 가격 변동 127.3% (2021-05-21) — 스플릿/데이터 오류 가능
Warning:  ANY: 비정상 가격 변동 62.6% (2023-12-05) — 스플릿/데이터 오류 가능
Warning:  APUS: Close NaN 비율 79.5% (기준: 30%)
Warning:  APUS: 비정상 가격 변동 90.7% (2026-03-26) — 스플릿/데이터 오류 가능
Warning:  APUS: 거래량 0 연속 21일 (기준: 5일) — 상장폐지/거래정지 가능
Warning:  ARBB: Close NaN 비율 37.7% (기준: 30%)
Warning:  ARBB: 비정상 가격 변동 172.6% (2023-12-26) — 스플릿/데이터 오류 가능
Warning:  ARCT: 비정상 가격 변동 68.1% (2021-08-03) — 스플릿/데이터 오류 가능
Warning:  AREC: 비정상 가격 변동 83.5% (2025-04-16) — 스플릿/데이터 오류 가능
Warning:  ARQQ: 비정상 가격 변동 56.9% (2025-03-17) — 스플릿/데이터 오류 가능
Warning:  ARTL: 비정상 가격 변동 230.4% (2026-03-27) — 스플릿/데이터 오류 가능
Warning:  ASBP: 비정상 가격 변동 2883.8% (2026-05-11) — 스플릿/데이터 오류 가능
Warning:  ASST: Close NaN 비율 34.3% (기준: 30%)
Warning:  ASST: 비정상 가격 변동 455.7% (2025-05-07) — 스플릿/데이터 오류 가능
Warning:  ASTI: 비정상 가격 변동 143.8% (2025-06-26) — 스플릿/데이터 오류 가능
Warning:  ATLN: 비정상 가격 변동 185.2% (2023-02-07) — 스플릿/데이터 오류 가능
Warning:  AUID: 비정상 가격 변동 72.2% (2026-01-15) — 스플릿/데이터 오류 가능
Warning:  AUUD: 비정상 가격 변동 181.8% (2023-06-12) — 스플릿/데이터 오류 가능
Warning:  AVR: Close NaN 비율 71.6% (기준: 30%)
Warning:  BAND: 비정상 가격 변동 52.1% (2026-04-30) — 스플릿/데이터 오류 가능
Warning:  BATL: 비정상 가격 변동 211.7% (2026-01-26) — 스플릿/데이터 오류 가능
Warning:  BBAI: 비정상 가격 변동 260.5% (2023-01-12) — 스플릿/데이터 오류 가능
Warning:  BBNX: Close NaN 비율 74.0% (기준: 30%)
Warning:  BCTX: 비정상 가격 변동 1494.6% (2025-01-29) — 스플릿/데이터 오류 가능
Warning:  BDMD: 비정상 가격 변동 623.8% (2024-12-31) — 스플릿/데이터 오류 가능
Warning:  BDRX: 비정상 가격 변동 88.6% (2024-03-28) — 스플릿/데이터 오류 가능
Warning:  BESS: 비정상 가격 변동 7042.9% (2025-02-10) — 스플릿/데이터 오류 가능
Warning:  BESS: 거래량 0 연속 6일 (기준: 5일) — 상장폐지/거래정지 가능
Warning:  BETA: Close NaN 비율 89.3% (기준: 30%)
Warning:  BETR: 비정상 가격 변동 223.0% (2023-07-25) — 스플릿/데이터 오류 가능
Warning:  BGDE: 비정상 가격 변동 94.1% (2024-12-05) — 스플릿/데이터 오류 가능
Warning:  BIAF: 비정상 가격 변동 319.2% (2025-04-01) — 스플릿/데이터 오류 가능
Warning:  BIRD: 비정상 가격 변동 582.3% (2026-04-15) — 스플릿/데이터 오류 가능
Warning:  BKKT: 비정상 가격 변동 234.4% (2021-10-25) — 스플릿/데이터 오류 가능
Warning:  BLNE: 비정상 가격 변동 89.5% (2024-09-05) — 스플릿/데이터 오류 가능
Warning:  BLSH: Close NaN 비율 84.6% (기준: 30%)
Warning:  BMEA: 비정상 가격 변동 99.0% (2023-03-28) — 스플릿/데이터 오류 가능
Warning:  BMNR: Close NaN 비율 80.9% (기준: 30%)
Warning:  BMNR: 비정상 가격 변동 694.8% (2025-06-30) — 스플릿/데이터 오류 가능
Warning:  BMR: Close NaN 비율 35.6% (기준: 30%)
Warning:  BMR: 비정상 가격 변동 371.6% (2024-02-12) — 스플릿/데이터 오류 가능
Warning:  BNAI: 비정상 가격 변동 276.7% (2026-01-26) — 스플릿/데이터 오류 가능
Warning:  BNC: 비정상 가격 변동 548.8% (2025-07-28) — 스플릿/데이터 오류 가능
Warning:  BNKK: 비정상 가격 변동 51.1% (2025-08-11) — 스플릿/데이터 오류 가능
Warning:  BNRG: 비정상 가격 변동 140.3% (2024-08-30) — 스플릿/데이터 오류 가능
Warning:  BNZI: 비정상 가격 변동 97.6% (2024-09-20) — 스플릿/데이터 오류 가능
Warning:  BRCB: Close NaN 비율 86.3% (기준: 30%)
Warning:  BRLS: 비정상 가격 변동 134.3% (2026-02-09) — 스플릿/데이터 오류 가능
Warning:  BRR: Close NaN 비율 81.1% (기준: 30%)
Warning:  BTAI: 비정상 가격 변동 85.4% (2025-08-04) — 스플릿/데이터 오류 가능
Warning:  BTBD: 비정상 가격 변동 67.7% (2025-08-04) — 스플릿/데이터 오류 가능
Warning:  BTBT: 비정상 가격 변동 109.7% (2021-07-26) — 스플릿/데이터 오류 가능
Warning:  BTCS: 비정상 가격 변동 111.1% (2025-07-08) — 스플릿/데이터 오류 가능
Warning:  BTDR: 비정상 가격 변동 50.9% (2023-06-16) — 스플릿/데이터 오류 가능
Warning:  BTOG: 비정상 가격 변동 121.4% (2025-03-07) — 스플릿/데이터 오류 가능
Warning:  BTQ: Close NaN 비율 87.1% (기준: 30%)
Warning:  BTQ: 비정상 가격 변동 51.5% (2025-10-07) — 스플릿/데이터 오류 가능
Warning:  BTSG: Close NaN 비율 53.8% (기준: 30%)
Warning:  BULL: 비정상 가격 변동 374.7% (2025-04-14) — 스플릿/데이터 오류 가능
Warning:  BUR: 비정상 가격 변동 53.2% (2023-03-31) — 스플릿/데이터 오류 가능
Warning:  BZAI: 비정상 가격 변동 58.7% (2025-07-18) — 스플릿/데이터 오류 가능
Warning:  CAI: Close NaN 비율 81.6% (기준: 30%)
Warning:  CANF: 비정상 가격 변동 69.3% (2021-12-20) — 스플릿/데이터 오류 가능
Warning:  CAR: 비정상 가격 변동 108.3% (2021-11-02) — 스플릿/데이터 오류 가능
Warning:  CBUS: 비정상 가격 변동 89.8% (2023-01-17) — 스플릿/데이터 오류 가능
Warning:  CD: 비정상 가격 변동 81.4% (2024-11-11) — 스플릿/데이터 오류 가능
Warning:  CGTX: 비정상 가격 변동 62.2% (2022-08-04) — 스플릿/데이터 오류 가능
Warning:  CHA: Close NaN 비율 78.3% (기준: 30%)
Warning:  CHAI: 비정상 가격 변동 101.2% (2025-05-20) — 스플릿/데이터 오류 가능
Warning:  CHSN: Close NaN 비율 37.3% (기준: 30%)
Warning:  CHSN: 비정상 가격 변동 387.2% (2024-10-04) — 스플릿/데이터 오류 가능
Warning:  CHYM: Close NaN 비율 81.3% (기준: 30%)
Warning:  CING: 비정상 가격 변동 268.5% (2024-08-16) — 스플릿/데이터 오류 가능
Warning:  CISS: Close NaN 비율 41.5% (기준: 30%)
Warning:  CISS: 비정상 가격 변동 84.2% (2025-10-07) — 스플릿/데이터 오류 가능
Warning:  CLIK: Close NaN 비율 67.9% (기준: 30%)
Warning:  CLIK: 비정상 가격 변동 153.6% (2025-05-15) — 스플릿/데이터 오류 가능
Warning:  CLPT: 비정상 가격 변동 58.6% (2025-09-24) — 스플릿/데이터 오류 가능
Warning:  CLRB: 비정상 가격 변동 75.8% (2024-12-11) — 스플릿/데이터 오류 가능
Warning:  CMPX: 비정상 가격 변동 64.4% (2026-04-27) — 스플릿/데이터 오류 가능
Warning:  CNCK: 비정상 가격 변동 143.2% (2025-12-01) — 스플릿/데이터 오류 가능
Warning:  CNSP: 비정상 가격 변동 243.1% (2023-04-14) — 스플릿/데이터 오류 가능
Warning:  CNTN: 비정상 가격 변동 206.8% (2025-08-20) — 스플릿/데이터 오류 가능
Warning:  CNVS: 비정상 가격 변동 51.6% (2024-02-14) — 스플릿/데이터 오류 가능
Warning:  CODX: 비정상 가격 변동 259.0% (2025-10-27) — 스플릿/데이터 오류 가능
Warning:  CRBP: 비정상 가격 변동 249.4% (2024-01-26) — 스플릿/데이터 오류 가능
Warning:  CRCL: Close NaN 비율 80.9% (기준: 30%)
Warning:  CRDF: 비정상 가격 변동 64.4% (2024-03-01) — 스플릿/데이터 오류 가능
Warning:  CRE: Close NaN 비율 83.4% (기준: 30%)
Warning:  CRE: 비정상 가격 변동 78.6% (2025-08-13) — 스플릿/데이터 오류 가능
Warning:  CRMD: 비정상 가격 변동 57.4% (2022-08-09) — 스플릿/데이터 오류 가능
Warning:  CRML: 비정상 가격 변동 120.6% (2024-02-27) — 스플릿/데이터 오류 가능
Warning:  CRVS: 비정상 가격 변동 166.0% (2026-01-20) — 스플릿/데이터 오류 가능
Warning:  CSTL: 비정상 가격 변동 52.9% (2023-07-07) — 스플릿/데이터 오류 가능
Warning:  CTEV: 비정상 가격 변동 94.9% (2024-12-24) — 스플릿/데이터 오류 가능
Warning:  CTNT: Close NaN 비율 44.0% (기준: 30%)
Warning:  CTNT: 비정상 가격 변동 437.8% (2024-05-14) — 스플릿/데이터 오류 가능
Warning:  CURI: 비정상 가격 변동 64.9% (2024-03-21) — 스플릿/데이터 오류 가능
Warning:  CV: Close NaN 비율 82.3% (기준: 30%)
Warning:  CWD: Close NaN 비율 40.0% (기준: 30%)
Warning:  CWD: 비정상 가격 변동 323.7% (2025-09-09) — 스플릿/데이터 오류 가능
Warning:  CYN: 비정상 가격 변동 208.3% (2025-02-10) — 스플릿/데이터 오류 가능
Warning:  CYPH: 비정상 가격 변동 368.0% (2025-11-12) — 스플릿/데이터 오류 가능
Warning:  CYTK: 비정상 가격 변동 82.5% (2023-12-27) — 스플릿/데이터 오류 가능
Warning:  DBGI: 비정상 가격 변동 150.0% (2025-02-14) — 스플릿/데이터 오류 가능
Warning:  DCX: 비정상 가격 변동 188.1% (2025-09-19) — 스플릿/데이터 오류 가능
Warning:  DDC: Close NaN 비율 50.2% (기준: 30%)
Warning:  DDC: 비정상 가격 변동 197.9% (2024-06-12) — 스플릿/데이터 오류 가능
Warning:  DFDV: Close NaN 비율 43.6% (기준: 30%)
Warning:  DFDV: 비정상 가격 변동 842.5% (2025-04-07) — 스플릿/데이터 오류 가능
Warning:  DFLI: 비정상 가격 변동 102.6% (2022-10-05) — 스플릿/데이터 오류 가능
Warning:  DFSC: 비정상 가격 변동 5714.8% (2022-11-01) — 스플릿/데이터 오류 가능
Warning:  DHC: 비정상 가격 변동 59.1% (2023-03-02) — 스플릿/데이터 오류 가능
Warning:  DJT: 비정상 가격 변동 356.8% (2021-10-21) — 스플릿/데이터 오류 가능
Warning:  DKI: Close NaN 비율 84.4% (기준: 30%)
Warning:  DKI: 비정상 가격 변동 1569.6% (2026-05-11) — 스플릿/데이터 오류 가능
Warning:  DOMH: 비정상 가격 변동 91.3% (2025-02-10) — 스플릿/데이터 오류 가능
Warning:  DPRO: 비정상 가격 변동 52.8% (2024-02-22) — 스플릿/데이터 오류 가능
Warning:  DRCT: 비정상 가격 변동 900.0% (2024-12-23) — 스플릿/데이터 오류 가능
Warning:  DTCX: 비정상 가격 변동 69.3% (2023-05-12) — 스플릿/데이터 오류 가능
Warning:  DWTX: 비정상 가격 변동 376.8% (2025-01-23) — 스플릿/데이터 오류 가능
Warning:  DXF: Close NaN 비율 73.6% (기준: 30%)
Warning:  DXF: 비정상 가격 변동 168.3% (2025-01-28) — 스플릿/데이터 오류 가능
Warning:  EEIQ: 비정상 가격 변동 209.2% (2026-03-26) — 스플릿/데이터 오류 가능
Warning:  EFOR: 비정상 가격 변동 51.7% (2026-04-23) — 스플릿/데이터 오류 가능
Warning:  ELAB: Close NaN 비율 50.3% (기준: 30%)
Warning:  ELAB: 비정상 가격 변동 133.7% (2026-04-01) — 스플릿/데이터 오류 가능
Warning:  ELUT: 비정상 가격 변동 62.8% (2023-03-20) — 스플릿/데이터 오류 가능
Warning:  EMBC: 비정상 가격 변동 57.8% (2026-05-05) — 스플릿/데이터 오류 가능
Warning:  EMPD: 비정상 가격 변동 134.3% (2025-07-17) — 스플릿/데이터 오류 가능
Warning:  ENGN: 비정상 가격 변동 116.5% (2024-02-14) — 스플릿/데이터 오류 가능
Warning:  ENGS: Close NaN 비율 77.3% (기준: 30%)
Warning:  ENGS: 비정상 가격 변동 67.6% (2025-11-06) — 스플릿/데이터 오류 가능
Warning:  ENVB: 비정상 가격 변동 136.2% (2023-05-18) — 스플릿/데이터 오류 가능
Warning:  ERNA: 비정상 가격 변동 66.6% (2026-05-12) — 스플릿/데이터 오류 가능
Warning:  EUDA: 비정상 가격 변동 89.7% (2026-04-23) — 스플릿/데이터 오류 가능
Warning:  EVGO: 비정상 가격 변동 60.8% (2024-10-03) — 스플릿/데이터 오류 가능
Warning:  EVTL: 비정상 가격 변동 72.4% (2022-07-15) — 스플릿/데이터 오류 가능
Warning:  EZGO: 비정상 가격 변동 91.6% (2026-05-06) — 스플릿/데이터 오류 가능
Warning:  FATN: Close NaN 비율 77.7% (기준: 30%)
Warning:  FBLG: Close NaN 비율 54.1% (기준: 30%)
Warning:  FBLG: 비정상 가격 변동 88.4% (2024-02-13) — 스플릿/데이터 오류 가능
Warning:  FCHL: Close NaN 비율 85.8% (기준: 30%)
Warning:  FCHL: 비정상 가격 변동 107.6% (2026-03-26) — 스플릿/데이터 오류 가능
Warning:  FEAM: 비정상 가격 변동 51.5% (2024-12-30) — 스플릿/데이터 오류 가능
Warning:  FENC: 비정상 가격 변동 50.4% (2021-11-29) — 스플릿/데이터 오류 가능
Warning:  FGI: 비정상 가격 변동 139.3% (2025-09-16) — 스플릿/데이터 오류 가능
Warning:  FGNX: 비정상 가격 변동 84.2% (2025-08-01) — 스플릿/데이터 오류 가능
Warning:  FIG: Close NaN 비율 83.9% (기준: 30%)
Warning:  FIGR: Close NaN 비율 86.2% (기준: 30%)
Warning:  FLNA: 비정상 가격 변동 83.8% (2024-11-25) — 스플릿/데이터 오류 가능
Warning:  FLOC: Close NaN 비율 73.2% (기준: 30%)
Warning:  FLYX: Close NaN 비율 52.4% (기준: 30%)
Warning:  FLYX: 비정상 가격 변동 130.3% (2026-01-08) — 스플릿/데이터 오류 가능
Warning:  FMST: Close NaN 비율 42.5% (기준: 30%)
Warning:  FMST: 비정상 가격 변동 51.1% (2025-05-12) — 스플릿/데이터 오류 가능
Warning:  FNUC: 비정상 가격 변동 348.1% (2024-12-18) — 스플릿/데이터 오류 가능
Warning:  FRMI: Close NaN 비율 87.3% (기준: 30%)
Warning:  FRMM: 비정상 가격 변동 325.7% (2024-10-16) — 스플릿/데이터 오류 가능
Warning:  FSLY: 비정상 가격 변동 72.3% (2026-02-12) — 스플릿/데이터 오류 가능
Warning:  FTCI: 비정상 가격 변동 104.0% (2024-09-11) — 스플릿/데이터 오류 가능
Warning:  FTFT: 비정상 가격 변동 160.9% (2025-07-11) — 스플릿/데이터 오류 가능
Warning:  FUBO: 비정상 가격 변동 251.4% (2025-01-06) — 스플릿/데이터 오류 가능
Warning:  FUFU: 비정상 가격 변동 105.8% (2024-03-04) — 스플릿/데이터 오류 가능
Warning:  FULC: 비정상 가격 변동 125.3% (2021-08-10) — 스플릿/데이터 오류 가능
Warning:  FUSE: 비정상 가격 변동 117.0% (2025-08-19) — 스플릿/데이터 오류 가능
Warning:  FUSE: 거래량 0 연속 37일 (기준: 5일) — 상장폐지/거래정지 가능
Warning:  FWDI: 비정상 가격 변동 58.7% (2025-09-08) — 스플릿/데이터 오류 가능
Warning:  GALT: 비정상 가격 변동 60.4% (2025-06-17) — 스플릿/데이터 오류 가능
Warning:  GAMB: 비정상 가격 변동 66.9% (2021-08-27) — 스플릿/데이터 오류 가능
Warning:  GBTG: 비정상 가격 변동 57.5% (2026-05-04) — 스플릿/데이터 오류 가능
Warning:  GCTS: 비정상 가격 변동 568.7% (2024-03-27) — 스플릿/데이터 오류 가능
Warning:  GEMI: Close NaN 비율 86.3% (기준: 30%)
Warning:  GEOS: 비정상 가격 변동 60.1% (2025-06-23) — 스플릿/데이터 오류 가능
Warning:  GHRS: 비정상 가격 변동 69.7% (2025-02-03) — 스플릿/데이터 오류 가능
Warning:  GIG: Close NaN 비율 66.3% (기준: 30%)
Warning:  GIG: 거래량 0 연속 8일 (기준: 5일) — 상장폐지/거래정지 가능
Warning:  GMEX: Close NaN 비율 44.4% (기준: 30%)
Warning:  GMEX: 비정상 가격 변동 81.8% (2024-12-18) — 스플릿/데이터 오류 가능
Warning:  GMM: Close NaN 비율 47.9% (기준: 30%)
Warning:  GMM: 비정상 가격 변동 1467.7% (2024-11-26) — 스플릿/데이터 오류 가능
Warning:  GNLN: 비정상 가격 변동 365.4% (2024-08-12) — 스플릿/데이터 오류 가능
Warning:  GNLX: Close NaN 비율 33.8% (기준: 30%)
Warning:  GNLX: 비정상 가격 변동 60.4% (2023-03-06) — 스플릿/데이터 오류 가능
Warning:  GOTU: 비정상 가격 변동 63.3% (2021-07-23) — 스플릿/데이터 오류 가능
Warning:  GOVX: 비정상 가격 변동 150.4% (2022-07-25) — 스플릿/데이터 오류 가능
Warning:  GP: 비정상 가격 변동 51.0% (2026-01-09) — 스플릿/데이터 오류 가능
Warning:  GPCR: Close NaN 비율 34.3% (기준: 30%)
Warning:  GPCR: 비정상 가격 변동 102.5% (2025-12-08) — 스플릿/데이터 오류 가능
Warning:  GRCE: 비정상 가격 변동 52.3% (2021-12-22) — 스플릿/데이터 오류 가능
Warning:  GVH: Close NaN 비율 49.6% (기준: 30%)
Warning:  GVH: 비정상 가격 변동 74.2% (2025-06-26) — 스플릿/데이터 오류 가능
Warning:  GXAI: Close NaN 비율 35.0% (기준: 30%)
Warning:  GXAI: 비정상 가격 변동 177.3% (2024-02-16) — 스플릿/데이터 오류 가능
Warning:  HCAI: Close NaN 비율 74.3% (기준: 30%)
Warning:  HCAI: 비정상 가격 변동 142.2% (2026-04-07) — 스플릿/데이터 오류 가능
Warning:  HCTI: 비정상 가격 변동 233.3% (2025-06-12) — 스플릿/데이터 오류 가능
Warning:  HCWB: 비정상 가격 변동 320.3% (2024-11-18) — 스플릿/데이터 오류 가능
Warning:  HIT: Close NaN 비율 72.1% (기준: 30%)
Warning:  HIT: 비정상 가격 변동 82.3% (2025-03-12) — 스플릿/데이터 오류 가능
Warning:  HMR: Close NaN 비율 75.1% (기준: 30%)
Warning:  HMR: 비정상 가격 변동 69.5% (2025-03-10) — 스플릿/데이터 오류 가능
Warning:  HOLO: 비정상 가격 변동 1092.1% (2024-02-07) — 스플릿/데이터 오류 가능
Warning:  HOOD: 비정상 가격 변동 50.4% (2021-08-04) — 스플릿/데이터 오류 가능
Warning:  HOUR: 비정상 가격 변동 207.7% (2024-12-24) — 스플릿/데이터 오류 가능
Warning:  HPAI: Close NaN 비율 64.3% (기준: 30%)
Warning:  HSDT: 비정상 가격 변동 145.3% (2022-08-03) — 스플릿/데이터 오류 가능
Warning:  HTCO: 비정상 가격 변동 239.7% (2026-04-27) — 스플릿/데이터 오류 가능
Warning:  HYFT: 비정상 가격 변동 136.5% (2021-07-22) — 스플릿/데이터 오류 가능
Warning:  HYPD: 비정상 가격 변동 134.7% (2025-06-17) — 스플릿/데이터 오류 가능
Warning:  IBIO: 비정상 가격 변동 192.2% (2024-03-27) — 스플릿/데이터 오류 가능
Warning:  ICON: Close NaN 비율 63.0% (기준: 30%)
Warning:  ICON: 비정상 가격 변동 63.1% (2025-06-13) — 스플릿/데이터 오류 가능
Warning:  IDN: 비정상 가격 변동 74.9% (2024-03-22) — 스플릿/데이터 오류 가능
Warning:  IMSR: Close NaN 비율 68.0% (기준: 30%)
Warning:  INBS: 비정상 가격 변동 293.1% (2023-01-23) — 스플릿/데이터 오류 가능
Warning:  INDO: 비정상 가격 변동 110.4% (2022-01-27) — 스플릿/데이터 오류 가능
Warning:  INHD: Close NaN 비율 51.6% (기준: 30%)
Warning:  INHD: 비정상 가격 변동 262.6% (2025-08-25) — 스플릿/데이터 오류 가능
Warning:  INM: 비정상 가격 변동 191.2% (2024-08-20) — 스플릿/데이터 오류 가능
Warning:  INMB: 비정상 가격 변동 56.7% (2025-06-30) — 스플릿/데이터 오류 가능
Warning:  IPST: Close NaN 비율 70.5% (기준: 30%)
Warning:  IPST: 비정상 가격 변동 66.7% (2025-09-22) — 스플릿/데이터 오류 가능
Warning:  IQST: 비정상 가격 변동 65.2% (2023-07-05) — 스플릿/데이터 오류 가능
Warning:  ISPC: 비정상 가격 변동 159.7% (2025-09-09) — 스플릿/데이터 오류 가능
Warning:  IVVD: 비정상 가격 변동 196.1% (2025-02-03) — 스플릿/데이터 오류 가능
Warning:  IXHL: 비정상 가격 변동 723.5% (2025-05-14) — 스플릿/데이터 오류 가능
Warning:  JANX: 비정상 가격 변동 229.5% (2024-02-27) — 스플릿/데이터 오류 가능
Warning:  JDZG: Close NaN 비율 59.9% (기준: 30%)
Warning:  JDZG: 비정상 가격 변동 136.1% (2024-10-17) — 스플릿/데이터 오류 가능
Warning:  JEM: Close NaN 비율 81.1% (기준: 30%)
Warning:  JEM: 비정상 가격 변동 130.5% (2025-09-09) — 스플릿/데이터 오류 가능
Warning:  JFB: Close NaN 비율 75.9% (기준: 30%)
Warning:  JFB: 비정상 가격 변동 85.4% (2025-09-29) — 스플릿/데이터 오류 가능
Warning:  JLHL: Close NaN 비율 82.0% (기준: 30%)
Warning:  JLHL: 비정상 가격 변동 72.8% (2026-05-04) — 스플릿/데이터 오류 가능
Warning:  JMIA: 비정상 가격 변동 53.8% (2024-08-06) — 스플릿/데이터 오류 가능
Warning:  JTAI: 비정상 가격 변동 150.0% (2025-02-19) — 스플릿/데이터 오류 가능
Warning:  JYD: Close NaN 비율 38.5% (기준: 30%)
Warning:  JYD: 비정상 가격 변동 159.8% (2025-04-23) — 스플릿/데이터 오류 가능
Warning:  JZXN: 비정상 가격 변동 89.7% (2026-02-10) — 스플릿/데이터 오류 가능
Warning:  KALV: 비정상 가격 변동 58.9% (2022-10-04) — 스플릿/데이터 오류 가능
Warning:  KD: 비정상 가격 변동 54.9% (2026-02-09) — 스플릿/데이터 오류 가능
Warning:  KGS: Close NaN 비율 42.3% (기준: 30%)
Warning:  KITT: 비정상 가격 변동 139.0% (2025-01-03) — 스플릿/데이터 오류 가능
Warning:  KLAR: Close NaN 비율 86.2% (기준: 30%)
Warning:  KLC: Close NaN 비율 67.9% (기준: 30%)
Warning:  KROS: 비정상 가격 변동 73.2% (2024-12-12) — 스플릿/데이터 오류 가능
Warning:  KSCP: 비정상 가격 변동 175.6% (2022-01-28) — 스플릿/데이터 오류 가능
Warning:  KULR: 비정상 가격 변동 75.6% (2024-11-25) — 스플릿/데이터 오류 가능
Warning:  KVYO: Close NaN 비율 46.8% (기준: 30%)
Warning:  KXIN: 비정상 가격 변동 171.4% (2024-10-02) — 스플릿/데이터 오류 가능
Warning:  LAC: Close NaN 비율 47.5% (기준: 30%)
Warning:  LAC: 비정상 가격 변동 95.8% (2025-09-24) — 스플릿/데이터 오류 가능
Warning:  LAES: Close NaN 비율 40.3% (기준: 30%)
Warning:  LAES: 비정상 가격 변동 102.3% (2023-05-24) — 스플릿/데이터 오류 가능
Warning:  LAW: 비정상 가격 변동 53.6% (2022-08-12) — 스플릿/데이터 오류 가능
Warning:  LESL: 비정상 가격 변동 144.8% (2026-05-14) — 스플릿/데이터 오류 가능
Warning:  LFCR: 비정상 가격 변동 85.6% (2023-03-20) — 스플릿/데이터 오류 가능
Warning:  LICN: Close NaN 비율 34.4% (기준: 30%)
Warning:  LICN: 비정상 가격 변동 15163.2% (2025-03-03) — 스플릿/데이터 오류 가능
Warning:  LIDR: 비정상 가격 변동 158.4% (2025-07-24) — 스플릿/데이터 오류 가능
Warning:  LIF: Close NaN 비율 61.1% (기준: 30%)
Warning:  LITS: 비정상 가격 변동 65.2% (2022-03-25) — 스플릿/데이터 오류 가능
Warning:  LNKS: Close NaN 비율 71.1% (기준: 30%)
Warning:  LNKS: 비정상 가격 변동 86.1% (2026-03-23) — 스플릿/데이터 오류 가능
Warning:  LPCN: 비정상 가격 변동 77.8% (2026-04-02) — 스플릿/데이터 오류 가능
Warning:  LPSN: 비정상 가격 변동 57.7% (2023-03-16) — 스플릿/데이터 오류 가능
Warning:  LRHC: Close NaN 비율 47.9% (기준: 30%)
Warning:  LRHC: 비정상 가격 변동 130.6% (2024-10-23) — 스플릿/데이터 오류 가능
Warning:  LTBR: 비정상 가격 변동 57.5% (2024-10-18) — 스플릿/데이터 오류 가능
Warning:  LUNG: 비정상 가격 변동 60.9% (2022-11-04) — 스플릿/데이터 오류 가능
Warning:  LVWR: 비정상 가격 변동 153.5% (2025-05-27) — 스플릿/데이터 오류 가능
Warning:  LXEO: Close NaN 비율 49.4% (기준: 30%)
Warning:  LXEO: 비정상 가격 변동 50.9% (2025-03-24) — 스플릿/데이터 오류 가능
Warning:  MASK: Close NaN 비율 72.9% (기준: 30%)
Warning:  MASK: 비정상 가격 변동 83.1% (2026-03-31) — 스플릿/데이터 오류 가능
Warning:  MAZE: Close NaN 비율 74.0% (기준: 30%)
Warning:  MAZE: 비정상 가격 변동 54.8% (2025-09-11) — 스플릿/데이터 오류 가능
Warning:  MBC: Close NaN 비율 31.4% (기준: 30%)
Warning:  MBOT: 비정상 가격 변동 159.3% (2023-05-22) — 스플릿/데이터 오류 가능
Warning:  MBRX: 비정상 가격 변동 202.4% (2025-02-13) — 스플릿/데이터 오류 가능
Warning:  MDXG: 비정상 가격 변동 59.6% (2021-09-13) — 스플릿/데이터 오류 가능
Warning:  MGNX: 비정상 가격 변동 77.4% (2024-05-10) — 스플릿/데이터 오류 가능
Warning:  MGX: Close NaN 비율 54.6% (기준: 30%)
Warning:  MGX: 비정상 가격 변동 125.4% (2024-12-09) — 스플릿/데이터 오류 가능
Warning:  MI: 비정상 가격 변동 9542.9% (2026-05-18) — 스플릿/데이터 오류 가능
Warning:  MIST: 비정상 가격 변동 60.9% (2025-03-28) — 스플릿/데이터 오류 가능
Warning:  MLEC: 비정상 가격 변동 251.3% (2023-01-06) — 스플릿/데이터 오류 가능
Warning:  MLGO: 비정상 가격 변동 669.9% (2024-06-04) — 스플릿/데이터 오류 가능
Warning:  MLTX: 비정상 가격 변동 89.9% (2025-09-29) — 스플릿/데이터 오류 가능
Warning:  MNTN: Close NaN 비율 80.2% (기준: 30%)
Warning:  MNTS: 비정상 가격 변동 155.4% (2024-10-09) — 스플릿/데이터 오류 가능
Warning:  MOBX: 비정상 가격 변동 532.8% (2026-03-03) — 스플릿/데이터 오류 가능
Warning:  MRLN: Close NaN 비율 70.9% (기준: 30%)
Warning:  MSW: Close NaN 비율 70.5% (기준: 30%)
Warning:  MTEK: 비정상 가격 변동 50.6% (2025-09-29) — 스플릿/데이터 오류 가능
Warning:  MTVA: 비정상 가격 변동 115.5% (2025-09-15) — 스플릿/데이터 오류 가능
Warning:  MVST: 비정상 가격 변동 339.2% (2024-11-13) — 스플릿/데이터 오류 가능
Warning:  MWG: Close NaN 비율 37.5% (기준: 30%)
Warning:  MWG: 비정상 가격 변동 74.4% (2023-04-28) — 스플릿/데이터 오류 가능
Warning:  MYSE: 비정상 가격 변동 355.6% (2025-01-07) — 스플릿/데이터 오류 가능
Warning:  NAGE: 비정상 가격 변동 67.9% (2024-11-01) — 스플릿/데이터 오류 가능
Warning:  NAMM: Close NaN 비율 81.0% (기준: 30%)
Warning:  NAMM: 비정상 가격 변동 130.6% (2026-01-21) — 스플릿/데이터 오류 가능
Warning:  NB: Close NaN 비율 36.8% (기준: 30%)
Warning:  NCI: Close NaN 비율 58.6% (기준: 30%)
Warning:  NCI: 비정상 가격 변동 238.5% (2026-02-11) — 스플릿/데이터 오류 가능
Warning:  NEXR: 비정상 가격 변동 1360.0% (2024-11-20) — 스플릿/데이터 오류 가능
Warning:  NIQ: Close NaN 비율 83.4% (기준: 30%)
Warning:  NKLR: Close NaN 비율 87.6% (기준: 30%)
Warning:  NMAX: Close NaN 비율 77.2% (기준: 30%)
Warning:  NMAX: 비정상 가격 변동 179.0% (2025-04-01) — 스플릿/데이터 오류 가능
Warning:  NMG: 비정상 가격 변동 51.8% (2025-10-13) — 스플릿/데이터 오류 가능
Warning:  NMRA: Close NaN 비율 46.5% (기준: 30%)
Warning:  NMRA: 비정상 가격 변동 81.4% (2025-01-02) — 스플릿/데이터 오류 가능
Warning:  NNE: Close NaN 비율 59.5% (기준: 30%)
Warning:  NNOX: 비정상 가격 변동 68.4% (2023-05-01) — 스플릿/데이터 오류 가능
Warning:  NPT: Close NaN 비율 88.5% (기준: 30%)
Warning:  NPT: 비정상 가격 변동 81.6% (2026-03-03) — 스플릿/데이터 오류 가능
Warning:  NSRX: Close NaN 비율 84.6% (기준: 30%)
Warning:  NTHI: Close NaN 비율 77.0% (기준: 30%)
Warning:  NTHI: 비정상 가격 변동 57.9% (2025-07-02) — 스플릿/데이터 오류 가능
Warning:  NTLA: 비정상 가격 변동 50.2% (2021-06-28) — 스플릿/데이터 오류 가능
Warning:  NTSK: Close NaN 비율 86.6% (기준: 30%)
Warning:  NUAI: 비정상 가격 변동 83.8% (2025-10-09) — 스플릿/데이터 오류 가능
Warning:  NVA: Close NaN 비율 63.6% (기준: 30%)
Warning:  NVA: 비정상 가격 변동 110.3% (2025-10-14) — 스플릿/데이터 오류 가능
Warning:  NVA: 거래량 0 연속 6일 (기준: 5일) — 상장폐지/거래정지 가능
Warning:  NVNI: 비정상 가격 변동 317.2% (2024-12-19) — 스플릿/데이터 오류 가능
Warning:  NXTT: 비정상 가격 변동 661.3% (2025-05-09) — 스플릿/데이터 오류 가능
Warning:  OABI: 비정상 가격 변동 60.7% (2022-11-02) — 스플릿/데이터 오류 가능
Warning:  OCG: 비정상 가격 변동 292.0% (2025-12-09) — 스플릿/데이터 오류 가능
Warning:  ODD: Close NaN 비율 43.3% (기준: 30%)
Warning:  OIO: 비정상 가격 변동 58.4% (2026-04-24) — 스플릿/데이터 오류 가능
Warning:  OKLO: 비정상 가격 변동 53.6% (2024-05-10) — 스플릿/데이터 오류 가능
Warning:  OLMA: 비정상 가격 변동 136.4% (2025-11-18) — 스플릿/데이터 오류 가능
Warning:  OM: 비정상 가격 변동 68.5% (2024-08-08) — 스플릿/데이터 오류 가능
Warning:  OMEX: 비정상 가격 변동 182.3% (2024-09-18) — 스플릿/데이터 오류 가능
Warning:  OPEN: 비정상 가격 변동 79.5% (2025-09-11) — 스플릿/데이터 오류 가능
Warning:  OPRX: 비정상 가격 변동 51.7% (2025-03-12) — 스플릿/데이터 오류 가능
Warning:  ORGN: 비정상 가격 변동 66.4% (2023-08-10) — 스플릿/데이터 오류 가능
Warning:  ORGO: 비정상 가격 변동 102.3% (2025-02-28) — 스플릿/데이터 오류 가능
Warning:  ORKT: Close NaN 비율 63.7% (기준: 30%)
Warning:  ORKT: 비정상 가격 변동 147.6% (2025-12-08) — 스플릿/데이터 오류 가능
Warning:  PACB: 비정상 가격 변동 50.7% (2024-04-16) — 스플릿/데이터 오류 가능
Warning:  PAL: Close NaN 비율 59.6% (기준: 30%)
Warning:  PAPL: Close NaN 비율 49.2% (기준: 30%)
Warning:  PAPL: 비정상 가격 변동 73.8% (2025-08-08) — 스플릿/데이터 오류 가능
Warning:  PASG: 비정상 가격 변동 69.4% (2024-11-29) — 스플릿/데이터 오류 가능
Warning:  PAVS: 비정상 가격 변동 93.3% (2024-10-01) — 스플릿/데이터 오류 가능
Warning:  PBM: 비정상 가격 변동 103.8% (2026-04-16) — 스플릿/데이터 오류 가능
Warning:  PDYN: 비정상 가격 변동 130.0% (2024-11-22) — 스플릿/데이터 오류 가능
Warning:  PEPG: 비정상 가격 변동 121.1% (2025-09-25) — 스플릿/데이터 오류 가능
Warning:  PEW: Close NaN 비율 53.0% (기준: 30%)
Warning:  PGY: 비정상 가격 변동 129.6% (2022-07-20) — 스플릿/데이터 오류 가능
Warning:  PHIO: 비정상 가격 변동 290.5% (2025-01-13) — 스플릿/데이터 오류 가능
Warning:  PHOE: Close NaN 비율 78.7% (기준: 30%)
Warning:  PHOE: 비정상 가격 변동 997.4% (2026-01-30) — 스플릿/데이터 오류 가능
Warning:  PLCE: 비정상 가격 변동 85.7% (2024-09-11) — 스플릿/데이터 오류 가능
Warning:  PMAX: Close NaN 비율 66.0% (기준: 30%)
Warning:  PMAX: 비정상 가격 변동 95.3% (2026-05-06) — 스플릿/데이터 오류 가능
Warning:  PN: Close NaN 비율 75.7% (기준: 30%)
Warning:  PN: 비정상 가격 변동 89.2% (2026-05-04) — 스플릿/데이터 오류 가능
Warning:  PNBK: 비정상 가격 변동 73.5% (2025-04-17) — 스플릿/데이터 오류 가능
Warning:  POAS: Close NaN 비율 89.8% (기준: 30%)
Warning:  POAS: 비정상 가격 변동 83.5% (2026-02-13) — 스플릿/데이터 오류 가능
Warning:  PODC: Close NaN 비율 46.2% (기준: 30%)
Warning:  PONY: Close NaN 비율 70.7% (기준: 30%)
Warning:  PROK: 비정상 가격 변동 514.5% (2025-07-08) — 스플릿/데이터 오류 가능
Warning:  PRQR: 비정상 가격 변동 122.1% (2024-10-16) — 스플릿/데이터 오류 가능
Warning:  PSIG: Close NaN 비율 63.4% (기준: 30%)
Warning:  PSIG: 비정상 가격 변동 127.7% (2024-08-12) — 스플릿/데이터 오류 가능
Warning:  PSIX: 비정상 가격 변동 68.6% (2022-11-15) — 스플릿/데이터 오류 가능
Warning:  PSTV: 비정상 가격 변동 311.4% (2025-03-06) — 스플릿/데이터 오류 가능
Warning:  PUMP: 비정상 가격 변동 52.1% (2025-10-29) — 스플릿/데이터 오류 가능
Warning:  PUSA: Close NaN 비율 74.7% (기준: 30%)
Warning:  PUSA: 비정상 가격 변동 207.6% (2025-07-23) — 스플릿/데이터 오류 가능
Warning:  QBTS: 비정상 가격 변동 110.7% (2023-05-22) — 스플릿/데이터 오류 가능
Warning:  QNCX: 비정상 가격 변동 306.2% (2026-02-10) — 스플릿/데이터 오류 가능
Warning:  QNTM: 비정상 가격 변동 119.8% (2024-08-09) — 스플릿/데이터 오류 가능
Warning:  QTRX: 비정상 가격 변동 54.8% (2022-08-09) — 스플릿/데이터 오류 가능
Warning:  QUBT: 비정상 가격 변동 92.8% (2024-11-13) — 스플릿/데이터 오류 가능
Warning:  QURE: 비정상 가격 변동 247.7% (2025-09-24) — 스플릿/데이터 오류 가능
Warning:  RBNE: Close NaN 비율 77.9% (기준: 30%)
Warning:  RBNE: 비정상 가격 변동 317.9% (2025-06-13) — 스플릿/데이터 오류 가능
Warning:  RCAT: 비정상 가격 변동 60.3% (2021-07-13) — 스플릿/데이터 오류 가능
Warning:  RCKT: 비정상 가격 변동 62.8% (2025-05-27) — 스플릿/데이터 오류 가능
Warning:  RDAC: Close NaN 비율 70.9% (기준: 30%)
Warning:  RDAC: 비정상 가격 변동 318.6% (2026-04-29) — 스플릿/데이터 오류 가능
Warning:  RDAC: 거래량 0 연속 12일 (기준: 5일) — 상장폐지/거래정지 가능
Warning:  RDGT: 비정상 가격 변동 114.8% (2022-12-12) — 스플릿/데이터 오류 가능
Warning:  RENX: Close NaN 비율 46.7% (기준: 30%)
Warning:  RENX: 비정상 가격 변동 531.3% (2023-11-16) — 스플릿/데이터 오류 가능
Warning:  REPL: 비정상 가격 변동 101.3% (2025-07-30) — 스플릿/데이터 오류 가능
Warning:  RETO: 비정상 가격 변동 621.3% (2025-03-07) — 스플릿/데이터 오류 가능
Warning:  RGC: 비정상 가격 변동 343.9% (2024-07-23) — 스플릿/데이터 오류 가능
Warning:  RGTI: 비정상 가격 변동 58.0% (2024-11-25) — 스플릿/데이터 오류 가능
Warning:  RHLD: Close NaN 비율 75.2% (기준: 30%)
Warning:  RHLD: 비정상 가격 변동 96.8% (2025-11-03) — 스플릿/데이터 오류 가능
Warning:  RILY: 비정상 가격 변동 53.8% (2025-12-16) — 스플릿/데이터 오류 가능
Warning:  RLYB: 비정상 가격 변동 82.8% (2024-04-11) — 스플릿/데이터 오류 가능
Warning:  RMSG: 비정상 가격 변동 474.5% (2026-04-13) — 스플릿/데이터 오류 가능
Warning:  ROLR: Close NaN 비율 68.7% (기준: 30%)
Warning:  ROLR: 비정상 가격 변동 436.6% (2026-01-14) — 스플릿/데이터 오류 가능
Warning:  ROOT: 비정상 가격 변동 68.9% (2024-10-31) — 스플릿/데이터 오류 가능
Warning:  RR: Close NaN 비율 50.2% (기준: 30%)
Warning:  RR: 비정상 가격 변동 73.9% (2024-08-06) — 스플릿/데이터 오류 가능
Warning:  RUBI: Close NaN 비율 84.1% (기준: 30%)
Warning:  RUBI: 비정상 가격 변동 54.2% (2025-11-25) — 스플릿/데이터 오류 가능
Warning:  RXRX: 비정상 가격 변동 78.2% (2023-07-12) — 스플릿/데이터 오류 가능
Warning:  RZLT: 비정상 가격 변동 87.2% (2025-12-11) — 스플릿/데이터 오류 가능
Warning:  RZLV: 비정상 가격 변동 54.5% (2024-12-17) — 스플릿/데이터 오류 가능
Warning:  SAGT: Close NaN 비율 76.0% (기준: 30%)
Warning:  SBET: 비정상 가격 변동 433.2% (2025-05-27) — 스플릿/데이터 오류 가능
Warning:  SDEV: 비정상 가격 변동 102.5% (2026-01-09) — 스플릿/데이터 오류 가능
Warning:  SDST: 비정상 가격 변동 144.7% (2024-07-17) — 스플릿/데이터 오류 가능
Warning:  SEGG: Close NaN 비율 41.6% (기준: 30%)
Warning:  SEGG: 비정상 가격 변동 187.8% (2025-02-06) — 스플릿/데이터 오류 가능
Warning:  SENS: 비정상 가격 변동 80.7% (2025-01-10) — 스플릿/데이터 오류 가능
Warning:  SERV: Close NaN 비율 56.1% (기준: 30%)
Warning:  SERV: 비정상 가격 변동 187.1% (2024-07-19) — 스플릿/데이터 오류 가능
Warning:  SES: 비정상 가격 변동 100.0% (2024-12-26) — 스플릿/데이터 오류 가능
Warning:  SEV: Close NaN 비율 88.2% (기준: 30%)
Warning:  SEV: 비정상 가격 변동 57.8% (2025-10-23) — 스플릿/데이터 오류 가능
Warning:  SKBL: Close NaN 비율 75.1% (기준: 30%)
Warning:  SKBL: 비정상 가격 변동 87.6% (2025-07-07) — 스플릿/데이터 오류 가능
Warning:  SKIL: 비정상 가격 변동 50.6% (2024-04-24) — 스플릿/데이터 오류 가능
Warning:  SKK: Close NaN 비율 67.8% (기준: 30%)
Warning:  SKK: 비정상 가격 변동 596.6% (2026-05-04) — 스플릿/데이터 오류 가능
Warning:  SKYQ: Close NaN 비율 68.0% (기준: 30%)
Warning:  SKYQ: 비정상 가격 변동 101.6% (2026-04-02) — 스플릿/데이터 오류 가능
Warning:  SKYX: 비정상 가격 변동 68.6% (2022-07-28) — 스플릿/데이터 오류 가능
Warning:  SLDP: 비정상 가격 변동 51.6% (2025-11-05) — 스플릿/데이터 오류 가능
Warning:  SLE: 비정상 가격 변동 159.5% (2025-09-23) — 스플릿/데이터 오류 가능
Warning:  SLMT: Close NaN 비율 33.9% (기준: 30%)
Warning:  SLMT: 비정상 가격 변동 225.5% (2025-09-18) — 스플릿/데이터 오류 가능
Warning:  SLNH: 비정상 가격 변동 94.4% (2025-09-22) — 스플릿/데이터 오류 가능
Warning:  SLQT: 비정상 가격 변동 70.7% (2023-02-07) — 스플릿/데이터 오류 가능
Warning:  SLS: 비정상 가격 변동 53.7% (2023-02-24) — 스플릿/데이터 오류 가능
Warning:  SMX: 비정상 가격 변동 1205.4% (2026-05-11) — 스플릿/데이터 오류 가능
Warning:  SNBR: 비정상 가격 변동 60.0% (2026-04-08) — 스플릿/데이터 오류 가능
Warning:  SNES: 비정상 가격 변동 100.5% (2023-12-28) — 스플릿/데이터 오류 가능
Warning:  SNOA: 비정상 가격 변동 72.8% (2025-08-14) — 스플릿/데이터 오류 가능
Warning:  SNWV: Close NaN 비율 68.5% (기준: 30%)
Warning:  SOBO: Close NaN 비율 67.6% (기준: 30%)
Warning:  SOBR: 비정상 가격 변동 233.0% (2022-09-20) — 스플릿/데이터 오류 가능
Warning:  SOC: 비정상 가격 변동 56.2% (2025-12-18) — 스플릿/데이터 오류 가능
Warning:  SOUN: 비정상 가격 변동 71.8% (2022-12-30) — 스플릿/데이터 오류 가능
Warning:  SOWG: 비정상 가격 변동 56.8% (2024-11-14) — 스플릿/데이터 오류 가능
Warning:  SPAI: Close NaN 비율 65.6% (기준: 30%)
Warning:  SPAI: 비정상 가격 변동 65.8% (2025-02-13) — 스플릿/데이터 오류 가능
Warning:  SPPL: Close NaN 비율 46.4% (기준: 30%)
Warning:  SPPL: 비정상 가격 변동 268.7% (2024-11-04) — 스플릿/데이터 오류 가능
Warning:  SPRC: 비정상 가격 변동 142.9% (2025-09-17) — 스플릿/데이터 오류 가능
Warning:  SPRY: 비정상 가격 변동 77.9% (2023-05-12) — 스플릿/데이터 오류 가능
Warning:  SPWH: 비정상 가격 변동 97.9% (2025-04-02) — 스플릿/데이터 오류 가능
Warning:  SPWR: Close NaN 비율 32.6% (기준: 30%)
Warning:  SPWR: 비정상 가격 변동 91.6% (2024-04-29) — 스플릿/데이터 오류 가능
Warning:  SQNS: 비정상 가격 변동 113.0% (2024-08-23) — 스플릿/데이터 오류 가능
Warning:  SRFM: Close NaN 비율 43.8% (기준: 30%)
Warning:  SRFM: 비정상 가격 변동 88.5% (2025-06-24) — 스플릿/데이터 오류 가능
Warning:  SSM: 비정상 가격 변동 2900.0% (2024-05-29) — 스플릿/데이터 오류 가능
Warning:  SST: 비정상 가격 변동 142.3% (2026-03-27) — 스플릿/데이터 오류 가능
Warning:  STEM: 비정상 가격 변동 57.2% (2025-01-03) — 스플릿/데이터 오류 가능
Warning:  STEX: 비정상 가격 변동 91.7% (2024-04-08) — 스플릿/데이터 오류 가능
Warning:  STFS: Close NaN 비율 68.1% (기준: 30%)
Warning:  STFS: 비정상 가격 변동 96.5% (2026-05-06) — 스플릿/데이터 오류 가능
Warning:  STIM: 비정상 가격 변동 58.1% (2024-08-12) — 스플릿/데이터 오류 가능
Warning:  STKE: 비정상 가격 변동 131.4% (2024-10-14) — 스플릿/데이터 오류 가능
Warning:  STSS: 비정상 가격 변동 141.6% (2024-05-28) — 스플릿/데이터 오류 가능
Warning:  STUB: Close NaN 비율 86.5% (기준: 30%)
Warning:  SUIG: 비정상 가격 변동 218.9% (2025-07-25) — 스플릿/데이터 오류 가능
Warning:  SUNC: Close NaN 비율 89.4% (기준: 30%)
Warning:  SUNE: 비정상 가격 변동 122.2% (2025-03-07) — 스플릿/데이터 오류 가능
Warning:  SUPX: Close NaN 비율 58.3% (기준: 30%)
Warning:  TAOX: 비정상 가격 변동 74.6% (2022-12-16) — 스플릿/데이터 오류 가능
Warning:  TDTH: Close NaN 비율 66.2% (기준: 30%)
Warning:  TDTH: 비정상 가격 변동 61.5% (2025-01-30) — 스플릿/데이터 오류 가능
Warning:  TDUP: 비정상 가격 변동 62.7% (2024-08-06) — 스플릿/데이터 오류 가능
Warning:  TEM: Close NaN 비율 61.5% (기준: 30%)
Warning:  TII: 비정상 가격 변동 409.8% (2022-03-23) — 스플릿/데이터 오류 가능
Warning:  TJGC: Close NaN 비율 73.5% (기준: 30%)
Warning:  TJGC: 비정상 가격 변동 571.4% (2025-06-03) — 스플릿/데이터 오류 가능
Warning:  TLIH: Close NaN 비율 82.6% (기준: 30%)
Warning:  TLIH: 비정상 가격 변동 75.6% (2025-07-24) — 스플릿/데이터 오류 가능
Warning:  TLRY: 비정상 가격 변동 60.9% (2025-09-29) — 스플릿/데이터 오류 가능
Warning:  TMCI: 비정상 가격 변동 62.5% (2024-05-08) — 스플릿/데이터 오류 가능
Warning:  TMDX: 비정상 가격 변동 51.2% (2023-11-07) — 스플릿/데이터 오류 가능
Warning:  TMQ: 비정상 가격 변동 211.0% (2025-10-07) — 스플릿/데이터 오류 가능
Warning:  TNXP: 비정상 가격 변동 120.8% (2024-12-16) — 스플릿/데이터 오류 가능
Warning:  TONX: 비정상 가격 변동 346.9% (2023-09-05) — 스플릿/데이터 오류 가능
Warning:  TOPS: 비정상 가격 변동 82.0% (2022-10-05) — 스플릿/데이터 오류 가능
Warning:  TPST: 비정상 가격 변동 3970.8% (2023-10-11) — 스플릿/데이터 오류 가능
Warning:  TRDA: 비정상 가격 변동 57.3% (2026-05-07) — 스플릿/데이터 오류 가능
Warning:  TRNR: Close NaN 비율 38.9% (기준: 30%)
Warning:  TRNR: 비정상 가격 변동 79.0% (2024-08-12) — 스플릿/데이터 오류 가능
Warning:  TRON: Close NaN 비율 44.8% (기준: 30%)
Warning:  TRON: 비정상 가격 변동 533.8% (2025-06-16) — 스플릿/데이터 오류 가능
Warning:  TRUG: 비정상 가격 변동 64.7% (2024-01-31) — 스플릿/데이터 오류 가능
Warning:  TSSI: 비정상 가격 변동 74.1% (2025-05-16) — 스플릿/데이터 오류 가능
Warning:  TTAN: Close NaN 비율 71.5% (기준: 30%)
Warning:  TTEC: 비정상 가격 변동 52.6% (2025-04-02) — 스플릿/데이터 오류 가능
Warning:  TURB: Close NaN 비율 47.0% (기준: 30%)
Warning:  TURB: 비정상 가격 변동 359.3% (2025-09-16) — 스플릿/데이터 오류 가능
Warning:  TWAV: 비정상 가격 변동 166.7% (2022-10-03) — 스플릿/데이터 오류 가능
Warning:  TWG: Close NaN 비율 58.3% (기준: 30%)
Warning:  TWG: 비정상 가격 변동 266.2% (2025-12-08) — 스플릿/데이터 오류 가능
Warning:  UCAR: Close NaN 비율 38.5% (기준: 30%)
Warning:  UCAR: 비정상 가격 변동 331.9% (2026-04-08) — 스플릿/데이터 오류 가능
Warning:  UGRO: 비정상 가격 변동 417.0% (2026-03-25) — 스플릿/데이터 오류 가능
Warning:  UK: 비정상 가격 변동 72.5% (2023-12-28) — 스플릿/데이터 오류 가능
Warning:  UP: 비정상 가격 변동 60.4% (2023-06-22) — 스플릿/데이터 오류 가능
Warning:  UPB: Close NaN 비율 68.1% (기준: 30%)
Warning:  UPST: 비정상 가격 변동 56.4% (2022-05-10) — 스플릿/데이터 오류 가능
Warning:  UPXI: 비정상 가격 변동 330.9% (2025-04-21) — 스플릿/데이터 오류 가능
Warning:  UXIN: 비정상 가격 변동 83.7% (2024-09-27) — 스플릿/데이터 오류 가능
Warning:  VEEE: 비정상 가격 변동 192.2% (2025-05-08) — 스플릿/데이터 오류 가능
Warning:  VENU: Close NaN 비율 70.7% (기준: 30%)
Warning:  VERI: 비정상 가격 변동 53.7% (2025-10-15) — 스플릿/데이터 오류 가능
Warning:  VIA: Close NaN 비율 86.3% (기준: 30%)
Warning:  VIVK: 비정상 가격 변동 113.5% (2022-04-27) — 스플릿/데이터 오류 가능
Warning:  VOR: 비정상 가격 변동 74.2% (2025-06-25) — 스플릿/데이터 오류 가능
Warning:  VS: 비정상 가격 변동 243.5% (2024-10-16) — 스플릿/데이터 오류 가능
Warning:  VSTM: 비정상 가격 변동 124.4% (2023-05-26) — 스플릿/데이터 오류 가능
Warning:  VWAV: Close NaN 비율 83.0% (기준: 30%)
Warning:  VWAV: 비정상 가격 변동 368.1% (2025-07-28) — 스플릿/데이터 오류 가능
Warning:  WAI: Close NaN 비율 38.3% (기준: 30%)
Warning:  WAI: 비정상 가격 변동 87.1% (2024-11-27) — 스플릿/데이터 오류 가능
Warning:  WAY: Close NaN 비율 61.1% (기준: 30%)
Warning:  WBUY: Close NaN 비율 48.5% (기준: 30%)
Warning:  WBUY: 비정상 가격 변동 132.4% (2025-05-08) — 스플릿/데이터 오류 가능
Warning:  WGS: 비정상 가격 변동 55.2% (2024-04-30) — 스플릿/데이터 오류 가능
Warning:  WIMI: 비정상 가격 변동 77.5% (2024-12-27) — 스플릿/데이터 오류 가능
Warning:  WKEY: 비정상 가격 변동 139.0% (2024-12-13) — 스플릿/데이터 오류 가능
Warning:  WKHS: 비정상 가격 변동 54.9% (2025-07-08) — 스플릿/데이터 오류 가능
Warning:  WNW: 비정상 가격 변동 97.6% (2025-04-22) — 스플릿/데이터 오류 가능
Warning:  WSHP: Close NaN 비율 89.9% (기준: 30%)
Warning:  WSHP: 비정상 가격 변동 506.1% (2025-11-19) — 스플릿/데이터 오류 가능
Warning:  WTF: Close NaN 비율 77.3% (기준: 30%)
Warning:  WTF: 비정상 가격 변동 64.6% (2025-04-02) — 스플릿/데이터 오류 가능
Warning:  WVE: 비정상 가격 변동 147.3% (2025-12-08) — 스플릿/데이터 오류 가능
Warning:  WW: Close NaN 비율 82.1% (기준: 30%)
Warning:  XRTX: 비정상 가격 변동 134.8% (2024-08-29) — 스플릿/데이터 오류 가능
Warning:  XTIA: 비정상 가격 변동 128.6% (2023-04-13) — 스플릿/데이터 오류 가능
Warning:  XTLB: 비정상 가격 변동 128.8% (2024-03-20) — 스플릿/데이터 오류 가능
Warning:  XXI: Close NaN 비율 64.7% (기준: 30%)
Warning:  XXI: 비정상 가격 변동 55.4% (2025-04-23) — 스플릿/데이터 오류 가능
Warning:  YDDL: Close NaN 비율 87.8% (기준: 30%)
Warning:  YDDL: 비정상 가격 변동 62.9% (2026-04-10) — 스플릿/데이터 오류 가능
Warning:  ZBIO: Close NaN 비율 66.5% (기준: 30%)
Warning:  ZBIO: 비정상 가격 변동 51.9% (2026-01-05) — 스플릿/데이터 오류 가능
Warning:  ZDAI: Close NaN 비율 63.5% (기준: 30%)
Warning:  ZDAI: 비정상 가격 변동 918.6% (2024-11-26) — 스플릿/데이터 오류 가능
Warning:  ZENA: Close NaN 비율 67.4% (기준: 30%)
Warning:  ZENA: 비정상 가격 변동 258.7% (2024-11-25) — 스플릿/데이터 오류 가능
Warning:  ZVIA: 비정상 가격 변동 51.7% (2025-05-08) — 스플릿/데이터 오류 가능
[[NASDAQ/NYSE 분석]] 강한 섹터: {'Information Technology', 'Energy', 'Consumer Staples'}
[OHLCV] 배치 다운로드 1/2 (150개 종목, period=2y)...
[OHLCV] 배치 다운로드 2/2 (61개 종목, period=2y)...
[DataValidator] 44건의 데이터 품질 경고 발생
Warning:  AEHL: 비정상 가격 변동 135.3% (2026-05-08) — 스플릿/데이터 오류 가능
Warning:  AGPU: 비정상 가격 변동 119.8% (2026-04-01) — 스플릿/데이터 오류 가능
Warning:  AIIO: 비정상 가격 변동 116.1% (2026-05-14) — 스플릿/데이터 오류 가능
Warning:  AKAN: 비정상 가격 변동 214.2% (2026-04-22) — 스플릿/데이터 오류 가능
Warning:  AMBQ: Close NaN 비율 59.5% (기준: 30%)
Warning:  ASST: 비정상 가격 변동 455.7% (2025-05-07) — 스플릿/데이터 오류 가능
Warning:  AUUD: 비정상 가격 변동 63.8% (2026-04-24) — 스플릿/데이터 오류 가능
Warning:  BAND: 비정상 가격 변동 52.1% (2026-04-30) — 스플릿/데이터 오류 가능
Warning:  BLSH: Close NaN 비율 61.5% (기준: 30%)
Warning:  BMNR: Close NaN 비율 52.1% (기준: 30%)
Warning:  BMNR: 비정상 가격 변동 694.8% (2025-06-30) — 스플릿/데이터 오류 가능
Warning:  BULL: 비정상 가격 변동 374.7% (2025-04-14) — 스플릿/데이터 오류 가능
Warning:  CAI: Close NaN 비율 53.9% (기준: 30%)
Warning:  CHYM: Close NaN 비율 53.1% (기준: 30%)
Warning:  CRCL: Close NaN 비율 52.1% (기준: 30%)
Warning:  CRML: 비정상 가격 변동 55.4% (2025-10-13) — 스플릿/데이터 오류 가능
Warning:  EFOR: 비정상 가격 변동 51.7% (2026-04-23) — 스플릿/데이터 오류 가능
Warning:  ERNA: 비정상 가격 변동 66.6% (2026-05-12) — 스플릿/데이터 오류 가능
Warning:  FIG: Close NaN 비율 59.7% (기준: 30%)
Warning:  FIGR: Close NaN 비율 65.5% (기준: 30%)
Warning:  FRMI: Close NaN 비율 68.3% (기준: 30%)
Warning:  FSLY: 비정상 가격 변동 72.3% (2026-02-12) — 스플릿/데이터 오류 가능
Warning:  GBTG: 비정상 가격 변동 57.5% (2026-05-04) — 스플릿/데이터 오류 가능
Warning:  HCAI: Close NaN 비율 35.5% (기준: 30%)
Warning:  HCAI: 비정상 가격 변동 142.2% (2026-04-07) — 스플릿/데이터 오류 가능
Warning:  HTCO: 비정상 가격 변동 239.7% (2026-04-27) — 스플릿/데이터 오류 가능
Warning:  KD: 비정상 가격 변동 54.9% (2026-02-09) — 스플릿/데이터 오류 가능
Warning:  KLAR: Close NaN 비율 65.5% (기준: 30%)
Warning:  LAC: 비정상 가격 변동 95.8% (2025-09-24) — 스플릿/데이터 오류 가능
Warning:  NTSK: Close NaN 비율 66.5% (기준: 30%)
Warning:  OPEN: 비정상 가격 변동 79.5% (2025-09-11) — 스플릿/데이터 오류 가능
Warning:  PUMP: 비정상 가격 변동 52.1% (2025-10-29) — 스플릿/데이터 오류 가능
Warning:  QBTS: 비정상 가격 변동 51.2% (2025-05-08) — 스플릿/데이터 오류 가능
Warning:  QUBT: 비정상 가격 변동 92.8% (2024-11-13) — 스플릿/데이터 오류 가능
Warning:  QURE: 비정상 가격 변동 247.7% (2025-09-24) — 스플릿/데이터 오류 가능
Warning:  RGTI: 비정상 가격 변동 58.0% (2024-11-25) — 스플릿/데이터 오류 가능
Warning:  RZLV: 비정상 가격 변동 54.5% (2024-12-17) — 스플릿/데이터 오류 가능
Warning:  SBET: 비정상 가격 변동 433.2% (2025-05-27) — 스플릿/데이터 오류 가능
Warning:  SERV: 비정상 가격 변동 187.1% (2024-07-19) — 스플릿/데이터 오류 가능
Warning:  SLNH: 비정상 가격 변동 94.4% (2025-09-22) — 스플릿/데이터 오류 가능
Warning:  SOC: 비정상 가격 변동 56.2% (2025-12-18) — 스플릿/데이터 오류 가능
Warning:  STUB: Close NaN 비율 66.3% (기준: 30%)
Warning:  SUNC: Close NaN 비율 73.5% (기준: 30%)
Warning:  TLRY: 비정상 가격 변동 60.9% (2025-09-29) — 스플릿/데이터 오류 가능
[[NASDAQ/NYSE 분석]] Extreme model 'label_low' ROC 0.60, AP 0.45
[[NASDAQ/NYSE 분석]] Extreme model 'label_high' ROC 0.59, AP 0.50
[[NASDAQ/NYSE 분석]] Google Sheets 업데이트 완료 (211개 종목)
[Email] 바닥반등 48개 + 모멘텀 61개 = 총 109개 종목 리스트를 chunghwan14@gmail.com, roykim0311@gmail.com, ssamjungtan@naver.com로 발송 완료

============================================================
[[NASDAQ/NYSE 차트분석]] 이메일 대상 종목 차트 분석 시작
============================================================
[[NASDAQ/NYSE 차트분석]] 차트분석 대상 109개 종목: ['CAI', 'RZLV', 'BTI', 'LAC', 'BTSG', 'INSP', 'AESI', 'XMTR', 'KALV', 'MPC', 'TNDM', 'TEM', 'HUM', 'CBOE', 'CYTK', 'WHR', 'SLNH', 'PM', 'BMI', 'RKLB', 'ALAB', 'AXGN', 'FROG', 'OPEN', 'BRBR', 'SOC', 'WIX', 'ZTS', 'TMDX', 'TRGP', 'WGS', 'SOUN', 'PINS', 'CRCL', 'BTBT', 'LCID', 'FTNT', 'SUNC', 'TTD', 'AMBQ', 'CELH', 'OGN', 'EFOR', 'VITL', 'BLSH', 'CRK', 'MMYT', 'FLO', 'KVYO', 'LBRDK', 'ASST', 'TLRY', 'BTDR', 'WING', 'TOST', 'HIMS', 'QURE', 'NN', 'WMG', 'VXX', 'FFIV', 'GRPN', 'KGS', 'RGTI', 'KTOS', 'EPAM', 'PTEN', 'HIVE', 'BTE', 'CRML', 'SATL', 'DDOG', 'PLNT', 'SHAK', 'RAMP', 'SLS', 'PODD', 'VIST', 'CRWD', 'VAL', 'PBA', 'RIG', 'KSS', 'TRP', 'WES', 'UMC', 'BULL', 'DOCS', 'TXN', 'WTTR', 'SERV', 'BAND', 'ELV', 'SM', 'PUMP', 'AKAN', 'JAZZ', 'CPRX', 'PONY', 'RH', 'FISV', 'GBTG', 'FND', 'LQDA', 'AVAV', 'CVE', 'BUD', 'W', 'NCNO']
[[NASDAQ/NYSE 차트분석]] 기존 NASDAQ 차트 파일 삭제 중...
[[NASDAQ/NYSE 차트분석]] TradingView 차트 캡처 시작...
[TradingView] PBA 브라우저 세션 시작  (로그인 세션)...
[TradingView] 1H 캡처 완료 (60)
[TradingView] 4H 캡처 완료 (240)
[TradingView] Daily 캡처 완료 (D)
[TradingView] Weekly 캡처 완료 (W)
[TradingView] Monthly 캡처 완료 (M)
[[NASDAQ/NYSE 차트분석]] PBA 차트 5개 처리 완료
[TradingView] AXGN 브라우저 세션 시작  (로그인 세션)...
[TradingView] 1H 캡처 완료 (60)
[TradingView] 4H 캡처 완료 (240)
[TradingView] Daily 캡처 완료 (D)
[TradingView] Weekly 캡처 완료 (W)
[TradingView] Monthly 캡처 완료 (M)
[[NASDAQ/NYSE 차트분석]] AXGN 차트 5개 처리 완료
[TradingView] JAZZ 브라우저 세션 시작  (로그인 세션)...
[TradingView] 1H 캡처 완료 (60)
[TradingView] 4H 캡처 완료 (240)
[TradingView] Daily 캡처 완료 (D)
[TradingView] Weekly 캡처 완료 (W)
[TradingView] Monthly 캡처 완료 (M)
[[NASDAQ/NYSE 차트분석]] JAZZ 차트 5개 처리 완료
[TradingView] BTE 브라우저 세션 시작  (로그인 세션)...
[TradingView] 1H 캡처 완료 (60)
[TradingView] 4H 캡처 완료 (240)
[TradingView] Daily 캡처 완료 (D)
[TradingView] Weekly 캡처 완료 (W)
[TradingView] Monthly 캡처 완료 (M)
[[NASDAQ/NYSE 차트분석]] BTE 차트 5개 처리 완료
[TradingView] AESI 브라우저 세션 시작  (로그인 세션)...
[TradingView] 1H 캡처 완료 (60)
[TradingView] 4H 캡처 완료 (240)
[TradingView] Daily 캡처 완료 (D)
[TradingView] Weekly 캡처 완료 (W)
[TradingView] Monthly 캡처 완료 (M)
[[NASDAQ/NYSE 차트분석]] AESI 차트 5개 처리 완료
[TradingView] CVE 브라우저 세션 시작  (로그인 세션)...
[TradingView] 1H 캡처 완료 (60)
[TradingView] 4H 캡처 완료 (240)
[TradingView] Daily 캡처 완료 (D)
[TradingView] Weekly 캡처 완료 (W)
[TradingView] Monthly 캡처 완료 (M)
[[NASDAQ/NYSE 차트분석]] CVE 차트 5개 처리 완료
[TradingView] KGS 브라우저 세션 시작  (로그인 세션)...
[TradingView] 1H 캡처 완료 (60)
[TradingView] 4H 캡처 완료 (240)
[TradingView] Daily 캡처 완료 (D)
[TradingView] Weekly 캡처 완료 (W)
[TradingView] Monthly 캡처 완료 (M)
[[NASDAQ/NYSE 차트분석]] KGS 차트 5개 처리 완료
[TradingView] TRP 브라우저 세션 시작  (로그인 세션)...
[TradingView] 1H 캡처 완료 (60)
[TradingView] 4H 캡처 완료 (240)
[TradingView] Daily 캡처 완료 (D)
[TradingView] Weekly 캡처 완료 (W)
[TradingView] Monthly 캡처 완료 (M)
[[NASDAQ/NYSE 차트분석]] TRP 차트 5개 처리 완료
[TradingView] WMG 브라우저 세션 시작  (로그인 세션)...
[TradingView] 1H 캡처 완료 (60)
[TradingView] 4H 캡처 완료 (240)
[TradingView] Daily 캡처 완료 (D)
[TradingView] Weekly 캡처 완료 (W)
[TradingView] Monthly 캡처 완료 (M)
[[NASDAQ/NYSE 차트분석]] WMG 차트 5개 처리 완료
[TradingView] CYTK 브라우저 세션 시작  (로그인 세션)...
[TradingView] 1H 캡처 완료 (60)
[TradingView] 4H 캡처 완료 (240)
[TradingView] Daily 캡처 완료 (D)
[TradingView] Weekly 캡처 완료 (W)
[TradingView] Monthly 캡처 완료 (M)
[[NASDAQ/NYSE 차트분석]] CYTK 차트 5개 처리 완료
[TradingView] CPRX 브라우저 세션 시작  (로그인 세션)...
[TradingView] 1H 캡처 완료 (60)
[TradingView] 4H 캡처 완료 (240)
[TradingView] Daily 캡처 완료 (D)
[TradingView] Weekly 캡처 완료 (W)
[TradingView] Monthly 캡처 완료 (M)
[[NASDAQ/NYSE 차트분석]] CPRX 차트 5개 처리 완료
[TradingView] FROG 브라우저 세션 시작  (로그인 세션)...
[TradingView] 1H 캡처 완료 (60)
[TradingView] 4H 캡처 완료 (240)
[TradingView] Daily 캡처 완료 (D)
[TradingView] Weekly 캡처 완료 (W)
[TradingView] Monthly 캡처 완료 (M)
[[NASDAQ/NYSE 차트분석]] FROG 차트 5개 처리 완료
[TradingView] KALV 브라우저 세션 시작  (로그인 세션)...
[TradingView] 1H 캡처 완료 (60)
[TradingView] 4H 캡처 완료 (240)
[TradingView] Daily 캡처 완료 (D)
[TradingView] Weekly 캡처 완료 (W)
[TradingView] Monthly 캡처 완료 (M)
[[NASDAQ/NYSE 차트분석]] KALV 차트 5개 처리 완료
[TradingView] BTSG 브라우저 세션 시작  (로그인 세션)...
[TradingView] 1H 캡처 완료 (60)
[TradingView] 4H 캡처 완료 (240)
[TradingView] Daily 캡처 완료 (D)
[TradingView] Weekly 캡처 완료 (W)
[TradingView] Monthly 캡처 완료 (M)
[[NASDAQ/NYSE 차트분석]] BTSG 차트 5개 처리 완료
[TradingView] BUD 브라우저 세션 시작  (로그인 세션)...
[TradingView] 1H 캡처 완료 (60)
[TradingView] 4H 캡처 완료 (240)
[TradingView] Daily 캡처 완료 (D)
[TradingView] Weekly 캡처 완료 (W)
[TradingView] Monthly 캡처 완료 (M)
[[NASDAQ/NYSE 차트분석]] BUD 차트 5개 처리 완료
[TradingView] CBOE 브라우저 세션 시작  (로그인 세션)...
[TradingView] 1H 캡처 완료 (60)
[TradingView] 4H 캡처 완료 (240)
[TradingView] Daily 캡처 완료 (D)
[TradingView] Weekly 캡처 완료 (W)
[TradingView] Monthly 캡처 완료 (M)
[[NASDAQ/NYSE 차트분석]] CBOE 차트 5개 처리 완료
[TradingView] PM 브라우저 세션 시작  (로그인 세션)...
[TradingView] 1H 캡처 완료 (60)
[TradingView] 4H 캡처 완료 (240)
[TradingView] Daily 캡처 완료 (D)
[TradingView] Weekly 캡처 완료 (W)
[TradingView] Monthly 캡처 완료 (M)
[[NASDAQ/NYSE 차트분석]] PM 차트 5개 처리 완료
[TradingView] RKLB 브라우저 세션 시작  (로그인 세션)...
[TradingView] 1H 캡처 완료 (60)
[TradingView] 4H 캡처 완료 (240)
[TradingView] Daily 캡처 완료 (D)
[TradingView] Weekly 캡처 완료 (W)
[TradingView] Monthly 캡처 완료 (M)
[[NASDAQ/NYSE 차트분석]] RKLB 차트 5개 처리 완료
[TradingView] TXN 브라우저 세션 시작  (로그인 세션)...
[TradingView] 1H 캡처 완료 (60)
[TradingView] 4H 캡처 완료 (240)
[TradingView] Daily 캡처 완료 (D)
[TradingView] Weekly 캡처 완료 (W)
[TradingView] Monthly 캡처 완료 (M)
[[NASDAQ/NYSE 차트분석]] TXN 차트 5개 처리 완료
[TradingView] ALAB 브라우저 세션 시작  (로그인 세션)...
[TradingView] 1H 캡처 완료 (60)
[TradingView] 4H 캡처 완료 (240)
[TradingView] Daily 캡처 완료 (D)
[TradingView] Weekly 캡처 완료 (W)
[TradingView] Monthly 캡처 완료 (M)
[[NASDAQ/NYSE 차트분석]] ALAB 차트 5개 처리 완료
[TradingView] MPC 브라우저 세션 시작  (로그인 세션)...
[TradingView] 1H 캡처 완료 (60)
[TradingView] 4H 캡처 완료 (240)
[TradingView] Daily 캡처 완료 (D)
[TradingView] Weekly 캡처 완료 (W)
[TradingView] Monthly 캡처 완료 (M)
[[NASDAQ/NYSE 차트분석]] MPC 차트 5개 처리 완료
[TradingView] TRGP 브라우저 세션 시작  (로그인 세션)...
[TradingView] 1H 캡처 완료 (60)
[TradingView] 4H 캡처 완료 (240)
[TradingView] Daily 캡처 완료 (D)
[TradingView] Weekly 캡처 완료 (W)
[TradingView] Monthly 캡처 완료 (M)
[[NASDAQ/NYSE 차트분석]] TRGP 차트 5개 처리 완료
[TradingView] UMC 브라우저 세션 시작  (로그인 세션)...
[TradingView] 1H 캡처 완료 (60)
[TradingView] 4H 캡처 완료 (240)
[TradingView] Daily 캡처 완료 (D)
[TradingView] Weekly 캡처 완료 (W)
[TradingView] Monthly 캡처 완료 (M)
[[NASDAQ/NYSE 차트분석]] UMC 차트 5개 처리 완료
[TradingView] CRCL 브라우저 세션 시작  (로그인 세션)...
[TradingView] 1H 캡처 완료 (60)
[TradingView] 4H 캡처 완료 (240)
[TradingView] Daily 캡처 완료 (D)
[TradingView] Weekly 캡처 완료 (W)
[TradingView] Monthly 캡처 완료 (M)
[[NASDAQ/NYSE 차트분석]] CRCL 차트 5개 처리 완료
[TradingView] BTI 브라우저 세션 시작  (로그인 세션)...
[TradingView] 1H 캡처 완료 (60)
[TradingView] 4H 캡처 완료 (240)
[TradingView] Daily 캡처 완료 (D)
[TradingView] Weekly 캡처 완료 (W)
[TradingView] Monthly 캡처 완료 (M)
[[NASDAQ/NYSE 차트분석]] BTI 차트 5개 처리 완료
[TradingView] ELV 브라우저 세션 시작  (로그인 세션)...
[TradingView] 1H 캡처 완료 (60)
[TradingView] 4H 캡처 완료 (240)
[TradingView] Daily 캡처 완료 (D)
[TradingView] Weekly 캡처 완료 (W)
[TradingView] Monthly 캡처 완료 (M)
[[NASDAQ/NYSE 차트분석]] ELV 차트 5개 처리 완료
[TradingView] SOC 브라우저 세션 시작  (로그인 세션)...
[TradingView] 1H 캡처 완료 (60)
[TradingView] 4H 캡처 완료 (240)
[TradingView] Daily 캡처 완료 (D)
[TradingView] Weekly 캡처 완료 (W)
[TradingView] Monthly 캡처 완료 (M)
[[NASDAQ/NYSE 차트분석]] SOC 차트 5개 처리 완료
[TradingView] XMTR 브라우저 세션 시작  (로그인 세션)...
[TradingView] 1H 캡처 완료 (60)
[TradingView] 4H 캡처 완료 (240)
[TradingView] Daily 캡처 완료 (D)
[TradingView] Weekly 캡처 완료 (W)
[TradingView] Monthly 캡처 완료 (M)
[[NASDAQ/NYSE 차트분석]] XMTR 차트 5개 처리 완료
[TradingView] DDOG 브라우저 세션 시작  (로그인 세션)...
[TradingView] 1H 캡처 완료 (60)
[TradingView] 4H 캡처 완료 (240)
[TradingView] Daily 캡처 완료 (D)
[TradingView] Weekly 캡처 완료 (W)
[TradingView] Monthly 캡처 완료 (M)
[[NASDAQ/NYSE 차트분석]] DDOG 차트 5개 처리 완료
[TradingView] PTEN 브라우저 세션 시작  (로그인 세션)...
[TradingView] 1H 캡처 완료 (60)
[TradingView] 4H 캡처 완료 (240)
[TradingView] Daily 캡처 완료 (D)
[TradingView] Weekly 캡처 완료 (W)
[TradingView] Monthly 캡처 완료 (M)
[[NASDAQ/NYSE 차트분석]] PTEN 차트 5개 처리 완료
[TradingView] PUMP 브라우저 세션 시작  (로그인 세션)...
[TradingView] 1H 캡처 완료 (60)
[TradingView] 4H 캡처 완료 (240)
[TradingView] Daily 캡처 완료 (D)
[TradingView] Weekly 캡처 완료 (W)
[TradingView] Monthly 캡처 완료 (M)
[[NASDAQ/NYSE 차트분석]] PUMP 차트 5개 처리 완료
[TradingView] RIG 브라우저 세션 시작  (로그인 세션)...
[TradingView] 1H 캡처 완료 (60)
[TradingView] 4H 캡처 완료 (240)
[TradingView] Daily 캡처 완료 (D)
[TradingView] Weekly 캡처 완료 (W)
[TradingView] Monthly 캡처 완료 (M)
[[NASDAQ/NYSE 차트분석]] RIG 차트 5개 처리 완료
[TradingView] AMBQ 브라우저 세션 시작  (로그인 세션)...
[TradingView] 1H 캡처 완료 (60)
[TradingView] 4H 캡처 완료 (240)
[TradingView] Daily 캡처 완료 (D)
[TradingView] Weekly 캡처 완료 (W)
[TradingView] Monthly 캡처 완료 (M)
[[NASDAQ/NYSE 차트분석]] AMBQ 차트 5개 처리 완료
[TradingView] VAL 브라우저 세션 시작  (로그인 세션)...
[TradingView] 1H 캡처 완료 (60)
[TradingView] 4H 캡처 완료 (240)
[TradingView] Daily 캡처 완료 (D)
[TradingView] Weekly 캡처 완료 (W)
[TradingView] Monthly 캡처 완료 (M)
[[NASDAQ/NYSE 차트분석]] VAL 차트 5개 처리 완료
[TradingView] VIST 브라우저 세션 시작  (로그인 세션)...
[TradingView] 1H 캡처 완료 (60)
[TradingView] 4H 캡처 완료 (240)
[TradingView] Daily 캡처 완료 (D)
[TradingView] Weekly 캡처 완료 (W)
[TradingView] Monthly 캡처 완료 (M)
[[NASDAQ/NYSE 차트분석]] VIST 차트 5개 처리 완료
[TradingView] OGN 브라우저 세션 시작  (로그인 세션)...
[TradingView] 1H 캡처 완료 (60)
[TradingView] 4H 캡처 완료 (240)
[TradingView] Daily 캡처 완료 (D)
[TradingView] Weekly 캡처 완료 (W)
[TradingView] Monthly 캡처 완료 (M)
[[NASDAQ/NYSE 차트분석]] OGN 차트 5개 처리 완료
[TradingView] BTDR 브라우저 세션 시작  (로그인 세션)...
[TradingView] 1H 캡처 완료 (60)
[TradingView] 4H 캡처 완료 (240)
[TradingView] Daily 캡처 완료 (D)
[TradingView] Weekly 캡처 완료 (W)
[TradingView] Monthly 캡처 완료 (M)
[[NASDAQ/NYSE 차트분석]] BTDR 차트 5개 처리 완료
[TradingView] FFIV 브라우저 세션 시작  (로그인 세션)...
[TradingView] 1H 캡처 완료 (60)
[TradingView] 4H 캡처 완료 (240)
[TradingView] Daily 캡처 완료 (D)
[TradingView] Weekly 캡처 완료 (W)
[TradingView] Monthly 캡처 완료 (M)
[[NASDAQ/NYSE 차트분석]] FFIV 차트 5개 처리 완료
[TradingView] BAND 브라우저 세션 시작  (로그인 세션)...
[TradingView] 1H 캡처 완료 (60)
[TradingView] 4H 캡처 완료 (240)
[TradingView] Daily 캡처 완료 (D)
[TradingView] Weekly 캡처 완료 (W)
[TradingView] Monthly 캡처 완료 (M)
[[NASDAQ/NYSE 차트분석]] BAND 차트 5개 처리 완료
[TradingView] CRWD 브라우저 세션 시작  (로그인 세션)...
[TradingView] 1H 캡처 완료 (60)
[TradingView] 4H 캡처 완료 (240)
[TradingView] Daily 캡처 완료 (D)
[TradingView] Weekly 캡처 완료 (W)
[TradingView] Monthly 캡처 완료 (M)
[[NASDAQ/NYSE 차트분석]] CRWD 차트 5개 처리 완료
[TradingView] FTNT 브라우저 세션 시작  (로그인 세션)...
[TradingView] 1H 캡처 완료 (60)
[TradingView] 4H 캡처 완료 (240)
[TradingView] Daily 캡처 완료 (D)
[TradingView] Weekly 캡처 완료 (W)
[TradingView] Monthly 캡처 완료 (M)
[[NASDAQ/NYSE 차트분석]] FTNT 차트 5개 처리 완료
[TradingView] HUM 브라우저 세션 시작  (로그인 세션)...
[TradingView] 1H 캡처 완료 (60)
[TradingView] 4H 캡처 완료 (240)
[TradingView] Daily 캡처 완료 (D)
[TradingView] Weekly 캡처 완료 (W)
[TradingView] Monthly 캡처 완료 (M)
[[NASDAQ/NYSE 차트분석]] HUM 차트 5개 처리 완료
[TradingView] LQDA 브라우저 세션 시작  (로그인 세션)...
[TradingView] 1H 캡처 완료 (60)
[TradingView] 4H 캡처 완료 (240)
[TradingView] Daily 캡처 완료 (D)
[TradingView] Weekly 캡처 완료 (W)
[TradingView] Monthly 캡처 완료 (M)
[[NASDAQ/NYSE 차트분석]] LQDA 차트 5개 처리 완료
[TradingView] SLNH 브라우저 세션 시작  (로그인 세션)...
[TradingView] 1H 캡처 완료 (60)
[TradingView] 4H 캡처 완료 (240)
[TradingView] Daily 캡처 완료 (D)
[TradingView] Weekly 캡처 완료 (W)
[TradingView] Monthly 캡처 완료 (M)
[[NASDAQ/NYSE 차트분석]] SLNH 차트 5개 처리 완료
[TradingView] GBTG 브라우저 세션 시작  (로그인 세션)...
[TradingView] 1H 캡처 완료 (60)
[TradingView] 4H 캡처 완료 (240)
[TradingView] Daily 캡처 완료 (D)
[TradingView] Weekly 캡처 완료 (W)
[TradingView] Monthly 캡처 완료 (M)
[[NASDAQ/NYSE 차트분석]] GBTG 차트 5개 처리 완료
[TradingView] SATL 브라우저 세션 시작  (로그인 세션)...
[TradingView] 1H 캡처 완료 (60)
[TradingView] 4H 캡처 완료 (240)
[TradingView] Daily 캡처 완료 (D)
[TradingView] Weekly 캡처 완료 (W)
[TradingView] Monthly 캡처 완료 (M)
[[NASDAQ/NYSE 차트분석]] SATL 차트 5개 처리 완료
[TradingView] WES 브라우저 세션 시작  (로그인 세션)...
[TradingView] 1H 캡처 완료 (60)
[TradingView] 4H 캡처 완료 (240)
[TradingView] Daily 캡처 완료 (D)
[TradingView] Weekly 캡처 완료 (W)
[TradingView] Monthly 캡처 완료 (M)
[[NASDAQ/NYSE 차트분석]] WES 차트 5개 처리 완료
[TradingView] WTTR 브라우저 세션 시작  (로그인 세션)...
[TradingView] 1H 캡처 완료 (60)
[TradingView] 4H 캡처 완료 (240)
[TradingView] Daily 캡처 완료 (D)
[TradingView] Weekly 캡처 완료 (W)
[TradingView] Monthly 캡처 완료 (M)
[[NASDAQ/NYSE 차트분석]] WTTR 차트 5개 처리 완료
[TradingView] SM 브라우저 세션 시작  (로그인 세션)...
[TradingView] 1H 캡처 완료 (60)
[TradingView] 4H 캡처 완료 (240)
[TradingView] Daily 캡처 완료 (D)
[TradingView] Weekly 캡처 완료 (W)
[TradingView] Monthly 캡처 완료 (M)
[[NASDAQ/NYSE 차트분석]] SM 차트 5개 처리 완료
[TradingView] NN 브라우저 세션 시작  (로그인 세션)...
[TradingView] 1H 캡처 완료 (60)
[TradingView] 4H 캡처 완료 (240)
[TradingView] Daily 캡처 완료 (D)
[TradingView] Weekly 캡처 완료 (W)
[TradingView] Monthly 캡처 완료 (M)
[[NASDAQ/NYSE 차트분석]] NN 차트 5개 처리 완료
[TradingView] QURE 브라우저 세션 시작  (로그인 세션)...
[TradingView] 1H 캡처 완료 (60)
[TradingView] 4H 캡처 완료 (240)
[TradingView] Daily 캡처 완료 (D)
[TradingView] Weekly 캡처 완료 (W)
[TradingView] Monthly 캡처 완료 (M)
[[NASDAQ/NYSE 차트분석]] QURE 차트 5개 처리 완료
[TradingView] HIVE 브라우저 세션 시작  (로그인 세션)...
[TradingView] 1H 캡처 완료 (60)
[TradingView] 4H 캡처 완료 (240)
[TradingView] Daily 캡처 완료 (D)
[TradingView] Weekly 캡처 완료 (W)
[TradingView] Monthly 캡처 완료 (M)
[[NASDAQ/NYSE 차트분석]] HIVE 차트 5개 처리 완료
[TradingView] RAMP 브라우저 세션 시작  (로그인 세션)...
[TradingView] 1H 캡처 완료 (60)
[TradingView] 4H 캡처 완료 (240)
[TradingView] Daily 캡처 완료 (D)
[TradingView] Weekly 캡처 완료 (W)
[TradingView] Monthly 캡처 완료 (M)
[[NASDAQ/NYSE 차트분석]] RAMP 차트 5개 처리 완료
[TradingView] GRPN 브라우저 세션 시작  (로그인 세션)...
[TradingView] 1H 캡처 완료 (60)
[TradingView] 4H 캡처 완료 (240)
[TradingView] Daily 캡처 완료 (D)
[TradingView] Weekly 캡처 완료 (W)
[TradingView] Monthly 캡처 완료 (M)
[[NASDAQ/NYSE 차트분석]] GRPN 차트 5개 처리 완료
[TradingView] SLS 브라우저 세션 시작  (로그인 세션)...
[TradingView] 1H 캡처 완료 (60)
[TradingView] 4H 캡처 완료 (240)
[TradingView] Daily 캡처 완료 (D)
[TradingView] Weekly 캡처 완료 (W)
[TradingView] Monthly 캡처 완료 (M)
[[NASDAQ/NYSE 차트분석]] SLS 차트 5개 처리 완료
[TradingView] CRML 브라우저 세션 시작  (로그인 세션)...
[TradingView] 1H 캡처 완료 (60)
[TradingView] 4H 캡처 완료 (240)
[TradingView] Daily 캡처 완료 (D)
[TradingView] Weekly 캡처 완료 (W)
[TradingView] Monthly 캡처 완료 (M)
[[NASDAQ/NYSE 차트분석]] CRML 차트 5개 처리 완료
[TradingView] AKAN 브라우저 세션 시작  (로그인 세션)...
[TradingView] 1H 캡처 완료 (60)
[TradingView] 4H 캡처 완료 (240)
[TradingView] Daily 캡처 완료 (D)
[TradingView] Weekly 캡처 완료 (W)
[TradingView] Monthly 캡처 완료 (M)
[[NASDAQ/NYSE 차트분석]] AKAN 차트 5개 처리 완료
[TradingView] ASST 브라우저 세션 시작  (로그인 세션)...
[TradingView] 1H 캡처 완료 (60)
[TradingView] 4H 캡처 완료 (240)
[TradingView] Daily 캡처 완료 (D)
[TradingView] Weekly 캡처 완료 (W)
[TradingView] Monthly 캡처 완료 (M)
[[NASDAQ/NYSE 차트분석]] ASST 차트 5개 처리 완료
[TradingView] BTBT 브라우저 세션 시작  (로그인 세션)...
[TradingView] 1H 캡처 완료 (60)
[TradingView] 4H 캡처 완료 (240)
[TradingView] Daily 캡처 완료 (D)
[TradingView] Weekly 캡처 완료 (W)
[TradingView] Monthly 캡처 완료 (M)
[[NASDAQ/NYSE 차트분석]] BTBT 차트 5개 처리 완료
[TradingView] LAC 브라우저 세션 시작  (로그인 세션)...
[TradingView] 1H 캡처 완료 (60)
[TradingView] 4H 캡처 완료 (240)
[TradingView] Daily 캡처 완료 (D)
[TradingView] Weekly 캡처 완료 (W)
[TradingView] Monthly 캡처 완료 (M)
[[NASDAQ/NYSE 차트분석]] LAC 차트 5개 처리 완료
[TradingView] BULL 브라우저 세션 시작  (로그인 세션)...
[TradingView] 1H 캡처 완료 (60)
[TradingView] 4H 캡처 완료 (240)
[TradingView] Daily 캡처 완료 (D)
[TradingView] Weekly 캡처 완료 (W)
[TradingView] Monthly 캡처 완료 (M)
[[NASDAQ/NYSE 차트분석]] BULL 차트 5개 처리 완료
[TradingView] SOUN 브라우저 세션 시작  (로그인 세션)...
[TradingView] 1H 캡처 완료 (60)
[TradingView] 4H 캡처 완료 (240)
[TradingView] Daily 캡처 완료 (D)
[TradingView] Weekly 캡처 완료 (W)
[TradingView] Monthly 캡처 완료 (M)
[[NASDAQ/NYSE 차트분석]] SOUN 차트 5개 처리 완료
[TradingView] SUNC 브라우저 세션 시작  (로그인 세션)...
[TradingView] 1H 캡처 완료 (60)
[TradingView] 4H 캡처 완료 (240)
[TradingView] Daily 캡처 완료 (D)
[TradingView] Weekly 캡처 완료 (W)
[TradingView] Monthly 캡처 완료 (M)
[[NASDAQ/NYSE 차트분석]] SUNC 차트 5개 처리 완료
[TradingView] CRK 브라우저 세션 시작  (로그인 세션)...
[TradingView] 1H 캡처 완료 (60)
[TradingView] 4H 캡처 완료 (240)
[TradingView] Daily 캡처 완료 (D)
[TradingView] Weekly 캡처 완료 (W)
[TradingView] Monthly 캡처 완료 (M)
[[NASDAQ/NYSE 차트분석]] CRK 차트 5개 처리 완료
[TradingView] VXX 브라우저 세션 시작  (로그인 세션)...
[TradingView] 1H 캡처 완료 (60)
[TradingView] 4H 캡처 완료 (240)
[TradingView] Daily 캡처 완료 (D)
[TradingView] Weekly 캡처 완료 (W)
[TradingView] Monthly 캡처 완료 (M)
[[NASDAQ/NYSE 차트분석]] VXX 차트 5개 처리 완료
[TradingView] RZLV 브라우저 세션 시작  (로그인 세션)...
[TradingView] 1H 캡처 완료 (60)
[TradingView] 4H 캡처 완료 (240)
[TradingView] Daily 캡처 완료 (D)
[TradingView] Weekly 캡처 완료 (W)
[TradingView] Monthly 캡처 완료 (M)
[[NASDAQ/NYSE 차트분석]] RZLV 차트 5개 처리 완료
[TradingView] FLO 브라우저 세션 시작  (로그인 세션)...
[TradingView] 1H 캡처 완료 (60)
[TradingView] 4H 캡처 완료 (240)
[TradingView] Daily 캡처 완료 (D)
[TradingView] Weekly 캡처 완료 (W)
[TradingView] Monthly 캡처 완료 (M)
[[NASDAQ/NYSE 차트분석]] FLO 차트 5개 처리 완료
[TradingView] BMI 브라우저 세션 시작  (로그인 세션)...
[TradingView] 1H 캡처 완료 (60)
[TradingView] 4H 캡처 완료 (240)
[TradingView] Daily 캡처 완료 (D)
[TradingView] Weekly 캡처 완료 (W)
[TradingView] Monthly 캡처 완료 (M)
[[NASDAQ/NYSE 차트분석]] BMI 차트 5개 처리 완료
[TradingView] EPAM 브라우저 세션 시작  (로그인 세션)...
[TradingView] 1H 캡처 완료 (60)
[TradingView] 4H 캡처 완료 (240)
[TradingView] Daily 캡처 완료 (D)
[TradingView] Weekly 캡처 완료 (W)
[TradingView] Monthly 캡처 완료 (M)
[[NASDAQ/NYSE 차트분석]] EPAM 차트 5개 처리 완료
[TradingView] BLSH 브라우저 세션 시작  (로그인 세션)...
[TradingView] 1H 캡처 완료 (60)
[TradingView] 4H 캡처 완료 (240)
[TradingView] Daily 캡처 완료 (D)
[TradingView] Weekly 캡처 완료 (W)
[TradingView] Monthly 캡처 완료 (M)
[[NASDAQ/NYSE 차트분석]] BLSH 차트 5개 처리 완료
[TradingView] HIMS 브라우저 세션 시작  (로그인 세션)...
[TradingView] 1H 캡처 완료 (60)
[TradingView] 4H 캡처 완료 (240)
[TradingView] Daily 캡처 완료 (D)
[TradingView] Weekly 캡처 완료 (W)
[TradingView] Monthly 캡처 완료 (M)
[[NASDAQ/NYSE 차트분석]] HIMS 차트 5개 처리 완료
[TradingView] PINS 브라우저 세션 시작  (로그인 세션)...
[TradingView] 1H 캡처 완료 (60)
[TradingView] 4H 캡처 완료 (240)
[TradingView] Daily 캡처 완료 (D)
[TradingView] Weekly 캡처 완료 (W)
[TradingView] Monthly 캡처 완료 (M)
[[NASDAQ/NYSE 차트분석]] PINS 차트 5개 처리 완료
[TradingView] RGTI 브라우저 세션 시작  (로그인 세션)...
[TradingView] 1H 캡처 완료 (60)
[TradingView] 4H 캡처 완료 (240)
[TradingView] Daily 캡처 완료 (D)
[TradingView] Weekly 캡처 완료 (W)
[TradingView] Monthly 캡처 완료 (M)
[[NASDAQ/NYSE 차트분석]] RGTI 차트 5개 처리 완료
[TradingView] PODD 브라우저 세션 시작  (로그인 세션)...
[TradingView] 1H 캡처 완료 (60)
[TradingView] 4H 캡처 완료 (240)
[TradingView] Daily 캡처 완료 (D)
[TradingView] Weekly 캡처 완료 (W)
[TradingView] Monthly 캡처 완료 (M)
[[NASDAQ/NYSE 차트분석]] PODD 차트 5개 처리 완료
[TradingView] WHR 브라우저 세션 시작  (로그인 세션)...
[TradingView] 1H 캡처 완료 (60)
[TradingView] 4H 캡처 완료 (240)
[TradingView] Daily 캡처 완료 (D)
[TradingView] Weekly 캡처 완료 (W)
[TradingView] Monthly 캡처 완료 (M)
[[NASDAQ/NYSE 차트분석]] WHR 차트 5개 처리 완료
[TradingView] BRBR 브라우저 세션 시작  (로그인 세션)...
[TradingView] 1H 캡처 완료 (60)
[TradingView] 4H 캡처 완료 (240)
[TradingView] Daily 캡처 완료 (D)
[TradingView] Weekly 캡처 완료 (W)
[TradingView] Monthly 캡처 완료 (M)
[[NASDAQ/NYSE 차트분석]] BRBR 차트 5개 처리 완료
[TradingView] LBRDK 브라우저 세션 시작  (로그인 세션)...
[TradingView] 1H 캡처 완료 (60)
[TradingView] 4H 캡처 완료 (240)
[TradingView] Daily 캡처 완료 (D)
[TradingView] Weekly 캡처 완료 (W)
[TradingView] Monthly 캡처 완료 (M)
[[NASDAQ/NYSE 차트분석]] LBRDK 차트 5개 처리 완료
[TradingView] SHAK 브라우저 세션 시작  (로그인 세션)...
[TradingView] 1H 캡처 완료 (60)
[TradingView] 4H 캡처 완료 (240)
[TradingView] Daily 캡처 완료 (D)
[TradingView] Weekly 캡처 완료 (W)
[TradingView] Monthly 캡처 완료 (M)
[[NASDAQ/NYSE 차트분석]] SHAK 차트 5개 처리 완료
[TradingView] TMDX 브라우저 세션 시작  (로그인 세션)...
[TradingView] 1H 캡처 완료 (60)
[TradingView] 4H 캡처 완료 (240)
[TradingView] Daily 캡처 완료 (D)
[TradingView] Weekly 캡처 완료 (W)
[TradingView] Monthly 캡처 완료 (M)
[[NASDAQ/NYSE 차트분석]] TMDX 차트 5개 처리 완료
[TradingView] WIX 브라우저 세션 시작  (로그인 세션)...
[TradingView] 1H 캡처 완료 (60)
[TradingView] 4H 캡처 완료 (240)
[TradingView] Daily 캡처 완료 (D)
[TradingView] Weekly 캡처 완료 (W)
[TradingView] Monthly 캡처 완료 (M)
[[NASDAQ/NYSE 차트분석]] WIX 차트 5개 처리 완료
[TradingView] ZTS 브라우저 세션 시작  (로그인 세션)...
[TradingView] 1H 캡처 완료 (60)
[TradingView] 4H 캡처 완료 (240)
[TradingView] Daily 캡처 완료 (D)
[TradingView] Weekly 캡처 완료 (W)
[TradingView] Monthly 캡처 완료 (M)
[[NASDAQ/NYSE 차트분석]] ZTS 차트 5개 처리 완료
[TradingView] EFOR 브라우저 세션 시작  (로그인 세션)...
[TradingView] 1H 캡처 완료 (60)
[TradingView] 4H 캡처 완료 (240)
[TradingView] Daily 캡처 완료 (D)
[TradingView] Weekly 캡처 완료 (W)
[TradingView] Monthly 캡처 완료 (M)
[[NASDAQ/NYSE 차트분석]] EFOR 차트 5개 처리 완료
[TradingView] INSP 브라우저 세션 시작  (로그인 세션)...
[TradingView] 1H 캡처 완료 (60)
[TradingView] 4H 캡처 완료 (240)
[TradingView] Daily 캡처 완료 (D)
[TradingView] Weekly 캡처 완료 (W)
[TradingView] Monthly 캡처 완료 (M)
[[NASDAQ/NYSE 차트분석]] INSP 차트 5개 처리 완료
[TradingView] KTOS 브라우저 세션 시작  (로그인 세션)...
[TradingView] 1H 캡처 완료 (60)
[TradingView] 4H 캡처 완료 (240)
[TradingView] Daily 캡처 완료 (D)
[TradingView] Weekly 캡처 완료 (W)
[TradingView] Monthly 캡처 완료 (M)
[[NASDAQ/NYSE 차트분석]] KTOS 차트 5개 처리 완료
[TradingView] KVYO 브라우저 세션 시작  (로그인 세션)...
[TradingView] 1H 캡처 완료 (60)
[TradingView] 4H 캡처 완료 (240)
[TradingView] Daily 캡처 완료 (D)
[TradingView] Weekly 캡처 완료 (W)
[TradingView] Monthly 캡처 완료 (M)
[[NASDAQ/NYSE 차트분석]] KVYO 차트 5개 처리 완료
[TradingView] MMYT 브라우저 세션 시작  (로그인 세션)...
[TradingView] 1H 캡처 완료 (60)
[TradingView] 4H 캡처 완료 (240)
[TradingView] Daily 캡처 완료 (D)
[TradingView] Weekly 캡처 완료 (W)
[TradingView] Monthly 캡처 완료 (M)
[[NASDAQ/NYSE 차트분석]] MMYT 차트 5개 처리 완료
[TradingView] NCNO 브라우저 세션 시작  (로그인 세션)...
[TradingView] 1H 캡처 완료 (60)
[TradingView] 4H 캡처 완료 (240)
[TradingView] Daily 캡처 완료 (D)
[TradingView] Weekly 캡처 완료 (W)
[TradingView] Monthly 캡처 완료 (M)
[[NASDAQ/NYSE 차트분석]] NCNO 차트 5개 처리 완료
[TradingView] PLNT 브라우저 세션 시작  (로그인 세션)...
[TradingView] 1H 캡처 완료 (60)
[TradingView] 4H 캡처 완료 (240)
[TradingView] Daily 캡처 완료 (D)
[TradingView] Weekly 캡처 완료 (W)
[TradingView] Monthly 캡처 완료 (M)
[[NASDAQ/NYSE 차트분석]] PLNT 차트 5개 처리 완료
[TradingView] PONY 브라우저 세션 시작  (로그인 세션)...
[TradingView] 1H 캡처 완료 (60)
[TradingView] 4H 캡처 완료 (240)
[TradingView] Daily 캡처 완료 (D)
[TradingView] Weekly 캡처 완료 (W)
[TradingView] Monthly 캡처 완료 (M)
[[NASDAQ/NYSE 차트분석]] PONY 차트 5개 처리 완료
[TradingView] RH 브라우저 세션 시작  (로그인 세션)...
[TradingView] 1H 캡처 완료 (60)
[TradingView] 4H 캡처 완료 (240)
[TradingView] Daily 캡처 완료 (D)
[TradingView] Weekly 캡처 완료 (W)
[TradingView] Monthly 캡처 완료 (M)
[[NASDAQ/NYSE 차트분석]] RH 차트 5개 처리 완료
[TradingView] TNDM 브라우저 세션 시작  (로그인 세션)...
[TradingView] 1H 캡처 완료 (60)
[TradingView] 4H 캡처 완료 (240)
[TradingView] Daily 캡처 완료 (D)
[TradingView] Weekly 캡처 완료 (W)
[TradingView] Monthly 캡처 완료 (M)
[[NASDAQ/NYSE 차트분석]] TNDM 차트 5개 처리 완료
[TradingView] TOST 브라우저 세션 시작  (로그인 세션)...
[TradingView] 1H 캡처 완료 (60)
[TradingView] 4H 캡처 완료 (240)
[TradingView] Daily 캡처 완료 (D)
[TradingView] Weekly 캡처 완료 (W)
[TradingView] Monthly 캡처 완료 (M)
[[NASDAQ/NYSE 차트분석]] TOST 차트 5개 처리 완료
[TradingView] VITL 브라우저 세션 시작  (로그인 세션)...
[TradingView] 1H 캡처 완료 (60)
[TradingView] 4H 캡처 완료 (240)
[TradingView] Daily 캡처 완료 (D)
[TradingView] Weekly 캡처 완료 (W)
[TradingView] Monthly 캡처 완료 (M)
[[NASDAQ/NYSE 차트분석]] VITL 차트 5개 처리 완료
[TradingView] W 브라우저 세션 시작  (로그인 세션)...
[TradingView] 1H 캡처 완료 (60)
[TradingView] 4H 캡처 완료 (240)
[TradingView] Daily 캡처 완료 (D)
[TradingView] Weekly 캡처 완료 (W)
[TradingView] Monthly 캡처 완료 (M)
[[NASDAQ/NYSE 차트분석]] W 차트 5개 처리 완료
[TradingView] WING 브라우저 세션 시작  (로그인 세션)...
[TradingView] 1H 캡처 완료 (60)
[TradingView] 4H 캡처 완료 (240)
[TradingView] Daily 캡처 완료 (D)
[TradingView] Weekly 캡처 완료 (W)
[TradingView] Monthly 캡처 완료 (M)
[[NASDAQ/NYSE 차트분석]] WING 차트 5개 처리 완료
[TradingView] FISV 브라우저 세션 시작  (로그인 세션)...
[TradingView] 1H 캡처 완료 (60)
[TradingView] 4H 캡처 완료 (240)
[TradingView] Daily 캡처 완료 (D)
[TradingView] Weekly 캡처 완료 (W)
[TradingView] Monthly 캡처 완료 (M)
[[NASDAQ/NYSE 차트분석]] FISV 차트 5개 처리 완료
[TradingView] OPEN 브라우저 세션 시작  (로그인 세션)...
[TradingView] 1H 캡처 완료 (60)
[TradingView] 4H 캡처 완료 (240)
[TradingView] Daily 캡처 완료 (D)
[TradingView] Weekly 캡처 완료 (W)
[TradingView] Monthly 캡처 완료 (M)
[[NASDAQ/NYSE 차트분석]] OPEN 차트 5개 처리 완료
[TradingView] CAI 브라우저 세션 시작  (로그인 세션)...
[TradingView] 1H 캡처 완료 (60)
[TradingView] 4H 캡처 완료 (240)
[TradingView] Daily 캡처 완료 (D)
[TradingView] Weekly 캡처 완료 (W)
[TradingView] Monthly 캡처 완료 (M)
[[NASDAQ/NYSE 차트분석]] CAI 차트 5개 처리 완료
[TradingView] DOCS 브라우저 세션 시작  (로그인 세션)...
[TradingView] 1H 캡처 완료 (60)
[TradingView] 4H 캡처 완료 (240)
[TradingView] Daily 캡처 완료 (D)
[TradingView] Weekly 캡처 완료 (W)
[TradingView] Monthly 캡처 완료 (M)
[[NASDAQ/NYSE 차트분석]] DOCS 차트 5개 처리 완료
[TradingView] SERV 브라우저 세션 시작  (로그인 세션)...
[TradingView] 1H 캡처 완료 (60)
[TradingView] 4H 캡처 완료 (240)
[TradingView] Daily 캡처 완료 (D)
[TradingView] Weekly 캡처 완료 (W)
[TradingView] Monthly 캡처 완료 (M)
[[NASDAQ/NYSE 차트분석]] SERV 차트 5개 처리 완료
[TradingView] TEM 브라우저 세션 시작  (로그인 세션)...
[TradingView] 1H 캡처 완료 (60)
[TradingView] 4H 캡처 완료 (240)
[TradingView] Daily 캡처 완료 (D)
[TradingView] Weekly 캡처 완료 (W)
[TradingView] Monthly 캡처 완료 (M)
[[NASDAQ/NYSE 차트분석]] TEM 차트 5개 처리 완료
[TradingView] TLRY 브라우저 세션 시작  (로그인 세션)...
[TradingView] 1H 캡처 완료 (60)
[TradingView] 4H 캡처 완료 (240)
[TradingView] Daily 캡처 완료 (D)
[TradingView] Weekly 캡처 완료 (W)
[TradingView] Monthly 캡처 완료 (M)
[[NASDAQ/NYSE 차트분석]] TLRY 차트 5개 처리 완료
[TradingView] TTD 브라우저 세션 시작  (로그인 세션)...
[TradingView] 1H 캡처 완료 (60)
[TradingView] 4H 캡처 완료 (240)
[TradingView] Daily 캡처 완료 (D)
[TradingView] Weekly 캡처 완료 (W)
[TradingView] Monthly 캡처 완료 (M)
[[NASDAQ/NYSE 차트분석]] TTD 차트 5개 처리 완료
[TradingView] AVAV 브라우저 세션 시작  (로그인 세션)...
[TradingView] 1H 캡처 완료 (60)
[TradingView] 4H 캡처 완료 (240)
[TradingView] Daily 캡처 완료 (D)
[TradingView] Weekly 캡처 완료 (W)
[TradingView] Monthly 캡처 완료 (M)
[[NASDAQ/NYSE 차트분석]] AVAV 차트 5개 처리 완료
[TradingView] CELH 브라우저 세션 시작  (로그인 세션)...
[TradingView] 1H 캡처 완료 (60)
[TradingView] 4H 캡처 완료 (240)
[TradingView] Daily 캡처 완료 (D)
[TradingView] Weekly 캡처 완료 (W)
[TradingView] Monthly 캡처 완료 (M)
[[NASDAQ/NYSE 차트분석]] CELH 차트 5개 처리 완료
[TradingView] FND 브라우저 세션 시작  (로그인 세션)...
[TradingView] 1H 캡처 완료 (60)
[TradingView] 4H 캡처 완료 (240)
[TradingView] Daily 캡처 완료 (D)
[TradingView] Weekly 캡처 완료 (W)
[TradingView] Monthly 캡처 완료 (M)
[[NASDAQ/NYSE 차트분석]] FND 차트 5개 처리 완료
[TradingView] KSS 브라우저 세션 시작  (로그인 세션)...
[TradingView] 1H 캡처 완료 (60)
[TradingView] 4H 캡처 완료 (240)
[TradingView] Daily 캡처 완료 (D)
[TradingView] Weekly 캡처 완료 (W)
[TradingView] Monthly 캡처 완료 (M)
[[NASDAQ/NYSE 차트분석]] KSS 차트 5개 처리 완료
[TradingView] LCID 브라우저 세션 시작  (로그인 세션)...
[TradingView] 1H 캡처 완료 (60)
[TradingView] 4H 캡처 완료 (240)
[TradingView] Daily 캡처 완료 (D)
[TradingView] Weekly 캡처 완료 (W)
[TradingView] Monthly 캡처 완료 (M)
[[NASDAQ/NYSE 차트분석]] LCID 차트 5개 처리 완료
[TradingView] WGS 브라우저 세션 시작  (로그인 세션)...
[TradingView] 1H 캡처 완료 (60)
[TradingView] 4H 캡처 완료 (240)
[TradingView] Daily 캡처 완료 (D)
[TradingView] Weekly 캡처 완료 (W)
[TradingView] Monthly 캡처 완료 (M)
[[NASDAQ/NYSE 차트분석]] WGS 차트 5개 처리 완료
[[NASDAQ/NYSE 차트분석]] 차트 캡처 완료
[[NASDAQ/NYSE 차트분석]] GitHub에 차트 이미지 푸시 중...
[main c59959a] Update NASDAQ/NYSE chart screenshots 1779263080
 1185 files changed, 0 insertions(+), 0 deletions(-)
 delete mode 100644 charts/screenshots_nasdaq/AESI/AESI_1H_20260519_204013.png
 create mode 100644 charts/screenshots_nasdaq/AESI/AESI_1H_20260520_063808.png
 delete mode 100644 charts/screenshots_nasdaq/AESI/AESI_4H_20260519_204013.png
 create mode 100644 charts/screenshots_nasdaq/AESI/AESI_4H_20260520_063808.png
 delete mode 100644 charts/screenshots_nasdaq/AESI/AESI_Daily_20260519_204013.png
 create mode 100644 charts/screenshots_nasdaq/AESI/AESI_Daily_20260520_063808.png
 delete mode 100644 charts/screenshots_nasdaq/AESI/AESI_Monthly_20260519_204013.png
 create mode 100644 charts/screenshots_nasdaq/AESI/AESI_Monthly_20260520_063808.png
 delete mode 100644 charts/screenshots_nasdaq/AESI/AESI_Weekly_20260519_204013.png
 create mode 100644 charts/screenshots_nasdaq/AESI/AESI_Weekly_20260520_063808.png
 delete mode 100644 charts/screenshots_nasdaq/AGPU/AGPU_1H_20260519_211439.png
 delete mode 100644 charts/screenshots_nasdaq/AGPU/AGPU_4H_20260519_211439.png
 delete mode 100644 charts/screenshots_nasdaq/AGPU/AGPU_Daily_20260519_211439.png
 delete mode 100644 charts/screenshots_nasdaq/AGPU/AGPU_Monthly_20260519_211439.png
 delete mode 100644 charts/screenshots_nasdaq/AGPU/AGPU_Weekly_20260519_211439.png
 delete mode 100644 charts/screenshots_nasdaq/AKAN/AKAN_1H_20260519_210813.png
 create mode 100644 charts/screenshots_nasdaq/AKAN/AKAN_1H_20260520_071059.png
 delete mode 100644 charts/screenshots_nasdaq/AKAN/AKAN_4H_20260519_210813.png
 create mode 100644 charts/screenshots_nasdaq/AKAN/AKAN_4H_20260520_071059.png
 delete mode 100644 charts/screenshots_nasdaq/AKAN/AKAN_Daily_20260519_210813.png
 create mode 100644 charts/screenshots_nasdaq/AKAN/AKAN_Daily_20260520_071059.png
 delete mode 100644 charts/screenshots_nasdaq/AKAN/AKAN_Monthly_20260519_210813.png
 create mode 100644 charts/screenshots_nasdaq/AKAN/AKAN_Monthly_20260520_071059.png
 delete mode 100644 charts/screenshots_nasdaq/AKAN/AKAN_Weekly_20260519_210813.png
 create mode 100644 charts/screenshots_nasdaq/AKAN/AKAN_Weekly_20260520_071059.png
 delete mode 100644 charts/screenshots_nasdaq/ALAB/ALAB_1H_20260519_203230.png
 create mode 100644 charts/screenshots_nasdaq/ALAB/ALAB_1H_20260520_064738.png
 delete mode 100644 charts/screenshots_nasdaq/ALAB/ALAB_4H_20260519_203230.png
 create mode 100644 charts/screenshots_nasdaq/ALAB/ALAB_4H_20260520_064738.png
 delete mode 100644 charts/screenshots_nasdaq/ALAB/ALAB_Daily_20260519_203230.png
 create mode 100644 charts/screenshots_nasdaq/ALAB/ALAB_Daily_20260520_064738.png
 delete mode 100644 charts/screenshots_nasdaq/ALAB/ALAB_Monthly_20260519_203230.png
 create mode 100644 charts/screenshots_nasdaq/ALAB/ALAB_Monthly_20260520_064738.png
 delete mode 100644 charts/screenshots_nasdaq/ALAB/ALAB_Weekly_20260519_203230.png
 create mode 100644 charts/screenshots_nasdaq/ALAB/ALAB_Weekly_20260520_064738.png
 delete mode 100644 charts/screenshots_nasdaq/AMBQ/AMBQ_1H_20260519_203348.png
 create mode 100644 charts/screenshots_nasdaq/AMBQ/AMBQ_1H_20260520_065552.png
 delete mode 100644 charts/screenshots_nasdaq/AMBQ/AMBQ_4H_20260519_203348.png
 create mode 100644 charts/screenshots_nasdaq/AMBQ/AMBQ_4H_20260520_065552.png
 delete mode 100644 charts/screenshots_nasdaq/AMBQ/AMBQ_Daily_20260519_203348.png
 create mode 100644 charts/screenshots_nasdaq/AMBQ/AMBQ_Daily_20260520_065552.png
 delete mode 100644 charts/screenshots_nasdaq/AMBQ/AMBQ_Monthly_20260519_203348.png
 create mode 100644 charts/screenshots_nasdaq/AMBQ/AMBQ_Monthly_20260520_065552.png
 delete mode 100644 charts/screenshots_nasdaq/AMBQ/AMBQ_Weekly_20260519_203348.png
 create mode 100644 charts/screenshots_nasdaq/AMBQ/AMBQ_Weekly_20260520_065552.png
 delete mode 100644 charts/screenshots_nasdaq/ASST/ASST_1H_20260519_210851.png
 create mode 100644 charts/screenshots_nasdaq/ASST/ASST_1H_20260520_071136.png
 delete mode 100644 charts/screenshots_nasdaq/ASST/ASST_4H_20260519_210851.png
 create mode 100644 charts/screenshots_nasdaq/ASST/ASST_4H_20260520_071136.png
 delete mode 100644 charts/screenshots_nasdaq/ASST/ASST_Daily_20260519_210851.png
 create mode 100644 charts/screenshots_nasdaq/ASST/ASST_Daily_20260520_071136.png
 delete mode 100644 charts/screenshots_nasdaq/ASST/ASST_Monthly_20260519_210851.png
 create mode 100644 charts/screenshots_nasdaq/ASST/ASST_Monthly_20260520_071136.png
 delete mode 100644 charts/screenshots_nasdaq/ASST/ASST_Weekly_20260519_210851.png
 create mode 100644 charts/screenshots_nasdaq/ASST/ASST_Weekly_20260520_071136.png
 delete mode 100644 charts/screenshots_nasdaq/ATEC/ATEC_1H_20260519_213429.png
 delete mode 100644 charts/screenshots_nasdaq/ATEC/ATEC_4H_20260519_213429.png
 delete mode 100644 charts/screenshots_nasdaq/ATEC/ATEC_Daily_20260519_213429.png
 delete mode 100644 charts/screenshots_nasdaq/ATEC/ATEC_Monthly_20260519_213429.png
 delete mode 100644 charts/screenshots_nasdaq/ATEC/ATEC_Weekly_20260519_213429.png
 delete mode 100644 charts/screenshots_nasdaq/AVAV/AVAV_1H_20260519_214058.png
 create mode 100644 charts/screenshots_nasdaq/AVAV/AVAV_1H_20260520_074042.png
 delete mode 100644 charts/screenshots_nasdaq/AVAV/AVAV_4H_20260519_214058.png
 create mode 100644 charts/screenshots_nasdaq/AVAV/AVAV_4H_20260520_074042.png
 delete mode 100644 charts/screenshots_nasdaq/AVAV/AVAV_Daily_20260519_214058.png
 create mode 100644 charts/screenshots_nasdaq/AVAV/AVAV_Daily_20260520_074042.png
 delete mode 100644 charts/screenshots_nasdaq/AVAV/AVAV_Monthly_20260519_214058.png
 create mode 100644 charts/screenshots_nasdaq/AVAV/AVAV_Monthly_20260520_074042.png
 delete mode 100644 charts/screenshots_nasdaq/AVAV/AVAV_Weekly_20260519_214058.png
 create mode 100644 charts/screenshots_nasdaq/AVAV/AVAV_Weekly_20260520_074042.png
 delete mode 100644 charts/screenshots_nasdaq/AVTR/AVTR_1H_20260519_214604.png
 delete mode 100644 charts/screenshots_nasdaq/AVTR/AVTR_4H_20260519_214604.png
 delete mode 100644 charts/screenshots_nasdaq/AVTR/AVTR_Daily_20260519_214604.png
 delete mode 100644 charts/screenshots_nasdaq/AVTR/AVTR_Monthly_20260519_214604.png
 delete mode 100644 charts/screenshots_nasdaq/AVTR/AVTR_Weekly_20260519_214604.png
 delete mode 100644 charts/screenshots_nasdaq/AXGN/AXGN_1H_20260519_203701.png
 create mode 100644 charts/screenshots_nasdaq/AXGN/AXGN_1H_20260520_063613.png
 delete mode 100644 charts/screenshots_nasdaq/AXGN/AXGN_4H_20260519_203701.png
 create mode 100644 charts/screenshots_nasdaq/AXGN/AXGN_4H_20260520_063613.png
 delete mode 100644 charts/screenshots_nasdaq/AXGN/AXGN_Daily_20260519_203701.png
 create mode 100644 charts/screenshots_nasdaq/AXGN/AXGN_Daily_20260520_063613.png
 delete mode 100644 charts/screenshots_nasdaq/AXGN/AXGN_Monthly_20260519_203701.png
 create mode 100644 charts/screenshots_nasdaq/AXGN/AXGN_Monthly_20260520_063613.png
 delete mode 100644 charts/screenshots_nasdaq/AXGN/AXGN_Weekly_20260519_203701.png
 create mode 100644 charts/screenshots_nasdaq/AXGN/AXGN_Weekly_20260520_063613.png
 delete mode 100644 charts/screenshots_nasdaq/BAND/BAND_1H_20260519_205336.png
 create mode 100644 charts/screenshots_nasdaq/BAND/BAND_1H_20260520_065939.png
 delete mode 100644 charts/screenshots_nasdaq/BAND/BAND_4H_20260519_205336.png
 create mode 100644 charts/screenshots_nasdaq/BAND/BAND_4H_20260520_065939.png
 delete mode 100644 charts/screenshots_nasdaq/BAND/BAND_Daily_20260519_205336.png
 create mode 100644 charts/screenshots_nasdaq/BAND/BAND_Daily_20260520_065939.png
 delete mode 100644 charts/screenshots_nasdaq/BAND/BAND_Monthly_20260519_205336.png
 create mode 100644 charts/screenshots_nasdaq/BAND/BAND_Monthly_20260520_065939.png
 delete mode 100644 charts/screenshots_nasdaq/BAND/BAND_Weekly_20260519_205336.png
 create mode 100644 charts/screenshots_nasdaq/BAND/BAND_Weekly_20260520_065939.png
 delete mode 100644 charts/screenshots_nasdaq/BLSH/BLSH_1H_20260519_211751.png
 create mode 100644 charts/screenshots_nasdaq/BLSH/BLSH_1H_20260520_071911.png
 delete mode 100644 charts/screenshots_nasdaq/BLSH/BLSH_4H_20260519_211751.png
 create mode 100644 charts/screenshots_nasdaq/BLSH/BLSH_4H_20260520_071911.png
 delete mode 100644 charts/screenshots_nasdaq/BLSH/BLSH_Daily_20260519_211751.png
 create mode 100644 charts/screenshots_nasdaq/BLSH/BLSH_Daily_20260520_071911.png
 delete mode 100644 charts/screenshots_nasdaq/BLSH/BLSH_Monthly_20260519_211751.png
 create mode 100644 charts/screenshots_nasdaq/BLSH/BLSH_Monthly_20260520_071911.png
 delete mode 100644 charts/screenshots_nasdaq/BLSH/BLSH_Weekly_20260519_211751.png
 create mode 100644 charts/screenshots_nasdaq/BLSH/BLSH_Weekly_20260520_071911.png
 delete mode 100644 charts/screenshots_nasdaq/BMI/BMI_1H_20260519_212217.png
 create mode 100644 charts/screenshots_nasdaq/BMI/BMI_1H_20260520_071755.png
 delete mode 100644 charts/screenshots_nasdaq/BMI/BMI_4H_20260519_212217.png
 create mode 100644 charts/screenshots_nasdaq/BMI/BMI_4H_20260520_071755.png
 delete mode 100644 charts/screenshots_nasdaq/BMI/BMI_Daily_20260519_212217.png
 create mode 100644 charts/screenshots_nasdaq/BMI/BMI_Daily_20260520_071755.png
 delete mode 100644 charts/screenshots_nasdaq/BMI/BMI_Monthly_20260519_212217.png
 create mode 100644 charts/screenshots_nasdaq/BMI/BMI_Monthly_20260520_071755.png
 delete mode 100644 charts/screenshots_nasdaq/BMI/BMI_Weekly_20260519_212217.png
 create mode 100644 charts/screenshots_nasdaq/BMI/BMI_Weekly_20260520_071755.png
 delete mode 100644 charts/screenshots_nasdaq/BRBR/BRBR_1H_20260519_212256.png
 create mode 100644 charts/screenshots_nasdaq/BRBR/BRBR_1H_20260520_072300.png
 delete mode 100644 charts/screenshots_nasdaq/BRBR/BRBR_4H_20260519_212256.png
 create mode 100644 charts/screenshots_nasdaq/BRBR/BRBR_4H_20260520_072300.png
 delete mode 100644 charts/screenshots_nasdaq/BRBR/BRBR_Daily_20260519_212256.png
 create mode 100644 charts/screenshots_nasdaq/BRBR/BRBR_Daily_20260520_072300.png
 delete mode 100644 charts/screenshots_nasdaq/BRBR/BRBR_Monthly_20260519_212256.png
 create mode 100644 charts/screenshots_nasdaq/BRBR/BRBR_Monthly_20260520_072300.png
 delete mode 100644 charts/screenshots_nasdaq/BRBR/BRBR_Weekly_20260519_212256.png
 create mode 100644 charts/screenshots_nasdaq/BRBR/BRBR_Weekly_20260520_072300.png
 delete mode 100644 charts/screenshots_nasdaq/BTBT/BTBT_1H_20260519_210930.png
 create mode 100644 charts/screenshots_nasdaq/BTBT/BTBT_1H_20260520_071215.png
 delete mode 100644 charts/screenshots_nasdaq/BTBT/BTBT_4H_20260519_210930.png
 create mode 100644 charts/screenshots_nasdaq/BTBT/BTBT_4H_20260520_071215.png
 delete mode 100644 charts/screenshots_nasdaq/BTBT/BTBT_Daily_20260519_210930.png
 create mode 100644 charts/screenshots_nasdaq/BTBT/BTBT_Daily_20260520_071215.png
 delete mode 100644 charts/screenshots_nasdaq/BTBT/BTBT_Monthly_20260519_210930.png
 create mode 100644 charts/screenshots_nasdaq/BTBT/BTBT_Monthly_20260520_071215.png
 delete mode 100644 charts/screenshots_nasdaq/BTBT/BTBT_Weekly_20260519_210930.png
 create mode 100644 charts/screenshots_nasdaq/BTBT/BTBT_Weekly_20260520_071215.png
 delete mode 100644 charts/screenshots_nasdaq/BTDR/BTDR_1H_20260519_205218.png
 create mode 100644 charts/screenshots_nasdaq/BTDR/BTDR_1H_20260520_065823.png
 delete mode 100644 charts/screenshots_nasdaq/BTDR/BTDR_4H_20260519_205218.png
 create mode 100644 charts/screenshots_nasdaq/BTDR/BTDR_4H_20260520_065823.png
 delete mode 100644 charts/screenshots_nasdaq/BTDR/BTDR_Daily_20260519_205218.png
 create mode 100644 charts/screenshots_nasdaq/BTDR/BTDR_Daily_20260520_065823.png
 delete mode 100644 charts/screenshots_nasdaq/BTDR/BTDR_Monthly_20260519_205218.png
 create mode 100644 charts/screenshots_nasdaq/BTDR/BTDR_Monthly_20260520_065823.png
 delete mode 100644 charts/screenshots_nasdaq/BTDR/BTDR_Weekly_20260519_205218.png
 create mode 100644 charts/screenshots_nasdaq/BTDR/BTDR_Weekly_20260520_065823.png
 delete mode 100644 charts/screenshots_nasdaq/BTE/BTE_1H_20260519_203739.png
 create mode 100644 charts/screenshots_nasdaq/BTE/BTE_1H_20260520_063730.png
 delete mode 100644 charts/screenshots_nasdaq/BTE/BTE_4H_20260519_203739.png
 create mode 100644 charts/screenshots_nasdaq/BTE/BTE_4H_20260520_063730.png
 delete mode 100644 charts/screenshots_nasdaq/BTE/BTE_Daily_20260519_203739.png
 create mode 100644 charts/screenshots_nasdaq/BTE/BTE_Daily_20260520_063730.png
 delete mode 100644 charts/screenshots_nasdaq/BTE/BTE_Monthly_20260519_203739.png
 create mode 100644 charts/screenshots_nasdaq/BTE/BTE_Monthly_20260520_063730.png
 delete mode 100644 charts/screenshots_nasdaq/BTE/BTE_Weekly_20260519_203739.png
 create mode 100644 charts/screenshots_nasdaq/BTE/BTE_Weekly_20260520_063730.png
 delete mode 100644 charts/screenshots_nasdaq/BTI/BTI_1H_20260519_204752.png
 create mode 100644 charts/screenshots_nasdaq/BTI/BTI_1H_20260520_065049.png
 delete mode 100644 charts/screenshots_nasdaq/BTI/BTI_4H_20260519_204752.png
 create mode 100644 charts/screenshots_nasdaq/BTI/BTI_4H_20260520_065049.png
 delete mode 100644 charts/screenshots_nasdaq/BTI/BTI_Daily_20260519_204752.png
 create mode 100644 charts/screenshots_nasdaq/BTI/BTI_Daily_20260520_065049.png
 delete mode 100644 charts/screenshots_nasdaq/BTI/BTI_Monthly_20260519_204752.png
 create mode 100644 charts/screenshots_nasdaq/BTI/BTI_Monthly_20260520_065049.png
 delete mode 100644 charts/screenshots_nasdaq/BTI/BTI_Weekly_20260519_204752.png
 create mode 100644 charts/screenshots_nasdaq/BTI/BTI_Weekly_20260520_065049.png
 delete mode 100644 charts/screenshots_nasdaq/BTSG/BTSG_1H_20260519_204051.png
 create mode 100644 charts/screenshots_nasdaq/BTSG/BTSG_1H_20260520_064349.png
 delete mode 100644 charts/screenshots_nasdaq/BTSG/BTSG_4H_20260519_204051.png
 create mode 100644 charts/screenshots_nasdaq/BTSG/BTSG_4H_20260520_064349.png
 delete mode 100644 charts/screenshots_nasdaq/BTSG/BTSG_Daily_20260519_204051.png
 create mode 100644 charts/screenshots_nasdaq/BTSG/BTSG_Daily_20260520_064349.png
 delete mode 100644 charts/screenshots_nasdaq/BTSG/BTSG_Monthly_20260519_204051.png
 create mode 100644 charts/screenshots_nasdaq/BTSG/BTSG_Monthly_20260520_064349.png
 delete mode 100644 charts/screenshots_nasdaq/BTSG/BTSG_Weekly_20260519_204051.png
 create mode 100644 charts/screenshots_nasdaq/BTSG/BTSG_Weekly_20260520_064349.png
 delete mode 100644 charts/screenshots_nasdaq/BUD/BUD_1H_20260519_204130.png
 create mode 100644 charts/screenshots_nasdaq/BUD/BUD_1H_20260520_064427.png
 delete mode 100644 charts/screenshots_nasdaq/BUD/BUD_4H_20260519_204130.png
 create mode 100644 charts/screenshots_nasdaq/BUD/BUD_4H_20260520_064427.png
 delete mode 100644 charts/screenshots_nasdaq/BUD/BUD_Daily_20260519_204130.png
 create mode 100644 charts/screenshots_nasdaq/BUD/BUD_Daily_20260520_064427.png
 delete mode 100644 charts/screenshots_nasdaq/BUD/BUD_Monthly_20260519_204130.png
 create mode 100644 charts/screenshots_nasdaq/BUD/BUD_Monthly_20260520_064427.png
 delete mode 100644 charts/screenshots_nasdaq/BUD/BUD_Weekly_20260519_204130.png
 create mode 100644 charts/screenshots_nasdaq/BUD/BUD_Weekly_20260520_064427.png
 delete mode 100644 charts/screenshots_nasdaq/BULL/BULL_1H_20260519_211126.png
 create mode 100644 charts/screenshots_nasdaq/BULL/BULL_1H_20260520_071330.png
 delete mode 100644 charts/screenshots_nasdaq/BULL/BULL_4H_20260519_211126.png
 create mode 100644 charts/screenshots_nasdaq/BULL/BULL_4H_20260520_071330.png
 delete mode 100644 charts/screenshots_nasdaq/BULL/BULL_Daily_20260519_211126.png
 create mode 100644 charts/screenshots_nasdaq/BULL/BULL_Daily_20260520_071330.png
 delete mode 100644 charts/screenshots_nasdaq/BULL/BULL_Monthly_20260519_211126.png
 create mode 100644 charts/screenshots_nasdaq/BULL/BULL_Monthly_20260520_071330.png
 delete mode 100644 charts/screenshots_nasdaq/BULL/BULL_Weekly_20260519_211126.png
 create mode 100644 charts/screenshots_nasdaq/BULL/BULL_Weekly_20260520_071330.png
 delete mode 100644 charts/screenshots_nasdaq/CAI/CAI_1H_20260519_213705.png
 create mode 100644 charts/screenshots_nasdaq/CAI/CAI_1H_20260520_073653.png
 delete mode 100644 charts/screenshots_nasdaq/CAI/CAI_4H_20260519_213705.png
 create mode 100644 charts/screenshots_nasdaq/CAI/CAI_4H_20260520_073653.png
 delete mode 100644 charts/screenshots_nasdaq/CAI/CAI_Daily_20260519_213705.png
 create mode 100644 charts/screenshots_nasdaq/CAI/CAI_Daily_20260520_073653.png
 delete mode 100644 charts/screenshots_nasdaq/CAI/CAI_Monthly_20260519_213705.png
 create mode 100644 charts/screenshots_nasdaq/CAI/CAI_Monthly_20260520_073653.png
 delete mode 100644 charts/screenshots_nasdaq/CAI/CAI_Weekly_20260519_213705.png
 create mode 100644 charts/screenshots_nasdaq/CAI/CAI_Weekly_20260520_073653.png
 delete mode 100644 charts/screenshots_nasdaq/CBOE/CBOE_1H_20260519_204208.png
 create mode 100644 charts/screenshots_nasdaq/CBOE/CBOE_1H_20260520_064505.png
 delete mode 100644 charts/screenshots_nasdaq/CBOE/CBOE_4H_20260519_204208.png
 create mode 100644 charts/screenshots_nasdaq/CBOE/CBOE_4H_20260520_064505.png
 delete mode 100644 charts/screenshots_nasdaq/CBOE/CBOE_Daily_20260519_204208.png
 create mode 100644 charts/screenshots_nasdaq/CBOE/CBOE_Daily_20260520_064505.png
 delete mode 100644 charts/screenshots_nasdaq/CBOE/CBOE_Monthly_20260519_204208.png
 create mode 100644 charts/screenshots_nasdaq/CBOE/CBOE_Monthly_20260520_064505.png
 delete mode 100644 charts/screenshots_nasdaq/CBOE/CBOE_Weekly_20260519_204208.png
 create mode 100644 charts/screenshots_nasdaq/CBOE/CBOE_Weekly_20260520_064505.png
 delete mode 100644 charts/screenshots_nasdaq/CCC/CCC_1H_20260519_214642.png
 delete mode 100644 charts/screenshots_nasdaq/CCC/CCC_4H_20260519_214642.png
 delete mode 100644 charts/screenshots_nasdaq/CCC/CCC_Daily_20260519_214642.png
 delete mode 100644 charts/screenshots_nasdaq/CCC/CCC_Monthly_20260519_214642.png
 delete mode 100644 charts/screenshots_nasdaq/CCC/CCC_Weekly_20260519_214642.png
 delete mode 100644 charts/screenshots_nasdaq/CELH/CELH_1H_20260519_214137.png
 create mode 100644 charts/screenshots_nasdaq/CELH/CELH_1H_20260520_074120.png
 delete mode 100644 charts/screenshots_nasdaq/CELH/CELH_4H_20260519_214137.png
 create mode 100644 charts/screenshots_nasdaq/CELH/CELH_4H_20260520_074120.png
 delete mode 100644 charts/screenshots_nasdaq/CELH/CELH_Daily_20260519_214137.png
 create mode 100644 charts/screenshots_nasdaq/CELH/CELH_Daily_20260520_074120.png
 delete mode 100644 charts/screenshots_nasdaq/CELH/CELH_Monthly_20260519_214137.png
 create mode 100644 charts/screenshots_nasdaq/CELH/CELH_Monthly_20260520_074120.png
 delete mode 100644 charts/screenshots_nasdaq/CELH/CELH_Weekly_20260519_214137.png
 create mode 100644 charts/screenshots_nasdaq/CELH/CELH_Weekly_20260520_074120.png
 delete mode 100644 charts/screenshots_nasdaq/COUR/COUR_1H_20260519_214720.png
 delete mode 100644 charts/screenshots_nasdaq/COUR/COUR_4H_20260519_214720.png
 delete mode 100644 charts/screenshots_nasdaq/COUR/COUR_Daily_20260519_214720.png
 delete mode 100644 charts/screenshots_nasdaq/COUR/COUR_Monthly_20260519_214720.png
 delete mode 100644 charts/screenshots_nasdaq/COUR/COUR_Weekly_20260519_214720.png
 delete mode 100644 charts/screenshots_nasdaq/CPRX/CPRX_1H_20260519_203818.png
 create mode 100644 charts/screenshots_nasdaq/CPRX/CPRX_1H_20260520_064155.png
 delete mode 100644 charts/screenshots_nasdaq/CPRX/CPRX_4H_20260519_203818.png
 create mode 100644 charts/screenshots_nasdaq/CPRX/CPRX_4H_20260520_064155.png
 delete mode 100644 charts/screenshots_nasdaq/CPRX/CPRX_Daily_20260519_203818.png
 create mode 100644 charts/screenshots_nasdaq/CPRX/CPRX_Daily_20260520_064155.png
 delete mode 100644 charts/screenshots_nasdaq/CPRX/CPRX_Monthly_20260519_203818.png
 create mode 100644 charts/screenshots_nasdaq/CPRX/CPRX_Monthly_20260520_064155.png
 delete mode 100644 charts/screenshots_nasdaq/CPRX/CPRX_Weekly_20260519_203818.png
 create mode 100644 charts/screenshots_nasdaq/CPRX/CPRX_Weekly_20260520_064155.png
 delete mode 100644 charts/screenshots_nasdaq/CRCL/CRCL_1H_20260519_204713.png
 create mode 100644 charts/screenshots_nasdaq/CRCL/CRCL_1H_20260520_065011.png
 delete mode 100644 charts/screenshots_nasdaq/CRCL/CRCL_4H_20260519_204713.png
 create mode 100644 charts/screenshots_nasdaq/CRCL/CRCL_4H_20260520_065011.png
 delete mode 100644 charts/screenshots_nasdaq/CRCL/CRCL_Daily_20260519_204713.png
 create mode 100644 charts/screenshots_nasdaq/CRCL/CRCL_Daily_20260520_065011.png
 delete mode 100644 charts/screenshots_nasdaq/CRCL/CRCL_Monthly_20260519_204713.png
 create mode 100644 charts/screenshots_nasdaq/CRCL/CRCL_Monthly_20260520_065011.png
 delete mode 100644 charts/screenshots_nasdaq/CRCL/CRCL_Weekly_20260519_204713.png
 create mode 100644 charts/screenshots_nasdaq/CRCL/CRCL_Weekly_20260520_065011.png
 delete mode 100644 charts/screenshots_nasdaq/CRK/CRK_1H_20260519_211556.png
 create mode 100644 charts/screenshots_nasdaq/CRK/CRK_1H_20260520_071524.png
 delete mode 100644 charts/screenshots_nasdaq/CRK/CRK_4H_20260519_211556.png
 create mode 100644 charts/screenshots_nasdaq/CRK/CRK_4H_20260520_071524.png
 delete mode 100644 charts/screenshots_nasdaq/CRK/CRK_Daily_20260519_211556.png
 create mode 100644 charts/screenshots_nasdaq/CRK/CRK_Daily_20260520_071524.png
 delete mode 100644 charts/screenshots_nasdaq/CRK/CRK_Monthly_20260519_211556.png
 create mode 100644 charts/screenshots_nasdaq/CRK/CRK_Monthly_20260520_071524.png
 delete mode 100644 charts/screenshots_nasdaq/CRK/CRK_Weekly_20260519_211556.png
 create mode 100644 charts/screenshots_nasdaq/CRK/CRK_Weekly_20260520_071524.png
 delete mode 100644 charts/screenshots_nasdaq/CRML/CRML_1H_20260519_210734.png
 create mode 100644 charts/screenshots_nasdaq/CRML/CRML_1H_20260520_071021.png
 delete mode 100644 charts/screenshots_nasdaq/CRML/CRML_4H_20260519_210734.png
 create mode 100644 charts/screenshots_nasdaq/CRML/CRML_4H_20260520_071021.png
 delete mode 100644 charts/screenshots_nasdaq/CRML/CRML_Daily_20260519_210734.png
 create mode 100644 charts/screenshots_nasdaq/CRML/CRML_Daily_20260520_071021.png
 delete mode 100644 charts/screenshots_nasdaq/CRML/CRML_Monthly_20260519_210734.png
 create mode 100644 charts/screenshots_nasdaq/CRML/CRML_Monthly_20260520_071021.png
 delete mode 100644 charts/screenshots_nasdaq/CRML/CRML_Weekly_20260519_210734.png
 create mode 100644 charts/screenshots_nasdaq/CRML/CRML_Weekly_20260520_071021.png
 delete mode 100644 charts/screenshots_nasdaq/CRWD/CRWD_1H_20260519_203426.png
 create mode 100644 charts/screenshots_nasdaq/CRWD/CRWD_1H_20260520_070017.png
 delete mode 100644 charts/screenshots_nasdaq/CRWD/CRWD_4H_20260519_203426.png
 create mode 100644 charts/screenshots_nasdaq/CRWD/CRWD_4H_20260520_070017.png
 delete mode 100644 charts/screenshots_nasdaq/CRWD/CRWD_Daily_20260519_203426.png
 create mode 100644 charts/screenshots_nasdaq/CRWD/CRWD_Daily_20260520_070017.png
 delete mode 100644 charts/screenshots_nasdaq/CRWD/CRWD_Monthly_20260519_203426.png
 create mode 100644 charts/screenshots_nasdaq/CRWD/CRWD_Monthly_20260520_070017.png
 delete mode 100644 charts/screenshots_nasdaq/CRWD/CRWD_Weekly_20260519_203426.png
 create mode 100644 charts/screenshots_nasdaq/CRWD/CRWD_Weekly_20260520_070017.png
 delete mode 100644 charts/screenshots_nasdaq/CSGP/CSGP_1H_20260519_213508.png
 delete mode 100644 charts/screenshots_nasdaq/CSGP/CSGP_4H_20260519_213508.png
 delete mode 100644 charts/screenshots_nasdaq/CSGP/CSGP_Daily_20260519_213508.png
 delete mode 100644 charts/screenshots_nasdaq/CSGP/CSGP_Monthly_20260519_213508.png
 delete mode 100644 charts/screenshots_nasdaq/CSGP/CSGP_Weekly_20260519_213508.png
 delete mode 100644 charts/screenshots_nasdaq/CSIQ/CSIQ_1H_20260519_211243.png
 delete mode 100644 charts/screenshots_nasdaq/CSIQ/CSIQ_4H_20260519_211243.png
 delete mode 100644 charts/screenshots_nasdaq/CSIQ/CSIQ_Daily_20260519_211243.png
 delete mode 100644 charts/screenshots_nasdaq/CSIQ/CSIQ_Monthly_20260519_211243.png
 delete mode 100644 charts/screenshots_nasdaq/CSIQ/CSIQ_Weekly_20260519_211243.png
 delete mode 100644 charts/screenshots_nasdaq/CVE/CVE_1H_20260519_204247.png
 create mode 100644 charts/screenshots_nasdaq/CVE/CVE_1H_20260520_063846.png
 delete mode 100644 charts/screenshots_nasdaq/CVE/CVE_4H_20260519_204247.png
 create mode 100644 charts/screenshots_nasdaq/CVE/CVE_4H_20260520_063846.png
 delete mode 100644 charts/screenshots_nasdaq/CVE/CVE_Daily_20260519_204247.png
 create mode 100644 charts/screenshots_nasdaq/CVE/CVE_Daily_20260520_063846.png
 delete mode 100644 charts/screenshots_nasdaq/CVE/CVE_Monthly_20260519_204247.png
 create mode 100644 charts/screenshots_nasdaq/CVE/CVE_Monthly_20260520_063846.png
 delete mode 100644 charts/screenshots_nasdaq/CVE/CVE_Weekly_20260519_204247.png
 create mode 100644 charts/screenshots_nasdaq/CVE/CVE_Weekly_20260520_063846.png
 delete mode 100644 charts/screenshots_nasdaq/CYTK/CYTK_1H_20260519_203622.png
 create mode 100644 charts/screenshots_nasdaq/CYTK/CYTK_1H_20260520_064117.png
 delete mode 100644 charts/screenshots_nasdaq/CYTK/CYTK_4H_20260519_203622.png
 create mode 100644 charts/screenshots_nasdaq/CYTK/CYTK_4H_20260520_064117.png
 delete mode 100644 charts/screenshots_nasdaq/CYTK/CYTK_Daily_20260519_203622.png
 create mode 100644 charts/screenshots_nasdaq/CYTK/CYTK_Daily_20260520_064117.png
 delete mode 100644 charts/screenshots_nasdaq/CYTK/CYTK_Monthly_20260519_203622.png
 create mode 100644 charts/screenshots_nasdaq/CYTK/CYTK_Monthly_20260520_064117.png
 delete mode 100644 charts/screenshots_nasdaq/CYTK/CYTK_Weekly_20260519_203622.png
 create mode 100644 charts/screenshots_nasdaq/CYTK/CYTK_Weekly_20260520_064117.png
 delete mode 100644 charts/screenshots_nasdaq/DDOG/DDOG_1H_20260519_205102.png
 create mode 100644 charts/screenshots_nasdaq/DDOG/DDOG_1H_20260520_065321.png
 delete mode 100644 charts/screenshots_nasdaq/DDOG/DDOG_4H_20260519_205102.png
 create mode 100644 charts/screenshots_nasdaq/DDOG/DDOG_4H_20260520_065321.png
 delete mode 100644 charts/screenshots_nasdaq/DDOG/DDOG_Daily_20260519_205102.png
 create mode 100644 charts/screenshots_nasdaq/DDOG/DDOG_Daily_20260520_065321.png
 delete mode 100644 charts/screenshots_nasdaq/DDOG/DDOG_Monthly_20260519_205102.png
 create mode 100644 charts/screenshots_nasdaq/DDOG/DDOG_Monthly_20260520_065321.png
 delete mode 100644 charts/screenshots_nasdaq/DDOG/DDOG_Weekly_20260519_205102.png
 create mode 100644 charts/screenshots_nasdaq/DDOG/DDOG_Weekly_20260520_065321.png
 delete mode 100644 charts/screenshots_nasdaq/DOCS/DOCS_1H_20260519_213744.png
 create mode 100644 charts/screenshots_nasdaq/DOCS/DOCS_1H_20260520_073731.png
 delete mode 100644 charts/screenshots_nasdaq/DOCS/DOCS_4H_20260519_213744.png
 create mode 100644 charts/screenshots_nasdaq/DOCS/DOCS_4H_20260520_073731.png
 delete mode 100644 charts/screenshots_nasdaq/DOCS/DOCS_Daily_20260519_213744.png
 create mode 100644 charts/screenshots_nasdaq/DOCS/DOCS_Daily_20260520_073731.png
 delete mode 100644 charts/screenshots_nasdaq/DOCS/DOCS_Monthly_20260519_213744.png
 create mode 100644 charts/screenshots_nasdaq/DOCS/DOCS_Monthly_20260520_073731.png
 delete mode 100644 charts/screenshots_nasdaq/DOCS/DOCS_Weekly_20260519_213744.png
 create mode 100644 charts/screenshots_nasdaq/DOCS/DOCS_Weekly_20260520_073731.png
 delete mode 100644 charts/screenshots_nasdaq/EFOR/EFOR_1H_20260519_212645.png
 create mode 100644 charts/screenshots_nasdaq/EFOR/EFOR_1H_20260520_072647.png
 delete mode 100644 charts/screenshots_nasdaq/EFOR/EFOR_4H_20260519_212645.png
 create mode 100644 charts/screenshots_nasdaq/EFOR/EFOR_4H_20260520_072647.png
 delete mode 100644 charts/screenshots_nasdaq/EFOR/EFOR_Daily_20260519_212645.png
 create mode 100644 charts/screenshots_nasdaq/EFOR/EFOR_Daily_20260520_072647.png
 delete mode 100644 charts/screenshots_nasdaq/EFOR/EFOR_Monthly_20260519_212645.png
 create mode 100644 charts/screenshots_nasdaq/EFOR/EFOR_Monthly_20260520_072647.png
 delete mode 100644 charts/screenshots_nasdaq/EFOR/EFOR_Weekly_20260519_212645.png
 create mode 100644 charts/screenshots_nasdaq/EFOR/EFOR_Weekly_20260520_072647.png
 delete mode 100644 charts/screenshots_nasdaq/ELV/ELV_1H_20260519_204907.png
 create mode 100644 charts/screenshots_nasdaq/ELV/ELV_1H_20260520_065127.png
 delete mode 100644 charts/screenshots_nasdaq/ELV/ELV_4H_20260519_204907.png
 create mode 100644 charts/screenshots_nasdaq/ELV/ELV_4H_20260520_065127.png
 delete mode 100644 charts/screenshots_nasdaq/ELV/ELV_Daily_20260519_204907.png
 create mode 100644 charts/screenshots_nasdaq/ELV/ELV_Daily_20260520_065127.png
 delete mode 100644 charts/screenshots_nasdaq/ELV/ELV_Monthly_20260519_204907.png
 create mode 100644 charts/screenshots_nasdaq/ELV/ELV_Monthly_20260520_065127.png
 delete mode 100644 charts/screenshots_nasdaq/ELV/ELV_Weekly_20260519_204907.png
 create mode 100644 charts/screenshots_nasdaq/ELV/ELV_Weekly_20260520_065127.png
 delete mode 100644 charts/screenshots_nasdaq/EPAM/EPAM_1H_20260519_211634.png
 create mode 100644 charts/screenshots_nasdaq/EPAM/EPAM_1H_20260520_071833.png
 delete mode 100644 charts/screenshots_nasdaq/EPAM/EPAM_4H_20260519_211634.png
 create mode 100644 charts/screenshots_nasdaq/EPAM/EPAM_4H_20260520_071833.png
 delete mode 100644 charts/screenshots_nasdaq/EPAM/EPAM_Daily_20260519_211634.png
 create mode 100644 charts/screenshots_nasdaq/EPAM/EPAM_Daily_20260520_071833.png
 delete mode 100644 charts/screenshots_nasdaq/EPAM/EPAM_Monthly_20260519_211634.png
 create mode 100644 charts/screenshots_nasdaq/EPAM/EPAM_Monthly_20260520_071833.png
 delete mode 100644 charts/screenshots_nasdaq/EPAM/EPAM_Weekly_20260519_211634.png
 create mode 100644 charts/screenshots_nasdaq/EPAM/EPAM_Weekly_20260520_071833.png
 delete mode 100644 charts/screenshots_nasdaq/FFIV/FFIV_1H_20260519_205257.png
 create mode 100644 charts/screenshots_nasdaq/FFIV/FFIV_1H_20260520_065901.png
 delete mode 100644 charts/screenshots_nasdaq/FFIV/FFIV_4H_20260519_205257.png
 create mode 100644 charts/screenshots_nasdaq/FFIV/FFIV_4H_20260520_065901.png
 delete mode 100644 charts/screenshots_nasdaq/FFIV/FFIV_Daily_20260519_205257.png
 create mode 100644 charts/screenshots_nasdaq/FFIV/FFIV_Daily_20260520_065901.png
 delete mode 100644 charts/screenshots_nasdaq/FFIV/FFIV_Monthly_20260519_205257.png
 create mode 100644 charts/screenshots_nasdaq/FFIV/FFIV_Monthly_20260520_065901.png
 delete mode 100644 charts/screenshots_nasdaq/FFIV/FFIV_Weekly_20260519_205257.png
 create mode 100644 charts/screenshots_nasdaq/FFIV/FFIV_Weekly_20260520_065901.png
 delete mode 100644 charts/screenshots_nasdaq/FIGR/FIGR_1H_20260519_210539.png
 delete mode 100644 charts/screenshots_nasdaq/FIGR/FIGR_4H_20260519_210539.png
 delete mode 100644 charts/screenshots_nasdaq/FIGR/FIGR_Daily_20260519_210539.png
 delete mode 100644 charts/screenshots_nasdaq/FIGR/FIGR_Monthly_20260519_210539.png
 delete mode 100644 charts/screenshots_nasdaq/FIGR/FIGR_Weekly_20260519_210539.png
 delete mode 100644 charts/screenshots_nasdaq/FISV/FISV_1H_20260519_214759.png
 create mode 100644 charts/screenshots_nasdaq/FISV/FISV_1H_20260520_073538.png
 delete mode 100644 charts/screenshots_nasdaq/FISV/FISV_4H_20260519_214759.png
 create mode 100644 charts/screenshots_nasdaq/FISV/FISV_4H_20260520_073538.png
 delete mode 100644 charts/screenshots_nasdaq/FISV/FISV_Daily_20260519_214759.png
 create mode 100644 charts/screenshots_nasdaq/FISV/FISV_Daily_20260520_073538.png
 delete mode 100644 charts/screenshots_nasdaq/FISV/FISV_Monthly_20260519_214759.png
 create mode 100644 charts/screenshots_nasdaq/FISV/FISV_Monthly_20260520_073538.png
 delete mode 100644 charts/screenshots_nasdaq/FISV/FISV_Weekly_20260519_214759.png
 create mode 100644 charts/screenshots_nasdaq/FISV/FISV_Weekly_20260520_073538.png
 delete mode 100644 charts/screenshots_nasdaq/FLO/FLO_1H_20260519_212139.png
 create mode 100644 charts/screenshots_nasdaq/FLO/FLO_1H_20260520_071718.png
 delete mode 100644 charts/screenshots_nasdaq/FLO/FLO_4H_20260519_212139.png
 create mode 100644 charts/screenshots_nasdaq/FLO/FLO_4H_20260520_071718.png
 delete mode 100644 charts/screenshots_nasdaq/FLO/FLO_Daily_20260519_212139.png
 create mode 100644 charts/screenshots_nasdaq/FLO/FLO_Daily_20260520_071718.png
 delete mode 100644 charts/screenshots_nasdaq/FLO/FLO_Monthly_20260519_212139.png
 create mode 100644 charts/screenshots_nasdaq/FLO/FLO_Monthly_20260520_071718.png
 delete mode 100644 charts/screenshots_nasdaq/FLO/FLO_Weekly_20260519_212139.png
 create mode 100644 charts/screenshots_nasdaq/FLO/FLO_Weekly_20260520_071718.png
 delete mode 100644 charts/screenshots_nasdaq/FLUT/FLUT_1H_20260519_214836.png
 delete mode 100644 charts/screenshots_nasdaq/FLUT/FLUT_4H_20260519_214836.png
 delete mode 100644 charts/screenshots_nasdaq/FLUT/FLUT_Daily_20260519_214836.png
 delete mode 100644 charts/screenshots_nasdaq/FLUT/FLUT_Monthly_20260519_214836.png
 delete mode 100644 charts/screenshots_nasdaq/FLUT/FLUT_Weekly_20260519_214836.png
 delete mode 100644 charts/screenshots_nasdaq/FND/FND_1H_20260519_214214.png
 create mode 100644 charts/screenshots_nasdaq/FND/FND_1H_20260520_074158.png
 delete mode 100644 charts/screenshots_nasdaq/FND/FND_4H_20260519_214214.png
 create mode 100644 charts/screenshots_nasdaq/FND/FND_4H_20260520_074158.png
 delete mode 100644 charts/screenshots_nasdaq/FND/FND_Daily_20260519_214214.png
 create mode 100644 charts/screenshots_nasdaq/FND/FND_Daily_20260520_074158.png
 delete mode 100644 charts/screenshots_nasdaq/FND/FND_Monthly_20260519_214214.png
 create mode 100644 charts/screenshots_nasdaq/FND/FND_Monthly_20260520_074158.png
 delete mode 100644 charts/screenshots_nasdaq/FND/FND_Weekly_20260519_214214.png
 create mode 100644 charts/screenshots_nasdaq/FND/FND_Weekly_20260520_074158.png
 delete mode 100644 charts/screenshots_nasdaq/FOUR/FOUR_1H_20260519_214914.png
 delete mode 100644 charts/screenshots_nasdaq/FOUR/FOUR_4H_20260519_214914.png
 delete mode 100644 charts/screenshots_nasdaq/FOUR/FOUR_Daily_20260519_214914.png
 delete mode 100644 charts/screenshots_nasdaq/FOUR/FOUR_Monthly_20260519_214914.png
 delete mode 100644 charts/screenshots_nasdaq/FOUR/FOUR_Weekly_20260519_214914.png
 delete mode 100644 charts/screenshots_nasdaq/FROG/FROG_1H_20260519_203856.png
 create mode 100644 charts/screenshots_nasdaq/FROG/FROG_1H_20260520_064233.png
 delete mode 100644 charts/screenshots_nasdaq/FROG/FROG_4H_20260519_203856.png
 create mode 100644 charts/screenshots_nasdaq/FROG/FROG_4H_20260520_064233.png
 delete mode 100644 charts/screenshots_nasdaq/FROG/FROG_Daily_20260519_203856.png
 create mode 100644 charts/screenshots_nasdaq/FROG/FROG_Daily_20260520_064233.png
 delete mode 100644 charts/screenshots_nasdaq/FROG/FROG_Monthly_20260519_203856.png
 create mode 100644 charts/screenshots_nasdaq/FROG/FROG_Monthly_20260520_064233.png
 delete mode 100644 charts/screenshots_nasdaq/FROG/FROG_Weekly_20260519_203856.png
 create mode 100644 charts/screenshots_nasdaq/FROG/FROG_Weekly_20260520_064233.png
 delete mode 100644 charts/screenshots_nasdaq/FTNT/FTNT_1H_20260519_205413.png
 create mode 100644 charts/screenshots_nasdaq/FTNT/FTNT_1H_20260520_070055.png
 delete mode 100644 charts/screenshots_nasdaq/FTNT/FTNT_4H_20260519_205413.png
 create mode 100644 charts/screenshots_nasdaq/FTNT/FTNT_4H_20260520_070055.png
 delete mode 100644 charts/screenshots_nasdaq/FTNT/FTNT_Daily_20260519_205413.png
 create mode 100644 charts/screenshots_nasdaq/FTNT/FTNT_Daily_20260520_070055.png
 delete mode 100644 charts/screenshots_nasdaq/FTNT/FTNT_Monthly_20260519_205413.png
 create mode 100644 charts/screenshots_nasdaq/FTNT/FTNT_Monthly_20260520_070055.png
 delete mode 100644 charts/screenshots_nasdaq/FTNT/FTNT_Weekly_20260519_205413.png
 create mode 100644 charts/screenshots_nasdaq/FTNT/FTNT_Weekly_20260520_070055.png
 delete mode 100644 charts/screenshots_nasdaq/GBTG/GBTG_1H_20260519_210034.png
 create mode 100644 charts/screenshots_nasdaq/GBTG/GBTG_1H_20260520_070326.png
 delete mode 100644 charts/screenshots_nasdaq/GBTG/GBTG_4H_20260519_210034.png
 create mode 100644 charts/screenshots_nasdaq/GBTG/GBTG_4H_20260520_070326.png
 delete mode 100644 charts/screenshots_nasdaq/GBTG/GBTG_Daily_20260519_210034.png
 create mode 100644 charts/screenshots_nasdaq/GBTG/GBTG_Daily_20260520_070326.png
 delete mode 100644 charts/screenshots_nasdaq/GBTG/GBTG_Monthly_20260519_210034.png
 create mode 100644 charts/screenshots_nasdaq/GBTG/GBTG_Monthly_20260520_070326.png
 delete mode 100644 charts/screenshots_nasdaq/GBTG/GBTG_Weekly_20260519_210034.png
 create mode 100644 charts/screenshots_nasdaq/GBTG/GBTG_Weekly_20260520_070326.png
 delete mode 100644 charts/screenshots_nasdaq/GRPN/GRPN_1H_20260519_211321.png
 create mode 100644 charts/screenshots_nasdaq/GRPN/GRPN_1H_20260520_070905.png
 delete mode 100644 charts/screenshots_nasdaq/GRPN/GRPN_4H_20260519_211321.png
 create mode 100644 charts/screenshots_nasdaq/GRPN/GRPN_4H_20260520_070905.png
 delete mode 100644 charts/screenshots_nasdaq/GRPN/GRPN_Daily_20260519_211321.png
 create mode 100644 charts/screenshots_nasdaq/GRPN/GRPN_Daily_20260520_070905.png
 delete mode 100644 charts/screenshots_nasdaq/GRPN/GRPN_Monthly_20260519_211321.png
 create mode 100644 charts/screenshots_nasdaq/GRPN/GRPN_Monthly_20260520_070905.png
 delete mode 100644 charts/screenshots_nasdaq/GRPN/GRPN_Weekly_20260519_211321.png
 create mode 100644 charts/screenshots_nasdaq/GRPN/GRPN_Weekly_20260520_070905.png
 delete mode 100644 charts/screenshots_nasdaq/HIMS/HIMS_1H_20260519_211829.png
 create mode 100644 charts/screenshots_nasdaq/HIMS/HIMS_1H_20260520_071949.png
 delete mode 100644 charts/screenshots_nasdaq/HIMS/HIMS_4H_20260519_211829.png
 create mode 100644 charts/screenshots_nasdaq/HIMS/HIMS_4H_20260520_071949.png
 delete mode 100644 charts/screenshots_nasdaq/HIMS/HIMS_Daily_20260519_211829.png
 create mode 100644 charts/screenshots_nasdaq/HIMS/HIMS_Daily_20260520_071949.png
 delete mode 100644 charts/screenshots_nasdaq/HIMS/HIMS_Monthly_20260519_211829.png
 create mode 100644 charts/screenshots_nasdaq/HIMS/HIMS_Monthly_20260520_071949.png
 delete mode 100644 charts/screenshots_nasdaq/HIMS/HIMS_Weekly_20260519_211829.png
 create mode 100644 charts/screenshots_nasdaq/HIMS/HIMS_Weekly_20260520_071949.png
 delete mode 100644 charts/screenshots_nasdaq/HIVE/HIVE_1H_20260519_210307.png
 create mode 100644 charts/screenshots_nasdaq/HIVE/HIVE_1H_20260520_070750.png
 delete mode 100644 charts/screenshots_nasdaq/HIVE/HIVE_4H_20260519_210307.png
 create mode 100644 charts/screenshots_nasdaq/HIVE/HIVE_4H_20260520_070750.png
 delete mode 100644 charts/screenshots_nasdaq/HIVE/HIVE_Daily_20260519_210307.png
 create mode 100644 charts/screenshots_nasdaq/HIVE/HIVE_Daily_20260520_070750.png
 delete mode 100644 charts/screenshots_nasdaq/HIVE/HIVE_Monthly_20260519_210307.png
 create mode 100644 charts/screenshots_nasdaq/HIVE/HIVE_Monthly_20260520_070750.png
 delete mode 100644 charts/screenshots_nasdaq/HIVE/HIVE_Weekly_20260519_210307.png
 create mode 100644 charts/screenshots_nasdaq/HIVE/HIVE_Weekly_20260520_070750.png
 delete mode 100644 charts/screenshots_nasdaq/HOOD/HOOD_1H_20260519_214953.png
 delete mode 100644 charts/screenshots_nasdaq/HOOD/HOOD_4H_20260519_214953.png
 delete mode 100644 charts/screenshots_nasdaq/HOOD/HOOD_Daily_20260519_214953.png
 delete mode 100644 charts/screenshots_nasdaq/HOOD/HOOD_Monthly_20260519_214953.png
 delete mode 100644 charts/screenshots_nasdaq/HOOD/HOOD_Weekly_20260519_214953.png
 delete mode 100644 charts/screenshots_nasdaq/HUM/HUM_1H_20260519_205452.png
 create mode 100644 charts/screenshots_nasdaq/HUM/HUM_1H_20260520_070133.png
 delete mode 100644 charts/screenshots_nasdaq/HUM/HUM_4H_20260519_205452.png
 create mode 100644 charts/screenshots_nasdaq/HUM/HUM_4H_20260520_070133.png
 delete mode 100644 charts/screenshots_nasdaq/HUM/HUM_Daily_20260519_205452.png
 create mode 100644 charts/screenshots_nasdaq/HUM/HUM_Daily_20260520_070133.png
 delete mode 100644 charts/screenshots_nasdaq/HUM/HUM_Monthly_20260519_205452.png
 create mode 100644 charts/screenshots_nasdaq/HUM/HUM_Monthly_20260520_070133.png
 delete mode 100644 charts/screenshots_nasdaq/HUM/HUM_Weekly_20260519_205452.png
 create mode 100644 charts/screenshots_nasdaq/HUM/HUM_Weekly_20260520_070133.png
 delete mode 100644 charts/screenshots_nasdaq/INSP/INSP_1H_20260519_212724.png
 create mode 100644 charts/screenshots_nasdaq/INSP/INSP_1H_20260520_072724.png
 delete mode 100644 charts/screenshots_nasdaq/INSP/INSP_4H_20260519_212724.png
 create mode 100644 charts/screenshots_nasdaq/INSP/INSP_4H_20260520_072724.png
 delete mode 100644 charts/screenshots_nasdaq/INSP/INSP_Daily_20260519_212724.png
 create mode 100644 charts/screenshots_nasdaq/INSP/INSP_Daily_20260520_072724.png
 delete mode 100644 charts/screenshots_nasdaq/INSP/INSP_Monthly_20260519_212724.png
 create mode 100644 charts/screenshots_nasdaq/INSP/INSP_Monthly_20260520_072724.png
 delete mode 100644 charts/screenshots_nasdaq/INSP/INSP_Weekly_20260519_212724.png
 create mode 100644 charts/screenshots_nasdaq/INSP/INSP_Weekly_20260520_072724.png
 delete mode 100644 charts/screenshots_nasdaq/JAZZ/JAZZ_1H_20260519_203152.png
 create mode 100644 charts/screenshots_nasdaq/JAZZ/JAZZ_1H_20260520_063652.png
 delete mode 100644 charts/screenshots_nasdaq/JAZZ/JAZZ_4H_20260519_203152.png
 create mode 100644 charts/screenshots_nasdaq/JAZZ/JAZZ_4H_20260520_063652.png
 delete mode 100644 charts/screenshots_nasdaq/JAZZ/JAZZ_Daily_20260519_203152.png
 create mode 100644 charts/screenshots_nasdaq/JAZZ/JAZZ_Daily_20260520_063652.png
 delete mode 100644 charts/screenshots_nasdaq/JAZZ/JAZZ_Monthly_20260519_203152.png
 create mode 100644 charts/screenshots_nasdaq/JAZZ/JAZZ_Monthly_20260520_063652.png
 delete mode 100644 charts/screenshots_nasdaq/JAZZ/JAZZ_Weekly_20260519_203152.png
 create mode 100644 charts/screenshots_nasdaq/JAZZ/JAZZ_Weekly_20260520_063652.png
 delete mode 100644 charts/screenshots_nasdaq/KALV/KALV_1H_20260519_203934.png
 create mode 100644 charts/screenshots_nasdaq/KALV/KALV_1H_20260520_064312.png
 delete mode 100644 charts/screenshots_nasdaq/KALV/KALV_4H_20260519_203934.png
 create mode 100644 charts/screenshots_nasdaq/KALV/KALV_4H_20260520_064312.png
 delete mode 100644 charts/screenshots_nasdaq/KALV/KALV_Daily_20260519_203934.png
 create mode 100644 charts/screenshots_nasdaq/KALV/KALV_Daily_20260520_064312.png
 delete mode 100644 charts/screenshots_nasdaq/KALV/KALV_Monthly_20260519_203934.png
 create mode 100644 charts/screenshots_nasdaq/KALV/KALV_Monthly_20260520_064312.png
 delete mode 100644 charts/screenshots_nasdaq/KALV/KALV_Weekly_20260519_203934.png
 create mode 100644 charts/screenshots_nasdaq/KALV/KALV_Weekly_20260520_064312.png
 delete mode 100644 charts/screenshots_nasdaq/KD/KD_1H_20260519_215032.png
 delete mode 100644 charts/screenshots_nasdaq/KD/KD_4H_20260519_215032.png
 delete mode 100644 charts/screenshots_nasdaq/KD/KD_Daily_20260519_215032.png
 delete mode 100644 charts/screenshots_nasdaq/KD/KD_Monthly_20260519_215032.png
 delete mode 100644 charts/screenshots_nasdaq/KD/KD_Weekly_20260519_215032.png
 delete mode 100644 charts/screenshots_nasdaq/KGS/KGS_1H_20260519_204325.png
 create mode 100644 charts/screenshots_nasdaq/KGS/KGS_1H_20260520_063923.png
 delete mode 100644 charts/screenshots_nasdaq/KGS/KGS_4H_20260519_204325.png
 create mode 100644 charts/screenshots_nasdaq/KGS/KGS_4H_20260520_063923.png
 delete mode 100644 charts/screenshots_nasdaq/KGS/KGS_Daily_20260519_204325.png
 create mode 100644 charts/screenshots_nasdaq/KGS/KGS_Daily_20260520_063923.png
 delete mode 100644 charts/screenshots_nasdaq/KGS/KGS_Monthly_20260519_204325.png
 create mode 100644 charts/screenshots_nasdaq/KGS/KGS_Monthly_20260520_063923.png
 delete mode 100644 charts/screenshots_nasdaq/KGS/KGS_Weekly_20260519_204325.png
 create mode 100644 charts/screenshots_nasdaq/KGS/KGS_Weekly_20260520_063923.png
 delete mode 100644 charts/screenshots_nasdaq/KSS/KSS_1H_20260519_214252.png
 create mode 100644 charts/screenshots_nasdaq/KSS/KSS_1H_20260520_074236.png
 delete mode 100644 charts/screenshots_nasdaq/KSS/KSS_4H_20260519_214252.png
 create mode 100644 charts/screenshots_nasdaq/KSS/KSS_4H_20260520_074236.png
 delete mode 100644 charts/screenshots_nasdaq/KSS/KSS_Daily_20260519_214252.png
 create mode 100644 charts/screenshots_nasdaq/KSS/KSS_Daily_20260520_074236.png
 delete mode 100644 charts/screenshots_nasdaq/KSS/KSS_Monthly_20260519_214252.png
 create mode 100644 charts/screenshots_nasdaq/KSS/KSS_Monthly_20260520_074236.png
 delete mode 100644 charts/screenshots_nasdaq/KSS/KSS_Weekly_20260519_214252.png
 create mode 100644 charts/screenshots_nasdaq/KSS/KSS_Weekly_20260520_074236.png
 delete mode 100644 charts/screenshots_nasdaq/KTOS/KTOS_1H_20260519_212802.png
 create mode 100644 charts/screenshots_nasdaq/KTOS/KTOS_1H_20260520_072802.png
 delete mode 100644 charts/screenshots_nasdaq/KTOS/KTOS_4H_20260519_212802.png
 create mode 100644 charts/screenshots_nasdaq/KTOS/KTOS_4H_20260520_072802.png
 delete mode 100644 charts/screenshots_nasdaq/KTOS/KTOS_Daily_20260519_212802.png
 create mode 100644 charts/screenshots_nasdaq/KTOS/KTOS_Daily_20260520_072802.png
 delete mode 100644 charts/screenshots_nasdaq/KTOS/KTOS_Monthly_20260519_212802.png
 create mode 100644 charts/screenshots_nasdaq/KTOS/KTOS_Monthly_20260520_072802.png
 delete mode 100644 charts/screenshots_nasdaq/KTOS/KTOS_Weekly_20260519_212802.png
 create mode 100644 charts/screenshots_nasdaq/KTOS/KTOS_Weekly_20260520_072802.png
 delete mode 100644 charts/screenshots_nasdaq/KVYO/KVYO_1H_20260519_214330.png
 create mode 100644 charts/screenshots_nasdaq/KVYO/KVYO_1H_20260520_072840.png
 delete mode 100644 charts/screenshots_nasdaq/KVYO/KVYO_4H_20260519_214330.png
 create mode 100644 charts/screenshots_nasdaq/KVYO/KVYO_4H_20260520_072840.png
 delete mode 100644 charts/screenshots_nasdaq/KVYO/KVYO_Daily_20260519_214330.png
 create mode 100644 charts/screenshots_nasdaq/KVYO/KVYO_Daily_20260520_072840.png
 delete mode 100644 charts/screenshots_nasdaq/KVYO/KVYO_Monthly_20260519_214330.png
 create mode 100644 charts/screenshots_nasdaq/KVYO/KVYO_Monthly_20260520_072840.png
 delete mode 100644 charts/screenshots_nasdaq/KVYO/KVYO_Weekly_20260519_214330.png
 create mode 100644 charts/screenshots_nasdaq/KVYO/KVYO_Weekly_20260520_072840.png
 delete mode 100644 charts/screenshots_nasdaq/LAC/LAC_1H_20260519_211008.png
 create mode 100644 charts/screenshots_nasdaq/LAC/LAC_1H_20260520_071253.png
 delete mode 100644 charts/screenshots_nasdaq/LAC/LAC_4H_20260519_211008.png
 create mode 100644 charts/screenshots_nasdaq/LAC/LAC_4H_20260520_071253.png
 delete mode 100644 charts/screenshots_nasdaq/LAC/LAC_Daily_20260519_211008.png
 create mode 100644 charts/screenshots_nasdaq/LAC/LAC_Daily_20260520_071253.png
 delete mode 100644 charts/screenshots_nasdaq/LAC/LAC_Monthly_20260519_211008.png
 create mode 100644 charts/screenshots_nasdaq/LAC/LAC_Monthly_20260520_071253.png
 delete mode 100644 charts/screenshots_nasdaq/LAC/LAC_Weekly_20260519_211008.png
 create mode 100644 charts/screenshots_nasdaq/LAC/LAC_Weekly_20260520_071253.png
 delete mode 100644 charts/screenshots_nasdaq/LBRDK/LBRDK_1H_20260519_212334.png
 create mode 100644 charts/screenshots_nasdaq/LBRDK/LBRDK_1H_20260520_072337.png
 delete mode 100644 charts/screenshots_nasdaq/LBRDK/LBRDK_4H_20260519_212334.png
 create mode 100644 charts/screenshots_nasdaq/LBRDK/LBRDK_4H_20260520_072337.png
 delete mode 100644 charts/screenshots_nasdaq/LBRDK/LBRDK_Daily_20260519_212334.png
 create mode 100644 charts/screenshots_nasdaq/LBRDK/LBRDK_Daily_20260520_072337.png
 delete mode 100644 charts/screenshots_nasdaq/LBRDK/LBRDK_Monthly_20260519_212334.png
 create mode 100644 charts/screenshots_nasdaq/LBRDK/LBRDK_Monthly_20260520_072337.png
 delete mode 100644 charts/screenshots_nasdaq/LBRDK/LBRDK_Weekly_20260519_212334.png
 create mode 100644 charts/screenshots_nasdaq/LBRDK/LBRDK_Weekly_20260520_072337.png
 delete mode 100644 charts/screenshots_nasdaq/LCID/LCID_1H_20260519_214408.png
 create mode 100644 charts/screenshots_nasdaq/LCID/LCID_1H_20260520_074313.png
 delete mode 100644 charts/screenshots_nasdaq/LCID/LCID_4H_20260519_214408.png
 create mode 100644 charts/screenshots_nasdaq/LCID/LCID_4H_20260520_074313.png
 delete mode 100644 charts/screenshots_nasdaq/LCID/LCID_Daily_20260519_214408.png
 create mode 100644 charts/screenshots_nasdaq/LCID/LCID_Daily_20260520_074313.png
 delete mode 100644 charts/screenshots_nasdaq/LCID/LCID_Monthly_20260519_214408.png
 create mode 100644 charts/screenshots_nasdaq/LCID/LCID_Monthly_20260520_074313.png
 delete mode 100644 charts/screenshots_nasdaq/LCID/LCID_Weekly_20260519_214408.png
 create mode 100644 charts/screenshots_nasdaq/LCID/LCID_Weekly_20260520_074313.png
 delete mode 100644 charts/screenshots_nasdaq/LIF/LIF_1H_20260519_215110.png
 delete mode 100644 charts/screenshots_nasdaq/LIF/LIF_4H_20260519_215110.png
 delete mode 100644 charts/screenshots_nasdaq/LIF/LIF_Daily_20260519_215110.png
 delete mode 100644 charts/screenshots_nasdaq/LIF/LIF_Monthly_20260519_215110.png
 delete mode 100644 charts/screenshots_nasdaq/LIF/LIF_Weekly_20260519_215110.png
 delete mode 100644 charts/screenshots_nasdaq/LQDA/LQDA_1H_20260519_205531.png
 create mode 100644 charts/screenshots_nasdaq/LQDA/LQDA_1H_20260520_070210.png
 delete mode 100644 charts/screenshots_nasdaq/LQDA/LQDA_4H_20260519_205531.png
 create mode 100644 charts/screenshots_nasdaq/LQDA/LQDA_4H_20260520_070210.png
 delete mode 100644 charts/screenshots_nasdaq/LQDA/LQDA_Daily_20260519_205531.png
 create mode 100644 charts/screenshots_nasdaq/LQDA/LQDA_Daily_20260520_070210.png
 delete mode 100644 charts/screenshots_nasdaq/LQDA/LQDA_Monthly_20260519_205531.png
 create mode 100644 charts/screenshots_nasdaq/LQDA/LQDA_Monthly_20260520_070210.png
 delete mode 100644 charts/screenshots_nasdaq/LQDA/LQDA_Weekly_20260519_205531.png
 create mode 100644 charts/screenshots_nasdaq/LQDA/LQDA_Weekly_20260520_070210.png
 delete mode 100644 charts/screenshots_nasdaq/MMYT/MMYT_1H_20260519_212840.png
 create mode 100644 charts/screenshots_nasdaq/MMYT/MMYT_1H_20260520_072918.png
 delete mode 100644 charts/screenshots_nasdaq/MMYT/MMYT_4H_20260519_212840.png
 create mode 100644 charts/screenshots_nasdaq/MMYT/MMYT_4H_20260520_072918.png
 delete mode 100644 charts/screenshots_nasdaq/MMYT/MMYT_Daily_20260519_212840.png
 create mode 100644 charts/screenshots_nasdaq/MMYT/MMYT_Daily_20260520_072918.png
 delete mode 100644 charts/screenshots_nasdaq/MMYT/MMYT_Monthly_20260519_212840.png
 create mode 100644 charts/screenshots_nasdaq/MMYT/MMYT_Monthly_20260520_072918.png
 delete mode 100644 charts/screenshots_nasdaq/MMYT/MMYT_Weekly_20260519_212840.png
 create mode 100644 charts/screenshots_nasdaq/MMYT/MMYT_Weekly_20260520_072918.png
 delete mode 100644 charts/screenshots_nasdaq/MPC/MPC_1H_20260519_204829.png
 create mode 100644 charts/screenshots_nasdaq/MPC/MPC_1H_20260520_064817.png
 delete mode 100644 charts/screenshots_nasdaq/MPC/MPC_4H_20260519_204829.png
 create mode 100644 charts/screenshots_nasdaq/MPC/MPC_4H_20260520_064817.png
 delete mode 100644 charts/screenshots_nasdaq/MPC/MPC_Daily_20260519_204829.png
 create mode 100644 charts/screenshots_nasdaq/MPC/MPC_Daily_20260520_064817.png
 delete mode 100644 charts/screenshots_nasdaq/MPC/MPC_Monthly_20260519_204829.png
 create mode 100644 charts/screenshots_nasdaq/MPC/MPC_Monthly_20260520_064817.png
 delete mode 100644 charts/screenshots_nasdaq/MPC/MPC_Weekly_20260519_204829.png
 create mode 100644 charts/screenshots_nasdaq/MPC/MPC_Weekly_20260520_064817.png
 delete mode 100644 charts/screenshots_nasdaq/NCNO/NCNO_1H_20260519_212918.png
 create mode 100644 charts/screenshots_nasdaq/NCNO/NCNO_1H_20260520_072956.png
 delete mode 100644 charts/screenshots_nasdaq/NCNO/NCNO_4H_20260519_212918.png
 create mode 100644 charts/screenshots_nasdaq/NCNO/NCNO_4H_20260520_072956.png
 delete mode 100644 charts/screenshots_nasdaq/NCNO/NCNO_Daily_20260519_212918.png
 create mode 100644 charts/screenshots_nasdaq/NCNO/NCNO_Daily_20260520_072956.png
 delete mode 100644 charts/screenshots_nasdaq/NCNO/NCNO_Monthly_20260519_212918.png
 create mode 100644 charts/screenshots_nasdaq/NCNO/NCNO_Monthly_20260520_072956.png
 delete mode 100644 charts/screenshots_nasdaq/NCNO/NCNO_Weekly_20260519_212918.png
 create mode 100644 charts/screenshots_nasdaq/NCNO/NCNO_Weekly_20260520_072956.png
 delete mode 100644 charts/screenshots_nasdaq/NN/NN_1H_20260519_210500.png
 create mode 100644 charts/screenshots_nasdaq/NN/NN_1H_20260520_070635.png
 delete mode 100644 charts/screenshots_nasdaq/NN/NN_4H_20260519_210500.png
 create mode 100644 charts/screenshots_nasdaq/NN/NN_4H_20260520_070635.png
 delete mode 100644 charts/screenshots_nasdaq/NN/NN_Daily_20260519_210500.png
 create mode 100644 charts/screenshots_nasdaq/NN/NN_Daily_20260520_070635.png
 delete mode 100644 charts/screenshots_nasdaq/NN/NN_Monthly_20260519_210500.png
 create mode 100644 charts/screenshots_nasdaq/NN/NN_Monthly_20260520_070635.png
 delete mode 100644 charts/screenshots_nasdaq/NN/NN_Weekly_20260519_210500.png
 create mode 100644 charts/screenshots_nasdaq/NN/NN_Weekly_20260520_070635.png
 delete mode 100644 charts/screenshots_nasdaq/OGN/OGN_1H_20260519_205140.png
 create mode 100644 charts/screenshots_nasdaq/OGN/OGN_1H_20260520_065745.png
 delete mode 100644 charts/screenshots_nasdaq/OGN/OGN_4H_20260519_205140.png
 create mode 100644 charts/screenshots_nasdaq/OGN/OGN_4H_20260520_065745.png
 delete mode 100644 charts/screenshots_nasdaq/OGN/OGN_Daily_20260519_205140.png
 create mode 100644 charts/screenshots_nasdaq/OGN/OGN_Daily_20260520_065745.png
 delete mode 100644 charts/screenshots_nasdaq/OGN/OGN_Monthly_20260519_205140.png
 create mode 100644 charts/screenshots_nasdaq/OGN/OGN_Monthly_20260520_065745.png
 delete mode 100644 charts/screenshots_nasdaq/OGN/OGN_Weekly_20260519_205140.png
 create mode 100644 charts/screenshots_nasdaq/OGN/OGN_Weekly_20260520_065745.png
 delete mode 100644 charts/screenshots_nasdaq/OPEN/OPEN_1H_20260519_213625.png
 create mode 100644 charts/screenshots_nasdaq/OPEN/OPEN_1H_20260520_073616.png
 delete mode 100644 charts/screenshots_nasdaq/OPEN/OPEN_4H_20260519_213625.png
 create mode 100644 charts/screenshots_nasdaq/OPEN/OPEN_4H_20260520_073616.png
 delete mode 100644 charts/screenshots_nasdaq/OPEN/OPEN_Daily_20260519_213625.png
 create mode 100644 charts/screenshots_nasdaq/OPEN/OPEN_Daily_20260520_073616.png
 delete mode 100644 charts/screenshots_nasdaq/OPEN/OPEN_Monthly_20260519_213625.png
 create mode 100644 charts/screenshots_nasdaq/OPEN/OPEN_Monthly_20260520_073616.png
 delete mode 100644 charts/screenshots_nasdaq/OPEN/OPEN_Weekly_20260519_213625.png
 create mode 100644 charts/screenshots_nasdaq/OPEN/OPEN_Weekly_20260520_073616.png
 delete mode 100644 charts/screenshots_nasdaq/PBA/PBA_1H_20260519_203309.png
 create mode 100644 charts/screenshots_nasdaq/PBA/PBA_1H_20260520_063536.png
 delete mode 100644 charts/screenshots_nasdaq/PBA/PBA_4H_20260519_203309.png
 create mode 100644 charts/screenshots_nasdaq/PBA/PBA_4H_20260520_063536.png
 delete mode 100644 charts/screenshots_nasdaq/PBA/PBA_Daily_20260519_203309.png
 create mode 100644 charts/screenshots_nasdaq/PBA/PBA_Daily_20260520_063536.png
 delete mode 100644 charts/screenshots_nasdaq/PBA/PBA_Monthly_20260519_203309.png
 create mode 100644 charts/screenshots_nasdaq/PBA/PBA_Monthly_20260520_063536.png
 delete mode 100644 charts/screenshots_nasdaq/PBA/PBA_Weekly_20260519_203309.png
 create mode 100644 charts/screenshots_nasdaq/PBA/PBA_Weekly_20260520_063536.png
 delete mode 100644 charts/screenshots_nasdaq/PGY/PGY_1H_20260519_215149.png
 delete mode 100644 charts/screenshots_nasdaq/PGY/PGY_4H_20260519_215149.png
 delete mode 100644 charts/screenshots_nasdaq/PGY/PGY_Daily_20260519_215149.png
 delete mode 100644 charts/screenshots_nasdaq/PGY/PGY_Monthly_20260519_215149.png
 delete mode 100644 charts/screenshots_nasdaq/PGY/PGY_Weekly_20260519_215149.png
 delete mode 100644 charts/screenshots_nasdaq/PINS/PINS_1H_20260519_211906.png
 create mode 100644 charts/screenshots_nasdaq/PINS/PINS_1H_20260520_072028.png
 delete mode 100644 charts/screenshots_nasdaq/PINS/PINS_4H_20260519_211906.png
 create mode 100644 charts/screenshots_nasdaq/PINS/PINS_4H_20260520_072028.png
 delete mode 100644 charts/screenshots_nasdaq/PINS/PINS_Daily_20260519_211906.png
 create mode 100644 charts/screenshots_nasdaq/PINS/PINS_Daily_20260520_072028.png
 delete mode 100644 charts/screenshots_nasdaq/PINS/PINS_Monthly_20260519_211906.png
 create mode 100644 charts/screenshots_nasdaq/PINS/PINS_Monthly_20260520_072028.png
 delete mode 100644 charts/screenshots_nasdaq/PINS/PINS_Weekly_20260519_211906.png
 create mode 100644 charts/screenshots_nasdaq/PINS/PINS_Weekly_20260520_072028.png
 delete mode 100644 charts/screenshots_nasdaq/PLNT/PLNT_1H_20260519_212957.png
 create mode 100644 charts/screenshots_nasdaq/PLNT/PLNT_1H_20260520_073034.png
 delete mode 100644 charts/screenshots_nasdaq/PLNT/PLNT_4H_20260519_212957.png
 create mode 100644 charts/screenshots_nasdaq/PLNT/PLNT_4H_20260520_073034.png
 delete mode 100644 charts/screenshots_nasdaq/PLNT/PLNT_Daily_20260519_212957.png
 create mode 100644 charts/screenshots_nasdaq/PLNT/PLNT_Daily_20260520_073034.png
 delete mode 100644 charts/screenshots_nasdaq/PLNT/PLNT_Monthly_20260519_212957.png
 create mode 100644 charts/screenshots_nasdaq/PLNT/PLNT_Monthly_20260520_073034.png
 delete mode 100644 charts/screenshots_nasdaq/PLNT/PLNT_Weekly_20260519_212957.png
 create mode 100644 charts/screenshots_nasdaq/PLNT/PLNT_Weekly_20260520_073034.png
 delete mode 100644 charts/screenshots_nasdaq/PM/PM_1H_20260519_204402.png
 create mode 100644 charts/screenshots_nasdaq/PM/PM_1H_20260520_064543.png
 delete mode 100644 charts/screenshots_nasdaq/PM/PM_4H_20260519_204402.png
 create mode 100644 charts/screenshots_nasdaq/PM/PM_4H_20260520_064543.png
 delete mode 100644 charts/screenshots_nasdaq/PM/PM_Daily_20260519_204402.png
 create mode 100644 charts/screenshots_nasdaq/PM/PM_Daily_20260520_064543.png
 delete mode 100644 charts/screenshots_nasdaq/PM/PM_Monthly_20260519_204402.png
 create mode 100644 charts/screenshots_nasdaq/PM/PM_Monthly_20260520_064543.png
 delete mode 100644 charts/screenshots_nasdaq/PM/PM_Weekly_20260519_204402.png
 create mode 100644 charts/screenshots_nasdaq/PM/PM_Weekly_20260520_064543.png
 delete mode 100644 charts/screenshots_nasdaq/PODD/PODD_1H_20260519_212023.png
 create mode 100644 charts/screenshots_nasdaq/PODD/PODD_1H_20260520_072143.png
 delete mode 100644 charts/screenshots_nasdaq/PODD/PODD_4H_20260519_212023.png
 create mode 100644 charts/screenshots_nasdaq/PODD/PODD_4H_20260520_072143.png
 delete mode 100644 charts/screenshots_nasdaq/PODD/PODD_Daily_20260519_212023.png
 create mode 100644 charts/screenshots_nasdaq/PODD/PODD_Daily_20260520_072143.png
 delete mode 100644 charts/screenshots_nasdaq/PODD/PODD_Monthly_20260519_212023.png
 create mode 100644 charts/screenshots_nasdaq/PODD/PODD_Monthly_20260520_072143.png
 delete mode 100644 charts/screenshots_nasdaq/PODD/PODD_Weekly_20260519_212023.png
 create mode 100644 charts/screenshots_nasdaq/PODD/PODD_Weekly_20260520_072143.png
 delete mode 100644 charts/screenshots_nasdaq/PONY/PONY_1H_20260519_213036.png
 create mode 100644 charts/screenshots_nasdaq/PONY/PONY_1H_20260520_073112.png
 delete mode 100644 charts/screenshots_nasdaq/PONY/PONY_4H_20260519_213036.png
 create mode 100644 charts/screenshots_nasdaq/PONY/PONY_4H_20260520_073112.png
 delete mode 100644 charts/screenshots_nasdaq/PONY/PONY_Daily_20260519_213036.png
 create mode 100644 charts/screenshots_nasdaq/PONY/PONY_Daily_20260520_073112.png
 delete mode 100644 charts/screenshots_nasdaq/PONY/PONY_Monthly_20260519_213036.png
 create mode 100644 charts/screenshots_nasdaq/PONY/PONY_Monthly_20260520_073112.png
 delete mode 100644 charts/screenshots_nasdaq/PONY/PONY_Weekly_20260519_213036.png
 create mode 100644 charts/screenshots_nasdaq/PONY/PONY_Weekly_20260520_073112.png
 delete mode 100644 charts/screenshots_nasdaq/PTEN/PTEN_1H_20260519_205725.png
 create mode 100644 charts/screenshots_nasdaq/PTEN/PTEN_1H_20260520_065359.png
 delete mode 100644 charts/screenshots_nasdaq/PTEN/PTEN_4H_20260519_205725.png
 create mode 100644 charts/screenshots_nasdaq/PTEN/PTEN_4H_20260520_065359.png
 delete mode 100644 charts/screenshots_nasdaq/PTEN/PTEN_Daily_20260519_205725.png
 create mode 100644 charts/screenshots_nasdaq/PTEN/PTEN_Daily_20260520_065359.png
 delete mode 100644 charts/screenshots_nasdaq/PTEN/PTEN_Monthly_20260519_205725.png
 create mode 100644 charts/screenshots_nasdaq/PTEN/PTEN_Monthly_20260520_065359.png
 delete mode 100644 charts/screenshots_nasdaq/PTEN/PTEN_Weekly_20260519_205725.png
 create mode 100644 charts/screenshots_nasdaq/PTEN/PTEN_Weekly_20260520_065359.png
 delete mode 100644 charts/screenshots_nasdaq/PUMP/PUMP_1H_20260519_205803.png
 create mode 100644 charts/screenshots_nasdaq/PUMP/PUMP_1H_20260520_065436.png
 delete mode 100644 charts/screenshots_nasdaq/PUMP/PUMP_4H_20260519_205803.png
 create mode 100644 charts/screenshots_nasdaq/PUMP/PUMP_4H_20260520_065436.png
 delete mode 100644 charts/screenshots_nasdaq/PUMP/PUMP_Daily_20260519_205803.png
 create mode 100644 charts/screenshots_nasdaq/PUMP/PUMP_Daily_20260520_065436.png
 delete mode 100644 charts/screenshots_nasdaq/PUMP/PUMP_Monthly_20260519_205803.png
 create mode 100644 charts/screenshots_nasdaq/PUMP/PUMP_Monthly_20260520_065436.png
 delete mode 100644 charts/screenshots_nasdaq/PUMP/PUMP_Weekly_20260519_205803.png
 create mode 100644 charts/screenshots_nasdaq/PUMP/PUMP_Weekly_20260520_065436.png
 delete mode 100644 charts/screenshots_nasdaq/QURE/QURE_1H_20260519_204635.png
 create mode 100644 charts/screenshots_nasdaq/QURE/QURE_1H_20260520_070713.png
 delete mode 100644 charts/screenshots_nasdaq/QURE/QURE_4H_20260519_204635.png
 create mode 100644 charts/screenshots_nasdaq/QURE/QURE_4H_20260520_070713.png
 delete mode 100644 charts/screenshots_nasdaq/QURE/QURE_Daily_20260519_204635.png
 create mode 100644 charts/screenshots_nasdaq/QURE/QURE_Daily_20260520_070713.png
 delete mode 100644 charts/screenshots_nasdaq/QURE/QURE_Monthly_20260519_204635.png
 create mode 100644 charts/screenshots_nasdaq/QURE/QURE_Monthly_20260520_070713.png
 delete mode 100644 charts/screenshots_nasdaq/QURE/QURE_Weekly_20260519_204635.png
 create mode 100644 charts/screenshots_nasdaq/QURE/QURE_Weekly_20260520_070713.png
 delete mode 100644 charts/screenshots_nasdaq/RAMP/RAMP_1H_20260519_210345.png
 create mode 100644 charts/screenshots_nasdaq/RAMP/RAMP_1H_20260520_070828.png
 delete mode 100644 charts/screenshots_nasdaq/RAMP/RAMP_4H_20260519_210345.png
 create mode 100644 charts/screenshots_nasdaq/RAMP/RAMP_4H_20260520_070828.png
 delete mode 100644 charts/screenshots_nasdaq/RAMP/RAMP_Daily_20260519_210345.png
 create mode 100644 charts/screenshots_nasdaq/RAMP/RAMP_Daily_20260520_070828.png
 delete mode 100644 charts/screenshots_nasdaq/RAMP/RAMP_Monthly_20260519_210345.png
 create mode 100644 charts/screenshots_nasdaq/RAMP/RAMP_Monthly_20260520_070828.png
 delete mode 100644 charts/screenshots_nasdaq/RAMP/RAMP_Weekly_20260519_210345.png
 create mode 100644 charts/screenshots_nasdaq/RAMP/RAMP_Weekly_20260520_070828.png
 delete mode 100644 charts/screenshots_nasdaq/RBLX/RBLX_1H_20260519_215228.png
 delete mode 100644 charts/screenshots_nasdaq/RBLX/RBLX_4H_20260519_215228.png
 delete mode 100644 charts/screenshots_nasdaq/RBLX/RBLX_Daily_20260519_215228.png
 delete mode 100644 charts/screenshots_nasdaq/RBLX/RBLX_Monthly_20260519_215228.png
 delete mode 100644 charts/screenshots_nasdaq/RBLX/RBLX_Weekly_20260519_215228.png
 delete mode 100644 charts/screenshots_nasdaq/RGTI/RGTI_1H_20260519_211945.png
 create mode 100644 charts/screenshots_nasdaq/RGTI/RGTI_1H_20260520_072105.png
 delete mode 100644 charts/screenshots_nasdaq/RGTI/RGTI_4H_20260519_211945.png
 create mode 100644 charts/screenshots_nasdaq/RGTI/RGTI_4H_20260520_072105.png
 delete mode 100644 charts/screenshots_nasdaq/RGTI/RGTI_Daily_20260519_211945.png
 create mode 100644 charts/screenshots_nasdaq/RGTI/RGTI_Daily_20260520_072105.png
 delete mode 100644 charts/screenshots_nasdaq/RGTI/RGTI_Monthly_20260519_211945.png
 create mode 100644 charts/screenshots_nasdaq/RGTI/RGTI_Monthly_20260520_072105.png
 delete mode 100644 charts/screenshots_nasdaq/RGTI/RGTI_Weekly_20260519_211945.png
 create mode 100644 charts/screenshots_nasdaq/RGTI/RGTI_Weekly_20260520_072105.png
 delete mode 100644 charts/screenshots_nasdaq/RH/RH_1H_20260519_214446.png
 create mode 100644 charts/screenshots_nasdaq/RH/RH_1H_20260520_073150.png
 delete mode 100644 charts/screenshots_nasdaq/RH/RH_4H_20260519_214446.png
 create mode 100644 charts/screenshots_nasdaq/RH/RH_4H_20260520_073150.png
 delete mode 100644 charts/screenshots_nasdaq/RH/RH_Daily_20260519_214446.png
 create mode 100644 charts/screenshots_nasdaq/RH/RH_Daily_20260520_073150.png
 delete mode 100644 charts/screenshots_nasdaq/RH/RH_Monthly_20260519_214446.png
 create mode 100644 charts/screenshots_nasdaq/RH/RH_Monthly_20260520_073150.png
 delete mode 100644 charts/screenshots_nasdaq/RH/RH_Weekly_20260519_214446.png
 create mode 100644 charts/screenshots_nasdaq/RH/RH_Weekly_20260520_073150.png
 delete mode 100644 charts/screenshots_nasdaq/RIG/RIG_1H_20260519_205841.png
 create mode 100644 charts/screenshots_nasdaq/RIG/RIG_1H_20260520_065514.png
 delete mode 100644 charts/screenshots_nasdaq/RIG/RIG_4H_20260519_205841.png
 create mode 100644 charts/screenshots_nasdaq/RIG/RIG_4H_20260520_065514.png
 delete mode 100644 charts/screenshots_nasdaq/RIG/RIG_Daily_20260519_205841.png
 create mode 100644 charts/screenshots_nasdaq/RIG/RIG_Daily_20260520_065514.png
 delete mode 100644 charts/screenshots_nasdaq/RIG/RIG_Monthly_20260519_205841.png
 create mode 100644 charts/screenshots_nasdaq/RIG/RIG_Monthly_20260520_065514.png
 delete mode 100644 charts/screenshots_nasdaq/RIG/RIG_Weekly_20260519_205841.png
 create mode 100644 charts/screenshots_nasdaq/RIG/RIG_Weekly_20260520_065514.png
 delete mode 100644 charts/screenshots_nasdaq/RKLB/RKLB_1H_20260519_204440.png
 create mode 100644 charts/screenshots_nasdaq/RKLB/RKLB_1H_20260520_064621.png
 delete mode 100644 charts/screenshots_nasdaq/RKLB/RKLB_4H_20260519_204440.png
 create mode 100644 charts/screenshots_nasdaq/RKLB/RKLB_4H_20260520_064621.png
 delete mode 100644 charts/screenshots_nasdaq/RKLB/RKLB_Daily_20260519_204440.png
 create mode 100644 charts/screenshots_nasdaq/RKLB/RKLB_Daily_20260520_064621.png
 delete mode 100644 charts/screenshots_nasdaq/RKLB/RKLB_Monthly_20260519_204440.png
 create mode 100644 charts/screenshots_nasdaq/RKLB/RKLB_Monthly_20260520_064621.png
 delete mode 100644 charts/screenshots_nasdaq/RKLB/RKLB_Weekly_20260519_204440.png
 create mode 100644 charts/screenshots_nasdaq/RKLB/RKLB_Weekly_20260520_064621.png
 delete mode 100644 charts/screenshots_nasdaq/RZLV/RZLV_1H_20260519_211517.png
 create mode 100644 charts/screenshots_nasdaq/RZLV/RZLV_1H_20260520_071640.png
 delete mode 100644 charts/screenshots_nasdaq/RZLV/RZLV_4H_20260519_211517.png
 create mode 100644 charts/screenshots_nasdaq/RZLV/RZLV_4H_20260520_071640.png
 delete mode 100644 charts/screenshots_nasdaq/RZLV/RZLV_Daily_20260519_211517.png
 create mode 100644 charts/screenshots_nasdaq/RZLV/RZLV_Daily_20260520_071640.png
 delete mode 100644 charts/screenshots_nasdaq/RZLV/RZLV_Monthly_20260519_211517.png
 create mode 100644 charts/screenshots_nasdaq/RZLV/RZLV_Monthly_20260520_071640.png
 delete mode 100644 charts/screenshots_nasdaq/RZLV/RZLV_Weekly_20260519_211517.png
 create mode 100644 charts/screenshots_nasdaq/RZLV/RZLV_Weekly_20260520_071640.png
 delete mode 100644 charts/screenshots_nasdaq/SATL/SATL_1H_20260519_210112.png
 create mode 100644 charts/screenshots_nasdaq/SATL/SATL_1H_20260520_070404.png
 delete mode 100644 charts/screenshots_nasdaq/SATL/SATL_4H_20260519_210112.png
 create mode 100644 charts/screenshots_nasdaq/SATL/SATL_4H_20260520_070404.png
 delete mode 100644 charts/screenshots_nasdaq/SATL/SATL_Daily_20260519_210112.png
 create mode 100644 charts/screenshots_nasdaq/SATL/SATL_Daily_20260520_070404.png
 delete mode 100644 charts/screenshots_nasdaq/SATL/SATL_Monthly_20260519_210112.png
 create mode 100644 charts/screenshots_nasdaq/SATL/SATL_Monthly_20260520_070404.png
 delete mode 100644 charts/screenshots_nasdaq/SATL/SATL_Weekly_20260519_210112.png
 create mode 100644 charts/screenshots_nasdaq/SATL/SATL_Weekly_20260520_070404.png
 delete mode 100644 charts/screenshots_nasdaq/SERV/SERV_1H_20260519_213822.png
 create mode 100644 charts/screenshots_nasdaq/SERV/SERV_1H_20260520_073809.png
 delete mode 100644 charts/screenshots_nasdaq/SERV/SERV_4H_20260519_213822.png
 create mode 100644 charts/screenshots_nasdaq/SERV/SERV_4H_20260520_073809.png
 delete mode 100644 charts/screenshots_nasdaq/SERV/SERV_Daily_20260519_213822.png
 create mode 100644 charts/screenshots_nasdaq/SERV/SERV_Daily_20260520_073809.png
 delete mode 100644 charts/screenshots_nasdaq/SERV/SERV_Monthly_20260519_213822.png
 create mode 100644 charts/screenshots_nasdaq/SERV/SERV_Monthly_20260520_073809.png
 delete mode 100644 charts/screenshots_nasdaq/SERV/SERV_Weekly_20260519_213822.png
 create mode 100644 charts/screenshots_nasdaq/SERV/SERV_Weekly_20260520_073809.png
 delete mode 100644 charts/screenshots_nasdaq/SHAK/SHAK_1H_20260519_212412.png
 create mode 100644 charts/screenshots_nasdaq/SHAK/SHAK_1H_20260520_072415.png
 delete mode 100644 charts/screenshots_nasdaq/SHAK/SHAK_4H_20260519_212412.png
 create mode 100644 charts/screenshots_nasdaq/SHAK/SHAK_4H_20260520_072415.png
 delete mode 100644 charts/screenshots_nasdaq/SHAK/SHAK_Daily_20260519_212412.png
 create mode 100644 charts/screenshots_nasdaq/SHAK/SHAK_Daily_20260520_072415.png
 delete mode 100644 charts/screenshots_nasdaq/SHAK/SHAK_Monthly_20260519_212412.png
 create mode 100644 charts/screenshots_nasdaq/SHAK/SHAK_Monthly_20260520_072415.png
 delete mode 100644 charts/screenshots_nasdaq/SHAK/SHAK_Weekly_20260519_212412.png
 create mode 100644 charts/screenshots_nasdaq/SHAK/SHAK_Weekly_20260520_072415.png
 delete mode 100644 charts/screenshots_nasdaq/SLNH/SLNH_1H_20260519_203505.png
 create mode 100644 charts/screenshots_nasdaq/SLNH/SLNH_1H_20260520_070248.png
 delete mode 100644 charts/screenshots_nasdaq/SLNH/SLNH_4H_20260519_203505.png
 create mode 100644 charts/screenshots_nasdaq/SLNH/SLNH_4H_20260520_070248.png
 delete mode 100644 charts/screenshots_nasdaq/SLNH/SLNH_Daily_20260519_203505.png
 create mode 100644 charts/screenshots_nasdaq/SLNH/SLNH_Daily_20260520_070248.png
 delete mode 100644 charts/screenshots_nasdaq/SLNH/SLNH_Monthly_20260519_203505.png
 create mode 100644 charts/screenshots_nasdaq/SLNH/SLNH_Monthly_20260520_070248.png
 delete mode 100644 charts/screenshots_nasdaq/SLNH/SLNH_Weekly_20260519_203505.png
 create mode 100644 charts/screenshots_nasdaq/SLNH/SLNH_Weekly_20260520_070248.png
 delete mode 100644 charts/screenshots_nasdaq/SLS/SLS_1H_20260519_210617.png
 create mode 100644 charts/screenshots_nasdaq/SLS/SLS_1H_20260520_070943.png
 delete mode 100644 charts/screenshots_nasdaq/SLS/SLS_4H_20260519_210617.png
 create mode 100644 charts/screenshots_nasdaq/SLS/SLS_4H_20260520_070943.png
 delete mode 100644 charts/screenshots_nasdaq/SLS/SLS_Daily_20260519_210617.png
 create mode 100644 charts/screenshots_nasdaq/SLS/SLS_Daily_20260520_070943.png
 delete mode 100644 charts/screenshots_nasdaq/SLS/SLS_Monthly_20260519_210617.png
 create mode 100644 charts/screenshots_nasdaq/SLS/SLS_Monthly_20260520_070943.png
 delete mode 100644 charts/screenshots_nasdaq/SLS/SLS_Weekly_20260519_210617.png
 create mode 100644 charts/screenshots_nasdaq/SLS/SLS_Weekly_20260520_070943.png
 delete mode 100644 charts/screenshots_nasdaq/SM/SM_1H_20260519_210422.png
 create mode 100644 charts/screenshots_nasdaq/SM/SM_1H_20260520_070557.png
 delete mode 100644 charts/screenshots_nasdaq/SM/SM_4H_20260519_210422.png
 create mode 100644 charts/screenshots_nasdaq/SM/SM_4H_20260520_070557.png
 delete mode 100644 charts/screenshots_nasdaq/SM/SM_Daily_20260519_210422.png
 create mode 100644 charts/screenshots_nasdaq/SM/SM_Daily_20260520_070557.png
 delete mode 100644 charts/screenshots_nasdaq/SM/SM_Monthly_20260519_210422.png
 create mode 100644 charts/screenshots_nasdaq/SM/SM_Monthly_20260520_070557.png
 delete mode 100644 charts/screenshots_nasdaq/SM/SM_Weekly_20260519_210422.png
 create mode 100644 charts/screenshots_nasdaq/SM/SM_Weekly_20260520_070557.png
 delete mode 100644 charts/screenshots_nasdaq/SOC/SOC_1H_20260519_205646.png
 create mode 100644 charts/screenshots_nasdaq/SOC/SOC_1H_20260520_065205.png
 delete mode 100644 charts/screenshots_nasdaq/SOC/SOC_4H_20260519_205646.png
 create mode 100644 charts/screenshots_nasdaq/SOC/SOC_4H_20260520_065205.png
 delete mode 100644 charts/screenshots_nasdaq/SOC/SOC_Daily_20260519_205646.png
 create mode 100644 charts/screenshots_nasdaq/SOC/SOC_Daily_20260520_065205.png
 delete mode 100644 charts/screenshots_nasdaq/SOC/SOC_Monthly_20260519_205646.png
 create mode 100644 charts/screenshots_nasdaq/SOC/SOC_Monthly_20260520_065205.png
 delete mode 100644 charts/screenshots_nasdaq/SOC/SOC_Weekly_20260519_205646.png
 create mode 100644 charts/screenshots_nasdaq/SOC/SOC_Weekly_20260520_065205.png
 delete mode 100644 charts/screenshots_nasdaq/SOUN/SOUN_1H_20260519_211204.png
 create mode 100644 charts/screenshots_nasdaq/SOUN/SOUN_1H_20260520_071408.png
 delete mode 100644 charts/screenshots_nasdaq/SOUN/SOUN_4H_20260519_211204.png
 create mode 100644 charts/screenshots_nasdaq/SOUN/SOUN_4H_20260520_071408.png
 delete mode 100644 charts/screenshots_nasdaq/SOUN/SOUN_Daily_20260519_211204.png
 create mode 100644 charts/screenshots_nasdaq/SOUN/SOUN_Daily_20260520_071408.png
 delete mode 100644 charts/screenshots_nasdaq/SOUN/SOUN_Monthly_20260519_211204.png
 create mode 100644 charts/screenshots_nasdaq/SOUN/SOUN_Monthly_20260520_071408.png
 delete mode 100644 charts/screenshots_nasdaq/SOUN/SOUN_Weekly_20260519_211204.png
 create mode 100644 charts/screenshots_nasdaq/SOUN/SOUN_Weekly_20260520_071408.png
 delete mode 100644 charts/screenshots_nasdaq/SUNC/SUNC_1H_20260519_211400.png
 create mode 100644 charts/screenshots_nasdaq/SUNC/SUNC_1H_20260520_071446.png
 delete mode 100644 charts/screenshots_nasdaq/SUNC/SUNC_4H_20260519_211400.png
 create mode 100644 charts/screenshots_nasdaq/SUNC/SUNC_4H_20260520_071446.png
 delete mode 100644 charts/screenshots_nasdaq/SUNC/SUNC_Daily_20260519_211400.png
 create mode 100644 charts/screenshots_nasdaq/SUNC/SUNC_Daily_20260520_071446.png
 delete mode 100644 charts/screenshots_nasdaq/SUNC/SUNC_Monthly_20260519_211400.png
 create mode 100644 charts/screenshots_nasdaq/SUNC/SUNC_Monthly_20260520_071446.png
 delete mode 100644 charts/screenshots_nasdaq/SUNC/SUNC_Weekly_20260519_211400.png
 create mode 100644 charts/screenshots_nasdaq/SUNC/SUNC_Weekly_20260520_071446.png
 delete mode 100644 charts/screenshots_nasdaq/TEAM/TEAM_1H_20260519_211047.png
 delete mode 100644 charts/screenshots_nasdaq/TEAM/TEAM_4H_20260519_211047.png
 delete mode 100644 charts/screenshots_nasdaq/TEAM/TEAM_Daily_20260519_211047.png
 delete mode 100644 charts/screenshots_nasdaq/TEAM/TEAM_Monthly_20260519_211047.png
 delete mode 100644 charts/screenshots_nasdaq/TEAM/TEAM_Weekly_20260519_211047.png
 delete mode 100644 charts/screenshots_nasdaq/TEM/TEM_1H_20260519_213902.png
 create mode 100644 charts/screenshots_nasdaq/TEM/TEM_1H_20260520_073847.png
 delete mode 100644 charts/screenshots_nasdaq/TEM/TEM_4H_20260519_213902.png
 create mode 100644 charts/screenshots_nasdaq/TEM/TEM_4H_20260520_073847.png
 delete mode 100644 charts/screenshots_nasdaq/TEM/TEM_Daily_20260519_213902.png
 create mode 100644 charts/screenshots_nasdaq/TEM/TEM_Daily_20260520_073847.png
 delete mode 100644 charts/screenshots_nasdaq/TEM/TEM_Monthly_20260519_213902.png
 create mode 100644 charts/screenshots_nasdaq/TEM/TEM_Monthly_20260520_073847.png
 delete mode 100644 charts/screenshots_nasdaq/TEM/TEM_Weekly_20260519_213902.png
 create mode 100644 charts/screenshots_nasdaq/TEM/TEM_Weekly_20260520_073847.png
 delete mode 100644 charts/screenshots_nasdaq/TLRY/TLRY_1H_20260519_213940.png
 create mode 100644 charts/screenshots_nasdaq/TLRY/TLRY_1H_20260520_073926.png
 delete mode 100644 charts/screenshots_nasdaq/TLRY/TLRY_4H_20260519_213940.png
 create mode 100644 charts/screenshots_nasdaq/TLRY/TLRY_4H_20260520_073926.png
 delete mode 100644 charts/screenshots_nasdaq/TLRY/TLRY_Daily_20260519_213940.png
 create mode 100644 charts/screenshots_nasdaq/TLRY/TLRY_Daily_20260520_073926.png
 delete mode 100644 charts/screenshots_nasdaq/TLRY/TLRY_Monthly_20260519_213940.png
 create mode 100644 charts/screenshots_nasdaq/TLRY/TLRY_Monthly_20260520_073926.png
 delete mode 100644 charts/screenshots_nasdaq/TLRY/TLRY_Weekly_20260519_213940.png
 create mode 100644 charts/screenshots_nasdaq/TLRY/TLRY_Weekly_20260520_073926.png
 delete mode 100644 charts/screenshots_nasdaq/TMDX/TMDX_1H_20260519_212451.png
 create mode 100644 charts/screenshots_nasdaq/TMDX/TMDX_1H_20260520_072453.png
 delete mode 100644 charts/screenshots_nasdaq/TMDX/TMDX_4H_20260519_212451.png
 create mode 100644 charts/screenshots_nasdaq/TMDX/TMDX_4H_20260520_072453.png
 delete mode 100644 charts/screenshots_nasdaq/TMDX/TMDX_Daily_20260519_212451.png
 create mode 100644 charts/screenshots_nasdaq/TMDX/TMDX_Daily_20260520_072453.png
 delete mode 100644 charts/screenshots_nasdaq/TMDX/TMDX_Monthly_20260519_212451.png
 create mode 100644 charts/screenshots_nasdaq/TMDX/TMDX_Monthly_20260520_072453.png
 delete mode 100644 charts/screenshots_nasdaq/TMDX/TMDX_Weekly_20260519_212451.png
 create mode 100644 charts/screenshots_nasdaq/TMDX/TMDX_Weekly_20260520_072453.png
 delete mode 100644 charts/screenshots_nasdaq/TNDM/TNDM_1H_20260519_213114.png
 create mode 100644 charts/screenshots_nasdaq/TNDM/TNDM_1H_20260520_073228.png
 delete mode 100644 charts/screenshots_nasdaq/TNDM/TNDM_4H_20260519_213114.png
 create mode 100644 charts/screenshots_nasdaq/TNDM/TNDM_4H_20260520_073228.png
 delete mode 100644 charts/screenshots_nasdaq/TNDM/TNDM_Daily_20260519_213114.png
 create mode 100644 charts/screenshots_nasdaq/TNDM/TNDM_Daily_20260520_073228.png
 delete mode 100644 charts/screenshots_nasdaq/TNDM/TNDM_Monthly_20260519_213114.png
 create mode 100644 charts/screenshots_nasdaq/TNDM/TNDM_Monthly_20260520_073228.png
 delete mode 100644 charts/screenshots_nasdaq/TNDM/TNDM_Weekly_20260519_213114.png
 create mode 100644 charts/screenshots_nasdaq/TNDM/TNDM_Weekly_20260520_073228.png
 delete mode 100644 charts/screenshots_nasdaq/TOST/TOST_1H_20260519_213153.png
 create mode 100644 charts/screenshots_nasdaq/TOST/TOST_1H_20260520_073306.png
 delete mode 100644 charts/screenshots_nasdaq/TOST/TOST_4H_20260519_213153.png
 create mode 100644 charts/screenshots_nasdaq/TOST/TOST_4H_20260520_073306.png
 delete mode 100644 charts/screenshots_nasdaq/TOST/TOST_Daily_20260519_213153.png
 create mode 100644 charts/screenshots_nasdaq/TOST/TOST_Daily_20260520_073306.png
 delete mode 100644 charts/screenshots_nasdaq/TOST/TOST_Monthly_20260519_213153.png
 create mode 100644 charts/screenshots_nasdaq/TOST/TOST_Monthly_20260520_073306.png
 delete mode 100644 charts/screenshots_nasdaq/TOST/TOST_Weekly_20260519_213153.png
 create mode 100644 charts/screenshots_nasdaq/TOST/TOST_Weekly_20260520_073306.png
 delete mode 100644 charts/screenshots_nasdaq/TRGP/TRGP_1H_20260519_204946.png
 create mode 100644 charts/screenshots_nasdaq/TRGP/TRGP_1H_20260520_064855.png
 delete mode 100644 charts/screenshots_nasdaq/TRGP/TRGP_4H_20260519_204946.png
 create mode 100644 charts/screenshots_nasdaq/TRGP/TRGP_4H_20260520_064855.png
 delete mode 100644 charts/screenshots_nasdaq/TRGP/TRGP_Daily_20260519_204946.png
 create mode 100644 charts/screenshots_nasdaq/TRGP/TRGP_Daily_20260520_064855.png
 delete mode 100644 charts/screenshots_nasdaq/TRGP/TRGP_Monthly_20260519_204946.png
 create mode 100644 charts/screenshots_nasdaq/TRGP/TRGP_Monthly_20260520_064855.png
 delete mode 100644 charts/screenshots_nasdaq/TRGP/TRGP_Weekly_20260519_204946.png
 create mode 100644 charts/screenshots_nasdaq/TRGP/TRGP_Weekly_20260520_064855.png
 delete mode 100644 charts/screenshots_nasdaq/TRP/TRP_1H_20260519_204519.png
 create mode 100644 charts/screenshots_nasdaq/TRP/TRP_1H_20260520_064001.png
 delete mode 100644 charts/screenshots_nasdaq/TRP/TRP_4H_20260519_204519.png
 create mode 100644 charts/screenshots_nasdaq/TRP/TRP_4H_20260520_064001.png
 delete mode 100644 charts/screenshots_nasdaq/TRP/TRP_Daily_20260519_204519.png
 create mode 100644 charts/screenshots_nasdaq/TRP/TRP_Daily_20260520_064001.png
 delete mode 100644 charts/screenshots_nasdaq/TRP/TRP_Monthly_20260519_204519.png
 create mode 100644 charts/screenshots_nasdaq/TRP/TRP_Monthly_20260520_064001.png
 delete mode 100644 charts/screenshots_nasdaq/TRP/TRP_Weekly_20260519_204519.png
 create mode 100644 charts/screenshots_nasdaq/TRP/TRP_Weekly_20260520_064001.png
 delete mode 100644 charts/screenshots_nasdaq/TTD/TTD_1H_20260519_214019.png
 create mode 100644 charts/screenshots_nasdaq/TTD/TTD_1H_20260520_074004.png
 delete mode 100644 charts/screenshots_nasdaq/TTD/TTD_4H_20260519_214019.png
 create mode 100644 charts/screenshots_nasdaq/TTD/TTD_4H_20260520_074004.png
 delete mode 100644 charts/screenshots_nasdaq/TTD/TTD_Daily_20260519_214019.png
 create mode 100644 charts/screenshots_nasdaq/TTD/TTD_Daily_20260520_074004.png
 delete mode 100644 charts/screenshots_nasdaq/TTD/TTD_Monthly_20260519_214019.png
 create mode 100644 charts/screenshots_nasdaq/TTD/TTD_Monthly_20260520_074004.png
 delete mode 100644 charts/screenshots_nasdaq/TTD/TTD_Weekly_20260519_214019.png
 create mode 100644 charts/screenshots_nasdaq/TTD/TTD_Weekly_20260520_074004.png
 delete mode 100644 charts/screenshots_nasdaq/TXN/TXN_1H_20260519_204557.png
 create mode 100644 charts/screenshots_nasdaq/TXN/TXN_1H_20260520_064700.png
 delete mode 100644 charts/screenshots_nasdaq/TXN/TXN_4H_20260519_204557.png
 create mode 100644 charts/screenshots_nasdaq/TXN/TXN_4H_20260520_064700.png
 delete mode 100644 charts/screenshots_nasdaq/TXN/TXN_Daily_20260519_204557.png
 create mode 100644 charts/screenshots_nasdaq/TXN/TXN_Daily_20260520_064700.png
 delete mode 100644 charts/screenshots_nasdaq/TXN/TXN_Monthly_20260519_204557.png
 create mode 100644 charts/screenshots_nasdaq/TXN/TXN_Monthly_20260520_064700.png
 delete mode 100644 charts/screenshots_nasdaq/TXN/TXN_Weekly_20260519_204557.png
 create mode 100644 charts/screenshots_nasdaq/TXN/TXN_Weekly_20260520_064700.png
 delete mode 100644 charts/screenshots_nasdaq/UMC/UMC_1H_20260519_205608.png
 create mode 100644 charts/screenshots_nasdaq/UMC/UMC_1H_20260520_064933.png
 delete mode 100644 charts/screenshots_nasdaq/UMC/UMC_4H_20260519_205608.png
 create mode 100644 charts/screenshots_nasdaq/UMC/UMC_4H_20260520_064933.png
 delete mode 100644 charts/screenshots_nasdaq/UMC/UMC_Daily_20260519_205608.png
 create mode 100644 charts/screenshots_nasdaq/UMC/UMC_Daily_20260520_064933.png
 delete mode 100644 charts/screenshots_nasdaq/UMC/UMC_Monthly_20260519_205608.png
 create mode 100644 charts/screenshots_nasdaq/UMC/UMC_Monthly_20260520_064933.png
 delete mode 100644 charts/screenshots_nasdaq/UMC/UMC_Weekly_20260519_205608.png
 create mode 100644 charts/screenshots_nasdaq/UMC/UMC_Weekly_20260520_064933.png
 delete mode 100644 charts/screenshots_nasdaq/UPST/UPST_1H_20260519_215307.png
 delete mode 100644 charts/screenshots_nasdaq/UPST/UPST_4H_20260519_215307.png
 delete mode 100644 charts/screenshots_nasdaq/UPST/UPST_Daily_20260519_215307.png
 delete mode 100644 charts/screenshots_nasdaq/UPST/UPST_Monthly_20260519_215307.png
 delete mode 100644 charts/screenshots_nasdaq/UPST/UPST_Weekly_20260519_215307.png
 delete mode 100644 charts/screenshots_nasdaq/VAL/VAL_1H_20260519_205918.png
 create mode 100644 charts/screenshots_nasdaq/VAL/VAL_1H_20260520_065629.png
 delete mode 100644 charts/screenshots_nasdaq/VAL/VAL_4H_20260519_205918.png
 create mode 100644 charts/screenshots_nasdaq/VAL/VAL_4H_20260520_065629.png
 delete mode 100644 charts/screenshots_nasdaq/VAL/VAL_Daily_20260519_205918.png
 create mode 100644 charts/screenshots_nasdaq/VAL/VAL_Daily_20260520_065629.png
 delete mode 100644 charts/screenshots_nasdaq/VAL/VAL_Monthly_20260519_205918.png
 create mode 100644 charts/screenshots_nasdaq/VAL/VAL_Monthly_20260520_065629.png
 delete mode 100644 charts/screenshots_nasdaq/VAL/VAL_Weekly_20260519_205918.png
 create mode 100644 charts/screenshots_nasdaq/VAL/VAL_Weekly_20260520_065629.png
 delete mode 100644 charts/screenshots_nasdaq/VIST/VIST_1H_20260519_205956.png
 create mode 100644 charts/screenshots_nasdaq/VIST/VIST_1H_20260520_065707.png
 delete mode 100644 charts/screenshots_nasdaq/VIST/VIST_4H_20260519_205956.png
 create mode 100644 charts/screenshots_nasdaq/VIST/VIST_4H_20260520_065707.png
 delete mode 100644 charts/screenshots_nasdaq/VIST/VIST_Daily_20260519_205956.png
 create mode 100644 charts/screenshots_nasdaq/VIST/VIST_Daily_20260520_065707.png
 delete mode 100644 charts/screenshots_nasdaq/VIST/VIST_Monthly_20260519_205956.png
 create mode 100644 charts/screenshots_nasdaq/VIST/VIST_Monthly_20260520_065707.png
 delete mode 100644 charts/screenshots_nasdaq/VIST/VIST_Weekly_20260519_205956.png
 create mode 100644 charts/screenshots_nasdaq/VIST/VIST_Weekly_20260520_065707.png
 delete mode 100644 charts/screenshots_nasdaq/VITL/VITL_1H_20260519_213232.png
 create mode 100644 charts/screenshots_nasdaq/VITL/VITL_1H_20260520_073344.png
 delete mode 100644 charts/screenshots_nasdaq/VITL/VITL_4H_20260519_213232.png
 create mode 100644 charts/screenshots_nasdaq/VITL/VITL_4H_20260520_073344.png
 delete mode 100644 charts/screenshots_nasdaq/VITL/VITL_Daily_20260519_213232.png
 create mode 100644 charts/screenshots_nasdaq/VITL/VITL_Daily_20260520_073344.png
 delete mode 100644 charts/screenshots_nasdaq/VITL/VITL_Monthly_20260519_213232.png
 create mode 100644 charts/screenshots_nasdaq/VITL/VITL_Monthly_20260520_073344.png
 delete mode 100644 charts/screenshots_nasdaq/VITL/VITL_Weekly_20260519_213232.png
 create mode 100644 charts/screenshots_nasdaq/VITL/VITL_Weekly_20260520_073344.png
 delete mode 100644 charts/screenshots_nasdaq/VRNS/VRNS_1H_20260519_210656.png
 delete mode 100644 charts/screenshots_nasdaq/VRNS/VRNS_4H_20260519_210656.png
 delete mode 100644 charts/screenshots_nasdaq/VRNS/VRNS_Daily_20260519_210656.png
 delete mode 100644 charts/screenshots_nasdaq/VRNS/VRNS_Monthly_20260519_210656.png
 delete mode 100644 charts/screenshots_nasdaq/VRNS/VRNS_Weekly_20260519_210656.png
 delete mode 100644 charts/screenshots_nasdaq/VXX/VXX_1H_20260519_211713.png
 create mode 100644 charts/screenshots_nasdaq/VXX/VXX_1H_20260520_071602.png
 delete mode 100644 charts/screenshots_nasdaq/VXX/VXX_4H_20260519_211713.png
 create mode 100644 charts/screenshots_nasdaq/VXX/VXX_4H_20260520_071602.png
 delete mode 100644 charts/screenshots_nasdaq/VXX/VXX_Daily_20260519_211713.png
 create mode 100644 charts/screenshots_nasdaq/VXX/VXX_Daily_20260520_071602.png
 delete mode 100644 charts/screenshots_nasdaq/VXX/VXX_Monthly_20260519_211713.png
 create mode 100644 charts/screenshots_nasdaq/VXX/VXX_Monthly_20260520_071602.png
 delete mode 100644 charts/screenshots_nasdaq/VXX/VXX_Weekly_20260519_211713.png
 create mode 100644 charts/screenshots_nasdaq/VXX/VXX_Weekly_20260520_071602.png
 delete mode 100644 charts/screenshots_nasdaq/W/W_1H_20260519_213310.png
 create mode 100644 charts/screenshots_nasdaq/W/W_1H_20260520_073422.png
 delete mode 100644 charts/screenshots_nasdaq/W/W_4H_20260519_213310.png
 create mode 100644 charts/screenshots_nasdaq/W/W_4H_20260520_073422.png
 delete mode 100644 charts/screenshots_nasdaq/W/W_Daily_20260519_213310.png
 create mode 100644 charts/screenshots_nasdaq/W/W_Daily_20260520_073422.png
 delete mode 100644 charts/screenshots_nasdaq/W/W_Monthly_20260519_213310.png
 create mode 100644 charts/screenshots_nasdaq/W/W_Monthly_20260520_073422.png
 delete mode 100644 charts/screenshots_nasdaq/W/W_Weekly_20260519_213310.png
 create mode 100644 charts/screenshots_nasdaq/W/W_Weekly_20260520_073422.png
 delete mode 100644 charts/screenshots_nasdaq/WAY/WAY_1H_20260519_213547.png
 delete mode 100644 charts/screenshots_nasdaq/WAY/WAY_4H_20260519_213547.png
 delete mode 100644 charts/screenshots_nasdaq/WAY/WAY_Daily_20260519_213547.png
 delete mode 100644 charts/screenshots_nasdaq/WAY/WAY_Monthly_20260519_213547.png
 delete mode 100644 charts/screenshots_nasdaq/WAY/WAY_Weekly_20260519_213547.png
 delete mode 100644 charts/screenshots_nasdaq/WES/WES_1H_20260519_210151.png
 create mode 100644 charts/screenshots_nasdaq/WES/WES_1H_20260520_070442.png
 delete mode 100644 charts/screenshots_nasdaq/WES/WES_4H_20260519_210151.png
 create mode 100644 charts/screenshots_nasdaq/WES/WES_4H_20260520_070442.png
 delete mode 100644 charts/screenshots_nasdaq/WES/WES_Daily_20260519_210151.png
 create mode 100644 charts/screenshots_nasdaq/WES/WES_Daily_20260520_070442.png
 delete mode 100644 charts/screenshots_nasdaq/WES/WES_Monthly_20260519_210151.png
 create mode 100644 charts/screenshots_nasdaq/WES/WES_Monthly_20260520_070442.png
 delete mode 100644 charts/screenshots_nasdaq/WES/WES_Weekly_20260519_210151.png
 create mode 100644 charts/screenshots_nasdaq/WES/WES_Weekly_20260520_070442.png
 delete mode 100644 charts/screenshots_nasdaq/WGS/WGS_1H_20260519_214525.png
 create mode 100644 charts/screenshots_nasdaq/WGS/WGS_1H_20260520_074351.png
 delete mode 100644 charts/screenshots_nasdaq/WGS/WGS_4H_20260519_214525.png
 create mode 100644 charts/screenshots_nasdaq/WGS/WGS_4H_20260520_074351.png
 delete mode 100644 charts/screenshots_nasdaq/WGS/WGS_Daily_20260519_214525.png
 create mode 100644 charts/screenshots_nasdaq/WGS/WGS_Daily_20260520_074351.png
 delete mode 100644 charts/screenshots_nasdaq/WGS/WGS_Monthly_20260519_214525.png
 create mode 100644 charts/screenshots_nasdaq/WGS/WGS_Monthly_20260520_074351.png
 delete mode 100644 charts/screenshots_nasdaq/WGS/WGS_Weekly_20260519_214525.png
 create mode 100644 charts/screenshots_nasdaq/WGS/WGS_Weekly_20260520_074351.png
 delete mode 100644 charts/screenshots_nasdaq/WHR/WHR_1H_20260519_212101.png
 create mode 100644 charts/screenshots_nasdaq/WHR/WHR_1H_20260520_072222.png
 delete mode 100644 charts/screenshots_nasdaq/WHR/WHR_4H_20260519_212101.png
 create mode 100644 charts/screenshots_nasdaq/WHR/WHR_4H_20260520_072222.png
 delete mode 100644 charts/screenshots_nasdaq/WHR/WHR_Daily_20260519_212101.png
 create mode 100644 charts/screenshots_nasdaq/WHR/WHR_Daily_20260520_072222.png
 delete mode 100644 charts/screenshots_nasdaq/WHR/WHR_Monthly_20260519_212101.png
 create mode 100644 charts/screenshots_nasdaq/WHR/WHR_Monthly_20260520_072222.png
 delete mode 100644 charts/screenshots_nasdaq/WHR/WHR_Weekly_20260519_212101.png
 create mode 100644 charts/screenshots_nasdaq/WHR/WHR_Weekly_20260520_072222.png
 delete mode 100644 charts/screenshots_nasdaq/WING/WING_1H_20260519_213350.png
 create mode 100644 charts/screenshots_nasdaq/WING/WING_1H_20260520_073459.png
 delete mode 100644 charts/screenshots_nasdaq/WING/WING_4H_20260519_213350.png
 create mode 100644 charts/screenshots_nasdaq/WING/WING_4H_20260520_073459.png
 delete mode 100644 charts/screenshots_nasdaq/WING/WING_Daily_20260519_213350.png
 create mode 100644 charts/screenshots_nasdaq/WING/WING_Daily_20260520_073459.png
 delete mode 100644 charts/screenshots_nasdaq/WING/WING_Monthly_20260519_213350.png
 create mode 100644 charts/screenshots_nasdaq/WING/WING_Monthly_20260520_073459.png
 delete mode 100644 charts/screenshots_nasdaq/WING/WING_Weekly_20260519_213350.png
 create mode 100644 charts/screenshots_nasdaq/WING/WING_Weekly_20260520_073459.png
 delete mode 100644 charts/screenshots_nasdaq/WIX/WIX_1H_20260519_212529.png
 create mode 100644 charts/screenshots_nasdaq/WIX/WIX_1H_20260520_072532.png
 delete mode 100644 charts/screenshots_nasdaq/WIX/WIX_4H_20260519_212529.png
 create mode 100644 charts/screenshots_nasdaq/WIX/WIX_4H_20260520_072532.png
 delete mode 100644 charts/screenshots_nasdaq/WIX/WIX_Daily_20260519_212529.png
 create mode 100644 charts/screenshots_nasdaq/WIX/WIX_Daily_20260520_072532.png
 delete mode 100644 charts/screenshots_nasdaq/WIX/WIX_Monthly_20260519_212529.png
 create mode 100644 charts/screenshots_nasdaq/WIX/WIX_Monthly_20260520_072532.png
 delete mode 100644 charts/screenshots_nasdaq/WIX/WIX_Weekly_20260519_212529.png
 create mode 100644 charts/screenshots_nasdaq/WIX/WIX_Weekly_20260520_072532.png
 delete mode 100644 charts/screenshots_nasdaq/WMG/WMG_1H_20260519_203544.png
 create mode 100644 charts/screenshots_nasdaq/WMG/WMG_1H_20260520_064038.png
 delete mode 100644 charts/screenshots_nasdaq/WMG/WMG_4H_20260519_203544.png
 create mode 100644 charts/screenshots_nasdaq/WMG/WMG_4H_20260520_064038.png
 delete mode 100644 charts/screenshots_nasdaq/WMG/WMG_Daily_20260519_203544.png
 create mode 100644 charts/screenshots_nasdaq/WMG/WMG_Daily_20260520_064038.png
 delete mode 100644 charts/screenshots_nasdaq/WMG/WMG_Monthly_20260519_203544.png
 create mode 100644 charts/screenshots_nasdaq/WMG/WMG_Monthly_20260520_064038.png
 delete mode 100644 charts/screenshots_nasdaq/WMG/WMG_Weekly_20260519_203544.png
 create mode 100644 charts/screenshots_nasdaq/WMG/WMG_Weekly_20260520_064038.png
 delete mode 100644 charts/screenshots_nasdaq/WTTR/WTTR_1H_20260519_210229.png
 create mode 100644 charts/screenshots_nasdaq/WTTR/WTTR_1H_20260520_070519.png
 delete mode 100644 charts/screenshots_nasdaq/WTTR/WTTR_4H_20260519_210229.png
 create mode 100644 charts/screenshots_nasdaq/WTTR/WTTR_4H_20260520_070519.png
 delete mode 100644 charts/screenshots_nasdaq/WTTR/WTTR_Daily_20260519_210229.png
 create mode 100644 charts/screenshots_nasdaq/WTTR/WTTR_Daily_20260520_070519.png
 delete mode 100644 charts/screenshots_nasdaq/WTTR/WTTR_Monthly_20260519_210229.png
 create mode 100644 charts/screenshots_nasdaq/WTTR/WTTR_Monthly_20260520_070519.png
 delete mode 100644 charts/screenshots_nasdaq/WTTR/WTTR_Weekly_20260519_210229.png
 create mode 100644 charts/screenshots_nasdaq/WTTR/WTTR_Weekly_20260520_070519.png
 delete mode 100644 charts/screenshots_nasdaq/XMTR/XMTR_1H_20260519_205023.png
 create mode 100644 charts/screenshots_nasdaq/XMTR/XMTR_1H_20260520_065243.png
 delete mode 100644 charts/screenshots_nasdaq/XMTR/XMTR_4H_20260519_205023.png
 create mode 100644 charts/screenshots_nasdaq/XMTR/XMTR_4H_20260520_065243.png
 delete mode 100644 charts/screenshots_nasdaq/XMTR/XMTR_Daily_20260519_205023.png
 create mode 100644 charts/screenshots_nasdaq/XMTR/XMTR_Daily_20260520_065243.png
 delete mode 100644 charts/screenshots_nasdaq/XMTR/XMTR_Monthly_20260519_205023.png
 create mode 100644 charts/screenshots_nasdaq/XMTR/XMTR_Monthly_20260520_065243.png
 delete mode 100644 charts/screenshots_nasdaq/XMTR/XMTR_Weekly_20260519_205023.png
 create mode 100644 charts/screenshots_nasdaq/XMTR/XMTR_Weekly_20260520_065243.png
 delete mode 100644 charts/screenshots_nasdaq/ZTS/ZTS_1H_20260519_212606.png
 create mode 100644 charts/screenshots_nasdaq/ZTS/ZTS_1H_20260520_072609.png
 delete mode 100644 charts/screenshots_nasdaq/ZTS/ZTS_4H_20260519_212606.png
 create mode 100644 charts/screenshots_nasdaq/ZTS/ZTS_4H_20260520_072609.png
 delete mode 100644 charts/screenshots_nasdaq/ZTS/ZTS_Daily_20260519_212606.png
 create mode 100644 charts/screenshots_nasdaq/ZTS/ZTS_Daily_20260520_072609.png
 delete mode 100644 charts/screenshots_nasdaq/ZTS/ZTS_Monthly_20260519_212606.png
 create mode 100644 charts/screenshots_nasdaq/ZTS/ZTS_Monthly_20260520_072609.png
 delete mode 100644 charts/screenshots_nasdaq/ZTS/ZTS_Weekly_20260519_212606.png
 create mode 100644 charts/screenshots_nasdaq/ZTS/ZTS_Weekly_20260520_072609.png
[[NASDAQ/NYSE 차트분석]] GitHub 푸시 완료
[[NASDAQ/NYSE 차트분석]] Google Sheets 업데이트 완료 (109개 종목)
[Paper Trading] NASDAQ ranked_df 스냅샷 저장 완료 (211개 종목)

[요약] 전 종목 스캔 완료 – 총 6478.2초 (107.97분) 소요
