============================================================
[1단계] 전 종목 리스트 수집 및 기본 필터링
============================================================
[ticker_fetcher] 나스닥 FTP 서버에서 종목 리스트 다운로드 중...
[ticker_fetcher] 총 7494개 종목 로드 → 비표준 심볼 1257개 제거 → 6237개 보통주
[ticker_fetcher] 1단계 필터링 배치 1/42 (150개 종목)...
[ticker_fetcher] 1단계 필터링 배치 2/42 (150개 종목)...
[ticker_fetcher] 1단계 필터링 배치 3/42 (150개 종목)...
[ticker_fetcher] 1단계 필터링 배치 4/42 (150개 종목)...
[ticker_fetcher] 1단계 필터링 배치 5/42 (150개 종목)...
[ticker_fetcher] 1단계 필터링 배치 6/42 (150개 종목)...
[ticker_fetcher] 1단계 필터링 배치 7/42 (150개 종목)...
[ticker_fetcher] 1단계 필터링 배치 8/42 (150개 종목)...
[ticker_fetcher] 1단계 필터링 배치 9/42 (150개 종목)...
[ticker_fetcher] 1단계 필터링 배치 10/42 (150개 종목)...
[ticker_fetcher] 1단계 필터링 배치 11/42 (150개 종목)...
[ticker_fetcher] 1단계 필터링 배치 12/42 (150개 종목)...
[ticker_fetcher] 1단계 필터링 배치 13/42 (150개 종목)...
[ticker_fetcher] 1단계 필터링 배치 14/42 (150개 종목)...
[ticker_fetcher] 1단계 필터링 배치 15/42 (150개 종목)...
[ticker_fetcher] 1단계 필터링 배치 16/42 (150개 종목)...
[ticker_fetcher] 1단계 필터링 배치 17/42 (150개 종목)...
[ticker_fetcher] 1단계 필터링 배치 18/42 (150개 종목)...
[ticker_fetcher] 1단계 필터링 배치 19/42 (150개 종목)...
[ticker_fetcher] 1단계 필터링 배치 20/42 (150개 종목)...
[ticker_fetcher] 1단계 필터링 배치 21/42 (150개 종목)...
[ticker_fetcher] 1단계 필터링 배치 22/42 (150개 종목)...
[ticker_fetcher] 1단계 필터링 배치 23/42 (150개 종목)...
[ticker_fetcher] 1단계 필터링 배치 24/42 (150개 종목)...
[ticker_fetcher] 1단계 필터링 배치 25/42 (150개 종목)...
[ticker_fetcher] 1단계 필터링 배치 26/42 (150개 종목)...
[ticker_fetcher] 1단계 필터링 배치 27/42 (150개 종목)...
[ticker_fetcher] 1단계 필터링 배치 28/42 (150개 종목)...
[ticker_fetcher] 1단계 필터링 배치 29/42 (150개 종목)...
[ticker_fetcher] 1단계 필터링 배치 30/42 (150개 종목)...
[ticker_fetcher] 1단계 필터링 배치 31/42 (150개 종목)...
[ticker_fetcher] 1단계 필터링 배치 32/42 (150개 종목)...
[ticker_fetcher] 1단계 필터링 배치 33/42 (150개 종목)...
[ticker_fetcher] 1단계 필터링 배치 34/42 (150개 종목)...
[ticker_fetcher] 1단계 필터링 배치 35/42 (150개 종목)...
[ticker_fetcher] 1단계 필터링 배치 36/42 (150개 종목)...
[ticker_fetcher] 1단계 필터링 배치 37/42 (150개 종목)...
[ticker_fetcher] 1단계 필터링 배치 38/42 (150개 종목)...
[ticker_fetcher] 1단계 필터링 배치 39/42 (150개 종목)...
[ticker_fetcher] 1단계 필터링 배치 40/42 (150개 종목)...
[ticker_fetcher] 1단계 필터링 배치 41/42 (150개 종목)...
[ticker_fetcher] 1단계 필터링 배치 42/42 (87개 종목)...
[ticker_fetcher] 1단계 필터링 완료: 6237개 → 4202개 (가격 ≥ $1.0, 평균 거래량 ≥ 100,000)

============================================================
[2단계] 바닥 탈출 / 강세 돌파 후보 선별
============================================================
[2단계] 배치 1/29 (150개 종목 분석 중)...
[2단계] 배치 2/29 (150개 종목 분석 중)...
[2단계] 배치 3/29 (150개 종목 분석 중)...
[2단계] 배치 4/29 (150개 종목 분석 중)...
[2단계] 배치 5/29 (150개 종목 분석 중)...
[2단계] 배치 6/29 (150개 종목 분석 중)...
[2단계] 배치 7/29 (150개 종목 분석 중)...
[2단계] 배치 8/29 (150개 종목 분석 중)...
[2단계] 배치 9/29 (150개 종목 분석 중)...
[2단계] 배치 10/29 (150개 종목 분석 중)...
[2단계] 배치 11/29 (150개 종목 분석 중)...
[2단계] 배치 12/29 (150개 종목 분석 중)...
[2단계] 배치 13/29 (150개 종목 분석 중)...
[2단계] 배치 14/29 (150개 종목 분석 중)...
[2단계] 배치 15/29 (150개 종목 분석 중)...
[2단계] 배치 16/29 (150개 종목 분석 중)...
[2단계] 배치 17/29 (150개 종목 분석 중)...
[2단계] 배치 18/29 (150개 종목 분석 중)...
[2단계] 배치 19/29 (150개 종목 분석 중)...
[2단계] 배치 20/29 (150개 종목 분석 중)...
[2단계] 배치 21/29 (150개 종목 분석 중)...
[2단계] 배치 22/29 (150개 종목 분석 중)...
[2단계] 배치 23/29 (150개 종목 분석 중)...
[2단계] 배치 24/29 (150개 종목 분석 중)...
[2단계] 배치 25/29 (150개 종목 분석 중)...
[2단계] 배치 26/29 (150개 종목 분석 중)...
[2단계] 배치 27/29 (150개 종목 분석 중)...
[2단계] 배치 28/29 (150개 종목 분석 중)...
[2단계] 배치 29/29 (2개 종목 분석 중)...
[2단계] 필터링 완료: 4202개 → 845개 후보 선별

============================================================
[3단계] 845개 후보 종목 정밀 분석
============================================================
[OHLCV] 배치 다운로드 1/6 (150개 종목, period=5y)...
[OHLCV] 배치 다운로드 2/6 (150개 종목, period=5y)...
[OHLCV] 배치 다운로드 3/6 (150개 종목, period=5y)...
[OHLCV] 배치 다운로드 4/6 (150개 종목, period=5y)...
[OHLCV] 배치 다운로드 5/6 (150개 종목, period=5y)...
[OHLCV] 배치 다운로드 6/6 (95개 종목, period=5y)...
[DataValidator] 707건의 데이터 품질 경고 발생
Warning:  AAOI: 비정상 가격 변동 67.1% (2023-08-04) — 스플릿/데이터 오류 가능
Warning:  AARD: Close NaN 비율 69.2% (기준: 30%)
Warning:  AARD: 비정상 가격 변동 56.2% (2026-03-02) — 스플릿/데이터 오류 가능
Warning:  ABAT: 비정상 가격 변동 60.4% (2024-12-23) — 스플릿/데이터 오류 가능
Warning:  ABTC: 비정상 가격 변동 173.1% (2025-05-12) — 스플릿/데이터 오류 가능
Warning:  ABTS: 비정상 가격 변동 1381.0% (2025-03-10) — 스플릿/데이터 오류 가능
Warning:  ACOG: Close NaN 비율 64.2% (기준: 30%)
Warning:  ACTU: Close NaN 비율 59.1% (기준: 30%)
Warning:  ACXP: 비정상 가격 변동 167.4% (2025-06-17) — 스플릿/데이터 오류 가능
Warning:  ADCT: 비정상 가격 변동 63.1% (2023-12-13) — 스플릿/데이터 오류 가능
Warning:  ADVB: Close NaN 비율 70.3% (기준: 30%)
Warning:  ADVB: 비정상 가격 변동 76.9% (2026-07-20) — 스플릿/데이터 오류 가능
Warning:  ADXN: 비정상 가격 변동 110.5% (2022-07-21) — 스플릿/데이터 오류 가능
Warning:  ADXN: 거래량 0 연속 5일 (기준: 5일) — 상장폐지/거래정지 가능
Warning:  AEHL: 비정상 가격 변동 1803.3% (2026-08-10) — 스플릿/데이터 오류 가능
Warning:  AEMD: 비정상 가격 변동 478.9% (2026-07-31) — 스플릿/데이터 오류 가능
Warning:  AIFA: 비정상 가격 변동 62.5% (2025-09-12) — 스플릿/데이터 오류 가능
Warning:  AIFF: 비정상 가격 변동 171.0% (2025-02-11) — 스플릿/데이터 오류 가능
Warning:  AII: Close NaN 비율 73.8% (기준: 30%)
Warning:  AIIO: 비정상 가격 변동 116.1% (2026-05-14) — 스플릿/데이터 오류 가능
Warning:  AIMD: 비정상 가격 변동 184.3% (2022-06-30) — 스플릿/데이터 오류 가능
Warning:  AIRE: Close NaN 비율 43.0% (기준: 30%)
Warning:  AIRE: 비정상 가격 변동 347.4% (2025-07-21) — 스플릿/데이터 오류 가능
Warning:  AIRO: Close NaN 비율 75.8% (기준: 30%)
Warning:  AIRS: 비정상 가격 변동 51.6% (2026-03-16) — 스플릿/데이터 오류 가능
Warning:  AISP: 비정상 가격 변동 200.0% (2024-03-05) — 스플릿/데이터 오류 가능
Warning:  AKAN: 비정상 가격 변동 214.2% (2026-04-22) — 스플릿/데이터 오류 가능
Warning:  ALAR: 비정상 가격 변동 51.5% (2026-07-06) — 스플릿/데이터 오류 가능
Warning:  ALDX: 비정상 가격 변동 73.3% (2025-04-03) — 스플릿/데이터 오류 가능
Warning:  ALMU: 비정상 가격 변동 66.7% (2023-03-20) — 스플릿/데이터 오류 가능
Warning:  ALOY: 비정상 가격 변동 226.6% (2025-01-22) — 스플릿/데이터 오류 가능
Warning:  AMCI: 비정상 가격 변동 168.3% (2025-12-15) — 스플릿/데이터 오류 가능
Warning:  AMIX: Close NaN 비율 48.3% (기준: 30%)
Warning:  AMIX: 비정상 가격 변동 434.2% (2026-08-04) — 스플릿/데이터 오류 가능
Warning:  AMOD: 비정상 가격 변동 103.9% (2025-01-30) — 스플릿/데이터 오류 가능
Warning:  AMPG: 비정상 가격 변동 94.6% (2024-12-11) — 스플릿/데이터 오류 가능
Warning:  AMPL: 비정상 가격 변동 58.9% (2022-02-17) — 스플릿/데이터 오류 가능
Warning:  AMPX: 비정상 가격 변동 86.4% (2022-09-20) — 스플릿/데이터 오류 가능
Warning:  AMSC: 비정상 가격 변동 60.0% (2023-08-01) — 스플릿/데이터 오류 가능
Warning:  AMST: 비정상 가격 변동 120.1% (2026-05-19) — 스플릿/데이터 오류 가능
Warning:  ANDG: Close NaN 비율 86.1% (기준: 30%)
Warning:  ANGX: Close NaN 비율 80.6% (기준: 30%)
Warning:  ANNA: 비정상 가격 변동 86.5% (2026-03-20) — 스플릿/데이터 오류 가능
Warning:  ANRO: Close NaN 비율 48.6% (기준: 30%)
Warning:  ANRO: 비정상 가격 변동 80.9% (2025-10-20) — 스플릿/데이터 오류 가능
Warning:  ANVS: 비정상 가격 변동 76.1% (2024-07-02) — 스플릿/데이터 오류 가능
Warning:  ANY: 비정상 가격 변동 111.6% (2026-06-01) — 스플릿/데이터 오류 가능
Warning:  APUS: Close NaN 비율 73.9% (기준: 30%)
Warning:  APUS: 비정상 가격 변동 59.6% (2026-05-05) — 스플릿/데이터 오류 가능
Warning:  APUS: 거래량 0 연속 21일 (기준: 5일) — 상장폐지/거래정지 가능
Warning:  AQB: 비정상 가격 변동 50.7% (2025-03-26) — 스플릿/데이터 오류 가능
Warning:  AREC: 비정상 가격 변동 83.5% (2025-04-16) — 스플릿/데이터 오류 가능
Warning:  ARMP: 비정상 가격 변동 103.2% (2025-10-22) — 스플릿/데이터 오류 가능
Warning:  ARQQ: 비정상 가격 변동 56.9% (2025-03-17) — 스플릿/데이터 오류 가능
Warning:  ASST: 비정상 가격 변동 455.7% (2025-05-07) — 스플릿/데이터 오류 가능
Warning:  ASTC: 비정상 가격 변동 459.1% (2026-05-27) — 스플릿/데이터 오류 가능
Warning:  ASTI: 비정상 가격 변동 143.8% (2025-06-26) — 스플릿/데이터 오류 가능
Warning:  ASTS: 비정상 가격 변동 69.2% (2024-05-29) — 스플릿/데이터 오류 가능
Warning:  ATLX: 비정상 가격 변동 60.5% (2023-02-23) — 스플릿/데이터 오류 가능
Warning:  ATOM: 비정상 가격 변동 64.0% (2026-02-13) — 스플릿/데이터 오류 가능
Warning:  ATPC: Close NaN 비율 40.7% (기준: 30%)
Warning:  ATPC: 비정상 가격 변동 164.7% (2025-12-11) — 스플릿/데이터 오류 가능
Warning:  AUUD: 비정상 가격 변동 181.8% (2023-06-12) — 스플릿/데이터 오류 가능
Warning:  AXG: Close NaN 비율 40.5% (기준: 30%)
Warning:  AXG: 비정상 가격 변동 135.0% (2024-03-06) — 스플릿/데이터 오류 가능
Warning:  AXTI: 비정상 가격 변동 69.3% (2024-02-23) — 스플릿/데이터 오류 가능
Warning:  AZI: Close NaN 비율 60.1% (기준: 30%)
Warning:  AZI: 비정상 가격 변동 146.2% (2026-03-09) — 스플릿/데이터 오류 가능
Warning:  AZIO: 비정상 가격 변동 442.1% (2026-01-12) — 스플릿/데이터 오류 가능
Warning:  BAER: 비정상 가격 변동 116.7% (2023-01-25) — 스플릿/데이터 오류 가능
Warning:  BALY: Close NaN 비율 65.7% (기준: 30%)
Warning:  BANL: Close NaN 비율 31.3% (기준: 30%)
Warning:  BANL: 비정상 가격 변동 1062.0% (2026-07-20) — 스플릿/데이터 오류 가능
Warning:  BATL: 비정상 가격 변동 211.7% (2026-01-26) — 스플릿/데이터 오류 가능
Warning:  BBAI: 비정상 가격 변동 260.5% (2023-01-12) — 스플릿/데이터 오류 가능
Warning:  BCTX: 비정상 가격 변동 1494.6% (2025-01-29) — 스플릿/데이터 오류 가능
Warning:  BDTX: 비정상 가격 변동 235.9% (2023-06-27) — 스플릿/데이터 오류 가능
Warning:  BETR: 비정상 가격 변동 223.0% (2023-07-25) — 스플릿/데이터 오류 가능
Warning:  BFRI: 비정상 가격 변동 98.5% (2021-11-24) — 스플릿/데이터 오류 가능
Warning:  BIAF: 비정상 가격 변동 1197.5% (2026-08-25) — 스플릿/데이터 오류 가능
Warning:  BIOA: Close NaN 비율 61.6% (기준: 30%)
Warning:  BIOA: 비정상 가격 변동 76.9% (2024-12-09) — 스플릿/데이터 오류 가능
Warning:  BIRD: 비정상 가격 변동 582.3% (2026-04-15) — 스플릿/데이터 오류 가능
Warning:  BIYA: Close NaN 비율 71.2% (기준: 30%)
Warning:  BIYA: 비정상 가격 변동 116.1% (2026-07-27) — 스플릿/데이터 오류 가능
Warning:  BKKT: 비정상 가격 변동 234.4% (2021-10-25) — 스플릿/데이터 오류 가능
Warning:  BKSY: 비정상 가격 변동 97.5% (2022-05-25) — 스플릿/데이터 오류 가능
Warning:  BKYI: 비정상 가격 변동 98.0% (2024-09-10) — 스플릿/데이터 오류 가능
Warning:  BLSH: Close NaN 비율 79.0% (기준: 30%)
Warning:  BMNR: Close NaN 비율 75.3% (기준: 30%)
Warning:  BMNR: 비정상 가격 변동 694.8% (2025-06-30) — 스플릿/데이터 오류 가능
Warning:  BNAI: 비정상 가격 변동 276.7% (2026-01-26) — 스플릿/데이터 오류 가능
Warning:  BNC: 비정상 가격 변동 548.8% (2025-07-28) — 스플릿/데이터 오류 가능
Warning:  BNKK: 비정상 가격 변동 51.1% (2025-08-11) — 스플릿/데이터 오류 가능
Warning:  BOXL: 비정상 가격 변동 265.2% (2025-01-06) — 스플릿/데이터 오류 가능
Warning:  BRCB: Close NaN 비율 80.7% (기준: 30%)
Warning:  BRCC: 비정상 가격 변동 871.6% (2026-08-25) — 스플릿/데이터 오류 가능
Warning:  BRLS: 비정상 가격 변동 134.3% (2026-02-09) — 스플릿/데이터 오류 가능
Warning:  BRNX: 비정상 가격 변동 574.4% (2026-08-11) — 스플릿/데이터 오류 가능
Warning:  BRR: Close NaN 비율 75.5% (기준: 30%)
Warning:  BSEM: 비정상 가격 변동 72.9% (2021-10-13) — 스플릿/데이터 오류 가능
Warning:  BTCS: 비정상 가격 변동 111.1% (2025-07-08) — 스플릿/데이터 오류 가능
Warning:  BTDR: 비정상 가격 변동 50.9% (2023-06-16) — 스플릿/데이터 오류 가능
Warning:  BTGO: Close NaN 비율 87.8% (기준: 30%)
Warning:  BTOG: 비정상 가격 변동 121.4% (2025-03-07) — 스플릿/데이터 오류 가능
Warning:  BTQ: Close NaN 비율 81.5% (기준: 30%)
Warning:  BTQ: 비정상 가격 변동 51.5% (2025-10-07) — 스플릿/데이터 오류 가능
Warning:  BUR: 비정상 가격 변동 53.2% (2023-03-31) — 스플릿/데이터 오류 가능
Warning:  BW: 비정상 가격 변동 66.9% (2025-06-05) — 스플릿/데이터 오류 가능
Warning:  BXBL: Close NaN 비율 69.0% (기준: 30%)
Warning:  BYAH: Close NaN 비율 66.7% (기준: 30%)
Warning:  BYAH: 비정상 가격 변동 150.0% (2026-06-08) — 스플릿/데이터 오류 가능
Warning:  CADL: 비정상 가격 변동 281.0% (2024-04-04) — 스플릿/데이터 오류 가능
Warning:  CAPR: 비정상 가격 변동 371.1% (2025-12-03) — 스플릿/데이터 오류 가능
Warning:  CAR: 비정상 가격 변동 108.3% (2021-11-02) — 스플릿/데이터 오류 가능
Warning:  CARL: Close NaN 비율 77.8% (기준: 30%)
Warning:  CAST: Close NaN 비율 90.4% (기준: 30%)
Warning:  CAST: 비정상 가격 변동 144.2% (2026-08-18) — 스플릿/데이터 오류 가능
Warning:  CBUS: 비정상 가격 변동 89.8% (2023-01-17) — 스플릿/데이터 오류 가능
Warning:  CCHH: Close NaN 비율 81.9% (기준: 30%)
Warning:  CCHH: 비정상 가격 변동 135.2% (2026-02-09) — 스플릿/데이터 오류 가능
Warning:  CD: 비정상 가격 변동 81.4% (2024-11-11) — 스플릿/데이터 오류 가능
Warning:  CDNL: Close NaN 비율 85.7% (기준: 30%)
Warning:  CDTG: Close NaN 비율 52.8% (기준: 30%)
Warning:  CDTG: 비정상 가격 변동 88.4% (2025-09-09) — 스플릿/데이터 오류 가능
Warning:  CELZ: 비정상 가격 변동 101.0% (2023-02-08) — 스플릿/데이터 오류 가능
Warning:  CGTL: Close NaN 비율 65.1% (기준: 30%)
Warning:  CGTL: 비정상 가격 변동 151.4% (2026-05-28) — 스플릿/데이터 오류 가능
Warning:  CGTX: 비정상 가격 변동 62.2% (2022-08-04) — 스플릿/데이터 오류 가능
Warning:  CHA: Close NaN 비율 72.7% (기준: 30%)
Warning:  CHSN: Close NaN 비율 31.7% (기준: 30%)
Warning:  CHSN: 비정상 가격 변동 387.2% (2024-10-04) — 스플릿/데이터 오류 가능
Warning:  CHYM: Close NaN 비율 75.7% (기준: 30%)
Warning:  CIIT: 비정상 가격 변동 1079.7% (2026-07-20) — 스플릿/데이터 오류 가능
Warning:  CING: 비정상 가격 변동 268.5% (2024-08-16) — 스플릿/데이터 오류 가능
Warning:  CISS: Close NaN 비율 35.9% (기준: 30%)
Warning:  CISS: 비정상 가격 변동 3806.4% (2026-07-20) — 스플릿/데이터 오류 가능
Warning:  CJMB: Close NaN 비율 68.7% (기준: 30%)
Warning:  CJMB: 비정상 가격 변동 275.0% (2026-01-15) — 스플릿/데이터 오류 가능
Warning:  CLDI: 비정상 가격 변동 109.0% (2025-07-09) — 스플릿/데이터 오류 가능
Warning:  CLRO: 비정상 가격 변동 166.3% (2026-08-06) — 스플릿/데이터 오류 가능
Warning:  CMND: 비정상 가격 변동 62.2% (2023-04-04) — 스플릿/데이터 오류 가능
Warning:  CMPX: 비정상 가격 변동 64.4% (2026-04-27) — 스플릿/데이터 오류 가능
Warning:  CMTL: 비정상 가격 변동 87.6% (2024-06-18) — 스플릿/데이터 오류 가능
Warning:  CNCK: 비정상 가격 변동 143.2% (2025-12-01) — 스플릿/데이터 오류 가능
Warning:  CNTN: 비정상 가격 변동 206.8% (2025-08-20) — 스플릿/데이터 오류 가능
Warning:  CNVS: 비정상 가격 변동 51.6% (2024-02-14) — 스플릿/데이터 오류 가능
Warning:  CODX: 비정상 가격 변동 259.0% (2025-10-27) — 스플릿/데이터 오류 가능
Warning:  CPIX: 비정상 가격 변동 128.6% (2021-11-30) — 스플릿/데이터 오류 가능
Warning:  CPRI: 비정상 가격 변동 55.7% (2023-08-10) — 스플릿/데이터 오류 가능
Warning:  CPSH: 비정상 가격 변동 85.3% (2026-05-26) — 스플릿/데이터 오류 가능
Warning:  CRE: Close NaN 비율 77.8% (기준: 30%)
Warning:  CRE: 비정상 가격 변동 165.0% (2026-08-26) — 스플릿/데이터 오류 가능
Warning:  CRIS: 비정상 가격 변동 52.4% (2026-06-26) — 스플릿/데이터 오류 가능
Warning:  CRML: 비정상 가격 변동 120.6% (2024-02-27) — 스플릿/데이터 오류 가능
Warning:  CRMT: 비정상 가격 변동 55.0% (2026-06-10) — 스플릿/데이터 오류 가능
Warning:  CRVO: 비정상 가격 변동 161.4% (2025-03-12) — 스플릿/데이터 오류 가능
Warning:  CTMX: 비정상 가격 변동 214.7% (2024-05-01) — 스플릿/데이터 오류 가능
Warning:  CTNT: Close NaN 비율 38.5% (기준: 30%)
Warning:  CTNT: 비정상 가격 변동 437.8% (2024-05-14) — 스플릿/데이터 오류 가능
Warning:  CVRX: 비정상 가격 변동 59.8% (2026-08-07) — 스플릿/데이터 오류 가능
Warning:  CXAI: 비정상 가격 변동 4900.0% (2026-08-11) — 스플릿/데이터 오류 가능
Warning:  CYCU: Close NaN 비율 71.1% (기준: 30%)
Warning:  CYCU: 비정상 가격 변동 1651.1% (2026-08-19) — 스플릿/데이터 오류 가능
Warning:  CYN: 비정상 가격 변동 208.3% (2025-02-10) — 스플릿/데이터 오류 가능
Warning:  DAIC: Close NaN 비율 76.2% (기준: 30%)
Warning:  DAIC: 비정상 가격 변동 306.1% (2026-08-24) — 스플릿/데이터 오류 가능
Warning:  DBGI: 비정상 가격 변동 2723.9% (2026-07-20) — 스플릿/데이터 오류 가능
Warning:  DFDV: Close NaN 비율 38.0% (기준: 30%)
Warning:  DFDV: 비정상 가격 변동 842.5% (2025-04-07) — 스플릿/데이터 오류 가능
Warning:  DFLI: 비정상 가격 변동 102.6% (2022-10-05) — 스플릿/데이터 오류 가능
Warning:  DFNS: 비정상 가격 변동 10042.9% (2026-07-20) — 스플릿/데이터 오류 가능
Warning:  DFSC: 비정상 가격 변동 5714.8% (2022-11-01) — 스플릿/데이터 오류 가능
Warning:  DGNX: Close NaN 비율 67.9% (기준: 30%)
Warning:  DGNX: 비정상 가격 변동 234.6% (2025-01-29) — 스플릿/데이터 오류 가능
Warning:  DKI: Close NaN 비율 78.8% (기준: 30%)
Warning:  DKI: 비정상 가격 변동 1569.6% (2026-05-11) — 스플릿/데이터 오류 가능
Warning:  DOGZ: 비정상 가격 변동 76.2% (2026-01-26) — 스플릿/데이터 오류 가능
Warning:  DOMH: 비정상 가격 변동 91.3% (2025-02-10) — 스플릿/데이터 오류 가능
Warning:  DPRO: 비정상 가격 변동 52.8% (2024-02-22) — 스플릿/데이터 오류 가능
Warning:  DRMA: 비정상 가격 변동 105.4% (2024-07-24) — 스플릿/데이터 오류 가능
Warning:  DSY: 비정상 가격 변동 291.3% (2026-06-10) — 스플릿/데이터 오류 가능
Warning:  DTCX: 비정상 가격 변동 69.3% (2023-05-12) — 스플릿/데이터 오류 가능
Warning:  DWSN: 비정상 가격 변동 111.7% (2025-06-16) — 스플릿/데이터 오류 가능
Warning:  DXST: Close NaN 비율 67.9% (기준: 30%)
Warning:  DXST: 비정상 가격 변동 209.4% (2026-06-02) — 스플릿/데이터 오류 가능
Warning:  DXYZ: Close NaN 비율 51.5% (기준: 30%)
Warning:  DXYZ: 비정상 가격 변동 95.6% (2024-03-27) — 스플릿/데이터 오류 가능
Warning:  EBS: 비정상 가격 변동 78.3% (2024-02-21) — 스플릿/데이터 오류 가능
Warning:  ECO: Close NaN 비율 39.1% (기준: 30%)
Warning:  ECX: 비정상 가격 변동 95.9% (2023-02-22) — 스플릿/데이터 오류 가능
Warning:  EDBL: 비정상 가격 변동 80.0% (2025-05-20) — 스플릿/데이터 오류 가능
Warning:  EGG: Close NaN 비율 76.1% (기준: 30%)
Warning:  EGG: 비정상 가격 변동 85.9% (2026-07-28) — 스플릿/데이터 오류 가능
Warning:  EHGO: Close NaN 비율 56.8% (기준: 30%)
Warning:  EHGO: 비정상 가격 변동 125.6% (2026-06-22) — 스플릿/데이터 오류 가능
Warning:  EJH: 비정상 가격 변동 91.8% (2022-12-22) — 스플릿/데이터 오류 가능
Warning:  ELPW: Close NaN 비율 33.4% (기준: 30%)
Warning:  ELPW: 비정상 가격 변동 3990.9% (2026-07-20) — 스플릿/데이터 오류 가능
Warning:  ELTX: 비정상 가격 변동 81.5% (2023-06-02) — 스플릿/데이터 오류 가능
Warning:  EMAT: Close NaN 비율 87.1% (기준: 30%)
Warning:  EMBC: 비정상 가격 변동 57.8% (2026-05-05) — 스플릿/데이터 오류 가능
Warning:  EMPD: 비정상 가격 변동 134.3% (2025-07-17) — 스플릿/데이터 오류 가능
Warning:  ENGN: 비정상 가격 변동 116.5% (2024-02-14) — 스플릿/데이터 오류 가능
Warning:  ENGS: Close NaN 비율 71.7% (기준: 30%)
Warning:  ENGS: 비정상 가격 변동 67.6% (2025-11-06) — 스플릿/데이터 오류 가능
Warning:  ENLV: 비정상 가격 변동 54.0% (2024-04-11) — 스플릿/데이터 오류 가능
Warning:  ENVB: 비정상 가격 변동 136.2% (2023-05-18) — 스플릿/데이터 오류 가능
Warning:  EVAX: 비정상 가격 변동 113.4% (2024-01-24) — 스플릿/데이터 오류 가능
Warning:  EVGO: 비정상 가격 변동 60.8% (2024-10-03) — 스플릿/데이터 오류 가능
Warning:  EVMN: Close NaN 비율 83.9% (기준: 30%)
Warning:  EVMN: 비정상 가격 변동 70.9% (2026-02-10) — 스플릿/데이터 오류 가능
Warning:  EXOD: 비정상 가격 변동 199.0% (2022-12-12) — 스플릿/데이터 오류 가능
Warning:  EYPT: 비정상 가격 변동 177.5% (2023-12-04) — 스플릿/데이터 오류 가능
Warning:  EZRA: 비정상 가격 변동 159.2% (2024-12-23) — 스플릿/데이터 오류 가능
Warning:  FAC: Close NaN 비율 76.3% (기준: 30%)
Warning:  FBLG: Close NaN 비율 48.4% (기준: 30%)
Warning:  FBLG: 비정상 가격 변동 88.4% (2024-02-13) — 스플릿/데이터 오류 가능
Warning:  FCHL: Close NaN 비율 80.3% (기준: 30%)
Warning:  FCHL: 비정상 가격 변동 107.6% (2026-03-26) — 스플릿/데이터 오류 가능
Warning:  FCUV: 비정상 가격 변동 517.0% (2026-07-31) — 스플릿/데이터 오류 가능
Warning:  FEAM: 비정상 가격 변동 51.5% (2024-12-30) — 스플릿/데이터 오류 가능
Warning:  FEMY: 비정상 가격 변동 345.8% (2023-09-26) — 스플릿/데이터 오류 가능
Warning:  FFAI: 비정상 가격 변동 12213.4% (2026-07-20) — 스플릿/데이터 오류 가능
Warning:  FGNX: 비정상 가격 변동 84.2% (2025-08-01) — 스플릿/데이터 오류 가능
Warning:  FIG: Close NaN 비율 78.3% (기준: 30%)
Warning:  FJET: Close NaN 비율 86.1% (기준: 30%)
Warning:  FJET: 비정상 가격 변동 370.9% (2025-12-22) — 스플릿/데이터 오류 가능
Warning:  FLX: Close NaN 비율 62.1% (기준: 30%)
Warning:  FLX: 비정상 가격 변동 57.0% (2025-04-02) — 스플릿/데이터 오류 가능
Warning:  FLY: Close NaN 비율 78.7% (기준: 30%)
Warning:  FLYX: Close NaN 비율 46.9% (기준: 30%)
Warning:  FLYX: 비정상 가격 변동 130.3% (2026-01-08) — 스플릿/데이터 오류 가능
Warning:  FNKO: 비정상 가격 변동 59.4% (2022-11-04) — 스플릿/데이터 오류 가능
Warning:  FNUC: 비정상 가격 변동 348.1% (2024-12-18) — 스플릿/데이터 오류 가능
Warning:  FPS: Close NaN 비율 88.7% (기준: 30%)
Warning:  FRGT: 비정상 가격 변동 114.3% (2023-12-14) — 스플릿/데이터 오류 가능
Warning:  FRMI: Close NaN 비율 81.8% (기준: 30%)
Warning:  FRMM: 비정상 가격 변동 325.7% (2024-10-16) — 스플릿/데이터 오류 가능
Warning:  FTCI: 비정상 가격 변동 104.0% (2024-09-11) — 스플릿/데이터 오류 가능
Warning:  FUBO: 비정상 가격 변동 251.4% (2025-01-06) — 스플릿/데이터 오류 가능
Warning:  FUFU: 비정상 가격 변동 105.8% (2024-03-04) — 스플릿/데이터 오류 가능
Warning:  FULC: 비정상 가격 변동 61.1% (2024-09-12) — 스플릿/데이터 오류 가능
Warning:  FWDI: 비정상 가격 변동 58.7% (2025-09-08) — 스플릿/데이터 오류 가능
Warning:  FXHO: 비정상 가격 변동 223.5% (2023-05-01) — 스플릿/데이터 오류 가능
Warning:  GBFH: Close NaN 비율 57.1% (기준: 30%)
Warning:  GDC: 비정상 가격 변동 1140.0% (2023-05-01) — 스플릿/데이터 오류 가능
Warning:  GEMI: Close NaN 비율 80.7% (기준: 30%)
Warning:  GEOS: 비정상 가격 변동 60.1% (2025-06-23) — 스플릿/데이터 오류 가능
Warning:  GITS: Close NaN 비율 38.4% (기준: 30%)
Warning:  GITS: 비정상 가격 변동 3044.3% (2025-01-27) — 스플릿/데이터 오류 가능
Warning:  GLOO: Close NaN 비율 84.5% (기준: 30%)
Warning:  GLXG: Close NaN 비율 60.8% (기준: 30%)
Warning:  GLXG: 비정상 가격 변동 113.1% (2026-06-11) — 스플릿/데이터 오류 가능
Warning:  GMEX: Close NaN 비율 38.8% (기준: 30%)
Warning:  GMEX: 비정상 가격 변동 81.8% (2024-12-18) — 스플릿/데이터 오류 가능
Warning:  GMM: Close NaN 비율 42.3% (기준: 30%)
Warning:  GMM: 비정상 가격 변동 1467.7% (2024-11-26) — 스플릿/데이터 오류 가능
Warning:  GNLX: 비정상 가격 변동 60.4% (2023-03-06) — 스플릿/데이터 오류 가능
Warning:  GNPX: 비정상 가격 변동 265.6% (2024-10-21) — 스플릿/데이터 오류 가능
Warning:  GOAI: Close NaN 비율 88.2% (기준: 30%)
Warning:  GP: 비정상 가격 변동 51.0% (2026-01-09) — 스플릿/데이터 오류 가능
Warning:  GRCE: 비정상 가격 변동 52.3% (2021-12-22) — 스플릿/데이터 오류 가능
Warning:  GRI: 비정상 가격 변동 127.6% (2024-10-21) — 스플릿/데이터 오류 가능
Warning:  GSIT: 비정상 가격 변동 210.4% (2023-05-12) — 스플릿/데이터 오류 가능
Warning:  GVH: Close NaN 비율 44.1% (기준: 30%)
Warning:  GVH: 비정상 가격 변동 74.2% (2025-06-26) — 스플릿/데이터 오류 가능
Warning:  GWAV: 비정상 가격 변동 146.7% (2024-05-16) — 스플릿/데이터 오류 가능
Warning:  HAO: Close NaN 비율 48.2% (기준: 30%)
Warning:  HAO: 비정상 가격 변동 2336.9% (2025-01-27) — 스플릿/데이터 오류 가능
Warning:  HCWB: 비정상 가격 변동 320.3% (2024-11-18) — 스플릿/데이터 오류 가능
Warning:  HKIT: Close NaN 비율 31.9% (기준: 30%)
Warning:  HKIT: 비정상 가격 변동 350.7% (2026-06-01) — 스플릿/데이터 오류 가능
Warning:  HNGE: Close NaN 비율 74.6% (기준: 30%)
Warning:  HOLO: 비정상 가격 변동 1092.1% (2024-02-07) — 스플릿/데이터 오류 가능
Warning:  HOVR: Close NaN 비율 31.9% (기준: 30%)
Warning:  HOVR: 비정상 가격 변동 75.6% (2024-03-06) — 스플릿/데이터 오류 가능
Warning:  HSDT: 비정상 가격 변동 145.3% (2022-08-03) — 스플릿/데이터 오류 가능
Warning:  HTZ: 비정상 가격 변동 56.4% (2025-04-16) — 스플릿/데이터 오류 가능
Warning:  HUIZ: 비정상 가격 변동 124.4% (2024-12-09) — 스플릿/데이터 오류 가능
Warning:  HWH: 비정상 가격 변동 227.8% (2025-09-02) — 스플릿/데이터 오류 가능
Warning:  HYLN: 비정상 가격 변동 50.0% (2025-05-28) — 스플릿/데이터 오류 가능
Warning:  HYMC: 비정상 가격 변동 203.0% (2022-03-08) — 스플릿/데이터 오류 가능
Warning:  HYPD: 비정상 가격 변동 134.7% (2025-06-17) — 스플릿/데이터 오류 가능
Warning:  IBG: Close NaN 비율 61.7% (기준: 30%)
Warning:  IBG: 비정상 가격 변동 153.5% (2025-04-02) — 스플릿/데이터 오류 가능
Warning:  IBIO: 비정상 가격 변동 192.2% (2024-03-27) — 스플릿/데이터 오류 가능
Warning:  ICCM: 비정상 가격 변동 200.5% (2026-06-17) — 스플릿/데이터 오류 가능
Warning:  IDN: 비정상 가격 변동 74.9% (2024-03-22) — 스플릿/데이터 오류 가능
Warning:  IESC: 비정상 가격 변동 54.3% (2026-08-25) — 스플릿/데이터 오류 가능
Warning:  IMMX: 비정상 가격 변동 62.4% (2022-01-03) — 스플릿/데이터 오류 가능
Warning:  IMSR: Close NaN 비율 62.4% (기준: 30%)
Warning:  INBS: 비정상 가격 변동 293.1% (2023-01-23) — 스플릿/데이터 오류 가능
Warning:  INDO: 비정상 가격 변동 110.4% (2022-01-27) — 스플릿/데이터 오류 가능
Warning:  INDP: 비정상 가격 변동 114.9% (2026-06-04) — 스플릿/데이터 오류 가능
Warning:  INHD: Close NaN 비율 46.0% (기준: 30%)
Warning:  INHD: 비정상 가격 변동 3661.0% (2026-06-08) — 스플릿/데이터 오류 가능
Warning:  INHD: 거래량 0 연속 36일 (기준: 5일) — 상장폐지/거래정지 가능
Warning:  INLF: Close NaN 비율 67.0% (기준: 30%)
Warning:  INLF: 비정상 가격 변동 285.9% (2026-01-30) — 스플릿/데이터 오류 가능
Warning:  INMB: 비정상 가격 변동 56.7% (2025-06-30) — 스플릿/데이터 오류 가능
Warning:  INOD: 비정상 가격 변동 86.0% (2026-05-08) — 스플릿/데이터 오류 가능
Warning:  INSG: 비정상 가격 변동 53.7% (2023-05-04) — 스플릿/데이터 오류 가능
Warning:  INV: 비정상 가격 변동 55.1% (2026-08-14) — 스플릿/데이터 오류 가능
Warning:  IPST: Close NaN 비율 64.9% (기준: 30%)
Warning:  IPST: 비정상 가격 변동 235.9% (2026-08-17) — 스플릿/데이터 오류 가능
Warning:  IPW: 비정상 가격 변동 827.1% (2026-08-06) — 스플릿/데이터 오류 가능
Warning:  IPX: 비정상 가격 변동 99.1% (2023-06-13) — 스플릿/데이터 오류 가능
Warning:  IREN: 비정상 가격 변동 67.0% (2023-02-15) — 스플릿/데이터 오류 가능
Warning:  ISPC: 비정상 가격 변동 159.7% (2025-09-09) — 스플릿/데이터 오류 가능
Warning:  IVF: 비정상 가격 변동 292.6% (2023-10-23) — 스플릿/데이터 오류 가능
Warning:  JDZG: Close NaN 비율 54.3% (기준: 30%)
Warning:  JDZG: 비정상 가격 변동 136.1% (2024-10-17) — 스플릿/데이터 오류 가능
Warning:  JDZG: 거래량 0 연속 38일 (기준: 5일) — 상장폐지/거래정지 가능
Warning:  JEM: Close NaN 비율 75.5% (기준: 30%)
Warning:  JEM: 비정상 가격 변동 267.6% (2026-06-30) — 스플릿/데이터 오류 가능
Warning:  JFB: Close NaN 비율 70.3% (기준: 30%)
Warning:  JFB: 비정상 가격 변동 85.4% (2025-09-29) — 스플릿/데이터 오류 가능
Warning:  JFU: 비정상 가격 변동 83.7% (2022-10-12) — 스플릿/데이터 오류 가능
Warning:  JLHL: Close NaN 비율 76.5% (기준: 30%)
Warning:  JLHL: 비정상 가격 변동 318.0% (2026-07-09) — 스플릿/데이터 오류 가능
Warning:  JMIA: 비정상 가격 변동 53.8% (2024-08-06) — 스플릿/데이터 오류 가능
Warning:  JTAI: 비정상 가격 변동 580.1% (2026-07-15) — 스플릿/데이터 오류 가능
Warning:  JUNS: Close NaN 비율 65.3% (기준: 30%)
Warning:  JUNS: 비정상 가격 변동 7205.2% (2026-08-06) — 스플릿/데이터 오류 가능
Warning:  JZ: 비정상 가격 변동 325.8% (2026-06-01) — 스플릿/데이터 오류 가능
Warning:  JZXN: 비정상 가격 변동 89.7% (2026-02-10) — 스플릿/데이터 오류 가능
Warning:  KAZR: Close NaN 비율 69.5% (기준: 30%)
Warning:  KAZR: 비정상 가격 변동 87.6% (2025-07-07) — 스플릿/데이터 오류 가능
Warning:  KD: 비정상 가격 변동 54.9% (2026-02-09) — 스플릿/데이터 오류 가능
Warning:  KDK: Close NaN 비율 81.4% (기준: 30%)
Warning:  KIDZ: Close NaN 비율 72.0% (기준: 30%)
Warning:  KIDZ: 비정상 가격 변동 1403.6% (2026-07-20) — 스플릿/데이터 오류 가능
Warning:  KLAR: Close NaN 비율 80.6% (기준: 30%)
Warning:  KLC: Close NaN 비율 62.3% (기준: 30%)
Warning:  KPTI: 비정상 가격 변동 72.6% (2026-07-31) — 스플릿/데이터 오류 가능
Warning:  KRMN: Close NaN 비율 69.2% (기준: 30%)
Warning:  KSCP: 비정상 가격 변동 175.6% (2022-01-28) — 스플릿/데이터 오류 가능
Warning:  KSPI: Close NaN 비율 47.8% (기준: 30%)
Warning:  KULR: 비정상 가격 변동 75.6% (2024-11-25) — 스플릿/데이터 오류 가능
Warning:  KWM: Close NaN 비율 74.1% (기준: 30%)
Warning:  KWM: 비정상 가격 변동 133.3% (2025-06-04) — 스플릿/데이터 오류 가능
Warning:  KXIN: 비정상 가격 변동 171.4% (2024-10-02) — 스플릿/데이터 오류 가능
Warning:  LAC: Close NaN 비율 41.8% (기준: 30%)
Warning:  LAC: 비정상 가격 변동 95.8% (2025-09-24) — 스플릿/데이터 오류 가능
Warning:  LAES: Close NaN 비율 34.7% (기준: 30%)
Warning:  LAES: 비정상 가격 변동 102.3% (2023-05-24) — 스플릿/데이터 오류 가능
Warning:  LASE: 비정상 가격 변동 160.8% (2026-06-02) — 스플릿/데이터 오류 가능
Warning:  LAW: 비정상 가격 변동 53.6% (2022-08-12) — 스플릿/데이터 오류 가능
Warning:  LB: Close NaN 비율 56.7% (기준: 30%)
Warning:  LBGJ: Close NaN 비율 63.1% (기준: 30%)
Warning:  LBGJ: 비정상 가격 변동 90.8% (2026-07-20) — 스플릿/데이터 오류 가능
Warning:  LFS: Close NaN 비율 82.2% (기준: 30%)
Warning:  LFS: 비정상 가격 변동 576.8% (2025-11-11) — 스플릿/데이터 오류 가능
Warning:  LHSW: Close NaN 비율 71.9% (기준: 30%)
Warning:  LHSW: 비정상 가격 변동 277.8% (2026-07-06) — 스플릿/데이터 오류 가능
Warning:  LIDR: 비정상 가격 변동 158.4% (2025-07-24) — 스플릿/데이터 오류 가능
Warning:  LIF: Close NaN 비율 55.5% (기준: 30%)
Warning:  LIFE: Close NaN 비율 88.3% (기준: 30%)
Warning:  LIMN: Close NaN 비율 73.5% (기준: 30%)
Warning:  LIMN: 비정상 가격 변동 139.8% (2025-06-04) — 스플릿/데이터 오류 가능
Warning:  LITS: 비정상 가격 변동 65.2% (2022-03-25) — 스플릿/데이터 오류 가능
Warning:  LNAI: 비정상 가격 변동 162.7% (2026-03-17) — 스플릿/데이터 오류 가능
Warning:  LPSN: 비정상 가격 변동 57.7% (2023-03-16) — 스플릿/데이터 오류 가능
Warning:  LSTA: 비정상 가격 변동 86.6% (2026-01-21) — 스플릿/데이터 오류 가능
Warning:  LTBR: 비정상 가격 변동 57.5% (2024-10-18) — 스플릿/데이터 오류 가능
Warning:  LUNR: 비정상 가격 변동 251.4% (2023-02-16) — 스플릿/데이터 오류 가능
Warning:  LVWR: 비정상 가격 변동 153.5% (2025-05-27) — 스플릿/데이터 오류 가능
Warning:  LXEO: Close NaN 비율 43.7% (기준: 30%)
Warning:  LXEO: 비정상 가격 변동 50.9% (2025-03-24) — 스플릿/데이터 오류 가능
Warning:  LYEL: 비정상 가격 변동 68.6% (2025-06-04) — 스플릿/데이터 오류 가능
Warning:  LZMH: Close NaN 비율 69.9% (기준: 30%)
Warning:  LZMH: 비정상 가격 변동 84.0% (2026-04-17) — 스플릿/데이터 오류 가능
Warning:  MASK: Close NaN 비율 67.3% (기준: 30%)
Warning:  MASK: 비정상 가격 변동 199.3% (2026-05-28) — 스플릿/데이터 오류 가능
Warning:  MASS: 비정상 가격 변동 96.0% (2025-03-04) — 스플릿/데이터 오류 가능
Warning:  MB: Close NaN 비율 72.3% (기준: 30%)
Warning:  MB: 비정상 가격 변동 137.9% (2026-08-07) — 스플릿/데이터 오류 가능
Warning:  MBOT: 비정상 가격 변동 159.3% (2023-05-22) — 스플릿/데이터 오류 가능
Warning:  MCRP: Close NaN 비율 70.4% (기준: 30%)
Warning:  MCRP: 비정상 가격 변동 66.7% (2025-03-13) — 스플릿/데이터 오류 가능
Warning:  MEDS: Close NaN 비율 69.6% (기준: 30%)
Warning:  MEDS: 비정상 가격 변동 185.4% (2025-10-24) — 스플릿/데이터 오류 가능
Warning:  MF: Close NaN 비율 51.6% (기준: 30%)
Warning:  MF: 비정상 가격 변동 1316.7% (2024-11-27) — 스플릿/데이터 오류 가능
Warning:  MGX: Close NaN 비율 49.0% (기준: 30%)
Warning:  MGX: 비정상 가격 변동 125.4% (2024-12-09) — 스플릿/데이터 오류 가능
Warning:  MI: 비정상 가격 변동 9542.9% (2026-05-18) — 스플릿/데이터 오류 가능
Warning:  MIMI: Close NaN 비율 67.3% (기준: 30%)
Warning:  MIMI: 비정상 가격 변동 104.2% (2026-04-14) — 스플릿/데이터 오류 가능
Warning:  MIST: 비정상 가격 변동 60.9% (2025-03-28) — 스플릿/데이터 오류 가능
Warning:  MKZR: Close NaN 비율 57.1% (기준: 30%)
Warning:  MKZR: 비정상 가격 변동 69.2% (2024-07-10) — 스플릿/데이터 오류 가능
Warning:  MLTX: 비정상 가격 변동 89.9% (2025-09-29) — 스플릿/데이터 오류 가능
Warning:  MNDR: Close NaN 비율 52.3% (기준: 30%)
Warning:  MNDR: 비정상 가격 변동 185.7% (2025-02-20) — 스플릿/데이터 오류 가능
Warning:  MNST: 비정상 가격 변동 95.6% (2026-07-23) — 스플릿/데이터 오류 가능
Warning:  MNTS: 비정상 가격 변동 155.4% (2024-10-09) — 스플릿/데이터 오류 가능
Warning:  MOBX: 비정상 가격 변동 532.8% (2026-03-03) — 스플릿/데이터 오류 가능
Warning:  MOVE: 비정상 가격 변동 149.7% (2025-11-10) — 스플릿/데이터 오류 가능
Warning:  MPLT: Close NaN 비율 83.2% (기준: 30%)
Warning:  MPLT: 비정상 가격 변동 72.9% (2026-07-27) — 스플릿/데이터 오류 가능
Warning:  MRAM: 비정상 가격 변동 63.2% (2021-11-12) — 스플릿/데이터 오류 가능
Warning:  MRLN: Close NaN 비율 65.3% (기준: 30%)
Warning:  MSGY: Close NaN 비율 77.1% (기준: 30%)
Warning:  MSGY: 비정상 가격 변동 1170.4% (2026-08-11) — 스플릿/데이터 오류 가능
Warning:  MSS: Close NaN 비율 42.1% (기준: 30%)
Warning:  MSS: 비정상 가격 변동 122.4% (2024-09-24) — 스플릿/데이터 오류 가능
Warning:  MTEN: Close NaN 비율 52.8% (기준: 30%)
Warning:  MTEN: 비정상 가격 변동 81.3% (2026-06-08) — 스플릿/데이터 오류 가능
Warning:  MXL: 비정상 가격 변동 76.1% (2026-04-24) — 스플릿/데이터 오류 가능
Warning:  NAGE: 비정상 가격 변동 67.9% (2024-11-01) — 스플릿/데이터 오류 가능
Warning:  NAKA: Close NaN 비율 55.1% (기준: 30%)
Warning:  NAKA: 비정상 가격 변동 251.0% (2025-05-12) — 스플릿/데이터 오류 가능
Warning:  NAMI: Close NaN 비율 65.7% (기준: 30%)
Warning:  NAMI: 비정상 가격 변동 53.7% (2025-05-29) — 스플릿/데이터 오류 가능
Warning:  NAMM: Close NaN 비율 75.4% (기준: 30%)
Warning:  NAMM: 비정상 가격 변동 130.6% (2026-01-21) — 스플릿/데이터 오류 가능
Warning:  NB: Close NaN 비율 31.2% (기준: 30%)
Warning:  NCI: Close NaN 비율 53.0% (기준: 30%)
Warning:  NCI: 비정상 가격 변동 238.5% (2026-02-11) — 스플릿/데이터 오류 가능
Warning:  NCRA: 비정상 가격 변동 118.2% (2026-07-29) — 스플릿/데이터 오류 가능
Warning:  NCT: Close NaN 비율 71.6% (기준: 30%)
Warning:  NCT: 비정상 가격 변동 58.4% (2026-05-28) — 스플릿/데이터 오류 가능
Warning:  NEXR: 비정상 가격 변동 1360.0% (2024-11-20) — 스플릿/데이터 오류 가능
Warning:  NIQ: Close NaN 비율 77.8% (기준: 30%)
Warning:  NKLR: Close NaN 비율 82.0% (기준: 30%)
Warning:  NMG: 비정상 가격 변동 51.8% (2025-10-13) — 스플릿/데이터 오류 가능
Warning:  NMRA: Close NaN 비율 40.9% (기준: 30%)
Warning:  NMRA: 비정상 가격 변동 81.4% (2025-01-02) — 스플릿/데이터 오류 가능
Warning:  NNE: Close NaN 비율 53.9% (기준: 30%)
Warning:  NNNN: Close NaN 비율 69.4% (기준: 30%)
Warning:  NNNN: 비정상 가격 변동 57.5% (2025-11-05) — 스플릿/데이터 오류 가능
Warning:  NTHI: Close NaN 비율 71.4% (기준: 30%)
Warning:  NTHI: 비정상 가격 변동 57.9% (2025-07-02) — 스플릿/데이터 오류 가능
Warning:  NUTX: 비정상 가격 변동 73.8% (2022-04-26) — 스플릿/데이터 오류 가능
Warning:  NVA: Close NaN 비율 58.0% (기준: 30%)
Warning:  NVA: 비정상 가격 변동 110.3% (2025-10-14) — 스플릿/데이터 오류 가능
Warning:  NVA: 거래량 0 연속 10일 (기준: 5일) — 상장폐지/거래정지 가능
Warning:  NVTS: 비정상 가격 변동 164.4% (2025-05-22) — 스플릿/데이터 오류 가능
Warning:  NXTC: 비정상 가격 변동 201.8% (2026-07-14) — 스플릿/데이터 오류 가능
Warning:  NXTT: 비정상 가격 변동 11249.0% (2026-07-20) — 스플릿/데이터 오류 가능
Warning:  OCG: 비정상 가격 변동 292.0% (2025-12-09) — 스플릿/데이터 오류 가능
Warning:  ODD: Close NaN 비율 37.7% (기준: 30%)
Warning:  OESX: 비정상 가격 변동 54.4% (2026-08-05) — 스플릿/데이터 오류 가능
Warning:  OIO: 비정상 가격 변동 58.4% (2026-04-24) — 스플릿/데이터 오류 가능
Warning:  OKLO: 비정상 가격 변동 53.6% (2024-05-10) — 스플릿/데이터 오류 가능
Warning:  OLMA: 비정상 가격 변동 136.4% (2025-11-18) — 스플릿/데이터 오류 가능
Warning:  OLOX: 비정상 가격 변동 124.2% (2025-05-28) — 스플릿/데이터 오류 가능
Warning:  OM: 비정상 가격 변동 68.5% (2024-08-08) — 스플릿/데이터 오류 가능
Warning:  OMER: 비정상 가격 변동 154.1% (2025-10-15) — 스플릿/데이터 오류 가능
Warning:  ONFO: 비정상 가격 변동 5481.4% (2026-08-10) — 스플릿/데이터 오류 가능
Warning:  OPEN: 비정상 가격 변동 79.5% (2025-09-11) — 스플릿/데이터 오류 가능
Warning:  OPRX: 비정상 가격 변동 51.7% (2025-03-12) — 스플릿/데이터 오류 가능
Warning:  OPTU: 비정상 가격 변동 76.3% (2026-06-01) — 스플릿/데이터 오류 가능
Warning:  ORGO: 비정상 가격 변동 102.3% (2025-02-28) — 스플릿/데이터 오류 가능
Warning:  ORKT: Close NaN 비율 58.1% (기준: 30%)
Warning:  ORKT: 비정상 가격 변동 147.6% (2025-12-08) — 스플릿/데이터 오류 가능
Warning:  OVID: 비정상 가격 변동 76.0% (2024-06-17) — 스플릿/데이터 오류 가능
Warning:  PARA: 비정상 가격 변동 97.6% (2024-09-20) — 스플릿/데이터 오류 가능
Warning:  PAVS: 비정상 가격 변동 93.3% (2024-10-01) — 스플릿/데이터 오류 가능
Warning:  PAVS: 거래량 0 연속 7일 (기준: 5일) — 상장폐지/거래정지 가능
Warning:  PBM: 비정상 가격 변동 103.8% (2026-04-16) — 스플릿/데이터 오류 가능
Warning:  PCLA: Close NaN 비율 67.7% (기준: 30%)
Warning:  PCLA: 비정상 가격 변동 194.2% (2026-05-22) — 스플릿/데이터 오류 가능
Warning:  PCSA: 비정상 가격 변동 148.8% (2024-01-25) — 스플릿/데이터 오류 가능
Warning:  PEPG: 비정상 가격 변동 121.1% (2025-09-25) — 스플릿/데이터 오류 가능
Warning:  PEW: Close NaN 비율 47.4% (기준: 30%)
Warning:  PFSA: Close NaN 비율 77.2% (기준: 30%)
Warning:  PFSA: 비정상 가격 변동 506.6% (2026-08-18) — 스플릿/데이터 오류 가능
Warning:  PHAT: 비정상 가격 변동 90.2% (2025-06-06) — 스플릿/데이터 오류 가능
Warning:  PHIO: 비정상 가격 변동 290.5% (2025-01-13) — 스플릿/데이터 오류 가능
Warning:  PLCE: 비정상 가격 변동 85.7% (2024-09-11) — 스플릿/데이터 오류 가능
Warning:  PLSE: 비정상 가격 변동 51.6% (2026-02-06) — 스플릿/데이터 오류 가능
Warning:  PLYX: Close NaN 비율 88.4% (기준: 30%)
Warning:  PLYX: 비정상 가격 변동 69.6% (2026-03-10) — 스플릿/데이터 오류 가능
Warning:  PMA: Close NaN 비율 64.9% (기준: 30%)
Warning:  PMI: Close NaN 비율 80.0% (기준: 30%)
Warning:  PMI: 비정상 가격 변동 86.2% (2026-08-25) — 스플릿/데이터 오류 가능
Warning:  PMI: 거래량 0 연속 7일 (기준: 5일) — 상장폐지/거래정지 가능
Warning:  PN: Close NaN 비율 70.1% (기준: 30%)
Warning:  PN: 비정상 가격 변동 131.8% (2026-07-22) — 스플릿/데이터 오류 가능
Warning:  PONY: Close NaN 비율 65.1% (기준: 30%)
Warning:  PPCB: 비정상 가격 변동 6249900.1% (2025-01-29) — 스플릿/데이터 오류 가능
Warning:  PPSI: 비정상 가격 변동 220.0% (2021-11-08) — 스플릿/데이터 오류 가능
Warning:  PRIM: 비정상 가격 변동 50.1% (2026-05-06) — 스플릿/데이터 오류 가능
Warning:  PSIG: Close NaN 비율 57.8% (기준: 30%)
Warning:  PSIG: 비정상 가격 변동 127.7% (2024-08-12) — 스플릿/데이터 오류 가능
Warning:  PSIX: 비정상 가격 변동 68.6% (2022-11-15) — 스플릿/데이터 오류 가능
Warning:  PSQH: 비정상 가격 변동 270.4% (2024-12-03) — 스플릿/데이터 오류 가능
Warning:  PURR: Close NaN 비율 85.3% (기준: 30%)
Warning:  PUSA: Close NaN 비율 69.1% (기준: 30%)
Warning:  PUSA: 비정상 가격 변동 207.6% (2025-07-23) — 스플릿/데이터 오류 가능
Warning:  QBTS: 비정상 가격 변동 110.7% (2023-05-22) — 스플릿/데이터 오류 가능
Warning:  QNTM: 비정상 가격 변동 119.8% (2024-08-09) — 스플릿/데이터 오류 가능
Warning:  QTRX: 비정상 가격 변동 54.8% (2022-08-09) — 스플릿/데이터 오류 가능
Warning:  QUBT: 비정상 가격 변동 92.8% (2024-11-13) — 스플릿/데이터 오류 가능
Warning:  QUCY: 비정상 가격 변동 3377.4% (2024-12-03) — 스플릿/데이터 오류 가능
Warning:  RAIN: Close NaN 비율 66.9% (기준: 30%)
Warning:  RBRK: Close NaN 비율 53.1% (기준: 30%)
Warning:  RCEL: 비정상 가격 변동 63.6% (2026-08-07) — 스플릿/데이터 오류 가능
Warning:  RCON: 비정상 가격 변동 24344.4% (2026-07-31) — 스플릿/데이터 오류 가능
Warning:  RDAC: Close NaN 비율 65.3% (기준: 30%)
Warning:  RDAC: 비정상 가격 변동 318.6% (2026-04-29) — 스플릿/데이터 오류 가능
Warning:  RDAC: 거래량 0 연속 7일 (기준: 5일) — 상장폐지/거래정지 가능
Warning:  RDIB: 비정상 가격 변동 61.9% (2026-08-26) — 스플릿/데이터 오류 가능
Warning:  RDIB: 거래량 0 연속 16일 (기준: 5일) — 상장폐지/거래정지 가능
Warning:  RDW: 비정상 가격 변동 51.4% (2025-01-21) — 스플릿/데이터 오류 가능
Warning:  REPL: 비정상 가격 변동 107.0% (2026-07-31) — 스플릿/데이터 오류 가능
Warning:  RETO: 비정상 가격 변동 621.3% (2025-03-07) — 스플릿/데이터 오류 가능
Warning:  RGC: 비정상 가격 변동 343.9% (2024-07-23) — 스플릿/데이터 오류 가능
Warning:  RGTI: 비정상 가격 변동 58.0% (2024-11-25) — 스플릿/데이터 오류 가능
Warning:  RMCF: 비정상 가격 변동 126.9% (2026-08-12) — 스플릿/데이터 오류 가능
Warning:  RNXT: 비정상 가격 변동 55.8% (2023-12-29) — 스플릿/데이터 오류 가능
Warning:  RPGL: Close NaN 비율 82.5% (기준: 30%)
Warning:  RPGL: 비정상 가격 변동 173.9% (2026-01-29) — 스플릿/데이터 오류 가능
Warning:  RR: Close NaN 비율 44.5% (기준: 30%)
Warning:  RR: 비정상 가격 변동 73.9% (2024-08-06) — 스플릿/데이터 오류 가능
Warning:  RUBI: Close NaN 비율 78.5% (기준: 30%)
Warning:  RUBI: 비정상 가격 변동 54.2% (2025-11-25) — 스플릿/데이터 오류 가능
Warning:  RVI: Close NaN 비율 90.3% (기준: 30%)
Warning:  RXRX: 비정상 가격 변동 78.2% (2023-07-12) — 스플릿/데이터 오류 가능
Warning:  RXT: 비정상 가격 변동 227.0% (2026-02-18) — 스플릿/데이터 오류 가능
Warning:  RZLT: 비정상 가격 변동 87.2% (2025-12-11) — 스플릿/데이터 오류 가능
Warning:  RZLV: 비정상 가격 변동 54.5% (2024-12-17) — 스플릿/데이터 오류 가능
Warning:  SBET: 비정상 가격 변동 433.2% (2025-05-27) — 스플릿/데이터 오류 가능
Warning:  SBFM: 비정상 가격 변동 150.0% (2022-03-09) — 스플릿/데이터 오류 가능
Warning:  SDOT: 비정상 가격 변동 247.1% (2026-06-26) — 스플릿/데이터 오류 가능
Warning:  SEGG: Close NaN 비율 35.9% (기준: 30%)
Warning:  SEGG: 비정상 가격 변동 187.8% (2025-02-06) — 스플릿/데이터 오류 가능
Warning:  SERV: Close NaN 비율 50.5% (기준: 30%)
Warning:  SERV: 비정상 가격 변동 187.1% (2024-07-19) — 스플릿/데이터 오류 가능
Warning:  SEV: Close NaN 비율 82.6% (기준: 30%)
Warning:  SEV: 비정상 가격 변동 57.8% (2025-10-23) — 스플릿/데이터 오류 가능
Warning:  SGLY: 비정상 가격 변동 143.5% (2025-03-21) — 스플릿/데이터 오류 가능
Warning:  SGMT: Close NaN 비율 37.5% (기준: 30%)
Warning:  SGMT: 비정상 가격 변동 170.1% (2024-01-22) — 스플릿/데이터 오류 가능
Warning:  SHMD: Close NaN 비율 53.5% (기준: 30%)
Warning:  SHPH: 비정상 가격 변동 91.3% (2022-09-06) — 스플릿/데이터 오류 가능
Warning:  SIDU: 비정상 가격 변동 225.0% (2022-06-15) — 스플릿/데이터 오류 가능
Warning:  SILO: 비정상 가격 변동 4164.7% (2022-09-19) — 스플릿/데이터 오류 가능
Warning:  SINT: 비정상 가격 변동 132.7% (2024-05-15) — 스플릿/데이터 오류 가능
Warning:  SION: Close NaN 비율 68.8% (기준: 30%)
Warning:  SION: 비정상 가격 변동 91.2% (2026-08-10) — 스플릿/데이터 오류 가능
Warning:  SKK: Close NaN 비율 62.3% (기준: 30%)
Warning:  SKK: 비정상 가격 변동 596.6% (2026-05-04) — 스플릿/데이터 오류 가능
Warning:  SKYA: 비정상 가격 변동 141.6% (2024-05-28) — 스플릿/데이터 오류 가능
Warning:  SKYE: 비정상 가격 변동 619.6% (2026-08-25) — 스플릿/데이터 오류 가능
Warning:  SKYQ: Close NaN 비율 62.4% (기준: 30%)
Warning:  SKYQ: 비정상 가격 변동 101.6% (2026-04-02) — 스플릿/데이터 오류 가능
Warning:  SKYX: 비정상 가격 변동 68.6% (2022-07-28) — 스플릿/데이터 오류 가능
Warning:  SLDP: 비정상 가격 변동 51.6% (2025-11-05) — 스플릿/데이터 오류 가능
Warning:  SLE: 비정상 가격 변동 159.5% (2025-09-23) — 스플릿/데이터 오류 가능
Warning:  SLNH: 비정상 가격 변동 94.4% (2025-09-22) — 스플릿/데이터 오류 가능
Warning:  SMJF: Close NaN 비율 85.3% (기준: 30%)
Warning:  SMJF: 비정상 가격 변동 87.0% (2026-08-27) — 스플릿/데이터 오류 가능
Warning:  SMTK: Close NaN 비율 55.1% (기준: 30%)
Warning:  SMTK: 비정상 가격 변동 105.4% (2026-06-08) — 스플릿/데이터 오류 가능
Warning:  SN: Close NaN 비율 38.3% (기준: 30%)
Warning:  SNAL: 비정상 가격 변동 350.9% (2026-04-14) — 스플릿/데이터 오류 가능
Warning:  SNES: 비정상 가격 변동 100.5% (2023-12-28) — 스플릿/데이터 오류 가능
Warning:  SNOA: 비정상 가격 변동 72.8% (2025-08-14) — 스플릿/데이터 오류 가능
Warning:  SNWV: Close NaN 비율 62.9% (기준: 30%)
Warning:  SOC: 비정상 가격 변동 56.2% (2025-12-18) — 스플릿/데이터 오류 가능
Warning:  SORA: Close NaN 비율 71.8% (기준: 30%)
Warning:  SORA: 비정상 가격 변동 58.2% (2026-02-02) — 스플릿/데이터 오류 가능
Warning:  SOUN: 비정상 가격 변동 71.8% (2022-12-30) — 스플릿/데이터 오류 가능
Warning:  SPPL: Close NaN 비율 40.8% (기준: 30%)
Warning:  SPPL: 비정상 가격 변동 268.7% (2024-11-04) — 스플릿/데이터 오류 가능
Warning:  SPRC: 비정상 가격 변동 142.9% (2025-09-17) — 스플릿/데이터 오류 가능
Warning:  SPRO: 비정상 가격 변동 244.6% (2025-05-28) — 스플릿/데이터 오류 가능
Warning:  SPRY: 비정상 가격 변동 77.9% (2023-05-12) — 스플릿/데이터 오류 가능
Warning:  SPWH: 비정상 가격 변동 97.9% (2025-04-02) — 스플릿/데이터 오류 가능
Warning:  SRG: 비정상 가격 변동 80.3% (2022-07-08) — 스플릿/데이터 오류 가능
Warning:  SRRK: 비정상 가격 변동 362.0% (2024-10-07) — 스플릿/데이터 오류 가능
Warning:  SRXH: 비정상 가격 변동 84.5% (2025-08-15) — 스플릿/데이터 오류 가능
Warning:  SRXH: 거래량 0 연속 7일 (기준: 5일) — 상장폐지/거래정지 가능
Warning:  SSM: 비정상 가격 변동 2900.0% (2024-05-29) — 스플릿/데이터 오류 가능
Warning:  SSRM: 비정상 가격 변동 53.7% (2024-02-13) — 스플릿/데이터 오류 가능
Warning:  SST: 비정상 가격 변동 142.3% (2026-03-27) — 스플릿/데이터 오류 가능
Warning:  STAK: Close NaN 비율 69.8% (기준: 30%)
Warning:  STAK: 비정상 가격 변동 602.3% (2026-07-24) — 스플릿/데이터 오류 가능
Warning:  STEM: 비정상 가격 변동 57.2% (2025-01-03) — 스플릿/데이터 오류 가능
Warning:  STFS: Close NaN 비율 62.5% (기준: 30%)
Warning:  STFS: 비정상 가격 변동 96.5% (2026-05-06) — 스플릿/데이터 오류 가능
Warning:  STI: 비정상 가격 변동 350.6% (2026-06-04) — 스플릿/데이터 오류 가능
Warning:  STKE: 비정상 가격 변동 131.4% (2024-10-14) — 스플릿/데이터 오류 가능
Warning:  STKH: 비정상 가격 변동 166.7% (2026-07-28) — 스플릿/데이터 오류 가능
Warning:  STRL: 비정상 가격 변동 52.2% (2026-05-05) — 스플릿/데이터 오류 가능
Warning:  STUB: Close NaN 비율 81.0% (기준: 30%)
Warning:  SUIG: 비정상 가격 변동 218.9% (2025-07-25) — 스플릿/데이터 오류 가능
Warning:  SUNE: 비정상 가격 변동 420.4% (2026-06-08) — 스플릿/데이터 오류 가능
Warning:  SUPX: Close NaN 비율 52.7% (기준: 30%)
Warning:  SXTC: 비정상 가격 변동 7834.7% (2026-07-20) — 스플릿/데이터 오류 가능
Warning:  SXTP: Close NaN 비율 37.3% (기준: 30%)
Warning:  SXTP: 비정상 가격 변동 152.0% (2026-01-22) — 스플릿/데이터 오류 가능
Warning:  SYM: 비정상 가격 변동 120.5% (2022-06-08) — 스플릿/데이터 오류 가능
Warning:  TAOP: 비정상 가격 변동 87.5% (2025-05-12) — 스플릿/데이터 오류 가능
Warning:  TAOX: 비정상 가격 변동 74.6% (2022-12-16) — 스플릿/데이터 오류 가능
Warning:  TC: 비정상 가격 변동 159.5% (2026-07-01) — 스플릿/데이터 오류 가능
Warning:  TCX: 비정상 가격 변동 59.2% (2026-07-31) — 스플릿/데이터 오류 가능
Warning:  TDIC: Close NaN 비율 77.9% (기준: 30%)
Warning:  TDIC: 비정상 가격 변동 876.7% (2026-05-13) — 스플릿/데이터 오류 가능
Warning:  TDUP: 비정상 가격 변동 62.7% (2024-08-06) — 스플릿/데이터 오류 가능
Warning:  TE: 비정상 가격 변동 66.7% (2024-11-06) — 스플릿/데이터 오류 가능
Warning:  TENX: 비정상 가격 변동 297.4% (2023-11-13) — 스플릿/데이터 오류 가능
Warning:  TGL: 비정상 가격 변동 276.3% (2025-12-05) — 스플릿/데이터 오류 가능
Warning:  THH: Close NaN 비율 79.8% (기준: 30%)
Warning:  THH: 비정상 가격 변동 1258.1% (2026-08-10) — 스플릿/데이터 오류 가능
Warning:  TJGC: Close NaN 비율 67.9% (기준: 30%)
Warning:  TJGC: 비정상 가격 변동 571.4% (2025-06-03) — 스플릿/데이터 오류 가능
Warning:  TJGC: 거래량 0 연속 11일 (기준: 5일) — 상장폐지/거래정지 가능
Warning:  TLRY: 비정상 가격 변동 60.9% (2025-09-29) — 스플릿/데이터 오류 가능
Warning:  TMQ: 비정상 가격 변동 211.0% (2025-10-07) — 스플릿/데이터 오류 가능
Warning:  TNON: 비정상 가격 변동 4518.3% (2026-08-10) — 스플릿/데이터 오류 가능
Warning:  TNXP: 비정상 가격 변동 120.8% (2024-12-16) — 스플릿/데이터 오류 가능
Warning:  TONX: 비정상 가격 변동 346.9% (2023-09-05) — 스플릿/데이터 오류 가능
Warning:  TOP: 비정상 가격 변동 441.0% (2023-04-28) — 스플릿/데이터 오류 가능
Warning:  TOYO: 비정상 가격 변동 86.6% (2024-11-26) — 스플릿/데이터 오류 가능
Warning:  TPST: 비정상 가격 변동 3970.8% (2023-10-11) — 스플릿/데이터 오류 가능
Warning:  TRDA: 비정상 가격 변동 57.3% (2026-05-07) — 스플릿/데이터 오류 가능
Warning:  TRON: Close NaN 비율 39.2% (기준: 30%)
Warning:  TRON: 비정상 가격 변동 533.8% (2025-06-16) — 스플릿/데이터 오류 가능
Warning:  TROO: 비정상 가격 변동 106.2% (2025-07-14) — 스플릿/데이터 오류 가능
Warning:  TSSI: 비정상 가격 변동 74.1% (2025-05-16) — 스플릿/데이터 오류 가능
Warning:  TTEC: 비정상 가격 변동 52.6% (2025-04-02) — 스플릿/데이터 오류 가능
Warning:  TURB: Close NaN 비율 41.4% (기준: 30%)
Warning:  TURB: 비정상 가격 변동 359.3% (2025-09-16) — 스플릿/데이터 오류 가능
Warning:  TVRD: 비정상 가격 변동 83.9% (2025-10-13) — 스플릿/데이터 오류 가능
Warning:  TYGO: 비정상 가격 변동 83.6% (2023-06-01) — 스플릿/데이터 오류 가능
Warning:  UAVS: 비정상 가격 변동 122.4% (2024-11-14) — 스플릿/데이터 오류 가능
Warning:  UPB: Close NaN 비율 62.5% (기준: 30%)
Warning:  UPC: 비정상 가격 변동 311.5% (2026-06-29) — 스플릿/데이터 오류 가능
Warning:  UPST: 비정상 가격 변동 56.4% (2022-05-10) — 스플릿/데이터 오류 가능
Warning:  UPXI: 비정상 가격 변동 330.9% (2025-04-21) — 스플릿/데이터 오류 가능
Warning:  UXIN: 비정상 가격 변동 83.7% (2024-09-27) — 스플릿/데이터 오류 가능
Warning:  VATE: 비정상 가격 변동 86.3% (2025-01-21) — 스플릿/데이터 오류 가능
Warning:  VCIG: Close NaN 비율 32.5% (기준: 30%)
Warning:  VCIG: 비정상 가격 변동 1233.3% (2026-08-25) — 스플릿/데이터 오류 가능
Warning:  VEEE: 비정상 가격 변동 415.8% (2026-07-13) — 스플릿/데이터 오류 가능
Warning:  VELO: 비정상 가격 변동 80.7% (2025-04-01) — 스플릿/데이터 오류 가능
Warning:  VENU: Close NaN 비율 65.1% (기준: 30%)
Warning:  VGAS: 비정상 가격 변동 52.5% (2023-05-22) — 스플릿/데이터 오류 가능
Warning:  VIR: 비정상 가격 변동 58.2% (2025-01-08) — 스플릿/데이터 오류 가능
Warning:  VMAR: 비정상 가격 변동 156.8% (2025-12-16) — 스플릿/데이터 오류 가능
Warning:  VNET: 비정상 가격 변동 83.2% (2022-03-16) — 스플릿/데이터 오류 가능
Warning:  VOR: 비정상 가격 변동 74.2% (2025-06-25) — 스플릿/데이터 오류 가능
Warning:  VRAX: 비정상 가격 변동 141.8% (2024-08-19) — 스플릿/데이터 오류 가능
Warning:  VRRM: 비정상 가격 변동 70.6% (2026-05-27) — 스플릿/데이터 오류 가능
Warning:  VRXA: Close NaN 비율 61.8% (기준: 30%)
Warning:  VRXA: 비정상 가격 변동 55.5% (2026-06-16) — 스플릿/데이터 오류 가능
Warning:  VSA: 비정상 가격 변동 329.8% (2025-01-31) — 스플릿/데이터 오류 가능
Warning:  VTIX: Close NaN 비율 88.1% (기준: 30%)
Warning:  VTIX: 비정상 가격 변동 56.3% (2026-01-28) — 스플릿/데이터 오류 가능
Warning:  WATR: Close NaN 비율 75.9% (기준: 30%)
Warning:  WATT: 비정상 가격 변동 554.3% (2024-12-30) — 스플릿/데이터 오류 가능
Warning:  WBTN: Close NaN 비율 56.6% (기준: 30%)
Warning:  WBTN: 비정상 가격 변동 81.2% (2025-08-13) — 스플릿/데이터 오류 가능
Warning:  WETH: Close NaN 비율 49.6% (기준: 30%)
Warning:  WETO: Close NaN 비율 69.9% (기준: 30%)
Warning:  WETO: 비정상 가격 변동 200.0% (2026-07-31) — 스플릿/데이터 오류 가능
Warning:  WFF: Close NaN 비율 71.5% (기준: 30%)
Warning:  WHLR: 비정상 가격 변동 350.7% (2026-07-20) — 스플릿/데이터 오류 가능
Warning:  WIMI: 비정상 가격 변동 77.5% (2024-12-27) — 스플릿/데이터 오류 가능
Warning:  WKHS: 비정상 가격 변동 54.9% (2025-07-08) — 스플릿/데이터 오류 가능
Warning:  WLDS: 비정상 가격 변동 407.8% (2025-09-10) — 스플릿/데이터 오류 가능
Warning:  WLFC: 비정상 가격 변동 67.1% (2026-07-20) — 스플릿/데이터 오류 가능
Warning:  WNW: 비정상 가격 변동 97.6% (2025-04-22) — 스플릿/데이터 오류 가능
Warning:  WOK: Close NaN 비율 59.8% (기준: 30%)
Warning:  WOK: 비정상 가격 변동 206.2% (2026-05-11) — 스플릿/데이터 오류 가능
Warning:  WOK: 거래량 0 연속 16일 (기준: 5일) — 상장폐지/거래정지 가능
Warning:  WOLF: Close NaN 비율 81.6% (기준: 30%)
Warning:  WRD: Close NaN 비율 63.3% (기준: 30%)
Warning:  WRD: 비정상 가격 변동 83.5% (2025-02-14) — 스플릿/데이터 오류 가능
Warning:  WSHP: Close NaN 비율 84.3% (기준: 30%)
Warning:  WSHP: 비정상 가격 변동 506.1% (2025-11-19) — 스플릿/데이터 오류 가능
Warning:  WVE: 비정상 가격 변동 147.3% (2025-12-08) — 스플릿/데이터 오류 가능
Warning:  WW: Close NaN 비율 76.5% (기준: 30%)
Warning:  WXM: Close NaN 비율 71.7% (기준: 30%)
Warning:  WXM: 비정상 가격 변동 97.5% (2026-08-11) — 스플릿/데이터 오류 가능
Warning:  WYFI: Close NaN 비율 78.7% (기준: 30%)
Warning:  XAIR: 비정상 가격 변동 150.0% (2026-01-13) — 스플릿/데이터 오류 가능
Warning:  XHLD: Close NaN 비율 69.2% (기준: 30%)
Warning:  XHLD: 비정상 가격 변동 252.6% (2026-08-06) — 스플릿/데이터 오류 가능
Warning:  XOS: 비정상 가격 변동 234.5% (2026-06-03) — 스플릿/데이터 오류 가능
Warning:  XPON: 비정상 가격 변동 139.1% (2022-12-23) — 스플릿/데이터 오류 가능
Warning:  XTIA: 비정상 가격 변동 128.6% (2023-04-13) — 스플릿/데이터 오류 가능
Warning:  XXI: Close NaN 비율 59.1% (기준: 30%)
Warning:  XXI: 비정상 가격 변동 55.4% (2025-04-23) — 스플릿/데이터 오류 가능
Warning:  YAAS: Close NaN 비율 66.5% (기준: 30%)
Warning:  YAAS: 비정상 가격 변동 238.0% (2026-07-30) — 스플릿/데이터 오류 가능
Warning:  YHC: Close NaN 비율 39.0% (기준: 30%)
Warning:  YHC: 비정상 가격 변동 171.6% (2025-07-16) — 스플릿/데이터 오류 가능
Warning:  YSS: Close NaN 비율 88.3% (기준: 30%)
Warning:  YXT: Close NaN 비율 59.4% (기준: 30%)
Warning:  YXT: 비정상 가격 변동 801.2% (2026-08-05) — 스플릿/데이터 오류 가능
Warning:  YYGH: Close NaN 비율 52.9% (기준: 30%)
Warning:  YYGH: 비정상 가격 변동 84.3% (2026-08-26) — 스플릿/데이터 오류 가능
Warning:  ZENA: Close NaN 비율 61.8% (기준: 30%)
Warning:  ZENA: 비정상 가격 변동 258.7% (2024-11-25) — 스플릿/데이터 오류 가능
Warning:  ZJYL: Close NaN 비율 31.6% (기준: 30%)
Warning:  ZJYL: 비정상 가격 변동 263.7% (2023-12-18) — 스플릿/데이터 오류 가능
Warning:  ZNB: 비정상 가격 변동 104.8% (2025-10-07) — 스플릿/데이터 오류 가능
Warning:  ZSQR: 비정상 가격 변동 77.4% (2024-12-31) — 스플릿/데이터 오류 가능
Warning:  ZSTK: 비정상 가격 변동 169.6% (2026-08-19) — 스플릿/데이터 오류 가능
Warning:  ZYBT: Close NaN 비율 67.2% (기준: 30%)
Warning:  ZYBT: 비정상 가격 변동 1047.6% (2026-07-20) — 스플릿/데이터 오류 가능
[[NASDAQ/NYSE 분석]] 강한 섹터: {'Communication Services', 'Energy', 'Health Care', 'Information Technology', 'Materials'}
[OHLCV] 배치 다운로드 1/2 (150개 종목, period=2y)...
[OHLCV] 배치 다운로드 2/2 (62개 종목, period=2y)...
[DataValidator] 72건의 데이터 품질 경고 발생
Warning:  AAOI: 비정상 가격 변동 56.9% (2026-02-27) — 스플릿/데이터 오류 가능
Warning:  ALOY: 비정상 가격 변동 226.6% (2025-01-22) — 스플릿/데이터 오류 가능
Warning:  AMIX: 비정상 가격 변동 434.2% (2026-08-04) — 스플릿/데이터 오류 가능
Warning:  ANDG: Close NaN 비율 65.1% (기준: 30%)
Warning:  ASST: 비정상 가격 변동 455.7% (2025-05-07) — 스플릿/데이터 오류 가능
Warning:  BLSH: Close NaN 비율 47.6% (기준: 30%)
Warning:  BMNR: Close NaN 비율 38.2% (기준: 30%)
Warning:  BMNR: 비정상 가격 변동 694.8% (2025-06-30) — 스플릿/데이터 오류 가능
Warning:  BOXL: 비정상 가격 변동 265.2% (2025-01-06) — 스플릿/데이터 오류 가능
Warning:  BW: 비정상 가격 변동 66.9% (2025-06-05) — 스플릿/데이터 오류 가능
Warning:  CAPR: 비정상 가격 변동 371.1% (2025-12-03) — 스플릿/데이터 오류 가능
Warning:  CDNL: Close NaN 비율 64.1% (기준: 30%)
Warning:  CHYM: Close NaN 비율 39.2% (기준: 30%)
Warning:  CLRO: 비정상 가격 변동 166.3% (2026-08-06) — 스플릿/데이터 오류 가능
Warning:  CRML: 비정상 가격 변동 55.4% (2025-10-13) — 스플릿/데이터 오류 가능
Warning:  DAIC: Close NaN 비율 40.4% (기준: 30%)
Warning:  DAIC: 비정상 가격 변동 306.1% (2026-08-24) — 스플릿/데이터 오류 가능
Warning:  DFNS: 비정상 가격 변동 10042.9% (2026-07-20) — 스플릿/데이터 오류 가능
Warning:  DXYZ: 비정상 가격 변동 63.8% (2024-11-08) — 스플릿/데이터 오류 가능
Warning:  EYPT: 비정상 가격 변동 67.0% (2026-08-17) — 스플릿/데이터 오류 가능
Warning:  FIG: Close NaN 비율 45.8% (기준: 30%)
Warning:  FLY: Close NaN 비율 46.8% (기준: 30%)
Warning:  FPS: Close NaN 비율 71.7% (기준: 30%)
Warning:  FRMI: Close NaN 비율 54.4% (기준: 30%)
Warning:  HNGE: Close NaN 비율 36.5% (기준: 30%)
Warning:  HTZ: 비정상 가격 변동 56.4% (2025-04-16) — 스플릿/데이터 오류 가능
Warning:  IESC: 비정상 가격 변동 54.3% (2026-08-25) — 스플릿/데이터 오류 가능
Warning:  INOD: 비정상 가격 변동 86.0% (2026-05-08) — 스플릿/데이터 오류 가능
Warning:  IPST: 비정상 가격 변동 235.9% (2026-08-17) — 스플릿/데이터 오류 가능
Warning:  KD: 비정상 가격 변동 54.9% (2026-02-09) — 스플릿/데이터 오류 가능
Warning:  KLAR: Close NaN 비율 51.6% (기준: 30%)
Warning:  LAC: 비정상 가격 변동 95.8% (2025-09-24) — 스플릿/데이터 오류 가능
Warning:  LIFE: Close NaN 비율 70.7% (기준: 30%)
Warning:  MNST: 비정상 가격 변동 95.6% (2026-07-23) — 스플릿/데이터 오류 가능
Warning:  MXL: 비정상 가격 변동 76.1% (2026-04-24) — 스플릿/데이터 오류 가능
Warning:  NIQ: Close NaN 비율 44.6% (기준: 30%)
Warning:  NUTX: 비정상 가격 변동 51.8% (2025-04-01) — 스플릿/데이터 오류 가능
Warning:  NVTS: 비정상 가격 변동 164.4% (2025-05-22) — 스플릿/데이터 오류 가능
Warning:  OMER: 비정상 가격 변동 154.1% (2025-10-15) — 스플릿/데이터 오류 가능
Warning:  OPEN: 비정상 가격 변동 79.5% (2025-09-11) — 스플릿/데이터 오류 가능
Warning:  PFSA: Close NaN 비율 43.0% (기준: 30%)
Warning:  PFSA: 비정상 가격 변동 506.6% (2026-08-18) — 스플릿/데이터 오류 가능
Warning:  PMI: Close NaN 비율 50.0% (기준: 30%)
Warning:  PMI: 비정상 가격 변동 86.2% (2026-08-25) — 스플릿/데이터 오류 가능
Warning:  PMI: 거래량 0 연속 7일 (기준: 5일) — 상장폐지/거래정지 가능
Warning:  PRIM: 비정상 가격 변동 50.1% (2026-05-06) — 스플릿/데이터 오류 가능
Warning:  PURR: Close NaN 비율 63.1% (기준: 30%)
Warning:  QBTS: 비정상 가격 변동 51.2% (2025-05-08) — 스플릿/데이터 오류 가능
Warning:  QUBT: 비정상 가격 변동 92.8% (2024-11-13) — 스플릿/데이터 오류 가능
Warning:  RDW: 비정상 가격 변동 51.4% (2025-01-21) — 스플릿/데이터 오류 가능
Warning:  REPL: 비정상 가격 변동 107.0% (2026-07-31) — 스플릿/데이터 오류 가능
Warning:  RGTI: 비정상 가격 변동 58.0% (2024-11-25) — 스플릿/데이터 오류 가능
Warning:  RXT: 비정상 가격 변동 227.0% (2026-02-18) — 스플릿/데이터 오류 가능
Warning:  RZLV: 비정상 가격 변동 54.5% (2024-12-17) — 스플릿/데이터 오류 가능
Warning:  SBET: 비정상 가격 변동 433.2% (2025-05-27) — 스플릿/데이터 오류 가능
Warning:  SDOT: 비정상 가격 변동 247.1% (2026-06-26) — 스플릿/데이터 오류 가능
Warning:  SION: 비정상 가격 변동 91.2% (2026-08-10) — 스플릿/데이터 오류 가능
Warning:  SOC: 비정상 가격 변동 56.2% (2025-12-18) — 스플릿/데이터 오류 가능
Warning:  SRRK: 비정상 가격 변동 362.0% (2024-10-07) — 스플릿/데이터 오류 가능
Warning:  STKH: 비정상 가격 변동 166.7% (2026-07-28) — 스플릿/데이터 오류 가능
Warning:  STRL: 비정상 가격 변동 52.2% (2026-05-05) — 스플릿/데이터 오류 가능
Warning:  STUB: Close NaN 비율 52.4% (기준: 30%)
Warning:  TE: 비정상 가격 변동 66.7% (2024-11-06) — 스플릿/데이터 오류 가능
Warning:  TNON: 비정상 가격 변동 4518.3% (2026-08-10) — 스플릿/데이터 오류 가능
Warning:  WETO: 비정상 가격 변동 200.0% (2026-07-31) — 스플릿/데이터 오류 가능
Warning:  WOLF: Close NaN 비율 54.0% (기준: 30%)
Warning:  WYFI: Close NaN 비율 46.8% (기준: 30%)
Warning:  XHLD: 비정상 가격 변동 252.6% (2026-08-06) — 스플릿/데이터 오류 가능
Warning:  XOS: 비정상 가격 변동 234.5% (2026-06-03) — 스플릿/데이터 오류 가능
Warning:  XPON: 비정상 가격 변동 80.5% (2026-08-24) — 스플릿/데이터 오류 가능
Warning:  YSS: Close NaN 비율 70.7% (기준: 30%)
Warning:  YXT: 비정상 가격 변동 801.2% (2026-08-05) — 스플릿/데이터 오류 가능
[[NASDAQ/NYSE 분석]] Extreme model 'label_low' ROC 0.57, AP 0.50
[[NASDAQ/NYSE 분석]] Extreme model 'label_high' ROC 0.59, AP 0.56
[[NASDAQ/NYSE 분석]] Google Sheets 업데이트 완료 (212개 종목)
[Email] 바닥반등 21개 + 모멘텀 82개 = 총 103개 종목 리스트를 chunghwan14@gmail.com, roykim0311@gmail.com, ssamjungtan@naver.com로 발송 완료

============================================================
[[NASDAQ/NYSE 차트분석]] 이메일 대상 종목 차트 분석 시작
============================================================
[[NASDAQ/NYSE 차트분석]] 차트분석 대상 103개 종목: ['RGEN', 'KSPI', 'VSH', 'FLY', 'ZETA', 'QBTS', 'NTRA', 'NSIT', 'LCID', 'TXG', 'RZLV', 'SSRM', 'PSX', 'FLNC', 'HUBS', 'ERO', 'VRTX', 'BIO', 'CHYM', 'COIN', 'ARRY', 'EYPT', 'HNGE', 'RVMD', 'SCCO', 'FIVN', 'PFSI', 'VREX', 'STUB', 'TVTX', 'ABCL', 'INOD', 'TEAM', 'PRIM', 'LIF', 'ESTC', 'CVI', 'TNON', 'VIRT', 'CLRO', 'TTD', 'STRL', 'SRRK', 'OMER', 'SBET', 'WIX', 'HZO', 'FCX', 'XOS', 'DUOL', 'NUTX', 'CGAU', 'TGB', 'XHLD', 'RBRK', 'FROG', 'RNG', 'ACHR', 'VXX', 'BMNR', 'OKTA', 'LB', 'TECK', 'DFNS', 'MANH', 'TME', 'DXYZ', 'SM', 'ECO', 'BHP', 'XNCR', 'HIMS', 'ARGX', 'ATRC', 'ZG', 'TWST', 'DT', 'ANF', 'VCTR', 'UTI', 'REPL', 'FRSH', 'PAYC', 'CRL', 'MAN', 'BLSH', 'INSP', 'BILI', 'NIQ', 'LINC', 'SN', 'ALOY', 'AVAH', 'LEU', 'HCC', 'LIFE', 'APP', 'MPC', 'WT', 'RHI', 'ASST', 'ANDG', 'KLAR']
[[NASDAQ/NYSE 차트분석]] 기존 NASDAQ 차트 파일 삭제 중...
[[NASDAQ/NYSE 차트분석]] TradingView 차트 캡처 시작...
[TradingView] CHYM 브라우저 세션 시작  (로그인 세션)...
[TradingView] 1H 캡처 완료 (60)
[TradingView] 4H 캡처 완료 (240)
[TradingView] Daily 캡처 완료 (D)
[TradingView] Weekly 캡처 완료 (W)
[TradingView] Monthly 캡처 완료 (M)
[[NASDAQ/NYSE 차트분석]] CHYM 차트 5개 처리 완료
[TradingView] LB 브라우저 세션 시작  (로그인 세션)...
[TradingView] 1H 캡처 완료 (60)
[TradingView] 4H 캡처 완료 (240)
[TradingView] Daily 캡처 완료 (D)
[TradingView] Weekly 캡처 완료 (W)
[TradingView] Monthly 캡처 완료 (M)
[[NASDAQ/NYSE 차트분석]] LB 차트 5개 처리 완료
[TradingView] ABCL 브라우저 세션 시작  (로그인 세션)...
[TradingView] 1H 캡처 완료 (60)
[TradingView] 4H 캡처 완료 (240)
[TradingView] Daily 캡처 완료 (D)
[TradingView] Weekly 캡처 완료 (W)
[TradingView] Monthly 캡처 완료 (M)
[[NASDAQ/NYSE 차트분석]] ABCL 차트 5개 처리 완료
[TradingView] XNCR 브라우저 세션 시작  (로그인 세션)...
[TradingView] 1H 캡처 완료 (60)
[TradingView] 4H 캡처 완료 (240)
[TradingView] Daily 캡처 완료 (D)
[TradingView] Weekly 캡처 완료 (W)
[TradingView] Monthly 캡처 완료 (M)
[[NASDAQ/NYSE 차트분석]] XNCR 차트 5개 처리 완료
[TradingView] CGAU 브라우저 세션 시작  (로그인 세션)...
[TradingView] 1H 캡처 완료 (60)
[TradingView] 4H 캡처 완료 (240)
[TradingView] Daily 캡처 완료 (D)
[TradingView] Weekly 캡처 완료 (W)
[TradingView] Monthly 캡처 완료 (M)
[[NASDAQ/NYSE 차트분석]] CGAU 차트 5개 처리 완료
[TradingView] CRL 브라우저 세션 시작  (로그인 세션)...
[TradingView] 1H 캡처 완료 (60)
[TradingView] 4H 캡처 완료 (240)
[TradingView] Daily 캡처 완료 (D)
[TradingView] Weekly 캡처 완료 (W)
[TradingView] Monthly 캡처 완료 (M)
[[NASDAQ/NYSE 차트분석]] CRL 차트 5개 처리 완료
[TradingView] ERO 브라우저 세션 시작  (로그인 세션)...
[TradingView] 1H 캡처 완료 (60)
[TradingView] 4H 캡처 완료 (240)
[TradingView] Daily 캡처 완료 (D)
[TradingView] Weekly 캡처 완료 (W)
[TradingView] Monthly 캡처 완료 (M)
[[NASDAQ/NYSE 차트분석]] ERO 차트 5개 처리 완료
[TradingView] FCX 브라우저 세션 시작  (로그인 세션)...
[TradingView] 1H 캡처 완료 (60)
[TradingView] 4H 캡처 완료 (240)
[TradingView] Daily 캡처 완료 (D)
[TradingView] Weekly 캡처 완료 (W)
[TradingView] Monthly 캡처 완료 (M)
[[NASDAQ/NYSE 차트분석]] FCX 차트 5개 처리 완료
[TradingView] FIVN 브라우저 세션 시작  (로그인 세션)...
[TradingView] 1H 캡처 완료 (60)
[TradingView] 4H 캡처 완료 (240)
[TradingView] Daily 캡처 완료 (D)
[TradingView] Weekly 캡처 완료 (W)
[TradingView] Monthly 캡처 완료 (M)
[[NASDAQ/NYSE 차트분석]] FIVN 차트 5개 처리 완료
[TradingView] NSIT 브라우저 세션 시작  (로그인 세션)...
[TradingView] 1H 캡처 완료 (60)
[TradingView] 4H 캡처 완료 (240)
[TradingView] Daily 캡처 완료 (D)
[TradingView] Weekly 캡처 완료 (W)
[TradingView] Monthly 캡처 완료 (M)
[[NASDAQ/NYSE 차트분석]] NSIT 차트 5개 처리 완료
[TradingView] NTRA 브라우저 세션 시작  (로그인 세션)...
[TradingView] 1H 캡처 완료 (60)
[TradingView] 4H 캡처 완료 (240)
[TradingView] Daily 캡처 완료 (D)
[TradingView] Weekly 캡처 완료 (W)
[TradingView] Monthly 캡처 완료 (M)
[[NASDAQ/NYSE 차트분석]] NTRA 차트 5개 처리 완료
[TradingView] NUTX 브라우저 세션 시작  (로그인 세션)...
[TradingView] 1H 캡처 완료 (60)
[TradingView] 4H 캡처 완료 (240)
[TradingView] Daily 캡처 완료 (D)
[TradingView] Weekly 캡처 완료 (W)
[TradingView] Monthly 캡처 완료 (M)
[[NASDAQ/NYSE 차트분석]] NUTX 차트 5개 처리 완료
[TradingView] OMER 브라우저 세션 시작  (로그인 세션)...
[TradingView] 1H 캡처 완료 (60)
[TradingView] 4H 캡처 완료 (240)
[TradingView] Daily 캡처 완료 (D)
[TradingView] Weekly 캡처 완료 (W)
[TradingView] Monthly 캡처 완료 (M)
[[NASDAQ/NYSE 차트분석]] OMER 차트 5개 처리 완료
[TradingView] REPL 브라우저 세션 시작  (로그인 세션)...
[TradingView] 1H 캡처 완료 (60)
[TradingView] 4H 캡처 완료 (240)
[TradingView] Daily 캡처 완료 (D)
[TradingView] Weekly 캡처 완료 (W)
[TradingView] Monthly 캡처 완료 (M)
[[NASDAQ/NYSE 차트분석]] REPL 차트 5개 처리 완료
[TradingView] RGEN 브라우저 세션 시작  (로그인 세션)...
[TradingView] 1H 캡처 완료 (60)
[TradingView] 4H 캡처 완료 (240)
[TradingView] Daily 캡처 완료 (D)
[TradingView] Weekly 캡처 완료 (W)
[TradingView] Monthly 캡처 완료 (M)
[[NASDAQ/NYSE 차트분석]] RGEN 차트 5개 처리 완료
[TradingView] RHI 브라우저 세션 시작  (로그인 세션)...
[TradingView] 1H 캡처 완료 (60)
[TradingView] 4H 캡처 완료 (240)
[TradingView] Daily 캡처 완료 (D)
[TradingView] Weekly 캡처 완료 (W)
[TradingView] Monthly 캡처 완료 (M)
[[NASDAQ/NYSE 차트분석]] RHI 차트 5개 처리 완료
[TradingView] RNG 브라우저 세션 시작  (로그인 세션)...
[TradingView] 1H 캡처 완료 (60)
[TradingView] 4H 캡처 완료 (240)
[TradingView] Daily 캡처 완료 (D)
[TradingView] Weekly 캡처 완료 (W)
[TradingView] Monthly 캡처 완료 (M)
[[NASDAQ/NYSE 차트분석]] RNG 차트 5개 처리 완료
[TradingView] SN 브라우저 세션 시작  (로그인 세션)...
[TradingView] 1H 캡처 완료 (60)
[TradingView] 4H 캡처 완료 (240)
[TradingView] Daily 캡처 완료 (D)
[TradingView] Weekly 캡처 완료 (W)
[TradingView] Monthly 캡처 완료 (M)
[[NASDAQ/NYSE 차트분석]] SN 차트 5개 처리 완료
[TradingView] SRRK 브라우저 세션 시작  (로그인 세션)...
[TradingView] 1H 캡처 완료 (60)
[TradingView] 4H 캡처 완료 (240)
[TradingView] Daily 캡처 완료 (D)
[TradingView] Weekly 캡처 완료 (W)
[TradingView] Monthly 캡처 완료 (M)
[[NASDAQ/NYSE 차트분석]] SRRK 차트 5개 처리 완료
[TradingView] SSRM 브라우저 세션 시작  (로그인 세션)...
[TradingView] 1H 캡처 완료 (60)
[TradingView] 4H 캡처 완료 (240)
[TradingView] Daily 캡처 완료 (D)
[TradingView] Weekly 캡처 완료 (W)
[TradingView] Monthly 캡처 완료 (M)
[[NASDAQ/NYSE 차트분석]] SSRM 차트 5개 처리 완료
[TradingView] TGB 브라우저 세션 시작  (로그인 세션)...
[TradingView] 1H 캡처 완료 (60)
[TradingView] 4H 캡처 완료 (240)
[TradingView] Daily 캡처 완료 (D)
[TradingView] Weekly 캡처 완료 (W)
[TradingView] Monthly 캡처 완료 (M)
[[NASDAQ/NYSE 차트분석]] TGB 차트 5개 처리 완료
[TradingView] TVTX 브라우저 세션 시작  (로그인 세션)...
[TradingView] 1H 캡처 완료 (60)
[TradingView] 4H 캡처 완료 (240)
[TradingView] Daily 캡처 완료 (D)
[TradingView] Weekly 캡처 완료 (W)
[TradingView] Monthly 캡처 완료 (M)
[[NASDAQ/NYSE 차트분석]] TVTX 차트 5개 처리 완료
[TradingView] ZETA 브라우저 세션 시작  (로그인 세션)...
[TradingView] 1H 캡처 완료 (60)
[TradingView] 4H 캡처 완료 (240)
[TradingView] Daily 캡처 완료 (D)
[TradingView] Weekly 캡처 완료 (W)
[TradingView] Monthly 캡처 완료 (M)
[[NASDAQ/NYSE 차트분석]] ZETA 차트 5개 처리 완료
[TradingView] KSPI 브라우저 세션 시작  (로그인 세션)...
[TradingView] 1H 캡처 완료 (60)
[TradingView] 4H 캡처 완료 (240)
[TradingView] Daily 캡처 완료 (D)
[TradingView] Weekly 캡처 완료 (W)
[TradingView] Monthly 캡처 완료 (M)
[[NASDAQ/NYSE 차트분석]] KSPI 차트 5개 처리 완료
[TradingView] TWST 브라우저 세션 시작  (로그인 세션)...
[TradingView] 1H 캡처 완료 (60)
[TradingView] 4H 캡처 완료 (240)
[TradingView] Daily 캡처 완료 (D)
[TradingView] Weekly 캡처 완료 (W)
[TradingView] Monthly 캡처 완료 (M)
[[NASDAQ/NYSE 차트분석]] TWST 차트 5개 처리 완료
[TradingView] TXG 브라우저 세션 시작  (로그인 세션)...
[TradingView] 1H 캡처 완료 (60)
[TradingView] 4H 캡처 완료 (240)
[TradingView] Daily 캡처 완료 (D)
[TradingView] Weekly 캡처 완료 (W)
[TradingView] Monthly 캡처 완료 (M)
[[NASDAQ/NYSE 차트분석]] TXG 차트 5개 처리 완료
[TradingView] SM 브라우저 세션 시작  (로그인 세션)...
[TradingView] 1H 캡처 완료 (60)
[TradingView] 4H 캡처 완료 (240)
[TradingView] Daily 캡처 완료 (D)
[TradingView] Weekly 캡처 완료 (W)
[TradingView] Monthly 캡처 완료 (M)
[[NASDAQ/NYSE 차트분석]] SM 차트 5개 처리 완료
[TradingView] FRSH 브라우저 세션 시작  (로그인 세션)...
[TradingView] 1H 캡처 완료 (60)
[TradingView] 4H 캡처 완료 (240)
[TradingView] Daily 캡처 완료 (D)
[TradingView] Weekly 캡처 완료 (W)
[TradingView] Monthly 캡처 완료 (M)
[[NASDAQ/NYSE 차트분석]] FRSH 차트 5개 처리 완료
[TradingView] TECK 브라우저 세션 시작  (로그인 세션)...
[TradingView] 1H 캡처 완료 (60)
[TradingView] 4H 캡처 완료 (240)
[TradingView] Daily 캡처 완료 (D)
[TradingView] Weekly 캡처 완료 (W)
[TradingView] Monthly 캡처 완료 (M)
[[NASDAQ/NYSE 차트분석]] TECK 차트 5개 처리 완료
[TradingView] NIQ 브라우저 세션 시작  (로그인 세션)...
[TradingView] 1H 캡처 완료 (60)
[TradingView] 4H 캡처 완료 (240)
[TradingView] Daily 캡처 완료 (D)
[TradingView] Weekly 캡처 완료 (W)
[TradingView] Monthly 캡처 완료 (M)
[[NASDAQ/NYSE 차트분석]] NIQ 차트 5개 처리 완료
[TradingView] AVAH 브라우저 세션 시작  (로그인 세션)...
[TradingView] 1H 캡처 완료 (60)
[TradingView] 4H 캡처 완료 (240)
[TradingView] Daily 캡처 완료 (D)
[TradingView] Weekly 캡처 완료 (W)
[TradingView] Monthly 캡처 완료 (M)
[[NASDAQ/NYSE 차트분석]] AVAH 차트 5개 처리 완료
[TradingView] CVI 브라우저 세션 시작  (로그인 세션)...
[TradingView] 1H 캡처 완료 (60)
[TradingView] 4H 캡처 완료 (240)
[TradingView] Daily 캡처 완료 (D)
[TradingView] Weekly 캡처 완료 (W)
[TradingView] Monthly 캡처 완료 (M)
[[NASDAQ/NYSE 차트분석]] CVI 차트 5개 처리 완료
[TradingView] MPC 브라우저 세션 시작  (로그인 세션)...
[TradingView] 1H 캡처 완료 (60)
[TradingView] 4H 캡처 완료 (240)
[TradingView] Daily 캡처 완료 (D)
[TradingView] Weekly 캡처 완료 (W)
[TradingView] Monthly 캡처 완료 (M)
[[NASDAQ/NYSE 차트분석]] MPC 차트 5개 처리 완료
[TradingView] PSX 브라우저 세션 시작  (로그인 세션)...
[TradingView] 1H 캡처 완료 (60)
[TradingView] 4H 캡처 완료 (240)
[TradingView] Daily 캡처 완료 (D)
[TradingView] Weekly 캡처 완료 (W)
[TradingView] Monthly 캡처 완료 (M)
[[NASDAQ/NYSE 차트분석]] PSX 차트 5개 처리 완료
[TradingView] TEAM 브라우저 세션 시작  (로그인 세션)...
[TradingView] 1H 캡처 완료 (60)
[TradingView] 4H 캡처 완료 (240)
[TradingView] Daily 캡처 완료 (D)
[TradingView] Weekly 캡처 완료 (W)
[TradingView] Monthly 캡처 완료 (M)
[[NASDAQ/NYSE 차트분석]] TEAM 차트 5개 처리 완료
[TradingView] ATRC 브라우저 세션 시작  (로그인 세션)...
[TradingView] 1H 캡처 완료 (60)
[TradingView] 4H 캡처 완료 (240)
[TradingView] Daily 캡처 완료 (D)
[TradingView] Weekly 캡처 완료 (W)
[TradingView] Monthly 캡처 완료 (M)
[[NASDAQ/NYSE 차트분석]] ATRC 차트 5개 처리 완료
[TradingView] BIO 브라우저 세션 시작  (로그인 세션)...
[TradingView] 1H 캡처 완료 (60)
[TradingView] 4H 캡처 완료 (240)
[TradingView] Daily 캡처 완료 (D)
[TradingView] Weekly 캡처 완료 (W)
[TradingView] Monthly 캡처 완료 (M)
[[NASDAQ/NYSE 차트분석]] BIO 차트 5개 처리 완료
[TradingView] MAN 브라우저 세션 시작  (로그인 세션)...
[TradingView] 1H 캡처 완료 (60)
[TradingView] 4H 캡처 완료 (240)
[TradingView] Daily 캡처 완료 (D)
[TradingView] Weekly 캡처 완료 (W)
[TradingView] Monthly 캡처 완료 (M)
[[NASDAQ/NYSE 차트분석]] MAN 차트 5개 처리 완료
[TradingView] HZO 브라우저 세션 시작  (로그인 세션)...
[TradingView] 1H 캡처 완료 (60)
[TradingView] 4H 캡처 완료 (240)
[TradingView] Daily 캡처 완료 (D)
[TradingView] Weekly 캡처 완료 (W)
[TradingView] Monthly 캡처 완료 (M)
[[NASDAQ/NYSE 차트분석]] HZO 차트 5개 처리 완료
[TradingView] PAYC 브라우저 세션 시작  (로그인 세션)...
[TradingView] 1H 캡처 완료 (60)
[TradingView] 4H 캡처 완료 (240)
[TradingView] Daily 캡처 완료 (D)
[TradingView] Weekly 캡처 완료 (W)
[TradingView] Monthly 캡처 완료 (M)
[[NASDAQ/NYSE 차트분석]] PAYC 차트 5개 처리 완료
[TradingView] VREX 브라우저 세션 시작  (로그인 세션)...
[TradingView] 1H 캡처 완료 (60)
[TradingView] 4H 캡처 완료 (240)
[TradingView] Daily 캡처 완료 (D)
[TradingView] Weekly 캡처 완료 (W)
[TradingView] Monthly 캡처 완료 (M)
[[NASDAQ/NYSE 차트분석]] VREX 차트 5개 처리 완료
[TradingView] ARGX 브라우저 세션 시작  (로그인 세션)...
[TradingView] 1H 캡처 완료 (60)
[TradingView] 4H 캡처 완료 (240)
[TradingView] Daily 캡처 완료 (D)
[TradingView] Weekly 캡처 완료 (W)
[TradingView] Monthly 캡처 완료 (M)
[[NASDAQ/NYSE 차트분석]] ARGX 차트 5개 처리 완료
[TradingView] CLRO 브라우저 세션 시작  (로그인 세션)...
[TradingView] 1H 캡처 완료 (60)
[TradingView] 4H 캡처 완료 (240)
[TradingView] Daily 캡처 완료 (D)
[TradingView] Weekly 캡처 완료 (W)
[TradingView] Monthly 캡처 완료 (M)
[[NASDAQ/NYSE 차트분석]] CLRO 차트 5개 처리 완료
[TradingView] DUOL 브라우저 세션 시작  (로그인 세션)...
[TradingView] 1H 캡처 완료 (60)
[TradingView] 4H 캡처 완료 (240)
[TradingView] Daily 캡처 완료 (D)
[TradingView] Weekly 캡처 완료 (W)
[TradingView] Monthly 캡처 완료 (M)
[[NASDAQ/NYSE 차트분석]] DUOL 차트 5개 처리 완료
[TradingView] HCC 브라우저 세션 시작  (로그인 세션)...
[TradingView] 1H 캡처 완료 (60)
[TradingView] 4H 캡처 완료 (240)
[TradingView] Daily 캡처 완료 (D)
[TradingView] Weekly 캡처 완료 (W)
[TradingView] Monthly 캡처 완료 (M)
[[NASDAQ/NYSE 차트분석]] HCC 차트 5개 처리 완료
[TradingView] TNON 브라우저 세션 시작  (로그인 세션)...
[TradingView] 1H 캡처 완료 (60)
[TradingView] 4H 캡처 완료 (240)
[TradingView] Daily 캡처 완료 (D)
[TradingView] Weekly 캡처 완료 (W)
[TradingView] Monthly 캡처 완료 (M)
[[NASDAQ/NYSE 차트분석]] TNON 차트 5개 처리 완료
[TradingView] ECO 브라우저 세션 시작  (로그인 세션)...
[TradingView] 1H 캡처 완료 (60)
[TradingView] 4H 캡처 완료 (240)
[TradingView] Daily 캡처 완료 (D)
[TradingView] Weekly 캡처 완료 (W)
[TradingView] Monthly 캡처 완료 (M)
[[NASDAQ/NYSE 차트분석]] ECO 차트 5개 처리 완료
[TradingView] HNGE 브라우저 세션 시작  (로그인 세션)...
[TradingView] 1H 캡처 완료 (60)
[TradingView] 4H 캡처 완료 (240)
[TradingView] Daily 캡처 완료 (D)
[TradingView] Weekly 캡처 완료 (W)
[TradingView] Monthly 캡처 완료 (M)
[[NASDAQ/NYSE 차트분석]] HNGE 차트 5개 처리 완료
[TradingView] RBRK 브라우저 세션 시작  (로그인 세션)...
[TradingView] 1H 캡처 완료 (60)
[TradingView] 4H 캡처 완료 (240)
[TradingView] Daily 캡처 완료 (D)
[TradingView] Weekly 캡처 완료 (W)
[TradingView] Monthly 캡처 완료 (M)
[[NASDAQ/NYSE 차트분석]] RBRK 차트 5개 처리 완료
[TradingView] RVMD 브라우저 세션 시작  (로그인 세션)...
[TradingView] 1H 캡처 완료 (60)
[TradingView] 4H 캡처 완료 (240)
[TradingView] Daily 캡처 완료 (D)
[TradingView] Weekly 캡처 완료 (W)
[TradingView] Monthly 캡처 완료 (M)
[[NASDAQ/NYSE 차트분석]] RVMD 차트 5개 처리 완료
[TradingView] VCTR 브라우저 세션 시작  (로그인 세션)...
[TradingView] 1H 캡처 완료 (60)
[TradingView] 4H 캡처 완료 (240)
[TradingView] Daily 캡처 완료 (D)
[TradingView] Weekly 캡처 완료 (W)
[TradingView] Monthly 캡처 완료 (M)
[[NASDAQ/NYSE 차트분석]] VCTR 차트 5개 처리 완료
[TradingView] VRTX 브라우저 세션 시작  (로그인 세션)...
[TradingView] 1H 캡처 완료 (60)
[TradingView] 4H 캡처 완료 (240)
[TradingView] Daily 캡처 완료 (D)
[TradingView] Weekly 캡처 완료 (W)
[TradingView] Monthly 캡처 완료 (M)
[[NASDAQ/NYSE 차트분석]] VRTX 차트 5개 처리 완료
[TradingView] DT 브라우저 세션 시작  (로그인 세션)...
[TradingView] 1H 캡처 완료 (60)
[TradingView] 4H 캡처 완료 (240)
[TradingView] Daily 캡처 완료 (D)
[TradingView] Weekly 캡처 완료 (W)
[TradingView] Monthly 캡처 완료 (M)
[[NASDAQ/NYSE 차트분석]] DT 차트 5개 처리 완료
[TradingView] ALOY 브라우저 세션 시작  (로그인 세션)...
[TradingView] 1H 캡처 완료 (60)
[TradingView] 4H 캡처 완료 (240)
[TradingView] Daily 캡처 완료 (D)
[TradingView] Weekly 캡처 완료 (W)
[TradingView] Monthly 캡처 완료 (M)
[[NASDAQ/NYSE 차트분석]] ALOY 차트 5개 처리 완료
[TradingView] MANH 브라우저 세션 시작  (로그인 세션)...
[TradingView] 1H 캡처 완료 (60)
[TradingView] 4H 캡처 완료 (240)
[TradingView] Daily 캡처 완료 (D)
[TradingView] Weekly 캡처 완료 (W)
[TradingView] Monthly 캡처 완료 (M)
[[NASDAQ/NYSE 차트분석]] MANH 차트 5개 처리 완료
[TradingView] WT 브라우저 세션 시작  (로그인 세션)...
[TradingView] 1H 캡처 완료 (60)
[TradingView] 4H 캡처 완료 (240)
[TradingView] Daily 캡처 완료 (D)
[TradingView] Weekly 캡처 완료 (W)
[TradingView] Monthly 캡처 완료 (M)
[[NASDAQ/NYSE 차트분석]] WT 차트 5개 처리 완료
[TradingView] SCCO 브라우저 세션 시작  (로그인 세션)...
[TradingView] 1H 캡처 완료 (60)
[TradingView] 4H 캡처 완료 (240)
[TradingView] Daily 캡처 완료 (D)
[TradingView] Weekly 캡처 완료 (W)
[TradingView] Monthly 캡처 완료 (M)
[[NASDAQ/NYSE 차트분석]] SCCO 차트 5개 처리 완료
[TradingView] XOS 브라우저 세션 시작  (로그인 세션)...
[TradingView] 1H 캡처 완료 (60)
[TradingView] 4H 캡처 완료 (240)
[TradingView] Daily 캡처 완료 (D)
[TradingView] Weekly 캡처 완료 (W)
[TradingView] Monthly 캡처 완료 (M)
[[NASDAQ/NYSE 차트분석]] XOS 차트 5개 처리 완료
[TradingView] XHLD 브라우저 세션 시작  (로그인 세션)...
[TradingView] 1H 캡처 완료 (60)
[TradingView] 4H 캡처 완료 (240)
[TradingView] Daily 캡처 완료 (D)
[TradingView] Weekly 캡처 완료 (W)
[TradingView] Monthly 캡처 완료 (M)
[[NASDAQ/NYSE 차트분석]] XHLD 차트 5개 처리 완료
[TradingView] BHP 브라우저 세션 시작  (로그인 세션)...
[TradingView] 1H 캡처 완료 (60)
[TradingView] 4H 캡처 완료 (240)
[TradingView] Daily 캡처 완료 (D)
[TradingView] Weekly 캡처 완료 (W)
[TradingView] Monthly 캡처 완료 (M)
[[NASDAQ/NYSE 차트분석]] BHP 차트 5개 처리 완료
[TradingView] VIRT 브라우저 세션 시작  (로그인 세션)...
[TradingView] 1H 캡처 완료 (60)
[TradingView] 4H 캡처 완료 (240)
[TradingView] Daily 캡처 완료 (D)
[TradingView] Weekly 캡처 완료 (W)
[TradingView] Monthly 캡처 완료 (M)
[[NASDAQ/NYSE 차트분석]] VIRT 차트 5개 처리 완료
[TradingView] BLSH 브라우저 세션 시작  (로그인 세션)...
[TradingView] 1H 캡처 완료 (60)
[TradingView] 4H 캡처 완료 (240)
[TradingView] Daily 캡처 완료 (D)
[TradingView] Weekly 캡처 완료 (W)
[TradingView] Monthly 캡처 완료 (M)
[[NASDAQ/NYSE 차트분석]] BLSH 차트 5개 처리 완료
[TradingView] INSP 브라우저 세션 시작  (로그인 세션)...
[TradingView] 1H 캡처 완료 (60)
[TradingView] 4H 캡처 완료 (240)
[TradingView] Daily 캡처 완료 (D)
[TradingView] Weekly 캡처 완료 (W)
[TradingView] Monthly 캡처 완료 (M)
[[NASDAQ/NYSE 차트분석]] INSP 차트 5개 처리 완료
[TradingView] DXYZ 브라우저 세션 시작  (로그인 세션)...
[TradingView] 1H 캡처 완료 (60)
[TradingView] 4H 캡처 완료 (240)
[TradingView] Daily 캡처 완료 (D)
[TradingView] Weekly 캡처 완료 (W)
[TradingView] Monthly 캡처 완료 (M)
[[NASDAQ/NYSE 차트분석]] DXYZ 차트 5개 처리 완료
[TradingView] RZLV 브라우저 세션 시작  (로그인 세션)...
[TradingView] 1H 캡처 완료 (60)
[TradingView] 4H 캡처 완료 (240)
[TradingView] Daily 캡처 완료 (D)
[TradingView] Weekly 캡처 완료 (W)
[TradingView] Monthly 캡처 완료 (M)
[[NASDAQ/NYSE 차트분석]] RZLV 차트 5개 처리 완료
[TradingView] SBET 브라우저 세션 시작  (로그인 세션)...
[TradingView] 1H 캡처 완료 (60)
[TradingView] 4H 캡처 완료 (240)
[TradingView] Daily 캡처 완료 (D)
[TradingView] Weekly 캡처 완료 (W)
[TradingView] Monthly 캡처 완료 (M)
[[NASDAQ/NYSE 차트분석]] SBET 차트 5개 처리 완료
[TradingView] WIX 브라우저 세션 시작  (로그인 세션)...
[TradingView] 1H 캡처 완료 (60)
[TradingView] 4H 캡처 완료 (240)
[TradingView] Daily 캡처 완료 (D)
[TradingView] Weekly 캡처 완료 (W)
[TradingView] Monthly 캡처 완료 (M)
[[NASDAQ/NYSE 차트분석]] WIX 차트 5개 처리 완료
[TradingView] ANDG 브라우저 세션 시작  (로그인 세션)...
[TradingView] 1H 캡처 완료 (60)
[TradingView] 4H 캡처 완료 (240)
[TradingView] Daily 캡처 완료 (D)
[TradingView] Weekly 캡처 완료 (W)
[TradingView] Monthly 캡처 완료 (M)
[[NASDAQ/NYSE 차트분석]] ANDG 차트 5개 처리 완료
[TradingView] HIMS 브라우저 세션 시작  (로그인 세션)...
[TradingView] 1H 캡처 완료 (60)
[TradingView] 4H 캡처 완료 (240)
[TradingView] Daily 캡처 완료 (D)
[TradingView] Weekly 캡처 완료 (W)
[TradingView] Monthly 캡처 완료 (M)
[[NASDAQ/NYSE 차트분석]] HIMS 차트 5개 처리 완료
[TradingView] COIN 브라우저 세션 시작  (로그인 세션)...
[TradingView] 1H 캡처 완료 (60)
[TradingView] 4H 캡처 완료 (240)
[TradingView] Daily 캡처 완료 (D)
[TradingView] Weekly 캡처 완료 (W)
[TradingView] Monthly 캡처 완료 (M)
[[NASDAQ/NYSE 차트분석]] COIN 차트 5개 처리 완료
[TradingView] FROG 브라우저 세션 시작  (로그인 세션)...
[TradingView] 1H 캡처 완료 (60)
[TradingView] 4H 캡처 완료 (240)
[TradingView] Daily 캡처 완료 (D)
[TradingView] Weekly 캡처 완료 (W)
[TradingView] Monthly 캡처 완료 (M)
[[NASDAQ/NYSE 차트분석]] FROG 차트 5개 처리 완료
[TradingView] LEU 브라우저 세션 시작  (로그인 세션)...
[TradingView] 1H 캡처 완료 (60)
[TradingView] 4H 캡처 완료 (240)
[TradingView] Daily 캡처 완료 (D)
[TradingView] Weekly 캡처 완료 (W)
[TradingView] Monthly 캡처 완료 (M)
[[NASDAQ/NYSE 차트분석]] LEU 차트 5개 처리 완료
[TradingView] DFNS 브라우저 세션 시작  (로그인 세션)...
[TradingView] 1H 캡처 완료 (60)
[TradingView] 4H 캡처 완료 (240)
[TradingView] Daily 캡처 완료 (D)
[TradingView] Weekly 캡처 완료 (W)
[TradingView] Monthly 캡처 완료 (M)
[[NASDAQ/NYSE 차트분석]] DFNS 차트 5개 처리 완료
[TradingView] ACHR 브라우저 세션 시작  (로그인 세션)...
[TradingView] 1H 캡처 완료 (60)
[TradingView] 4H 캡처 완료 (240)
[TradingView] Daily 캡처 완료 (D)
[TradingView] Weekly 캡처 완료 (W)
[TradingView] Monthly 캡처 완료 (M)
[[NASDAQ/NYSE 차트분석]] ACHR 차트 5개 처리 완료
[TradingView] ASST 브라우저 세션 시작  (로그인 세션)...
[TradingView] 1H 캡처 완료 (60)
[TradingView] 4H 캡처 완료 (240)
[TradingView] Daily 캡처 완료 (D)
[TradingView] Weekly 캡처 완료 (W)
[TradingView] Monthly 캡처 완료 (M)
[[NASDAQ/NYSE 차트분석]] ASST 차트 5개 처리 완료
[TradingView] ESTC 브라우저 세션 시작  (로그인 세션)...
[TradingView] 1H 캡처 완료 (60)
[TradingView] 4H 캡처 완료 (240)
[TradingView] Daily 캡처 완료 (D)
[TradingView] Weekly 캡처 완료 (W)
[TradingView] Monthly 캡처 완료 (M)
[[NASDAQ/NYSE 차트분석]] ESTC 차트 5개 처리 완료
[TradingView] LIFE 브라우저 세션 시작  (로그인 세션)...
[TradingView] 1H 캡처 완료 (60)
[TradingView] 4H 캡처 완료 (240)
[TradingView] Daily 캡처 완료 (D)
[TradingView] Weekly 캡처 완료 (W)
[TradingView] Monthly 캡처 완료 (M)
[[NASDAQ/NYSE 차트분석]] LIFE 차트 5개 처리 완료
[TradingView] BMNR 브라우저 세션 시작  (로그인 세션)...
[TradingView] 1H 캡처 완료 (60)
[TradingView] 4H 캡처 완료 (240)
[TradingView] Daily 캡처 완료 (D)
[TradingView] Weekly 캡처 완료 (W)
[TradingView] Monthly 캡처 완료 (M)
[[NASDAQ/NYSE 차트분석]] BMNR 차트 5개 처리 완료
[TradingView] OKTA 브라우저 세션 시작  (로그인 세션)...
[TradingView] 1H 캡처 완료 (60)
[TradingView] 4H 캡처 완료 (240)
[TradingView] Daily 캡처 완료 (D)
[TradingView] Weekly 캡처 완료 (W)
[TradingView] Monthly 캡처 완료 (M)
[[NASDAQ/NYSE 차트분석]] OKTA 차트 5개 처리 완료
[TradingView] ZG 브라우저 세션 시작  (로그인 세션)...
[TradingView] 1H 캡처 완료 (60)
[TradingView] 4H 캡처 완료 (240)
[TradingView] Daily 캡처 완료 (D)
[TradingView] Weekly 캡처 완료 (W)
[TradingView] Monthly 캡처 완료 (M)
[[NASDAQ/NYSE 차트분석]] ZG 차트 5개 처리 완료
[TradingView] ANF 브라우저 세션 시작  (로그인 세션)...
[TradingView] 1H 캡처 완료 (60)
[TradingView] 4H 캡처 완료 (240)
[TradingView] Daily 캡처 완료 (D)
[TradingView] Weekly 캡처 완료 (W)
[TradingView] Monthly 캡처 완료 (M)
[[NASDAQ/NYSE 차트분석]] ANF 차트 5개 처리 완료
[TradingView] HUBS 브라우저 세션 시작  (로그인 세션)...
[TradingView] 1H 캡처 완료 (60)
[TradingView] 4H 캡처 완료 (240)
[TradingView] Daily 캡처 완료 (D)
[TradingView] Weekly 캡처 완료 (W)
[TradingView] Monthly 캡처 완료 (M)
[[NASDAQ/NYSE 차트분석]] HUBS 차트 5개 처리 완료
[TradingView] APP 브라우저 세션 시작  (로그인 세션)...
[TradingView] 1H 캡처 완료 (60)
[TradingView] 4H 캡처 완료 (240)
[TradingView] Daily 캡처 완료 (D)
[TradingView] Weekly 캡처 완료 (W)
[TradingView] Monthly 캡처 완료 (M)
[[NASDAQ/NYSE 차트분석]] APP 차트 5개 처리 완료
[TradingView] STUB 브라우저 세션 시작  (로그인 세션)...
[TradingView] 1H 캡처 완료 (60)
[TradingView] 4H 캡처 완료 (240)
[TradingView] Daily 캡처 완료 (D)
[TradingView] Weekly 캡처 완료 (W)
[TradingView] Monthly 캡처 완료 (M)
[[NASDAQ/NYSE 차트분석]] STUB 차트 5개 처리 완료
[TradingView] VXX 브라우저 세션 시작  (로그인 세션)...
[TradingView] 1H 캡처 완료 (60)
[TradingView] 4H 캡처 완료 (240)
[TradingView] Daily 캡처 완료 (D)
[TradingView] Weekly 캡처 완료 (W)
[TradingView] Monthly 캡처 완료 (M)
[[NASDAQ/NYSE 차트분석]] VXX 차트 5개 처리 완료
[TradingView] FLNC 브라우저 세션 시작  (로그인 세션)...
[TradingView] 1H 캡처 완료 (60)
[TradingView] 4H 캡처 완료 (240)
[TradingView] Daily 캡처 완료 (D)
[TradingView] Weekly 캡처 완료 (W)
[TradingView] Monthly 캡처 완료 (M)
[[NASDAQ/NYSE 차트분석]] FLNC 차트 5개 처리 완료
[TradingView] LIF 브라우저 세션 시작  (로그인 세션)...
[TradingView] 1H 캡처 완료 (60)
[TradingView] 4H 캡처 완료 (240)
[TradingView] Daily 캡처 완료 (D)
[TradingView] Weekly 캡처 완료 (W)
[TradingView] Monthly 캡처 완료 (M)
[[NASDAQ/NYSE 차트분석]] LIF 차트 5개 처리 완료
[TradingView] FLY 브라우저 세션 시작  (로그인 세션)...
[TradingView] 1H 캡처 완료 (60)
[TradingView] 4H 캡처 완료 (240)
[TradingView] Daily 캡처 완료 (D)
[TradingView] Weekly 캡처 완료 (W)
[TradingView] Monthly 캡처 완료 (M)
[[NASDAQ/NYSE 차트분석]] FLY 차트 5개 처리 완료
[TradingView] BILI 브라우저 세션 시작  (로그인 세션)...
[TradingView] 1H 캡처 완료 (60)
[TradingView] 4H 캡처 완료 (240)
[TradingView] Daily 캡처 완료 (D)
[TradingView] Weekly 캡처 완료 (W)
[TradingView] Monthly 캡처 완료 (M)
[[NASDAQ/NYSE 차트분석]] BILI 차트 5개 처리 완료
[TradingView] ARRY 브라우저 세션 시작  (로그인 세션)...
[TradingView] 1H 캡처 완료 (60)
[TradingView] 4H 캡처 완료 (240)
[TradingView] Daily 캡처 완료 (D)
[TradingView] Weekly 캡처 완료 (W)
[TradingView] Monthly 캡처 완료 (M)
[[NASDAQ/NYSE 차트분석]] ARRY 차트 5개 처리 완료
[TradingView] QBTS 브라우저 세션 시작  (로그인 세션)...
[TradingView] 1H 캡처 완료 (60)
[TradingView] 4H 캡처 완료 (240)
[TradingView] Daily 캡처 완료 (D)
[TradingView] Weekly 캡처 완료 (W)
[TradingView] Monthly 캡처 완료 (M)
[[NASDAQ/NYSE 차트분석]] QBTS 차트 5개 처리 완료
[TradingView] INOD 브라우저 세션 시작  (로그인 세션)...
[TradingView] 1H 캡처 완료 (60)
[TradingView] 4H 캡처 완료 (240)
[TradingView] Daily 캡처 완료 (D)
[TradingView] Weekly 캡처 완료 (W)
[TradingView] Monthly 캡처 완료 (M)
[[NASDAQ/NYSE 차트분석]] INOD 차트 5개 처리 완료
[TradingView] STRL 브라우저 세션 시작  (로그인 세션)...
[TradingView] 1H 캡처 완료 (60)
[TradingView] 4H 캡처 완료 (240)
[TradingView] Daily 캡처 완료 (D)
[TradingView] Weekly 캡처 완료 (W)
[TradingView] Monthly 캡처 완료 (M)
[[NASDAQ/NYSE 차트분석]] STRL 차트 5개 처리 완료
[TradingView] TTD 브라우저 세션 시작  (로그인 세션)...
[TradingView] 1H 캡처 완료 (60)
[TradingView] 4H 캡처 완료 (240)
[TradingView] Daily 캡처 완료 (D)
[TradingView] Weekly 캡처 완료 (W)
[TradingView] Monthly 캡처 완료 (M)
[[NASDAQ/NYSE 차트분석]] TTD 차트 5개 처리 완료
[TradingView] EYPT 브라우저 세션 시작  (로그인 세션)...
[TradingView] 1H 캡처 완료 (60)
[TradingView] 4H 캡처 완료 (240)
[TradingView] Daily 캡처 완료 (D)
[TradingView] Weekly 캡처 완료 (W)
[TradingView] Monthly 캡처 완료 (M)
[[NASDAQ/NYSE 차트분석]] EYPT 차트 5개 처리 완료
[TradingView] LCID 브라우저 세션 시작  (로그인 세션)...
[TradingView] 1H 캡처 완료 (60)
[TradingView] 4H 캡처 완료 (240)
[TradingView] Daily 캡처 완료 (D)
[TradingView] Weekly 캡처 완료 (W)
[TradingView] Monthly 캡처 완료 (M)
[[NASDAQ/NYSE 차트분석]] LCID 차트 5개 처리 완료
[TradingView] LINC 브라우저 세션 시작  (로그인 세션)...
[TradingView] 1H 캡처 완료 (60)
[TradingView] 4H 캡처 완료 (240)
[TradingView] Daily 캡처 완료 (D)
[TradingView] Weekly 캡처 완료 (W)
[TradingView] Monthly 캡처 완료 (M)
[[NASDAQ/NYSE 차트분석]] LINC 차트 5개 처리 완료
[TradingView] PRIM 브라우저 세션 시작  (로그인 세션)...
[TradingView] 1H 캡처 완료 (60)
[TradingView] 4H 캡처 완료 (240)
[TradingView] Daily 캡처 완료 (D)
[TradingView] Weekly 캡처 완료 (W)
[TradingView] Monthly 캡처 완료 (M)
[[NASDAQ/NYSE 차트분석]] PRIM 차트 5개 처리 완료
[TradingView] UTI 브라우저 세션 시작  (로그인 세션)...
[TradingView] 1H 캡처 완료 (60)
[TradingView] 4H 캡처 완료 (240)
[TradingView] Daily 캡처 완료 (D)
[TradingView] Weekly 캡처 완료 (W)
[TradingView] Monthly 캡처 완료 (M)
[[NASDAQ/NYSE 차트분석]] UTI 차트 5개 처리 완료
[TradingView] KLAR 브라우저 세션 시작  (로그인 세션)...
[TradingView] 1H 캡처 완료 (60)
[TradingView] 4H 캡처 완료 (240)
[TradingView] Daily 캡처 완료 (D)
[TradingView] Weekly 캡처 완료 (W)
[TradingView] Monthly 캡처 완료 (M)
[[NASDAQ/NYSE 차트분석]] KLAR 차트 5개 처리 완료
[TradingView] TME 브라우저 세션 시작  (로그인 세션)...
[TradingView] 1H 캡처 완료 (60)
[TradingView] 4H 캡처 완료 (240)
[TradingView] Daily 캡처 완료 (D)
[TradingView] Weekly 캡처 완료 (W)
[TradingView] Monthly 캡처 완료 (M)
[[NASDAQ/NYSE 차트분석]] TME 차트 5개 처리 완료
[TradingView] VSH 브라우저 세션 시작  (로그인 세션)...
[TradingView] 1H 캡처 완료 (60)
[TradingView] 4H 캡처 완료 (240)
[TradingView] Daily 캡처 완료 (D)
[TradingView] Weekly 캡처 완료 (W)
[TradingView] Monthly 캡처 완료 (M)
[[NASDAQ/NYSE 차트분석]] VSH 차트 5개 처리 완료
[TradingView] PFSI 브라우저 세션 시작  (로그인 세션)...
[TradingView] 1H 캡처 완료 (60)
[TradingView] 4H 캡처 완료 (240)
[TradingView] Daily 캡처 완료 (D)
[TradingView] Weekly 캡처 완료 (W)
[TradingView] Monthly 캡처 완료 (M)
[[NASDAQ/NYSE 차트분석]] PFSI 차트 5개 처리 완료
[[NASDAQ/NYSE 차트분석]] 차트 캡처 완료
[[NASDAQ/NYSE 차트분석]] GitHub에 차트 이미지 푸시 중...
rm 'charts/screenshots_nasdaq/ABCL/ABCL_1H_20260827_123931.png'
rm 'charts/screenshots_nasdaq/ABCL/ABCL_4H_20260827_123931.png'
rm 'charts/screenshots_nasdaq/ABCL/ABCL_Daily_20260827_123931.png'
rm 'charts/screenshots_nasdaq/ABCL/ABCL_Monthly_20260827_123931.png'
rm 'charts/screenshots_nasdaq/ABCL/ABCL_Weekly_20260827_123931.png'
rm 'charts/screenshots_nasdaq/ABNB/ABNB_1H_20260827_124006.png'
rm 'charts/screenshots_nasdaq/ABNB/ABNB_4H_20260827_124006.png'
rm 'charts/screenshots_nasdaq/ABNB/ABNB_Daily_20260827_124006.png'
rm 'charts/screenshots_nasdaq/ABNB/ABNB_Monthly_20260827_124006.png'
rm 'charts/screenshots_nasdaq/ABNB/ABNB_Weekly_20260827_124006.png'
rm 'charts/screenshots_nasdaq/ACM/ACM_1H_20260827_132426.png'
rm 'charts/screenshots_nasdaq/ACM/ACM_4H_20260827_132426.png'
rm 'charts/screenshots_nasdaq/ACM/ACM_Daily_20260827_132426.png'
rm 'charts/screenshots_nasdaq/ACM/ACM_Monthly_20260827_132426.png'
rm 'charts/screenshots_nasdaq/ACM/ACM_Weekly_20260827_132426.png'
rm 'charts/screenshots_nasdaq/AHCO/AHCO_1H_20260827_132315.png'
rm 'charts/screenshots_nasdaq/AHCO/AHCO_4H_20260827_132315.png'
rm 'charts/screenshots_nasdaq/AHCO/AHCO_Daily_20260827_132315.png'
rm 'charts/screenshots_nasdaq/AHCO/AHCO_Monthly_20260827_132315.png'
rm 'charts/screenshots_nasdaq/AHCO/AHCO_Weekly_20260827_132315.png'
rm 'charts/screenshots_nasdaq/AI/AI_1H_20260827_131723.png'
rm 'charts/screenshots_nasdaq/AI/AI_4H_20260827_131723.png'
rm 'charts/screenshots_nasdaq/AI/AI_Daily_20260827_131723.png'
rm 'charts/screenshots_nasdaq/AI/AI_Monthly_20260827_131723.png'
rm 'charts/screenshots_nasdaq/AI/AI_Weekly_20260827_131723.png'
rm 'charts/screenshots_nasdaq/ALOY/ALOY_1H_20260827_131315.png'
rm 'charts/screenshots_nasdaq/ALOY/ALOY_4H_20260827_131315.png'
rm 'charts/screenshots_nasdaq/ALOY/ALOY_Daily_20260827_131315.png'
rm 'charts/screenshots_nasdaq/ALOY/ALOY_Monthly_20260827_131315.png'
rm 'charts/screenshots_nasdaq/ALOY/ALOY_Weekly_20260827_131315.png'
rm 'charts/screenshots_nasdaq/ANDG/ANDG_1H_20260827_131425.png'
rm 'charts/screenshots_nasdaq/ANDG/ANDG_4H_20260827_131425.png'
rm 'charts/screenshots_nasdaq/ANDG/ANDG_Daily_20260827_131425.png'
rm 'charts/screenshots_nasdaq/ANDG/ANDG_Monthly_20260827_131425.png'
rm 'charts/screenshots_nasdaq/ANDG/ANDG_Weekly_20260827_131425.png'
rm 'charts/screenshots_nasdaq/ANF/ANF_1H_20260827_124151.png'
rm 'charts/screenshots_nasdaq/ANF/ANF_4H_20260827_124151.png'
rm 'charts/screenshots_nasdaq/ANF/ANF_Daily_20260827_124151.png'
rm 'charts/screenshots_nasdaq/ANF/ANF_Monthly_20260827_124151.png'
rm 'charts/screenshots_nasdaq/ANF/ANF_Weekly_20260827_124151.png'
rm 'charts/screenshots_nasdaq/APP/APP_1H_20260827_132350.png'
rm 'charts/screenshots_nasdaq/APP/APP_4H_20260827_132350.png'
rm 'charts/screenshots_nasdaq/APP/APP_Daily_20260827_132350.png'
rm 'charts/screenshots_nasdaq/APP/APP_Monthly_20260827_132350.png'
rm 'charts/screenshots_nasdaq/APP/APP_Weekly_20260827_132350.png'
rm 'charts/screenshots_nasdaq/ARGX/ARGX_1H_20260827_125418.png'
rm 'charts/screenshots_nasdaq/ARGX/ARGX_4H_20260827_125418.png'
rm 'charts/screenshots_nasdaq/ARGX/ARGX_Daily_20260827_125418.png'
rm 'charts/screenshots_nasdaq/ARGX/ARGX_Monthly_20260827_125418.png'
rm 'charts/screenshots_nasdaq/ARGX/ARGX_Weekly_20260827_125418.png'
rm 'charts/screenshots_nasdaq/ARRY/ARRY_1H_20260827_133048.png'
rm 'charts/screenshots_nasdaq/ARRY/ARRY_4H_20260827_133048.png'
rm 'charts/screenshots_nasdaq/ARRY/ARRY_Daily_20260827_133048.png'
rm 'charts/screenshots_nasdaq/ARRY/ARRY_Monthly_20260827_133048.png'
rm 'charts/screenshots_nasdaq/ARRY/ARRY_Weekly_20260827_133048.png'
rm 'charts/screenshots_nasdaq/ATKR/ATKR_1H_20260827_124339.png'
rm 'charts/screenshots_nasdaq/ATKR/ATKR_4H_20260827_124339.png'
rm 'charts/screenshots_nasdaq/ATKR/ATKR_Daily_20260827_124339.png'
rm 'charts/screenshots_nasdaq/ATKR/ATKR_Monthly_20260827_124339.png'
rm 'charts/screenshots_nasdaq/ATKR/ATKR_Weekly_20260827_124339.png'
rm 'charts/screenshots_nasdaq/ATRC/ATRC_1H_20260827_130831.png'
rm 'charts/screenshots_nasdaq/ATRC/ATRC_4H_20260827_130831.png'
rm 'charts/screenshots_nasdaq/ATRC/ATRC_Daily_20260827_130831.png'
rm 'charts/screenshots_nasdaq/ATRC/ATRC_Monthly_20260827_130831.png'
rm 'charts/screenshots_nasdaq/ATRC/ATRC_Weekly_20260827_130831.png'
rm 'charts/screenshots_nasdaq/AVAH/AVAH_1H_20260827_130456.png'
rm 'charts/screenshots_nasdaq/AVAH/AVAH_4H_20260827_130456.png'
rm 'charts/screenshots_nasdaq/AVAH/AVAH_Daily_20260827_130456.png'
rm 'charts/screenshots_nasdaq/AVAH/AVAH_Monthly_20260827_130456.png'
rm 'charts/screenshots_nasdaq/AVAH/AVAH_Weekly_20260827_130456.png'
rm 'charts/screenshots_nasdaq/AXGN/AXGN_1H_20260827_125453.png'
rm 'charts/screenshots_nasdaq/AXGN/AXGN_4H_20260827_125453.png'
rm 'charts/screenshots_nasdaq/AXGN/AXGN_Daily_20260827_125453.png'
rm 'charts/screenshots_nasdaq/AXGN/AXGN_Monthly_20260827_125453.png'
rm 'charts/screenshots_nasdaq/AXGN/AXGN_Weekly_20260827_125453.png'
rm 'charts/screenshots_nasdaq/BILI/BILI_1H_20260827_132536.png'
rm 'charts/screenshots_nasdaq/BILI/BILI_4H_20260827_132536.png'
rm 'charts/screenshots_nasdaq/BILI/BILI_Daily_20260827_132536.png'
rm 'charts/screenshots_nasdaq/BILI/BILI_Monthly_20260827_132536.png'
rm 'charts/screenshots_nasdaq/BILI/BILI_Weekly_20260827_132536.png'
rm 'charts/screenshots_nasdaq/BIO/BIO_1H_20260827_130941.png'
rm 'charts/screenshots_nasdaq/BIO/BIO_4H_20260827_130941.png'
rm 'charts/screenshots_nasdaq/BIO/BIO_Daily_20260827_130941.png'
rm 'charts/screenshots_nasdaq/BIO/BIO_Monthly_20260827_130941.png'
rm 'charts/screenshots_nasdaq/BIO/BIO_Weekly_20260827_130941.png'
rm 'charts/screenshots_nasdaq/BLSH/BLSH_1H_20260827_131647.png'
rm 'charts/screenshots_nasdaq/BLSH/BLSH_4H_20260827_131647.png'
rm 'charts/screenshots_nasdaq/BLSH/BLSH_Daily_20260827_131647.png'
rm 'charts/screenshots_nasdaq/BLSH/BLSH_Monthly_20260827_131647.png'
rm 'charts/screenshots_nasdaq/BLSH/BLSH_Weekly_20260827_131647.png'
rm 'charts/screenshots_nasdaq/CDNA/CDNA_1H_20260827_124449.png'
rm 'charts/screenshots_nasdaq/CDNA/CDNA_4H_20260827_124449.png'
rm 'charts/screenshots_nasdaq/CDNA/CDNA_Daily_20260827_124449.png'
rm 'charts/screenshots_nasdaq/CDNA/CDNA_Monthly_20260827_124449.png'
rm 'charts/screenshots_nasdaq/CDNA/CDNA_Weekly_20260827_124449.png'
rm 'charts/screenshots_nasdaq/CDNL/CDNL_1H_20260827_132829.png'
rm 'charts/screenshots_nasdaq/CDNL/CDNL_4H_20260827_132829.png'
rm 'charts/screenshots_nasdaq/CDNL/CDNL_Daily_20260827_132829.png'
rm 'charts/screenshots_nasdaq/CDNL/CDNL_Monthly_20260827_132829.png'
rm 'charts/screenshots_nasdaq/CDNL/CDNL_Weekly_20260827_132829.png'
rm 'charts/screenshots_nasdaq/CGAU/CGAU_1H_20260827_124525.png'
rm 'charts/screenshots_nasdaq/CGAU/CGAU_4H_20260827_124525.png'
rm 'charts/screenshots_nasdaq/CGAU/CGAU_Daily_20260827_124525.png'
rm 'charts/screenshots_nasdaq/CGAU/CGAU_Monthly_20260827_124525.png'
rm 'charts/screenshots_nasdaq/CGAU/CGAU_Weekly_20260827_124525.png'
rm 'charts/screenshots_nasdaq/CHYM/CHYM_1H_20260827_124303.png'
rm 'charts/screenshots_nasdaq/CHYM/CHYM_4H_20260827_124303.png'
rm 'charts/screenshots_nasdaq/CHYM/CHYM_Daily_20260827_124303.png'
rm 'charts/screenshots_nasdaq/CHYM/CHYM_Monthly_20260827_124303.png'
rm 'charts/screenshots_nasdaq/CHYM/CHYM_Weekly_20260827_124303.png'
rm 'charts/screenshots_nasdaq/CLRO/CLRO_1H_20260827_130200.png'
rm 'charts/screenshots_nasdaq/CLRO/CLRO_4H_20260827_130200.png'
rm 'charts/screenshots_nasdaq/CLRO/CLRO_Daily_20260827_130200.png'
rm 'charts/screenshots_nasdaq/CLRO/CLRO_Monthly_20260827_130200.png'
rm 'charts/screenshots_nasdaq/CLRO/CLRO_Weekly_20260827_130200.png'
rm 'charts/screenshots_nasdaq/CMPS/CMPS_1H_20260827_124600.png'
rm 'charts/screenshots_nasdaq/CMPS/CMPS_4H_20260827_124600.png'
rm 'charts/screenshots_nasdaq/CMPS/CMPS_Daily_20260827_124600.png'
rm 'charts/screenshots_nasdaq/CMPS/CMPS_Monthly_20260827_124600.png'
rm 'charts/screenshots_nasdaq/CMPS/CMPS_Weekly_20260827_124600.png'
rm 'charts/screenshots_nasdaq/CPRI/CPRI_1H_20260827_132612.png'
rm 'charts/screenshots_nasdaq/CPRI/CPRI_4H_20260827_132612.png'
rm 'charts/screenshots_nasdaq/CPRI/CPRI_Daily_20260827_132612.png'
rm 'charts/screenshots_nasdaq/CPRI/CPRI_Monthly_20260827_132612.png'
rm 'charts/screenshots_nasdaq/CPRI/CPRI_Weekly_20260827_132612.png'
rm 'charts/screenshots_nasdaq/CRL/CRL_1H_20260827_123557.png'
rm 'charts/screenshots_nasdaq/CRL/CRL_4H_20260827_123557.png'
rm 'charts/screenshots_nasdaq/CRL/CRL_Daily_20260827_123557.png'
rm 'charts/screenshots_nasdaq/CRL/CRL_Monthly_20260827_123557.png'
rm 'charts/screenshots_nasdaq/CRL/CRL_Weekly_20260827_123557.png'
rm 'charts/screenshots_nasdaq/DFNS/DFNS_1H_20260827_130421.png'
rm 'charts/screenshots_nasdaq/DFNS/DFNS_4H_20260827_130421.png'
rm 'charts/screenshots_nasdaq/DFNS/DFNS_Daily_20260827_130421.png'
rm 'charts/screenshots_nasdaq/DFNS/DFNS_Monthly_20260827_130421.png'
rm 'charts/screenshots_nasdaq/DFNS/DFNS_Weekly_20260827_130421.png'
rm 'charts/screenshots_nasdaq/DT/DT_1H_20260827_131204.png'
rm 'charts/screenshots_nasdaq/DT/DT_4H_20260827_131204.png'
rm 'charts/screenshots_nasdaq/DT/DT_Daily_20260827_131204.png'
rm 'charts/screenshots_nasdaq/DT/DT_Monthly_20260827_131204.png'
rm 'charts/screenshots_nasdaq/DT/DT_Weekly_20260827_131204.png'
rm 'charts/screenshots_nasdaq/DUOL/DUOL_1H_20260827_131537.png'
rm 'charts/screenshots_nasdaq/DUOL/DUOL_4H_20260827_131537.png'
rm 'charts/screenshots_nasdaq/DUOL/DUOL_Daily_20260827_131537.png'
rm 'charts/screenshots_nasdaq/DUOL/DUOL_Monthly_20260827_131537.png'
rm 'charts/screenshots_nasdaq/DUOL/DUOL_Weekly_20260827_131537.png'
rm 'charts/screenshots_nasdaq/DXYZ/DXYZ_1H_20260827_131500.png'
rm 'charts/screenshots_nasdaq/DXYZ/DXYZ_4H_20260827_131500.png'
rm 'charts/screenshots_nasdaq/DXYZ/DXYZ_Daily_20260827_131500.png'
rm 'charts/screenshots_nasdaq/DXYZ/DXYZ_Monthly_20260827_131500.png'
rm 'charts/screenshots_nasdaq/DXYZ/DXYZ_Weekly_20260827_131500.png'
rm 'charts/screenshots_nasdaq/ENVX/ENVX_1H_20260827_132903.png'
rm 'charts/screenshots_nasdaq/ENVX/ENVX_4H_20260827_132903.png'
rm 'charts/screenshots_nasdaq/ENVX/ENVX_Daily_20260827_132903.png'
rm 'charts/screenshots_nasdaq/ENVX/ENVX_Monthly_20260827_132903.png'
rm 'charts/screenshots_nasdaq/ENVX/ENVX_Weekly_20260827_132903.png'
rm 'charts/screenshots_nasdaq/ERO/ERO_1H_20260827_125529.png'
rm 'charts/screenshots_nasdaq/ERO/ERO_4H_20260827_125529.png'
rm 'charts/screenshots_nasdaq/ERO/ERO_Daily_20260827_125529.png'
rm 'charts/screenshots_nasdaq/ERO/ERO_Monthly_20260827_125529.png'
rm 'charts/screenshots_nasdaq/ERO/ERO_Weekly_20260827_125529.png'
rm 'charts/screenshots_nasdaq/ETON/ETON_1H_20260827_125605.png'
rm 'charts/screenshots_nasdaq/ETON/ETON_4H_20260827_125605.png'
rm 'charts/screenshots_nasdaq/ETON/ETON_Daily_20260827_125605.png'
rm 'charts/screenshots_nasdaq/ETON/ETON_Monthly_20260827_125605.png'
rm 'charts/screenshots_nasdaq/ETON/ETON_Weekly_20260827_125605.png'
rm 'charts/screenshots_nasdaq/EYPT/EYPT_1H_20260827_132501.png'
rm 'charts/screenshots_nasdaq/EYPT/EYPT_4H_20260827_132501.png'
rm 'charts/screenshots_nasdaq/EYPT/EYPT_Daily_20260827_132501.png'
rm 'charts/screenshots_nasdaq/EYPT/EYPT_Monthly_20260827_132501.png'
rm 'charts/screenshots_nasdaq/EYPT/EYPT_Weekly_20260827_132501.png'
rm 'charts/screenshots_nasdaq/FCX/FCX_1H_20260827_130346.png'
rm 'charts/screenshots_nasdaq/FCX/FCX_4H_20260827_130346.png'
rm 'charts/screenshots_nasdaq/FCX/FCX_Daily_20260827_130346.png'
rm 'charts/screenshots_nasdaq/FCX/FCX_Monthly_20260827_130346.png'
rm 'charts/screenshots_nasdaq/FCX/FCX_Weekly_20260827_130346.png'
rm 'charts/screenshots_nasdaq/FIVE/FIVE_1H_20260827_123743.png'
rm 'charts/screenshots_nasdaq/FIVE/FIVE_4H_20260827_123743.png'
rm 'charts/screenshots_nasdaq/FIVE/FIVE_Daily_20260827_123743.png'
rm 'charts/screenshots_nasdaq/FIVE/FIVE_Monthly_20260827_123743.png'
rm 'charts/screenshots_nasdaq/FIVE/FIVE_Weekly_20260827_123743.png'
rm 'charts/screenshots_nasdaq/FLNC/FLNC_1H_20260827_132646.png'
rm 'charts/screenshots_nasdaq/FLNC/FLNC_4H_20260827_132646.png'
rm 'charts/screenshots_nasdaq/FLNC/FLNC_Daily_20260827_132646.png'
rm 'charts/screenshots_nasdaq/FLNC/FLNC_Monthly_20260827_132646.png'
rm 'charts/screenshots_nasdaq/FLNC/FLNC_Weekly_20260827_132646.png'
rm 'charts/screenshots_nasdaq/GCT/GCT_1H_20260827_124636.png'
rm 'charts/screenshots_nasdaq/GCT/GCT_4H_20260827_124636.png'
rm 'charts/screenshots_nasdaq/GCT/GCT_Daily_20260827_124636.png'
rm 'charts/screenshots_nasdaq/GCT/GCT_Monthly_20260827_124636.png'
rm 'charts/screenshots_nasdaq/GCT/GCT_Weekly_20260827_124636.png'
rm 'charts/screenshots_nasdaq/HAE/HAE_1H_20260827_130719.png'
rm 'charts/screenshots_nasdaq/HAE/HAE_4H_20260827_130719.png'
rm 'charts/screenshots_nasdaq/HAE/HAE_Daily_20260827_130719.png'
rm 'charts/screenshots_nasdaq/HAE/HAE_Monthly_20260827_130719.png'
rm 'charts/screenshots_nasdaq/HAE/HAE_Weekly_20260827_130719.png'
rm 'charts/screenshots_nasdaq/HALO/HALO_1H_20260827_124414.png'
rm 'charts/screenshots_nasdaq/HALO/HALO_4H_20260827_124414.png'
rm 'charts/screenshots_nasdaq/HALO/HALO_Daily_20260827_124414.png'
rm 'charts/screenshots_nasdaq/HALO/HALO_Monthly_20260827_124414.png'
rm 'charts/screenshots_nasdaq/HALO/HALO_Weekly_20260827_124414.png'
rm 'charts/screenshots_nasdaq/HIMS/HIMS_1H_20260827_130607.png'
rm 'charts/screenshots_nasdaq/HIMS/HIMS_4H_20260827_130607.png'
rm 'charts/screenshots_nasdaq/HIMS/HIMS_Daily_20260827_130607.png'
rm 'charts/screenshots_nasdaq/HIMS/HIMS_Monthly_20260827_130607.png'
rm 'charts/screenshots_nasdaq/HIMS/HIMS_Weekly_20260827_130607.png'
rm 'charts/screenshots_nasdaq/HNGE/HNGE_1H_20260827_125641.png'
rm 'charts/screenshots_nasdaq/HNGE/HNGE_4H_20260827_125641.png'
rm 'charts/screenshots_nasdaq/HNGE/HNGE_Daily_20260827_125641.png'
rm 'charts/screenshots_nasdaq/HNGE/HNGE_Monthly_20260827_125641.png'
rm 'charts/screenshots_nasdaq/HNGE/HNGE_Weekly_20260827_125641.png'
rm 'charts/screenshots_nasdaq/HTFL/HTFL_1H_20260827_130531.png'
rm 'charts/screenshots_nasdaq/HTFL/HTFL_4H_20260827_130531.png'
rm 'charts/screenshots_nasdaq/HTFL/HTFL_Daily_20260827_130531.png'
rm 'charts/screenshots_nasdaq/HTFL/HTFL_Monthly_20260827_130531.png'
rm 'charts/screenshots_nasdaq/HTFL/HTFL_Weekly_20260827_130531.png'
rm 'charts/screenshots_nasdaq/HZO/HZO_1H_20260827_131017.png'
rm 'charts/screenshots_nasdaq/HZO/HZO_4H_20260827_131017.png'
rm 'charts/screenshots_nasdaq/HZO/HZO_Daily_20260827_131017.png'
rm 'charts/screenshots_nasdaq/HZO/HZO_Monthly_20260827_131017.png'
rm 'charts/screenshots_nasdaq/HZO/HZO_Weekly_20260827_131017.png'
rm 'charts/screenshots_nasdaq/INSP/INSP_1H_20260827_131834.png'
rm 'charts/screenshots_nasdaq/INSP/INSP_4H_20260827_131834.png'
rm 'charts/screenshots_nasdaq/INSP/INSP_Daily_20260827_131834.png'
rm 'charts/screenshots_nasdaq/INSP/INSP_Monthly_20260827_131834.png'
rm 'charts/screenshots_nasdaq/INSP/INSP_Weekly_20260827_131834.png'
rm 'charts/screenshots_nasdaq/INTU/INTU_1H_20260827_131909.png'
rm 'charts/screenshots_nasdaq/INTU/INTU_4H_20260827_131909.png'
rm 'charts/screenshots_nasdaq/INTU/INTU_Daily_20260827_131909.png'
rm 'charts/screenshots_nasdaq/INTU/INTU_Monthly_20260827_131909.png'
rm 'charts/screenshots_nasdaq/INTU/INTU_Weekly_20260827_131909.png'
rm 'charts/screenshots_nasdaq/IPGP/IPGP_1H_20260827_132203.png'
rm 'charts/screenshots_nasdaq/IPGP/IPGP_4H_20260827_132203.png'
rm 'charts/screenshots_nasdaq/IPGP/IPGP_Daily_20260827_132203.png'
rm 'charts/screenshots_nasdaq/IPGP/IPGP_Monthly_20260827_132203.png'
rm 'charts/screenshots_nasdaq/IPGP/IPGP_Weekly_20260827_132203.png'
rm 'charts/screenshots_nasdaq/ITGR/ITGR_1H_20260827_131053.png'
rm 'charts/screenshots_nasdaq/ITGR/ITGR_4H_20260827_131053.png'
rm 'charts/screenshots_nasdaq/ITGR/ITGR_Daily_20260827_131053.png'
rm 'charts/screenshots_nasdaq/ITGR/ITGR_Monthly_20260827_131053.png'
rm 'charts/screenshots_nasdaq/ITGR/ITGR_Weekly_20260827_131053.png'
rm 'charts/screenshots_nasdaq/KLAR/KLAR_1H_20260827_132938.png'
rm 'charts/screenshots_nasdaq/KLAR/KLAR_4H_20260827_132938.png'
rm 'charts/screenshots_nasdaq/KLAR/KLAR_Daily_20260827_132938.png'
rm 'charts/screenshots_nasdaq/KLAR/KLAR_Monthly_20260827_132938.png'
rm 'charts/screenshots_nasdaq/KLAR/KLAR_Weekly_20260827_132938.png'
rm 'charts/screenshots_nasdaq/KSPI/KSPI_1H_20260827_130125.png'
rm 'charts/screenshots_nasdaq/KSPI/KSPI_4H_20260827_130125.png'
rm 'charts/screenshots_nasdaq/KSPI/KSPI_Daily_20260827_130125.png'
rm 'charts/screenshots_nasdaq/KSPI/KSPI_Monthly_20260827_130125.png'
rm 'charts/screenshots_nasdaq/KSPI/KSPI_Weekly_20260827_130125.png'
rm 'charts/screenshots_nasdaq/KYMR/KYMR_1H_20260827_124712.png'
rm 'charts/screenshots_nasdaq/KYMR/KYMR_4H_20260827_124712.png'
rm 'charts/screenshots_nasdaq/KYMR/KYMR_Daily_20260827_124712.png'
rm 'charts/screenshots_nasdaq/KYMR/KYMR_Monthly_20260827_124712.png'
rm 'charts/screenshots_nasdaq/KYMR/KYMR_Weekly_20260827_124712.png'
rm 'charts/screenshots_nasdaq/LB/LB_1H_20260827_123855.png'
rm 'charts/screenshots_nasdaq/LB/LB_4H_20260827_123855.png'
rm 'charts/screenshots_nasdaq/LB/LB_Daily_20260827_123855.png'
rm 'charts/screenshots_nasdaq/LB/LB_Monthly_20260827_123855.png'
rm 'charts/screenshots_nasdaq/LB/LB_Weekly_20260827_123855.png'
rm 'charts/screenshots_nasdaq/LCID/LCID_1H_20260827_132128.png'
rm 'charts/screenshots_nasdaq/LCID/LCID_4H_20260827_132128.png'
rm 'charts/screenshots_nasdaq/LCID/LCID_Daily_20260827_132128.png'
rm 'charts/screenshots_nasdaq/LCID/LCID_Monthly_20260827_132128.png'
rm 'charts/screenshots_nasdaq/LCID/LCID_Weekly_20260827_132128.png'
rm 'charts/screenshots_nasdaq/LIFE/LIFE_1H_20260827_131759.png'
rm 'charts/screenshots_nasdaq/LIFE/LIFE_4H_20260827_131759.png'
rm 'charts/screenshots_nasdaq/LIFE/LIFE_Daily_20260827_131759.png'
rm 'charts/screenshots_nasdaq/LIFE/LIFE_Monthly_20260827_131759.png'
rm 'charts/screenshots_nasdaq/LIFE/LIFE_Weekly_20260827_131759.png'
rm 'charts/screenshots_nasdaq/LINC/LINC_1H_20260827_132720.png'
rm 'charts/screenshots_nasdaq/LINC/LINC_4H_20260827_132720.png'
rm 'charts/screenshots_nasdaq/LINC/LINC_Daily_20260827_132720.png'
rm 'charts/screenshots_nasdaq/LINC/LINC_Monthly_20260827_132720.png'
rm 'charts/screenshots_nasdaq/LINC/LINC_Weekly_20260827_132720.png'
rm 'charts/screenshots_nasdaq/MAN/MAN_1H_20260827_124748.png'
rm 'charts/screenshots_nasdaq/MAN/MAN_4H_20260827_124748.png'
rm 'charts/screenshots_nasdaq/MAN/MAN_Daily_20260827_124748.png'
rm 'charts/screenshots_nasdaq/MAN/MAN_Monthly_20260827_124748.png'
rm 'charts/screenshots_nasdaq/MAN/MAN_Weekly_20260827_124748.png'
rm 'charts/screenshots_nasdaq/MPC/MPC_1H_20260827_124042.png'
rm 'charts/screenshots_nasdaq/MPC/MPC_4H_20260827_124042.png'
rm 'charts/screenshots_nasdaq/MPC/MPC_Daily_20260827_124042.png'
rm 'charts/screenshots_nasdaq/MPC/MPC_Monthly_20260827_124042.png'
rm 'charts/screenshots_nasdaq/MPC/MPC_Weekly_20260827_124042.png'
rm 'charts/screenshots_nasdaq/MRK/MRK_1H_20260827_125717.png'
rm 'charts/screenshots_nasdaq/MRK/MRK_4H_20260827_125717.png'
rm 'charts/screenshots_nasdaq/MRK/MRK_Daily_20260827_125717.png'
rm 'charts/screenshots_nasdaq/MRK/MRK_Monthly_20260827_125717.png'
rm 'charts/screenshots_nasdaq/MRK/MRK_Weekly_20260827_125717.png'
rm 'charts/screenshots_nasdaq/MRVI/MRVI_1H_20260827_131240.png'
rm 'charts/screenshots_nasdaq/MRVI/MRVI_4H_20260827_131240.png'
rm 'charts/screenshots_nasdaq/MRVI/MRVI_Daily_20260827_131240.png'
rm 'charts/screenshots_nasdaq/MRVI/MRVI_Monthly_20260827_131240.png'
rm 'charts/screenshots_nasdaq/MRVI/MRVI_Weekly_20260827_131240.png'
rm 'charts/screenshots_nasdaq/NIQ/NIQ_1H_20260827_130235.png'
rm 'charts/screenshots_nasdaq/NIQ/NIQ_4H_20260827_130235.png'
rm 'charts/screenshots_nasdaq/NIQ/NIQ_Daily_20260827_130235.png'
rm 'charts/screenshots_nasdaq/NIQ/NIQ_Monthly_20260827_130235.png'
rm 'charts/screenshots_nasdaq/NIQ/NIQ_Weekly_20260827_130235.png'
rm 'charts/screenshots_nasdaq/NTRA/NTRA_1H_20260827_124823.png'
rm 'charts/screenshots_nasdaq/NTRA/NTRA_4H_20260827_124823.png'
rm 'charts/screenshots_nasdaq/NTRA/NTRA_Daily_20260827_124823.png'
rm 'charts/screenshots_nasdaq/NTRA/NTRA_Monthly_20260827_124823.png'
rm 'charts/screenshots_nasdaq/NTRA/NTRA_Weekly_20260827_124823.png'
rm 'charts/screenshots_nasdaq/NUTX/NUTX_1H_20260827_124858.png'
rm 'charts/screenshots_nasdaq/NUTX/NUTX_4H_20260827_124858.png'
rm 'charts/screenshots_nasdaq/NUTX/NUTX_Daily_20260827_124858.png'
rm 'charts/screenshots_nasdaq/NUTX/NUTX_Monthly_20260827_124858.png'
rm 'charts/screenshots_nasdaq/NUTX/NUTX_Weekly_20260827_124858.png'
rm 'charts/screenshots_nasdaq/ONC/ONC_1H_20260827_124933.png'
rm 'charts/screenshots_nasdaq/ONC/ONC_4H_20260827_124933.png'
rm 'charts/screenshots_nasdaq/ONC/ONC_Daily_20260827_124933.png'
rm 'charts/screenshots_nasdaq/ONC/ONC_Monthly_20260827_124933.png'
rm 'charts/screenshots_nasdaq/ONC/ONC_Weekly_20260827_124933.png'
rm 'charts/screenshots_nasdaq/PAYC/PAYC_1H_20260827_130906.png'
rm 'charts/screenshots_nasdaq/PAYC/PAYC_4H_20260827_130906.png'
rm 'charts/screenshots_nasdaq/PAYC/PAYC_Daily_20260827_130906.png'
rm 'charts/screenshots_nasdaq/PAYC/PAYC_Monthly_20260827_130906.png'
rm 'charts/screenshots_nasdaq/PAYC/PAYC_Weekly_20260827_130906.png'
rm 'charts/screenshots_nasdaq/PGEN/PGEN_1H_20260827_125008.png'
rm 'charts/screenshots_nasdaq/PGEN/PGEN_4H_20260827_125008.png'
rm 'charts/screenshots_nasdaq/PGEN/PGEN_Daily_20260827_125008.png'
rm 'charts/screenshots_nasdaq/PGEN/PGEN_Monthly_20260827_125008.png'
rm 'charts/screenshots_nasdaq/PGEN/PGEN_Weekly_20260827_125008.png'
rm 'charts/screenshots_nasdaq/PRAX/PRAX_1H_20260827_125043.png'
rm 'charts/screenshots_nasdaq/PRAX/PRAX_4H_20260827_125043.png'
rm 'charts/screenshots_nasdaq/PRAX/PRAX_Daily_20260827_125043.png'
rm 'charts/screenshots_nasdaq/PRAX/PRAX_Monthly_20260827_125043.png'
rm 'charts/screenshots_nasdaq/PRAX/PRAX_Weekly_20260827_125043.png'
rm 'charts/screenshots_nasdaq/PRIM/PRIM_1H_20260827_132755.png'
rm 'charts/screenshots_nasdaq/PRIM/PRIM_4H_20260827_132755.png'
rm 'charts/screenshots_nasdaq/PRIM/PRIM_Daily_20260827_132755.png'
rm 'charts/screenshots_nasdaq/PRIM/PRIM_Monthly_20260827_132755.png'
rm 'charts/screenshots_nasdaq/PRIM/PRIM_Weekly_20260827_132755.png'
rm 'charts/screenshots_nasdaq/PSX/PSX_1H_20260827_124117.png'
rm 'charts/screenshots_nasdaq/PSX/PSX_4H_20260827_124117.png'
rm 'charts/screenshots_nasdaq/PSX/PSX_Daily_20260827_124117.png'
rm 'charts/screenshots_nasdaq/PSX/PSX_Monthly_20260827_124117.png'
rm 'charts/screenshots_nasdaq/PSX/PSX_Weekly_20260827_124117.png'
rm 'charts/screenshots_nasdaq/PURR/PURR_1H_20260827_131944.png'
rm 'charts/screenshots_nasdaq/PURR/PURR_4H_20260827_131944.png'
rm 'charts/screenshots_nasdaq/PURR/PURR_Daily_20260827_131944.png'
rm 'charts/screenshots_nasdaq/PURR/PURR_Monthly_20260827_131944.png'
rm 'charts/screenshots_nasdaq/PURR/PURR_Weekly_20260827_131944.png'
rm 'charts/screenshots_nasdaq/QBTS/QBTS_1H_20260827_132053.png'
rm 'charts/screenshots_nasdaq/QBTS/QBTS_4H_20260827_132053.png'
rm 'charts/screenshots_nasdaq/QBTS/QBTS_Daily_20260827_132053.png'
rm 'charts/screenshots_nasdaq/QBTS/QBTS_Monthly_20260827_132053.png'
rm 'charts/screenshots_nasdaq/QBTS/QBTS_Weekly_20260827_132053.png'
rm 'charts/screenshots_nasdaq/REPL/REPL_1H_20260827_125752.png'
rm 'charts/screenshots_nasdaq/REPL/REPL_4H_20260827_125752.png'
rm 'charts/screenshots_nasdaq/REPL/REPL_Daily_20260827_125752.png'
rm 'charts/screenshots_nasdaq/REPL/REPL_Monthly_20260827_125752.png'
rm 'charts/screenshots_nasdaq/REPL/REPL_Weekly_20260827_125752.png'
rm 'charts/screenshots_nasdaq/RGEN/RGEN_1H_20260827_125117.png'
rm 'charts/screenshots_nasdaq/RGEN/RGEN_4H_20260827_125117.png'
rm 'charts/screenshots_nasdaq/RGEN/RGEN_Daily_20260827_125117.png'
rm 'charts/screenshots_nasdaq/RGEN/RGEN_Monthly_20260827_125117.png'
rm 'charts/screenshots_nasdaq/RGEN/RGEN_Weekly_20260827_125117.png'
rm 'charts/screenshots_nasdaq/RHI/RHI_1H_20260827_123632.png'
rm 'charts/screenshots_nasdaq/RHI/RHI_4H_20260827_123632.png'
rm 'charts/screenshots_nasdaq/RHI/RHI_Daily_20260827_123632.png'
rm 'charts/screenshots_nasdaq/RHI/RHI_Monthly_20260827_123632.png'
rm 'charts/screenshots_nasdaq/RHI/RHI_Weekly_20260827_123632.png'
rm 'charts/screenshots_nasdaq/RNG/RNG_1H_20260827_125828.png'
rm 'charts/screenshots_nasdaq/RNG/RNG_4H_20260827_125828.png'
rm 'charts/screenshots_nasdaq/RNG/RNG_Daily_20260827_125828.png'
rm 'charts/screenshots_nasdaq/RNG/RNG_Monthly_20260827_125828.png'
rm 'charts/screenshots_nasdaq/RNG/RNG_Weekly_20260827_125828.png'
rm 'charts/screenshots_nasdaq/RXT/RXT_1H_20260827_133122.png'
rm 'charts/screenshots_nasdaq/RXT/RXT_4H_20260827_133122.png'
rm 'charts/screenshots_nasdaq/RXT/RXT_Daily_20260827_133122.png'
rm 'charts/screenshots_nasdaq/RXT/RXT_Monthly_20260827_133122.png'
rm 'charts/screenshots_nasdaq/RXT/RXT_Weekly_20260827_133122.png'
rm 'charts/screenshots_nasdaq/RZLV/RZLV_1H_20260827_130643.png'
rm 'charts/screenshots_nasdaq/RZLV/RZLV_4H_20260827_130643.png'
rm 'charts/screenshots_nasdaq/RZLV/RZLV_Daily_20260827_130643.png'
rm 'charts/screenshots_nasdaq/RZLV/RZLV_Monthly_20260827_130643.png'
rm 'charts/screenshots_nasdaq/RZLV/RZLV_Weekly_20260827_130643.png'
rm 'charts/screenshots_nasdaq/SCCO/SCCO_1H_20260827_130311.png'
rm 'charts/screenshots_nasdaq/SCCO/SCCO_4H_20260827_130311.png'
rm 'charts/screenshots_nasdaq/SCCO/SCCO_Daily_20260827_130311.png'
rm 'charts/screenshots_nasdaq/SCCO/SCCO_Monthly_20260827_130311.png'
rm 'charts/screenshots_nasdaq/SCCO/SCCO_Weekly_20260827_130311.png'
rm 'charts/screenshots_nasdaq/SN/SN_1H_20260827_125154.png'
rm 'charts/screenshots_nasdaq/SN/SN_4H_20260827_125154.png'
rm 'charts/screenshots_nasdaq/SN/SN_Daily_20260827_125154.png'
rm 'charts/screenshots_nasdaq/SN/SN_Monthly_20260827_125154.png'
rm 'charts/screenshots_nasdaq/SN/SN_Weekly_20260827_125154.png'
rm 'charts/screenshots_nasdaq/SRRK/SRRK_1H_20260827_130015.png'
rm 'charts/screenshots_nasdaq/SRRK/SRRK_4H_20260827_130015.png'
rm 'charts/screenshots_nasdaq/SRRK/SRRK_Daily_20260827_130015.png'
rm 'charts/screenshots_nasdaq/SRRK/SRRK_Monthly_20260827_130015.png'
rm 'charts/screenshots_nasdaq/SRRK/SRRK_Weekly_20260827_130015.png'
rm 'charts/screenshots_nasdaq/TBBB/TBBB_1H_20260827_124227.png'
rm 'charts/screenshots_nasdaq/TBBB/TBBB_4H_20260827_124227.png'
rm 'charts/screenshots_nasdaq/TBBB/TBBB_Daily_20260827_124227.png'
rm 'charts/screenshots_nasdaq/TBBB/TBBB_Monthly_20260827_124227.png'
rm 'charts/screenshots_nasdaq/TBBB/TBBB_Weekly_20260827_124227.png'
rm 'charts/screenshots_nasdaq/TGB/TGB_1H_20260827_125230.png'
rm 'charts/screenshots_nasdaq/TGB/TGB_4H_20260827_125230.png'
rm 'charts/screenshots_nasdaq/TGB/TGB_Daily_20260827_125230.png'
rm 'charts/screenshots_nasdaq/TGB/TGB_Monthly_20260827_125230.png'
rm 'charts/screenshots_nasdaq/TGB/TGB_Weekly_20260827_125230.png'
rm 'charts/screenshots_nasdaq/TNON/TNON_1H_20260827_131128.png'
rm 'charts/screenshots_nasdaq/TNON/TNON_4H_20260827_131128.png'
rm 'charts/screenshots_nasdaq/TNON/TNON_Daily_20260827_131128.png'
rm 'charts/screenshots_nasdaq/TNON/TNON_Monthly_20260827_131128.png'
rm 'charts/screenshots_nasdaq/TNON/TNON_Weekly_20260827_131128.png'
rm 'charts/screenshots_nasdaq/TVTX/TVTX_1H_20260827_125306.png'
rm 'charts/screenshots_nasdaq/TVTX/TVTX_4H_20260827_125306.png'
rm 'charts/screenshots_nasdaq/TVTX/TVTX_Daily_20260827_125306.png'
rm 'charts/screenshots_nasdaq/TVTX/TVTX_Monthly_20260827_125306.png'
rm 'charts/screenshots_nasdaq/TVTX/TVTX_Weekly_20260827_125306.png'
rm 'charts/screenshots_nasdaq/TWST/TWST_1H_20260827_125904.png'
rm 'charts/screenshots_nasdaq/TWST/TWST_4H_20260827_125904.png'
rm 'charts/screenshots_nasdaq/TWST/TWST_Daily_20260827_125904.png'
rm 'charts/screenshots_nasdaq/TWST/TWST_Monthly_20260827_125904.png'
rm 'charts/screenshots_nasdaq/TWST/TWST_Weekly_20260827_125904.png'
rm 'charts/screenshots_nasdaq/TXG/TXG_1H_20260827_125940.png'
rm 'charts/screenshots_nasdaq/TXG/TXG_4H_20260827_125940.png'
rm 'charts/screenshots_nasdaq/TXG/TXG_Daily_20260827_125940.png'
rm 'charts/screenshots_nasdaq/TXG/TXG_Monthly_20260827_125940.png'
rm 'charts/screenshots_nasdaq/TXG/TXG_Weekly_20260827_125940.png'
rm 'charts/screenshots_nasdaq/VCTR/VCTR_1H_20260827_123819.png'
rm 'charts/screenshots_nasdaq/VCTR/VCTR_4H_20260827_123819.png'
rm 'charts/screenshots_nasdaq/VCTR/VCTR_Daily_20260827_123819.png'
rm 'charts/screenshots_nasdaq/VCTR/VCTR_Monthly_20260827_123819.png'
rm 'charts/screenshots_nasdaq/VCTR/VCTR_Weekly_20260827_123819.png'
rm 'charts/screenshots_nasdaq/VPG/VPG_1H_20260827_132239.png'
rm 'charts/screenshots_nasdaq/VPG/VPG_4H_20260827_132239.png'
rm 'charts/screenshots_nasdaq/VPG/VPG_Daily_20260827_132239.png'
rm 'charts/screenshots_nasdaq/VPG/VPG_Monthly_20260827_132239.png'
rm 'charts/screenshots_nasdaq/VPG/VPG_Weekly_20260827_132239.png'
rm 'charts/screenshots_nasdaq/VSH/VSH_1H_20260827_133013.png'
rm 'charts/screenshots_nasdaq/VSH/VSH_4H_20260827_133013.png'
rm 'charts/screenshots_nasdaq/VSH/VSH_Daily_20260827_133013.png'
rm 'charts/screenshots_nasdaq/VSH/VSH_Monthly_20260827_133013.png'
rm 'charts/screenshots_nasdaq/VSH/VSH_Weekly_20260827_133013.png'
rm 'charts/screenshots_nasdaq/WETO/WETO_1H_20260827_125342.png'
rm 'charts/screenshots_nasdaq/WETO/WETO_4H_20260827_125342.png'
rm 'charts/screenshots_nasdaq/WETO/WETO_Daily_20260827_125342.png'
rm 'charts/screenshots_nasdaq/WETO/WETO_Monthly_20260827_125342.png'
rm 'charts/screenshots_nasdaq/WETO/WETO_Weekly_20260827_125342.png'
rm 'charts/screenshots_nasdaq/WIX/WIX_1H_20260827_131350.png'
rm 'charts/screenshots_nasdaq/WIX/WIX_4H_20260827_131350.png'
rm 'charts/screenshots_nasdaq/WIX/WIX_Daily_20260827_131350.png'
rm 'charts/screenshots_nasdaq/WIX/WIX_Monthly_20260827_131350.png'
rm 'charts/screenshots_nasdaq/WIX/WIX_Weekly_20260827_131350.png'
rm 'charts/screenshots_nasdaq/WT/WT_1H_20260827_123707.png'
rm 'charts/screenshots_nasdaq/WT/WT_4H_20260827_123707.png'
rm 'charts/screenshots_nasdaq/WT/WT_Daily_20260827_123707.png'
rm 'charts/screenshots_nasdaq/WT/WT_Monthly_20260827_123707.png'
rm 'charts/screenshots_nasdaq/WT/WT_Weekly_20260827_123707.png'
rm 'charts/screenshots_nasdaq/WYFI/WYFI_1H_20260827_132018.png'
rm 'charts/screenshots_nasdaq/WYFI/WYFI_4H_20260827_132018.png'
rm 'charts/screenshots_nasdaq/WYFI/WYFI_Daily_20260827_132018.png'
rm 'charts/screenshots_nasdaq/WYFI/WYFI_Monthly_20260827_132018.png'
rm 'charts/screenshots_nasdaq/WYFI/WYFI_Weekly_20260827_132018.png'
rm 'charts/screenshots_nasdaq/XHLD/XHLD_1H_20260827_130755.png'
rm 'charts/screenshots_nasdaq/XHLD/XHLD_4H_20260827_130755.png'
rm 'charts/screenshots_nasdaq/XHLD/XHLD_Daily_20260827_130755.png'
rm 'charts/screenshots_nasdaq/XHLD/XHLD_Monthly_20260827_130755.png'
rm 'charts/screenshots_nasdaq/XHLD/XHLD_Weekly_20260827_130755.png'
rm 'charts/screenshots_nasdaq/XNCR/XNCR_1H_20260827_130049.png'
rm 'charts/screenshots_nasdaq/XNCR/XNCR_4H_20260827_130049.png'
rm 'charts/screenshots_nasdaq/XNCR/XNCR_Daily_20260827_130049.png'
rm 'charts/screenshots_nasdaq/XNCR/XNCR_Monthly_20260827_130049.png'
rm 'charts/screenshots_nasdaq/XNCR/XNCR_Weekly_20260827_130049.png'
rm 'charts/screenshots_nasdaq/XOS/XOS_1H_20260827_131612.png'
rm 'charts/screenshots_nasdaq/XOS/XOS_4H_20260827_131612.png'
rm 'charts/screenshots_nasdaq/XOS/XOS_Daily_20260827_131612.png'
rm 'charts/screenshots_nasdaq/XOS/XOS_Monthly_20260827_131612.png'
rm 'charts/screenshots_nasdaq/XOS/XOS_Weekly_20260827_131612.png'
[main 63f3386] Update NASDAQ/NYSE chart screenshots 1787929159
 990 files changed, 0 insertions(+), 0 deletions(-)
 delete mode 100644 charts/screenshots_nasdaq/ABCL/ABCL_1H_20260827_123931.png
 create mode 100644 charts/screenshots_nasdaq/ABCL/ABCL_1H_20260828_140009.png
 delete mode 100644 charts/screenshots_nasdaq/ABCL/ABCL_4H_20260827_123931.png
 create mode 100644 charts/screenshots_nasdaq/ABCL/ABCL_4H_20260828_140009.png
 delete mode 100644 charts/screenshots_nasdaq/ABCL/ABCL_Daily_20260827_123931.png
 create mode 100644 charts/screenshots_nasdaq/ABCL/ABCL_Daily_20260828_140009.png
 delete mode 100644 charts/screenshots_nasdaq/ABCL/ABCL_Monthly_20260827_123931.png
 create mode 100644 charts/screenshots_nasdaq/ABCL/ABCL_Monthly_20260828_140009.png
 delete mode 100644 charts/screenshots_nasdaq/ABCL/ABCL_Weekly_20260827_123931.png
 create mode 100644 charts/screenshots_nasdaq/ABCL/ABCL_Weekly_20260828_140009.png
 delete mode 100644 charts/screenshots_nasdaq/ABNB/ABNB_1H_20260827_124006.png
 delete mode 100644 charts/screenshots_nasdaq/ABNB/ABNB_4H_20260827_124006.png
 delete mode 100644 charts/screenshots_nasdaq/ABNB/ABNB_Daily_20260827_124006.png
 delete mode 100644 charts/screenshots_nasdaq/ABNB/ABNB_Monthly_20260827_124006.png
 delete mode 100644 charts/screenshots_nasdaq/ABNB/ABNB_Weekly_20260827_124006.png
 create mode 100644 charts/screenshots_nasdaq/ACHR/ACHR_1H_20260828_144138.png
 create mode 100644 charts/screenshots_nasdaq/ACHR/ACHR_4H_20260828_144138.png
 create mode 100644 charts/screenshots_nasdaq/ACHR/ACHR_Daily_20260828_144138.png
 create mode 100644 charts/screenshots_nasdaq/ACHR/ACHR_Monthly_20260828_144138.png
 create mode 100644 charts/screenshots_nasdaq/ACHR/ACHR_Weekly_20260828_144138.png
 delete mode 100644 charts/screenshots_nasdaq/ACM/ACM_1H_20260827_132426.png
 delete mode 100644 charts/screenshots_nasdaq/ACM/ACM_4H_20260827_132426.png
 delete mode 100644 charts/screenshots_nasdaq/ACM/ACM_Daily_20260827_132426.png
 delete mode 100644 charts/screenshots_nasdaq/ACM/ACM_Monthly_20260827_132426.png
 delete mode 100644 charts/screenshots_nasdaq/ACM/ACM_Weekly_20260827_132426.png
 delete mode 100644 charts/screenshots_nasdaq/AHCO/AHCO_1H_20260827_132315.png
 delete mode 100644 charts/screenshots_nasdaq/AHCO/AHCO_4H_20260827_132315.png
 delete mode 100644 charts/screenshots_nasdaq/AHCO/AHCO_Daily_20260827_132315.png
 delete mode 100644 charts/screenshots_nasdaq/AHCO/AHCO_Monthly_20260827_132315.png
 delete mode 100644 charts/screenshots_nasdaq/AHCO/AHCO_Weekly_20260827_132315.png
 delete mode 100644 charts/screenshots_nasdaq/AI/AI_1H_20260827_131723.png
 delete mode 100644 charts/screenshots_nasdaq/AI/AI_4H_20260827_131723.png
 delete mode 100644 charts/screenshots_nasdaq/AI/AI_Daily_20260827_131723.png
 delete mode 100644 charts/screenshots_nasdaq/AI/AI_Monthly_20260827_131723.png
 delete mode 100644 charts/screenshots_nasdaq/AI/AI_Weekly_20260827_131723.png
 delete mode 100644 charts/screenshots_nasdaq/ALOY/ALOY_1H_20260827_131315.png
 create mode 100644 charts/screenshots_nasdaq/ALOY/ALOY_1H_20260828_142954.png
 delete mode 100644 charts/screenshots_nasdaq/ALOY/ALOY_4H_20260827_131315.png
 create mode 100644 charts/screenshots_nasdaq/ALOY/ALOY_4H_20260828_142954.png
 delete mode 100644 charts/screenshots_nasdaq/ALOY/ALOY_Daily_20260827_131315.png
 create mode 100644 charts/screenshots_nasdaq/ALOY/ALOY_Daily_20260828_142954.png
 delete mode 100644 charts/screenshots_nasdaq/ALOY/ALOY_Monthly_20260827_131315.png
 create mode 100644 charts/screenshots_nasdaq/ALOY/ALOY_Monthly_20260828_142954.png
 delete mode 100644 charts/screenshots_nasdaq/ALOY/ALOY_Weekly_20260827_131315.png
 create mode 100644 charts/screenshots_nasdaq/ALOY/ALOY_Weekly_20260828_142954.png
 delete mode 100644 charts/screenshots_nasdaq/ANDG/ANDG_1H_20260827_131425.png
 create mode 100644 charts/screenshots_nasdaq/ANDG/ANDG_1H_20260828_143805.png
 delete mode 100644 charts/screenshots_nasdaq/ANDG/ANDG_4H_20260827_131425.png
 create mode 100644 charts/screenshots_nasdaq/ANDG/ANDG_4H_20260828_143805.png
 delete mode 100644 charts/screenshots_nasdaq/ANDG/ANDG_Daily_20260827_131425.png
 create mode 100644 charts/screenshots_nasdaq/ANDG/ANDG_Daily_20260828_143805.png
 delete mode 100644 charts/screenshots_nasdaq/ANDG/ANDG_Monthly_20260827_131425.png
 create mode 100644 charts/screenshots_nasdaq/ANDG/ANDG_Monthly_20260828_143805.png
 delete mode 100644 charts/screenshots_nasdaq/ANDG/ANDG_Weekly_20260827_131425.png
 create mode 100644 charts/screenshots_nasdaq/ANDG/ANDG_Weekly_20260828_143805.png
 delete mode 100644 charts/screenshots_nasdaq/ANF/ANF_1H_20260827_124151.png
 create mode 100644 charts/screenshots_nasdaq/ANF/ANF_1H_20260828_144549.png
 delete mode 100644 charts/screenshots_nasdaq/ANF/ANF_4H_20260827_124151.png
 create mode 100644 charts/screenshots_nasdaq/ANF/ANF_4H_20260828_144549.png
 delete mode 100644 charts/screenshots_nasdaq/ANF/ANF_Daily_20260827_124151.png
 create mode 100644 charts/screenshots_nasdaq/ANF/ANF_Daily_20260828_144549.png
 delete mode 100644 charts/screenshots_nasdaq/ANF/ANF_Monthly_20260827_124151.png
 create mode 100644 charts/screenshots_nasdaq/ANF/ANF_Monthly_20260828_144549.png
 delete mode 100644 charts/screenshots_nasdaq/ANF/ANF_Weekly_20260827_124151.png
 create mode 100644 charts/screenshots_nasdaq/ANF/ANF_Weekly_20260828_144549.png
 delete mode 100644 charts/screenshots_nasdaq/APP/APP_1H_20260827_132350.png
 create mode 100644 charts/screenshots_nasdaq/APP/APP_1H_20260828_144659.png
 delete mode 100644 charts/screenshots_nasdaq/APP/APP_4H_20260827_132350.png
 create mode 100644 charts/screenshots_nasdaq/APP/APP_4H_20260828_144659.png
 delete mode 100644 charts/screenshots_nasdaq/APP/APP_Daily_20260827_132350.png
 create mode 100644 charts/screenshots_nasdaq/APP/APP_Daily_20260828_144659.png
 delete mode 100644 charts/screenshots_nasdaq/APP/APP_Monthly_20260827_132350.png
 create mode 100644 charts/screenshots_nasdaq/APP/APP_Monthly_20260828_144659.png
 delete mode 100644 charts/screenshots_nasdaq/APP/APP_Weekly_20260827_132350.png
 create mode 100644 charts/screenshots_nasdaq/APP/APP_Weekly_20260828_144659.png
 delete mode 100644 charts/screenshots_nasdaq/ARGX/ARGX_1H_20260827_125418.png
 create mode 100644 charts/screenshots_nasdaq/ARGX/ARGX_1H_20260828_142253.png
 delete mode 100644 charts/screenshots_nasdaq/ARGX/ARGX_4H_20260827_125418.png
 create mode 100644 charts/screenshots_nasdaq/ARGX/ARGX_4H_20260828_142253.png
 delete mode 100644 charts/screenshots_nasdaq/ARGX/ARGX_Daily_20260827_125418.png
 create mode 100644 charts/screenshots_nasdaq/ARGX/ARGX_Daily_20260828_142253.png
 delete mode 100644 charts/screenshots_nasdaq/ARGX/ARGX_Monthly_20260827_125418.png
 create mode 100644 charts/screenshots_nasdaq/ARGX/ARGX_Monthly_20260828_142253.png
 delete mode 100644 charts/screenshots_nasdaq/ARGX/ARGX_Weekly_20260827_125418.png
 create mode 100644 charts/screenshots_nasdaq/ARGX/ARGX_Weekly_20260828_142253.png
 delete mode 100644 charts/screenshots_nasdaq/ARRY/ARRY_1H_20260827_133048.png
 create mode 100644 charts/screenshots_nasdaq/ARRY/ARRY_1H_20260828_145104.png
 delete mode 100644 charts/screenshots_nasdaq/ARRY/ARRY_4H_20260827_133048.png
 create mode 100644 charts/screenshots_nasdaq/ARRY/ARRY_4H_20260828_145104.png
 delete mode 100644 charts/screenshots_nasdaq/ARRY/ARRY_Daily_20260827_133048.png
 create mode 100644 charts/screenshots_nasdaq/ARRY/ARRY_Daily_20260828_145104.png
 delete mode 100644 charts/screenshots_nasdaq/ARRY/ARRY_Monthly_20260827_133048.png
 create mode 100644 charts/screenshots_nasdaq/ARRY/ARRY_Monthly_20260828_145104.png
 delete mode 100644 charts/screenshots_nasdaq/ARRY/ARRY_Weekly_20260827_133048.png
 create mode 100644 charts/screenshots_nasdaq/ARRY/ARRY_Weekly_20260828_145104.png
 create mode 100644 charts/screenshots_nasdaq/ASST/ASST_1H_20260828_144214.png
 create mode 100644 charts/screenshots_nasdaq/ASST/ASST_4H_20260828_144214.png
 create mode 100644 charts/screenshots_nasdaq/ASST/ASST_Daily_20260828_144214.png
 create mode 100644 charts/screenshots_nasdaq/ASST/ASST_Monthly_20260828_144214.png
 create mode 100644 charts/screenshots_nasdaq/ASST/ASST_Weekly_20260828_144214.png
 delete mode 100644 charts/screenshots_nasdaq/ATKR/ATKR_1H_20260827_124339.png
 delete mode 100644 charts/screenshots_nasdaq/ATKR/ATKR_4H_20260827_124339.png
 delete mode 100644 charts/screenshots_nasdaq/ATKR/ATKR_Daily_20260827_124339.png
 delete mode 100644 charts/screenshots_nasdaq/ATKR/ATKR_Monthly_20260827_124339.png
 delete mode 100644 charts/screenshots_nasdaq/ATKR/ATKR_Weekly_20260827_124339.png
 delete mode 100644 charts/screenshots_nasdaq/ATRC/ATRC_1H_20260827_130831.png
 create mode 100644 charts/screenshots_nasdaq/ATRC/ATRC_1H_20260828_141921.png
 delete mode 100644 charts/screenshots_nasdaq/ATRC/ATRC_4H_20260827_130831.png
 create mode 100644 charts/screenshots_nasdaq/ATRC/ATRC_4H_20260828_141921.png
 delete mode 100644 charts/screenshots_nasdaq/ATRC/ATRC_Daily_20260827_130831.png
 create mode 100644 charts/screenshots_nasdaq/ATRC/ATRC_Daily_20260828_141921.png
 delete mode 100644 charts/screenshots_nasdaq/ATRC/ATRC_Monthly_20260827_130831.png
 create mode 100644 charts/screenshots_nasdaq/ATRC/ATRC_Monthly_20260828_141921.png
 delete mode 100644 charts/screenshots_nasdaq/ATRC/ATRC_Weekly_20260827_130831.png
 create mode 100644 charts/screenshots_nasdaq/ATRC/ATRC_Weekly_20260828_141921.png
 delete mode 100644 charts/screenshots_nasdaq/AVAH/AVAH_1H_20260827_130456.png
 create mode 100644 charts/screenshots_nasdaq/AVAH/AVAH_1H_20260828_141627.png
 delete mode 100644 charts/screenshots_nasdaq/AVAH/AVAH_4H_20260827_130456.png
 create mode 100644 charts/screenshots_nasdaq/AVAH/AVAH_4H_20260828_141627.png
 delete mode 100644 charts/screenshots_nasdaq/AVAH/AVAH_Daily_20260827_130456.png
 create mode 100644 charts/screenshots_nasdaq/AVAH/AVAH_Daily_20260828_141627.png
 delete mode 100644 charts/screenshots_nasdaq/AVAH/AVAH_Monthly_20260827_130456.png
 create mode 100644 charts/screenshots_nasdaq/AVAH/AVAH_Monthly_20260828_141627.png
 delete mode 100644 charts/screenshots_nasdaq/AVAH/AVAH_Weekly_20260827_130456.png
 create mode 100644 charts/screenshots_nasdaq/AVAH/AVAH_Weekly_20260828_141627.png
 delete mode 100644 charts/screenshots_nasdaq/AXGN/AXGN_1H_20260827_125453.png
 delete mode 100644 charts/screenshots_nasdaq/AXGN/AXGN_4H_20260827_125453.png
 delete mode 100644 charts/screenshots_nasdaq/AXGN/AXGN_Daily_20260827_125453.png
 delete mode 100644 charts/screenshots_nasdaq/AXGN/AXGN_Monthly_20260827_125453.png
 delete mode 100644 charts/screenshots_nasdaq/AXGN/AXGN_Weekly_20260827_125453.png
 create mode 100644 charts/screenshots_nasdaq/BHP/BHP_1H_20260828_143324.png
 create mode 100644 charts/screenshots_nasdaq/BHP/BHP_4H_20260828_143324.png
 create mode 100644 charts/screenshots_nasdaq/BHP/BHP_Daily_20260828_143324.png
 create mode 100644 charts/screenshots_nasdaq/BHP/BHP_Monthly_20260828_143324.png
 create mode 100644 charts/screenshots_nasdaq/BHP/BHP_Weekly_20260828_143324.png
 delete mode 100644 charts/screenshots_nasdaq/BILI/BILI_1H_20260827_132536.png
 create mode 100644 charts/screenshots_nasdaq/BILI/BILI_1H_20260828_145029.png
 delete mode 100644 charts/screenshots_nasdaq/BILI/BILI_4H_20260827_132536.png
 create mode 100644 charts/screenshots_nasdaq/BILI/BILI_4H_20260828_145029.png
 delete mode 100644 charts/screenshots_nasdaq/BILI/BILI_Daily_20260827_132536.png
 create mode 100644 charts/screenshots_nasdaq/BILI/BILI_Daily_20260828_145029.png
 delete mode 100644 charts/screenshots_nasdaq/BILI/BILI_Monthly_20260827_132536.png
 create mode 100644 charts/screenshots_nasdaq/BILI/BILI_Monthly_20260828_145029.png
 delete mode 100644 charts/screenshots_nasdaq/BILI/BILI_Weekly_20260827_132536.png
 create mode 100644 charts/screenshots_nasdaq/BILI/BILI_Weekly_20260828_145029.png
 delete mode 100644 charts/screenshots_nasdaq/BIO/BIO_1H_20260827_130941.png
 create mode 100644 charts/screenshots_nasdaq/BIO/BIO_1H_20260828_141957.png
 delete mode 100644 charts/screenshots_nasdaq/BIO/BIO_4H_20260827_130941.png
 create mode 100644 charts/screenshots_nasdaq/BIO/BIO_4H_20260828_141957.png
 delete mode 100644 charts/screenshots_nasdaq/BIO/BIO_Daily_20260827_130941.png
 create mode 100644 charts/screenshots_nasdaq/BIO/BIO_Daily_20260828_141957.png
 delete mode 100644 charts/screenshots_nasdaq/BIO/BIO_Monthly_20260827_130941.png
 create mode 100644 charts/screenshots_nasdaq/BIO/BIO_Monthly_20260828_141957.png
 delete mode 100644 charts/screenshots_nasdaq/BIO/BIO_Weekly_20260827_130941.png
 create mode 100644 charts/screenshots_nasdaq/BIO/BIO_Weekly_20260828_141957.png
 delete mode 100644 charts/screenshots_nasdaq/BLSH/BLSH_1H_20260827_131647.png
 create mode 100644 charts/screenshots_nasdaq/BLSH/BLSH_1H_20260828_143434.png
 delete mode 100644 charts/screenshots_nasdaq/BLSH/BLSH_4H_20260827_131647.png
 create mode 100644 charts/screenshots_nasdaq/BLSH/BLSH_4H_20260828_143434.png
 delete mode 100644 charts/screenshots_nasdaq/BLSH/BLSH_Daily_20260827_131647.png
 create mode 100644 charts/screenshots_nasdaq/BLSH/BLSH_Daily_20260828_143434.png
 delete mode 100644 charts/screenshots_nasdaq/BLSH/BLSH_Monthly_20260827_131647.png
 create mode 100644 charts/screenshots_nasdaq/BLSH/BLSH_Monthly_20260828_143434.png
 delete mode 100644 charts/screenshots_nasdaq/BLSH/BLSH_Weekly_20260827_131647.png
 create mode 100644 charts/screenshots_nasdaq/BLSH/BLSH_Weekly_20260828_143434.png
 create mode 100644 charts/screenshots_nasdaq/BMNR/BMNR_1H_20260828_144401.png
 create mode 100644 charts/screenshots_nasdaq/BMNR/BMNR_4H_20260828_144401.png
 create mode 100644 charts/screenshots_nasdaq/BMNR/BMNR_Daily_20260828_144401.png
 create mode 100644 charts/screenshots_nasdaq/BMNR/BMNR_Monthly_20260828_144401.png
 create mode 100644 charts/screenshots_nasdaq/BMNR/BMNR_Weekly_20260828_144401.png
 delete mode 100644 charts/screenshots_nasdaq/CDNA/CDNA_1H_20260827_124449.png
 delete mode 100644 charts/screenshots_nasdaq/CDNA/CDNA_4H_20260827_124449.png
 delete mode 100644 charts/screenshots_nasdaq/CDNA/CDNA_Daily_20260827_124449.png
 delete mode 100644 charts/screenshots_nasdaq/CDNA/CDNA_Monthly_20260827_124449.png
 delete mode 100644 charts/screenshots_nasdaq/CDNA/CDNA_Weekly_20260827_124449.png
 delete mode 100644 charts/screenshots_nasdaq/CDNL/CDNL_1H_20260827_132829.png
 delete mode 100644 charts/screenshots_nasdaq/CDNL/CDNL_4H_20260827_132829.png
 delete mode 100644 charts/screenshots_nasdaq/CDNL/CDNL_Daily_20260827_132829.png
 delete mode 100644 charts/screenshots_nasdaq/CDNL/CDNL_Monthly_20260827_132829.png
 delete mode 100644 charts/screenshots_nasdaq/CDNL/CDNL_Weekly_20260827_132829.png
 delete mode 100644 charts/screenshots_nasdaq/CGAU/CGAU_1H_20260827_124525.png
 create mode 100644 charts/screenshots_nasdaq/CGAU/CGAU_1H_20260828_140120.png
 delete mode 100644 charts/screenshots_nasdaq/CGAU/CGAU_4H_20260827_124525.png
 create mode 100644 charts/screenshots_nasdaq/CGAU/CGAU_4H_20260828_140120.png
 delete mode 100644 charts/screenshots_nasdaq/CGAU/CGAU_Daily_20260827_124525.png
 create mode 100644 charts/screenshots_nasdaq/CGAU/CGAU_Daily_20260828_140120.png
 delete mode 100644 charts/screenshots_nasdaq/CGAU/CGAU_Monthly_20260827_124525.png
 create mode 100644 charts/screenshots_nasdaq/CGAU/CGAU_Monthly_20260828_140120.png
 delete mode 100644 charts/screenshots_nasdaq/CGAU/CGAU_Weekly_20260827_124525.png
 create mode 100644 charts/screenshots_nasdaq/CGAU/CGAU_Weekly_20260828_140120.png
 delete mode 100644 charts/screenshots_nasdaq/CHYM/CHYM_1H_20260827_124303.png
 create mode 100644 charts/screenshots_nasdaq/CHYM/CHYM_1H_20260828_135900.png
 delete mode 100644 charts/screenshots_nasdaq/CHYM/CHYM_4H_20260827_124303.png
 create mode 100644 charts/screenshots_nasdaq/CHYM/CHYM_4H_20260828_135900.png
 delete mode 100644 charts/screenshots_nasdaq/CHYM/CHYM_Daily_20260827_124303.png
 create mode 100644 charts/screenshots_nasdaq/CHYM/CHYM_Daily_20260828_135900.png
 delete mode 100644 charts/screenshots_nasdaq/CHYM/CHYM_Monthly_20260827_124303.png
 create mode 100644 charts/screenshots_nasdaq/CHYM/CHYM_Monthly_20260828_135900.png
 delete mode 100644 charts/screenshots_nasdaq/CHYM/CHYM_Weekly_20260827_124303.png
 create mode 100644 charts/screenshots_nasdaq/CHYM/CHYM_Weekly_20260828_135900.png
 delete mode 100644 charts/screenshots_nasdaq/CLRO/CLRO_1H_20260827_130200.png
 create mode 100644 charts/screenshots_nasdaq/CLRO/CLRO_1H_20260828_142328.png
 delete mode 100644 charts/screenshots_nasdaq/CLRO/CLRO_4H_20260827_130200.png
 create mode 100644 charts/screenshots_nasdaq/CLRO/CLRO_4H_20260828_142328.png
 delete mode 100644 charts/screenshots_nasdaq/CLRO/CLRO_Daily_20260827_130200.png
 create mode 100644 charts/screenshots_nasdaq/CLRO/CLRO_Daily_20260828_142328.png
 delete mode 100644 charts/screenshots_nasdaq/CLRO/CLRO_Monthly_20260827_130200.png
 create mode 100644 charts/screenshots_nasdaq/CLRO/CLRO_Monthly_20260828_142328.png
 delete mode 100644 charts/screenshots_nasdaq/CLRO/CLRO_Weekly_20260827_130200.png
 create mode 100644 charts/screenshots_nasdaq/CLRO/CLRO_Weekly_20260828_142328.png
 delete mode 100644 charts/screenshots_nasdaq/CMPS/CMPS_1H_20260827_124600.png
 delete mode 100644 charts/screenshots_nasdaq/CMPS/CMPS_4H_20260827_124600.png
 delete mode 100644 charts/screenshots_nasdaq/CMPS/CMPS_Daily_20260827_124600.png
 delete mode 100644 charts/screenshots_nasdaq/CMPS/CMPS_Monthly_20260827_124600.png
 delete mode 100644 charts/screenshots_nasdaq/CMPS/CMPS_Weekly_20260827_124600.png
 create mode 100644 charts/screenshots_nasdaq/COIN/COIN_1H_20260828_143915.png
 create mode 100644 charts/screenshots_nasdaq/COIN/COIN_4H_20260828_143915.png
 create mode 100644 charts/screenshots_nasdaq/COIN/COIN_Daily_20260828_143915.png
 create mode 100644 charts/screenshots_nasdaq/COIN/COIN_Monthly_20260828_143915.png
 create mode 100644 charts/screenshots_nasdaq/COIN/COIN_Weekly_20260828_143915.png
 delete mode 100644 charts/screenshots_nasdaq/CPRI/CPRI_1H_20260827_132612.png
 delete mode 100644 charts/screenshots_nasdaq/CPRI/CPRI_4H_20260827_132612.png
 delete mode 100644 charts/screenshots_nasdaq/CPRI/CPRI_Daily_20260827_132612.png
 delete mode 100644 charts/screenshots_nasdaq/CPRI/CPRI_Monthly_20260827_132612.png
 delete mode 100644 charts/screenshots_nasdaq/CPRI/CPRI_Weekly_20260827_132612.png
 delete mode 100644 charts/screenshots_nasdaq/CRL/CRL_1H_20260827_123557.png
 create mode 100644 charts/screenshots_nasdaq/CRL/CRL_1H_20260828_140155.png
 delete mode 100644 charts/screenshots_nasdaq/CRL/CRL_4H_20260827_123557.png
 create mode 100644 charts/screenshots_nasdaq/CRL/CRL_4H_20260828_140155.png
 delete mode 100644 charts/screenshots_nasdaq/CRL/CRL_Daily_20260827_123557.png
 create mode 100644 charts/screenshots_nasdaq/CRL/CRL_Daily_20260828_140155.png
 delete mode 100644 charts/screenshots_nasdaq/CRL/CRL_Monthly_20260827_123557.png
 create mode 100644 charts/screenshots_nasdaq/CRL/CRL_Monthly_20260828_140155.png
 delete mode 100644 charts/screenshots_nasdaq/CRL/CRL_Weekly_20260827_123557.png
 create mode 100644 charts/screenshots_nasdaq/CRL/CRL_Weekly_20260828_140155.png
 create mode 100644 charts/screenshots_nasdaq/CVI/CVI_1H_20260828_141701.png
 create mode 100644 charts/screenshots_nasdaq/CVI/CVI_4H_20260828_141701.png
 create mode 100644 charts/screenshots_nasdaq/CVI/CVI_Daily_20260828_141701.png
 create mode 100644 charts/screenshots_nasdaq/CVI/CVI_Monthly_20260828_141701.png
 create mode 100644 charts/screenshots_nasdaq/CVI/CVI_Weekly_20260828_141701.png
 delete mode 100644 charts/screenshots_nasdaq/DFNS/DFNS_1H_20260827_130421.png
 create mode 100644 charts/screenshots_nasdaq/DFNS/DFNS_1H_20260828_144102.png
 delete mode 100644 charts/screenshots_nasdaq/DFNS/DFNS_4H_20260827_130421.png
 create mode 100644 charts/screenshots_nasdaq/DFNS/DFNS_4H_20260828_144102.png
 delete mode 100644 charts/screenshots_nasdaq/DFNS/DFNS_Daily_20260827_130421.png
 create mode 100644 charts/screenshots_nasdaq/DFNS/DFNS_Daily_20260828_144102.png
 delete mode 100644 charts/screenshots_nasdaq/DFNS/DFNS_Monthly_20260827_130421.png
 create mode 100644 charts/screenshots_nasdaq/DFNS/DFNS_Monthly_20260828_144102.png
 delete mode 100644 charts/screenshots_nasdaq/DFNS/DFNS_Weekly_20260827_130421.png
 create mode 100644 charts/screenshots_nasdaq/DFNS/DFNS_Weekly_20260828_144102.png
 delete mode 100644 charts/screenshots_nasdaq/DT/DT_1H_20260827_131204.png
 create mode 100644 charts/screenshots_nasdaq/DT/DT_1H_20260828_142919.png
 delete mode 100644 charts/screenshots_nasdaq/DT/DT_4H_20260827_131204.png
 create mode 100644 charts/screenshots_nasdaq/DT/DT_4H_20260828_142919.png
 delete mode 100644 charts/screenshots_nasdaq/DT/DT_Daily_20260827_131204.png
 create mode 100644 charts/screenshots_nasdaq/DT/DT_Daily_20260828_142919.png
 delete mode 100644 charts/screenshots_nasdaq/DT/DT_Monthly_20260827_131204.png
 create mode 100644 charts/screenshots_nasdaq/DT/DT_Monthly_20260828_142919.png
 delete mode 100644 charts/screenshots_nasdaq/DT/DT_Weekly_20260827_131204.png
 create mode 100644 charts/screenshots_nasdaq/DT/DT_Weekly_20260828_142919.png
 delete mode 100644 charts/screenshots_nasdaq/DUOL/DUOL_1H_20260827_131537.png
 create mode 100644 charts/screenshots_nasdaq/DUOL/DUOL_1H_20260828_142404.png
 delete mode 100644 charts/screenshots_nasdaq/DUOL/DUOL_4H_20260827_131537.png
 create mode 100644 charts/screenshots_nasdaq/DUOL/DUOL_4H_20260828_142404.png
 delete mode 100644 charts/screenshots_nasdaq/DUOL/DUOL_Daily_20260827_131537.png
 create mode 100644 charts/screenshots_nasdaq/DUOL/DUOL_Daily_20260828_142404.png
 delete mode 100644 charts/screenshots_nasdaq/DUOL/DUOL_Monthly_20260827_131537.png
 create mode 100644 charts/screenshots_nasdaq/DUOL/DUOL_Monthly_20260828_142404.png
 delete mode 100644 charts/screenshots_nasdaq/DUOL/DUOL_Weekly_20260827_131537.png
 create mode 100644 charts/screenshots_nasdaq/DUOL/DUOL_Weekly_20260828_142404.png
 delete mode 100644 charts/screenshots_nasdaq/DXYZ/DXYZ_1H_20260827_131500.png
 create mode 100644 charts/screenshots_nasdaq/DXYZ/DXYZ_1H_20260828_143545.png
 delete mode 100644 charts/screenshots_nasdaq/DXYZ/DXYZ_4H_20260827_131500.png
 create mode 100644 charts/screenshots_nasdaq/DXYZ/DXYZ_4H_20260828_143545.png
 delete mode 100644 charts/screenshots_nasdaq/DXYZ/DXYZ_Daily_20260827_131500.png
 create mode 100644 charts/screenshots_nasdaq/DXYZ/DXYZ_Daily_20260828_143545.png
 delete mode 100644 charts/screenshots_nasdaq/DXYZ/DXYZ_Monthly_20260827_131500.png
 create mode 100644 charts/screenshots_nasdaq/DXYZ/DXYZ_Monthly_20260828_143545.png
 delete mode 100644 charts/screenshots_nasdaq/DXYZ/DXYZ_Weekly_20260827_131500.png
 create mode 100644 charts/screenshots_nasdaq/DXYZ/DXYZ_Weekly_20260828_143545.png
 create mode 100644 charts/screenshots_nasdaq/ECO/ECO_1H_20260828_142551.png
 create mode 100644 charts/screenshots_nasdaq/ECO/ECO_4H_20260828_142551.png
 create mode 100644 charts/screenshots_nasdaq/ECO/ECO_Daily_20260828_142551.png
 create mode 100644 charts/screenshots_nasdaq/ECO/ECO_Monthly_20260828_142551.png
 create mode 100644 charts/screenshots_nasdaq/ECO/ECO_Weekly_20260828_142551.png
 delete mode 100644 charts/screenshots_nasdaq/ENVX/ENVX_1H_20260827_132903.png
 delete mode 100644 charts/screenshots_nasdaq/ENVX/ENVX_4H_20260827_132903.png
 delete mode 100644 charts/screenshots_nasdaq/ENVX/ENVX_Daily_20260827_132903.png
 delete mode 100644 charts/screenshots_nasdaq/ENVX/ENVX_Monthly_20260827_132903.png
 delete mode 100644 charts/screenshots_nasdaq/ENVX/ENVX_Weekly_20260827_132903.png
 delete mode 100644 charts/screenshots_nasdaq/ERO/ERO_1H_20260827_125529.png
 create mode 100644 charts/screenshots_nasdaq/ERO/ERO_1H_20260828_140229.png
 delete mode 100644 charts/screenshots_nasdaq/ERO/ERO_4H_20260827_125529.png
 create mode 100644 charts/screenshots_nasdaq/ERO/ERO_4H_20260828_140229.png
 delete mode 100644 charts/screenshots_nasdaq/ERO/ERO_Daily_20260827_125529.png
 create mode 100644 charts/screenshots_nasdaq/ERO/ERO_Daily_20260828_140229.png
 delete mode 100644 charts/screenshots_nasdaq/ERO/ERO_Monthly_20260827_125529.png
 create mode 100644 charts/screenshots_nasdaq/ERO/ERO_Monthly_20260828_140229.png
 delete mode 100644 charts/screenshots_nasdaq/ERO/ERO_Weekly_20260827_125529.png
 create mode 100644 charts/screenshots_nasdaq/ERO/ERO_Weekly_20260828_140229.png
 create mode 100644 charts/screenshots_nasdaq/ESTC/ESTC_1H_20260828_144250.png
 create mode 100644 charts/screenshots_nasdaq/ESTC/ESTC_4H_20260828_144250.png
 create mode 100644 charts/screenshots_nasdaq/ESTC/ESTC_Daily_20260828_144250.png
 create mode 100644 charts/screenshots_nasdaq/ESTC/ESTC_Monthly_20260828_144250.png
 create mode 100644 charts/screenshots_nasdaq/ESTC/ESTC_Weekly_20260828_144250.png
 delete mode 100644 charts/screenshots_nasdaq/ETON/ETON_1H_20260827_125605.png
 delete mode 100644 charts/screenshots_nasdaq/ETON/ETON_4H_20260827_125605.png
 delete mode 100644 charts/screenshots_nasdaq/ETON/ETON_Daily_20260827_125605.png
 delete mode 100644 charts/screenshots_nasdaq/ETON/ETON_Monthly_20260827_125605.png
 delete mode 100644 charts/screenshots_nasdaq/ETON/ETON_Weekly_20260827_125605.png
 delete mode 100644 charts/screenshots_nasdaq/EYPT/EYPT_1H_20260827_132501.png
 create mode 100644 charts/screenshots_nasdaq/EYPT/EYPT_1H_20260828_145400.png
 delete mode 100644 charts/screenshots_nasdaq/EYPT/EYPT_4H_20260827_132501.png
 create mode 100644 charts/screenshots_nasdaq/EYPT/EYPT_4H_20260828_145400.png
 delete mode 100644 charts/screenshots_nasdaq/EYPT/EYPT_Daily_20260827_132501.png
 create mode 100644 charts/screenshots_nasdaq/EYPT/EYPT_Daily_20260828_145400.png
 delete mode 100644 charts/screenshots_nasdaq/EYPT/EYPT_Monthly_20260827_132501.png
 create mode 100644 charts/screenshots_nasdaq/EYPT/EYPT_Monthly_20260828_145400.png
 delete mode 100644 charts/screenshots_nasdaq/EYPT/EYPT_Weekly_20260827_132501.png
 create mode 100644 charts/screenshots_nasdaq/EYPT/EYPT_Weekly_20260828_145400.png
 delete mode 100644 charts/screenshots_nasdaq/FCX/FCX_1H_20260827_130346.png
 create mode 100644 charts/screenshots_nasdaq/FCX/FCX_1H_20260828_140304.png
 delete mode 100644 charts/screenshots_nasdaq/FCX/FCX_4H_20260827_130346.png
 create mode 100644 charts/screenshots_nasdaq/FCX/FCX_4H_20260828_140304.png
 delete mode 100644 charts/screenshots_nasdaq/FCX/FCX_Daily_20260827_130346.png
 create mode 100644 charts/screenshots_nasdaq/FCX/FCX_Daily_20260828_140304.png
 delete mode 100644 charts/screenshots_nasdaq/FCX/FCX_Monthly_20260827_130346.png
 create mode 100644 charts/screenshots_nasdaq/FCX/FCX_Monthly_20260828_140304.png
 delete mode 100644 charts/screenshots_nasdaq/FCX/FCX_Weekly_20260827_130346.png
 create mode 100644 charts/screenshots_nasdaq/FCX/FCX_Weekly_20260828_140304.png
 delete mode 100644 charts/screenshots_nasdaq/FIVE/FIVE_1H_20260827_123743.png
 delete mode 100644 charts/screenshots_nasdaq/FIVE/FIVE_4H_20260827_123743.png
 delete mode 100644 charts/screenshots_nasdaq/FIVE/FIVE_Daily_20260827_123743.png
 delete mode 100644 charts/screenshots_nasdaq/FIVE/FIVE_Monthly_20260827_123743.png
 delete mode 100644 charts/screenshots_nasdaq/FIVE/FIVE_Weekly_20260827_123743.png
 create mode 100644 charts/screenshots_nasdaq/FIVN/FIVN_1H_20260828_140337.png
 create mode 100644 charts/screenshots_nasdaq/FIVN/FIVN_4H_20260828_140337.png
 create mode 100644 charts/screenshots_nasdaq/FIVN/FIVN_Daily_20260828_140337.png
 create mode 100644 charts/screenshots_nasdaq/FIVN/FIVN_Monthly_20260828_140337.png
 create mode 100644 charts/screenshots_nasdaq/FIVN/FIVN_Weekly_20260828_140337.png
 delete mode 100644 charts/screenshots_nasdaq/FLNC/FLNC_1H_20260827_132646.png
 create mode 100644 charts/screenshots_nasdaq/FLNC/FLNC_1H_20260828_144843.png
 delete mode 100644 charts/screenshots_nasdaq/FLNC/FLNC_4H_20260827_132646.png
 create mode 100644 charts/screenshots_nasdaq/FLNC/FLNC_4H_20260828_144843.png
 delete mode 100644 charts/screenshots_nasdaq/FLNC/FLNC_Daily_20260827_132646.png
 create mode 100644 charts/screenshots_nasdaq/FLNC/FLNC_Daily_20260828_144843.png
 delete mode 100644 charts/screenshots_nasdaq/FLNC/FLNC_Monthly_20260827_132646.png
 create mode 100644 charts/screenshots_nasdaq/FLNC/FLNC_Monthly_20260828_144843.png
 delete mode 100644 charts/screenshots_nasdaq/FLNC/FLNC_Weekly_20260827_132646.png
 create mode 100644 charts/screenshots_nasdaq/FLNC/FLNC_Weekly_20260828_144843.png
 create mode 100644 charts/screenshots_nasdaq/FLY/FLY_1H_20260828_144954.png
 create mode 100644 charts/screenshots_nasdaq/FLY/FLY_4H_20260828_144954.png
 create mode 100644 charts/screenshots_nasdaq/FLY/FLY_Daily_20260828_144954.png
 create mode 100644 charts/screenshots_nasdaq/FLY/FLY_Monthly_20260828_144954.png
 create mode 100644 charts/screenshots_nasdaq/FLY/FLY_Weekly_20260828_144954.png
 create mode 100644 charts/screenshots_nasdaq/FROG/FROG_1H_20260828_143950.png
 create mode 100644 charts/screenshots_nasdaq/FROG/FROG_4H_20260828_143950.png
 create mode 100644 charts/screenshots_nasdaq/FROG/FROG_Daily_20260828_143950.png
 create mode 100644 charts/screenshots_nasdaq/FROG/FROG_Monthly_20260828_143950.png
 create mode 100644 charts/screenshots_nasdaq/FROG/FROG_Weekly_20260828_143950.png
 create mode 100644 charts/screenshots_nasdaq/FRSH/FRSH_1H_20260828_141442.png
 create mode 100644 charts/screenshots_nasdaq/FRSH/FRSH_4H_20260828_141442.png
 create mode 100644 charts/screenshots_nasdaq/FRSH/FRSH_Daily_20260828_141442.png
 create mode 100644 charts/screenshots_nasdaq/FRSH/FRSH_Monthly_20260828_141442.png
 create mode 100644 charts/screenshots_nasdaq/FRSH/FRSH_Weekly_20260828_141442.png
 delete mode 100644 charts/screenshots_nasdaq/GCT/GCT_1H_20260827_124636.png
 delete mode 100644 charts/screenshots_nasdaq/GCT/GCT_4H_20260827_124636.png
 delete mode 100644 charts/screenshots_nasdaq/GCT/GCT_Daily_20260827_124636.png
 delete mode 100644 charts/screenshots_nasdaq/GCT/GCT_Monthly_20260827_124636.png
 delete mode 100644 charts/screenshots_nasdaq/GCT/GCT_Weekly_20260827_124636.png
 delete mode 100644 charts/screenshots_nasdaq/HAE/HAE_1H_20260827_130719.png
 delete mode 100644 charts/screenshots_nasdaq/HAE/HAE_4H_20260827_130719.png
 delete mode 100644 charts/screenshots_nasdaq/HAE/HAE_Daily_20260827_130719.png
 delete mode 100644 charts/screenshots_nasdaq/HAE/HAE_Monthly_20260827_130719.png
 delete mode 100644 charts/screenshots_nasdaq/HAE/HAE_Weekly_20260827_130719.png
 delete mode 100644 charts/screenshots_nasdaq/HALO/HALO_1H_20260827_124414.png
 delete mode 100644 charts/screenshots_nasdaq/HALO/HALO_4H_20260827_124414.png
 delete mode 100644 charts/screenshots_nasdaq/HALO/HALO_Daily_20260827_124414.png
 delete mode 100644 charts/screenshots_nasdaq/HALO/HALO_Monthly_20260827_124414.png
 delete mode 100644 charts/screenshots_nasdaq/HALO/HALO_Weekly_20260827_124414.png
 create mode 100644 charts/screenshots_nasdaq/HCC/HCC_1H_20260828_142440.png
 create mode 100644 charts/screenshots_nasdaq/HCC/HCC_4H_20260828_142440.png
 create mode 100644 charts/screenshots_nasdaq/HCC/HCC_Daily_20260828_142440.png
 create mode 100644 charts/screenshots_nasdaq/HCC/HCC_Monthly_20260828_142440.png
 create mode 100644 charts/screenshots_nasdaq/HCC/HCC_Weekly_20260828_142440.png
 delete mode 100644 charts/screenshots_nasdaq/HIMS/HIMS_1H_20260827_130607.png
 create mode 100644 charts/screenshots_nasdaq/HIMS/HIMS_1H_20260828_143840.png
 delete mode 100644 charts/screenshots_nasdaq/HIMS/HIMS_4H_20260827_130607.png
 create mode 100644 charts/screenshots_nasdaq/HIMS/HIMS_4H_20260828_143840.png
 delete mode 100644 charts/screenshots_nasdaq/HIMS/HIMS_Daily_20260827_130607.png
 create mode 100644 charts/screenshots_nasdaq/HIMS/HIMS_Daily_20260828_143840.png
 delete mode 100644 charts/screenshots_nasdaq/HIMS/HIMS_Monthly_20260827_130607.png
 create mode 100644 charts/screenshots_nasdaq/HIMS/HIMS_Monthly_20260828_143840.png
 delete mode 100644 charts/screenshots_nasdaq/HIMS/HIMS_Weekly_20260827_130607.png
 create mode 100644 charts/screenshots_nasdaq/HIMS/HIMS_Weekly_20260828_143840.png
 delete mode 100644 charts/screenshots_nasdaq/HNGE/HNGE_1H_20260827_125641.png
 create mode 100644 charts/screenshots_nasdaq/HNGE/HNGE_1H_20260828_142626.png
 delete mode 100644 charts/screenshots_nasdaq/HNGE/HNGE_4H_20260827_125641.png
 create mode 100644 charts/screenshots_nasdaq/HNGE/HNGE_4H_20260828_142626.png
 delete mode 100644 charts/screenshots_nasdaq/HNGE/HNGE_Daily_20260827_125641.png
 create mode 100644 charts/screenshots_nasdaq/HNGE/HNGE_Daily_20260828_142626.png
 delete mode 100644 charts/screenshots_nasdaq/HNGE/HNGE_Monthly_20260827_125641.png
 create mode 100644 charts/screenshots_nasdaq/HNGE/HNGE_Monthly_20260828_142626.png
 delete mode 100644 charts/screenshots_nasdaq/HNGE/HNGE_Weekly_20260827_125641.png
 create mode 100644 charts/screenshots_nasdaq/HNGE/HNGE_Weekly_20260828_142626.png
 delete mode 100644 charts/screenshots_nasdaq/HTFL/HTFL_1H_20260827_130531.png
 delete mode 100644 charts/screenshots_nasdaq/HTFL/HTFL_4H_20260827_130531.png
 delete mode 100644 charts/screenshots_nasdaq/HTFL/HTFL_Daily_20260827_130531.png
 delete mode 100644 charts/screenshots_nasdaq/HTFL/HTFL_Monthly_20260827_130531.png
 delete mode 100644 charts/screenshots_nasdaq/HTFL/HTFL_Weekly_20260827_130531.png
 create mode 100644 charts/screenshots_nasdaq/HUBS/HUBS_1H_20260828_144624.png
 create mode 100644 charts/screenshots_nasdaq/HUBS/HUBS_4H_20260828_144624.png
 create mode 100644 charts/screenshots_nasdaq/HUBS/HUBS_Daily_20260828_144624.png
 create mode 100644 charts/screenshots_nasdaq/HUBS/HUBS_Monthly_20260828_144624.png
 create mode 100644 charts/screenshots_nasdaq/HUBS/HUBS_Weekly_20260828_144624.png
 delete mode 100644 charts/screenshots_nasdaq/HZO/HZO_1H_20260827_131017.png
 create mode 100644 charts/screenshots_nasdaq/HZO/HZO_1H_20260828_142106.png
 delete mode 100644 charts/screenshots_nasdaq/HZO/HZO_4H_20260827_131017.png
 create mode 100644 charts/screenshots_nasdaq/HZO/HZO_4H_20260828_142106.png
 delete mode 100644 charts/screenshots_nasdaq/HZO/HZO_Daily_20260827_131017.png
 create mode 100644 charts/screenshots_nasdaq/HZO/HZO_Daily_20260828_142106.png
 delete mode 100644 charts/screenshots_nasdaq/HZO/HZO_Monthly_20260827_131017.png
 create mode 100644 charts/screenshots_nasdaq/HZO/HZO_Monthly_20260828_142106.png
 delete mode 100644 charts/screenshots_nasdaq/HZO/HZO_Weekly_20260827_131017.png
 create mode 100644 charts/screenshots_nasdaq/HZO/HZO_Weekly_20260828_142106.png
 create mode 100644 charts/screenshots_nasdaq/INOD/INOD_1H_20260828_145215.png
 create mode 100644 charts/screenshots_nasdaq/INOD/INOD_4H_20260828_145215.png
 create mode 100644 charts/screenshots_nasdaq/INOD/INOD_Daily_20260828_145215.png
 create mode 100644 charts/screenshots_nasdaq/INOD/INOD_Monthly_20260828_145215.png
 create mode 100644 charts/screenshots_nasdaq/INOD/INOD_Weekly_20260828_145215.png
 delete mode 100644 charts/screenshots_nasdaq/INSP/INSP_1H_20260827_131834.png
 create mode 100644 charts/screenshots_nasdaq/INSP/INSP_1H_20260828_143511.png
 delete mode 100644 charts/screenshots_nasdaq/INSP/INSP_4H_20260827_131834.png
 create mode 100644 charts/screenshots_nasdaq/INSP/INSP_4H_20260828_143511.png
 delete mode 100644 charts/screenshots_nasdaq/INSP/INSP_Daily_20260827_131834.png
 create mode 100644 charts/screenshots_nasdaq/INSP/INSP_Daily_20260828_143511.png
 delete mode 100644 charts/screenshots_nasdaq/INSP/INSP_Monthly_20260827_131834.png
 create mode 100644 charts/screenshots_nasdaq/INSP/INSP_Monthly_20260828_143511.png
 delete mode 100644 charts/screenshots_nasdaq/INSP/INSP_Weekly_20260827_131834.png
 create mode 100644 charts/screenshots_nasdaq/INSP/INSP_Weekly_20260828_143511.png
 delete mode 100644 charts/screenshots_nasdaq/INTU/INTU_1H_20260827_131909.png
 delete mode 100644 charts/screenshots_nasdaq/INTU/INTU_4H_20260827_131909.png
 delete mode 100644 charts/screenshots_nasdaq/INTU/INTU_Daily_20260827_131909.png
 delete mode 100644 charts/screenshots_nasdaq/INTU/INTU_Monthly_20260827_131909.png
 delete mode 100644 charts/screenshots_nasdaq/INTU/INTU_Weekly_20260827_131909.png
 delete mode 100644 charts/screenshots_nasdaq/IPGP/IPGP_1H_20260827_132203.png
 delete mode 100644 charts/screenshots_nasdaq/IPGP/IPGP_4H_20260827_132203.png
 delete mode 100644 charts/screenshots_nasdaq/IPGP/IPGP_Daily_20260827_132203.png
 delete mode 100644 charts/screenshots_nasdaq/IPGP/IPGP_Monthly_20260827_132203.png
 delete mode 100644 charts/screenshots_nasdaq/IPGP/IPGP_Weekly_20260827_132203.png
 delete mode 100644 charts/screenshots_nasdaq/ITGR/ITGR_1H_20260827_131053.png
 delete mode 100644 charts/screenshots_nasdaq/ITGR/ITGR_4H_20260827_131053.png
 delete mode 100644 charts/screenshots_nasdaq/ITGR/ITGR_Daily_20260827_131053.png
 delete mode 100644 charts/screenshots_nasdaq/ITGR/ITGR_Monthly_20260827_131053.png
 delete mode 100644 charts/screenshots_nasdaq/ITGR/ITGR_Weekly_20260827_131053.png
 delete mode 100644 charts/screenshots_nasdaq/KLAR/KLAR_1H_20260827_132938.png
 create mode 100644 charts/screenshots_nasdaq/KLAR/KLAR_1H_20260828_145656.png
 delete mode 100644 charts/screenshots_nasdaq/KLAR/KLAR_4H_20260827_132938.png
 create mode 100644 charts/screenshots_nasdaq/KLAR/KLAR_4H_20260828_145656.png
 delete mode 100644 charts/screenshots_nasdaq/KLAR/KLAR_Daily_20260827_132938.png
 create mode 100644 charts/screenshots_nasdaq/KLAR/KLAR_Daily_20260828_145656.png
 delete mode 100644 charts/screenshots_nasdaq/KLAR/KLAR_Monthly_20260827_132938.png
 create mode 100644 charts/screenshots_nasdaq/KLAR/KLAR_Monthly_20260828_145656.png
 delete mode 100644 charts/screenshots_nasdaq/KLAR/KLAR_Weekly_20260827_132938.png
 create mode 100644 charts/screenshots_nasdaq/KLAR/KLAR_Weekly_20260828_145656.png
 delete mode 100644 charts/screenshots_nasdaq/KSPI/KSPI_1H_20260827_130125.png
 create mode 100644 charts/screenshots_nasdaq/KSPI/KSPI_1H_20260828_141220.png
 delete mode 100644 charts/screenshots_nasdaq/KSPI/KSPI_4H_20260827_130125.png
 create mode 100644 charts/screenshots_nasdaq/KSPI/KSPI_4H_20260828_141220.png
 delete mode 100644 charts/screenshots_nasdaq/KSPI/KSPI_Daily_20260827_130125.png
 create mode 100644 charts/screenshots_nasdaq/KSPI/KSPI_Daily_20260828_141220.png
 delete mode 100644 charts/screenshots_nasdaq/KSPI/KSPI_Monthly_20260827_130125.png
 create mode 100644 charts/screenshots_nasdaq/KSPI/KSPI_Monthly_20260828_141220.png
 delete mode 100644 charts/screenshots_nasdaq/KSPI/KSPI_Weekly_20260827_130125.png
 create mode 100644 charts/screenshots_nasdaq/KSPI/KSPI_Weekly_20260828_141220.png
 delete mode 100644 charts/screenshots_nasdaq/KYMR/KYMR_1H_20260827_124712.png
 delete mode 100644 charts/screenshots_nasdaq/KYMR/KYMR_4H_20260827_124712.png
 delete mode 100644 charts/screenshots_nasdaq/KYMR/KYMR_Daily_20260827_124712.png
 delete mode 100644 charts/screenshots_nasdaq/KYMR/KYMR_Monthly_20260827_124712.png
 delete mode 100644 charts/screenshots_nasdaq/KYMR/KYMR_Weekly_20260827_124712.png
 delete mode 100644 charts/screenshots_nasdaq/LB/LB_1H_20260827_123855.png
 create mode 100644 charts/screenshots_nasdaq/LB/LB_1H_20260828_135934.png
 delete mode 100644 charts/screenshots_nasdaq/LB/LB_4H_20260827_123855.png
 create mode 100644 charts/screenshots_nasdaq/LB/LB_4H_20260828_135934.png
 delete mode 100644 charts/screenshots_nasdaq/LB/LB_Daily_20260827_123855.png
 create mode 100644 charts/screenshots_nasdaq/LB/LB_Daily_20260828_135934.png
 delete mode 100644 charts/screenshots_nasdaq/LB/LB_Monthly_20260827_123855.png
 create mode 100644 charts/screenshots_nasdaq/LB/LB_Monthly_20260828_135934.png
 delete mode 100644 charts/screenshots_nasdaq/LB/LB_Weekly_20260827_123855.png
 create mode 100644 charts/screenshots_nasdaq/LB/LB_Weekly_20260828_135934.png
 delete mode 100644 charts/screenshots_nasdaq/LCID/LCID_1H_20260827_132128.png
 create mode 100644 charts/screenshots_nasdaq/LCID/LCID_1H_20260828_145435.png
 delete mode 100644 charts/screenshots_nasdaq/LCID/LCID_4H_20260827_132128.png
 create mode 100644 charts/screenshots_nasdaq/LCID/LCID_4H_20260828_145435.png
 delete mode 100644 charts/screenshots_nasdaq/LCID/LCID_Daily_20260827_132128.png
 create mode 100644 charts/screenshots_nasdaq/LCID/LCID_Daily_20260828_145435.png
 delete mode 100644 charts/screenshots_nasdaq/LCID/LCID_Monthly_20260827_132128.png
 create mode 100644 charts/screenshots_nasdaq/LCID/LCID_Monthly_20260828_145435.png
 delete mode 100644 charts/screenshots_nasdaq/LCID/LCID_Weekly_20260827_132128.png
 create mode 100644 charts/screenshots_nasdaq/LCID/LCID_Weekly_20260828_145435.png
 create mode 100644 charts/screenshots_nasdaq/LEU/LEU_1H_20260828_144026.png
 create mode 100644 charts/screenshots_nasdaq/LEU/LEU_4H_20260828_144026.png
 create mode 100644 charts/screenshots_nasdaq/LEU/LEU_Daily_20260828_144026.png
 create mode 100644 charts/screenshots_nasdaq/LEU/LEU_Monthly_20260828_144026.png
 create mode 100644 charts/screenshots_nasdaq/LEU/LEU_Weekly_20260828_144026.png
 create mode 100644 charts/screenshots_nasdaq/LIF/LIF_1H_20260828_144918.png
 create mode 100644 charts/screenshots_nasdaq/LIF/LIF_4H_20260828_144918.png
 create mode 100644 charts/screenshots_nasdaq/LIF/LIF_Daily_20260828_144918.png
 create mode 100644 charts/screenshots_nasdaq/LIF/LIF_Monthly_20260828_144918.png
 create mode 100644 charts/screenshots_nasdaq/LIF/LIF_Weekly_20260828_144918.png
 delete mode 100644 charts/screenshots_nasdaq/LIFE/LIFE_1H_20260827_131759.png
 create mode 100644 charts/screenshots_nasdaq/LIFE/LIFE_1H_20260828_144326.png
 delete mode 100644 charts/screenshots_nasdaq/LIFE/LIFE_4H_20260827_131759.png
 create mode 100644 charts/screenshots_nasdaq/LIFE/LIFE_4H_20260828_144326.png
 delete mode 100644 charts/screenshots_nasdaq/LIFE/LIFE_Daily_20260827_131759.png
 create mode 100644 charts/screenshots_nasdaq/LIFE/LIFE_Daily_20260828_144326.png
 delete mode 100644 charts/screenshots_nasdaq/LIFE/LIFE_Monthly_20260827_131759.png
 create mode 100644 charts/screenshots_nasdaq/LIFE/LIFE_Monthly_20260828_144326.png
 delete mode 100644 charts/screenshots_nasdaq/LIFE/LIFE_Weekly_20260827_131759.png
 create mode 100644 charts/screenshots_nasdaq/LIFE/LIFE_Weekly_20260828_144326.png
 delete mode 100644 charts/screenshots_nasdaq/LINC/LINC_1H_20260827_132720.png
 create mode 100644 charts/screenshots_nasdaq/LINC/LINC_1H_20260828_145510.png
 delete mode 100644 charts/screenshots_nasdaq/LINC/LINC_4H_20260827_132720.png
 create mode 100644 charts/screenshots_nasdaq/LINC/LINC_4H_20260828_145510.png
 delete mode 100644 charts/screenshots_nasdaq/LINC/LINC_Daily_20260827_132720.png
 create mode 100644 charts/screenshots_nasdaq/LINC/LINC_Daily_20260828_145510.png
 delete mode 100644 charts/screenshots_nasdaq/LINC/LINC_Monthly_20260827_132720.png
 create mode 100644 charts/screenshots_nasdaq/LINC/LINC_Monthly_20260828_145510.png
 delete mode 100644 charts/screenshots_nasdaq/LINC/LINC_Weekly_20260827_132720.png
 create mode 100644 charts/screenshots_nasdaq/LINC/LINC_Weekly_20260828_145510.png
 delete mode 100644 charts/screenshots_nasdaq/MAN/MAN_1H_20260827_124748.png
 create mode 100644 charts/screenshots_nasdaq/MAN/MAN_1H_20260828_142031.png
 delete mode 100644 charts/screenshots_nasdaq/MAN/MAN_4H_20260827_124748.png
 create mode 100644 charts/screenshots_nasdaq/MAN/MAN_4H_20260828_142031.png
 delete mode 100644 charts/screenshots_nasdaq/MAN/MAN_Daily_20260827_124748.png
 create mode 100644 charts/screenshots_nasdaq/MAN/MAN_Daily_20260828_142031.png
 delete mode 100644 charts/screenshots_nasdaq/MAN/MAN_Monthly_20260827_124748.png
 create mode 100644 charts/screenshots_nasdaq/MAN/MAN_Monthly_20260828_142031.png
 delete mode 100644 charts/screenshots_nasdaq/MAN/MAN_Weekly_20260827_124748.png
 create mode 100644 charts/screenshots_nasdaq/MAN/MAN_Weekly_20260828_142031.png
 create mode 100644 charts/screenshots_nasdaq/MANH/MANH_1H_20260828_143029.png
 create mode 100644 charts/screenshots_nasdaq/MANH/MANH_4H_20260828_143029.png
 create mode 100644 charts/screenshots_nasdaq/MANH/MANH_Daily_20260828_143029.png
 create mode 100644 charts/screenshots_nasdaq/MANH/MANH_Monthly_20260828_143029.png
 create mode 100644 charts/screenshots_nasdaq/MANH/MANH_Weekly_20260828_143029.png
 delete mode 100644 charts/screenshots_nasdaq/MPC/MPC_1H_20260827_124042.png
 create mode 100644 charts/screenshots_nasdaq/MPC/MPC_1H_20260828_141737.png
 delete mode 100644 charts/screenshots_nasdaq/MPC/MPC_4H_20260827_124042.png
 create mode 100644 charts/screenshots_nasdaq/MPC/MPC_4H_20260828_141737.png
 delete mode 100644 charts/screenshots_nasdaq/MPC/MPC_Daily_20260827_124042.png
 create mode 100644 charts/screenshots_nasdaq/MPC/MPC_Daily_20260828_141737.png
 delete mode 100644 charts/screenshots_nasdaq/MPC/MPC_Monthly_20260827_124042.png
 create mode 100644 charts/screenshots_nasdaq/MPC/MPC_Monthly_20260828_141737.png
 delete mode 100644 charts/screenshots_nasdaq/MPC/MPC_Weekly_20260827_124042.png
 create mode 100644 charts/screenshots_nasdaq/MPC/MPC_Weekly_20260828_141737.png
 delete mode 100644 charts/screenshots_nasdaq/MRK/MRK_1H_20260827_125717.png
 delete mode 100644 charts/screenshots_nasdaq/MRK/MRK_4H_20260827_125717.png
 delete mode 100644 charts/screenshots_nasdaq/MRK/MRK_Daily_20260827_125717.png
 delete mode 100644 charts/screenshots_nasdaq/MRK/MRK_Monthly_20260827_125717.png
 delete mode 100644 charts/screenshots_nasdaq/MRK/MRK_Weekly_20260827_125717.png
 delete mode 100644 charts/screenshots_nasdaq/MRVI/MRVI_1H_20260827_131240.png
 delete mode 100644 charts/screenshots_nasdaq/MRVI/MRVI_4H_20260827_131240.png
 delete mode 100644 charts/screenshots_nasdaq/MRVI/MRVI_Daily_20260827_131240.png
 delete mode 100644 charts/screenshots_nasdaq/MRVI/MRVI_Monthly_20260827_131240.png
 delete mode 100644 charts/screenshots_nasdaq/MRVI/MRVI_Weekly_20260827_131240.png
 delete mode 100644 charts/screenshots_nasdaq/NIQ/NIQ_1H_20260827_130235.png
 create mode 100644 charts/screenshots_nasdaq/NIQ/NIQ_1H_20260828_141551.png
 delete mode 100644 charts/screenshots_nasdaq/NIQ/NIQ_4H_20260827_130235.png
 create mode 100644 charts/screenshots_nasdaq/NIQ/NIQ_4H_20260828_141551.png
 delete mode 100644 charts/screenshots_nasdaq/NIQ/NIQ_Daily_20260827_130235.png
 create mode 100644 charts/screenshots_nasdaq/NIQ/NIQ_Daily_20260828_141551.png
 delete mode 100644 charts/screenshots_nasdaq/NIQ/NIQ_Monthly_20260827_130235.png
 create mode 100644 charts/screenshots_nasdaq/NIQ/NIQ_Monthly_20260828_141551.png
 delete mode 100644 charts/screenshots_nasdaq/NIQ/NIQ_Weekly_20260827_130235.png
 create mode 100644 charts/screenshots_nasdaq/NIQ/NIQ_Weekly_20260828_141551.png
 create mode 100644 charts/screenshots_nasdaq/NSIT/NSIT_1H_20260828_140412.png
 create mode 100644 charts/screenshots_nasdaq/NSIT/NSIT_4H_20260828_140412.png
 create mode 100644 charts/screenshots_nasdaq/NSIT/NSIT_Daily_20260828_140412.png
 create mode 100644 charts/screenshots_nasdaq/NSIT/NSIT_Monthly_20260828_140412.png
 create mode 100644 charts/screenshots_nasdaq/NSIT/NSIT_Weekly_20260828_140412.png
 delete mode 100644 charts/screenshots_nasdaq/NTRA/NTRA_1H_20260827_124823.png
 create mode 100644 charts/screenshots_nasdaq/NTRA/NTRA_1H_20260828_140447.png
 delete mode 100644 charts/screenshots_nasdaq/NTRA/NTRA_4H_20260827_124823.png
 create mode 100644 charts/screenshots_nasdaq/NTRA/NTRA_4H_20260828_140447.png
 delete mode 100644 charts/screenshots_nasdaq/NTRA/NTRA_Daily_20260827_124823.png
 create mode 100644 charts/screenshots_nasdaq/NTRA/NTRA_Daily_20260828_140447.png
 delete mode 100644 charts/screenshots_nasdaq/NTRA/NTRA_Monthly_20260827_124823.png
 create mode 100644 charts/screenshots_nasdaq/NTRA/NTRA_Monthly_20260828_140447.png
 delete mode 100644 charts/screenshots_nasdaq/NTRA/NTRA_Weekly_20260827_124823.png
 create mode 100644 charts/screenshots_nasdaq/NTRA/NTRA_Weekly_20260828_140447.png
 delete mode 100644 charts/screenshots_nasdaq/NUTX/NUTX_1H_20260827_124858.png
 create mode 100644 charts/screenshots_nasdaq/NUTX/NUTX_1H_20260828_140521.png
 delete mode 100644 charts/screenshots_nasdaq/NUTX/NUTX_4H_20260827_124858.png
 create mode 100644 charts/screenshots_nasdaq/NUTX/NUTX_4H_20260828_140521.png
 delete mode 100644 charts/screenshots_nasdaq/NUTX/NUTX_Daily_20260827_124858.png
 create mode 100644 charts/screenshots_nasdaq/NUTX/NUTX_Daily_20260828_140521.png
 delete mode 100644 charts/screenshots_nasdaq/NUTX/NUTX_Monthly_20260827_124858.png
 create mode 100644 charts/screenshots_nasdaq/NUTX/NUTX_Monthly_20260828_140521.png
 delete mode 100644 charts/screenshots_nasdaq/NUTX/NUTX_Weekly_20260827_124858.png
 create mode 100644 charts/screenshots_nasdaq/NUTX/NUTX_Weekly_20260828_140521.png
 create mode 100644 charts/screenshots_nasdaq/OKTA/OKTA_1H_20260828_144437.png
 create mode 100644 charts/screenshots_nasdaq/OKTA/OKTA_4H_20260828_144437.png
 create mode 100644 charts/screenshots_nasdaq/OKTA/OKTA_Daily_20260828_144437.png
 create mode 100644 charts/screenshots_nasdaq/OKTA/OKTA_Monthly_20260828_144437.png
 create mode 100644 charts/screenshots_nasdaq/OKTA/OKTA_Weekly_20260828_144437.png
 create mode 100644 charts/screenshots_nasdaq/OMER/OMER_1H_20260828_140556.png
 create mode 100644 charts/screenshots_nasdaq/OMER/OMER_4H_20260828_140556.png
 create mode 100644 charts/screenshots_nasdaq/OMER/OMER_Daily_20260828_140556.png
 create mode 100644 charts/screenshots_nasdaq/OMER/OMER_Monthly_20260828_140556.png
 create mode 100644 charts/screenshots_nasdaq/OMER/OMER_Weekly_20260828_140556.png
 delete mode 100644 charts/screenshots_nasdaq/ONC/ONC_1H_20260827_124933.png
 delete mode 100644 charts/screenshots_nasdaq/ONC/ONC_4H_20260827_124933.png
 delete mode 100644 charts/screenshots_nasdaq/ONC/ONC_Daily_20260827_124933.png
 delete mode 100644 charts/screenshots_nasdaq/ONC/ONC_Monthly_20260827_124933.png
 delete mode 100644 charts/screenshots_nasdaq/ONC/ONC_Weekly_20260827_124933.png
 delete mode 100644 charts/screenshots_nasdaq/PAYC/PAYC_1H_20260827_130906.png
 create mode 100644 charts/screenshots_nasdaq/PAYC/PAYC_1H_20260828_142141.png
 delete mode 100644 charts/screenshots_nasdaq/PAYC/PAYC_4H_20260827_130906.png
 create mode 100644 charts/screenshots_nasdaq/PAYC/PAYC_4H_20260828_142141.png
 delete mode 100644 charts/screenshots_nasdaq/PAYC/PAYC_Daily_20260827_130906.png
 create mode 100644 charts/screenshots_nasdaq/PAYC/PAYC_Daily_20260828_142141.png
 delete mode 100644 charts/screenshots_nasdaq/PAYC/PAYC_Monthly_20260827_130906.png
 create mode 100644 charts/screenshots_nasdaq/PAYC/PAYC_Monthly_20260828_142141.png
 delete mode 100644 charts/screenshots_nasdaq/PAYC/PAYC_Weekly_20260827_130906.png
 create mode 100644 charts/screenshots_nasdaq/PAYC/PAYC_Weekly_20260828_142141.png
 create mode 100644 charts/screenshots_nasdaq/PFSI/PFSI_1H_20260828_145841.png
 create mode 100644 charts/screenshots_nasdaq/PFSI/PFSI_4H_20260828_145841.png
 create mode 100644 charts/screenshots_nasdaq/PFSI/PFSI_Daily_20260828_145841.png
 create mode 100644 charts/screenshots_nasdaq/PFSI/PFSI_Monthly_20260828_145841.png
 create mode 100644 charts/screenshots_nasdaq/PFSI/PFSI_Weekly_20260828_145841.png
 delete mode 100644 charts/screenshots_nasdaq/PGEN/PGEN_1H_20260827_125008.png
 delete mode 100644 charts/screenshots_nasdaq/PGEN/PGEN_4H_20260827_125008.png
 delete mode 100644 charts/screenshots_nasdaq/PGEN/PGEN_Daily_20260827_125008.png
 delete mode 100644 charts/screenshots_nasdaq/PGEN/PGEN_Monthly_20260827_125008.png
 delete mode 100644 charts/screenshots_nasdaq/PGEN/PGEN_Weekly_20260827_125008.png
 delete mode 100644 charts/screenshots_nasdaq/PRAX/PRAX_1H_20260827_125043.png
 delete mode 100644 charts/screenshots_nasdaq/PRAX/PRAX_4H_20260827_125043.png
 delete mode 100644 charts/screenshots_nasdaq/PRAX/PRAX_Daily_20260827_125043.png
 delete mode 100644 charts/screenshots_nasdaq/PRAX/PRAX_Monthly_20260827_125043.png
 delete mode 100644 charts/screenshots_nasdaq/PRAX/PRAX_Weekly_20260827_125043.png
 delete mode 100644 charts/screenshots_nasdaq/PRIM/PRIM_1H_20260827_132755.png
 create mode 100644 charts/screenshots_nasdaq/PRIM/PRIM_1H_20260828_145546.png
 delete mode 100644 charts/screenshots_nasdaq/PRIM/PRIM_4H_20260827_132755.png
 create mode 100644 charts/screenshots_nasdaq/PRIM/PRIM_4H_20260828_145546.png
 delete mode 100644 charts/screenshots_nasdaq/PRIM/PRIM_Daily_20260827_132755.png
 create mode 100644 charts/screenshots_nasdaq/PRIM/PRIM_Daily_20260828_145546.png
 delete mode 100644 charts/screenshots_nasdaq/PRIM/PRIM_Monthly_20260827_132755.png
 create mode 100644 charts/screenshots_nasdaq/PRIM/PRIM_Monthly_20260828_145546.png
 delete mode 100644 charts/screenshots_nasdaq/PRIM/PRIM_Weekly_20260827_132755.png
 create mode 100644 charts/screenshots_nasdaq/PRIM/PRIM_Weekly_20260828_145546.png
 delete mode 100644 charts/screenshots_nasdaq/PSX/PSX_1H_20260827_124117.png
 create mode 100644 charts/screenshots_nasdaq/PSX/PSX_1H_20260828_141811.png
 delete mode 100644 charts/screenshots_nasdaq/PSX/PSX_4H_20260827_124117.png
 create mode 100644 charts/screenshots_nasdaq/PSX/PSX_4H_20260828_141811.png
 delete mode 100644 charts/screenshots_nasdaq/PSX/PSX_Daily_20260827_124117.png
 create mode 100644 charts/screenshots_nasdaq/PSX/PSX_Daily_20260828_141811.png
 delete mode 100644 charts/screenshots_nasdaq/PSX/PSX_Monthly_20260827_124117.png
 create mode 100644 charts/screenshots_nasdaq/PSX/PSX_Monthly_20260828_141811.png
 delete mode 100644 charts/screenshots_nasdaq/PSX/PSX_Weekly_20260827_124117.png
 create mode 100644 charts/screenshots_nasdaq/PSX/PSX_Weekly_20260828_141811.png
 delete mode 100644 charts/screenshots_nasdaq/PURR/PURR_1H_20260827_131944.png
 delete mode 100644 charts/screenshots_nasdaq/PURR/PURR_4H_20260827_131944.png
 delete mode 100644 charts/screenshots_nasdaq/PURR/PURR_Daily_20260827_131944.png
 delete mode 100644 charts/screenshots_nasdaq/PURR/PURR_Monthly_20260827_131944.png
 delete mode 100644 charts/screenshots_nasdaq/PURR/PURR_Weekly_20260827_131944.png
 delete mode 100644 charts/screenshots_nasdaq/QBTS/QBTS_1H_20260827_132053.png
 create mode 100644 charts/screenshots_nasdaq/QBTS/QBTS_1H_20260828_145140.png
 delete mode 100644 charts/screenshots_nasdaq/QBTS/QBTS_4H_20260827_132053.png
 create mode 100644 charts/screenshots_nasdaq/QBTS/QBTS_4H_20260828_145140.png
 delete mode 100644 charts/screenshots_nasdaq/QBTS/QBTS_Daily_20260827_132053.png
 create mode 100644 charts/screenshots_nasdaq/QBTS/QBTS_Daily_20260828_145140.png
 delete mode 100644 charts/screenshots_nasdaq/QBTS/QBTS_Monthly_20260827_132053.png
 create mode 100644 charts/screenshots_nasdaq/QBTS/QBTS_Monthly_20260828_145140.png
 delete mode 100644 charts/screenshots_nasdaq/QBTS/QBTS_Weekly_20260827_132053.png
 create mode 100644 charts/screenshots_nasdaq/QBTS/QBTS_Weekly_20260828_145140.png
 create mode 100644 charts/screenshots_nasdaq/RBRK/RBRK_1H_20260828_142700.png
 create mode 100644 charts/screenshots_nasdaq/RBRK/RBRK_4H_20260828_142700.png
 create mode 100644 charts/screenshots_nasdaq/RBRK/RBRK_Daily_20260828_142700.png
 create mode 100644 charts/screenshots_nasdaq/RBRK/RBRK_Monthly_20260828_142700.png
 create mode 100644 charts/screenshots_nasdaq/RBRK/RBRK_Weekly_20260828_142700.png
 delete mode 100644 charts/screenshots_nasdaq/REPL/REPL_1H_20260827_125752.png
 create mode 100644 charts/screenshots_nasdaq/REPL/REPL_1H_20260828_140630.png
 delete mode 100644 charts/screenshots_nasdaq/REPL/REPL_4H_20260827_125752.png
 create mode 100644 charts/screenshots_nasdaq/REPL/REPL_4H_20260828_140630.png
 delete mode 100644 charts/screenshots_nasdaq/REPL/REPL_Daily_20260827_125752.png
 create mode 100644 charts/screenshots_nasdaq/REPL/REPL_Daily_20260828_140630.png
 delete mode 100644 charts/screenshots_nasdaq/REPL/REPL_Monthly_20260827_125752.png
 create mode 100644 charts/screenshots_nasdaq/REPL/REPL_Monthly_20260828_140630.png
 delete mode 100644 charts/screenshots_nasdaq/REPL/REPL_Weekly_20260827_125752.png
 create mode 100644 charts/screenshots_nasdaq/REPL/REPL_Weekly_20260828_140630.png
 delete mode 100644 charts/screenshots_nasdaq/RGEN/RGEN_1H_20260827_125117.png
 create mode 100644 charts/screenshots_nasdaq/RGEN/RGEN_1H_20260828_140705.png
 delete mode 100644 charts/screenshots_nasdaq/RGEN/RGEN_4H_20260827_125117.png
 create mode 100644 charts/screenshots_nasdaq/RGEN/RGEN_4H_20260828_140705.png
 delete mode 100644 charts/screenshots_nasdaq/RGEN/RGEN_Daily_20260827_125117.png
 create mode 100644 charts/screenshots_nasdaq/RGEN/RGEN_Daily_20260828_140705.png
 delete mode 100644 charts/screenshots_nasdaq/RGEN/RGEN_Monthly_20260827_125117.png
 create mode 100644 charts/screenshots_nasdaq/RGEN/RGEN_Monthly_20260828_140705.png
 delete mode 100644 charts/screenshots_nasdaq/RGEN/RGEN_Weekly_20260827_125117.png
 create mode 100644 charts/screenshots_nasdaq/RGEN/RGEN_Weekly_20260828_140705.png
 delete mode 100644 charts/screenshots_nasdaq/RHI/RHI_1H_20260827_123632.png
 create mode 100644 charts/screenshots_nasdaq/RHI/RHI_1H_20260828_140740.png
 delete mode 100644 charts/screenshots_nasdaq/RHI/RHI_4H_20260827_123632.png
 create mode 100644 charts/screenshots_nasdaq/RHI/RHI_4H_20260828_140740.png
 delete mode 100644 charts/screenshots_nasdaq/RHI/RHI_Daily_20260827_123632.png
 create mode 100644 charts/screenshots_nasdaq/RHI/RHI_Daily_20260828_140740.png
 delete mode 100644 charts/screenshots_nasdaq/RHI/RHI_Monthly_20260827_123632.png
 create mode 100644 charts/screenshots_nasdaq/RHI/RHI_Monthly_20260828_140740.png
 delete mode 100644 charts/screenshots_nasdaq/RHI/RHI_Weekly_20260827_123632.png
 create mode 100644 charts/screenshots_nasdaq/RHI/RHI_Weekly_20260828_140740.png
 delete mode 100644 charts/screenshots_nasdaq/RNG/RNG_1H_20260827_125828.png
 create mode 100644 charts/screenshots_nasdaq/RNG/RNG_1H_20260828_140814.png
 delete mode 100644 charts/screenshots_nasdaq/RNG/RNG_4H_20260827_125828.png
 create mode 100644 charts/screenshots_nasdaq/RNG/RNG_4H_20260828_140814.png
 delete mode 100644 charts/screenshots_nasdaq/RNG/RNG_Daily_20260827_125828.png
 create mode 100644 charts/screenshots_nasdaq/RNG/RNG_Daily_20260828_140814.png
 delete mode 100644 charts/screenshots_nasdaq/RNG/RNG_Monthly_20260827_125828.png
 create mode 100644 charts/screenshots_nasdaq/RNG/RNG_Monthly_20260828_140814.png
 delete mode 100644 charts/screenshots_nasdaq/RNG/RNG_Weekly_20260827_125828.png
 create mode 100644 charts/screenshots_nasdaq/RNG/RNG_Weekly_20260828_140814.png
 create mode 100644 charts/screenshots_nasdaq/RVMD/RVMD_1H_20260828_142735.png
 create mode 100644 charts/screenshots_nasdaq/RVMD/RVMD_4H_20260828_142735.png
 create mode 100644 charts/screenshots_nasdaq/RVMD/RVMD_Daily_20260828_142735.png
 create mode 100644 charts/screenshots_nasdaq/RVMD/RVMD_Monthly_20260828_142735.png
 create mode 100644 charts/screenshots_nasdaq/RVMD/RVMD_Weekly_20260828_142735.png
 delete mode 100644 charts/screenshots_nasdaq/RXT/RXT_1H_20260827_133122.png
 delete mode 100644 charts/screenshots_nasdaq/RXT/RXT_4H_20260827_133122.png
 delete mode 100644 charts/screenshots_nasdaq/RXT/RXT_Daily_20260827_133122.png
 delete mode 100644 charts/screenshots_nasdaq/RXT/RXT_Monthly_20260827_133122.png
 delete mode 100644 charts/screenshots_nasdaq/RXT/RXT_Weekly_20260827_133122.png
 delete mode 100644 charts/screenshots_nasdaq/RZLV/RZLV_1H_20260827_130643.png
 create mode 100644 charts/screenshots_nasdaq/RZLV/RZLV_1H_20260828_143619.png
 delete mode 100644 charts/screenshots_nasdaq/RZLV/RZLV_4H_20260827_130643.png
 create mode 100644 charts/screenshots_nasdaq/RZLV/RZLV_4H_20260828_143619.png
 delete mode 100644 charts/screenshots_nasdaq/RZLV/RZLV_Daily_20260827_130643.png
 create mode 100644 charts/screenshots_nasdaq/RZLV/RZLV_Daily_20260828_143619.png
 delete mode 100644 charts/screenshots_nasdaq/RZLV/RZLV_Monthly_20260827_130643.png
 create mode 100644 charts/screenshots_nasdaq/RZLV/RZLV_Monthly_20260828_143619.png
 delete mode 100644 charts/screenshots_nasdaq/RZLV/RZLV_Weekly_20260827_130643.png
 create mode 100644 charts/screenshots_nasdaq/RZLV/RZLV_Weekly_20260828_143619.png
 create mode 100644 charts/screenshots_nasdaq/SBET/SBET_1H_20260828_143654.png
 create mode 100644 charts/screenshots_nasdaq/SBET/SBET_4H_20260828_143654.png
 create mode 100644 charts/screenshots_nasdaq/SBET/SBET_Daily_20260828_143654.png
 create mode 100644 charts/screenshots_nasdaq/SBET/SBET_Monthly_20260828_143654.png
 create mode 100644 charts/screenshots_nasdaq/SBET/SBET_Weekly_20260828_143654.png
 delete mode 100644 charts/screenshots_nasdaq/SCCO/SCCO_1H_20260827_130311.png
 create mode 100644 charts/screenshots_nasdaq/SCCO/SCCO_1H_20260828_143139.png
 delete mode 100644 charts/screenshots_nasdaq/SCCO/SCCO_4H_20260827_130311.png
 create mode 100644 charts/screenshots_nasdaq/SCCO/SCCO_4H_20260828_143139.png
 delete mode 100644 charts/screenshots_nasdaq/SCCO/SCCO_Daily_20260827_130311.png
 create mode 100644 charts/screenshots_nasdaq/SCCO/SCCO_Daily_20260828_143139.png
 delete mode 100644 charts/screenshots_nasdaq/SCCO/SCCO_Monthly_20260827_130311.png
 create mode 100644 charts/screenshots_nasdaq/SCCO/SCCO_Monthly_20260828_143139.png
 delete mode 100644 charts/screenshots_nasdaq/SCCO/SCCO_Weekly_20260827_130311.png
 create mode 100644 charts/screenshots_nasdaq/SCCO/SCCO_Weekly_20260828_143139.png
 create mode 100644 charts/screenshots_nasdaq/SM/SM_1H_20260828_141407.png
 create mode 100644 charts/screenshots_nasdaq/SM/SM_4H_20260828_141407.png
 create mode 100644 charts/screenshots_nasdaq/SM/SM_Daily_20260828_141407.png
 create mode 100644 charts/screenshots_nasdaq/SM/SM_Monthly_20260828_141407.png
 create mode 100644 charts/screenshots_nasdaq/SM/SM_Weekly_20260828_141407.png
 delete mode 100644 charts/screenshots_nasdaq/SN/SN_1H_20260827_125154.png
 create mode 100644 charts/screenshots_nasdaq/SN/SN_1H_20260828_140850.png
 delete mode 100644 charts/screenshots_nasdaq/SN/SN_4H_20260827_125154.png
 create mode 100644 charts/screenshots_nasdaq/SN/SN_4H_20260828_140850.png
 delete mode 100644 charts/screenshots_nasdaq/SN/SN_Daily_20260827_125154.png
 create mode 100644 charts/screenshots_nasdaq/SN/SN_Daily_20260828_140850.png
 delete mode 100644 charts/screenshots_nasdaq/SN/SN_Monthly_20260827_125154.png
 create mode 100644 charts/screenshots_nasdaq/SN/SN_Monthly_20260828_140850.png
 delete mode 100644 charts/screenshots_nasdaq/SN/SN_Weekly_20260827_125154.png
 create mode 100644 charts/screenshots_nasdaq/SN/SN_Weekly_20260828_140850.png
 delete mode 100644 charts/screenshots_nasdaq/SRRK/SRRK_1H_20260827_130015.png
 create mode 100644 charts/screenshots_nasdaq/SRRK/SRRK_1H_20260828_140925.png
 delete mode 100644 charts/screenshots_nasdaq/SRRK/SRRK_4H_20260827_130015.png
 create mode 100644 charts/screenshots_nasdaq/SRRK/SRRK_4H_20260828_140925.png
 delete mode 100644 charts/screenshots_nasdaq/SRRK/SRRK_Daily_20260827_130015.png
 create mode 100644 charts/screenshots_nasdaq/SRRK/SRRK_Daily_20260828_140925.png
 delete mode 100644 charts/screenshots_nasdaq/SRRK/SRRK_Monthly_20260827_130015.png
 create mode 100644 charts/screenshots_nasdaq/SRRK/SRRK_Monthly_20260828_140925.png
 delete mode 100644 charts/screenshots_nasdaq/SRRK/SRRK_Weekly_20260827_130015.png
 create mode 100644 charts/screenshots_nasdaq/SRRK/SRRK_Weekly_20260828_140925.png
 create mode 100644 charts/screenshots_nasdaq/SSRM/SSRM_1H_20260828_140959.png
 create mode 100644 charts/screenshots_nasdaq/SSRM/SSRM_4H_20260828_140959.png
 create mode 100644 charts/screenshots_nasdaq/SSRM/SSRM_Daily_20260828_140959.png
 create mode 100644 charts/screenshots_nasdaq/SSRM/SSRM_Monthly_20260828_140959.png
 create mode 100644 charts/screenshots_nasdaq/SSRM/SSRM_Weekly_20260828_140959.png
 create mode 100644 charts/screenshots_nasdaq/STRL/STRL_1H_20260828_145251.png
 create mode 100644 charts/screenshots_nasdaq/STRL/STRL_4H_20260828_145251.png
 create mode 100644 charts/screenshots_nasdaq/STRL/STRL_Daily_20260828_145251.png
 create mode 100644 charts/screenshots_nasdaq/STRL/STRL_Monthly_20260828_145251.png
 create mode 100644 charts/screenshots_nasdaq/STRL/STRL_Weekly_20260828_145251.png
 create mode 100644 charts/screenshots_nasdaq/STUB/STUB_1H_20260828_144734.png
 create mode 100644 charts/screenshots_nasdaq/STUB/STUB_4H_20260828_144734.png
 create mode 100644 charts/screenshots_nasdaq/STUB/STUB_Daily_20260828_144734.png
 create mode 100644 charts/screenshots_nasdaq/STUB/STUB_Monthly_20260828_144734.png
 create mode 100644 charts/screenshots_nasdaq/STUB/STUB_Weekly_20260828_144734.png
 delete mode 100644 charts/screenshots_nasdaq/TBBB/TBBB_1H_20260827_124227.png
 delete mode 100644 charts/screenshots_nasdaq/TBBB/TBBB_4H_20260827_124227.png
 delete mode 100644 charts/screenshots_nasdaq/TBBB/TBBB_Daily_20260827_124227.png
 delete mode 100644 charts/screenshots_nasdaq/TBBB/TBBB_Monthly_20260827_124227.png
 delete mode 100644 charts/screenshots_nasdaq/TBBB/TBBB_Weekly_20260827_124227.png
 create mode 100644 charts/screenshots_nasdaq/TEAM/TEAM_1H_20260828_141846.png
 create mode 100644 charts/screenshots_nasdaq/TEAM/TEAM_4H_20260828_141846.png
 create mode 100644 charts/screenshots_nasdaq/TEAM/TEAM_Daily_20260828_141846.png
 create mode 100644 charts/screenshots_nasdaq/TEAM/TEAM_Monthly_20260828_141846.png
 create mode 100644 charts/screenshots_nasdaq/TEAM/TEAM_Weekly_20260828_141846.png
 create mode 100644 charts/screenshots_nasdaq/TECK/TECK_1H_20260828_141516.png
 create mode 100644 charts/screenshots_nasdaq/TECK/TECK_4H_20260828_141516.png
 create mode 100644 charts/screenshots_nasdaq/TECK/TECK_Daily_20260828_141516.png
 create mode 100644 charts/screenshots_nasdaq/TECK/TECK_Monthly_20260828_141516.png
 create mode 100644 charts/screenshots_nasdaq/TECK/TECK_Weekly_20260828_141516.png
 delete mode 100644 charts/screenshots_nasdaq/TGB/TGB_1H_20260827_125230.png
 create mode 100644 charts/screenshots_nasdaq/TGB/TGB_1H_20260828_141033.png
 delete mode 100644 charts/screenshots_nasdaq/TGB/TGB_4H_20260827_125230.png
 create mode 100644 charts/screenshots_nasdaq/TGB/TGB_4H_20260828_141033.png
 delete mode 100644 charts/screenshots_nasdaq/TGB/TGB_Daily_20260827_125230.png
 create mode 100644 charts/screenshots_nasdaq/TGB/TGB_Daily_20260828_141033.png
 delete mode 100644 charts/screenshots_nasdaq/TGB/TGB_Monthly_20260827_125230.png
 create mode 100644 charts/screenshots_nasdaq/TGB/TGB_Monthly_20260828_141033.png
 delete mode 100644 charts/screenshots_nasdaq/TGB/TGB_Weekly_20260827_125230.png
 create mode 100644 charts/screenshots_nasdaq/TGB/TGB_Weekly_20260828_141033.png
 create mode 100644 charts/screenshots_nasdaq/TME/TME_1H_20260828_145730.png
 create mode 100644 charts/screenshots_nasdaq/TME/TME_4H_20260828_145730.png
 create mode 100644 charts/screenshots_nasdaq/TME/TME_Daily_20260828_145730.png
 create mode 100644 charts/screenshots_nasdaq/TME/TME_Monthly_20260828_145730.png
 create mode 100644 charts/screenshots_nasdaq/TME/TME_Weekly_20260828_145730.png
 delete mode 100644 charts/screenshots_nasdaq/TNON/TNON_1H_20260827_131128.png
 create mode 100644 charts/screenshots_nasdaq/TNON/TNON_1H_20260828_142515.png
 delete mode 100644 charts/screenshots_nasdaq/TNON/TNON_4H_20260827_131128.png
 create mode 100644 charts/screenshots_nasdaq/TNON/TNON_4H_20260828_142515.png
 delete mode 100644 charts/screenshots_nasdaq/TNON/TNON_Daily_20260827_131128.png
 create mode 100644 charts/screenshots_nasdaq/TNON/TNON_Daily_20260828_142515.png
 delete mode 100644 charts/screenshots_nasdaq/TNON/TNON_Monthly_20260827_131128.png
 create mode 100644 charts/screenshots_nasdaq/TNON/TNON_Monthly_20260828_142515.png
 delete mode 100644 charts/screenshots_nasdaq/TNON/TNON_Weekly_20260827_131128.png
 create mode 100644 charts/screenshots_nasdaq/TNON/TNON_Weekly_20260828_142515.png
 create mode 100644 charts/screenshots_nasdaq/TTD/TTD_1H_20260828_145326.png
 create mode 100644 charts/screenshots_nasdaq/TTD/TTD_4H_20260828_145326.png
 create mode 100644 charts/screenshots_nasdaq/TTD/TTD_Daily_20260828_145326.png
 create mode 100644 charts/screenshots_nasdaq/TTD/TTD_Monthly_20260828_145326.png
 create mode 100644 charts/screenshots_nasdaq/TTD/TTD_Weekly_20260828_145326.png
 delete mode 100644 charts/screenshots_nasdaq/TVTX/TVTX_1H_20260827_125306.png
 create mode 100644 charts/screenshots_nasdaq/TVTX/TVTX_1H_20260828_141108.png
 delete mode 100644 charts/screenshots_nasdaq/TVTX/TVTX_4H_20260827_125306.png
 create mode 100644 charts/screenshots_nasdaq/TVTX/TVTX_4H_20260828_141108.png
 delete mode 100644 charts/screenshots_nasdaq/TVTX/TVTX_Daily_20260827_125306.png
 create mode 100644 charts/screenshots_nasdaq/TVTX/TVTX_Daily_20260828_141108.png
 delete mode 100644 charts/screenshots_nasdaq/TVTX/TVTX_Monthly_20260827_125306.png
 create mode 100644 charts/screenshots_nasdaq/TVTX/TVTX_Monthly_20260828_141108.png
 delete mode 100644 charts/screenshots_nasdaq/TVTX/TVTX_Weekly_20260827_125306.png
 create mode 100644 charts/screenshots_nasdaq/TVTX/TVTX_Weekly_20260828_141108.png
 delete mode 100644 charts/screenshots_nasdaq/TWST/TWST_1H_20260827_125904.png
 create mode 100644 charts/screenshots_nasdaq/TWST/TWST_1H_20260828_141255.png
 delete mode 100644 charts/screenshots_nasdaq/TWST/TWST_4H_20260827_125904.png
 create mode 100644 charts/screenshots_nasdaq/TWST/TWST_4H_20260828_141255.png
 delete mode 100644 charts/screenshots_nasdaq/TWST/TWST_Daily_20260827_125904.png
 create mode 100644 charts/screenshots_nasdaq/TWST/TWST_Daily_20260828_141255.png
 delete mode 100644 charts/screenshots_nasdaq/TWST/TWST_Monthly_20260827_125904.png
 create mode 100644 charts/screenshots_nasdaq/TWST/TWST_Monthly_20260828_141255.png
 delete mode 100644 charts/screenshots_nasdaq/TWST/TWST_Weekly_20260827_125904.png
 create mode 100644 charts/screenshots_nasdaq/TWST/TWST_Weekly_20260828_141255.png
 delete mode 100644 charts/screenshots_nasdaq/TXG/TXG_1H_20260827_125940.png
 create mode 100644 charts/screenshots_nasdaq/TXG/TXG_1H_20260828_141331.png
 delete mode 100644 charts/screenshots_nasdaq/TXG/TXG_4H_20260827_125940.png
 create mode 100644 charts/screenshots_nasdaq/TXG/TXG_4H_20260828_141331.png
 delete mode 100644 charts/screenshots_nasdaq/TXG/TXG_Daily_20260827_125940.png
 create mode 100644 charts/screenshots_nasdaq/TXG/TXG_Daily_20260828_141331.png
 delete mode 100644 charts/screenshots_nasdaq/TXG/TXG_Monthly_20260827_125940.png
 create mode 100644 charts/screenshots_nasdaq/TXG/TXG_Monthly_20260828_141331.png
 delete mode 100644 charts/screenshots_nasdaq/TXG/TXG_Weekly_20260827_125940.png
 create mode 100644 charts/screenshots_nasdaq/TXG/TXG_Weekly_20260828_141331.png
 create mode 100644 charts/screenshots_nasdaq/UTI/UTI_1H_20260828_145622.png
 create mode 100644 charts/screenshots_nasdaq/UTI/UTI_4H_20260828_145622.png
 create mode 100644 charts/screenshots_nasdaq/UTI/UTI_Daily_20260828_145622.png
 create mode 100644 charts/screenshots_nasdaq/UTI/UTI_Monthly_20260828_145622.png
 create mode 100644 charts/screenshots_nasdaq/UTI/UTI_Weekly_20260828_145622.png
 delete mode 100644 charts/screenshots_nasdaq/VCTR/VCTR_1H_20260827_123819.png
 create mode 100644 charts/screenshots_nasdaq/VCTR/VCTR_1H_20260828_142810.png
 delete mode 100644 charts/screenshots_nasdaq/VCTR/VCTR_4H_20260827_123819.png
 create mode 100644 charts/screenshots_nasdaq/VCTR/VCTR_4H_20260828_142810.png
 delete mode 100644 charts/screenshots_nasdaq/VCTR/VCTR_Daily_20260827_123819.png
 create mode 100644 charts/screenshots_nasdaq/VCTR/VCTR_Daily_20260828_142810.png
 delete mode 100644 charts/screenshots_nasdaq/VCTR/VCTR_Monthly_20260827_123819.png
 create mode 100644 charts/screenshots_nasdaq/VCTR/VCTR_Monthly_20260828_142810.png
 delete mode 100644 charts/screenshots_nasdaq/VCTR/VCTR_Weekly_20260827_123819.png
 create mode 100644 charts/screenshots_nasdaq/VCTR/VCTR_Weekly_20260828_142810.png
 create mode 100644 charts/screenshots_nasdaq/VIRT/VIRT_1H_20260828_143400.png
 create mode 100644 charts/screenshots_nasdaq/VIRT/VIRT_4H_20260828_143400.png
 create mode 100644 charts/screenshots_nasdaq/VIRT/VIRT_Daily_20260828_143400.png
 create mode 100644 charts/screenshots_nasdaq/VIRT/VIRT_Monthly_20260828_143400.png
 create mode 100644 charts/screenshots_nasdaq/VIRT/VIRT_Weekly_20260828_143400.png
 delete mode 100644 charts/screenshots_nasdaq/VPG/VPG_1H_20260827_132239.png
 delete mode 100644 charts/screenshots_nasdaq/VPG/VPG_4H_20260827_132239.png
 delete mode 100644 charts/screenshots_nasdaq/VPG/VPG_Daily_20260827_132239.png
 delete mode 100644 charts/screenshots_nasdaq/VPG/VPG_Monthly_20260827_132239.png
 delete mode 100644 charts/screenshots_nasdaq/VPG/VPG_Weekly_20260827_132239.png
 create mode 100644 charts/screenshots_nasdaq/VREX/VREX_1H_20260828_142217.png
 create mode 100644 charts/screenshots_nasdaq/VREX/VREX_4H_20260828_142217.png
 create mode 100644 charts/screenshots_nasdaq/VREX/VREX_Daily_20260828_142217.png
 create mode 100644 charts/screenshots_nasdaq/VREX/VREX_Monthly_20260828_142217.png
 create mode 100644 charts/screenshots_nasdaq/VREX/VREX_Weekly_20260828_142217.png
 create mode 100644 charts/screenshots_nasdaq/VRTX/VRTX_1H_20260828_142845.png
 create mode 100644 charts/screenshots_nasdaq/VRTX/VRTX_4H_20260828_142845.png
 create mode 100644 charts/screenshots_nasdaq/VRTX/VRTX_Daily_20260828_142845.png
 create mode 100644 charts/screenshots_nasdaq/VRTX/VRTX_Monthly_20260828_142845.png
 create mode 100644 charts/screenshots_nasdaq/VRTX/VRTX_Weekly_20260828_142845.png
 delete mode 100644 charts/screenshots_nasdaq/VSH/VSH_1H_20260827_133013.png
 create mode 100644 charts/screenshots_nasdaq/VSH/VSH_1H_20260828_145806.png
 delete mode 100644 charts/screenshots_nasdaq/VSH/VSH_4H_20260827_133013.png
 create mode 100644 charts/screenshots_nasdaq/VSH/VSH_4H_20260828_145806.png
 delete mode 100644 charts/screenshots_nasdaq/VSH/VSH_Daily_20260827_133013.png
 create mode 100644 charts/screenshots_nasdaq/VSH/VSH_Daily_20260828_145806.png
 delete mode 100644 charts/screenshots_nasdaq/VSH/VSH_Monthly_20260827_133013.png
 create mode 100644 charts/screenshots_nasdaq/VSH/VSH_Monthly_20260828_145806.png
 delete mode 100644 charts/screenshots_nasdaq/VSH/VSH_Weekly_20260827_133013.png
 create mode 100644 charts/screenshots_nasdaq/VSH/VSH_Weekly_20260828_145806.png
 create mode 100644 charts/screenshots_nasdaq/VXX/VXX_1H_20260828_144808.png
 create mode 100644 charts/screenshots_nasdaq/VXX/VXX_4H_20260828_144808.png
 create mode 100644 charts/screenshots_nasdaq/VXX/VXX_Daily_20260828_144808.png
 create mode 100644 charts/screenshots_nasdaq/VXX/VXX_Monthly_20260828_144808.png
 create mode 100644 charts/screenshots_nasdaq/VXX/VXX_Weekly_20260828_144808.png
 delete mode 100644 charts/screenshots_nasdaq/WETO/WETO_1H_20260827_125342.png
 delete mode 100644 charts/screenshots_nasdaq/WETO/WETO_4H_20260827_125342.png
 delete mode 100644 charts/screenshots_nasdaq/WETO/WETO_Daily_20260827_125342.png
 delete mode 100644 charts/screenshots_nasdaq/WETO/WETO_Monthly_20260827_125342.png
 delete mode 100644 charts/screenshots_nasdaq/WETO/WETO_Weekly_20260827_125342.png
 delete mode 100644 charts/screenshots_nasdaq/WIX/WIX_1H_20260827_131350.png
 create mode 100644 charts/screenshots_nasdaq/WIX/WIX_1H_20260828_143729.png
 delete mode 100644 charts/screenshots_nasdaq/WIX/WIX_4H_20260827_131350.png
 create mode 100644 charts/screenshots_nasdaq/WIX/WIX_4H_20260828_143729.png
 delete mode 100644 charts/screenshots_nasdaq/WIX/WIX_Daily_20260827_131350.png
 create mode 100644 charts/screenshots_nasdaq/WIX/WIX_Daily_20260828_143729.png
 delete mode 100644 charts/screenshots_nasdaq/WIX/WIX_Monthly_20260827_131350.png
 create mode 100644 charts/screenshots_nasdaq/WIX/WIX_Monthly_20260828_143729.png
 delete mode 100644 charts/screenshots_nasdaq/WIX/WIX_Weekly_20260827_131350.png
 create mode 100644 charts/screenshots_nasdaq/WIX/WIX_Weekly_20260828_143729.png
 delete mode 100644 charts/screenshots_nasdaq/WT/WT_1H_20260827_123707.png
 create mode 100644 charts/screenshots_nasdaq/WT/WT_1H_20260828_143104.png
 delete mode 100644 charts/screenshots_nasdaq/WT/WT_4H_20260827_123707.png
 create mode 100644 charts/screenshots_nasdaq/WT/WT_4H_20260828_143104.png
 delete mode 100644 charts/screenshots_nasdaq/WT/WT_Daily_20260827_123707.png
 create mode 100644 charts/screenshots_nasdaq/WT/WT_Daily_20260828_143104.png
 delete mode 100644 charts/screenshots_nasdaq/WT/WT_Monthly_20260827_123707.png
 create mode 100644 charts/screenshots_nasdaq/WT/WT_Monthly_20260828_143104.png
 delete mode 100644 charts/screenshots_nasdaq/WT/WT_Weekly_20260827_123707.png
 create mode 100644 charts/screenshots_nasdaq/WT/WT_Weekly_20260828_143104.png
 delete mode 100644 charts/screenshots_nasdaq/WYFI/WYFI_1H_20260827_132018.png
 delete mode 100644 charts/screenshots_nasdaq/WYFI/WYFI_4H_20260827_132018.png
 delete mode 100644 charts/screenshots_nasdaq/WYFI/WYFI_Daily_20260827_132018.png
 delete mode 100644 charts/screenshots_nasdaq/WYFI/WYFI_Monthly_20260827_132018.png
 delete mode 100644 charts/screenshots_nasdaq/WYFI/WYFI_Weekly_20260827_132018.png
 delete mode 100644 charts/screenshots_nasdaq/XHLD/XHLD_1H_20260827_130755.png
 create mode 100644 charts/screenshots_nasdaq/XHLD/XHLD_1H_20260828_143248.png
 delete mode 100644 charts/screenshots_nasdaq/XHLD/XHLD_4H_20260827_130755.png
 create mode 100644 charts/screenshots_nasdaq/XHLD/XHLD_4H_20260828_143248.png
 delete mode 100644 charts/screenshots_nasdaq/XHLD/XHLD_Daily_20260827_130755.png
 create mode 100644 charts/screenshots_nasdaq/XHLD/XHLD_Daily_20260828_143248.png
 delete mode 100644 charts/screenshots_nasdaq/XHLD/XHLD_Monthly_20260827_130755.png
 create mode 100644 charts/screenshots_nasdaq/XHLD/XHLD_Monthly_20260828_143248.png
 delete mode 100644 charts/screenshots_nasdaq/XHLD/XHLD_Weekly_20260827_130755.png
 create mode 100644 charts/screenshots_nasdaq/XHLD/XHLD_Weekly_20260828_143248.png
 delete mode 100644 charts/screenshots_nasdaq/XNCR/XNCR_1H_20260827_130049.png
 create mode 100644 charts/screenshots_nasdaq/XNCR/XNCR_1H_20260828_140044.png
 delete mode 100644 charts/screenshots_nasdaq/XNCR/XNCR_4H_20260827_130049.png
 create mode 100644 charts/screenshots_nasdaq/XNCR/XNCR_4H_20260828_140044.png
 delete mode 100644 charts/screenshots_nasdaq/XNCR/XNCR_Daily_20260827_130049.png
 create mode 100644 charts/screenshots_nasdaq/XNCR/XNCR_Daily_20260828_140044.png
 delete mode 100644 charts/screenshots_nasdaq/XNCR/XNCR_Monthly_20260827_130049.png
 create mode 100644 charts/screenshots_nasdaq/XNCR/XNCR_Monthly_20260828_140044.png
 delete mode 100644 charts/screenshots_nasdaq/XNCR/XNCR_Weekly_20260827_130049.png
 create mode 100644 charts/screenshots_nasdaq/XNCR/XNCR_Weekly_20260828_140044.png
 delete mode 100644 charts/screenshots_nasdaq/XOS/XOS_1H_20260827_131612.png
 create mode 100644 charts/screenshots_nasdaq/XOS/XOS_1H_20260828_143213.png
 delete mode 100644 charts/screenshots_nasdaq/XOS/XOS_4H_20260827_131612.png
 create mode 100644 charts/screenshots_nasdaq/XOS/XOS_4H_20260828_143213.png
 delete mode 100644 charts/screenshots_nasdaq/XOS/XOS_Daily_20260827_131612.png
 create mode 100644 charts/screenshots_nasdaq/XOS/XOS_Daily_20260828_143213.png
 delete mode 100644 charts/screenshots_nasdaq/XOS/XOS_Monthly_20260827_131612.png
 create mode 100644 charts/screenshots_nasdaq/XOS/XOS_Monthly_20260828_143213.png
 delete mode 100644 charts/screenshots_nasdaq/XOS/XOS_Weekly_20260827_131612.png
 create mode 100644 charts/screenshots_nasdaq/XOS/XOS_Weekly_20260828_143213.png
 create mode 100644 charts/screenshots_nasdaq/ZETA/ZETA_1H_20260828_141144.png
 create mode 100644 charts/screenshots_nasdaq/ZETA/ZETA_4H_20260828_141144.png
 create mode 100644 charts/screenshots_nasdaq/ZETA/ZETA_Daily_20260828_141144.png
 create mode 100644 charts/screenshots_nasdaq/ZETA/ZETA_Monthly_20260828_141144.png
 create mode 100644 charts/screenshots_nasdaq/ZETA/ZETA_Weekly_20260828_141144.png
 create mode 100644 charts/screenshots_nasdaq/ZG/ZG_1H_20260828_144514.png
 create mode 100644 charts/screenshots_nasdaq/ZG/ZG_4H_20260828_144514.png
 create mode 100644 charts/screenshots_nasdaq/ZG/ZG_Daily_20260828_144514.png
 create mode 100644 charts/screenshots_nasdaq/ZG/ZG_Monthly_20260828_144514.png
 create mode 100644 charts/screenshots_nasdaq/ZG/ZG_Weekly_20260828_144514.png
[[NASDAQ/NYSE 차트분석]] GitHub 푸시 완료
[[NASDAQ/NYSE 차트분석]] Google Sheets 업데이트 완료 (103개 종목)
[Paper Trading] NASDAQ ranked_df 스냅샷 저장 완료 (212개 종목)

[요약] 전 종목 스캔 완료 – 총 5836.2초 (97.27분) 소요
