============================================================
[1단계] 전 종목 리스트 수집 및 기본 필터링
============================================================
[ticker_fetcher] 나스닥 FTP 서버에서 종목 리스트 다운로드 중...
[ticker_fetcher] 총 7510개 종목 로드 → 비표준 심볼 1265개 제거 → 6245개 보통주
[ticker_fetcher] 1단계 필터링 배치 1/42 (150개 종목)...
[ticker_fetcher] 1단계 필터링 배치 2/42 (150개 종목)...
[ticker_fetcher] 1단계 필터링 배치 3/42 (150개 종목)...
[ticker_fetcher] 1단계 필터링 배치 4/42 (150개 종목)...
[ticker_fetcher] 1단계 필터링 배치 5/42 (150개 종목)...
[ticker_fetcher] 1단계 필터링 배치 6/42 (150개 종목)...
[ticker_fetcher] 1단계 필터링 배치 7/42 (150개 종목)...
[ticker_fetcher] 1단계 필터링 배치 8/42 (150개 종목)...
[ticker_fetcher] 1단계 필터링 배치 9/42 (150개 종목)...
[ticker_fetcher] 1단계 필터링 배치 10/42 (150개 종목)...
[ticker_fetcher] 1단계 필터링 배치 11/42 (150개 종목)...
[ticker_fetcher] 1단계 필터링 배치 12/42 (150개 종목)...
[ticker_fetcher] 1단계 필터링 배치 13/42 (150개 종목)...
[ticker_fetcher] 1단계 필터링 배치 14/42 (150개 종목)...
[ticker_fetcher] 1단계 필터링 배치 15/42 (150개 종목)...
[ticker_fetcher] 1단계 필터링 배치 16/42 (150개 종목)...
[ticker_fetcher] 1단계 필터링 배치 17/42 (150개 종목)...
[ticker_fetcher] 1단계 필터링 배치 18/42 (150개 종목)...
[ticker_fetcher] 1단계 필터링 배치 19/42 (150개 종목)...
[ticker_fetcher] 1단계 필터링 배치 20/42 (150개 종목)...
[ticker_fetcher] 1단계 필터링 배치 21/42 (150개 종목)...
[ticker_fetcher] 1단계 필터링 배치 22/42 (150개 종목)...
[ticker_fetcher] 1단계 필터링 배치 23/42 (150개 종목)...
[ticker_fetcher] 1단계 필터링 배치 24/42 (150개 종목)...
[ticker_fetcher] 1단계 필터링 배치 25/42 (150개 종목)...
[ticker_fetcher] 1단계 필터링 배치 26/42 (150개 종목)...
[ticker_fetcher] 1단계 필터링 배치 27/42 (150개 종목)...
[ticker_fetcher] 1단계 필터링 배치 28/42 (150개 종목)...
[ticker_fetcher] 1단계 필터링 배치 29/42 (150개 종목)...
[ticker_fetcher] 1단계 필터링 배치 30/42 (150개 종목)...
[ticker_fetcher] 1단계 필터링 배치 31/42 (150개 종목)...
[ticker_fetcher] 1단계 필터링 배치 32/42 (150개 종목)...
[ticker_fetcher] 1단계 필터링 배치 33/42 (150개 종목)...
[ticker_fetcher] 1단계 필터링 배치 34/42 (150개 종목)...
[ticker_fetcher] 1단계 필터링 배치 35/42 (150개 종목)...
[ticker_fetcher] 1단계 필터링 배치 36/42 (150개 종목)...
[ticker_fetcher] 1단계 필터링 배치 37/42 (150개 종목)...
[ticker_fetcher] 1단계 필터링 배치 38/42 (150개 종목)...
[ticker_fetcher] 1단계 필터링 배치 39/42 (150개 종목)...
[ticker_fetcher] 1단계 필터링 배치 40/42 (150개 종목)...
[ticker_fetcher] 1단계 필터링 배치 41/42 (150개 종목)...
[ticker_fetcher] 1단계 필터링 배치 42/42 (95개 종목)...
[ticker_fetcher] 1단계 필터링 완료: 6245개 → 4168개 (가격 ≥ $1.0, 평균 거래량 ≥ 100,000)

============================================================
[2단계] 바닥 탈출 / 강세 돌파 후보 선별
============================================================
[2단계] 배치 1/28 (150개 종목 분석 중)...
[2단계] 배치 2/28 (150개 종목 분석 중)...
[2단계] 배치 3/28 (150개 종목 분석 중)...
[2단계] 배치 4/28 (150개 종목 분석 중)...
[2단계] 배치 5/28 (150개 종목 분석 중)...
[2단계] 배치 6/28 (150개 종목 분석 중)...
[2단계] 배치 7/28 (150개 종목 분석 중)...
[2단계] 배치 8/28 (150개 종목 분석 중)...
[2단계] 배치 9/28 (150개 종목 분석 중)...
[2단계] 배치 10/28 (150개 종목 분석 중)...
[2단계] 배치 11/28 (150개 종목 분석 중)...
[2단계] 배치 12/28 (150개 종목 분석 중)...
[2단계] 배치 13/28 (150개 종목 분석 중)...
[2단계] 배치 14/28 (150개 종목 분석 중)...
[2단계] 배치 15/28 (150개 종목 분석 중)...
[2단계] 배치 16/28 (150개 종목 분석 중)...
[2단계] 배치 17/28 (150개 종목 분석 중)...
[2단계] 배치 18/28 (150개 종목 분석 중)...
[2단계] 배치 19/28 (150개 종목 분석 중)...
[2단계] 배치 20/28 (150개 종목 분석 중)...
[2단계] 배치 21/28 (150개 종목 분석 중)...
[2단계] 배치 22/28 (150개 종목 분석 중)...
[2단계] 배치 23/28 (150개 종목 분석 중)...
[2단계] 배치 24/28 (150개 종목 분석 중)...
[2단계] 배치 25/28 (150개 종목 분석 중)...
[2단계] 배치 26/28 (150개 종목 분석 중)...
[2단계] 배치 27/28 (150개 종목 분석 중)...
[2단계] 배치 28/28 (118개 종목 분석 중)...
[2단계] 필터링 완료: 4168개 → 864개 후보 선별

============================================================
[3단계] 864개 후보 종목 정밀 분석
============================================================
[OHLCV] 배치 다운로드 1/6 (150개 종목, period=5y)...
[OHLCV] 배치 다운로드 2/6 (150개 종목, period=5y)...
[OHLCV] 배치 다운로드 3/6 (150개 종목, period=5y)...
[OHLCV] 배치 다운로드 4/6 (150개 종목, period=5y)...
[OHLCV] 배치 다운로드 5/6 (150개 종목, period=5y)...
[OHLCV] 배치 다운로드 6/6 (114개 종목, period=5y)...
[DataValidator] 688건의 데이터 품질 경고 발생
Warning:  AAOI: 비정상 가격 변동 67.1% (2023-08-04) — 스플릿/데이터 오류 가능
Warning:  AARD: Close NaN 비율 68.1% (기준: 30%)
Warning:  AARD: 비정상 가격 변동 56.2% (2026-03-02) — 스플릿/데이터 오류 가능
Warning:  ABAT: 비정상 가격 변동 60.4% (2024-12-23) — 스플릿/데이터 오류 가능
Warning:  ABTC: 비정상 가격 변동 173.1% (2025-05-12) — 스플릿/데이터 오류 가능
Warning:  ABTS: 비정상 가격 변동 1381.0% (2025-03-10) — 스플릿/데이터 오류 가능
Warning:  ABVC: 비정상 가격 변동 137.4% (2021-11-01) — 스플릿/데이터 오류 가능
Warning:  ACXP: 비정상 가격 변동 167.4% (2025-06-17) — 스플릿/데이터 오류 가능
Warning:  ADCT: 비정상 가격 변동 63.1% (2023-12-13) — 스플릿/데이터 오류 가능
Warning:  ADVB: Close NaN 비율 69.2% (기준: 30%)
Warning:  ADVB: 비정상 가격 변동 76.9% (2026-07-20) — 스플릿/데이터 오류 가능
Warning:  ADXN: 비정상 가격 변동 110.5% (2022-07-21) — 스플릿/데이터 오류 가능
Warning:  ADXN: 거래량 0 연속 5일 (기준: 5일) — 상장폐지/거래정지 가능
Warning:  AEHL: 비정상 가격 변동 135.3% (2026-05-08) — 스플릿/데이터 오류 가능
Warning:  AEMD: 비정상 가격 변동 374.1% (2026-09-17) — 스플릿/데이터 오류 가능
Warning:  AGIG: 비정상 가격 변동 494.7% (2022-03-07) — 스플릿/데이터 오류 가능
Warning:  AHMA: Close NaN 비율 81.8% (기준: 30%)
Warning:  AHMA: 비정상 가격 변동 198.1% (2025-12-01) — 스플릿/데이터 오류 가능
Warning:  AIB: Close NaN 비율 89.8% (기준: 30%)
Warning:  AIFF: 비정상 가격 변동 171.0% (2025-02-11) — 스플릿/데이터 오류 가능
Warning:  AIIO: 비정상 가격 변동 116.1% (2026-05-14) — 스플릿/데이터 오류 가능
Warning:  AIRE: Close NaN 비율 41.9% (기준: 30%)
Warning:  AIRE: 비정상 가격 변동 347.4% (2025-07-21) — 스플릿/데이터 오류 가능
Warning:  AIRO: Close NaN 비율 74.7% (기준: 30%)
Warning:  AIRS: 비정상 가격 변동 51.6% (2026-03-16) — 스플릿/데이터 오류 가능
Warning:  AISP: 비정상 가격 변동 200.0% (2024-03-05) — 스플릿/데이터 오류 가능
Warning:  AIXC: 비정상 가격 변동 111.7% (2024-07-12) — 스플릿/데이터 오류 가능
Warning:  AIXI: 비정상 가격 변동 590.7% (2026-09-08) — 스플릿/데이터 오류 가능
Warning:  AKAN: 비정상 가격 변동 214.2% (2026-04-22) — 스플릿/데이터 오류 가능
Warning:  ALAR: 비정상 가격 변동 51.5% (2026-07-06) — 스플릿/데이터 오류 가능
Warning:  ALDX: 비정상 가격 변동 73.3% (2025-04-03) — 스플릿/데이터 오류 가능
Warning:  ALMS: Close NaN 비율 55.6% (기준: 30%)
Warning:  ALMS: 비정상 가격 변동 95.3% (2026-01-06) — 스플릿/데이터 오류 가능
Warning:  ALMU: 비정상 가격 변동 66.7% (2023-03-20) — 스플릿/데이터 오류 가능
Warning:  ALOY: 비정상 가격 변동 226.6% (2025-01-22) — 스플릿/데이터 오류 가능
Warning:  ALP: 비정상 가격 변동 3647.5% (2026-09-10) — 스플릿/데이터 오류 가능
Warning:  AMBR: 비정상 가격 변동 56.3% (2025-11-26) — 스플릿/데이터 오류 가능
Warning:  AMCI: 비정상 가격 변동 168.3% (2025-12-15) — 스플릿/데이터 오류 가능
Warning:  AMIX: Close NaN 비율 47.2% (기준: 30%)
Warning:  AMIX: 비정상 가격 변동 434.2% (2026-08-04) — 스플릿/데이터 오류 가능
Warning:  AMOD: 비정상 가격 변동 103.9% (2025-01-30) — 스플릿/데이터 오류 가능
Warning:  AMPG: 비정상 가격 변동 94.6% (2024-12-11) — 스플릿/데이터 오류 가능
Warning:  AMPX: 비정상 가격 변동 86.4% (2022-09-20) — 스플릿/데이터 오류 가능
Warning:  AMSC: 비정상 가격 변동 60.0% (2023-08-01) — 스플릿/데이터 오류 가능
Warning:  AMST: 비정상 가격 변동 120.1% (2026-05-19) — 스플릿/데이터 오류 가능
Warning:  ANNA: 비정상 가격 변동 86.5% (2026-03-20) — 스플릿/데이터 오류 가능
Warning:  ANPA: Close NaN 비율 75.9% (기준: 30%)
Warning:  ANPA: 비정상 가격 변동 258.9% (2026-01-09) — 스플릿/데이터 오류 가능
Warning:  ANVS: 비정상 가격 변동 76.1% (2024-07-02) — 스플릿/데이터 오류 가능
Warning:  APVO: 비정상 가격 변동 162.8% (2021-11-23) — 스플릿/데이터 오류 가능
Warning:  AREC: 비정상 가격 변동 83.5% (2025-04-16) — 스플릿/데이터 오류 가능
Warning:  ARMP: 비정상 가격 변동 103.2% (2025-10-22) — 스플릿/데이터 오류 가능
Warning:  ARQQ: 비정상 가격 변동 56.9% (2025-03-17) — 스플릿/데이터 오류 가능
Warning:  ASST: 비정상 가격 변동 455.7% (2025-05-07) — 스플릿/데이터 오류 가능
Warning:  ASTI: 비정상 가격 변동 143.8% (2025-06-26) — 스플릿/데이터 오류 가능
Warning:  ASTS: 비정상 가격 변동 69.2% (2024-05-29) — 스플릿/데이터 오류 가능
Warning:  ATLX: 비정상 가격 변동 60.5% (2023-02-23) — 스플릿/데이터 오류 가능
Warning:  ATOM: 비정상 가격 변동 64.0% (2026-02-13) — 스플릿/데이터 오류 가능
Warning:  ATTT: Close NaN 비율 53.2% (기준: 30%)
Warning:  ATTT: 비정상 가격 변동 94.3% (2025-03-11) — 스플릿/데이터 오류 가능
Warning:  AUUD: 비정상 가격 변동 181.8% (2023-06-12) — 스플릿/데이터 오류 가능
Warning:  AXG: Close NaN 비율 39.4% (기준: 30%)
Warning:  AXG: 비정상 가격 변동 135.0% (2024-03-06) — 스플릿/데이터 오류 가능
Warning:  AXTI: 비정상 가격 변동 69.3% (2024-02-23) — 스플릿/데이터 오류 가능
Warning:  AZI: Close NaN 비율 58.9% (기준: 30%)
Warning:  AZI: 비정상 가격 변동 146.2% (2026-03-09) — 스플릿/데이터 오류 가능
Warning:  AZIO: 비정상 가격 변동 442.1% (2026-01-12) — 스플릿/데이터 오류 가능
Warning:  BATL: 비정상 가격 변동 211.7% (2026-01-26) — 스플릿/데이터 오류 가능
Warning:  BBAI: 비정상 가격 변동 260.5% (2023-01-12) — 스플릿/데이터 오류 가능
Warning:  BBOT: Close NaN 비율 47.9% (기준: 30%)
Warning:  BCTX: 비정상 가격 변동 1494.6% (2025-01-29) — 스플릿/데이터 오류 가능
Warning:  BDTX: 비정상 가격 변동 235.9% (2023-06-27) — 스플릿/데이터 오류 가능
Warning:  BETR: 비정상 가격 변동 223.0% (2023-07-25) — 스플릿/데이터 오류 가능
Warning:  BIAF: 비정상 가격 변동 319.2% (2025-04-01) — 스플릿/데이터 오류 가능
Warning:  BIOA: Close NaN 비율 60.5% (기준: 30%)
Warning:  BIOA: 비정상 가격 변동 76.9% (2024-12-09) — 스플릿/데이터 오류 가능
Warning:  BIRD: 비정상 가격 변동 582.3% (2026-04-15) — 스플릿/데이터 오류 가능
Warning:  BKKT: 비정상 가격 변동 234.4% (2021-10-25) — 스플릿/데이터 오류 가능
Warning:  BKSY: 비정상 가격 변동 97.5% (2022-05-25) — 스플릿/데이터 오류 가능
Warning:  BMGL: Close NaN 비율 68.7% (기준: 30%)
Warning:  BMGL: 비정상 가격 변동 484.6% (2025-05-30) — 스플릿/데이터 오류 가능
Warning:  BMNR: Close NaN 비율 74.2% (기준: 30%)
Warning:  BMNR: 비정상 가격 변동 694.8% (2025-06-30) — 스플릿/데이터 오류 가능
Warning:  BNAI: 비정상 가격 변동 276.7% (2026-01-26) — 스플릿/데이터 오류 가능
Warning:  BNC: 비정상 가격 변동 548.8% (2025-07-28) — 스플릿/데이터 오류 가능
Warning:  BNKK: 비정상 가격 변동 51.1% (2025-08-11) — 스플릿/데이터 오류 가능
Warning:  BRCB: Close NaN 비율 79.7% (기준: 30%)
Warning:  BRLS: 비정상 가격 변동 134.3% (2026-02-09) — 스플릿/데이터 오류 가능
Warning:  BRNX: 비정상 가격 변동 140.3% (2024-08-30) — 스플릿/데이터 오류 가능
Warning:  BRR: Close NaN 비율 74.4% (기준: 30%)
Warning:  BRTX: 비정상 가격 변동 1751.4% (2026-09-09) — 스플릿/데이터 오류 가능
Warning:  BRUN: Close NaN 비율 65.7% (기준: 30%)
Warning:  BTCS: 비정상 가격 변동 111.1% (2025-07-08) — 스플릿/데이터 오류 가능
Warning:  BTCT: 비정상 가격 변동 316.7% (2024-11-12) — 스플릿/데이터 오류 가능
Warning:  BTDR: 비정상 가격 변동 50.9% (2023-06-16) — 스플릿/데이터 오류 가능
Warning:  BTGO: Close NaN 비율 86.8% (기준: 30%)
Warning:  BTQ: Close NaN 비율 80.5% (기준: 30%)
Warning:  BTQ: 비정상 가격 변동 51.5% (2025-10-07) — 스플릿/데이터 오류 가능
Warning:  BULL: 비정상 가격 변동 374.7% (2025-04-14) — 스플릿/데이터 오류 가능
Warning:  BUR: 비정상 가격 변동 53.2% (2023-03-31) — 스플릿/데이터 오류 가능
Warning:  BW: 비정상 가격 변동 66.9% (2025-06-05) — 스플릿/데이터 오류 가능
Warning:  BXBL: Close NaN 비율 67.9% (기준: 30%)
Warning:  BYAH: Close NaN 비율 65.6% (기준: 30%)
Warning:  BYAH: 비정상 가격 변동 150.0% (2026-06-08) — 스플릿/데이터 오류 가능
Warning:  BYND: 비정상 가격 변동 146.3% (2025-10-21) — 스플릿/데이터 오류 가능
Warning:  CALC: Close NaN 비율 34.8% (기준: 30%)
Warning:  CALC: 비정상 가격 변동 75.6% (2026-01-28) — 스플릿/데이터 오류 가능
Warning:  CANF: 비정상 가격 변동 69.3% (2021-12-20) — 스플릿/데이터 오류 가능
Warning:  CAPR: 비정상 가격 변동 371.1% (2025-12-03) — 스플릿/데이터 오류 가능
Warning:  CAR: 비정상 가격 변동 108.3% (2021-11-02) — 스플릿/데이터 오류 가능
Warning:  CAST: Close NaN 비율 89.4% (기준: 30%)
Warning:  CAST: 비정상 가격 변동 144.2% (2026-08-18) — 스플릿/데이터 오류 가능
Warning:  CBUS: 비정상 가격 변동 89.8% (2023-01-17) — 스플릿/데이터 오류 가능
Warning:  CD: 비정상 가격 변동 81.4% (2024-11-11) — 스플릿/데이터 오류 가능
Warning:  CDNL: Close NaN 비율 84.6% (기준: 30%)
Warning:  CDTG: Close NaN 비율 51.8% (기준: 30%)
Warning:  CDTG: 비정상 가격 변동 88.4% (2025-09-09) — 스플릿/데이터 오류 가능
Warning:  CFND: Close NaN 비율 77.7% (기준: 30%)
Warning:  CHGA: 비정상 가격 변동 316.9% (2024-06-03) — 스플릿/데이터 오류 가능
Warning:  CIIT: 비정상 가격 변동 132.3% (2021-11-15) — 스플릿/데이터 오류 가능
Warning:  CING: 비정상 가격 변동 268.5% (2024-08-16) — 스플릿/데이터 오류 가능
Warning:  CISS: Close NaN 비율 34.8% (기준: 30%)
Warning:  CISS: 비정상 가격 변동 84.2% (2025-10-07) — 스플릿/데이터 오류 가능
Warning:  CJMB: Close NaN 비율 67.6% (기준: 30%)
Warning:  CJMB: 비정상 가격 변동 275.0% (2026-01-15) — 스플릿/데이터 오류 가능
Warning:  CLGN: 비정상 가격 변동 76.2% (2025-05-28) — 스플릿/데이터 오류 가능
Warning:  CLIK: Close NaN 비율 61.2% (기준: 30%)
Warning:  CLIK: 비정상 가격 변동 153.6% (2025-05-15) — 스플릿/데이터 오류 가능
Warning:  CLLS: 비정상 가격 변동 172.2% (2023-11-01) — 스플릿/데이터 오류 가능
Warning:  CLNN: 비정상 가격 변동 53.6% (2025-06-02) — 스플릿/데이터 오류 가능
Warning:  CLPT: 비정상 가격 변동 58.6% (2025-09-24) — 스플릿/데이터 오류 가능
Warning:  CMPX: 비정상 가격 변동 64.4% (2026-04-27) — 스플릿/데이터 오류 가능
Warning:  CMTL: 비정상 가격 변동 87.6% (2024-06-18) — 스플릿/데이터 오류 가능
Warning:  CNTB: 비정상 가격 변동 57.7% (2022-05-04) — 스플릿/데이터 오류 가능
Warning:  CNTN: 비정상 가격 변동 206.8% (2025-08-20) — 스플릿/데이터 오류 가능
Warning:  CPOP: 비정상 가격 변동 1290.0% (2026-09-15) — 스플릿/데이터 오류 가능
Warning:  CPSH: 비정상 가격 변동 85.3% (2026-05-26) — 스플릿/데이터 오류 가능
Warning:  CRBP: 비정상 가격 변동 249.4% (2024-01-26) — 스플릿/데이터 오류 가능
Warning:  CRDF: 비정상 가격 변동 64.4% (2024-03-01) — 스플릿/데이터 오류 가능
Warning:  CRE: Close NaN 비율 76.8% (기준: 30%)
Warning:  CRE: 비정상 가격 변동 165.0% (2026-08-26) — 스플릿/데이터 오류 가능
Warning:  CRIS: 비정상 가격 변동 52.4% (2026-06-26) — 스플릿/데이터 오류 가능
Warning:  CRML: 비정상 가격 변동 120.6% (2024-02-27) — 스플릿/데이터 오류 가능
Warning:  CRMT: 비정상 가격 변동 55.0% (2026-06-10) — 스플릿/데이터 오류 가능
Warning:  CRVO: 비정상 가격 변동 161.4% (2025-03-12) — 스플릿/데이터 오류 가능
Warning:  CRVS: 비정상 가격 변동 166.0% (2026-01-20) — 스플릿/데이터 오류 가능
Warning:  CTEV: 비정상 가격 변동 94.9% (2024-12-24) — 스플릿/데이터 오류 가능
Warning:  CTMX: 비정상 가격 변동 214.7% (2024-05-01) — 스플릿/데이터 오류 가능
Warning:  CTRI: Close NaN 비율 51.8% (기준: 30%)
Warning:  CUE: 비정상 가격 변동 106.4% (2026-05-01) — 스플릿/데이터 오류 가능
Warning:  CUPR: Close NaN 비율 71.2% (기준: 30%)
Warning:  CUPR: 비정상 가격 변동 130.8% (2025-09-10) — 스플릿/데이터 오류 가능
Warning:  CV: Close NaN 비율 75.7% (기준: 30%)
Warning:  CVRX: 비정상 가격 변동 59.8% (2026-08-07) — 스플릿/데이터 오류 가능
Warning:  CXAI: 비정상 가격 변동 345.6% (2023-04-13) — 스플릿/데이터 오류 가능
Warning:  CYCU: Close NaN 비율 68.3% (기준: 30%)
Warning:  CYCU: 비정상 가격 변동 496.3% (2026-07-30) — 스플릿/데이터 오류 가능
Warning:  CYPH: 비정상 가격 변동 368.0% (2025-11-12) — 스플릿/데이터 오류 가능
Warning:  DAIC: Close NaN 비율 75.1% (기준: 30%)
Warning:  DAIC: 비정상 가격 변동 306.1% (2026-08-24) — 스플릿/데이터 오류 가능
Warning:  DBGI: 비정상 가격 변동 150.0% (2025-02-14) — 스플릿/데이터 오류 가능
Warning:  DFDV: Close NaN 비율 36.9% (기준: 30%)
Warning:  DFDV: 비정상 가격 변동 842.5% (2025-04-07) — 스플릿/데이터 오류 가능
Warning:  DFNS: 비정상 가격 변동 754.7% (2024-12-17) — 스플릿/데이터 오류 가능
Warning:  DFSC: 비정상 가격 변동 5714.8% (2022-11-01) — 스플릿/데이터 오류 가능
Warning:  DGNX: Close NaN 비율 66.8% (기준: 30%)
Warning:  DGNX: 비정상 가격 변동 234.6% (2025-01-29) — 스플릿/데이터 오류 가능
Warning:  DJT: 비정상 가격 변동 356.8% (2021-10-21) — 스플릿/데이터 오류 가능
Warning:  DOMH: 비정상 가격 변동 91.3% (2025-02-10) — 스플릿/데이터 오류 가능
Warning:  DPRO: 비정상 가격 변동 52.8% (2024-02-22) — 스플릿/데이터 오류 가능
Warning:  DPU: Close NaN 비율 31.6% (기준: 30%)
Warning:  DPU: 비정상 가격 변동 87.1% (2024-11-27) — 스플릿/데이터 오류 가능
Warning:  DRCT: 비정상 가격 변동 900.0% (2024-12-23) — 스플릿/데이터 오류 가능
Warning:  DRK: 비정상 가격 변동 111.6% (2026-06-01) — 스플릿/데이터 오류 가능
Warning:  DTCX: 비정상 가격 변동 69.3% (2023-05-12) — 스플릿/데이터 오류 가능
Warning:  DWSN: 비정상 가격 변동 111.7% (2025-06-16) — 스플릿/데이터 오류 가능
Warning:  DXST: Close NaN 비율 66.8% (기준: 30%)
Warning:  DXST: 비정상 가격 변동 209.4% (2026-06-02) — 스플릿/데이터 오류 가능
Warning:  DXYZ: Close NaN 비율 50.4% (기준: 30%)
Warning:  DXYZ: 비정상 가격 변동 95.6% (2024-03-27) — 스플릿/데이터 오류 가능
Warning:  ECO: Close NaN 비율 38.0% (기준: 30%)
Warning:  ECX: 비정상 가격 변동 95.9% (2023-02-22) — 스플릿/데이터 오류 가능
Warning:  EDBL: 비정상 가격 변동 80.0% (2025-05-20) — 스플릿/데이터 오류 가능
Warning:  EDHL: Close NaN 비율 71.6% (기준: 30%)
Warning:  EDHL: 비정상 가격 변동 114.4% (2025-10-14) — 스플릿/데이터 오류 가능
Warning:  EJH: 비정상 가격 변동 91.8% (2022-12-22) — 스플릿/데이터 오류 가능
Warning:  ELTX: 비정상 가격 변동 81.5% (2023-06-02) — 스플릿/데이터 오류 가능
Warning:  EMAT: Close NaN 비율 86.0% (기준: 30%)
Warning:  EMBC: 비정상 가격 변동 57.8% (2026-05-05) — 스플릿/데이터 오류 가능
Warning:  EMPD: 비정상 가격 변동 134.3% (2025-07-17) — 스플릿/데이터 오류 가능
Warning:  ENGN: 비정상 가격 변동 116.5% (2024-02-14) — 스플릿/데이터 오류 가능
Warning:  ENGS: Close NaN 비율 70.7% (기준: 30%)
Warning:  ENGS: 비정상 가격 변동 67.6% (2025-11-06) — 스플릿/데이터 오류 가능
Warning:  ENVB: 비정상 가격 변동 136.2% (2023-05-18) — 스플릿/데이터 오류 가능
Warning:  ETS: Close NaN 비율 78.5% (기준: 30%)
Warning:  ETS: 비정상 가격 변동 58.0% (2025-08-22) — 스플릿/데이터 오류 가능
Warning:  EVAX: 비정상 가격 변동 113.4% (2024-01-24) — 스플릿/데이터 오류 가능
Warning:  EVGO: 비정상 가격 변동 60.8% (2024-10-03) — 스플릿/데이터 오류 가능
Warning:  EVMN: Close NaN 비율 82.8% (기준: 30%)
Warning:  EVMN: 비정상 가격 변동 70.9% (2026-02-10) — 스플릿/데이터 오류 가능
Warning:  EXOD: 비정상 가격 변동 199.0% (2022-12-12) — 스플릿/데이터 오류 가능
Warning:  EYPT: 비정상 가격 변동 177.5% (2023-12-04) — 스플릿/데이터 오류 가능
Warning:  FAC: Close NaN 비율 75.2% (기준: 30%)
Warning:  FBLG: Close NaN 비율 47.4% (기준: 30%)
Warning:  FBLG: 비정상 가격 변동 88.4% (2024-02-13) — 스플릿/데이터 오류 가능
Warning:  FBYD: Close NaN 비율 41.1% (기준: 30%)
Warning:  FBYD: 비정상 가격 변동 75.4% (2023-10-18) — 스플릿/데이터 오류 가능
Warning:  FCHL: Close NaN 비율 79.2% (기준: 30%)
Warning:  FCHL: 비정상 가격 변동 107.6% (2026-03-26) — 스플릿/데이터 오류 가능
Warning:  FCUV: 비정상 가격 변동 517.0% (2026-07-31) — 스플릿/데이터 오류 가능
Warning:  FEAM: 비정상 가격 변동 51.5% (2024-12-30) — 스플릿/데이터 오류 가능
Warning:  FEMY: 비정상 가격 변동 345.8% (2023-09-26) — 스플릿/데이터 오류 가능
Warning:  FFAI: 비정상 가격 변동 367.2% (2024-05-14) — 스플릿/데이터 오류 가능
Warning:  FGL: Close NaN 비율 62.0% (기준: 30%)
Warning:  FGL: 비정상 가격 변동 56.0% (2026-02-10) — 스플릿/데이터 오류 가능
Warning:  FGNX: 비정상 가격 변동 84.2% (2025-08-01) — 스플릿/데이터 오류 가능
Warning:  FIG: Close NaN 비율 77.3% (기준: 30%)
Warning:  FIGR: Close NaN 비율 79.6% (기준: 30%)
Warning:  FJET: Close NaN 비율 85.1% (기준: 30%)
Warning:  FJET: 비정상 가격 변동 370.9% (2025-12-22) — 스플릿/데이터 오류 가능
Warning:  FLX: Close NaN 비율 61.0% (기준: 30%)
Warning:  FLX: 비정상 가격 변동 57.0% (2025-04-02) — 스플릿/데이터 오류 가능
Warning:  FLY: Close NaN 비율 77.7% (기준: 30%)
Warning:  FLYE: Close NaN 비율 54.4% (기준: 30%)
Warning:  FLYE: 비정상 가격 변동 252.5% (2025-12-01) — 스플릿/데이터 오류 가능
Warning:  FLYX: Close NaN 비율 45.7% (기준: 30%)
Warning:  FLYX: 비정상 가격 변동 130.3% (2026-01-08) — 스플릿/데이터 오류 가능
Warning:  FNUC: 비정상 가격 변동 348.1% (2024-12-18) — 스플릿/데이터 오류 가능
Warning:  FRMI: Close NaN 비율 80.7% (기준: 30%)
Warning:  FRMM: 비정상 가격 변동 325.7% (2024-10-16) — 스플릿/데이터 오류 가능
Warning:  FTCI: 비정상 가격 변동 104.0% (2024-09-11) — 스플릿/데이터 오류 가능
Warning:  FTFT: 비정상 가격 변동 179.2% (2026-09-14) — 스플릿/데이터 오류 가능
Warning:  FUBO: 비정상 가격 변동 251.4% (2025-01-06) — 스플릿/데이터 오류 가능
Warning:  FUFU: 비정상 가격 변동 105.8% (2024-03-04) — 스플릿/데이터 오류 가능
Warning:  FULC: 비정상 가격 변동 61.1% (2024-09-12) — 스플릿/데이터 오류 가능
Warning:  FVN: Close NaN 비율 62.7% (기준: 30%)
Warning:  FVN: 비정상 가격 변동 52.6% (2026-08-24) — 스플릿/데이터 오류 가능
Warning:  FVN: 거래량 0 연속 17일 (기준: 5일) — 상장폐지/거래정지 가능
Warning:  FWDI: 비정상 가격 변동 58.7% (2025-09-08) — 스플릿/데이터 오류 가능
Warning:  FXHO: 비정상 가격 변동 223.5% (2023-05-01) — 스플릿/데이터 오류 가능
Warning:  GAME: 비정상 가격 변동 99.2% (2022-12-12) — 스플릿/데이터 오류 가능
Warning:  GAUZ: Close NaN 비율 54.4% (기준: 30%)
Warning:  GAUZ: 비정상 가격 변동 69.3% (2026-08-06) — 스플릿/데이터 오류 가능
Warning:  GDC: 비정상 가격 변동 1140.0% (2023-05-01) — 스플릿/데이터 오류 가능
Warning:  GDHG: Close NaN 비율 31.3% (기준: 30%)
Warning:  GDHG: 비정상 가격 변동 94.4% (2025-03-25) — 스플릿/데이터 오류 가능
Warning:  GEMI: Close NaN 비율 79.7% (기준: 30%)
Warning:  GITS: Close NaN 비율 37.3% (기준: 30%)
Warning:  GITS: 비정상 가격 변동 3044.3% (2025-01-27) — 스플릿/데이터 오류 가능
Warning:  GLND: Close NaN 비율 90.1% (기준: 30%)
Warning:  GLND: 비정상 가격 변동 58.0% (2026-03-26) — 스플릿/데이터 오류 가능
Warning:  GLUE: 비정상 가격 변동 93.9% (2024-10-28) — 스플릿/데이터 오류 가능
Warning:  GNLX: 비정상 가격 변동 60.4% (2023-03-06) — 스플릿/데이터 오류 가능
Warning:  GNPX: 비정상 가격 변동 265.6% (2024-10-21) — 스플릿/데이터 오류 가능
Warning:  GOAI: Close NaN 비율 87.2% (기준: 30%)
Warning:  GOSS: 비정상 가격 변동 80.1% (2026-02-23) — 스플릿/데이터 오류 가능
Warning:  GPCR: 비정상 가격 변동 102.5% (2025-12-08) — 스플릿/데이터 오류 가능
Warning:  GRAN: Close NaN 비율 75.6% (기준: 30%)
Warning:  GRCE: 비정상 가격 변동 52.3% (2021-12-22) — 스플릿/데이터 오류 가능
Warning:  GRDX: 비정상 가격 변동 72.4% (2024-10-04) — 스플릿/데이터 오류 가능
Warning:  GRI: 비정상 가격 변동 127.6% (2024-10-21) — 스플릿/데이터 오류 가능
Warning:  GRML: 비정상 가격 변동 787.8% (2025-06-09) — 스플릿/데이터 오류 가능
Warning:  GRNQ: 비정상 가격 변동 72.9% (2021-10-25) — 스플릿/데이터 오류 가능
Warning:  GSIT: 비정상 가격 변동 210.4% (2023-05-12) — 스플릿/데이터 오류 가능
Warning:  GVH: Close NaN 비율 42.9% (기준: 30%)
Warning:  GVH: 비정상 가격 변동 74.2% (2025-06-26) — 스플릿/데이터 오류 가능
Warning:  HAFN: Close NaN 비율 51.2% (기준: 30%)
Warning:  HAO: Close NaN 비율 47.1% (기준: 30%)
Warning:  HAO: 비정상 가격 변동 2336.9% (2025-01-27) — 스플릿/데이터 오류 가능
Warning:  HCWB: 비정상 가격 변동 320.3% (2024-11-18) — 스플릿/데이터 오류 가능
Warning:  HCWC: Close NaN 비율 59.9% (기준: 30%)
Warning:  HCWC: 비정상 가격 변동 64.8% (2025-01-07) — 스플릿/데이터 오류 가능
Warning:  HHS: 비정상 가격 변동 53.0% (2026-08-14) — 스플릿/데이터 오류 가능
Warning:  HKIT: Close NaN 비율 30.7% (기준: 30%)
Warning:  HKIT: 비정상 가격 변동 350.7% (2026-06-01) — 스플릿/데이터 오류 가능
Warning:  HLP: Close NaN 비율 30.5% (기준: 30%)
Warning:  HLP: 비정상 가격 변동 55.3% (2024-01-03) — 스플릿/데이터 오류 가능
Warning:  HMR: Close NaN 비율 68.4% (기준: 30%)
Warning:  HMR: 비정상 가격 변동 69.5% (2025-03-10) — 스플릿/데이터 오류 가능
Warning:  HOLO: 비정상 가격 변동 1092.1% (2024-02-07) — 스플릿/데이터 오류 가능
Warning:  HOVR: Close NaN 비율 30.8% (기준: 30%)
Warning:  HOVR: 비정상 가격 변동 75.6% (2024-03-06) — 스플릿/데이터 오류 가능
Warning:  HQ: Close NaN 비율 90.0% (기준: 30%)
Warning:  HQ: 비정상 가격 변동 63.3% (2026-06-15) — 스플릿/데이터 오류 가능
Warning:  HSCS: 비정상 가격 변동 170.1% (2023-01-30) — 스플릿/데이터 오류 가능
Warning:  HSDT: 비정상 가격 변동 145.3% (2022-08-03) — 스플릿/데이터 오류 가능
Warning:  HSHP: Close NaN 비율 30.7% (기준: 30%)
Warning:  HTOO: 비정상 가격 변동 90.0% (2024-02-16) — 스플릿/데이터 오류 가능
Warning:  HTZ: 비정상 가격 변동 56.4% (2025-04-16) — 스플릿/데이터 오류 가능
Warning:  HUBC: 비정상 가격 변동 1756.3% (2026-09-15) — 스플릿/데이터 오류 가능
Warning:  HUIZ: 비정상 가격 변동 124.4% (2024-12-09) — 스플릿/데이터 오류 가능
Warning:  HYMC: 비정상 가격 변동 203.0% (2022-03-08) — 스플릿/데이터 오류 가능
Warning:  HYPD: 비정상 가격 변동 134.7% (2025-06-17) — 스플릿/데이터 오류 가능
Warning:  IBG: Close NaN 비율 60.5% (기준: 30%)
Warning:  IBG: 비정상 가격 변동 153.5% (2025-04-02) — 스플릿/데이터 오류 가능
Warning:  IBIO: 비정상 가격 변동 192.2% (2024-03-27) — 스플릿/데이터 오류 가능
Warning:  ICCM: 비정상 가격 변동 200.5% (2026-06-17) — 스플릿/데이터 오류 가능
Warning:  IDN: 비정상 가격 변동 74.9% (2024-03-22) — 스플릿/데이터 오류 가능
Warning:  IMDX: 비정상 가격 변동 51.5% (2023-03-16) — 스플릿/데이터 오류 가능
Warning:  IMNN: 비정상 가격 변동 179.0% (2024-07-30) — 스플릿/데이터 오류 가능
Warning:  IMRX: 비정상 가격 변동 52.2% (2025-06-18) — 스플릿/데이터 오류 가능
Warning:  IMSR: Close NaN 비율 61.3% (기준: 30%)
Warning:  INBS: 비정상 가격 변동 293.1% (2023-01-23) — 스플릿/데이터 오류 가능
Warning:  INDO: 비정상 가격 변동 110.4% (2022-01-27) — 스플릿/데이터 오류 가능
Warning:  INHD: Close NaN 비율 44.9% (기준: 30%)
Warning:  INHD: 비정상 가격 변동 3661.0% (2026-06-08) — 스플릿/데이터 오류 가능
Warning:  INHD: 거래량 0 연속 36일 (기준: 5일) — 상장폐지/거래정지 가능
Warning:  INOD: 비정상 가격 변동 86.0% (2026-05-08) — 스플릿/데이터 오류 가능
Warning:  INSG: 비정상 가격 변동 53.7% (2023-05-04) — 스플릿/데이터 오류 가능
Warning:  IPDN: 비정상 가격 변동 3600.0% (2026-09-15) — 스플릿/데이터 오류 가능
Warning:  IPST: Close NaN 비율 63.8% (기준: 30%)
Warning:  IPST: 비정상 가격 변동 235.9% (2026-08-17) — 스플릿/데이터 오류 가능
Warning:  IPW: 비정상 가격 변동 97.9% (2024-05-17) — 스플릿/데이터 오류 가능
Warning:  IPX: 비정상 가격 변동 99.1% (2023-06-13) — 스플릿/데이터 오류 가능
Warning:  IQST: 비정상 가격 변동 65.2% (2023-07-05) — 스플릿/데이터 오류 가능
Warning:  ISPC: 비정상 가격 변동 159.7% (2025-09-09) — 스플릿/데이터 오류 가능
Warning:  IZM: 비정상 가격 변동 541.9% (2026-09-15) — 스플릿/데이터 오류 가능
Warning:  JAGU: Close NaN 비율 87.8% (기준: 30%)
Warning:  JAGU: 비정상 가격 변동 57.1% (2026-03-31) — 스플릿/데이터 오류 가능
Warning:  JANX: 비정상 가격 변동 229.5% (2024-02-27) — 스플릿/데이터 오류 가능
Warning:  JDZG: Close NaN 비율 53.2% (기준: 30%)
Warning:  JDZG: 비정상 가격 변동 136.1% (2024-10-17) — 스플릿/데이터 오류 가능
Warning:  JDZG: 거래량 0 연속 38일 (기준: 5일) — 상장폐지/거래정지 가능
Warning:  JEM: Close NaN 비율 74.4% (기준: 30%)
Warning:  JEM: 비정상 가격 변동 267.6% (2026-06-30) — 스플릿/데이터 오류 가능
Warning:  JLHL: Close NaN 비율 75.4% (기준: 30%)
Warning:  JLHL: 비정상 가격 변동 318.0% (2026-07-09) — 스플릿/데이터 오류 가능
Warning:  JMIA: 비정상 가격 변동 53.8% (2024-08-06) — 스플릿/데이터 오류 가능
Warning:  JTAI: 비정상 가격 변동 580.1% (2026-07-15) — 스플릿/데이터 오류 가능
Warning:  JUNS: Close NaN 비율 64.3% (기준: 30%)
Warning:  JUNS: 비정상 가격 변동 105.8% (2025-06-11) — 스플릿/데이터 오류 가능
Warning:  JZXN: 비정상 가격 변동 89.7% (2026-02-10) — 스플릿/데이터 오류 가능
Warning:  KAZR: Close NaN 비율 68.4% (기준: 30%)
Warning:  KAZR: 비정상 가격 변동 87.6% (2025-07-07) — 스플릿/데이터 오류 가능
Warning:  KD: 비정상 가격 변동 54.9% (2026-02-09) — 스플릿/데이터 오류 가능
Warning:  KDK: Close NaN 비율 80.4% (기준: 30%)
Warning:  KIDZ: Close NaN 비율 71.0% (기준: 30%)
Warning:  KIDZ: 비정상 가격 변동 366.1% (2025-05-01) — 스플릿/데이터 오류 가능
Warning:  KLAR: Close NaN 비율 79.6% (기준: 30%)
Warning:  KLC: Close NaN 비율 61.2% (기준: 30%)
Warning:  KPTI: 비정상 가격 변동 72.6% (2026-07-31) — 스플릿/데이터 오류 가능
Warning:  KRMN: Close NaN 비율 68.1% (기준: 30%)
Warning:  KRRO: 비정상 가격 변동 93.7% (2024-10-16) — 스플릿/데이터 오류 가능
Warning:  KSCP: 비정상 가격 변동 175.6% (2022-01-28) — 스플릿/데이터 오류 가능
Warning:  KULR: 비정상 가격 변동 75.6% (2024-11-25) — 스플릿/데이터 오류 가능
Warning:  KVYO: Close NaN 비율 40.1% (기준: 30%)
Warning:  KXIN: 비정상 가격 변동 171.4% (2024-10-02) — 스플릿/데이터 오류 가능
Warning:  LAC: Close NaN 비율 40.7% (기준: 30%)
Warning:  LAC: 비정상 가격 변동 95.8% (2025-09-24) — 스플릿/데이터 오류 가능
Warning:  LAES: Close NaN 비율 33.6% (기준: 30%)
Warning:  LAES: 비정상 가격 변동 102.3% (2023-05-24) — 스플릿/데이터 오류 가능
Warning:  LAW: 비정상 가격 변동 53.6% (2022-08-12) — 스플릿/데이터 오류 가능
Warning:  LBGJ: Close NaN 비율 62.0% (기준: 30%)
Warning:  LBGJ: 비정상 가격 변동 90.8% (2026-07-20) — 스플릿/데이터 오류 가능
Warning:  LGCL: Close NaN 비율 49.2% (기준: 30%)
Warning:  LGCL: 비정상 가격 변동 117.1% (2026-06-30) — 스플릿/데이터 오류 가능
Warning:  LGHL: 비정상 가격 변동 85.9% (2025-12-09) — 스플릿/데이터 오류 가능
Warning:  LGVN: 비정상 가격 변동 181.2% (2021-11-22) — 스플릿/데이터 오류 가능
Warning:  LHAI: Close NaN 비율 76.9% (기준: 30%)
Warning:  LHAI: 비정상 가격 변동 315.2% (2026-07-01) — 스플릿/데이터 오류 가능
Warning:  LIDR: 비정상 가격 변동 158.4% (2025-07-24) — 스플릿/데이터 오류 가능
Warning:  LIF: Close NaN 비율 54.4% (기준: 30%)
Warning:  LITS: 비정상 가격 변동 65.2% (2022-03-25) — 스플릿/데이터 오류 가능
Warning:  LRHC: Close NaN 비율 41.2% (기준: 30%)
Warning:  LRHC: 비정상 가격 변동 481.8% (2026-09-09) — 스플릿/데이터 오류 가능
Warning:  LSTA: 비정상 가격 변동 86.6% (2026-01-21) — 스플릿/데이터 오류 가능
Warning:  LTBR: 비정상 가격 변동 57.5% (2024-10-18) — 스플릿/데이터 오류 가능
Warning:  LUNR: 비정상 가격 변동 251.4% (2023-02-16) — 스플릿/데이터 오류 가능
Warning:  LVWR: 비정상 가격 변동 153.5% (2025-05-27) — 스플릿/데이터 오류 가능
Warning:  LXEO: Close NaN 비율 42.7% (기준: 30%)
Warning:  LXEO: 비정상 가격 변동 50.9% (2025-03-24) — 스플릿/데이터 오류 가능
Warning:  LYEL: 비정상 가격 변동 68.6% (2025-06-04) — 스플릿/데이터 오류 가능
Warning:  MAZE: Close NaN 비율 67.4% (기준: 30%)
Warning:  MAZE: 비정상 가격 변동 54.8% (2025-09-11) — 스플릿/데이터 오류 가능
Warning:  MBOT: 비정상 가격 변동 159.3% (2023-05-22) — 스플릿/데이터 오류 가능
Warning:  MEDS: Close NaN 비율 68.5% (기준: 30%)
Warning:  MEDS: 비정상 가격 변동 274.7% (2026-09-16) — 스플릿/데이터 오류 가능
Warning:  MF: Close NaN 비율 50.6% (기준: 30%)
Warning:  MF: 비정상 가격 변동 1316.7% (2024-11-27) — 스플릿/데이터 오류 가능
Warning:  MGN: Close NaN 비율 80.5% (기준: 30%)
Warning:  MGN: 비정상 가격 변동 176.0% (2026-09-09) — 스플릿/데이터 오류 가능
Warning:  MGX: Close NaN 비율 47.9% (기준: 30%)
Warning:  MGX: 비정상 가격 변동 125.4% (2024-12-09) — 스플릿/데이터 오류 가능
Warning:  MI: 비정상 가격 변동 9542.9% (2026-05-18) — 스플릿/데이터 오류 가능
Warning:  MLTX: 비정상 가격 변동 89.9% (2025-09-29) — 스플릿/데이터 오류 가능
Warning:  MNTS: 비정상 가격 변동 155.4% (2024-10-09) — 스플릿/데이터 오류 가능
Warning:  MOB: 비정상 가격 변동 88.0% (2023-07-10) — 스플릿/데이터 오류 가능
Warning:  MOVE: 비정상 가격 변동 149.7% (2025-11-10) — 스플릿/데이터 오류 가능
Warning:  MPLT: Close NaN 비율 82.1% (기준: 30%)
Warning:  MPLT: 비정상 가격 변동 72.9% (2026-07-27) — 스플릿/데이터 오류 가능
Warning:  MPU: 비정상 가격 변동 1520.0% (2026-09-16) — 스플릿/데이터 오류 가능
Warning:  MRAM: 비정상 가격 변동 63.2% (2021-11-12) — 스플릿/데이터 오류 가능
Warning:  MRLN: Close NaN 비율 64.2% (기준: 30%)
Warning:  MSS: Close NaN 비율 41.0% (기준: 30%)
Warning:  MSS: 비정상 가격 변동 122.4% (2024-09-24) — 스플릿/데이터 오류 가능
Warning:  MTEN: Close NaN 비율 51.8% (기준: 30%)
Warning:  MTEN: 비정상 가격 변동 81.3% (2026-06-08) — 스플릿/데이터 오류 가능
Warning:  MYSZ: 비정상 가격 변동 214.8% (2024-12-20) — 스플릿/데이터 오류 가능
Warning:  NAGE: 비정상 가격 변동 67.9% (2024-11-01) — 스플릿/데이터 오류 가능
Warning:  NAKA: Close NaN 비율 54.1% (기준: 30%)
Warning:  NAKA: 비정상 가격 변동 251.0% (2025-05-12) — 스플릿/데이터 오류 가능
Warning:  NAMI: Close NaN 비율 64.5% (기준: 30%)
Warning:  NAMI: 비정상 가격 변동 53.7% (2025-05-29) — 스플릿/데이터 오류 가능
Warning:  NAMM: Close NaN 비율 74.3% (기준: 30%)
Warning:  NAMM: 비정상 가격 변동 130.6% (2026-01-21) — 스플릿/데이터 오류 가능
Warning:  NB: Close NaN 비율 30.1% (기준: 30%)
Warning:  NCI: Close NaN 비율 51.9% (기준: 30%)
Warning:  NCI: 비정상 가격 변동 238.5% (2026-02-11) — 스플릿/데이터 오류 가능
Warning:  NCMI: 비정상 가격 변동 109.5% (2023-04-12) — 스플릿/데이터 오류 가능
Warning:  NCRA: 비정상 가격 변동 118.2% (2026-07-29) — 스플릿/데이터 오류 가능
Warning:  NCT: Close NaN 비율 70.5% (기준: 30%)
Warning:  NCT: 비정상 가격 변동 89.7% (2026-09-03) — 스플릿/데이터 오류 가능
Warning:  NERV: 비정상 가격 변동 141.0% (2025-10-21) — 스플릿/데이터 오류 가능
Warning:  NEXR: 비정상 가격 변동 1360.0% (2024-11-20) — 스플릿/데이터 오류 가능
Warning:  NFE: 비정상 가격 변동 3769.7% (2026-09-15) — 스플릿/데이터 오류 가능
Warning:  NIKI: 비정상 가격 변동 554.5% (2024-03-06) — 스플릿/데이터 오류 가능
Warning:  NKLR: Close NaN 비율 80.9% (기준: 30%)
Warning:  NMAD: 비정상 가격 변동 133.3% (2023-02-07) — 스플릿/데이터 오류 가능
Warning:  NMG: 비정상 가격 변동 51.8% (2025-10-13) — 스플릿/데이터 오류 가능
Warning:  NNE: Close NaN 비율 52.8% (기준: 30%)
Warning:  NNNN: Close NaN 비율 68.3% (기준: 30%)
Warning:  NNNN: 비정상 가격 변동 57.5% (2025-11-05) — 스플릿/데이터 오류 가능
Warning:  NRSN: 비정상 가격 변동 1925.9% (2026-09-15) — 스플릿/데이터 오류 가능
Warning:  NTHI: Close NaN 비율 70.3% (기준: 30%)
Warning:  NTHI: 비정상 가격 변동 57.9% (2025-07-02) — 스플릿/데이터 오류 가능
Warning:  NUCL: Close NaN 비율 88.7% (기준: 30%)
Warning:  NUWE: 비정상 가격 변동 135.4% (2026-07-30) — 스플릿/데이터 오류 가능
Warning:  NVA: Close NaN 비율 56.9% (기준: 30%)
Warning:  NVA: 비정상 가격 변동 110.3% (2025-10-14) — 스플릿/데이터 오류 가능
Warning:  NVA: 거래량 0 연속 10일 (기준: 5일) — 상장폐지/거래정지 가능
Warning:  NVTS: 비정상 가격 변동 164.4% (2025-05-22) — 스플릿/데이터 오류 가능
Warning:  NXAT: Close NaN 비율 73.0% (기준: 30%)
Warning:  NXAT: 비정상 가격 변동 133.3% (2025-06-04) — 스플릿/데이터 오류 가능
Warning:  NXTC: 비정상 가격 변동 201.8% (2026-07-14) — 스플릿/데이터 오류 가능
Warning:  NXTT: 비정상 가격 변동 661.3% (2025-05-09) — 스플릿/데이터 오류 가능
Warning:  NXXT: 비정상 가격 변동 674.0% (2026-09-15) — 스플릿/데이터 오류 가능
Warning:  ODD: Close NaN 비율 36.6% (기준: 30%)
Warning:  OIO: 비정상 가격 변동 58.4% (2026-04-24) — 스플릿/데이터 오류 가능
Warning:  OKLO: 비정상 가격 변동 53.6% (2024-05-10) — 스플릿/데이터 오류 가능
Warning:  OLMA: 비정상 가격 변동 136.4% (2025-11-18) — 스플릿/데이터 오류 가능
Warning:  OM: 비정상 가격 변동 68.5% (2024-08-08) — 스플릿/데이터 오류 가능
Warning:  OMH: Close NaN 비율 30.1% (기준: 30%)
Warning:  OMH: 비정상 가격 변동 878.4% (2025-03-10) — 스플릿/데이터 오류 가능
Warning:  OPEN: 비정상 가격 변동 79.5% (2025-09-11) — 스플릿/데이터 오류 가능
Warning:  OPRX: 비정상 가격 변동 51.7% (2025-03-12) — 스플릿/데이터 오류 가능
Warning:  OPTU: 비정상 가격 변동 76.3% (2026-06-01) — 스플릿/데이터 오류 가능
Warning:  OPTX: 비정상 가격 변동 98.3% (2024-12-17) — 스플릿/데이터 오류 가능
Warning:  ORGO: 비정상 가격 변동 102.3% (2025-02-28) — 스플릿/데이터 오류 가능
Warning:  ORKT: Close NaN 비율 57.0% (기준: 30%)
Warning:  ORKT: 비정상 가격 변동 147.6% (2025-12-08) — 스플릿/데이터 오류 가능
Warning:  OSS: 비정상 가격 변동 56.9% (2026-05-06) — 스플릿/데이터 오류 가능
Warning:  PAL: Close NaN 비율 52.9% (기준: 30%)
Warning:  PBM: 비정상 가격 변동 103.8% (2026-04-16) — 스플릿/데이터 오류 가능
Warning:  PCLA: Close NaN 비율 66.6% (기준: 30%)
Warning:  PCLA: 비정상 가격 변동 194.2% (2026-05-22) — 스플릿/데이터 오류 가능
Warning:  PEPG: 비정상 가격 변동 121.1% (2025-09-25) — 스플릿/데이터 오류 가능
Warning:  PEW: Close NaN 비율 46.3% (기준: 30%)
Warning:  PFSA: Close NaN 비율 76.2% (기준: 30%)
Warning:  PFSA: 비정상 가격 변동 506.6% (2026-08-18) — 스플릿/데이터 오류 가능
Warning:  PGY: 비정상 가격 변동 129.6% (2022-07-20) — 스플릿/데이터 오류 가능
Warning:  PHAT: 비정상 가격 변동 90.2% (2025-06-06) — 스플릿/데이터 오류 가능
Warning:  PHIO: 비정상 가격 변동 290.5% (2025-01-13) — 스플릿/데이터 오류 가능
Warning:  PLBL: Close NaN 비율 77.8% (기준: 30%)
Warning:  PLCE: 비정상 가격 변동 85.7% (2024-09-11) — 스플릿/데이터 오류 가능
Warning:  PMI: Close NaN 비율 78.9% (기준: 30%)
Warning:  PMI: 비정상 가격 변동 86.2% (2026-08-25) — 스플릿/데이터 오류 가능
Warning:  PMI: 거래량 0 연속 7일 (기준: 5일) — 상장폐지/거래정지 가능
Warning:  PN: Close NaN 비율 69.1% (기준: 30%)
Warning:  PN: 비정상 가격 변동 131.8% (2026-07-22) — 스플릿/데이터 오류 가능
Warning:  PONY: Close NaN 비율 64.0% (기준: 30%)
Warning:  PPBT: 비정상 가격 변동 150.4% (2024-12-02) — 스플릿/데이터 오류 가능
Warning:  PRFX: 비정상 가격 변동 414.3% (2024-12-19) — 스플릿/데이터 오류 가능
Warning:  PRIM: 비정상 가격 변동 50.1% (2026-05-06) — 스플릿/데이터 오류 가능
Warning:  PSIG: Close NaN 비율 56.7% (기준: 30%)
Warning:  PSIG: 비정상 가격 변동 127.7% (2024-08-12) — 스플릿/데이터 오류 가능
Warning:  PSIX: 비정상 가격 변동 68.6% (2022-11-15) — 스플릿/데이터 오류 가능
Warning:  PSQL: Close NaN 비율 87.2% (기준: 30%)
Warning:  PSQL: 비정상 가격 변동 95.2% (2026-08-28) — 스플릿/데이터 오류 가능
Warning:  PTN: 비정상 가격 변동 66.7% (2025-08-06) — 스플릿/데이터 오류 가능
Warning:  PURR: Close NaN 비율 84.2% (기준: 30%)
Warning:  PUSA: Close NaN 비율 68.0% (기준: 30%)
Warning:  PUSA: 비정상 가격 변동 207.6% (2025-07-23) — 스플릿/데이터 오류 가능
Warning:  PXS: 비정상 가격 변동 62.6% (2022-03-07) — 스플릿/데이터 오류 가능
Warning:  QBTS: 비정상 가격 변동 110.7% (2023-05-22) — 스플릿/데이터 오류 가능
Warning:  QNC: Close NaN 비율 88.6% (기준: 30%)
Warning:  QNRX: 비정상 가격 변동 360.5% (2022-08-03) — 스플릿/데이터 오류 가능
Warning:  QNTM: 비정상 가격 변동 119.8% (2024-08-09) — 스플릿/데이터 오류 가능
Warning:  QTRX: 비정상 가격 변동 54.8% (2022-08-09) — 스플릿/데이터 오류 가능
Warning:  QUBT: 비정상 가격 변동 92.8% (2024-11-13) — 스플릿/데이터 오류 가능
Warning:  QUCY: 비정상 가격 변동 3377.4% (2024-12-03) — 스플릿/데이터 오류 가능
Warning:  QXO: 비정상 가격 변동 240.3% (2023-12-04) — 스플릿/데이터 오류 가능
Warning:  RAYA: 비정상 가격 변동 108.1% (2026-04-10) — 스플릿/데이터 오류 가능
Warning:  RCON: 비정상 가격 변동 85.4% (2026-08-05) — 스플릿/데이터 오류 가능
Warning:  RDAC: Close NaN 비율 64.2% (기준: 30%)
Warning:  RDAC: 비정상 가격 변동 318.6% (2026-04-29) — 스플릿/데이터 오류 가능
Warning:  RDW: 비정상 가격 변동 51.4% (2025-01-21) — 스플릿/데이터 오류 가능
Warning:  RDZN: 비정상 가격 변동 82.1% (2024-07-02) — 스플릿/데이터 오류 가능
Warning:  RENT: 비정상 가격 변동 161.9% (2024-04-11) — 스플릿/데이터 오류 가능
Warning:  RENX: Close NaN 비율 40.0% (기준: 30%)
Warning:  RENX: 비정상 가격 변동 531.3% (2023-11-16) — 스플릿/데이터 오류 가능
Warning:  RGC: 비정상 가격 변동 343.9% (2024-07-23) — 스플릿/데이터 오류 가능
Warning:  RGTI: 비정상 가격 변동 58.0% (2024-11-25) — 스플릿/데이터 오류 가능
Warning:  ROOT: 비정상 가격 변동 68.9% (2024-10-31) — 스플릿/데이터 오류 가능
Warning:  RPGL: Close NaN 비율 81.4% (기준: 30%)
Warning:  RPGL: 비정상 가격 변동 173.9% (2026-01-29) — 스플릿/데이터 오류 가능
Warning:  RR: Close NaN 비율 43.5% (기준: 30%)
Warning:  RR: 비정상 가격 변동 73.9% (2024-08-06) — 스플릿/데이터 오류 가능
Warning:  RTB: 비정상 가격 변동 136.8% (2025-06-05) — 스플릿/데이터 오류 가능
Warning:  RUBI: Close NaN 비율 77.4% (기준: 30%)
Warning:  RUBI: 비정상 가격 변동 54.2% (2025-11-25) — 스플릿/데이터 오류 가능
Warning:  RVI: Close NaN 비율 89.2% (기준: 30%)
Warning:  RZLT: 비정상 가격 변동 87.2% (2025-12-11) — 스플릿/데이터 오류 가능
Warning:  RZLV: 비정상 가격 변동 54.5% (2024-12-17) — 스플릿/데이터 오류 가능
Warning:  SBET: 비정상 가격 변동 433.2% (2025-05-27) — 스플릿/데이터 오류 가능
Warning:  SCNI: 비정상 가격 변동 97.3% (2021-12-22) — 스플릿/데이터 오류 가능
Warning:  SDOT: 비정상 가격 변동 247.1% (2026-06-26) — 스플릿/데이터 오류 가능
Warning:  SERV: Close NaN 비율 49.4% (기준: 30%)
Warning:  SERV: 비정상 가격 변동 187.1% (2024-07-19) — 스플릿/데이터 오류 가능
Warning:  SEV: Close NaN 비율 81.6% (기준: 30%)
Warning:  SEV: 비정상 가격 변동 57.8% (2025-10-23) — 스플릿/데이터 오류 가능
Warning:  SGLY: 비정상 가격 변동 143.5% (2025-03-21) — 스플릿/데이터 오류 가능
Warning:  SGRX: 비정상 가격 변동 121.4% (2025-03-07) — 스플릿/데이터 오류 가능
Warning:  SHMD: Close NaN 비율 52.4% (기준: 30%)
Warning:  SIDU: 비정상 가격 변동 225.0% (2022-06-15) — 스플릿/데이터 오류 가능
Warning:  SILO: 비정상 가격 변동 4164.7% (2022-09-19) — 스플릿/데이터 오류 가능
Warning:  SION: Close NaN 비율 67.8% (기준: 30%)
Warning:  SION: 비정상 가격 변동 91.2% (2026-08-10) — 스플릿/데이터 오류 가능
Warning:  SKK: Close NaN 비율 61.2% (기준: 30%)
Warning:  SKK: 비정상 가격 변동 596.6% (2026-05-04) — 스플릿/데이터 오류 가능
Warning:  SKYA: 비정상 가격 변동 141.6% (2024-05-28) — 스플릿/데이터 오류 가능
Warning:  SKYE: 비정상 가격 변동 76.9% (2024-02-27) — 스플릿/데이터 오류 가능
Warning:  SKYQ: Close NaN 비율 61.3% (기준: 30%)
Warning:  SKYQ: 비정상 가격 변동 101.6% (2026-04-02) — 스플릿/데이터 오류 가능
Warning:  SKYX: 비정상 가격 변동 68.6% (2022-07-28) — 스플릿/데이터 오류 가능
Warning:  SLDP: 비정상 가격 변동 51.6% (2025-11-05) — 스플릿/데이터 오류 가능
Warning:  SLE: 비정상 가격 변동 159.5% (2025-09-23) — 스플릿/데이터 오류 가능
Warning:  SLNH: 비정상 가격 변동 94.4% (2025-09-22) — 스플릿/데이터 오류 가능
Warning:  SMJF: Close NaN 비율 84.3% (기준: 30%)
Warning:  SMJF: 비정상 가격 변동 87.0% (2026-08-27) — 스플릿/데이터 오류 가능
Warning:  SMTK: Close NaN 비율 54.1% (기준: 30%)
Warning:  SMTK: 비정상 가격 변동 105.4% (2026-06-08) — 스플릿/데이터 오류 가능
Warning:  SOC: 비정상 가격 변동 56.2% (2025-12-18) — 스플릿/데이터 오류 가능
Warning:  SOUN: 비정상 가격 변동 71.8% (2022-12-30) — 스플릿/데이터 오류 가능
Warning:  SPPL: Close NaN 비율 39.7% (기준: 30%)
Warning:  SPPL: 비정상 가격 변동 268.7% (2024-11-04) — 스플릿/데이터 오류 가능
Warning:  SPRB: 비정상 가격 변동 1378.5% (2025-10-06) — 스플릿/데이터 오류 가능
Warning:  SPRO: 비정상 가격 변동 244.6% (2025-05-28) — 스플릿/데이터 오류 가능
Warning:  SPRY: 비정상 가격 변동 77.9% (2023-05-12) — 스플릿/데이터 오류 가능
Warning:  SPWH: 비정상 가격 변동 97.9% (2025-04-02) — 스플릿/데이터 오류 가능
Warning:  SQFT: 비정상 가격 변동 166.1% (2025-07-14) — 스플릿/데이터 오류 가능
Warning:  SRG: 비정상 가격 변동 80.3% (2022-07-08) — 스플릿/데이터 오류 가능
Warning:  SRXH: 비정상 가격 변동 84.5% (2025-08-15) — 스플릿/데이터 오류 가능
Warning:  SRXH: 거래량 0 연속 7일 (기준: 5일) — 상장폐지/거래정지 가능
Warning:  SSM: 비정상 가격 변동 2900.0% (2024-05-29) — 스플릿/데이터 오류 가능
Warning:  SST: 비정상 가격 변동 142.3% (2026-03-27) — 스플릿/데이터 오류 가능
Warning:  STAK: Close NaN 비율 68.7% (기준: 30%)
Warning:  STAK: 비정상 가격 변동 602.3% (2026-07-24) — 스플릿/데이터 오류 가능
Warning:  STKE: 비정상 가격 변동 131.4% (2024-10-14) — 스플릿/데이터 오류 가능
Warning:  STKH: 비정상 가격 변동 166.7% (2026-07-28) — 스플릿/데이터 오류 가능
Warning:  STUB: Close NaN 비율 79.9% (기준: 30%)
Warning:  SUNE: 비정상 가격 변동 420.4% (2026-06-08) — 스플릿/데이터 오류 가능
Warning:  SUPX: Close NaN 비율 51.6% (기준: 30%)
Warning:  SVCO: Close NaN 비율 52.9% (기준: 30%)
Warning:  SVCO: 비정상 가격 변동 52.4% (2026-03-13) — 스플릿/데이터 오류 가능
Warning:  SVRN: 비정상 가격 변동 122.7% (2025-06-13) — 스플릿/데이터 오류 가능
Warning:  SWMR: Close NaN 비율 89.8% (기준: 30%)
Warning:  SWMR: 비정상 가격 변동 77.4% (2026-03-18) — 스플릿/데이터 오류 가능
Warning:  SXTC: 비정상 가격 변동 1581.4% (2022-05-19) — 스플릿/데이터 오류 가능
Warning:  TANH: 비정상 가격 변동 117.7% (2023-05-01) — 스플릿/데이터 오류 가능
Warning:  TAOX: 비정상 가격 변동 74.6% (2022-12-16) — 스플릿/데이터 오류 가능
Warning:  TARA: 비정상 가격 변동 70.1% (2024-12-05) — 스플릿/데이터 오류 가능
Warning:  TC: 비정상 가격 변동 159.5% (2026-07-01) — 스플릿/데이터 오류 가능
Warning:  TCRT: 비정상 가격 변동 64.1% (2023-08-15) — 스플릿/데이터 오류 가능
Warning:  TDTH: Close NaN 비율 59.6% (기준: 30%)
Warning:  TDTH: 비정상 가격 변동 61.5% (2025-01-30) — 스플릿/데이터 오류 가능
Warning:  TDUP: 비정상 가격 변동 62.7% (2024-08-06) — 스플릿/데이터 오류 가능
Warning:  TE: 비정상 가격 변동 66.7% (2024-11-06) — 스플릿/데이터 오류 가능
Warning:  TENX: 비정상 가격 변동 297.4% (2023-11-13) — 스플릿/데이터 오류 가능
Warning:  TGL: 비정상 가격 변동 276.3% (2025-12-05) — 스플릿/데이터 오류 가능
Warning:  TLRY: 비정상 가격 변동 60.9% (2025-09-29) — 스플릿/데이터 오류 가능
Warning:  TMQ: 비정상 가격 변동 211.0% (2025-10-07) — 스플릿/데이터 오류 가능
Warning:  TNMG: 비정상 가격 변동 684.9% (2026-09-09) — 스플릿/데이터 오류 가능
Warning:  TNON: 비정상 가격 변동 283.4% (2025-03-25) — 스플릿/데이터 오류 가능
Warning:  TNXP: 비정상 가격 변동 120.8% (2024-12-16) — 스플릿/데이터 오류 가능
Warning:  TONX: 비정상 가격 변동 346.9% (2023-09-05) — 스플릿/데이터 오류 가능
Warning:  TOYO: 비정상 가격 변동 86.6% (2024-11-26) — 스플릿/데이터 오류 가능
Warning:  TPET: Close NaN 비율 31.6% (기준: 30%)
Warning:  TPET: 비정상 가격 변동 166.7% (2026-03-02) — 스플릿/데이터 오류 가능
Warning:  TRDA: 비정상 가격 변동 57.3% (2026-05-07) — 스플릿/데이터 오류 가능
Warning:  TRON: Close NaN 비율 38.1% (기준: 30%)
Warning:  TRON: 비정상 가격 변동 533.8% (2025-06-16) — 스플릿/데이터 오류 가능
Warning:  TROO: 비정상 가격 변동 106.2% (2025-07-14) — 스플릿/데이터 오류 가능
Warning:  TSSI: 비정상 가격 변동 74.1% (2025-05-16) — 스플릿/데이터 오류 가능
Warning:  TTAN: Close NaN 비율 64.8% (기준: 30%)
Warning:  TTEC: 비정상 가격 변동 52.6% (2025-04-02) — 스플릿/데이터 오류 가능
Warning:  TURB: Close NaN 비율 40.3% (기준: 30%)
Warning:  TURB: 비정상 가격 변동 359.3% (2025-09-16) — 스플릿/데이터 오류 가능
Warning:  TVRD: 비정상 가격 변동 83.9% (2025-10-13) — 스플릿/데이터 오류 가능
Warning:  UCAR: Close NaN 비율 31.9% (기준: 30%)
Warning:  UCAR: 비정상 가격 변동 1471.1% (2026-09-10) — 스플릿/데이터 오류 가능
Warning:  UP: 비정상 가격 변동 60.4% (2023-06-22) — 스플릿/데이터 오류 가능
Warning:  UPB: Close NaN 비율 61.4% (기준: 30%)
Warning:  UPC: 비정상 가격 변동 311.5% (2026-06-29) — 스플릿/데이터 오류 가능
Warning:  UPST: 비정상 가격 변동 56.4% (2022-05-10) — 스플릿/데이터 오류 가능
Warning:  UPXI: 비정상 가격 변동 330.9% (2025-04-21) — 스플릿/데이터 오류 가능
Warning:  USAR: Close NaN 비율 36.4% (기준: 30%)
Warning:  USAR: 비정상 가격 변동 72.0% (2025-03-14) — 스플릿/데이터 오류 가능
Warning:  VATE: 비정상 가격 변동 86.3% (2025-01-21) — 스플릿/데이터 오류 가능
Warning:  VBIO: 비정상 가격 변동 197.9% (2025-02-12) — 스플릿/데이터 오류 가능
Warning:  VCIG: Close NaN 비율 31.3% (기준: 30%)
Warning:  VCIG: 비정상 가격 변동 546.8% (2023-05-02) — 스플릿/데이터 오류 가능
Warning:  VCX: Close NaN 비율 90.0% (기준: 30%)
Warning:  VCX: 비정상 가격 변동 64.2% (2026-03-24) — 스플릿/데이터 오류 가능
Warning:  VEEA: 비정상 가격 변동 149.3% (2026-09-15) — 스플릿/데이터 오류 가능
Warning:  VELO: 비정상 가격 변동 80.7% (2025-04-01) — 스플릿/데이터 오류 가능
Warning:  VENU: Close NaN 비율 64.0% (기준: 30%)
Warning:  VEON: 비정상 가격 변동 53.8% (2022-03-04) — 스플릿/데이터 오류 가능
Warning:  VERI: 비정상 가격 변동 53.7% (2025-10-15) — 스플릿/데이터 오류 가능
Warning:  VHC: 비정상 가격 변동 67.2% (2024-12-30) — 스플릿/데이터 오류 가능
Warning:  VIOT: 비정상 가격 변동 83.5% (2026-09-02) — 스플릿/데이터 오류 가능
Warning:  VLN: 비정상 가격 변동 59.0% (2026-01-09) — 스플릿/데이터 오류 가능
Warning:  VMAR: 비정상 가격 변동 156.8% (2025-12-16) — 스플릿/데이터 오류 가능
Warning:  VNCE: 비정상 가격 변동 89.2% (2025-09-11) — 스플릿/데이터 오류 가능
Warning:  VNET: 비정상 가격 변동 83.2% (2022-03-16) — 스플릿/데이터 오류 가능
Warning:  VOR: 비정상 가격 변동 74.2% (2025-06-25) — 스플릿/데이터 오류 가능
Warning:  VRAX: 비정상 가격 변동 141.8% (2024-08-19) — 스플릿/데이터 오류 가능
Warning:  VRRM: 비정상 가격 변동 70.6% (2026-05-27) — 스플릿/데이터 오류 가능
Warning:  VRXA: Close NaN 비율 60.7% (기준: 30%)
Warning:  VRXA: 비정상 가격 변동 55.5% (2026-06-16) — 스플릿/데이터 오류 가능
Warning:  VTIX: Close NaN 비율 87.1% (기준: 30%)
Warning:  VTIX: 비정상 가격 변동 56.3% (2026-01-28) — 스플릿/데이터 오류 가능
Warning:  WATR: Close NaN 비율 74.8% (기준: 30%)
Warning:  WATT: 비정상 가격 변동 554.3% (2024-12-30) — 스플릿/데이터 오류 가능
Warning:  WBTN: Close NaN 비율 55.5% (기준: 30%)
Warning:  WBTN: 비정상 가격 변동 81.2% (2025-08-13) — 스플릿/데이터 오류 가능
Warning:  WCT: Close NaN 비율 60.9% (기준: 30%)
Warning:  WCT: 비정상 가격 변동 381.9% (2026-09-09) — 스플릿/데이터 오류 가능
Warning:  WETO: Close NaN 비율 68.8% (기준: 30%)
Warning:  WETO: 비정상 가격 변동 200.0% (2026-07-31) — 스플릿/데이터 오류 가능
Warning:  WFF: Close NaN 비율 70.4% (기준: 30%)
Warning:  WIMI: 비정상 가격 변동 77.5% (2024-12-27) — 스플릿/데이터 오류 가능
Warning:  WLDS: 비정상 가격 변동 407.8% (2025-09-10) — 스플릿/데이터 오류 가능
Warning:  WNW: 비정상 가격 변동 97.6% (2025-04-22) — 스플릿/데이터 오류 가능
Warning:  WOLF: Close NaN 비율 80.5% (기준: 30%)
Warning:  WRD: Close NaN 비율 62.2% (기준: 30%)
Warning:  WRD: 비정상 가격 변동 83.5% (2025-02-14) — 스플릿/데이터 오류 가능
Warning:  WSHP: Close NaN 비율 83.3% (기준: 30%)
Warning:  WSHP: 비정상 가격 변동 506.1% (2025-11-19) — 스플릿/데이터 오류 가능
Warning:  WVE: 비정상 가격 변동 147.3% (2025-12-08) — 스플릿/데이터 오류 가능
Warning:  WW: Close NaN 비율 75.4% (기준: 30%)
Warning:  WYFI: Close NaN 비율 77.7% (기준: 30%)
Warning:  WYHG: Close NaN 비율 64.0% (기준: 30%)
Warning:  WYHG: 비정상 가격 변동 194.2% (2026-08-06) — 스플릿/데이터 오류 가능
Warning:  XAIR: 비정상 가격 변동 150.0% (2026-01-13) — 스플릿/데이터 오류 가능
Warning:  XBIO: 비정상 가격 변동 141.5% (2025-10-08) — 스플릿/데이터 오류 가능
Warning:  XLAB: Close NaN 비율 78.4% (기준: 30%)
Warning:  XNDU: Close NaN 비율 90.1% (기준: 30%)
Warning:  XNDU: 비정상 가격 변동 69.8% (2026-04-15) — 스플릿/데이터 오류 가능
Warning:  XOS: 비정상 가격 변동 234.5% (2026-06-03) — 스플릿/데이터 오류 가능
Warning:  XPON: 비정상 가격 변동 139.1% (2022-12-23) — 스플릿/데이터 오류 가능
Warning:  XRTX: 비정상 가격 변동 134.8% (2024-08-29) — 스플릿/데이터 오류 가능
Warning:  XXI: Close NaN 비율 58.1% (기준: 30%)
Warning:  XXI: 비정상 가격 변동 55.4% (2025-04-23) — 스플릿/데이터 오류 가능
Warning:  YAAS: Close NaN 비율 65.3% (기준: 30%)
Warning:  YAAS: 비정상 가격 변동 312.2% (2026-07-30) — 스플릿/데이터 오류 가능
Warning:  YDDL: Close NaN 비율 81.2% (기준: 30%)
Warning:  YDDL: 비정상 가격 변동 62.9% (2026-04-10) — 스플릿/데이터 오류 가능
Warning:  YDES: Close NaN 비율 78.7% (기준: 30%)
Warning:  YDES: 비정상 가격 변동 135.8% (2025-08-29) — 스플릿/데이터 오류 가능
Warning:  YFOR: Close NaN 비율 51.8% (기준: 30%)
Warning:  YFOR: 비정상 가격 변동 84.3% (2026-08-26) — 스플릿/데이터 오류 가능
Warning:  YJ: 비정상 가격 변동 176.4% (2026-08-07) — 스플릿/데이터 오류 가능
Warning:  YMAT: Close NaN 비율 77.2% (기준: 30%)
Warning:  YMAT: 비정상 가격 변동 203.3% (2026-05-26) — 스플릿/데이터 오류 가능
Warning:  YMT: Close NaN 비율 78.3% (기준: 30%)
Warning:  YSS: Close NaN 비율 87.2% (기준: 30%)
Warning:  ZENA: Close NaN 비율 60.8% (기준: 30%)
Warning:  ZENA: 비정상 가격 변동 258.7% (2024-11-25) — 스플릿/데이터 오류 가능
Warning:  ZJYL: Close NaN 비율 30.5% (기준: 30%)
Warning:  ZJYL: 비정상 가격 변동 263.7% (2023-12-18) — 스플릿/데이터 오류 가능
Warning:  ZNB: 비정상 가격 변동 104.8% (2025-10-07) — 스플릿/데이터 오류 가능
Warning:  ZNTL: 비정상 가격 변동 60.1% (2026-04-09) — 스플릿/데이터 오류 가능
Warning:  ZSQR: 비정상 가격 변동 77.4% (2024-12-31) — 스플릿/데이터 오류 가능
Warning:  ZSTK: 비정상 가격 변동 169.6% (2026-08-19) — 스플릿/데이터 오류 가능
Warning:  ZTG: Close NaN 비율 79.4% (기준: 30%)
Warning:  ZTG: 비정상 가격 변동 75.3% (2026-09-16) — 스플릿/데이터 오류 가능
Warning:  ZYBT: Close NaN 비율 66.1% (기준: 30%)
Warning:  ZYBT: 비정상 가격 변동 1047.6% (2026-07-20) — 스플릿/데이터 오류 가능
[[NASDAQ/NYSE 분석]] 강한 섹터: {'Information Technology', 'Communication Services', 'Energy'}
[OHLCV] 배치 다운로드 1/2 (150개 종목, period=2y)...
[OHLCV] 배치 다운로드 2/2 (66개 종목, period=2y)...
[DataValidator] 60건의 데이터 품질 경고 발생
Warning:  AAOI: 비정상 가격 변동 56.9% (2026-02-27) — 스플릿/데이터 오류 가능
Warning:  AEHL: 비정상 가격 변동 135.3% (2026-05-08) — 스플릿/데이터 오류 가능
Warning:  AEMD: 비정상 가격 변동 374.1% (2026-09-17) — 스플릿/데이터 오류 가능
Warning:  ALMS: 비정상 가격 변동 95.3% (2026-01-06) — 스플릿/데이터 오류 가능
Warning:  ASST: 비정상 가격 변동 455.7% (2025-05-07) — 스플릿/데이터 오류 가능
Warning:  BIAF: 비정상 가격 변동 319.2% (2025-04-01) — 스플릿/데이터 오류 가능
Warning:  BMNR: Close NaN 비율 35.5% (기준: 30%)
Warning:  BMNR: 비정상 가격 변동 694.8% (2025-06-30) — 스플릿/데이터 오류 가능
Warning:  BNC: 비정상 가격 변동 548.8% (2025-07-28) — 스플릿/데이터 오류 가능
Warning:  BTCT: 비정상 가격 변동 316.7% (2024-11-12) — 스플릿/데이터 오류 가능
Warning:  BULL: 비정상 가격 변동 374.7% (2025-04-14) — 스플릿/데이터 오류 가능
Warning:  BW: 비정상 가격 변동 66.9% (2025-06-05) — 스플릿/데이터 오류 가능
Warning:  CAPR: 비정상 가격 변동 371.1% (2025-12-03) — 스플릿/데이터 오류 가능
Warning:  CRE: Close NaN 비율 41.9% (기준: 30%)
Warning:  CRE: 비정상 가격 변동 165.0% (2026-08-26) — 스플릿/데이터 오류 가능
Warning:  CRML: 비정상 가격 변동 55.4% (2025-10-13) — 스플릿/데이터 오류 가능
Warning:  CYPH: 비정상 가격 변동 368.0% (2025-11-12) — 스플릿/데이터 오류 가능
Warning:  DAIC: Close NaN 비율 37.7% (기준: 30%)
Warning:  DAIC: 비정상 가격 변동 306.1% (2026-08-24) — 스플릿/데이터 오류 가능
Warning:  DXYZ: 비정상 가격 변동 63.8% (2024-11-08) — 스플릿/데이터 오류 가능
Warning:  FIG: Close NaN 비율 43.1% (기준: 30%)
Warning:  FIGR: Close NaN 비율 48.9% (기준: 30%)
Warning:  FLY: Close NaN 비율 44.1% (기준: 30%)
Warning:  FRMI: Close NaN 비율 51.7% (기준: 30%)
Warning:  FTFT: 비정상 가격 변동 179.2% (2026-09-14) — 스플릿/데이터 오류 가능
Warning:  GPCR: 비정상 가격 변동 102.5% (2025-12-08) — 스플릿/데이터 오류 가능
Warning:  HTZ: 비정상 가격 변동 56.4% (2025-04-16) — 스플릿/데이터 오류 가능
Warning:  INOD: 비정상 가격 변동 86.0% (2026-05-08) — 스플릿/데이터 오류 가능
Warning:  KD: 비정상 가격 변동 54.9% (2026-02-09) — 스플릿/데이터 오류 가능
Warning:  KLAR: Close NaN 비율 48.9% (기준: 30%)
Warning:  LAC: 비정상 가격 변동 95.8% (2025-09-24) — 스플릿/데이터 오류 가능
Warning:  MEDS: 비정상 가격 변동 274.7% (2026-09-16) — 스플릿/데이터 오류 가능
Warning:  NVTS: 비정상 가격 변동 164.4% (2025-05-22) — 스플릿/데이터 오류 가능
Warning:  OPEN: 비정상 가격 변동 79.5% (2025-09-11) — 스플릿/데이터 오류 가능
Warning:  PMI: Close NaN 비율 47.3% (기준: 30%)
Warning:  PMI: 비정상 가격 변동 86.2% (2026-08-25) — 스플릿/데이터 오류 가능
Warning:  PMI: 거래량 0 연속 7일 (기준: 5일) — 상장폐지/거래정지 가능
Warning:  PRIM: 비정상 가격 변동 50.1% (2026-05-06) — 스플릿/데이터 오류 가능
Warning:  PURR: Close NaN 비율 60.5% (기준: 30%)
Warning:  QBTS: 비정상 가격 변동 51.2% (2025-05-08) — 스플릿/데이터 오류 가능
Warning:  QUBT: 비정상 가격 변동 92.8% (2024-11-13) — 스플릿/데이터 오류 가능
Warning:  RDW: 비정상 가격 변동 51.4% (2025-01-21) — 스플릿/데이터 오류 가능
Warning:  RGTI: 비정상 가격 변동 58.0% (2024-11-25) — 스플릿/데이터 오류 가능
Warning:  RZLV: 비정상 가격 변동 54.5% (2024-12-17) — 스플릿/데이터 오류 가능
Warning:  SBET: 비정상 가격 변동 433.2% (2025-05-27) — 스플릿/데이터 오류 가능
Warning:  SDOT: 비정상 가격 변동 247.1% (2026-06-26) — 스플릿/데이터 오류 가능
Warning:  SOC: 비정상 가격 변동 56.2% (2025-12-18) — 스플릿/데이터 오류 가능
Warning:  STUB: Close NaN 비율 49.7% (기준: 30%)
Warning:  SUNE: 비정상 가격 변동 420.4% (2026-06-08) — 스플릿/데이터 오류 가능
Warning:  SWMR: Close NaN 비율 74.5% (기준: 30%)
Warning:  SWMR: 비정상 가격 변동 77.4% (2026-03-18) — 스플릿/데이터 오류 가능
Warning:  TE: 비정상 가격 변동 66.7% (2024-11-06) — 스플릿/데이터 오류 가능
Warning:  TNON: 비정상 가격 변동 283.4% (2025-03-25) — 스플릿/데이터 오류 가능
Warning:  USAR: 비정상 가격 변동 72.0% (2025-03-14) — 스플릿/데이터 오류 가능
Warning:  VEEA: 비정상 가격 변동 149.3% (2026-09-15) — 스플릿/데이터 오류 가능
Warning:  WETO: 비정상 가격 변동 200.0% (2026-07-31) — 스플릿/데이터 오류 가능
Warning:  WOLF: Close NaN 비율 51.3% (기준: 30%)
Warning:  WYFI: Close NaN 비율 44.1% (기준: 30%)
Warning:  XPON: 비정상 가격 변동 80.5% (2026-08-24) — 스플릿/데이터 오류 가능
Warning:  YSS: Close NaN 비율 68.1% (기준: 30%)
[[NASDAQ/NYSE 분석]] Extreme model 'label_low' ROC 0.55, AP 0.47
[[NASDAQ/NYSE 분석]] Extreme model 'label_high' ROC 0.60, AP 0.58
[[NASDAQ/NYSE 분석]] Google Sheets 업데이트 완료 (216개 종목)
[Email] 바닥반등 59개 + 모멘텀 51개 = 총 110개 종목 리스트를 chunghwan14@gmail.com, roykim0311@gmail.com, ssamjungtan@naver.com로 발송 완료

============================================================
[[NASDAQ/NYSE 차트분석]] 이메일 대상 종목 차트 분석 시작
============================================================
[[NASDAQ/NYSE 차트분석]] 차트분석 대상 110개 종목: ['CYPH', 'ICHR', 'PARR', 'NVTS', 'XPEV', 'CSIQ', 'LPG', 'PL', 'WETO', 'QRVO', 'PURR', 'RZLV', 'JOBY', 'NAT', 'TH', 'KVYO', 'PONY', 'ALGM', 'DUOL', 'BTCT', 'ATRC', 'ACHR', 'GT', 'HPE', 'CDNA', 'INSW', 'WING', 'KD', 'VLO', 'NET', 'SBET', 'TXG', 'MMYT', 'AGX', 'GTLB', 'VNET', 'USAR', 'PFSI', 'UUUU', 'TE', 'CVI', 'DELL', 'DINO', 'HYMC', 'BMNR', 'RVTY', 'LULU', 'CLMT', 'DOCS', 'LASR', 'TRIP', 'MPC', 'SWKS', 'ACVA', 'FISV', 'FIG', 'TME', 'PGY', 'DHT', 'HIMS', 'DK', 'WOLF', 'BW', 'SDGR', 'BULL', 'WIX', 'CRE', 'SMTC', 'OKTA', 'MTZ', 'LAC', 'BBAI', 'CRWD', 'QXO', 'RCAT', 'UTI', 'GENI', 'TTAN', 'KRMN', 'CTRI', 'AAOI', 'ECO', 'APTV', 'FLO', 'WHR', 'LCID', 'MSTR', 'NIO', 'RARE', 'AMPX', 'ENPH', 'RUN', 'ASST', 'QS', 'FRO', 'CPNG', 'LEGN', 'FIGR', 'MNDY', 'GGB', 'ESAB', 'HPQ', 'FFIV', 'BNC', 'NEO', 'ALMS', 'TRMD', 'RBLX', 'GPRO', 'BLDR']
[[NASDAQ/NYSE 차트분석]] 기존 NASDAQ 차트 파일 삭제 중...
[[NASDAQ/NYSE 차트분석]] TradingView 차트 캡처 시작...
[TradingView] PARR 브라우저 세션 시작  (로그인 세션)...
[TradingView] 1H 캡처 완료 (60)
[TradingView] 4H 캡처 완료 (240)
[TradingView] Daily 캡처 완료 (D)
[TradingView] Weekly 캡처 완료 (W)
[TradingView] Monthly 캡처 완료 (M)
[[NASDAQ/NYSE 차트분석]] PARR 차트 5개 처리 완료
[TradingView] DHT 브라우저 세션 시작  (로그인 세션)...
[TradingView] 1H 캡처 완료 (60)
[TradingView] 4H 캡처 완료 (240)
[TradingView] Daily 캡처 완료 (D)
[TradingView] Weekly 캡처 완료 (W)
[TradingView] Monthly 캡처 완료 (M)
[[NASDAQ/NYSE 차트분석]] DHT 차트 5개 처리 완료
[TradingView] FRO 브라우저 세션 시작  (로그인 세션)...
[TradingView] 1H 캡처 완료 (60)
[TradingView] 4H 캡처 완료 (240)
[TradingView] Daily 캡처 완료 (D)
[TradingView] Weekly 캡처 완료 (W)
[TradingView] Monthly 캡처 완료 (M)
[[NASDAQ/NYSE 차트분석]] FRO 차트 5개 처리 완료
[TradingView] NAT 브라우저 세션 시작  (로그인 세션)...
[TradingView] 1H 캡처 완료 (60)
[TradingView] 4H 캡처 완료 (240)
[TradingView] Daily 캡처 완료 (D)
[TradingView] Weekly 캡처 완료 (W)
[TradingView] Monthly 캡처 완료 (M)
[[NASDAQ/NYSE 차트분석]] NAT 차트 5개 처리 완료
[TradingView] BMNR 브라우저 세션 시작  (로그인 세션)...
[TradingView] 1H 캡처 완료 (60)
[TradingView] 4H 캡처 완료 (240)
[TradingView] Daily 캡처 완료 (D)
[TradingView] Weekly 캡처 완료 (W)
[TradingView] Monthly 캡처 완료 (M)
[[NASDAQ/NYSE 차트분석]] BMNR 차트 5개 처리 완료
[TradingView] SBET 브라우저 세션 시작  (로그인 세션)...
[TradingView] 1H 캡처 완료 (60)
[TradingView] 4H 캡처 완료 (240)
[TradingView] Daily 캡처 완료 (D)
[TradingView] Weekly 캡처 완료 (W)
[TradingView] Monthly 캡처 완료 (M)
[[NASDAQ/NYSE 차트분석]] SBET 차트 5개 처리 완료
[TradingView] GTLB 브라우저 세션 시작  (로그인 세션)...
[TradingView] 1H 캡처 완료 (60)
[TradingView] 4H 캡처 완료 (240)
[TradingView] Daily 캡처 완료 (D)
[TradingView] Weekly 캡처 완료 (W)
[TradingView] Monthly 캡처 완료 (M)
[[NASDAQ/NYSE 차트분석]] GTLB 차트 5개 처리 완료
[TradingView] DK 브라우저 세션 시작  (로그인 세션)...
[TradingView] 1H 캡처 완료 (60)
[TradingView] 4H 캡처 완료 (240)
[TradingView] Daily 캡처 완료 (D)
[TradingView] Weekly 캡처 완료 (W)
[TradingView] Monthly 캡처 완료 (M)
[[NASDAQ/NYSE 차트분석]] DK 차트 5개 처리 완료
[TradingView] PGY 브라우저 세션 시작  (로그인 세션)...
[TradingView] 1H 캡처 완료 (60)
[TradingView] 4H 캡처 완료 (240)
[TradingView] Daily 캡처 완료 (D)
[TradingView] Weekly 캡처 완료 (W)
[TradingView] Monthly 캡처 완료 (M)
[[NASDAQ/NYSE 차트분석]] PGY 차트 5개 처리 완료
[TradingView] BNC 브라우저 세션 시작  (로그인 세션)...
[TradingView] 1H 캡처 완료 (60)
[TradingView] 4H 캡처 완료 (240)
[TradingView] Daily 캡처 완료 (D)
[TradingView] Weekly 캡처 완료 (W)
[TradingView] Monthly 캡처 완료 (M)
[[NASDAQ/NYSE 차트분석]] BNC 차트 5개 처리 완료
[TradingView] WIX 브라우저 세션 시작  (로그인 세션)...
[TradingView] 1H 캡처 완료 (60)
[TradingView] 4H 캡처 완료 (240)
[TradingView] Daily 캡처 완료 (D)
[TradingView] Weekly 캡처 완료 (W)
[TradingView] Monthly 캡처 완료 (M)
[[NASDAQ/NYSE 차트분석]] WIX 차트 5개 처리 완료
[TradingView] CDNA 브라우저 세션 시작  (로그인 세션)...
[TradingView] 1H 캡처 완료 (60)
[TradingView] 4H 캡처 완료 (240)
[TradingView] Daily 캡처 완료 (D)
[TradingView] Weekly 캡처 완료 (W)
[TradingView] Monthly 캡처 완료 (M)
[[NASDAQ/NYSE 차트분석]] CDNA 차트 5개 처리 완료
[TradingView] NEO 브라우저 세션 시작  (로그인 세션)...
[TradingView] 1H 캡처 완료 (60)
[TradingView] 4H 캡처 완료 (240)
[TradingView] Daily 캡처 완료 (D)
[TradingView] Weekly 캡처 완료 (W)
[TradingView] Monthly 캡처 완료 (M)
[[NASDAQ/NYSE 차트분석]] NEO 차트 5개 처리 완료
[TradingView] TXG 브라우저 세션 시작  (로그인 세션)...
[TradingView] 1H 캡처 완료 (60)
[TradingView] 4H 캡처 완료 (240)
[TradingView] Daily 캡처 완료 (D)
[TradingView] Weekly 캡처 완료 (W)
[TradingView] Monthly 캡처 완료 (M)
[[NASDAQ/NYSE 차트분석]] TXG 차트 5개 처리 완료
[TradingView] CYPH 브라우저 세션 시작  (로그인 세션)...
[TradingView] 1H 캡처 완료 (60)
[TradingView] 4H 캡처 완료 (240)
[TradingView] Daily 캡처 완료 (D)
[TradingView] Weekly 캡처 완료 (W)
[TradingView] Monthly 캡처 완료 (M)
[[NASDAQ/NYSE 차트분석]] CYPH 차트 5개 처리 완료
[TradingView] ACVA 브라우저 세션 시작  (로그인 세션)...
[TradingView] 1H 캡처 완료 (60)
[TradingView] 4H 캡처 완료 (240)
[TradingView] Daily 캡처 완료 (D)
[TradingView] Weekly 캡처 완료 (W)
[TradingView] Monthly 캡처 완료 (M)
[[NASDAQ/NYSE 차트분석]] ACVA 차트 5개 처리 완료
[TradingView] ASST 브라우저 세션 시작  (로그인 세션)...
[TradingView] 1H 캡처 완료 (60)
[TradingView] 4H 캡처 완료 (240)
[TradingView] Daily 캡처 완료 (D)
[TradingView] Weekly 캡처 완료 (W)
[TradingView] Monthly 캡처 완료 (M)
[[NASDAQ/NYSE 차트분석]] ASST 차트 5개 처리 완료
[TradingView] CLMT 브라우저 세션 시작  (로그인 세션)...
[TradingView] 1H 캡처 완료 (60)
[TradingView] 4H 캡처 완료 (240)
[TradingView] Daily 캡처 완료 (D)
[TradingView] Weekly 캡처 완료 (W)
[TradingView] Monthly 캡처 완료 (M)
[[NASDAQ/NYSE 차트분석]] CLMT 차트 5개 처리 완료
[TradingView] ATRC 브라우저 세션 시작  (로그인 세션)...
[TradingView] 1H 캡처 완료 (60)
[TradingView] 4H 캡처 완료 (240)
[TradingView] Daily 캡처 완료 (D)
[TradingView] Weekly 캡처 완료 (W)
[TradingView] Monthly 캡처 완료 (M)
[[NASDAQ/NYSE 차트분석]] ATRC 차트 5개 처리 완료
[TradingView] ECO 브라우저 세션 시작  (로그인 세션)...
[TradingView] 1H 캡처 완료 (60)
[TradingView] 4H 캡처 완료 (240)
[TradingView] Daily 캡처 완료 (D)
[TradingView] Weekly 캡처 완료 (W)
[TradingView] Monthly 캡처 완료 (M)
[[NASDAQ/NYSE 차트분석]] ECO 차트 5개 처리 완료
[TradingView] MNDY 브라우저 세션 시작  (로그인 세션)...
[TradingView] 1H 캡처 완료 (60)
[TradingView] 4H 캡처 완료 (240)
[TradingView] Daily 캡처 완료 (D)
[TradingView] Weekly 캡처 완료 (W)
[TradingView] Monthly 캡처 완료 (M)
[[NASDAQ/NYSE 차트분석]] MNDY 차트 5개 처리 완료
[TradingView] CRE 브라우저 세션 시작  (로그인 세션)...
[TradingView] 1H 캡처 완료 (60)
[TradingView] 4H 캡처 완료 (240)
[TradingView] Daily 캡처 완료 (D)
[TradingView] Weekly 캡처 완료 (W)
[TradingView] Monthly 캡처 완료 (M)
[[NASDAQ/NYSE 차트분석]] CRE 차트 5개 처리 완료
[TradingView] DUOL 브라우저 세션 시작  (로그인 세션)...
[TradingView] 1H 캡처 완료 (60)
[TradingView] 4H 캡처 완료 (240)
[TradingView] Daily 캡처 완료 (D)
[TradingView] Weekly 캡처 완료 (W)
[TradingView] Monthly 캡처 완료 (M)
[[NASDAQ/NYSE 차트분석]] DUOL 차트 5개 처리 완료
[TradingView] QRVO 브라우저 세션 시작  (로그인 세션)...
[TradingView] 1H 캡처 완료 (60)
[TradingView] 4H 캡처 완료 (240)
[TradingView] Daily 캡처 완료 (D)
[TradingView] Weekly 캡처 완료 (W)
[TradingView] Monthly 캡처 완료 (M)
[[NASDAQ/NYSE 차트분석]] QRVO 차트 5개 처리 완료
[TradingView] HPQ 브라우저 세션 시작  (로그인 세션)...
[TradingView] 1H 캡처 완료 (60)
[TradingView] 4H 캡처 완료 (240)
[TradingView] Daily 캡처 완료 (D)
[TradingView] Weekly 캡처 완료 (W)
[TradingView] Monthly 캡처 완료 (M)
[[NASDAQ/NYSE 차트분석]] HPQ 차트 5개 처리 완료
[TradingView] OKTA 브라우저 세션 시작  (로그인 세션)...
[TradingView] 1H 캡처 완료 (60)
[TradingView] 4H 캡처 완료 (240)
[TradingView] Daily 캡처 완료 (D)
[TradingView] Weekly 캡처 완료 (W)
[TradingView] Monthly 캡처 완료 (M)
[[NASDAQ/NYSE 차트분석]] OKTA 차트 5개 처리 완료
[TradingView] FFIV 브라우저 세션 시작  (로그인 세션)...
[TradingView] 1H 캡처 완료 (60)
[TradingView] 4H 캡처 완료 (240)
[TradingView] Daily 캡처 완료 (D)
[TradingView] Weekly 캡처 완료 (W)
[TradingView] Monthly 캡처 완료 (M)
[[NASDAQ/NYSE 차트분석]] FFIV 차트 5개 처리 완료
[TradingView] NET 브라우저 세션 시작  (로그인 세션)...
[TradingView] 1H 캡처 완료 (60)
[TradingView] 4H 캡처 완료 (240)
[TradingView] Daily 캡처 완료 (D)
[TradingView] Weekly 캡처 완료 (W)
[TradingView] Monthly 캡처 완료 (M)
[[NASDAQ/NYSE 차트분석]] NET 차트 5개 처리 완료
[TradingView] CVI 브라우저 세션 시작  (로그인 세션)...
[TradingView] 1H 캡처 완료 (60)
[TradingView] 4H 캡처 완료 (240)
[TradingView] Daily 캡처 완료 (D)
[TradingView] Weekly 캡처 완료 (W)
[TradingView] Monthly 캡처 완료 (M)
[[NASDAQ/NYSE 차트분석]] CVI 차트 5개 처리 완료
[TradingView] INSW 브라우저 세션 시작  (로그인 세션)...
[TradingView] 1H 캡처 완료 (60)
[TradingView] 4H 캡처 완료 (240)
[TradingView] Daily 캡처 완료 (D)
[TradingView] Weekly 캡처 완료 (W)
[TradingView] Monthly 캡처 완료 (M)
[[NASDAQ/NYSE 차트분석]] INSW 차트 5개 처리 완료
[TradingView] LPG 브라우저 세션 시작  (로그인 세션)...
[TradingView] 1H 캡처 완료 (60)
[TradingView] 4H 캡처 완료 (240)
[TradingView] Daily 캡처 완료 (D)
[TradingView] Weekly 캡처 완료 (W)
[TradingView] Monthly 캡처 완료 (M)
[[NASDAQ/NYSE 차트분석]] LPG 차트 5개 처리 완료
[TradingView] MPC 브라우저 세션 시작  (로그인 세션)...
[TradingView] 1H 캡처 완료 (60)
[TradingView] 4H 캡처 완료 (240)
[TradingView] Daily 캡처 완료 (D)
[TradingView] Weekly 캡처 완료 (W)
[TradingView] Monthly 캡처 완료 (M)
[[NASDAQ/NYSE 차트분석]] MPC 차트 5개 처리 완료
[TradingView] VLO 브라우저 세션 시작  (로그인 세션)...
[TradingView] 1H 캡처 완료 (60)
[TradingView] 4H 캡처 완료 (240)
[TradingView] Daily 캡처 완료 (D)
[TradingView] Weekly 캡처 완료 (W)
[TradingView] Monthly 캡처 완료 (M)
[[NASDAQ/NYSE 차트분석]] VLO 차트 5개 처리 완료
[TradingView] RVTY 브라우저 세션 시작  (로그인 세션)...
[TradingView] 1H 캡처 완료 (60)
[TradingView] 4H 캡처 완료 (240)
[TradingView] Daily 캡처 완료 (D)
[TradingView] Weekly 캡처 완료 (W)
[TradingView] Monthly 캡처 완료 (M)
[[NASDAQ/NYSE 차트분석]] RVTY 차트 5개 처리 완료
[TradingView] SDGR 브라우저 세션 시작  (로그인 세션)...
[TradingView] 1H 캡처 완료 (60)
[TradingView] 4H 캡처 완료 (240)
[TradingView] Daily 캡처 완료 (D)
[TradingView] Weekly 캡처 완료 (W)
[TradingView] Monthly 캡처 완료 (M)
[[NASDAQ/NYSE 차트분석]] SDGR 차트 5개 처리 완료
[TradingView] TRMD 브라우저 세션 시작  (로그인 세션)...
[TradingView] 1H 캡처 완료 (60)
[TradingView] 4H 캡처 완료 (240)
[TradingView] Daily 캡처 완료 (D)
[TradingView] Weekly 캡처 완료 (W)
[TradingView] Monthly 캡처 완료 (M)
[[NASDAQ/NYSE 차트분석]] TRMD 차트 5개 처리 완료
[TradingView] CRWD 브라우저 세션 시작  (로그인 세션)...
[TradingView] 1H 캡처 완료 (60)
[TradingView] 4H 캡처 완료 (240)
[TradingView] Daily 캡처 완료 (D)
[TradingView] Weekly 캡처 완료 (W)
[TradingView] Monthly 캡처 완료 (M)
[[NASDAQ/NYSE 차트분석]] CRWD 차트 5개 처리 완료
[TradingView] RBLX 브라우저 세션 시작  (로그인 세션)...
[TradingView] 1H 캡처 완료 (60)
[TradingView] 4H 캡처 완료 (240)
[TradingView] Daily 캡처 완료 (D)
[TradingView] Weekly 캡처 완료 (W)
[TradingView] Monthly 캡처 완료 (M)
[[NASDAQ/NYSE 차트분석]] RBLX 차트 5개 처리 완료
[TradingView] SMTC 브라우저 세션 시작  (로그인 세션)...
[TradingView] 1H 캡처 완료 (60)
[TradingView] 4H 캡처 완료 (240)
[TradingView] Daily 캡처 완료 (D)
[TradingView] Weekly 캡처 완료 (W)
[TradingView] Monthly 캡처 완료 (M)
[[NASDAQ/NYSE 차트분석]] SMTC 차트 5개 처리 완료
[TradingView] SWKS 브라우저 세션 시작  (로그인 세션)...
[TradingView] 1H 캡처 완료 (60)
[TradingView] 4H 캡처 완료 (240)
[TradingView] Daily 캡처 완료 (D)
[TradingView] Weekly 캡처 완료 (W)
[TradingView] Monthly 캡처 완료 (M)
[[NASDAQ/NYSE 차트분석]] SWKS 차트 5개 처리 완료
[TradingView] PURR 브라우저 세션 시작  (로그인 세션)...
[TradingView] 1H 캡처 완료 (60)
[TradingView] 4H 캡처 완료 (240)
[TradingView] Daily 캡처 완료 (D)
[TradingView] Weekly 캡처 완료 (W)
[TradingView] Monthly 캡처 완료 (M)
[[NASDAQ/NYSE 차트분석]] PURR 차트 5개 처리 완료
[TradingView] FIG 브라우저 세션 시작  (로그인 세션)...
[TradingView] 1H 캡처 완료 (60)
[TradingView] 4H 캡처 완료 (240)
[TradingView] Daily 캡처 완료 (D)
[TradingView] Weekly 캡처 완료 (W)
[TradingView] Monthly 캡처 완료 (M)
[[NASDAQ/NYSE 차트분석]] FIG 차트 5개 처리 완료
[TradingView] BULL 브라우저 세션 시작  (로그인 세션)...
[TradingView] 1H 캡처 완료 (60)
[TradingView] 4H 캡처 완료 (240)
[TradingView] Daily 캡처 완료 (D)
[TradingView] Weekly 캡처 완료 (W)
[TradingView] Monthly 캡처 완료 (M)
[[NASDAQ/NYSE 차트분석]] BULL 차트 5개 처리 완료
[TradingView] GPRO 브라우저 세션 시작  (로그인 세션)...
[TradingView] 1H 캡처 완료 (60)
[TradingView] 4H 캡처 완료 (240)
[TradingView] Daily 캡처 완료 (D)
[TradingView] Weekly 캡처 완료 (W)
[TradingView] Monthly 캡처 완료 (M)
[[NASDAQ/NYSE 차트분석]] GPRO 차트 5개 처리 완료
[TradingView] GENI 브라우저 세션 시작  (로그인 세션)...
[TradingView] 1H 캡처 완료 (60)
[TradingView] 4H 캡처 완료 (240)
[TradingView] Daily 캡처 완료 (D)
[TradingView] Weekly 캡처 완료 (W)
[TradingView] Monthly 캡처 완료 (M)
[[NASDAQ/NYSE 차트분석]] GENI 차트 5개 처리 완료
[TradingView] BTCT 브라우저 세션 시작  (로그인 세션)...
[TradingView] 1H 캡처 완료 (60)
[TradingView] 4H 캡처 완료 (240)
[TradingView] Daily 캡처 완료 (D)
[TradingView] Weekly 캡처 완료 (W)
[TradingView] Monthly 캡처 완료 (M)
[[NASDAQ/NYSE 차트분석]] BTCT 차트 5개 처리 완료
[TradingView] GGB 브라우저 세션 시작  (로그인 세션)...
[TradingView] 1H 캡처 완료 (60)
[TradingView] 4H 캡처 완료 (240)
[TradingView] Daily 캡처 완료 (D)
[TradingView] Weekly 캡처 완료 (W)
[TradingView] Monthly 캡처 완료 (M)
[[NASDAQ/NYSE 차트분석]] GGB 차트 5개 처리 완료
[TradingView] DELL 브라우저 세션 시작  (로그인 세션)...
[TradingView] 1H 캡처 완료 (60)
[TradingView] 4H 캡처 완료 (240)
[TradingView] Daily 캡처 완료 (D)
[TradingView] Weekly 캡처 완료 (W)
[TradingView] Monthly 캡처 완료 (M)
[[NASDAQ/NYSE 차트분석]] DELL 차트 5개 처리 완료
[TradingView] TH 브라우저 세션 시작  (로그인 세션)...
[TradingView] 1H 캡처 완료 (60)
[TradingView] 4H 캡처 완료 (240)
[TradingView] Daily 캡처 완료 (D)
[TradingView] Weekly 캡처 완료 (W)
[TradingView] Monthly 캡처 완료 (M)
[[NASDAQ/NYSE 차트분석]] TH 차트 5개 처리 완료
[TradingView] DINO 브라우저 세션 시작  (로그인 세션)...
[TradingView] 1H 캡처 완료 (60)
[TradingView] 4H 캡처 완료 (240)
[TradingView] Daily 캡처 완료 (D)
[TradingView] Weekly 캡처 완료 (W)
[TradingView] Monthly 캡처 완료 (M)
[[NASDAQ/NYSE 차트분석]] DINO 차트 5개 처리 완료
[TradingView] DOCS 브라우저 세션 시작  (로그인 세션)...
[TradingView] 1H 캡처 완료 (60)
[TradingView] 4H 캡처 완료 (240)
[TradingView] Daily 캡처 완료 (D)
[TradingView] Weekly 캡처 완료 (W)
[TradingView] Monthly 캡처 완료 (M)
[[NASDAQ/NYSE 차트분석]] DOCS 차트 5개 처리 완료
[TradingView] MSTR 브라우저 세션 시작  (로그인 세션)...
[TradingView] 1H 캡처 완료 (60)
[TradingView] 4H 캡처 완료 (240)
[TradingView] Daily 캡처 완료 (D)
[TradingView] Weekly 캡처 완료 (W)
[TradingView] Monthly 캡처 완료 (M)
[[NASDAQ/NYSE 차트분석]] MSTR 차트 5개 처리 완료
[TradingView] TTAN 브라우저 세션 시작  (로그인 세션)...
[TradingView] 1H 캡처 완료 (60)
[TradingView] 4H 캡처 완료 (240)
[TradingView] Daily 캡처 완료 (D)
[TradingView] Weekly 캡처 완료 (W)
[TradingView] Monthly 캡처 완료 (M)
[[NASDAQ/NYSE 차트분석]] TTAN 차트 5개 처리 완료
[TradingView] HIMS 브라우저 세션 시작  (로그인 세션)...
[TradingView] 1H 캡처 완료 (60)
[TradingView] 4H 캡처 완료 (240)
[TradingView] Daily 캡처 완료 (D)
[TradingView] Weekly 캡처 완료 (W)
[TradingView] Monthly 캡처 완료 (M)
[[NASDAQ/NYSE 차트분석]] HIMS 차트 5개 처리 완료
[TradingView] HPE 브라우저 세션 시작  (로그인 세션)...
[TradingView] 1H 캡처 완료 (60)
[TradingView] 4H 캡처 완료 (240)
[TradingView] Daily 캡처 완료 (D)
[TradingView] Weekly 캡처 완료 (W)
[TradingView] Monthly 캡처 완료 (M)
[[NASDAQ/NYSE 차트분석]] HPE 차트 5개 처리 완료
[TradingView] KD 브라우저 세션 시작  (로그인 세션)...
[TradingView] 1H 캡처 완료 (60)
[TradingView] 4H 캡처 완료 (240)
[TradingView] Daily 캡처 완료 (D)
[TradingView] Weekly 캡처 완료 (W)
[TradingView] Monthly 캡처 완료 (M)
[[NASDAQ/NYSE 차트분석]] KD 차트 5개 처리 완료
[TradingView] FIGR 브라우저 세션 시작  (로그인 세션)...
[TradingView] 1H 캡처 완료 (60)
[TradingView] 4H 캡처 완료 (240)
[TradingView] Daily 캡처 완료 (D)
[TradingView] Weekly 캡처 완료 (W)
[TradingView] Monthly 캡처 완료 (M)
[[NASDAQ/NYSE 차트분석]] FIGR 차트 5개 처리 완료
[TradingView] MMYT 브라우저 세션 시작  (로그인 세션)...
[TradingView] 1H 캡처 완료 (60)
[TradingView] 4H 캡처 완료 (240)
[TradingView] Daily 캡처 완료 (D)
[TradingView] Weekly 캡처 완료 (W)
[TradingView] Monthly 캡처 완료 (M)
[[NASDAQ/NYSE 차트분석]] MMYT 차트 5개 처리 완료
[TradingView] ACHR 브라우저 세션 시작  (로그인 세션)...
[TradingView] 1H 캡처 완료 (60)
[TradingView] 4H 캡처 완료 (240)
[TradingView] Daily 캡처 완료 (D)
[TradingView] Weekly 캡처 완료 (W)
[TradingView] Monthly 캡처 완료 (M)
[[NASDAQ/NYSE 차트분석]] ACHR 차트 5개 처리 완료
[TradingView] NIO 브라우저 세션 시작  (로그인 세션)...
[TradingView] 1H 캡처 완료 (60)
[TradingView] 4H 캡처 완료 (240)
[TradingView] Daily 캡처 완료 (D)
[TradingView] Weekly 캡처 완료 (W)
[TradingView] Monthly 캡처 완료 (M)
[[NASDAQ/NYSE 차트분석]] NIO 차트 5개 처리 완료
[TradingView] RCAT 브라우저 세션 시작  (로그인 세션)...
[TradingView] 1H 캡처 완료 (60)
[TradingView] 4H 캡처 완료 (240)
[TradingView] Daily 캡처 완료 (D)
[TradingView] Weekly 캡처 완료 (W)
[TradingView] Monthly 캡처 완료 (M)
[[NASDAQ/NYSE 차트분석]] RCAT 차트 5개 처리 완료
[TradingView] PL 브라우저 세션 시작  (로그인 세션)...
[TradingView] 1H 캡처 완료 (60)
[TradingView] 4H 캡처 완료 (240)
[TradingView] Daily 캡처 완료 (D)
[TradingView] Weekly 캡처 완료 (W)
[TradingView] Monthly 캡처 완료 (M)
[[NASDAQ/NYSE 차트분석]] PL 차트 5개 처리 완료
[TradingView] XPEV 브라우저 세션 시작  (로그인 세션)...
[TradingView] 1H 캡처 완료 (60)
[TradingView] 4H 캡처 완료 (240)
[TradingView] Daily 캡처 완료 (D)
[TradingView] Weekly 캡처 완료 (W)
[TradingView] Monthly 캡처 완료 (M)
[[NASDAQ/NYSE 차트분석]] XPEV 차트 5개 처리 완료
[TradingView] TE 브라우저 세션 시작  (로그인 세션)...
[TradingView] 1H 캡처 완료 (60)
[TradingView] 4H 캡처 완료 (240)
[TradingView] Daily 캡처 완료 (D)
[TradingView] Weekly 캡처 완료 (W)
[TradingView] Monthly 캡처 완료 (M)
[[NASDAQ/NYSE 차트분석]] TE 차트 5개 처리 완료
[TradingView] UUUU 브라우저 세션 시작  (로그인 세션)...
[TradingView] 1H 캡처 완료 (60)
[TradingView] 4H 캡처 완료 (240)
[TradingView] Daily 캡처 완료 (D)
[TradingView] Weekly 캡처 완료 (W)
[TradingView] Monthly 캡처 완료 (M)
[[NASDAQ/NYSE 차트분석]] UUUU 차트 5개 처리 완료
[TradingView] TME 브라우저 세션 시작  (로그인 세션)...
[TradingView] 1H 캡처 완료 (60)
[TradingView] 4H 캡처 완료 (240)
[TradingView] Daily 캡처 완료 (D)
[TradingView] Weekly 캡처 완료 (W)
[TradingView] Monthly 캡처 완료 (M)
[[NASDAQ/NYSE 차트분석]] TME 차트 5개 처리 완료
[TradingView] AAOI 브라우저 세션 시작  (로그인 세션)...
[TradingView] 1H 캡처 완료 (60)
[TradingView] 4H 캡처 완료 (240)
[TradingView] Daily 캡처 완료 (D)
[TradingView] Weekly 캡처 완료 (W)
[TradingView] Monthly 캡처 완료 (M)
[[NASDAQ/NYSE 차트분석]] AAOI 차트 5개 처리 완료
[TradingView] CSIQ 브라우저 세션 시작  (로그인 세션)...
[TradingView] 1H 캡처 완료 (60)
[TradingView] 4H 캡처 완료 (240)
[TradingView] Daily 캡처 완료 (D)
[TradingView] Weekly 캡처 완료 (W)
[TradingView] Monthly 캡처 완료 (M)
[[NASDAQ/NYSE 차트분석]] CSIQ 차트 5개 처리 완료
[TradingView] MTZ 브라우저 세션 시작  (로그인 세션)...
[TradingView] 1H 캡처 완료 (60)
[TradingView] 4H 캡처 완료 (240)
[TradingView] Daily 캡처 완료 (D)
[TradingView] Weekly 캡처 완료 (W)
[TradingView] Monthly 캡처 완료 (M)
[[NASDAQ/NYSE 차트분석]] MTZ 차트 5개 처리 완료
[TradingView] PONY 브라우저 세션 시작  (로그인 세션)...
[TradingView] 1H 캡처 완료 (60)
[TradingView] 4H 캡처 완료 (240)
[TradingView] Daily 캡처 완료 (D)
[TradingView] Weekly 캡처 완료 (W)
[TradingView] Monthly 캡처 완료 (M)
[[NASDAQ/NYSE 차트분석]] PONY 차트 5개 처리 완료
[TradingView] RUN 브라우저 세션 시작  (로그인 세션)...
[TradingView] 1H 캡처 완료 (60)
[TradingView] 4H 캡처 완료 (240)
[TradingView] Daily 캡처 완료 (D)
[TradingView] Weekly 캡처 완료 (W)
[TradingView] Monthly 캡처 완료 (M)
[[NASDAQ/NYSE 차트분석]] RUN 차트 5개 처리 완료
[TradingView] CPNG 브라우저 세션 시작  (로그인 세션)...
[TradingView] 1H 캡처 완료 (60)
[TradingView] 4H 캡처 완료 (240)
[TradingView] Daily 캡처 완료 (D)
[TradingView] Weekly 캡처 완료 (W)
[TradingView] Monthly 캡처 완료 (M)
[[NASDAQ/NYSE 차트분석]] CPNG 차트 5개 처리 완료
[TradingView] CTRI 브라우저 세션 시작  (로그인 세션)...
[TradingView] 1H 캡처 완료 (60)
[TradingView] 4H 캡처 완료 (240)
[TradingView] Daily 캡처 완료 (D)
[TradingView] Weekly 캡처 완료 (W)
[TradingView] Monthly 캡처 완료 (M)
[[NASDAQ/NYSE 차트분석]] CTRI 차트 5개 처리 완료
[TradingView] ESAB 브라우저 세션 시작  (로그인 세션)...
[TradingView] 1H 캡처 완료 (60)
[TradingView] 4H 캡처 완료 (240)
[TradingView] Daily 캡처 완료 (D)
[TradingView] Weekly 캡처 완료 (W)
[TradingView] Monthly 캡처 완료 (M)
[[NASDAQ/NYSE 차트분석]] ESAB 차트 5개 처리 완료
[TradingView] JOBY 브라우저 세션 시작  (로그인 세션)...
[TradingView] 1H 캡처 완료 (60)
[TradingView] 4H 캡처 완료 (240)
[TradingView] Daily 캡처 완료 (D)
[TradingView] Weekly 캡처 완료 (W)
[TradingView] Monthly 캡처 완료 (M)
[[NASDAQ/NYSE 차트분석]] JOBY 차트 5개 처리 완료
[TradingView] KRMN 브라우저 세션 시작  (로그인 세션)...
[TradingView] 1H 캡처 완료 (60)
[TradingView] 4H 캡처 완료 (240)
[TradingView] Daily 캡처 완료 (D)
[TradingView] Weekly 캡처 완료 (W)
[TradingView] Monthly 캡처 완료 (M)
[[NASDAQ/NYSE 차트분석]] KRMN 차트 5개 처리 완료
[TradingView] RARE 브라우저 세션 시작  (로그인 세션)...
[TradingView] 1H 캡처 완료 (60)
[TradingView] 4H 캡처 완료 (240)
[TradingView] Daily 캡처 완료 (D)
[TradingView] Weekly 캡처 완료 (W)
[TradingView] Monthly 캡처 완료 (M)
[[NASDAQ/NYSE 차트분석]] RARE 차트 5개 처리 완료
[TradingView] AGX 브라우저 세션 시작  (로그인 세션)...
[TradingView] 1H 캡처 완료 (60)
[TradingView] 4H 캡처 완료 (240)
[TradingView] Daily 캡처 완료 (D)
[TradingView] Weekly 캡처 완료 (W)
[TradingView] Monthly 캡처 완료 (M)
[[NASDAQ/NYSE 차트분석]] AGX 차트 5개 처리 완료
[TradingView] AMPX 브라우저 세션 시작  (로그인 세션)...
[TradingView] 1H 캡처 완료 (60)
[TradingView] 4H 캡처 완료 (240)
[TradingView] Daily 캡처 완료 (D)
[TradingView] Weekly 캡처 완료 (W)
[TradingView] Monthly 캡처 완료 (M)
[[NASDAQ/NYSE 차트분석]] AMPX 차트 5개 처리 완료
[TradingView] BBAI 브라우저 세션 시작  (로그인 세션)...
[TradingView] 1H 캡처 완료 (60)
[TradingView] 4H 캡처 완료 (240)
[TradingView] Daily 캡처 완료 (D)
[TradingView] Weekly 캡처 완료 (W)
[TradingView] Monthly 캡처 완료 (M)
[[NASDAQ/NYSE 차트분석]] BBAI 차트 5개 처리 완료
[TradingView] ENPH 브라우저 세션 시작  (로그인 세션)...
[TradingView] 1H 캡처 완료 (60)
[TradingView] 4H 캡처 완료 (240)
[TradingView] Daily 캡처 완료 (D)
[TradingView] Weekly 캡처 완료 (W)
[TradingView] Monthly 캡처 완료 (M)
[[NASDAQ/NYSE 차트분석]] ENPH 차트 5개 처리 완료
[TradingView] HYMC 브라우저 세션 시작  (로그인 세션)...
[TradingView] 1H 캡처 완료 (60)
[TradingView] 4H 캡처 완료 (240)
[TradingView] Daily 캡처 완료 (D)
[TradingView] Weekly 캡처 완료 (W)
[TradingView] Monthly 캡처 완료 (M)
[[NASDAQ/NYSE 차트분석]] HYMC 차트 5개 처리 완료
[TradingView] LAC 브라우저 세션 시작  (로그인 세션)...
[TradingView] 1H 캡처 완료 (60)
[TradingView] 4H 캡처 완료 (240)
[TradingView] Daily 캡처 완료 (D)
[TradingView] Weekly 캡처 완료 (W)
[TradingView] Monthly 캡처 완료 (M)
[[NASDAQ/NYSE 차트분석]] LAC 차트 5개 처리 완료
[TradingView] LCID 브라우저 세션 시작  (로그인 세션)...
[TradingView] 1H 캡처 완료 (60)
[TradingView] 4H 캡처 완료 (240)
[TradingView] Daily 캡처 완료 (D)
[TradingView] Weekly 캡처 완료 (W)
[TradingView] Monthly 캡처 완료 (M)
[[NASDAQ/NYSE 차트분석]] LCID 차트 5개 처리 완료
[TradingView] NVTS 브라우저 세션 시작  (로그인 세션)...
[TradingView] 1H 캡처 완료 (60)
[TradingView] 4H 캡처 완료 (240)
[TradingView] Daily 캡처 완료 (D)
[TradingView] Weekly 캡처 완료 (W)
[TradingView] Monthly 캡처 완료 (M)
[[NASDAQ/NYSE 차트분석]] NVTS 차트 5개 처리 완료
[TradingView] QS 브라우저 세션 시작  (로그인 세션)...
[TradingView] 1H 캡처 완료 (60)
[TradingView] 4H 캡처 완료 (240)
[TradingView] Daily 캡처 완료 (D)
[TradingView] Weekly 캡처 완료 (W)
[TradingView] Monthly 캡처 완료 (M)
[[NASDAQ/NYSE 차트분석]] QS 차트 5개 처리 완료
[TradingView] RZLV 브라우저 세션 시작  (로그인 세션)...
[TradingView] 1H 캡처 완료 (60)
[TradingView] 4H 캡처 완료 (240)
[TradingView] Daily 캡처 완료 (D)
[TradingView] Weekly 캡처 완료 (W)
[TradingView] Monthly 캡처 완료 (M)
[[NASDAQ/NYSE 차트분석]] RZLV 차트 5개 처리 완료
[TradingView] USAR 브라우저 세션 시작  (로그인 세션)...
[TradingView] 1H 캡처 완료 (60)
[TradingView] 4H 캡처 완료 (240)
[TradingView] Daily 캡처 완료 (D)
[TradingView] Weekly 캡처 완료 (W)
[TradingView] Monthly 캡처 완료 (M)
[[NASDAQ/NYSE 차트분석]] USAR 차트 5개 처리 완료
[TradingView] VNET 브라우저 세션 시작  (로그인 세션)...
[TradingView] 1H 캡처 완료 (60)
[TradingView] 4H 캡처 완료 (240)
[TradingView] Daily 캡처 완료 (D)
[TradingView] Weekly 캡처 완료 (W)
[TradingView] Monthly 캡처 완료 (M)
[[NASDAQ/NYSE 차트분석]] VNET 차트 5개 처리 완료
[TradingView] WOLF 브라우저 세션 시작  (로그인 세션)...
[TradingView] 1H 캡처 완료 (60)
[TradingView] 4H 캡처 완료 (240)
[TradingView] Daily 캡처 완료 (D)
[TradingView] Weekly 캡처 완료 (W)
[TradingView] Monthly 캡처 완료 (M)
[[NASDAQ/NYSE 차트분석]] WOLF 차트 5개 처리 완료
[TradingView] ALMS 브라우저 세션 시작  (로그인 세션)...
[TradingView] 1H 캡처 완료 (60)
[TradingView] 4H 캡처 완료 (240)
[TradingView] Daily 캡처 완료 (D)
[TradingView] Weekly 캡처 완료 (W)
[TradingView] Monthly 캡처 완료 (M)
[[NASDAQ/NYSE 차트분석]] ALMS 차트 5개 처리 완료
[TradingView] GT 브라우저 세션 시작  (로그인 세션)...
[TradingView] 1H 캡처 완료 (60)
[TradingView] 4H 캡처 완료 (240)
[TradingView] Daily 캡처 완료 (D)
[TradingView] Weekly 캡처 완료 (W)
[TradingView] Monthly 캡처 완료 (M)
[[NASDAQ/NYSE 차트분석]] GT 차트 5개 처리 완료
[TradingView] PFSI 브라우저 세션 시작  (로그인 세션)...
[TradingView] 1H 캡처 완료 (60)
[TradingView] 4H 캡처 완료 (240)
[TradingView] Daily 캡처 완료 (D)
[TradingView] Weekly 캡처 완료 (W)
[TradingView] Monthly 캡처 완료 (M)
[[NASDAQ/NYSE 차트분석]] PFSI 차트 5개 처리 완료
[TradingView] WETO 브라우저 세션 시작  (로그인 세션)...
[TradingView] 1H 캡처 완료 (60)
[TradingView] 4H 캡처 완료 (240)
[TradingView] Daily 캡처 완료 (D)
[TradingView] Weekly 캡처 완료 (W)
[TradingView] Monthly 캡처 완료 (M)
[[NASDAQ/NYSE 차트분석]] WETO 차트 5개 처리 완료
[TradingView] ALGM 브라우저 세션 시작  (로그인 세션)...
[TradingView] 1H 캡처 완료 (60)
[TradingView] 4H 캡처 완료 (240)
[TradingView] Daily 캡처 완료 (D)
[TradingView] Weekly 캡처 완료 (W)
[TradingView] Monthly 캡처 완료 (M)
[[NASDAQ/NYSE 차트분석]] ALGM 차트 5개 처리 완료
[TradingView] APTV 브라우저 세션 시작  (로그인 세션)...
[TradingView] 1H 캡처 완료 (60)
[TradingView] 4H 캡처 완료 (240)
[TradingView] Daily 캡처 완료 (D)
[TradingView] Weekly 캡처 완료 (W)
[TradingView] Monthly 캡처 완료 (M)
[[NASDAQ/NYSE 차트분석]] APTV 차트 5개 처리 완료
[TradingView] BLDR 브라우저 세션 시작  (로그인 세션)...
[TradingView] 1H 캡처 완료 (60)
[TradingView] 4H 캡처 완료 (240)
[TradingView] Daily 캡처 완료 (D)
[TradingView] Weekly 캡처 완료 (W)
[TradingView] Monthly 캡처 완료 (M)
[[NASDAQ/NYSE 차트분석]] BLDR 차트 5개 처리 완료
[TradingView] FLO 브라우저 세션 시작  (로그인 세션)...
[TradingView] 1H 캡처 완료 (60)
[TradingView] 4H 캡처 완료 (240)
[TradingView] Daily 캡처 완료 (D)
[TradingView] Weekly 캡처 완료 (W)
[TradingView] Monthly 캡처 완료 (M)
[[NASDAQ/NYSE 차트분석]] FLO 차트 5개 처리 완료
[TradingView] ICHR 브라우저 세션 시작  (로그인 세션)...
[TradingView] 1H 캡처 완료 (60)
[TradingView] 4H 캡처 완료 (240)
[TradingView] Daily 캡처 완료 (D)
[TradingView] Weekly 캡처 완료 (W)
[TradingView] Monthly 캡처 완료 (M)
[[NASDAQ/NYSE 차트분석]] ICHR 차트 5개 처리 완료
[TradingView] KVYO 브라우저 세션 시작  (로그인 세션)...
[TradingView] 1H 캡처 완료 (60)
[TradingView] 4H 캡처 완료 (240)
[TradingView] Daily 캡처 완료 (D)
[TradingView] Weekly 캡처 완료 (W)
[TradingView] Monthly 캡처 완료 (M)
[[NASDAQ/NYSE 차트분석]] KVYO 차트 5개 처리 완료
[TradingView] LASR 브라우저 세션 시작  (로그인 세션)...
[TradingView] 1H 캡처 완료 (60)
[TradingView] 4H 캡처 완료 (240)
[TradingView] Daily 캡처 완료 (D)
[TradingView] Weekly 캡처 완료 (W)
[TradingView] Monthly 캡처 완료 (M)
[[NASDAQ/NYSE 차트분석]] LASR 차트 5개 처리 완료
[TradingView] LULU 브라우저 세션 시작  (로그인 세션)...
[TradingView] 1H 캡처 완료 (60)
[TradingView] 4H 캡처 완료 (240)
[TradingView] Daily 캡처 완료 (D)
[TradingView] Weekly 캡처 완료 (W)
[TradingView] Monthly 캡처 완료 (M)
[[NASDAQ/NYSE 차트분석]] LULU 차트 5개 처리 완료
[TradingView] QXO 브라우저 세션 시작  (로그인 세션)...
[TradingView] 1H 캡처 완료 (60)
[TradingView] 4H 캡처 완료 (240)
[TradingView] Daily 캡처 완료 (D)
[TradingView] Weekly 캡처 완료 (W)
[TradingView] Monthly 캡처 완료 (M)
[[NASDAQ/NYSE 차트분석]] QXO 차트 5개 처리 완료
[TradingView] TRIP 브라우저 세션 시작  (로그인 세션)...
[TradingView] 1H 캡처 완료 (60)
[TradingView] 4H 캡처 완료 (240)
[TradingView] Daily 캡처 완료 (D)
[TradingView] Weekly 캡처 완료 (W)
[TradingView] Monthly 캡처 완료 (M)
[[NASDAQ/NYSE 차트분석]] TRIP 차트 5개 처리 완료
[TradingView] UTI 브라우저 세션 시작  (로그인 세션)...
[TradingView] 1H 캡처 완료 (60)
[TradingView] 4H 캡처 완료 (240)
[TradingView] Daily 캡처 완료 (D)
[TradingView] Weekly 캡처 완료 (W)
[TradingView] Monthly 캡처 완료 (M)
[[NASDAQ/NYSE 차트분석]] UTI 차트 5개 처리 완료
[TradingView] WHR 브라우저 세션 시작  (로그인 세션)...
[TradingView] 1H 캡처 완료 (60)
[TradingView] 4H 캡처 완료 (240)
[TradingView] Daily 캡처 완료 (D)
[TradingView] Weekly 캡처 완료 (W)
[TradingView] Monthly 캡처 완료 (M)
[[NASDAQ/NYSE 차트분석]] WHR 차트 5개 처리 완료
[TradingView] FISV 브라우저 세션 시작  (로그인 세션)...
[TradingView] 1H 캡처 완료 (60)
[TradingView] 4H 캡처 완료 (240)
[TradingView] Daily 캡처 완료 (D)
[TradingView] Weekly 캡처 완료 (W)
[TradingView] Monthly 캡처 완료 (M)
[[NASDAQ/NYSE 차트분석]] FISV 차트 5개 처리 완료
[TradingView] BW 브라우저 세션 시작  (로그인 세션)...
[TradingView] 1H 캡처 완료 (60)
[TradingView] 4H 캡처 완료 (240)
[TradingView] Daily 캡처 완료 (D)
[TradingView] Weekly 캡처 완료 (W)
[TradingView] Monthly 캡처 완료 (M)
[[NASDAQ/NYSE 차트분석]] BW 차트 5개 처리 완료
[TradingView] LEGN 브라우저 세션 시작  (로그인 세션)...
[TradingView] 1H 캡처 완료 (60)
[TradingView] 4H 캡처 완료 (240)
[TradingView] Daily 캡처 완료 (D)
[TradingView] Weekly 캡처 완료 (W)
[TradingView] Monthly 캡처 완료 (M)
[[NASDAQ/NYSE 차트분석]] LEGN 차트 5개 처리 완료
[TradingView] WING 브라우저 세션 시작  (로그인 세션)...
[TradingView] 1H 캡처 완료 (60)
[TradingView] 4H 캡처 완료 (240)
[TradingView] Daily 캡처 완료 (D)
[TradingView] Weekly 캡처 완료 (W)
[TradingView] Monthly 캡처 완료 (M)
[[NASDAQ/NYSE 차트분석]] WING 차트 5개 처리 완료
[[NASDAQ/NYSE 차트분석]] 차트 캡처 완료
[[NASDAQ/NYSE 차트분석]] GitHub에 차트 이미지 푸시 중...
rm 'charts/screenshots_nasdaq/ACHR/ACHR_1H_20260917_074157.png'
rm 'charts/screenshots_nasdaq/ACHR/ACHR_4H_20260917_074157.png'
rm 'charts/screenshots_nasdaq/ACHR/ACHR_Daily_20260917_074157.png'
rm 'charts/screenshots_nasdaq/ACHR/ACHR_Monthly_20260917_074157.png'
rm 'charts/screenshots_nasdaq/ACHR/ACHR_Weekly_20260917_074157.png'
rm 'charts/screenshots_nasdaq/ACVA/ACVA_1H_20260917_072907.png'
rm 'charts/screenshots_nasdaq/ACVA/ACVA_4H_20260917_072907.png'
rm 'charts/screenshots_nasdaq/ACVA/ACVA_Daily_20260917_072907.png'
rm 'charts/screenshots_nasdaq/ACVA/ACVA_Monthly_20260917_072907.png'
rm 'charts/screenshots_nasdaq/ACVA/ACVA_Weekly_20260917_072907.png'
rm 'charts/screenshots_nasdaq/AEVA/AEVA_1H_20260917_075702.png'
rm 'charts/screenshots_nasdaq/AEVA/AEVA_4H_20260917_075702.png'
rm 'charts/screenshots_nasdaq/AEVA/AEVA_Daily_20260917_075702.png'
rm 'charts/screenshots_nasdaq/AEVA/AEVA_Monthly_20260917_075702.png'
rm 'charts/screenshots_nasdaq/AEVA/AEVA_Weekly_20260917_075702.png'
rm 'charts/screenshots_nasdaq/AGX/AGX_1H_20260917_074856.png'
rm 'charts/screenshots_nasdaq/AGX/AGX_4H_20260917_074856.png'
rm 'charts/screenshots_nasdaq/AGX/AGX_Daily_20260917_074856.png'
rm 'charts/screenshots_nasdaq/AGX/AGX_Monthly_20260917_074856.png'
rm 'charts/screenshots_nasdaq/AGX/AGX_Weekly_20260917_074856.png'
rm 'charts/screenshots_nasdaq/ALMS/ALMS_1H_20260917_074231.png'
rm 'charts/screenshots_nasdaq/ALMS/ALMS_4H_20260917_074231.png'
rm 'charts/screenshots_nasdaq/ALMS/ALMS_Daily_20260917_074231.png'
rm 'charts/screenshots_nasdaq/ALMS/ALMS_Monthly_20260917_074231.png'
rm 'charts/screenshots_nasdaq/ALMS/ALMS_Weekly_20260917_074231.png'
rm 'charts/screenshots_nasdaq/AMPX/AMPX_1H_20260917_075736.png'
rm 'charts/screenshots_nasdaq/AMPX/AMPX_4H_20260917_075736.png'
rm 'charts/screenshots_nasdaq/AMPX/AMPX_Daily_20260917_075736.png'
rm 'charts/screenshots_nasdaq/AMPX/AMPX_Monthly_20260917_075736.png'
rm 'charts/screenshots_nasdaq/AMPX/AMPX_Weekly_20260917_075736.png'
rm 'charts/screenshots_nasdaq/APLD/APLD_1H_20260917_073607.png'
rm 'charts/screenshots_nasdaq/APLD/APLD_4H_20260917_073607.png'
rm 'charts/screenshots_nasdaq/APLD/APLD_Daily_20260917_073607.png'
rm 'charts/screenshots_nasdaq/APLD/APLD_Monthly_20260917_073607.png'
rm 'charts/screenshots_nasdaq/APLD/APLD_Weekly_20260917_073607.png'
rm 'charts/screenshots_nasdaq/APTV/APTV_1H_20260917_074931.png'
rm 'charts/screenshots_nasdaq/APTV/APTV_4H_20260917_074931.png'
rm 'charts/screenshots_nasdaq/APTV/APTV_Daily_20260917_074931.png'
rm 'charts/screenshots_nasdaq/APTV/APTV_Monthly_20260917_074931.png'
rm 'charts/screenshots_nasdaq/APTV/APTV_Weekly_20260917_074931.png'
rm 'charts/screenshots_nasdaq/ASST/ASST_1H_20260917_071213.png'
rm 'charts/screenshots_nasdaq/ASST/ASST_4H_20260917_071213.png'
rm 'charts/screenshots_nasdaq/ASST/ASST_Daily_20260917_071213.png'
rm 'charts/screenshots_nasdaq/ASST/ASST_Monthly_20260917_071213.png'
rm 'charts/screenshots_nasdaq/ASST/ASST_Weekly_20260917_071213.png'
rm 'charts/screenshots_nasdaq/ATRC/ATRC_1H_20260917_072245.png'
rm 'charts/screenshots_nasdaq/ATRC/ATRC_4H_20260917_072245.png'
rm 'charts/screenshots_nasdaq/ATRC/ATRC_Daily_20260917_072245.png'
rm 'charts/screenshots_nasdaq/ATRC/ATRC_Monthly_20260917_072245.png'
rm 'charts/screenshots_nasdaq/ATRC/ATRC_Weekly_20260917_072245.png'
rm 'charts/screenshots_nasdaq/BBW/BBW_1H_20260917_074601.png'
rm 'charts/screenshots_nasdaq/BBW/BBW_4H_20260917_074601.png'
rm 'charts/screenshots_nasdaq/BBW/BBW_Daily_20260917_074601.png'
rm 'charts/screenshots_nasdaq/BBW/BBW_Monthly_20260917_074601.png'
rm 'charts/screenshots_nasdaq/BBW/BBW_Weekly_20260917_074601.png'
rm 'charts/screenshots_nasdaq/BILI/BILI_1H_20260917_075408.png'
rm 'charts/screenshots_nasdaq/BILI/BILI_4H_20260917_075408.png'
rm 'charts/screenshots_nasdaq/BILI/BILI_Daily_20260917_075408.png'
rm 'charts/screenshots_nasdaq/BILI/BILI_Monthly_20260917_075408.png'
rm 'charts/screenshots_nasdaq/BILI/BILI_Weekly_20260917_075408.png'
rm 'charts/screenshots_nasdaq/BLDR/BLDR_1H_20260917_080401.png'
rm 'charts/screenshots_nasdaq/BLDR/BLDR_4H_20260917_080401.png'
rm 'charts/screenshots_nasdaq/BLDR/BLDR_Daily_20260917_080401.png'
rm 'charts/screenshots_nasdaq/BLDR/BLDR_Monthly_20260917_080401.png'
rm 'charts/screenshots_nasdaq/BLDR/BLDR_Weekly_20260917_080401.png'
rm 'charts/screenshots_nasdaq/BLSH/BLSH_1H_20260917_072832.png'
rm 'charts/screenshots_nasdaq/BLSH/BLSH_4H_20260917_072832.png'
rm 'charts/screenshots_nasdaq/BLSH/BLSH_Daily_20260917_072832.png'
rm 'charts/screenshots_nasdaq/BLSH/BLSH_Monthly_20260917_072832.png'
rm 'charts/screenshots_nasdaq/BLSH/BLSH_Weekly_20260917_072832.png'
rm 'charts/screenshots_nasdaq/BMNR/BMNR_1H_20260917_071359.png'
rm 'charts/screenshots_nasdaq/BMNR/BMNR_4H_20260917_071359.png'
rm 'charts/screenshots_nasdaq/BMNR/BMNR_Daily_20260917_071359.png'
rm 'charts/screenshots_nasdaq/BMNR/BMNR_Monthly_20260917_071359.png'
rm 'charts/screenshots_nasdaq/BMNR/BMNR_Weekly_20260917_071359.png'
rm 'charts/screenshots_nasdaq/BNC/BNC_1H_20260917_072758.png'
rm 'charts/screenshots_nasdaq/BNC/BNC_4H_20260917_072758.png'
rm 'charts/screenshots_nasdaq/BNC/BNC_Daily_20260917_072758.png'
rm 'charts/screenshots_nasdaq/BNC/BNC_Monthly_20260917_072758.png'
rm 'charts/screenshots_nasdaq/BNC/BNC_Weekly_20260917_072758.png'
rm 'charts/screenshots_nasdaq/BRUN/BRUN_1H_20260917_075006.png'
rm 'charts/screenshots_nasdaq/BRUN/BRUN_4H_20260917_075006.png'
rm 'charts/screenshots_nasdaq/BRUN/BRUN_Daily_20260917_075006.png'
rm 'charts/screenshots_nasdaq/BRUN/BRUN_Monthly_20260917_075006.png'
rm 'charts/screenshots_nasdaq/BRUN/BRUN_Weekly_20260917_075006.png'
rm 'charts/screenshots_nasdaq/BSX/BSX_1H_20260917_074306.png'
rm 'charts/screenshots_nasdaq/BSX/BSX_4H_20260917_074306.png'
rm 'charts/screenshots_nasdaq/BSX/BSX_Daily_20260917_074306.png'
rm 'charts/screenshots_nasdaq/BSX/BSX_Monthly_20260917_074306.png'
rm 'charts/screenshots_nasdaq/BSX/BSX_Weekly_20260917_074306.png'
rm 'charts/screenshots_nasdaq/BTCT/BTCT_1H_20260917_072540.png'
rm 'charts/screenshots_nasdaq/BTCT/BTCT_4H_20260917_072540.png'
rm 'charts/screenshots_nasdaq/BTCT/BTCT_Daily_20260917_072540.png'
rm 'charts/screenshots_nasdaq/BTCT/BTCT_Monthly_20260917_072540.png'
rm 'charts/screenshots_nasdaq/BTCT/BTCT_Weekly_20260917_072540.png'
rm 'charts/screenshots_nasdaq/BULL/BULL_1H_20260917_071248.png'
rm 'charts/screenshots_nasdaq/BULL/BULL_4H_20260917_071248.png'
rm 'charts/screenshots_nasdaq/BULL/BULL_Daily_20260917_071248.png'
rm 'charts/screenshots_nasdaq/BULL/BULL_Monthly_20260917_071248.png'
rm 'charts/screenshots_nasdaq/BULL/BULL_Weekly_20260917_071248.png'
rm 'charts/screenshots_nasdaq/CDNA/CDNA_1H_20260917_071914.png'
rm 'charts/screenshots_nasdaq/CDNA/CDNA_4H_20260917_071914.png'
rm 'charts/screenshots_nasdaq/CDNA/CDNA_Daily_20260917_071914.png'
rm 'charts/screenshots_nasdaq/CDNA/CDNA_Monthly_20260917_071914.png'
rm 'charts/screenshots_nasdaq/CDNA/CDNA_Weekly_20260917_071914.png'
rm 'charts/screenshots_nasdaq/CLMT/CLMT_1H_20260917_071728.png'
rm 'charts/screenshots_nasdaq/CLMT/CLMT_4H_20260917_071728.png'
rm 'charts/screenshots_nasdaq/CLMT/CLMT_Daily_20260917_071728.png'
rm 'charts/screenshots_nasdaq/CLMT/CLMT_Monthly_20260917_071728.png'
rm 'charts/screenshots_nasdaq/CLMT/CLMT_Weekly_20260917_071728.png'
rm 'charts/screenshots_nasdaq/CRE/CRE_1H_20260917_073202.png'
rm 'charts/screenshots_nasdaq/CRE/CRE_4H_20260917_073202.png'
rm 'charts/screenshots_nasdaq/CRE/CRE_Daily_20260917_073202.png'
rm 'charts/screenshots_nasdaq/CRE/CRE_Monthly_20260917_073202.png'
rm 'charts/screenshots_nasdaq/CRE/CRE_Weekly_20260917_073202.png'
rm 'charts/screenshots_nasdaq/CRWD/CRWD_1H_20260917_071839.png'
rm 'charts/screenshots_nasdaq/CRWD/CRWD_4H_20260917_071839.png'
rm 'charts/screenshots_nasdaq/CRWD/CRWD_Daily_20260917_071839.png'
rm 'charts/screenshots_nasdaq/CRWD/CRWD_Monthly_20260917_071839.png'
rm 'charts/screenshots_nasdaq/CRWD/CRWD_Weekly_20260917_071839.png'
rm 'charts/screenshots_nasdaq/CTRI/CTRI_1H_20260917_074636.png'
rm 'charts/screenshots_nasdaq/CTRI/CTRI_4H_20260917_074636.png'
rm 'charts/screenshots_nasdaq/CTRI/CTRI_Daily_20260917_074636.png'
rm 'charts/screenshots_nasdaq/CTRI/CTRI_Monthly_20260917_074636.png'
rm 'charts/screenshots_nasdaq/CTRI/CTRI_Weekly_20260917_074636.png'
rm 'charts/screenshots_nasdaq/CVI/CVI_1H_20260917_072649.png'
rm 'charts/screenshots_nasdaq/CVI/CVI_4H_20260917_072649.png'
rm 'charts/screenshots_nasdaq/CVI/CVI_Daily_20260917_072649.png'
rm 'charts/screenshots_nasdaq/CVI/CVI_Monthly_20260917_072649.png'
rm 'charts/screenshots_nasdaq/CVI/CVI_Weekly_20260917_072649.png'
rm 'charts/screenshots_nasdaq/DELL/DELL_1H_20260917_071323.png'
rm 'charts/screenshots_nasdaq/DELL/DELL_4H_20260917_071323.png'
rm 'charts/screenshots_nasdaq/DELL/DELL_Daily_20260917_071323.png'
rm 'charts/screenshots_nasdaq/DELL/DELL_Monthly_20260917_071323.png'
rm 'charts/screenshots_nasdaq/DELL/DELL_Weekly_20260917_071323.png'
rm 'charts/screenshots_nasdaq/DHT/DHT_1H_20260917_070916.png'
rm 'charts/screenshots_nasdaq/DHT/DHT_4H_20260917_070916.png'
rm 'charts/screenshots_nasdaq/DHT/DHT_Daily_20260917_070916.png'
rm 'charts/screenshots_nasdaq/DHT/DHT_Monthly_20260917_070916.png'
rm 'charts/screenshots_nasdaq/DHT/DHT_Weekly_20260917_070916.png'
rm 'charts/screenshots_nasdaq/DINO/DINO_1H_20260917_071949.png'
rm 'charts/screenshots_nasdaq/DINO/DINO_4H_20260917_071949.png'
rm 'charts/screenshots_nasdaq/DINO/DINO_Daily_20260917_071949.png'
rm 'charts/screenshots_nasdaq/DINO/DINO_Monthly_20260917_071949.png'
rm 'charts/screenshots_nasdaq/DINO/DINO_Weekly_20260917_071949.png'
rm 'charts/screenshots_nasdaq/DK/DK_1H_20260917_071137.png'
rm 'charts/screenshots_nasdaq/DK/DK_4H_20260917_071137.png'
rm 'charts/screenshots_nasdaq/DK/DK_Daily_20260917_071137.png'
rm 'charts/screenshots_nasdaq/DK/DK_Monthly_20260917_071137.png'
rm 'charts/screenshots_nasdaq/DK/DK_Weekly_20260917_071137.png'
rm 'charts/screenshots_nasdaq/DLXY/DLXY_1H_20260917_072024.png'
rm 'charts/screenshots_nasdaq/DLXY/DLXY_4H_20260917_072024.png'
rm 'charts/screenshots_nasdaq/DLXY/DLXY_Daily_20260917_072024.png'
rm 'charts/screenshots_nasdaq/DLXY/DLXY_Monthly_20260917_072024.png'
rm 'charts/screenshots_nasdaq/DLXY/DLXY_Weekly_20260917_072024.png'
rm 'charts/screenshots_nasdaq/DOCS/DOCS_1H_20260917_073053.png'
rm 'charts/screenshots_nasdaq/DOCS/DOCS_4H_20260917_073053.png'
rm 'charts/screenshots_nasdaq/DOCS/DOCS_Daily_20260917_073053.png'
rm 'charts/screenshots_nasdaq/DOCS/DOCS_Monthly_20260917_073053.png'
rm 'charts/screenshots_nasdaq/DOCS/DOCS_Weekly_20260917_073053.png'
rm 'charts/screenshots_nasdaq/DUOL/DUOL_1H_20260917_072615.png'
rm 'charts/screenshots_nasdaq/DUOL/DUOL_4H_20260917_072615.png'
rm 'charts/screenshots_nasdaq/DUOL/DUOL_Daily_20260917_072615.png'
rm 'charts/screenshots_nasdaq/DUOL/DUOL_Monthly_20260917_072615.png'
rm 'charts/screenshots_nasdaq/DUOL/DUOL_Weekly_20260917_072615.png'
rm 'charts/screenshots_nasdaq/ECO/ECO_1H_20260917_072320.png'
rm 'charts/screenshots_nasdaq/ECO/ECO_4H_20260917_072320.png'
rm 'charts/screenshots_nasdaq/ECO/ECO_Daily_20260917_072320.png'
rm 'charts/screenshots_nasdaq/ECO/ECO_Monthly_20260917_072320.png'
rm 'charts/screenshots_nasdaq/ECO/ECO_Weekly_20260917_072320.png'
rm 'charts/screenshots_nasdaq/ESAB/ESAB_1H_20260917_074340.png'
rm 'charts/screenshots_nasdaq/ESAB/ESAB_4H_20260917_074340.png'
rm 'charts/screenshots_nasdaq/ESAB/ESAB_Daily_20260917_074340.png'
rm 'charts/screenshots_nasdaq/ESAB/ESAB_Monthly_20260917_074340.png'
rm 'charts/screenshots_nasdaq/ESAB/ESAB_Weekly_20260917_074340.png'
rm 'charts/screenshots_nasdaq/FIG/FIG_1H_20260917_073458.png'
rm 'charts/screenshots_nasdaq/FIG/FIG_4H_20260917_073458.png'
rm 'charts/screenshots_nasdaq/FIG/FIG_Daily_20260917_073458.png'
rm 'charts/screenshots_nasdaq/FIG/FIG_Monthly_20260917_073458.png'
rm 'charts/screenshots_nasdaq/FIG/FIG_Weekly_20260917_073458.png'
rm 'charts/screenshots_nasdaq/FIGR/FIGR_1H_20260917_073532.png'
rm 'charts/screenshots_nasdaq/FIGR/FIGR_4H_20260917_073532.png'
rm 'charts/screenshots_nasdaq/FIGR/FIGR_Daily_20260917_073532.png'
rm 'charts/screenshots_nasdaq/FIGR/FIGR_Monthly_20260917_073532.png'
rm 'charts/screenshots_nasdaq/FIGR/FIGR_Weekly_20260917_073532.png'
rm 'charts/screenshots_nasdaq/FISV/FISV_1H_20260917_075443.png'
rm 'charts/screenshots_nasdaq/FISV/FISV_4H_20260917_075443.png'
rm 'charts/screenshots_nasdaq/FISV/FISV_Daily_20260917_075443.png'
rm 'charts/screenshots_nasdaq/FISV/FISV_Monthly_20260917_075443.png'
rm 'charts/screenshots_nasdaq/FISV/FISV_Weekly_20260917_075443.png'
rm 'charts/screenshots_nasdaq/FOUR/FOUR_1H_20260917_075810.png'
rm 'charts/screenshots_nasdaq/FOUR/FOUR_4H_20260917_075810.png'
rm 'charts/screenshots_nasdaq/FOUR/FOUR_Daily_20260917_075810.png'
rm 'charts/screenshots_nasdaq/FOUR/FOUR_Monthly_20260917_075810.png'
rm 'charts/screenshots_nasdaq/FOUR/FOUR_Weekly_20260917_075810.png'
rm 'charts/screenshots_nasdaq/FRO/FRO_1H_20260917_070951.png'
rm 'charts/screenshots_nasdaq/FRO/FRO_4H_20260917_070951.png'
rm 'charts/screenshots_nasdaq/FRO/FRO_Daily_20260917_070951.png'
rm 'charts/screenshots_nasdaq/FRO/FRO_Monthly_20260917_070951.png'
rm 'charts/screenshots_nasdaq/FRO/FRO_Weekly_20260917_070951.png'
rm 'charts/screenshots_nasdaq/GENI/GENI_1H_20260917_073237.png'
rm 'charts/screenshots_nasdaq/GENI/GENI_4H_20260917_073237.png'
rm 'charts/screenshots_nasdaq/GENI/GENI_Daily_20260917_073237.png'
rm 'charts/screenshots_nasdaq/GENI/GENI_Monthly_20260917_073237.png'
rm 'charts/screenshots_nasdaq/GENI/GENI_Weekly_20260917_073237.png'
rm 'charts/screenshots_nasdaq/GFS/GFS_1H_20260917_075041.png'
rm 'charts/screenshots_nasdaq/GFS/GFS_4H_20260917_075041.png'
rm 'charts/screenshots_nasdaq/GFS/GFS_Daily_20260917_075041.png'
rm 'charts/screenshots_nasdaq/GFS/GFS_Monthly_20260917_075041.png'
rm 'charts/screenshots_nasdaq/GFS/GFS_Weekly_20260917_075041.png'
rm 'charts/screenshots_nasdaq/GPCR/GPCR_1H_20260917_073828.png'
rm 'charts/screenshots_nasdaq/GPCR/GPCR_4H_20260917_073828.png'
rm 'charts/screenshots_nasdaq/GPCR/GPCR_Daily_20260917_073828.png'
rm 'charts/screenshots_nasdaq/GPCR/GPCR_Monthly_20260917_073828.png'
rm 'charts/screenshots_nasdaq/GPCR/GPCR_Weekly_20260917_073828.png'
rm 'charts/screenshots_nasdaq/GPRO/GPRO_1H_20260917_072355.png'
rm 'charts/screenshots_nasdaq/GPRO/GPRO_4H_20260917_072355.png'
rm 'charts/screenshots_nasdaq/GPRO/GPRO_Daily_20260917_072355.png'
rm 'charts/screenshots_nasdaq/GPRO/GPRO_Monthly_20260917_072355.png'
rm 'charts/screenshots_nasdaq/GPRO/GPRO_Weekly_20260917_072355.png'
rm 'charts/screenshots_nasdaq/GRAB/GRAB_1H_20260917_073903.png'
rm 'charts/screenshots_nasdaq/GRAB/GRAB_4H_20260917_073903.png'
rm 'charts/screenshots_nasdaq/GRAB/GRAB_Daily_20260917_073903.png'
rm 'charts/screenshots_nasdaq/GRAB/GRAB_Monthly_20260917_073903.png'
rm 'charts/screenshots_nasdaq/GRAB/GRAB_Weekly_20260917_073903.png'
rm 'charts/screenshots_nasdaq/HIMS/HIMS_1H_20260917_073348.png'
rm 'charts/screenshots_nasdaq/HIMS/HIMS_4H_20260917_073348.png'
rm 'charts/screenshots_nasdaq/HIMS/HIMS_Daily_20260917_073348.png'
rm 'charts/screenshots_nasdaq/HIMS/HIMS_Monthly_20260917_073348.png'
rm 'charts/screenshots_nasdaq/HIMS/HIMS_Weekly_20260917_073348.png'
rm 'charts/screenshots_nasdaq/HUBS/HUBS_1H_20260917_073423.png'
rm 'charts/screenshots_nasdaq/HUBS/HUBS_4H_20260917_073423.png'
rm 'charts/screenshots_nasdaq/HUBS/HUBS_Daily_20260917_073423.png'
rm 'charts/screenshots_nasdaq/HUBS/HUBS_Monthly_20260917_073423.png'
rm 'charts/screenshots_nasdaq/HUBS/HUBS_Weekly_20260917_073423.png'
rm 'charts/screenshots_nasdaq/HYMC/HYMC_1H_20260917_075845.png'
rm 'charts/screenshots_nasdaq/HYMC/HYMC_4H_20260917_075845.png'
rm 'charts/screenshots_nasdaq/HYMC/HYMC_Daily_20260917_075845.png'
rm 'charts/screenshots_nasdaq/HYMC/HYMC_Monthly_20260917_075845.png'
rm 'charts/screenshots_nasdaq/HYMC/HYMC_Weekly_20260917_075845.png'
rm 'charts/screenshots_nasdaq/ICHR/ICHR_1H_20260917_074711.png'
rm 'charts/screenshots_nasdaq/ICHR/ICHR_4H_20260917_074711.png'
rm 'charts/screenshots_nasdaq/ICHR/ICHR_Daily_20260917_074711.png'
rm 'charts/screenshots_nasdaq/ICHR/ICHR_Monthly_20260917_074711.png'
rm 'charts/screenshots_nasdaq/ICHR/ICHR_Weekly_20260917_074711.png'
rm 'charts/screenshots_nasdaq/INOD/INOD_1H_20260917_080436.png'
rm 'charts/screenshots_nasdaq/INOD/INOD_4H_20260917_080436.png'
rm 'charts/screenshots_nasdaq/INOD/INOD_Daily_20260917_080436.png'
rm 'charts/screenshots_nasdaq/INOD/INOD_Monthly_20260917_080436.png'
rm 'charts/screenshots_nasdaq/INOD/INOD_Weekly_20260917_080436.png'
rm 'charts/screenshots_nasdaq/INSW/INSW_1H_20260917_071026.png'
rm 'charts/screenshots_nasdaq/INSW/INSW_4H_20260917_071026.png'
rm 'charts/screenshots_nasdaq/INSW/INSW_Daily_20260917_071026.png'
rm 'charts/screenshots_nasdaq/INSW/INSW_Monthly_20260917_071026.png'
rm 'charts/screenshots_nasdaq/INSW/INSW_Weekly_20260917_071026.png'
rm 'charts/screenshots_nasdaq/IONQ/IONQ_1H_20260917_080512.png'
rm 'charts/screenshots_nasdaq/IONQ/IONQ_4H_20260917_080512.png'
rm 'charts/screenshots_nasdaq/IONQ/IONQ_Daily_20260917_080512.png'
rm 'charts/screenshots_nasdaq/IONQ/IONQ_Monthly_20260917_080512.png'
rm 'charts/screenshots_nasdaq/IONQ/IONQ_Weekly_20260917_080512.png'
rm 'charts/screenshots_nasdaq/IOVA/IOVA_1H_20260917_071544.png'
rm 'charts/screenshots_nasdaq/IOVA/IOVA_4H_20260917_071544.png'
rm 'charts/screenshots_nasdaq/IOVA/IOVA_Daily_20260917_071544.png'
rm 'charts/screenshots_nasdaq/IOVA/IOVA_Monthly_20260917_071544.png'
rm 'charts/screenshots_nasdaq/IOVA/IOVA_Weekly_20260917_071544.png'
rm 'charts/screenshots_nasdaq/JOBY/JOBY_1H_20260917_075517.png'
rm 'charts/screenshots_nasdaq/JOBY/JOBY_4H_20260917_075517.png'
rm 'charts/screenshots_nasdaq/JOBY/JOBY_Daily_20260917_075517.png'
rm 'charts/screenshots_nasdaq/JOBY/JOBY_Monthly_20260917_075517.png'
rm 'charts/screenshots_nasdaq/JOBY/JOBY_Weekly_20260917_075517.png'
rm 'charts/screenshots_nasdaq/KRMN/KRMN_1H_20260917_074012.png'
rm 'charts/screenshots_nasdaq/KRMN/KRMN_4H_20260917_074012.png'
rm 'charts/screenshots_nasdaq/KRMN/KRMN_Daily_20260917_074012.png'
rm 'charts/screenshots_nasdaq/KRMN/KRMN_Monthly_20260917_074012.png'
rm 'charts/screenshots_nasdaq/KRMN/KRMN_Weekly_20260917_074012.png'
rm 'charts/screenshots_nasdaq/KTOS/KTOS_1H_20260917_074747.png'
rm 'charts/screenshots_nasdaq/KTOS/KTOS_4H_20260917_074747.png'
rm 'charts/screenshots_nasdaq/KTOS/KTOS_Daily_20260917_074747.png'
rm 'charts/screenshots_nasdaq/KTOS/KTOS_Monthly_20260917_074747.png'
rm 'charts/screenshots_nasdaq/KTOS/KTOS_Weekly_20260917_074747.png'
rm 'charts/screenshots_nasdaq/LASR/LASR_1H_20260917_075116.png'
rm 'charts/screenshots_nasdaq/LASR/LASR_4H_20260917_075116.png'
rm 'charts/screenshots_nasdaq/LASR/LASR_Daily_20260917_075116.png'
rm 'charts/screenshots_nasdaq/LASR/LASR_Monthly_20260917_075116.png'
rm 'charts/screenshots_nasdaq/LASR/LASR_Weekly_20260917_075116.png'
rm 'charts/screenshots_nasdaq/LPG/LPG_1H_20260917_070841.png'
rm 'charts/screenshots_nasdaq/LPG/LPG_4H_20260917_070841.png'
rm 'charts/screenshots_nasdaq/LPG/LPG_Daily_20260917_070841.png'
rm 'charts/screenshots_nasdaq/LPG/LPG_Monthly_20260917_070841.png'
rm 'charts/screenshots_nasdaq/LPG/LPG_Weekly_20260917_070841.png'
rm 'charts/screenshots_nasdaq/LUNR/LUNR_1H_20260917_075920.png'
rm 'charts/screenshots_nasdaq/LUNR/LUNR_4H_20260917_075920.png'
rm 'charts/screenshots_nasdaq/LUNR/LUNR_Daily_20260917_075920.png'
rm 'charts/screenshots_nasdaq/LUNR/LUNR_Monthly_20260917_075920.png'
rm 'charts/screenshots_nasdaq/LUNR/LUNR_Weekly_20260917_075920.png'
rm 'charts/screenshots_nasdaq/METC/METC_1H_20260917_075956.png'
rm 'charts/screenshots_nasdaq/METC/METC_4H_20260917_075956.png'
rm 'charts/screenshots_nasdaq/METC/METC_Daily_20260917_075956.png'
rm 'charts/screenshots_nasdaq/METC/METC_Monthly_20260917_075956.png'
rm 'charts/screenshots_nasdaq/METC/METC_Weekly_20260917_075956.png'
rm 'charts/screenshots_nasdaq/MMYT/MMYT_1H_20260917_073312.png'
rm 'charts/screenshots_nasdaq/MMYT/MMYT_4H_20260917_073312.png'
rm 'charts/screenshots_nasdaq/MMYT/MMYT_Daily_20260917_073312.png'
rm 'charts/screenshots_nasdaq/MMYT/MMYT_Monthly_20260917_073312.png'
rm 'charts/screenshots_nasdaq/MMYT/MMYT_Weekly_20260917_073312.png'
rm 'charts/screenshots_nasdaq/MNDY/MNDY_1H_20260917_072506.png'
rm 'charts/screenshots_nasdaq/MNDY/MNDY_4H_20260917_072506.png'
rm 'charts/screenshots_nasdaq/MNDY/MNDY_Daily_20260917_072506.png'
rm 'charts/screenshots_nasdaq/MNDY/MNDY_Monthly_20260917_072506.png'
rm 'charts/screenshots_nasdaq/MNDY/MNDY_Weekly_20260917_072506.png'
rm 'charts/screenshots_nasdaq/MP/MP_1H_20260917_075553.png'
rm 'charts/screenshots_nasdaq/MP/MP_4H_20260917_075553.png'
rm 'charts/screenshots_nasdaq/MP/MP_Daily_20260917_075553.png'
rm 'charts/screenshots_nasdaq/MP/MP_Monthly_20260917_075553.png'
rm 'charts/screenshots_nasdaq/MP/MP_Weekly_20260917_075553.png'
rm 'charts/screenshots_nasdaq/MSTR/MSTR_1H_20260917_073128.png'
rm 'charts/screenshots_nasdaq/MSTR/MSTR_4H_20260917_073128.png'
rm 'charts/screenshots_nasdaq/MSTR/MSTR_Daily_20260917_073128.png'
rm 'charts/screenshots_nasdaq/MSTR/MSTR_Monthly_20260917_073128.png'
rm 'charts/screenshots_nasdaq/MSTR/MSTR_Weekly_20260917_073128.png'
rm 'charts/screenshots_nasdaq/NAT/NAT_1H_20260917_072724.png'
rm 'charts/screenshots_nasdaq/NAT/NAT_4H_20260917_072724.png'
rm 'charts/screenshots_nasdaq/NAT/NAT_Daily_20260917_072724.png'
rm 'charts/screenshots_nasdaq/NAT/NAT_Monthly_20260917_072724.png'
rm 'charts/screenshots_nasdaq/NAT/NAT_Weekly_20260917_072724.png'
rm 'charts/screenshots_nasdaq/NG/NG_1H_20260917_074122.png'
rm 'charts/screenshots_nasdaq/NG/NG_4H_20260917_074122.png'
rm 'charts/screenshots_nasdaq/NG/NG_Daily_20260917_074122.png'
rm 'charts/screenshots_nasdaq/NG/NG_Monthly_20260917_074122.png'
rm 'charts/screenshots_nasdaq/NG/NG_Weekly_20260917_074122.png'
rm 'charts/screenshots_nasdaq/NTLA/NTLA_1H_20260917_073642.png'
rm 'charts/screenshots_nasdaq/NTLA/NTLA_4H_20260917_073642.png'
rm 'charts/screenshots_nasdaq/NTLA/NTLA_Daily_20260917_073642.png'
rm 'charts/screenshots_nasdaq/NTLA/NTLA_Monthly_20260917_073642.png'
rm 'charts/screenshots_nasdaq/NTLA/NTLA_Weekly_20260917_073642.png'
rm 'charts/screenshots_nasdaq/NVTS/NVTS_1H_20260917_074414.png'
rm 'charts/screenshots_nasdaq/NVTS/NVTS_4H_20260917_074414.png'
rm 'charts/screenshots_nasdaq/NVTS/NVTS_Daily_20260917_074414.png'
rm 'charts/screenshots_nasdaq/NVTS/NVTS_Monthly_20260917_074414.png'
rm 'charts/screenshots_nasdaq/NVTS/NVTS_Weekly_20260917_074414.png'
rm 'charts/screenshots_nasdaq/NXT/NXT_1H_20260917_075150.png'
rm 'charts/screenshots_nasdaq/NXT/NXT_4H_20260917_075150.png'
rm 'charts/screenshots_nasdaq/NXT/NXT_Daily_20260917_075150.png'
rm 'charts/screenshots_nasdaq/NXT/NXT_Monthly_20260917_075150.png'
rm 'charts/screenshots_nasdaq/NXT/NXT_Weekly_20260917_075150.png'
rm 'charts/screenshots_nasdaq/ODD/ODD_1H_20260917_072943.png'
rm 'charts/screenshots_nasdaq/ODD/ODD_4H_20260917_072943.png'
rm 'charts/screenshots_nasdaq/ODD/ODD_Daily_20260917_072943.png'
rm 'charts/screenshots_nasdaq/ODD/ODD_Monthly_20260917_072943.png'
rm 'charts/screenshots_nasdaq/ODD/ODD_Weekly_20260917_072943.png'
rm 'charts/screenshots_nasdaq/OKLO/OKLO_1H_20260917_075627.png'
rm 'charts/screenshots_nasdaq/OKLO/OKLO_4H_20260917_075627.png'
rm 'charts/screenshots_nasdaq/OKLO/OKLO_Daily_20260917_075627.png'
rm 'charts/screenshots_nasdaq/OKLO/OKLO_Monthly_20260917_075627.png'
rm 'charts/screenshots_nasdaq/OKLO/OKLO_Weekly_20260917_075627.png'
rm 'charts/screenshots_nasdaq/OKTA/OKTA_1H_20260917_071509.png'
rm 'charts/screenshots_nasdaq/OKTA/OKTA_4H_20260917_071509.png'
rm 'charts/screenshots_nasdaq/OKTA/OKTA_Daily_20260917_071509.png'
rm 'charts/screenshots_nasdaq/OKTA/OKTA_Monthly_20260917_071509.png'
rm 'charts/screenshots_nasdaq/OKTA/OKTA_Weekly_20260917_071509.png'
rm 'charts/screenshots_nasdaq/ON/ON_1H_20260917_074047.png'
rm 'charts/screenshots_nasdaq/ON/ON_4H_20260917_074047.png'
rm 'charts/screenshots_nasdaq/ON/ON_Daily_20260917_074047.png'
rm 'charts/screenshots_nasdaq/ON/ON_Monthly_20260917_074047.png'
rm 'charts/screenshots_nasdaq/ON/ON_Weekly_20260917_074047.png'
rm 'charts/screenshots_nasdaq/PGY/PGY_1H_20260917_072430.png'
rm 'charts/screenshots_nasdaq/PGY/PGY_4H_20260917_072430.png'
rm 'charts/screenshots_nasdaq/PGY/PGY_Daily_20260917_072430.png'
rm 'charts/screenshots_nasdaq/PGY/PGY_Monthly_20260917_072430.png'
rm 'charts/screenshots_nasdaq/PGY/PGY_Weekly_20260917_072430.png'
rm 'charts/screenshots_nasdaq/PL/PL_1H_20260917_074450.png'
rm 'charts/screenshots_nasdaq/PL/PL_4H_20260917_074450.png'
rm 'charts/screenshots_nasdaq/PL/PL_Daily_20260917_074450.png'
rm 'charts/screenshots_nasdaq/PL/PL_Monthly_20260917_074450.png'
rm 'charts/screenshots_nasdaq/PL/PL_Weekly_20260917_074450.png'
rm 'charts/screenshots_nasdaq/PODD/PODD_1H_20260917_080547.png'
rm 'charts/screenshots_nasdaq/PODD/PODD_4H_20260917_080547.png'
rm 'charts/screenshots_nasdaq/PODD/PODD_Daily_20260917_080547.png'
rm 'charts/screenshots_nasdaq/PODD/PODD_Monthly_20260917_080547.png'
rm 'charts/screenshots_nasdaq/PODD/PODD_Weekly_20260917_080547.png'
rm 'charts/screenshots_nasdaq/POET/POET_1H_20260917_080622.png'
rm 'charts/screenshots_nasdaq/POET/POET_4H_20260917_080622.png'
rm 'charts/screenshots_nasdaq/POET/POET_Daily_20260917_080622.png'
rm 'charts/screenshots_nasdaq/POET/POET_Monthly_20260917_080622.png'
rm 'charts/screenshots_nasdaq/POET/POET_Weekly_20260917_080622.png'
rm 'charts/screenshots_nasdaq/PONY/PONY_1H_20260917_080031.png'
rm 'charts/screenshots_nasdaq/PONY/PONY_4H_20260917_080031.png'
rm 'charts/screenshots_nasdaq/PONY/PONY_Daily_20260917_080031.png'
rm 'charts/screenshots_nasdaq/PONY/PONY_Monthly_20260917_080031.png'
rm 'charts/screenshots_nasdaq/PONY/PONY_Weekly_20260917_080031.png'
rm 'charts/screenshots_nasdaq/QBTS/QBTS_1H_20260917_080106.png'
rm 'charts/screenshots_nasdaq/QBTS/QBTS_4H_20260917_080106.png'
rm 'charts/screenshots_nasdaq/QBTS/QBTS_Daily_20260917_080106.png'
rm 'charts/screenshots_nasdaq/QBTS/QBTS_Monthly_20260917_080106.png'
rm 'charts/screenshots_nasdaq/QBTS/QBTS_Weekly_20260917_080106.png'
rm 'charts/screenshots_nasdaq/RCAT/RCAT_1H_20260917_074525.png'
rm 'charts/screenshots_nasdaq/RCAT/RCAT_4H_20260917_074525.png'
rm 'charts/screenshots_nasdaq/RCAT/RCAT_Daily_20260917_074525.png'
rm 'charts/screenshots_nasdaq/RCAT/RCAT_Monthly_20260917_074525.png'
rm 'charts/screenshots_nasdaq/RCAT/RCAT_Weekly_20260917_074525.png'
rm 'charts/screenshots_nasdaq/RMBS/RMBS_1H_20260917_073717.png'
rm 'charts/screenshots_nasdaq/RMBS/RMBS_4H_20260917_073717.png'
rm 'charts/screenshots_nasdaq/RMBS/RMBS_Daily_20260917_073717.png'
rm 'charts/screenshots_nasdaq/RMBS/RMBS_Monthly_20260917_073717.png'
rm 'charts/screenshots_nasdaq/RMBS/RMBS_Weekly_20260917_073717.png'
rm 'charts/screenshots_nasdaq/RUN/RUN_1H_20260917_074821.png'
rm 'charts/screenshots_nasdaq/RUN/RUN_4H_20260917_074821.png'
rm 'charts/screenshots_nasdaq/RUN/RUN_Daily_20260917_074821.png'
rm 'charts/screenshots_nasdaq/RUN/RUN_Monthly_20260917_074821.png'
rm 'charts/screenshots_nasdaq/RUN/RUN_Weekly_20260917_074821.png'
rm 'charts/screenshots_nasdaq/RVTY/RVTY_1H_20260917_071618.png'
rm 'charts/screenshots_nasdaq/RVTY/RVTY_4H_20260917_071618.png'
rm 'charts/screenshots_nasdaq/RVTY/RVTY_Daily_20260917_071618.png'
rm 'charts/screenshots_nasdaq/RVTY/RVTY_Monthly_20260917_071618.png'
rm 'charts/screenshots_nasdaq/RVTY/RVTY_Weekly_20260917_071618.png'
rm 'charts/screenshots_nasdaq/RZLV/RZLV_1H_20260917_080142.png'
rm 'charts/screenshots_nasdaq/RZLV/RZLV_4H_20260917_080142.png'
rm 'charts/screenshots_nasdaq/RZLV/RZLV_Daily_20260917_080142.png'
rm 'charts/screenshots_nasdaq/RZLV/RZLV_Monthly_20260917_080142.png'
rm 'charts/screenshots_nasdaq/RZLV/RZLV_Weekly_20260917_080142.png'
rm 'charts/screenshots_nasdaq/SBET/SBET_1H_20260917_071434.png'
rm 'charts/screenshots_nasdaq/SBET/SBET_4H_20260917_071434.png'
rm 'charts/screenshots_nasdaq/SBET/SBET_Daily_20260917_071434.png'
rm 'charts/screenshots_nasdaq/SBET/SBET_Monthly_20260917_071434.png'
rm 'charts/screenshots_nasdaq/SBET/SBET_Weekly_20260917_071434.png'
rm 'charts/screenshots_nasdaq/SDGR/SDGR_1H_20260917_072059.png'
rm 'charts/screenshots_nasdaq/SDGR/SDGR_4H_20260917_072059.png'
rm 'charts/screenshots_nasdaq/SDGR/SDGR_Daily_20260917_072059.png'
rm 'charts/screenshots_nasdaq/SDGR/SDGR_Monthly_20260917_072059.png'
rm 'charts/screenshots_nasdaq/SDGR/SDGR_Weekly_20260917_072059.png'
rm 'charts/screenshots_nasdaq/SUNE/SUNE_1H_20260917_073018.png'
rm 'charts/screenshots_nasdaq/SUNE/SUNE_4H_20260917_073018.png'
rm 'charts/screenshots_nasdaq/SUNE/SUNE_Daily_20260917_073018.png'
rm 'charts/screenshots_nasdaq/SUNE/SUNE_Monthly_20260917_073018.png'
rm 'charts/screenshots_nasdaq/SUNE/SUNE_Weekly_20260917_073018.png'
rm 'charts/screenshots_nasdaq/TRIP/TRIP_1H_20260917_073753.png'
rm 'charts/screenshots_nasdaq/TRIP/TRIP_4H_20260917_073753.png'
rm 'charts/screenshots_nasdaq/TRIP/TRIP_Daily_20260917_073753.png'
rm 'charts/screenshots_nasdaq/TRIP/TRIP_Monthly_20260917_073753.png'
rm 'charts/screenshots_nasdaq/TRIP/TRIP_Weekly_20260917_073753.png'
rm 'charts/screenshots_nasdaq/TRMD/TRMD_1H_20260917_072135.png'
rm 'charts/screenshots_nasdaq/TRMD/TRMD_4H_20260917_072135.png'
rm 'charts/screenshots_nasdaq/TRMD/TRMD_Daily_20260917_072135.png'
rm 'charts/screenshots_nasdaq/TRMD/TRMD_Monthly_20260917_072135.png'
rm 'charts/screenshots_nasdaq/TRMD/TRMD_Weekly_20260917_072135.png'
rm 'charts/screenshots_nasdaq/TXG/TXG_1H_20260917_071653.png'
rm 'charts/screenshots_nasdaq/TXG/TXG_4H_20260917_071653.png'
rm 'charts/screenshots_nasdaq/TXG/TXG_Daily_20260917_071653.png'
rm 'charts/screenshots_nasdaq/TXG/TXG_Monthly_20260917_071653.png'
rm 'charts/screenshots_nasdaq/TXG/TXG_Weekly_20260917_071653.png'
rm 'charts/screenshots_nasdaq/UAMY/UAMY_1H_20260917_075334.png'
rm 'charts/screenshots_nasdaq/UAMY/UAMY_4H_20260917_075334.png'
rm 'charts/screenshots_nasdaq/UAMY/UAMY_Daily_20260917_075334.png'
rm 'charts/screenshots_nasdaq/UAMY/UAMY_Monthly_20260917_075334.png'
rm 'charts/screenshots_nasdaq/UAMY/UAMY_Weekly_20260917_075334.png'
rm 'charts/screenshots_nasdaq/UTI/UTI_1H_20260917_075225.png'
rm 'charts/screenshots_nasdaq/UTI/UTI_4H_20260917_075225.png'
rm 'charts/screenshots_nasdaq/UTI/UTI_Daily_20260917_075225.png'
rm 'charts/screenshots_nasdaq/UTI/UTI_Monthly_20260917_075225.png'
rm 'charts/screenshots_nasdaq/UTI/UTI_Weekly_20260917_075225.png'
rm 'charts/screenshots_nasdaq/VECO/VECO_1H_20260917_080217.png'
rm 'charts/screenshots_nasdaq/VECO/VECO_4H_20260917_080217.png'
rm 'charts/screenshots_nasdaq/VECO/VECO_Daily_20260917_080217.png'
rm 'charts/screenshots_nasdaq/VECO/VECO_Monthly_20260917_080217.png'
rm 'charts/screenshots_nasdaq/VECO/VECO_Weekly_20260917_080217.png'
rm 'charts/screenshots_nasdaq/VLO/VLO_1H_20260917_071102.png'
rm 'charts/screenshots_nasdaq/VLO/VLO_4H_20260917_071102.png'
rm 'charts/screenshots_nasdaq/VLO/VLO_Daily_20260917_071102.png'
rm 'charts/screenshots_nasdaq/VLO/VLO_Monthly_20260917_071102.png'
rm 'charts/screenshots_nasdaq/VLO/VLO_Weekly_20260917_071102.png'
rm 'charts/screenshots_nasdaq/VNET/VNET_1H_20260917_080251.png'
rm 'charts/screenshots_nasdaq/VNET/VNET_4H_20260917_080251.png'
rm 'charts/screenshots_nasdaq/VNET/VNET_Daily_20260917_080251.png'
rm 'charts/screenshots_nasdaq/VNET/VNET_Monthly_20260917_080251.png'
rm 'charts/screenshots_nasdaq/VNET/VNET_Weekly_20260917_080251.png'
rm 'charts/screenshots_nasdaq/VPG/VPG_1H_20260917_075259.png'
rm 'charts/screenshots_nasdaq/VPG/VPG_4H_20260917_075259.png'
rm 'charts/screenshots_nasdaq/VPG/VPG_Daily_20260917_075259.png'
rm 'charts/screenshots_nasdaq/VPG/VPG_Monthly_20260917_075259.png'
rm 'charts/screenshots_nasdaq/VPG/VPG_Weekly_20260917_075259.png'
rm 'charts/screenshots_nasdaq/WIX/WIX_1H_20260917_071803.png'
rm 'charts/screenshots_nasdaq/WIX/WIX_4H_20260917_071803.png'
rm 'charts/screenshots_nasdaq/WIX/WIX_Daily_20260917_071803.png'
rm 'charts/screenshots_nasdaq/WIX/WIX_Monthly_20260917_071803.png'
rm 'charts/screenshots_nasdaq/WIX/WIX_Weekly_20260917_071803.png'
rm 'charts/screenshots_nasdaq/WYFI/WYFI_1H_20260917_080326.png'
rm 'charts/screenshots_nasdaq/WYFI/WYFI_4H_20260917_080326.png'
rm 'charts/screenshots_nasdaq/WYFI/WYFI_Daily_20260917_080326.png'
rm 'charts/screenshots_nasdaq/WYFI/WYFI_Monthly_20260917_080326.png'
rm 'charts/screenshots_nasdaq/WYFI/WYFI_Weekly_20260917_080326.png'
rm 'charts/screenshots_nasdaq/YJ/YJ_1H_20260917_072210.png'
rm 'charts/screenshots_nasdaq/YJ/YJ_4H_20260917_072210.png'
rm 'charts/screenshots_nasdaq/YJ/YJ_Daily_20260917_072210.png'
rm 'charts/screenshots_nasdaq/YJ/YJ_Monthly_20260917_072210.png'
rm 'charts/screenshots_nasdaq/YJ/YJ_Weekly_20260917_072210.png'
rm 'charts/screenshots_nasdaq/YSS/YSS_1H_20260917_073937.png'
rm 'charts/screenshots_nasdaq/YSS/YSS_4H_20260917_073937.png'
rm 'charts/screenshots_nasdaq/YSS/YSS_Daily_20260917_073937.png'
rm 'charts/screenshots_nasdaq/YSS/YSS_Monthly_20260917_073937.png'
rm 'charts/screenshots_nasdaq/YSS/YSS_Weekly_20260917_073937.png'
[main 335084f] Update NASDAQ/NYSE chart screenshots 1789718566
 1050 files changed, 0 insertions(+), 0 deletions(-)
 create mode 100644 charts/screenshots_nasdaq/AAOI/AAOI_1H_20260918_073701.png
 create mode 100644 charts/screenshots_nasdaq/AAOI/AAOI_4H_20260918_073701.png
 create mode 100644 charts/screenshots_nasdaq/AAOI/AAOI_Daily_20260918_073701.png
 create mode 100644 charts/screenshots_nasdaq/AAOI/AAOI_Monthly_20260918_073701.png
 create mode 100644 charts/screenshots_nasdaq/AAOI/AAOI_Weekly_20260918_073701.png
 delete mode 100644 charts/screenshots_nasdaq/ACHR/ACHR_1H_20260917_074157.png
 create mode 100644 charts/screenshots_nasdaq/ACHR/ACHR_1H_20260918_073221.png
 delete mode 100644 charts/screenshots_nasdaq/ACHR/ACHR_4H_20260917_074157.png
 create mode 100644 charts/screenshots_nasdaq/ACHR/ACHR_4H_20260918_073221.png
 delete mode 100644 charts/screenshots_nasdaq/ACHR/ACHR_Daily_20260917_074157.png
 create mode 100644 charts/screenshots_nasdaq/ACHR/ACHR_Daily_20260918_073221.png
 delete mode 100644 charts/screenshots_nasdaq/ACHR/ACHR_Monthly_20260917_074157.png
 create mode 100644 charts/screenshots_nasdaq/ACHR/ACHR_Monthly_20260918_073221.png
 delete mode 100644 charts/screenshots_nasdaq/ACHR/ACHR_Weekly_20260917_074157.png
 create mode 100644 charts/screenshots_nasdaq/ACHR/ACHR_Weekly_20260918_073221.png
 delete mode 100644 charts/screenshots_nasdaq/ACVA/ACVA_1H_20260917_072907.png
 create mode 100644 charts/screenshots_nasdaq/ACVA/ACVA_1H_20260918_070713.png
 delete mode 100644 charts/screenshots_nasdaq/ACVA/ACVA_4H_20260917_072907.png
 create mode 100644 charts/screenshots_nasdaq/ACVA/ACVA_4H_20260918_070713.png
 delete mode 100644 charts/screenshots_nasdaq/ACVA/ACVA_Daily_20260917_072907.png
 create mode 100644 charts/screenshots_nasdaq/ACVA/ACVA_Daily_20260918_070713.png
 delete mode 100644 charts/screenshots_nasdaq/ACVA/ACVA_Monthly_20260917_072907.png
 create mode 100644 charts/screenshots_nasdaq/ACVA/ACVA_Monthly_20260918_070713.png
 delete mode 100644 charts/screenshots_nasdaq/ACVA/ACVA_Weekly_20260917_072907.png
 create mode 100644 charts/screenshots_nasdaq/ACVA/ACVA_Weekly_20260918_070713.png
 delete mode 100644 charts/screenshots_nasdaq/AEVA/AEVA_1H_20260917_075702.png
 delete mode 100644 charts/screenshots_nasdaq/AEVA/AEVA_4H_20260917_075702.png
 delete mode 100644 charts/screenshots_nasdaq/AEVA/AEVA_Daily_20260917_075702.png
 delete mode 100644 charts/screenshots_nasdaq/AEVA/AEVA_Monthly_20260917_075702.png
 delete mode 100644 charts/screenshots_nasdaq/AEVA/AEVA_Weekly_20260917_075702.png
 delete mode 100644 charts/screenshots_nasdaq/AGX/AGX_1H_20260917_074856.png
 create mode 100644 charts/screenshots_nasdaq/AGX/AGX_1H_20260918_074326.png
 delete mode 100644 charts/screenshots_nasdaq/AGX/AGX_4H_20260917_074856.png
 create mode 100644 charts/screenshots_nasdaq/AGX/AGX_4H_20260918_074326.png
 delete mode 100644 charts/screenshots_nasdaq/AGX/AGX_Daily_20260917_074856.png
 create mode 100644 charts/screenshots_nasdaq/AGX/AGX_Daily_20260918_074326.png
 delete mode 100644 charts/screenshots_nasdaq/AGX/AGX_Monthly_20260917_074856.png
 create mode 100644 charts/screenshots_nasdaq/AGX/AGX_Monthly_20260918_074326.png
 delete mode 100644 charts/screenshots_nasdaq/AGX/AGX_Weekly_20260917_074856.png
 create mode 100644 charts/screenshots_nasdaq/AGX/AGX_Weekly_20260918_074326.png
 create mode 100644 charts/screenshots_nasdaq/ALGM/ALGM_1H_20260918_075323.png
 create mode 100644 charts/screenshots_nasdaq/ALGM/ALGM_4H_20260918_075323.png
 create mode 100644 charts/screenshots_nasdaq/ALGM/ALGM_Daily_20260918_075323.png
 create mode 100644 charts/screenshots_nasdaq/ALGM/ALGM_Monthly_20260918_075323.png
 create mode 100644 charts/screenshots_nasdaq/ALGM/ALGM_Weekly_20260918_075323.png
 delete mode 100644 charts/screenshots_nasdaq/ALMS/ALMS_1H_20260917_074231.png
 create mode 100644 charts/screenshots_nasdaq/ALMS/ALMS_1H_20260918_075101.png
 delete mode 100644 charts/screenshots_nasdaq/ALMS/ALMS_4H_20260917_074231.png
 create mode 100644 charts/screenshots_nasdaq/ALMS/ALMS_4H_20260918_075101.png
 delete mode 100644 charts/screenshots_nasdaq/ALMS/ALMS_Daily_20260917_074231.png
 create mode 100644 charts/screenshots_nasdaq/ALMS/ALMS_Daily_20260918_075101.png
 delete mode 100644 charts/screenshots_nasdaq/ALMS/ALMS_Monthly_20260917_074231.png
 create mode 100644 charts/screenshots_nasdaq/ALMS/ALMS_Monthly_20260918_075101.png
 delete mode 100644 charts/screenshots_nasdaq/ALMS/ALMS_Weekly_20260917_074231.png
 create mode 100644 charts/screenshots_nasdaq/ALMS/ALMS_Weekly_20260918_075101.png
 delete mode 100644 charts/screenshots_nasdaq/AMPX/AMPX_1H_20260917_075736.png
 create mode 100644 charts/screenshots_nasdaq/AMPX/AMPX_1H_20260918_074402.png
 delete mode 100644 charts/screenshots_nasdaq/AMPX/AMPX_4H_20260917_075736.png
 create mode 100644 charts/screenshots_nasdaq/AMPX/AMPX_4H_20260918_074402.png
 delete mode 100644 charts/screenshots_nasdaq/AMPX/AMPX_Daily_20260917_075736.png
 create mode 100644 charts/screenshots_nasdaq/AMPX/AMPX_Daily_20260918_074402.png
 delete mode 100644 charts/screenshots_nasdaq/AMPX/AMPX_Monthly_20260917_075736.png
 create mode 100644 charts/screenshots_nasdaq/AMPX/AMPX_Monthly_20260918_074402.png
 delete mode 100644 charts/screenshots_nasdaq/AMPX/AMPX_Weekly_20260917_075736.png
 create mode 100644 charts/screenshots_nasdaq/AMPX/AMPX_Weekly_20260918_074402.png
 delete mode 100644 charts/screenshots_nasdaq/APLD/APLD_1H_20260917_073607.png
 delete mode 100644 charts/screenshots_nasdaq/APLD/APLD_4H_20260917_073607.png
 delete mode 100644 charts/screenshots_nasdaq/APLD/APLD_Daily_20260917_073607.png
 delete mode 100644 charts/screenshots_nasdaq/APLD/APLD_Monthly_20260917_073607.png
 delete mode 100644 charts/screenshots_nasdaq/APLD/APLD_Weekly_20260917_073607.png
 delete mode 100644 charts/screenshots_nasdaq/APTV/APTV_1H_20260917_074931.png
 create mode 100644 charts/screenshots_nasdaq/APTV/APTV_1H_20260918_075359.png
 delete mode 100644 charts/screenshots_nasdaq/APTV/APTV_4H_20260917_074931.png
 create mode 100644 charts/screenshots_nasdaq/APTV/APTV_4H_20260918_075359.png
 delete mode 100644 charts/screenshots_nasdaq/APTV/APTV_Daily_20260917_074931.png
 create mode 100644 charts/screenshots_nasdaq/APTV/APTV_Daily_20260918_075359.png
 delete mode 100644 charts/screenshots_nasdaq/APTV/APTV_Monthly_20260917_074931.png
 create mode 100644 charts/screenshots_nasdaq/APTV/APTV_Monthly_20260918_075359.png
 delete mode 100644 charts/screenshots_nasdaq/APTV/APTV_Weekly_20260917_074931.png
 create mode 100644 charts/screenshots_nasdaq/APTV/APTV_Weekly_20260918_075359.png
 delete mode 100644 charts/screenshots_nasdaq/ASST/ASST_1H_20260917_071213.png
 create mode 100644 charts/screenshots_nasdaq/ASST/ASST_1H_20260918_070749.png
 delete mode 100644 charts/screenshots_nasdaq/ASST/ASST_4H_20260917_071213.png
 create mode 100644 charts/screenshots_nasdaq/ASST/ASST_4H_20260918_070749.png
 delete mode 100644 charts/screenshots_nasdaq/ASST/ASST_Daily_20260917_071213.png
 create mode 100644 charts/screenshots_nasdaq/ASST/ASST_Daily_20260918_070749.png
 delete mode 100644 charts/screenshots_nasdaq/ASST/ASST_Monthly_20260917_071213.png
 create mode 100644 charts/screenshots_nasdaq/ASST/ASST_Monthly_20260918_070749.png
 delete mode 100644 charts/screenshots_nasdaq/ASST/ASST_Weekly_20260917_071213.png
 create mode 100644 charts/screenshots_nasdaq/ASST/ASST_Weekly_20260918_070749.png
 delete mode 100644 charts/screenshots_nasdaq/ATRC/ATRC_1H_20260917_072245.png
 create mode 100644 charts/screenshots_nasdaq/ATRC/ATRC_1H_20260918_070857.png
 delete mode 100644 charts/screenshots_nasdaq/ATRC/ATRC_4H_20260917_072245.png
 create mode 100644 charts/screenshots_nasdaq/ATRC/ATRC_4H_20260918_070857.png
 delete mode 100644 charts/screenshots_nasdaq/ATRC/ATRC_Daily_20260917_072245.png
 create mode 100644 charts/screenshots_nasdaq/ATRC/ATRC_Daily_20260918_070857.png
 delete mode 100644 charts/screenshots_nasdaq/ATRC/ATRC_Monthly_20260917_072245.png
 create mode 100644 charts/screenshots_nasdaq/ATRC/ATRC_Monthly_20260918_070857.png
 delete mode 100644 charts/screenshots_nasdaq/ATRC/ATRC_Weekly_20260917_072245.png
 create mode 100644 charts/screenshots_nasdaq/ATRC/ATRC_Weekly_20260918_070857.png
 create mode 100644 charts/screenshots_nasdaq/BBAI/BBAI_1H_20260918_074435.png
 create mode 100644 charts/screenshots_nasdaq/BBAI/BBAI_4H_20260918_074435.png
 create mode 100644 charts/screenshots_nasdaq/BBAI/BBAI_Daily_20260918_074435.png
 create mode 100644 charts/screenshots_nasdaq/BBAI/BBAI_Monthly_20260918_074435.png
 create mode 100644 charts/screenshots_nasdaq/BBAI/BBAI_Weekly_20260918_074435.png
 delete mode 100644 charts/screenshots_nasdaq/BBW/BBW_1H_20260917_074601.png
 delete mode 100644 charts/screenshots_nasdaq/BBW/BBW_4H_20260917_074601.png
 delete mode 100644 charts/screenshots_nasdaq/BBW/BBW_Daily_20260917_074601.png
 delete mode 100644 charts/screenshots_nasdaq/BBW/BBW_Monthly_20260917_074601.png
 delete mode 100644 charts/screenshots_nasdaq/BBW/BBW_Weekly_20260917_074601.png
 delete mode 100644 charts/screenshots_nasdaq/BILI/BILI_1H_20260917_075408.png
 delete mode 100644 charts/screenshots_nasdaq/BILI/BILI_4H_20260917_075408.png
 delete mode 100644 charts/screenshots_nasdaq/BILI/BILI_Daily_20260917_075408.png
 delete mode 100644 charts/screenshots_nasdaq/BILI/BILI_Monthly_20260917_075408.png
 delete mode 100644 charts/screenshots_nasdaq/BILI/BILI_Weekly_20260917_075408.png
 delete mode 100644 charts/screenshots_nasdaq/BLDR/BLDR_1H_20260917_080401.png
 create mode 100644 charts/screenshots_nasdaq/BLDR/BLDR_1H_20260918_075433.png
 delete mode 100644 charts/screenshots_nasdaq/BLDR/BLDR_4H_20260917_080401.png
 create mode 100644 charts/screenshots_nasdaq/BLDR/BLDR_4H_20260918_075433.png
 delete mode 100644 charts/screenshots_nasdaq/BLDR/BLDR_Daily_20260917_080401.png
 create mode 100644 charts/screenshots_nasdaq/BLDR/BLDR_Daily_20260918_075433.png
 delete mode 100644 charts/screenshots_nasdaq/BLDR/BLDR_Monthly_20260917_080401.png
 create mode 100644 charts/screenshots_nasdaq/BLDR/BLDR_Monthly_20260918_075433.png
 delete mode 100644 charts/screenshots_nasdaq/BLDR/BLDR_Weekly_20260917_080401.png
 create mode 100644 charts/screenshots_nasdaq/BLDR/BLDR_Weekly_20260918_075433.png
 delete mode 100644 charts/screenshots_nasdaq/BLSH/BLSH_1H_20260917_072832.png
 delete mode 100644 charts/screenshots_nasdaq/BLSH/BLSH_4H_20260917_072832.png
 delete mode 100644 charts/screenshots_nasdaq/BLSH/BLSH_Daily_20260917_072832.png
 delete mode 100644 charts/screenshots_nasdaq/BLSH/BLSH_Monthly_20260917_072832.png
 delete mode 100644 charts/screenshots_nasdaq/BLSH/BLSH_Weekly_20260917_072832.png
 delete mode 100644 charts/screenshots_nasdaq/BMNR/BMNR_1H_20260917_071359.png
 create mode 100644 charts/screenshots_nasdaq/BMNR/BMNR_1H_20260918_070047.png
 delete mode 100644 charts/screenshots_nasdaq/BMNR/BMNR_4H_20260917_071359.png
 create mode 100644 charts/screenshots_nasdaq/BMNR/BMNR_4H_20260918_070047.png
 delete mode 100644 charts/screenshots_nasdaq/BMNR/BMNR_Daily_20260917_071359.png
 create mode 100644 charts/screenshots_nasdaq/BMNR/BMNR_Daily_20260918_070047.png
 delete mode 100644 charts/screenshots_nasdaq/BMNR/BMNR_Monthly_20260917_071359.png
 create mode 100644 charts/screenshots_nasdaq/BMNR/BMNR_Monthly_20260918_070047.png
 delete mode 100644 charts/screenshots_nasdaq/BMNR/BMNR_Weekly_20260917_071359.png
 create mode 100644 charts/screenshots_nasdaq/BMNR/BMNR_Weekly_20260918_070047.png
 delete mode 100644 charts/screenshots_nasdaq/BNC/BNC_1H_20260917_072758.png
 create mode 100644 charts/screenshots_nasdaq/BNC/BNC_1H_20260918_070342.png
 delete mode 100644 charts/screenshots_nasdaq/BNC/BNC_4H_20260917_072758.png
 create mode 100644 charts/screenshots_nasdaq/BNC/BNC_4H_20260918_070342.png
 delete mode 100644 charts/screenshots_nasdaq/BNC/BNC_Daily_20260917_072758.png
 create mode 100644 charts/screenshots_nasdaq/BNC/BNC_Daily_20260918_070342.png
 delete mode 100644 charts/screenshots_nasdaq/BNC/BNC_Monthly_20260917_072758.png
 create mode 100644 charts/screenshots_nasdaq/BNC/BNC_Monthly_20260918_070342.png
 delete mode 100644 charts/screenshots_nasdaq/BNC/BNC_Weekly_20260917_072758.png
 create mode 100644 charts/screenshots_nasdaq/BNC/BNC_Weekly_20260918_070342.png
 delete mode 100644 charts/screenshots_nasdaq/BRUN/BRUN_1H_20260917_075006.png
 delete mode 100644 charts/screenshots_nasdaq/BRUN/BRUN_4H_20260917_075006.png
 delete mode 100644 charts/screenshots_nasdaq/BRUN/BRUN_Daily_20260917_075006.png
 delete mode 100644 charts/screenshots_nasdaq/BRUN/BRUN_Monthly_20260917_075006.png
 delete mode 100644 charts/screenshots_nasdaq/BRUN/BRUN_Weekly_20260917_075006.png
 delete mode 100644 charts/screenshots_nasdaq/BSX/BSX_1H_20260917_074306.png
 delete mode 100644 charts/screenshots_nasdaq/BSX/BSX_4H_20260917_074306.png
 delete mode 100644 charts/screenshots_nasdaq/BSX/BSX_Daily_20260917_074306.png
 delete mode 100644 charts/screenshots_nasdaq/BSX/BSX_Monthly_20260917_074306.png
 delete mode 100644 charts/screenshots_nasdaq/BSX/BSX_Weekly_20260917_074306.png
 delete mode 100644 charts/screenshots_nasdaq/BTCT/BTCT_1H_20260917_072540.png
 create mode 100644 charts/screenshots_nasdaq/BTCT/BTCT_1H_20260918_072444.png
 delete mode 100644 charts/screenshots_nasdaq/BTCT/BTCT_4H_20260917_072540.png
 create mode 100644 charts/screenshots_nasdaq/BTCT/BTCT_4H_20260918_072444.png
 delete mode 100644 charts/screenshots_nasdaq/BTCT/BTCT_Daily_20260917_072540.png
 create mode 100644 charts/screenshots_nasdaq/BTCT/BTCT_Daily_20260918_072444.png
 delete mode 100644 charts/screenshots_nasdaq/BTCT/BTCT_Monthly_20260917_072540.png
 create mode 100644 charts/screenshots_nasdaq/BTCT/BTCT_Monthly_20260918_072444.png
 delete mode 100644 charts/screenshots_nasdaq/BTCT/BTCT_Weekly_20260917_072540.png
 create mode 100644 charts/screenshots_nasdaq/BTCT/BTCT_Weekly_20260918_072444.png
 delete mode 100644 charts/screenshots_nasdaq/BULL/BULL_1H_20260917_071248.png
 create mode 100644 charts/screenshots_nasdaq/BULL/BULL_1H_20260918_072301.png
 delete mode 100644 charts/screenshots_nasdaq/BULL/BULL_4H_20260917_071248.png
 create mode 100644 charts/screenshots_nasdaq/BULL/BULL_4H_20260918_072301.png
 delete mode 100644 charts/screenshots_nasdaq/BULL/BULL_Daily_20260917_071248.png
 create mode 100644 charts/screenshots_nasdaq/BULL/BULL_Daily_20260918_072301.png
 delete mode 100644 charts/screenshots_nasdaq/BULL/BULL_Monthly_20260917_071248.png
 create mode 100644 charts/screenshots_nasdaq/BULL/BULL_Monthly_20260918_072301.png
 delete mode 100644 charts/screenshots_nasdaq/BULL/BULL_Weekly_20260917_071248.png
 create mode 100644 charts/screenshots_nasdaq/BULL/BULL_Weekly_20260918_072301.png
 create mode 100644 charts/screenshots_nasdaq/BW/BW_1H_20260918_080100.png
 create mode 100644 charts/screenshots_nasdaq/BW/BW_4H_20260918_080100.png
 create mode 100644 charts/screenshots_nasdaq/BW/BW_Daily_20260918_080100.png
 create mode 100644 charts/screenshots_nasdaq/BW/BW_Monthly_20260918_080100.png
 create mode 100644 charts/screenshots_nasdaq/BW/BW_Weekly_20260918_080100.png
 delete mode 100644 charts/screenshots_nasdaq/CDNA/CDNA_1H_20260917_071914.png
 create mode 100644 charts/screenshots_nasdaq/CDNA/CDNA_1H_20260918_070451.png
 delete mode 100644 charts/screenshots_nasdaq/CDNA/CDNA_4H_20260917_071914.png
 create mode 100644 charts/screenshots_nasdaq/CDNA/CDNA_4H_20260918_070451.png
 delete mode 100644 charts/screenshots_nasdaq/CDNA/CDNA_Daily_20260917_071914.png
 create mode 100644 charts/screenshots_nasdaq/CDNA/CDNA_Daily_20260918_070451.png
 delete mode 100644 charts/screenshots_nasdaq/CDNA/CDNA_Monthly_20260917_071914.png
 create mode 100644 charts/screenshots_nasdaq/CDNA/CDNA_Monthly_20260918_070451.png
 delete mode 100644 charts/screenshots_nasdaq/CDNA/CDNA_Weekly_20260917_071914.png
 create mode 100644 charts/screenshots_nasdaq/CDNA/CDNA_Weekly_20260918_070451.png
 delete mode 100644 charts/screenshots_nasdaq/CLMT/CLMT_1H_20260917_071728.png
 create mode 100644 charts/screenshots_nasdaq/CLMT/CLMT_1H_20260918_070823.png
 delete mode 100644 charts/screenshots_nasdaq/CLMT/CLMT_4H_20260917_071728.png
 create mode 100644 charts/screenshots_nasdaq/CLMT/CLMT_4H_20260918_070823.png
 delete mode 100644 charts/screenshots_nasdaq/CLMT/CLMT_Daily_20260917_071728.png
 create mode 100644 charts/screenshots_nasdaq/CLMT/CLMT_Daily_20260918_070823.png
 delete mode 100644 charts/screenshots_nasdaq/CLMT/CLMT_Monthly_20260917_071728.png
 create mode 100644 charts/screenshots_nasdaq/CLMT/CLMT_Monthly_20260918_070823.png
 delete mode 100644 charts/screenshots_nasdaq/CLMT/CLMT_Weekly_20260917_071728.png
 create mode 100644 charts/screenshots_nasdaq/CLMT/CLMT_Weekly_20260918_070823.png
 create mode 100644 charts/screenshots_nasdaq/CPNG/CPNG_1H_20260918_073956.png
 create mode 100644 charts/screenshots_nasdaq/CPNG/CPNG_4H_20260918_073956.png
 create mode 100644 charts/screenshots_nasdaq/CPNG/CPNG_Daily_20260918_073956.png
 create mode 100644 charts/screenshots_nasdaq/CPNG/CPNG_Monthly_20260918_073956.png
 create mode 100644 charts/screenshots_nasdaq/CPNG/CPNG_Weekly_20260918_073956.png
 delete mode 100644 charts/screenshots_nasdaq/CRE/CRE_1H_20260917_073202.png
 create mode 100644 charts/screenshots_nasdaq/CRE/CRE_1H_20260918_071040.png
 delete mode 100644 charts/screenshots_nasdaq/CRE/CRE_4H_20260917_073202.png
 create mode 100644 charts/screenshots_nasdaq/CRE/CRE_4H_20260918_071040.png
 delete mode 100644 charts/screenshots_nasdaq/CRE/CRE_Daily_20260917_073202.png
 create mode 100644 charts/screenshots_nasdaq/CRE/CRE_Daily_20260918_071040.png
 delete mode 100644 charts/screenshots_nasdaq/CRE/CRE_Monthly_20260917_073202.png
 create mode 100644 charts/screenshots_nasdaq/CRE/CRE_Monthly_20260918_071040.png
 delete mode 100644 charts/screenshots_nasdaq/CRE/CRE_Weekly_20260917_073202.png
 create mode 100644 charts/screenshots_nasdaq/CRE/CRE_Weekly_20260918_071040.png
 delete mode 100644 charts/screenshots_nasdaq/CRWD/CRWD_1H_20260917_071839.png
 create mode 100644 charts/screenshots_nasdaq/CRWD/CRWD_1H_20260918_071930.png
 delete mode 100644 charts/screenshots_nasdaq/CRWD/CRWD_4H_20260917_071839.png
 create mode 100644 charts/screenshots_nasdaq/CRWD/CRWD_4H_20260918_071930.png
 delete mode 100644 charts/screenshots_nasdaq/CRWD/CRWD_Daily_20260917_071839.png
 create mode 100644 charts/screenshots_nasdaq/CRWD/CRWD_Daily_20260918_071930.png
 delete mode 100644 charts/screenshots_nasdaq/CRWD/CRWD_Monthly_20260917_071839.png
 create mode 100644 charts/screenshots_nasdaq/CRWD/CRWD_Monthly_20260918_071930.png
 delete mode 100644 charts/screenshots_nasdaq/CRWD/CRWD_Weekly_20260917_071839.png
 create mode 100644 charts/screenshots_nasdaq/CRWD/CRWD_Weekly_20260918_071930.png
 create mode 100644 charts/screenshots_nasdaq/CSIQ/CSIQ_1H_20260918_073737.png
 create mode 100644 charts/screenshots_nasdaq/CSIQ/CSIQ_4H_20260918_073737.png
 create mode 100644 charts/screenshots_nasdaq/CSIQ/CSIQ_Daily_20260918_073737.png
 create mode 100644 charts/screenshots_nasdaq/CSIQ/CSIQ_Monthly_20260918_073737.png
 create mode 100644 charts/screenshots_nasdaq/CSIQ/CSIQ_Weekly_20260918_073737.png
 delete mode 100644 charts/screenshots_nasdaq/CTRI/CTRI_1H_20260917_074636.png
 create mode 100644 charts/screenshots_nasdaq/CTRI/CTRI_1H_20260918_074031.png
 delete mode 100644 charts/screenshots_nasdaq/CTRI/CTRI_4H_20260917_074636.png
 create mode 100644 charts/screenshots_nasdaq/CTRI/CTRI_4H_20260918_074031.png
 delete mode 100644 charts/screenshots_nasdaq/CTRI/CTRI_Daily_20260917_074636.png
 create mode 100644 charts/screenshots_nasdaq/CTRI/CTRI_Daily_20260918_074031.png
 delete mode 100644 charts/screenshots_nasdaq/CTRI/CTRI_Monthly_20260917_074636.png
 create mode 100644 charts/screenshots_nasdaq/CTRI/CTRI_Monthly_20260918_074031.png
 delete mode 100644 charts/screenshots_nasdaq/CTRI/CTRI_Weekly_20260917_074636.png
 create mode 100644 charts/screenshots_nasdaq/CTRI/CTRI_Weekly_20260918_074031.png
 delete mode 100644 charts/screenshots_nasdaq/CVI/CVI_1H_20260917_072649.png
 create mode 100644 charts/screenshots_nasdaq/CVI/CVI_1H_20260918_071447.png
 delete mode 100644 charts/screenshots_nasdaq/CVI/CVI_4H_20260917_072649.png
 create mode 100644 charts/screenshots_nasdaq/CVI/CVI_4H_20260918_071447.png
 delete mode 100644 charts/screenshots_nasdaq/CVI/CVI_Daily_20260917_072649.png
 create mode 100644 charts/screenshots_nasdaq/CVI/CVI_Daily_20260918_071447.png
 delete mode 100644 charts/screenshots_nasdaq/CVI/CVI_Monthly_20260917_072649.png
 create mode 100644 charts/screenshots_nasdaq/CVI/CVI_Monthly_20260918_071447.png
 delete mode 100644 charts/screenshots_nasdaq/CVI/CVI_Weekly_20260917_072649.png
 create mode 100644 charts/screenshots_nasdaq/CVI/CVI_Weekly_20260918_071447.png
 create mode 100644 charts/screenshots_nasdaq/CYPH/CYPH_1H_20260918_070638.png
 create mode 100644 charts/screenshots_nasdaq/CYPH/CYPH_4H_20260918_070638.png
 create mode 100644 charts/screenshots_nasdaq/CYPH/CYPH_Daily_20260918_070638.png
 create mode 100644 charts/screenshots_nasdaq/CYPH/CYPH_Monthly_20260918_070638.png
 create mode 100644 charts/screenshots_nasdaq/CYPH/CYPH_Weekly_20260918_070638.png
 delete mode 100644 charts/screenshots_nasdaq/DELL/DELL_1H_20260917_071323.png
 create mode 100644 charts/screenshots_nasdaq/DELL/DELL_1H_20260918_072555.png
 delete mode 100644 charts/screenshots_nasdaq/DELL/DELL_4H_20260917_071323.png
 create mode 100644 charts/screenshots_nasdaq/DELL/DELL_4H_20260918_072555.png
 delete mode 100644 charts/screenshots_nasdaq/DELL/DELL_Daily_20260917_071323.png
 create mode 100644 charts/screenshots_nasdaq/DELL/DELL_Daily_20260918_072555.png
 delete mode 100644 charts/screenshots_nasdaq/DELL/DELL_Monthly_20260917_071323.png
 create mode 100644 charts/screenshots_nasdaq/DELL/DELL_Monthly_20260918_072555.png
 delete mode 100644 charts/screenshots_nasdaq/DELL/DELL_Weekly_20260917_071323.png
 create mode 100644 charts/screenshots_nasdaq/DELL/DELL_Weekly_20260918_072555.png
 delete mode 100644 charts/screenshots_nasdaq/DHT/DHT_1H_20260917_070916.png
 create mode 100644 charts/screenshots_nasdaq/DHT/DHT_1H_20260918_065902.png
 delete mode 100644 charts/screenshots_nasdaq/DHT/DHT_4H_20260917_070916.png
 create mode 100644 charts/screenshots_nasdaq/DHT/DHT_4H_20260918_065902.png
 delete mode 100644 charts/screenshots_nasdaq/DHT/DHT_Daily_20260917_070916.png
 create mode 100644 charts/screenshots_nasdaq/DHT/DHT_Daily_20260918_065902.png
 delete mode 100644 charts/screenshots_nasdaq/DHT/DHT_Monthly_20260917_070916.png
 create mode 100644 charts/screenshots_nasdaq/DHT/DHT_Monthly_20260918_065902.png
 delete mode 100644 charts/screenshots_nasdaq/DHT/DHT_Weekly_20260917_070916.png
 create mode 100644 charts/screenshots_nasdaq/DHT/DHT_Weekly_20260918_065902.png
 delete mode 100644 charts/screenshots_nasdaq/DINO/DINO_1H_20260917_071949.png
 create mode 100644 charts/screenshots_nasdaq/DINO/DINO_1H_20260918_072705.png
 delete mode 100644 charts/screenshots_nasdaq/DINO/DINO_4H_20260917_071949.png
 create mode 100644 charts/screenshots_nasdaq/DINO/DINO_4H_20260918_072705.png
 delete mode 100644 charts/screenshots_nasdaq/DINO/DINO_Daily_20260917_071949.png
 create mode 100644 charts/screenshots_nasdaq/DINO/DINO_Daily_20260918_072705.png
 delete mode 100644 charts/screenshots_nasdaq/DINO/DINO_Monthly_20260917_071949.png
 create mode 100644 charts/screenshots_nasdaq/DINO/DINO_Monthly_20260918_072705.png
 delete mode 100644 charts/screenshots_nasdaq/DINO/DINO_Weekly_20260917_071949.png
 create mode 100644 charts/screenshots_nasdaq/DINO/DINO_Weekly_20260918_072705.png
 delete mode 100644 charts/screenshots_nasdaq/DK/DK_1H_20260917_071137.png
 create mode 100644 charts/screenshots_nasdaq/DK/DK_1H_20260918_070232.png
 delete mode 100644 charts/screenshots_nasdaq/DK/DK_4H_20260917_071137.png
 create mode 100644 charts/screenshots_nasdaq/DK/DK_4H_20260918_070232.png
 delete mode 100644 charts/screenshots_nasdaq/DK/DK_Daily_20260917_071137.png
 create mode 100644 charts/screenshots_nasdaq/DK/DK_Daily_20260918_070232.png
 delete mode 100644 charts/screenshots_nasdaq/DK/DK_Monthly_20260917_071137.png
 create mode 100644 charts/screenshots_nasdaq/DK/DK_Monthly_20260918_070232.png
 delete mode 100644 charts/screenshots_nasdaq/DK/DK_Weekly_20260917_071137.png
 create mode 100644 charts/screenshots_nasdaq/DK/DK_Weekly_20260918_070232.png
 delete mode 100644 charts/screenshots_nasdaq/DLXY/DLXY_1H_20260917_072024.png
 delete mode 100644 charts/screenshots_nasdaq/DLXY/DLXY_4H_20260917_072024.png
 delete mode 100644 charts/screenshots_nasdaq/DLXY/DLXY_Daily_20260917_072024.png
 delete mode 100644 charts/screenshots_nasdaq/DLXY/DLXY_Monthly_20260917_072024.png
 delete mode 100644 charts/screenshots_nasdaq/DLXY/DLXY_Weekly_20260917_072024.png
 delete mode 100644 charts/screenshots_nasdaq/DOCS/DOCS_1H_20260917_073053.png
 create mode 100644 charts/screenshots_nasdaq/DOCS/DOCS_1H_20260918_072739.png
 delete mode 100644 charts/screenshots_nasdaq/DOCS/DOCS_4H_20260917_073053.png
 create mode 100644 charts/screenshots_nasdaq/DOCS/DOCS_4H_20260918_072739.png
 delete mode 100644 charts/screenshots_nasdaq/DOCS/DOCS_Daily_20260917_073053.png
 create mode 100644 charts/screenshots_nasdaq/DOCS/DOCS_Daily_20260918_072739.png
 delete mode 100644 charts/screenshots_nasdaq/DOCS/DOCS_Monthly_20260917_073053.png
 create mode 100644 charts/screenshots_nasdaq/DOCS/DOCS_Monthly_20260918_072739.png
 delete mode 100644 charts/screenshots_nasdaq/DOCS/DOCS_Weekly_20260917_073053.png
 create mode 100644 charts/screenshots_nasdaq/DOCS/DOCS_Weekly_20260918_072739.png
 delete mode 100644 charts/screenshots_nasdaq/DUOL/DUOL_1H_20260917_072615.png
 create mode 100644 charts/screenshots_nasdaq/DUOL/DUOL_1H_20260918_071115.png
 delete mode 100644 charts/screenshots_nasdaq/DUOL/DUOL_4H_20260917_072615.png
 create mode 100644 charts/screenshots_nasdaq/DUOL/DUOL_4H_20260918_071115.png
 delete mode 100644 charts/screenshots_nasdaq/DUOL/DUOL_Daily_20260917_072615.png
 create mode 100644 charts/screenshots_nasdaq/DUOL/DUOL_Daily_20260918_071115.png
 delete mode 100644 charts/screenshots_nasdaq/DUOL/DUOL_Monthly_20260917_072615.png
 create mode 100644 charts/screenshots_nasdaq/DUOL/DUOL_Monthly_20260918_071115.png
 delete mode 100644 charts/screenshots_nasdaq/DUOL/DUOL_Weekly_20260917_072615.png
 create mode 100644 charts/screenshots_nasdaq/DUOL/DUOL_Weekly_20260918_071115.png
 delete mode 100644 charts/screenshots_nasdaq/ECO/ECO_1H_20260917_072320.png
 create mode 100644 charts/screenshots_nasdaq/ECO/ECO_1H_20260918_070932.png
 delete mode 100644 charts/screenshots_nasdaq/ECO/ECO_4H_20260917_072320.png
 create mode 100644 charts/screenshots_nasdaq/ECO/ECO_4H_20260918_070932.png
 delete mode 100644 charts/screenshots_nasdaq/ECO/ECO_Daily_20260917_072320.png
 create mode 100644 charts/screenshots_nasdaq/ECO/ECO_Daily_20260918_070932.png
 delete mode 100644 charts/screenshots_nasdaq/ECO/ECO_Monthly_20260917_072320.png
 create mode 100644 charts/screenshots_nasdaq/ECO/ECO_Monthly_20260918_070932.png
 delete mode 100644 charts/screenshots_nasdaq/ECO/ECO_Weekly_20260917_072320.png
 create mode 100644 charts/screenshots_nasdaq/ECO/ECO_Weekly_20260918_070932.png
 create mode 100644 charts/screenshots_nasdaq/ENPH/ENPH_1H_20260918_074510.png
 create mode 100644 charts/screenshots_nasdaq/ENPH/ENPH_4H_20260918_074510.png
 create mode 100644 charts/screenshots_nasdaq/ENPH/ENPH_Daily_20260918_074510.png
 create mode 100644 charts/screenshots_nasdaq/ENPH/ENPH_Monthly_20260918_074510.png
 create mode 100644 charts/screenshots_nasdaq/ENPH/ENPH_Weekly_20260918_074510.png
 delete mode 100644 charts/screenshots_nasdaq/ESAB/ESAB_1H_20260917_074340.png
 create mode 100644 charts/screenshots_nasdaq/ESAB/ESAB_1H_20260918_074106.png
 delete mode 100644 charts/screenshots_nasdaq/ESAB/ESAB_4H_20260917_074340.png
 create mode 100644 charts/screenshots_nasdaq/ESAB/ESAB_4H_20260918_074106.png
 delete mode 100644 charts/screenshots_nasdaq/ESAB/ESAB_Daily_20260917_074340.png
 create mode 100644 charts/screenshots_nasdaq/ESAB/ESAB_Daily_20260918_074106.png
 delete mode 100644 charts/screenshots_nasdaq/ESAB/ESAB_Monthly_20260917_074340.png
 create mode 100644 charts/screenshots_nasdaq/ESAB/ESAB_Monthly_20260918_074106.png
 delete mode 100644 charts/screenshots_nasdaq/ESAB/ESAB_Weekly_20260917_074340.png
 create mode 100644 charts/screenshots_nasdaq/ESAB/ESAB_Weekly_20260918_074106.png
 create mode 100644 charts/screenshots_nasdaq/FFIV/FFIV_1H_20260918_071338.png
 create mode 100644 charts/screenshots_nasdaq/FFIV/FFIV_4H_20260918_071338.png
 create mode 100644 charts/screenshots_nasdaq/FFIV/FFIV_Daily_20260918_071338.png
 create mode 100644 charts/screenshots_nasdaq/FFIV/FFIV_Monthly_20260918_071338.png
 create mode 100644 charts/screenshots_nasdaq/FFIV/FFIV_Weekly_20260918_071338.png
 delete mode 100644 charts/screenshots_nasdaq/FIG/FIG_1H_20260917_073458.png
 create mode 100644 charts/screenshots_nasdaq/FIG/FIG_1H_20260918_072227.png
 delete mode 100644 charts/screenshots_nasdaq/FIG/FIG_4H_20260917_073458.png
 create mode 100644 charts/screenshots_nasdaq/FIG/FIG_4H_20260918_072227.png
 delete mode 100644 charts/screenshots_nasdaq/FIG/FIG_Daily_20260917_073458.png
 create mode 100644 charts/screenshots_nasdaq/FIG/FIG_Daily_20260918_072227.png
 delete mode 100644 charts/screenshots_nasdaq/FIG/FIG_Monthly_20260917_073458.png
 create mode 100644 charts/screenshots_nasdaq/FIG/FIG_Monthly_20260918_072227.png
 delete mode 100644 charts/screenshots_nasdaq/FIG/FIG_Weekly_20260917_073458.png
 create mode 100644 charts/screenshots_nasdaq/FIG/FIG_Weekly_20260918_072227.png
 delete mode 100644 charts/screenshots_nasdaq/FIGR/FIGR_1H_20260917_073532.png
 create mode 100644 charts/screenshots_nasdaq/FIGR/FIGR_1H_20260918_073110.png
 delete mode 100644 charts/screenshots_nasdaq/FIGR/FIGR_4H_20260917_073532.png
 create mode 100644 charts/screenshots_nasdaq/FIGR/FIGR_4H_20260918_073110.png
 delete mode 100644 charts/screenshots_nasdaq/FIGR/FIGR_Daily_20260917_073532.png
 create mode 100644 charts/screenshots_nasdaq/FIGR/FIGR_Daily_20260918_073110.png
 delete mode 100644 charts/screenshots_nasdaq/FIGR/FIGR_Monthly_20260917_073532.png
 create mode 100644 charts/screenshots_nasdaq/FIGR/FIGR_Monthly_20260918_073110.png
 delete mode 100644 charts/screenshots_nasdaq/FIGR/FIGR_Weekly_20260917_073532.png
 create mode 100644 charts/screenshots_nasdaq/FIGR/FIGR_Weekly_20260918_073110.png
 delete mode 100644 charts/screenshots_nasdaq/FISV/FISV_1H_20260917_075443.png
 create mode 100644 charts/screenshots_nasdaq/FISV/FISV_1H_20260918_080025.png
 delete mode 100644 charts/screenshots_nasdaq/FISV/FISV_4H_20260917_075443.png
 create mode 100644 charts/screenshots_nasdaq/FISV/FISV_4H_20260918_080025.png
 delete mode 100644 charts/screenshots_nasdaq/FISV/FISV_Daily_20260917_075443.png
 create mode 100644 charts/screenshots_nasdaq/FISV/FISV_Daily_20260918_080025.png
 delete mode 100644 charts/screenshots_nasdaq/FISV/FISV_Monthly_20260917_075443.png
 create mode 100644 charts/screenshots_nasdaq/FISV/FISV_Monthly_20260918_080025.png
 delete mode 100644 charts/screenshots_nasdaq/FISV/FISV_Weekly_20260917_075443.png
 create mode 100644 charts/screenshots_nasdaq/FISV/FISV_Weekly_20260918_080025.png
 create mode 100644 charts/screenshots_nasdaq/FLO/FLO_1H_20260918_075509.png
 create mode 100644 charts/screenshots_nasdaq/FLO/FLO_4H_20260918_075509.png
 create mode 100644 charts/screenshots_nasdaq/FLO/FLO_Daily_20260918_075509.png
 create mode 100644 charts/screenshots_nasdaq/FLO/FLO_Monthly_20260918_075509.png
 create mode 100644 charts/screenshots_nasdaq/FLO/FLO_Weekly_20260918_075509.png
 delete mode 100644 charts/screenshots_nasdaq/FOUR/FOUR_1H_20260917_075810.png
 delete mode 100644 charts/screenshots_nasdaq/FOUR/FOUR_4H_20260917_075810.png
 delete mode 100644 charts/screenshots_nasdaq/FOUR/FOUR_Daily_20260917_075810.png
 delete mode 100644 charts/screenshots_nasdaq/FOUR/FOUR_Monthly_20260917_075810.png
 delete mode 100644 charts/screenshots_nasdaq/FOUR/FOUR_Weekly_20260917_075810.png
 delete mode 100644 charts/screenshots_nasdaq/FRO/FRO_1H_20260917_070951.png
 create mode 100644 charts/screenshots_nasdaq/FRO/FRO_1H_20260918_065937.png
 delete mode 100644 charts/screenshots_nasdaq/FRO/FRO_4H_20260917_070951.png
 create mode 100644 charts/screenshots_nasdaq/FRO/FRO_4H_20260918_065937.png
 delete mode 100644 charts/screenshots_nasdaq/FRO/FRO_Daily_20260917_070951.png
 create mode 100644 charts/screenshots_nasdaq/FRO/FRO_Daily_20260918_065937.png
 delete mode 100644 charts/screenshots_nasdaq/FRO/FRO_Monthly_20260917_070951.png
 create mode 100644 charts/screenshots_nasdaq/FRO/FRO_Monthly_20260918_065937.png
 delete mode 100644 charts/screenshots_nasdaq/FRO/FRO_Weekly_20260917_070951.png
 create mode 100644 charts/screenshots_nasdaq/FRO/FRO_Weekly_20260918_065937.png
 delete mode 100644 charts/screenshots_nasdaq/GENI/GENI_1H_20260917_073237.png
 create mode 100644 charts/screenshots_nasdaq/GENI/GENI_1H_20260918_072410.png
 delete mode 100644 charts/screenshots_nasdaq/GENI/GENI_4H_20260917_073237.png
 create mode 100644 charts/screenshots_nasdaq/GENI/GENI_4H_20260918_072410.png
 delete mode 100644 charts/screenshots_nasdaq/GENI/GENI_Daily_20260917_073237.png
 create mode 100644 charts/screenshots_nasdaq/GENI/GENI_Daily_20260918_072410.png
 delete mode 100644 charts/screenshots_nasdaq/GENI/GENI_Monthly_20260917_073237.png
 create mode 100644 charts/screenshots_nasdaq/GENI/GENI_Monthly_20260918_072410.png
 delete mode 100644 charts/screenshots_nasdaq/GENI/GENI_Weekly_20260917_073237.png
 create mode 100644 charts/screenshots_nasdaq/GENI/GENI_Weekly_20260918_072410.png
 delete mode 100644 charts/screenshots_nasdaq/GFS/GFS_1H_20260917_075041.png
 delete mode 100644 charts/screenshots_nasdaq/GFS/GFS_4H_20260917_075041.png
 delete mode 100644 charts/screenshots_nasdaq/GFS/GFS_Daily_20260917_075041.png
 delete mode 100644 charts/screenshots_nasdaq/GFS/GFS_Monthly_20260917_075041.png
 delete mode 100644 charts/screenshots_nasdaq/GFS/GFS_Weekly_20260917_075041.png
 create mode 100644 charts/screenshots_nasdaq/GGB/GGB_1H_20260918_072519.png
 create mode 100644 charts/screenshots_nasdaq/GGB/GGB_4H_20260918_072519.png
 create mode 100644 charts/screenshots_nasdaq/GGB/GGB_Daily_20260918_072519.png
 create mode 100644 charts/screenshots_nasdaq/GGB/GGB_Monthly_20260918_072519.png
 create mode 100644 charts/screenshots_nasdaq/GGB/GGB_Weekly_20260918_072519.png
 delete mode 100644 charts/screenshots_nasdaq/GPCR/GPCR_1H_20260917_073828.png
 delete mode 100644 charts/screenshots_nasdaq/GPCR/GPCR_4H_20260917_073828.png
 delete mode 100644 charts/screenshots_nasdaq/GPCR/GPCR_Daily_20260917_073828.png
 delete mode 100644 charts/screenshots_nasdaq/GPCR/GPCR_Monthly_20260917_073828.png
 delete mode 100644 charts/screenshots_nasdaq/GPCR/GPCR_Weekly_20260917_073828.png
 delete mode 100644 charts/screenshots_nasdaq/GPRO/GPRO_1H_20260917_072355.png
 create mode 100644 charts/screenshots_nasdaq/GPRO/GPRO_1H_20260918_072336.png
 delete mode 100644 charts/screenshots_nasdaq/GPRO/GPRO_4H_20260917_072355.png
 create mode 100644 charts/screenshots_nasdaq/GPRO/GPRO_4H_20260918_072336.png
 delete mode 100644 charts/screenshots_nasdaq/GPRO/GPRO_Daily_20260917_072355.png
 create mode 100644 charts/screenshots_nasdaq/GPRO/GPRO_Daily_20260918_072336.png
 delete mode 100644 charts/screenshots_nasdaq/GPRO/GPRO_Monthly_20260917_072355.png
 create mode 100644 charts/screenshots_nasdaq/GPRO/GPRO_Monthly_20260918_072336.png
 delete mode 100644 charts/screenshots_nasdaq/GPRO/GPRO_Weekly_20260917_072355.png
 create mode 100644 charts/screenshots_nasdaq/GPRO/GPRO_Weekly_20260918_072336.png
 delete mode 100644 charts/screenshots_nasdaq/GRAB/GRAB_1H_20260917_073903.png
 delete mode 100644 charts/screenshots_nasdaq/GRAB/GRAB_4H_20260917_073903.png
 delete mode 100644 charts/screenshots_nasdaq/GRAB/GRAB_Daily_20260917_073903.png
 delete mode 100644 charts/screenshots_nasdaq/GRAB/GRAB_Monthly_20260917_073903.png
 delete mode 100644 charts/screenshots_nasdaq/GRAB/GRAB_Weekly_20260917_073903.png
 create mode 100644 charts/screenshots_nasdaq/GT/GT_1H_20260918_075137.png
 create mode 100644 charts/screenshots_nasdaq/GT/GT_4H_20260918_075137.png
 create mode 100644 charts/screenshots_nasdaq/GT/GT_Daily_20260918_075137.png
 create mode 100644 charts/screenshots_nasdaq/GT/GT_Monthly_20260918_075137.png
 create mode 100644 charts/screenshots_nasdaq/GT/GT_Weekly_20260918_075137.png
 create mode 100644 charts/screenshots_nasdaq/GTLB/GTLB_1H_20260918_070157.png
 create mode 100644 charts/screenshots_nasdaq/GTLB/GTLB_4H_20260918_070157.png
 create mode 100644 charts/screenshots_nasdaq/GTLB/GTLB_Daily_20260918_070157.png
 create mode 100644 charts/screenshots_nasdaq/GTLB/GTLB_Monthly_20260918_070157.png
 create mode 100644 charts/screenshots_nasdaq/GTLB/GTLB_Weekly_20260918_070157.png
 delete mode 100644 charts/screenshots_nasdaq/HIMS/HIMS_1H_20260917_073348.png
 create mode 100644 charts/screenshots_nasdaq/HIMS/HIMS_1H_20260918_072926.png
 delete mode 100644 charts/screenshots_nasdaq/HIMS/HIMS_4H_20260917_073348.png
 create mode 100644 charts/screenshots_nasdaq/HIMS/HIMS_4H_20260918_072926.png
 delete mode 100644 charts/screenshots_nasdaq/HIMS/HIMS_Daily_20260917_073348.png
 create mode 100644 charts/screenshots_nasdaq/HIMS/HIMS_Daily_20260918_072926.png
 delete mode 100644 charts/screenshots_nasdaq/HIMS/HIMS_Monthly_20260917_073348.png
 create mode 100644 charts/screenshots_nasdaq/HIMS/HIMS_Monthly_20260918_072926.png
 delete mode 100644 charts/screenshots_nasdaq/HIMS/HIMS_Weekly_20260917_073348.png
 create mode 100644 charts/screenshots_nasdaq/HIMS/HIMS_Weekly_20260918_072926.png
 create mode 100644 charts/screenshots_nasdaq/HPE/HPE_1H_20260918_073001.png
 create mode 100644 charts/screenshots_nasdaq/HPE/HPE_4H_20260918_073001.png
 create mode 100644 charts/screenshots_nasdaq/HPE/HPE_Daily_20260918_073001.png
 create mode 100644 charts/screenshots_nasdaq/HPE/HPE_Monthly_20260918_073001.png
 create mode 100644 charts/screenshots_nasdaq/HPE/HPE_Weekly_20260918_073001.png
 create mode 100644 charts/screenshots_nasdaq/HPQ/HPQ_1H_20260918_071226.png
 create mode 100644 charts/screenshots_nasdaq/HPQ/HPQ_4H_20260918_071226.png
 create mode 100644 charts/screenshots_nasdaq/HPQ/HPQ_Daily_20260918_071226.png
 create mode 100644 charts/screenshots_nasdaq/HPQ/HPQ_Monthly_20260918_071226.png
 create mode 100644 charts/screenshots_nasdaq/HPQ/HPQ_Weekly_20260918_071226.png
 delete mode 100644 charts/screenshots_nasdaq/HUBS/HUBS_1H_20260917_073423.png
 delete mode 100644 charts/screenshots_nasdaq/HUBS/HUBS_4H_20260917_073423.png
 delete mode 100644 charts/screenshots_nasdaq/HUBS/HUBS_Daily_20260917_073423.png
 delete mode 100644 charts/screenshots_nasdaq/HUBS/HUBS_Monthly_20260917_073423.png
 delete mode 100644 charts/screenshots_nasdaq/HUBS/HUBS_Weekly_20260917_073423.png
 delete mode 100644 charts/screenshots_nasdaq/HYMC/HYMC_1H_20260917_075845.png
 create mode 100644 charts/screenshots_nasdaq/HYMC/HYMC_1H_20260918_074545.png
 delete mode 100644 charts/screenshots_nasdaq/HYMC/HYMC_4H_20260917_075845.png
 create mode 100644 charts/screenshots_nasdaq/HYMC/HYMC_4H_20260918_074545.png
 delete mode 100644 charts/screenshots_nasdaq/HYMC/HYMC_Daily_20260917_075845.png
 create mode 100644 charts/screenshots_nasdaq/HYMC/HYMC_Daily_20260918_074545.png
 delete mode 100644 charts/screenshots_nasdaq/HYMC/HYMC_Monthly_20260917_075845.png
 create mode 100644 charts/screenshots_nasdaq/HYMC/HYMC_Monthly_20260918_074545.png
 delete mode 100644 charts/screenshots_nasdaq/HYMC/HYMC_Weekly_20260917_075845.png
 create mode 100644 charts/screenshots_nasdaq/HYMC/HYMC_Weekly_20260918_074545.png
 delete mode 100644 charts/screenshots_nasdaq/ICHR/ICHR_1H_20260917_074711.png
 create mode 100644 charts/screenshots_nasdaq/ICHR/ICHR_1H_20260918_075545.png
 delete mode 100644 charts/screenshots_nasdaq/ICHR/ICHR_4H_20260917_074711.png
 create mode 100644 charts/screenshots_nasdaq/ICHR/ICHR_4H_20260918_075545.png
 delete mode 100644 charts/screenshots_nasdaq/ICHR/ICHR_Daily_20260917_074711.png
 create mode 100644 charts/screenshots_nasdaq/ICHR/ICHR_Daily_20260918_075545.png
 delete mode 100644 charts/screenshots_nasdaq/ICHR/ICHR_Monthly_20260917_074711.png
 create mode 100644 charts/screenshots_nasdaq/ICHR/ICHR_Monthly_20260918_075545.png
 delete mode 100644 charts/screenshots_nasdaq/ICHR/ICHR_Weekly_20260917_074711.png
 create mode 100644 charts/screenshots_nasdaq/ICHR/ICHR_Weekly_20260918_075545.png
 delete mode 100644 charts/screenshots_nasdaq/INOD/INOD_1H_20260917_080436.png
 delete mode 100644 charts/screenshots_nasdaq/INOD/INOD_4H_20260917_080436.png
 delete mode 100644 charts/screenshots_nasdaq/INOD/INOD_Daily_20260917_080436.png
 delete mode 100644 charts/screenshots_nasdaq/INOD/INOD_Monthly_20260917_080436.png
 delete mode 100644 charts/screenshots_nasdaq/INOD/INOD_Weekly_20260917_080436.png
 delete mode 100644 charts/screenshots_nasdaq/INSW/INSW_1H_20260917_071026.png
 create mode 100644 charts/screenshots_nasdaq/INSW/INSW_1H_20260918_071522.png
 delete mode 100644 charts/screenshots_nasdaq/INSW/INSW_4H_20260917_071026.png
 create mode 100644 charts/screenshots_nasdaq/INSW/INSW_4H_20260918_071522.png
 delete mode 100644 charts/screenshots_nasdaq/INSW/INSW_Daily_20260917_071026.png
 create mode 100644 charts/screenshots_nasdaq/INSW/INSW_Daily_20260918_071522.png
 delete mode 100644 charts/screenshots_nasdaq/INSW/INSW_Monthly_20260917_071026.png
 create mode 100644 charts/screenshots_nasdaq/INSW/INSW_Monthly_20260918_071522.png
 delete mode 100644 charts/screenshots_nasdaq/INSW/INSW_Weekly_20260917_071026.png
 create mode 100644 charts/screenshots_nasdaq/INSW/INSW_Weekly_20260918_071522.png
 delete mode 100644 charts/screenshots_nasdaq/IONQ/IONQ_1H_20260917_080512.png
 delete mode 100644 charts/screenshots_nasdaq/IONQ/IONQ_4H_20260917_080512.png
 delete mode 100644 charts/screenshots_nasdaq/IONQ/IONQ_Daily_20260917_080512.png
 delete mode 100644 charts/screenshots_nasdaq/IONQ/IONQ_Monthly_20260917_080512.png
 delete mode 100644 charts/screenshots_nasdaq/IONQ/IONQ_Weekly_20260917_080512.png
 delete mode 100644 charts/screenshots_nasdaq/IOVA/IOVA_1H_20260917_071544.png
 delete mode 100644 charts/screenshots_nasdaq/IOVA/IOVA_4H_20260917_071544.png
 delete mode 100644 charts/screenshots_nasdaq/IOVA/IOVA_Daily_20260917_071544.png
 delete mode 100644 charts/screenshots_nasdaq/IOVA/IOVA_Monthly_20260917_071544.png
 delete mode 100644 charts/screenshots_nasdaq/IOVA/IOVA_Weekly_20260917_071544.png
 delete mode 100644 charts/screenshots_nasdaq/JOBY/JOBY_1H_20260917_075517.png
 create mode 100644 charts/screenshots_nasdaq/JOBY/JOBY_1H_20260918_074140.png
 delete mode 100644 charts/screenshots_nasdaq/JOBY/JOBY_4H_20260917_075517.png
 create mode 100644 charts/screenshots_nasdaq/JOBY/JOBY_4H_20260918_074140.png
 delete mode 100644 charts/screenshots_nasdaq/JOBY/JOBY_Daily_20260917_075517.png
 create mode 100644 charts/screenshots_nasdaq/JOBY/JOBY_Daily_20260918_074140.png
 delete mode 100644 charts/screenshots_nasdaq/JOBY/JOBY_Monthly_20260917_075517.png
 create mode 100644 charts/screenshots_nasdaq/JOBY/JOBY_Monthly_20260918_074140.png
 delete mode 100644 charts/screenshots_nasdaq/JOBY/JOBY_Weekly_20260917_075517.png
 create mode 100644 charts/screenshots_nasdaq/JOBY/JOBY_Weekly_20260918_074140.png
 create mode 100644 charts/screenshots_nasdaq/KD/KD_1H_20260918_073035.png
 create mode 100644 charts/screenshots_nasdaq/KD/KD_4H_20260918_073035.png
 create mode 100644 charts/screenshots_nasdaq/KD/KD_Daily_20260918_073035.png
 create mode 100644 charts/screenshots_nasdaq/KD/KD_Monthly_20260918_073035.png
 create mode 100644 charts/screenshots_nasdaq/KD/KD_Weekly_20260918_073035.png
 delete mode 100644 charts/screenshots_nasdaq/KRMN/KRMN_1H_20260917_074012.png
 create mode 100644 charts/screenshots_nasdaq/KRMN/KRMN_1H_20260918_074216.png
 delete mode 100644 charts/screenshots_nasdaq/KRMN/KRMN_4H_20260917_074012.png
 create mode 100644 charts/screenshots_nasdaq/KRMN/KRMN_4H_20260918_074216.png
 delete mode 100644 charts/screenshots_nasdaq/KRMN/KRMN_Daily_20260917_074012.png
 create mode 100644 charts/screenshots_nasdaq/KRMN/KRMN_Daily_20260918_074216.png
 delete mode 100644 charts/screenshots_nasdaq/KRMN/KRMN_Monthly_20260917_074012.png
 create mode 100644 charts/screenshots_nasdaq/KRMN/KRMN_Monthly_20260918_074216.png
 delete mode 100644 charts/screenshots_nasdaq/KRMN/KRMN_Weekly_20260917_074012.png
 create mode 100644 charts/screenshots_nasdaq/KRMN/KRMN_Weekly_20260918_074216.png
 delete mode 100644 charts/screenshots_nasdaq/KTOS/KTOS_1H_20260917_074747.png
 delete mode 100644 charts/screenshots_nasdaq/KTOS/KTOS_4H_20260917_074747.png
 delete mode 100644 charts/screenshots_nasdaq/KTOS/KTOS_Daily_20260917_074747.png
 delete mode 100644 charts/screenshots_nasdaq/KTOS/KTOS_Monthly_20260917_074747.png
 delete mode 100644 charts/screenshots_nasdaq/KTOS/KTOS_Weekly_20260917_074747.png
 create mode 100644 charts/screenshots_nasdaq/KVYO/KVYO_1H_20260918_075619.png
 create mode 100644 charts/screenshots_nasdaq/KVYO/KVYO_4H_20260918_075619.png
 create mode 100644 charts/screenshots_nasdaq/KVYO/KVYO_Daily_20260918_075619.png
 create mode 100644 charts/screenshots_nasdaq/KVYO/KVYO_Monthly_20260918_075619.png
 create mode 100644 charts/screenshots_nasdaq/KVYO/KVYO_Weekly_20260918_075619.png
 create mode 100644 charts/screenshots_nasdaq/LAC/LAC_1H_20260918_074619.png
 create mode 100644 charts/screenshots_nasdaq/LAC/LAC_4H_20260918_074619.png
 create mode 100644 charts/screenshots_nasdaq/LAC/LAC_Daily_20260918_074619.png
 create mode 100644 charts/screenshots_nasdaq/LAC/LAC_Monthly_20260918_074619.png
 create mode 100644 charts/screenshots_nasdaq/LAC/LAC_Weekly_20260918_074619.png
 delete mode 100644 charts/screenshots_nasdaq/LASR/LASR_1H_20260917_075116.png
 create mode 100644 charts/screenshots_nasdaq/LASR/LASR_1H_20260918_075653.png
 delete mode 100644 charts/screenshots_nasdaq/LASR/LASR_4H_20260917_075116.png
 create mode 100644 charts/screenshots_nasdaq/LASR/LASR_4H_20260918_075653.png
 delete mode 100644 charts/screenshots_nasdaq/LASR/LASR_Daily_20260917_075116.png
 create mode 100644 charts/screenshots_nasdaq/LASR/LASR_Daily_20260918_075653.png
 delete mode 100644 charts/screenshots_nasdaq/LASR/LASR_Monthly_20260917_075116.png
 create mode 100644 charts/screenshots_nasdaq/LASR/LASR_Monthly_20260918_075653.png
 delete mode 100644 charts/screenshots_nasdaq/LASR/LASR_Weekly_20260917_075116.png
 create mode 100644 charts/screenshots_nasdaq/LASR/LASR_Weekly_20260918_075653.png
 create mode 100644 charts/screenshots_nasdaq/LCID/LCID_1H_20260918_074654.png
 create mode 100644 charts/screenshots_nasdaq/LCID/LCID_4H_20260918_074654.png
 create mode 100644 charts/screenshots_nasdaq/LCID/LCID_Daily_20260918_074654.png
 create mode 100644 charts/screenshots_nasdaq/LCID/LCID_Monthly_20260918_074654.png
 create mode 100644 charts/screenshots_nasdaq/LCID/LCID_Weekly_20260918_074654.png
 create mode 100644 charts/screenshots_nasdaq/LEGN/LEGN_1H_20260918_080134.png
 create mode 100644 charts/screenshots_nasdaq/LEGN/LEGN_4H_20260918_080134.png
 create mode 100644 charts/screenshots_nasdaq/LEGN/LEGN_Daily_20260918_080134.png
 create mode 100644 charts/screenshots_nasdaq/LEGN/LEGN_Monthly_20260918_080134.png
 create mode 100644 charts/screenshots_nasdaq/LEGN/LEGN_Weekly_20260918_080134.png
 delete mode 100644 charts/screenshots_nasdaq/LPG/LPG_1H_20260917_070841.png
 create mode 100644 charts/screenshots_nasdaq/LPG/LPG_1H_20260918_071558.png
 delete mode 100644 charts/screenshots_nasdaq/LPG/LPG_4H_20260917_070841.png
 create mode 100644 charts/screenshots_nasdaq/LPG/LPG_4H_20260918_071558.png
 delete mode 100644 charts/screenshots_nasdaq/LPG/LPG_Daily_20260917_070841.png
 create mode 100644 charts/screenshots_nasdaq/LPG/LPG_Daily_20260918_071558.png
 delete mode 100644 charts/screenshots_nasdaq/LPG/LPG_Monthly_20260917_070841.png
 create mode 100644 charts/screenshots_nasdaq/LPG/LPG_Monthly_20260918_071558.png
 delete mode 100644 charts/screenshots_nasdaq/LPG/LPG_Weekly_20260917_070841.png
 create mode 100644 charts/screenshots_nasdaq/LPG/LPG_Weekly_20260918_071558.png
 create mode 100644 charts/screenshots_nasdaq/LULU/LULU_1H_20260918_075729.png
 create mode 100644 charts/screenshots_nasdaq/LULU/LULU_4H_20260918_075729.png
 create mode 100644 charts/screenshots_nasdaq/LULU/LULU_Daily_20260918_075729.png
 create mode 100644 charts/screenshots_nasdaq/LULU/LULU_Monthly_20260918_075729.png
 create mode 100644 charts/screenshots_nasdaq/LULU/LULU_Weekly_20260918_075729.png
 delete mode 100644 charts/screenshots_nasdaq/LUNR/LUNR_1H_20260917_075920.png
 delete mode 100644 charts/screenshots_nasdaq/LUNR/LUNR_4H_20260917_075920.png
 delete mode 100644 charts/screenshots_nasdaq/LUNR/LUNR_Daily_20260917_075920.png
 delete mode 100644 charts/screenshots_nasdaq/LUNR/LUNR_Monthly_20260917_075920.png
 delete mode 100644 charts/screenshots_nasdaq/LUNR/LUNR_Weekly_20260917_075920.png
 delete mode 100644 charts/screenshots_nasdaq/METC/METC_1H_20260917_075956.png
 delete mode 100644 charts/screenshots_nasdaq/METC/METC_4H_20260917_075956.png
 delete mode 100644 charts/screenshots_nasdaq/METC/METC_Daily_20260917_075956.png
 delete mode 100644 charts/screenshots_nasdaq/METC/METC_Monthly_20260917_075956.png
 delete mode 100644 charts/screenshots_nasdaq/METC/METC_Weekly_20260917_075956.png
 delete mode 100644 charts/screenshots_nasdaq/MMYT/MMYT_1H_20260917_073312.png
 create mode 100644 charts/screenshots_nasdaq/MMYT/MMYT_1H_20260918_073146.png
 delete mode 100644 charts/screenshots_nasdaq/MMYT/MMYT_4H_20260917_073312.png
 create mode 100644 charts/screenshots_nasdaq/MMYT/MMYT_4H_20260918_073146.png
 delete mode 100644 charts/screenshots_nasdaq/MMYT/MMYT_Daily_20260917_073312.png
 create mode 100644 charts/screenshots_nasdaq/MMYT/MMYT_Daily_20260918_073146.png
 delete mode 100644 charts/screenshots_nasdaq/MMYT/MMYT_Monthly_20260917_073312.png
 create mode 100644 charts/screenshots_nasdaq/MMYT/MMYT_Monthly_20260918_073146.png
 delete mode 100644 charts/screenshots_nasdaq/MMYT/MMYT_Weekly_20260917_073312.png
 create mode 100644 charts/screenshots_nasdaq/MMYT/MMYT_Weekly_20260918_073146.png
 delete mode 100644 charts/screenshots_nasdaq/MNDY/MNDY_1H_20260917_072506.png
 create mode 100644 charts/screenshots_nasdaq/MNDY/MNDY_1H_20260918_071006.png
 delete mode 100644 charts/screenshots_nasdaq/MNDY/MNDY_4H_20260917_072506.png
 create mode 100644 charts/screenshots_nasdaq/MNDY/MNDY_4H_20260918_071006.png
 delete mode 100644 charts/screenshots_nasdaq/MNDY/MNDY_Daily_20260917_072506.png
 create mode 100644 charts/screenshots_nasdaq/MNDY/MNDY_Daily_20260918_071006.png
 delete mode 100644 charts/screenshots_nasdaq/MNDY/MNDY_Monthly_20260917_072506.png
 create mode 100644 charts/screenshots_nasdaq/MNDY/MNDY_Monthly_20260918_071006.png
 delete mode 100644 charts/screenshots_nasdaq/MNDY/MNDY_Weekly_20260917_072506.png
 create mode 100644 charts/screenshots_nasdaq/MNDY/MNDY_Weekly_20260918_071006.png
 delete mode 100644 charts/screenshots_nasdaq/MP/MP_1H_20260917_075553.png
 delete mode 100644 charts/screenshots_nasdaq/MP/MP_4H_20260917_075553.png
 delete mode 100644 charts/screenshots_nasdaq/MP/MP_Daily_20260917_075553.png
 delete mode 100644 charts/screenshots_nasdaq/MP/MP_Monthly_20260917_075553.png
 delete mode 100644 charts/screenshots_nasdaq/MP/MP_Weekly_20260917_075553.png
 create mode 100644 charts/screenshots_nasdaq/MPC/MPC_1H_20260918_071633.png
 create mode 100644 charts/screenshots_nasdaq/MPC/MPC_4H_20260918_071633.png
 create mode 100644 charts/screenshots_nasdaq/MPC/MPC_Daily_20260918_071633.png
 create mode 100644 charts/screenshots_nasdaq/MPC/MPC_Monthly_20260918_071633.png
 create mode 100644 charts/screenshots_nasdaq/MPC/MPC_Weekly_20260918_071633.png
 delete mode 100644 charts/screenshots_nasdaq/MSTR/MSTR_1H_20260917_073128.png
 create mode 100644 charts/screenshots_nasdaq/MSTR/MSTR_1H_20260918_072815.png
 delete mode 100644 charts/screenshots_nasdaq/MSTR/MSTR_4H_20260917_073128.png
 create mode 100644 charts/screenshots_nasdaq/MSTR/MSTR_4H_20260918_072815.png
 delete mode 100644 charts/screenshots_nasdaq/MSTR/MSTR_Daily_20260917_073128.png
 create mode 100644 charts/screenshots_nasdaq/MSTR/MSTR_Daily_20260918_072815.png
 delete mode 100644 charts/screenshots_nasdaq/MSTR/MSTR_Monthly_20260917_073128.png
 create mode 100644 charts/screenshots_nasdaq/MSTR/MSTR_Monthly_20260918_072815.png
 delete mode 100644 charts/screenshots_nasdaq/MSTR/MSTR_Weekly_20260917_073128.png
 create mode 100644 charts/screenshots_nasdaq/MSTR/MSTR_Weekly_20260918_072815.png
 create mode 100644 charts/screenshots_nasdaq/MTZ/MTZ_1H_20260918_073812.png
 create mode 100644 charts/screenshots_nasdaq/MTZ/MTZ_4H_20260918_073812.png
 create mode 100644 charts/screenshots_nasdaq/MTZ/MTZ_Daily_20260918_073812.png
 create mode 100644 charts/screenshots_nasdaq/MTZ/MTZ_Monthly_20260918_073812.png
 create mode 100644 charts/screenshots_nasdaq/MTZ/MTZ_Weekly_20260918_073812.png
 delete mode 100644 charts/screenshots_nasdaq/NAT/NAT_1H_20260917_072724.png
 create mode 100644 charts/screenshots_nasdaq/NAT/NAT_1H_20260918_070013.png
 delete mode 100644 charts/screenshots_nasdaq/NAT/NAT_4H_20260917_072724.png
 create mode 100644 charts/screenshots_nasdaq/NAT/NAT_4H_20260918_070013.png
 delete mode 100644 charts/screenshots_nasdaq/NAT/NAT_Daily_20260917_072724.png
 create mode 100644 charts/screenshots_nasdaq/NAT/NAT_Daily_20260918_070013.png
 delete mode 100644 charts/screenshots_nasdaq/NAT/NAT_Monthly_20260917_072724.png
 create mode 100644 charts/screenshots_nasdaq/NAT/NAT_Monthly_20260918_070013.png
 delete mode 100644 charts/screenshots_nasdaq/NAT/NAT_Weekly_20260917_072724.png
 create mode 100644 charts/screenshots_nasdaq/NAT/NAT_Weekly_20260918_070013.png
 create mode 100644 charts/screenshots_nasdaq/NEO/NEO_1H_20260918_070526.png
 create mode 100644 charts/screenshots_nasdaq/NEO/NEO_4H_20260918_070526.png
 create mode 100644 charts/screenshots_nasdaq/NEO/NEO_Daily_20260918_070526.png
 create mode 100644 charts/screenshots_nasdaq/NEO/NEO_Monthly_20260918_070526.png
 create mode 100644 charts/screenshots_nasdaq/NEO/NEO_Weekly_20260918_070526.png
 create mode 100644 charts/screenshots_nasdaq/NET/NET_1H_20260918_071413.png
 create mode 100644 charts/screenshots_nasdaq/NET/NET_4H_20260918_071413.png
 create mode 100644 charts/screenshots_nasdaq/NET/NET_Daily_20260918_071413.png
 create mode 100644 charts/screenshots_nasdaq/NET/NET_Monthly_20260918_071413.png
 create mode 100644 charts/screenshots_nasdaq/NET/NET_Weekly_20260918_071413.png
 delete mode 100644 charts/screenshots_nasdaq/NG/NG_1H_20260917_074122.png
 delete mode 100644 charts/screenshots_nasdaq/NG/NG_4H_20260917_074122.png
 delete mode 100644 charts/screenshots_nasdaq/NG/NG_Daily_20260917_074122.png
 delete mode 100644 charts/screenshots_nasdaq/NG/NG_Monthly_20260917_074122.png
 delete mode 100644 charts/screenshots_nasdaq/NG/NG_Weekly_20260917_074122.png
 create mode 100644 charts/screenshots_nasdaq/NIO/NIO_1H_20260918_073256.png
 create mode 100644 charts/screenshots_nasdaq/NIO/NIO_4H_20260918_073256.png
 create mode 100644 charts/screenshots_nasdaq/NIO/NIO_Daily_20260918_073256.png
 create mode 100644 charts/screenshots_nasdaq/NIO/NIO_Monthly_20260918_073256.png
 create mode 100644 charts/screenshots_nasdaq/NIO/NIO_Weekly_20260918_073256.png
 delete mode 100644 charts/screenshots_nasdaq/NTLA/NTLA_1H_20260917_073642.png
 delete mode 100644 charts/screenshots_nasdaq/NTLA/NTLA_4H_20260917_073642.png
 delete mode 100644 charts/screenshots_nasdaq/NTLA/NTLA_Daily_20260917_073642.png
 delete mode 100644 charts/screenshots_nasdaq/NTLA/NTLA_Monthly_20260917_073642.png
 delete mode 100644 charts/screenshots_nasdaq/NTLA/NTLA_Weekly_20260917_073642.png
 delete mode 100644 charts/screenshots_nasdaq/NVTS/NVTS_1H_20260917_074414.png
 create mode 100644 charts/screenshots_nasdaq/NVTS/NVTS_1H_20260918_074730.png
 delete mode 100644 charts/screenshots_nasdaq/NVTS/NVTS_4H_20260917_074414.png
 create mode 100644 charts/screenshots_nasdaq/NVTS/NVTS_4H_20260918_074730.png
 delete mode 100644 charts/screenshots_nasdaq/NVTS/NVTS_Daily_20260917_074414.png
 create mode 100644 charts/screenshots_nasdaq/NVTS/NVTS_Daily_20260918_074730.png
 delete mode 100644 charts/screenshots_nasdaq/NVTS/NVTS_Monthly_20260917_074414.png
 create mode 100644 charts/screenshots_nasdaq/NVTS/NVTS_Monthly_20260918_074730.png
 delete mode 100644 charts/screenshots_nasdaq/NVTS/NVTS_Weekly_20260917_074414.png
 create mode 100644 charts/screenshots_nasdaq/NVTS/NVTS_Weekly_20260918_074730.png
 delete mode 100644 charts/screenshots_nasdaq/NXT/NXT_1H_20260917_075150.png
 delete mode 100644 charts/screenshots_nasdaq/NXT/NXT_4H_20260917_075150.png
 delete mode 100644 charts/screenshots_nasdaq/NXT/NXT_Daily_20260917_075150.png
 delete mode 100644 charts/screenshots_nasdaq/NXT/NXT_Monthly_20260917_075150.png
 delete mode 100644 charts/screenshots_nasdaq/NXT/NXT_Weekly_20260917_075150.png
 delete mode 100644 charts/screenshots_nasdaq/ODD/ODD_1H_20260917_072943.png
 delete mode 100644 charts/screenshots_nasdaq/ODD/ODD_4H_20260917_072943.png
 delete mode 100644 charts/screenshots_nasdaq/ODD/ODD_Daily_20260917_072943.png
 delete mode 100644 charts/screenshots_nasdaq/ODD/ODD_Monthly_20260917_072943.png
 delete mode 100644 charts/screenshots_nasdaq/ODD/ODD_Weekly_20260917_072943.png
 delete mode 100644 charts/screenshots_nasdaq/OKLO/OKLO_1H_20260917_075627.png
 delete mode 100644 charts/screenshots_nasdaq/OKLO/OKLO_4H_20260917_075627.png
 delete mode 100644 charts/screenshots_nasdaq/OKLO/OKLO_Daily_20260917_075627.png
 delete mode 100644 charts/screenshots_nasdaq/OKLO/OKLO_Monthly_20260917_075627.png
 delete mode 100644 charts/screenshots_nasdaq/OKLO/OKLO_Weekly_20260917_075627.png
 delete mode 100644 charts/screenshots_nasdaq/OKTA/OKTA_1H_20260917_071509.png
 create mode 100644 charts/screenshots_nasdaq/OKTA/OKTA_1H_20260918_071302.png
 delete mode 100644 charts/screenshots_nasdaq/OKTA/OKTA_4H_20260917_071509.png
 create mode 100644 charts/screenshots_nasdaq/OKTA/OKTA_4H_20260918_071302.png
 delete mode 100644 charts/screenshots_nasdaq/OKTA/OKTA_Daily_20260917_071509.png
 create mode 100644 charts/screenshots_nasdaq/OKTA/OKTA_Daily_20260918_071302.png
 delete mode 100644 charts/screenshots_nasdaq/OKTA/OKTA_Monthly_20260917_071509.png
 create mode 100644 charts/screenshots_nasdaq/OKTA/OKTA_Monthly_20260918_071302.png
 delete mode 100644 charts/screenshots_nasdaq/OKTA/OKTA_Weekly_20260917_071509.png
 create mode 100644 charts/screenshots_nasdaq/OKTA/OKTA_Weekly_20260918_071302.png
 delete mode 100644 charts/screenshots_nasdaq/ON/ON_1H_20260917_074047.png
 delete mode 100644 charts/screenshots_nasdaq/ON/ON_4H_20260917_074047.png
 delete mode 100644 charts/screenshots_nasdaq/ON/ON_Daily_20260917_074047.png
 delete mode 100644 charts/screenshots_nasdaq/ON/ON_Monthly_20260917_074047.png
 delete mode 100644 charts/screenshots_nasdaq/ON/ON_Weekly_20260917_074047.png
 create mode 100644 charts/screenshots_nasdaq/PARR/PARR_1H_20260918_065827.png
 create mode 100644 charts/screenshots_nasdaq/PARR/PARR_4H_20260918_065827.png
 create mode 100644 charts/screenshots_nasdaq/PARR/PARR_Daily_20260918_065827.png
 create mode 100644 charts/screenshots_nasdaq/PARR/PARR_Monthly_20260918_065827.png
 create mode 100644 charts/screenshots_nasdaq/PARR/PARR_Weekly_20260918_065827.png
 create mode 100644 charts/screenshots_nasdaq/PFSI/PFSI_1H_20260918_075212.png
 create mode 100644 charts/screenshots_nasdaq/PFSI/PFSI_4H_20260918_075212.png
 create mode 100644 charts/screenshots_nasdaq/PFSI/PFSI_Daily_20260918_075212.png
 create mode 100644 charts/screenshots_nasdaq/PFSI/PFSI_Monthly_20260918_075212.png
 create mode 100644 charts/screenshots_nasdaq/PFSI/PFSI_Weekly_20260918_075212.png
 delete mode 100644 charts/screenshots_nasdaq/PGY/PGY_1H_20260917_072430.png
 create mode 100644 charts/screenshots_nasdaq/PGY/PGY_1H_20260918_070307.png
 delete mode 100644 charts/screenshots_nasdaq/PGY/PGY_4H_20260917_072430.png
 create mode 100644 charts/screenshots_nasdaq/PGY/PGY_4H_20260918_070307.png
 delete mode 100644 charts/screenshots_nasdaq/PGY/PGY_Daily_20260917_072430.png
 create mode 100644 charts/screenshots_nasdaq/PGY/PGY_Daily_20260918_070307.png
 delete mode 100644 charts/screenshots_nasdaq/PGY/PGY_Monthly_20260917_072430.png
 create mode 100644 charts/screenshots_nasdaq/PGY/PGY_Monthly_20260918_070307.png
 delete mode 100644 charts/screenshots_nasdaq/PGY/PGY_Weekly_20260917_072430.png
 create mode 100644 charts/screenshots_nasdaq/PGY/PGY_Weekly_20260918_070307.png
 delete mode 100644 charts/screenshots_nasdaq/PL/PL_1H_20260917_074450.png
 create mode 100644 charts/screenshots_nasdaq/PL/PL_1H_20260918_073407.png
 delete mode 100644 charts/screenshots_nasdaq/PL/PL_4H_20260917_074450.png
 create mode 100644 charts/screenshots_nasdaq/PL/PL_4H_20260918_073407.png
 delete mode 100644 charts/screenshots_nasdaq/PL/PL_Daily_20260917_074450.png
 create mode 100644 charts/screenshots_nasdaq/PL/PL_Daily_20260918_073407.png
 delete mode 100644 charts/screenshots_nasdaq/PL/PL_Monthly_20260917_074450.png
 create mode 100644 charts/screenshots_nasdaq/PL/PL_Monthly_20260918_073407.png
 delete mode 100644 charts/screenshots_nasdaq/PL/PL_Weekly_20260917_074450.png
 create mode 100644 charts/screenshots_nasdaq/PL/PL_Weekly_20260918_073407.png
 delete mode 100644 charts/screenshots_nasdaq/PODD/PODD_1H_20260917_080547.png
 delete mode 100644 charts/screenshots_nasdaq/PODD/PODD_4H_20260917_080547.png
 delete mode 100644 charts/screenshots_nasdaq/PODD/PODD_Daily_20260917_080547.png
 delete mode 100644 charts/screenshots_nasdaq/PODD/PODD_Monthly_20260917_080547.png
 delete mode 100644 charts/screenshots_nasdaq/PODD/PODD_Weekly_20260917_080547.png
 delete mode 100644 charts/screenshots_nasdaq/POET/POET_1H_20260917_080622.png
 delete mode 100644 charts/screenshots_nasdaq/POET/POET_4H_20260917_080622.png
 delete mode 100644 charts/screenshots_nasdaq/POET/POET_Daily_20260917_080622.png
 delete mode 100644 charts/screenshots_nasdaq/POET/POET_Monthly_20260917_080622.png
 delete mode 100644 charts/screenshots_nasdaq/POET/POET_Weekly_20260917_080622.png
 delete mode 100644 charts/screenshots_nasdaq/PONY/PONY_1H_20260917_080031.png
 create mode 100644 charts/screenshots_nasdaq/PONY/PONY_1H_20260918_073846.png
 delete mode 100644 charts/screenshots_nasdaq/PONY/PONY_4H_20260917_080031.png
 create mode 100644 charts/screenshots_nasdaq/PONY/PONY_4H_20260918_073846.png
 delete mode 100644 charts/screenshots_nasdaq/PONY/PONY_Daily_20260917_080031.png
 create mode 100644 charts/screenshots_nasdaq/PONY/PONY_Daily_20260918_073846.png
 delete mode 100644 charts/screenshots_nasdaq/PONY/PONY_Monthly_20260917_080031.png
 create mode 100644 charts/screenshots_nasdaq/PONY/PONY_Monthly_20260918_073846.png
 delete mode 100644 charts/screenshots_nasdaq/PONY/PONY_Weekly_20260917_080031.png
 create mode 100644 charts/screenshots_nasdaq/PONY/PONY_Weekly_20260918_073846.png
 create mode 100644 charts/screenshots_nasdaq/PURR/PURR_1H_20260918_072153.png
 create mode 100644 charts/screenshots_nasdaq/PURR/PURR_4H_20260918_072153.png
 create mode 100644 charts/screenshots_nasdaq/PURR/PURR_Daily_20260918_072153.png
 create mode 100644 charts/screenshots_nasdaq/PURR/PURR_Monthly_20260918_072153.png
 create mode 100644 charts/screenshots_nasdaq/PURR/PURR_Weekly_20260918_072153.png
 delete mode 100644 charts/screenshots_nasdaq/QBTS/QBTS_1H_20260917_080106.png
 delete mode 100644 charts/screenshots_nasdaq/QBTS/QBTS_4H_20260917_080106.png
 delete mode 100644 charts/screenshots_nasdaq/QBTS/QBTS_Daily_20260917_080106.png
 delete mode 100644 charts/screenshots_nasdaq/QBTS/QBTS_Monthly_20260917_080106.png
 delete mode 100644 charts/screenshots_nasdaq/QBTS/QBTS_Weekly_20260917_080106.png
 create mode 100644 charts/screenshots_nasdaq/QRVO/QRVO_1H_20260918_071151.png
 create mode 100644 charts/screenshots_nasdaq/QRVO/QRVO_4H_20260918_071151.png
 create mode 100644 charts/screenshots_nasdaq/QRVO/QRVO_Daily_20260918_071151.png
 create mode 100644 charts/screenshots_nasdaq/QRVO/QRVO_Monthly_20260918_071151.png
 create mode 100644 charts/screenshots_nasdaq/QRVO/QRVO_Weekly_20260918_071151.png
 create mode 100644 charts/screenshots_nasdaq/QS/QS_1H_20260918_074806.png
 create mode 100644 charts/screenshots_nasdaq/QS/QS_4H_20260918_074806.png
 create mode 100644 charts/screenshots_nasdaq/QS/QS_Daily_20260918_074806.png
 create mode 100644 charts/screenshots_nasdaq/QS/QS_Monthly_20260918_074806.png
 create mode 100644 charts/screenshots_nasdaq/QS/QS_Weekly_20260918_074806.png
 create mode 100644 charts/screenshots_nasdaq/QXO/QXO_1H_20260918_075804.png
 create mode 100644 charts/screenshots_nasdaq/QXO/QXO_4H_20260918_075804.png
 create mode 100644 charts/screenshots_nasdaq/QXO/QXO_Daily_20260918_075804.png
 create mode 100644 charts/screenshots_nasdaq/QXO/QXO_Monthly_20260918_075804.png
 create mode 100644 charts/screenshots_nasdaq/QXO/QXO_Weekly_20260918_075804.png
 create mode 100644 charts/screenshots_nasdaq/RARE/RARE_1H_20260918_074251.png
 create mode 100644 charts/screenshots_nasdaq/RARE/RARE_4H_20260918_074251.png
 create mode 100644 charts/screenshots_nasdaq/RARE/RARE_Daily_20260918_074251.png
 create mode 100644 charts/screenshots_nasdaq/RARE/RARE_Monthly_20260918_074251.png
 create mode 100644 charts/screenshots_nasdaq/RARE/RARE_Weekly_20260918_074251.png
 create mode 100644 charts/screenshots_nasdaq/RBLX/RBLX_1H_20260918_072006.png
 create mode 100644 charts/screenshots_nasdaq/RBLX/RBLX_4H_20260918_072006.png
 create mode 100644 charts/screenshots_nasdaq/RBLX/RBLX_Daily_20260918_072006.png
 create mode 100644 charts/screenshots_nasdaq/RBLX/RBLX_Monthly_20260918_072006.png
 create mode 100644 charts/screenshots_nasdaq/RBLX/RBLX_Weekly_20260918_072006.png
 delete mode 100644 charts/screenshots_nasdaq/RCAT/RCAT_1H_20260917_074525.png
 create mode 100644 charts/screenshots_nasdaq/RCAT/RCAT_1H_20260918_073332.png
 delete mode 100644 charts/screenshots_nasdaq/RCAT/RCAT_4H_20260917_074525.png
 create mode 100644 charts/screenshots_nasdaq/RCAT/RCAT_4H_20260918_073332.png
 delete mode 100644 charts/screenshots_nasdaq/RCAT/RCAT_Daily_20260917_074525.png
 create mode 100644 charts/screenshots_nasdaq/RCAT/RCAT_Daily_20260918_073332.png
 delete mode 100644 charts/screenshots_nasdaq/RCAT/RCAT_Monthly_20260917_074525.png
 create mode 100644 charts/screenshots_nasdaq/RCAT/RCAT_Monthly_20260918_073332.png
 delete mode 100644 charts/screenshots_nasdaq/RCAT/RCAT_Weekly_20260917_074525.png
 create mode 100644 charts/screenshots_nasdaq/RCAT/RCAT_Weekly_20260918_073332.png
 delete mode 100644 charts/screenshots_nasdaq/RMBS/RMBS_1H_20260917_073717.png
 delete mode 100644 charts/screenshots_nasdaq/RMBS/RMBS_4H_20260917_073717.png
 delete mode 100644 charts/screenshots_nasdaq/RMBS/RMBS_Daily_20260917_073717.png
 delete mode 100644 charts/screenshots_nasdaq/RMBS/RMBS_Monthly_20260917_073717.png
 delete mode 100644 charts/screenshots_nasdaq/RMBS/RMBS_Weekly_20260917_073717.png
 delete mode 100644 charts/screenshots_nasdaq/RUN/RUN_1H_20260917_074821.png
 create mode 100644 charts/screenshots_nasdaq/RUN/RUN_1H_20260918_073921.png
 delete mode 100644 charts/screenshots_nasdaq/RUN/RUN_4H_20260917_074821.png
 create mode 100644 charts/screenshots_nasdaq/RUN/RUN_4H_20260918_073921.png
 delete mode 100644 charts/screenshots_nasdaq/RUN/RUN_Daily_20260917_074821.png
 create mode 100644 charts/screenshots_nasdaq/RUN/RUN_Daily_20260918_073921.png
 delete mode 100644 charts/screenshots_nasdaq/RUN/RUN_Monthly_20260917_074821.png
 create mode 100644 charts/screenshots_nasdaq/RUN/RUN_Monthly_20260918_073921.png
 delete mode 100644 charts/screenshots_nasdaq/RUN/RUN_Weekly_20260917_074821.png
 create mode 100644 charts/screenshots_nasdaq/RUN/RUN_Weekly_20260918_073921.png
 delete mode 100644 charts/screenshots_nasdaq/RVTY/RVTY_1H_20260917_071618.png
 create mode 100644 charts/screenshots_nasdaq/RVTY/RVTY_1H_20260918_071744.png
 delete mode 100644 charts/screenshots_nasdaq/RVTY/RVTY_4H_20260917_071618.png
 create mode 100644 charts/screenshots_nasdaq/RVTY/RVTY_4H_20260918_071744.png
 delete mode 100644 charts/screenshots_nasdaq/RVTY/RVTY_Daily_20260917_071618.png
 create mode 100644 charts/screenshots_nasdaq/RVTY/RVTY_Daily_20260918_071744.png
 delete mode 100644 charts/screenshots_nasdaq/RVTY/RVTY_Monthly_20260917_071618.png
 create mode 100644 charts/screenshots_nasdaq/RVTY/RVTY_Monthly_20260918_071744.png
 delete mode 100644 charts/screenshots_nasdaq/RVTY/RVTY_Weekly_20260917_071618.png
 create mode 100644 charts/screenshots_nasdaq/RVTY/RVTY_Weekly_20260918_071744.png
 delete mode 100644 charts/screenshots_nasdaq/RZLV/RZLV_1H_20260917_080142.png
 create mode 100644 charts/screenshots_nasdaq/RZLV/RZLV_1H_20260918_074841.png
 delete mode 100644 charts/screenshots_nasdaq/RZLV/RZLV_4H_20260917_080142.png
 create mode 100644 charts/screenshots_nasdaq/RZLV/RZLV_4H_20260918_074841.png
 delete mode 100644 charts/screenshots_nasdaq/RZLV/RZLV_Daily_20260917_080142.png
 create mode 100644 charts/screenshots_nasdaq/RZLV/RZLV_Daily_20260918_074841.png
 delete mode 100644 charts/screenshots_nasdaq/RZLV/RZLV_Monthly_20260917_080142.png
 create mode 100644 charts/screenshots_nasdaq/RZLV/RZLV_Monthly_20260918_074841.png
 delete mode 100644 charts/screenshots_nasdaq/RZLV/RZLV_Weekly_20260917_080142.png
 create mode 100644 charts/screenshots_nasdaq/RZLV/RZLV_Weekly_20260918_074841.png
 delete mode 100644 charts/screenshots_nasdaq/SBET/SBET_1H_20260917_071434.png
 create mode 100644 charts/screenshots_nasdaq/SBET/SBET_1H_20260918_070122.png
 delete mode 100644 charts/screenshots_nasdaq/SBET/SBET_4H_20260917_071434.png
 create mode 100644 charts/screenshots_nasdaq/SBET/SBET_4H_20260918_070122.png
 delete mode 100644 charts/screenshots_nasdaq/SBET/SBET_Daily_20260917_071434.png
 create mode 100644 charts/screenshots_nasdaq/SBET/SBET_Daily_20260918_070122.png
 delete mode 100644 charts/screenshots_nasdaq/SBET/SBET_Monthly_20260917_071434.png
 create mode 100644 charts/screenshots_nasdaq/SBET/SBET_Monthly_20260918_070122.png
 delete mode 100644 charts/screenshots_nasdaq/SBET/SBET_Weekly_20260917_071434.png
 create mode 100644 charts/screenshots_nasdaq/SBET/SBET_Weekly_20260918_070122.png
 delete mode 100644 charts/screenshots_nasdaq/SDGR/SDGR_1H_20260917_072059.png
 create mode 100644 charts/screenshots_nasdaq/SDGR/SDGR_1H_20260918_071819.png
 delete mode 100644 charts/screenshots_nasdaq/SDGR/SDGR_4H_20260917_072059.png
 create mode 100644 charts/screenshots_nasdaq/SDGR/SDGR_4H_20260918_071819.png
 delete mode 100644 charts/screenshots_nasdaq/SDGR/SDGR_Daily_20260917_072059.png
 create mode 100644 charts/screenshots_nasdaq/SDGR/SDGR_Daily_20260918_071819.png
 delete mode 100644 charts/screenshots_nasdaq/SDGR/SDGR_Monthly_20260917_072059.png
 create mode 100644 charts/screenshots_nasdaq/SDGR/SDGR_Monthly_20260918_071819.png
 delete mode 100644 charts/screenshots_nasdaq/SDGR/SDGR_Weekly_20260917_072059.png
 create mode 100644 charts/screenshots_nasdaq/SDGR/SDGR_Weekly_20260918_071819.png
 create mode 100644 charts/screenshots_nasdaq/SMTC/SMTC_1H_20260918_072042.png
 create mode 100644 charts/screenshots_nasdaq/SMTC/SMTC_4H_20260918_072042.png
 create mode 100644 charts/screenshots_nasdaq/SMTC/SMTC_Daily_20260918_072042.png
 create mode 100644 charts/screenshots_nasdaq/SMTC/SMTC_Monthly_20260918_072042.png
 create mode 100644 charts/screenshots_nasdaq/SMTC/SMTC_Weekly_20260918_072042.png
 delete mode 100644 charts/screenshots_nasdaq/SUNE/SUNE_1H_20260917_073018.png
 delete mode 100644 charts/screenshots_nasdaq/SUNE/SUNE_4H_20260917_073018.png
 delete mode 100644 charts/screenshots_nasdaq/SUNE/SUNE_Daily_20260917_073018.png
 delete mode 100644 charts/screenshots_nasdaq/SUNE/SUNE_Monthly_20260917_073018.png
 delete mode 100644 charts/screenshots_nasdaq/SUNE/SUNE_Weekly_20260917_073018.png
 create mode 100644 charts/screenshots_nasdaq/SWKS/SWKS_1H_20260918_072118.png
 create mode 100644 charts/screenshots_nasdaq/SWKS/SWKS_4H_20260918_072118.png
 create mode 100644 charts/screenshots_nasdaq/SWKS/SWKS_Daily_20260918_072118.png
 create mode 100644 charts/screenshots_nasdaq/SWKS/SWKS_Monthly_20260918_072118.png
 create mode 100644 charts/screenshots_nasdaq/SWKS/SWKS_Weekly_20260918_072118.png
 create mode 100644 charts/screenshots_nasdaq/TE/TE_1H_20260918_073517.png
 create mode 100644 charts/screenshots_nasdaq/TE/TE_4H_20260918_073517.png
 create mode 100644 charts/screenshots_nasdaq/TE/TE_Daily_20260918_073517.png
 create mode 100644 charts/screenshots_nasdaq/TE/TE_Monthly_20260918_073517.png
 create mode 100644 charts/screenshots_nasdaq/TE/TE_Weekly_20260918_073517.png
 create mode 100644 charts/screenshots_nasdaq/TH/TH_1H_20260918_072630.png
 create mode 100644 charts/screenshots_nasdaq/TH/TH_4H_20260918_072630.png
 create mode 100644 charts/screenshots_nasdaq/TH/TH_Daily_20260918_072630.png
 create mode 100644 charts/screenshots_nasdaq/TH/TH_Monthly_20260918_072630.png
 create mode 100644 charts/screenshots_nasdaq/TH/TH_Weekly_20260918_072630.png
 create mode 100644 charts/screenshots_nasdaq/TME/TME_1H_20260918_073626.png
 create mode 100644 charts/screenshots_nasdaq/TME/TME_4H_20260918_073626.png
 create mode 100644 charts/screenshots_nasdaq/TME/TME_Daily_20260918_073626.png
 create mode 100644 charts/screenshots_nasdaq/TME/TME_Monthly_20260918_073626.png
 create mode 100644 charts/screenshots_nasdaq/TME/TME_Weekly_20260918_073626.png
 delete mode 100644 charts/screenshots_nasdaq/TRIP/TRIP_1H_20260917_073753.png
 create mode 100644 charts/screenshots_nasdaq/TRIP/TRIP_1H_20260918_075839.png
 delete mode 100644 charts/screenshots_nasdaq/TRIP/TRIP_4H_20260917_073753.png
 create mode 100644 charts/screenshots_nasdaq/TRIP/TRIP_4H_20260918_075839.png
 delete mode 100644 charts/screenshots_nasdaq/TRIP/TRIP_Daily_20260917_073753.png
 create mode 100644 charts/screenshots_nasdaq/TRIP/TRIP_Daily_20260918_075839.png
 delete mode 100644 charts/screenshots_nasdaq/TRIP/TRIP_Monthly_20260917_073753.png
 create mode 100644 charts/screenshots_nasdaq/TRIP/TRIP_Monthly_20260918_075839.png
 delete mode 100644 charts/screenshots_nasdaq/TRIP/TRIP_Weekly_20260917_073753.png
 create mode 100644 charts/screenshots_nasdaq/TRIP/TRIP_Weekly_20260918_075839.png
 delete mode 100644 charts/screenshots_nasdaq/TRMD/TRMD_1H_20260917_072135.png
 create mode 100644 charts/screenshots_nasdaq/TRMD/TRMD_1H_20260918_071855.png
 delete mode 100644 charts/screenshots_nasdaq/TRMD/TRMD_4H_20260917_072135.png
 create mode 100644 charts/screenshots_nasdaq/TRMD/TRMD_4H_20260918_071855.png
 delete mode 100644 charts/screenshots_nasdaq/TRMD/TRMD_Daily_20260917_072135.png
 create mode 100644 charts/screenshots_nasdaq/TRMD/TRMD_Daily_20260918_071855.png
 delete mode 100644 charts/screenshots_nasdaq/TRMD/TRMD_Monthly_20260917_072135.png
 create mode 100644 charts/screenshots_nasdaq/TRMD/TRMD_Monthly_20260918_071855.png
 delete mode 100644 charts/screenshots_nasdaq/TRMD/TRMD_Weekly_20260917_072135.png
 create mode 100644 charts/screenshots_nasdaq/TRMD/TRMD_Weekly_20260918_071855.png
 create mode 100644 charts/screenshots_nasdaq/TTAN/TTAN_1H_20260918_072852.png
 create mode 100644 charts/screenshots_nasdaq/TTAN/TTAN_4H_20260918_072852.png
 create mode 100644 charts/screenshots_nasdaq/TTAN/TTAN_Daily_20260918_072852.png
 create mode 100644 charts/screenshots_nasdaq/TTAN/TTAN_Monthly_20260918_072852.png
 create mode 100644 charts/screenshots_nasdaq/TTAN/TTAN_Weekly_20260918_072852.png
 delete mode 100644 charts/screenshots_nasdaq/TXG/TXG_1H_20260917_071653.png
 create mode 100644 charts/screenshots_nasdaq/TXG/TXG_1H_20260918_070601.png
 delete mode 100644 charts/screenshots_nasdaq/TXG/TXG_4H_20260917_071653.png
 create mode 100644 charts/screenshots_nasdaq/TXG/TXG_4H_20260918_070601.png
 delete mode 100644 charts/screenshots_nasdaq/TXG/TXG_Daily_20260917_071653.png
 create mode 100644 charts/screenshots_nasdaq/TXG/TXG_Daily_20260918_070601.png
 delete mode 100644 charts/screenshots_nasdaq/TXG/TXG_Monthly_20260917_071653.png
 create mode 100644 charts/screenshots_nasdaq/TXG/TXG_Monthly_20260918_070601.png
 delete mode 100644 charts/screenshots_nasdaq/TXG/TXG_Weekly_20260917_071653.png
 create mode 100644 charts/screenshots_nasdaq/TXG/TXG_Weekly_20260918_070601.png
 delete mode 100644 charts/screenshots_nasdaq/UAMY/UAMY_1H_20260917_075334.png
 delete mode 100644 charts/screenshots_nasdaq/UAMY/UAMY_4H_20260917_075334.png
 delete mode 100644 charts/screenshots_nasdaq/UAMY/UAMY_Daily_20260917_075334.png
 delete mode 100644 charts/screenshots_nasdaq/UAMY/UAMY_Monthly_20260917_075334.png
 delete mode 100644 charts/screenshots_nasdaq/UAMY/UAMY_Weekly_20260917_075334.png
 create mode 100644 charts/screenshots_nasdaq/USAR/USAR_1H_20260918_074917.png
 create mode 100644 charts/screenshots_nasdaq/USAR/USAR_4H_20260918_074917.png
 create mode 100644 charts/screenshots_nasdaq/USAR/USAR_Daily_20260918_074917.png
 create mode 100644 charts/screenshots_nasdaq/USAR/USAR_Monthly_20260918_074917.png
 create mode 100644 charts/screenshots_nasdaq/USAR/USAR_Weekly_20260918_074917.png
 delete mode 100644 charts/screenshots_nasdaq/UTI/UTI_1H_20260917_075225.png
 create mode 100644 charts/screenshots_nasdaq/UTI/UTI_1H_20260918_075915.png
 delete mode 100644 charts/screenshots_nasdaq/UTI/UTI_4H_20260917_075225.png
 create mode 100644 charts/screenshots_nasdaq/UTI/UTI_4H_20260918_075915.png
 delete mode 100644 charts/screenshots_nasdaq/UTI/UTI_Daily_20260917_075225.png
 create mode 100644 charts/screenshots_nasdaq/UTI/UTI_Daily_20260918_075915.png
 delete mode 100644 charts/screenshots_nasdaq/UTI/UTI_Monthly_20260917_075225.png
 create mode 100644 charts/screenshots_nasdaq/UTI/UTI_Monthly_20260918_075915.png
 delete mode 100644 charts/screenshots_nasdaq/UTI/UTI_Weekly_20260917_075225.png
 create mode 100644 charts/screenshots_nasdaq/UTI/UTI_Weekly_20260918_075915.png
 create mode 100644 charts/screenshots_nasdaq/UUUU/UUUU_1H_20260918_073551.png
 create mode 100644 charts/screenshots_nasdaq/UUUU/UUUU_4H_20260918_073551.png
 create mode 100644 charts/screenshots_nasdaq/UUUU/UUUU_Daily_20260918_073551.png
 create mode 100644 charts/screenshots_nasdaq/UUUU/UUUU_Monthly_20260918_073551.png
 create mode 100644 charts/screenshots_nasdaq/UUUU/UUUU_Weekly_20260918_073551.png
 delete mode 100644 charts/screenshots_nasdaq/VECO/VECO_1H_20260917_080217.png
 delete mode 100644 charts/screenshots_nasdaq/VECO/VECO_4H_20260917_080217.png
 delete mode 100644 charts/screenshots_nasdaq/VECO/VECO_Daily_20260917_080217.png
 delete mode 100644 charts/screenshots_nasdaq/VECO/VECO_Monthly_20260917_080217.png
 delete mode 100644 charts/screenshots_nasdaq/VECO/VECO_Weekly_20260917_080217.png
 delete mode 100644 charts/screenshots_nasdaq/VLO/VLO_1H_20260917_071102.png
 create mode 100644 charts/screenshots_nasdaq/VLO/VLO_1H_20260918_071708.png
 delete mode 100644 charts/screenshots_nasdaq/VLO/VLO_4H_20260917_071102.png
 create mode 100644 charts/screenshots_nasdaq/VLO/VLO_4H_20260918_071708.png
 delete mode 100644 charts/screenshots_nasdaq/VLO/VLO_Daily_20260917_071102.png
 create mode 100644 charts/screenshots_nasdaq/VLO/VLO_Daily_20260918_071708.png
 delete mode 100644 charts/screenshots_nasdaq/VLO/VLO_Monthly_20260917_071102.png
 create mode 100644 charts/screenshots_nasdaq/VLO/VLO_Monthly_20260918_071708.png
 delete mode 100644 charts/screenshots_nasdaq/VLO/VLO_Weekly_20260917_071102.png
 create mode 100644 charts/screenshots_nasdaq/VLO/VLO_Weekly_20260918_071708.png
 delete mode 100644 charts/screenshots_nasdaq/VNET/VNET_1H_20260917_080251.png
 create mode 100644 charts/screenshots_nasdaq/VNET/VNET_1H_20260918_074952.png
 delete mode 100644 charts/screenshots_nasdaq/VNET/VNET_4H_20260917_080251.png
 create mode 100644 charts/screenshots_nasdaq/VNET/VNET_4H_20260918_074952.png
 delete mode 100644 charts/screenshots_nasdaq/VNET/VNET_Daily_20260917_080251.png
 create mode 100644 charts/screenshots_nasdaq/VNET/VNET_Daily_20260918_074952.png
 delete mode 100644 charts/screenshots_nasdaq/VNET/VNET_Monthly_20260917_080251.png
 create mode 100644 charts/screenshots_nasdaq/VNET/VNET_Monthly_20260918_074952.png
 delete mode 100644 charts/screenshots_nasdaq/VNET/VNET_Weekly_20260917_080251.png
 create mode 100644 charts/screenshots_nasdaq/VNET/VNET_Weekly_20260918_074952.png
 delete mode 100644 charts/screenshots_nasdaq/VPG/VPG_1H_20260917_075259.png
 delete mode 100644 charts/screenshots_nasdaq/VPG/VPG_4H_20260917_075259.png
 delete mode 100644 charts/screenshots_nasdaq/VPG/VPG_Daily_20260917_075259.png
 delete mode 100644 charts/screenshots_nasdaq/VPG/VPG_Monthly_20260917_075259.png
 delete mode 100644 charts/screenshots_nasdaq/VPG/VPG_Weekly_20260917_075259.png
 create mode 100644 charts/screenshots_nasdaq/WETO/WETO_1H_20260918_075248.png
 create mode 100644 charts/screenshots_nasdaq/WETO/WETO_4H_20260918_075248.png
 create mode 100644 charts/screenshots_nasdaq/WETO/WETO_Daily_20260918_075248.png
 create mode 100644 charts/screenshots_nasdaq/WETO/WETO_Monthly_20260918_075248.png
 create mode 100644 charts/screenshots_nasdaq/WETO/WETO_Weekly_20260918_075248.png
 create mode 100644 charts/screenshots_nasdaq/WHR/WHR_1H_20260918_075950.png
 create mode 100644 charts/screenshots_nasdaq/WHR/WHR_4H_20260918_075950.png
 create mode 100644 charts/screenshots_nasdaq/WHR/WHR_Daily_20260918_075950.png
 create mode 100644 charts/screenshots_nasdaq/WHR/WHR_Monthly_20260918_075950.png
 create mode 100644 charts/screenshots_nasdaq/WHR/WHR_Weekly_20260918_075950.png
 create mode 100644 charts/screenshots_nasdaq/WING/WING_1H_20260918_080209.png
 create mode 100644 charts/screenshots_nasdaq/WING/WING_4H_20260918_080209.png
 create mode 100644 charts/screenshots_nasdaq/WING/WING_Daily_20260918_080209.png
 create mode 100644 charts/screenshots_nasdaq/WING/WING_Monthly_20260918_080209.png
 create mode 100644 charts/screenshots_nasdaq/WING/WING_Weekly_20260918_080209.png
 delete mode 100644 charts/screenshots_nasdaq/WIX/WIX_1H_20260917_071803.png
 create mode 100644 charts/screenshots_nasdaq/WIX/WIX_1H_20260918_070416.png
 delete mode 100644 charts/screenshots_nasdaq/WIX/WIX_4H_20260917_071803.png
 create mode 100644 charts/screenshots_nasdaq/WIX/WIX_4H_20260918_070416.png
 delete mode 100644 charts/screenshots_nasdaq/WIX/WIX_Daily_20260917_071803.png
 create mode 100644 charts/screenshots_nasdaq/WIX/WIX_Daily_20260918_070416.png
 delete mode 100644 charts/screenshots_nasdaq/WIX/WIX_Monthly_20260917_071803.png
 create mode 100644 charts/screenshots_nasdaq/WIX/WIX_Monthly_20260918_070416.png
 delete mode 100644 charts/screenshots_nasdaq/WIX/WIX_Weekly_20260917_071803.png
 create mode 100644 charts/screenshots_nasdaq/WIX/WIX_Weekly_20260918_070416.png
 create mode 100644 charts/screenshots_nasdaq/WOLF/WOLF_1H_20260918_075027.png
 create mode 100644 charts/screenshots_nasdaq/WOLF/WOLF_4H_20260918_075027.png
 create mode 100644 charts/screenshots_nasdaq/WOLF/WOLF_Daily_20260918_075027.png
 create mode 100644 charts/screenshots_nasdaq/WOLF/WOLF_Monthly_20260918_075027.png
 create mode 100644 charts/screenshots_nasdaq/WOLF/WOLF_Weekly_20260918_075027.png
 delete mode 100644 charts/screenshots_nasdaq/WYFI/WYFI_1H_20260917_080326.png
 delete mode 100644 charts/screenshots_nasdaq/WYFI/WYFI_4H_20260917_080326.png
 delete mode 100644 charts/screenshots_nasdaq/WYFI/WYFI_Daily_20260917_080326.png
 delete mode 100644 charts/screenshots_nasdaq/WYFI/WYFI_Monthly_20260917_080326.png
 delete mode 100644 charts/screenshots_nasdaq/WYFI/WYFI_Weekly_20260917_080326.png
 create mode 100644 charts/screenshots_nasdaq/XPEV/XPEV_1H_20260918_073443.png
 create mode 100644 charts/screenshots_nasdaq/XPEV/XPEV_4H_20260918_073443.png
 create mode 100644 charts/screenshots_nasdaq/XPEV/XPEV_Daily_20260918_073443.png
 create mode 100644 charts/screenshots_nasdaq/XPEV/XPEV_Monthly_20260918_073443.png
 create mode 100644 charts/screenshots_nasdaq/XPEV/XPEV_Weekly_20260918_073443.png
 delete mode 100644 charts/screenshots_nasdaq/YJ/YJ_1H_20260917_072210.png
 delete mode 100644 charts/screenshots_nasdaq/YJ/YJ_4H_20260917_072210.png
 delete mode 100644 charts/screenshots_nasdaq/YJ/YJ_Daily_20260917_072210.png
 delete mode 100644 charts/screenshots_nasdaq/YJ/YJ_Monthly_20260917_072210.png
 delete mode 100644 charts/screenshots_nasdaq/YJ/YJ_Weekly_20260917_072210.png
 delete mode 100644 charts/screenshots_nasdaq/YSS/YSS_1H_20260917_073937.png
 delete mode 100644 charts/screenshots_nasdaq/YSS/YSS_4H_20260917_073937.png
 delete mode 100644 charts/screenshots_nasdaq/YSS/YSS_Daily_20260917_073937.png
 delete mode 100644 charts/screenshots_nasdaq/YSS/YSS_Monthly_20260917_073937.png
 delete mode 100644 charts/screenshots_nasdaq/YSS/YSS_Weekly_20260917_073937.png
[[NASDAQ/NYSE 차트분석]] GitHub 푸시 완료
[[NASDAQ/NYSE 차트분석]] Google Sheets 업데이트 완료 (110개 종목)
[Paper Trading] NASDAQ ranked_df 스냅샷 저장 완료 (216개 종목)

[요약] 전 종목 스캔 완료 – 총 5894.3초 (98.24분) 소요
