============================================================
[1단계] 전 종목 리스트 수집 및 기본 필터링
============================================================
[ticker_fetcher] 나스닥 FTP 서버에서 종목 리스트 다운로드 중...
[ticker_fetcher] 총 7492개 종목 로드 → 비표준 심볼 1261개 제거 → 6231개 보통주
[ticker_fetcher] 1단계 필터링 배치 1/42 (150개 종목)...
[ticker_fetcher] 1단계 필터링 배치 2/42 (150개 종목)...
[ticker_fetcher] 1단계 필터링 배치 3/42 (150개 종목)...
[ticker_fetcher] 1단계 필터링 배치 4/42 (150개 종목)...
[ticker_fetcher] 1단계 필터링 배치 5/42 (150개 종목)...
[ticker_fetcher] 1단계 필터링 배치 6/42 (150개 종목)...
[ticker_fetcher] 1단계 필터링 배치 7/42 (150개 종목)...
[ticker_fetcher] 1단계 필터링 배치 8/42 (150개 종목)...
[ticker_fetcher] 1단계 필터링 배치 9/42 (150개 종목)...
[ticker_fetcher] 1단계 필터링 배치 10/42 (150개 종목)...
[ticker_fetcher] 1단계 필터링 배치 11/42 (150개 종목)...
[ticker_fetcher] 1단계 필터링 배치 12/42 (150개 종목)...
[ticker_fetcher] 1단계 필터링 배치 13/42 (150개 종목)...
[ticker_fetcher] 1단계 필터링 배치 14/42 (150개 종목)...
[ticker_fetcher] 1단계 필터링 배치 15/42 (150개 종목)...
[ticker_fetcher] 1단계 필터링 배치 16/42 (150개 종목)...
[ticker_fetcher] 1단계 필터링 배치 17/42 (150개 종목)...
[ticker_fetcher] 1단계 필터링 배치 18/42 (150개 종목)...
[ticker_fetcher] 1단계 필터링 배치 19/42 (150개 종목)...
[ticker_fetcher] 1단계 필터링 배치 20/42 (150개 종목)...
[ticker_fetcher] 1단계 필터링 배치 21/42 (150개 종목)...
[ticker_fetcher] 1단계 필터링 배치 22/42 (150개 종목)...
[ticker_fetcher] 1단계 필터링 배치 23/42 (150개 종목)...
[ticker_fetcher] 1단계 필터링 배치 24/42 (150개 종목)...
[ticker_fetcher] 1단계 필터링 배치 25/42 (150개 종목)...
[ticker_fetcher] 1단계 필터링 배치 26/42 (150개 종목)...
[ticker_fetcher] 1단계 필터링 배치 27/42 (150개 종목)...
[ticker_fetcher] 1단계 필터링 배치 28/42 (150개 종목)...
[ticker_fetcher] 1단계 필터링 배치 29/42 (150개 종목)...
[ticker_fetcher] 1단계 필터링 배치 30/42 (150개 종목)...
[ticker_fetcher] 1단계 필터링 배치 31/42 (150개 종목)...
[ticker_fetcher] 1단계 필터링 배치 32/42 (150개 종목)...
[ticker_fetcher] 1단계 필터링 배치 33/42 (150개 종목)...
[ticker_fetcher] 1단계 필터링 배치 34/42 (150개 종목)...
[ticker_fetcher] 1단계 필터링 배치 35/42 (150개 종목)...
[ticker_fetcher] 1단계 필터링 배치 36/42 (150개 종목)...
[ticker_fetcher] 1단계 필터링 배치 37/42 (150개 종목)...
[ticker_fetcher] 1단계 필터링 배치 38/42 (150개 종목)...
[ticker_fetcher] 1단계 필터링 배치 39/42 (150개 종목)...
[ticker_fetcher] 1단계 필터링 배치 40/42 (150개 종목)...
[ticker_fetcher] 1단계 필터링 배치 41/42 (150개 종목)...
[ticker_fetcher] 1단계 필터링 배치 42/42 (81개 종목)...
[ticker_fetcher] 1단계 필터링 완료: 6231개 → 4108개 (가격 ≥ $1.0, 평균 거래량 ≥ 100,000)

============================================================
[2단계] 바닥 탈출 / 강세 돌파 후보 선별
============================================================
[2단계] 배치 1/28 (150개 종목 분석 중)...
[2단계] 배치 2/28 (150개 종목 분석 중)...
[2단계] 배치 3/28 (150개 종목 분석 중)...
[2단계] 배치 4/28 (150개 종목 분석 중)...
[2단계] 배치 5/28 (150개 종목 분석 중)...
[2단계] 배치 6/28 (150개 종목 분석 중)...
[2단계] 배치 7/28 (150개 종목 분석 중)...
[2단계] 배치 8/28 (150개 종목 분석 중)...
[2단계] 배치 9/28 (150개 종목 분석 중)...
[2단계] 배치 10/28 (150개 종목 분석 중)...
[2단계] 배치 11/28 (150개 종목 분석 중)...
[2단계] 배치 12/28 (150개 종목 분석 중)...
[2단계] 배치 13/28 (150개 종목 분석 중)...
[2단계] 배치 14/28 (150개 종목 분석 중)...
[2단계] 배치 15/28 (150개 종목 분석 중)...
[2단계] 배치 16/28 (150개 종목 분석 중)...
[2단계] 배치 17/28 (150개 종목 분석 중)...
[2단계] 배치 18/28 (150개 종목 분석 중)...
[2단계] 배치 19/28 (150개 종목 분석 중)...
[2단계] 배치 20/28 (150개 종목 분석 중)...
[2단계] 배치 21/28 (150개 종목 분석 중)...
[2단계] 배치 22/28 (150개 종목 분석 중)...
[2단계] 배치 23/28 (150개 종목 분석 중)...
[2단계] 배치 24/28 (150개 종목 분석 중)...
[2단계] 배치 25/28 (150개 종목 분석 중)...
[2단계] 배치 26/28 (150개 종목 분석 중)...
[2단계] 배치 27/28 (150개 종목 분석 중)...
[2단계] 배치 28/28 (58개 종목 분석 중)...
[2단계] 필터링 완료: 4108개 → 807개 후보 선별

============================================================
[3단계] 807개 후보 종목 정밀 분석
============================================================
[OHLCV] 배치 다운로드 1/6 (150개 종목, period=5y)...
[OHLCV] 배치 다운로드 2/6 (150개 종목, period=5y)...
[OHLCV] 배치 다운로드 3/6 (150개 종목, period=5y)...
[OHLCV] 배치 다운로드 4/6 (150개 종목, period=5y)...
[OHLCV] 배치 다운로드 5/6 (150개 종목, period=5y)...
[OHLCV] 배치 다운로드 6/6 (57개 종목, period=5y)...
[DataValidator] 630건의 데이터 품질 경고 발생
Warning:  AARD: Close NaN 비율 70.5% (기준: 30%)
Warning:  AARD: 비정상 가격 변동 56.2% (2026-03-02) — 스플릿/데이터 오류 가능
Warning:  ABAT: 비정상 가격 변동 60.4% (2024-12-23) — 스플릿/데이터 오류 가능
Warning:  ABTC: 비정상 가격 변동 173.1% (2025-05-12) — 스플릿/데이터 오류 가능
Warning:  ABTS: 비정상 가격 변동 1381.0% (2025-03-10) — 스플릿/데이터 오류 가능
Warning:  ABVC: 비정상 가격 변동 137.4% (2021-11-01) — 스플릿/데이터 오류 가능
Warning:  ACB: 비정상 가격 변동 72.2% (2023-09-11) — 스플릿/데이터 오류 가능
Warning:  ACTU: Close NaN 비율 60.4% (기준: 30%)
Warning:  ADCT: 비정상 가격 변동 63.1% (2023-12-13) — 스플릿/데이터 오류 가능
Warning:  ADVB: Close NaN 비율 71.6% (기준: 30%)
Warning:  ADVB: 비정상 가격 변동 76.9% (2026-07-20) — 스플릿/데이터 오류 가능
Warning:  AEMD: 비정상 가격 변동 433.3% (2026-08-04) — 스플릿/데이터 오류 가능
Warning:  AIFF: 비정상 가격 변동 171.0% (2025-02-11) — 스플릿/데이터 오류 가능
Warning:  AIHS: 비정상 가격 변동 63.8% (2022-08-08) — 스플릿/데이터 오류 가능
Warning:  AIIO: 비정상 가격 변동 116.1% (2026-05-14) — 스플릿/데이터 오류 가능
Warning:  AIMD: 비정상 가격 변동 184.3% (2022-06-30) — 스플릿/데이터 오류 가능
Warning:  AIRO: Close NaN 비율 77.1% (기준: 30%)
Warning:  AIRS: 비정상 가격 변동 51.6% (2026-03-16) — 스플릿/데이터 오류 가능
Warning:  AISP: 비정상 가격 변동 200.0% (2024-03-05) — 스플릿/데이터 오류 가능
Warning:  AIXI: Close NaN 비율 31.8% (기준: 30%)
Warning:  AIXI: 비정상 가격 변동 513.7% (2026-04-06) — 스플릿/데이터 오류 가능
Warning:  AKAN: 비정상 가격 변동 214.2% (2026-04-22) — 스플릿/데이터 오류 가능
Warning:  AKBA: 비정상 가격 변동 66.0% (2022-03-30) — 스플릿/데이터 오류 가능
Warning:  ALAR: 비정상 가격 변동 51.5% (2026-07-06) — 스플릿/데이터 오류 가능
Warning:  ALDX: 비정상 가격 변동 73.3% (2025-04-03) — 스플릿/데이터 오류 가능
Warning:  ALGS: 비정상 가격 변동 56.7% (2022-01-06) — 스플릿/데이터 오류 가능
Warning:  ALOY: 비정상 가격 변동 226.6% (2025-01-22) — 스플릿/데이터 오류 가능
Warning:  ALT: 비정상 가격 변동 54.7% (2023-03-21) — 스플릿/데이터 오류 가능
Warning:  AMCI: 비정상 가격 변동 168.3% (2025-12-15) — 스플릿/데이터 오류 가능
Warning:  AMIX: Close NaN 비율 49.6% (기준: 30%)
Warning:  AMIX: 비정상 가격 변동 434.2% (2026-08-04) — 스플릿/데이터 오류 가능
Warning:  AMLX: 비정상 가격 변동 82.3% (2024-03-08) — 스플릿/데이터 오류 가능
Warning:  AMSC: 비정상 가격 변동 60.0% (2023-08-01) — 스플릿/데이터 오류 가능
Warning:  ANGX: Close NaN 비율 82.0% (기준: 30%)
Warning:  ANNA: 비정상 가격 변동 86.5% (2026-03-20) — 스플릿/데이터 오류 가능
Warning:  ANTX: 비정상 가격 변동 84.2% (2026-03-09) — 스플릿/데이터 오류 가능
Warning:  ANVS: 비정상 가격 변동 76.1% (2024-07-02) — 스플릿/데이터 오류 가능
Warning:  ANY: 비정상 가격 변동 111.6% (2026-06-01) — 스플릿/데이터 오류 가능
Warning:  APPS: 비정상 가격 변동 96.5% (2025-02-06) — 스플릿/데이터 오류 가능
Warning:  ARCT: 비정상 가격 변동 50.2% (2025-10-22) — 스플릿/데이터 오류 가능
Warning:  AREC: 비정상 가격 변동 83.5% (2025-04-16) — 스플릿/데이터 오류 가능
Warning:  ARMP: 비정상 가격 변동 103.2% (2025-10-22) — 스플릿/데이터 오류 가능
Warning:  ARQQ: 비정상 가격 변동 56.9% (2025-03-17) — 스플릿/데이터 오류 가능
Warning:  ARX: Close NaN 비율 79.3% (기준: 30%)
Warning:  ASST: 비정상 가격 변동 455.7% (2025-05-07) — 스플릿/데이터 오류 가능
Warning:  ASTC: 비정상 가격 변동 459.1% (2026-05-27) — 스플릿/데이터 오류 가능
Warning:  ASTI: 비정상 가격 변동 143.8% (2025-06-26) — 스플릿/데이터 오류 가능
Warning:  ATLX: 비정상 가격 변동 60.5% (2023-02-23) — 스플릿/데이터 오류 가능
Warning:  ATOM: 비정상 가격 변동 64.0% (2026-02-13) — 스플릿/데이터 오류 가능
Warning:  ATPC: Close NaN 비율 41.9% (기준: 30%)
Warning:  ATPC: 비정상 가격 변동 164.7% (2025-12-11) — 스플릿/데이터 오류 가능
Warning:  AUUD: 비정상 가격 변동 181.8% (2023-06-12) — 스플릿/데이터 오류 가능
Warning:  AXTI: 비정상 가격 변동 69.3% (2024-02-23) — 스플릿/데이터 오류 가능
Warning:  AZI: Close NaN 비율 61.3% (기준: 30%)
Warning:  AZI: 비정상 가격 변동 146.2% (2026-03-09) — 스플릿/데이터 오류 가능
Warning:  AZIO: 비정상 가격 변동 442.1% (2026-01-12) — 스플릿/데이터 오류 가능
Warning:  BATL: 비정상 가격 변동 211.7% (2026-01-26) — 스플릿/데이터 오류 가능
Warning:  BBAI: 비정상 가격 변동 260.5% (2023-01-12) — 스플릿/데이터 오류 가능
Warning:  BBNX: Close NaN 비율 69.7% (기준: 30%)
Warning:  BCAR: Close NaN 비율 80.8% (기준: 30%)
Warning:  BCTX: 비정상 가격 변동 1494.6% (2025-01-29) — 스플릿/데이터 오류 가능
Warning:  BDRX: 비정상 가격 변동 88.6% (2024-03-28) — 스플릿/데이터 오류 가능
Warning:  BDTX: 비정상 가격 변동 235.9% (2023-06-27) — 스플릿/데이터 오류 가능
Warning:  BESS: 비정상 가격 변동 7042.9% (2025-02-10) — 스플릿/데이터 오류 가능
Warning:  BESS: 거래량 0 연속 6일 (기준: 5일) — 상장폐지/거래정지 가능
Warning:  BETR: 비정상 가격 변동 223.0% (2023-07-25) — 스플릿/데이터 오류 가능
Warning:  BIOA: Close NaN 비율 62.9% (기준: 30%)
Warning:  BIOA: 비정상 가격 변동 76.9% (2024-12-09) — 스플릿/데이터 오류 가능
Warning:  BIRD: 비정상 가격 변동 582.3% (2026-04-15) — 스플릿/데이터 오류 가능
Warning:  BIYA: Close NaN 비율 72.5% (기준: 30%)
Warning:  BIYA: 비정상 가격 변동 116.1% (2026-07-27) — 스플릿/데이터 오류 가능
Warning:  BJDX: 비정상 가격 변동 112.5% (2025-04-07) — 스플릿/데이터 오류 가능
Warning:  BKKT: 비정상 가격 변동 234.4% (2021-10-25) — 스플릿/데이터 오류 가능
Warning:  BKSY: 비정상 가격 변동 97.5% (2022-05-25) — 스플릿/데이터 오류 가능
Warning:  BKYI: 비정상 가격 변동 98.0% (2024-09-10) — 스플릿/데이터 오류 가능
Warning:  BLLN: Close NaN 비율 85.2% (기준: 30%)
Warning:  BLNE: 비정상 가격 변동 89.5% (2024-09-05) — 스플릿/데이터 오류 가능
Warning:  BLSH: Close NaN 비율 80.4% (기준: 30%)
Warning:  BMEA: 비정상 가격 변동 99.0% (2023-03-28) — 스플릿/데이터 오류 가능
Warning:  BMNR: Close NaN 비율 76.6% (기준: 30%)
Warning:  BMNR: 비정상 가격 변동 694.8% (2025-06-30) — 스플릿/데이터 오류 가능
Warning:  BNAI: 비정상 가격 변동 276.7% (2026-01-26) — 스플릿/데이터 오류 가능
Warning:  BNC: 비정상 가격 변동 548.8% (2025-07-28) — 스플릿/데이터 오류 가능
Warning:  BNZI: 비정상 가격 변동 97.6% (2024-09-20) — 스플릿/데이터 오류 가능
Warning:  BRAI: Close NaN 비율 90.4% (기준: 30%)
Warning:  BRAI: 비정상 가격 변동 79.3% (2026-02-25) — 스플릿/데이터 오류 가능
Warning:  BRCB: Close NaN 비율 82.1% (기준: 30%)
Warning:  BRIA: Close NaN 비율 66.4% (기준: 30%)
Warning:  BRIA: 비정상 가격 변동 62.1% (2025-09-04) — 스플릿/데이터 오류 가능
Warning:  BRR: Close NaN 비율 76.8% (기준: 30%)
Warning:  BTCS: 비정상 가격 변동 111.1% (2025-07-08) — 스플릿/데이터 오류 가능
Warning:  BTDR: 비정상 가격 변동 50.9% (2023-06-16) — 스플릿/데이터 오류 가능
Warning:  BTGO: Close NaN 비율 89.2% (기준: 30%)
Warning:  BTQ: Close NaN 비율 82.9% (기준: 30%)
Warning:  BTQ: 비정상 가격 변동 51.5% (2025-10-07) — 스플릿/데이터 오류 가능
Warning:  BULL: 비정상 가격 변동 374.7% (2025-04-14) — 스플릿/데이터 오류 가능
Warning:  BUR: 비정상 가격 변동 53.2% (2023-03-31) — 스플릿/데이터 오류 가능
Warning:  BVS: 비정상 가격 변동 57.5% (2022-11-08) — 스플릿/데이터 오류 가능
Warning:  BW: 비정상 가격 변동 66.9% (2025-06-05) — 스플릿/데이터 오류 가능
Warning:  BXBL: Close NaN 비율 70.3% (기준: 30%)
Warning:  CAI: Close NaN 비율 77.4% (기준: 30%)
Warning:  CANF: 비정상 가격 변동 69.3% (2021-12-20) — 스플릿/데이터 오류 가능
Warning:  CAPR: 비정상 가격 변동 371.1% (2025-12-03) — 스플릿/데이터 오류 가능
Warning:  CAR: 비정상 가격 변동 108.3% (2021-11-02) — 스플릿/데이터 오류 가능
Warning:  CBUS: 비정상 가격 변동 89.8% (2023-01-17) — 스플릿/데이터 오류 가능
Warning:  CCHH: Close NaN 비율 83.3% (기준: 30%)
Warning:  CCHH: 비정상 가격 변동 135.2% (2026-02-09) — 스플릿/데이터 오류 가능
Warning:  CD: 비정상 가격 변동 81.4% (2024-11-11) — 스플릿/데이터 오류 가능
Warning:  CDT: 비정상 가격 변동 1039.0% (2026-07-20) — 스플릿/데이터 오류 가능
Warning:  CDTG: Close NaN 비율 54.1% (기준: 30%)
Warning:  CDTG: 비정상 가격 변동 88.4% (2025-09-09) — 스플릿/데이터 오류 가능
Warning:  CETX: 비정상 가격 변동 129.6% (2025-12-08) — 스플릿/데이터 오류 가능
Warning:  CGTX: 비정상 가격 변동 62.2% (2022-08-04) — 스플릿/데이터 오류 가능
Warning:  CHSN: Close NaN 비율 33.0% (기준: 30%)
Warning:  CHSN: 비정상 가격 변동 387.2% (2024-10-04) — 스플릿/데이터 오류 가능
Warning:  CING: 비정상 가격 변동 268.5% (2024-08-16) — 스플릿/데이터 오류 가능
Warning:  CJMB: Close NaN 비율 70.0% (기준: 30%)
Warning:  CJMB: 비정상 가격 변동 275.0% (2026-01-15) — 스플릿/데이터 오류 가능
Warning:  CLDI: 비정상 가격 변동 109.0% (2025-07-09) — 스플릿/데이터 오류 가능
Warning:  CLIK: Close NaN 비율 63.6% (기준: 30%)
Warning:  CLIK: 비정상 가격 변동 153.6% (2025-05-15) — 스플릿/데이터 오류 가능
Warning:  CLPT: 비정상 가격 변동 58.6% (2025-09-24) — 스플릿/데이터 오류 가능
Warning:  CLRO: 비정상 가격 변동 126.4% (2024-03-12) — 스플릿/데이터 오류 가능
Warning:  CMND: 비정상 가격 변동 62.2% (2023-04-04) — 스플릿/데이터 오류 가능
Warning:  CMPX: 비정상 가격 변동 64.4% (2026-04-27) — 스플릿/데이터 오류 가능
Warning:  CMTL: 비정상 가격 변동 87.6% (2024-06-18) — 스플릿/데이터 오류 가능
Warning:  CNCK: 비정상 가격 변동 143.2% (2025-12-01) — 스플릿/데이터 오류 가능
Warning:  CNSY: 비정상 가격 변동 311.4% (2025-03-06) — 스플릿/데이터 오류 가능
Warning:  CNTN: 비정상 가격 변동 206.8% (2025-08-20) — 스플릿/데이터 오류 가능
Warning:  CNVS: 비정상 가격 변동 51.6% (2024-02-14) — 스플릿/데이터 오류 가능
Warning:  CODX: 비정상 가격 변동 259.0% (2025-10-27) — 스플릿/데이터 오류 가능
Warning:  CPHI: 비정상 가격 변동 790.1% (2026-07-21) — 스플릿/데이터 오류 가능
Warning:  CPIX: 비정상 가격 변동 128.6% (2021-11-30) — 스플릿/데이터 오류 가능
Warning:  CPSH: 비정상 가격 변동 85.3% (2026-05-26) — 스플릿/데이터 오류 가능
Warning:  CRBP: 비정상 가격 변동 249.4% (2024-01-26) — 스플릿/데이터 오류 가능
Warning:  CRCL: Close NaN 비율 76.6% (기준: 30%)
Warning:  CRE: Close NaN 비율 79.2% (기준: 30%)
Warning:  CRE: 비정상 가격 변동 78.6% (2025-08-13) — 스플릿/데이터 오류 가능
Warning:  CRMD: 비정상 가격 변동 57.4% (2022-08-09) — 스플릿/데이터 오류 가능
Warning:  CRML: 비정상 가격 변동 120.6% (2024-02-27) — 스플릿/데이터 오류 가능
Warning:  CRMT: 비정상 가격 변동 55.0% (2026-06-10) — 스플릿/데이터 오류 가능
Warning:  CRVO: 비정상 가격 변동 161.4% (2025-03-12) — 스플릿/데이터 오류 가능
Warning:  CSAI: Close NaN 비율 69.9% (기준: 30%)
Warning:  CSAI: 비정상 가격 변동 1831.9% (2026-08-03) — 스플릿/데이터 오류 가능
Warning:  CTMX: 비정상 가격 변동 214.7% (2024-05-01) — 스플릿/데이터 오류 가능
Warning:  CTNT: Close NaN 비율 39.7% (기준: 30%)
Warning:  CTNT: 비정상 가격 변동 437.8% (2024-05-14) — 스플릿/데이터 오류 가능
Warning:  CV: Close NaN 비율 78.1% (기준: 30%)
Warning:  CYN: 비정상 가격 변동 208.3% (2025-02-10) — 스플릿/데이터 오류 가능
Warning:  DARE: 비정상 가격 변동 52.0% (2026-04-16) — 스플릿/데이터 오류 가능
Warning:  DCX: 비정상 가격 변동 188.1% (2025-09-19) — 스플릿/데이터 오류 가능
Warning:  DFDV: Close NaN 비율 39.3% (기준: 30%)
Warning:  DFDV: 비정상 가격 변동 842.5% (2025-04-07) — 스플릿/데이터 오류 가능
Warning:  DFLI: 비정상 가격 변동 102.6% (2022-10-05) — 스플릿/데이터 오류 가능
Warning:  DGNX: Close NaN 비율 69.2% (기준: 30%)
Warning:  DGNX: 비정상 가격 변동 234.6% (2025-01-29) — 스플릿/데이터 오류 가능
Warning:  DPRO: 비정상 가격 변동 52.8% (2024-02-22) — 스플릿/데이터 오류 가능
Warning:  DTCX: 비정상 가격 변동 69.3% (2023-05-12) — 스플릿/데이터 오류 가능
Warning:  DXST: Close NaN 비율 69.2% (기준: 30%)
Warning:  DXST: 비정상 가격 변동 209.4% (2026-06-02) — 스플릿/데이터 오류 가능
Warning:  DXYZ: Close NaN 비율 52.8% (기준: 30%)
Warning:  DXYZ: 비정상 가격 변동 95.6% (2024-03-27) — 스플릿/데이터 오류 가능
Warning:  ECO: Close NaN 비율 40.4% (기준: 30%)
Warning:  ECX: 비정상 가격 변동 95.9% (2023-02-22) — 스플릿/데이터 오류 가능
Warning:  EDBL: 비정상 가격 변동 80.0% (2025-05-20) — 스플릿/데이터 오류 가능
Warning:  EDHL: Close NaN 비율 74.0% (기준: 30%)
Warning:  EDHL: 비정상 가격 변동 114.4% (2025-10-14) — 스플릿/데이터 오류 가능
Warning:  EGG: Close NaN 비율 77.4% (기준: 30%)
Warning:  EGG: 비정상 가격 변동 85.9% (2026-07-28) — 스플릿/데이터 오류 가능
Warning:  EHGO: Close NaN 비율 58.1% (기준: 30%)
Warning:  EHGO: 비정상 가격 변동 125.6% (2026-06-22) — 스플릿/데이터 오류 가능
Warning:  ELTX: 비정상 가격 변동 81.5% (2023-06-02) — 스플릿/데이터 오류 가능
Warning:  EMAT: Close NaN 비율 88.4% (기준: 30%)
Warning:  EMBC: 비정상 가격 변동 57.8% (2026-05-05) — 스플릿/데이터 오류 가능
Warning:  EMPD: 비정상 가격 변동 134.3% (2025-07-17) — 스플릿/데이터 오류 가능
Warning:  ENGN: 비정상 가격 변동 116.5% (2024-02-14) — 스플릿/데이터 오류 가능
Warning:  ENGS: Close NaN 비율 73.0% (기준: 30%)
Warning:  ENGS: 비정상 가격 변동 67.6% (2025-11-06) — 스플릿/데이터 오류 가능
Warning:  ENLV: 비정상 가격 변동 54.0% (2024-04-11) — 스플릿/데이터 오류 가능
Warning:  ENVB: 비정상 가격 변동 136.2% (2023-05-18) — 스플릿/데이터 오류 가능
Warning:  ERNA: 비정상 가격 변동 66.6% (2026-05-12) — 스플릿/데이터 오류 가능
Warning:  EVGO: 비정상 가격 변동 60.8% (2024-10-03) — 스플릿/데이터 오류 가능
Warning:  EVMN: Close NaN 비율 85.2% (기준: 30%)
Warning:  EVMN: 비정상 가격 변동 70.9% (2026-02-10) — 스플릿/데이터 오류 가능
Warning:  EVTL: 비정상 가격 변동 72.4% (2022-07-15) — 스플릿/데이터 오류 가능
Warning:  EZRA: 비정상 가격 변동 159.2% (2024-12-23) — 스플릿/데이터 오류 가능
Warning:  FAC: Close NaN 비율 77.6% (기준: 30%)
Warning:  FBRX: 비정상 가격 변동 128.7% (2024-11-20) — 스플릿/데이터 오류 가능
Warning:  FBYD: Close NaN 비율 43.5% (기준: 30%)
Warning:  FBYD: 비정상 가격 변동 75.4% (2023-10-18) — 스플릿/데이터 오류 가능
Warning:  FCHL: Close NaN 비율 81.6% (기준: 30%)
Warning:  FCHL: 비정상 가격 변동 107.6% (2026-03-26) — 스플릿/데이터 오류 가능
Warning:  FCUV: 비정상 가격 변동 517.0% (2026-07-31) — 스플릿/데이터 오류 가능
Warning:  FEAM: 비정상 가격 변동 51.5% (2024-12-30) — 스플릿/데이터 오류 가능
Warning:  FFAI: 비정상 가격 변동 9542.9% (2026-07-23) — 스플릿/데이터 오류 가능
Warning:  FGNX: 비정상 가격 변동 84.2% (2025-08-01) — 스플릿/데이터 오류 가능
Warning:  FIEE: 비정상 가격 변동 392.3% (2023-11-30) — 스플릿/데이터 오류 가능
Warning:  FIG: Close NaN 비율 79.7% (기준: 30%)
Warning:  FIGR: Close NaN 비율 82.0% (기준: 30%)
Warning:  FJET: Close NaN 비율 87.5% (기준: 30%)
Warning:  FJET: 비정상 가격 변동 370.9% (2025-12-22) — 스플릿/데이터 오류 가능
Warning:  FLX: Close NaN 비율 63.4% (기준: 30%)
Warning:  FLX: 비정상 가격 변동 57.0% (2025-04-02) — 스플릿/데이터 오류 가능
Warning:  FLY: Close NaN 비율 80.1% (기준: 30%)
Warning:  FLYX: Close NaN 비율 48.1% (기준: 30%)
Warning:  FLYX: 비정상 가격 변동 130.3% (2026-01-08) — 스플릿/데이터 오류 가능
Warning:  FLZH: 비정상 가격 변동 417.0% (2026-03-25) — 스플릿/데이터 오류 가능
Warning:  FMST: Close NaN 비율 38.2% (기준: 30%)
Warning:  FMST: 비정상 가격 변동 51.1% (2025-05-12) — 스플릿/데이터 오류 가능
Warning:  FNUC: 비정상 가격 변동 348.1% (2024-12-18) — 스플릿/데이터 오류 가능
Warning:  FOSL: 비정상 가격 변동 61.0% (2024-12-02) — 스플릿/데이터 오류 가능
Warning:  FRGT: 비정상 가격 변동 114.3% (2023-12-14) — 스플릿/데이터 오류 가능
Warning:  FRMI: Close NaN 비율 83.1% (기준: 30%)
Warning:  FRMM: 비정상 가격 변동 325.7% (2024-10-16) — 스플릿/데이터 오류 가능
Warning:  FTCI: 비정상 가격 변동 104.0% (2024-09-11) — 스플릿/데이터 오류 가능
Warning:  FTK: 비정상 가격 변동 70.9% (2022-02-17) — 스플릿/데이터 오류 가능
Warning:  FUBO: 비정상 가격 변동 251.4% (2025-01-06) — 스플릿/데이터 오류 가능
Warning:  FUFU: 비정상 가격 변동 105.8% (2024-03-04) — 스플릿/데이터 오류 가능
Warning:  FULC: 비정상 가격 변동 125.3% (2021-08-10) — 스플릿/데이터 오류 가능
Warning:  FWDI: 비정상 가격 변동 58.7% (2025-09-08) — 스플릿/데이터 오류 가능
Warning:  FXHO: 비정상 가격 변동 223.5% (2023-05-01) — 스플릿/데이터 오류 가능
Warning:  GALT: 비정상 가격 변동 60.4% (2025-06-17) — 스플릿/데이터 오류 가능
Warning:  GBFH: Close NaN 비율 58.5% (기준: 30%)
Warning:  GDC: 비정상 가격 변동 1140.0% (2023-05-01) — 스플릿/데이터 오류 가능
Warning:  GEMI: Close NaN 비율 82.1% (기준: 30%)
Warning:  GLOO: Close NaN 비율 85.8% (기준: 30%)
Warning:  GLXY: Close NaN 비율 75.6% (기준: 30%)
Warning:  GMEX: Close NaN 비율 40.1% (기준: 30%)
Warning:  GMEX: 비정상 가격 변동 81.8% (2024-12-18) — 스플릿/데이터 오류 가능
Warning:  GMM: Close NaN 비율 43.5% (기준: 30%)
Warning:  GMM: 비정상 가격 변동 1467.7% (2024-11-26) — 스플릿/데이터 오류 가능
Warning:  GNLX: 비정상 가격 변동 60.4% (2023-03-06) — 스플릿/데이터 오류 가능
Warning:  GNPX: 비정상 가격 변동 265.6% (2024-10-21) — 스플릿/데이터 오류 가능
Warning:  GOAI: Close NaN 비율 89.6% (기준: 30%)
Warning:  GORO: 비정상 가격 변동 200.0% (2023-10-05) — 스플릿/데이터 오류 가능
Warning:  GP: 비정상 가격 변동 51.0% (2026-01-09) — 스플릿/데이터 오류 가능
Warning:  GRCE: 비정상 가격 변동 52.3% (2021-12-22) — 스플릿/데이터 오류 가능
Warning:  GRSD: 비정상 가격 변동 66.9% (2021-08-27) — 스플릿/데이터 오류 가능
Warning:  GWAV: 비정상 가격 변동 146.7% (2024-05-16) — 스플릿/데이터 오류 가능
Warning:  HCTI: 비정상 가격 변동 233.3% (2025-06-12) — 스플릿/데이터 오류 가능
Warning:  HKIT: Close NaN 비율 33.1% (기준: 30%)
Warning:  HKIT: 비정상 가격 변동 350.7% (2026-06-01) — 스플릿/데이터 오류 가능
Warning:  HOLO: 비정상 가격 변동 1092.1% (2024-02-07) — 스플릿/데이터 오류 가능
Warning:  HOVR: Close NaN 비율 33.2% (기준: 30%)
Warning:  HOVR: 비정상 가격 변동 75.6% (2024-03-06) — 스플릿/데이터 오류 가능
Warning:  HSDT: 비정상 가격 변동 145.3% (2022-08-03) — 스플릿/데이터 오류 가능
Warning:  HTCO: 비정상 가격 변동 239.7% (2026-04-27) — 스플릿/데이터 오류 가능
Warning:  HTZ: 비정상 가격 변동 56.4% (2025-04-16) — 스플릿/데이터 오류 가능
Warning:  HYFM: 비정상 가격 변동 298.1% (2026-08-03) — 스플릿/데이터 오류 가능
Warning:  HYLN: 비정상 가격 변동 50.0% (2025-05-28) — 스플릿/데이터 오류 가능
Warning:  HYMC: 비정상 가격 변동 203.0% (2022-03-08) — 스플릿/데이터 오류 가능
Warning:  HYPD: 비정상 가격 변동 134.7% (2025-06-17) — 스플릿/데이터 오류 가능
Warning:  IBIO: 비정상 가격 변동 192.2% (2024-03-27) — 스플릿/데이터 오류 가능
Warning:  ICCM: 비정상 가격 변동 200.5% (2026-06-17) — 스플릿/데이터 오류 가능
Warning:  IDN: 비정상 가격 변동 74.9% (2024-03-22) — 스플릿/데이터 오류 가능
Warning:  ILLR: 비정상 가격 변동 296.6% (2026-06-25) — 스플릿/데이터 오류 가능
Warning:  IMNN: 비정상 가격 변동 179.0% (2024-07-30) — 스플릿/데이터 오류 가능
Warning:  IMRX: 비정상 가격 변동 52.2% (2025-06-18) — 스플릿/데이터 오류 가능
Warning:  IMSR: Close NaN 비율 63.7% (기준: 30%)
Warning:  INDO: 비정상 가격 변동 110.4% (2022-01-27) — 스플릿/데이터 오류 가능
Warning:  INHD: Close NaN 비율 47.3% (기준: 30%)
Warning:  INHD: 비정상 가격 변동 3661.0% (2026-06-08) — 스플릿/데이터 오류 가능
Warning:  INHD: 거래량 0 연속 36일 (기준: 5일) — 상장폐지/거래정지 가능
Warning:  INLF: Close NaN 비율 68.3% (기준: 30%)
Warning:  INLF: 비정상 가격 변동 285.9% (2026-01-30) — 스플릿/데이터 오류 가능
Warning:  INSG: 비정상 가격 변동 53.7% (2023-05-04) — 스플릿/데이터 오류 가능
Warning:  INSM: 비정상 가격 변동 118.5% (2024-05-28) — 스플릿/데이터 오류 가능
Warning:  IPX: 비정상 가격 변동 99.1% (2023-06-13) — 스플릿/데이터 오류 가능
Warning:  IQST: 비정상 가격 변동 65.2% (2023-07-05) — 스플릿/데이터 오류 가능
Warning:  IVF: 비정상 가격 변동 292.6% (2023-10-23) — 스플릿/데이터 오류 가능
Warning:  IXHL: 비정상 가격 변동 723.5% (2025-05-14) — 스플릿/데이터 오류 가능
Warning:  JANX: 비정상 가격 변동 229.5% (2024-02-27) — 스플릿/데이터 오류 가능
Warning:  JDZG: Close NaN 비율 55.6% (기준: 30%)
Warning:  JDZG: 비정상 가격 변동 136.1% (2024-10-17) — 스플릿/데이터 오류 가능
Warning:  JDZG: 거래량 0 연속 38일 (기준: 5일) — 상장폐지/거래정지 가능
Warning:  JEM: Close NaN 비율 76.8% (기준: 30%)
Warning:  JEM: 비정상 가격 변동 267.6% (2026-06-30) — 스플릿/데이터 오류 가능
Warning:  JFB: Close NaN 비율 71.6% (기준: 30%)
Warning:  JFB: 비정상 가격 변동 85.4% (2025-09-29) — 스플릿/데이터 오류 가능
Warning:  JLHL: Close NaN 비율 77.8% (기준: 30%)
Warning:  JLHL: 비정상 가격 변동 318.0% (2026-07-09) — 스플릿/데이터 오류 가능
Warning:  JMIA: 비정상 가격 변동 53.8% (2024-08-06) — 스플릿/데이터 오류 가능
Warning:  JTAI: 비정상 가격 변동 580.1% (2026-07-15) — 스플릿/데이터 오류 가능
Warning:  JZ: 비정상 가격 변동 325.8% (2026-06-01) — 스플릿/데이터 오류 가능
Warning:  JZXN: 비정상 가격 변동 89.7% (2026-02-10) — 스플릿/데이터 오류 가능
Warning:  KAZR: Close NaN 비율 70.8% (기준: 30%)
Warning:  KAZR: 비정상 가격 변동 87.6% (2025-07-07) — 스플릿/데이터 오류 가능
Warning:  KD: 비정상 가격 변동 54.9% (2026-02-09) — 스플릿/데이터 오류 가능
Warning:  KDK: Close NaN 비율 82.8% (기준: 30%)
Warning:  KITT: 비정상 가격 변동 139.0% (2025-01-03) — 스플릿/데이터 오류 가능
Warning:  KLAR: Close NaN 비율 82.0% (기준: 30%)
Warning:  KLRS: 비정상 가격 변동 67.2% (2023-12-22) — 스플릿/데이터 오류 가능
Warning:  KMRK: Close NaN 비율 78.8% (기준: 30%)
Warning:  KPTI: 비정상 가격 변동 72.6% (2026-07-31) — 스플릿/데이터 오류 가능
Warning:  KRMN: Close NaN 비율 70.5% (기준: 30%)
Warning:  KROS: 비정상 가격 변동 73.2% (2024-12-12) — 스플릿/데이터 오류 가능
Warning:  KRRO: 비정상 가격 변동 93.7% (2024-10-16) — 스플릿/데이터 오류 가능
Warning:  KSCP: 비정상 가격 변동 175.6% (2022-01-28) — 스플릿/데이터 오류 가능
Warning:  KUST: 비정상 가격 변동 91.7% (2025-05-07) — 스플릿/데이터 오류 가능
Warning:  KWM: Close NaN 비율 75.4% (기준: 30%)
Warning:  KWM: 비정상 가격 변동 133.3% (2025-06-04) — 스플릿/데이터 오류 가능
Warning:  LAC: Close NaN 비율 43.1% (기준: 30%)
Warning:  LAC: 비정상 가격 변동 95.8% (2025-09-24) — 스플릿/데이터 오류 가능
Warning:  LAES: Close NaN 비율 36.0% (기준: 30%)
Warning:  LAES: 비정상 가격 변동 102.3% (2023-05-24) — 스플릿/데이터 오류 가능
Warning:  LASE: 비정상 가격 변동 160.8% (2026-06-02) — 스플릿/데이터 오류 가능
Warning:  LAW: 비정상 가격 변동 53.6% (2022-08-12) — 스플릿/데이터 오류 가능
Warning:  LBGJ: Close NaN 비율 64.4% (기준: 30%)
Warning:  LBGJ: 비정상 가격 변동 90.8% (2026-07-20) — 스플릿/데이터 오류 가능
Warning:  LBGJ: 거래량 0 연속 9일 (기준: 5일) — 상장폐지/거래정지 가능
Warning:  LBRX: Close NaN 비율 82.0% (기준: 30%)
Warning:  LESL: 비정상 가격 변동 144.8% (2026-05-14) — 스플릿/데이터 오류 가능
Warning:  LFS: Close NaN 비율 83.6% (기준: 30%)
Warning:  LFS: 비정상 가격 변동 576.8% (2025-11-11) — 스플릿/데이터 오류 가능
Warning:  LGCL: Close NaN 비율 51.6% (기준: 30%)
Warning:  LGCL: 비정상 가격 변동 117.1% (2026-06-30) — 스플릿/데이터 오류 가능
Warning:  LHSW: Close NaN 비율 73.2% (기준: 30%)
Warning:  LHSW: 비정상 가격 변동 277.8% (2026-07-06) — 스플릿/데이터 오류 가능
Warning:  LICN: Close NaN 비율 30.1% (기준: 30%)
Warning:  LICN: 비정상 가격 변동 15163.2% (2025-03-03) — 스플릿/데이터 오류 가능
Warning:  LIDR: 비정상 가격 변동 158.4% (2025-07-24) — 스플릿/데이터 오류 가능
Warning:  LNAI: 비정상 가격 변동 162.7% (2026-03-17) — 스플릿/데이터 오류 가능
Warning:  LNKS: Close NaN 비율 66.8% (기준: 30%)
Warning:  LNKS: 비정상 가격 변동 86.1% (2026-03-23) — 스플릿/데이터 오류 가능
Warning:  LPSN: 비정상 가격 변동 57.7% (2023-03-16) — 스플릿/데이터 오류 가능
Warning:  LRN: 비정상 가격 변동 54.4% (2025-10-29) — 스플릿/데이터 오류 가능
Warning:  LSTA: 비정상 가격 변동 86.6% (2026-01-21) — 스플릿/데이터 오류 가능
Warning:  LTBR: 비정상 가격 변동 57.5% (2024-10-18) — 스플릿/데이터 오류 가능
Warning:  LUNR: 비정상 가격 변동 251.4% (2023-02-16) — 스플릿/데이터 오류 가능
Warning:  LVWR: 비정상 가격 변동 153.5% (2025-05-27) — 스플릿/데이터 오류 가능
Warning:  LXEO: Close NaN 비율 45.1% (기준: 30%)
Warning:  LXEO: 비정상 가격 변동 50.9% (2025-03-24) — 스플릿/데이터 오류 가능
Warning:  LYEL: 비정상 가격 변동 68.6% (2025-06-04) — 스플릿/데이터 오류 가능
Warning:  MASK: Close NaN 비율 68.6% (기준: 30%)
Warning:  MASK: 비정상 가격 변동 199.3% (2026-05-28) — 스플릿/데이터 오류 가능
Warning:  MBOT: 비정상 가격 변동 159.3% (2023-05-22) — 스플릿/데이터 오류 가능
Warning:  MCRP: Close NaN 비율 71.7% (기준: 30%)
Warning:  MCRP: 비정상 가격 변동 66.7% (2025-03-13) — 스플릿/데이터 오류 가능
Warning:  MF: Close NaN 비율 53.0% (기준: 30%)
Warning:  MF: 비정상 가격 변동 1316.7% (2024-11-27) — 스플릿/데이터 오류 가능
Warning:  MGX: Close NaN 비율 50.3% (기준: 30%)
Warning:  MGX: 비정상 가격 변동 125.4% (2024-12-09) — 스플릿/데이터 오류 가능
Warning:  MIMI: Close NaN 비율 68.7% (기준: 30%)
Warning:  MIMI: 비정상 가격 변동 104.2% (2026-04-14) — 스플릿/데이터 오류 가능
Warning:  MIST: 비정상 가격 변동 60.9% (2025-03-28) — 스플릿/데이터 오류 가능
Warning:  MKZR: Close NaN 비율 58.5% (기준: 30%)
Warning:  MKZR: 비정상 가격 변동 69.2% (2024-07-10) — 스플릿/데이터 오류 가능
Warning:  MLTX: 비정상 가격 변동 89.9% (2025-09-29) — 스플릿/데이터 오류 가능
Warning:  MNDR: Close NaN 비율 53.6% (기준: 30%)
Warning:  MNDR: 비정상 가격 변동 185.7% (2025-02-20) — 스플릿/데이터 오류 가능
Warning:  MNTN: Close NaN 비율 75.9% (기준: 30%)
Warning:  MNTS: 비정상 가격 변동 155.4% (2024-10-09) — 스플릿/데이터 오류 가능
Warning:  MOBX: 비정상 가격 변동 532.8% (2026-03-03) — 스플릿/데이터 오류 가능
Warning:  MOVE: 비정상 가격 변동 149.7% (2025-11-10) — 스플릿/데이터 오류 가능
Warning:  MP: 비정상 가격 변동 50.6% (2025-07-10) — 스플릿/데이터 오류 가능
Warning:  MPLT: Close NaN 비율 84.5% (기준: 30%)
Warning:  MPLT: 비정상 가격 변동 72.9% (2026-07-27) — 스플릿/데이터 오류 가능
Warning:  MRAM: 비정상 가격 변동 63.2% (2021-11-12) — 스플릿/데이터 오류 가능
Warning:  MRLN: Close NaN 비율 66.6% (기준: 30%)
Warning:  MSS: Close NaN 비율 43.4% (기준: 30%)
Warning:  MSS: 비정상 가격 변동 122.4% (2024-09-24) — 스플릿/데이터 오류 가능
Warning:  MTVA: 비정상 가격 변동 115.5% (2025-09-15) — 스플릿/데이터 오류 가능
Warning:  NAGE: 비정상 가격 변동 67.9% (2024-11-01) — 스플릿/데이터 오류 가능
Warning:  NAKA: Close NaN 비율 56.5% (기준: 30%)
Warning:  NAKA: 비정상 가격 변동 251.0% (2025-05-12) — 스플릿/데이터 오류 가능
Warning:  NAMM: Close NaN 비율 76.7% (기준: 30%)
Warning:  NAMM: 비정상 가격 변동 130.6% (2026-01-21) — 스플릿/데이터 오류 가능
Warning:  NB: Close NaN 비율 32.5% (기준: 30%)
Warning:  NCI: Close NaN 비율 54.3% (기준: 30%)
Warning:  NCI: 비정상 가격 변동 238.5% (2026-02-11) — 스플릿/데이터 오류 가능
Warning:  NCRA: 비정상 가격 변동 118.2% (2026-07-29) — 스플릿/데이터 오류 가능
Warning:  NCT: Close NaN 비율 72.9% (기준: 30%)
Warning:  NCT: 비정상 가격 변동 58.4% (2026-05-28) — 스플릿/데이터 오류 가능
Warning:  NEUP: 비정상 가격 변동 242.1% (2023-09-28) — 스플릿/데이터 오류 가능
Warning:  NEXR: 비정상 가격 변동 1360.0% (2024-11-20) — 스플릿/데이터 오류 가능
Warning:  NIKI: 비정상 가격 변동 554.5% (2024-03-06) — 스플릿/데이터 오류 가능
Warning:  NKLR: Close NaN 비율 83.3% (기준: 30%)
Warning:  NMAD: 비정상 가격 변동 133.3% (2023-02-07) — 스플릿/데이터 오류 가능
Warning:  NMG: 비정상 가격 변동 51.8% (2025-10-13) — 스플릿/데이터 오류 가능
Warning:  NMRA: Close NaN 비율 42.2% (기준: 30%)
Warning:  NMRA: 비정상 가격 변동 81.4% (2025-01-02) — 스플릿/데이터 오류 가능
Warning:  NNE: Close NaN 비율 55.2% (기준: 30%)
Warning:  NNOX: 비정상 가격 변동 68.4% (2023-05-01) — 스플릿/데이터 오류 가능
Warning:  NTRP: 비정상 가격 변동 145.5% (2023-10-13) — 스플릿/데이터 오류 가능
Warning:  NUWE: 비정상 가격 변동 135.4% (2026-07-30) — 스플릿/데이터 오류 가능
Warning:  NVA: Close NaN 비율 59.3% (기준: 30%)
Warning:  NVA: 비정상 가격 변동 110.3% (2025-10-14) — 스플릿/데이터 오류 가능
Warning:  NVA: 거래량 0 연속 10일 (기준: 5일) — 상장폐지/거래정지 가능
Warning:  NVNI: 비정상 가격 변동 317.2% (2024-12-19) — 스플릿/데이터 오류 가능
Warning:  NVTS: 비정상 가격 변동 164.4% (2025-05-22) — 스플릿/데이터 오류 가능
Warning:  NXTC: 비정상 가격 변동 201.8% (2026-07-14) — 스플릿/데이터 오류 가능
Warning:  NXTS: 비정상 가격 변동 331.5% (2025-01-02) — 스플릿/데이터 오류 가능
Warning:  OCG: 비정상 가격 변동 292.0% (2025-12-09) — 스플릿/데이터 오류 가능
Warning:  ODD: Close NaN 비율 39.0% (기준: 30%)
Warning:  OIO: 비정상 가격 변동 58.4% (2026-04-24) — 스플릿/데이터 오류 가능
Warning:  OKLO: 비정상 가격 변동 53.6% (2024-05-10) — 스플릿/데이터 오류 가능
Warning:  OKYO: 비정상 가격 변동 63.0% (2023-02-17) — 스플릿/데이터 오류 가능
Warning:  OLMA: 비정상 가격 변동 136.4% (2025-11-18) — 스플릿/데이터 오류 가능
Warning:  OM: 비정상 가격 변동 68.5% (2024-08-08) — 스플릿/데이터 오류 가능
Warning:  ONCO: 비정상 가격 변동 199.6% (2022-08-17) — 스플릿/데이터 오류 가능
Warning:  OPEN: 비정상 가격 변동 79.5% (2025-09-11) — 스플릿/데이터 오류 가능
Warning:  OPRX: 비정상 가격 변동 51.7% (2025-03-12) — 스플릿/데이터 오류 가능
Warning:  ORGO: 비정상 가격 변동 102.3% (2025-02-28) — 스플릿/데이터 오류 가능
Warning:  OTLK: 비정상 가격 변동 80.9% (2023-08-30) — 스플릿/데이터 오류 가능
Warning:  PACB: 비정상 가격 변동 50.7% (2024-04-16) — 스플릿/데이터 오류 가능
Warning:  PAPL: Close NaN 비율 44.9% (기준: 30%)
Warning:  PAPL: 비정상 가격 변동 73.8% (2025-08-08) — 스플릿/데이터 오류 가능
Warning:  PAVS: 비정상 가격 변동 93.3% (2024-10-01) — 스플릿/데이터 오류 가능
Warning:  PAVS: 거래량 0 연속 19일 (기준: 5일) — 상장폐지/거래정지 가능
Warning:  PCLA: Close NaN 비율 69.0% (기준: 30%)
Warning:  PCLA: 비정상 가격 변동 194.2% (2026-05-22) — 스플릿/데이터 오류 가능
Warning:  PCSA: 비정상 가격 변동 148.8% (2024-01-25) — 스플릿/데이터 오류 가능
Warning:  PEPG: 비정상 가격 변동 121.1% (2025-09-25) — 스플릿/데이터 오류 가능
Warning:  PEW: Close NaN 비율 48.7% (기준: 30%)
Warning:  PGEN: 비정상 가격 변동 58.9% (2025-08-15) — 스플릿/데이터 오류 가능
Warning:  PGY: 비정상 가격 변동 129.6% (2022-07-20) — 스플릿/데이터 오류 가능
Warning:  PHAT: 비정상 가격 변동 90.2% (2025-06-06) — 스플릿/데이터 오류 가능
Warning:  PHIO: 비정상 가격 변동 290.5% (2025-01-13) — 스플릿/데이터 오류 가능
Warning:  PLCE: 비정상 가격 변동 85.7% (2024-09-11) — 스플릿/데이터 오류 가능
Warning:  PLSE: 비정상 가격 변동 51.6% (2026-02-06) — 스플릿/데이터 오류 가능
Warning:  PLSM: Close NaN 비율 89.2% (기준: 30%)
Warning:  PLSM: 비정상 가격 변동 93.3% (2026-06-24) — 스플릿/데이터 오류 가능
Warning:  PMA: Close NaN 비율 66.2% (기준: 30%)
Warning:  PMAX: Close NaN 비율 61.7% (기준: 30%)
Warning:  PMAX: 비정상 가격 변동 95.3% (2026-05-06) — 스플릿/데이터 오류 가능
Warning:  PMI: Close NaN 비율 81.3% (기준: 30%)
Warning:  PMI: 비정상 가격 변동 82.7% (2025-12-04) — 스플릿/데이터 오류 가능
Warning:  PMI: 거래량 0 연속 7일 (기준: 5일) — 상장폐지/거래정지 가능
Warning:  PN: Close NaN 비율 71.5% (기준: 30%)
Warning:  PN: 비정상 가격 변동 131.8% (2026-07-22) — 스플릿/데이터 오류 가능
Warning:  PONY: Close NaN 비율 66.4% (기준: 30%)
Warning:  PPCB: 비정상 가격 변동 6249900.1% (2025-01-29) — 스플릿/데이터 오류 가능
Warning:  PRFX: 비정상 가격 변동 414.3% (2024-12-19) — 스플릿/데이터 오류 가능
Warning:  PRIM: 비정상 가격 변동 50.1% (2026-05-06) — 스플릿/데이터 오류 가능
Warning:  PSIG: Close NaN 비율 59.1% (기준: 30%)
Warning:  PSIG: 비정상 가격 변동 127.7% (2024-08-12) — 스플릿/데이터 오류 가능
Warning:  PSIX: 비정상 가격 변동 68.6% (2022-11-15) — 스플릿/데이터 오류 가능
Warning:  PSQH: 비정상 가격 변동 270.4% (2024-12-03) — 스플릿/데이터 오류 가능
Warning:  PUSA: Close NaN 비율 70.4% (기준: 30%)
Warning:  PUSA: 비정상 가격 변동 207.6% (2025-07-23) — 스플릿/데이터 오류 가능
Warning:  QBTS: 비정상 가격 변동 110.7% (2023-05-22) — 스플릿/데이터 오류 가능
Warning:  QTEX: 비정상 가격 변동 308.1% (2021-10-26) — 스플릿/데이터 오류 가능
Warning:  QTRX: 비정상 가격 변동 54.8% (2022-08-09) — 스플릿/데이터 오류 가능
Warning:  QUBT: 비정상 가격 변동 92.8% (2024-11-13) — 스플릿/데이터 오류 가능
Warning:  QUCY: 비정상 가격 변동 3377.4% (2024-12-03) — 스플릿/데이터 오류 가능
Warning:  RADX: Close NaN 비율 66.8% (기준: 30%)
Warning:  RADX: 비정상 가격 변동 149.5% (2025-12-15) — 스플릿/데이터 오류 가능
Warning:  RAIN: Close NaN 비율 68.3% (기준: 30%)
Warning:  RBNE: Close NaN 비율 73.7% (기준: 30%)
Warning:  RBNE: 비정상 가격 변동 317.9% (2025-06-13) — 스플릿/데이터 오류 가능
Warning:  RDW: 비정상 가격 변동 51.4% (2025-01-21) — 스플릿/데이터 오류 가능
Warning:  RGC: 비정상 가격 변동 343.9% (2024-07-23) — 스플릿/데이터 오류 가능
Warning:  RGNT: Close NaN 비율 86.7% (기준: 30%)
Warning:  RGNT: 비정상 가격 변동 526.7% (2026-06-15) — 스플릿/데이터 오류 가능
Warning:  RGTI: 비정상 가격 변동 58.0% (2024-11-25) — 스플릿/데이터 오류 가능
Warning:  ROOT: 비정상 가격 변동 68.9% (2024-10-31) — 스플릿/데이터 오류 가능
Warning:  RPGL: Close NaN 비율 83.8% (기준: 30%)
Warning:  RPGL: 비정상 가격 변동 173.9% (2026-01-29) — 스플릿/데이터 오류 가능
Warning:  RR: Close NaN 비율 45.9% (기준: 30%)
Warning:  RR: 비정상 가격 변동 73.9% (2024-08-06) — 스플릿/데이터 오류 가능
Warning:  RRGB: 비정상 가격 변동 62.9% (2025-05-30) — 스플릿/데이터 오류 가능
Warning:  RUBI: Close NaN 비율 79.8% (기준: 30%)
Warning:  RUBI: 비정상 가격 변동 54.2% (2025-11-25) — 스플릿/데이터 오류 가능
Warning:  RXRX: 비정상 가격 변동 78.2% (2023-07-12) — 스플릿/데이터 오류 가능
Warning:  RZLT: 비정상 가격 변동 87.2% (2025-12-11) — 스플릿/데이터 오류 가능
Warning:  RZLV: 비정상 가격 변동 54.5% (2024-12-17) — 스플릿/데이터 오류 가능
Warning:  SBET: 비정상 가격 변동 433.2% (2025-05-27) — 스플릿/데이터 오류 가능
Warning:  SBFM: 비정상 가격 변동 150.0% (2022-03-09) — 스플릿/데이터 오류 가능
Warning:  SCLX: 비정상 가격 변동 56.6% (2023-04-05) — 스플릿/데이터 오류 가능
Warning:  SDEV: 비정상 가격 변동 102.5% (2026-01-09) — 스플릿/데이터 오류 가능
Warning:  SDOT: 비정상 가격 변동 247.1% (2026-06-26) — 스플릿/데이터 오류 가능
Warning:  SEGG: Close NaN 비율 37.2% (기준: 30%)
Warning:  SEGG: 비정상 가격 변동 187.8% (2025-02-06) — 스플릿/데이터 오류 가능
Warning:  SENS: 비정상 가격 변동 80.7% (2025-01-10) — 스플릿/데이터 오류 가능
Warning:  SERV: Close NaN 비율 51.8% (기준: 30%)
Warning:  SERV: 비정상 가격 변동 187.1% (2024-07-19) — 스플릿/데이터 오류 가능
Warning:  SEV: Close NaN 비율 84.0% (기준: 30%)
Warning:  SEV: 비정상 가격 변동 57.8% (2025-10-23) — 스플릿/데이터 오류 가능
Warning:  SGLY: 비정상 가격 변동 143.5% (2025-03-21) — 스플릿/데이터 오류 가능
Warning:  SHMD: Close NaN 비율 54.8% (기준: 30%)
Warning:  SHPH: 비정상 가격 변동 91.3% (2022-09-06) — 스플릿/데이터 오류 가능
Warning:  SIDU: 비정상 가격 변동 225.0% (2022-06-15) — 스플릿/데이터 오류 가능
Warning:  SILO: 비정상 가격 변동 4164.7% (2022-09-19) — 스플릿/데이터 오류 가능
Warning:  SKYA: 비정상 가격 변동 141.6% (2024-05-28) — 스플릿/데이터 오류 가능
Warning:  SKYQ: Close NaN 비율 63.7% (기준: 30%)
Warning:  SKYQ: 비정상 가격 변동 101.6% (2026-04-02) — 스플릿/데이터 오류 가능
Warning:  SKYX: 비정상 가격 변동 68.6% (2022-07-28) — 스플릿/데이터 오류 가능
Warning:  SLBT: Close NaN 비율 70.0% (기준: 30%)
Warning:  SLBT: 비정상 가격 변동 167.0% (2026-06-16) — 스플릿/데이터 오류 가능
Warning:  SLBT: 거래량 0 연속 7일 (기준: 5일) — 상장폐지/거래정지 가능
Warning:  SLDP: 비정상 가격 변동 51.6% (2025-11-05) — 스플릿/데이터 오류 가능
Warning:  SLNH: 비정상 가격 변동 94.4% (2025-09-22) — 스플릿/데이터 오류 가능
Warning:  SLSN: 비정상 가격 변동 65.6% (2023-05-17) — 스플릿/데이터 오류 가능
Warning:  SMJF: Close NaN 비율 86.7% (기준: 30%)
Warning:  SMJF: 비정상 가격 변동 61.4% (2026-02-17) — 스플릿/데이터 오류 가능
Warning:  SMMT: 비정상 가격 변동 272.1% (2024-05-30) — 스플릿/데이터 오류 가능
Warning:  SN: Close NaN 비율 39.6% (기준: 30%)
Warning:  SNAL: 비정상 가격 변동 350.9% (2026-04-14) — 스플릿/데이터 오류 가능
Warning:  SNES: 비정상 가격 변동 100.5% (2023-12-28) — 스플릿/데이터 오류 가능
Warning:  SNTG: 비정상 가격 변동 237.1% (2025-09-08) — 스플릿/데이터 오류 가능
Warning:  SNWV: Close NaN 비율 64.2% (기준: 30%)
Warning:  SOC: 비정상 가격 변동 56.2% (2025-12-18) — 스플릿/데이터 오류 가능
Warning:  SOLV: Close NaN 비율 52.8% (기준: 30%)
Warning:  SORA: Close NaN 비율 73.1% (기준: 30%)
Warning:  SORA: 비정상 가격 변동 58.2% (2026-02-02) — 스플릿/데이터 오류 가능
Warning:  SOUN: 비정상 가격 변동 71.8% (2022-12-30) — 스플릿/데이터 오류 가능
Warning:  SPHL: Close NaN 비율 64.2% (기준: 30%)
Warning:  SPHL: 비정상 가격 변동 673.8% (2026-01-15) — 스플릿/데이터 오류 가능
Warning:  SPRC: 비정상 가격 변동 142.9% (2025-09-17) — 스플릿/데이터 오류 가능
Warning:  SPRO: 비정상 가격 변동 244.6% (2025-05-28) — 스플릿/데이터 오류 가능
Warning:  SPRY: 비정상 가격 변동 77.9% (2023-05-12) — 스플릿/데이터 오류 가능
Warning:  SPWH: 비정상 가격 변동 97.9% (2025-04-02) — 스플릿/데이터 오류 가능
Warning:  SRXH: 비정상 가격 변동 84.5% (2025-08-15) — 스플릿/데이터 오류 가능
Warning:  SRXH: 거래량 0 연속 7일 (기준: 5일) — 상장폐지/거래정지 가능
Warning:  STAK: Close NaN 비율 71.1% (기준: 30%)
Warning:  STAK: 비정상 가격 변동 602.3% (2026-07-24) — 스플릿/데이터 오류 가능
Warning:  STEM: 비정상 가격 변동 57.2% (2025-01-03) — 스플릿/데이터 오류 가능
Warning:  STFS: Close NaN 비율 63.8% (기준: 30%)
Warning:  STFS: 비정상 가격 변동 96.5% (2026-05-06) — 스플릿/데이터 오류 가능
Warning:  STI: 비정상 가격 변동 350.6% (2026-06-04) — 스플릿/데이터 오류 가능
Warning:  STKE: 비정상 가격 변동 131.4% (2024-10-14) — 스플릿/데이터 오류 가능
Warning:  STKH: 비정상 가격 변동 166.7% (2026-07-28) — 스플릿/데이터 오류 가능
Warning:  STUB: Close NaN 비율 82.3% (기준: 30%)
Warning:  SUGP: Close NaN 비율 49.4% (기준: 30%)
Warning:  SUGP: 비정상 가격 변동 171.4% (2025-07-09) — 스플릿/데이터 오류 가능
Warning:  SUNE: 비정상 가격 변동 420.4% (2026-06-08) — 스플릿/데이터 오류 가능
Warning:  SUPX: Close NaN 비율 54.0% (기준: 30%)
Warning:  SXTP: Close NaN 비율 38.6% (기준: 30%)
Warning:  SXTP: 비정상 가격 변동 152.0% (2026-01-22) — 스플릿/데이터 오류 가능
Warning:  TC: 비정상 가격 변동 159.5% (2026-07-01) — 스플릿/데이터 오류 가능
Warning:  TDIC: Close NaN 비율 79.2% (기준: 30%)
Warning:  TDIC: 비정상 가격 변동 876.7% (2026-05-13) — 스플릿/데이터 오류 가능
Warning:  TDTH: Close NaN 비율 62.0% (기준: 30%)
Warning:  TDTH: 비정상 가격 변동 61.5% (2025-01-30) — 스플릿/데이터 오류 가능
Warning:  TE: 비정상 가격 변동 66.7% (2024-11-06) — 스플릿/데이터 오류 가능
Warning:  TEM: Close NaN 비율 57.3% (기준: 30%)
Warning:  TII: 비정상 가격 변동 409.8% (2022-03-23) — 스플릿/데이터 오류 가능
Warning:  TLRY: 비정상 가격 변동 60.9% (2025-09-29) — 스플릿/데이터 오류 가능
Warning:  TMQ: 비정상 가격 변동 211.0% (2025-10-07) — 스플릿/데이터 오류 가능
Warning:  TNXP: 비정상 가격 변동 120.8% (2024-12-16) — 스플릿/데이터 오류 가능
Warning:  TONX: 비정상 가격 변동 346.9% (2023-09-05) — 스플릿/데이터 오류 가능
Warning:  TOYO: 비정상 가격 변동 86.6% (2024-11-26) — 스플릿/데이터 오류 가능
Warning:  TRDA: 비정상 가격 변동 57.3% (2026-05-07) — 스플릿/데이터 오류 가능
Warning:  TRNR: Close NaN 비율 34.6% (기준: 30%)
Warning:  TRNR: 비정상 가격 변동 79.0% (2024-08-12) — 스플릿/데이터 오류 가능
Warning:  TRON: Close NaN 비율 40.5% (기준: 30%)
Warning:  TRON: 비정상 가격 변동 533.8% (2025-06-16) — 스플릿/데이터 오류 가능
Warning:  TROO: 비정상 가격 변동 106.2% (2025-07-14) — 스플릿/데이터 오류 가능
Warning:  TSSI: 비정상 가격 변동 74.1% (2025-05-16) — 스플릿/데이터 오류 가능
Warning:  TURB: Close NaN 비율 42.7% (기준: 30%)
Warning:  TURB: 비정상 가격 변동 359.3% (2025-09-16) — 스플릿/데이터 오류 가능
Warning:  TVRD: 비정상 가격 변동 83.9% (2025-10-13) — 스플릿/데이터 오류 가능
Warning:  TYGO: 비정상 가격 변동 83.6% (2023-06-01) — 스플릿/데이터 오류 가능
Warning:  UPB: Close NaN 비율 63.8% (기준: 30%)
Warning:  UPST: 비정상 가격 변동 56.4% (2022-05-10) — 스플릿/데이터 오류 가능
Warning:  URGN: 비정상 가격 변동 98.6% (2023-07-27) — 스플릿/데이터 오류 가능
Warning:  USAR: Close NaN 비율 38.8% (기준: 30%)
Warning:  USAR: 비정상 가격 변동 72.0% (2025-03-14) — 스플릿/데이터 오류 가능
Warning:  UTZ: 비정상 가격 변동 88.7% (2026-07-21) — 스플릿/데이터 오류 가능
Warning:  UXIN: 비정상 가격 변동 83.7% (2024-09-27) — 스플릿/데이터 오류 가능
Warning:  VEEE: 비정상 가격 변동 415.8% (2026-07-13) — 스플릿/데이터 오류 가능
Warning:  VELO: 비정상 가격 변동 80.7% (2025-04-01) — 스플릿/데이터 오류 가능
Warning:  VENU: Close NaN 비율 66.4% (기준: 30%)
Warning:  VERI: 비정상 가격 변동 53.7% (2025-10-15) — 스플릿/데이터 오류 가능
Warning:  VGAS: 비정상 가격 변동 52.5% (2023-05-22) — 스플릿/데이터 오류 가능
Warning:  VIA: Close NaN 비율 82.1% (기준: 30%)
Warning:  VIVK: 비정상 가격 변동 113.5% (2022-04-27) — 스플릿/데이터 오류 가능
Warning:  VLN: 비정상 가격 변동 59.0% (2026-01-09) — 스플릿/데이터 오류 가능
Warning:  VOR: 비정상 가격 변동 74.2% (2025-06-25) — 스플릿/데이터 오류 가능
Warning:  VRAX: 비정상 가격 변동 141.8% (2024-08-19) — 스플릿/데이터 오류 가능
Warning:  VRRM: 비정상 가격 변동 70.6% (2026-05-27) — 스플릿/데이터 오류 가능
Warning:  VRXA: Close NaN 비율 63.1% (기준: 30%)
Warning:  VRXA: 비정상 가격 변동 55.5% (2026-06-16) — 스플릿/데이터 오류 가능
Warning:  VSA: 비정상 가격 변동 329.8% (2025-01-31) — 스플릿/데이터 오류 가능
Warning:  VSME: Close NaN 비율 42.9% (기준: 30%)
Warning:  VSME: 비정상 가격 변동 149.1% (2026-06-10) — 스플릿/데이터 오류 가능
Warning:  VTIX: Close NaN 비율 89.5% (기준: 30%)
Warning:  VTIX: 비정상 가격 변동 56.3% (2026-01-28) — 스플릿/데이터 오류 가능
Warning:  VWAV: Close NaN 비율 78.7% (기준: 30%)
Warning:  VWAV: 비정상 가격 변동 368.1% (2025-07-28) — 스플릿/데이터 오류 가능
Warning:  WBTN: Close NaN 비율 57.9% (기준: 30%)
Warning:  WBTN: 비정상 가격 변동 81.2% (2025-08-13) — 스플릿/데이터 오류 가능
Warning:  WETO: Close NaN 비율 71.2% (기준: 30%)
Warning:  WETO: 비정상 가격 변동 200.0% (2026-07-31) — 스플릿/데이터 오류 가능
Warning:  WFF: Close NaN 비율 72.8% (기준: 30%)
Warning:  WGS: 비정상 가격 변동 55.2% (2024-04-30) — 스플릿/데이터 오류 가능
Warning:  WIMI: 비정상 가격 변동 77.5% (2024-12-27) — 스플릿/데이터 오류 가능
Warning:  WLDS: 비정상 가격 변동 407.8% (2025-09-10) — 스플릿/데이터 오류 가능
Warning:  WLFC: 비정상 가격 변동 67.1% (2026-07-20) — 스플릿/데이터 오류 가능
Warning:  WNW: 비정상 가격 변동 97.6% (2025-04-22) — 스플릿/데이터 오류 가능
Warning:  WOK: Close NaN 비율 61.1% (기준: 30%)
Warning:  WOK: 비정상 가격 변동 206.2% (2026-05-11) — 스플릿/데이터 오류 가능
Warning:  WOK: 거래량 0 연속 33일 (기준: 5일) — 상장폐지/거래정지 가능
Warning:  WOLF: Close NaN 비율 82.9% (기준: 30%)
Warning:  WRD: Close NaN 비율 64.6% (기준: 30%)
Warning:  WRD: 비정상 가격 변동 83.5% (2025-02-14) — 스플릿/데이터 오류 가능
Warning:  WVE: 비정상 가격 변동 147.3% (2025-12-08) — 스플릿/데이터 오류 가능
Warning:  WW: Close NaN 비율 77.8% (기준: 30%)
Warning:  WXM: Close NaN 비율 73.0% (기준: 30%)
Warning:  WXM: 비정상 가격 변동 57.9% (2026-06-04) — 스플릿/데이터 오류 가능
Warning:  XCUR: 비정상 가격 변동 92.3% (2024-11-20) — 스플릿/데이터 오류 가능
Warning:  XOS: 비정상 가격 변동 234.5% (2026-06-03) — 스플릿/데이터 오류 가능
Warning:  XTIA: 비정상 가격 변동 128.6% (2023-04-13) — 스플릿/데이터 오류 가능
Warning:  XXI: Close NaN 비율 60.4% (기준: 30%)
Warning:  XXI: 비정상 가격 변동 55.4% (2025-04-23) — 스플릿/데이터 오류 가능
Warning:  YAAS: Close NaN 비율 67.9% (기준: 30%)
Warning:  YAAS: 비정상 가격 변동 238.0% (2026-07-30) — 스플릿/데이터 오류 가능
Warning:  YDES: Close NaN 비율 81.1% (기준: 30%)
Warning:  YDES: 비정상 가격 변동 135.8% (2025-08-29) — 스플릿/데이터 오류 가능
Warning:  YHC: Close NaN 비율 40.3% (기준: 30%)
Warning:  YHC: 비정상 가격 변동 171.6% (2025-07-16) — 스플릿/데이터 오류 가능
Warning:  YMAT: Close NaN 비율 79.6% (기준: 30%)
Warning:  YMAT: 비정상 가격 변동 203.3% (2026-05-26) — 스플릿/데이터 오류 가능
Warning:  YRD: 비정상 가격 변동 59.6% (2026-07-02) — 스플릿/데이터 오류 가능
Warning:  YSS: Close NaN 비율 89.6% (기준: 30%)
Warning:  YXT: Close NaN 비율 60.7% (기준: 30%)
Warning:  YXT: 비정상 가격 변동 801.2% (2026-08-05) — 스플릿/데이터 오류 가능
Warning:  YYGH: Close NaN 비율 54.2% (기준: 30%)
Warning:  YYGH: 비정상 가격 변동 63.6% (2025-09-10) — 스플릿/데이터 오류 가능
Warning:  ZCMD: 비정상 가격 변동 191.8% (2026-07-22) — 스플릿/데이터 오류 가능
Warning:  ZENA: Close NaN 비율 63.2% (기준: 30%)
Warning:  ZENA: 비정상 가격 변동 258.7% (2024-11-25) — 스플릿/데이터 오류 가능
Warning:  ZJYL: Close NaN 비율 32.9% (기준: 30%)
Warning:  ZJYL: 비정상 가격 변동 263.7% (2023-12-18) — 스플릿/데이터 오류 가능
Warning:  ZNB: 비정상 가격 변동 104.8% (2025-10-07) — 스플릿/데이터 오류 가능
Warning:  ZSQR: 비정상 가격 변동 77.4% (2024-12-31) — 스플릿/데이터 오류 가능
Warning:  ZTG: Close NaN 비율 81.8% (기준: 30%)
Warning:  ZVIA: 비정상 가격 변동 51.7% (2025-05-08) — 스플릿/데이터 오류 가능
Warning:  ZYBT: Close NaN 비율 68.5% (기준: 30%)
Warning:  ZYBT: 비정상 가격 변동 1047.6% (2026-07-20) — 스플릿/데이터 오류 가능
[[NASDAQ/NYSE 분석]] 강한 섹터: {'Financials', 'Industrials', 'Materials'}
[OHLCV] 배치 다운로드 1/2 (150개 종목, period=2y)...
[OHLCV] 배치 다운로드 2/2 (52개 종목, period=2y)...
[DataValidator] 62건의 데이터 품질 경고 발생
Warning:  ADVB: 비정상 가격 변동 76.9% (2026-07-20) — 스플릿/데이터 오류 가능
Warning:  AMIX: 비정상 가격 변동 434.2% (2026-08-04) — 스플릿/데이터 오류 가능
Warning:  APPS: 비정상 가격 변동 96.5% (2025-02-06) — 스플릿/데이터 오류 가능
Warning:  ARX: Close NaN 비율 48.2% (기준: 30%)
Warning:  ASST: 비정상 가격 변동 455.7% (2025-05-07) — 스플릿/데이터 오류 가능
Warning:  BIYA: Close NaN 비율 31.3% (기준: 30%)
Warning:  BIYA: 비정상 가격 변동 116.1% (2026-07-27) — 스플릿/데이터 오류 가능
Warning:  BLLN: Close NaN 비율 62.9% (기준: 30%)
Warning:  BLSH: Close NaN 비율 51.0% (기준: 30%)
Warning:  BMNR: Close NaN 비율 41.6% (기준: 30%)
Warning:  BMNR: 비정상 가격 변동 694.8% (2025-06-30) — 스플릿/데이터 오류 가능
Warning:  BULL: 비정상 가격 변동 374.7% (2025-04-14) — 스플릿/데이터 오류 가능
Warning:  BW: 비정상 가격 변동 66.9% (2025-06-05) — 스플릿/데이터 오류 가능
Warning:  CAI: Close NaN 비율 43.4% (기준: 30%)
Warning:  CAPR: 비정상 가격 변동 371.1% (2025-12-03) — 스플릿/데이터 오류 가능
Warning:  CPHI: 비정상 가격 변동 790.1% (2026-07-21) — 스플릿/데이터 오류 가능
Warning:  CRCL: Close NaN 비율 41.6% (기준: 30%)
Warning:  CRML: 비정상 가격 변동 55.4% (2025-10-13) — 스플릿/데이터 오류 가능
Warning:  FBRX: 비정상 가격 변동 128.7% (2024-11-20) — 스플릿/데이터 오류 가능
Warning:  FCUV: 비정상 가격 변동 517.0% (2026-07-31) — 스플릿/데이터 오류 가능
Warning:  FIG: Close NaN 비율 49.2% (기준: 30%)
Warning:  FIGR: Close NaN 비율 55.0% (기준: 30%)
Warning:  FLY: Close NaN 비율 50.2% (기준: 30%)
Warning:  FRMI: Close NaN 비율 57.8% (기준: 30%)
Warning:  GLXY: Close NaN 비율 39.0% (기준: 30%)
Warning:  GMM: 비정상 가격 변동 1467.7% (2024-11-26) — 스플릿/데이터 오류 가능
Warning:  HTZ: 비정상 가격 변동 56.4% (2025-04-16) — 스플릿/데이터 오류 가능
Warning:  INLF: 비정상 가격 변동 285.9% (2026-01-30) — 스플릿/데이터 오류 가능
Warning:  JLHL: Close NaN 비율 44.4% (기준: 30%)
Warning:  JLHL: 비정상 가격 변동 318.0% (2026-07-09) — 스플릿/데이터 오류 가능
Warning:  KD: 비정상 가격 변동 54.9% (2026-02-09) — 스플릿/데이터 오류 가능
Warning:  KLAR: Close NaN 비율 55.0% (기준: 30%)
Warning:  LAC: 비정상 가격 변동 95.8% (2025-09-24) — 스플릿/데이터 오류 가능
Warning:  LAES: 비정상 가격 변동 101.4% (2024-12-11) — 스플릿/데이터 오류 가능
Warning:  LRN: 비정상 가격 변동 54.4% (2025-10-29) — 스플릿/데이터 오류 가능
Warning:  MP: 비정상 가격 변동 50.6% (2025-07-10) — 스플릿/데이터 오류 가능
Warning:  NUWE: 비정상 가격 변동 135.4% (2026-07-30) — 스플릿/데이터 오류 가능
Warning:  NVTS: 비정상 가격 변동 164.4% (2025-05-22) — 스플릿/데이터 오류 가능
Warning:  NXTC: 비정상 가격 변동 201.8% (2026-07-14) — 스플릿/데이터 오류 가능
Warning:  OPEN: 비정상 가격 변동 79.5% (2025-09-11) — 스플릿/데이터 오류 가능
Warning:  PRIM: 비정상 가격 변동 50.1% (2026-05-06) — 스플릿/데이터 오류 가능
Warning:  QBTS: 비정상 가격 변동 51.2% (2025-05-08) — 스플릿/데이터 오류 가능
Warning:  QUBT: 비정상 가격 변동 92.8% (2024-11-13) — 스플릿/데이터 오류 가능
Warning:  RDW: 비정상 가격 변동 51.4% (2025-01-21) — 스플릿/데이터 오류 가능
Warning:  RGTI: 비정상 가격 변동 58.0% (2024-11-25) — 스플릿/데이터 오류 가능
Warning:  SBET: 비정상 가격 변동 433.2% (2025-05-27) — 스플릿/데이터 오류 가능
Warning:  SDOT: 비정상 가격 변동 247.1% (2026-06-26) — 스플릿/데이터 오류 가능
Warning:  SKYQ: 비정상 가격 변동 101.6% (2026-04-02) — 스플릿/데이터 오류 가능
Warning:  SMMT: 비정상 가격 변동 56.0% (2024-09-09) — 스플릿/데이터 오류 가능
Warning:  SOC: 비정상 가격 변동 56.2% (2025-12-18) — 스플릿/데이터 오류 가능
Warning:  STAK: 비정상 가격 변동 602.3% (2026-07-24) — 스플릿/데이터 오류 가능
Warning:  STUB: Close NaN 비율 55.8% (기준: 30%)
Warning:  TE: 비정상 가격 변동 66.7% (2024-11-06) — 스플릿/데이터 오류 가능
Warning:  URGN: 비정상 가격 변동 51.8% (2025-06-12) — 스플릿/데이터 오류 가능
Warning:  USAR: 비정상 가격 변동 72.0% (2025-03-14) — 스플릿/데이터 오류 가능
Warning:  UTZ: 비정상 가격 변동 88.7% (2026-07-21) — 스플릿/데이터 오류 가능
Warning:  VEEE: 비정상 가격 변동 415.8% (2026-07-13) — 스플릿/데이터 오류 가능
Warning:  VIVK: 비정상 가격 변동 64.9% (2025-12-26) — 스플릿/데이터 오류 가능
Warning:  WOLF: Close NaN 비율 57.4% (기준: 30%)
Warning:  YXT: 비정상 가격 변동 801.2% (2026-08-05) — 스플릿/데이터 오류 가능
Warning:  ZCMD: 비정상 가격 변동 191.8% (2026-07-22) — 스플릿/데이터 오류 가능
Warning:  ZYBT: 비정상 가격 변동 1047.6% (2026-07-20) — 스플릿/데이터 오류 가능
[[NASDAQ/NYSE 분석]] Extreme model 'label_low' ROC 0.60, AP 0.47
[[NASDAQ/NYSE 분석]] Extreme model 'label_high' ROC 0.64, AP 0.59
[[NASDAQ/NYSE 분석]] Google Sheets 업데이트 완료 (202개 종목)
[Insider] LRN 조회 실패 (무시): timed out
[Insider] HTZ 조회 실패 (무시): timed out
[Insider] ARRY 조회 실패 (무시): timed out
[Insider] BTDR 조회 실패 (무시): <urlopen error [Errno 101] Network is unreachable>
[Insider] SEDG 조회 실패 (무시): timed out
[Insider] BTBT 조회 실패 (무시): timed out
[Email] 바닥반등 24개 + 모멘텀 70개 = 총 94개 종목 리스트를 chunghwan14@gmail.com, roykim0311@gmail.com, ssamjungtan@naver.com로 발송 완료

============================================================
[[NASDAQ/NYSE 차트분석]] 이메일 대상 종목 차트 분석 시작
============================================================
[[NASDAQ/NYSE 차트분석]] 차트분석 대상 94개 종목: ['BULL', 'BW', 'LAES', 'NEU', 'SOLV', 'WTTR', 'ZYBT', 'NUE', 'GRMN', 'VPG', 'INSM', 'NSIT', 'DBX', 'EXPE', 'BLFS', 'COIN', 'BTDR', 'THC', 'FBRX', 'IMAX', 'JXN', 'ATKR', 'RBLX', 'KFY', 'BFH', 'PL', 'GGB', 'SNOW', 'MLI', 'IESC', 'EMR', 'URGN', 'ZETA', 'AXTI', 'RNG', 'ADVB', 'SKYQ', 'BTBT', 'HTZ', 'CNK', 'PFSI', 'BIO', 'AMLX', 'ARRY', 'SWK', 'BLLN', 'UTZ', 'EAT', 'SEDG', 'LNC', 'OI', 'FIG', 'SAFT', 'RUN', 'FLUT', 'TX', 'YXT', 'DKNG', 'WING', 'PGY', 'MTRN', 'TWST', 'JLL', 'WEX', 'MT', 'ITGR', 'AXTA', 'LRN', 'STAK', 'GLXY', 'CAR', 'FIVN', 'INSP', 'MAN', 'ALNY', 'ATAI', 'MMM', 'CSW', 'OPEN', 'APPS', 'SN', 'FLO', 'VSXY', 'GM', 'WHD', 'HPQ', 'TEM', 'KLAR', 'CAKE', 'CPHI', 'HUBS', 'SHOO', 'ZBRA', 'DUOL']
[[NASDAQ/NYSE 차트분석]] 기존 NASDAQ 차트 파일 삭제 중...
[[NASDAQ/NYSE 차트분석]] TradingView 차트 캡처 시작...
[TradingView] EMR 브라우저 세션 시작  (로그인 세션)...
[TradingView] 1H 캡처 완료 (60)
[TradingView] 4H 캡처 완료 (240)
[TradingView] Daily 캡처 완료 (D)
[TradingView] Weekly 캡처 완료 (W)
[TradingView] Monthly 캡처 완료 (M)
[[NASDAQ/NYSE 차트분석]] EMR 차트 5개 처리 완료
[TradingView] SWK 브라우저 세션 시작  (로그인 세션)...
[TradingView] 1H 캡처 완료 (60)
[TradingView] 4H 캡처 완료 (240)
[TradingView] Daily 캡처 완료 (D)
[TradingView] Weekly 캡처 완료 (W)
[TradingView] Monthly 캡처 완료 (M)
[[NASDAQ/NYSE 차트분석]] SWK 차트 5개 처리 완료
[TradingView] ATKR 브라우저 세션 시작  (로그인 세션)...
[TradingView] 1H 캡처 완료 (60)
[TradingView] 4H 캡처 완료 (240)
[TradingView] Daily 캡처 완료 (D)
[TradingView] Weekly 캡처 완료 (W)
[TradingView] Monthly 캡처 완료 (M)
[[NASDAQ/NYSE 차트분석]] ATKR 차트 5개 처리 완료
[TradingView] CSW 브라우저 세션 시작  (로그인 세션)...
[TradingView] 1H 캡처 완료 (60)
[TradingView] 4H 캡처 완료 (240)
[TradingView] Daily 캡처 완료 (D)
[TradingView] Weekly 캡처 완료 (W)
[TradingView] Monthly 캡처 완료 (M)
[[NASDAQ/NYSE 차트분석]] CSW 차트 5개 처리 완료
[TradingView] MLI 브라우저 세션 시작  (로그인 세션)...
[TradingView] 1H 캡처 완료 (60)
[TradingView] 4H 캡처 완료 (240)
[TradingView] Daily 캡처 완료 (D)
[TradingView] Weekly 캡처 완료 (W)
[TradingView] Monthly 캡처 완료 (M)
[[NASDAQ/NYSE 차트분석]] MLI 차트 5개 처리 완료
[TradingView] GGB 브라우저 세션 시작  (로그인 세션)...
[TradingView] 1H 캡처 완료 (60)
[TradingView] 4H 캡처 완료 (240)
[TradingView] Daily 캡처 완료 (D)
[TradingView] Weekly 캡처 완료 (W)
[TradingView] Monthly 캡처 완료 (M)
[[NASDAQ/NYSE 차트분석]] GGB 차트 5개 처리 완료
[TradingView] SOLV 브라우저 세션 시작  (로그인 세션)...
[TradingView] 1H 캡처 완료 (60)
[TradingView] 4H 캡처 완료 (240)
[TradingView] Daily 캡처 완료 (D)
[TradingView] Weekly 캡처 완료 (W)
[TradingView] Monthly 캡처 완료 (M)
[[NASDAQ/NYSE 차트분석]] SOLV 차트 5개 처리 완료
[TradingView] KFY 브라우저 세션 시작  (로그인 세션)...
[TradingView] 1H 캡처 완료 (60)
[TradingView] 4H 캡처 완료 (240)
[TradingView] Daily 캡처 완료 (D)
[TradingView] Weekly 캡처 완료 (W)
[TradingView] Monthly 캡처 완료 (M)
[[NASDAQ/NYSE 차트분석]] KFY 차트 5개 처리 완료
[TradingView] MAN 브라우저 세션 시작  (로그인 세션)...
[TradingView] 1H 캡처 완료 (60)
[TradingView] 4H 캡처 완료 (240)
[TradingView] Daily 캡처 완료 (D)
[TradingView] Weekly 캡처 완료 (W)
[TradingView] Monthly 캡처 완료 (M)
[[NASDAQ/NYSE 차트분석]] MAN 차트 5개 처리 완료
[TradingView] MMM 브라우저 세션 시작  (로그인 세션)...
[TradingView] 1H 캡처 완료 (60)
[TradingView] 4H 캡처 완료 (240)
[TradingView] Daily 캡처 완료 (D)
[TradingView] Weekly 캡처 완료 (W)
[TradingView] Monthly 캡처 완료 (M)
[[NASDAQ/NYSE 차트분석]] MMM 차트 5개 처리 완료
[TradingView] WEX 브라우저 세션 시작  (로그인 세션)...
[TradingView] 1H 캡처 완료 (60)
[TradingView] 4H 캡처 완료 (240)
[TradingView] Daily 캡처 완료 (D)
[TradingView] Weekly 캡처 완료 (W)
[TradingView] Monthly 캡처 완료 (M)
[[NASDAQ/NYSE 차트분석]] WEX 차트 5개 처리 완료
[TradingView] URGN 브라우저 세션 시작  (로그인 세션)...
[TradingView] 1H 캡처 완료 (60)
[TradingView] 4H 캡처 완료 (240)
[TradingView] Daily 캡처 완료 (D)
[TradingView] Weekly 캡처 완료 (W)
[TradingView] Monthly 캡처 완료 (M)
[[NASDAQ/NYSE 차트분석]] URGN 차트 5개 처리 완료
[TradingView] EXPE 브라우저 세션 시작  (로그인 세션)...
[TradingView] 1H 캡처 완료 (60)
[TradingView] 4H 캡처 완료 (240)
[TradingView] Daily 캡처 완료 (D)
[TradingView] Weekly 캡처 완료 (W)
[TradingView] Monthly 캡처 완료 (M)
[[NASDAQ/NYSE 차트분석]] EXPE 차트 5개 처리 완료
[TradingView] ATAI 브라우저 세션 시작  (로그인 세션)...
[TradingView] 1H 캡처 완료 (60)
[TradingView] 4H 캡처 완료 (240)
[TradingView] Daily 캡처 완료 (D)
[TradingView] Weekly 캡처 완료 (W)
[TradingView] Monthly 캡처 완료 (M)
[[NASDAQ/NYSE 차트분석]] ATAI 차트 5개 처리 완료
[TradingView] CPHI 브라우저 세션 시작  (로그인 세션)...
[TradingView] 1H 캡처 완료 (60)
[TradingView] 4H 캡처 완료 (240)
[TradingView] Daily 캡처 완료 (D)
[TradingView] Weekly 캡처 완료 (W)
[TradingView] Monthly 캡처 완료 (M)
[[NASDAQ/NYSE 차트분석]] CPHI 차트 5개 처리 완료
[TradingView] VSXY 브라우저 세션 시작  (로그인 세션)...
[TradingView] 1H 캡처 완료 (60)
[TradingView] 4H 캡처 완료 (240)
[TradingView] Daily 캡처 완료 (D)
[TradingView] Weekly 캡처 완료 (W)
[TradingView] Monthly 캡처 완료 (M)
[[NASDAQ/NYSE 차트분석]] VSXY 차트 5개 처리 완료
[TradingView] GM 브라우저 세션 시작  (로그인 세션)...
[TradingView] 1H 캡처 완료 (60)
[TradingView] 4H 캡처 완료 (240)
[TradingView] Daily 캡처 완료 (D)
[TradingView] Weekly 캡처 완료 (W)
[TradingView] Monthly 캡처 완료 (M)
[[NASDAQ/NYSE 차트분석]] GM 차트 5개 처리 완료
[TradingView] HPQ 브라우저 세션 시작  (로그인 세션)...
[TradingView] 1H 캡처 완료 (60)
[TradingView] 4H 캡처 완료 (240)
[TradingView] Daily 캡처 완료 (D)
[TradingView] Weekly 캡처 완료 (W)
[TradingView] Monthly 캡처 완료 (M)
[[NASDAQ/NYSE 차트분석]] HPQ 차트 5개 처리 완료
[TradingView] IMAX 브라우저 세션 시작  (로그인 세션)...
[TradingView] 1H 캡처 완료 (60)
[TradingView] 4H 캡처 완료 (240)
[TradingView] Daily 캡처 완료 (D)
[TradingView] Weekly 캡처 완료 (W)
[TradingView] Monthly 캡처 완료 (M)
[[NASDAQ/NYSE 차트분석]] IMAX 차트 5개 처리 완료
[TradingView] NUE 브라우저 세션 시작  (로그인 세션)...
[TradingView] 1H 캡처 완료 (60)
[TradingView] 4H 캡처 완료 (240)
[TradingView] Daily 캡처 완료 (D)
[TradingView] Weekly 캡처 완료 (W)
[TradingView] Monthly 캡처 완료 (M)
[[NASDAQ/NYSE 차트분석]] NUE 차트 5개 처리 완료
[TradingView] THC 브라우저 세션 시작  (로그인 세션)...
[TradingView] 1H 캡처 완료 (60)
[TradingView] 4H 캡처 완료 (240)
[TradingView] Daily 캡처 완료 (D)
[TradingView] Weekly 캡처 완료 (W)
[TradingView] Monthly 캡처 완료 (M)
[[NASDAQ/NYSE 차트분석]] THC 차트 5개 처리 완료
[TradingView] FIVN 브라우저 세션 시작  (로그인 세션)...
[TradingView] 1H 캡처 완료 (60)
[TradingView] 4H 캡처 완료 (240)
[TradingView] Daily 캡처 완료 (D)
[TradingView] Weekly 캡처 완료 (W)
[TradingView] Monthly 캡처 완료 (M)
[[NASDAQ/NYSE 차트분석]] FIVN 차트 5개 처리 완료
[TradingView] MTRN 브라우저 세션 시작  (로그인 세션)...
[TradingView] 1H 캡처 완료 (60)
[TradingView] 4H 캡처 완료 (240)
[TradingView] Daily 캡처 완료 (D)
[TradingView] Weekly 캡처 완료 (W)
[TradingView] Monthly 캡처 완료 (M)
[[NASDAQ/NYSE 차트분석]] MTRN 차트 5개 처리 완료
[TradingView] ADVB 브라우저 세션 시작  (로그인 세션)...
[TradingView] 1H 캡처 완료 (60)
[TradingView] 4H 캡처 완료 (240)
[TradingView] Daily 캡처 완료 (D)
[TradingView] Weekly 캡처 완료 (W)
[TradingView] Monthly 캡처 완료 (M)
[[NASDAQ/NYSE 차트분석]] ADVB 차트 5개 처리 완료
[TradingView] AMLX 브라우저 세션 시작  (로그인 세션)...
[TradingView] 1H 캡처 완료 (60)
[TradingView] 4H 캡처 완료 (240)
[TradingView] Daily 캡처 완료 (D)
[TradingView] Weekly 캡처 완료 (W)
[TradingView] Monthly 캡처 완료 (M)
[[NASDAQ/NYSE 차트분석]] AMLX 차트 5개 처리 완료
[TradingView] AXTA 브라우저 세션 시작  (로그인 세션)...
[TradingView] 1H 캡처 완료 (60)
[TradingView] 4H 캡처 완료 (240)
[TradingView] Daily 캡처 완료 (D)
[TradingView] Weekly 캡처 완료 (W)
[TradingView] Monthly 캡처 완료 (M)
[[NASDAQ/NYSE 차트분석]] AXTA 차트 5개 처리 완료
[TradingView] NEU 브라우저 세션 시작  (로그인 세션)...
[TradingView] 1H 캡처 완료 (60)
[TradingView] 4H 캡처 완료 (240)
[TradingView] Daily 캡처 완료 (D)
[TradingView] Weekly 캡처 완료 (W)
[TradingView] Monthly 캡처 완료 (M)
[[NASDAQ/NYSE 차트분석]] NEU 차트 5개 처리 완료
[TradingView] BFH 브라우저 세션 시작  (로그인 세션)...
[TradingView] 1H 캡처 완료 (60)
[TradingView] 4H 캡처 완료 (240)
[TradingView] Daily 캡처 완료 (D)
[TradingView] Weekly 캡처 완료 (W)
[TradingView] Monthly 캡처 완료 (M)
[[NASDAQ/NYSE 차트분석]] BFH 차트 5개 처리 완료
[TradingView] BLFS 브라우저 세션 시작  (로그인 세션)...
[TradingView] 1H 캡처 완료 (60)
[TradingView] 4H 캡처 완료 (240)
[TradingView] Daily 캡처 완료 (D)
[TradingView] Weekly 캡처 완료 (W)
[TradingView] Monthly 캡처 완료 (M)
[[NASDAQ/NYSE 차트분석]] BLFS 차트 5개 처리 완료
[TradingView] EAT 브라우저 세션 시작  (로그인 세션)...
[TradingView] 1H 캡처 완료 (60)
[TradingView] 4H 캡처 완료 (240)
[TradingView] Daily 캡처 완료 (D)
[TradingView] Weekly 캡처 완료 (W)
[TradingView] Monthly 캡처 완료 (M)
[[NASDAQ/NYSE 차트분석]] EAT 차트 5개 처리 완료
[TradingView] ZYBT 브라우저 세션 시작  (로그인 세션)...
[TradingView] 1H 캡처 완료 (60)
[TradingView] 4H 캡처 완료 (240)
[TradingView] Daily 캡처 완료 (D)
[TradingView] Weekly 캡처 완료 (W)
[TradingView] Monthly 캡처 완료 (M)
[[NASDAQ/NYSE 차트분석]] ZYBT 차트 5개 처리 완료
[TradingView] JLL 브라우저 세션 시작  (로그인 세션)...
[TradingView] 1H 캡처 완료 (60)
[TradingView] 4H 캡처 완료 (240)
[TradingView] Daily 캡처 완료 (D)
[TradingView] Weekly 캡처 완료 (W)
[TradingView] Monthly 캡처 완료 (M)
[[NASDAQ/NYSE 차트분석]] JLL 차트 5개 처리 완료
[TradingView] JXN 브라우저 세션 시작  (로그인 세션)...
[TradingView] 1H 캡처 완료 (60)
[TradingView] 4H 캡처 완료 (240)
[TradingView] Daily 캡처 완료 (D)
[TradingView] Weekly 캡처 완료 (W)
[TradingView] Monthly 캡처 완료 (M)
[[NASDAQ/NYSE 차트분석]] JXN 차트 5개 처리 완료
[TradingView] LNC 브라우저 세션 시작  (로그인 세션)...
[TradingView] 1H 캡처 완료 (60)
[TradingView] 4H 캡처 완료 (240)
[TradingView] Daily 캡처 완료 (D)
[TradingView] Weekly 캡처 완료 (W)
[TradingView] Monthly 캡처 완료 (M)
[[NASDAQ/NYSE 차트분석]] LNC 차트 5개 처리 완료
[TradingView] RNG 브라우저 세션 시작  (로그인 세션)...
[TradingView] 1H 캡처 완료 (60)
[TradingView] 4H 캡처 완료 (240)
[TradingView] Daily 캡처 완료 (D)
[TradingView] Weekly 캡처 완료 (W)
[TradingView] Monthly 캡처 완료 (M)
[[NASDAQ/NYSE 차트분석]] RNG 차트 5개 처리 완료
[TradingView] SAFT 브라우저 세션 시작  (로그인 세션)...
[TradingView] 1H 캡처 완료 (60)
[TradingView] 4H 캡처 완료 (240)
[TradingView] Daily 캡처 완료 (D)
[TradingView] Weekly 캡처 완료 (W)
[TradingView] Monthly 캡처 완료 (M)
[[NASDAQ/NYSE 차트분석]] SAFT 차트 5개 처리 완료
[TradingView] SN 브라우저 세션 시작  (로그인 세션)...
[TradingView] 1H 캡처 완료 (60)
[TradingView] 4H 캡처 완료 (240)
[TradingView] Daily 캡처 완료 (D)
[TradingView] Weekly 캡처 완료 (W)
[TradingView] Monthly 캡처 완료 (M)
[[NASDAQ/NYSE 차트분석]] SN 차트 5개 처리 완료
[TradingView] UTZ 브라우저 세션 시작  (로그인 세션)...
[TradingView] 1H 캡처 완료 (60)
[TradingView] 4H 캡처 완료 (240)
[TradingView] Daily 캡처 완료 (D)
[TradingView] Weekly 캡처 완료 (W)
[TradingView] Monthly 캡처 완료 (M)
[[NASDAQ/NYSE 차트분석]] UTZ 차트 5개 처리 완료
[TradingView] CNK 브라우저 세션 시작  (로그인 세션)...
[TradingView] 1H 캡처 완료 (60)
[TradingView] 4H 캡처 완료 (240)
[TradingView] Daily 캡처 완료 (D)
[TradingView] Weekly 캡처 완료 (W)
[TradingView] Monthly 캡처 완료 (M)
[[NASDAQ/NYSE 차트분석]] CNK 차트 5개 처리 완료
[TradingView] FBRX 브라우저 세션 시작  (로그인 세션)...
[TradingView] 1H 캡처 완료 (60)
[TradingView] 4H 캡처 완료 (240)
[TradingView] Daily 캡처 완료 (D)
[TradingView] Weekly 캡처 완료 (W)
[TradingView] Monthly 캡처 완료 (M)
[[NASDAQ/NYSE 차트분석]] FBRX 차트 5개 처리 완료
[TradingView] GRMN 브라우저 세션 시작  (로그인 세션)...
[TradingView] 1H 캡처 완료 (60)
[TradingView] 4H 캡처 완료 (240)
[TradingView] Daily 캡처 완료 (D)
[TradingView] Weekly 캡처 완료 (W)
[TradingView] Monthly 캡처 완료 (M)
[[NASDAQ/NYSE 차트분석]] GRMN 차트 5개 처리 완료
[TradingView] CAKE 브라우저 세션 시작  (로그인 세션)...
[TradingView] 1H 캡처 완료 (60)
[TradingView] 4H 캡처 완료 (240)
[TradingView] Daily 캡처 완료 (D)
[TradingView] Weekly 캡처 완료 (W)
[TradingView] Monthly 캡처 완료 (M)
[[NASDAQ/NYSE 차트분석]] CAKE 차트 5개 처리 완료
[TradingView] TX 브라우저 세션 시작  (로그인 세션)...
[TradingView] 1H 캡처 완료 (60)
[TradingView] 4H 캡처 완료 (240)
[TradingView] Daily 캡처 완료 (D)
[TradingView] Weekly 캡처 완료 (W)
[TradingView] Monthly 캡처 완료 (M)
[[NASDAQ/NYSE 차트분석]] TX 차트 5개 처리 완료
[TradingView] WHD 브라우저 세션 시작  (로그인 세션)...
[TradingView] 1H 캡처 완료 (60)
[TradingView] 4H 캡처 완료 (240)
[TradingView] Daily 캡처 완료 (D)
[TradingView] Weekly 캡처 완료 (W)
[TradingView] Monthly 캡처 완료 (M)
[[NASDAQ/NYSE 차트분석]] WHD 차트 5개 처리 완료
[TradingView] KLAR 브라우저 세션 시작  (로그인 세션)...
[TradingView] 1H 캡처 완료 (60)
[TradingView] 4H 캡처 완료 (240)
[TradingView] Daily 캡처 완료 (D)
[TradingView] Weekly 캡처 완료 (W)
[TradingView] Monthly 캡처 완료 (M)
[[NASDAQ/NYSE 차트분석]] KLAR 차트 5개 처리 완료
[TradingView] PGY 브라우저 세션 시작  (로그인 세션)...
[TradingView] 1H 캡처 완료 (60)
[TradingView] 4H 캡처 완료 (240)
[TradingView] Daily 캡처 완료 (D)
[TradingView] Weekly 캡처 완료 (W)
[TradingView] Monthly 캡처 완료 (M)
[[NASDAQ/NYSE 차트분석]] PGY 차트 5개 처리 완료
[TradingView] IESC 브라우저 세션 시작  (로그인 세션)...
[TradingView] 1H 캡처 완료 (60)
[TradingView] 4H 캡처 완료 (240)
[TradingView] Daily 캡처 완료 (D)
[TradingView] Weekly 캡처 완료 (W)
[TradingView] Monthly 캡처 완료 (M)
[[NASDAQ/NYSE 차트분석]] IESC 차트 5개 처리 완료
[TradingView] TWST 브라우저 세션 시작  (로그인 세션)...
[TradingView] 1H 캡처 완료 (60)
[TradingView] 4H 캡처 완료 (240)
[TradingView] Daily 캡처 완료 (D)
[TradingView] Weekly 캡처 완료 (W)
[TradingView] Monthly 캡처 완료 (M)
[[NASDAQ/NYSE 차트분석]] TWST 차트 5개 처리 완료
[TradingView] MT 브라우저 세션 시작  (로그인 세션)...
[TradingView] 1H 캡처 완료 (60)
[TradingView] 4H 캡처 완료 (240)
[TradingView] Daily 캡처 완료 (D)
[TradingView] Weekly 캡처 완료 (W)
[TradingView] Monthly 캡처 완료 (M)
[[NASDAQ/NYSE 차트분석]] MT 차트 5개 처리 완료
[TradingView] DUOL 브라우저 세션 시작  (로그인 세션)...
[TradingView] 1H 캡처 완료 (60)
[TradingView] 4H 캡처 완료 (240)
[TradingView] Daily 캡처 완료 (D)
[TradingView] Weekly 캡처 완료 (W)
[TradingView] Monthly 캡처 완료 (M)
[[NASDAQ/NYSE 차트분석]] DUOL 차트 5개 처리 완료
[TradingView] DBX 브라우저 세션 시작  (로그인 세션)...
[TradingView] 1H 캡처 완료 (60)
[TradingView] 4H 캡처 완료 (240)
[TradingView] Daily 캡처 완료 (D)
[TradingView] Weekly 캡처 완료 (W)
[TradingView] Monthly 캡처 완료 (M)
[[NASDAQ/NYSE 차트분석]] DBX 차트 5개 처리 완료
[TradingView] SHOO 브라우저 세션 시작  (로그인 세션)...
[TradingView] 1H 캡처 완료 (60)
[TradingView] 4H 캡처 완료 (240)
[TradingView] Daily 캡처 완료 (D)
[TradingView] Weekly 캡처 완료 (W)
[TradingView] Monthly 캡처 완료 (M)
[[NASDAQ/NYSE 차트분석]] SHOO 차트 5개 처리 완료
[TradingView] APPS 브라우저 세션 시작  (로그인 세션)...
[TradingView] 1H 캡처 완료 (60)
[TradingView] 4H 캡처 완료 (240)
[TradingView] Daily 캡처 완료 (D)
[TradingView] Weekly 캡처 완료 (W)
[TradingView] Monthly 캡처 완료 (M)
[[NASDAQ/NYSE 차트분석]] APPS 차트 5개 처리 완료
[TradingView] ZETA 브라우저 세션 시작  (로그인 세션)...
[TradingView] 1H 캡처 완료 (60)
[TradingView] 4H 캡처 완료 (240)
[TradingView] Daily 캡처 완료 (D)
[TradingView] Weekly 캡처 완료 (W)
[TradingView] Monthly 캡처 완료 (M)
[[NASDAQ/NYSE 차트분석]] ZETA 차트 5개 처리 완료
[TradingView] SNOW 브라우저 세션 시작  (로그인 세션)...
[TradingView] 1H 캡처 완료 (60)
[TradingView] 4H 캡처 완료 (240)
[TradingView] Daily 캡처 완료 (D)
[TradingView] Weekly 캡처 완료 (W)
[TradingView] Monthly 캡처 완료 (M)
[[NASDAQ/NYSE 차트분석]] SNOW 차트 5개 처리 완료
[TradingView] BIO 브라우저 세션 시작  (로그인 세션)...
[TradingView] 1H 캡처 완료 (60)
[TradingView] 4H 캡처 완료 (240)
[TradingView] Daily 캡처 완료 (D)
[TradingView] Weekly 캡처 완료 (W)
[TradingView] Monthly 캡처 완료 (M)
[[NASDAQ/NYSE 차트분석]] BIO 차트 5개 처리 완료
[TradingView] ITGR 브라우저 세션 시작  (로그인 세션)...
[TradingView] 1H 캡처 완료 (60)
[TradingView] 4H 캡처 완료 (240)
[TradingView] Daily 캡처 완료 (D)
[TradingView] Weekly 캡처 완료 (W)
[TradingView] Monthly 캡처 완료 (M)
[[NASDAQ/NYSE 차트분석]] ITGR 차트 5개 처리 완료
[TradingView] NSIT 브라우저 세션 시작  (로그인 세션)...
[TradingView] 1H 캡처 완료 (60)
[TradingView] 4H 캡처 완료 (240)
[TradingView] Daily 캡처 완료 (D)
[TradingView] Weekly 캡처 완료 (W)
[TradingView] Monthly 캡처 완료 (M)
[[NASDAQ/NYSE 차트분석]] NSIT 차트 5개 처리 완료
[TradingView] WTTR 브라우저 세션 시작  (로그인 세션)...
[TradingView] 1H 캡처 완료 (60)
[TradingView] 4H 캡처 완료 (240)
[TradingView] Daily 캡처 완료 (D)
[TradingView] Weekly 캡처 완료 (W)
[TradingView] Monthly 캡처 완료 (M)
[[NASDAQ/NYSE 차트분석]] WTTR 차트 5개 처리 완료
[TradingView] BLLN 브라우저 세션 시작  (로그인 세션)...
[TradingView] 1H 캡처 완료 (60)
[TradingView] 4H 캡처 완료 (240)
[TradingView] Daily 캡처 완료 (D)
[TradingView] Weekly 캡처 완료 (W)
[TradingView] Monthly 캡처 완료 (M)
[[NASDAQ/NYSE 차트분석]] BLLN 차트 5개 처리 완료
[TradingView] ZBRA 브라우저 세션 시작  (로그인 세션)...
[TradingView] 1H 캡처 완료 (60)
[TradingView] 4H 캡처 완료 (240)
[TradingView] Daily 캡처 완료 (D)
[TradingView] Weekly 캡처 완료 (W)
[TradingView] Monthly 캡처 완료 (M)
[[NASDAQ/NYSE 차트분석]] ZBRA 차트 5개 처리 완료
[TradingView] HUBS 브라우저 세션 시작  (로그인 세션)...
[TradingView] 1H 캡처 완료 (60)
[TradingView] 4H 캡처 완료 (240)
[TradingView] Daily 캡처 완료 (D)
[TradingView] Weekly 캡처 완료 (W)
[TradingView] Monthly 캡처 완료 (M)
[[NASDAQ/NYSE 차트분석]] HUBS 차트 5개 처리 완료
[TradingView] YXT 브라우저 세션 시작  (로그인 세션)...
[TradingView] 1H 캡처 완료 (60)
[TradingView] 4H 캡처 완료 (240)
[TradingView] Daily 캡처 완료 (D)
[TradingView] Weekly 캡처 완료 (W)
[TradingView] Monthly 캡처 완료 (M)
[[NASDAQ/NYSE 차트분석]] YXT 차트 5개 처리 완료
[TradingView] STAK 브라우저 세션 시작  (로그인 세션)...
[TradingView] 1H 캡처 완료 (60)
[TradingView] 4H 캡처 완료 (240)
[TradingView] Daily 캡처 완료 (D)
[TradingView] Weekly 캡처 완료 (W)
[TradingView] Monthly 캡처 완료 (M)
[[NASDAQ/NYSE 차트분석]] STAK 차트 5개 처리 완료
[TradingView] SKYQ 브라우저 세션 시작  (로그인 세션)...
[TradingView] 1H 캡처 완료 (60)
[TradingView] 4H 캡처 완료 (240)
[TradingView] Daily 캡처 완료 (D)
[TradingView] Weekly 캡처 완료 (W)
[TradingView] Monthly 캡처 완료 (M)
[[NASDAQ/NYSE 차트분석]] SKYQ 차트 5개 처리 완료
[TradingView] AXTI 브라우저 세션 시작  (로그인 세션)...
[TradingView] 1H 캡처 완료 (60)
[TradingView] 4H 캡처 완료 (240)
[TradingView] Daily 캡처 완료 (D)
[TradingView] Weekly 캡처 완료 (W)
[TradingView] Monthly 캡처 완료 (M)
[[NASDAQ/NYSE 차트분석]] AXTI 차트 5개 처리 완료
[TradingView] BULL 브라우저 세션 시작  (로그인 세션)...
[TradingView] 1H 캡처 완료 (60)
[TradingView] 4H 캡처 완료 (240)
[TradingView] Daily 캡처 완료 (D)
[TradingView] Weekly 캡처 완료 (W)
[TradingView] Monthly 캡처 완료 (M)
[[NASDAQ/NYSE 차트분석]] BULL 차트 5개 처리 완료
[TradingView] VPG 브라우저 세션 시작  (로그인 세션)...
[TradingView] 1H 캡처 완료 (60)
[TradingView] 4H 캡처 완료 (240)
[TradingView] Daily 캡처 완료 (D)
[TradingView] Weekly 캡처 완료 (W)
[TradingView] Monthly 캡처 완료 (M)
[[NASDAQ/NYSE 차트분석]] VPG 차트 5개 처리 완료
[TradingView] INSP 브라우저 세션 시작  (로그인 세션)...
[TradingView] 1H 캡처 완료 (60)
[TradingView] 4H 캡처 완료 (240)
[TradingView] Daily 캡처 완료 (D)
[TradingView] Weekly 캡처 완료 (W)
[TradingView] Monthly 캡처 완료 (M)
[[NASDAQ/NYSE 차트분석]] INSP 차트 5개 처리 완료
[TradingView] FIG 브라우저 세션 시작  (로그인 세션)...
[TradingView] 1H 캡처 완료 (60)
[TradingView] 4H 캡처 완료 (240)
[TradingView] Daily 캡처 완료 (D)
[TradingView] Weekly 캡처 완료 (W)
[TradingView] Monthly 캡처 완료 (M)
[[NASDAQ/NYSE 차트분석]] FIG 차트 5개 처리 완료
[TradingView] LRN 브라우저 세션 시작  (로그인 세션)...
[TradingView] 1H 캡처 완료 (60)
[TradingView] 4H 캡처 완료 (240)
[TradingView] Daily 캡처 완료 (D)
[TradingView] Weekly 캡처 완료 (W)
[TradingView] Monthly 캡처 완료 (M)
[[NASDAQ/NYSE 차트분석]] LRN 차트 5개 처리 완료
[TradingView] HTZ 브라우저 세션 시작  (로그인 세션)...
[TradingView] 1H 캡처 완료 (60)
[TradingView] 4H 캡처 완료 (240)
[TradingView] Daily 캡처 완료 (D)
[TradingView] Weekly 캡처 완료 (W)
[TradingView] Monthly 캡처 완료 (M)
[[NASDAQ/NYSE 차트분석]] HTZ 차트 5개 처리 완료
[TradingView] ARRY 브라우저 세션 시작  (로그인 세션)...
[TradingView] 1H 캡처 완료 (60)
[TradingView] 4H 캡처 완료 (240)
[TradingView] Daily 캡처 완료 (D)
[TradingView] Weekly 캡처 완료 (W)
[TradingView] Monthly 캡처 완료 (M)
[[NASDAQ/NYSE 차트분석]] ARRY 차트 5개 처리 완료
[TradingView] BTDR 브라우저 세션 시작  (로그인 세션)...
[TradingView] 1H 캡처 완료 (60)
[TradingView] 4H 캡처 완료 (240)
[TradingView] Daily 캡처 완료 (D)
[TradingView] Weekly 캡처 완료 (W)
[TradingView] Monthly 캡처 완료 (M)
[[NASDAQ/NYSE 차트분석]] BTDR 차트 5개 처리 완료
[TradingView] SEDG 브라우저 세션 시작  (로그인 세션)...
[TradingView] 1H 캡처 완료 (60)
[TradingView] 4H 캡처 완료 (240)
[TradingView] Daily 캡처 완료 (D)
[TradingView] Weekly 캡처 완료 (W)
[TradingView] Monthly 캡처 완료 (M)
[[NASDAQ/NYSE 차트분석]] SEDG 차트 5개 처리 완료
[TradingView] BTBT 브라우저 세션 시작  (로그인 세션)...
[TradingView] 1H 캡처 완료 (60)
[TradingView] 4H 캡처 완료 (240)
[TradingView] Daily 캡처 완료 (D)
[TradingView] Weekly 캡처 완료 (W)
[TradingView] Monthly 캡처 완료 (M)
[[NASDAQ/NYSE 차트분석]] BTBT 차트 5개 처리 완료
[TradingView] PL 브라우저 세션 시작  (로그인 세션)...
[TradingView] 1H 캡처 완료 (60)
[TradingView] 4H 캡처 완료 (240)
[TradingView] Daily 캡처 완료 (D)
[TradingView] Weekly 캡처 완료 (W)
[TradingView] Monthly 캡처 완료 (M)
[[NASDAQ/NYSE 차트분석]] PL 차트 5개 처리 완료
[TradingView] RUN 브라우저 세션 시작  (로그인 세션)...
[TradingView] 1H 캡처 완료 (60)
[TradingView] 4H 캡처 완료 (240)
[TradingView] Daily 캡처 완료 (D)
[TradingView] Weekly 캡처 완료 (W)
[TradingView] Monthly 캡처 완료 (M)
[[NASDAQ/NYSE 차트분석]] RUN 차트 5개 처리 완료
[TradingView] BW 브라우저 세션 시작  (로그인 세션)...
[TradingView] 1H 캡처 완료 (60)
[TradingView] 4H 캡처 완료 (240)
[TradingView] Daily 캡처 완료 (D)
[TradingView] Weekly 캡처 완료 (W)
[TradingView] Monthly 캡처 완료 (M)
[[NASDAQ/NYSE 차트분석]] BW 차트 5개 처리 완료
[TradingView] ALNY 브라우저 세션 시작  (로그인 세션)...
[TradingView] 1H 캡처 완료 (60)
[TradingView] 4H 캡처 완료 (240)
[TradingView] Daily 캡처 완료 (D)
[TradingView] Weekly 캡처 완료 (W)
[TradingView] Monthly 캡처 완료 (M)
[[NASDAQ/NYSE 차트분석]] ALNY 차트 5개 처리 완료
[TradingView] DKNG 브라우저 세션 시작  (로그인 세션)...
[TradingView] 1H 캡처 완료 (60)
[TradingView] 4H 캡처 완료 (240)
[TradingView] Daily 캡처 완료 (D)
[TradingView] Weekly 캡처 완료 (W)
[TradingView] Monthly 캡처 완료 (M)
[[NASDAQ/NYSE 차트분석]] DKNG 차트 5개 처리 완료
[TradingView] FLUT 브라우저 세션 시작  (로그인 세션)...
[TradingView] 1H 캡처 완료 (60)
[TradingView] 4H 캡처 완료 (240)
[TradingView] Daily 캡처 완료 (D)
[TradingView] Weekly 캡처 완료 (W)
[TradingView] Monthly 캡처 완료 (M)
[[NASDAQ/NYSE 차트분석]] FLUT 차트 5개 처리 완료
[TradingView] GLXY 브라우저 세션 시작  (로그인 세션)...
[TradingView] 1H 캡처 완료 (60)
[TradingView] 4H 캡처 완료 (240)
[TradingView] Daily 캡처 완료 (D)
[TradingView] Weekly 캡처 완료 (W)
[TradingView] Monthly 캡처 완료 (M)
[[NASDAQ/NYSE 차트분석]] GLXY 차트 5개 처리 완료
[TradingView] INSM 브라우저 세션 시작  (로그인 세션)...
[TradingView] 1H 캡처 완료 (60)
[TradingView] 4H 캡처 완료 (240)
[TradingView] Daily 캡처 완료 (D)
[TradingView] Weekly 캡처 완료 (W)
[TradingView] Monthly 캡처 완료 (M)
[[NASDAQ/NYSE 차트분석]] INSM 차트 5개 처리 완료
[TradingView] OI 브라우저 세션 시작  (로그인 세션)...
[TradingView] 1H 캡처 완료 (60)
[TradingView] 4H 캡처 완료 (240)
[TradingView] Daily 캡처 완료 (D)
[TradingView] Weekly 캡처 완료 (W)
[TradingView] Monthly 캡처 완료 (M)
[[NASDAQ/NYSE 차트분석]] OI 차트 5개 처리 완료
[TradingView] FLO 브라우저 세션 시작  (로그인 세션)...
[TradingView] 1H 캡처 완료 (60)
[TradingView] 4H 캡처 완료 (240)
[TradingView] Daily 캡처 완료 (D)
[TradingView] Weekly 캡처 완료 (W)
[TradingView] Monthly 캡처 완료 (M)
[[NASDAQ/NYSE 차트분석]] FLO 차트 5개 처리 완료
[TradingView] TEM 브라우저 세션 시작  (로그인 세션)...
[TradingView] 1H 캡처 완료 (60)
[TradingView] 4H 캡처 완료 (240)
[TradingView] Daily 캡처 완료 (D)
[TradingView] Weekly 캡처 완료 (W)
[TradingView] Monthly 캡처 완료 (M)
[[NASDAQ/NYSE 차트분석]] TEM 차트 5개 처리 완료
[TradingView] CAR 브라우저 세션 시작  (로그인 세션)...
[TradingView] 1H 캡처 완료 (60)
[TradingView] 4H 캡처 완료 (240)
[TradingView] Daily 캡처 완료 (D)
[TradingView] Weekly 캡처 완료 (W)
[TradingView] Monthly 캡처 완료 (M)
[[NASDAQ/NYSE 차트분석]] CAR 차트 5개 처리 완료
[TradingView] COIN 브라우저 세션 시작  (로그인 세션)...
[TradingView] 1H 캡처 완료 (60)
[TradingView] 4H 캡처 완료 (240)
[TradingView] Daily 캡처 완료 (D)
[TradingView] Weekly 캡처 완료 (W)
[TradingView] Monthly 캡처 완료 (M)
[[NASDAQ/NYSE 차트분석]] COIN 차트 5개 처리 완료
[TradingView] RBLX 브라우저 세션 시작  (로그인 세션)...
[TradingView] 1H 캡처 완료 (60)
[TradingView] 4H 캡처 완료 (240)
[TradingView] Daily 캡처 완료 (D)
[TradingView] Weekly 캡처 완료 (W)
[TradingView] Monthly 캡처 완료 (M)
[[NASDAQ/NYSE 차트분석]] RBLX 차트 5개 처리 완료
[TradingView] PFSI 브라우저 세션 시작  (로그인 세션)...
[TradingView] 1H 캡처 완료 (60)
[TradingView] 4H 캡처 완료 (240)
[TradingView] Daily 캡처 완료 (D)
[TradingView] Weekly 캡처 완료 (W)
[TradingView] Monthly 캡처 완료 (M)
[[NASDAQ/NYSE 차트분석]] PFSI 차트 5개 처리 완료
[TradingView] WING 브라우저 세션 시작  (로그인 세션)...
[TradingView] 1H 캡처 완료 (60)
[TradingView] 4H 캡처 완료 (240)
[TradingView] Daily 캡처 완료 (D)
[TradingView] Weekly 캡처 완료 (W)
[TradingView] Monthly 캡처 완료 (M)
[[NASDAQ/NYSE 차트분석]] WING 차트 5개 처리 완료
[TradingView] LAES 브라우저 세션 시작  (로그인 세션)...
[TradingView] 1H 캡처 완료 (60)
[TradingView] 4H 캡처 완료 (240)
[TradingView] Daily 캡처 완료 (D)
[TradingView] Weekly 캡처 완료 (W)
[TradingView] Monthly 캡처 완료 (M)
[[NASDAQ/NYSE 차트분석]] LAES 차트 5개 처리 완료
[TradingView] OPEN 브라우저 세션 시작  (로그인 세션)...
[TradingView] 1H 캡처 완료 (60)
[TradingView] 4H 캡처 완료 (240)
[TradingView] Daily 캡처 완료 (D)
[TradingView] Weekly 캡처 완료 (W)
[TradingView] Monthly 캡처 완료 (M)
[[NASDAQ/NYSE 차트분석]] OPEN 차트 5개 처리 완료
[[NASDAQ/NYSE 차트분석]] 차트 캡처 완료
[[NASDAQ/NYSE 차트분석]] GitHub에 차트 이미지 푸시 중...
rm 'charts/screenshots_nasdaq/AAMI/AAMI_1H_20260805_061944.png'
rm 'charts/screenshots_nasdaq/AAMI/AAMI_4H_20260805_061944.png'
rm 'charts/screenshots_nasdaq/AAMI/AAMI_Daily_20260805_061944.png'
rm 'charts/screenshots_nasdaq/AAMI/AAMI_Monthly_20260805_061944.png'
rm 'charts/screenshots_nasdaq/AAMI/AAMI_Weekly_20260805_061944.png'
rm 'charts/screenshots_nasdaq/ADPT/ADPT_1H_20260805_060509.png'
rm 'charts/screenshots_nasdaq/ADPT/ADPT_4H_20260805_060509.png'
rm 'charts/screenshots_nasdaq/ADPT/ADPT_Daily_20260805_060509.png'
rm 'charts/screenshots_nasdaq/ADPT/ADPT_Monthly_20260805_060509.png'
rm 'charts/screenshots_nasdaq/ADPT/ADPT_Weekly_20260805_060509.png'
rm 'charts/screenshots_nasdaq/ADVB/ADVB_1H_20260805_055952.png'
rm 'charts/screenshots_nasdaq/ADVB/ADVB_4H_20260805_055952.png'
rm 'charts/screenshots_nasdaq/ADVB/ADVB_Daily_20260805_055952.png'
rm 'charts/screenshots_nasdaq/ADVB/ADVB_Monthly_20260805_055952.png'
rm 'charts/screenshots_nasdaq/ADVB/ADVB_Weekly_20260805_055952.png'
rm 'charts/screenshots_nasdaq/AGEN/AGEN_1H_20260805_062622.png'
rm 'charts/screenshots_nasdaq/AGEN/AGEN_4H_20260805_062622.png'
rm 'charts/screenshots_nasdaq/AGEN/AGEN_Daily_20260805_062622.png'
rm 'charts/screenshots_nasdaq/AGEN/AGEN_Monthly_20260805_062622.png'
rm 'charts/screenshots_nasdaq/AGEN/AGEN_Weekly_20260805_062622.png'
rm 'charts/screenshots_nasdaq/ALNY/ALNY_1H_20260805_063934.png'
rm 'charts/screenshots_nasdaq/ALNY/ALNY_4H_20260805_063934.png'
rm 'charts/screenshots_nasdaq/ALNY/ALNY_Daily_20260805_063934.png'
rm 'charts/screenshots_nasdaq/ALNY/ALNY_Monthly_20260805_063934.png'
rm 'charts/screenshots_nasdaq/ALNY/ALNY_Weekly_20260805_063934.png'
rm 'charts/screenshots_nasdaq/AMLX/AMLX_1H_20260805_054557.png'
rm 'charts/screenshots_nasdaq/AMLX/AMLX_4H_20260805_054557.png'
rm 'charts/screenshots_nasdaq/AMLX/AMLX_Daily_20260805_054557.png'
rm 'charts/screenshots_nasdaq/AMLX/AMLX_Monthly_20260805_054557.png'
rm 'charts/screenshots_nasdaq/AMLX/AMLX_Weekly_20260805_054557.png'
rm 'charts/screenshots_nasdaq/ATAI/ATAI_1H_20260805_054916.png'
rm 'charts/screenshots_nasdaq/ATAI/ATAI_4H_20260805_054916.png'
rm 'charts/screenshots_nasdaq/ATAI/ATAI_Daily_20260805_054916.png'
rm 'charts/screenshots_nasdaq/ATAI/ATAI_Monthly_20260805_054916.png'
rm 'charts/screenshots_nasdaq/ATAI/ATAI_Weekly_20260805_054916.png'
rm 'charts/screenshots_nasdaq/ATKR/ATKR_1H_20260805_061028.png'
rm 'charts/screenshots_nasdaq/ATKR/ATKR_4H_20260805_061028.png'
rm 'charts/screenshots_nasdaq/ATKR/ATKR_Daily_20260805_061028.png'
rm 'charts/screenshots_nasdaq/ATKR/ATKR_Monthly_20260805_061028.png'
rm 'charts/screenshots_nasdaq/ATKR/ATKR_Weekly_20260805_061028.png'
rm 'charts/screenshots_nasdaq/AXTA/AXTA_1H_20260805_060031.png'
rm 'charts/screenshots_nasdaq/AXTA/AXTA_4H_20260805_060031.png'
rm 'charts/screenshots_nasdaq/AXTA/AXTA_Daily_20260805_060031.png'
rm 'charts/screenshots_nasdaq/AXTA/AXTA_Monthly_20260805_060031.png'
rm 'charts/screenshots_nasdaq/AXTA/AXTA_Weekly_20260805_060031.png'
rm 'charts/screenshots_nasdaq/AXTI/AXTI_1H_20260805_063417.png'
rm 'charts/screenshots_nasdaq/AXTI/AXTI_4H_20260805_063417.png'
rm 'charts/screenshots_nasdaq/AXTI/AXTI_Daily_20260805_063417.png'
rm 'charts/screenshots_nasdaq/AXTI/AXTI_Monthly_20260805_063417.png'
rm 'charts/screenshots_nasdaq/AXTI/AXTI_Weekly_20260805_063417.png'
rm 'charts/screenshots_nasdaq/BAX/BAX_1H_20260805_062224.png'
rm 'charts/screenshots_nasdaq/BAX/BAX_4H_20260805_062224.png'
rm 'charts/screenshots_nasdaq/BAX/BAX_Daily_20260805_062224.png'
rm 'charts/screenshots_nasdaq/BAX/BAX_Monthly_20260805_062224.png'
rm 'charts/screenshots_nasdaq/BAX/BAX_Weekly_20260805_062224.png'
rm 'charts/screenshots_nasdaq/BFH/BFH_1H_20260805_062024.png'
rm 'charts/screenshots_nasdaq/BFH/BFH_4H_20260805_062024.png'
rm 'charts/screenshots_nasdaq/BFH/BFH_Daily_20260805_062024.png'
rm 'charts/screenshots_nasdaq/BFH/BFH_Monthly_20260805_062024.png'
rm 'charts/screenshots_nasdaq/BFH/BFH_Weekly_20260805_062024.png'
rm 'charts/screenshots_nasdaq/BFLY/BFLY_1H_20260805_060230.png'
rm 'charts/screenshots_nasdaq/BFLY/BFLY_4H_20260805_060230.png'
rm 'charts/screenshots_nasdaq/BFLY/BFLY_Daily_20260805_060230.png'
rm 'charts/screenshots_nasdaq/BFLY/BFLY_Monthly_20260805_060230.png'
rm 'charts/screenshots_nasdaq/BFLY/BFLY_Weekly_20260805_060230.png'
rm 'charts/screenshots_nasdaq/BLFS/BLFS_1H_20260805_054956.png'
rm 'charts/screenshots_nasdaq/BLFS/BLFS_4H_20260805_054956.png'
rm 'charts/screenshots_nasdaq/BLFS/BLFS_Daily_20260805_054956.png'
rm 'charts/screenshots_nasdaq/BLFS/BLFS_Monthly_20260805_054956.png'
rm 'charts/screenshots_nasdaq/BLFS/BLFS_Weekly_20260805_054956.png'
rm 'charts/screenshots_nasdaq/BLLN/BLLN_1H_20260805_063457.png'
rm 'charts/screenshots_nasdaq/BLLN/BLLN_4H_20260805_063457.png'
rm 'charts/screenshots_nasdaq/BLLN/BLLN_Daily_20260805_063457.png'
rm 'charts/screenshots_nasdaq/BLLN/BLLN_Monthly_20260805_063457.png'
rm 'charts/screenshots_nasdaq/BLLN/BLLN_Weekly_20260805_063457.png'
rm 'charts/screenshots_nasdaq/BLZE/BLZE_1H_20260805_060309.png'
rm 'charts/screenshots_nasdaq/BLZE/BLZE_4H_20260805_060309.png'
rm 'charts/screenshots_nasdaq/BLZE/BLZE_Daily_20260805_060309.png'
rm 'charts/screenshots_nasdaq/BLZE/BLZE_Monthly_20260805_060309.png'
rm 'charts/screenshots_nasdaq/BLZE/BLZE_Weekly_20260805_060309.png'
rm 'charts/screenshots_nasdaq/BTBT/BTBT_1H_20260805_064014.png'
rm 'charts/screenshots_nasdaq/BTBT/BTBT_4H_20260805_064014.png'
rm 'charts/screenshots_nasdaq/BTBT/BTBT_Daily_20260805_064014.png'
rm 'charts/screenshots_nasdaq/BTBT/BTBT_Monthly_20260805_064014.png'
rm 'charts/screenshots_nasdaq/BTBT/BTBT_Weekly_20260805_064014.png'
rm 'charts/screenshots_nasdaq/BTDR/BTDR_1H_20260805_063538.png'
rm 'charts/screenshots_nasdaq/BTDR/BTDR_4H_20260805_063538.png'
rm 'charts/screenshots_nasdaq/BTDR/BTDR_Daily_20260805_063538.png'
rm 'charts/screenshots_nasdaq/BTDR/BTDR_Monthly_20260805_063538.png'
rm 'charts/screenshots_nasdaq/BTDR/BTDR_Weekly_20260805_063538.png'
rm 'charts/screenshots_nasdaq/BULL/BULL_1H_20260805_061546.png'
rm 'charts/screenshots_nasdaq/BULL/BULL_4H_20260805_061546.png'
rm 'charts/screenshots_nasdaq/BULL/BULL_Daily_20260805_061546.png'
rm 'charts/screenshots_nasdaq/BULL/BULL_Monthly_20260805_061546.png'
rm 'charts/screenshots_nasdaq/BULL/BULL_Weekly_20260805_061546.png'
rm 'charts/screenshots_nasdaq/BURL/BURL_1H_20260805_055235.png'
rm 'charts/screenshots_nasdaq/BURL/BURL_4H_20260805_055235.png'
rm 'charts/screenshots_nasdaq/BURL/BURL_Daily_20260805_055235.png'
rm 'charts/screenshots_nasdaq/BURL/BURL_Monthly_20260805_055235.png'
rm 'charts/screenshots_nasdaq/BURL/BURL_Weekly_20260805_055235.png'
rm 'charts/screenshots_nasdaq/CAKE/CAKE_1H_20260805_062701.png'
rm 'charts/screenshots_nasdaq/CAKE/CAKE_4H_20260805_062701.png'
rm 'charts/screenshots_nasdaq/CAKE/CAKE_Daily_20260805_062701.png'
rm 'charts/screenshots_nasdaq/CAKE/CAKE_Monthly_20260805_062701.png'
rm 'charts/screenshots_nasdaq/CAKE/CAKE_Weekly_20260805_062701.png'
rm 'charts/screenshots_nasdaq/CAR/CAR_1H_20260805_064134.png'
rm 'charts/screenshots_nasdaq/CAR/CAR_4H_20260805_064134.png'
rm 'charts/screenshots_nasdaq/CAR/CAR_Daily_20260805_064134.png'
rm 'charts/screenshots_nasdaq/CAR/CAR_Monthly_20260805_064134.png'
rm 'charts/screenshots_nasdaq/CAR/CAR_Weekly_20260805_064134.png'
rm 'charts/screenshots_nasdaq/CDNA/CDNA_1H_20260805_062741.png'
rm 'charts/screenshots_nasdaq/CDNA/CDNA_4H_20260805_062741.png'
rm 'charts/screenshots_nasdaq/CDNA/CDNA_Daily_20260805_062741.png'
rm 'charts/screenshots_nasdaq/CDNA/CDNA_Monthly_20260805_062741.png'
rm 'charts/screenshots_nasdaq/CDNA/CDNA_Weekly_20260805_062741.png'
rm 'charts/screenshots_nasdaq/CNK/CNK_1H_20260805_061346.png'
rm 'charts/screenshots_nasdaq/CNK/CNK_4H_20260805_061346.png'
rm 'charts/screenshots_nasdaq/CNK/CNK_Daily_20260805_061346.png'
rm 'charts/screenshots_nasdaq/CNK/CNK_Monthly_20260805_061346.png'
rm 'charts/screenshots_nasdaq/CNK/CNK_Weekly_20260805_061346.png'
rm 'charts/screenshots_nasdaq/COIN/COIN_1H_20260805_064532.png'
rm 'charts/screenshots_nasdaq/COIN/COIN_4H_20260805_064532.png'
rm 'charts/screenshots_nasdaq/COIN/COIN_Daily_20260805_064532.png'
rm 'charts/screenshots_nasdaq/COIN/COIN_Monthly_20260805_064532.png'
rm 'charts/screenshots_nasdaq/COIN/COIN_Weekly_20260805_064532.png'
rm 'charts/screenshots_nasdaq/CPHI/CPHI_1H_20260805_054637.png'
rm 'charts/screenshots_nasdaq/CPHI/CPHI_4H_20260805_054637.png'
rm 'charts/screenshots_nasdaq/CPHI/CPHI_Daily_20260805_054637.png'
rm 'charts/screenshots_nasdaq/CPHI/CPHI_Monthly_20260805_054637.png'
rm 'charts/screenshots_nasdaq/CPHI/CPHI_Weekly_20260805_054637.png'
rm 'charts/screenshots_nasdaq/CROX/CROX_1H_20260805_061426.png'
rm 'charts/screenshots_nasdaq/CROX/CROX_4H_20260805_061426.png'
rm 'charts/screenshots_nasdaq/CROX/CROX_Daily_20260805_061426.png'
rm 'charts/screenshots_nasdaq/CROX/CROX_Monthly_20260805_061426.png'
rm 'charts/screenshots_nasdaq/CROX/CROX_Weekly_20260805_061426.png'
rm 'charts/screenshots_nasdaq/CSW/CSW_1H_20260805_060111.png'
rm 'charts/screenshots_nasdaq/CSW/CSW_4H_20260805_060111.png'
rm 'charts/screenshots_nasdaq/CSW/CSW_Daily_20260805_060111.png'
rm 'charts/screenshots_nasdaq/CSW/CSW_Monthly_20260805_060111.png'
rm 'charts/screenshots_nasdaq/CSW/CSW_Weekly_20260805_060111.png'
rm 'charts/screenshots_nasdaq/DBX/DBX_1H_20260805_060549.png'
rm 'charts/screenshots_nasdaq/DBX/DBX_4H_20260805_060549.png'
rm 'charts/screenshots_nasdaq/DBX/DBX_Daily_20260805_060549.png'
rm 'charts/screenshots_nasdaq/DBX/DBX_Monthly_20260805_060549.png'
rm 'charts/screenshots_nasdaq/DBX/DBX_Weekly_20260805_060549.png'
rm 'charts/screenshots_nasdaq/DK/DK_1H_20260805_054517.png'
rm 'charts/screenshots_nasdaq/DK/DK_4H_20260805_054517.png'
rm 'charts/screenshots_nasdaq/DK/DK_Daily_20260805_054517.png'
rm 'charts/screenshots_nasdaq/DK/DK_Monthly_20260805_054517.png'
rm 'charts/screenshots_nasdaq/DK/DK_Weekly_20260805_054517.png'
rm 'charts/screenshots_nasdaq/DKNG/DKNG_1H_20260805_064652.png'
rm 'charts/screenshots_nasdaq/DKNG/DKNG_4H_20260805_064652.png'
rm 'charts/screenshots_nasdaq/DKNG/DKNG_Daily_20260805_064652.png'
rm 'charts/screenshots_nasdaq/DKNG/DKNG_Monthly_20260805_064652.png'
rm 'charts/screenshots_nasdaq/DKNG/DKNG_Weekly_20260805_064652.png'
rm 'charts/screenshots_nasdaq/DUOL/DUOL_1H_20260805_061825.png'
rm 'charts/screenshots_nasdaq/DUOL/DUOL_4H_20260805_061825.png'
rm 'charts/screenshots_nasdaq/DUOL/DUOL_Daily_20260805_061825.png'
rm 'charts/screenshots_nasdaq/DUOL/DUOL_Monthly_20260805_061825.png'
rm 'charts/screenshots_nasdaq/DUOL/DUOL_Weekly_20260805_061825.png'
rm 'charts/screenshots_nasdaq/DXCM/DXCM_1H_20260805_062104.png'
rm 'charts/screenshots_nasdaq/DXCM/DXCM_4H_20260805_062104.png'
rm 'charts/screenshots_nasdaq/DXCM/DXCM_Daily_20260805_062104.png'
rm 'charts/screenshots_nasdaq/DXCM/DXCM_Monthly_20260805_062104.png'
rm 'charts/screenshots_nasdaq/DXCM/DXCM_Weekly_20260805_062104.png'
rm 'charts/screenshots_nasdaq/ELVN/ELVN_1H_20260805_055554.png'
rm 'charts/screenshots_nasdaq/ELVN/ELVN_4H_20260805_055554.png'
rm 'charts/screenshots_nasdaq/ELVN/ELVN_Daily_20260805_055554.png'
rm 'charts/screenshots_nasdaq/ELVN/ELVN_Monthly_20260805_055554.png'
rm 'charts/screenshots_nasdaq/ELVN/ELVN_Weekly_20260805_055554.png'
rm 'charts/screenshots_nasdaq/EMR/EMR_1H_20260805_060349.png'
rm 'charts/screenshots_nasdaq/EMR/EMR_4H_20260805_060349.png'
rm 'charts/screenshots_nasdaq/EMR/EMR_Daily_20260805_060349.png'
rm 'charts/screenshots_nasdaq/EMR/EMR_Monthly_20260805_060349.png'
rm 'charts/screenshots_nasdaq/EMR/EMR_Weekly_20260805_060349.png'
rm 'charts/screenshots_nasdaq/EXPE/EXPE_1H_20260805_055633.png'
rm 'charts/screenshots_nasdaq/EXPE/EXPE_4H_20260805_055633.png'
rm 'charts/screenshots_nasdaq/EXPE/EXPE_Daily_20260805_055633.png'
rm 'charts/screenshots_nasdaq/EXPE/EXPE_Monthly_20260805_055633.png'
rm 'charts/screenshots_nasdaq/EXPE/EXPE_Weekly_20260805_055633.png'
rm 'charts/screenshots_nasdaq/FBRX/FBRX_1H_20260805_061306.png'
rm 'charts/screenshots_nasdaq/FBRX/FBRX_4H_20260805_061306.png'
rm 'charts/screenshots_nasdaq/FBRX/FBRX_Daily_20260805_061306.png'
rm 'charts/screenshots_nasdaq/FBRX/FBRX_Monthly_20260805_061306.png'
rm 'charts/screenshots_nasdaq/FBRX/FBRX_Weekly_20260805_061306.png'
rm 'charts/screenshots_nasdaq/FIVN/FIVN_1H_20260805_062423.png'
rm 'charts/screenshots_nasdaq/FIVN/FIVN_4H_20260805_062423.png'
rm 'charts/screenshots_nasdaq/FIVN/FIVN_Daily_20260805_062423.png'
rm 'charts/screenshots_nasdaq/FIVN/FIVN_Monthly_20260805_062423.png'
rm 'charts/screenshots_nasdaq/FIVN/FIVN_Weekly_20260805_062423.png'
rm 'charts/screenshots_nasdaq/FLO/FLO_1H_20260805_064451.png'
rm 'charts/screenshots_nasdaq/FLO/FLO_4H_20260805_064451.png'
rm 'charts/screenshots_nasdaq/FLO/FLO_Daily_20260805_064451.png'
rm 'charts/screenshots_nasdaq/FLO/FLO_Monthly_20260805_064451.png'
rm 'charts/screenshots_nasdaq/FLO/FLO_Weekly_20260805_064451.png'
rm 'charts/screenshots_nasdaq/GGB/GGB_1H_20260805_054358.png'
rm 'charts/screenshots_nasdaq/GGB/GGB_4H_20260805_054358.png'
rm 'charts/screenshots_nasdaq/GGB/GGB_Daily_20260805_054358.png'
rm 'charts/screenshots_nasdaq/GGB/GGB_Monthly_20260805_054358.png'
rm 'charts/screenshots_nasdaq/GGB/GGB_Weekly_20260805_054358.png'
rm 'charts/screenshots_nasdaq/GLBE/GLBE_1H_20260805_061507.png'
rm 'charts/screenshots_nasdaq/GLBE/GLBE_4H_20260805_061507.png'
rm 'charts/screenshots_nasdaq/GLBE/GLBE_Daily_20260805_061507.png'
rm 'charts/screenshots_nasdaq/GLBE/GLBE_Monthly_20260805_061507.png'
rm 'charts/screenshots_nasdaq/GLBE/GLBE_Weekly_20260805_061507.png'
rm 'charts/screenshots_nasdaq/GPN/GPN_1H_20260805_054437.png'
rm 'charts/screenshots_nasdaq/GPN/GPN_4H_20260805_054437.png'
rm 'charts/screenshots_nasdaq/GPN/GPN_Daily_20260805_054437.png'
rm 'charts/screenshots_nasdaq/GPN/GPN_Monthly_20260805_054437.png'
rm 'charts/screenshots_nasdaq/GPN/GPN_Weekly_20260805_054437.png'
rm 'charts/screenshots_nasdaq/GRMN/GRMN_1H_20260805_062820.png'
rm 'charts/screenshots_nasdaq/GRMN/GRMN_4H_20260805_062820.png'
rm 'charts/screenshots_nasdaq/GRMN/GRMN_Daily_20260805_062820.png'
rm 'charts/screenshots_nasdaq/GRMN/GRMN_Monthly_20260805_062820.png'
rm 'charts/screenshots_nasdaq/GRMN/GRMN_Weekly_20260805_062820.png'
rm 'charts/screenshots_nasdaq/GTES/GTES_1H_20260805_061626.png'
rm 'charts/screenshots_nasdaq/GTES/GTES_4H_20260805_061626.png'
rm 'charts/screenshots_nasdaq/GTES/GTES_Daily_20260805_061626.png'
rm 'charts/screenshots_nasdaq/GTES/GTES_Monthly_20260805_061626.png'
rm 'charts/screenshots_nasdaq/GTES/GTES_Weekly_20260805_061626.png'
rm 'charts/screenshots_nasdaq/HAE/HAE_1H_20260805_054716.png'
rm 'charts/screenshots_nasdaq/HAE/HAE_4H_20260805_054716.png'
rm 'charts/screenshots_nasdaq/HAE/HAE_Daily_20260805_054716.png'
rm 'charts/screenshots_nasdaq/HAE/HAE_Monthly_20260805_054716.png'
rm 'charts/screenshots_nasdaq/HAE/HAE_Weekly_20260805_054716.png'
rm 'charts/screenshots_nasdaq/HPQ/HPQ_1H_20260805_060629.png'
rm 'charts/screenshots_nasdaq/HPQ/HPQ_4H_20260805_060629.png'
rm 'charts/screenshots_nasdaq/HPQ/HPQ_Daily_20260805_060629.png'
rm 'charts/screenshots_nasdaq/HPQ/HPQ_Monthly_20260805_060629.png'
rm 'charts/screenshots_nasdaq/HPQ/HPQ_Weekly_20260805_060629.png'
rm 'charts/screenshots_nasdaq/HTZ/HTZ_1H_20260805_063854.png'
rm 'charts/screenshots_nasdaq/HTZ/HTZ_4H_20260805_063854.png'
rm 'charts/screenshots_nasdaq/HTZ/HTZ_Daily_20260805_063854.png'
rm 'charts/screenshots_nasdaq/HTZ/HTZ_Monthly_20260805_063854.png'
rm 'charts/screenshots_nasdaq/HTZ/HTZ_Weekly_20260805_063854.png'
rm 'charts/screenshots_nasdaq/IESC/IESC_1H_20260805_063138.png'
rm 'charts/screenshots_nasdaq/IESC/IESC_4H_20260805_063138.png'
rm 'charts/screenshots_nasdaq/IESC/IESC_Daily_20260805_063138.png'
rm 'charts/screenshots_nasdaq/IESC/IESC_Monthly_20260805_063138.png'
rm 'charts/screenshots_nasdaq/IESC/IESC_Weekly_20260805_063138.png'
rm 'charts/screenshots_nasdaq/IMAX/IMAX_1H_20260805_062503.png'
rm 'charts/screenshots_nasdaq/IMAX/IMAX_4H_20260805_062503.png'
rm 'charts/screenshots_nasdaq/IMAX/IMAX_Daily_20260805_062503.png'
rm 'charts/screenshots_nasdaq/IMAX/IMAX_Monthly_20260805_062503.png'
rm 'charts/screenshots_nasdaq/IMAX/IMAX_Weekly_20260805_062503.png'
rm 'charts/screenshots_nasdaq/ITGR/ITGR_1H_20260805_062901.png'
rm 'charts/screenshots_nasdaq/ITGR/ITGR_4H_20260805_062901.png'
rm 'charts/screenshots_nasdaq/ITGR/ITGR_Daily_20260805_062901.png'
rm 'charts/screenshots_nasdaq/ITGR/ITGR_Monthly_20260805_062901.png'
rm 'charts/screenshots_nasdaq/ITGR/ITGR_Weekly_20260805_062901.png'
rm 'charts/screenshots_nasdaq/IVZ/IVZ_1H_20260805_061705.png'
rm 'charts/screenshots_nasdaq/IVZ/IVZ_4H_20260805_061705.png'
rm 'charts/screenshots_nasdaq/IVZ/IVZ_Daily_20260805_061705.png'
rm 'charts/screenshots_nasdaq/IVZ/IVZ_Monthly_20260805_061705.png'
rm 'charts/screenshots_nasdaq/IVZ/IVZ_Weekly_20260805_061705.png'
rm 'charts/screenshots_nasdaq/JXN/JXN_1H_20260805_055712.png'
rm 'charts/screenshots_nasdaq/JXN/JXN_4H_20260805_055712.png'
rm 'charts/screenshots_nasdaq/JXN/JXN_Daily_20260805_055712.png'
rm 'charts/screenshots_nasdaq/JXN/JXN_Monthly_20260805_055712.png'
rm 'charts/screenshots_nasdaq/JXN/JXN_Weekly_20260805_055712.png'
rm 'charts/screenshots_nasdaq/KLAR/KLAR_1H_20260805_063059.png'
rm 'charts/screenshots_nasdaq/KLAR/KLAR_4H_20260805_063059.png'
rm 'charts/screenshots_nasdaq/KLAR/KLAR_Daily_20260805_063059.png'
rm 'charts/screenshots_nasdaq/KLAR/KLAR_Monthly_20260805_063059.png'
rm 'charts/screenshots_nasdaq/KLAR/KLAR_Weekly_20260805_063059.png'
rm 'charts/screenshots_nasdaq/LEGN/LEGN_1H_20260805_063657.png'
rm 'charts/screenshots_nasdaq/LEGN/LEGN_4H_20260805_063657.png'
rm 'charts/screenshots_nasdaq/LEGN/LEGN_Daily_20260805_063657.png'
rm 'charts/screenshots_nasdaq/LEGN/LEGN_Monthly_20260805_063657.png'
rm 'charts/screenshots_nasdaq/LEGN/LEGN_Weekly_20260805_063657.png'
rm 'charts/screenshots_nasdaq/LNC/LNC_1H_20260805_060708.png'
rm 'charts/screenshots_nasdaq/LNC/LNC_4H_20260805_060708.png'
rm 'charts/screenshots_nasdaq/LNC/LNC_Daily_20260805_060708.png'
rm 'charts/screenshots_nasdaq/LNC/LNC_Monthly_20260805_060708.png'
rm 'charts/screenshots_nasdaq/LNC/LNC_Weekly_20260805_060708.png'
rm 'charts/screenshots_nasdaq/LRN/LRN_1H_20260805_063736.png'
rm 'charts/screenshots_nasdaq/LRN/LRN_4H_20260805_063736.png'
rm 'charts/screenshots_nasdaq/LRN/LRN_Daily_20260805_063736.png'
rm 'charts/screenshots_nasdaq/LRN/LRN_Monthly_20260805_063736.png'
rm 'charts/screenshots_nasdaq/LRN/LRN_Weekly_20260805_063736.png'
rm 'charts/screenshots_nasdaq/LUNR/LUNR_1H_20260805_063815.png'
rm 'charts/screenshots_nasdaq/LUNR/LUNR_4H_20260805_063815.png'
rm 'charts/screenshots_nasdaq/LUNR/LUNR_Daily_20260805_063815.png'
rm 'charts/screenshots_nasdaq/LUNR/LUNR_Monthly_20260805_063815.png'
rm 'charts/screenshots_nasdaq/LUNR/LUNR_Weekly_20260805_063815.png'
rm 'charts/screenshots_nasdaq/M/M_1H_20260805_062144.png'
rm 'charts/screenshots_nasdaq/M/M_4H_20260805_062144.png'
rm 'charts/screenshots_nasdaq/M/M_Daily_20260805_062144.png'
rm 'charts/screenshots_nasdaq/M/M_Monthly_20260805_062144.png'
rm 'charts/screenshots_nasdaq/M/M_Weekly_20260805_062144.png'
rm 'charts/screenshots_nasdaq/MAN/MAN_1H_20260805_055315.png'
rm 'charts/screenshots_nasdaq/MAN/MAN_4H_20260805_055315.png'
rm 'charts/screenshots_nasdaq/MAN/MAN_Daily_20260805_055315.png'
rm 'charts/screenshots_nasdaq/MAN/MAN_Monthly_20260805_055315.png'
rm 'charts/screenshots_nasdaq/MAN/MAN_Weekly_20260805_055315.png'
rm 'charts/screenshots_nasdaq/MMM/MMM_1H_20260805_055355.png'
rm 'charts/screenshots_nasdaq/MMM/MMM_4H_20260805_055355.png'
rm 'charts/screenshots_nasdaq/MMM/MMM_Daily_20260805_055355.png'
rm 'charts/screenshots_nasdaq/MMM/MMM_Monthly_20260805_055355.png'
rm 'charts/screenshots_nasdaq/MMM/MMM_Weekly_20260805_055355.png'
rm 'charts/screenshots_nasdaq/MNPR/MNPR_1H_20260805_060430.png'
rm 'charts/screenshots_nasdaq/MNPR/MNPR_4H_20260805_060430.png'
rm 'charts/screenshots_nasdaq/MNPR/MNPR_Daily_20260805_060430.png'
rm 'charts/screenshots_nasdaq/MNPR/MNPR_Monthly_20260805_060430.png'
rm 'charts/screenshots_nasdaq/MNPR/MNPR_Weekly_20260805_060430.png'
rm 'charts/screenshots_nasdaq/MT/MT_1H_20260805_061745.png'
rm 'charts/screenshots_nasdaq/MT/MT_4H_20260805_061745.png'
rm 'charts/screenshots_nasdaq/MT/MT_Daily_20260805_061745.png'
rm 'charts/screenshots_nasdaq/MT/MT_Monthly_20260805_061745.png'
rm 'charts/screenshots_nasdaq/MT/MT_Weekly_20260805_061745.png'
rm 'charts/screenshots_nasdaq/NSIT/NSIT_1H_20260805_062941.png'
rm 'charts/screenshots_nasdaq/NSIT/NSIT_4H_20260805_062941.png'
rm 'charts/screenshots_nasdaq/NSIT/NSIT_Daily_20260805_062941.png'
rm 'charts/screenshots_nasdaq/NSIT/NSIT_Monthly_20260805_062941.png'
rm 'charts/screenshots_nasdaq/NSIT/NSIT_Weekly_20260805_062941.png'
rm 'charts/screenshots_nasdaq/NSP/NSP_1H_20260805_055036.png'
rm 'charts/screenshots_nasdaq/NSP/NSP_4H_20260805_055036.png'
rm 'charts/screenshots_nasdaq/NSP/NSP_Daily_20260805_055036.png'
rm 'charts/screenshots_nasdaq/NSP/NSP_Monthly_20260805_055036.png'
rm 'charts/screenshots_nasdaq/NSP/NSP_Weekly_20260805_055036.png'
rm 'charts/screenshots_nasdaq/NTAP/NTAP_1H_20260805_055752.png'
rm 'charts/screenshots_nasdaq/NTAP/NTAP_4H_20260805_055752.png'
rm 'charts/screenshots_nasdaq/NTAP/NTAP_Daily_20260805_055752.png'
rm 'charts/screenshots_nasdaq/NTAP/NTAP_Monthly_20260805_055752.png'
rm 'charts/screenshots_nasdaq/NTAP/NTAP_Weekly_20260805_055752.png'
rm 'charts/screenshots_nasdaq/NUE/NUE_1H_20260805_055832.png'
rm 'charts/screenshots_nasdaq/NUE/NUE_4H_20260805_055832.png'
rm 'charts/screenshots_nasdaq/NUE/NUE_Daily_20260805_055832.png'
rm 'charts/screenshots_nasdaq/NUE/NUE_Monthly_20260805_055832.png'
rm 'charts/screenshots_nasdaq/NUE/NUE_Weekly_20260805_055832.png'
rm 'charts/screenshots_nasdaq/OI/OI_1H_20260805_064213.png'
rm 'charts/screenshots_nasdaq/OI/OI_4H_20260805_064213.png'
rm 'charts/screenshots_nasdaq/OI/OI_Daily_20260805_064213.png'
rm 'charts/screenshots_nasdaq/OI/OI_Monthly_20260805_064213.png'
rm 'charts/screenshots_nasdaq/OI/OI_Weekly_20260805_064213.png'
rm 'charts/screenshots_nasdaq/ORKA/ORKA_1H_20260805_055116.png'
rm 'charts/screenshots_nasdaq/ORKA/ORKA_4H_20260805_055116.png'
rm 'charts/screenshots_nasdaq/ORKA/ORKA_Daily_20260805_055116.png'
rm 'charts/screenshots_nasdaq/ORKA/ORKA_Monthly_20260805_055116.png'
rm 'charts/screenshots_nasdaq/ORKA/ORKA_Weekly_20260805_055116.png'
rm 'charts/screenshots_nasdaq/PAY/PAY_1H_20260805_063020.png'
rm 'charts/screenshots_nasdaq/PAY/PAY_4H_20260805_063020.png'
rm 'charts/screenshots_nasdaq/PAY/PAY_Daily_20260805_063020.png'
rm 'charts/screenshots_nasdaq/PAY/PAY_Monthly_20260805_063020.png'
rm 'charts/screenshots_nasdaq/PAY/PAY_Weekly_20260805_063020.png'
rm 'charts/screenshots_nasdaq/PFSI/PFSI_1H_20260805_064252.png'
rm 'charts/screenshots_nasdaq/PFSI/PFSI_4H_20260805_064252.png'
rm 'charts/screenshots_nasdaq/PFSI/PFSI_Daily_20260805_064252.png'
rm 'charts/screenshots_nasdaq/PFSI/PFSI_Monthly_20260805_064252.png'
rm 'charts/screenshots_nasdaq/PFSI/PFSI_Weekly_20260805_064252.png'
rm 'charts/screenshots_nasdaq/RHI/RHI_1H_20260805_063337.png'
rm 'charts/screenshots_nasdaq/RHI/RHI_4H_20260805_063337.png'
rm 'charts/screenshots_nasdaq/RHI/RHI_Daily_20260805_063337.png'
rm 'charts/screenshots_nasdaq/RHI/RHI_Monthly_20260805_063337.png'
rm 'charts/screenshots_nasdaq/RHI/RHI_Weekly_20260805_063337.png'
rm 'charts/screenshots_nasdaq/RNG/RNG_1H_20260805_060748.png'
rm 'charts/screenshots_nasdaq/RNG/RNG_4H_20260805_060748.png'
rm 'charts/screenshots_nasdaq/RNG/RNG_Daily_20260805_060748.png'
rm 'charts/screenshots_nasdaq/RNG/RNG_Monthly_20260805_060748.png'
rm 'charts/screenshots_nasdaq/RNG/RNG_Weekly_20260805_060748.png'
rm 'charts/screenshots_nasdaq/ROST/ROST_1H_20260805_054756.png'
rm 'charts/screenshots_nasdaq/ROST/ROST_4H_20260805_054756.png'
rm 'charts/screenshots_nasdaq/ROST/ROST_Daily_20260805_054756.png'
rm 'charts/screenshots_nasdaq/ROST/ROST_Monthly_20260805_054756.png'
rm 'charts/screenshots_nasdaq/ROST/ROST_Weekly_20260805_054756.png'
rm 'charts/screenshots_nasdaq/S/S_1H_20260805_060828.png'
rm 'charts/screenshots_nasdaq/S/S_4H_20260805_060828.png'
rm 'charts/screenshots_nasdaq/S/S_Daily_20260805_060828.png'
rm 'charts/screenshots_nasdaq/S/S_Monthly_20260805_060828.png'
rm 'charts/screenshots_nasdaq/S/S_Weekly_20260805_060828.png'
rm 'charts/screenshots_nasdaq/SAFT/SAFT_1H_20260805_061226.png'
rm 'charts/screenshots_nasdaq/SAFT/SAFT_4H_20260805_061226.png'
rm 'charts/screenshots_nasdaq/SAFT/SAFT_Daily_20260805_061226.png'
rm 'charts/screenshots_nasdaq/SAFT/SAFT_Monthly_20260805_061226.png'
rm 'charts/screenshots_nasdaq/SAFT/SAFT_Weekly_20260805_061226.png'
rm 'charts/screenshots_nasdaq/SG/SG_1H_20260805_064332.png'
rm 'charts/screenshots_nasdaq/SG/SG_4H_20260805_064332.png'
rm 'charts/screenshots_nasdaq/SG/SG_Daily_20260805_064332.png'
rm 'charts/screenshots_nasdaq/SG/SG_Monthly_20260805_064332.png'
rm 'charts/screenshots_nasdaq/SG/SG_Weekly_20260805_064332.png'
rm 'charts/screenshots_nasdaq/SHOO/SHOO_1H_20260805_060908.png'
rm 'charts/screenshots_nasdaq/SHOO/SHOO_4H_20260805_060908.png'
rm 'charts/screenshots_nasdaq/SHOO/SHOO_Daily_20260805_060908.png'
rm 'charts/screenshots_nasdaq/SHOO/SHOO_Monthly_20260805_060908.png'
rm 'charts/screenshots_nasdaq/SHOO/SHOO_Weekly_20260805_060908.png'
rm 'charts/screenshots_nasdaq/SKYQ/SKYQ_1H_20260805_062343.png'
rm 'charts/screenshots_nasdaq/SKYQ/SKYQ_4H_20260805_062343.png'
rm 'charts/screenshots_nasdaq/SKYQ/SKYQ_Daily_20260805_062343.png'
rm 'charts/screenshots_nasdaq/SKYQ/SKYQ_Monthly_20260805_062343.png'
rm 'charts/screenshots_nasdaq/SKYQ/SKYQ_Weekly_20260805_062343.png'
rm 'charts/screenshots_nasdaq/SNOW/SNOW_1H_20260805_062542.png'
rm 'charts/screenshots_nasdaq/SNOW/SNOW_4H_20260805_062542.png'
rm 'charts/screenshots_nasdaq/SNOW/SNOW_Daily_20260805_062542.png'
rm 'charts/screenshots_nasdaq/SNOW/SNOW_Monthly_20260805_062542.png'
rm 'charts/screenshots_nasdaq/SNOW/SNOW_Weekly_20260805_062542.png'
rm 'charts/screenshots_nasdaq/SOLV/SOLV_1H_20260805_055435.png'
rm 'charts/screenshots_nasdaq/SOLV/SOLV_4H_20260805_055435.png'
rm 'charts/screenshots_nasdaq/SOLV/SOLV_Daily_20260805_055435.png'
rm 'charts/screenshots_nasdaq/SOLV/SOLV_Monthly_20260805_055435.png'
rm 'charts/screenshots_nasdaq/SOLV/SOLV_Weekly_20260805_055435.png'
rm 'charts/screenshots_nasdaq/SRAD/SRAD_1H_20260805_064412.png'
rm 'charts/screenshots_nasdaq/SRAD/SRAD_4H_20260805_064412.png'
rm 'charts/screenshots_nasdaq/SRAD/SRAD_Daily_20260805_064412.png'
rm 'charts/screenshots_nasdaq/SRAD/SRAD_Monthly_20260805_064412.png'
rm 'charts/screenshots_nasdaq/SRAD/SRAD_Weekly_20260805_064412.png'
rm 'charts/screenshots_nasdaq/STAK/STAK_1H_20260805_063617.png'
rm 'charts/screenshots_nasdaq/STAK/STAK_4H_20260805_063617.png'
rm 'charts/screenshots_nasdaq/STAK/STAK_Daily_20260805_063617.png'
rm 'charts/screenshots_nasdaq/STAK/STAK_Monthly_20260805_063617.png'
rm 'charts/screenshots_nasdaq/STAK/STAK_Weekly_20260805_063617.png'
rm 'charts/screenshots_nasdaq/SWK/SWK_1H_20260805_060948.png'
rm 'charts/screenshots_nasdaq/SWK/SWK_4H_20260805_060948.png'
rm 'charts/screenshots_nasdaq/SWK/SWK_Daily_20260805_060948.png'
rm 'charts/screenshots_nasdaq/SWK/SWK_Monthly_20260805_060948.png'
rm 'charts/screenshots_nasdaq/SWK/SWK_Weekly_20260805_060948.png'
rm 'charts/screenshots_nasdaq/TEM/TEM_1H_20260805_064054.png'
rm 'charts/screenshots_nasdaq/TEM/TEM_4H_20260805_064054.png'
rm 'charts/screenshots_nasdaq/TEM/TEM_Daily_20260805_064054.png'
rm 'charts/screenshots_nasdaq/TEM/TEM_Monthly_20260805_064054.png'
rm 'charts/screenshots_nasdaq/TEM/TEM_Weekly_20260805_064054.png'
rm 'charts/screenshots_nasdaq/TXG/TXG_1H_20260805_055514.png'
rm 'charts/screenshots_nasdaq/TXG/TXG_4H_20260805_055514.png'
rm 'charts/screenshots_nasdaq/TXG/TXG_Daily_20260805_055514.png'
rm 'charts/screenshots_nasdaq/TXG/TXG_Monthly_20260805_055514.png'
rm 'charts/screenshots_nasdaq/TXG/TXG_Weekly_20260805_055514.png'
rm 'charts/screenshots_nasdaq/UFPT/UFPT_1H_20260805_063218.png'
rm 'charts/screenshots_nasdaq/UFPT/UFPT_4H_20260805_063218.png'
rm 'charts/screenshots_nasdaq/UFPT/UFPT_Daily_20260805_063218.png'
rm 'charts/screenshots_nasdaq/UFPT/UFPT_Monthly_20260805_063218.png'
rm 'charts/screenshots_nasdaq/UFPT/UFPT_Weekly_20260805_063218.png'
rm 'charts/screenshots_nasdaq/UTZ/UTZ_1H_20260805_061108.png'
rm 'charts/screenshots_nasdaq/UTZ/UTZ_4H_20260805_061108.png'
rm 'charts/screenshots_nasdaq/UTZ/UTZ_Daily_20260805_061108.png'
rm 'charts/screenshots_nasdaq/UTZ/UTZ_Monthly_20260805_061108.png'
rm 'charts/screenshots_nasdaq/UTZ/UTZ_Weekly_20260805_061108.png'
rm 'charts/screenshots_nasdaq/VCTR/VCTR_1H_20260805_054836.png'
rm 'charts/screenshots_nasdaq/VCTR/VCTR_4H_20260805_054836.png'
rm 'charts/screenshots_nasdaq/VCTR/VCTR_Daily_20260805_054836.png'
rm 'charts/screenshots_nasdaq/VCTR/VCTR_Monthly_20260805_054836.png'
rm 'charts/screenshots_nasdaq/VCTR/VCTR_Weekly_20260805_054836.png'
rm 'charts/screenshots_nasdaq/VSXY/VSXY_1H_20260805_055156.png'
rm 'charts/screenshots_nasdaq/VSXY/VSXY_4H_20260805_055156.png'
rm 'charts/screenshots_nasdaq/VSXY/VSXY_Daily_20260805_055156.png'
rm 'charts/screenshots_nasdaq/VSXY/VSXY_Monthly_20260805_055156.png'
rm 'charts/screenshots_nasdaq/VSXY/VSXY_Weekly_20260805_055156.png'
rm 'charts/screenshots_nasdaq/VXX/VXX_1H_20260805_064612.png'
rm 'charts/screenshots_nasdaq/VXX/VXX_4H_20260805_064612.png'
rm 'charts/screenshots_nasdaq/VXX/VXX_Daily_20260805_064612.png'
rm 'charts/screenshots_nasdaq/VXX/VXX_Monthly_20260805_064612.png'
rm 'charts/screenshots_nasdaq/VXX/VXX_Weekly_20260805_064612.png'
rm 'charts/screenshots_nasdaq/W/W_1H_20260805_062304.png'
rm 'charts/screenshots_nasdaq/W/W_4H_20260805_062304.png'
rm 'charts/screenshots_nasdaq/W/W_Daily_20260805_062304.png'
rm 'charts/screenshots_nasdaq/W/W_Monthly_20260805_062304.png'
rm 'charts/screenshots_nasdaq/W/W_Weekly_20260805_062304.png'
rm 'charts/screenshots_nasdaq/WCC/WCC_1H_20260805_061147.png'
rm 'charts/screenshots_nasdaq/WCC/WCC_4H_20260805_061147.png'
rm 'charts/screenshots_nasdaq/WCC/WCC_Daily_20260805_061147.png'
rm 'charts/screenshots_nasdaq/WCC/WCC_Monthly_20260805_061147.png'
rm 'charts/screenshots_nasdaq/WCC/WCC_Weekly_20260805_061147.png'
rm 'charts/screenshots_nasdaq/WEX/WEX_1H_20260805_055912.png'
rm 'charts/screenshots_nasdaq/WEX/WEX_4H_20260805_055912.png'
rm 'charts/screenshots_nasdaq/WEX/WEX_Daily_20260805_055912.png'
rm 'charts/screenshots_nasdaq/WEX/WEX_Monthly_20260805_055912.png'
rm 'charts/screenshots_nasdaq/WEX/WEX_Weekly_20260805_055912.png'
rm 'charts/screenshots_nasdaq/WHD/WHD_1H_20260805_054320.png'
rm 'charts/screenshots_nasdaq/WHD/WHD_4H_20260805_054320.png'
rm 'charts/screenshots_nasdaq/WHD/WHD_Daily_20260805_054320.png'
rm 'charts/screenshots_nasdaq/WHD/WHD_Monthly_20260805_054320.png'
rm 'charts/screenshots_nasdaq/WHD/WHD_Weekly_20260805_054320.png'
rm 'charts/screenshots_nasdaq/WT/WT_1H_20260805_060150.png'
rm 'charts/screenshots_nasdaq/WT/WT_4H_20260805_060150.png'
rm 'charts/screenshots_nasdaq/WT/WT_Daily_20260805_060150.png'
rm 'charts/screenshots_nasdaq/WT/WT_Monthly_20260805_060150.png'
rm 'charts/screenshots_nasdaq/WT/WT_Weekly_20260805_060150.png'
rm 'charts/screenshots_nasdaq/ZBRA/ZBRA_1H_20260805_063258.png'
rm 'charts/screenshots_nasdaq/ZBRA/ZBRA_4H_20260805_063258.png'
rm 'charts/screenshots_nasdaq/ZBRA/ZBRA_Daily_20260805_063258.png'
rm 'charts/screenshots_nasdaq/ZBRA/ZBRA_Monthly_20260805_063258.png'
rm 'charts/screenshots_nasdaq/ZBRA/ZBRA_Weekly_20260805_063258.png'
rm 'charts/screenshots_nasdaq/ZYBT/ZYBT_1H_20260805_061905.png'
rm 'charts/screenshots_nasdaq/ZYBT/ZYBT_4H_20260805_061905.png'
rm 'charts/screenshots_nasdaq/ZYBT/ZYBT_Daily_20260805_061905.png'
rm 'charts/screenshots_nasdaq/ZYBT/ZYBT_Monthly_20260805_061905.png'
rm 'charts/screenshots_nasdaq/ZYBT/ZYBT_Weekly_20260805_061905.png'
[main 42c0edc] Update NASDAQ/NYSE chart screenshots 1785999730
 955 files changed, 0 insertions(+), 0 deletions(-)
 delete mode 100644 charts/screenshots_nasdaq/AAMI/AAMI_1H_20260805_061944.png
 delete mode 100644 charts/screenshots_nasdaq/AAMI/AAMI_4H_20260805_061944.png
 delete mode 100644 charts/screenshots_nasdaq/AAMI/AAMI_Daily_20260805_061944.png
 delete mode 100644 charts/screenshots_nasdaq/AAMI/AAMI_Monthly_20260805_061944.png
 delete mode 100644 charts/screenshots_nasdaq/AAMI/AAMI_Weekly_20260805_061944.png
 delete mode 100644 charts/screenshots_nasdaq/ADPT/ADPT_1H_20260805_060509.png
 delete mode 100644 charts/screenshots_nasdaq/ADPT/ADPT_4H_20260805_060509.png
 delete mode 100644 charts/screenshots_nasdaq/ADPT/ADPT_Daily_20260805_060509.png
 delete mode 100644 charts/screenshots_nasdaq/ADPT/ADPT_Monthly_20260805_060509.png
 delete mode 100644 charts/screenshots_nasdaq/ADPT/ADPT_Weekly_20260805_060509.png
 delete mode 100644 charts/screenshots_nasdaq/ADVB/ADVB_1H_20260805_055952.png
 create mode 100644 charts/screenshots_nasdaq/ADVB/ADVB_1H_20260806_061459.png
 delete mode 100644 charts/screenshots_nasdaq/ADVB/ADVB_4H_20260805_055952.png
 create mode 100644 charts/screenshots_nasdaq/ADVB/ADVB_4H_20260806_061459.png
 delete mode 100644 charts/screenshots_nasdaq/ADVB/ADVB_Daily_20260805_055952.png
 create mode 100644 charts/screenshots_nasdaq/ADVB/ADVB_Daily_20260806_061459.png
 delete mode 100644 charts/screenshots_nasdaq/ADVB/ADVB_Monthly_20260805_055952.png
 create mode 100644 charts/screenshots_nasdaq/ADVB/ADVB_Monthly_20260806_061459.png
 delete mode 100644 charts/screenshots_nasdaq/ADVB/ADVB_Weekly_20260805_055952.png
 create mode 100644 charts/screenshots_nasdaq/ADVB/ADVB_Weekly_20260806_061459.png
 delete mode 100644 charts/screenshots_nasdaq/AGEN/AGEN_1H_20260805_062622.png
 delete mode 100644 charts/screenshots_nasdaq/AGEN/AGEN_4H_20260805_062622.png
 delete mode 100644 charts/screenshots_nasdaq/AGEN/AGEN_Daily_20260805_062622.png
 delete mode 100644 charts/screenshots_nasdaq/AGEN/AGEN_Monthly_20260805_062622.png
 delete mode 100644 charts/screenshots_nasdaq/AGEN/AGEN_Weekly_20260805_062622.png
 delete mode 100644 charts/screenshots_nasdaq/ALNY/ALNY_1H_20260805_063934.png
 create mode 100644 charts/screenshots_nasdaq/ALNY/ALNY_1H_20260806_065207.png
 delete mode 100644 charts/screenshots_nasdaq/ALNY/ALNY_4H_20260805_063934.png
 create mode 100644 charts/screenshots_nasdaq/ALNY/ALNY_4H_20260806_065207.png
 delete mode 100644 charts/screenshots_nasdaq/ALNY/ALNY_Daily_20260805_063934.png
 create mode 100644 charts/screenshots_nasdaq/ALNY/ALNY_Daily_20260806_065207.png
 delete mode 100644 charts/screenshots_nasdaq/ALNY/ALNY_Monthly_20260805_063934.png
 create mode 100644 charts/screenshots_nasdaq/ALNY/ALNY_Monthly_20260806_065207.png
 delete mode 100644 charts/screenshots_nasdaq/ALNY/ALNY_Weekly_20260805_063934.png
 create mode 100644 charts/screenshots_nasdaq/ALNY/ALNY_Weekly_20260806_065207.png
 delete mode 100644 charts/screenshots_nasdaq/AMLX/AMLX_1H_20260805_054557.png
 create mode 100644 charts/screenshots_nasdaq/AMLX/AMLX_1H_20260806_061540.png
 delete mode 100644 charts/screenshots_nasdaq/AMLX/AMLX_4H_20260805_054557.png
 create mode 100644 charts/screenshots_nasdaq/AMLX/AMLX_4H_20260806_061540.png
 delete mode 100644 charts/screenshots_nasdaq/AMLX/AMLX_Daily_20260805_054557.png
 create mode 100644 charts/screenshots_nasdaq/AMLX/AMLX_Daily_20260806_061540.png
 delete mode 100644 charts/screenshots_nasdaq/AMLX/AMLX_Monthly_20260805_054557.png
 create mode 100644 charts/screenshots_nasdaq/AMLX/AMLX_Monthly_20260806_061540.png
 delete mode 100644 charts/screenshots_nasdaq/AMLX/AMLX_Weekly_20260805_054557.png
 create mode 100644 charts/screenshots_nasdaq/AMLX/AMLX_Weekly_20260806_061540.png
 create mode 100644 charts/screenshots_nasdaq/APPS/APPS_1H_20260806_063415.png
 create mode 100644 charts/screenshots_nasdaq/APPS/APPS_4H_20260806_063415.png
 create mode 100644 charts/screenshots_nasdaq/APPS/APPS_Daily_20260806_063415.png
 create mode 100644 charts/screenshots_nasdaq/APPS/APPS_Monthly_20260806_063415.png
 create mode 100644 charts/screenshots_nasdaq/APPS/APPS_Weekly_20260806_063415.png
 create mode 100644 charts/screenshots_nasdaq/ARRY/ARRY_1H_20260806_064730.png
 create mode 100644 charts/screenshots_nasdaq/ARRY/ARRY_4H_20260806_064730.png
 create mode 100644 charts/screenshots_nasdaq/ARRY/ARRY_Daily_20260806_064730.png
 create mode 100644 charts/screenshots_nasdaq/ARRY/ARRY_Monthly_20260806_064730.png
 create mode 100644 charts/screenshots_nasdaq/ARRY/ARRY_Weekly_20260806_064730.png
 delete mode 100644 charts/screenshots_nasdaq/ATAI/ATAI_1H_20260805_054916.png
 create mode 100644 charts/screenshots_nasdaq/ATAI/ATAI_1H_20260806_060822.png
 delete mode 100644 charts/screenshots_nasdaq/ATAI/ATAI_4H_20260805_054916.png
 create mode 100644 charts/screenshots_nasdaq/ATAI/ATAI_4H_20260806_060822.png
 delete mode 100644 charts/screenshots_nasdaq/ATAI/ATAI_Daily_20260805_054916.png
 create mode 100644 charts/screenshots_nasdaq/ATAI/ATAI_Daily_20260806_060822.png
 delete mode 100644 charts/screenshots_nasdaq/ATAI/ATAI_Monthly_20260805_054916.png
 create mode 100644 charts/screenshots_nasdaq/ATAI/ATAI_Monthly_20260806_060822.png
 delete mode 100644 charts/screenshots_nasdaq/ATAI/ATAI_Weekly_20260805_054916.png
 create mode 100644 charts/screenshots_nasdaq/ATAI/ATAI_Weekly_20260806_060822.png
 delete mode 100644 charts/screenshots_nasdaq/ATKR/ATKR_1H_20260805_061028.png
 create mode 100644 charts/screenshots_nasdaq/ATKR/ATKR_1H_20260806_060106.png
 delete mode 100644 charts/screenshots_nasdaq/ATKR/ATKR_4H_20260805_061028.png
 create mode 100644 charts/screenshots_nasdaq/ATKR/ATKR_4H_20260806_060106.png
 delete mode 100644 charts/screenshots_nasdaq/ATKR/ATKR_Daily_20260805_061028.png
 create mode 100644 charts/screenshots_nasdaq/ATKR/ATKR_Daily_20260806_060106.png
 delete mode 100644 charts/screenshots_nasdaq/ATKR/ATKR_Monthly_20260805_061028.png
 create mode 100644 charts/screenshots_nasdaq/ATKR/ATKR_Monthly_20260806_060106.png
 delete mode 100644 charts/screenshots_nasdaq/ATKR/ATKR_Weekly_20260805_061028.png
 create mode 100644 charts/screenshots_nasdaq/ATKR/ATKR_Weekly_20260806_060106.png
 delete mode 100644 charts/screenshots_nasdaq/AXTA/AXTA_1H_20260805_060031.png
 create mode 100644 charts/screenshots_nasdaq/AXTA/AXTA_1H_20260806_061619.png
 delete mode 100644 charts/screenshots_nasdaq/AXTA/AXTA_4H_20260805_060031.png
 create mode 100644 charts/screenshots_nasdaq/AXTA/AXTA_4H_20260806_061619.png
 delete mode 100644 charts/screenshots_nasdaq/AXTA/AXTA_Daily_20260805_060031.png
 create mode 100644 charts/screenshots_nasdaq/AXTA/AXTA_Daily_20260806_061619.png
 delete mode 100644 charts/screenshots_nasdaq/AXTA/AXTA_Monthly_20260805_060031.png
 create mode 100644 charts/screenshots_nasdaq/AXTA/AXTA_Monthly_20260806_061619.png
 delete mode 100644 charts/screenshots_nasdaq/AXTA/AXTA_Weekly_20260805_060031.png
 create mode 100644 charts/screenshots_nasdaq/AXTA/AXTA_Weekly_20260806_061619.png
 delete mode 100644 charts/screenshots_nasdaq/AXTI/AXTI_1H_20260805_063417.png
 create mode 100644 charts/screenshots_nasdaq/AXTI/AXTI_1H_20260806_064252.png
 delete mode 100644 charts/screenshots_nasdaq/AXTI/AXTI_4H_20260805_063417.png
 create mode 100644 charts/screenshots_nasdaq/AXTI/AXTI_4H_20260806_064252.png
 delete mode 100644 charts/screenshots_nasdaq/AXTI/AXTI_Daily_20260805_063417.png
 create mode 100644 charts/screenshots_nasdaq/AXTI/AXTI_Daily_20260806_064252.png
 delete mode 100644 charts/screenshots_nasdaq/AXTI/AXTI_Monthly_20260805_063417.png
 create mode 100644 charts/screenshots_nasdaq/AXTI/AXTI_Monthly_20260806_064252.png
 delete mode 100644 charts/screenshots_nasdaq/AXTI/AXTI_Weekly_20260805_063417.png
 create mode 100644 charts/screenshots_nasdaq/AXTI/AXTI_Weekly_20260806_064252.png
 delete mode 100644 charts/screenshots_nasdaq/BAX/BAX_1H_20260805_062224.png
 delete mode 100644 charts/screenshots_nasdaq/BAX/BAX_4H_20260805_062224.png
 delete mode 100644 charts/screenshots_nasdaq/BAX/BAX_Daily_20260805_062224.png
 delete mode 100644 charts/screenshots_nasdaq/BAX/BAX_Monthly_20260805_062224.png
 delete mode 100644 charts/screenshots_nasdaq/BAX/BAX_Weekly_20260805_062224.png
 delete mode 100644 charts/screenshots_nasdaq/BFH/BFH_1H_20260805_062024.png
 create mode 100644 charts/screenshots_nasdaq/BFH/BFH_1H_20260806_061738.png
 delete mode 100644 charts/screenshots_nasdaq/BFH/BFH_4H_20260805_062024.png
 create mode 100644 charts/screenshots_nasdaq/BFH/BFH_4H_20260806_061738.png
 delete mode 100644 charts/screenshots_nasdaq/BFH/BFH_Daily_20260805_062024.png
 create mode 100644 charts/screenshots_nasdaq/BFH/BFH_Daily_20260806_061738.png
 delete mode 100644 charts/screenshots_nasdaq/BFH/BFH_Monthly_20260805_062024.png
 create mode 100644 charts/screenshots_nasdaq/BFH/BFH_Monthly_20260806_061738.png
 delete mode 100644 charts/screenshots_nasdaq/BFH/BFH_Weekly_20260805_062024.png
 create mode 100644 charts/screenshots_nasdaq/BFH/BFH_Weekly_20260806_061738.png
 delete mode 100644 charts/screenshots_nasdaq/BFLY/BFLY_1H_20260805_060230.png
 delete mode 100644 charts/screenshots_nasdaq/BFLY/BFLY_4H_20260805_060230.png
 delete mode 100644 charts/screenshots_nasdaq/BFLY/BFLY_Daily_20260805_060230.png
 delete mode 100644 charts/screenshots_nasdaq/BFLY/BFLY_Monthly_20260805_060230.png
 delete mode 100644 charts/screenshots_nasdaq/BFLY/BFLY_Weekly_20260805_060230.png
 create mode 100644 charts/screenshots_nasdaq/BIO/BIO_1H_20260806_063615.png
 create mode 100644 charts/screenshots_nasdaq/BIO/BIO_4H_20260806_063615.png
 create mode 100644 charts/screenshots_nasdaq/BIO/BIO_Daily_20260806_063615.png
 create mode 100644 charts/screenshots_nasdaq/BIO/BIO_Monthly_20260806_063615.png
 create mode 100644 charts/screenshots_nasdaq/BIO/BIO_Weekly_20260806_063615.png
 delete mode 100644 charts/screenshots_nasdaq/BLFS/BLFS_1H_20260805_054956.png
 create mode 100644 charts/screenshots_nasdaq/BLFS/BLFS_1H_20260806_061818.png
 delete mode 100644 charts/screenshots_nasdaq/BLFS/BLFS_4H_20260805_054956.png
 create mode 100644 charts/screenshots_nasdaq/BLFS/BLFS_4H_20260806_061818.png
 delete mode 100644 charts/screenshots_nasdaq/BLFS/BLFS_Daily_20260805_054956.png
 create mode 100644 charts/screenshots_nasdaq/BLFS/BLFS_Daily_20260806_061818.png
 delete mode 100644 charts/screenshots_nasdaq/BLFS/BLFS_Monthly_20260805_054956.png
 create mode 100644 charts/screenshots_nasdaq/BLFS/BLFS_Monthly_20260806_061818.png
 delete mode 100644 charts/screenshots_nasdaq/BLFS/BLFS_Weekly_20260805_054956.png
 create mode 100644 charts/screenshots_nasdaq/BLFS/BLFS_Weekly_20260806_061818.png
 delete mode 100644 charts/screenshots_nasdaq/BLLN/BLLN_1H_20260805_063457.png
 create mode 100644 charts/screenshots_nasdaq/BLLN/BLLN_1H_20260806_063853.png
 delete mode 100644 charts/screenshots_nasdaq/BLLN/BLLN_4H_20260805_063457.png
 create mode 100644 charts/screenshots_nasdaq/BLLN/BLLN_4H_20260806_063853.png
 delete mode 100644 charts/screenshots_nasdaq/BLLN/BLLN_Daily_20260805_063457.png
 create mode 100644 charts/screenshots_nasdaq/BLLN/BLLN_Daily_20260806_063853.png
 delete mode 100644 charts/screenshots_nasdaq/BLLN/BLLN_Monthly_20260805_063457.png
 create mode 100644 charts/screenshots_nasdaq/BLLN/BLLN_Monthly_20260806_063853.png
 delete mode 100644 charts/screenshots_nasdaq/BLLN/BLLN_Weekly_20260805_063457.png
 create mode 100644 charts/screenshots_nasdaq/BLLN/BLLN_Weekly_20260806_063853.png
 delete mode 100644 charts/screenshots_nasdaq/BLZE/BLZE_1H_20260805_060309.png
 delete mode 100644 charts/screenshots_nasdaq/BLZE/BLZE_4H_20260805_060309.png
 delete mode 100644 charts/screenshots_nasdaq/BLZE/BLZE_Daily_20260805_060309.png
 delete mode 100644 charts/screenshots_nasdaq/BLZE/BLZE_Monthly_20260805_060309.png
 delete mode 100644 charts/screenshots_nasdaq/BLZE/BLZE_Weekly_20260805_060309.png
 delete mode 100644 charts/screenshots_nasdaq/BTBT/BTBT_1H_20260805_064014.png
 create mode 100644 charts/screenshots_nasdaq/BTBT/BTBT_1H_20260806_064929.png
 delete mode 100644 charts/screenshots_nasdaq/BTBT/BTBT_4H_20260805_064014.png
 create mode 100644 charts/screenshots_nasdaq/BTBT/BTBT_4H_20260806_064929.png
 delete mode 100644 charts/screenshots_nasdaq/BTBT/BTBT_Daily_20260805_064014.png
 create mode 100644 charts/screenshots_nasdaq/BTBT/BTBT_Daily_20260806_064929.png
 delete mode 100644 charts/screenshots_nasdaq/BTBT/BTBT_Monthly_20260805_064014.png
 create mode 100644 charts/screenshots_nasdaq/BTBT/BTBT_Monthly_20260806_064929.png
 delete mode 100644 charts/screenshots_nasdaq/BTBT/BTBT_Weekly_20260805_064014.png
 create mode 100644 charts/screenshots_nasdaq/BTBT/BTBT_Weekly_20260806_064929.png
 delete mode 100644 charts/screenshots_nasdaq/BTDR/BTDR_1H_20260805_063538.png
 create mode 100644 charts/screenshots_nasdaq/BTDR/BTDR_1H_20260806_064809.png
 delete mode 100644 charts/screenshots_nasdaq/BTDR/BTDR_4H_20260805_063538.png
 create mode 100644 charts/screenshots_nasdaq/BTDR/BTDR_4H_20260806_064809.png
 delete mode 100644 charts/screenshots_nasdaq/BTDR/BTDR_Daily_20260805_063538.png
 create mode 100644 charts/screenshots_nasdaq/BTDR/BTDR_Daily_20260806_064809.png
 delete mode 100644 charts/screenshots_nasdaq/BTDR/BTDR_Monthly_20260805_063538.png
 create mode 100644 charts/screenshots_nasdaq/BTDR/BTDR_Monthly_20260806_064809.png
 delete mode 100644 charts/screenshots_nasdaq/BTDR/BTDR_Weekly_20260805_063538.png
 create mode 100644 charts/screenshots_nasdaq/BTDR/BTDR_Weekly_20260806_064809.png
 delete mode 100644 charts/screenshots_nasdaq/BULL/BULL_1H_20260805_061546.png
 create mode 100644 charts/screenshots_nasdaq/BULL/BULL_1H_20260806_064332.png
 delete mode 100644 charts/screenshots_nasdaq/BULL/BULL_4H_20260805_061546.png
 create mode 100644 charts/screenshots_nasdaq/BULL/BULL_4H_20260806_064332.png
 delete mode 100644 charts/screenshots_nasdaq/BULL/BULL_Daily_20260805_061546.png
 create mode 100644 charts/screenshots_nasdaq/BULL/BULL_Daily_20260806_064332.png
 delete mode 100644 charts/screenshots_nasdaq/BULL/BULL_Monthly_20260805_061546.png
 create mode 100644 charts/screenshots_nasdaq/BULL/BULL_Monthly_20260806_064332.png
 delete mode 100644 charts/screenshots_nasdaq/BULL/BULL_Weekly_20260805_061546.png
 create mode 100644 charts/screenshots_nasdaq/BULL/BULL_Weekly_20260806_064332.png
 delete mode 100644 charts/screenshots_nasdaq/BURL/BURL_1H_20260805_055235.png
 delete mode 100644 charts/screenshots_nasdaq/BURL/BURL_4H_20260805_055235.png
 delete mode 100644 charts/screenshots_nasdaq/BURL/BURL_Daily_20260805_055235.png
 delete mode 100644 charts/screenshots_nasdaq/BURL/BURL_Monthly_20260805_055235.png
 delete mode 100644 charts/screenshots_nasdaq/BURL/BURL_Weekly_20260805_055235.png
 create mode 100644 charts/screenshots_nasdaq/BW/BW_1H_20260806_065127.png
 create mode 100644 charts/screenshots_nasdaq/BW/BW_4H_20260806_065127.png
 create mode 100644 charts/screenshots_nasdaq/BW/BW_Daily_20260806_065127.png
 create mode 100644 charts/screenshots_nasdaq/BW/BW_Monthly_20260806_065127.png
 create mode 100644 charts/screenshots_nasdaq/BW/BW_Weekly_20260806_065127.png
 delete mode 100644 charts/screenshots_nasdaq/CAKE/CAKE_1H_20260805_062701.png
 create mode 100644 charts/screenshots_nasdaq/CAKE/CAKE_1H_20260806_062656.png
 delete mode 100644 charts/screenshots_nasdaq/CAKE/CAKE_4H_20260805_062701.png
 create mode 100644 charts/screenshots_nasdaq/CAKE/CAKE_4H_20260806_062656.png
 delete mode 100644 charts/screenshots_nasdaq/CAKE/CAKE_Daily_20260805_062701.png
 create mode 100644 charts/screenshots_nasdaq/CAKE/CAKE_Daily_20260806_062656.png
 delete mode 100644 charts/screenshots_nasdaq/CAKE/CAKE_Monthly_20260805_062701.png
 create mode 100644 charts/screenshots_nasdaq/CAKE/CAKE_Monthly_20260806_062656.png
 delete mode 100644 charts/screenshots_nasdaq/CAKE/CAKE_Weekly_20260805_062701.png
 create mode 100644 charts/screenshots_nasdaq/CAKE/CAKE_Weekly_20260806_062656.png
 delete mode 100644 charts/screenshots_nasdaq/CAR/CAR_1H_20260805_064134.png
 create mode 100644 charts/screenshots_nasdaq/CAR/CAR_1H_20260806_065723.png
 delete mode 100644 charts/screenshots_nasdaq/CAR/CAR_4H_20260805_064134.png
 create mode 100644 charts/screenshots_nasdaq/CAR/CAR_4H_20260806_065723.png
 delete mode 100644 charts/screenshots_nasdaq/CAR/CAR_Daily_20260805_064134.png
 create mode 100644 charts/screenshots_nasdaq/CAR/CAR_Daily_20260806_065723.png
 delete mode 100644 charts/screenshots_nasdaq/CAR/CAR_Monthly_20260805_064134.png
 create mode 100644 charts/screenshots_nasdaq/CAR/CAR_Monthly_20260806_065723.png
 delete mode 100644 charts/screenshots_nasdaq/CAR/CAR_Weekly_20260805_064134.png
 create mode 100644 charts/screenshots_nasdaq/CAR/CAR_Weekly_20260806_065723.png
 delete mode 100644 charts/screenshots_nasdaq/CDNA/CDNA_1H_20260805_062741.png
 delete mode 100644 charts/screenshots_nasdaq/CDNA/CDNA_4H_20260805_062741.png
 delete mode 100644 charts/screenshots_nasdaq/CDNA/CDNA_Daily_20260805_062741.png
 delete mode 100644 charts/screenshots_nasdaq/CDNA/CDNA_Monthly_20260805_062741.png
 delete mode 100644 charts/screenshots_nasdaq/CDNA/CDNA_Weekly_20260805_062741.png
 delete mode 100644 charts/screenshots_nasdaq/CNK/CNK_1H_20260805_061346.png
 create mode 100644 charts/screenshots_nasdaq/CNK/CNK_1H_20260806_062456.png
 delete mode 100644 charts/screenshots_nasdaq/CNK/CNK_4H_20260805_061346.png
 create mode 100644 charts/screenshots_nasdaq/CNK/CNK_4H_20260806_062456.png
 delete mode 100644 charts/screenshots_nasdaq/CNK/CNK_Daily_20260805_061346.png
 create mode 100644 charts/screenshots_nasdaq/CNK/CNK_Daily_20260806_062456.png
 delete mode 100644 charts/screenshots_nasdaq/CNK/CNK_Monthly_20260805_061346.png
 create mode 100644 charts/screenshots_nasdaq/CNK/CNK_Monthly_20260806_062456.png
 delete mode 100644 charts/screenshots_nasdaq/CNK/CNK_Weekly_20260805_061346.png
 create mode 100644 charts/screenshots_nasdaq/CNK/CNK_Weekly_20260806_062456.png
 delete mode 100644 charts/screenshots_nasdaq/COIN/COIN_1H_20260805_064532.png
 create mode 100644 charts/screenshots_nasdaq/COIN/COIN_1H_20260806_065802.png
 delete mode 100644 charts/screenshots_nasdaq/COIN/COIN_4H_20260805_064532.png
 create mode 100644 charts/screenshots_nasdaq/COIN/COIN_4H_20260806_065802.png
 delete mode 100644 charts/screenshots_nasdaq/COIN/COIN_Daily_20260805_064532.png
 create mode 100644 charts/screenshots_nasdaq/COIN/COIN_Daily_20260806_065802.png
 delete mode 100644 charts/screenshots_nasdaq/COIN/COIN_Monthly_20260805_064532.png
 create mode 100644 charts/screenshots_nasdaq/COIN/COIN_Monthly_20260806_065802.png
 delete mode 100644 charts/screenshots_nasdaq/COIN/COIN_Weekly_20260805_064532.png
 create mode 100644 charts/screenshots_nasdaq/COIN/COIN_Weekly_20260806_065802.png
 delete mode 100644 charts/screenshots_nasdaq/CPHI/CPHI_1H_20260805_054637.png
 create mode 100644 charts/screenshots_nasdaq/CPHI/CPHI_1H_20260806_060902.png
 delete mode 100644 charts/screenshots_nasdaq/CPHI/CPHI_4H_20260805_054637.png
 create mode 100644 charts/screenshots_nasdaq/CPHI/CPHI_4H_20260806_060902.png
 delete mode 100644 charts/screenshots_nasdaq/CPHI/CPHI_Daily_20260805_054637.png
 create mode 100644 charts/screenshots_nasdaq/CPHI/CPHI_Daily_20260806_060902.png
 delete mode 100644 charts/screenshots_nasdaq/CPHI/CPHI_Monthly_20260805_054637.png
 create mode 100644 charts/screenshots_nasdaq/CPHI/CPHI_Monthly_20260806_060902.png
 delete mode 100644 charts/screenshots_nasdaq/CPHI/CPHI_Weekly_20260805_054637.png
 create mode 100644 charts/screenshots_nasdaq/CPHI/CPHI_Weekly_20260806_060902.png
 delete mode 100644 charts/screenshots_nasdaq/CROX/CROX_1H_20260805_061426.png
 delete mode 100644 charts/screenshots_nasdaq/CROX/CROX_4H_20260805_061426.png
 delete mode 100644 charts/screenshots_nasdaq/CROX/CROX_Daily_20260805_061426.png
 delete mode 100644 charts/screenshots_nasdaq/CROX/CROX_Monthly_20260805_061426.png
 delete mode 100644 charts/screenshots_nasdaq/CROX/CROX_Weekly_20260805_061426.png
 delete mode 100644 charts/screenshots_nasdaq/CSW/CSW_1H_20260805_060111.png
 create mode 100644 charts/screenshots_nasdaq/CSW/CSW_1H_20260806_060146.png
 delete mode 100644 charts/screenshots_nasdaq/CSW/CSW_4H_20260805_060111.png
 create mode 100644 charts/screenshots_nasdaq/CSW/CSW_4H_20260806_060146.png
 delete mode 100644 charts/screenshots_nasdaq/CSW/CSW_Daily_20260805_060111.png
 create mode 100644 charts/screenshots_nasdaq/CSW/CSW_Daily_20260806_060146.png
 delete mode 100644 charts/screenshots_nasdaq/CSW/CSW_Monthly_20260805_060111.png
 create mode 100644 charts/screenshots_nasdaq/CSW/CSW_Monthly_20260806_060146.png
 delete mode 100644 charts/screenshots_nasdaq/CSW/CSW_Weekly_20260805_060111.png
 create mode 100644 charts/screenshots_nasdaq/CSW/CSW_Weekly_20260806_060146.png
 delete mode 100644 charts/screenshots_nasdaq/DBX/DBX_1H_20260805_060549.png
 create mode 100644 charts/screenshots_nasdaq/DBX/DBX_1H_20260806_063256.png
 delete mode 100644 charts/screenshots_nasdaq/DBX/DBX_4H_20260805_060549.png
 create mode 100644 charts/screenshots_nasdaq/DBX/DBX_4H_20260806_063256.png
 delete mode 100644 charts/screenshots_nasdaq/DBX/DBX_Daily_20260805_060549.png
 create mode 100644 charts/screenshots_nasdaq/DBX/DBX_Daily_20260806_063256.png
 delete mode 100644 charts/screenshots_nasdaq/DBX/DBX_Monthly_20260805_060549.png
 create mode 100644 charts/screenshots_nasdaq/DBX/DBX_Monthly_20260806_063256.png
 delete mode 100644 charts/screenshots_nasdaq/DBX/DBX_Weekly_20260805_060549.png
 create mode 100644 charts/screenshots_nasdaq/DBX/DBX_Weekly_20260806_063256.png
 delete mode 100644 charts/screenshots_nasdaq/DK/DK_1H_20260805_054517.png
 delete mode 100644 charts/screenshots_nasdaq/DK/DK_4H_20260805_054517.png
 delete mode 100644 charts/screenshots_nasdaq/DK/DK_Daily_20260805_054517.png
 delete mode 100644 charts/screenshots_nasdaq/DK/DK_Monthly_20260805_054517.png
 delete mode 100644 charts/screenshots_nasdaq/DK/DK_Weekly_20260805_054517.png
 delete mode 100644 charts/screenshots_nasdaq/DKNG/DKNG_1H_20260805_064652.png
 create mode 100644 charts/screenshots_nasdaq/DKNG/DKNG_1H_20260806_065247.png
 delete mode 100644 charts/screenshots_nasdaq/DKNG/DKNG_4H_20260805_064652.png
 create mode 100644 charts/screenshots_nasdaq/DKNG/DKNG_4H_20260806_065247.png
 delete mode 100644 charts/screenshots_nasdaq/DKNG/DKNG_Daily_20260805_064652.png
 create mode 100644 charts/screenshots_nasdaq/DKNG/DKNG_Daily_20260806_065247.png
 delete mode 100644 charts/screenshots_nasdaq/DKNG/DKNG_Monthly_20260805_064652.png
 create mode 100644 charts/screenshots_nasdaq/DKNG/DKNG_Monthly_20260806_065247.png
 delete mode 100644 charts/screenshots_nasdaq/DKNG/DKNG_Weekly_20260805_064652.png
 create mode 100644 charts/screenshots_nasdaq/DKNG/DKNG_Weekly_20260806_065247.png
 delete mode 100644 charts/screenshots_nasdaq/DUOL/DUOL_1H_20260805_061825.png
 create mode 100644 charts/screenshots_nasdaq/DUOL/DUOL_1H_20260806_063215.png
 delete mode 100644 charts/screenshots_nasdaq/DUOL/DUOL_4H_20260805_061825.png
 create mode 100644 charts/screenshots_nasdaq/DUOL/DUOL_4H_20260806_063215.png
 delete mode 100644 charts/screenshots_nasdaq/DUOL/DUOL_Daily_20260805_061825.png
 create mode 100644 charts/screenshots_nasdaq/DUOL/DUOL_Daily_20260806_063215.png
 delete mode 100644 charts/screenshots_nasdaq/DUOL/DUOL_Monthly_20260805_061825.png
 create mode 100644 charts/screenshots_nasdaq/DUOL/DUOL_Monthly_20260806_063215.png
 delete mode 100644 charts/screenshots_nasdaq/DUOL/DUOL_Weekly_20260805_061825.png
 create mode 100644 charts/screenshots_nasdaq/DUOL/DUOL_Weekly_20260806_063215.png
 delete mode 100644 charts/screenshots_nasdaq/DXCM/DXCM_1H_20260805_062104.png
 delete mode 100644 charts/screenshots_nasdaq/DXCM/DXCM_4H_20260805_062104.png
 delete mode 100644 charts/screenshots_nasdaq/DXCM/DXCM_Daily_20260805_062104.png
 delete mode 100644 charts/screenshots_nasdaq/DXCM/DXCM_Monthly_20260805_062104.png
 delete mode 100644 charts/screenshots_nasdaq/DXCM/DXCM_Weekly_20260805_062104.png
 create mode 100644 charts/screenshots_nasdaq/EAT/EAT_1H_20260806_061858.png
 create mode 100644 charts/screenshots_nasdaq/EAT/EAT_4H_20260806_061858.png
 create mode 100644 charts/screenshots_nasdaq/EAT/EAT_Daily_20260806_061858.png
 create mode 100644 charts/screenshots_nasdaq/EAT/EAT_Monthly_20260806_061858.png
 create mode 100644 charts/screenshots_nasdaq/EAT/EAT_Weekly_20260806_061858.png
 delete mode 100644 charts/screenshots_nasdaq/ELVN/ELVN_1H_20260805_055554.png
 delete mode 100644 charts/screenshots_nasdaq/ELVN/ELVN_4H_20260805_055554.png
 delete mode 100644 charts/screenshots_nasdaq/ELVN/ELVN_Daily_20260805_055554.png
 delete mode 100644 charts/screenshots_nasdaq/ELVN/ELVN_Monthly_20260805_055554.png
 delete mode 100644 charts/screenshots_nasdaq/ELVN/ELVN_Weekly_20260805_055554.png
 delete mode 100644 charts/screenshots_nasdaq/EMR/EMR_1H_20260805_060349.png
 create mode 100644 charts/screenshots_nasdaq/EMR/EMR_1H_20260806_055947.png
 delete mode 100644 charts/screenshots_nasdaq/EMR/EMR_4H_20260805_060349.png
 create mode 100644 charts/screenshots_nasdaq/EMR/EMR_4H_20260806_055947.png
 delete mode 100644 charts/screenshots_nasdaq/EMR/EMR_Daily_20260805_060349.png
 create mode 100644 charts/screenshots_nasdaq/EMR/EMR_Daily_20260806_055947.png
 delete mode 100644 charts/screenshots_nasdaq/EMR/EMR_Monthly_20260805_060349.png
 create mode 100644 charts/screenshots_nasdaq/EMR/EMR_Monthly_20260806_055947.png
 delete mode 100644 charts/screenshots_nasdaq/EMR/EMR_Weekly_20260805_060349.png
 create mode 100644 charts/screenshots_nasdaq/EMR/EMR_Weekly_20260806_055947.png
 delete mode 100644 charts/screenshots_nasdaq/EXPE/EXPE_1H_20260805_055633.png
 create mode 100644 charts/screenshots_nasdaq/EXPE/EXPE_1H_20260806_060744.png
 delete mode 100644 charts/screenshots_nasdaq/EXPE/EXPE_4H_20260805_055633.png
 create mode 100644 charts/screenshots_nasdaq/EXPE/EXPE_4H_20260806_060744.png
 delete mode 100644 charts/screenshots_nasdaq/EXPE/EXPE_Daily_20260805_055633.png
 create mode 100644 charts/screenshots_nasdaq/EXPE/EXPE_Daily_20260806_060744.png
 delete mode 100644 charts/screenshots_nasdaq/EXPE/EXPE_Monthly_20260805_055633.png
 create mode 100644 charts/screenshots_nasdaq/EXPE/EXPE_Monthly_20260806_060744.png
 delete mode 100644 charts/screenshots_nasdaq/EXPE/EXPE_Weekly_20260805_055633.png
 create mode 100644 charts/screenshots_nasdaq/EXPE/EXPE_Weekly_20260806_060744.png
 delete mode 100644 charts/screenshots_nasdaq/FBRX/FBRX_1H_20260805_061306.png
 create mode 100644 charts/screenshots_nasdaq/FBRX/FBRX_1H_20260806_062536.png
 delete mode 100644 charts/screenshots_nasdaq/FBRX/FBRX_4H_20260805_061306.png
 create mode 100644 charts/screenshots_nasdaq/FBRX/FBRX_4H_20260806_062536.png
 delete mode 100644 charts/screenshots_nasdaq/FBRX/FBRX_Daily_20260805_061306.png
 create mode 100644 charts/screenshots_nasdaq/FBRX/FBRX_Daily_20260806_062536.png
 delete mode 100644 charts/screenshots_nasdaq/FBRX/FBRX_Monthly_20260805_061306.png
 create mode 100644 charts/screenshots_nasdaq/FBRX/FBRX_Monthly_20260806_062536.png
 delete mode 100644 charts/screenshots_nasdaq/FBRX/FBRX_Weekly_20260805_061306.png
 create mode 100644 charts/screenshots_nasdaq/FBRX/FBRX_Weekly_20260806_062536.png
 create mode 100644 charts/screenshots_nasdaq/FIG/FIG_1H_20260806_064531.png
 create mode 100644 charts/screenshots_nasdaq/FIG/FIG_4H_20260806_064531.png
 create mode 100644 charts/screenshots_nasdaq/FIG/FIG_Daily_20260806_064531.png
 create mode 100644 charts/screenshots_nasdaq/FIG/FIG_Monthly_20260806_064531.png
 create mode 100644 charts/screenshots_nasdaq/FIG/FIG_Weekly_20260806_064531.png
 delete mode 100644 charts/screenshots_nasdaq/FIVN/FIVN_1H_20260805_062423.png
 create mode 100644 charts/screenshots_nasdaq/FIVN/FIVN_1H_20260806_061339.png
 delete mode 100644 charts/screenshots_nasdaq/FIVN/FIVN_4H_20260805_062423.png
 create mode 100644 charts/screenshots_nasdaq/FIVN/FIVN_4H_20260806_061339.png
 delete mode 100644 charts/screenshots_nasdaq/FIVN/FIVN_Daily_20260805_062423.png
 create mode 100644 charts/screenshots_nasdaq/FIVN/FIVN_Daily_20260806_061339.png
 delete mode 100644 charts/screenshots_nasdaq/FIVN/FIVN_Monthly_20260805_062423.png
 create mode 100644 charts/screenshots_nasdaq/FIVN/FIVN_Monthly_20260806_061339.png
 delete mode 100644 charts/screenshots_nasdaq/FIVN/FIVN_Weekly_20260805_062423.png
 create mode 100644 charts/screenshots_nasdaq/FIVN/FIVN_Weekly_20260806_061339.png
 delete mode 100644 charts/screenshots_nasdaq/FLO/FLO_1H_20260805_064451.png
 create mode 100644 charts/screenshots_nasdaq/FLO/FLO_1H_20260806_065605.png
 delete mode 100644 charts/screenshots_nasdaq/FLO/FLO_4H_20260805_064451.png
 create mode 100644 charts/screenshots_nasdaq/FLO/FLO_4H_20260806_065605.png
 delete mode 100644 charts/screenshots_nasdaq/FLO/FLO_Daily_20260805_064451.png
 create mode 100644 charts/screenshots_nasdaq/FLO/FLO_Daily_20260806_065605.png
 delete mode 100644 charts/screenshots_nasdaq/FLO/FLO_Monthly_20260805_064451.png
 create mode 100644 charts/screenshots_nasdaq/FLO/FLO_Monthly_20260806_065605.png
 delete mode 100644 charts/screenshots_nasdaq/FLO/FLO_Weekly_20260805_064451.png
 create mode 100644 charts/screenshots_nasdaq/FLO/FLO_Weekly_20260806_065605.png
 create mode 100644 charts/screenshots_nasdaq/FLUT/FLUT_1H_20260806_065327.png
 create mode 100644 charts/screenshots_nasdaq/FLUT/FLUT_4H_20260806_065327.png
 create mode 100644 charts/screenshots_nasdaq/FLUT/FLUT_Daily_20260806_065327.png
 create mode 100644 charts/screenshots_nasdaq/FLUT/FLUT_Monthly_20260806_065327.png
 create mode 100644 charts/screenshots_nasdaq/FLUT/FLUT_Weekly_20260806_065327.png
 delete mode 100644 charts/screenshots_nasdaq/GGB/GGB_1H_20260805_054358.png
 create mode 100644 charts/screenshots_nasdaq/GGB/GGB_1H_20260806_060306.png
 delete mode 100644 charts/screenshots_nasdaq/GGB/GGB_4H_20260805_054358.png
 create mode 100644 charts/screenshots_nasdaq/GGB/GGB_4H_20260806_060306.png
 delete mode 100644 charts/screenshots_nasdaq/GGB/GGB_Daily_20260805_054358.png
 create mode 100644 charts/screenshots_nasdaq/GGB/GGB_Daily_20260806_060306.png
 delete mode 100644 charts/screenshots_nasdaq/GGB/GGB_Monthly_20260805_054358.png
 create mode 100644 charts/screenshots_nasdaq/GGB/GGB_Monthly_20260806_060306.png
 delete mode 100644 charts/screenshots_nasdaq/GGB/GGB_Weekly_20260805_054358.png
 create mode 100644 charts/screenshots_nasdaq/GGB/GGB_Weekly_20260806_060306.png
 delete mode 100644 charts/screenshots_nasdaq/GLBE/GLBE_1H_20260805_061507.png
 delete mode 100644 charts/screenshots_nasdaq/GLBE/GLBE_4H_20260805_061507.png
 delete mode 100644 charts/screenshots_nasdaq/GLBE/GLBE_Daily_20260805_061507.png
 delete mode 100644 charts/screenshots_nasdaq/GLBE/GLBE_Monthly_20260805_061507.png
 delete mode 100644 charts/screenshots_nasdaq/GLBE/GLBE_Weekly_20260805_061507.png
 create mode 100644 charts/screenshots_nasdaq/GLXY/GLXY_1H_20260806_065407.png
 create mode 100644 charts/screenshots_nasdaq/GLXY/GLXY_4H_20260806_065407.png
 create mode 100644 charts/screenshots_nasdaq/GLXY/GLXY_Daily_20260806_065407.png
 create mode 100644 charts/screenshots_nasdaq/GLXY/GLXY_Monthly_20260806_065407.png
 create mode 100644 charts/screenshots_nasdaq/GLXY/GLXY_Weekly_20260806_065407.png
 create mode 100644 charts/screenshots_nasdaq/GM/GM_1H_20260806_061023.png
 create mode 100644 charts/screenshots_nasdaq/GM/GM_4H_20260806_061023.png
 create mode 100644 charts/screenshots_nasdaq/GM/GM_Daily_20260806_061023.png
 create mode 100644 charts/screenshots_nasdaq/GM/GM_Monthly_20260806_061023.png
 create mode 100644 charts/screenshots_nasdaq/GM/GM_Weekly_20260806_061023.png
 delete mode 100644 charts/screenshots_nasdaq/GPN/GPN_1H_20260805_054437.png
 delete mode 100644 charts/screenshots_nasdaq/GPN/GPN_4H_20260805_054437.png
 delete mode 100644 charts/screenshots_nasdaq/GPN/GPN_Daily_20260805_054437.png
 delete mode 100644 charts/screenshots_nasdaq/GPN/GPN_Monthly_20260805_054437.png
 delete mode 100644 charts/screenshots_nasdaq/GPN/GPN_Weekly_20260805_054437.png
 delete mode 100644 charts/screenshots_nasdaq/GRMN/GRMN_1H_20260805_062820.png
 create mode 100644 charts/screenshots_nasdaq/GRMN/GRMN_1H_20260806_062616.png
 delete mode 100644 charts/screenshots_nasdaq/GRMN/GRMN_4H_20260805_062820.png
 create mode 100644 charts/screenshots_nasdaq/GRMN/GRMN_4H_20260806_062616.png
 delete mode 100644 charts/screenshots_nasdaq/GRMN/GRMN_Daily_20260805_062820.png
 create mode 100644 charts/screenshots_nasdaq/GRMN/GRMN_Daily_20260806_062616.png
 delete mode 100644 charts/screenshots_nasdaq/GRMN/GRMN_Monthly_20260805_062820.png
 create mode 100644 charts/screenshots_nasdaq/GRMN/GRMN_Monthly_20260806_062616.png
 delete mode 100644 charts/screenshots_nasdaq/GRMN/GRMN_Weekly_20260805_062820.png
 create mode 100644 charts/screenshots_nasdaq/GRMN/GRMN_Weekly_20260806_062616.png
 delete mode 100644 charts/screenshots_nasdaq/GTES/GTES_1H_20260805_061626.png
 delete mode 100644 charts/screenshots_nasdaq/GTES/GTES_4H_20260805_061626.png
 delete mode 100644 charts/screenshots_nasdaq/GTES/GTES_Daily_20260805_061626.png
 delete mode 100644 charts/screenshots_nasdaq/GTES/GTES_Monthly_20260805_061626.png
 delete mode 100644 charts/screenshots_nasdaq/GTES/GTES_Weekly_20260805_061626.png
 delete mode 100644 charts/screenshots_nasdaq/HAE/HAE_1H_20260805_054716.png
 delete mode 100644 charts/screenshots_nasdaq/HAE/HAE_4H_20260805_054716.png
 delete mode 100644 charts/screenshots_nasdaq/HAE/HAE_Daily_20260805_054716.png
 delete mode 100644 charts/screenshots_nasdaq/HAE/HAE_Monthly_20260805_054716.png
 delete mode 100644 charts/screenshots_nasdaq/HAE/HAE_Weekly_20260805_054716.png
 delete mode 100644 charts/screenshots_nasdaq/HPQ/HPQ_1H_20260805_060629.png
 create mode 100644 charts/screenshots_nasdaq/HPQ/HPQ_1H_20260806_061102.png
 delete mode 100644 charts/screenshots_nasdaq/HPQ/HPQ_4H_20260805_060629.png
 create mode 100644 charts/screenshots_nasdaq/HPQ/HPQ_4H_20260806_061102.png
 delete mode 100644 charts/screenshots_nasdaq/HPQ/HPQ_Daily_20260805_060629.png
 create mode 100644 charts/screenshots_nasdaq/HPQ/HPQ_Daily_20260806_061102.png
 delete mode 100644 charts/screenshots_nasdaq/HPQ/HPQ_Monthly_20260805_060629.png
 create mode 100644 charts/screenshots_nasdaq/HPQ/HPQ_Monthly_20260806_061102.png
 delete mode 100644 charts/screenshots_nasdaq/HPQ/HPQ_Weekly_20260805_060629.png
 create mode 100644 charts/screenshots_nasdaq/HPQ/HPQ_Weekly_20260806_061102.png
 delete mode 100644 charts/screenshots_nasdaq/HTZ/HTZ_1H_20260805_063854.png
 create mode 100644 charts/screenshots_nasdaq/HTZ/HTZ_1H_20260806_064650.png
 delete mode 100644 charts/screenshots_nasdaq/HTZ/HTZ_4H_20260805_063854.png
 create mode 100644 charts/screenshots_nasdaq/HTZ/HTZ_4H_20260806_064650.png
 delete mode 100644 charts/screenshots_nasdaq/HTZ/HTZ_Daily_20260805_063854.png
 create mode 100644 charts/screenshots_nasdaq/HTZ/HTZ_Daily_20260806_064650.png
 delete mode 100644 charts/screenshots_nasdaq/HTZ/HTZ_Monthly_20260805_063854.png
 create mode 100644 charts/screenshots_nasdaq/HTZ/HTZ_Monthly_20260806_064650.png
 delete mode 100644 charts/screenshots_nasdaq/HTZ/HTZ_Weekly_20260805_063854.png
 create mode 100644 charts/screenshots_nasdaq/HTZ/HTZ_Weekly_20260806_064650.png
 create mode 100644 charts/screenshots_nasdaq/HUBS/HUBS_1H_20260806_064013.png
 create mode 100644 charts/screenshots_nasdaq/HUBS/HUBS_4H_20260806_064013.png
 create mode 100644 charts/screenshots_nasdaq/HUBS/HUBS_Daily_20260806_064013.png
 create mode 100644 charts/screenshots_nasdaq/HUBS/HUBS_Monthly_20260806_064013.png
 create mode 100644 charts/screenshots_nasdaq/HUBS/HUBS_Weekly_20260806_064013.png
 delete mode 100644 charts/screenshots_nasdaq/IESC/IESC_1H_20260805_063138.png
 create mode 100644 charts/screenshots_nasdaq/IESC/IESC_1H_20260806_063014.png
 delete mode 100644 charts/screenshots_nasdaq/IESC/IESC_4H_20260805_063138.png
 create mode 100644 charts/screenshots_nasdaq/IESC/IESC_4H_20260806_063014.png
 delete mode 100644 charts/screenshots_nasdaq/IESC/IESC_Daily_20260805_063138.png
 create mode 100644 charts/screenshots_nasdaq/IESC/IESC_Daily_20260806_063014.png
 delete mode 100644 charts/screenshots_nasdaq/IESC/IESC_Monthly_20260805_063138.png
 create mode 100644 charts/screenshots_nasdaq/IESC/IESC_Monthly_20260806_063014.png
 delete mode 100644 charts/screenshots_nasdaq/IESC/IESC_Weekly_20260805_063138.png
 create mode 100644 charts/screenshots_nasdaq/IESC/IESC_Weekly_20260806_063014.png
 delete mode 100644 charts/screenshots_nasdaq/IMAX/IMAX_1H_20260805_062503.png
 create mode 100644 charts/screenshots_nasdaq/IMAX/IMAX_1H_20260806_061141.png
 delete mode 100644 charts/screenshots_nasdaq/IMAX/IMAX_4H_20260805_062503.png
 create mode 100644 charts/screenshots_nasdaq/IMAX/IMAX_4H_20260806_061141.png
 delete mode 100644 charts/screenshots_nasdaq/IMAX/IMAX_Daily_20260805_062503.png
 create mode 100644 charts/screenshots_nasdaq/IMAX/IMAX_Daily_20260806_061141.png
 delete mode 100644 charts/screenshots_nasdaq/IMAX/IMAX_Monthly_20260805_062503.png
 create mode 100644 charts/screenshots_nasdaq/IMAX/IMAX_Monthly_20260806_061141.png
 delete mode 100644 charts/screenshots_nasdaq/IMAX/IMAX_Weekly_20260805_062503.png
 create mode 100644 charts/screenshots_nasdaq/IMAX/IMAX_Weekly_20260806_061141.png
 create mode 100644 charts/screenshots_nasdaq/INSM/INSM_1H_20260806_065446.png
 create mode 100644 charts/screenshots_nasdaq/INSM/INSM_4H_20260806_065446.png
 create mode 100644 charts/screenshots_nasdaq/INSM/INSM_Daily_20260806_065446.png
 create mode 100644 charts/screenshots_nasdaq/INSM/INSM_Monthly_20260806_065446.png
 create mode 100644 charts/screenshots_nasdaq/INSM/INSM_Weekly_20260806_065446.png
 create mode 100644 charts/screenshots_nasdaq/INSP/INSP_1H_20260806_064451.png
 create mode 100644 charts/screenshots_nasdaq/INSP/INSP_4H_20260806_064451.png
 create mode 100644 charts/screenshots_nasdaq/INSP/INSP_Daily_20260806_064451.png
 create mode 100644 charts/screenshots_nasdaq/INSP/INSP_Monthly_20260806_064451.png
 create mode 100644 charts/screenshots_nasdaq/INSP/INSP_Weekly_20260806_064451.png
 delete mode 100644 charts/screenshots_nasdaq/ITGR/ITGR_1H_20260805_062901.png
 create mode 100644 charts/screenshots_nasdaq/ITGR/ITGR_1H_20260806_063655.png
 delete mode 100644 charts/screenshots_nasdaq/ITGR/ITGR_4H_20260805_062901.png
 create mode 100644 charts/screenshots_nasdaq/ITGR/ITGR_4H_20260806_063655.png
 delete mode 100644 charts/screenshots_nasdaq/ITGR/ITGR_Daily_20260805_062901.png
 create mode 100644 charts/screenshots_nasdaq/ITGR/ITGR_Daily_20260806_063655.png
 delete mode 100644 charts/screenshots_nasdaq/ITGR/ITGR_Monthly_20260805_062901.png
 create mode 100644 charts/screenshots_nasdaq/ITGR/ITGR_Monthly_20260806_063655.png
 delete mode 100644 charts/screenshots_nasdaq/ITGR/ITGR_Weekly_20260805_062901.png
 create mode 100644 charts/screenshots_nasdaq/ITGR/ITGR_Weekly_20260806_063655.png
 delete mode 100644 charts/screenshots_nasdaq/IVZ/IVZ_1H_20260805_061705.png
 delete mode 100644 charts/screenshots_nasdaq/IVZ/IVZ_4H_20260805_061705.png
 delete mode 100644 charts/screenshots_nasdaq/IVZ/IVZ_Daily_20260805_061705.png
 delete mode 100644 charts/screenshots_nasdaq/IVZ/IVZ_Monthly_20260805_061705.png
 delete mode 100644 charts/screenshots_nasdaq/IVZ/IVZ_Weekly_20260805_061705.png
 create mode 100644 charts/screenshots_nasdaq/JLL/JLL_1H_20260806_062018.png
 create mode 100644 charts/screenshots_nasdaq/JLL/JLL_4H_20260806_062018.png
 create mode 100644 charts/screenshots_nasdaq/JLL/JLL_Daily_20260806_062018.png
 create mode 100644 charts/screenshots_nasdaq/JLL/JLL_Monthly_20260806_062018.png
 create mode 100644 charts/screenshots_nasdaq/JLL/JLL_Weekly_20260806_062018.png
 delete mode 100644 charts/screenshots_nasdaq/JXN/JXN_1H_20260805_055712.png
 create mode 100644 charts/screenshots_nasdaq/JXN/JXN_1H_20260806_062057.png
 delete mode 100644 charts/screenshots_nasdaq/JXN/JXN_4H_20260805_055712.png
 create mode 100644 charts/screenshots_nasdaq/JXN/JXN_4H_20260806_062057.png
 delete mode 100644 charts/screenshots_nasdaq/JXN/JXN_Daily_20260805_055712.png
 create mode 100644 charts/screenshots_nasdaq/JXN/JXN_Daily_20260806_062057.png
 delete mode 100644 charts/screenshots_nasdaq/JXN/JXN_Monthly_20260805_055712.png
 create mode 100644 charts/screenshots_nasdaq/JXN/JXN_Monthly_20260806_062057.png
 delete mode 100644 charts/screenshots_nasdaq/JXN/JXN_Weekly_20260805_055712.png
 create mode 100644 charts/screenshots_nasdaq/JXN/JXN_Weekly_20260806_062057.png
 create mode 100644 charts/screenshots_nasdaq/KFY/KFY_1H_20260806_060425.png
 create mode 100644 charts/screenshots_nasdaq/KFY/KFY_4H_20260806_060425.png
 create mode 100644 charts/screenshots_nasdaq/KFY/KFY_Daily_20260806_060425.png
 create mode 100644 charts/screenshots_nasdaq/KFY/KFY_Monthly_20260806_060425.png
 create mode 100644 charts/screenshots_nasdaq/KFY/KFY_Weekly_20260806_060425.png
 delete mode 100644 charts/screenshots_nasdaq/KLAR/KLAR_1H_20260805_063059.png
 create mode 100644 charts/screenshots_nasdaq/KLAR/KLAR_1H_20260806_062855.png
 delete mode 100644 charts/screenshots_nasdaq/KLAR/KLAR_4H_20260805_063059.png
 create mode 100644 charts/screenshots_nasdaq/KLAR/KLAR_4H_20260806_062855.png
 delete mode 100644 charts/screenshots_nasdaq/KLAR/KLAR_Daily_20260805_063059.png
 create mode 100644 charts/screenshots_nasdaq/KLAR/KLAR_Daily_20260806_062855.png
 delete mode 100644 charts/screenshots_nasdaq/KLAR/KLAR_Monthly_20260805_063059.png
 create mode 100644 charts/screenshots_nasdaq/KLAR/KLAR_Monthly_20260806_062855.png
 delete mode 100644 charts/screenshots_nasdaq/KLAR/KLAR_Weekly_20260805_063059.png
 create mode 100644 charts/screenshots_nasdaq/KLAR/KLAR_Weekly_20260806_062855.png
 create mode 100644 charts/screenshots_nasdaq/LAES/LAES_1H_20260806_070042.png
 create mode 100644 charts/screenshots_nasdaq/LAES/LAES_4H_20260806_070042.png
 create mode 100644 charts/screenshots_nasdaq/LAES/LAES_Daily_20260806_070042.png
 create mode 100644 charts/screenshots_nasdaq/LAES/LAES_Monthly_20260806_070042.png
 create mode 100644 charts/screenshots_nasdaq/LAES/LAES_Weekly_20260806_070042.png
 delete mode 100644 charts/screenshots_nasdaq/LEGN/LEGN_1H_20260805_063657.png
 delete mode 100644 charts/screenshots_nasdaq/LEGN/LEGN_4H_20260805_063657.png
 delete mode 100644 charts/screenshots_nasdaq/LEGN/LEGN_Daily_20260805_063657.png
 delete mode 100644 charts/screenshots_nasdaq/LEGN/LEGN_Monthly_20260805_063657.png
 delete mode 100644 charts/screenshots_nasdaq/LEGN/LEGN_Weekly_20260805_063657.png
 delete mode 100644 charts/screenshots_nasdaq/LNC/LNC_1H_20260805_060708.png
 create mode 100644 charts/screenshots_nasdaq/LNC/LNC_1H_20260806_062137.png
 delete mode 100644 charts/screenshots_nasdaq/LNC/LNC_4H_20260805_060708.png
 create mode 100644 charts/screenshots_nasdaq/LNC/LNC_4H_20260806_062137.png
 delete mode 100644 charts/screenshots_nasdaq/LNC/LNC_Daily_20260805_060708.png
 create mode 100644 charts/screenshots_nasdaq/LNC/LNC_Daily_20260806_062137.png
 delete mode 100644 charts/screenshots_nasdaq/LNC/LNC_Monthly_20260805_060708.png
 create mode 100644 charts/screenshots_nasdaq/LNC/LNC_Monthly_20260806_062137.png
 delete mode 100644 charts/screenshots_nasdaq/LNC/LNC_Weekly_20260805_060708.png
 create mode 100644 charts/screenshots_nasdaq/LNC/LNC_Weekly_20260806_062137.png
 delete mode 100644 charts/screenshots_nasdaq/LRN/LRN_1H_20260805_063736.png
 create mode 100644 charts/screenshots_nasdaq/LRN/LRN_1H_20260806_064611.png
 delete mode 100644 charts/screenshots_nasdaq/LRN/LRN_4H_20260805_063736.png
 create mode 100644 charts/screenshots_nasdaq/LRN/LRN_4H_20260806_064611.png
 delete mode 100644 charts/screenshots_nasdaq/LRN/LRN_Daily_20260805_063736.png
 create mode 100644 charts/screenshots_nasdaq/LRN/LRN_Daily_20260806_064611.png
 delete mode 100644 charts/screenshots_nasdaq/LRN/LRN_Monthly_20260805_063736.png
 create mode 100644 charts/screenshots_nasdaq/LRN/LRN_Monthly_20260806_064611.png
 delete mode 100644 charts/screenshots_nasdaq/LRN/LRN_Weekly_20260805_063736.png
 create mode 100644 charts/screenshots_nasdaq/LRN/LRN_Weekly_20260806_064611.png
 delete mode 100644 charts/screenshots_nasdaq/LUNR/LUNR_1H_20260805_063815.png
 delete mode 100644 charts/screenshots_nasdaq/LUNR/LUNR_4H_20260805_063815.png
 delete mode 100644 charts/screenshots_nasdaq/LUNR/LUNR_Daily_20260805_063815.png
 delete mode 100644 charts/screenshots_nasdaq/LUNR/LUNR_Monthly_20260805_063815.png
 delete mode 100644 charts/screenshots_nasdaq/LUNR/LUNR_Weekly_20260805_063815.png
 delete mode 100644 charts/screenshots_nasdaq/M/M_1H_20260805_062144.png
 delete mode 100644 charts/screenshots_nasdaq/M/M_4H_20260805_062144.png
 delete mode 100644 charts/screenshots_nasdaq/M/M_Daily_20260805_062144.png
 delete mode 100644 charts/screenshots_nasdaq/M/M_Monthly_20260805_062144.png
 delete mode 100644 charts/screenshots_nasdaq/M/M_Weekly_20260805_062144.png
 delete mode 100644 charts/screenshots_nasdaq/MAN/MAN_1H_20260805_055315.png
 create mode 100644 charts/screenshots_nasdaq/MAN/MAN_1H_20260806_060505.png
 delete mode 100644 charts/screenshots_nasdaq/MAN/MAN_4H_20260805_055315.png
 create mode 100644 charts/screenshots_nasdaq/MAN/MAN_4H_20260806_060505.png
 delete mode 100644 charts/screenshots_nasdaq/MAN/MAN_Daily_20260805_055315.png
 create mode 100644 charts/screenshots_nasdaq/MAN/MAN_Daily_20260806_060505.png
 delete mode 100644 charts/screenshots_nasdaq/MAN/MAN_Monthly_20260805_055315.png
 create mode 100644 charts/screenshots_nasdaq/MAN/MAN_Monthly_20260806_060505.png
 delete mode 100644 charts/screenshots_nasdaq/MAN/MAN_Weekly_20260805_055315.png
 create mode 100644 charts/screenshots_nasdaq/MAN/MAN_Weekly_20260806_060505.png
 create mode 100644 charts/screenshots_nasdaq/MLI/MLI_1H_20260806_060227.png
 create mode 100644 charts/screenshots_nasdaq/MLI/MLI_4H_20260806_060227.png
 create mode 100644 charts/screenshots_nasdaq/MLI/MLI_Daily_20260806_060227.png
 create mode 100644 charts/screenshots_nasdaq/MLI/MLI_Monthly_20260806_060227.png
 create mode 100644 charts/screenshots_nasdaq/MLI/MLI_Weekly_20260806_060227.png
 delete mode 100644 charts/screenshots_nasdaq/MMM/MMM_1H_20260805_055355.png
 create mode 100644 charts/screenshots_nasdaq/MMM/MMM_1H_20260806_060545.png
 delete mode 100644 charts/screenshots_nasdaq/MMM/MMM_4H_20260805_055355.png
 create mode 100644 charts/screenshots_nasdaq/MMM/MMM_4H_20260806_060545.png
 delete mode 100644 charts/screenshots_nasdaq/MMM/MMM_Daily_20260805_055355.png
 create mode 100644 charts/screenshots_nasdaq/MMM/MMM_Daily_20260806_060545.png
 delete mode 100644 charts/screenshots_nasdaq/MMM/MMM_Monthly_20260805_055355.png
 create mode 100644 charts/screenshots_nasdaq/MMM/MMM_Monthly_20260806_060545.png
 delete mode 100644 charts/screenshots_nasdaq/MMM/MMM_Weekly_20260805_055355.png
 create mode 100644 charts/screenshots_nasdaq/MMM/MMM_Weekly_20260806_060545.png
 delete mode 100644 charts/screenshots_nasdaq/MNPR/MNPR_1H_20260805_060430.png
 delete mode 100644 charts/screenshots_nasdaq/MNPR/MNPR_4H_20260805_060430.png
 delete mode 100644 charts/screenshots_nasdaq/MNPR/MNPR_Daily_20260805_060430.png
 delete mode 100644 charts/screenshots_nasdaq/MNPR/MNPR_Monthly_20260805_060430.png
 delete mode 100644 charts/screenshots_nasdaq/MNPR/MNPR_Weekly_20260805_060430.png
 delete mode 100644 charts/screenshots_nasdaq/MT/MT_1H_20260805_061745.png
 create mode 100644 charts/screenshots_nasdaq/MT/MT_1H_20260806_063135.png
 delete mode 100644 charts/screenshots_nasdaq/MT/MT_4H_20260805_061745.png
 create mode 100644 charts/screenshots_nasdaq/MT/MT_4H_20260806_063135.png
 delete mode 100644 charts/screenshots_nasdaq/MT/MT_Daily_20260805_061745.png
 create mode 100644 charts/screenshots_nasdaq/MT/MT_Daily_20260806_063135.png
 delete mode 100644 charts/screenshots_nasdaq/MT/MT_Monthly_20260805_061745.png
 create mode 100644 charts/screenshots_nasdaq/MT/MT_Monthly_20260806_063135.png
 delete mode 100644 charts/screenshots_nasdaq/MT/MT_Weekly_20260805_061745.png
 create mode 100644 charts/screenshots_nasdaq/MT/MT_Weekly_20260806_063135.png
 create mode 100644 charts/screenshots_nasdaq/MTRN/MTRN_1H_20260806_061419.png
 create mode 100644 charts/screenshots_nasdaq/MTRN/MTRN_4H_20260806_061419.png
 create mode 100644 charts/screenshots_nasdaq/MTRN/MTRN_Daily_20260806_061419.png
 create mode 100644 charts/screenshots_nasdaq/MTRN/MTRN_Monthly_20260806_061419.png
 create mode 100644 charts/screenshots_nasdaq/MTRN/MTRN_Weekly_20260806_061419.png
 create mode 100644 charts/screenshots_nasdaq/NEU/NEU_1H_20260806_061658.png
 create mode 100644 charts/screenshots_nasdaq/NEU/NEU_4H_20260806_061658.png
 create mode 100644 charts/screenshots_nasdaq/NEU/NEU_Daily_20260806_061658.png
 create mode 100644 charts/screenshots_nasdaq/NEU/NEU_Monthly_20260806_061658.png
 create mode 100644 charts/screenshots_nasdaq/NEU/NEU_Weekly_20260806_061658.png
 delete mode 100644 charts/screenshots_nasdaq/NSIT/NSIT_1H_20260805_062941.png
 create mode 100644 charts/screenshots_nasdaq/NSIT/NSIT_1H_20260806_063734.png
 delete mode 100644 charts/screenshots_nasdaq/NSIT/NSIT_4H_20260805_062941.png
 create mode 100644 charts/screenshots_nasdaq/NSIT/NSIT_4H_20260806_063734.png
 delete mode 100644 charts/screenshots_nasdaq/NSIT/NSIT_Daily_20260805_062941.png
 create mode 100644 charts/screenshots_nasdaq/NSIT/NSIT_Daily_20260806_063734.png
 delete mode 100644 charts/screenshots_nasdaq/NSIT/NSIT_Monthly_20260805_062941.png
 create mode 100644 charts/screenshots_nasdaq/NSIT/NSIT_Monthly_20260806_063734.png
 delete mode 100644 charts/screenshots_nasdaq/NSIT/NSIT_Weekly_20260805_062941.png
 create mode 100644 charts/screenshots_nasdaq/NSIT/NSIT_Weekly_20260806_063734.png
 delete mode 100644 charts/screenshots_nasdaq/NSP/NSP_1H_20260805_055036.png
 delete mode 100644 charts/screenshots_nasdaq/NSP/NSP_4H_20260805_055036.png
 delete mode 100644 charts/screenshots_nasdaq/NSP/NSP_Daily_20260805_055036.png
 delete mode 100644 charts/screenshots_nasdaq/NSP/NSP_Monthly_20260805_055036.png
 delete mode 100644 charts/screenshots_nasdaq/NSP/NSP_Weekly_20260805_055036.png
 delete mode 100644 charts/screenshots_nasdaq/NTAP/NTAP_1H_20260805_055752.png
 delete mode 100644 charts/screenshots_nasdaq/NTAP/NTAP_4H_20260805_055752.png
 delete mode 100644 charts/screenshots_nasdaq/NTAP/NTAP_Daily_20260805_055752.png
 delete mode 100644 charts/screenshots_nasdaq/NTAP/NTAP_Monthly_20260805_055752.png
 delete mode 100644 charts/screenshots_nasdaq/NTAP/NTAP_Weekly_20260805_055752.png
 delete mode 100644 charts/screenshots_nasdaq/NUE/NUE_1H_20260805_055832.png
 create mode 100644 charts/screenshots_nasdaq/NUE/NUE_1H_20260806_061220.png
 delete mode 100644 charts/screenshots_nasdaq/NUE/NUE_4H_20260805_055832.png
 create mode 100644 charts/screenshots_nasdaq/NUE/NUE_4H_20260806_061220.png
 delete mode 100644 charts/screenshots_nasdaq/NUE/NUE_Daily_20260805_055832.png
 create mode 100644 charts/screenshots_nasdaq/NUE/NUE_Daily_20260806_061220.png
 delete mode 100644 charts/screenshots_nasdaq/NUE/NUE_Monthly_20260805_055832.png
 create mode 100644 charts/screenshots_nasdaq/NUE/NUE_Monthly_20260806_061220.png
 delete mode 100644 charts/screenshots_nasdaq/NUE/NUE_Weekly_20260805_055832.png
 create mode 100644 charts/screenshots_nasdaq/NUE/NUE_Weekly_20260806_061220.png
 delete mode 100644 charts/screenshots_nasdaq/OI/OI_1H_20260805_064213.png
 create mode 100644 charts/screenshots_nasdaq/OI/OI_1H_20260806_065526.png
 delete mode 100644 charts/screenshots_nasdaq/OI/OI_4H_20260805_064213.png
 create mode 100644 charts/screenshots_nasdaq/OI/OI_4H_20260806_065526.png
 delete mode 100644 charts/screenshots_nasdaq/OI/OI_Daily_20260805_064213.png
 create mode 100644 charts/screenshots_nasdaq/OI/OI_Daily_20260806_065526.png
 delete mode 100644 charts/screenshots_nasdaq/OI/OI_Monthly_20260805_064213.png
 create mode 100644 charts/screenshots_nasdaq/OI/OI_Monthly_20260806_065526.png
 delete mode 100644 charts/screenshots_nasdaq/OI/OI_Weekly_20260805_064213.png
 create mode 100644 charts/screenshots_nasdaq/OI/OI_Weekly_20260806_065526.png
 create mode 100644 charts/screenshots_nasdaq/OPEN/OPEN_1H_20260806_070121.png
 create mode 100644 charts/screenshots_nasdaq/OPEN/OPEN_4H_20260806_070121.png
 create mode 100644 charts/screenshots_nasdaq/OPEN/OPEN_Daily_20260806_070121.png
 create mode 100644 charts/screenshots_nasdaq/OPEN/OPEN_Monthly_20260806_070121.png
 create mode 100644 charts/screenshots_nasdaq/OPEN/OPEN_Weekly_20260806_070121.png
 delete mode 100644 charts/screenshots_nasdaq/ORKA/ORKA_1H_20260805_055116.png
 delete mode 100644 charts/screenshots_nasdaq/ORKA/ORKA_4H_20260805_055116.png
 delete mode 100644 charts/screenshots_nasdaq/ORKA/ORKA_Daily_20260805_055116.png
 delete mode 100644 charts/screenshots_nasdaq/ORKA/ORKA_Monthly_20260805_055116.png
 delete mode 100644 charts/screenshots_nasdaq/ORKA/ORKA_Weekly_20260805_055116.png
 delete mode 100644 charts/screenshots_nasdaq/PAY/PAY_1H_20260805_063020.png
 delete mode 100644 charts/screenshots_nasdaq/PAY/PAY_4H_20260805_063020.png
 delete mode 100644 charts/screenshots_nasdaq/PAY/PAY_Daily_20260805_063020.png
 delete mode 100644 charts/screenshots_nasdaq/PAY/PAY_Monthly_20260805_063020.png
 delete mode 100644 charts/screenshots_nasdaq/PAY/PAY_Weekly_20260805_063020.png
 delete mode 100644 charts/screenshots_nasdaq/PFSI/PFSI_1H_20260805_064252.png
 create mode 100644 charts/screenshots_nasdaq/PFSI/PFSI_1H_20260806_065922.png
 delete mode 100644 charts/screenshots_nasdaq/PFSI/PFSI_4H_20260805_064252.png
 create mode 100644 charts/screenshots_nasdaq/PFSI/PFSI_4H_20260806_065922.png
 delete mode 100644 charts/screenshots_nasdaq/PFSI/PFSI_Daily_20260805_064252.png
 create mode 100644 charts/screenshots_nasdaq/PFSI/PFSI_Daily_20260806_065922.png
 delete mode 100644 charts/screenshots_nasdaq/PFSI/PFSI_Monthly_20260805_064252.png
 create mode 100644 charts/screenshots_nasdaq/PFSI/PFSI_Monthly_20260806_065922.png
 delete mode 100644 charts/screenshots_nasdaq/PFSI/PFSI_Weekly_20260805_064252.png
 create mode 100644 charts/screenshots_nasdaq/PFSI/PFSI_Weekly_20260806_065922.png
 create mode 100644 charts/screenshots_nasdaq/PGY/PGY_1H_20260806_062934.png
 create mode 100644 charts/screenshots_nasdaq/PGY/PGY_4H_20260806_062934.png
 create mode 100644 charts/screenshots_nasdaq/PGY/PGY_Daily_20260806_062934.png
 create mode 100644 charts/screenshots_nasdaq/PGY/PGY_Monthly_20260806_062934.png
 create mode 100644 charts/screenshots_nasdaq/PGY/PGY_Weekly_20260806_062934.png
 create mode 100644 charts/screenshots_nasdaq/PL/PL_1H_20260806_065008.png
 create mode 100644 charts/screenshots_nasdaq/PL/PL_4H_20260806_065008.png
 create mode 100644 charts/screenshots_nasdaq/PL/PL_Daily_20260806_065008.png
 create mode 100644 charts/screenshots_nasdaq/PL/PL_Monthly_20260806_065008.png
 create mode 100644 charts/screenshots_nasdaq/PL/PL_Weekly_20260806_065008.png
 create mode 100644 charts/screenshots_nasdaq/RBLX/RBLX_1H_20260806_065842.png
 create mode 100644 charts/screenshots_nasdaq/RBLX/RBLX_4H_20260806_065842.png
 create mode 100644 charts/screenshots_nasdaq/RBLX/RBLX_Daily_20260806_065842.png
 create mode 100644 charts/screenshots_nasdaq/RBLX/RBLX_Monthly_20260806_065842.png
 create mode 100644 charts/screenshots_nasdaq/RBLX/RBLX_Weekly_20260806_065842.png
 delete mode 100644 charts/screenshots_nasdaq/RHI/RHI_1H_20260805_063337.png
 delete mode 100644 charts/screenshots_nasdaq/RHI/RHI_4H_20260805_063337.png
 delete mode 100644 charts/screenshots_nasdaq/RHI/RHI_Daily_20260805_063337.png
 delete mode 100644 charts/screenshots_nasdaq/RHI/RHI_Monthly_20260805_063337.png
 delete mode 100644 charts/screenshots_nasdaq/RHI/RHI_Weekly_20260805_063337.png
 delete mode 100644 charts/screenshots_nasdaq/RNG/RNG_1H_20260805_060748.png
 create mode 100644 charts/screenshots_nasdaq/RNG/RNG_1H_20260806_062217.png
 delete mode 100644 charts/screenshots_nasdaq/RNG/RNG_4H_20260805_060748.png
 create mode 100644 charts/screenshots_nasdaq/RNG/RNG_4H_20260806_062217.png
 delete mode 100644 charts/screenshots_nasdaq/RNG/RNG_Daily_20260805_060748.png
 create mode 100644 charts/screenshots_nasdaq/RNG/RNG_Daily_20260806_062217.png
 delete mode 100644 charts/screenshots_nasdaq/RNG/RNG_Monthly_20260805_060748.png
 create mode 100644 charts/screenshots_nasdaq/RNG/RNG_Monthly_20260806_062217.png
 delete mode 100644 charts/screenshots_nasdaq/RNG/RNG_Weekly_20260805_060748.png
 create mode 100644 charts/screenshots_nasdaq/RNG/RNG_Weekly_20260806_062217.png
 delete mode 100644 charts/screenshots_nasdaq/ROST/ROST_1H_20260805_054756.png
 delete mode 100644 charts/screenshots_nasdaq/ROST/ROST_4H_20260805_054756.png
 delete mode 100644 charts/screenshots_nasdaq/ROST/ROST_Daily_20260805_054756.png
 delete mode 100644 charts/screenshots_nasdaq/ROST/ROST_Monthly_20260805_054756.png
 delete mode 100644 charts/screenshots_nasdaq/ROST/ROST_Weekly_20260805_054756.png
 create mode 100644 charts/screenshots_nasdaq/RUN/RUN_1H_20260806_065048.png
 create mode 100644 charts/screenshots_nasdaq/RUN/RUN_4H_20260806_065048.png
 create mode 100644 charts/screenshots_nasdaq/RUN/RUN_Daily_20260806_065048.png
 create mode 100644 charts/screenshots_nasdaq/RUN/RUN_Monthly_20260806_065048.png
 create mode 100644 charts/screenshots_nasdaq/RUN/RUN_Weekly_20260806_065048.png
 delete mode 100644 charts/screenshots_nasdaq/S/S_1H_20260805_060828.png
 delete mode 100644 charts/screenshots_nasdaq/S/S_4H_20260805_060828.png
 delete mode 100644 charts/screenshots_nasdaq/S/S_Daily_20260805_060828.png
 delete mode 100644 charts/screenshots_nasdaq/S/S_Monthly_20260805_060828.png
 delete mode 100644 charts/screenshots_nasdaq/S/S_Weekly_20260805_060828.png
 delete mode 100644 charts/screenshots_nasdaq/SAFT/SAFT_1H_20260805_061226.png
 create mode 100644 charts/screenshots_nasdaq/SAFT/SAFT_1H_20260806_062257.png
 delete mode 100644 charts/screenshots_nasdaq/SAFT/SAFT_4H_20260805_061226.png
 create mode 100644 charts/screenshots_nasdaq/SAFT/SAFT_4H_20260806_062257.png
 delete mode 100644 charts/screenshots_nasdaq/SAFT/SAFT_Daily_20260805_061226.png
 create mode 100644 charts/screenshots_nasdaq/SAFT/SAFT_Daily_20260806_062257.png
 delete mode 100644 charts/screenshots_nasdaq/SAFT/SAFT_Monthly_20260805_061226.png
 create mode 100644 charts/screenshots_nasdaq/SAFT/SAFT_Monthly_20260806_062257.png
 delete mode 100644 charts/screenshots_nasdaq/SAFT/SAFT_Weekly_20260805_061226.png
 create mode 100644 charts/screenshots_nasdaq/SAFT/SAFT_Weekly_20260806_062257.png
 create mode 100644 charts/screenshots_nasdaq/SEDG/SEDG_1H_20260806_064850.png
 create mode 100644 charts/screenshots_nasdaq/SEDG/SEDG_4H_20260806_064850.png
 create mode 100644 charts/screenshots_nasdaq/SEDG/SEDG_Daily_20260806_064850.png
 create mode 100644 charts/screenshots_nasdaq/SEDG/SEDG_Monthly_20260806_064850.png
 create mode 100644 charts/screenshots_nasdaq/SEDG/SEDG_Weekly_20260806_064850.png
 delete mode 100644 charts/screenshots_nasdaq/SG/SG_1H_20260805_064332.png
 delete mode 100644 charts/screenshots_nasdaq/SG/SG_4H_20260805_064332.png
 delete mode 100644 charts/screenshots_nasdaq/SG/SG_Daily_20260805_064332.png
 delete mode 100644 charts/screenshots_nasdaq/SG/SG_Monthly_20260805_064332.png
 delete mode 100644 charts/screenshots_nasdaq/SG/SG_Weekly_20260805_064332.png
 delete mode 100644 charts/screenshots_nasdaq/SHOO/SHOO_1H_20260805_060908.png
 create mode 100644 charts/screenshots_nasdaq/SHOO/SHOO_1H_20260806_063335.png
 delete mode 100644 charts/screenshots_nasdaq/SHOO/SHOO_4H_20260805_060908.png
 create mode 100644 charts/screenshots_nasdaq/SHOO/SHOO_4H_20260806_063335.png
 delete mode 100644 charts/screenshots_nasdaq/SHOO/SHOO_Daily_20260805_060908.png
 create mode 100644 charts/screenshots_nasdaq/SHOO/SHOO_Daily_20260806_063335.png
 delete mode 100644 charts/screenshots_nasdaq/SHOO/SHOO_Monthly_20260805_060908.png
 create mode 100644 charts/screenshots_nasdaq/SHOO/SHOO_Monthly_20260806_063335.png
 delete mode 100644 charts/screenshots_nasdaq/SHOO/SHOO_Weekly_20260805_060908.png
 create mode 100644 charts/screenshots_nasdaq/SHOO/SHOO_Weekly_20260806_063335.png
 delete mode 100644 charts/screenshots_nasdaq/SKYQ/SKYQ_1H_20260805_062343.png
 create mode 100644 charts/screenshots_nasdaq/SKYQ/SKYQ_1H_20260806_064212.png
 delete mode 100644 charts/screenshots_nasdaq/SKYQ/SKYQ_4H_20260805_062343.png
 create mode 100644 charts/screenshots_nasdaq/SKYQ/SKYQ_4H_20260806_064212.png
 delete mode 100644 charts/screenshots_nasdaq/SKYQ/SKYQ_Daily_20260805_062343.png
 create mode 100644 charts/screenshots_nasdaq/SKYQ/SKYQ_Daily_20260806_064212.png
 delete mode 100644 charts/screenshots_nasdaq/SKYQ/SKYQ_Monthly_20260805_062343.png
 create mode 100644 charts/screenshots_nasdaq/SKYQ/SKYQ_Monthly_20260806_064212.png
 delete mode 100644 charts/screenshots_nasdaq/SKYQ/SKYQ_Weekly_20260805_062343.png
 create mode 100644 charts/screenshots_nasdaq/SKYQ/SKYQ_Weekly_20260806_064212.png
 create mode 100644 charts/screenshots_nasdaq/SN/SN_1H_20260806_062337.png
 create mode 100644 charts/screenshots_nasdaq/SN/SN_4H_20260806_062337.png
 create mode 100644 charts/screenshots_nasdaq/SN/SN_Daily_20260806_062337.png
 create mode 100644 charts/screenshots_nasdaq/SN/SN_Monthly_20260806_062337.png
 create mode 100644 charts/screenshots_nasdaq/SN/SN_Weekly_20260806_062337.png
 delete mode 100644 charts/screenshots_nasdaq/SNOW/SNOW_1H_20260805_062542.png
 create mode 100644 charts/screenshots_nasdaq/SNOW/SNOW_1H_20260806_063535.png
 delete mode 100644 charts/screenshots_nasdaq/SNOW/SNOW_4H_20260805_062542.png
 create mode 100644 charts/screenshots_nasdaq/SNOW/SNOW_4H_20260806_063535.png
 delete mode 100644 charts/screenshots_nasdaq/SNOW/SNOW_Daily_20260805_062542.png
 create mode 100644 charts/screenshots_nasdaq/SNOW/SNOW_Daily_20260806_063535.png
 delete mode 100644 charts/screenshots_nasdaq/SNOW/SNOW_Monthly_20260805_062542.png
 create mode 100644 charts/screenshots_nasdaq/SNOW/SNOW_Monthly_20260806_063535.png
 delete mode 100644 charts/screenshots_nasdaq/SNOW/SNOW_Weekly_20260805_062542.png
 create mode 100644 charts/screenshots_nasdaq/SNOW/SNOW_Weekly_20260806_063535.png
 delete mode 100644 charts/screenshots_nasdaq/SOLV/SOLV_1H_20260805_055435.png
 create mode 100644 charts/screenshots_nasdaq/SOLV/SOLV_1H_20260806_060345.png
 delete mode 100644 charts/screenshots_nasdaq/SOLV/SOLV_4H_20260805_055435.png
 create mode 100644 charts/screenshots_nasdaq/SOLV/SOLV_4H_20260806_060345.png
 delete mode 100644 charts/screenshots_nasdaq/SOLV/SOLV_Daily_20260805_055435.png
 create mode 100644 charts/screenshots_nasdaq/SOLV/SOLV_Daily_20260806_060345.png
 delete mode 100644 charts/screenshots_nasdaq/SOLV/SOLV_Monthly_20260805_055435.png
 create mode 100644 charts/screenshots_nasdaq/SOLV/SOLV_Monthly_20260806_060345.png
 delete mode 100644 charts/screenshots_nasdaq/SOLV/SOLV_Weekly_20260805_055435.png
 create mode 100644 charts/screenshots_nasdaq/SOLV/SOLV_Weekly_20260806_060345.png
 delete mode 100644 charts/screenshots_nasdaq/SRAD/SRAD_1H_20260805_064412.png
 delete mode 100644 charts/screenshots_nasdaq/SRAD/SRAD_4H_20260805_064412.png
 delete mode 100644 charts/screenshots_nasdaq/SRAD/SRAD_Daily_20260805_064412.png
 delete mode 100644 charts/screenshots_nasdaq/SRAD/SRAD_Monthly_20260805_064412.png
 delete mode 100644 charts/screenshots_nasdaq/SRAD/SRAD_Weekly_20260805_064412.png
 delete mode 100644 charts/screenshots_nasdaq/STAK/STAK_1H_20260805_063617.png
 create mode 100644 charts/screenshots_nasdaq/STAK/STAK_1H_20260806_064132.png
 delete mode 100644 charts/screenshots_nasdaq/STAK/STAK_4H_20260805_063617.png
 create mode 100644 charts/screenshots_nasdaq/STAK/STAK_4H_20260806_064132.png
 delete mode 100644 charts/screenshots_nasdaq/STAK/STAK_Daily_20260805_063617.png
 create mode 100644 charts/screenshots_nasdaq/STAK/STAK_Daily_20260806_064132.png
 delete mode 100644 charts/screenshots_nasdaq/STAK/STAK_Monthly_20260805_063617.png
 create mode 100644 charts/screenshots_nasdaq/STAK/STAK_Monthly_20260806_064132.png
 delete mode 100644 charts/screenshots_nasdaq/STAK/STAK_Weekly_20260805_063617.png
 create mode 100644 charts/screenshots_nasdaq/STAK/STAK_Weekly_20260806_064132.png
 delete mode 100644 charts/screenshots_nasdaq/SWK/SWK_1H_20260805_060948.png
 create mode 100644 charts/screenshots_nasdaq/SWK/SWK_1H_20260806_060027.png
 delete mode 100644 charts/screenshots_nasdaq/SWK/SWK_4H_20260805_060948.png
 create mode 100644 charts/screenshots_nasdaq/SWK/SWK_4H_20260806_060027.png
 delete mode 100644 charts/screenshots_nasdaq/SWK/SWK_Daily_20260805_060948.png
 create mode 100644 charts/screenshots_nasdaq/SWK/SWK_Daily_20260806_060027.png
 delete mode 100644 charts/screenshots_nasdaq/SWK/SWK_Monthly_20260805_060948.png
 create mode 100644 charts/screenshots_nasdaq/SWK/SWK_Monthly_20260806_060027.png
 delete mode 100644 charts/screenshots_nasdaq/SWK/SWK_Weekly_20260805_060948.png
 create mode 100644 charts/screenshots_nasdaq/SWK/SWK_Weekly_20260806_060027.png
 delete mode 100644 charts/screenshots_nasdaq/TEM/TEM_1H_20260805_064054.png
 create mode 100644 charts/screenshots_nasdaq/TEM/TEM_1H_20260806_065644.png
 delete mode 100644 charts/screenshots_nasdaq/TEM/TEM_4H_20260805_064054.png
 create mode 100644 charts/screenshots_nasdaq/TEM/TEM_4H_20260806_065644.png
 delete mode 100644 charts/screenshots_nasdaq/TEM/TEM_Daily_20260805_064054.png
 create mode 100644 charts/screenshots_nasdaq/TEM/TEM_Daily_20260806_065644.png
 delete mode 100644 charts/screenshots_nasdaq/TEM/TEM_Monthly_20260805_064054.png
 create mode 100644 charts/screenshots_nasdaq/TEM/TEM_Monthly_20260806_065644.png
 delete mode 100644 charts/screenshots_nasdaq/TEM/TEM_Weekly_20260805_064054.png
 create mode 100644 charts/screenshots_nasdaq/TEM/TEM_Weekly_20260806_065644.png
 create mode 100644 charts/screenshots_nasdaq/THC/THC_1H_20260806_061259.png
 create mode 100644 charts/screenshots_nasdaq/THC/THC_4H_20260806_061259.png
 create mode 100644 charts/screenshots_nasdaq/THC/THC_Daily_20260806_061259.png
 create mode 100644 charts/screenshots_nasdaq/THC/THC_Monthly_20260806_061259.png
 create mode 100644 charts/screenshots_nasdaq/THC/THC_Weekly_20260806_061259.png
 create mode 100644 charts/screenshots_nasdaq/TWST/TWST_1H_20260806_063055.png
 create mode 100644 charts/screenshots_nasdaq/TWST/TWST_4H_20260806_063055.png
 create mode 100644 charts/screenshots_nasdaq/TWST/TWST_Daily_20260806_063055.png
 create mode 100644 charts/screenshots_nasdaq/TWST/TWST_Monthly_20260806_063055.png
 create mode 100644 charts/screenshots_nasdaq/TWST/TWST_Weekly_20260806_063055.png
 create mode 100644 charts/screenshots_nasdaq/TX/TX_1H_20260806_062736.png
 create mode 100644 charts/screenshots_nasdaq/TX/TX_4H_20260806_062736.png
 create mode 100644 charts/screenshots_nasdaq/TX/TX_Daily_20260806_062736.png
 create mode 100644 charts/screenshots_nasdaq/TX/TX_Monthly_20260806_062736.png
 create mode 100644 charts/screenshots_nasdaq/TX/TX_Weekly_20260806_062736.png
 delete mode 100644 charts/screenshots_nasdaq/TXG/TXG_1H_20260805_055514.png
 delete mode 100644 charts/screenshots_nasdaq/TXG/TXG_4H_20260805_055514.png
 delete mode 100644 charts/screenshots_nasdaq/TXG/TXG_Daily_20260805_055514.png
 delete mode 100644 charts/screenshots_nasdaq/TXG/TXG_Monthly_20260805_055514.png
 delete mode 100644 charts/screenshots_nasdaq/TXG/TXG_Weekly_20260805_055514.png
 delete mode 100644 charts/screenshots_nasdaq/UFPT/UFPT_1H_20260805_063218.png
 delete mode 100644 charts/screenshots_nasdaq/UFPT/UFPT_4H_20260805_063218.png
 delete mode 100644 charts/screenshots_nasdaq/UFPT/UFPT_Daily_20260805_063218.png
 delete mode 100644 charts/screenshots_nasdaq/UFPT/UFPT_Monthly_20260805_063218.png
 delete mode 100644 charts/screenshots_nasdaq/UFPT/UFPT_Weekly_20260805_063218.png
 create mode 100644 charts/screenshots_nasdaq/URGN/URGN_1H_20260806_060704.png
 create mode 100644 charts/screenshots_nasdaq/URGN/URGN_4H_20260806_060704.png
 create mode 100644 charts/screenshots_nasdaq/URGN/URGN_Daily_20260806_060704.png
 create mode 100644 charts/screenshots_nasdaq/URGN/URGN_Monthly_20260806_060704.png
 create mode 100644 charts/screenshots_nasdaq/URGN/URGN_Weekly_20260806_060704.png
 delete mode 100644 charts/screenshots_nasdaq/UTZ/UTZ_1H_20260805_061108.png
 create mode 100644 charts/screenshots_nasdaq/UTZ/UTZ_1H_20260806_062416.png
 delete mode 100644 charts/screenshots_nasdaq/UTZ/UTZ_4H_20260805_061108.png
 create mode 100644 charts/screenshots_nasdaq/UTZ/UTZ_4H_20260806_062416.png
 delete mode 100644 charts/screenshots_nasdaq/UTZ/UTZ_Daily_20260805_061108.png
 create mode 100644 charts/screenshots_nasdaq/UTZ/UTZ_Daily_20260806_062416.png
 delete mode 100644 charts/screenshots_nasdaq/UTZ/UTZ_Monthly_20260805_061108.png
 create mode 100644 charts/screenshots_nasdaq/UTZ/UTZ_Monthly_20260806_062416.png
 delete mode 100644 charts/screenshots_nasdaq/UTZ/UTZ_Weekly_20260805_061108.png
 create mode 100644 charts/screenshots_nasdaq/UTZ/UTZ_Weekly_20260806_062416.png
 delete mode 100644 charts/screenshots_nasdaq/VCTR/VCTR_1H_20260805_054836.png
 delete mode 100644 charts/screenshots_nasdaq/VCTR/VCTR_4H_20260805_054836.png
 delete mode 100644 charts/screenshots_nasdaq/VCTR/VCTR_Daily_20260805_054836.png
 delete mode 100644 charts/screenshots_nasdaq/VCTR/VCTR_Monthly_20260805_054836.png
 delete mode 100644 charts/screenshots_nasdaq/VCTR/VCTR_Weekly_20260805_054836.png
 create mode 100644 charts/screenshots_nasdaq/VPG/VPG_1H_20260806_064411.png
 create mode 100644 charts/screenshots_nasdaq/VPG/VPG_4H_20260806_064411.png
 create mode 100644 charts/screenshots_nasdaq/VPG/VPG_Daily_20260806_064411.png
 create mode 100644 charts/screenshots_nasdaq/VPG/VPG_Monthly_20260806_064411.png
 create mode 100644 charts/screenshots_nasdaq/VPG/VPG_Weekly_20260806_064411.png
 delete mode 100644 charts/screenshots_nasdaq/VSXY/VSXY_1H_20260805_055156.png
 create mode 100644 charts/screenshots_nasdaq/VSXY/VSXY_1H_20260806_060942.png
 delete mode 100644 charts/screenshots_nasdaq/VSXY/VSXY_4H_20260805_055156.png
 create mode 100644 charts/screenshots_nasdaq/VSXY/VSXY_4H_20260806_060942.png
 delete mode 100644 charts/screenshots_nasdaq/VSXY/VSXY_Daily_20260805_055156.png
 create mode 100644 charts/screenshots_nasdaq/VSXY/VSXY_Daily_20260806_060942.png
 delete mode 100644 charts/screenshots_nasdaq/VSXY/VSXY_Monthly_20260805_055156.png
 create mode 100644 charts/screenshots_nasdaq/VSXY/VSXY_Monthly_20260806_060942.png
 delete mode 100644 charts/screenshots_nasdaq/VSXY/VSXY_Weekly_20260805_055156.png
 create mode 100644 charts/screenshots_nasdaq/VSXY/VSXY_Weekly_20260806_060942.png
 delete mode 100644 charts/screenshots_nasdaq/VXX/VXX_1H_20260805_064612.png
 delete mode 100644 charts/screenshots_nasdaq/VXX/VXX_4H_20260805_064612.png
 delete mode 100644 charts/screenshots_nasdaq/VXX/VXX_Daily_20260805_064612.png
 delete mode 100644 charts/screenshots_nasdaq/VXX/VXX_Monthly_20260805_064612.png
 delete mode 100644 charts/screenshots_nasdaq/VXX/VXX_Weekly_20260805_064612.png
 delete mode 100644 charts/screenshots_nasdaq/W/W_1H_20260805_062304.png
 delete mode 100644 charts/screenshots_nasdaq/W/W_4H_20260805_062304.png
 delete mode 100644 charts/screenshots_nasdaq/W/W_Daily_20260805_062304.png
 delete mode 100644 charts/screenshots_nasdaq/W/W_Monthly_20260805_062304.png
 delete mode 100644 charts/screenshots_nasdaq/W/W_Weekly_20260805_062304.png
 delete mode 100644 charts/screenshots_nasdaq/WCC/WCC_1H_20260805_061147.png
 delete mode 100644 charts/screenshots_nasdaq/WCC/WCC_4H_20260805_061147.png
 delete mode 100644 charts/screenshots_nasdaq/WCC/WCC_Daily_20260805_061147.png
 delete mode 100644 charts/screenshots_nasdaq/WCC/WCC_Monthly_20260805_061147.png
 delete mode 100644 charts/screenshots_nasdaq/WCC/WCC_Weekly_20260805_061147.png
 delete mode 100644 charts/screenshots_nasdaq/WEX/WEX_1H_20260805_055912.png
 create mode 100644 charts/screenshots_nasdaq/WEX/WEX_1H_20260806_060624.png
 delete mode 100644 charts/screenshots_nasdaq/WEX/WEX_4H_20260805_055912.png
 create mode 100644 charts/screenshots_nasdaq/WEX/WEX_4H_20260806_060624.png
 delete mode 100644 charts/screenshots_nasdaq/WEX/WEX_Daily_20260805_055912.png
 create mode 100644 charts/screenshots_nasdaq/WEX/WEX_Daily_20260806_060624.png
 delete mode 100644 charts/screenshots_nasdaq/WEX/WEX_Monthly_20260805_055912.png
 create mode 100644 charts/screenshots_nasdaq/WEX/WEX_Monthly_20260806_060624.png
 delete mode 100644 charts/screenshots_nasdaq/WEX/WEX_Weekly_20260805_055912.png
 create mode 100644 charts/screenshots_nasdaq/WEX/WEX_Weekly_20260806_060624.png
 delete mode 100644 charts/screenshots_nasdaq/WHD/WHD_1H_20260805_054320.png
 create mode 100644 charts/screenshots_nasdaq/WHD/WHD_1H_20260806_062815.png
 delete mode 100644 charts/screenshots_nasdaq/WHD/WHD_4H_20260805_054320.png
 create mode 100644 charts/screenshots_nasdaq/WHD/WHD_4H_20260806_062815.png
 delete mode 100644 charts/screenshots_nasdaq/WHD/WHD_Daily_20260805_054320.png
 create mode 100644 charts/screenshots_nasdaq/WHD/WHD_Daily_20260806_062815.png
 delete mode 100644 charts/screenshots_nasdaq/WHD/WHD_Monthly_20260805_054320.png
 create mode 100644 charts/screenshots_nasdaq/WHD/WHD_Monthly_20260806_062815.png
 delete mode 100644 charts/screenshots_nasdaq/WHD/WHD_Weekly_20260805_054320.png
 create mode 100644 charts/screenshots_nasdaq/WHD/WHD_Weekly_20260806_062815.png
 create mode 100644 charts/screenshots_nasdaq/WING/WING_1H_20260806_070002.png
 create mode 100644 charts/screenshots_nasdaq/WING/WING_4H_20260806_070002.png
 create mode 100644 charts/screenshots_nasdaq/WING/WING_Daily_20260806_070002.png
 create mode 100644 charts/screenshots_nasdaq/WING/WING_Monthly_20260806_070002.png
 create mode 100644 charts/screenshots_nasdaq/WING/WING_Weekly_20260806_070002.png
 delete mode 100644 charts/screenshots_nasdaq/WT/WT_1H_20260805_060150.png
 delete mode 100644 charts/screenshots_nasdaq/WT/WT_4H_20260805_060150.png
 delete mode 100644 charts/screenshots_nasdaq/WT/WT_Daily_20260805_060150.png
 delete mode 100644 charts/screenshots_nasdaq/WT/WT_Monthly_20260805_060150.png
 delete mode 100644 charts/screenshots_nasdaq/WT/WT_Weekly_20260805_060150.png
 create mode 100644 charts/screenshots_nasdaq/WTTR/WTTR_1H_20260806_063814.png
 create mode 100644 charts/screenshots_nasdaq/WTTR/WTTR_4H_20260806_063814.png
 create mode 100644 charts/screenshots_nasdaq/WTTR/WTTR_Daily_20260806_063814.png
 create mode 100644 charts/screenshots_nasdaq/WTTR/WTTR_Monthly_20260806_063814.png
 create mode 100644 charts/screenshots_nasdaq/WTTR/WTTR_Weekly_20260806_063814.png
 create mode 100644 charts/screenshots_nasdaq/YXT/YXT_1H_20260806_064052.png
 create mode 100644 charts/screenshots_nasdaq/YXT/YXT_4H_20260806_064052.png
 create mode 100644 charts/screenshots_nasdaq/YXT/YXT_Daily_20260806_064052.png
 create mode 100644 charts/screenshots_nasdaq/YXT/YXT_Monthly_20260806_064052.png
 create mode 100644 charts/screenshots_nasdaq/YXT/YXT_Weekly_20260806_064052.png
 delete mode 100644 charts/screenshots_nasdaq/ZBRA/ZBRA_1H_20260805_063258.png
 create mode 100644 charts/screenshots_nasdaq/ZBRA/ZBRA_1H_20260806_063933.png
 delete mode 100644 charts/screenshots_nasdaq/ZBRA/ZBRA_4H_20260805_063258.png
 create mode 100644 charts/screenshots_nasdaq/ZBRA/ZBRA_4H_20260806_063933.png
 delete mode 100644 charts/screenshots_nasdaq/ZBRA/ZBRA_Daily_20260805_063258.png
 create mode 100644 charts/screenshots_nasdaq/ZBRA/ZBRA_Daily_20260806_063933.png
 delete mode 100644 charts/screenshots_nasdaq/ZBRA/ZBRA_Monthly_20260805_063258.png
 create mode 100644 charts/screenshots_nasdaq/ZBRA/ZBRA_Monthly_20260806_063933.png
 delete mode 100644 charts/screenshots_nasdaq/ZBRA/ZBRA_Weekly_20260805_063258.png
 create mode 100644 charts/screenshots_nasdaq/ZBRA/ZBRA_Weekly_20260806_063933.png
 create mode 100644 charts/screenshots_nasdaq/ZETA/ZETA_1H_20260806_063455.png
 create mode 100644 charts/screenshots_nasdaq/ZETA/ZETA_4H_20260806_063455.png
 create mode 100644 charts/screenshots_nasdaq/ZETA/ZETA_Daily_20260806_063455.png
 create mode 100644 charts/screenshots_nasdaq/ZETA/ZETA_Monthly_20260806_063455.png
 create mode 100644 charts/screenshots_nasdaq/ZETA/ZETA_Weekly_20260806_063455.png
 delete mode 100644 charts/screenshots_nasdaq/ZYBT/ZYBT_1H_20260805_061905.png
 create mode 100644 charts/screenshots_nasdaq/ZYBT/ZYBT_1H_20260806_061937.png
 delete mode 100644 charts/screenshots_nasdaq/ZYBT/ZYBT_4H_20260805_061905.png
 create mode 100644 charts/screenshots_nasdaq/ZYBT/ZYBT_4H_20260806_061937.png
 delete mode 100644 charts/screenshots_nasdaq/ZYBT/ZYBT_Daily_20260805_061905.png
 create mode 100644 charts/screenshots_nasdaq/ZYBT/ZYBT_Daily_20260806_061937.png
 delete mode 100644 charts/screenshots_nasdaq/ZYBT/ZYBT_Monthly_20260805_061905.png
 create mode 100644 charts/screenshots_nasdaq/ZYBT/ZYBT_Monthly_20260806_061937.png
 delete mode 100644 charts/screenshots_nasdaq/ZYBT/ZYBT_Weekly_20260805_061905.png
 create mode 100644 charts/screenshots_nasdaq/ZYBT/ZYBT_Weekly_20260806_061937.png
[[NASDAQ/NYSE 차트분석]] GitHub 푸시 완료
[[NASDAQ/NYSE 차트분석]] Google Sheets 업데이트 완료 (94개 종목)
[Paper Trading] NASDAQ ranked_df 스냅샷 저장 완료 (202개 종목)

[요약] 전 종목 스캔 완료 – 총 6638.6초 (110.64분) 소요
